DEPT,GR
95.0976,8.26252
95.25,8.967888
95.4024,9.238873
95.5548,9.307211
95.7072,9.940517
95.8596,10.58232
96.012,10.66582
96.1644,10.66117
96.3168,10.29196
96.4692,9.497677
96.6216,9.000467
96.774,8.855213
96.9264,9.136992
97.0788,9.211529
97.2312,9.204453
97.3836,9.193598
97.536,9.468437
97.6884,9.949551
97.8408,9.767252
97.9932,9.663176
98.1456,10.11962
98.298,10.06641
98.4504,9.642525
98.6028,9.413013
98.7552,9.677719
98.9076,10.00364
99.06,10.01678
99.2124,10.75362
99.3648,11.22675
99.5172,11.02349
99.6696,10.87698
99.822,10.51325
99.9744,9.973602
100.1268,9.331366
100.2792,9.076231
100.4316,9.534407
100.584,8.709772
100.7364,8.088192
100.8888,7.926742
101.0412,8.980707
101.1936,9.991505
101.346,10.55472
101.4984,10.35221
101.6508,9.693811
101.8032,9.243622
101.9556,9.558067
102.108,10.07533
102.2604,9.652882
102.4128,9.303455
102.5652,9.477791
102.7176,10.24998
102.87,10.09348
103.0224,9.329773
103.1748,8.797558
103.3272,8.901539
103.4796,9.617308
103.632,9.692282
103.7844,9.213028
103.9368,9.328423
104.0892,10.05712
104.2416,10.2242
104.394,9.879095
104.5464,9.241001
104.6988,8.698971
104.8512,8.590872
105.0036,9.544334
105.156,9.990425
105.3084,9.841578
105.4608,10.2355
105.6132,10.99687
105.7656,11.08961
105.918,10.77232
106.0704,10.29413
106.2228,9.280529
106.3752,8.788073
106.5276,8.793856
106.68,8.527563
106.8324,9.258911
106.9848,9.821165
107.1372,10.02213
107.2896,10.91185
107.442,12.07699
107.5944,11.98144
107.7468,11.05334
107.8992,10.11427
108.0516,9.58672
108.204,8.919458
108.3564,8.424065
108.5088,8.535959
108.6612,9.11709
108.8136,9.282169
108.966,9.462723
109.1184,10.03364
109.2708,9.617432
109.4232,9.026049
109.5756,9.14992
109.728,8.999231
109.8804,8.686493
110.0328,8.564545
110.1852,9.039867
110.3376,8.947906
110.49,8.62294
110.6424,8.868343
110.7948,10.26565
110.9472,11.90895
111.0996,12.33554
111.252,11.46009
111.4044,10.5887
111.5568,10.77859
111.7092,10.96957
111.8616,10.88905
112.014,10.81456
112.1664,10.98638
112.3188,10.87353
112.4712,10.40495
112.6236,8.666424
112.776,8.675705
112.9284,9.400621
113.0808,9.433882
113.2332,8.809738
113.3856,8.624746
113.538,8.897221
113.6904,9.536694
113.8428,10.34879
113.9952,11.0503
114.1476,11.21522
114.3,11.16038
114.4524,10.47159
114.6048,10.35287
114.7572,10.33452
114.9096,10.19438
115.062,10.89116
115.2144,11.55408
115.3668,11.10475
115.5192,9.988125
115.6716,9.422581
115.824,9.407484
115.9764,9.739792
116.1288,9.553272
116.2812,9.229612
116.4336,9.324825
116.586,10.11167
116.7384,10.53663
116.8908,10.64122
117.0432,9.94961
117.1956,10.23551
117.348,10.10446
117.5004,9.35885
117.6528,9.121323
117.8052,9.295813
117.9576,9.866875
118.11,10.18987
118.2624,10.7423
118.4148,10.63848
118.5672,10.12758
118.7196,9.149231
118.872,9.596142
119.0244,9.256878
119.1768,8.96133
119.3292,8.729851
119.4816,9.005867
119.634,8.803457
119.7864,9.052122
119.9388,10.3124
120.0912,10.30885
120.2436,9.494385
120.396,8.672264
120.5484,8.262299
120.7008,8.050425
120.8532,8.622211
121.0056,9.665432
121.158,9.815538
121.3104,9.723709
121.4628,9.202394
121.6152,8.580002
121.7676,8.688646
121.92,9.136591
122.0724,9.539383
122.2248,10.57038
122.3772,11.07797
122.5296,11.25318
122.682,11.24148
122.8344,10.66163
122.9868,10.01476
123.1392,9.513863
123.2916,8.793615
123.444,8.065134
123.5964,8.182692
123.7488,8.780449
123.9012,10.29783
124.0536,10.98851
124.206,11.02666
124.3584,10.7425
124.5108,10.33653
124.6632,9.344423
124.8156,9.295931
124.968,9.443806
125.1204,9.300716
125.2728,9.629185
125.4252,9.981125
125.5776,9.76827
125.73,9.83773
125.8824,10.69492
126.0348,10.89026
126.1872,10.52627
126.3396,10.03641
126.492,9.724054
126.6444,10.37691
126.7968,10.361
126.9492,9.91383
127.1016,10.33499
127.254,10.81173
127.4064,10.22388
127.5588,9.802681
127.7112,9.686157
127.8636,9.641226
128.016,9.405348
128.1684,10.3467
128.3208,11.52364
128.4732,11.44349
128.6256,10.83048
128.778,9.963512
128.9304,9.461613
129.0828,9.562841
129.2352,8.816406
129.3876,8.056757
129.54,8.489555
129.6924,9.295902
129.8448,9.97547
129.9972,10.4077
130.1496,10.296
130.302,9.954952
130.4544,10.49054
130.6068,11.27354
130.7592,10.57391
130.9116,10.0388
131.064,9.576859
131.2164,9.703369
131.3688,11.00851
131.5212,11.42747
131.6736,11.21959
131.826,11.34088
131.9784,11.74945
132.1308,12.24984
132.2832,12.36422
132.4356,12.65569
132.588,12.92641
132.7404,12.79089
132.8928,13.60749
133.0452,13.90915
133.1976,14.49285
133.35,13.95672
133.5024,12.66471
133.6548,11.12693
133.8072,10.51975
133.9596,10.93733
134.112,10.87982
134.2644,10.49794
134.4168,10.52124
134.5692,9.578363
134.7216,8.961969
134.874,9.393738
135.0264,10.52432
135.1788,11.36843
135.3312,11.50384
135.4836,12.15467
135.636,12.24482
135.7884,11.57761
135.9408,10.818
136.0932,10.83908
136.2456,10.68501
136.398,10.04463
136.5504,9.805248
136.7028,10.10114
136.8552,11.80387
137.0076,11.52843
137.16,11.1788
137.3124,10.47152
137.4648,9.917816
137.6172,9.627457
137.7696,9.52445
137.922,9.841537
138.0744,10.52382
138.2268,11.39501
138.3792,12.24113
138.5316,12.92216
138.684,13.44258
138.8364,12.8659
138.9888,12.10075
139.1412,11.42441
139.2936,10.73975
139.446,10.02678
139.5984,9.519753
139.7508,9.750374
139.9032,9.999413
140.0556,10.75341
140.208,10.42505
140.3604,10.62691
140.5128,11.17989
140.6652,12.24023
140.8176,13.42565
140.97,13.44808
141.1224,13.37428
141.2748,13.49169
141.4272,12.72405
141.5796,12.51651
141.732,13.28692
141.8844,13.3198
142.0368,12.43971
142.1892,11.53275
142.3416,11.68886
142.494,11.30867
142.6464,10.80156
142.7988,11.22988
142.9512,11.28469
143.1036,11.09728
143.256,10.9121
143.4084,10.91067
143.5608,11.05624
143.7132,11.23526
143.8656,11.62043
144.018,12.46645
144.1704,13.1972
144.3228,12.79649
144.4752,12.06911
144.6276,11.28707
144.78,10.97067
144.9324,11.3077
145.0848,11.80811
145.2372,11.18751
145.3896,10.43058
145.542,10.3726
145.6944,10.9382
145.8468,11.29601
145.9992,11.26606
146.1516,10.67043
146.304,10.07611
146.4564,10.30325
146.6088,12.34528
146.7612,13.52722
146.9136,13.64327
147.066,12.79442
147.2184,12.3448
147.3708,12.42168
147.5232,12.02996
147.6756,12.16727
147.828,11.87318
147.9804,11.18869
148.1328,10.31233
148.2852,9.602726
148.4376,9.184452
148.59,9.538157
148.7424,10.86412
148.8948,11.47064
149.0472,10.78485
149.1996,10.10587
149.352,9.697615
149.5044,10.28654
149.6568,11.27361
149.8092,12.50346
149.9616,12.86511
150.114,12.36095
150.2664,11.94711
150.4188,11.63925
150.5712,12.11487
150.7236,12.80145
150.876,13.06988
151.0284,12.81806
151.1808,12.03727
151.3332,11.02368
151.4856,10.48965
151.638,10.67225
151.7904,11.50203
151.9428,11.8721
152.0952,12.09179
152.2476,12.38041
152.4,12.1614
152.5524,11.75163
152.7048,11.8933
152.8572,12.09364
153.0096,11.43043
153.162,10.85484
153.3144,11.02579
153.4668,11.69943
153.6192,11.32417
153.7716,10.90446
153.924,11.58272
154.0764,11.36896
154.2288,11.92487
154.3812,12.98719
154.5336,12.61443
154.686,12.60521
154.8384,13.36895
154.9908,15.03342
155.1432,14.19526
155.2956,13.56487
155.448,12.93079
155.6004,12.19545
155.7528,11.70415
155.9052,11.81564
156.0576,12.4933
156.21,13.33794
156.3624,14.99512
156.5148,15.68291
156.6672,15.99036
156.8196,16.29547
156.972,17.1006
157.1244,17.59853
157.2768,18.18849
157.4292,17.59497
157.5816,17.21017
157.734,16.82353
157.8864,17.18829
158.0388,16.53239
158.1912,15.49574
158.3436,14.40803
158.496,13.36614
158.6484,12.44462
158.8008,12.11826
158.9532,13.33768
159.1056,13.49532
159.258,13.30302
159.4104,13.78487
159.5628,14.57643
159.7152,14.73462
159.8676,14.47997
160.02,14.0808
160.1724,13.68513
160.3248,12.67332
160.4772,12.19529
160.6296,11.66065
160.782,11.09528
160.9344,11.73261
161.0868,12.91934
161.2392,12.37697
161.3916,11.97968
161.544,11.79715
161.6964,12.37443
161.8488,11.63909
162.0012,11.96358
162.1536,12.43713
162.306,11.89827
162.4584,11.49454
162.6108,12.6367
162.7632,12.57536
162.9156,12.6394
163.068,12.82994
163.2204,12.70586
163.3728,12.52734
163.5252,12.87643
163.6776,13.90851
163.83,14.35822
163.9824,13.55299
164.1348,12.7523
164.2872,13.23669
164.4396,13.05873
164.592,13.17975
164.7444,14.31455
164.8968,14.9144
165.0492,14.82597
165.2016,14.92934
165.354,14.65142
165.5064,13.62009
165.6588,12.63179
165.8112,12.85024
165.9636,13.48917
166.116,13.08926
166.2684,12.63153
166.4208,12.40248
166.5732,12.43542
166.7256,13.03622
166.878,13.9593
167.0304,13.98372
167.1828,12.31616
167.3352,11.65511
167.4876,12.54622
167.64,13.4135
167.7924,14.26281
167.9448,14.07423
168.0972,13.54389
168.2496,12.77988
168.402,11.94537
168.5544,11.45799
168.7068,11.9664
168.8592,11.86766
169.0116,11.53205
169.164,11.98244
169.3164,12.69849
169.4688,12.88235
169.6212,14.44922
169.7736,14.92062
169.926,14.32154
170.0784,13.80083
170.2308,13.40251
170.3832,13.94595
170.5356,14.81493
170.688,14.10609
170.8404,13.04562
170.9928,12.07542
171.1452,11.72374
171.2976,11.27806
171.45,11.19453
171.6024,12.75457
171.7548,14.53773
171.9072,15.17796
172.0596,16.54004
172.212,16.02988
172.3644,15.28
172.5168,14.05203
172.6692,13.08747
172.8216,12.59538
172.974,12.4296
173.1264,13.21281
173.2788,15.11904
173.4312,15.26347
173.5836,14.90061
173.736,14.30679
173.8884,14.34691
174.0408,14.72866
174.1932,14.50381
174.3456,13.99335
174.498,13.70261
174.6504,13.7424
174.8028,14.35414
174.9552,15.77245
175.1076,15.90374
175.26,15.12586
175.4124,14.41442
175.5648,14.85241
175.7172,16.16525
175.8696,16.4449
176.022,16.61092
176.1744,17.16061
176.3268,16.8475
176.4792,16.01659
176.6316,15.33169
176.784,16.51352
176.9364,16.15567
177.0888,15.52846
177.2412,15.3531
177.3936,14.83202
177.546,14.9807
177.6984,16.55621
177.8508,17.97725
178.0032,19.39828
178.1556,20.77733
178.308,19.73405
178.4604,18.53732
178.6128,17.52867
178.7652,16.58173
178.9176,15.94859
179.07,15.50274
179.2224,15.84496
179.3748,14.74928
179.5272,15.54427
179.6796,16.40733
179.832,17.22342
179.9844,17.85283
180.1368,17.05881
180.2892,16.22865
180.4416,15.88787
180.594,16.24042
180.7464,17.46558
180.8988,17.71725
181.0512,16.80658
181.2036,16.46571
181.356,16.6757
181.5084,18.05307
181.6608,18.35095
181.8132,18.3439
181.9656,19.58627
182.118,20.39935
182.2704,19.94412
182.4228,19.82962
182.5752,18.47849
182.7276,16.53232
182.88,15.55933
183.0324,15.63005
183.1848,16.67769
183.3372,16.65431
183.4896,16.09308
183.642,15.74635
183.7944,15.58219
183.9468,15.37535
184.0992,14.86971
184.2516,14.51285
184.404,15.41856
184.5564,16.3683
184.7088,16.43561
184.8612,16.2168
185.0136,16.26367
185.166,16.44211
185.3184,17.77339
185.4708,18.89531
185.6232,19.19624
185.7756,18.17117
185.928,17.07133
186.0804,16.88022
186.2328,17.72414
186.3852,18.20338
186.5376,17.92278
186.69,17.09554
186.8424,16.7648
186.9948,18.01315
187.1472,18.18419
187.2996,17.25404
187.452,16.84959
187.6044,16.03413
187.7568,15.95185
187.9092,16.11023
188.0616,17.06651
188.214,16.85284
188.3664,17.08144
188.5188,16.16516
188.6712,16.45808
188.8236,18.47211
188.976,18.03096
189.1284,18.96866
189.2808,19.25766
189.4332,18.64774
189.5856,18.03937
189.738,17.75645
189.8904,18.36078
190.0428,18.46237
190.1952,17.13272
190.3476,16.29044
190.5,16.26881
190.6524,16.00482
190.8048,15.69785
190.9572,15.95638
191.1096,17.34555
191.262,18.77617
191.4144,19.59497
191.5668,18.26352
191.7192,17.66255
191.8716,17.52946
192.024,17.26898
192.1764,16.90146
192.3288,17.8353
192.4812,18.4516
192.6336,18.2383
192.786,17.53162
192.9384,17.86366
193.0908,18.02573
193.2432,17.2285
193.3956,16.73056
193.548,17.01431
193.7004,16.99118
193.8528,16.6032
194.0052,15.88522
194.1576,15.72469
194.31,16.09406
194.4624,15.97934
194.6148,15.69427
194.7672,17.11197
194.9196,17.86859
195.072,18.05759
195.2244,17.32748
195.3768,16.42795
195.5292,15.96526
195.6816,16.95197
195.834,17.63528
195.9864,17.92107
196.1388,17.31987
196.2912,17.01282
196.4436,17.32124
196.596,17.981
196.7484,18.20561
196.9008,18.76677
197.0532,20.26047
197.2056,20.41429
197.358,20.94495
197.5104,21.41771
197.6628,21.24863
197.8152,20.50136
197.9676,19.23759
198.12,19.05475
198.2724,18.67438
198.4248,18.06873
198.5772,17.94434
198.7296,17.16855
198.882,16.3445
199.0344,16.71425
199.1868,16.595
199.3392,15.90891
199.4916,15.06584
199.644,15.5593
199.7964,17.09024
199.9488,17.15402
200.1012,16.46114
200.2536,15.32799
200.406,15.18143
200.5584,15.54619
200.7108,16.02776
200.8632,17.68123
201.0156,17.92462
201.168,17.74329
201.3204,16.57712
201.4728,15.25777
201.6252,15.45091
201.7776,16.17545
201.93,16.12169
202.0824,15.87925
202.2348,15.84314
202.3872,16.25455
202.5396,16.55843
202.692,16.26672
202.8444,16.06915
202.9968,16.9912
203.1492,17.94774
203.3016,17.53931
203.454,17.39215
203.6064,17.80385
203.7588,16.76654
203.9112,16.40622
204.0636,16.57463
204.216,16.23523
204.3684,15.60756
204.5208,15.61736
204.6732,16.10208
204.8256,15.856
204.978,15.34195
205.1304,15.41054
205.2828,16.41508
205.4352,17.78326
205.5876,18.26144
205.74,17.99091
205.8924,17.08046
206.0448,16.27403
206.1972,15.60704
206.3496,15.19956
206.502,15.31583
206.6544,16.21176
206.8068,17.36513
206.9592,17.95061
207.1116,17.98418
207.264,18.93896
207.4164,18.97186
207.5688,19.00742
207.7212,19.02432
207.8736,17.70909
208.026,16.24364
208.1784,15.54816
208.3308,15.49826
208.4832,15.55775
208.6356,15.13374
208.788,15.18542
208.9404,15.6523
209.0928,14.80438
209.2452,14.15829
209.3976,14.58076
209.55,14.76382
209.7024,15.25468
209.8548,15.72188
210.0072,17.07372
210.1596,16.95772
210.312,15.92979
210.4644,15.06836
210.6168,14.88509
210.7692,15.08109
210.9216,14.83386
211.074,14.42071
211.2264,15.26682
211.3788,17.02133
211.5312,17.44513
211.6836,17.59697
211.836,17.12978
211.9884,16.18359
212.1408,16.01076
212.2932,16.5464
212.4456,15.9882
212.598,15.70539
212.7504,15.37406
212.9028,14.61163
213.0552,14.42854
213.2076,14.48269
213.36,14.24622
213.5124,14.46878
213.6648,16.61322
213.8172,17.43321
213.9696,17.56697
214.122,17.29306
214.2744,16.38234
214.4268,15.27355
214.5792,13.98637
214.7316,13.54697
214.884,13.80987
215.0364,13.78957
215.1888,13.61069
215.3412,13.2807
215.4936,13.24137
215.646,14.14851
215.7984,13.85345
215.9508,13.55492
216.1032,13.56435
216.2556,14.0852
216.408,14.15218
216.5604,14.00605
216.7128,14.30379
216.8652,15.63361
217.0176,15.65737
217.17,15.13567
217.3224,14.99491
217.4748,15.40724
217.6272,15.54106
217.7796,14.87071
217.932,14.34753
218.0844,13.37788
218.2368,12.05965
218.3892,11.32054
218.5416,12.04011
218.694,13.48347
218.8464,14.525
218.9988,14.96465
219.1512,15.26653
219.3036,15.38672
219.456,15.60913
219.6084,16.54036
219.7608,17.11324
219.9132,17.16222
220.0656,17.07634
220.218,17.30936
220.3704,16.93166
220.5228,16.12924
220.6752,15.25335
220.8276,14.25907
220.98,13.31734
221.1324,12.53665
221.2848,12.83678
221.4372,12.22533
221.5896,12.10255
221.742,12.88338
221.8944,15.29396
222.0468,15.26279
222.1992,15.06531
222.3516,15.23486
222.504,15.1529
222.6564,14.61111
222.8088,15.0822
222.9612,15.98167
223.1136,15.60883
223.266,14.92657
223.4184,15.20573
223.5708,16.0462
223.7232,15.77832
223.8756,16.274
224.028,15.93851
224.1804,15.92303
224.3328,15.94958
224.4852,16.16597
224.6376,16.30672
224.79,16.50742
224.9424,16.78485
225.0948,17.33153
225.2472,17.59796
225.3996,17.07542
225.552,16.55125
225.7044,16.39386
225.8568,17.31369
226.0092,17.18835
226.1616,16.91261
226.314,17.58842
226.4664,17.60193
226.6188,17.37109
226.7712,17.01947
226.9236,15.82453
227.076,14.80661
227.2284,14.04727
227.3808,14.22666
227.5332,14.3215
227.6856,14.07482
227.838,14.40884
227.9904,14.47662
228.1428,14.83556
228.2952,14.56883
228.4476,13.86347
228.6,14.33385
228.7524,15.4775
228.9048,14.55202
229.0572,13.84874
229.2096,14.65426
229.362,16.17924
229.5144,16.29923
229.6668,15.9278
229.8192,15.90589
229.9716,16.11769
230.124,15.29259
230.2764,14.38564
230.4288,13.48372
230.5812,12.93763
230.7336,12.80534
230.886,12.98713
231.0384,12.6445
231.1908,12.02666
231.3432,12.69065
231.4956,14.79195
231.648,15.38437
231.8004,15.14836
231.9528,15.22303
232.1052,16.25967
232.2576,15.21946
232.41,14.61677
232.5624,14.67206
232.7148,15.32934
232.8672,14.75748
233.0196,14.54119
233.172,14.6633
233.3244,14.39894
233.4768,13.87792
233.6292,14.3469
233.7816,15.06517
233.934,14.36062
234.0864,13.49519
234.2388,13.45466
234.3912,13.63889
234.5436,14.32063
234.696,15.35307
234.8484,15.98606
235.0008,15.84208
235.1532,16.25473
235.3056,16.61123
235.458,16.78997
235.6104,17.56389
235.7628,16.79913
235.9152,16.93413
236.0676,17.12099
236.22,16.51833
236.3724,15.88819
236.5248,15.4784
236.6772,15.01238
236.8296,14.71834
236.982,15.28628
237.1344,15.8973
237.2868,14.97572
237.4392,13.42025
237.5916,12.84627
237.744,12.69625
237.8964,13.56217
238.0488,14.93429
238.2012,16.00734
238.3536,16.58543
238.506,16.2556
238.6584,15.92116
238.8108,16.8435
238.9632,17.56814
239.1156,17.34758
239.268,16.91534
239.4204,16.56728
239.5728,15.87397
239.7252,15.07779
239.8776,14.37682
240.03,14.34524
240.1824,14.85506
240.3348,14.51896
240.4872,14.01698
240.6396,13.59781
240.792,14.07339
240.9444,14.48705
241.0968,15.44411
241.2492,15.47241
241.4016,15.40456
241.554,15.03846
241.7064,14.11639
241.8588,13.73807
242.0112,13.4483
242.1636,14.0964
242.316,15.71853
242.4684,16.18969
242.6208,16.36531
242.7732,16.44203
242.9256,16.02535
243.078,15.09163
243.2304,14.48744
243.3828,14.44858
243.5352,15.09267
243.6876,16.53508
243.84,17.51218
243.9924,17.28318
244.1448,16.54452
244.2972,16.55533
244.4496,15.99329
244.602,15.36162
244.7544,14.48953
244.9068,13.88775
245.0592,13.70734
245.2116,14.09955
245.364,14.23143
245.5164,14.06919
245.6688,14.18456
245.8212,15.17854
245.9736,16.31475
246.126,16.91711
246.2784,17.32577
246.4308,16.90633
246.5832,17.0162
246.7356,16.32817
246.888,15.44662
247.0404,14.55516
247.1928,14.12008
247.3452,14.66682
247.4976,15.92868
247.65,16.68879
247.8024,16.59468
247.9548,16.33436
248.1072,15.78902
248.2596,14.98845
248.412,14.26911
248.5644,14.26959
248.7168,15.88836
248.8692,16.75543
249.0216,16.66926
249.174,16.84246
249.3264,16.57349
249.4788,16.02509
249.6312,15.68233
249.7836,16.22316
249.936,16.70603
250.0884,16.40593
250.2408,15.34987
250.3932,14.89374
250.5456,14.33896
250.698,13.78175
250.8504,13.09755
251.0028,12.93916
251.1552,13.8128
251.3076,15.73281
251.46,16.9361
251.6124,17.11592
251.7648,16.4593
251.9172,15.72593
252.0696,15.8098
252.222,18.33488
252.3744,20.76056
252.5268,23.1422
252.6792,25.35799
252.8316,27.77174
252.984,29.94841
253.1364,31.50013
253.2888,32.63156
253.4412,33.00142
253.5936,33.94296
253.746,35.39492
253.8984,36.52683
254.0508,35.58415
254.2032,32.87999
254.3556,30.70175
254.508,29.15554
254.6604,27.35394
254.8128,24.44215
254.9652,21.56992
255.1176,19.19284
255.27,18.14376
255.4224,17.26283
255.5748,16.13313
255.7272,15.83459
255.8796,15.06178
256.032,15.24133
256.1844,15.48914
256.3368,15.17983
256.4892,14.91001
256.6416,14.37041
256.794,15.45985
256.9464,16.16439
257.0988,16.06914
257.2512,16.54583
257.4036,17.90185
257.556,18.19242
257.7084,18.45838
257.8608,18.6086
258.0132,17.72742
258.1656,17.10895
258.318,17.3111
258.4704,18.09922
258.6228,17.93609
258.7752,17.57788
258.9276,17.21429
259.08,18.07671
259.2324,17.74207
259.3848,17.26276
259.5372,16.58477
259.6896,17.27962
259.842,17.75848
259.9944,17.8988
260.1468,19.30636
260.2992,20.56318
260.4516,20.10349
260.604,19.18124
260.7564,18.32632
260.9088,17.83034
261.0612,16.87828
261.2136,16.41782
261.366,15.9697
261.5184,15.35743
261.6708,15.86241
261.8232,15.84839
261.9756,15.47433
262.128,15.40292
262.2804,14.03003
262.4328,13.3563
262.5852,13.75782
262.7376,13.1844
262.89,12.89047
263.0424,13.24183
263.1948,13.6004
263.3472,15.43134
263.4996,15.59724
263.652,15.28277
263.8044,14.83052
263.9568,14.23314
264.1092,13.49968
264.2616,12.75824
264.414,12.06073
264.5664,11.19048
264.7188,11.41281
264.8712,12.26315
265.0236,12.40718
265.176,12.53048
265.3284,12.7735
265.4808,13.49271
265.6332,14.49047
265.7856,14.97608
265.938,15.52905
266.0904,15.15015
266.2428,14.9844
266.3952,15.55462
266.5476,15.83965
266.7,16.39354
266.8524,16.99469
267.0048,17.13726
267.1572,16.86209
267.3096,16.32732
267.462,15.32548
267.6144,14.36837
267.7668,15.7609
267.9192,15.5541
268.0716,15.18361
268.224,14.54902
268.3764,14.48919
268.5288,13.57925
268.6812,12.82933
268.8336,12.2022
268.986,12.40002
269.1384,12.9032
269.2908,13.61921
269.4432,15.20724
269.5956,16.10248
269.748,17.28641
269.9004,17.58871
270.0528,16.7979
270.2052,15.63705
270.3576,14.89141
270.51,15.19362
270.6624,15.84536
270.8148,17.49506
270.9672,17.58048
271.1196,16.55361
271.272,15.56272
271.4244,14.9083
271.5768,14.67752
271.7292,15.09015
271.8816,15.19343
272.034,14.9935
272.1864,15.79592
272.3388,16.44132
272.4912,16.46685
272.6436,16.79137
272.796,17.84237
272.9484,17.66811
273.1008,16.8947
273.2532,16.01556
273.4056,14.99944
273.558,14.33483
273.7104,13.9422
273.8628,14.30614
274.0152,13.78707
274.1676,13.59273
274.32,14.39521
274.4724,15.19881
274.6248,15.15217
274.7772,14.84804
274.9296,14.67493
275.082,14.28292
275.2344,14.02269
275.3868,14.59589
275.5392,15.03263
275.6916,14.74107
275.844,14.85861
275.9964,14.96086
276.1488,14.71775
276.3012,14.53193
276.4536,14.68683
276.606,15.73845
276.7584,16.89558
276.9108,15.72618
277.0632,15.02479
277.2156,14.8591
277.368,14.39508
277.5204,14.27721
277.6728,14.39286
277.8252,14.65617
277.9776,14.39135
278.13,14.71498
278.2824,13.93074
278.4348,13.67587
278.5872,14.07411
278.7396,15.50651
278.892,17.26862
279.0444,17.81669
279.1968,17.87968
279.3492,18.18387
279.5016,18.18876
279.654,16.59452
279.8064,16.68826
279.9588,16.04837
280.1112,14.9644
280.2636,14.44453
280.416,14.92281
280.5684,15.32706
280.7208,16.43172
280.8732,17.51474
281.0256,17.44401
281.178,16.71636
281.3304,16.99188
281.4828,17.01063
281.6352,16.59932
281.7876,16.20436
281.94,16.42941
282.0924,16.9142
282.2448,16.35109
282.3972,15.66831
282.5496,15.25682
282.702,14.77488
282.8544,13.66129
283.0068,13.2097
283.1592,13.50235
283.3116,13.89207
283.464,13.75986
283.6164,13.21535
283.7688,13.86081
283.9212,14.61883
284.0736,14.86515
284.226,14.79413
284.3784,14.96326
284.5308,15.61817
284.6832,16.56457
284.8356,16.66579
284.988,15.49355
285.1404,14.9127
285.2928,14.58351
285.4452,15.19843
285.5976,16.3105
285.75,16.89858
285.9024,16.61634
286.0548,16.41666
286.2072,16.12165
286.3596,14.93476
286.512,13.97479
286.6644,13.85136
286.8168,14.89807
286.9692,14.86642
287.1216,14.45899
287.274,14.16232
287.4264,14.74203
287.5788,15.24045
287.7312,14.97001
287.8836,15.33911
288.036,16.90594
288.1884,18.14404
288.3408,18.30857
288.4932,17.87169
288.6456,17.54485
288.798,16.99772
288.9504,17.79238
289.1028,17.46721
289.2552,15.96074
289.4076,14.75919
289.56,14.49753
289.7124,14.85298
289.8648,15.26558
290.0172,15.18112
290.1696,14.16716
290.322,13.1768
290.4744,13.43147
290.6268,14.03214
290.7792,13.51542
290.9316,13.62004
291.084,14.47611
291.2364,15.4681
291.3888,15.50731
291.5412,15.28256
291.6936,15.32922
291.846,15.51666
291.9984,15.91586
292.1508,16.65769
292.3032,17.0267
292.4556,16.62059
292.608,15.73971
292.7604,14.72991
292.9128,14.16782
293.0652,14.75674
293.2176,15.00019
293.37,14.90767
293.5224,15.38902
293.6748,16.11552
293.8272,16.23716
293.9796,17.17753
294.132,16.98009
294.2844,17.38742
294.4368,17.04161
294.5892,16.69285
294.7416,17.47233
294.894,17.8468
295.0464,16.85596
295.1988,17.45129
295.3512,17.69047
295.5036,16.86722
295.656,15.29041
295.8084,14.0526
295.9608,13.47838
296.1132,13.24017
296.2656,13.10413
296.418,13.02845
296.5704,14.16628
296.7228,14.37533
296.8752,14.20654
297.0276,14.37346
297.18,13.37558
297.3324,12.47536
297.4848,12.39246
297.6372,12.81303
297.7896,14.05098
297.942,14.67626
298.0944,14.76828
298.2468,15.05851
298.3992,14.33647
298.5516,13.62321
298.704,13.26987
298.8564,13.58784
299.0088,14.35857
299.1612,14.91521
299.3136,14.78301
299.466,14.80312
299.6184,14.81573
299.7708,14.87321
299.9232,14.37886
300.0756,13.32074
300.228,13.2543
300.3804,14.28664
300.5328,15.32421
300.6852,15.42337
300.8376,15.11555
300.99,14.60451
301.1424,12.82771
301.2948,13.3485
301.4472,14.50284
301.5996,14.97372
301.752,15.05435
301.9044,14.88478
302.0568,14.5787
302.2092,14.19179
302.3616,13.77237
302.514,13.29312
302.6664,13.01603
302.8188,12.85762
302.9712,13.12576
303.1236,14.1984
303.276,16.27036
303.4284,17.51035
303.5808,17.41591
303.7332,16.87753
303.8856,16.15058
304.038,15.47933
304.1904,15.10818
304.3428,14.72553
304.4952,14.82718
304.6476,15.62814
304.8,14.72887
304.9524,13.75743
305.1048,13.10116
305.2572,13.3918
305.4096,12.96022
305.562,12.94345
305.7144,14.25697
305.8668,15.4243
306.0192,15.58356
306.1716,14.85863
306.324,14.09612
306.4764,13.24043
306.6288,12.43407
306.7812,11.84199
306.9336,12.49127
307.086,13.43346
307.2384,13.94686
307.3908,14.21139
307.5432,14.10908
307.6956,14.31337
307.848,13.79926
308.0004,14.19318
308.1528,14.79719
308.3052,14.52122
308.4576,13.76649
308.61,13.06943
308.7624,12.6418
308.9148,12.71664
309.0672,13.12684
309.2196,14.14787
309.372,14.61708
309.5244,14.62133
309.6768,14.20392
309.8292,13.6566
309.9816,14.00776
310.134,14.60758
310.2864,14.52549
310.4388,14.06116
310.5912,13.82429
310.7436,14.36449
310.896,14.8295
311.0484,14.46552
311.2008,13.52959
311.3532,12.40407
311.5056,11.35419
311.658,11.64768
311.8104,12.72805
311.9628,13.66
312.1152,13.90987
312.2676,13.89669
312.42,13.91852
312.5724,14.13956
312.7248,14.11165
312.8772,13.59766
313.0296,12.35085
313.182,11.38146
313.3344,12.12618
313.4868,12.51963
313.6392,12.26508
313.7916,12.18289
313.944,12.79
314.0964,13.64939
314.2488,15.04171
314.4012,16.56586
314.5536,16.5873
314.706,15.86479
314.8584,15.64417
315.0108,15.9945
315.1632,16.24008
315.3156,15.83869
315.468,14.99848
315.6204,13.85484
315.7728,12.52652
315.9252,11.21917
316.0776,11.50777
316.23,11.63917
316.3824,12.203
316.5348,12.49472
316.6872,11.48965
316.8396,11.06487
316.992,11.30868
317.1444,11.97662
317.2968,12.75022
317.4492,13.43224
317.6016,12.81375
317.754,12.93307
317.9064,12.77574
318.0588,12.59847
318.2112,13.35406
318.3636,13.00304
318.516,11.48454
318.6684,10.65911
318.8208,9.970268
318.9732,9.972008
319.1256,11.44907
319.278,12.25188
319.4304,12.08875
319.5828,11.94524
319.7352,12.05074
319.8876,12.93792
320.04,13.78539
320.1924,14.14159
320.3448,13.7858
320.4972,13.08636
320.6496,12.39198
320.802,12.59038
320.9544,14.68855
321.1068,16.31331
321.2592,16.74541
321.4116,15.54722
321.564,15.52668
321.7164,16.31441
321.8688,15.77648
322.0212,14.60094
322.1736,13.29475
322.326,12.94673
322.4784,13.33375
322.6308,15.51051
322.7832,16.15085
322.9356,15.144
323.088,13.76311
323.2404,12.6547
323.3928,12.06123
323.5452,11.66898
323.6976,11.53172
323.85,11.65288
324.0024,12.02829
324.1548,12.67567
324.3072,14.08653
324.4596,14.59008
324.612,13.49736
324.7644,12.94426
324.9168,13.03823
325.0692,13.49035
325.2216,14.26958
325.374,14.53703
325.5264,13.14128
325.6788,13.10888
325.8312,12.73429
325.9836,12.08453
326.136,11.48398
326.2884,11.47918
326.4408,10.89922
326.5932,10.82319
326.7456,11.84335
326.898,12.66309
327.0504,13.16949
327.2028,14.84707
327.3552,15.55437
327.5076,14.98181
327.66,13.7635
327.8124,13.15906
327.9648,13.05627
328.1172,14.02503
328.2696,14.93449
328.422,15.60799
328.5744,16.45607
328.7268,17.72389
328.8792,18.61223
329.0316,19.13901
329.184,20.08594
329.3364,20.09943
329.4888,19.23831
329.6412,18.99173
329.7936,19.10736
329.946,18.88188
330.0984,17.97363
330.2508,17.42662
330.4032,17.24081
330.5556,17.04256
330.708,17.52109
330.8604,17.13043
331.0128,16.09079
331.1652,15.23835
331.3176,15.29798
331.47,14.1053
331.6224,13.31612
331.7748,13.16269
331.9272,13.53876
332.0796,14.22659
332.232,14.54985
332.3844,14.18285
332.5368,13.35287
332.6892,12.49988
332.8416,12.26481
332.994,12.75319
333.1464,13.85097
333.2988,16.168
333.4512,15.58727
333.6036,16.21312
333.756,15.83788
333.9084,15.14771
334.0608,14.64288
334.2132,14.51631
334.3656,15.0245
334.518,15.59798
334.6704,15.50175
334.8228,14.98769
334.9752,15.04197
335.1276,15.51913
335.28,15.5574
335.4324,14.58877
335.5848,14.78221
335.7372,14.39182
335.8896,14.11965
336.042,14.10011
336.1944,14.39715
336.3468,14.99649
336.4992,15.53339
336.6516,15.39642
336.804,15.05129
336.9564,16.19612
337.1088,16.30261
337.2612,16.09581
337.4136,16.09441
337.566,15.4415
337.7184,15.07178
337.8708,14.54227
338.0232,14.12032
338.1756,14.81495
338.328,14.82086
338.4804,14.7402
338.6328,14.18817
338.7852,14.02933
338.9376,14.53282
339.09,15.50287
339.2424,15.79761
339.3948,15.56426
339.5472,15.69334
339.6996,16.34682
339.852,16.79314
340.0044,16.55443
340.1568,16.1277
340.3092,15.67274
340.4616,15.47626
340.614,15.48538
340.7664,16.01659
340.9188,16.72818
341.0712,16.91891
341.2236,17.89906
341.376,18.34332
341.5284,17.94356
341.6808,17.40695
341.8332,17.01407
341.9856,17.58054
342.138,18.44522
342.2904,18.56744
342.4428,17.86707
342.5952,17.31068
342.7476,17.16653
342.9,16.60799
343.0524,15.52836
343.2048,15.23016
343.3572,15.87025
343.5096,15.22374
343.662,14.76543
343.8144,14.84264
343.9668,15.93031
344.1192,16.37001
344.2716,16.15013
344.424,15.72376
344.5764,15.34975
344.7288,15.33694
344.8812,15.23396
345.0336,14.89415
345.186,15.48877
345.3384,16.89642
345.4908,17.46399
345.6432,17.81244
345.7956,18.71478
345.948,18.60764
346.1004,18.0014
346.2528,17.35387
346.4052,16.91158
346.5576,17.39563
346.71,18.07074
346.8624,18.20238
347.0148,18.37741
347.1672,19.58424
347.3196,20.00258
347.472,19.80704
347.6244,18.48109
347.7768,18.23692
347.9292,18.93666
348.0816,18.54497
348.234,18.00197
348.3864,17.5433
348.5388,17.02525
348.6912,16.34998
348.8436,15.97639
348.996,15.15697
349.1484,15.30926
349.3008,15.48694
349.4532,15.88269
349.6056,17.24553
349.758,17.3824
349.9104,16.82185
350.0628,15.93332
350.2152,15.09176
350.3676,14.91044
350.52,16.20392
350.6724,15.89063
350.8248,15.32838
350.9772,14.8066
351.1296,14.48305
351.282,14.95325
351.4344,14.94473
351.5868,14.5181
351.7392,14.12291
351.8916,14.48878
352.044,14.88062
352.1964,14.8307
352.3488,14.89131
352.5012,15.44921
352.6536,15.67276
352.806,15.64137
352.9584,15.92307
353.1108,16.92041
353.2632,16.79424
353.4156,17.74518
353.568,17.41585
353.7204,17.40181
353.8728,19.04199
354.0252,19.99263
354.1776,18.48724
354.33,17.93304
354.4824,18.12076
354.6348,17.65446
354.7872,16.82059
354.9396,16.41731
355.092,16.35985
355.2444,16.9341
355.3968,17.1833
355.5492,17.00645
355.7016,17.03568
355.854,17.17221
356.0064,16.73433
356.1588,16.29005
356.3112,16.24159
356.4636,17.04495
356.616,16.77315
356.7684,15.7297
356.9208,15.12182
357.0732,14.94066
357.2256,15.18154
357.378,15.65143
357.5304,15.56475
357.6828,16.4097
357.8352,16.36908
357.9876,16.07063
358.14,16.20068
358.2924,17.6508
358.4448,18.61867
358.5972,19.35612
358.7496,19.20851
358.902,18.26814
359.0544,17.14633
359.2068,16.37613
359.3592,15.78929
359.5116,15.492
359.664,13.9821
359.8164,13.33547
359.9688,14.26296
360.1212,16.27513
360.2736,18.56435
360.426,18.50533
360.5784,17.31044
360.7308,16.46347
360.8832,16.44885
361.0356,16.5517
361.188,16.71823
361.3404,17.72612
361.4928,18.30685
361.6452,17.92232
361.7976,17.85788
361.95,16.9603
362.1024,16.02267
362.2548,15.86971
362.4072,15.96576
362.5596,16.94833
362.712,16.97504
362.8644,17.83923
363.0168,18.08287
363.1692,17.00447
363.3216,15.76967
363.474,15.11814
363.6264,15.26031
363.7788,15.26638
363.9312,15.17119
364.0836,15.92297
364.236,16.85098
364.3884,16.65401
364.5408,15.85046
364.6932,15.50302
364.8456,15.87415
364.998,16.41339
365.1504,16.40683
365.3028,16.35884
365.4552,17.209
365.6076,19.11916
365.76,18.96375
365.9124,17.17955
366.0648,17.51144
366.2172,18.34914
366.3696,17.82462
366.522,17.37163
366.6744,17.96272
366.8268,18.70471
366.9792,20.11882
367.1316,19.66531
367.284,18.95071
367.4364,18.95171
367.5888,18.76569
367.7412,17.71916
367.8936,17.32936
368.046,18.32033
368.1984,19.06105
368.3508,18.9588
368.5032,19.38319
368.6556,19.15053
368.808,18.39893
368.9604,18.31831
369.1128,18.55446
369.2652,18.07539
369.4176,17.13223
369.57,16.01863
369.7224,15.64955
369.8748,15.93602
370.0272,17.97757
370.1796,18.79393
370.332,17.96811
370.4844,16.7561
370.6368,15.43482
370.7892,14.83707
370.9416,14.37698
371.094,14.01733
371.2464,15.14814
371.3988,16.24623
371.5512,16.18506
371.7036,15.1564
371.856,14.66721
372.0084,14.61425
372.1608,15.51308
372.3132,16.53439
372.4656,18.39304
372.618,19.1312
372.7704,18.65446
372.9228,18.35144
373.0752,18.35385
373.2276,17.68039
373.38,17.06355
373.5324,16.8701
373.6848,17.37743
373.8372,17.57332
373.9896,16.95544
374.142,16.38
374.2944,15.73698
374.4468,14.30168
374.5992,14.36652
374.7516,13.64021
374.904,12.49714
375.0564,11.96155
375.2088,12.50291
375.3612,12.55737
375.5136,12.12735
375.666,11.87071
375.8184,12.22314
375.9708,12.4784
376.1232,13.53671
376.2756,15.10248
376.428,15.70588
376.5804,15.40554
376.7328,15.55759
376.8852,14.62041
377.0376,13.64023
377.19,13.05769
377.3424,13.6703
377.4948,14.08482
377.6472,15.58382
377.7996,16.24847
377.952,17.39006
378.1044,18.33569
378.2568,17.67839
378.4092,17.31631
378.5616,17.58589
378.714,18.63663
378.8664,18.78128
379.0188,19.23123
379.1712,20.27443
379.3236,20.46107
379.476,20.41893
379.6284,21.4129
379.7808,22.69917
379.9332,23.91057
380.0856,25.02232
380.238,24.99426
380.3904,24.64352
380.5428,23.91391
380.6952,23.44061
380.8476,23.73119
381,23.68521
381.1524,22.69921
381.3048,21.39106
381.4572,19.88578
381.6096,19.12072
381.762,18.52003
381.9144,19.36339
382.0668,19.77084
382.2192,20.99656
382.3716,21.1594
382.524,20.57187
382.6764,20.35864
382.8288,20.79847
382.9812,20.84819
383.1336,20.43391
383.286,20.1721
383.4384,20.48795
383.5908,19.04875
383.7432,17.45571
383.8956,16.71996
384.048,17.30672
384.2004,18.96614
384.3528,20.53919
384.5052,20.70478
384.6576,20.97657
384.81,20.7511
384.9624,19.87339
385.1148,19.20604
385.2672,18.61697
385.4196,18.9349
385.572,19.55254
385.7244,20.48616
385.8768,20.65153
386.0292,19.83308
386.1816,19.20908
386.334,18.81838
386.4864,19.48637
386.6388,20.56116
386.7912,20.3643
386.9436,19.37198
387.096,19.6133
387.2484,19.90559
387.4008,19.94477
387.5532,21.05562
387.7056,21.51587
387.858,20.80162
388.0104,20.53914
388.1628,20.6422
388.3152,20.38982
388.4676,19.75563
388.62,19.02415
388.7724,19.01722
388.9248,19.63279
389.0772,19.29014
389.2296,17.82467
389.382,17.09464
389.5344,17.6379
389.6868,17.40771
389.8392,17.20424
389.9916,18.47078
390.144,19.12551
390.2964,17.00689
390.4488,16.34887
390.6012,16.21302
390.7536,16.50758
390.906,18.27031
391.0584,21.33769
391.2108,23.28402
391.3632,23.3207
391.5156,20.40292
391.668,18.61946
391.8204,18.4754
391.9728,19.23203
392.1252,18.92913
392.2776,17.59899
392.43,17.38388
392.5824,19.05732
392.7348,19.89361
392.8872,19.09938
393.0396,18.04305
393.192,17.11108
393.3444,16.80504
393.4968,17.55437
393.6492,19.14372
393.8016,19.73995
393.954,19.76563
394.1064,19.16122
394.2588,18.99244
394.4112,20.23352
394.5636,21.88951
394.716,21.97056
394.8684,21.66748
395.0208,22.37435
395.1732,22.8683
395.3256,21.84719
395.478,20.41769
395.6304,21.14796
395.7828,21.23152
395.9352,20.03634
396.0876,19.07855
396.24,18.39599
396.3924,19.09311
396.5448,18.07912
396.6972,16.91875
396.8496,16.80515
397.002,17.26767
397.1544,17.41292
397.3068,18.40029
397.4592,18.6382
397.6116,17.88334
397.764,17.39671
397.9164,18.10843
398.0688,18.88597
398.2212,18.11762
398.3736,17.72949
398.526,18.36063
398.6784,19.64824
398.8308,20.32199
398.9832,20.45794
399.1356,20.37565
399.288,20.34309
399.4404,20.24356
399.5928,19.89368
399.7452,19.22477
399.8976,19.12995
400.05,18.33878
400.2024,17.14993
400.3548,16.65688
400.5072,15.47356
400.6596,14.62742
400.812,15.15468
400.9644,15.40885
401.1168,15.01959
401.2692,14.35539
401.4216,14.15999
401.574,14.75482
401.7264,14.77562
401.8788,14.93583
402.0312,16.58776
402.1836,18.49708
402.336,21.65213
402.4884,20.42125
402.6408,19.5214
402.7932,19.24562
402.9456,19.89418
403.098,19.49829
403.2504,18.71386
403.4028,18.21596
403.5552,17.56345
403.7076,17.01952
403.86,16.54701
404.0124,17.16894
404.1648,17.42989
404.3172,17.24539
404.4696,18.8326
404.622,19.53289
404.7744,18.75543
404.9268,18.61895
405.0792,19.53748
405.2316,18.3355
405.384,17.40378
405.5364,16.83799
405.6888,17.39494
405.8412,18.42092
405.9936,18.37254
406.146,18.327
406.2984,18.97417
406.4508,20.61729
406.6032,21.1192
406.7556,20.93561
406.908,20.40784
407.0604,21.00983
407.2128,22.10482
407.3652,21.69897
407.5176,21.16884
407.67,20.76484
407.8224,20.48632
407.9748,20.40192
408.1272,20.18095
408.2796,19.88687
408.432,18.40481
408.5844,17.95073
408.7368,17.48119
408.8892,17.34188
409.0416,18.70164
409.194,20.44546
409.3464,21.58042
409.4988,22.10133
409.6512,23.7918
409.8036,24.2503
409.956,23.73379
410.1084,24.81438
410.2608,24.95604
410.4132,23.52684
410.5656,22.17871
410.718,20.87017
410.8704,19.78386
411.0228,19.20102
411.1752,19.14476
411.3276,19.52737
411.48,20.89159
411.6324,21.0906
411.7848,20.07111
411.9372,19.72887
412.0896,21.62798
412.242,21.15609
412.3944,20.96003
412.5468,21.2163
412.6992,20.47818
412.8516,19.11469
413.004,19.45864
413.1564,20.68074
413.3088,20.99014
413.4612,20.94516
413.6136,20.8947
413.766,20.18794
413.9184,18.59519
414.0708,17.81382
414.2232,18.1569
414.3756,19.4007
414.528,18.64619
414.6804,18.13248
414.8328,18.97118
414.9852,20.23558
415.1376,20.82386
415.29,21.72439
415.4424,21.54821
415.5948,21.51949
415.7472,22.50788
415.8996,22.76015
416.052,22.92401
416.2044,21.60617
416.3568,20.32927
416.5092,19.20383
416.6616,18.3756
416.814,18.12473
416.9664,19.14906
417.1188,19.01817
417.2712,19.39885
417.4236,20.95032
417.576,22.55573
417.7284,23.94813
417.8808,24.75605
418.0332,24.85687
418.1856,24.4691
418.338,24.468
418.4904,25.25789
418.6428,26.05183
418.7952,26.30983
418.9476,26.06453
419.1,25.70754
419.2524,26.08068
419.4048,25.59875
419.5572,25.20094
419.7096,25.13344
419.862,25.35778
420.0144,25.57392
420.1668,25.9945
420.3192,26.59538
420.4716,27.95241
420.624,28.2452
420.7764,27.56575
420.9288,27.55904
421.0812,28.61876
421.2336,28.87862
421.386,27.98868
421.5384,27.05582
421.6908,26.46975
421.8432,25.37978
421.9956,24.68281
422.148,25.23595
422.3004,24.96003
422.4528,24.26225
422.6052,24.83852
422.7576,25.27029
422.91,25.98922
423.0624,26.14617
423.2148,25.77745
423.3672,25.93008
423.5196,27.16011
423.672,27.19179
423.8244,26.95755
423.9768,26.08388
424.1292,24.96982
424.2816,24.52006
424.434,24.03975
424.5864,24.67787
424.7388,24.80128
424.8912,24.47745
425.0436,24.18409
425.196,23.13466
425.3484,22.39988
425.5008,21.84831
425.6532,21.40587
425.8056,21.74977
425.958,21.96156
426.1104,21.71673
426.2628,22.36264
426.4152,23.64688
426.5676,25.06307
426.72,23.65205
426.8724,22.81119
427.0248,22.31509
427.1772,21.59752
427.3296,20.95376
427.482,21.91936
427.6344,22.14601
427.7868,22.60291
427.9392,22.16232
428.0916,20.93903
428.244,20.63476
428.3964,21.86851
428.5488,23.29562
428.7012,23.96035
428.8536,23.38848
429.006,22.62895
429.1584,22.50906
429.3108,22.41891
429.4632,21.99501
429.6156,21.38669
429.768,21.05862
429.9204,21.89846
430.0728,22.86252
430.2252,23.65319
430.3776,24.99755
430.53,25.48728
430.6824,25.72177
430.8348,25.36039
430.9872,24.25425
431.1396,24.22198
431.292,25.22995
431.4444,25.73727
431.5968,24.75329
431.7492,24.07148
431.9016,22.6605
432.054,21.70942
432.2064,21.63204
432.3588,21.83256
432.5112,22.02512
432.6636,24.57825
432.816,24.85189
432.9684,24.84082
433.1208,24.51013
433.2732,23.75766
433.4256,23.92378
433.578,23.03057
433.7304,23.10064
433.8828,24.43122
434.0352,26.32465
434.1876,28.70706
434.34,29.95092
434.4924,30.55288
434.6448,30.23509
434.7972,29.71761
434.9496,29.44394
435.102,29.59824
435.2544,29.88632
435.4068,30.23859
435.5592,30.4213
435.7116,29.50966
435.864,27.9115
436.0164,26.30679
436.1688,25.32212
436.3212,25.02819
436.4736,25.60678
436.626,25.60825
436.7784,25.90374
436.9308,26.66138
437.0832,26.02998
437.2356,25.10697
437.388,24.53365
437.5404,24.41486
437.6928,25.06414
437.8452,26.07664
437.9976,26.85092
438.15,26.93361
438.3024,26.69658
438.4548,25.99009
438.6072,25.55366
438.7596,27.28231
438.912,28.48336
439.0644,29.5835
439.2168,29.46606
439.3692,29.44028
439.5216,31.80693
439.674,32.25988
439.8264,32.80815
439.9788,31.44924
440.1312,29.67787
440.2836,28.34438
440.436,28.26485
440.5884,29.92251
440.7408,31.91723
440.8932,33.65114
441.0456,34.10284
441.198,32.79192
441.3504,31.7882
441.5028,32.84888
441.6552,32.67125
441.8076,33.68238
441.96,33.31579
442.1124,33.05354
442.2648,32.39081
442.4172,32.37521
442.5696,31.42618
442.722,30.73275
442.8744,30.41705
443.0268,29.04583
443.1792,27.95779
443.3316,27.75145
443.484,26.96713
443.6364,25.86436
443.7888,26.51314
443.9412,26.96243
444.0936,27.03402
444.246,26.21731
444.3984,25.01481
444.5508,24.32403
444.7032,24.28586
444.8556,28.52671
445.008,30.0929
445.1604,29.89118
445.3128,28.49393
445.4652,27.82228
445.6176,28.68476
445.77,27.61036
445.9224,27.23186
446.0748,28.27173
446.2272,29.50663
446.3796,30.24752
446.532,30.26463
446.6844,30.59581
446.8368,30.42123
446.9892,29.87147
447.1416,29.71414
447.294,31.1913
447.4464,31.38326
447.5988,31.92351
447.7512,30.36315
447.9036,28.75111
448.056,28.14709
448.2084,27.35438
448.3608,25.98064
448.5132,25.18238
448.6656,25.15173
448.818,26.58115
448.9704,29.30603
449.1228,30.75536
449.2752,31.34763
449.4276,31.60218
449.58,33.29977
449.7324,34.60265
449.8848,34.82265
450.0372,34.53315
450.1896,34.31052
450.342,34.97174
450.4944,35.54166
450.6468,34.60681
450.7992,33.44333
450.9516,33.59597
451.104,32.8959
451.2564,33.94333
451.4088,33.05078
451.5612,31.77217
451.7136,30.73682
451.866,29.91957
452.0184,29.74
452.1708,30.19325
452.3232,31.81759
452.4756,31.84884
452.628,31.35963
452.7804,30.74757
452.9328,31.06243
453.0852,30.41522
453.2376,29.79281
453.39,28.87162
453.5424,28.85838
453.6948,29.69112
453.8472,31.95113
453.9996,34.1174
454.152,39.75374
454.3044,40.86447
454.4568,40.55816
454.6092,38.95457
454.7616,35.40593
454.914,32.48161
455.0664,31.50167
455.2188,30.57364
455.3712,28.18627
455.5236,26.6517
455.676,25.92048
455.8284,24.75562
455.9808,25.66214
456.1332,26.20211
456.2856,25.32854
456.438,24.46381
456.5904,24.51941
456.7428,26.20399
456.8952,26.39442
457.0476,25.51257
457.2,24.78812
457.3524,24.8577
457.5048,24.83084
457.6572,24.78381
457.8096,24.59908
457.962,25.42151
458.1144,25.6451
458.2668,25.33156
458.4192,24.9399
458.5716,24.50842
458.724,23.97568
458.8764,23.00943
459.0288,22.63042
459.1812,23.12935
459.3336,24.54182
459.486,26.59964
459.6384,28.51744
459.7908,29.17671
459.9432,29.43501
460.0956,29.77898
460.248,31.17308
460.4004,32.66797
460.5528,33.28452
460.7052,33.39838
460.8576,34.75241
461.01,36.32825
461.1624,36.47153
461.3148,36.24338
461.4672,38.85507
461.6196,40.46356
461.772,41.34018
461.9244,44.09592
462.0768,47.05917
462.2292,49.67023
462.3816,50.60208
462.534,47.995
462.6864,47.0921
462.8388,47.46085
462.9912,47.26025
463.1436,45.48547
463.296,42.94815
463.4484,40.93591
463.6008,38.21362
463.7532,36.31863
463.9056,34.91229
464.058,34.8847
464.2104,33.91437
464.3628,33.03134
464.5152,31.54579
464.6676,30.57652
464.82,30.33025
464.9724,29.86281
465.1248,29.21988
465.2772,27.96298
465.4296,26.36949
465.582,25.66162
465.7344,25.91919
465.8868,26.29715
466.0392,25.00349
466.1916,24.42732
466.344,25.11453
466.4964,25.83359
466.6488,25.37967
466.8012,24.89645
466.9536,24.76073
467.106,25.15556
467.2584,26.65538
467.4108,27.72002
467.5632,27.36734
467.7156,26.71483
467.868,26.4433
468.0204,26.57558
468.1728,27.3149
468.3252,27.52638
468.4776,27.10471
468.63,28.01888
468.7824,27.92505
468.9348,27.30659
469.0872,28.06686
469.2396,29.57053
469.392,30.25404
469.5444,29.3606
469.6968,28.23273
469.8492,27.9576
470.0016,28.968
470.154,29.51028
470.3064,28.54338
470.4588,27.54572
470.6112,27.31972
470.7636,28.70193
470.916,28.56555
471.0684,29.44908
471.2208,31.49785
471.3732,32.04233
471.5256,32.47699
471.678,32.62354
471.8304,32.04681
471.9828,32.07037
472.1352,31.65869
472.2876,29.8349
472.44,27.53975
472.5924,26.16638
472.7448,25.20058
472.8972,24.79279
473.0496,24.72318
473.202,25.04469
473.3544,25.46376
473.5068,26.01033
473.6592,29.01654
473.8116,30.35162
473.964,30.74832
474.1164,30.77641
474.2688,29.86096
474.4212,29.19635
474.5736,28.43188
474.726,28.00516
474.8784,27.8015
475.0308,27.64563
475.1832,25.29469
475.3356,25.99292
475.488,25.66077
475.6404,24.8793
475.7928,24.34395
475.9452,24.03523
476.0976,24.48576
476.25,25.65591
476.4024,26.49792
476.5548,26.16965
476.7072,26.83148
476.8596,27.41934
477.012,27.64703
477.1644,27.75264
477.3168,27.52829
477.4692,26.83221
477.6216,26.0549
477.774,25.79272
477.9264,26.09993
478.0788,27.05685
478.2312,28.11337
478.3836,29.10324
478.536,30.09491
478.6884,31.84863
478.8408,31.29391
478.9932,32.73816
479.1456,31.27269
479.298,30.30627
479.4504,30.1315
479.6028,31.10013
479.7552,32.51056
479.9076,32.91135
480.06,32.91757
480.2124,32.88824
480.3648,32.58688
480.5172,31.00325
480.6696,30.2034
480.822,30.0107
480.9744,30.08333
481.1268,31.1254
481.2792,32.91895
481.4316,32.45969
481.584,31.83739
481.7364,31.56895
481.8888,33.36719
482.0412,33.85739
482.1936,33.23691
482.346,32.46048
482.4984,31.34663
482.6508,30.5573
482.8032,29.8575
482.9556,29.03133
483.108,28.41402
483.2604,28.66035
483.4128,29.12907
483.5652,30.46913
483.7176,34.02353
483.87,35.67343
484.0224,37.4729
484.1748,37.70697
484.3272,37.44623
484.4796,38.98126
484.632,38.91873
484.7844,37.26019
484.9368,34.96524
485.0892,33.67603
485.2416,34.17178
485.394,33.4924
485.5464,34.35834
485.6988,35.23895
485.8512,34.75406
486.0036,34.49091
486.156,34.52814
486.3084,34.19989
486.4608,32.63303
486.6132,30.94853
486.7656,28.61182
486.918,26.62886
487.0704,25.86104
487.2228,29.85837
487.3752,29.74615
487.5276,30.29419
487.68,31.11084
487.8324,30.37274
487.9848,29.14951
488.1372,30.78915
488.2896,33.0939
488.442,34.88242
488.5944,34.94724
488.7468,35.78067
488.8992,35.76108
489.0516,34.33664
489.204,33.48398
489.3564,33.94049
489.5088,32.75262
489.6612,33.20956
489.8136,32.56284
489.966,30.17395
490.1184,28.17227
490.2708,26.73727
490.4232,26.06612
490.5756,26.18748
490.728,27.2298
490.8804,27.86417
491.0328,27.72563
491.1852,27.04686
491.3376,26.46416
491.49,26.39015
491.6424,26.99368
491.7948,28.91266
491.9472,30.60555
492.0996,31.24045
492.252,30.56993
492.4044,29.56068
492.5568,29.57018
492.7092,29.40089
492.8616,29.24599
493.014,29.63339
493.1664,31.79723
493.3188,33.19254
493.4712,31.9001
493.6236,30.54312
493.776,29.44485
493.9284,31.42366
494.0808,31.26875
494.2332,30.34117
494.3856,29.32011
494.538,28.19844
494.6904,28.42868
494.8428,28.01173
494.9952,26.51613
495.1476,24.65231
495.3,23.7373
495.4524,24.90715
495.6048,25.84904
495.7572,26.19908
495.9096,26.34319
496.062,25.46965
496.2144,26.10432
496.3668,27.20004
496.5192,29.67087
496.6716,31.15257
496.824,31.74164
496.9764,31.99994
497.1288,31.41103
497.2812,30.55542
497.4336,30.54655
497.586,31.87051
497.7384,31.16768
497.8908,30.5421
498.0432,30.2932
498.1956,30.77437
498.348,31.65404
498.5004,30.51396
498.6528,28.99767
498.8052,28.25174
498.9576,28.17288
499.11,28.13022
499.2624,28.60721
499.4148,27.4976
499.5672,27.27194
499.7196,28.16159
499.872,29.29053
500.0244,29.54207
500.1768,29.63229
500.3292,29.60818
500.4816,29.02438
500.634,28.02753
500.7864,27.43509
500.9388,27.09891
501.0912,28.67603
501.2436,30.83037
501.396,31.52921
501.5484,32.67612
501.7008,32.56955
501.8532,32.32605
502.0056,32.01132
502.158,32.76648
502.3104,32.64896
502.4628,31.07843
502.6152,29.59767
502.7676,28.79509
502.92,28.75865
503.0724,28.7191
503.2248,29.71194
503.3772,28.94287
503.5296,28.30447
503.682,28.711
503.8344,29.8661
503.9868,33.13171
504.1392,35.15936
504.2916,35.12021
504.444,34.70938
504.5964,34.48349
504.7488,34.94708
504.9012,36.02823
505.0536,37.35031
505.206,37.5412
505.3584,37.58231
505.5108,38.15085
505.6632,37.02307
505.8156,34.94281
505.968,33.56186
506.1204,32.88354
506.2728,32.55899
506.4252,32.4668
506.5776,32.16147
506.73,31.41684
506.8824,30.00157
507.0348,29.04784
507.1872,28.73262
507.3396,29.36101
507.492,31.20604
507.6444,32.42874
507.7968,32.7254
507.9492,34.0029
508.1016,35.11108
508.254,34.89636
508.4064,34.52841
508.5588,34.91638
508.7112,34.71292
508.8636,33.92282
509.016,34.15851
509.1684,33.71887
509.3208,32.97607
509.4732,31.69839
509.6256,30.0929
509.778,29.37025
509.9304,28.28291
510.0828,26.70198
510.2352,26.37914
510.3876,26.47174
510.54,26.55899
510.6924,27.44437
510.8448,29.66661
510.9972,30.50952
511.1496,30.61447
511.302,31.04724
511.4544,32.83289
511.6068,33.87122
511.7592,33.99911
511.9116,33.89017
512.064,31.18723
512.2164,30.8605
512.3688,31.76369
512.5212,32.94556
512.6736,33.09811
512.826,34.20599
512.9784,34.79291
513.1308,34.26907
513.2832,33.09952
513.4356,32.06345
513.588,32.01849
513.7404,31.69615
513.8928,33.96884
514.0452,33.6196
514.1976,32.42953
514.35,31.01933
514.5024,30.02435
514.6548,29.78044
514.8072,30.15897
514.9596,31.48415
515.112,32.11801
515.2644,31.93204
515.4168,31.47067
515.5692,31.57271
515.7216,32.3038
515.874,33.33981
516.0264,33.40808
516.1788,32.42282
516.3312,31.31186
516.4836,30.81517
516.636,30.9785
516.7884,31.51042
516.9408,32.14175
517.0932,31.62378
517.2456,30.59099
517.398,30.67838
517.5504,30.65196
517.7028,31.51099
517.8552,31.65512
518.0076,33.22119
518.16,32.46884
518.3124,31.67993
518.4648,31.21062
518.6172,30.64059
518.7696,29.53143
518.922,28.52385
519.0744,27.74173
519.2268,27.10803
519.3792,26.64497
519.5316,26.26273
519.684,25.43913
519.8364,25.1451
519.9888,24.73927
520.1412,24.19878
520.2936,23.71753
520.446,23.31558
520.5984,23.25055
520.7508,23.78831
520.9032,23.56313
521.0556,23.33226
521.208,23.40137
521.3604,24.01256
521.5128,24.50711
521.6652,26.17511
521.8176,27.84671
521.97,27.72025
522.1224,27.90425
522.2748,28.55064
522.4272,29.58734
522.5796,30.80415
522.732,31.0359
522.8844,30.12727
523.0368,28.62851
523.1892,26.66083
523.3416,25.4735
523.494,24.62704
523.6464,25.40495
523.7988,25.70488
523.9512,26.40601
524.1036,27.76091
524.256,28.83224
524.4084,29.1559
524.5608,29.2459
524.7132,28.85675
524.8656,27.57275
525.018,27.18678
525.1704,29.01805
525.3228,30.67577
525.4752,29.84244
525.6276,27.63965
525.78,25.89627
525.9324,25.62288
526.0848,26.34105
526.2372,28.00516
526.3896,31.40787
526.542,33.0199
526.6944,33.505
526.8468,33.32144
526.9992,32.67007
527.1516,31.2516
527.304,29.69614
527.4564,28.4917
527.6088,27.42664
527.7612,26.92767
527.9136,27.32933
528.066,26.88557
528.2184,26.1955
528.3708,25.69504
528.5232,25.78923
528.6756,26.66667
528.828,27.33527
528.9804,27.55769
529.1328,27.61572
529.2852,27.85695
529.4376,28.51155
529.59,29.71306
529.7424,27.41798
529.8948,25.83681
530.0472,24.51546
530.1996,23.54248
530.352,22.73405
530.5044,22.2142
530.6568,21.96504
530.8092,22.47365
530.9616,22.10257
531.114,21.08325
531.2664,20.40419
531.4188,19.87848
531.5712,19.6004
531.7236,19.66676
531.876,20.2318
532.0284,20.35361
532.1808,20.25908
532.3332,20.47263
532.4856,21.80058
532.638,22.96454
532.7904,23.49751
532.9428,23.96159
533.0952,24.5576
533.2476,25.32732
533.4,26.12323
533.5524,27.34208
533.7048,28.06174
533.8572,27.81673
534.0096,28.37015
534.162,29.5222
534.3144,30.35782
534.4668,30.55384
534.6192,30.53986
534.7716,30.68227
534.924,30.15388
535.0764,29.25864
535.2288,29.03749
535.3812,29.71184
535.5336,30.44428
535.686,29.63413
535.8384,28.64735
535.9908,30.10393
536.1432,30.56376
536.2956,30.51724
536.448,30.02853
536.6004,29.44215
536.7528,28.74588
536.9052,28.72167
537.0576,27.23968
537.21,25.63128
537.3624,24.48393
537.5148,24.96173
537.6672,26.18867
537.8196,26.49699
537.972,26.19254
538.1244,27.2751
538.2768,26.71144
538.4292,25.81602
538.5816,26.30892
538.734,25.8461
538.8864,26.68123
539.0388,28.1727
539.1912,28.31808
539.3436,28.1539
539.496,28.38633
539.6484,27.92162
539.8008,27.07722
539.9532,26.79805
540.1056,28.00261
540.258,30.2837
540.4104,30.85586
540.5628,32.24169
540.7152,32.5758
540.8676,31.46989
541.02,30.16208
541.1724,28.9273
541.3248,29.09048
541.4772,29.53729
541.6296,27.71885
541.782,26.32825
541.9344,25.96837
542.0868,26.63253
542.2392,27.73726
542.3916,27.16911
542.544,26.55157
542.6964,26.18832
542.8488,26.17511
543.0012,26.30059
543.1536,27.43389
543.306,29.72467
543.4584,31.02628
543.6108,30.98248
543.7632,29.70489
543.9156,27.93855
544.068,27.34696
544.2204,27.68622
544.3728,27.74944
544.5252,27.1125
544.6776,25.42263
544.83,23.93501
544.9824,22.79365
545.1348,21.88408
545.2872,21.68734
545.4396,21.7627
545.592,21.42756
545.7444,21.5806
545.8968,22.9353
546.0492,24.29925
546.2016,25.01563
546.354,24.69363
546.5064,24.8962
546.6588,26.04924
546.8112,27.14624
546.9636,28.05699
547.116,28.11541
547.2684,27.81849
547.4208,28.20426
547.5732,28.89308
547.7256,28.55996
547.878,27.70294
548.0304,27.13199
548.1828,26.06322
548.3352,25.63166
548.4876,27.13931
548.64,29.74461
548.7924,31.92662
548.9448,31.89946
549.0972,31.73644
549.2496,31.43302
549.402,31.34995
549.5544,32.47122
549.7068,32.00661
549.8592,30.49503
550.0116,30.25177
550.164,30.08469
550.3164,29.56857
550.4688,29.77789
550.6212,30.28938
550.7736,30.02632
550.926,29.17828
551.0784,29.87626
551.2308,31.61409
551.3832,30.72308
551.5356,31.02057
551.688,31.75371
551.8404,31.24348
551.9928,30.07705
552.1452,28.81037
552.2976,27.49667
552.45,27.11837
552.6024,27.92669
552.7548,29.38061
552.9072,28.95336
553.0596,27.93121
553.212,26.99429
553.3644,26.38608
553.5168,26.08028
553.6692,26.1817
553.8216,27.0312
553.974,27.40216
554.1264,26.01842
554.2788,25.96793
554.4312,26.7297
554.5836,27.43245
554.736,27.67966
554.8884,28.32339
555.0408,29.90808
555.1932,31.37
555.3456,31.28708
555.498,31.45863
555.6504,30.64349
555.8028,29.40613
555.9552,28.30033
556.1076,27.62538
556.26,26.07695
556.4124,24.69772
556.5648,23.76502
556.7172,23.30405
556.8696,23.12294
557.022,23.27974
557.1744,24.34718
557.3268,25.04641
557.4792,24.6334
557.6316,24.19221
557.784,24.53595
557.9364,23.74336
558.0888,22.1241
558.2412,21.04702
558.3936,22.0695
558.546,23.02036
558.6984,23.22579
558.8508,22.47481
559.0032,21.95271
559.1556,21.55027
559.308,22.56829
559.4604,22.85805
559.6128,26.37265
559.7652,26.99036
559.9176,26.12439
560.07,25.51023
560.2224,25.00387
560.3748,23.91911
560.5272,23.21366
560.6796,22.85881
560.832,22.72107
560.9844,23.95623
561.1368,25.03045
561.2892,25.69453
561.4416,25.86702
561.594,25.58821
561.7464,24.94824
561.8988,24.34232
562.0512,23.61289
562.2036,23.01419
562.356,22.37348
562.5084,21.60957
562.6608,20.39692
562.8132,19.64378
562.9656,19.10381
563.118,20.34843
563.2704,22.06703
563.4228,23.23837
563.5752,23.61747
563.7276,23.47555
563.88,23.55868
564.0324,24.2527
564.1848,24.55301
564.3372,24.37908
564.4896,24.61719
564.642,24.53561
564.7944,24.00288
564.9468,23.08422
565.0992,22.68285
565.2516,24.17987
565.404,25.33116
565.5564,25.55349
565.7088,26.90369
565.8612,28.10973
566.0136,28.49225
566.166,27.57698
566.3184,24.57595
566.4708,24.36971
566.6232,23.70033
566.7756,22.787
566.928,22.36553
567.0804,22.47244
567.2328,23.82826
567.3852,25.6107
567.5376,27.53255
567.69,28.67486
567.8424,28.25177
567.9948,27.11329
568.1472,27.05254
568.2996,27.44698
568.452,28.03945
568.6044,28.11049
568.7568,27.64804
568.9092,26.74131
569.0616,26.28001
569.214,26.63065
569.3664,26.95715
569.5188,27.1347
569.6712,26.92195
569.8236,26.97099
569.976,27.5059
570.1284,28.7342
570.2808,29.21468
570.4332,31.20376
570.5856,32.72152
570.738,32.62881
570.8904,31.78879
571.0428,31.12777
571.1952,30.26719
571.3476,29.60804
571.5,28.31844
571.6524,26.26651
571.8048,25.19557
571.9572,24.43475
572.1096,24.57558
572.262,24.6798
572.4144,26.46464
572.5668,27.33565
572.7192,28.11718
572.8716,29.27218
573.024,28.79647
573.1764,28.36204
573.3288,27.63898
573.4812,27.63676
573.6336,26.8119
573.786,26.00103
573.9384,26.7185
574.0908,27.90341
574.2432,27.4204
574.3956,26.70115
574.548,26.94413
574.7004,26.25892
574.8528,25.10998
575.0052,24.58524
575.1576,25.74173
575.31,26.36837
575.4624,25.20699
575.6148,24.14388
575.7672,23.64565
575.9196,24.17094
576.072,26.05131
576.2244,27.02194
576.3768,27.24591
576.5292,27.54248
576.6816,27.95344
576.834,27.27973
576.9864,26.36236
577.1388,25.85491
577.2912,25.72627
577.4436,24.87739
577.596,23.96303
577.7484,23.49614
577.9008,23.40858
578.0532,23.37989
578.2056,23.97738
578.358,24.91634
578.5104,22.10718
578.6628,21.08936
578.8152,20.03345
578.9676,19.39982
579.12,19.63249
579.2724,20.53265
579.4248,21.49174
579.5772,21.70573
579.7296,21.65655
579.882,22.08108
580.0344,22.04253
580.1868,21.18632
580.3392,20.38604
580.4916,20.14587
580.644,19.93862
580.7964,19.63832
580.9488,19.39221
581.1012,20.47514
581.2536,21.77234
581.406,22.38311
581.5584,22.23245
581.7108,23.13551
581.8632,24.42786
582.0156,24.35375
582.168,23.52576
582.3204,23.66794
582.4728,25.49372
582.6252,28.29435
582.7776,30.16809
582.93,31.76797
583.0824,31.32198
583.2348,29.24209
583.3872,27.6956
583.5396,27.52062
583.692,27.46239
583.8444,26.53939
583.9968,25.41107
584.1492,23.92773
584.3016,22.89877
584.454,22.43855
584.6064,23.22263
584.7588,22.31719
584.9112,21.53252
585.0636,21.08122
585.216,21.54927
585.3684,21.65159
585.5208,22.19062
585.6732,22.77267
585.8256,21.77387
585.978,21.05287
586.1304,21.53038
586.2828,22.38943
586.4352,23.09358
586.5876,22.09697
586.74,21.50024
586.8924,21.86536
587.0448,23.96429
587.1972,24.39188
587.3496,23.85092
587.502,23.67946
587.6544,23.83636
587.8068,22.82447
587.9592,22.2695
588.1116,22.66317
588.264,22.59151
588.4164,21.90566
588.5688,21.82651
588.7212,22.04359
588.8736,22.68063
589.026,23.44847
589.1784,22.96489
589.3308,22.975
589.4832,24.02676
589.6356,26.15922
589.788,26.16265
589.9404,25.05874
590.0928,24.07995
590.2452,23.46096
590.3976,23.05001
590.55,23.01087
590.7024,25.08502
590.8548,24.38145
591.0072,25.86963
591.1596,28.04239
591.312,29.182
591.4644,28.80924
591.6168,26.71825
591.7692,25.19651
591.9216,23.75993
592.074,22.54884
592.2264,21.49191
592.3788,21.58093
592.5312,22.56601
592.6836,22.36692
592.836,21.27547
592.9884,21.39884
593.1408,20.76203
593.2932,19.99067
593.4456,20.37607
593.598,21.67083
593.7504,22.30059
593.9028,23.80237
594.0552,24.63698
594.2076,23.80711
594.36,23.59493
594.5124,23.6279
594.6648,23.16338
594.8172,23.45789
594.9696,24.58413
595.122,24.94695
595.2744,25.05349
595.4268,24.58534
595.5792,23.76138
595.7316,23.81541
595.884,23.95593
596.0364,23.59921
596.1888,25.2618
596.3412,26.47959
596.4936,26.69731
596.646,26.65088
596.7984,25.45389
596.9508,25.00678
597.1032,24.85308
597.2556,23.56873
597.408,22.34521
597.5604,21.51508
597.7128,21.11827
597.8652,21.64697
598.0176,22.08076
598.17,21.74768
598.3224,23.20097
598.4748,23.77755
598.6272,23.73526
598.7796,22.33984
598.932,20.56203
599.0844,19.65858
599.2368,19.67349
599.3892,19.906
599.5416,20.92016
599.694,22.12225
599.8464,23.28715
599.9988,26.2504
600.1512,25.93817
600.3036,25.49973
600.456,24.55881
600.6084,23.32689
600.7608,21.5325
600.9132,20.09801
601.0656,20.10571
601.218,20.89608
601.3704,23.01596
601.5228,23.97419
601.6752,24.54731
601.8276,25.20029
601.98,24.33005
602.1324,22.97139
602.2848,21.76585
602.4372,21.02877
602.5896,20.89919
602.742,21.37236
602.8944,22.50853
603.0468,23.3448
603.1992,23.32245
603.3516,22.43126
603.504,21.87683
603.6564,21.89028
603.8088,22.27488
603.9612,22.6315
604.1136,22.36047
604.266,22.72834
604.4184,23.66669
604.5708,24.9954
604.7232,26.34844
604.8756,26.88418
605.028,27.09017
605.1804,25.91377
605.3328,25.18439
605.4852,25.70831
605.6376,27.83207
605.79,30.10997
605.9424,31.08158
606.0948,32.4771
606.2472,31.12626
606.3996,29.33473
606.552,27.99364
606.7044,27.03965
606.8568,26.41674
607.0092,26.41426
607.1616,26.8881
607.314,28.18554
607.4664,28.53984
607.6188,28.95922
607.7712,28.17161
607.9236,26.42873
608.076,23.83993
608.2284,24.23933
608.3808,25.14175
608.5332,26.2026
608.6856,27.14854
608.838,27.04974
608.9904,28.2673
609.1428,28.41805
609.2952,27.39972
609.4476,26.46297
609.6,25.71985
609.7524,25.27731
609.9048,26.42943
610.0572,26.33664
610.2096,25.75963
610.362,24.85814
610.5144,24.2616
610.6668,24.10081
610.8192,25.42256
610.9716,25.7661
611.124,25.42239
611.2764,24.94452
611.4288,24.24409
611.5812,23.25043
611.7336,22.2933
611.886,22.84737
612.0384,22.78307
612.1908,22.20763
612.3432,22.48553
612.4956,23.51567
612.648,24.94734
612.8004,26.17508
612.9528,26.95825
613.1052,26.80447
613.2576,28.32001
613.41,29.45064
613.5624,28.6039
613.7148,27.06802
613.8672,25.86935
614.0196,25.16571
614.172,24.68539
614.3244,24.56235
614.4768,24.30597
614.6292,24.29671
614.7816,24.86644
614.934,24.52995
615.0864,25.44026
615.2388,25.88873
615.3912,26.82013
615.5436,27.58727
615.696,27.0679
615.8484,26.08069
616.0008,24.47433
616.1532,23.08202
616.3056,22.69635
616.458,23.772
616.6104,23.66171
616.7628,23.36153
616.9152,23.86215
617.0676,24.12433
617.22,25.05873
617.3724,24.83325
617.5248,24.49767
617.6772,25.43304
617.8296,25.75621
617.982,27.27925
618.1344,27.30139
618.2868,26.83919
618.4392,26.17973
618.5916,26.13315
618.744,25.79987
618.8964,25.27098
619.0488,25.2588
619.2012,24.82152
619.3536,25.6001
619.506,25.92723
619.6584,25.41685
619.8108,24.25967
619.9632,24.22786
620.1156,23.70036
620.268,23.36891
620.4204,23.98723
620.5728,23.50595
620.7252,22.58054
620.8776,23.16417
621.03,23.16838
621.1824,23.07056
621.3348,24.3604
621.4872,24.87115
621.6396,24.97833
621.792,24.91704
621.9444,26.18417
622.0968,24.6855
622.2492,23.28871
622.4016,22.9368
622.554,23.20872
622.7064,24.82108
622.8588,26.45624
623.0112,27.10687
623.1636,28.6658
623.316,29.9843
623.4684,31.76128
623.6208,32.89481
623.7732,31.99382
623.9256,30.09727
624.078,27.97835
624.2304,26.31398
624.3828,26.78355
624.5352,26.33246
624.6876,25.67871
624.84,26.14484
624.9924,27.112
625.1448,26.90652
625.2972,26.25839
625.4496,25.53416
625.602,24.55154
625.7544,23.56793
625.9068,23.32945
626.0592,23.62119
626.2116,23.28345
626.364,23.26712
626.5164,23.81696
626.6688,25.89653
626.8212,27.69263
626.9736,28.48396
627.126,27.9257
627.2784,29.25763
627.4308,26.93095
627.5832,25.80003
627.7356,25.48196
627.888,25.58434
628.0404,25.36017
628.1928,25.68681
628.3452,27.78252
628.4976,28.53758
628.65,29.60229
628.8024,28.3979
628.9548,27.86214
629.1072,27.11586
629.2596,25.99995
629.412,25.30237
629.5644,25.4315
629.7168,26.2007
629.8692,27.26224
630.0216,27.89059
630.174,28.77565
630.3264,28.85596
630.4788,29.02025
630.6312,28.50584
630.7836,27.26711
630.936,26.04642
631.0884,25.7413
631.2408,26.0742
631.3932,24.31169
631.5456,23.17767
631.698,22.64287
631.8504,22.18033
632.0028,22.698
632.1552,21.9776
632.3076,22.24068
632.46,24.30446
632.6124,25.39912
632.7648,25.58008
632.9172,25.80023
633.0696,26.97723
633.222,26.90407
633.3744,26.52362
633.5268,25.2137
633.6792,25.04198
633.8316,24.51303
633.984,23.57986
634.1364,22.52739
634.2888,22.00969
634.4412,22.25774
634.5936,23.63556
634.746,24.98698
634.8984,24.43253
635.0508,24.08875
635.2032,24.29216
635.3556,23.9857
635.508,24.60828
635.6604,23.98012
635.8128,22.96431
635.9652,22.6261
636.1176,23.40895
636.27,22.94379
636.4224,22.39665
636.5748,23.81682
636.7272,25.0186
636.8796,25.58316
637.032,27.3096
637.1844,29.30272
637.3368,29.85973
637.4892,29.37103
637.6416,28.24771
637.794,27.06639
637.9464,25.89149
638.0988,25.27333
638.2512,26.15251
638.4036,27.24615
638.556,28.11642
638.7084,28.9501
638.8608,28.9705
639.0132,27.9785
639.1656,27.05879
639.318,26.6916
639.4704,27.53171
639.6228,26.88127
639.7752,26.44682
639.9276,26.70587
640.08,26.66096
640.2324,26.11552
640.3848,25.57297
640.5372,25.70627
640.6896,26.7982
640.842,26.74509
640.9944,25.80995
641.1468,25.33589
641.2992,24.89964
641.4516,25.71419
641.604,25.92256
641.7564,26.61421
641.9088,27.99225
642.0612,29.23116
642.2136,29.24529
642.366,28.89775
642.5184,29.433
642.6708,28.407
642.8232,27.15134
642.9756,26.35199
643.128,24.95218
643.2804,23.82915
643.4328,24.26732
643.5852,25.41095
643.7376,26.00008
643.89,26.67039
644.0424,28.01578
644.1948,29.12978
644.3472,31.60352
644.4996,32.30698
644.652,31.26625
644.8044,29.99429
644.9568,29.90361
645.1092,30.68799
645.2616,30.24171
645.414,27.54153
645.5664,27.15051
645.7188,26.15195
645.8712,25.62193
646.0236,26.4523
646.176,28.43472
646.3284,29.54134
646.4808,29.78754
646.6332,30.52496
646.7856,31.16353
646.938,29.47148
647.0904,27.09267
647.2428,27.00836
647.3952,28.57813
647.5476,31.15028
647.7,32.58585
647.8524,32.07635
648.0048,30.32286
648.1572,28.40195
648.3096,27.43176
648.462,28.3092
648.6144,29.21819
648.7668,28.94702
648.9192,28.45625
649.0716,27.68536
649.224,27.76782
649.3764,27.91034
649.5288,26.99704
649.6812,26.74586
649.8336,26.02602
649.986,24.87854
650.1384,23.92583
650.2908,23.68719
650.4432,24.13055
650.5956,24.01898
650.748,23.48119
650.9004,22.847
651.0528,23.20641
651.2052,24.976
651.3576,26.44479
651.51,27.55865
651.6624,28.83218
651.8148,29.93784
651.9672,30.65845
652.1196,31.20337
652.272,30.99049
652.4244,29.88017
652.5768,28.62451
652.7292,26.93932
652.8816,26.82112
653.034,27.28395
653.1864,28.54768
653.3388,28.09595
653.4912,27.15596
653.6436,26.42896
653.796,26.43712
653.9484,26.29301
654.1008,25.1154
654.2532,23.90839
654.4056,23.61157
654.558,24.87347
654.7104,26.22127
654.8628,26.92293
655.0152,27.09561
655.1676,27.74771
655.32,28.46022
655.4724,28.76143
655.6248,29.06694
655.7772,30.23836
655.9296,30.30336
656.082,29.92531
656.2344,29.60612
656.3868,29.74106
656.5392,29.72113
656.6916,29.27502
656.844,29.1963
656.9964,29.99643
657.1488,31.27826
657.3012,30.06923
657.4536,28.54779
657.606,25.9193
657.7584,26.17014
657.9108,27.52164
658.0632,27.17438
658.2156,27.49883
658.368,27.20027
658.5204,26.58815
658.6728,26.21249
658.8252,25.55533
658.9776,25.18727
659.13,25.53407
659.2824,25.92296
659.4348,25.54077
659.5872,24.9333
659.7396,24.74347
659.892,24.8611
660.0444,25.85429
660.1968,26.91833
660.3492,26.9873
660.5016,26.64037
660.654,26.55803
660.8064,27.01613
660.9588,27.24832
661.1112,26.89952
661.2636,26.75523
661.416,27.02011
661.5684,27.69467
661.7208,28.43756
661.8732,28.99776
662.0256,29.32422
662.178,29.38924
662.3304,28.9686
662.4828,28.84708
662.6352,28.85263
662.7876,29.38449
662.94,28.86449
663.0924,27.87433
663.2448,27.05511
663.3972,26.97929
663.5496,26.50066
663.702,25.17006
663.8544,24.89499
664.0068,25.28664
664.1592,26.57141
664.3116,27.30809
664.464,26.89825
664.6164,26.70047
664.7688,27.62848
664.9212,27.89488
665.0736,27.34441
665.226,27.20393
665.3784,27.7755
665.5308,28.84425
665.6832,30.9632
665.8356,30.85033
665.988,30.95277
666.1404,32.39584
666.2928,33.32126
666.4452,32.44272
666.5976,31.09219
666.75,29.77876
666.9024,28.8335
667.0548,28.81386
667.2072,27.96892
667.3596,27.88147
667.512,26.9828
667.6644,26.95528
667.8168,26.43776
667.9692,26.08238
668.1216,26.35538
668.274,27.35223
668.4264,29.02409
668.5788,28.98816
668.7312,28.57829
668.8836,28.64287
669.036,29.24672
669.1884,28.65184
669.3408,27.22964
669.4932,26.30576
669.6456,28.94905
669.798,28.77856
669.9504,28.13545
670.1028,27.31285
670.2552,27.12938
670.4076,27.39117
670.56,27.39444
670.7124,26.933
670.8648,26.56868
671.0172,27.0681
671.1696,27.22937
671.322,26.96461
671.4744,26.85849
671.6268,27.62714
671.7792,28.257
671.9316,28.10907
672.084,27.2908
672.2364,27.0226
672.3888,28.31653
672.5412,29.21744
672.6936,29.19244
672.846,29.23714
672.9984,29.49863
673.1508,29.65468
673.3032,29.47333
673.4556,29.22592
673.608,30.12756
673.7604,32.1463
673.9128,32.34189
674.0652,31.45772
674.2176,30.45453
674.37,30.20177
674.5224,29.41016
674.6748,28.51051
674.8272,28.20825
674.9796,28.27164
675.132,27.83788
675.2844,27.4344
675.4368,27.20425
675.5892,27.19511
675.7416,26.18646
675.894,26.0834
676.0464,26.79628
676.1988,27.26721
676.3512,27.33101
676.5036,27.28612
676.656,27.10226
676.8084,26.86957
676.9608,26.52138
677.1132,26.11327
677.2656,26.27058
677.418,27.32472
677.5704,27.21138
677.7228,26.79561
677.8752,26.94055
678.0276,29.21352
678.18,30.11168
678.3324,30.50926
678.4848,30.17639
678.6372,29.2076
678.7896,27.84355
678.942,27.62022
679.0944,26.18611
679.2468,25.24997
679.3992,24.3215
679.5516,23.82164
679.704,23.79964
679.8564,23.78578
680.0088,24.08894
680.1612,24.71913
680.3136,25.91745
680.466,27.72313
680.6184,29.14664
680.7708,29.96507
680.9232,28.8304
681.0756,28.50629
681.228,29.05431
681.3804,30.72729
681.5328,31.14357
681.6852,31.34866
681.8376,30.93994
681.99,31.19806
682.1424,32.96582
682.2948,32.85278
682.4472,32.67014
682.5996,32.07538
682.752,30.3485
682.9044,27.87276
683.0568,25.22604
683.2092,23.53438
683.3616,23.11484
683.514,23.80547
683.6664,25.49214
683.8188,26.64262
683.9712,26.90958
684.1236,27.09888
684.276,27.19026
684.4284,27.66873
684.5808,28.29437
684.7332,29.12407
684.8856,30.09135
685.038,31.21373
685.1904,32.50806
685.3428,33.91342
685.4952,36.42773
685.6476,37.28458
685.8,36.46384
685.9524,34.52476
686.1048,33.26566
686.2572,32.14437
686.4096,30.9602
686.562,29.76152
686.7144,28.72626
686.8668,28.37718
687.0192,28.92832
687.1716,29.4347
687.324,28.18907
687.4764,27.1151
687.6288,26.48708
687.7812,26.00253
687.9336,26.00674
688.086,26.62406
688.2384,27.40924
688.3908,27.86788
688.5432,27.64235
688.6956,29.07544
688.848,29.73214
689.0004,30.18678
689.1528,30.86216
689.3052,30.96747
689.4576,29.71797
689.61,28.46102
689.7624,28.2322
689.9148,28.65199
690.0672,30.05709
690.2196,31.92947
690.372,30.78981
690.5244,29.50669
690.6768,28.82127
690.8292,29.14357
690.9816,29.57512
691.134,31.64008
691.2864,31.28118
691.4388,29.72264
691.5912,28.35276
691.7436,27.33045
691.896,27.14729
692.0484,27.12835
692.2008,26.20178
692.3532,24.80475
692.5056,24.40874
692.658,25.18167
692.8104,27.28622
692.9628,29.81413
693.1152,30.627
693.2676,30.75328
693.42,31.48717
693.5724,33.07092
693.7248,34.38593
693.8772,35.81815
694.0296,33.5819
694.182,32.58372
694.3344,31.76023
694.4868,33.26229
694.6392,32.24982
694.7916,30.66452
694.944,29.39778
695.0964,28.94125
695.2488,28.39051
695.4012,28.07553
695.5536,28.72557
695.706,29.41755
695.8584,29.05033
696.0108,28.34328
696.1632,28.48837
696.3156,28.82859
696.468,28.59173
696.6204,27.96203
696.7728,27.65146
696.9252,28.13846
697.0776,29.20303
697.23,29.58426
697.3824,31.17528
697.5348,33.13086
697.6872,34.32587
697.8396,35.47301
697.992,35.47185
698.1444,34.60571
698.2968,33.4379
698.4492,33.49896
698.6016,34.05737
698.754,33.06822
698.9064,31.87882
699.0588,30.97325
699.2112,30.31609
699.3636,29.41934
699.516,28.45422
699.6684,27.817
699.8208,27.84511
699.9732,26.97226
700.1256,27.0701
700.278,28.08902
700.4304,27.6156
700.5828,26.57903
700.7352,26.09266
700.8876,26.18058
701.04,27.44292
701.1924,27.99723
701.3448,28.21856
701.4972,27.47493
701.6496,26.99218
701.802,26.91616
701.9544,25.9615
702.1068,25.21875
702.2592,24.78307
702.4116,25.03113
702.564,24.66062
702.7164,24.84953
702.8688,25.35967
703.0212,27.34716
703.1736,28.02519
703.326,27.85888
703.4784,27.38487
703.6308,26.5899
703.7832,28.62789
703.9356,29.75641
704.088,29.87374
704.2404,29.76085
704.3928,29.69098
704.5452,29.88081
704.6976,30.71851
704.85,32.57417
705.0024,33.02169
705.1548,36.8281
705.3072,38.83965
705.4596,39.33492
705.612,36.943
705.7644,36.08375
705.9168,35.89211
706.0692,35.29462
706.2216,35.53922
706.374,35.84695
706.5264,34.78042
706.6788,33.26469
706.8312,31.59132
706.9836,31.33942
707.136,31.41147
707.2884,31.46558
707.4408,32.47208
707.5932,33.37819
707.7456,34.92717
707.898,37.29579
708.0504,37.7812
708.2028,36.16296
708.3552,33.95631
708.5076,32.40109
708.66,33.10693
708.8124,34.00629
708.9648,33.96972
709.1172,33.52068
709.2696,32.4665
709.422,31.83318
709.5744,32.87415
709.7268,33.15694
709.8792,33.67573
710.0316,33.99201
710.184,32.7017
710.3364,31.35698
710.4888,30.89725
710.6412,30.09961
710.7936,30.51372
710.946,31.14211
711.0984,31.63264
711.2508,31.96647
711.4032,33.00919
711.5556,34.82186
711.708,35.63225
711.8604,36.96581
712.0128,34.65659
712.1652,32.93968
712.3176,32.59954
712.47,30.93967
712.6224,30.69149
712.7748,31.62071
712.9272,32.81069
713.0796,32.50157
713.232,31.64909
713.3844,31.29903
713.5368,31.39632
713.6892,31.44316
713.8416,31.08
713.994,29.94477
714.1464,29.19302
714.2988,29.08197
714.4512,31.08362
714.6036,32.96268
714.756,32.46436
714.9084,32.59005
715.0608,32.97504
715.2132,32.20185
715.3656,31.1311
715.518,30.19051
715.6704,29.27158
715.8228,30.28203
715.9752,32.6874
716.1276,34.44566
716.28,33.03442
716.4324,31.52077
716.5848,30.2715
716.7372,29.60518
716.8896,29.04898
717.042,29.51602
717.1944,29.7519
717.3468,31.11371
717.4992,31.66562
717.6516,31.55574
717.804,30.9621
717.9564,30.73234
718.1088,30.40535
718.2612,28.85567
718.4136,28.21886
718.566,27.69418
718.7184,27.7418
718.8708,28.60468
719.0232,28.58504
719.1756,27.74614
719.328,27.38335
719.4804,27.37201
719.6328,28.25106
719.7852,27.94982
719.9376,28.29205
720.09,28.00469
720.2424,27.01876
720.3948,26.05222
720.5472,27.21389
720.6996,29.59398
720.852,30.38855
721.0044,28.10349
721.1568,27.82637
721.3092,26.96668
721.4616,26.76745
721.614,27.11574
721.7664,27.59852
721.9188,28.56767
722.0712,29.86166
722.2236,30.57286
722.376,30.81369
722.5284,31.27685
722.6808,31.39572
722.8332,31.02932
722.9856,30.50658
723.138,30.57101
723.2904,31.86059
723.4428,32.41871
723.5952,33.89687
723.7476,33.56229
723.9,33.01829
724.0524,32.26575
724.2048,32.84701
724.3572,32.66824
724.5096,32.15884
724.662,32.359
724.8144,32.6583
724.9668,31.84956
725.1192,30.63897
725.2716,29.46795
725.424,29.53838
725.5764,29.38022
725.7288,28.83285
725.8812,29.6108
726.0336,30.50665
726.186,30.71338
726.3384,29.55777
726.4908,28.45399
726.6432,27.2417
726.7956,26.89493
726.948,27.70742
727.1004,29.17972
727.2528,31.06767
727.4052,32.94257
727.5576,34.50351
727.71,35.30308
727.8624,35.93782
728.0148,34.49039
728.1672,32.68048
728.3196,30.59995
728.472,29.08412
728.6244,27.83419
728.7768,27.35083
728.9292,29.22577
729.0816,31.04317
729.234,30.56636
729.3864,28.85244
729.5388,27.51852
729.6912,27.21052
729.8436,27.7876
729.996,28.84351
730.1484,30.61347
730.3008,31.43415
730.4532,35.67704
730.6056,36.81367
730.758,37.743
730.9104,38.64513
731.0628,37.80755
731.2152,36.36476
731.3676,34.86814
731.52,33.1876
731.6724,31.38449
731.8248,30.14376
731.9772,31.11007
732.1296,31.05906
732.282,30.41609
732.4344,29.05227
732.5868,28.07479
732.7392,27.22265
732.8916,27.05067
733.044,27.93159
733.1964,27.92656
733.3488,27.40372
733.5012,27.77747
733.6536,28.38871
733.806,28.20823
733.9584,28.41175
734.1108,29.0593
734.2632,30.06803
734.4156,31.10674
734.568,31.33375
734.7204,31.08999
734.8728,30.65543
735.0252,29.92299
735.1776,29.5438
735.33,29.53496
735.4824,29.03768
735.6348,28.73927
735.7872,29.20594
735.9396,30.64557
736.092,31.27571
736.2444,31.24479
736.3968,31.90237
736.5492,32.74242
736.7016,32.15616
736.854,30.791
737.0064,29.60902
737.1588,29.02514
737.3112,29.07603
737.4636,29.87375
737.616,30.22458
737.7684,30.06856
737.9208,29.98431
738.0732,30.93576
738.2256,32.151
738.378,32.28156
738.5304,30.88492
738.6828,29.02107
738.8352,28.10081
738.9876,27.49377
739.14,27.70475
739.2924,28.59037
739.4448,28.71732
739.5972,28.50761
739.7496,28.05651
739.902,27.21984
740.0544,26.58737
740.2068,25.97566
740.3592,26.36594
740.5116,26.67927
740.664,26.57443
740.8164,27.67281
740.9688,28.0344
741.1212,28.34883
741.2736,28.30981
741.426,27.9818
741.5784,27.68477
741.7308,27.41753
741.8832,26.66603
742.0356,25.64732
742.188,25.20582
742.3404,25.4681
742.4928,26.42926
742.6452,27.93078
742.7976,29.15033
742.95,29.63902
743.1024,29.17928
743.2548,27.15513
743.4072,26.36588
743.5596,26.01978
743.712,25.80077
743.8644,25.53211
744.0168,27.70871
744.1692,28.60195
744.3216,29.1592
744.474,29.01115
744.6264,27.77454
744.7788,27.51153
744.9312,27.65625
745.0836,27.8046
745.236,26.3877
745.3884,25.48381
745.5408,26.99234
745.6932,27.95549
745.8456,27.32884
745.998,27.73794
746.1504,27.2584
746.3028,26.28427
746.4552,25.77078
746.6076,25.79856
746.76,26.60449
746.9124,27.16125
747.0648,27.1507
747.2172,26.62817
747.3696,27.28679
747.522,27.59784
747.6744,27.41877
747.8268,27.46909
747.9792,28.07977
748.1316,30.05379
748.284,31.87969
748.4364,32.68575
748.5888,32.08699
748.7412,32.93219
748.8936,32.79891
749.046,31.58806
749.1984,30.94124
749.3508,30.52927
749.5032,30.2506
749.6556,30.12401
749.808,30.00146
749.9604,29.76882
750.1128,28.74113
750.2652,28.15745
750.4176,29.16933
750.57,30.03577
750.7224,30.13219
750.8748,30.45657
751.0272,29.76188
751.1796,27.63615
751.332,26.08838
751.4844,25.07139
751.6368,26.44408
751.7892,27.2951
751.9416,27.50933
752.094,27.26893
752.2464,27.7285
752.3988,27.66064
752.5512,27.40481
752.7036,27.85016
752.856,28.5783
753.0084,29.50841
753.1608,29.17182
753.3132,27.60337
753.4656,26.87378
753.618,27.19537
753.7704,27.47923
753.9228,28.67011
754.0752,29.75806
754.2276,29.35757
754.38,28.37785
754.5324,27.96404
754.6848,28.23739
754.8372,27.61112
754.9896,26.57159
755.142,25.72121
755.2944,26.02471
755.4468,26.5003
755.5992,26.58992
755.7516,26.41831
755.904,26.49383
756.0564,26.23911
756.2088,25.84791
756.3612,27.11745
756.5136,28.78629
756.666,30.2416
756.8184,31.83832
756.9708,33.47367
757.1232,34.60595
757.2756,33.75971
757.428,32.4424
757.5804,31.4193
757.7328,30.7224
757.8852,30.70863
758.0376,32.61864
758.19,33.2418
758.3424,32.83897
758.4948,32.98672
758.6472,32.38037
758.7996,31.52649
758.952,30.83532
759.1044,30.24541
759.2568,30.1722
759.4092,29.90312
759.5616,30.02887
759.714,31.69191
759.8664,32.23335
760.0188,32.28918
760.1712,32.08737
760.3236,31.65928
760.476,30.40368
760.6284,29.22155
760.7808,28.4722
760.9332,29.02373
761.0856,30.88918
761.238,30.4732
761.3904,29.96442
761.5428,29.9036
761.6952,30.19096
761.8476,29.9501
762,29.71422
762.1524,29.57326
762.3048,30.30833
762.4572,30.51053
762.6096,30.42149
762.762,30.2101
762.9144,30.00905
763.0668,29.56355
763.2192,28.53944
763.3716,28.1395
763.524,27.85516
763.6764,28.1416
763.8288,27.87997
763.9812,27.99083
764.1336,28.50105
764.286,28.37231
764.4384,28.74925
764.5908,29.0209
764.7432,28.71548
764.8956,28.17404
765.048,28.49739
765.2004,28.36865
765.3528,28.38741
765.5052,28.631
765.6576,28.10654
765.81,27.68721
765.9624,28.36636
766.1148,29.87404
766.2672,30.50211
766.4196,30.36815
766.572,29.90849
766.7244,28.27452
766.8768,28.25287
767.0292,29.18042
767.1816,29.24763
767.334,29.20987
767.4864,28.48465
767.6388,27.06618
767.7912,25.68781
767.9436,24.42336
768.096,24.25458
768.2484,24.53632
768.4008,24.86272
768.5532,25.45898
768.7056,25.77422
768.858,25.96176
769.0104,26.05225
769.1628,26.23334
769.3152,27.40434
769.4676,28.46935
769.62,28.79007
769.7724,28.75214
769.9248,29.90669
770.0772,30.63318
770.2296,31.05714
770.382,30.95998
770.5344,31.07703
770.6868,32.00964
770.8392,32.11096
770.9916,30.02771
771.144,27.45271
771.2964,26.3446
771.4488,26.99608
771.6012,28.63268
771.7536,28.66449
771.906,27.73741
772.0584,27.98759
772.2108,28.44469
772.3632,28.03226
772.5156,27.16063
772.668,26.44836
772.8204,26.90808
772.9728,26.22581
773.1252,26.38748
773.2776,27.72148
773.43,29.70332
773.5824,30.37531
773.7348,30.37556
773.8872,28.76762
774.0396,27.53185
774.192,26.92728
774.3444,27.82127
774.4968,29.12061
774.6492,28.45808
774.8016,27.86276
774.954,28.45364
775.1064,29.44333
775.2588,30.21524
775.4112,29.16484
775.5636,26.66628
775.716,26.15564
775.8684,25.87584
776.0208,24.98357
776.1732,24.87471
776.3256,24.87766
776.478,24.04247
776.6304,23.81079
776.7828,24.22054
776.9352,25.14586
777.0876,25.70193
777.24,25.37698
777.3924,24.58434
777.5448,23.67966
777.6972,23.84834
777.8496,23.38503
778.002,23.25822
778.1544,23.65092
778.3068,24.83194
778.4592,26.35564
778.6116,25.98862
778.764,25.26958
778.9164,23.6055
779.0688,23.62274
779.2212,24.00131
779.3736,24.10321
779.526,23.57866
779.6784,24.41193
779.8308,24.94955
779.9832,24.57353
780.1356,24.52724
780.288,25.04588
780.4404,26.06613
780.5928,26.3015
780.7452,25.63025
780.8976,24.23018
781.05,23.02682
781.2024,23.10732
781.3548,23.08757
781.5072,23.28583
781.6596,22.86366
781.812,23.27638
781.9644,22.61586
782.1168,22.32765
782.2692,22.29236
782.4216,21.68161
782.574,21.5563
782.7264,22.12924
782.8788,22.95935
783.0312,24.0676
783.1836,25.24915
783.336,24.57172
783.4884,23.79552
783.6408,23.58685
783.7932,23.12985
783.9456,22.43217
784.098,21.68709
784.2504,21.56084
784.4028,22.63184
784.5552,23.99011
784.7076,25.25049
784.86,25.72284
785.0124,25.31589
785.1648,26.35968
785.3172,27.82002
785.4696,26.82489
785.622,25.76164
785.7744,25.23431
785.9268,25.31439
786.0792,25.73109
786.2316,24.91275
786.384,24.51718
786.5364,24.64302
786.6888,25.57535
786.8412,26.55074
786.9936,26.67639
787.146,26.37025
787.2984,25.71344
787.4508,25.41779
787.6032,25.07411
787.7556,24.45227
787.908,23.98779
788.0604,23.32628
788.2128,22.98477
788.3652,23.5592
788.5176,23.88513
788.67,23.01468
788.8224,21.97552
788.9748,22.24254
789.1272,22.12782
789.2796,21.77495
789.432,21.84352
789.5844,22.73676
789.7368,24.34256
789.8892,23.91261
790.0416,24.50098
790.194,24.86084
790.3464,24.15044
790.4988,23.3855
790.6512,22.92653
790.8036,22.67216
790.956,22.92082
791.1084,23.5219
791.2608,23.44115
791.4132,23.52635
791.5656,22.77713
791.718,23.06407
791.8704,24.01637
792.0228,23.56737
792.1752,23.68802
792.3276,24.44899
792.48,25.8548
792.6324,27.00819
792.7848,28.26439
792.9372,28.66638
793.0896,25.87303
793.242,24.77808
793.3944,24.42198
793.5468,23.70518
793.6992,23.39291
793.8516,23.57922
794.004,25.09154
794.1564,25.85689
794.3088,26.35768
794.4612,27.26549
794.6136,27.57513
794.766,27.17889
794.9184,26.83125
795.0708,26.90088
795.2232,26.39484
795.3756,25.20541
795.528,24.69908
795.6804,24.94415
795.8328,24.81027
795.9852,24.46838
796.1376,24.26921
796.29,24.94505
796.4424,24.86646
796.5948,24.78198
796.7472,24.57983
796.8996,24.67114
797.052,25.22157
797.2044,25.85768
797.3568,26.37962
797.5092,27.35127
797.6616,29.23489
797.814,29.64084
797.9664,28.98488
798.1188,28.11769
798.2712,27.09254
798.4236,26.32797
798.576,25.8082
798.7284,25.87512
798.8808,26.26552
799.0332,25.62067
799.1856,24.98311
799.338,25.5793
799.4904,26.51987
799.6428,26.11646
799.7952,25.44696
799.9476,25.00687
800.1,25.05507
800.2524,25.46753
800.4048,26.98285
800.5572,28.55914
800.7096,28.84233
800.862,28.59006
801.0144,28.29637
801.1668,27.82556
801.3192,27.22772
801.4716,27.11957
801.624,28.32167
801.7764,29.60031
801.9288,30.58389
802.0812,30.49908
802.2336,29.57549
802.386,28.40483
802.5384,28.60341
802.6908,29.88301
802.8432,30.03406
802.9956,29.85663
803.148,29.42853
803.3004,28.22531
803.4528,28.25346
803.6052,29.7272
803.7576,30.54535
803.91,30.63634
804.0624,31.21198
804.2148,31.75868
804.3672,31.99348
804.5196,31.9574
804.672,31.32004
804.8244,29.60776
804.9768,29.19418
805.1292,30.42227
805.2816,31.66302
805.434,31.77042
805.5864,31.46538
805.7388,30.91882
805.8912,30.31316
806.0436,31.17278
806.196,31.24545
806.3484,32.54813
806.5008,32.47821
806.6532,31.29407
806.8056,29.22546
806.958,28.71324
807.1104,29.96461
807.2628,30.65793
807.4152,30.32025
807.5676,29.0831
807.72,27.69861
807.8724,27.64096
808.0248,27.36626
808.1772,27.74719
808.3296,27.8755
808.482,27.50621
808.6344,27.44366
808.7868,26.02539
808.9392,26.98534
809.0916,28.90715
809.244,30.53159
809.3964,30.77112
809.5488,30.11221
809.7012,29.3053
809.8536,28.56224
810.006,28.50146
810.1584,28.05801
810.3108,27.40323
810.4632,28.02992
810.6156,28.05521
810.768,29.36702
810.9204,28.11459
811.0728,27.00955
811.2252,26.10892
811.3776,25.85271
811.53,26.28664
811.6824,27.35225
811.8348,27.52954
811.9872,27.75293
812.1396,28.15596
812.292,28.87018
812.4444,28.69463
812.5968,27.96442
812.7492,28.52609
812.9016,28.84805
813.054,28.15788
813.2064,27.09836
813.3588,26.51428
813.5112,26.3567
813.6636,27.2513
813.816,28.25349
813.9684,27.56282
814.1208,26.61583
814.2732,25.96312
814.4256,25.95869
814.578,26.24443
814.7304,27.4984
814.8828,27.48625
815.0352,27.85928
815.1876,28.73407
815.34,29.86722
815.4924,31.64507
815.6448,31.12874
815.7972,30.66858
815.9496,30.8869
816.102,31.93484
816.2544,32.3696
816.4068,32.00351
816.5592,31.3219
816.7116,30.95898
816.864,30.57941
817.0164,31.20074
817.1688,30.58522
817.3212,29.85936
817.4736,29.69179
817.626,30.00513
817.7784,30.73811
817.9308,30.58612
818.0832,29.91205
818.2356,29.31705
818.388,28.08763
818.5404,26.52002
818.6928,25.54877
818.8452,24.94295
818.9976,25.00868
819.15,25.87335
819.3024,27.5062
819.4548,27.45671
819.6072,26.99994
819.7596,27.43616
819.912,27.31963
820.0644,26.4659
820.2168,26.09381
820.3692,26.49187
820.5216,25.74384
820.674,25.16064
820.8264,25.58305
820.9788,26.01456
821.1312,26.06909
821.2836,25.73447
821.436,27.29662
821.5884,27.60503
821.7408,27.50742
821.8932,27.96262
822.0456,28.13141
822.198,27.59636
822.3504,26.7787
822.5028,25.80891
822.6552,24.7944
822.8076,23.87096
822.96,22.9693
823.1124,22.24197
823.2648,22.21031
823.4172,21.76881
823.5696,21.61159
823.722,23.01863
823.8744,23.52831
824.0268,23.47165
824.1792,22.62343
824.3316,22.80186
824.484,22.94537
824.6364,23.5394
824.7888,23.18198
824.9412,22.4604
825.0936,22.26321
825.246,21.85513
825.3984,22.21222
825.5508,22.70506
825.7032,23.12393
825.8556,23.30998
826.008,23.41945
826.1604,23.42816
826.3128,22.96992
826.4652,22.29422
826.6176,22.63841
826.77,23.66096
826.9224,22.9639
827.0748,22.45413
827.2272,22.66556
827.3796,24.26642
827.532,24.09912
827.6844,23.17091
827.8368,22.5182
827.9892,22.8166
828.1416,23.80464
828.294,24.09349
828.4464,24.23935
828.5988,25.45197
828.7512,25.80182
828.9036,25.98984
829.056,25.83093
829.2084,25.10898
829.3608,24.25508
829.5132,23.7906
829.6656,23.3925
829.818,22.54578
829.9704,21.43912
830.1228,20.89145
830.2752,21.76842
830.4276,22.4117
830.58,22.3936
830.7324,21.78191
830.8848,21.13437
831.0372,21.3219
831.1896,22.04889
831.342,22.04562
831.4944,21.56282
831.6468,20.70874
831.7992,19.5006
831.9516,18.98727
832.104,19.87868
832.2564,20.14903
832.4088,19.97566
832.5612,21.11758
832.7136,22.62294
832.866,23.45319
833.0184,23.87906
833.1708,24.05695
833.3232,23.16862
833.4756,22.39706
833.628,22.83498
833.7804,21.85669
833.9328,22.68625
834.0852,22.08893
834.2376,21.01123
834.39,20.46648
834.5424,20.60858
834.6948,21.73311
834.8472,23.26582
834.9996,23.86224
835.152,23.95381
835.3044,23.93358
835.4568,23.50195
835.6092,22.78349
835.7616,23.55542
835.914,25.36246
836.0664,25.8589
836.2188,25.2657
836.3712,25.57437
836.5236,26.71292
836.676,28.79552
836.8284,30.01718
836.9808,29.97098
837.1332,28.4045
837.2856,26.69447
837.438,25.39133
837.5904,26.02026
837.7428,28.10893
837.8952,28.64714
838.0476,27.21303
838.2,25.62074
838.3524,24.42819
838.5048,23.40258
838.6572,23.46473
838.8096,24.86937
838.962,26.24307
839.1144,26.95607
839.2668,27.49663
839.4192,28.4575
839.5716,28.80956
839.724,29.63704
839.8764,29.67427
840.0288,29.51478
840.1812,28.86619
840.3336,27.75141
840.486,26.2452
840.6384,24.84571
840.7908,24.59489
840.9432,25.32642
841.0956,26.51741
841.248,27.21372
841.4004,27.48659
841.5528,26.99997
841.7052,25.96893
841.8576,24.40026
842.01,23.84417
842.1624,23.97929
842.3148,23.28194
842.4672,23.12873
842.6196,24.27997
842.772,24.94034
842.9244,25.58928
843.0768,27.46882
843.2292,29.25842
843.3816,29.38917
843.534,29.22478
843.6864,28.80632
843.8388,27.51743
843.9912,26.22729
844.1436,25.66664
844.296,26.60398
844.4484,26.78563
844.6008,26.51245
844.7532,25.62819
844.9056,26.20609
845.058,26.08611
845.2104,26.2627
845.3628,27.58029
845.5152,29.17373
845.6676,29.5335
845.82,29.64135
845.9724,30.21168
846.1248,30.86753
846.2772,30.75606
846.4296,29.92632
846.582,28.60432
846.7344,28.56694
846.8868,27.93091
847.0392,27.48578
847.1916,27.51324
847.344,28.03881
847.4964,28.71171
847.6488,28.97573
847.8012,28.64679
847.9536,28.63986
848.106,28.8732
848.2584,29.84611
848.4108,30.49935
848.5632,32.73547
848.7156,34.15357
848.868,33.79488
849.0204,32.07642
849.1728,31.32389
849.3252,30.48166
849.4776,29.82088
849.63,28.06527
849.7824,27.81974
849.9348,26.69669
850.0872,26.34492
850.2396,26.78534
850.392,26.19004
850.5444,25.09023
850.6968,24.47672
850.8492,24.2732
851.0016,24.10667
851.154,23.85673
851.3064,22.42902
851.4588,21.45336
851.6112,20.49744
851.7636,20.47458
851.916,22.07741
852.0684,23.36702
852.2208,24.2822
852.3732,25.03746
852.5256,25.58454
852.678,25.39957
852.8304,24.43862
852.9828,23.59637
853.1352,23.19676
853.2876,23.29748
853.44,23.26513
853.5924,23.3287
853.7448,23.63879
853.8972,23.88898
854.0496,24.88194
854.202,26.04649
854.3544,25.93348
854.5068,25.76436
854.6592,26.08862
854.8116,26.6739
854.964,26.55738
855.1164,26.11829
855.2688,26.24217
855.4212,25.65121
855.5736,24.18297
855.726,23.12251
855.8784,22.21654
856.0308,22.02023
856.1832,21.97119
856.3356,21.78399
856.488,21.60572
856.6404,21.91689
856.7928,22.52303
856.9452,23.37357
857.0976,23.77788
857.25,23.44114
857.4024,23.02474
857.5548,23.00355
857.7072,22.64064
857.8596,21.88125
858.012,21.13962
858.1644,21.94302
858.3168,22.71232
858.4692,23.41696
858.6216,24.1216
858.774,24.82624
858.9264,25.88089
859.0788,26.18672
859.2312,24.20481
859.3836,24.3863
859.536,24.424
859.6884,23.9179
859.8408,22.76657
859.9932,21.18705
860.1456,20.60592
860.298,20.79713
860.4504,21.05907
860.6028,21.50069
860.7552,21.48348
860.9076,21.31106
861.06,22.21832
861.2124,24.90592
861.3648,26.50302
861.5172,27.00966
861.6696,25.17281
861.822,23.2126
861.9744,21.96962
862.1268,20.98828
862.2792,20.75021
862.4316,20.96172
862.584,21.59763
862.7364,22.69867
862.8888,23.76913
863.0412,24.20732
863.1936,24.03586
863.346,23.45535
863.4984,23.74378
863.6508,24.34341
863.8032,24.79942
863.9556,24.60746
864.108,24.65195
864.2604,22.59344
864.4128,21.84259
864.5652,21.41203
864.7176,21.26224
864.87,21.35343
865.0224,21.53377
865.1748,21.71552
865.3272,21.90824
865.4796,21.95523
865.632,22.10116
865.7844,22.53606
865.9368,23.23148
866.0892,23.96355
866.2416,23.76198
866.394,23.06083
866.5464,22.46506
866.6988,22.67314
866.8512,23.79894
867.0036,23.92884
867.156,23.95429
867.3084,24.32884
867.4608,25.25908
867.6132,25.88942
867.7656,26.98738
867.918,26.48032
868.0704,26.16643
868.2228,26.48765
868.3752,26.89765
868.5276,26.82957
868.68,28.39317
868.8324,28.47343
868.9848,28.4319
869.1372,28.06372
869.2896,27.40567
869.442,25.75941
869.5944,24.58298
869.7468,23.65652
869.8992,23.63578
870.0516,24.67311
870.204,23.82962
870.3564,24.22294
870.5088,23.68176
870.6612,22.23748
870.8136,21.04672
870.966,20.58467
871.1184,21.79796
871.2708,24.09337
871.4232,24.951
871.5756,24.76617
871.728,25.00887
871.8804,25.83991
872.0328,26.11372
872.1852,25.34382
872.3376,24.5429
872.49,23.78819
872.6424,22.98349
872.7948,22.66343
872.9472,23.54324
873.0996,24.72869
873.252,24.52975
873.4044,23.3481
873.5568,22.92299
873.7092,23.00787
873.8616,23.97684
874.014,24.84091
874.1664,24.41878
874.3188,25.21913
874.4712,26.63208
874.6236,28.21552
874.776,27.65181
874.9284,26.42068
875.0808,26.96392
875.2332,27.50142
875.3856,26.661
875.538,26.01385
875.6904,26.25523
875.8428,26.44847
875.9952,26.229
876.1476,26.06463
876.3,25.2242
876.4524,24.35552
876.6048,24.09716
876.7572,24.76675
876.9096,25.08773
877.062,24.95131
877.2144,24.70145
877.3668,24.94975
877.5192,25.50747
877.6716,25.92671
877.824,27.35161
877.9764,28.24062
878.1288,28.34936
878.2812,28.63177
878.4336,29.49616
878.586,29.59221
878.7384,28.84416
878.8908,27.9191
879.0432,27.21138
879.1956,27.31644
879.348,27.9719
879.5004,27.79259
879.6528,28.01937
879.8052,27.63897
879.9576,26.81129
880.11,25.82193
880.2624,25.21371
880.4148,23.72191
880.5672,23.5997
880.7196,25.15673
880.872,26.07737
881.0244,26.4772
881.1768,26.59372
881.3292,27.59378
881.4816,28.72372
881.634,28.85079
881.7864,30.39333
881.9388,30.8031
882.0912,31.0055
882.2436,30.96908
882.396,32.18116
882.5484,32.10475
882.7008,31.39839
882.8532,29.9732
883.0056,30.17889
883.158,30.3687
883.3104,28.6139
883.4628,27.1377
883.6152,27.31469
883.7676,26.48188
883.92,25.77306
884.0724,25.22243
884.2248,24.54122
884.3772,25.47425
884.5296,26.50462
884.682,27.25592
884.8344,26.63725
884.9868,26.2622
885.1392,26.69811
885.2916,27.48129
885.444,28.2986
885.5964,28.70078
885.7488,28.40256
885.9012,28.1867
886.0536,28.8585
886.206,29.88971
886.3584,29.89061
886.5108,30.79311
886.6632,31.73835
886.8156,31.4309
886.968,32.05592
887.1204,32.54926
887.2728,32.66531
887.4252,32.5191
887.5776,31.81105
887.73,31.95925
887.8824,30.43897
888.0348,28.83068
888.1872,28.15847
888.3396,28.23738
888.492,27.94553
888.6444,27.51783
888.7968,27.49413
888.9492,28.07477
889.1016,28.60249
889.254,28.22734
889.4064,27.80372
889.5588,27.84056
889.7112,27.90009
889.8636,28.44622
890.016,29.75241
890.1684,29.13522
890.3208,28.32841
890.4732,28.31321
890.6256,30.20892
890.778,31.08682
890.9304,30.5545
891.0828,29.82464
891.2352,28.80331
891.3876,28.14743
891.54,28.42357
891.6924,29.81821
891.8448,30.39612
891.9972,30.86385
892.1496,30.5428
892.302,29.64747
892.4544,28.37974
892.6068,27.43535
892.7592,27.53789
892.9116,27.63389
893.064,26.67943
893.2164,26.14539
893.3688,25.61189
893.5212,25.8961
893.6736,27.21355
893.826,28.25569
893.9784,30.52545
894.1308,31.72435
894.2832,31.36346
894.4356,32.32021
894.588,33.48869
894.7404,32.93777
894.8928,31.68489
895.0452,30.70793
895.1976,30.37647
895.35,29.57164
895.5024,28.77717
895.6548,27.74329
895.8072,26.73515
895.9596,26.02538
896.112,25.50109
896.2644,25.40101
896.4168,25.48392
896.5692,27.76208
896.7216,29.32638
896.874,30.56102
897.0264,30.88203
897.1788,30.2631
897.3312,29.34016
897.4836,29.63823
897.636,30.80289
897.7884,31.87478
897.9408,32.42675
898.0932,31.63584
898.2456,28.94283
898.398,26.6645
898.5504,26.28654
898.7028,28.16814
898.8552,29.09786
899.0076,28.35334
899.16,27.03629
899.3124,26.6818
899.4648,27.75919
899.6172,28.68201
899.7696,28.56345
899.922,27.96317
900.0744,28.75856
900.2268,30.68263
900.3792,31.31836
900.5316,31.04919
900.684,33.30058
900.8364,35.36224
900.9888,36.16185
901.1412,35.75403
901.2936,35.53947
901.446,37.13134
901.5984,37.24943
901.7508,36.25334
901.9032,35.50257
902.0556,33.61431
902.208,32.74194
902.3604,32.64287
902.5128,32.67824
902.6652,35.87543
902.8176,35.65495
902.97,33.66325
903.1224,31.35482
903.2748,30.59799
903.4272,31.37792
903.5796,30.92342
903.732,29.16076
903.8844,27.94877
904.0368,27.30493
904.1892,28.00727
904.3416,27.86523
904.494,27.7113
904.6464,29.32875
904.7988,30.75262
904.9512,31.37923
905.1036,30.78069
905.256,30.44929
905.4084,30.94668
905.5608,31.99947
905.7132,30.99433
905.8656,28.96675
906.018,29.56664
906.1704,29.81212
906.3228,30.39511
906.4752,32.26212
906.6276,32.92034
906.78,32.33324
906.9324,31.12376
907.0848,30.93949
907.2372,31.20417
907.3896,32.02693
907.542,32.03661
907.6944,31.06477
907.8468,30.11063
907.9992,29.94483
908.1516,30.23063
908.304,29.22647
908.4564,28.08137
908.6088,27.16445
908.7612,25.57417
908.9136,25.76143
909.066,27.24117
909.2184,27.47242
909.3708,26.8656
909.5232,26.34447
909.6756,25.96061
909.828,25.96762
909.9804,26.56664
910.1328,27.84964
910.2852,28.9367
910.4376,28.78551
910.59,29.55642
910.7424,29.87329
910.8948,29.57236
911.0472,29.7754
911.1996,29.43546
911.352,29.25832
911.5044,30.82899
911.6568,31.32152
911.8092,31.32792
911.9616,32.51276
912.114,32.70349
912.2664,31.43313
912.4188,29.92232
912.5712,29.34753
912.7236,29.25517
912.876,29.07617
913.0284,29.23691
913.1808,29.74974
913.3332,29.45406
913.4856,29.01796
913.638,29.14222
913.7904,29.02559
913.9428,29.18332
914.0952,29.80524
914.2476,29.34435
914.4,28.81242
914.5524,28.09973
914.7048,28.1385
914.8572,28.83112
915.0096,28.54807
915.162,27.88036
915.3144,27.18904
915.4668,27.05667
915.6192,27.50113
915.7716,27.92081
915.924,27.53859
916.0764,26.91487
916.2288,26.92841
916.3812,27.41119
916.5336,29.01984
916.686,30.31857
916.8384,29.91255
916.9908,29.38193
917.1432,29.31953
917.2956,29.08934
917.448,28.7522
917.6004,28.6674
917.7528,29.48172
917.9052,29.22198
918.0576,30.00507
918.21,29.80525
918.3624,29.62021
918.5148,31.6167
918.6672,32.43002
918.8196,32.06769
918.972,33.19138
919.1244,32.17123
919.2768,30.72235
919.4292,30.12697
919.5816,29.97162
919.734,30.61107
919.8864,31.85631
920.0388,31.83261
920.1912,31.44679
920.3436,31.36189
920.496,31.00497
920.6484,29.91634
920.8008,28.73332
920.9532,28.67729
921.1056,28.39664
921.258,28.47945
921.4104,28.62927
921.5628,29.10794
921.7152,30.14229
921.8676,30.43173
922.02,29.96826
922.1724,29.40109
922.3248,29.27866
922.4772,28.48935
922.6296,27.71864
922.782,27.41751
922.9344,28.92233
923.0868,29.93571
923.2392,30.98529
923.3916,32.77872
923.544,33.64426
923.6964,33.70761
923.8488,32.82721
924.0012,30.73894
924.1536,29.62688
924.306,28.87677
924.4584,28.76942
924.6108,29.81297
924.7632,29.53458
924.9156,28.46947
925.068,27.29498
925.2204,27.19241
925.3728,27.47276
925.5252,27.40649
925.6776,26.69083
925.83,25.84978
925.9824,26.74591
926.1348,27.69429
926.2872,27.30675
926.4396,27.31447
926.592,27.8017
926.7444,27.95294
926.8968,29.40897
927.0492,30.34068
927.2016,31.95476
927.354,33.91446
927.5064,35.10925
927.6588,34.20206
927.8112,32.94464
927.9636,32.09912
928.116,31.70549
928.2684,32.02835
928.4208,33.70422
928.5732,33.81903
928.7256,33.81808
928.878,34.03076
929.0304,33.29077
929.1828,33.44205
929.3352,33.95499
929.4876,35.20435
929.64,36.90701
929.7924,37.0246
929.9448,36.38226
930.0972,36.19543
930.2496,36.53149
930.402,36.48297
930.5544,36.21024
930.7068,35.61237
930.8592,34.57684
931.0116,33.85526
931.164,33.4357
931.3164,33.34384
931.4688,33.72183
931.6212,34.03775
931.7736,33.59204
931.926,32.82053
932.0784,31.92723
932.2308,31.07198
932.3832,29.94795
932.5356,29.02856
932.688,28.38933
932.8404,29.70772
932.9928,30.88676
933.1452,30.39041
933.2976,30.29478
933.45,30.15948
933.6024,29.29706
933.7548,29.60341
933.9072,31.54362
934.0596,32.95847
934.212,33.27374
934.3644,32.78516
934.5168,33.57007
934.6692,33.02817
934.8216,32.47675
934.974,32.35172
935.1264,31.83444
935.2788,30.67787
935.4312,31.06792
935.5836,31.96231
935.736,33.89365
935.8884,35.73239
936.0408,36.94312
936.1932,36.90646
936.3456,35.95255
936.498,36.3746
936.6504,37.6694
936.8028,38.39993
936.9552,39.00766
937.1076,37.74344
937.26,36.42395
937.4124,35.67889
937.5648,35.98984
937.7172,34.63214
937.8696,32.78192
938.022,30.9791
938.1744,30.02637
938.3268,29.2016
938.4792,28.64087
938.6316,28.59926
938.784,29.45598
938.9364,31.41939
939.0888,31.88911
939.2412,32.61487
939.3936,33.21249
939.546,33.44907
939.6984,32.80005
939.8508,32.77298
940.0032,32.82568
940.1556,32.40109
940.308,31.38451
940.4604,31.53697
940.6128,32.48807
940.7652,32.60522
940.9176,31.47955
941.07,30.52341
941.2224,30.50777
941.3748,30.53497
941.5272,30.12639
941.6796,30.5359
941.832,30.93863
941.9844,30.12425
942.1368,29.08519
942.2892,28.83856
942.4416,29.451
942.594,30.88579
942.7464,31.66927
942.8988,31.37073
943.0512,31.68715
943.2036,32.34238
943.356,31.60381
943.5084,30.70956
943.6608,30.476
943.8132,30.37915
943.9656,29.91373
944.118,29.26306
944.2704,28.9628
944.4228,29.4637
944.5752,30.41383
944.7276,31.42181
944.88,32.112
945.0324,32.45493
945.1848,32.46857
945.3372,32.50998
945.4896,32.48792
945.642,32.39542
945.7944,31.85168
945.9468,31.41618
946.0992,31.04755
946.2516,31.85706
946.404,33.42868
946.5564,34.44119
946.7088,34.94199
946.8612,34.72137
947.0136,34.8674
947.166,33.64148
947.3184,32.2305
947.4708,31.14961
947.6232,30.67871
947.7756,31.48997
947.928,32.55176
948.0804,33.40097
948.2328,34.09015
948.3852,33.67542
948.5376,34.08722
948.69,34.20511
948.8424,33.52158
948.9948,33.01126
949.1472,32.86716
949.2996,33.30768
949.452,34.98065
949.6044,35.5863
949.7568,35.62479
949.9092,35.41397
950.0616,35.34357
950.214,34.58932
950.3664,33.5694
950.5188,32.37726
950.6712,31.5331
950.8236,30.56502
950.976,29.47588
951.1284,29.52872
951.2808,30.17401
951.4332,31.7812
951.5856,31.92552
951.738,31.67392
951.8904,32.46094
952.0428,33.32547
952.1952,33.3562
952.3476,33.15939
952.5,33.11966
952.6524,33.52478
952.8048,33.97644
952.9572,35.64835
953.1096,36.56635
953.262,35.638
953.4144,34.27417
953.5668,34.43774
953.7192,35.93427
953.8716,37.22775
954.024,37.27863
954.1764,37.25009
954.3288,35.69592
954.4812,33.61725
954.6336,31.71817
954.786,31.02573
954.9384,30.52844
955.0908,30.64233
955.2432,31.04875
955.3956,32.47437
955.548,32.34579
955.7004,32.04764
955.8528,32.18784
956.0052,32.92276
956.1576,34.15994
956.31,34.17755
956.4624,34.20096
956.6148,34.36563
956.7672,34.78082
956.9196,35.78253
957.072,38.19498
957.2244,37.67801
957.3768,36.25504
957.5292,34.82455
957.6816,33.75882
957.834,33.19757
957.9864,32.21982
958.1388,30.98117
958.2912,31.31345
958.4436,32.77579
958.596,32.87137
958.7484,32.53983
958.9008,31.22078
959.0532,30.27379
959.2056,29.77556
959.358,30.06767
959.5104,31.1418
959.6628,32.00217
959.8152,31.58435
959.9676,31.79587
960.12,31.47925
960.2724,30.31183
960.4248,29.77322
960.5772,29.5452
960.7296,29.75194
960.882,30.06053
961.0344,30.01395
961.1868,30.57697
961.3392,31.41022
961.4916,30.95261
961.644,31.15256
961.7964,32.5361
961.9488,32.30637
962.1012,31.67491
962.2536,31.04768
962.406,30.19162
962.5584,29.83298
962.7108,30.04308
962.8632,30.78047
963.0156,32.16412
963.168,32.74216
963.3204,30.93787
963.4728,29.2764
963.6252,28.39331
963.7776,27.86282
963.93,28.37596
964.0824,28.29124
964.2348,27.51685
964.3872,27.25038
964.5396,27.58484
964.692,29.07787
964.8444,30.82765
964.9968,31.78899
965.1492,31.929
965.3016,32.16888
965.454,33.48392
965.6064,34.79993
965.7588,35.56894
965.9112,35.80573
966.0636,35.5065
966.216,34.70819
966.3684,34.27261
966.5208,34.16217
966.6732,32.96368
966.8256,31.79596
966.978,31.41338
967.1304,31.41566
967.2828,31.4817
967.4352,32.1846
967.5876,31.9873
967.74,31.64931
967.8924,30.8364
968.0448,29.99132
968.1972,29.64163
968.3496,29.89395
968.502,31.04982
968.6544,33.57846
968.8068,35.38287
968.9592,36.17188
969.1116,36.20038
969.264,37.38046
969.4164,37.99246
969.5688,36.60403
969.7212,35.29703
969.8736,35.29593
970.026,35.14066
970.1784,34.73972
970.3308,33.98553
970.4832,32.96631
970.6356,32.01874
970.788,31.31979
970.9404,32.14957
971.0928,31.47476
971.2452,30.45917
971.3976,29.33629
971.55,28.87556
971.7024,29.97565
971.8548,31.67641
972.0072,31.58163
972.1596,31.16875
972.312,31.52484
972.4644,33.39664
972.6168,34.44049
972.7692,34.56003
972.9216,34.28754
973.074,33.57718
973.2264,32.53333
973.3788,31.54422
973.5312,29.88216
973.6836,28.64603
973.836,28.05672
973.9884,28.11508
974.1408,28.45511
974.2932,28.08307
974.4456,28.74741
974.598,28.30707
974.7504,27.912
974.9028,28.14131
975.0552,29.08049
975.2076,29.31282
975.36,29.48749
975.5124,29.56041
975.6648,30.1384
975.8172,31.08919
975.9696,32.03152
976.122,32.61337
976.2744,33.24512
976.4268,32.40799
976.5792,31.43181
976.7316,30.45561
976.884,29.625
977.0364,31.0347
977.1888,30.89426
977.3412,29.5527
977.4936,28.76736
977.646,29.10217
977.7984,29.76917
977.9508,31.88095
978.1032,32.68497
978.2556,32.68814
978.408,31.93202
978.5604,30.2977
978.7128,29.50194
978.8652,29.56052
979.0176,29.83571
979.17,30.44269
979.3224,31.29396
979.4748,32.09637
979.6272,32.69678
979.7796,33.5968
979.932,34.05823
980.0844,33.58878
980.2368,33.45236
980.3892,34.004
980.5416,34.03418
980.694,33.54648
980.8464,33.50305
980.9988,33.80981
981.1512,34.72217
981.3036,37.25836
981.456,37.56705
981.6084,38.0842
981.7608,37.0126
981.9132,34.01224
982.0656,33.49054
982.218,32.31339
982.3704,31.2061
982.5228,30.75449
982.6752,31.30923
982.8276,32.67563
982.98,34.55484
983.1324,35.46341
983.2848,35.48315
983.4372,35.465
983.5896,35.25665
983.742,34.30991
983.8944,34.58853
984.0468,35.92117
984.1992,37.07455
984.3516,39.09583
984.504,40.37625
984.6564,39.1069
984.8088,39.12466
984.9612,38.25467
985.1136,38.68347
985.266,40.43268
985.4184,40.21445
985.5708,40.97107
985.7232,40.21362
985.8756,39.39532
986.028,38.40033
986.1804,36.76599
986.3328,35.18536
986.4852,33.68024
986.6376,33.54932
986.79,35.32272
986.9424,37.17758
987.0948,37.51257
987.2472,37.15005
987.3996,37.11731
987.552,40.43457
987.7044,42.38867
987.8568,43.92706
988.0092,45.01807
988.1616,44.52563
988.314,42.59799
988.4664,42.24298
988.6188,42.96808
988.7712,45.03949
988.9236,46.41898
989.076,45.92081
989.2284,44.69272
989.3808,44.33282
989.5332,43.57135
989.6856,42.14685
989.838,40.11978
989.9904,39.62299
990.1428,38.98972
990.2952,39.53519
990.4476,40.79861
990.6,42.55296
990.7524,43.8104
990.9048,44.02704
991.0572,43.92325
991.2096,43.75676
991.362,42.65388
991.5144,40.95736
991.6668,39.55201
991.8192,39.77118
991.9716,39.269
992.124,38.12956
992.2764,36.78391
992.4288,35.51082
992.5812,34.59219
992.7336,34.85342
992.886,36.86557
993.0384,37.04871
993.1908,37.01836
993.3432,37.77231
993.4956,38.32492
993.648,37.58846
993.8004,36.86553
993.9528,36.8904
994.1052,36.53481
994.2576,35.6607
994.41,35.3226
994.5624,35.22055
994.7148,35.01219
994.8672,34.62658
995.0196,34.20484
995.172,34.71749
995.3244,35.17728
995.4768,35.82352
995.6292,35.13776
995.7816,34.09978
995.934,32.53302
996.0864,31.63078
996.2388,31.63815
996.3912,32.1116
996.5436,31.49973
996.696,31.55282
996.8484,32.9663
997.0008,32.92515
997.1532,32.98619
997.3056,33.79094
997.458,34.24039
997.6104,33.90943
997.7628,33.34298
997.9152,33.48264
998.0676,34.12081
998.22,34.37455
998.3724,34.759
998.5248,35.51527
998.6772,36.54095
998.8296,37.60178
998.982,37.74938
999.1344,37.16255
999.2868,36.90924
999.4392,37.28549
999.5916,36.99392
999.744,36.88506
999.8964,36.9959
1000.0488,38.04748
1000.2012,38.49619
1000.3536,37.8218
1000.506,36.70107
1000.6584,35.49408
1000.8108,34.44413
1000.9632,34.54901
1001.1156,33.58115
1001.268,33.69252
1001.4204,35.36192
1001.5728,36.1572
1001.7252,35.70926
1001.8776,35.55347
1002.03,36.46071
1002.1824,35.98335
1002.3348,35.87254
1002.4872,35.78677
1002.6396,35.77223
1002.792,37.34451
1002.9444,39.0051
1003.0968,39.40018
1003.2492,39.06884
1003.4016,39.43417
1003.554,40.96918
1003.7064,40.59763
1003.8588,39.77013
1004.0112,40.97113
1004.1636,40.61786
1004.316,40.45129
1004.4684,40.49213
1004.6208,40.93256
1004.7732,41.16255
1004.9256,40.36955
1005.078,39.79218
1005.2304,40.14728
1005.3828,42.31621
1005.5352,43.42587
1005.6876,43.84414
1005.84,41.27817
1005.9924,40.22691
1006.1448,39.8035
1006.2972,37.92664
1006.4496,36.48765
1006.602,35.47089
1006.7544,35.91801
1006.9068,36.44517
1007.0592,36.5322
1007.2116,36.67017
1007.364,37.71354
1007.5164,38.44996
1007.6688,38.51093
1007.8212,38.44141
1007.9736,39.25497
1008.126,40.49323
1008.2784,42.27812
1008.4308,43.62012
1008.5832,43.77284
1008.7356,42.77206
1008.888,42.51953
1009.0404,43.84782
1009.1928,43.05669
1009.3452,43.15625
1009.4976,43.99043
1009.65,45.51025
1009.8024,47.79993
1009.9548,49.3581
1010.1072,47.87326
1010.2596,42.79375
1010.412,40.36135
1010.5644,38.54433
1010.7168,37.50177
1010.8692,37.66284
1011.0216,37.63038
1011.174,39.00745
1011.3264,41.00983
1011.4788,41.02208
1011.6312,40.16121
1011.7836,38.72704
1011.936,40.13255
1012.0884,41.09884
1012.2408,40.81383
1012.3932,40.66648
1012.5456,39.90276
1012.698,39.37457
1012.8504,39.80047
1013.0028,41.1812
1013.1552,41.68276
1013.3076,40.69898
1013.46,40.33273
1013.6124,40.22714
1013.7648,39.89645
1013.9172,39.61098
1014.0696,40.35906
1014.222,41.20969
1014.3744,42.49453
1014.5268,43.11404
1014.6792,42.23203
1014.8316,41.04752
1014.984,40.49223
1015.1364,40.81046
1015.2888,40.8956
1015.4412,39.87122
1015.5936,38.61972
1015.746,38.43938
1015.8984,38.89162
1016.0508,38.36273
1016.2032,38.28516
1016.3556,38.05471
1016.508,37.81318
1016.6604,40.06845
1016.8128,41.12257
1016.9652,40.78035
1017.1176,41.27265
1017.27,42.92549
1017.4224,45.50304
1017.5748,46.68242
1017.7272,47.18952
1017.8796,46.04377
1018.032,44.37419
1018.1844,42.28992
1018.3368,40.56356
1018.4892,40.40873
1018.6416,39.81094
1018.794,39.91079
1018.9464,40.06879
1019.0988,39.17182
1019.2512,38.3645
1019.4036,38.07047
1019.556,37.489
1019.7084,37.48434
1019.8608,37.86813
1020.0132,38.22129
1020.1656,37.48693
1020.318,37.21968
1020.4704,39.33653
1020.6228,39.59051
1020.7752,39.61012
1020.9276,39.16515
1021.08,38.13138
1021.2324,38.36671
1021.3848,40.18154
1021.5372,41.26934
1021.6896,40.75925
1021.842,39.95026
1021.9944,39.24456
1022.1468,38.67862
1022.2992,37.45855
1022.4516,35.90756
1022.604,34.46361
1022.7564,33.43839
1022.9088,33.67202
1023.0612,34.98012
1023.2136,36.51274
1023.366,37.52483
1023.5184,37.69116
1023.6708,38.58266
1023.8232,39.40816
1023.9756,38.51321
1024.128,37.74934
1024.2804,37.24681
1024.4328,37.09328
1024.5852,37.77641
1024.7376,37.68098
1024.89,36.51627
1025.0424,35.66876
1025.1948,35.66029
1025.3472,36.05599
1025.4996,35.97664
1025.652,35.70116
1025.8044,35.71789
1025.9568,37.19717
1026.1092,39.21603
1026.2616,40.88343
1026.414,41.8399
1026.5664,41.72343
1026.7188,42.01434
1026.8712,43.75489
1027.0236,42.0177
1027.176,40.04893
1027.3284,37.80169
1027.4808,36.72571
1027.6332,36.17586
1027.7856,36.10148
1027.938,37.33534
1028.0904,39.16615
1028.2428,41.01298
1028.3952,41.88531
1028.5476,41.08471
1028.7,40.09272
1028.8524,39.4938
1029.0048,38.53673
1029.1572,37.59735
1029.3096,37.23164
1029.462,37.52174
1029.6144,37.0924
1029.7668,36.44842
1029.9192,36.35574
1030.0716,37.36806
1030.224,38.61317
1030.3764,41.77554
1030.5288,42.23734
1030.6812,41.9435
1030.8336,40.8496
1030.986,40.48863
1031.1384,41.86992
1031.2908,42.0971
1031.4432,40.90033
1031.5956,39.61116
1031.748,37.51991
1031.9004,36.82919
1032.0528,36.31087
1032.2052,35.18317
1032.3576,34.08208
1032.51,33.30857
1032.6624,33.44701
1032.8148,35.17403
1032.9672,37.08363
1033.1196,38.10658
1033.272,39.48373
1033.4244,40.35448
1033.5768,40.33642
1033.7292,39.3104
1033.8816,40.29362
1034.034,40.20128
1034.1864,38.64888
1034.3388,38.46149
1034.4912,39.3893
1034.6436,40.55353
1034.796,41.05701
1034.9484,41.2767
1035.1008,41.36881
1035.2532,41.19331
1035.4056,40.24146
1035.558,39.05847
1035.7104,37.34659
1035.8628,35.89718
1036.0152,33.98614
1036.1676,35.36031
1036.32,36.89305
1036.4724,37.84296
1036.6248,39.23195
1036.7772,38.73321
1036.9296,37.96711
1037.082,38.48392
1037.2344,37.99963
1037.3868,38.16381
1037.5392,39.71407
1037.6916,40.29511
1037.844,40.17738
1037.9964,39.40652
1038.1488,38.65742
1038.3012,38.27783
1038.4536,38.69012
1038.606,39.35679
1038.7584,40.13845
1038.9108,42.0822
1039.0632,41.99825
1039.2156,40.80871
1039.368,39.65185
1039.5204,38.9239
1039.6728,38.4119
1039.8252,38.58496
1039.9776,39.71848
1040.13,39.81059
1040.2824,38.97504
1040.4348,38.45493
1040.5872,38.28001
1040.7396,37.81269
1040.892,37.16823
1041.0444,36.66531
1041.1968,37.27451
1041.3492,37.77554
1041.5016,37.41614
1041.654,38.16301
1041.8064,38.36181
1041.9588,39.73467
1042.1112,40.86135
1042.2636,39.60138
1042.416,38.80621
1042.5684,38.54935
1042.7208,37.79934
1042.8732,38.79459
1043.0256,38.41442
1043.178,38.0662
1043.3304,37.43838
1043.4828,36.9032
1043.6352,37.27821
1043.7876,38.3074
1043.94,38.82563
1044.0924,39.08611
1044.2448,40.70235
1044.3972,40.1046
1044.5496,39.20634
1044.702,39.43401
1044.8544,39.52015
1045.0068,37.50251
1045.1592,35.97775
1045.3116,37.34087
1045.464,38.48062
1045.6164,36.95582
1045.7688,35.69317
1045.9212,36.12344
1046.0736,36.34521
1046.226,37.85552
1046.3784,40.44745
1046.5308,39.59083
1046.6832,38.39342
1046.8356,37.10603
1046.988,36.05471
1047.1404,35.24069
1047.2928,34.68174
1047.4452,34.75307
1047.5976,34.39806
1047.75,33.95909
1047.9024,33.01692
1048.0548,31.63508
1048.2072,33.11118
1048.3596,34.50622
1048.512,35.83616
1048.6644,37.2803
1048.8168,39.45877
1048.9692,41.90587
1049.1216,42.21775
1049.274,41.99861
1049.4264,42.48402
1049.5788,42.97072
1049.7312,42.43927
1049.8836,41.23605
1050.036,39.57773
1050.1884,39.33733
1050.3408,39.77161
1050.4932,39.43263
1050.6456,38.73711
1050.798,38.96786
1050.9504,38.62968
1051.1028,37.24828
1051.2552,35.75198
1051.4076,34.33435
1051.56,33.44416
1051.7124,32.74818
1051.8648,32.43853
1052.0172,34.05974
1052.1696,36.20915
1052.322,36.5956
1052.4744,36.2118
1052.6268,36.52959
1052.7792,35.77107
1052.9316,36.79272
1053.084,39.7318
1053.2364,43.18701
1053.3888,45.13192
1053.5412,44.47184
1053.6936,42.87663
1053.846,42.09914
1053.9984,42.36306
1054.1508,42.95374
1054.3032,41.78729
1054.4556,41.05083
1054.608,39.92065
1054.7604,38.27055
1054.9128,35.84373
1055.0652,33.60281
1055.2176,32.4659
1055.37,31.06969
1055.5224,29.58964
1055.6748,28.96825
1055.8272,31.29382
1055.9796,34.99364
1056.132,36.66875
1056.2844,37.87878
1056.4368,38.85933
1056.5892,40.17287
1056.7416,42.33512
1056.894,43.86289
1057.0464,43.86254
1057.1988,41.45222
1057.3512,39.86864
1057.5036,38.83949
1057.656,37.61881
1057.8084,35.3791
1057.9608,32.79515
1058.1132,31.10054
1058.2656,31.09862
1058.418,31.8518
1058.5704,32.09975
1058.7228,32.10485
1058.8752,33.59797
1059.0276,35.14352
1059.18,34.95205
1059.3324,34.4342
1059.4848,33.99395
1059.6372,35.72384
1059.7896,37.83417
1059.942,37.25594
1060.0944,35.68887
1060.2468,33.9761
1060.3992,32.78232
1060.5516,32.45025
1060.704,31.86919
1060.8564,30.91152
1061.0088,30.04088
1061.1612,29.37691
1061.3136,29.16068
1061.466,29.32672
1061.6184,30.21343
1061.7708,30.09863
1061.9232,31.99467
1062.0756,33.63843
1062.228,35.26188
1062.3804,35.48798
1062.5328,34.9146
1062.6852,33.38712
1062.8376,32.64112
1062.99,33.2763
1063.1424,34.14262
1063.2948,35.79846
1063.4472,36.63866
1063.5996,36.24982
1063.752,35.71722
1063.9044,37.23325
1064.0568,38.48787
1064.2092,37.59512
1064.3616,36.45521
1064.514,35.28561
1064.6664,36.0766
1064.8188,35.53932
1064.9712,34.36094
1065.1236,33.61446
1065.276,33.88935
1065.4284,34.57175
1065.5808,34.28601
1065.7332,32.72538
1065.8856,31.28577
1066.038,30.08191
1066.1904,29.53662
1066.3428,29.66857
1066.4952,32.96844
1066.6476,34.19418
1066.8,34.84708
1066.9524,35.84134
1067.1048,36.95178
1067.2572,37.19443
1067.4096,36.75964
1067.562,35.86887
1067.7144,34.43903
1067.8668,33.82181
1068.0192,33.43634
1068.1716,32.9454
1068.324,32.2088
1068.4764,31.63045
1068.6288,31.03978
1068.7812,29.95773
1068.9336,28.7511
1069.086,29.5052
1069.2384,30.45839
1069.3908,30.7594
1069.5432,30.45947
1069.6956,29.61458
1069.848,29.74829
1070.0004,30.40479
1070.1528,30.19348
1070.3052,30.91577
1070.4576,33.68985
1070.61,34.35684
1070.7624,33.6485
1070.9148,32.43533
1071.0672,31.61786
1071.2196,31.26773
1071.372,31.40225
1071.5244,31.37399
1071.6768,31.03989
1071.8292,30.88599
1071.9816,31.41498
1072.134,32.88388
1072.2864,33.92654
1072.4388,34.569
1072.5912,33.62128
1072.7436,33.77481
1072.896,34.12552
1073.0484,35.17758
1073.2008,35.23782
1073.3532,34.63638
1073.5056,34.13049
1073.658,34.05374
1073.8104,33.57455
1073.9628,33.41248
1074.1152,33.74567
1074.2676,33.80838
1074.42,33.15695
1074.5724,32.93741
1074.7248,32.81766
1074.8772,32.21243
1075.0296,31.37839
1075.182,33.18912
1075.3344,33.24835
1075.4868,32.74609
1075.6392,33.12192
1075.7916,31.99147
1075.944,31.22925
1076.0964,32.05978
1076.2488,32.4794
1076.4012,33.13922
1076.5536,33.50821
1076.706,33.79636
1076.8584,34.84888
1077.0108,36.73697
1077.1632,37.43628
1077.3156,36.88989
1077.468,35.18414
1077.6204,33.49905
1077.7728,32.64767
1077.9252,32.43677
1078.0776,31.42744
1078.23,31.21255
1078.3824,31.43452
1078.5348,30.35916
1078.6872,29.81534
1078.8396,31.3369
1078.992,33.10464
1079.1444,34.37564
1079.2968,34.93231
1079.4492,34.73322
1079.6016,33.94684
1079.754,33.88211
1079.9064,34.81396
1080.0588,34.474
1080.2112,33.03946
1080.3636,31.55185
1080.516,31.08861
1080.6684,31.3343
1080.8208,31.91887
1080.9732,32.69937
1081.1256,34.63931
1081.278,36.83102
1081.4304,36.31244
1081.5828,36.69083
1081.7352,38.14145
1081.8876,42.22519
1082.04,43.31042
1082.1924,44.25998
1082.3448,45.70908
1082.4972,45.7691
1082.6496,44.85406
1082.802,43.24271
1082.9544,41.01862
1083.1068,38.8428
1083.2592,37.80322
1083.4116,37.34116
1083.564,35.2551
1083.7164,34.08728
1083.8688,34.59918
1084.0212,35.35318
1084.1736,35.51285
1084.326,35.591
1084.4784,36.80411
1084.6308,38.33731
1084.7832,39.55972
1084.9356,39.91559
1085.088,40.7048
1085.2404,40.91159
1085.3928,43.06174
1085.5452,41.87265
1085.6976,40.66519
1085.85,39.97467
1086.0024,40.13916
1086.1548,40.38928
1086.3072,39.51044
1086.4596,39.57001
1086.612,38.36816
1086.7644,37.09872
1086.9168,36.3277
1087.0692,35.5567
1087.2216,35.83795
1087.374,37.09985
1087.5264,37.53354
1087.6788,36.76144
1087.8312,36.43997
1087.9836,38.07025
1088.136,39.08713
1088.2884,40.26593
1088.4408,41.97845
1088.5932,41.54932
1088.7456,40.30563
1088.898,38.8075
1089.0504,37.40021
1089.2028,36.62708
1089.3552,35.93466
1089.5076,36.46973
1089.66,36.03558
1089.8124,36.10507
1089.9648,37.85895
1090.1172,38.30157
1090.2696,38.73242
1090.422,39.91125
1090.5744,40.22437
1090.7268,41.58972
1090.8792,46.70715
1091.0316,51.91019
1091.184,53.67639
1091.3364,52.53232
1091.4888,49.54181
1091.6412,44.82816
1091.7936,42.96466
1091.946,40.43738
1092.0984,39.14734
1092.2508,37.81021
1092.4032,35.66348
1092.5556,34.78253
1092.708,35.92316
1092.8604,37.0076
1093.0128,37.92477
1093.1652,38.46442
1093.3176,39.97778
1093.47,43.21646
1093.6224,44.27307
1093.7748,46.20529
1093.9272,45.36023
1094.0796,43.47003
1094.232,42.60529
1094.3844,40.74567
1094.5368,38.88757
1094.6892,37.37598
1094.8416,36.11365
1094.994,35.39404
1095.1464,35.05969
1095.2988,35.19568
1095.4512,36.96582
1095.6036,39.70706
1095.756,42.06177
1095.9084,43.47482
1096.0608,43.59033
1096.2132,43.1825
1096.3656,43.00626
1096.518,42.08463
1096.6704,41.91742
1096.8228,42.80591
1096.9752,39.83002
1097.1276,37.66357
1097.28,36.51569
1097.4324,36.1156
1097.5848,35.16196
1097.7372,34.35318
1097.8896,34.42502
1098.042,36.10886
1098.1944,36.00302
1098.3468,34.57782
1098.4992,34.31281
1098.6516,35.11899
1098.804,35.7533
1098.9564,36.74323
1099.1088,37.75085
1099.2612,37.85831
1099.4136,37.2962
1099.566,37.14954
1099.7184,37.3371
1099.8708,37.82614
1100.0232,37.8779
1100.1756,36.63766
1100.328,36.46027
1100.4804,35.91638
1100.6328,34.88232
1100.7852,34.25812
1100.9376,34.56522
1101.09,34.36386
1101.2424,34.55859
1101.3948,36.21158
1101.5472,38.78665
1101.6996,40.64294
1101.852,41.01254
1102.0044,40.82825
1102.1568,41.68677
1102.3092,43.11002
1102.4616,42.80527
1102.614,41.01532
1102.7664,37.89941
1102.9188,35.60773
1103.0712,32.41583
1103.2236,31.65594
1103.376,30.96272
1103.5284,31.02914
1103.6808,31.58163
1103.8332,33.64737
1103.9856,36.44952
1104.138,38.04684
1104.2904,38.8201
1104.4428,39.45755
1104.5952,38.25995
1104.7476,36.31186
1104.9,34.95895
1105.0524,34.73428
1105.2048,34.47641
1105.3572,34.16467
1105.5096,35.12369
1105.662,35.9498
1105.8144,36.47458
1105.9668,37.25446
1106.1192,37.82611
1106.2716,38.52222
1106.424,38.99591
1106.5764,38.86465
1106.7288,38.56174
1106.8812,35.8186
1107.0336,34.34082
1107.186,33.69202
1107.3384,33.10132
1107.4908,33.60583
1107.6432,34.22009
1107.7956,35.58658
1107.948,38.07626
1108.1004,38.46005
1108.2528,36.96536
1108.4052,35.47006
1108.5576,34.56006
1108.71,32.836
1108.8624,30.29643
1109.0148,28.88475
1109.1672,31.7876
1109.3196,32.82373
1109.472,33.08997
1109.6244,33.64252
1109.7768,33.1521
1109.9292,31.64494
1110.0816,30.96284
1110.234,31.59637
1110.3864,35.18561
1110.5388,38.7623
1110.6912,39.32233
1110.8436,38.63849
1110.996,36.08496
1111.1484,34.2843
1111.3008,33.19342
1111.4532,32.27872
1111.6056,32.32736
1111.758,32.21884
1111.9104,30.59178
1112.0628,29.89648
1112.2152,29.91295
1112.3676,29.98743
1112.52,30.92053
1112.6724,33.83447
1112.8248,35.74399
1112.9772,36.98575
1113.1296,37.94138
1113.282,38.8949
1113.4344,37.27795
1113.5868,35.69781
1113.7392,34.7608
1113.8916,32.89224
1114.044,31.31548
1114.1964,30.85457
1114.3488,30.34354
1114.5012,29.44891
1114.6536,29.26625
1114.806,29.86717
1114.9584,31.53773
1115.1108,33.48669
1115.2632,33.89578
1115.4156,33.95496
1115.568,33.28882
1115.7204,33.49551
1115.8728,33.45563
1116.0252,33.09647
1116.1776,32.39658
1116.33,32.23413
1116.4824,32.01111
1116.6348,31.27193
1116.7872,31.77191
1116.9396,32.99939
1117.092,33.75946
1117.2444,31.38431
1117.3968,28.86871
1117.5492,28.03363
1117.7016,28.15756
1117.854,28.67116
1118.0064,30.00989
1118.1588,31.49986
1118.3112,33.24481
1118.4636,35.96179
1118.616,39.50259
1118.7684,40.52878
1118.9208,38.59402
1119.0732,35.70969
1119.2256,32.18497
1119.378,30.4828
1119.5304,30.67493
1119.6828,32.76242
1119.8352,33.9407
1119.9876,34.45496
1120.14,34.80133
1120.2924,34.37415
1120.4448,37.39319
1120.5972,39.84851
1120.7496,40.12476
1120.902,40.85309
1121.0544,40.58255
1121.2068,40.42371
1121.3592,35.81119
1121.5116,33.67542
1121.664,32.1543
1121.8164,31.38423
1121.9688,29.18347
1122.1212,27.41772
1122.2736,26.49709
1122.426,26.22528
1122.5784,27.16942
1122.7308,27.66316
1122.8832,27.4343
1123.0356,26.90987
1123.188,26.90013
1123.3404,28.15057
1123.4928,30.39537
1123.6452,30.74673
1123.7976,30.88306
1123.95,30.4664
1124.1024,28.45265
1124.2548,27.88464
1124.4072,27.299
1124.5596,26.78935
1124.712,27.52533
1124.8644,29.61607
1125.0168,31.46965
1125.1692,33.06168
1125.3216,34.43521
1125.474,35.81418
1125.6264,37.95529
1125.7788,39.96555
1125.9312,39.98154
1126.0836,38.32727
1126.236,36.33801
1126.3884,34.80884
1126.5408,34.42987
1126.6932,34.9928
1126.8456,36.34073
1126.998,39.23993
1127.1504,40.55389
1127.3028,41.05185
1127.4552,43.47662
1127.6076,44.14191
1127.76,43.65482
1127.9124,42.13257
1128.0648,39.79355
1128.2172,38.35132
1128.3696,37.57306
1128.522,36.5033
1128.6744,35.94922
1128.8268,35.27148
1128.9792,34.78156
1129.1316,34.94046
1129.284,35.22507
1129.4364,37.69675
1129.5888,38.97214
1129.7412,40.35693
1129.8936,40.26956
1130.046,40.38293
1130.1984,39.60022
1130.3508,37.81885
1130.5032,37.02078
1130.6556,35.16974
1130.808,34.16898
1130.9604,33.41949
1131.1128,35.50696
1131.2652,35.80252
1131.4176,35.50809
1131.57,35.01126
1131.7224,36.55887
1131.8748,39.18469
1132.0272,37.84442
1132.1796,36.09302
1132.332,35.20013
1132.4844,34.67294
1132.6368,33.38147
1132.7892,32.03104
1132.9416,31.76135
1133.094,32.66968
1133.2464,33.34961
1133.3988,33.21469
1133.5512,36.69119
1133.7036,37.41913
1133.856,37.34131
1134.0084,36.00858
1134.1608,34.72568
1134.3132,34.47357
1134.4656,35.65176
1134.618,37.26181
1134.7704,37.21219
1134.9228,36.8819
1135.0752,37.06345
1135.2276,37.68036
1135.38,38.07352
1135.5324,38.14548
1135.6848,38.7562
1135.8372,40.42664
1135.9896,42.51538
1136.142,44.05792
1136.2944,43.82889
1136.4468,42.64868
1136.5992,42.03635
1136.7516,41.52628
1136.904,39.79486
1137.0564,37.41287
1137.2088,35.81601
1137.3612,34.23129
1137.5136,33.0202
1137.666,32.01642
1137.8184,32.00665
1137.9708,32.8598
1138.1232,32.95593
1138.2756,31.72604
1138.428,30.51659
1138.5804,29.40913
1138.7328,28.79559
1138.8852,28.44077
1139.0376,28.87999
1139.19,29.78053
1139.3424,29.561
1139.4948,29.40913
1139.6472,30.18529
1139.7996,30.47675
1139.952,30.42555
1140.1044,30.63673
1140.2568,30.78075
1140.4092,30.83234
1140.5616,31.06021
1140.714,31.19917
1140.8664,31.21812
1141.0188,30.9288
1141.1712,30.36534
1141.3236,30.09099
1141.476,30.09683
1141.6284,30.96739
1141.7808,32.52805
1141.9332,33.55139
1142.0856,34.67969
1142.238,35.19714
1142.3904,34.56891
1142.5428,32.53873
1142.6952,30.53036
1142.8476,28.50259
1143,27.54198
1143.1524,28.06856
1143.3048,29.45084
1143.4572,31.07173
1143.6096,33.25936
1143.762,33.91296
1143.9144,33.22326
1144.0668,31.79267
1144.2192,31.57842
1144.3716,31.50306
1144.524,32.15752
1144.6764,33.59125
1144.8288,34.49091
1144.9812,35.16116
1145.1336,34.79115
1145.286,33.19911
1145.4384,31.64444
1145.5908,30.4202
1145.7432,32.00507
1145.8956,32.17911
1146.048,31.32676
1146.2004,31.03803
1146.3528,32.07433
1146.5052,33.91435
1146.6576,34.72696
1146.81,35.56667
1146.9624,35.70991
1147.1148,34.61644
1147.2672,33.30887
1147.4196,31.94659
1147.572,29.903
1147.7244,28.03954
1147.8768,26.92543
1148.0292,26.44699
1148.1816,27.26884
1148.334,29.59644
1148.4864,31.57952
1148.6388,31.90274
1148.7912,31.13723
1148.9436,30.99347
1149.096,32.16183
1149.2484,33.17999
1149.4008,33.72057
1149.5532,34.67243
1149.7056,35.97211
1149.858,35.58478
1150.0104,37.47698
1150.1628,39.22887
1150.3152,39.47612
1150.4676,37.71391
1150.62,37.03623
1150.7724,37.43037
1150.9248,36.75406
1151.0772,35.30469
1151.2296,34.6342
1151.382,34.49438
1151.5344,33.79404
1151.6868,33.9666
1151.8392,33.20019
1151.9916,31.19512
1152.144,30.59295
1152.2964,30.45273
1152.4488,30.98494
1152.6012,30.65456
1152.7536,30.73505
1152.906,31.33657
1153.0584,32.62543
1153.2108,34.01994
1153.3632,34.83715
1153.5156,35.88451
1153.668,37.14104
1153.8204,37.82088
1153.9728,37.01439
1154.1252,35.68429
1154.2776,34.10899
1154.43,32.48515
1154.5824,30.26593
1154.7348,29.41255
1154.8872,30.21576
1155.0396,31.34254
1155.192,32.64872
1155.3444,33.41909
1155.4968,33.37843
1155.6492,33.31936
1155.8016,34.14754
1155.954,34.78638
1156.1064,36.47
1156.2588,38.89309
1156.4112,43.92893
1156.5636,42.16717
1156.716,40.32121
1156.8684,38.69379
1157.0208,35.88908
1157.1732,34.40297
1157.3256,37.67913
1157.478,40.09463
1157.6304,40.99229
1157.7828,40.27502
1157.9352,40.93395
1158.0876,40.86008
1158.24,38.91936
1158.3924,37.28282
1158.5448,36.59099
1158.6972,36.67928
1158.8496,37.37847
1159.002,37.73325
1159.1544,36.68411
1159.3068,35.79897
1159.4592,36.98858
1159.6116,38.44878
1159.764,38.62625
1159.9164,38.59046
1160.0688,39.35791
1160.2212,39.29809
1160.3736,38.85259
1160.526,38.22285
1160.6784,36.53187
1160.8308,35.34995
1160.9832,35.14922
1161.1356,35.37356
1161.288,35.1796
1161.4404,33.58951
1161.5928,32.27235
1161.7452,33.45785
1161.8976,35.48672
1162.05,36.2476
1162.2024,36.97386
1162.3548,38.42101
1162.5072,40.35175
1162.6596,41.64452
1162.812,43.70029
1162.9644,47.13639
1163.1168,48.06856
1163.2692,46.62804
1163.4216,45.12897
1163.574,42.41492
1163.7264,36.13302
1163.8788,32.29742
1164.0312,30.99888
1164.1836,31.67627
1164.336,33.3899
1164.4884,34.90941
1164.6408,35.17616
1164.7932,34.9817
1164.9456,34.07908
1165.098,33.36779
1165.2504,33.24868
1165.4028,34.25464
1165.5552,35.4627
1165.7076,35.99622
1165.86,37.24301
1166.0124,37.60001
1166.1648,36.00622
1166.3172,34.93032
1166.4696,33.94286
1166.622,32.44329
1166.7744,28.94473
1166.9268,28.82301
1167.0792,28.90339
1167.2316,30.6497
1167.384,32.30272
1167.5364,32.66096
1167.6888,33.1236
1167.8412,34.41873
1167.9936,34.96995
1168.146,34.54078
1168.2984,35.38415
1168.4508,37.50574
1168.6032,39.84244
1168.7556,42.96857
1168.908,45.49106
1169.0604,45.12968
1169.2128,43.1731
1169.3652,38.49025
1169.5176,37.39444
1169.67,36.9111
1169.8224,36.41698
1169.9748,35.5074
1170.1272,38.26616
1170.2796,40.11114
1170.432,39.18586
1170.5844,37.90212
1170.7368,37.23003
1170.8892,37.84225
1171.0416,39.64646
1171.194,39.41158
1171.3464,38.06082
1171.4988,37.29467
1171.6512,36.75536
1171.8036,36.42592
1171.956,36.7326
1172.1084,38.88004
1172.2608,40.01991
1172.4132,41.14291
1172.5656,41.46812
1172.718,40.71064
1172.8704,39.62309
1173.0228,38.53432
1173.1752,37.62598
1173.3276,38.4417
1173.48,40.65176
1173.6324,43.57128
1173.7848,45.42256
1173.9372,44.93642
1174.0896,44.76912
1174.242,42.86633
1174.3944,40.89428
1174.5468,39.85426
1174.6992,40.98867
1174.8516,42.90909
1175.004,46.23798
1175.1564,47.21502
1175.3088,45.7915
1175.4612,47.67247
1175.6136,46.15155
1175.766,44.12975
1175.9184,42.93291
1176.0708,41.41035
1176.2232,39.4322
1176.3756,37.38094
1176.528,37.25028
1176.6804,37.91917
1176.8328,37.55643
1176.9852,38.89673
1177.1376,39.4876
1177.29,38.73225
1177.4424,37.16134
1177.5948,35.59459
1177.7472,34.15926
1177.8996,33.6311
1178.052,34.71706
1178.2044,37.214
1178.3568,39.30091
1178.5092,39.13468
1178.6616,37.79933
1178.814,37.88818
1178.9664,41.82833
1179.1188,43.52103
1179.2712,45.53414
1179.4236,45.3875
1179.576,44.83129
1179.7284,44.32193
1179.8808,42.86177
1180.0332,41.4668
1180.1856,40.08244
1180.338,39.24104
1180.4904,39.77554
1180.6428,38.46753
1180.7952,36.55293
1180.9476,34.43366
1181.1,32.9024
1181.2524,30.55522
1181.4048,29.24413
1181.5572,28.82591
1181.7096,29.60141
1181.862,30.16039
1182.0144,31.4381
1182.1668,31.62123
1182.3192,30.5923
1182.4716,29.47923
1182.624,28.87925
1182.7764,28.38002
1182.9288,29.2173
1183.0812,29.70176
1183.2336,28.31002
1183.386,27.12901
1183.5384,27.64725
1183.6908,30.26441
1183.8432,32.0592
1183.9956,33.68185
1184.148,35.62413
1184.3004,34.38974
1184.4528,33.53886
1184.6052,32.85207
1184.7576,33.74478
1184.91,34.70672
1185.0624,37.28847
1185.2148,36.75105
1185.3672,36.06125
1185.5196,34.62845
1185.672,31.83084
1185.8244,29.25296
1185.9768,27.87965
1186.1292,26.76295
1186.2816,26.34822
1186.434,26.14984
1186.5864,26.7338
1186.7388,27.2459
1186.8912,27.84376
1187.0436,29.41321
1187.196,31.25403
1187.3484,32.07271
1187.5008,33.29551
1187.6532,31.61364
1187.8056,29.83924
1187.958,28.80268
1188.1104,28.7863
1188.2628,28.67315
1188.4152,28.46482
1188.5676,28.55209
1188.72,28.62708
1188.8724,28.91233
1189.0248,29.68743
1189.1772,29.07755
1189.3296,28.84331
1189.482,29.14938
1189.6344,29.88802
1189.7868,31.5784
1189.9392,32.8662
1190.0916,35.15484
1190.244,36.17785
1190.3964,36.36484
1190.5488,35.70625
1190.7012,35.37338
1190.8536,35.91652
1191.006,36.77431
1191.1584,35.74259
1191.3108,31.86119
1191.4632,29.4929
1191.6156,27.40067
1191.768,26.89166
1191.9204,27.17171
1192.0728,26.79224
1192.2252,26.38989
1192.3776,25.12378
1192.53,23.33565
1192.6824,20.94939
1192.8348,19.97209
1192.9872,19.20948
1193.1396,18.92011
1193.292,19.70185
1193.4444,20.9543
1193.5968,21.67097
1193.7492,22.02975
1193.9016,21.54718
1194.054,21.04495
1194.2064,20.45261
1194.3588,20.16145
1194.5112,20.09936
1194.6636,20.13004
1194.816,21.49491
1194.9684,22.94881
1195.1208,23.83623
1195.2732,23.8287
1195.4256,23.21635
1195.578,22.32122
1195.7304,21.56925
1195.8828,21.77977
1196.0352,23.14546
1196.1876,23.20857
1196.34,22.6438
1196.4924,22.12255
1196.6448,21.87774
1196.7972,21.96524
1196.9496,22.19371
1197.102,22.69328
1197.2544,20.99783
1197.4068,20.5716
1197.5592,20.8347
1197.7116,21.12146
1197.864,21.07194
1198.0164,20.40399
1198.1688,19.96434
1198.3212,19.97684
1198.4736,19.94903
1198.626,18.78833
1198.7784,18.26781
1198.9308,18.0475
1199.0832,17.56805
1199.2356,17.32706
1199.388,17.29903
1199.5404,17.49553
1199.6928,17.74425
1199.8452,17.46909
1199.9976,16.86903
1200.15,16.90366
1200.3024,18.12542
1200.4548,18.8663
1200.6072,19.01789
1200.7596,19.43941
1200.912,18.96932
1201.0644,17.7654
1201.2168,17.56622
1201.3692,17.52792
1201.5216,16.89754
1201.674,16.70091
1201.8264,17.09052
1201.9788,17.82085
1202.1312,19.23647
1202.2836,19.71681
1202.436,19.15663
1202.5884,19.12749
1202.7408,18.19833
1202.8932,17.21374
1203.0456,16.83627
1203.198,17.70325
1203.3504,19.10614
1203.5028,19.32422
1203.6552,20.32388
1203.8076,21.22569
1203.96,21.22349
1204.1124,20.90046
1204.2648,21.21035
1204.4172,21.81107
1204.5696,21.72731
1204.722,20.4223
1204.8744,19.46654
1205.0268,18.96688
1205.1792,18.75371
1205.3316,18.47919
1205.484,18.41057
1205.6364,18.70427
1205.7888,19.16842
1205.9412,19.98321
1206.0936,20.97047
1206.246,22.08149
1206.3984,21.12936
1206.5508,20.43724
1206.7032,20.01793
1206.8556,18.87928
1207.008,18.55954
1207.1604,18.50039
1207.3128,19.44788
1207.4652,19.31285
1207.6176,19.38306
1207.77,19.70195
1207.9224,18.85868
1208.0748,17.81285
1208.2272,16.85415
1208.3796,17.15603
1208.532,18.56129
1208.6844,19.67792
1208.8368,20.37499
1208.9892,20.63494
1209.1416,21.03802
1209.294,22.5003
1209.4464,23.31131
1209.5988,22.7575
1209.7512,21.83323
1209.9036,20.8809
1210.056,20.2434
1210.2084,19.82834
1210.3608,19.85477
1210.5132,20.50682
1210.6656,21.31906
1210.818,22.73595
1210.9704,22.35173
1211.1228,21.1875
1211.2752,19.80067
1211.4276,18.28873
1211.58,17.75119
1211.7324,17.7389
1211.8848,17.80674
1212.0372,18.88793
1212.1896,20.26902
1212.342,20.12401
1212.4944,19.28419
1212.6468,18.61736
1212.7992,17.93356
1212.9516,17.51624
1213.104,16.8857
1213.2564,17.87264
1213.4088,17.87464
1213.5612,18.41334
1213.7136,18.83583
1213.866,18.28926
1214.0184,17.85144
1214.1708,18.4132
1214.3232,17.91949
1214.4756,17.107
1214.628,16.86617
1214.7804,17.19945
1214.9328,17.27278
1215.0852,16.28971
1215.2376,15.71268
1215.39,16.22796
1215.5424,20.30669
1215.6948,20.27119
1215.8472,19.44829
1215.9996,18.78262
1216.152,17.96872
1216.3044,18.02583
1216.4568,18.60272
1216.6092,18.54435
1216.7616,17.93328
1216.914,17.30122
1217.0664,17.56986
1217.2188,18.17058
1217.3712,18.18303
1217.5236,17.66516
1217.676,16.99841
1217.8284,16.93593
1217.9808,17.29939
1218.1332,17.83371
1218.2856,18.20048
1218.438,17.46636
1218.5904,16.86976
1218.7428,16.55587
1218.8952,16.33293
1219.0476,16.23997
1219.2,16.22984
1219.3524,16.41209
1219.5048,16.56442
1219.6572,16.82999
1219.8096,17.4155
1219.962,16.9221
1220.1144,17.07098
1220.2668,18.35374
1220.4192,18.74605
1220.5716,18.18013
1220.724,17.62979
1220.8764,17.03452
1221.0288,17.15015
1221.1812,18.02901
1221.3336,18.2791
1221.486,18.74445
1221.6384,20.02394
1221.7908,20.12154
1221.9432,20.34019
1222.0956,20.25548
1222.248,19.23438
1222.4004,18.23932
1222.5528,17.75977
1222.7052,17.56697
1222.8576,17.67422
1223.01,18.21693
1223.1624,19.35193
1223.3148,18.8786
1223.4672,18.44875
1223.6196,18.73601
1223.772,19.06218
1223.9244,18.58684
1224.0768,18.64008
1224.2292,18.20192
1224.3816,18.92062
1224.534,19.39044
1224.6864,19.83929
1224.8388,21.16515
1224.9912,22.22868
1225.1436,22.54872
1225.296,21.26912
1225.4484,20.18484
1225.6008,19.90033
1225.7532,19.35971
1225.9056,18.56387
1226.058,17.73592
1226.2104,16.88077
1226.3628,16.43433
1226.5152,16.57805
1226.6676,17.58691
1226.82,18.38921
1226.9724,18.41451
1227.1248,18.72867
1227.2772,19.05911
1227.4296,18.27678
1227.582,17.53047
1227.7344,16.92752
1227.8868,17.58368
1228.0392,18.77827
1228.1916,19.2681
1228.344,19.78323
1228.4964,20.48138
1228.6488,20.93175
1228.8012,20.2011
1228.9536,19.07748
1229.106,18.04555
1229.2584,17.57294
1229.4108,17.7675
1229.5632,18.84589
1229.7156,20.71117
1229.868,22.0448
1230.0204,21.59984
1230.1728,20.72079
1230.3252,19.78014
1230.4776,19.04597
1230.63,18.80312
1230.7824,19.22685
1230.9348,19.7838
1231.0872,19.97263
1231.2396,19.61327
1231.392,19.17624
1231.5444,19.68044
1231.6968,21.36937
1231.8492,22.85587
1232.0016,23.46904
1232.154,23.50963
1232.3064,21.99313
1232.4588,19.92236
1232.6112,18.65022
1232.7636,17.92868
1232.916,17.47395
1233.0684,17.78261
1233.2208,18.87289
1233.3732,19.89951
1233.5256,20.10783
1233.678,19.82516
1233.8304,18.07571
1233.9828,17.44209
1234.1352,17.54262
1234.2876,18.65445
1234.44,19.55963
1234.5924,19.10263
1234.7448,19.28947
1234.8972,18.89732
1235.0496,18.43175
1235.202,17.63556
1235.3544,17.27342
1235.5068,17.00812
1235.6592,16.82777
1235.8116,16.63831
1235.964,16.46123
1236.1164,16.47856
1236.2688,16.94984
1236.4212,18.40549
1236.5736,19.64484
1236.726,20.2933
1236.8784,20.76807
1237.0308,21.48824
1237.1832,21.38002
1237.3356,21.04688
1237.488,20.71423
1237.6404,20.14288
1237.7928,19.32524
1237.9452,19.0907
1238.0976,19.49313
1238.25,19.47559
1238.4024,18.93933
1238.5548,18.37129
1238.7072,18.5621
1238.8596,19.07477
1239.012,18.48357
1239.1644,17.79745
1239.3168,17.61115
1239.4692,17.83055
1239.6216,18.37332
1239.774,17.96292
1239.9264,17.1402
1240.0788,17.30244
1240.2312,18.04466
1240.3836,19.00394
1240.536,20.17033
1240.6884,21.26503
1240.8408,21.4718
1240.9932,21.62642
1241.1456,22.41223
1241.298,22.4749
1241.4504,21.89488
1241.6028,21.40184
1241.7552,21.58073
1241.9076,21.19275
1242.06,20.80513
1242.2124,20.91168
1242.3648,21.65125
1242.5172,22.49901
1242.6696,21.50548
1242.822,20.35562
1242.9744,20.10197
1243.1268,21.30847
1243.2792,20.42941
1243.4316,19.07327
1243.584,17.71712
1243.7364,17.05486
1243.8888,17.35008
1244.0412,18.20682
1244.1936,19.43767
1244.346,20.45145
1244.4984,20.94313
1244.6508,21.23032
1244.8032,21.39003
1244.9556,21.28174
1245.108,21.03116
1245.2604,20.24715
1245.4128,19.86249
1245.5652,20.32945
1245.7176,21.40051
1245.87,26.90535
1246.0224,26.79619
1246.1748,25.32822
1246.3272,23.7184
1246.4796,22.76927
1246.632,22.6385
1246.7844,22.70624
1246.9368,22.77655
1247.0892,22.85637
1247.2416,22.65651
1247.394,22.26105
1247.5464,21.94502
1247.6988,21.15021
1247.8512,20.05418
1248.0036,20.42599
1248.156,21.50212
1248.3084,22.51064
1248.4608,22.14575
1248.6132,21.50728
1248.7656,20.98694
1248.918,21.57013
1249.0704,22.23407
1249.2228,21.9783
1249.3752,20.85379
1249.5276,20.55264
1249.68,22.02338
1249.8324,22.465
1249.9848,21.38469
1250.1372,21.14096
1250.2896,21.89081
1250.442,22.23169
1250.5944,21.56679
1250.7468,21.16246
1250.8992,21.75002
1251.0516,22.80463
1251.204,23.65559
1251.3564,23.91165
1251.5088,23.77969
1251.6612,23.42336
1251.8136,23.26506
1251.966,22.52773
1252.1184,22.79872
1252.2708,22.43317
1252.4232,21.97963
1252.5756,21.36469
1252.728,21.25357
1252.8804,21.55576
1253.0328,22.7123
1253.1852,23.08768
1253.3376,23.3997
1253.49,24.09193
1253.6424,23.93071
1253.7948,23.44983
1253.9472,23.54463
1254.0996,23.26642
1254.252,23.35356
1254.4044,23.38376
1254.5568,22.96556
1254.7092,22.45827
1254.8616,23.02399
1255.014,22.70108
1255.1664,21.28703
1255.3188,20.9787
1255.4712,21.95924
1255.6236,23.97749
1255.776,25.48848
1255.9284,25.25406
1256.0808,24.84917
1256.2332,24.05585
1256.3856,23.0497
1256.538,21.95459
1256.6904,21.76495
1256.8428,22.13206
1256.9952,23.0672
1257.1476,23.48608
1257.3,22.48315
1257.4524,22.64328
1257.6048,23.16698
1257.7572,22.97116
1257.9096,23.11057
1258.062,22.61241
1258.2144,22.21971
1258.3668,22.84819
1258.5192,23.49193
1258.6716,23.13318
1258.824,22.28458
1258.9764,22.22676
1259.1288,23.67787
1259.2812,23.95418
1259.4336,23.44247
1259.586,22.63206
1259.7384,21.0141
1259.8908,19.92249
1260.0432,19.30983
1260.1956,18.67281
1260.348,19.06754
1260.5004,20.02686
1260.6528,19.77722
1260.8052,19.22102
1260.9576,18.54944
1261.11,18.52704
1261.2624,19.56773
1261.4148,20.35056
1261.5672,20.74249
1261.7196,21.29491
1261.872,21.12122
1262.0244,20.85571
1262.1768,20.4463
1262.3292,19.81055
1262.4816,20.43913
1262.634,20.77148
1262.7864,20.91153
1262.9388,21.97665
1263.0912,21.95966
1263.2436,21.71449
1263.396,21.40144
1263.5484,21.60762
1263.7008,20.96175
1263.8532,19.23322
1264.0056,18.30589
1264.158,16.61458
1264.3104,16.43222
1264.4628,17.37762
1264.6152,17.27907
1264.7676,16.56589
1264.92,15.97169
1265.0724,16.82289
1265.2248,17.85263
1265.3772,18.03317
1265.5296,17.51111
1265.682,16.48849
1265.8344,16.51495
1265.9868,17.2755
1266.1392,17.24062
1266.2916,17.48123
1266.444,17.49403
1266.5964,16.72389
1266.7488,15.64243
1266.9012,14.71004
1267.0536,14.5386
1267.206,14.65566
1267.3584,15.11283
1267.5108,15.96905
1267.6632,16.69725
1267.8156,16.94487
1267.968,16.61383
1268.1204,16.09071
1268.2728,16.00999
1268.4252,16.22911
1268.5776,16.24196
1268.73,16.20767
1268.8824,16.07547
1269.0348,15.80238
1269.1872,15.68135
1269.3396,15.86648
1269.492,16.42934
1269.6444,17.20995
1269.7968,17.82848
1269.9492,17.69821
1270.1016,17.02277
1270.254,16.78969
1270.4064,16.53662
1270.5588,16.36562
1270.7112,16.56517
1270.8636,17.10738
1271.016,16.91403
1271.1684,16.34242
1271.3208,15.61008
1271.4732,14.9492
1271.6256,15.34093
1271.778,15.61103
1271.9304,15.27944
1272.0828,15.11826
1272.2352,15.65469
1272.3876,16.54309
1272.54,16.4758
1272.6924,16.42763
1272.8448,17.19095
1272.9972,17.42592
1273.1496,17.4308
1273.302,18.10957
1273.4544,18.57971
1273.6068,18.39268
1273.7592,18.00999
1273.9116,17.88922
1274.064,17.80843
1274.2164,17.90627
1274.3688,18.2355
1274.5212,18.54541
1274.6736,18.6794
1274.826,18.35312
1274.9784,17.76601
1275.1308,17.38159
1275.2832,17.09413
1275.4356,17.19431
1275.588,17.5164
1275.7404,17.89575
1275.8928,18.4836
1276.0452,19.34412
1276.1976,19.83112
1276.35,19.49858
1276.5024,19.55534
1276.6548,19.34657
1276.8072,18.84097
1276.9596,18.41074
1277.112,18.76396
1277.2644,18.92056
1277.4168,18.95007
1277.5692,19.81209
1277.7216,20.29724
1277.874,19.97549
1278.0264,20.44995
1278.1788,20.59558
1278.3312,19.84908
1278.4836,19.08463
1278.636,18.52939
1278.7884,18.01527
1278.9408,17.73938
1279.0932,17.33559
1279.2456,16.84557
1279.398,15.78462
1279.5504,14.95213
1279.7028,14.39814
1279.8552,14.07993
1280.0076,14.0349
1280.16,14.92477
1280.3124,15.46216
1280.4648,15.29001
1280.6172,15.70446
1280.7696,17.40933
1280.922,17.99596
1281.0744,17.15829
1281.2268,16.75684
1281.3792,17.33719
1281.5316,18.76547
1281.684,19.81387
1281.8364,19.23235
1281.9888,19.28105
1282.1412,19.98709
1282.2936,19.76952
1282.446,17.35735
1282.5984,16.62862
1282.7508,16.13313
1282.9032,16.69264
1283.0556,17.18054
1283.208,17.21469
1283.3604,16.96684
1283.5128,16.62979
1283.6652,16.23729
1283.8176,16.0746
1283.97,15.9721
1284.1224,15.1678
1284.2748,14.63448
1284.4272,14.41051
1284.5796,14.27531
1284.732,14.49861
1284.8844,14.45403
1285.0368,15.02016
1285.1892,15.29887
1285.3416,15.93714
1285.494,16.21317
1285.6464,16.18019
1285.7988,16.4606
1285.9512,16.17136
1286.1036,15.55995
1286.256,14.95229
1286.4084,15.02493
1286.5608,15.85139
1286.7132,16.46098
1286.8656,16.59424
1287.018,16.00423
1287.1704,15.91642
1287.3228,16.01508
1287.4752,15.57951
1287.6276,15.15252
1287.78,15.51351
1287.9324,15.53506
1288.0848,15.69
1288.2372,16.33148
1288.3896,16.83182
1288.542,17.50166
1288.6944,18.1174
1288.8468,18.3839
1288.9992,18.44337
1289.1516,18.1787
1289.304,17.80034
1289.4564,17.32584
1289.6088,16.9798
1289.7612,16.55482
1289.9136,16.33064
1290.066,16.59087
1290.2184,17.25296
1290.3708,17.45094
1290.5232,16.64442
1290.6756,16.02119
1290.828,15.771
1290.9804,15.93107
1291.1328,16.57454
1291.2852,17.51915
1291.4376,17.3277
1291.59,17.43123
1291.7424,17.67062
1291.8948,16.89082
1292.0472,16.2614
1292.1996,16.01093
1292.352,16.52608
1292.5044,17.50392
1292.6568,17.99446
1292.8092,17.54921
1292.9616,17.45279
1293.114,18.035
1293.2664,17.41264
1293.4188,16.7514
1293.5712,16.52972
1293.7236,16.22818
1293.876,15.75146
1294.0284,15.66434
1294.1808,15.88728
1294.3332,16.1301
1294.4856,16.73218
1294.638,17.84242
1294.7904,18.4837
1294.9428,18.64493
1295.0952,19.85783
1295.2476,20.07022
1295.4,19.59504
1295.5524,18.80024
1295.7048,18.47078
1295.8572,18.62109
1296.0096,19.83143
1296.162,20.19626
1296.3144,19.42414
1296.4668,18.72425
1296.6192,18.5332
1296.7716,18.88145
1296.924,18.9976
1297.0764,19.785
1297.2288,20.32928
1297.3812,19.53511
1297.5336,18.9
1297.686,19.15122
1297.8384,20.31376
1297.9908,21.05062
1298.1432,20.53295
1298.2956,18.71537
1298.448,16.9883
1298.6004,16.53222
1298.7528,16.54439
1298.9052,15.78738
1299.0576,15.47414
1299.21,15.03576
1299.3624,14.34656
1299.5148,14.63522
1299.6672,16.95185
1299.8196,18.43784
1299.972,19.13457
1300.1244,19.40314
1300.2768,18.97969
1300.4292,18.32966
1300.5816,16.81363
1300.734,17.35801
1300.8864,17.77426
1301.0388,18.5433
1301.1912,19.09174
1301.3436,18.96137
1301.496,19.08068
1301.6484,18.96107
1301.8008,18.33159
1301.9532,17.43128
1302.1056,17.23756
1302.258,16.73106
1302.4104,16.6163
1302.5628,17.05637
1302.7152,17.57166
1302.8676,17.91122
1303.02,18.10399
1303.1724,18.65647
1303.3248,18.89013
1303.4772,17.83006
1303.6296,16.70957
1303.782,15.88781
1303.9344,15.58009
1304.0868,16.44099
1304.2392,17.573
1304.3916,18.39743
1304.544,18.80322
1304.6964,18.37996
1304.8488,18.03212
1305.0012,18.08137
1305.1536,18.29373
1305.306,18.6077
1305.4584,19.57534
1305.6108,20.81444
1305.7632,21.90928
1305.9156,22.88768
1306.068,23.96483
1306.2204,23.71101
1306.3728,22.46648
1306.5252,21.22334
1306.6776,19.92299
1306.83,19.24816
1306.9824,18.06833
1307.1348,16.92439
1307.2872,17.8534
1307.4396,19.57949
1307.592,20.05988
1307.7444,19.50299
1307.8968,18.8432
1308.0492,17.94211
1308.2016,17.48743
1308.354,17.31847
1308.5064,16.78011
1308.6588,16.55782
1308.8112,16.79924
1308.9636,18.25236
1309.116,19.29932
1309.2684,19.16962
1309.4208,19.02325
1309.5732,18.58522
1309.7256,17.76189
1309.878,17.63093
1310.0304,17.35176
1310.1828,18.73557
1310.3352,19.47513
1310.4876,19.49886
1310.64,19.42597
1310.7924,19.27754
1310.9448,19.12968
1311.0972,19.42437
1311.2496,18.9938
1311.402,18.05813
1311.5544,16.80425
1311.7068,15.87345
1311.8592,15.95165
1312.0116,16.60922
1312.164,17.45654
1312.3164,17.51455
1312.4688,17.21907
1312.6212,17.71655
1312.7736,17.69693
1312.926,17.26224
1313.0784,17.19466
1313.2308,17.23234
1313.3832,17.79656
1313.5356,18.64556
1313.688,18.16237
1313.8404,17.51065
1313.9928,17.66751
1314.1452,18.3086
1314.2976,18.22786
1314.45,18.02451
1314.6024,18.23154
1314.7548,18.44616
1314.9072,16.85994
1315.0596,16.10888
1315.212,15.28913
1315.3644,15.18143
1315.5168,16.49471
1315.6692,17.47055
1315.8216,17.14813
1315.974,16.85527
1316.1264,17.05557
1316.2788,17.22775
1316.4312,17.22902
1316.5836,16.46198
1316.736,15.9972
1316.8884,16.06721
1317.0408,15.9013
1317.1932,15.96144
1317.3456,16.07096
1317.498,15.57966
1317.6504,15.25965
1317.8028,15.26438
1317.9552,16.52712
1318.1076,17.70855
1318.26,18.01581
1318.4124,17.7261
1318.5648,17.36712
1318.7172,17.02647
1318.8696,17.23913
1319.022,17.6642
1319.1744,18.99103
1319.3268,19.35898
1319.4792,19.12683
1319.6316,18.39884
1319.784,17.44321
1319.9364,16.87707
1320.0888,16.76377
1320.2412,16.04925
1320.3936,15.37066
1320.546,14.76131
1320.6984,15.43987
1320.8508,16.6937
1321.0032,17.75647
1321.1556,17.65245
1321.308,18.13794
1321.4604,18.85002
1321.6128,18.79959
1321.7652,18.56155
1321.9176,17.36881
1322.07,17.28773
1322.2224,17.68891
1322.3748,18.50237
1322.5272,19.62756
1322.6796,20.08818
1322.832,19.76701
1322.9844,18.94326
1323.1368,18.30268
1323.2892,18.70425
1323.4416,18.64199
1323.594,17.47741
1323.7464,16.43924
1323.8988,15.94863
1324.0512,15.42455
1324.2036,14.9362
1324.356,14.84514
1324.5084,15.35796
1324.6608,16.58303
1324.8132,16.89009
1324.9656,15.83512
1325.118,15.39708
1325.2704,15.06182
1325.4228,15.80019
1325.5752,15.79278
1325.7276,16.29303
1325.88,16.57291
1326.0324,15.93067
1326.1848,15.01284
1326.3372,14.26488
1326.4896,14.1102
1326.642,15.26996
1326.7944,16.17124
1326.9468,16.32008
1327.0992,16.21721
1327.2516,16.07426
1327.404,17.07698
1327.5564,17.46351
1327.7088,17.1084
1327.8612,16.26531
1328.0136,17.21267
1328.166,17.57379
1328.3184,19.37826
1328.4708,18.53154
1328.6232,17.93372
1328.7756,18.78405
1328.928,19.45007
1329.0804,19.30337
1329.2328,18.94866
1329.3852,18.81281
1329.5376,18.90279
1329.69,19.04447
1329.8424,19.11921
1329.9948,18.94051
1330.1472,18.44637
1330.2996,17.85039
1330.452,17.96285
1330.6044,17.82195
1330.7568,16.5109
1330.9092,16.3229
1331.0616,17.9888
1331.214,17.46012
1331.3664,17.59988
1331.5188,17.70184
1331.6712,17.47158
1331.8236,16.78173
1331.976,16.32233
1332.1284,16.44488
1332.2808,17.10652
1332.4332,18.40212
1332.5856,19.13274
1332.738,19.80763
1332.8904,19.78682
1333.0428,20.27274
1333.1952,20.01764
1333.3476,19.09167
1333.5,17.88192
1333.6524,16.81432
1333.8048,15.62159
1333.9572,15.07173
1334.1096,15.79
1334.262,17.25842
1334.4144,18.55547
1334.5668,18.64612
1334.7192,18.81054
1334.8716,20.00032
1335.024,21.04589
1335.1764,20.59983
1335.3288,18.8292
1335.4812,18.29911
1335.6336,18.64163
1335.786,19.43027
1335.9384,19.48244
1336.0908,18.54198
1336.2432,17.58366
1336.3956,16.87384
1336.548,16.98301
1336.7004,17.61461
1336.8528,18.71832
1337.0052,19.28112
1337.1576,19.17344
1337.31,18.34602
1337.4624,17.66819
1337.6148,17.26889
1337.7672,17.84234
1337.9196,19.34141
1338.072,20.60905
1338.2244,21.13602
1338.3768,21.24726
1338.5292,20.79739
1338.6816,20.08911
1338.834,19.87603
1338.9864,19.88001
1339.1388,20.30988
1339.2912,21.24514
1339.4436,21.87574
1339.596,21.41977
1339.7484,21.80486
1339.9008,22.76455
1340.0532,22.65324
1340.2056,22.0293
1340.358,21.94403
1340.5104,22.2463
1340.6628,22.82201
1340.8152,23.30695
1340.9676,23.18177
1341.12,23.17211
1341.2724,23.41525
1341.4248,23.2957
1341.5772,22.50062
1341.7296,21.82001
1341.882,21.56442
1342.0344,21.40428
1342.1868,21.4108
1342.3392,21.57751
1342.4916,21.77229
1342.644,22.20806
1342.7964,22.87629
1342.9488,23.25903
1343.1012,23.03695
1343.2536,23.8382
1343.406,23.18896
1343.5584,22.63546
1343.7108,23.01831
1343.8632,24.07284
1344.0156,24.58735
1344.168,23.82858
1344.3204,24.49635
1344.4728,25.55083
1344.6252,23.81495
1344.7776,24.44014
1344.93,25.59877
1345.0824,27.10092
1345.2348,26.16735
1345.3872,23.85099
1345.5396,22.52922
1345.692,21.9715
1345.8444,21.26244
1345.9968,19.37314
1346.1492,18.74815
1346.3016,19.41779
1346.454,20.20499
1346.6064,20.81331
1346.7588,21.42904
1346.9112,21.5332
1347.0636,20.87888
1347.216,21.62352
1347.3684,21.93238
1347.5208,20.22573
1347.6732,20.04145
1347.8256,19.81332
1347.978,19.23011
1348.1304,19.03278
1348.2828,18.6527
1348.4352,18.65364
1348.5876,18.11732
1348.74,18.3246
1348.8924,17.75005
1349.0448,17.52015
1349.1972,17.99049
1349.3496,18.13955
1349.502,18.20433
1349.6544,17.01754
1349.8068,16.25852
1349.9592,16.68515
1350.1116,16.61935
1350.264,16.4613
1350.4164,16.54034
1350.5688,17.13237
1350.7212,18.11565
1350.8736,17.59018
1351.026,17.55721
1351.1784,18.67728
1351.3308,19.72689
1351.4832,20.40712
1351.6356,20.71781
1351.788,21.206
1351.9404,21.38746
1352.0928,20.01871
1352.2452,20.41023
1352.3976,20.29573
1352.55,19.80122
1352.7024,20.13017
1352.8548,22.07075
1353.0072,24.02235
1353.1596,25.02953
1353.312,23.80427
1353.4644,23.4309
1353.6168,23.27527
1353.7692,22.74586
1353.9216,21.80782
1354.074,20.62066
1354.2264,20.6867
1354.3788,22.02614
1354.5312,23.38716
1354.6836,23.52803
1354.836,23.18255
1354.9884,21.78407
1355.1408,20.35365
1355.2932,20.07941
1355.4456,21.1016
1355.598,21.58907
1355.7504,21.27539
1355.9028,21.85661
1356.0552,21.18304
1356.2076,20.90067
1356.36,22.09388
1356.5124,22.75095
1356.6648,22.2643
1356.8172,22.34518
1356.9696,23.06133
1357.122,21.69984
1357.2744,19.5355
1357.4268,20.96902
1357.5792,22.71513
1357.7316,24.49834
1357.884,25.97257
1358.0364,25.93053
1358.1888,26.06181
1358.3412,24.72931
1358.4936,22.84486
1358.646,21.18193
1358.7984,22.32228
1358.9508,23.54992
1359.1032,24.89583
1359.2556,25.88316
1359.408,26.51629
1359.5604,26.05199
1359.7128,27.02452
1359.8652,27.94927
1360.0176,26.68425
1360.17,25.35206
1360.3224,24.97284
1360.4748,23.95042
1360.6272,23.95278
1360.7796,23.14209
1360.932,22.71391
1361.0844,23.13362
1361.2368,23.07591
1361.3892,21.78669
1361.5416,20.76768
1361.694,21.57854
1361.8464,22.4259
1361.9988,22.45358
1362.1512,21.85393
1362.3036,22.04686
1362.456,21.46036
1362.6084,21.20628
1362.7608,21.88876
1362.9132,22.81195
1363.0656,24.25282
1363.218,25.34986
1363.3704,24.98549
1363.5228,24.94388
1363.6752,24.50898
1363.8276,22.89004
1363.98,23.01785
1364.1324,23.60041
1364.2848,23.15354
1364.4372,22.67684
1364.5896,21.89671
1364.742,22.51806
1364.8944,23.99756
1365.0468,24.11679
1365.1992,23.63492
1365.3516,23.33225
1365.504,24.38937
1365.6564,24.66385
1365.8088,24.54354
1365.9612,25.94107
1366.1136,24.31566
1366.266,22.36609
1366.4184,21.44433
1366.5708,21.71498
1366.7232,22.36764
1366.8756,22.19946
1367.028,21.73648
1367.1804,21.12196
1367.3328,22.05591
1367.4852,22.34893
1367.6376,22.5218
1367.79,23.08586
1367.9424,23.48021
1368.0948,23.27611
1368.2472,23.84713
1368.3996,24.9537
1368.552,25.29627
1368.7044,23.94904
1368.8568,23.01412
1369.0092,22.78229
1369.1616,22.5016
1369.314,22.4981
1369.4664,21.29798
1369.6188,20.54261
1369.7712,21.28642
1369.9236,21.41726
1370.076,21.50253
1370.2284,22.5123
1370.3808,23.29553
1370.5332,22.51166
1370.6856,22.65701
1370.838,22.24166
1370.9904,21.13506
1371.1428,19.8859
1371.2952,20.11694
1371.4476,21.25913
1371.6,23.24796
1371.7524,21.06015
1371.9048,22.85956
1372.0572,23.31549
1372.2096,23.13042
1372.362,23.21251
1372.5144,23.18488
1372.6668,22.46158
1372.8192,21.75652
1372.9716,21.27809
1373.124,21.08755
1373.2764,21.18292
1373.4288,21.74461
1373.5812,22.11617
1373.7336,21.21219
1373.886,21.27176
1374.0384,21.08044
1374.1908,20.15097
1374.3432,19.59969
1374.4956,19.53598
1374.648,20.44861
1374.8004,21.00833
1374.9528,20.91995
1375.1052,20.76192
1375.2576,20.43715
1375.41,19.13193
1375.5624,18.62425
1375.7148,18.55197
1375.8672,18.55737
1376.0196,18.5307
1376.172,18.367
1376.3244,18.15706
1376.4768,17.72243
1376.6292,17.73306
1376.7816,18.7794
1376.934,19.83508
1377.0864,19.04816
1377.2388,17.5439
1377.3912,16.39299
1377.5436,15.63725
1377.696,15.11436
1377.8484,14.80011
1378.0008,14.62695
1378.1532,14.69831
1378.3056,15.15002
1378.458,16.04042
1378.6104,15.92934
1378.7628,15.29593
1378.9152,14.82172
1379.0676,14.96175
1379.22,15.54013
1379.3724,15.68785
1379.5248,15.51501
1379.6772,15.20059
1379.8296,14.57495
1379.982,13.25443
1380.1344,13.33362
1380.2868,14.1649
1380.4392,15.6857
1380.5916,16.19473
1380.744,16.28911
1380.8964,15.93929
1381.0488,14.77781
1381.2012,13.60075
1381.3536,13.49146
1381.506,14.85815
1381.6584,15.32132
1381.8108,15.39086
1381.9632,14.59068
1382.1156,14.45731
1382.268,15.77891
1382.4204,17.45543
1382.5728,18.46765
1382.7252,18.98132
1382.8776,19.30302
1383.03,19.80371
1383.1824,20.24084
1383.3348,19.77077
1383.4872,18.92224
1383.6396,18.23938
1383.792,17.91969
1383.9444,17.19516
1384.0968,16.83128
1384.2492,17.1411
1384.4016,17.80408
1384.554,17.91566
1384.7064,17.4505
1384.8588,17.22096
1385.0112,17.93524
1385.1636,18.82484
1385.316,18.73581
1385.4684,18.4409
1385.6208,19.21942
1385.7732,19.99763
1385.9256,19.37051
1386.078,18.10461
1386.2304,17.40059
1386.3828,17.17532
1386.5352,17.61052
1386.6876,18.659
1386.84,19.28798
1386.9924,19.3382
1387.1448,19.87926
1387.2972,20.36792
1387.4496,20.05756
1387.602,19.78951
1387.7544,20.03174
1387.9068,19.59288
1388.0592,18.64923
1388.2116,17.97491
1388.364,17.62781
1388.5164,17.82901
1388.6688,17.82837
1388.8212,17.2079
1388.9736,16.31261
1389.126,15.53739
1389.2784,15.38653
1389.4308,15.87067
1389.5832,17.03159
1389.7356,18.13086
1389.888,18.22314
1390.0404,18.01025
1390.1928,17.95299
1390.3452,18.02054
1390.4976,17.8461
1390.65,17.66101
1390.8024,18.13039
1390.9548,18.49069
1391.1072,18.06577
1391.2596,17.45718
1391.412,16.9212
1391.5644,16.86604
1391.7168,17.35904
1391.8692,17.21593
1392.0216,16.36766
1392.174,15.87492
1392.3264,15.19048
1392.4788,14.16429
1392.6312,13.4378
1392.7836,13.789
1392.936,15.1267
1393.0884,16.35201
1393.2408,16.88124
1393.3932,17.41533
1393.5456,17.56915
1393.698,16.86089
1393.8504,16.10788
1394.0028,15.88087
1394.1552,16.09927
1394.3076,16.12817
1394.46,16.01898
1394.6124,16.57855
1394.7648,16.90927
1394.9172,16.50189
1395.0696,16.22667
1395.222,16.25813
1395.3744,16.86064
1395.5268,18.3105
1395.6792,19.59497
1395.8316,19.95909
1395.984,19.5963
1396.1364,18.84433
1396.2888,18.14824
1396.4412,17.62593
1396.5936,17.37358
1396.746,17.60306
1396.8984,18.3255
1397.0508,19.08257
1397.2032,19.40894
1397.3556,19.16341
1397.508,18.75229
1397.6604,18.02817
1397.8128,17.00142
1397.9652,16.01295
1398.1176,16.6989
1398.27,17.90704
1398.4224,18.073
1398.5748,17.76375
1398.7272,17.31989
1398.8796,17.40382
1399.032,17.97789
1399.1844,18.73448
1399.3368,19.66098
1399.4892,19.66881
1399.6416,18.96921
1399.794,18.74521
1399.9464,19.60646
1400.0988,20.64006
1400.2512,21.03006
1400.4036,20.35701
1400.556,18.95459
1400.7084,18.10023
1400.8608,17.78496
1401.0132,17.30553
1401.1656,16.64154
1401.318,16.10152
1401.4704,16.34587
1401.6228,16.54686
1401.7752,15.98912
1401.9276,15.22212
1402.08,14.4939
1402.2324,14.2391
1402.3848,14.52989
1402.5372,14.5537
1402.6896,14.21341
1402.842,13.68742
1402.9944,13.38251
1403.1468,13.47182
1403.2992,14.12269
1403.4516,14.75174
1403.604,15.0109
1403.7564,15.03075
1403.9088,14.76852
1404.0612,15.5142
1404.2136,17.27753
1404.366,17.48865
1404.5184,16.58838
1404.6708,15.8267
1404.8232,15.51418
1404.9756,15.97672
1405.128,16.42957
1405.2804,17.43349
1405.4328,17.87033
1405.5852,17.21696
1405.7376,16.21274
1405.89,15.37364
1406.0424,14.88818
1406.1948,14.33201
1406.3472,13.91091
1406.4996,14.7522
1406.652,16.00793
1406.8044,16.35338
1406.9568,15.92506
1407.1092,15.92243
1407.2616,15.35011
1407.414,14.7028
1407.5664,14.55063
1407.7188,14.76768
1407.8712,15.25774
1408.0236,16.06245
1408.176,16.52208
1408.3284,17.55092
1408.4808,18.31192
1408.6332,18.46214
1408.7856,18.38052
1408.938,18.70778
1409.0904,19.49046
1409.2428,19.81044
1409.3952,19.42212
1409.5476,18.88329
1409.7,19.20947
1409.8524,19.29776
1410.0048,18.74457
1410.1572,17.80849
1410.3096,17.01932
1410.462,15.64758
1410.6144,15.26125
1410.7668,15.34363
1410.9192,16.11145
1411.0716,17.38757
1411.224,18.3511
1411.3764,18.55357
1411.5288,18.81047
1411.6812,19.11517
1411.8336,19.22418
1411.986,19.07697
1412.1384,18.78773
1412.2908,18.81804
1412.4432,18.85753
1412.5956,18.53671
1412.748,17.64792
1412.9004,16.82852
1413.0528,16.85316
1413.2052,16.43752
1413.3576,16.37718
1413.51,16.26999
1413.6624,16.28262
1413.8148,17.17047
1413.9672,18.04294
1414.1196,18.32553
1414.272,17.98824
1414.4244,17.46512
1414.5768,17.00453
1414.7292,16.53337
1414.8816,16.03854
1415.034,16.02071
1415.1864,16.38405
1415.3388,17.15431
1415.4912,17.89568
1415.6436,18.34247
1415.796,18.42693
1415.9484,18.01854
1416.1008,17.56656
1416.2532,17.33868
1416.4056,17.38054
1416.558,17.21353
1416.7104,17.09764
1416.8628,17.54489
1417.0152,17.30527
1417.1676,16.54678
1417.32,15.89949
1417.4724,15.52633
1417.6248,15.51537
1417.7772,15.55563
1417.9296,15.60332
1418.082,15.82948
1418.2344,16.19408
1418.3868,16.87764
1418.5392,18.3475
1418.6916,18.30507
1418.844,17.39485
1418.9964,18.19257
1419.1488,19.25616
1419.3012,20.05408
1419.4536,20.42589
1419.606,20.53165
1419.7584,20.63229
1419.9108,20.96455
1420.0632,21.74327
1420.2156,22.371
1420.368,22.13216
1420.5204,20.95418
1420.6728,20.17978
1420.8252,20.05397
1420.9776,20.04384
1421.13,19.67046
1421.2824,18.80289
1421.4348,18.10335
1421.5872,18.27904
1421.7396,17.87148
1421.892,17.24596
1422.0444,17.16061
1422.1968,17.79361
1422.3492,18.26463
1422.5016,18.42764
1422.654,18.14294
1422.8064,18.76291
1422.9588,20.34073
1423.1112,21.86044
1423.2636,23.46407
1423.416,24.81187
1423.5684,25.09929
1423.7208,24.64326
1423.8732,24.10916
1424.0256,23.31923
1424.178,22.56822
1424.3304,22.15111
1424.4828,22.34131
1424.6352,23.52759
1424.7876,24.74219
1424.94,24.50661
1425.0924,24.47501
1425.2448,25.72498
1425.3972,26.67831
1425.5496,26.96509
1425.702,26.55785
1425.8544,25.39667
1426.0068,24.6682
1426.1592,25.28586
1426.3116,27.22784
1426.464,27.94954
1426.6164,27.85777
1426.7688,28.1088
1426.9212,27.92229
1427.0736,27.14409
1427.226,26.10216
1427.3784,25.14304
1427.5308,24.55769
1427.6832,24.01332
1427.8356,24.08449
1427.988,24.21458
1428.1404,23.8006
1428.2928,23.59685
1428.4452,23.89499
1428.5976,24.2522
1428.75,24.45653
1428.9024,22.71095
1429.0548,22.0405
1429.2072,21.86761
1429.3596,21.99814
1429.512,22.24629
1429.6644,22.75999
1429.8168,23.80312
1429.9692,25.27037
1430.1216,25.88142
1430.274,25.48445
1430.4264,24.50554
1430.5788,23.29945
1430.7312,22.78217
1430.8836,22.91484
1431.036,23.57552
1431.1884,23.79436
1431.3408,23.68529
1431.4932,23.35292
1431.6456,23.75227
1431.798,24.58255
1431.9504,26.07236
1432.1028,28.22491
1432.2552,29.45395
1432.4076,29.07964
1432.56,28.27249
1432.7124,28.03595
1432.8648,28.56215
1433.0172,28.94351
1433.1696,28.24605
1433.322,27.22989
1433.4744,26.51579
1433.6268,26.17889
1433.7792,27.19868
1433.9316,29.3031
1434.084,30.52734
1434.2364,31.39822
1434.3888,32.22815
1434.5412,32.72903
1434.6936,33.04559
1434.846,32.82925
1434.9984,31.97148
1435.1508,31.16034
1435.3032,30.47234
1435.4556,29.4787
1435.608,28.93939
1435.7604,28.87785
1435.9128,29.14699
1436.0652,29.53989
1436.2176,30.31224
1436.37,30.78642
1436.5224,30.88567
1436.6748,30.63802
1436.8272,29.70692
1436.9796,28.31665
1437.132,27.8243
1437.2844,26.31789
1437.4368,25.8868
1437.5892,26.44804
1437.7416,27.71167
1437.894,28.96854
1438.0464,29.80582
1438.1988,30.58978
1438.3512,30.81277
1438.5036,30.39491
1438.656,29.85419
1438.8084,29.30357
1438.9608,29.46716
1439.1132,29.92154
1439.2656,30.18581
1439.418,29.55751
1439.5704,28.90416
1439.7228,28.2881
1439.8752,27.62419
1440.0276,27.82861
1440.18,27.5614
1440.3324,27.04414
1440.4848,26.4624
1440.6372,26.22935
1440.7896,26.04718
1440.942,26.32529
1441.0944,27.23393
1441.2468,26.48994
1441.3992,26.25838
1441.5516,26.64798
1441.704,28.32733
1441.8564,28.93068
1442.0088,29.64442
1442.1612,28.61664
1442.3136,27.73346
1442.466,26.44586
1442.6184,25.68762
1442.7708,25.57439
1442.9232,25.94537
1443.0756,27.2052
1443.228,28.63478
1443.3804,29.16258
1443.5328,28.70345
1443.6852,28.10098
1443.8376,27.72388
1443.99,27.50682
1444.1424,27.22398
1444.2948,27.57756
1444.4472,27.46309
1444.5996,27.2007
1444.752,27.55386
1444.9044,28.22391
1445.0568,30.09369
1445.2092,32.81949
1445.3616,33.64713
1445.514,32.2594
1445.6664,30.75938
1445.8188,29.56432
1445.9712,28.60143
1446.1236,28.16042
1446.276,28.6418
1446.4284,29.29939
1446.5808,30.30807
1446.7332,30.49103
1446.8856,30.19604
1447.038,28.98285
1447.1904,27.97383
1447.3428,27.47234
1447.4952,27.64264
1447.6476,28.18022
1447.8,29.57409
1447.9524,30.73643
1448.1048,30.62798
1448.2572,30.03504
1448.4096,28.56311
1448.562,28.93328
1448.7144,28.94243
1448.8668,28.69185
1449.0192,27.84579
1449.1716,27.16119
1449.324,26.02361
1449.4764,25.61091
1449.6288,26.09965
1449.7812,26.94553
1449.9336,27.12503
1450.086,26.967
1450.2384,27.4456
1450.3908,28.32838
1450.5432,28.21595
1450.6956,27.54558
1450.848,26.86553
1451.0004,26.22874
1451.1528,25.73914
1451.3052,25.35929
1451.4576,26.02117
1451.61,26.90702
1451.7624,26.70202
1451.9148,26.16467
1452.0672,25.84022
1452.2196,25.52469
1452.372,25.19354
1452.5244,24.68654
1452.6768,24.22141
1452.8292,24.59064
1452.9816,24.97628
1453.134,24.87768
1453.2864,25.11765
1453.4388,26.01999
1453.5912,26.76719
1453.7436,26.55907
1453.896,25.44017
1454.0484,24.39242
1454.2008,22.81664
1454.3532,22.47899
1454.5056,22.13845
1454.658,22.29785
1454.8104,22.90834
1454.9628,23.84176
1455.1152,23.5717
1455.2676,23.74268
1455.42,24.542
1455.5724,25.5514
1455.7248,26.36067
1455.8772,26.59328
1456.0296,26.43376
1456.182,25.959
1456.3344,25.35753
1456.4868,25.05431
1456.6392,25.19132
1456.7916,25.95506
1456.944,26.8148
1457.0964,26.7375
1457.2488,26.28467
1457.4012,25.80227
1457.5536,25.41286
1457.706,24.80669
1457.8584,24.77953
1458.0108,25.39313
1458.1632,25.43041
1458.3156,24.6245
1458.468,23.85817
1458.6204,24.08735
1458.7728,24.85448
1458.9252,25.82706
1459.0776,25.96452
1459.23,24.6511
1459.3824,23.44854
1459.5348,22.45954
1459.6872,21.72815
1459.8396,21.4226
1459.992,21.60193
1460.1444,22.15007
1460.2968,22.58788
1460.4492,22.76445
1460.6016,22.65712
1460.754,22.30295
1460.9064,21.9905
1461.0588,21.74743
1461.2112,21.52838
1461.3636,21.35142
1461.516,21.29562
1461.6684,21.54174
1461.8208,21.94162
1461.9732,22.12093
1462.1256,22.24601
1462.278,22.64884
1462.4304,23.5033
1462.5828,24.3062
1462.7352,24.51867
1462.8876,24.12059
1463.04,24.20125
1463.1924,24.87522
1463.3448,25.16313
1463.4972,24.97477
1463.6496,24.57304
1463.802,24.4368
1463.9544,24.69179
1464.1068,24.59411
1464.2592,23.78745
1464.4116,22.09497
1464.564,20.77719
1464.7164,20.87714
1464.8688,21.66653
1465.0212,21.97596
1465.1736,21.46564
1465.326,21.16185
1465.4784,21.76279
1465.6308,23.21743
1465.7832,24.63018
1465.9356,25.36497
1466.088,25.5089
1466.2404,24.86817
1466.3928,23.88081
1466.5452,22.82754
1466.6976,21.77681
1466.85,20.96411
1467.0024,20.81703
1467.1548,21.33548
1467.3072,21.95694
1467.4596,22.15031
1467.612,22.69041
1467.7644,24.14081
1467.9168,25.33369
1468.0692,25.14917
1468.2216,24.47814
1468.374,23.75738
1468.5264,23.83014
1468.6788,24.71292
1468.8312,25.33062
1468.9836,25.3698
1469.136,25.62376
1469.2884,26.6679
1469.4408,27.57372
1469.5932,27.23615
1469.7456,26.51973
1469.898,25.80257
1470.0504,25.24449
1470.2028,25.05241
1470.3552,26.01466
1470.5076,27.09349
1470.66,26.8592
1470.8124,26.21484
1470.9648,25.48572
1471.1172,24.72816
1471.2696,23.98514
1471.422,23.1786
1471.5744,22.67266
1471.7268,22.98938
1471.8792,23.81291
1472.0316,24.62495
1472.184,25.26948
1472.3364,25.53968
1472.4888,25.44057
1472.6412,24.80997
1472.7936,23.95045
1472.946,23.33782
1473.0984,22.65663
1473.2508,22.34503
1473.4032,23.70921
1473.5556,25.0899
1473.708,24.92941
1473.8604,24.36726
1474.0128,24.06439
1474.1652,24.94741
1474.3176,26.51624
1474.47,27.18015
1474.6224,26.77278
1474.7748,25.88231
1474.9272,25.03187
1475.0796,24.35746
1475.232,23.79729
1475.3844,23.3401
1475.5368,23.07128
1475.6892,23.22405
1475.8416,23.95546
1475.994,25.09835
1476.1464,26.20837
1476.2988,27.10218
1476.4512,28.15308
1476.6036,29.17643
1476.756,29.94361
1476.9084,30.55381
1477.0608,31.04667
1477.2132,30.98264
1477.3656,30.03081
1477.518,28.8516
1477.6704,27.8627
1477.8228,26.94908
1477.9752,26.00117
1478.1276,25.58626
1478.28,25.40419
1478.4324,24.89222
1478.5848,24.37458
1478.7372,24.23025
1478.8896,24.58595
1479.042,25.14677
1479.1944,25.26375
1479.3468,24.68795
1479.4992,23.96411
1479.6516,23.33654
1479.804,22.86448
1479.9564,22.66517
1480.1088,22.51472
1480.2612,22.04757
1480.4136,21.50459
1480.566,21.14502
1480.7184,21.33815
1480.8708,21.96928
1481.0232,22.97161
1481.1756,24.34939
1481.328,25.18723
1481.4804,25.42245
1481.6328,25.42865
1481.7852,25.43937
1481.9376,25.29024
1482.09,24.52825
1482.2424,23.59513
1482.3948,22.76621
1482.5472,21.94427
1482.6996,21.48565
1482.852,22.14248
1483.0044,23.18541
1483.1568,23.90986
1483.3092,24.34474
1483.4616,24.27797
1483.614,23.9184
1483.7664,23.4384
1483.9188,22.81662
1484.0712,22.24376
1484.2236,21.68798
1484.376,21.32484
1484.5284,21.38409
1484.6808,21.89495
1484.8332,22.19537
1484.9856,22.35559
1485.138,22.84066
1485.2904,23.51482
1485.4428,23.55074
1485.5952,23.13419
1485.7476,22.39182
1485.9,21.58157
1486.0524,20.86753
1486.2048,20.27137
1486.3572,20.08641
1486.5096,20.16137
1486.662,20.4674
1486.8144,21.40672
1486.9668,21.72409
1487.1192,21.51587
1487.2716,21.14395
1487.424,20.57142
1487.5764,19.84452
1487.7288,19.1079
1487.8812,18.82912
1488.0336,18.83571
1488.186,19.64758
1488.3384,21.46755
1488.4908,22.56724
1488.6432,22.73183
1488.7956,23.2467
1488.948,23.96233
1489.1004,24.51125
1489.2528,24.37307
1489.4052,22.85461
1489.5576,21.88669
1489.71,21.87222
1489.8624,23.23743
1490.0148,24.70531
1490.1672,25.02916
1490.3196,24.58838
1490.472,23.72463
1490.6244,22.50813
1490.7768,20.90204
1490.9292,19.4549
1491.0816,18.67221
1491.234,18.09528
1491.3864,17.85697
1491.5388,18.39875
1491.6912,19.49314
1491.8436,20.86839
1491.996,21.91715
1492.1484,22.34952
1492.3008,22.00031
1492.4532,21.66201
1492.6056,20.94826
1492.758,20.03196
1492.9104,19.08661
1493.0628,18.61136
1493.2152,18.52615
1493.3676,18.31358
1493.52,18.13632
1493.6724,18.81006
1493.8248,20.33849
1493.9772,21.23433
1494.1296,20.70079
1494.282,20.28567
1494.4344,21.22359
1494.5868,22.07257
1494.7392,21.96055
1494.8916,21.14553
1495.044,20.09532
1495.1964,19.20843
1495.3488,19.55809
1495.5012,21.26766
1495.6536,21.08401
1495.806,20.13918
1495.9584,19.10976
1496.1108,18.38581
1496.2632,17.81696
1496.4156,17.49466
1496.568,17.69762
1496.7204,18.84773
1496.8728,19.66212
1497.0252,20.23611
1497.1776,20.69777
1497.33,20.67064
1497.4824,20.19728
1497.6348,20.40939
1497.7872,20.94938
1497.9396,20.65858
1498.092,19.69123
1498.2444,19.02466
1498.3968,18.65026
1498.5492,18.77477
1498.7016,19.47985
1498.854,21.08314
1499.0064,21.96657
1499.1588,21.07454
1499.3112,19.9638
1499.4636,19.62719
1499.616,19.60674
1499.7684,19.42632
1499.9208,19.24315
1500.0732,19.03639
1500.2256,19.12872
1500.378,19.63772
1500.5304,20.15177
1500.6828,20.3709
1500.8352,20.17625
1500.9876,20.30464
1501.14,20.73856
1501.2924,21.57381
1501.4448,22.79948
1501.5972,22.15082
1501.7496,21.323
1501.902,20.6011
1502.0544,20.00297
1502.2068,19.89989
1502.3592,20.08315
1502.5116,20.93425
1502.664,21.76714
1502.8164,22.24564
1502.9688,22.30547
1503.1212,22.19812
1503.2736,22.01826
1503.426,21.78791
1503.5784,21.88728
1503.7308,22.21996
1503.8832,22.22653
1504.0356,22.09789
1504.188,21.80214
1504.3404,21.41797
1504.4928,21.03831
1504.6452,20.32845
1504.7976,19.43023
1504.95,18.83177
1505.1024,18.54667
1505.2548,18.79291
1505.4072,19.89202
1505.5596,20.81353
1505.712,20.85598
1505.8644,20.29224
1506.0168,20.01719
1506.1692,19.94758
1506.3216,20.34259
1506.474,21.14746
1506.6264,22.10851
1506.7788,23.31406
1506.9312,24.74912
1507.0836,25.53368
1507.236,25.29406
1507.3884,24.90395
1507.5408,24.40155
1507.6932,25.71519
1507.8456,25.56511
1507.998,26.00351
1508.1504,25.72103
1508.3028,24.85967
1508.4552,24.50695
1508.6076,24.38157
1508.76,24.55462
1508.9124,25.38513
1509.0648,25.40607
1509.2172,24.7575
1509.3696,24.0984
1509.522,23.51263
1509.6744,23.06956
1509.8268,22.90298
1509.9792,24.28558
1510.1316,24.77603
1510.284,24.20139
1510.4364,23.76711
1510.5888,23.26424
1510.7412,22.86352
1510.8936,22.77903
1511.046,23.33782
1511.1984,24.65786
1511.3508,25.38368
1511.5032,24.96279
1511.6556,24.03938
1511.808,23.3711
1511.9604,23.74248
1512.1128,24.07852
1512.2652,23.77971
1512.4176,23.52766
1512.57,23.19025
1512.7224,24.577
1512.8748,26.87904
1513.0272,26.52602
1513.1796,24.63494
1513.332,24.12962
1513.4844,23.63649
1513.6368,23.86736
1513.7892,24.92415
1513.9416,25.1548
1514.094,24.81375
1514.2464,24.25283
1514.3988,24.22896
1514.5512,24.71932
1514.7036,24.75753
1514.856,24.6592
1515.0084,24.17754
1515.1608,23.8993
1515.3132,23.6979
1515.4656,23.43779
1515.618,23.26717
1515.7704,23.16589
1515.9228,23.01965
1516.0752,22.94434
1516.2276,22.93118
1516.38,22.98688
1516.5324,23.22704
1516.6848,23.82749
1516.8372,24.50396
1516.9896,24.59693
1517.142,24.25912
1517.2944,23.65117
1517.4468,23.12809
1517.5992,22.79898
1517.7516,22.73573
1517.904,23.25561
1518.0564,24.39814
1518.2088,24.5693
1518.3612,24.32804
1518.5136,24.20356
1518.666,24.74938
1518.8184,25.07434
1518.9708,25.43467
1519.1232,25.01538
1519.2756,24.2103
1519.428,24.01317
1519.5804,23.54724
1519.7328,22.26578
1519.8852,22.22991
1520.0376,22.45969
1520.19,22.9432
1520.3424,23.82507
1520.4948,24.5683
1520.6472,24.76243
1520.7996,24.69407
1520.952,24.2736
1521.1044,23.29871
1521.2568,22.83139
1521.4092,22.52596
1521.5616,22.56059
1521.714,23.01158
1521.8664,23.38469
1522.0188,23.73303
1522.1712,24.46269
1522.3236,24.80945
1522.476,25.89354
1522.6284,27.15386
1522.7808,27.62954
1522.9332,27.7081
1523.0856,27.49669
1523.238,26.91289
1523.3904,26.40131
1523.5428,26.71685
1523.6952,27.98466
1523.8476,29.49772
1524,30.84163
1524.1524,30.76312
1524.3048,29.89058
1524.4572,28.9597
1524.6096,28.13072
1524.762,27.65533
1524.9144,27.78185
1525.0668,27.87595
1525.2192,27.73143
1525.3716,27.466
1525.524,27.32956
1525.6764,27.36153
1525.8288,28.82336
1525.9812,29.74811
1526.1336,29.05974
1526.286,27.72437
1526.4384,26.80537
1526.5908,26.38739
1526.7432,27.59685
1526.8956,28.41702
1527.048,27.92934
1527.2004,27.20839
1527.3528,26.44351
1527.5052,25.8134
1527.6576,25.51131
1527.81,25.43715
1527.9624,25.59486
1528.1148,26.99629
1528.2672,27.95027
1528.4196,27.47368
1528.572,26.43175
1528.7244,25.76413
1528.8768,25.71321
1529.0292,25.89203
1529.1816,26.25284
1529.334,26.96866
1529.4864,27.36009
1529.6388,27.15961
1529.7912,26.89594
1529.9436,26.99753
1530.096,26.8799
1530.2484,26.1335
1530.4008,25.41151
1530.5532,24.68059
1530.7056,24.04758
1530.858,23.69936
1531.0104,23.87703
1531.1628,24.36729
1531.3152,24.84749
1531.4676,25.33923
1531.62,25.77129
1531.7724,26.74725
1531.9248,24.57031
1532.0772,24.0023
1532.2296,23.28635
1532.382,22.6353
1532.5344,22.39552
1532.6868,22.42351
1532.8392,22.50795
1532.9916,22.69972
1533.144,23.00079
1533.2964,23.20325
1533.4488,23.20145
1533.6012,23.12061
1533.7536,23.64268
1533.906,24.76472
1534.0584,25.50053
1534.2108,25.66254
1534.3632,25.10739
1534.5156,24.24731
1534.668,22.69362
1534.8204,22.02237
1534.9728,20.79182
1535.1252,20.28137
1535.2776,20.69037
1535.43,21.55115
1535.5824,22.25356
1535.7348,22.50256
1535.8872,22.00098
1536.0396,21.66954
1536.192,21.41046
1536.3444,21.81209
1536.4968,23.50598
1536.6492,24.02948
1536.8016,24.7014
1536.954,25.48688
1537.1064,27.79736
1537.2588,30.10545
1537.4112,30.63922
1537.5636,31.23517
1537.716,31.74739
1537.8684,31.80896
1538.0208,30.47064
1538.1732,29.94919
1538.3256,29.70634
1538.478,29.75963
1538.6304,29.32826
1538.7828,28.79538
1538.9352,28.25891
1539.0876,28.10799
1539.24,28.56564
1539.3924,29.61661
1539.5448,30.14986
1539.6972,29.85545
1539.8496,29.40973
1540.002,29.10651
1540.1544,29.59554
1540.3068,30.8042
1540.4592,32.32016
1540.6116,33.27353
1540.764,32.79266
1540.9164,31.83261
1541.0688,31.54909
1541.2212,31.62442
1541.3736,32.23639
1541.526,32.62393
1541.6784,33.04102
1541.8308,33.2457
1541.9832,33.2518
1542.1356,33.07907
1542.288,32.78531
1542.4404,32.32156
1542.5928,31.60857
1542.7452,30.53059
1542.8976,29.42273
1543.05,28.28616
1543.2024,27.49059
1543.3548,27.21008
1543.5072,27.19014
1543.6596,27.72147
1543.812,28.69608
1543.9644,29.20999
1544.1168,27.54265
1544.2692,27.03723
1544.4216,26.64977
1544.574,26.41696
1544.7264,25.8119
1544.8788,25.08627
1545.0312,24.4379
1545.1836,24.22554
1545.336,24.39107
1545.4884,24.79903
1545.6408,25.46246
1545.7932,25.92532
1545.9456,26.21918
1546.098,25.89003
1546.2504,25.08249
1546.4028,23.81517
1546.5552,23.10478
1546.7076,24.37593
1546.86,25.82553
1547.0124,26.00681
1547.1648,25.68515
1547.3172,25.58768
1547.4696,25.28638
1547.622,24.86139
1547.7744,24.45348
1547.9268,25.74347
1548.0792,27.11435
1548.2316,27.04362
1548.384,26.1032
1548.5364,25.32643
1548.6888,24.6926
1548.8412,24.53493
1548.9936,24.78177
1549.146,24.75233
1549.2984,24.39627
1549.4508,23.6445
1549.6032,22.88405
1549.7556,22.62679
1549.908,22.76141
1550.0604,23.50552
1550.2128,25.55144
1550.3652,27.48647
1550.5176,28.84315
1550.67,29.082
1550.8224,28.35268
1550.9748,27.33183
1551.1272,26.92424
1551.2796,27.40417
1551.432,28.50128
1551.5844,28.73474
1551.7368,27.88309
1551.8892,26.6611
1552.0416,25.63216
1552.194,25.10829
1552.3464,25.74106
1552.4988,26.69168
1552.6512,27.03098
1552.8036,27.26315
1552.956,27.27243
1553.1084,27.13919
1553.2608,26.98102
1553.4132,26.80249
1553.5656,26.57733
1553.718,26.1748
1553.8704,25.18661
1554.0228,23.7865
1554.1752,22.74663
1554.3276,22.13002
1554.48,21.85184
1554.6324,22.3264
1554.7848,22.97324
1554.9372,23.62015
1555.0896,23.88715
1555.242,23.87834
1555.3944,23.43803
1555.5468,22.57329
1555.6992,21.68312
1555.8516,20.98366
1556.004,21.00623
1556.1564,21.854
1556.3088,22.52306
1556.4612,22.77127
1556.6136,22.78954
1556.766,22.65079
1556.9184,22.48792
1557.0708,22.36116
1557.2232,22.78802
1557.3756,23.1767
1557.528,22.88211
1557.6804,22.27271
1557.8328,21.92101
1557.9852,22.07999
1558.1376,22.93233
1558.29,24.38228
1558.4424,26.18613
1558.5948,27.26947
1558.7472,27.59273
1558.8996,27.52962
1559.052,27.06316
1559.2044,26.41991
1559.3568,25.60843
1559.5092,25.20804
1559.6616,25.2601
1559.814,26.48785
1559.9664,27.4494
1560.1188,28.0224
1560.2712,28.30386
1560.4236,28.24602
1560.576,28.10497
1560.7284,27.18053
1560.8808,26.25014
1561.0332,25.88907
1561.1856,25.79474
1561.338,26.16029
1561.4904,26.9985
1561.6428,28.22719
1561.7952,29.06013
1561.9476,29.7392
1562.1,30.14061
1562.2524,30.59612
1562.4048,30.72052
1562.5572,30.54501
1562.7096,30.18671
1562.862,29.77087
1563.0144,29.26402
1563.1668,28.78244
1563.3192,28.36038
1563.4716,27.97324
1563.624,27.60089
1563.7764,27.44176
1563.9288,28.29382
1564.0812,29.23566
1564.2336,29.63713
1564.386,29.75853
1564.5384,29.69562
1564.6908,29.55846
1564.8432,29.42928
1564.9956,29.18031
1565.148,28.70757
1565.3004,28.04536
1565.4528,27.14587
1565.6052,26.24889
1565.7576,25.35115
1565.91,25.63077
1566.0624,26.89769
1566.2148,28.1745
1566.3672,28.9308
1566.5196,29.44743
1566.672,29.98552
1566.8244,30.85724
1566.9768,31.82979
1567.1292,33.11243
1567.2816,33.89365
1567.434,34.24969
1567.5864,34.31311
1567.7388,34.30499
1567.8912,34.06531
1568.0436,33.79071
1568.196,33.48083
1568.3484,33.20096
1568.5008,33.49606
1568.6532,34.32874
1568.8056,34.85507
1568.958,34.94177
1569.1104,34.75464
1569.2628,34.72073
1569.4152,34.83063
1569.5676,35.25647
1569.72,36.02414
1569.8724,36.69119
1570.0248,37.19745
1570.1772,37.87753
1570.3296,38.18097
1570.482,37.83408
1570.6344,37.23489
1570.7868,36.74863
1570.9392,36.45526
1571.0916,36.47531
1571.244,36.93301
1571.3964,37.30756
1571.5488,37.22144
1571.7012,36.94714
1571.8536,36.75763
1572.006,36.63739
1572.1584,36.81583
1572.3108,38.22784
1572.4632,40.24417
1572.6156,41.93982
1572.768,42.06247
1572.9204,40.79065
1573.0728,39.41193
1573.2252,38.94586
1573.3776,39.44855
1573.53,39.47305
1573.6824,38.60712
1573.8348,37.34198
1573.9872,35.98105
1574.1396,34.42288
1574.292,33.52792
1574.4444,29.47186
1574.5968,28.29526
1574.7492,29.05002
1574.9016,30.06297
1575.054,30.54321
1575.2064,29.98865
1575.3588,30.19702
1575.5112,30.57634
1575.6636,29.98045
1575.816,29.10532
1575.9684,28.88176
1576.1208,29.26828
1576.2732,30.81154
1576.4256,31.64792
1576.578,31.75108
1576.7304,31.46861
1576.8828,30.78249
1577.0352,29.95148
1577.1876,29.13303
1577.34,28.9156
1577.4924,29.56679
1577.6448,30.32144
1577.7972,30.39969
1577.9496,30.12787
1578.102,29.74321
1578.2544,29.3734
1578.4068,29.32292
1578.5592,29.73343
1578.7116,30.62741
1578.864,32.24054
1579.0164,33.25369
1579.1688,33.16464
1579.3212,32.6601
1579.4736,31.71892
1579.626,30.83752
1579.7784,30.7392
1579.9308,31.05382
1580.0832,31.36978
1580.2356,32.1731
1580.388,32.90747
1580.5404,32.31613
1580.6928,32.00336
1580.8452,31.66115
1580.9976,30.97778
1581.15,30.97075
1581.3024,31.91542
1581.4548,33.48663
1581.6072,33.61127
1581.7596,32.96225
1581.912,31.9873
1582.0644,30.87871
1582.2168,30.28923
1582.3692,30.19768
1582.5216,29.76486
1582.674,28.92844
1582.8264,27.89914
1582.9788,27.1151
1583.1312,27.63368
1583.2836,29.76987
1583.436,30.97063
1583.5884,31.07062
1583.7408,30.39635
1583.8932,30.3822
1584.0456,31.32477
1584.198,32.2406
1584.3504,32.3833
1584.5028,31.84418
1584.6552,30.93423
1584.8076,30.30125
1584.96,30.5195
1585.1124,31.04749
1585.2648,30.69652
1585.4172,29.7388
1585.5696,29.50896
1585.722,30.24864
1585.8744,31.52853
1586.0268,32.19043
1586.1792,32.26453
1586.3316,31.89587
1586.484,31.29022
1586.6364,30.53033
1586.7888,30.2271
1586.9412,30.33725
1587.0936,30.91673
1587.246,31.54964
1587.3984,31.62445
1587.5508,31.2365
1587.7032,31.23996
1587.8556,31.17752
1588.008,30.86752
1588.1604,30.69481
1588.3128,30.73341
1588.4652,30.76901
1588.6176,30.84019
1588.77,31.10532
1588.9224,31.57773
1589.0748,32.46738
1589.2272,33.68564
1589.3796,35.08401
1589.532,37.05313
1589.6844,38.9537
1589.8368,39.81891
1589.9892,39.45657
1590.1416,38.25317
1590.294,36.77045
1590.4464,35.51996
1590.5988,34.82367
1590.7512,35.29333
1590.9036,35.68292
1591.056,35.06943
1591.2084,33.81866
1591.3608,32.42651
1591.5132,31.27374
1591.6656,30.84828
1591.818,30.63203
1591.9704,29.82675
1592.1228,28.45103
1592.2752,26.51691
1592.4276,24.74323
1592.58,23.0079
1592.7324,23.4751
1592.8848,24.88094
1593.0372,26.16895
1593.1896,26.98096
1593.342,27.25279
1593.4944,27.47696
1593.6468,27.9751
1593.7992,28.81654
1593.9516,28.42674
1594.104,27.30374
1594.2564,26.07069
1594.4088,25.02231
1594.5612,24.17159
1594.7136,23.58345
1594.866,23.15007
1595.0184,22.74593
1595.1708,22.7527
1595.3232,23.12018
1595.4756,24.80573
1595.628,27.08217
1595.7804,27.83562
1595.9328,26.9895
1596.0852,25.82384
1596.2376,24.9632
1596.39,24.32532
1596.5424,23.82552
1596.6948,23.74989
1596.8472,24.5851
1596.9996,25.51855
1597.152,25.8217
1597.3044,25.5137
1597.4568,24.89912
1597.6092,24.14272
1597.7616,23.45755
1597.914,23.05222
1598.0664,23.11304
1598.2188,23.71712
1598.3712,24.42926
1598.5236,24.88313
1598.676,24.92239
1598.8284,24.86414
1598.9808,25.02182
1599.1332,25.14171
1599.2856,25.1312
1599.438,25.11964
1599.5904,25.1353
1599.7428,25.05873
1599.8952,25.12007
1600.0476,25.87593
1600.2,26.12836
1600.3524,25.51668
1600.5048,24.33021
1600.6572,22.90959
1600.8096,21.50551
1600.962,20.57158
1601.1144,20.56726
1601.2668,21.04563
1601.4192,21.41725
1601.5716,21.58467
1601.724,21.54934
1601.8764,21.25751
1602.0288,21.10964
1602.1812,21.55072
1602.3336,22.85342
1602.486,24.08978
1602.6384,24.28531
1602.7908,23.93171
1602.9432,23.59211
1603.0956,23.20826
1603.248,24.24767
1603.4004,25.59568
1603.5528,25.73368
1603.7052,25.24556
1603.8576,24.60489
1604.01,23.92757
1604.1624,23.71582
1604.3148,24.44133
1604.4672,25.12168
1604.6196,24.84725
1604.772,24.18755
1604.9244,23.72573
1605.0768,23.46195
1605.2292,23.46907
1605.3816,23.94546
1605.534,24.45019
1605.6864,24.8481
1605.8388,25.4675
1605.9912,26.54841
1606.1436,27.30241
1606.296,27.26376
1606.4484,26.83279
1606.6008,26.22373
1606.7532,26.35804
1606.9056,27.2354
1607.058,27.2851
1607.2104,26.30529
1607.3628,25.02637
1607.5152,23.92842
1607.6676,24.02968
1607.82,24.64605
1607.9724,25.26322
1608.1248,26.56652
1608.2772,27.15555
1608.4296,26.16137
1608.582,23.98072
1608.7344,21.92614
1608.8868,20.56525
1609.0392,20.42365
1609.1916,21.95911
1609.344,23.66738
1609.4964,24.26067
1609.6488,23.90366
1609.8012,23.57486
1609.9536,24.27401
1610.106,25.08067
1610.2584,25.09469
1610.4108,24.59157
1610.5632,23.86974
1610.7156,23.15731
1610.868,22.63035
1611.0204,22.54601
1611.1728,22.75649
1611.3252,23.20465
1611.4776,23.85546
1611.63,24.49026
1611.7824,25.28107
1611.9348,26.45458
1612.0872,27.54653
1612.2396,27.60849
1612.392,26.92357
1612.5444,26.18416
1612.6968,25.94308
1612.8492,25.96043
1613.0016,25.77396
1613.154,25.52085
1613.3064,25.01239
1613.4588,23.99168
1613.6112,23.20913
1613.7636,23.80769
1613.916,24.87224
1614.0684,25.17595
1614.2208,24.92665
1614.3732,24.40108
1614.5256,23.73629
1614.678,23.91549
1614.8304,25.0751
1614.9828,25.87077
1615.1352,26.00473
1615.2876,25.54897
1615.44,24.80212
1615.5924,24.03613
1615.7448,23.27214
1615.8972,22.79368
1616.0496,22.57504
1616.202,22.52403
1616.3544,22.51995
1616.5068,22.56043
1616.6592,22.78079
1616.8116,23.66422
1616.964,24.56435
1617.1164,24.93406
1617.2688,25.4744
1617.4212,25.87903
1617.5736,25.55592
1617.726,24.80889
1617.8784,23.7324
1618.0308,22.98097
1618.1832,23.22752
1618.3356,24.23037
1618.488,25.34245
1618.6404,25.72313
1618.7928,25.09938
1618.9452,24.21706
1619.0976,23.61343
1619.25,23.53944
1619.4024,24.38155
1619.5548,25.48037
1619.7072,26.36829
1619.8596,27.47301
1620.012,28.17212
1620.1644,28.11612
1620.3168,28.05053
1620.4692,28.66613
1620.6216,29.43436
1620.774,29.15699
1620.9264,27.95722
1621.0788,26.48474
1621.2312,25.3243
1621.3836,24.8233
1621.536,24.80252
1621.6884,25.12387
1621.8408,25.92596
1621.9932,26.91278
1622.1456,27.7839
1622.298,28.6731
1622.4504,29.51392
1622.6028,29.96186
1622.7552,29.82462
1622.9076,29.20736
1623.06,27.0576
1623.2124,24.82437
1623.3648,24.2596
1623.5172,23.91526
1623.6696,23.91059
1623.822,24.17254
1623.9744,24.81304
1624.1268,26.10207
1624.2792,27.04195
1624.4316,26.77567
1624.584,25.78271
1624.7364,24.7104
1624.8888,23.61501
1625.0412,22.4675
1625.1936,21.87472
1625.346,22.11253
1625.4984,22.15297
1625.6508,21.24435
1625.8032,20.61439
1625.9556,21.61527
1626.108,23.09331
1626.2604,23.46465
1626.4128,22.84169
1626.5652,22.62743
1626.7176,23.41066
1626.87,24.29948
1627.0224,24.44381
1627.1748,24.02784
1627.3272,23.29684
1627.4796,22.38768
1627.632,21.54314
1627.7844,21.1512
1627.9368,21.14714
1628.0892,21.27206
1628.2416,21.56509
1628.394,22.23193
1628.5464,23.56416
1628.6988,25.66823
1628.8512,27.3544
1629.0036,27.45777
1629.156,27.09248
1629.3084,27.14799
1629.4608,26.39622
1629.6132,25.15646
1629.7656,23.69141
1629.918,23.49991
1630.0704,24.76292
1630.2228,25.79264
1630.3752,25.85926
1630.5276,24.98108
1630.68,24.0673
1630.8324,23.46062
1630.9848,23.2236
1631.1372,23.44646
1631.2896,23.72761
1631.442,24.1397
1631.5944,25.10671
1631.7468,26.1271
1631.8992,26.07688
1632.0516,25.24334
1632.204,24.56032
1632.3564,24.38288
1632.5088,25.27283
1632.6612,27.28654
1632.8136,28.65783
1632.966,29.14468
1633.1184,30.55488
1633.2708,32.16431
1633.4232,33.84489
1633.5756,35.20453
1633.728,35.02995
1633.8804,33.64326
1634.0328,32.29023
1634.1852,31.14922
1634.3376,30.4932
1634.49,30.46302
1634.6424,30.54345
1634.7948,30.47138
1634.9472,31.03533
1635.0996,32.35625
1635.252,32.53743
1635.4044,32.30484
1635.5568,33.23166
1635.7092,33.17734
1635.8616,32.26105
1636.014,31.03571
1636.1664,29.66827
1636.3188,28.33529
1636.4712,27.15336
1636.6236,25.90418
1636.776,24.73902
1636.9284,23.80069
1637.0808,22.6059
1637.2332,21.19147
1637.3856,20.07828
1637.538,19.63718
1637.6904,19.93866
1637.8428,20.43785
1637.9952,20.59196
1638.1476,20.48573
1638.3,19.70667
1638.4524,18.99363
1638.6048,19.03981
1638.7572,19.69822
1638.9096,19.66006
1639.062,18.74942
1639.2144,18.80986
1639.3668,20.51865
1639.5192,21.99462
1639.6716,22.65328
1639.824,22.66127
1639.9764,22.35427
1640.1288,22.37811
1640.2812,22.63972
1640.4336,23.21355
1640.586,24.00284
1640.7384,24.17915
1640.8908,23.5671
1641.0432,22.46766
1641.1956,21.42746
1641.348,20.47338
1641.5004,19.50832
1641.6528,18.73567
1641.8052,18.362
1641.9576,18.37802
1642.11,19.76231
1642.2624,21.18741
1642.4148,21.92816
1642.5672,21.97849
1642.7196,22.08702
1642.872,22.45978
1643.0244,22.84535
1643.1768,22.35814
1643.3292,21.5231
1643.4816,20.85379
1643.634,20.91899
1643.7864,20.88565
1643.9388,20.32261
1644.0912,20.12941
1644.2436,20.97768
1644.396,22.46508
1644.5484,23.66951
1644.7008,23.98539
1644.8532,23.87957
1645.0056,23.31541
1645.158,22.46878
1645.3104,21.54218
1645.4628,20.71217
1645.6152,20.53835
1645.7676,21.02337
1645.92,21.71944
1646.0724,22.98915
1646.2248,24.84807
1646.3772,26.61787
1646.5296,27.54256
1646.682,27.66992
1646.8344,27.23703
1646.9868,25.93467
1647.1392,24.14651
1647.2916,23.2893
1647.444,23.08751
1647.5964,22.89707
1647.7488,22.72772
1647.9012,23.20114
1648.0536,23.81266
1648.206,23.8054
1648.3584,23.10622
1648.5108,21.59836
1648.6632,21.35399
1648.8156,21.68262
1648.968,22.51955
1649.1204,23.68956
1649.2728,24.2332
1649.4252,23.56355
1649.5776,21.8131
1649.73,20.56755
1649.8824,20.22959
1650.0348,20.03691
1650.1872,19.49689
1650.3396,18.70693
1650.492,18.63284
1650.6444,19.69315
1650.7968,20.94801
1650.9492,21.89497
1651.1016,21.77848
1651.254,21.7225
1651.4064,22.58459
1651.5588,23.40034
1651.7112,23.52877
1651.8636,23.16729
1652.016,22.73603
1652.1684,22.43793
1652.3208,22.46984
1652.4732,22.60035
1652.6256,22.70058
1652.778,22.66003
1652.9304,22.56411
1653.0828,22.13513
1653.2352,21.62961
1653.3876,21.16315
1653.54,20.82393
1653.6924,20.90431
1653.8448,21.41165
1653.9972,21.77223
1654.1496,21.63824
1654.302,21.32258
1654.4544,20.74945
1654.6068,20.35688
1654.7592,20.08651
1654.9116,20.02562
1655.064,20.23163
1655.2164,20.70491
1655.3688,21.26508
1655.5212,21.38383
1655.6736,21.27875
1655.826,21.27867
1655.9784,21.24478
1656.1308,21.26968
1656.2832,21.34427
1656.4356,21.44629
1656.588,21.11633
1656.7404,20.95617
1656.8928,21.94117
1657.0452,23.23596
1657.1976,23.19743
1657.35,22.81108
1657.5024,22.30199
1657.6548,21.87995
1657.8072,21.64456
1657.9596,21.80606
1658.112,21.63413
1658.2644,21.23821
1658.4168,20.82978
1658.5692,20.50665
1658.7216,20.55959
1658.874,21.02943
1659.0264,21.58935
1659.1788,22.04441
1659.3312,22.2337
1659.4836,22.26011
1659.636,21.99559
1659.7884,21.7164
1659.9408,20.55349
1660.0932,19.98544
1660.2456,19.44987
1660.398,19.30237
1660.5504,19.19294
1660.7028,18.98171
1660.8552,18.81426
1661.0076,18.72128
1661.16,18.89527
1661.3124,19.5569
1661.4648,20.18435
1661.6172,20.75405
1661.7696,21.18908
1661.922,21.42734
1662.0744,21.51307
1662.2268,21.53524
1662.3792,21.55242
1662.5316,21.40396
1662.684,21.21896
1662.8364,20.93866
1662.9888,20.49844
1663.1412,20.05728
1663.2936,19.59378
1663.446,19.0955
1663.5984,18.59459
1663.7508,18.35581
1663.9032,18.59562
1664.0556,18.99604
1664.208,18.94705
1664.3604,18.47459
1664.5128,18.18717
1664.6652,18.06888
1664.8176,18.33592
1664.97,18.86836
1665.1224,19.62768
1665.2748,20.01019
1665.4272,19.92389
1665.5796,19.30373
1665.732,19.0424
1665.8844,20.48696
1666.0368,21.20226
1666.1892,20.86754
1666.3416,20.10083
1666.494,19.01052
1666.6464,17.79946
1666.7988,16.76371
1666.9512,15.98107
1667.1036,15.79162
1667.256,16.38655
1667.4084,16.99873
1667.5608,17.97429
1667.7132,19.60035
1667.8656,20.43525
1668.018,21.01724
1668.1704,20.75134
1668.3228,19.93111
1668.4752,19.14552
1668.6276,18.67691
1668.78,18.82411
1668.9324,19.81374
1669.0848,20.31549
1669.2372,19.82646
1669.3896,18.8834
1669.542,18.1397
1669.6944,17.43014
1669.8468,17.86563
1669.9992,18.87428
1670.1516,19.32426
1670.304,19.32533
1670.4564,19.42611
1670.6088,19.03434
1670.7612,18.60827
1670.9136,18.50909
1671.066,19.14972
1671.2184,20.78657
1671.3708,21.72665
1671.5232,21.86416
1671.6756,22.86054
1671.828,24.61571
1671.9804,25.27464
1672.1328,24.01377
1672.2852,22.45288
1672.4376,21.60892
1672.59,20.97171
1672.7424,21.22127
1672.8948,21.12905
1673.0472,21.22122
1673.1996,20.97903
1673.352,20.07717
1673.5044,19.02923
1673.6568,17.98923
1673.8092,17.1391
1673.9616,16.60179
1674.114,17.98819
1674.2664,19.77455
1674.4188,20.06867
1674.5712,19.50453
1674.7236,19.10626
1674.876,19.48637
1675.0284,22.17153
1675.1808,22.58366
1675.3332,22.04795
1675.4856,21.56252
1675.638,21.59458
1675.7904,21.4886
1675.9428,21.07958
1676.0952,20.08885
1676.2476,18.95015
1676.4,18.35086
1676.5524,18.17007
1676.7048,18.44328
1676.8572,19.11411
1677.0096,19.06281
1677.162,18.89394
1677.3144,19.41885
1677.4668,19.35587
1677.6192,18.75105
1677.7716,18.02882
1677.924,17.35297
1678.0764,19.44887
1678.2288,21.62094
1678.3812,21.90675
1678.5336,21.41905
1678.686,20.43587
1678.8384,18.65709
1678.9908,16.88858
1679.1432,15.6255
1679.2956,14.77824
1679.448,13.98162
1679.6004,14.66103
1679.7528,14.23178
1679.9052,13.93764
1680.0576,15.99055
1680.21,18.16605
1680.3624,19.65648
1680.5148,19.46092
1680.6672,19.20837
1680.8196,19.48453
1680.972,19.88678
1681.1244,21.45027
1681.2768,22.66685
1681.4292,22.97984
1681.5816,22.77466
1681.734,21.88316
1681.8864,20.74188
1682.0388,19.80705
1682.1912,18.64018
1682.3436,17.89238
1682.496,17.43932
1682.6484,17.48489
1682.8008,17.69243
1682.9532,17.94066
1683.1056,18.31236
1683.258,18.87766
1683.4104,19.40407
1683.5628,20.20558
1683.7152,21.05504
1683.8676,21.68108
1684.02,21.4921
1684.1724,21.25961
1684.3248,20.06886
1684.4772,19.47958
1684.6296,18.95074
1684.782,18.53882
1684.9344,18.50607
1685.0868,18.38348
1685.2392,18.84842
1685.3916,19.47624
1685.544,19.89185
1685.6964,19.33078
1685.8488,18.55595
1686.0012,18.06587
1686.1536,17.98978
1686.306,18.69269
1686.4584,18.91714
1686.6108,18.87643
1686.7632,18.82701
1686.9156,19.19284
1687.068,20.33842
1687.2204,19.59245
1687.3728,18.64511
1687.5252,18.72946
1687.6776,20.56784
1687.83,21.66261
1687.9824,21.90489
1688.1348,21.40778
1688.2872,20.94409
1688.4396,20.25784
1688.592,20.25539
1688.7444,21.26848
1688.8968,21.48167
1689.0492,20.55052
1689.2016,19.62589
1689.354,18.97226
1689.5064,18.59952
1689.6588,18.41393
1689.8112,19.04169
1689.9636,19.43765
1690.116,19.705
1690.2684,18.92892
1690.4208,18.51265
1690.5732,17.96448
1690.7256,17.41832
1690.878,16.90604
1691.0304,16.46289
1691.1828,16.25328
1691.3352,16.468
1691.4876,16.88467
1691.64,17.14273
1691.7924,17.77412
1691.9448,18.5233
1692.0972,19.44907
1692.2496,20.31421
1692.402,20.8089
1692.5544,20.47923
1692.7068,19.59933
1692.8592,18.68497
1693.0116,19.00017
1693.164,19.97366
1693.3164,21.04248
1693.4688,20.99828
1693.6212,21.18443
1693.7736,21.51328
1693.926,21.21376
1694.0784,19.73352
1694.2308,18.2852
1694.3832,17.5029
1694.5356,17.64125
1694.688,18.56909
1694.8404,19.22787
1694.9928,19.34889
1695.1452,19.1051
1695.2976,18.83437
1695.45,18.5278
1695.6024,18.22786
1695.7548,18.00157
1695.9072,17.84024
1696.0596,18.1266
1696.212,18.3924
1696.3644,18.32661
1696.5168,18.58098
1696.6692,19.28546
1696.8216,19.63678
1696.974,18.85977
1697.1264,18.1882
1697.2788,18.78694
1697.4312,18.94199
1697.5836,18.32916
1697.736,17.68599
1697.8884,16.98151
1698.0408,16.76448
1698.1932,16.88446
1698.3456,17.29742
1698.498,17.82884
1698.6504,18.18568
1698.8028,18.07666
1698.9552,17.74348
1699.1076,17.48035
1699.26,17.56003
1699.4124,18.81877
1699.5648,18.62665
1699.7172,17.94545
1699.8696,17.31802
1700.022,17.13907
1700.1744,16.93788
1700.3268,16.4686
1700.4792,16.2119
1700.6316,16.29602
1700.784,16.93266
1700.9364,17.97308
1701.0888,18.8544
1701.2412,19.01263
1701.3936,18.5739
1701.546,18.27739
1701.6984,17.78412
1701.8508,17.49623
1702.0032,17.59911
1702.1556,17.7563
1702.308,18.44711
1702.4604,18.90524
1702.6128,17.66792
1702.7652,16.87491
1702.9176,17.01222
1703.07,17.45387
1703.2224,17.90564
1703.3748,18.42136
1703.5272,18.62082
1703.6796,18.53006
1703.832,17.66293
1703.9844,16.99896
1704.1368,16.78444
1704.2892,17.01456
1704.4416,20.31801
1704.594,20.88689
1704.7464,21.75133
1704.8988,22.22229
1705.0512,22.02014
1705.2036,21.73567
1705.356,21.43491
1705.5084,21.25536
1705.6608,21.23218
1705.8132,21.48895
1705.9656,22.04393
1706.118,22.87735
1706.2704,23.45219
1706.4228,25.45555
1706.5752,26.1209
1706.7276,25.13312
1706.88,24.26656
1707.0324,23.50504
1707.1848,22.80243
1707.3372,22.28474
1707.4896,22.31824
1707.642,21.9595
1707.7944,21.31831
1707.9468,20.3692
1708.0992,19.48329
1708.2516,18.72438
1708.404,18.67523
1708.5564,19.00996
1708.7088,19.82108
1708.8612,21.40025
1709.0136,23.25841
1709.166,24.66388
1709.3184,25.11293
1709.4708,24.68167
1709.6232,23.83224
1709.7756,23.24728
1709.928,23.47479
1710.0804,23.94092
1710.2328,23.56688
1710.3852,22.5356
1710.5376,21.52098
1710.69,20.8409
1710.8424,20.49878
1710.9948,21.09824
1711.1472,21.90802
1711.2996,22.36246
1711.452,22.0658
1711.6044,21.60811
1711.7568,21.07512
1711.9092,20.41338
1712.0616,19.72198
1712.214,19.23535
1712.3664,19.40623
1712.5188,19.73361
1712.6712,19.00708
1712.8236,18.19576
1712.976,17.65733
1713.1284,17.24063
1713.2808,17.33163
1713.4332,17.93927
1713.5856,19.46213
1713.738,20.89206
1713.8904,21.3147
1714.0428,21.22684
1714.1952,20.93677
1714.3476,20.33958
1714.5,19.64117
1714.6524,19.22803
1714.8048,19.96106
1714.9572,21.37575
1715.1096,22.45898
1715.262,22.04948
1715.4144,22.11765
1715.5668,22.90974
1715.7192,23.21489
1715.8716,22.85701
1716.024,22.48128
1716.1764,23.01059
1716.3288,24.61795
1716.4812,25.82695
1716.6336,25.98763
1716.786,25.80232
1716.9384,25.47737
1717.0908,25.02869
1717.2432,24.43001
1717.3956,23.78915
1717.548,23.15222
1717.7004,22.5399
1717.8528,22.00125
1718.0052,21.8219
1718.1576,22.32507
1718.31,23.36348
1718.4624,24.53104
1718.6148,26.93304
1718.7672,28.32106
1718.9196,28.69984
1719.072,30.04248
1719.2244,30.84897
1719.3768,30.29823
1719.5292,28.96803
1719.6816,28.2305
1719.834,28.28954
1719.9864,29.3253
1720.1388,30.10034
1720.2912,31.05954
1720.4436,32.21146
1720.596,32.65128
1720.7484,31.85165
1720.9008,32.56137
1721.0532,32.28726
1721.2056,30.90297
1721.358,29.63991
1721.5104,29.61267
1721.6628,29.0508
1721.8152,28.58829
1721.9676,28.77698
1722.12,29.62202
1722.2724,29.31029
1722.4248,28.24507
1722.5772,27.22194
1722.7296,27.37425
1722.882,27.53113
1723.0344,26.9258
1723.1868,26.28867
1723.3392,26.61053
1723.4916,27.63818
1723.644,28.51392
1723.7964,28.40822
1723.9488,28.07895
1724.1012,27.83142
1724.2536,27.85281
1724.406,29.48329
1724.5584,29.77141
1724.7108,28.3633
1724.8632,26.23228
1725.0156,25.05029
1725.168,24.57141
1725.3204,24.72209
1725.4728,25.4962
1725.6252,26.59256
1725.7776,26.84697
1725.93,26.79353
1726.0824,26.34532
1726.2348,25.64586
1726.3872,24.79741
1726.5396,23.71448
1726.692,22.75597
1726.8444,22.1705
1726.9968,21.76469
1727.1492,21.5153
1727.3016,21.35231
1727.454,21.22765
1727.6064,21.43263
1727.7588,21.95532
1727.9112,23.08057
1728.0636,24.12329
1728.216,25.32373
1728.3684,26.29002
1728.5208,27.01224
1728.6732,27.26195
1728.8256,27.28616
1728.978,27.19443
1729.1304,27.10799
1729.2828,27.36154
1729.4352,29.21262
1729.5876,30.95984
1729.74,30.93535
1729.8924,31.09291
1730.0448,30.76042
1730.1972,30.46947
1730.3496,31.03087
1730.502,31.42291
1730.6544,31.11414
1730.8068,30.53146
1730.9592,28.87463
1731.1116,29.6978
1731.264,30.41042
1731.4164,30.02751
1731.5688,29.46515
1731.7212,29.55159
1731.8736,30.14992
1732.026,31.25031
1732.1784,32.0921
1732.3308,32.1748
1732.4832,31.92305
1732.6356,31.51146
1732.788,31.41879
1732.9404,31.50224
1733.0928,32.45868
1733.2452,33.66562
1733.3976,33.42004
1733.55,32.51993
1733.7024,31.19885
1733.8548,29.58028
1734.0072,29.45876
1734.1596,28.96098
1734.312,28.63019
1734.4644,28.88431
1734.6168,28.6118
1734.7692,27.44106
1734.9216,26.18594
1735.074,25.35835
1735.2264,25.28047
1735.3788,27.17557
1735.5312,28.79333
1735.6836,28.76474
1735.836,28.03604
1735.9884,26.71608
1736.1408,25.69879
1736.2932,24.90147
1736.4456,24.72417
1736.598,24.54639
1736.7504,24.03406
1736.9028,23.75191
1737.0552,24.87534
1737.2076,25.78261
1737.36,26.29437
1737.5124,26.31479
1737.6648,26.10242
1737.8172,25.84566
1737.9696,25.98489
1738.122,26.40189
1738.2744,26.26167
1738.4268,25.36746
1738.5792,24.66599
1738.7316,24.50757
1738.884,25.01888
1739.0364,25.31261
1739.1888,24.83266
1739.3412,24.3101
1739.4936,23.64201
1739.646,23.01395
1739.7984,22.56113
1739.9508,22.09181
1740.1032,21.61765
1740.2556,21.13487
1740.408,20.79794
1740.5604,20.54744
1740.7128,20.16451
1740.8652,19.80029
1741.0176,19.51189
1741.17,19.506
1741.3224,19.95972
1741.4748,20.0318
1741.6272,19.69257
1741.7796,19.48201
1741.932,19.66269
1742.0844,20.0192
1742.2368,20.33936
1742.3892,20.5387
1742.5416,20.68062
1742.694,20.74773
1742.8464,20.46359
1742.9988,19.57808
1743.1512,19.88972
1743.3036,20.6629
1743.456,21.45216
1743.6084,22.35463
1743.7608,23.61687
1743.9132,24.37093
1744.0656,24.4758
1744.218,24.3017
1744.3704,23.4604
1744.5228,21.86642
1744.6752,20.52122
1744.8276,19.58853
1744.98,19.08148
1745.1324,19.35577
1745.2848,21.58795
1745.4372,22.48723
1745.5896,22.67145
1745.742,22.03152
1745.8944,21.04471
1746.0468,20.1073
1746.1992,19.5186
1746.3516,19.10638
1746.504,19.39825
1746.6564,20.72993
1746.8088,22.27115
1746.9612,22.59941
1747.1136,22.34642
1747.266,21.65826
1747.4184,21.14734
1747.5708,21.03833
1747.7232,21.43398
1747.8756,22.06055
1748.028,21.8
1748.1804,20.9104
1748.3328,20.06804
1748.4852,19.28079
1748.6376,18.59909
1748.79,18.04868
1748.9424,17.69066
1749.0948,17.9528
1749.2472,19.02455
1749.3996,20.52998
1749.552,22.0619
1749.7044,23.36775
1749.8568,23.4379
1750.0092,23.4523
1750.1616,23.31757
1750.314,23.02057
1750.4664,22.74759
1750.6188,22.51221
1750.7712,22.15021
1750.9236,21.88004
1751.076,21.689
1751.2284,21.55928
1751.3808,21.39932
1751.5332,21.48576
1751.6856,21.55164
1751.838,22.17119
1751.9904,22.28766
1752.1428,21.75597
1752.2952,21.16969
1752.4476,20.81729
1752.6,20.77453
1752.7524,21.05618
1752.9048,21.17987
1753.0572,20.93496
1753.2096,20.75164
1753.362,20.74503
1753.5144,21.70686
1753.6668,23.46485
1753.8192,25.5093
1753.9716,26.56291
1754.124,27.3958
1754.2764,27.73084
1754.4288,27.72495
1754.5812,27.36087
1754.7336,26.92971
1754.886,26.41024
1755.0384,25.52332
1755.1908,21.99332
1755.3432,22.51924
1755.4956,22.58611
1755.648,23.03413
1755.8004,24.34972
1755.9528,25.25038
1756.1052,25.61416
1756.2576,25.53793
1756.41,25.18839
1756.5624,25.47937
1756.7148,26.46918
1756.8672,28.04356
1757.0196,28.90791
1757.172,27.50002
1757.3244,26.10807
1757.4768,24.65409
1757.6292,24.04965
1757.7816,24.54909
1757.934,26.19926
1758.0864,29.54019
1758.2388,31.20105
1758.3912,31.64913
1758.5436,31.53521
1758.696,31.11156
1758.8484,29.86933
1759.0008,28.56245
1759.1532,28.00125
1759.3056,28.66985
1759.458,29.38766
1759.6104,29.74078
1759.7628,29.88841
1759.9152,29.48731
1760.0676,28.22624
1760.22,28.03701
1760.3724,27.25882
1760.5248,27.2531
1760.6772,27.51912
1760.8296,28.12445
1760.982,29.0976
1761.1344,29.60482
1761.2868,28.77294
1761.4392,27.78225
1761.5916,26.51184
1761.744,25.31895
1761.8964,24.39027
1762.0488,24.36872
1762.2012,24.45392
1762.3536,23.64244
1762.506,23.01445
1762.6584,23.31491
1762.8108,24.26698
1762.9632,25.38528
1763.1156,26.0185
1763.268,26.1075
1763.4204,25.53021
1763.5728,24.4767
1763.7252,22.99493
1763.8776,21.90055
1764.03,21.34174
1764.1824,21.38256
1764.3348,21.75567
1764.4872,23.29806
1764.6396,24.14455
1764.792,24.60245
1764.9444,24.08811
1765.0968,23.82874
1765.2492,23.82492
1765.4016,24.09908
1765.554,24.17475
1765.7064,23.92667
1765.8588,22.84021
1766.0112,22.6331
1766.1636,22.61984
1766.316,22.78109
1766.4684,23.09415
1766.6208,23.92719
1766.7732,24.66767
1766.9256,24.78965
1767.078,24.99531
1767.2304,26.42787
1767.3828,28.4501
1767.5352,29.45435
1767.6876,29.13243
1767.84,27.9333
1767.9924,26.99468
1768.1448,26.57474
1768.2972,26.7
1768.4496,27.66284
1768.602,28.21759
1768.7544,28.22044
1768.9068,27.87484
1769.0592,27.53219
1769.2116,27.11693
1769.364,27.41196
1769.5164,28.36337
1769.6688,29.16423
1769.8212,30.54551
1769.9736,31.86311
1770.126,32.17953
1770.2784,31.12658
1770.4308,30.00523
1770.5832,29.02514
1770.7356,28.45143
1770.888,28.76071
1771.0404,28.91088
1771.1928,28.8517
1771.3452,28.67042
1771.4976,28.37223
1771.65,27.89736
1771.8024,27.44706
1771.9548,27.26945
1772.1072,26.50686
1772.2596,26.12119
1772.412,26.10852
1772.5644,26.45578
1772.7168,27.19796
1772.8692,26.9689
1773.0216,26.38044
1773.174,26.09574
1773.3264,26.24751
1773.4788,26.4697
1773.6312,26.92292
1773.7836,27.71825
1773.936,27.93621
1774.0884,27.07875
1774.2408,26.07257
1774.3932,25.36299
1774.5456,25.25529
1774.698,25.44846
1774.8504,25.93054
1775.0028,25.34024
1775.1552,24.55587
1775.3076,24.31981
1775.46,24.74549
1775.6124,25.59645
1775.7648,26.5025
1775.9172,27.13888
1776.0696,26.94584
1776.222,26.37427
1776.3744,25.81294
1776.5268,25.65484
1776.6792,25.86342
1776.8316,26.10558
1776.984,26.30987
1777.1364,26.30172
1777.2888,26.0983
1777.4412,25.90817
1777.5936,26.07429
1777.746,26.35232
1777.8984,26.52699
1778.0508,26.70577
1778.2032,26.21708
1778.3556,25.58668
1778.508,25.55
1778.6604,25.78387
1778.8128,26.29309
1778.9652,27.29417
1779.1176,28.49777
1779.27,29.12506
1779.4224,28.7269
1779.5748,27.1866
1779.7272,27.22912
1779.8796,26.26648
1780.032,25.93189
1780.1844,26.54029
1780.3368,27.41617
1780.4892,28.37266
1780.6416,28.49747
1780.794,27.43073
1780.9464,26.52493
1781.0988,26.94663
1781.2512,27.13902
1781.4036,26.70287
1781.556,26.07708
1781.7084,25.64213
1781.8608,26.16476
1782.0132,27.328
1782.1656,28.17128
1782.318,28.41772
1782.4704,28.34711
1782.6228,28.61584
1782.7752,29.07303
1782.9276,29.74602
1783.08,30.84216
1783.2324,31.09838
1783.3848,30.84262
1783.5372,30.64226
1783.6896,30.51126
1783.842,30.41384
1783.9944,30.31096
1784.1468,30.46854
1784.2992,30.42561
1784.4516,30.5734
1784.604,30.59613
1784.7564,30.87722
1784.9088,31.00188
1785.0612,30.7996
1785.2136,30.44138
1785.366,29.72889
1785.5184,29.10427
1785.6708,28.58647
1785.8232,28.39031
1785.9756,28.36203
1786.128,28.91518
1786.2804,29.40997
1786.4328,29.7567
1786.5852,29.73323
1786.7376,29.14159
1786.89,28.50816
1787.0424,28.3254
1787.1948,28.74532
1787.3472,28.73672
1787.4996,28.39307
1787.652,28.03444
1787.8044,27.77194
1787.9568,27.66501
1788.1092,27.67447
1788.2616,27.64689
1788.414,27.1802
1788.5664,27.10503
1788.7188,26.4002
1788.8712,26.19409
1789.0236,26.20963
1789.176,27.12125
1789.3284,28.24681
1789.4808,28.68797
1789.6332,29.35957
1789.7856,29.80083
1789.938,29.68802
1790.0904,29.1067
1790.2428,28.28665
1790.3952,28.42371
1790.5476,28.61801
1790.7,28.27488
1790.8524,27.78907
1791.0048,27.72639
1791.1572,28.05777
1791.3096,28.71114
1791.462,29.24242
1791.6144,27.61963
1791.7668,27.09994
1791.9192,26.79213
1792.0716,26.62158
1792.224,26.72061
1792.3764,26.90394
1792.5288,26.49405
1792.6812,26.88883
1792.8336,27.80156
1792.986,27.94184
1793.1384,27.82967
1793.2908,27.8693
1793.4432,28.14216
1793.5956,28.79209
1793.748,29.08533
1793.9004,30.88017
1794.0528,31.56393
1794.2052,31.98929
1794.3576,32.35307
1794.51,31.98245
1794.6624,30.93119
1794.8148,29.91354
1794.9672,29.74157
1795.1196,30.88292
1795.272,31.8143
1795.4244,32.5782
1795.5768,32.7393
1795.7292,32.33833
1795.8816,31.77299
1796.034,30.56696
1796.1864,29.20901
1796.3388,28.31244
1796.4912,27.61997
1796.6436,27.26022
1796.796,26.98865
1796.9484,27.25539
1797.1008,28.06327
1797.2532,24.5257
1797.4056,25.55125
1797.558,26.16989
1797.7104,26.34476
1797.8628,26.18326
1798.0152,25.84352
1798.1676,25.53132
1798.32,25.22189
1798.4724,24.86067
1798.6248,24.66182
1798.7772,25.03952
1798.9296,26.23403
1799.082,27.36396
1799.2344,28.14438
1799.3868,28.37197
1799.5392,28.16702
1799.6916,27.76655
1799.844,27.26229
1799.9964,26.88637
1800.1488,26.67361
1800.3012,26.54731
1800.4536,26.44192
1800.606,26.42469
1800.7584,26.82698
1800.9108,27.16692
1801.0632,27.32904
1801.2156,26.35386
1801.368,25.17179
1801.5204,24.02911
1801.6728,23.88284
1801.8252,24.84263
1801.9776,26.55904
1802.13,28.16185
1802.2824,28.99767
1802.4348,29.93898
1802.5872,30.16146
1802.7396,29.98063
1802.892,29.65043
1803.0444,29.34632
1803.1968,28.26676
1803.3492,27.19779
1803.5016,26.34455
1803.654,26.71226
1803.8064,27.10526
1803.9588,27.05588
1804.1112,26.84342
1804.2636,26.77816
1804.416,27.05521
1804.5684,27.67188
1804.7208,27.49441
1804.8732,27.55276
1805.0256,27.3973
1805.178,26.48175
1805.3304,26.27454
1805.4828,25.40339
1805.6352,24.75189
1805.7876,24.42059
1805.94,24.57093
1806.0924,24.457
1806.2448,24.2797
1806.3972,23.78652
1806.5496,23.29565
1806.702,23.14914
1806.8544,23.55539
1807.0068,24.02326
1807.1592,24.02806
1807.3116,23.54958
1807.464,23.30557
1807.6164,23.63406
1807.7688,23.98024
1807.9212,23.7816
1808.0736,23.4552
1808.226,23.18639
1808.3784,23.01184
1808.5308,23.17789
1808.6832,23.42241
1808.8356,24.32331
1808.988,25.49243
1809.1404,26.41617
1809.2928,27.07446
1809.4452,27.24984
1809.5976,27.32915
1809.75,27.46032
1809.9024,27.72692
1810.0548,28.62463
1810.2072,29.27028
1810.3596,29.64823
1810.512,29.64553
1810.6644,29.23823
1810.8168,28.6607
1810.9692,27.87916
1811.1216,27.04587
1811.274,26.26616
1811.4264,25.72386
1811.5788,25.9242
1811.7312,25.33924
1811.8836,24.78991
1812.036,24.03149
1812.1884,23.56526
1812.3408,23.27471
1812.4932,23.21603
1812.6456,23.37931
1812.798,23.81054
1812.9504,24.60042
1813.1028,25.56801
1813.2552,26.27721
1813.4076,26.45275
1813.56,26.39706
1813.7124,26.03491
1813.8648,25.4952
1814.0172,24.85619
1814.1696,24.09948
1814.322,23.5374
1814.4744,22.90193
1814.6268,23.10706
1814.7792,23.3723
1814.9316,24.67962
1815.084,25.79148
1815.2364,26.26425
1815.3888,26.02781
1815.5412,25.64464
1815.6936,25.13361
1815.846,24.17019
1815.9984,23.91559
1816.1508,23.73956
1816.3032,23.37056
1816.4556,22.72862
1816.608,22.39745
1816.7604,22.7313
1816.9128,23.62125
1817.0652,24.49598
1817.2176,24.91729
1817.37,24.8378
1817.5224,24.4035
1817.6748,23.95801
1817.8272,23.49919
1817.9796,23.42595
1818.132,23.73746
1818.2844,23.76739
1818.4368,23.4738
1818.5892,23.03423
1818.7416,22.65704
1818.894,22.12732
1819.0464,21.65679
1819.1988,21.52102
1819.3512,22.48037
1819.5036,23.08028
1819.656,22.77985
1819.8084,22.47397
1819.9608,22.89362
1820.1132,24.02946
1820.2656,25.17035
1820.418,26.21547
1820.5704,26.51564
1820.7228,25.99533
1820.8752,25.06366
1821.0276,25.21273
1821.18,24.82542
1821.3324,25.21019
1821.4848,26.04289
1821.6372,26.34813
1821.7896,26.70392
1821.942,26.69996
1822.0944,25.33574
1822.2468,24.92976
1822.3992,24.97518
1822.5516,25.08806
1822.704,24.95635
1822.8564,24.98961
1823.0088,25.70634
1823.1612,26.44336
1823.3136,26.6863
1823.466,26.67627
1823.6184,26.51026
1823.7708,25.91056
1823.9232,25.17791
1824.0756,25.17468
1824.228,25.04774
1824.3804,24.6708
1824.5328,25.07184
1824.6852,26.10107
1824.8376,26.34638
1824.99,26.81909
1825.1424,26.83265
1825.2948,26.65754
1825.4472,26.50169
1825.5996,26.7398
1825.752,27.1059
1825.9044,27.8558
1826.0568,28.65751
1826.2092,29.31933
1826.3616,29.79096
1826.514,29.89669
1826.6664,29.80835
1826.8188,29.68665
1826.9712,29.94507
1827.1236,30.74633
1827.276,31.36885
1827.4284,31.41529
1827.5808,31.01713
1827.7332,30.15988
1827.8856,29.13462
1828.038,28.48298
1828.1904,28.77736
1828.3428,29.7683
1828.4952,31.06214
1828.6476,31.50013
1828.8,31.47452
1828.9524,30.73288
1829.1048,29.76462
1829.2572,28.80092
1829.4096,28.8262
1829.562,29.36172
1829.7144,28.74693
1829.8668,27.87482
1830.0192,27.15157
1830.1716,26.94159
1830.324,28.28607
1830.4764,28.52238
1830.6288,27.60139
1830.7812,26.57104
1830.9336,25.7854
1831.086,25.2211
1831.2384,25.1286
1831.3908,26.05421
1831.5432,26.19647
1831.6956,25.92833
1831.848,25.54733
1832.0004,25.32112
1832.1528,25.27669
1832.3052,25.47556
1832.4576,25.9836
1832.61,26.51018
1832.7624,26.65962
1832.9148,26.45341
1833.0672,25.89209
1833.2196,25.45612
1833.372,25.30475
1833.5244,25.55672
1833.6768,26.11952
1833.8292,26.09131
1833.9816,25.68839
1834.134,24.71329
1834.2864,24.31895
1834.4388,24.67577
1834.5912,24.79521
1834.7436,25.03583
1834.896,25.99107
1835.0484,25.45976
1835.2008,25.02007
1835.3532,24.28502
1835.5056,24.14391
1835.658,24.91223
1835.8104,26.07834
1835.9628,26.94208
1836.1152,26.92717
1836.2676,26.54083
1836.42,26.03644
1836.5724,25.51303
1836.7248,25.14343
1836.8772,25.23615
1837.0296,26.33688
1837.182,26.51244
1837.3344,25.68686
1837.4868,24.43625
1837.6392,24.02908
1837.7916,23.40198
1837.944,22.23828
1838.0964,21.85164
1838.2488,22.68904
1838.4012,23.12491
1838.5536,22.98111
1838.706,22.50122
1838.8584,22.28967
1839.0108,22.61502
1839.1632,23.32907
1839.3156,24.83652
1839.468,25.93944
1839.6204,27.05975
1839.7728,27.93123
1839.9252,28.31563
1840.0776,27.8752
1840.23,27.9213
1840.3824,29.44307
1840.5348,30.09474
1840.6872,29.99475
1840.8396,29.27742
1840.992,28.71857
1841.1444,28.64192
1841.2968,29.05968
1841.4492,29.18126
1841.6016,28.2841
1841.754,27.09384
1841.9064,26.0988
1842.0588,25.19243
1842.2112,24.37245
1842.3636,23.88727
1842.516,23.91052
1842.6684,24.34569
1842.8208,24.07924
1842.9732,24.3279
1843.1256,24.85896
1843.278,25.89098
1843.4304,27.47484
1843.5828,28.13414
1843.7352,27.85463
1843.8876,27.30222
1844.04,26.72408
1844.1924,26.19443
1844.3448,25.82666
1844.4972,25.72589
1844.6496,25.98799
1844.802,26.71053
1844.9544,27.25854
1845.1068,27.29158
1845.2592,27.1911
1845.4116,27.53256
1845.564,28.21454
1845.7164,28.20959
1845.8688,27.6376
1846.0212,26.64542
1846.1736,25.59064
1846.326,25.98427
1846.4784,26.72858
1846.6308,27.88818
1846.7832,28.29593
1846.9356,28.68156
1847.088,28.88742
1847.2404,28.99767
1847.3928,29.08928
1847.5452,29.14857
1847.6976,29.10655
1847.85,29.1199
1848.0024,28.99968
1848.1548,29.04977
1848.3072,29.27559
1848.4596,29.73203
1848.612,30.69135
1848.7644,31.69917
1848.9168,32.59622
1849.0692,32.89941
1849.2216,32.90137
1849.374,32.55667
1849.5264,31.88974
1849.6788,31.15044
1849.8312,30.23215
1849.9836,30.3696
1850.136,29.96106
1850.2884,29.10617
1850.4408,28.14185
1850.5932,27.34233
1850.7456,27.13248
1850.898,28.29204
1851.0504,29.29504
1851.2028,28.5305
1851.3552,27.17836
1851.5076,25.94395
1851.66,25.0172
1851.8124,24.20195
1851.9648,25.62117
1852.1172,27.36839
1852.2696,29.86554
1852.422,30.78984
1852.5744,30.04468
1852.7268,28.86354
1852.8792,27.93411
1853.0316,27.19208
1853.184,26.70651
1853.3364,26.48532
1853.4888,26.74692
1853.6412,26.43646
1853.7936,25.61882
1853.946,24.91817
1854.0984,24.42267
1854.2508,23.89832
1854.4032,23.56812
1854.5556,23.27682
1854.708,23.14322
1854.8604,23.53528
1855.0128,24.94821
1855.1652,25.87018
1855.3176,26.19405
1855.47,25.92755
1855.6224,25.50058
1855.7748,25.56105
1855.9272,25.94525
1856.0796,25.75977
1856.232,25.28841
1856.3844,24.93967
1856.5368,25.27708
1856.6892,25.68748
1856.8416,25.14709
1856.994,24.29524
1857.1464,23.37035
1857.2988,22.4435
1857.4512,22.74933
1857.6036,22.67877
1857.756,23.4053
1857.9084,24.13026
1858.0608,24.40579
1858.2132,24.45721
1858.3656,24.35944
1858.518,26.33051
1858.6704,27.10794
1858.8228,27.6264
1858.9752,27.84102
1859.1276,27.4505
1859.28,26.37364
1859.4324,25.23825
1859.5848,24.39742
1859.7372,23.69638
1859.8896,23.08391
1860.042,22.9969
1860.1944,23.71791
1860.3468,25.10526
1860.4992,25.91191
1860.6516,26.36864
1860.804,26.4019
1860.9564,26.01663
1861.1088,25.29156
1861.2612,25.22855
1861.4136,25.85164
1861.566,26.9967
1861.7184,25.97148
1861.8708,25.17464
1862.0232,24.90207
1862.1756,25.711
1862.328,27.22855
1862.4804,27.17665
1862.6328,26.51582
1862.7852,27.21593
1862.9376,28.44179
1863.09,28.58295
1863.2424,28.36214
1863.3948,28.70488
1863.5472,29.65669
1863.6996,30.38051
1863.852,29.93132
1864.0044,29.05203
1864.1568,28.7748
1864.3092,28.66078
1864.4616,28.93129
1864.614,27.76923
1864.7664,26.72052
1864.9188,25.96245
1865.0712,26.52591
1865.2236,27.73428
1865.376,29.1268
1865.5284,29.59612
1865.6808,28.89159
1865.8332,28.67268
1865.9856,29.2868
1866.138,31.13805
1866.2904,32.08344
1866.4428,32.68411
1866.5952,32.86954
1866.7476,32.84607
1866.9,32.59039
1867.0524,31.64783
1867.2048,30.04883
1867.3572,29.05272
1867.5096,28.73199
1867.662,29.56435
1867.8144,29.18155
1867.9668,28.18724
1868.1192,27.48528
1868.2716,27.33717
1868.424,28.58397
1868.5764,29.37933
1868.7288,29.13832
1868.8812,28.55266
1869.0336,27.73621
1869.186,27.47667
1869.3384,27.4697
1869.4908,27.87416
1869.6432,28.53197
1869.7956,29.01128
1869.948,29.27324
1870.1004,29.47635
1870.2528,29.55067
1870.4052,29.62578
1870.5576,30.52647
1870.71,30.8737
1870.8624,31.05406
1871.0148,30.71143
1871.1672,29.42763
1871.3196,28.45302
1871.472,27.52835
1871.6244,26.60368
1871.7768,25.52097
1871.9292,24.74072
1872.0816,24.66434
1872.234,24.65271
1872.3864,24.82043
1872.5388,24.90453
1872.6912,24.78795
1872.8436,24.62712
1872.996,24.46121
1873.1484,24.23201
1873.3008,24.87025
1873.4532,25.86288
1873.6056,26.56706
1873.758,26.90833
1873.9104,26.81694
1874.0628,26.54021
1874.2152,25.97768
1874.3676,25.15959
1874.52,24.71445
1874.6724,24.287
1874.8248,24.21748
1874.9772,24.85129
1875.1296,25.13062
1875.282,25.16245
1875.4344,25.06216
1875.5868,25.40733
1875.7392,25.45818
1875.8916,25.47981
1876.044,25.09265
1876.1964,25.31049
1876.3488,26.22455
1876.5012,26.79681
1876.6536,26.43507
1876.806,25.72646
1876.9584,25.18785
1877.1108,24.86395
1877.2632,25.65352
1877.4156,26.34154
1877.568,26.41716
1877.7204,26.63116
1877.8728,27.45056
1878.0252,28.06496
1878.1776,28.0657
1878.33,27.73402
1878.4824,27.32796
1878.6348,26.95428
1878.7872,26.45488
1878.9396,25.55986
1879.092,24.74342
1879.2444,24.8409
1879.3968,25.39859
1879.5492,25.01367
1879.7016,24.27321
1879.854,23.51802
1880.0064,22.93208
1880.1588,22.54958
1880.3112,22.57092
1880.4636,22.92455
1880.616,23.4619
1880.7684,23.80937
1880.9208,23.97702
1881.0732,23.88435
1881.2256,23.03632
1881.378,21.92752
1881.5304,21.07426
1881.6828,21.2401
1881.8352,21.3351
1881.9876,21.85851
1882.14,22.96991
1882.2924,23.74411
1882.4448,25.2206
1882.5972,26.70462
1882.7496,26.95572
1882.902,26.84662
1883.0544,26.2579
1883.2068,25.61455
1883.3592,24.81424
1883.5116,23.93294
1883.664,23.06084
1883.8164,22.38696
1883.9688,22.17371
1884.1212,22.78624
1884.2736,23.40996
1884.426,24.01904
1884.5784,24.59543
1884.7308,25.39792
1884.8832,26.24799
1885.0356,26.37128
1885.188,26.08125
1885.3404,25.29137
1885.4928,24.36447
1885.6452,23.85294
1885.7976,23.53065
1885.95,23.4146
1886.1024,23.24757
1886.2548,23.00487
1886.4072,22.69069
1886.5596,22.44501
1886.712,22.44388
1886.8644,22.48842
1887.0168,22.70364
1887.1692,23.12669
1887.3216,23.89287
1887.474,25.15891
1887.6264,25.97853
1887.7788,26.37892
1887.9312,26.57758
1888.0836,26.61185
1888.236,26.21912
1888.3884,25.35251
1888.5408,24.37263
1888.6932,23.05183
1888.8456,22.41563
1888.998,22.11807
1889.1504,22.38943
1889.3028,22.84752
1889.4552,23.5601
1889.6076,23.98325
1889.76,24.18918
1889.9124,24.34305
1890.0648,24.22029
1890.2172,24.02324
1890.3696,23.62796
1890.522,23.24332
1890.6744,22.90965
1890.8268,22.64801
1890.9792,22.55052
1891.1316,22.6723
1891.284,23.01668
1891.4364,23.34726
1891.5888,23.60056
1891.7412,23.71295
1891.8936,24.05966
1892.046,24.74594
1892.1984,25.91972
1892.3508,27.14285
1892.5032,27.79472
1892.6556,27.82155
1892.808,27.11552
1892.9604,25.75403
1893.1128,24.21568
1893.2652,22.93535
1893.4176,22.83139
1893.57,23.31906
1893.7224,23.6978
1893.8748,23.94127
1894.0272,24.05031
1894.1796,24.07449
1894.332,24.42728
1894.4844,25.00768
1894.6368,26.22617
1894.7892,27.84074
1894.9416,28.02237
1895.094,27.64929
1895.2464,26.87802
1895.3988,25.8819
1895.5512,24.88376
1895.7036,24.12805
1895.856,23.52206
1896.0084,23.23192
1896.1608,23.13339
1896.3132,23.15265
1896.4656,23.17482
1896.618,23.23
1896.7704,23.34415
1896.9228,23.33809
1897.0752,23.25302
1897.2276,23.15793
1897.38,23.16135
1897.5324,23.5063
1897.6848,24.33734
1897.8372,24.4767
1897.9896,24.17674
1898.142,24.70049
1898.2944,26.26711
1898.4468,27.83238
1898.5992,28.81448
1898.7516,28.82176
1898.904,28.83018
1899.0564,29.93359
1899.2088,31.81139
1899.3612,33.60431
1899.5136,35.12366
1899.666,36.28809
1899.8184,36.9321
1899.9708,37.12817
1900.1232,37.17569
1900.2756,37.88116
1900.428,39.36401
1900.5804,40.55023
1900.7328,40.64334
1900.8852,39.1951
1901.0376,36.7767
1901.19,33.44235
1901.3424,30.55856
1901.4948,28.87468
1901.6472,28.04126
1901.7996,27.70424
1901.952,28.22246
1902.1044,30.18257
1902.2568,32.69287
1902.4092,34.87231
1902.5616,36.23761
1902.714,36.47937
1902.8664,35.35242
1903.0188,33.67682
1903.1712,31.84654
1903.3236,30.13181
1903.476,29.39522
1903.6284,29.39119
1903.7808,29.45392
1903.9332,29.43355
1904.0856,29.49515
1904.238,30.55389
1904.3904,32.58627
1904.5428,33.9938
1904.6952,34.50427
1904.8476,34.14996
1905,32.90192
1905.1524,30.97147
1905.3048,28.87015
1905.4572,27.42229
1905.6096,26.47964
1905.762,25.9055
1905.9144,25.53601
1906.0668,25.25495
1906.2192,25.15642
1906.3716,25.72097
1906.524,26.98155
1906.6764,28.62815
1906.8288,29.5995
1906.9812,29.66471
1907.1336,29.52571
1907.286,29.19593
1907.4384,28.55489
1907.5908,27.73569
1907.7432,26.75147
1907.8956,26.52771
1908.048,27.33313
1908.2004,28.74371
1908.3528,30.75197
1908.5052,32.59541
1908.6576,33.59546
1908.81,32.96512
1908.9624,31.41334
1909.1148,29.67931
1909.2672,27.84625
1909.4196,26.23405
1909.572,24.74757
1909.7244,23.79145
1909.8768,24.17066
1910.0292,25.77998
1910.1816,27.67453
1910.334,28.85507
1910.4864,29.10662
1910.6388,28.72032
1910.7912,28.39836
1910.9436,27.81165
1911.096,26.33974
1911.2484,25.0182
1911.4008,24.2354
1911.5532,23.7941
1911.7056,23.45656
1911.858,23.08583
1912.0104,22.68314
1912.1628,21.92663
1912.3152,20.92555
1912.4676,19.68232
1912.62,18.54383
1912.7724,17.70591
1912.9248,18.13493
1913.0772,19.15321
1913.2296,19.05277
1913.382,18.55699
1913.5344,18.99509
1913.6868,20.00686
1913.8392,20.57159
1913.9916,20.26207
1914.144,19.44925
1914.2964,18.82943
1914.4488,18.54232
1914.6012,18.50526
1914.7536,18.69204
1914.906,18.99133
1915.0584,19.50167
1915.2108,20.10827
1915.3632,20.29945
1915.5156,19.89936
1915.668,19.10974
1915.8204,18.28853
1915.9728,17.75589
1916.1252,18.57574
1916.2776,19.79874
1916.43,20.44204
1916.5824,20.97786
1916.7348,21.68139
1916.8872,22.74428
1917.0396,24.03313
1917.192,25.54385
1917.3444,27.13907
1917.4968,29.14748
1917.6492,30.56605
1917.8016,31.38184
1917.954,32.67467
1918.1064,34.93031
1918.2588,37.44466
1918.4112,38.41091
1918.5636,36.61164
1918.716,34.19226
1918.8684,31.61236
1919.0208,29.73682
1919.1732,29.98769
1919.3256,29.85992
1919.478,28.70371
1919.6304,27.27013
1919.7828,26.78485
1919.9352,26.88238
1920.0876,28.3176
1920.24,29.2733
1920.3924,29.13692
1920.5448,28.4457
1920.6972,27.33132
1920.8496,26.32092
1921.002,25.85272
1921.1544,24.72337
1921.3068,23.22934
1921.4592,22.00376
1921.6116,21.62395
1921.764,21.71582
1921.9164,21.47918
1922.0688,22.06503
1922.2212,22.37863
1922.3736,21.74965
1922.526,20.50852
1922.6784,19.55733
1922.8308,19.24901
1922.9832,19.75674
1923.1356,20.39025
1923.288,20.73124
1923.4404,20.84986
1923.5928,20.7152
1923.7452,20.07896
1923.8976,19.30922
1924.05,18.67064
1924.2024,18.22286
1924.3548,17.89157
1924.5072,17.757
1924.6596,18.54548
1924.812,20.61522
1924.9644,21.85649
1925.1168,20.02294
1925.2692,19.48077
1925.4216,18.72419
1925.574,18.3874
1925.7264,18.5762
1925.8788,18.91061
1926.0312,19.13614
1926.1836,19.33276
1926.336,19.4577
1926.4884,19.5835
1926.6408,19.79822
1926.7932,19.75634
1926.9456,19.71282
1927.098,19.83243
1927.2504,20.06689
1927.4028,20.52363
1927.5552,21.32145
1927.7076,22.07933
1927.86,21.90897
1928.0124,21.68073
1928.1648,21.27475
1928.3172,20.72335
1928.4696,19.69299
1928.622,19.08759
1928.7744,18.73581
1928.9268,19.60153
1929.0792,19.4061
1929.2316,18.87488
1929.384,18.19254
1929.5364,17.65366
1929.6888,17.15226
1929.8412,16.92641
1929.9936,17.05579
1930.146,17.32736
1930.2984,18.00779
1930.4508,19.68431
1930.6032,20.4612
1930.7556,20.08347
1930.908,19.6546
1931.0604,19.30773
1931.2128,19.5764
1931.3652,20.23242
1931.5176,19.95755
1931.67,19.51543
1931.8224,18.79934
1931.9748,18.02918
1932.1272,17.33769
1932.2796,17.23355
1932.432,17.57012
1932.5844,18.17047
1932.7368,18.98976
1932.8892,19.7089
1933.0416,20.40328
1933.194,21.13419
1933.3464,21.94767
1933.4988,22.62252
1933.6512,22.18589
1933.8036,21.09454
1933.956,20.37342
1934.1084,19.91841
1934.2608,20.23786
1934.4132,19.96128
1934.5656,19.45753
1934.718,18.87623
1934.8704,18.44719
1935.0228,18.49603
1935.1752,19.1527
1935.3276,20.95737
1935.48,22.36734
1935.6324,22.15213
1935.7848,20.83654
1935.9372,20.68854
1936.0896,21.16166
1936.242,22.63037
1936.3944,23.27948
1936.5468,22.54716
1936.6992,22.52394
1936.8516,23.76896
1937.004,26.25794
1937.1564,28.14764
1937.3088,28.59524
1937.4612,27.65805
1937.6136,26.09451
1937.766,24.44888
1937.9184,22.56338
1938.0708,20.88256
1938.2232,19.66415
1938.3756,19.08214
1938.528,18.67138
1938.6804,18.13266
1938.8328,17.76946
1938.9852,17.68953
1939.1376,18.02531
1939.29,19.15472
1939.4424,21.11987
1939.5948,22.53531
1939.7472,23.25694
1939.8996,23.28949
1940.052,23.27818
1940.2044,23.52514
1940.3568,24.13514
1940.5092,25.59428
1940.6616,27.554
1940.814,29.48939
1940.9664,30.52598
1941.1188,30.28986
1941.2712,30.69364
1941.4236,32.12144
1941.576,33.65746
1941.7284,34.58459
1941.8808,34.48601
1942.0332,33.50779
1942.1856,31.8712
1942.338,29.7107
1942.4904,27.66268
1942.6428,25.7012
1942.7952,24.00712
1942.9476,22.9709
1943.1,21.81879
1943.2524,20.75759
1943.4048,20.14185
1943.5572,20.16178
1943.7096,20.31099
1943.862,21.26224
1944.0144,23.0231
1944.1668,24.39139
1944.3192,25.08796
1944.4716,25.26842
1944.624,25.08549
1944.7764,24.67317
1944.9288,24.14144
1945.0812,23.63617
1945.2336,23.11262
1945.386,22.58936
1945.5384,22.04647
1945.6908,21.55927
1945.8432,21.81452
1945.9956,23.2804
1946.148,25.10464
1946.3004,26.98589
1946.4528,27.74777
1946.6052,27.89542
1946.7576,29.14837
1946.91,31.3792
1947.0624,32.67342
1947.2148,32.34328
1947.3672,30.53969
1947.5196,28.24409
1947.672,26.94841
1947.8244,26.26926
1947.9768,26.26831
1948.1292,26.92997
1948.2816,27.62474
1948.434,28.06372
1948.5864,28.11784
1948.7388,27.74933
1948.8912,27.63916
1949.0436,28.07161
1949.196,28.61111
1949.3484,29.60962
1949.5008,31.22174
1949.6532,32.24966
1949.8056,31.96135
1949.958,31.14994
1950.1104,29.5938
1950.2628,27.55788
1950.4152,25.83902
1950.5676,24.65395
1950.72,23.99218
1950.8724,23.26542
1951.0248,22.37747
1951.1772,21.12612
1951.3296,19.74123
1951.482,19.02522
1951.6344,19.60283
1951.7868,20.56014
1951.9392,21.02536
1952.0916,21.48341
1952.244,22.16625
1952.3964,22.40107
1952.5488,22.04638
1952.7012,21.74346
1952.8536,22.30471
1953.006,24.10339
1953.1584,26.2392
1953.3108,28.00068
1953.4632,29.3777
1953.6156,29.83306
1953.768,29.50177
1953.9204,28.92672
1954.0728,28.34615
1954.2252,28.04863
1954.3776,28.78858
1954.53,30.50433
1954.6824,31.63833
1954.8348,30.97076
1954.9872,29.26525
1955.1396,27.70845
1955.292,26.80165
1955.4444,27.53517
1955.5968,28.53667
1955.7492,28.0349
1955.9016,26.53739
1956.054,25.03846
1956.2064,24.0204
1956.3588,23.28006
1956.5112,22.40605
1956.6636,21.54137
1956.816,21.10321
1956.9684,21.3143
1957.1208,22.02774
1957.2732,23.34392
1957.4256,24.82072
1957.578,25.90699
1957.7304,26.26815
1957.8828,25.32268
1958.0352,22.98529
1958.1876,20.03569
1958.34,18.01291
1958.4924,16.89478
1958.6448,16.84647
1958.7972,17.41347
1958.9496,18.41953
1959.102,20.02538
1959.2544,22.01663
1959.4068,23.93704
1959.5592,25.12374
1959.7116,25.2699
1959.864,25.00986
1960.0164,24.88047
1960.1688,25.34301
1960.3212,26.32477
1960.4736,27.8284
1960.626,29.9658
1960.7784,32.29891
1960.9308,33.59644
1961.0832,33.63612
1961.2356,32.86668
1961.388,29.96587
1961.5404,26.43242
1961.6928,23.57794
1961.8452,21.23494
1961.9976,19.41863
1962.15,18.48112
1962.3024,18.83585
1962.4548,19.92473
1962.6072,21.39151
1962.7596,22.6457
1962.912,22.58813
1963.0644,21.4942
1963.2168,19.96577
1963.3692,18.69067
1963.5216,17.65556
1963.674,17.1958
1963.8264,17.68032
1963.9788,18.55319
1964.1312,19.43648
1964.2836,20.35037
1964.436,21.34747
1964.5884,22.58345
1964.7408,24.23735
1964.8932,26.06924
1965.0456,27.58832
1965.198,28.60135
1965.3504,29.09797
1965.5028,28.86807
1965.6552,28.63144
1965.8076,29.14227
1965.96,30.45566
1966.1124,31.4436
1966.2648,31.41136
1966.4172,31.68911
1966.5696,32.66676
1966.722,33.93903
1966.8744,35.67512
1967.0268,37.79606
1967.1792,39.26089
1967.3316,38.84801
1967.484,37.02931
1967.6364,34.77074
1967.7888,32.71187
1967.9412,30.86768
1968.0936,29.00173
1968.246,27.67828
1968.3984,26.64502
1968.5508,25.60876
1968.7032,24.81208
1968.8556,24.71095
1969.008,26.1903
1969.1604,27.47517
1969.3128,27.86319
1969.4652,27.33453
1969.6176,25.2394
1969.77,23.23353
1969.9224,22.30397
1970.0748,23.10997
1970.2272,25.60813
1970.3796,28.72836
1970.532,31.97117
1970.6844,34.75659
1970.8368,36.58954
1970.9892,37.18368
1971.1416,37.04572
1971.294,36.90566
1971.4464,36.87209
1971.5988,35.94225
1971.7512,34.73392
1971.9036,33.20113
1972.056,31.82806
1972.2084,31.17839
1972.3608,31.09188
1972.5132,30.68377
1972.6656,29.53254
1972.818,27.96348
1972.9704,26.21589
1973.1228,24.35253
1973.2752,22.79617
1973.4276,21.86599
1973.58,21.14304
1973.7324,21.09557
1973.8848,21.33907
1974.0372,21.9852
1974.1896,22.52702
1974.342,24.00962
1974.4944,25.41113
1974.6468,27.11276
1974.7992,27.65919
1974.9516,28.1519
1975.104,27.86814
1975.2564,26.34484
1975.4088,24.99398
1975.5612,24.53579
1975.7136,24.54766
1975.866,24.88488
1976.0184,25.59959
1976.1708,26.3142
1976.3232,26.49451
1976.4756,26.04543
1976.628,25.16256
1976.7804,24.02541
1976.9328,22.7744
1977.0852,21.88786
1977.2376,22.12907
1977.39,22.66575
1977.5424,23.10552
1977.6948,23.43414
1977.8472,23.42163
1977.9996,23.00291
1978.152,22.18295
1978.3044,20.9799
1978.4568,19.70993
1978.6092,19.12727
1978.7616,19.3316
1978.914,19.53857
1979.0664,19.57036
1979.2188,19.44851
1979.3712,19.26911
1979.5236,18.59789
1979.676,18.31325
1979.8284,18.05412
1979.9808,18.23991
1980.1332,18.56136
1980.2856,18.88755
1980.438,19.72902
1980.5904,20.87193
1980.7428,21.9376
1980.8952,23.39035
1981.0476,25.14625
1981.2,26.72885
1981.3524,28.2381
1981.5048,29.15263
1981.6572,29.55685
1981.8096,29.73299
1981.962,30.39952
1982.1144,31.15977
1982.2668,31.65308
1982.4192,31.61317
1982.5716,30.25256
1982.724,27.62143
1982.8764,25.30507
1983.0288,24.02454
1983.1812,23.46852
1983.3336,23.04855
1983.486,22.72357
1983.6384,21.99881
1983.7908,21.30888
1983.9432,20.73305
1984.0956,20.04204
1984.248,19.48744
1984.4004,20.10104
1984.5528,21.64574
1984.7052,23.6004
1984.8576,25.4669
1985.01,27.31909
1985.1624,29.42003
1985.3148,31.49136
1985.4672,33.26065
1985.6196,35.108
1985.772,36.47412
1985.9244,37.97461
1986.0768,38.95764
1986.2292,37.19849
1986.3816,35.54303
1986.534,33.95972
1986.6864,32.90869
1986.8388,31.82352
1986.9912,30.05943
1987.1436,28.56488
1987.296,27.32697
1987.4484,26.30435
1987.6008,26.20685
1987.7532,27.16559
1987.9056,27.76184
1988.058,27.23117
1988.2104,26.57872
1988.3628,26.60722
1988.5152,26.88564
1988.6676,26.65607
1988.82,25.94839
1988.9724,25.61555
1989.1248,26.30228
1989.2772,27.78983
1989.4296,29.24768
1989.582,30.21445
1989.7344,30.73943
1989.8868,31.06747
1990.0392,31.83757
1990.1916,33.50949
1990.344,34.90594
1990.4964,34.99789
1990.6488,35.69177
1990.8012,37.25995
1990.9536,37.99811
1991.106,37.6972
1991.2584,36.84482
1991.4108,35.64493
1991.5632,34.14282
1991.7156,31.62115
1991.868,28.87637
1992.0204,26.67862
1992.1728,25.4608
1992.3252,24.69678
1992.4776,25.14763
1992.63,26.47371
1992.7824,26.85513
1992.9348,26.49406
1993.0872,25.92879
1993.2396,25.66429
1993.392,25.50395
1993.5444,25.67961
1993.6968,26.84862
1993.8492,28.57469
1994.0016,29.40742
1994.154,29.7242
1994.3064,30.47493
1994.4588,31.49265
1994.6112,31.50198
1994.7636,30.85904
1994.916,30.31445
1995.0684,30.60176
1995.2208,30.95485
1995.3732,30.56557
1995.5256,29.64145
1995.678,28.28235
1995.8304,26.83424
1995.9828,25.72722
1996.1352,25.19928
1996.2876,25.33565
1996.44,26.20642
1996.5924,27.15752
1996.7448,27.10385
1996.8972,26.60271
1997.0496,26.25877
1997.202,26.2709
1997.3544,26.64149
1997.5068,26.35239
1997.6592,25.38344
1997.8116,24.42793
1997.964,24.24371
1998.1164,24.96783
1998.2688,25.44093
1998.4212,25.51137
1998.5736,23.21284
1998.726,22.25621
1998.8784,21.51494
1999.0308,20.92947
1999.1832,20.50189
1999.3356,20.29866
1999.488,20.37895
1999.6404,20.8037
1999.7928,20.87531
1999.9452,22.02829
2000.0976,23.16719
2000.25,25.42139
2000.4024,28.16638
2000.5548,30.8045
2000.7072,33.35217
2000.8596,35.0148
2001.012,35.61273
2001.1644,35.28714
2001.3168,34.48944
2001.4692,32.82303
2001.6216,30.81961
2001.774,29.56427
2001.9264,29.32669
2002.0788,29.50937
2002.2312,29.62799
2002.3836,29.39252
2002.536,28.75275
2002.6884,27.81082
2002.8408,26.89787
2002.9932,26.47142
2003.1456,26.81392
2003.298,28.26103
2003.4504,30.13461
2003.6028,31.47581
2003.7552,32.11432
2003.9076,32.12897
2004.06,31.98973
2004.2124,31.99619
2004.3648,32.41257
2004.5172,33.59308
2004.6696,36.44119
2004.822,37.60919
2004.9744,36.72028
2005.1268,35.47476
2005.2792,33.80994
2005.4316,31.75781
2005.584,30.04611
2005.7364,28.79068
2005.8888,27.65623
2006.0412,27.50623
2006.1936,28.42793
2006.346,29.48682
2006.4984,30.5639
2006.6508,31.64417
2006.8032,32.36472
2006.9556,32.4574
2007.108,32.49472
2007.2604,34.05356
2007.4128,36.79645
2007.5652,38.72455
2007.7176,39.21725
2007.87,38.30948
2008.0224,36.64685
2008.1748,34.4494
2008.3272,30.67502
2008.4796,27.33786
2008.632,25.59465
2008.7844,24.94617
2008.9368,24.7066
2009.0892,24.85487
2009.2416,25.52757
2009.394,26.51138
2009.5464,27.75696
2009.6988,29.46936
2009.8512,31.44437
2010.0036,33.28876
2010.156,34.63123
2010.3084,35.14453
2010.4608,34.95413
2010.6132,33.85571
2010.7656,33.08716
2010.918,33.5032
2011.0704,33.62592
2011.2228,32.01572
2011.3752,30.64288
2011.5276,29.15762
2011.68,28.06168
2011.8324,27.00319
2011.9848,27.72264
2012.1372,29.18448
2012.2896,30.85149
2012.442,32.77423
2012.5944,35.55701
2012.7468,35.23569
2012.8992,33.37799
2013.0516,30.95944
2013.204,28.08452
2013.3564,26.29816
2013.5088,25.67427
2013.6612,25.75565
2013.8136,25.6675
2013.966,25.22638
2014.1184,24.52776
2014.2708,23.76698
2014.4232,23.58981
2014.5756,23.35503
2014.728,23.18871
2014.8804,23.20346
2015.0328,23.94188
2015.1852,25.03575
2015.3376,27.34569
2015.49,30.98038
2015.6424,33.24335
2015.7948,33.53134
2015.9472,33.51511
2016.0996,33.19492
2016.252,32.03763
2016.4044,30.69261
2016.5568,28.78369
2016.7092,26.89639
2016.8616,25.5694
2017.014,24.04546
2017.1664,22.89316
2017.3188,22.30801
2017.4712,22.2494
2017.6236,22.72296
2017.776,22.99867
2017.9284,22.99255
2018.0808,23.00041
2018.2332,23.94359
2018.3856,25.48483
2018.538,27.21767
2018.6904,28.85364
2018.8428,30.40842
2018.9952,32.29495
2019.1476,34.78973
2019.3,35.95209
2019.4524,34.79916
2019.6048,32.18594
2019.7572,29.70366
2019.9096,26.86813
2020.062,24.91022
2020.2144,23.19128
2020.3668,21.77255
2020.5192,21.29436
2020.6716,21.86664
2020.824,23.53714
2020.9764,25.89545
2021.1288,28.1348
2021.2812,28.61366
2021.4336,27.35953
2021.586,25.96696
2021.7384,24.63397
2021.8908,23.37436
2022.0432,22.19716
2022.1956,21.4957
2022.348,21.40717
2022.5004,21.68672
2022.6528,22.25729
2022.8052,22.61407
2022.9576,22.74054
2023.11,22.15471
2023.2624,21.89503
2023.4148,22.2063
2023.5672,24.11115
2023.7196,25.91373
2023.872,26.82396
2024.0244,26.11484
2024.1768,26.22321
2024.3292,27.08958
2024.4816,27.53107
2024.634,26.89488
2024.7864,26.45142
2024.9388,26.08354
2025.0912,25.89113
2025.2436,26.64247
2025.396,27.64063
2025.5484,27.82881
2025.7008,27.35019
2025.8532,26.95012
2026.0056,26.45598
2026.158,26.664
2026.3104,27.30377
2026.4628,27.90468
2026.6152,27.44206
2026.7676,26.45699
2026.92,26.14316
2027.0724,27.50885
2027.2248,28.82314
2027.3772,28.77684
2027.5296,27.86865
2027.682,27.40388
2027.8344,26.95198
2027.9868,27.37425
2028.1392,28.77316
2028.2916,31.491
2028.444,32.77148
2028.5964,33.21045
2028.7488,32.9805
2028.9012,32.24411
2029.0536,31.29684
2029.206,29.22195
2029.3584,28.71535
2029.5108,29.64565
2029.6632,31.22917
2029.8156,31.89525
2029.968,31.25082
2030.1204,31.27609
2030.2728,33.29504
2030.4252,34.29541
2030.5776,33.62183
2030.73,32.43576
2030.8824,31.38435
2031.0348,31.6927
2031.1872,33.42157
2031.3396,32.83853
2031.492,31.20491
2031.6444,29.66364
2031.7968,28.48796
2031.9492,28.17519
2032.1016,28.65976
2032.254,29.87294
2032.4064,31.26062
2032.5588,32.7738
2032.7112,35.39053
2032.8636,35.07745
2033.016,33.81888
2033.1684,32.24588
2033.3208,29.71428
2033.4732,27.49463
2033.6256,26.02995
2033.778,25.22853
2033.9304,24.24466
2034.0828,22.90143
2034.2352,22.23021
2034.3876,22.86562
2034.54,23.57086
2034.6924,23.92497
2034.8448,24.01941
2034.9972,23.98099
2035.1496,24.25829
2035.302,25.19832
2035.4544,26.90106
2035.6068,26.18413
2035.7592,25.13057
2035.9116,24.25
2036.064,23.15991
2036.2164,21.90001
2036.3688,21.48885
2036.5212,21.51668
2036.6736,22.15953
2036.826,22.2263
2036.9784,23.48044
2037.1308,24.91028
2037.2832,25.54034
2037.4356,24.47974
2037.588,24.28831
2037.7404,24.17477
2037.8928,24.89691
2038.0452,26.03323
2038.1976,26.67133
2038.35,27.21066
2038.5024,28.02505
2038.6548,28.75139
2038.8072,30.52557
2038.9596,32.75031
2039.112,34.27139
2039.2644,34.98779
2039.4168,34.34421
2039.5692,33.16016
2039.7216,31.34213
2039.874,29.4873
2040.0264,27.22917
2040.1788,25.54836
2040.3312,25.20471
2040.4836,26.69185
2040.636,28.24785
2040.7884,29.08754
2040.9408,29.22699
2041.0932,28.69748
2041.2456,27.86528
2041.398,27.64946
2041.5504,28.93834
2041.7028,30.52922
2041.8552,32.47037
2042.0076,34.44424
2042.16,34.82324
2042.3124,34.17365
2042.4648,34.10809
2042.6172,35.31097
2042.7696,37.09424
2042.922,39.10568
2043.0744,40.23547
2043.2268,40.53888
2043.3792,40.49405
2043.5316,39.7728
2043.684,38.39578
2043.8364,35.20718
2043.9888,32.11343
2044.1412,29.5667
2044.2936,26.42485
2044.446,24.24866
2044.5984,23.04958
2044.7508,23.13602
2044.9032,23.69968
2045.0556,23.62874
2045.208,22.98207
2045.3604,22.31955
2045.5128,21.76924
2045.6652,21.27293
2045.8176,21.03175
2045.97,22.21568
2046.1224,23.42795
2046.2748,25.38132
2046.4272,26.83092
2046.5796,26.80408
2046.732,25.80133
2046.8844,24.68613
2047.0368,24.21872
2047.1892,24.26997
2047.3416,24.5329
2047.494,25.82574
2047.6464,27.47984
2047.7988,27.95192
2047.9512,27.4256
2048.1036,26.45749
2048.256,25.33255
2048.4084,24.24573
2048.5608,22.98639
2048.7132,22.36226
2048.8656,23.24039
2049.018,24.17213
2049.1704,24.2805
2049.3228,24.21494
2049.4752,24.41524
2049.6276,24.4998
2049.78,24.33104
2049.9324,23.82912
2050.0848,24.09694
2050.2372,24.73442
2050.3896,24.72081
2050.542,24.48637
2050.6944,24.84781
2050.8468,25.59508
2050.9992,25.6599
2051.1516,24.8866
2051.304,23.76472
2051.4564,23.17368
2051.6088,23.77347
2051.7612,25.22612
2051.9136,26.7016
2052.066,27.06615
2052.2184,26.74031
2052.3708,26.7487
2052.5232,27.72264
2052.6756,29.9668
2052.828,31.85745
2052.9804,34.03976
2053.1328,36.02209
2053.2852,37.5015
2053.4376,38.60602
2053.59,39.23315
2053.7424,38.18448
2053.8948,35.29807
2054.0472,33.53217
2054.1996,32.71667
2054.352,32.78156
2054.5044,34.13327
2054.6568,35.66968
2054.8092,35.51694
2054.9616,35.14914
2055.114,36.86115
2055.2664,39.12161
2055.4188,40.20734
2055.5712,39.12253
2055.7236,37.87277
2055.876,36.60934
2056.0284,35.20407
2056.1808,33.93494
2056.3332,34.15781
2056.4856,35.63623
2056.638,37.43192
2056.7904,38.99524
2056.9428,39.3826
2057.0952,37.96036
2057.2476,35.12341
2057.4,33.4598
2057.5524,31.79322
2057.7048,30.12663
2057.8572,28.46004
2058.0096,26.79345
2058.162,26.00669
2058.3144,25.0123
2058.4668,25.91676
2058.6192,25.76011
2058.7716,24.17355
2058.924,22.61235
2059.0764,21.15678
2059.2288,20.68676
2059.3812,21.99428
2059.5336,22.93816
2059.686,25.83011
2059.8384,26.86194
2059.9908,27.08612
2060.1432,25.96338
2060.2956,25.46786
2060.448,25.40677
2060.6004,25.46099
2060.7528,25.10601
2060.9052,24.55927
2061.0576,24.52038
2061.21,24.75505
2061.3624,25.02141
2061.5148,24.94224
2061.6672,23.82628
2061.8196,23.40332
2061.972,23.71712
2062.1244,25.10194
2062.2768,26.6313
2062.4292,27.2013
2062.5816,26.41428
2062.734,25.13726
2062.8864,23.95084
2063.0388,22.42543
2063.1912,21.16865
2063.3436,20.71526
2063.496,20.52018
2063.6484,20.5589
2063.8008,20.94724
2063.9532,21.32735
2064.1056,20.77276
2064.258,19.66273
2064.4104,18.76636
2064.5628,18.18023
2064.7152,18.10179
2064.8676,17.86307
2065.02,17.61612
2065.1724,18.08353
2065.3248,18.2984
2065.4772,19.05877
2065.6296,17.84792
2065.782,24.24215
2065.9344,26.04938
2066.0868,27.96374
2066.2392,29.69596
2066.3916,30.12064
2066.544,28.63726
2066.6964,26.79416
2066.8488,25.35913
2067.0012,24.54629
2067.1536,24.97917
2067.306,26.11375
2067.4584,27.68076
2067.6108,30.03251
2067.7632,32.21208
2067.9156,34.72356
2068.068,33.97237
2068.2204,31.51723
2068.3728,29.42413
2068.5252,27.71984
2068.6776,26.90261
2068.83,26.35477
2068.9824,26.14695
2069.1348,27.3619
2069.2872,28.61461
2069.4396,29.0552
2069.592,27.44563
2069.7444,24.59118
2069.8968,21.22433
2070.0492,18.15024
2070.2016,17.43661
2070.354,16.59535
2070.5064,16.84451
2070.6588,18.02131
2070.8112,18.25963
2070.9636,18.44248
2071.116,19.91279
2071.2684,22.58508
2071.4208,25.67513
2071.5732,28.51206
2071.7256,31.99182
2071.878,32.61286
2072.0304,31.38962
2072.1828,29.65018
2072.3352,28.76571
2072.4876,28.33594
2072.64,28.47058
2072.7924,29.29904
2072.9448,31.51576
2073.0972,33.44012
2073.2496,33.03213
2073.402,32.03162
2073.5544,31.59235
2073.7068,32.06567
2073.8592,32.44063
2074.0116,32.31925
2074.164,31.83847
2074.3164,31.45395
2074.4688,31.11296
2074.6212,31.5039
2074.7736,32.85915
2074.926,33.75919
2075.0784,33.412
2075.2308,32.46192
2075.3832,30.99862
2075.5356,29.29927
2075.688,27.48213
2075.8404,25.92436
2075.9928,24.71646
2076.1452,23.47608
2076.2976,22.27109
2076.45,20.98725
2076.6024,19.88931
2076.7548,19.39319
2076.9072,20.24854
2077.0596,20.82181
2077.212,20.73913
2077.3644,20.28733
2077.5168,20.25376
2077.6692,21.62135
2077.8216,21.56127
2077.974,20.41612
2078.1264,20.69201
2078.2788,21.55848
2078.4312,22.41454
2078.5836,23.20002
2078.736,23.45525
2078.8884,23.29072
2079.0408,22.82631
2079.1932,22.50865
2079.3456,22.31426
2079.498,22.1949
2079.6504,22.47014
2079.8028,23.11684
2079.9552,23.64363
2080.1076,24.18235
2080.26,25.2715
2080.4124,27.22359
2080.5648,27.77044
2080.7172,27.59618
2080.8696,26.57962
2081.022,25.40609
2081.1744,25.4017
2081.3268,26.10456
2081.4792,25.28065
2081.6316,24.14712
2081.784,24.43391
2081.9364,25.66496
2082.0888,27.17989
2082.2412,27.61899
2082.3936,26.55669
2082.546,26.09882
2082.6984,26.19021
2082.8508,28.37377
2083.0032,28.58464
2083.1556,28.07483
2083.308,26.74873
2083.4604,25.4581
2083.6128,23.77795
2083.7652,22.39816
2083.9176,20.99774
2084.07,22.16119
2084.2224,24.20381
2084.3748,26.551
2084.5272,28.57201
2084.6796,29.85684
2084.832,29.71171
2084.9844,29.58734
2085.1368,30.78743
2085.2892,30.91511
2085.4416,30.03357
2085.594,28.66944
2085.7464,27.66144
2085.8988,26.85728
2086.0512,27.82673
2086.2036,29.14016
2086.356,29.54123
2086.5084,29.43499
2086.6608,29.23936
2086.8132,28.41592
2086.9656,27.0225
2087.118,25.38404
2087.2704,24.46331
2087.4228,23.88999
2087.5752,23.5526
2087.7276,23.04209
2087.88,22.64273
2088.0324,23.31412
2088.1848,24.37885
2088.3372,24.58721
2088.4896,23.95254
2088.642,23.3066
2088.7944,22.94604
2088.9468,23.76212
2089.0992,24.00944
2089.2516,24.05354
2089.404,23.88684
2089.5564,24.11024
2089.7088,24.66556
2089.8612,24.93354
2090.0136,24.48075
2090.166,24.83907
2090.3184,25.9676
2090.4708,26.96173
2090.6232,26.67844
2090.7756,27.15851
2090.928,27.59199
2091.0804,27.36451
2091.2328,26.34567
2091.3852,25.05125
2091.5376,23.90723
2091.69,22.78185
2091.8424,22.37412
2091.9948,23.0202
2092.1472,24.49433
2092.2996,25.87628
2092.452,27.14753
2092.6044,27.56688
2092.7568,26.99164
2092.9092,26.30455
2093.0616,26.13346
2093.214,26.34156
2093.3664,27.61015
2093.5188,28.97142
2093.6712,29.81588
2093.8236,29.54297
2093.976,28.69047
2094.1284,27.4299
2094.2808,27.08163
2094.4332,27.65264
2094.5856,28.758
2094.738,29.9115
2094.8904,31.0917
2095.0428,31.27926
2095.1952,30.60916
2095.3476,29.5619
2095.5,28.90556
2095.6524,28.18668
2095.8048,27.68678
2095.9572,27.562
2096.1096,28.67292
2096.262,29.78684
2096.4144,30.87379
2096.5668,31.37015
2096.7192,30.89199
2096.8716,29.24649
2097.024,27.4336
2097.1764,26.03038
2097.3288,25.66662
2097.4812,25.84747
2097.6336,26.61944
2097.786,28.00649
2097.9384,29.57061
2098.0908,30.14455
2098.2432,30.24007
2098.3956,29.62269
2098.548,28.36059
2098.7004,27.20861
2098.8528,26.7795
2099.0052,27.69637
2099.1576,29.47024
2099.31,30.43557
2099.4624,30.57258
2099.6148,30.10596
2099.7672,29.76545
2099.9196,30.1632
2100.072,31.03871
2100.2244,32.314
2100.3768,33.76313
2100.5292,34.03957
2100.6816,33.25703
2100.834,32.28758
2100.9864,31.5555
2101.1388,31.11801
2101.2912,30.95862
2101.4436,31.15287
2101.596,31.43139
2101.7484,31.66993
2101.9008,31.55638
2102.0532,31.18964
2102.2056,30.58957
2102.358,29.73237
2102.5104,29.24566
2102.6628,28.80916
2102.8152,28.8661
2102.9676,29.26879
2103.12,29.70156
2103.2724,30.15815
2103.4248,29.98542
2103.5772,29.32248
2103.7296,29.04338
2103.882,29.25973
2104.0344,29.95136
2104.1868,29.93524
2104.3392,29.33773
2104.4916,29.76787
2104.644,31.58689
2104.7964,32.62435
2104.9488,31.91651
2105.1012,30.7394
2105.2536,29.51854
2105.406,28.51506
2105.5584,27.96449
2105.7108,28.37096
2105.8632,30.01543
2106.0156,30.7186
2106.168,30.473
2106.3204,29.27879
2106.4728,27.82774
2106.6252,26.7168
2106.7776,25.80811
2106.93,25.94825
2107.0824,27.23951
2107.2348,27.47999
2107.3872,27.16187
2107.5396,27.74137
2107.692,29.28352
2107.8444,30.89878
2107.9968,31.48584
2108.1492,32.1511
2108.3016,32.18989
2108.454,31.76306
2108.6064,31.39716
2108.7588,31.19638
2108.9112,31.50982
2109.0636,31.95147
2109.216,32.26292
2109.3684,32.27451
2109.5208,31.86769
2109.6732,31.27311
2109.8256,31.06367
2109.978,31.64801
2110.1304,32.81168
2110.2828,34.45107
2110.4352,35.2699
2110.5876,35.4531
2110.74,34.59848
2110.8924,33.33305
2111.0448,31.97392
2111.1972,30.46634
2111.3496,28.954
2111.502,27.61044
2111.6544,27.08342
2111.8068,26.21165
2111.9592,25.56236
2112.1116,25.11051
2112.264,26.72668
2112.4164,28.7752
2112.5688,29.33976
2112.7212,28.76237
2112.8736,28.144
2113.026,28.05287
2113.1784,28.69197
2113.3308,30.2473
2113.4832,32.39216
2113.6356,34.2271
2113.788,35.55534
2113.9404,35.84887
2114.0928,34.81064
2114.2452,33.62424
2114.3976,32.40363
2114.55,31.84402
2114.7024,31.95317
2114.8548,33.25703
2115.0072,34.99561
2115.1596,35.89806
2115.312,35.98422
2115.4644,35.25964
2115.6168,34.3485
2115.7692,33.39343
2115.9216,32.59399
2116.074,32.06844
2116.2264,34.1373
2116.3788,35.94818
2116.5312,36.46773
2116.6836,35.18488
2116.836,32.93484
2116.9884,30.33054
2117.1408,28.31229
2117.2932,26.38068
2117.4456,25.56565
2117.598,25.20814
2117.7504,25.72696
2117.9028,26.41315
2118.0552,27.78606
2118.2076,31.688
2118.36,33.687
2118.5124,34.19514
2118.6648,33.76969
2118.8172,33.29202
2118.9696,33.06873
2119.122,33.29523
2119.2744,35.00267
2119.4268,37.83171
2119.5792,39.38345
2119.7316,38.34232
2119.884,37.08226
2120.0364,36.83617
2120.1888,37.53363
2120.3412,40.7567
2120.4936,41.13574
2120.646,40.44495
2120.7984,39.42126
2120.9508,38.8275
2121.1032,38.8894
2121.2556,38.881
2121.408,38.44695
2121.5604,37.68061
2121.7128,38.79146
2121.8652,38.79765
2122.0176,37.78361
2122.17,36.78874
2122.3224,36.02568
2122.4748,36.00784
2122.6272,35.21669
2122.7796,34.04965
2122.932,33.50862
2123.0844,35.44126
2123.2368,37.19265
2123.3892,38.05952
2123.5416,38.14359
2123.694,37.68105
2123.8464,37.71748
2123.9988,38.06511
2124.1512,37.82001
2124.3036,37.41231
2124.456,37.75193
2124.6084,39.23356
2124.7608,40.27335
2124.9132,40.71462
2125.0656,40.62334
2125.218,40.24844
2125.3704,39.70939
2125.5228,39.10609
2125.6752,39.09183
2125.8276,40.27524
2125.98,40.55088
2126.1324,39.4826
2126.2848,37.69909
2126.4372,35.2398
2126.5896,34.71393
2126.742,36.0312
2126.8944,37.58656
2127.0468,38.64155
2127.1992,39.1588
2127.3516,39.34556
2127.504,39.54538
2127.6564,40.16272
2127.8088,42.53501
2127.9612,44.62289
2128.1136,45.32127
2128.266,45.22803
2128.4184,44.94863
2128.5708,44.3811
2128.7232,43.56485
2128.8756,42.61611
2129.028,41.66591
2129.1804,40.65005
2129.3328,39.36374
2129.4852,37.9694
2129.6376,37.37435
2129.79,37.46848
2129.9424,38.08266
2130.0948,39.32775
2130.2472,40.95764
2130.3996,41.95062
2130.552,42.25201
2130.7044,42.98385
2130.8568,44.38581
2131.0092,45.22027
2131.1616,45.07361
2131.314,44.65773
2131.4664,44.46294
2131.6188,44.33286
2131.7712,44.14187
2131.9236,44.06866
2132.076,44.78254
2132.2284,45.50127
2132.3808,45.2793
2132.5332,43.06888
2132.6856,42.38078
2132.838,42.98335
2132.9904,44.37091
2133.1428,44.67875
2133.2952,44.11755
2133.4476,43.42649
2133.6,42.89151
2133.7524,44.23077
2133.9048,44.05301
2134.0572,42.84076
2134.2096,41.62219
2134.362,40.50909
2134.5144,40.16968
2134.6668,40.98682
2134.8192,41.52124
2134.9716,41.06055
2135.124,39.97769
2135.2764,38.09698
2135.4288,36.83301
2135.5812,36.983
2135.7336,38.57001
2135.886,39.35623
2136.0384,39.05988
2136.1908,37.88858
2136.3432,36.60568
2136.4956,35.62436
2136.648,35.15213
2136.8004,35.39346
2136.9528,36.22141
2137.1052,37.22922
2137.2576,38.08005
2137.41,38.65329
2137.5624,38.37115
2137.7148,37.63214
2137.8672,37.08157
2138.0196,36.78558
2138.172,36.60162
2138.3244,36.47641
2138.4768,36.53839
2138.6292,36.60464
2138.7816,37.4549
2138.934,38.62772
2139.0864,39.1868
2139.2388,39.1636
2139.3912,38.94586
2139.5436,38.86365
2139.696,39.02103
2139.8484,39.67026
2140.0008,41.04868
2140.1532,42.19592
2140.3056,42.56104
2140.458,42.241
2140.6104,41.77289
2140.7628,41.14651
2140.9152,41.04428
2141.0676,41.42609
2141.22,42.60196
2141.3724,43.16733
2141.5248,42.69525
2141.6772,41.88684
2141.8296,40.52597
2141.982,39.61783
2142.1344,38.94418
2142.2868,38.26572
2142.4392,37.8855
2142.5916,37.65356
2142.744,37.79922
2142.8964,38.34509
2143.0488,39.61472
2143.2012,40.7713
2143.3536,41.63065
2143.506,42.51141
2143.6584,43.36371
2143.8108,43.81674
2143.9632,44.39682
2144.1156,44.6864
2144.268,44.99777
2144.4204,45.07001
2144.5728,44.7771
2144.7252,43.05298
2144.8776,42.58661
2145.03,42.37747
2145.1824,42.46628
2145.3348,43.59961
2145.4872,45.16425
2145.6396,45.69717
2145.792,44.97229
2145.9444,43.60248
2146.0968,42.54822
2146.2492,42.02869
2146.4016,43.12692
2146.554,44.00644
2146.7064,43.51144
2146.8588,42.22333
2147.0112,40.25299
2147.1636,38.31461
2147.316,36.25787
2147.4684,34.5369
2147.6208,33.3067
2147.7732,33.49173
2147.9256,34.29318
2148.078,35.64713
2148.2304,37.05325
2148.3828,37.50983
2148.5352,36.60779
2148.6876,35.53775
2148.84,34.47937
2148.9924,33.48563
2149.1448,33.19751
2149.2972,33.06335
2149.4496,33.22363
2149.602,33.44962
2149.7544,33.74277
2149.9068,33.57043
2150.0592,32.71393
2150.2116,31.71422
2150.364,31.12421
2150.5164,31.20767
2150.6688,30.2587
2150.8212,28.42499
2150.9736,28.26221
2151.126,28.34323
2151.2784,28.72647
2151.4308,29.71628
2151.5832,30.43976
2151.7356,30.63939
2151.888,30.94855
2152.0404,31.63538
2152.1928,32.3688
2152.3452,32.52457
2152.4976,31.664
2152.65,30.87292
2152.8024,30.69855
2152.9548,31.60535
2153.1072,32.91663
2153.2596,32.73349
2153.412,32.06277
2153.5644,31.2998
2153.7168,30.7825
2153.8692,31.0881
2154.0216,31.92374
2154.174,33.4184
2154.3264,35.2655
2154.4788,37.19943
2154.6312,39.06323
2154.7836,40.46527
2154.936,40.2619
2155.0884,38.08624
2155.2408,35.87082
2155.3932,33.69452
2155.5456,32.21667
2155.698,33.52527
2155.8504,34.6731
2156.0028,34.66071
2156.1552,33.79431
2156.3076,32.89389
2156.46,32.81628
2156.6124,33.65619
2156.7648,33.84048
2156.9172,32.49045
2157.0696,31.94305
2157.222,31.67601
2157.3744,31.36784
2157.5268,31.49858
2157.6792,32.02133
2157.8316,33.10703
2157.984,34.0892
2158.1364,34.03503
2158.2888,33.52158
2158.4412,32.43188
2158.5936,31.69579
2158.746,31.65765
2158.8984,32.47873
2159.0508,32.63763
2159.2032,32.48102
2159.3556,31.9147
2159.508,31.25795
2159.6604,30.17741
2159.8128,28.79764
2159.9652,27.64636
2160.1176,26.87039
2160.27,26.14842
2160.4224,25.56567
2160.5748,25.42162
2160.7272,25.43649
2160.8796,25.48553
2161.032,26.01514
2161.1844,26.4353
2161.3368,25.84959
2161.4892,25.87344
2161.6416,25.29251
2161.794,24.40115
2161.9464,23.87497
2162.0988,24.16714
2162.2512,24.79436
2162.4036,24.81367
2162.556,24.53134
2162.7084,23.99187
2162.8608,24.20486
2163.0132,24.28308
2163.1656,23.96973
2163.318,23.97029
2163.4704,24.30995
2163.6228,25.34792
2163.7752,25.99178
2163.9276,25.95615
2164.08,25.77176
2164.2324,25.01714
2164.3848,24.23547
2164.5372,23.79099
2164.6896,24.33327
2164.842,25.44136
2164.9944,25.89613
2165.1468,25.54521
2165.2992,25.87471
2165.4516,26.66446
2165.604,27.15892
2165.7564,28.85004
2165.9088,30.91304
2166.0612,32.04959
2166.2136,32.35559
2166.366,31.53973
2166.5184,30.4622
2166.6708,29.39235
2166.8232,28.82567
2166.9756,28.6823
2167.128,28.80685
2167.2804,29.09692
2167.4328,29.36652
2167.5852,29.58063
2167.7376,29.54298
2167.89,29.20366
2168.0424,28.69051
2168.1948,28.18353
2168.3472,27.69931
2168.4996,26.8322
2168.652,26.0856
2168.8044,26.48752
2168.9568,27.02567
2169.1092,26.36124
2169.2616,26.88666
2169.414,27.76448
2169.5664,28.01433
2169.7188,28.14368
2169.8712,28.33292
2170.0236,28.06631
2170.176,26.8251
2170.3284,26.9034
2170.4808,25.86842
2170.6332,25.44615
2170.7856,25.55618
2170.938,25.30591
2171.0904,24.56987
2171.2428,23.4631
2171.3952,22.82681
2171.5476,22.31931
2171.7,21.85294
2171.8524,21.53329
2172.0048,21.48007
2172.1572,22.47977
2172.3096,23.75284
2172.462,25.14882
2172.6144,26.5434
2172.7668,27.79991
2172.9192,28.06689
2173.0716,28.64366
2173.224,28.76775
2173.3764,28.88406
2173.5288,28.8058
2173.6812,28.58421
2173.8336,28.19109
2173.986,27.64935
2174.1384,27.63965
2174.2908,27.75966
2174.4432,28.07762
2174.5956,28.47246
2174.748,28.88995
2174.9004,29.0172
2175.0528,28.37529
2175.2052,27.10359
2175.3576,26.68451
2175.51,26.97556
2175.6624,27.88144
2175.8148,28.96178
2175.9672,29.60716
2176.1196,29.99335
2176.272,30.18723
2176.4244,30.13556
2176.5768,30.89932
2176.7292,31.66731
2176.8816,32.74319
2177.034,32.96204
2177.1864,32.90973
2177.3388,32.70245
2177.4912,32.50476
2177.6436,31.89799
2177.796,31.01686
2177.9484,30.97224
2178.1008,31.35941
2178.2532,31.2254
2178.4056,30.03961
2178.558,28.82787
2178.7104,27.63695
2178.8628,26.90492
2179.0152,26.93674
2179.1676,27.31328
2179.32,27.23177
2179.4724,27.32104
2179.6248,27.55965
2179.7772,27.33278
2179.9296,27.37129
2180.082,27.82373
2180.2344,28.03984
2180.3868,27.38214
2180.5392,26.58414
2180.6916,25.65817
2180.844,25.47168
2180.9964,25.65567
2181.1488,26.0719
2181.3012,25.31279
2181.4536,24.80629
2181.606,24.41206
2181.7584,24.87047
2181.9108,25.35515
2182.0632,24.98898
2182.2156,24.83636
2182.368,24.83752
2182.5204,25.46179
2182.6728,26.8943
2182.8252,28.65697
2182.9776,29.0311
2183.13,29.60153
2183.2824,30.53467
2183.4348,32.06665
2183.5872,34.10605
2183.7396,34.9653
2183.892,33.7865
2184.0444,32.65796
2184.1968,31.17274
2184.3492,30.01094
2184.5016,29.0804
2184.654,28.10739
2184.8064,27.11763
2184.9588,27.66724
2185.1112,27.95636
2185.2636,28.32227
2185.416,28.57631
2185.5684,28.99574
2185.7208,30.25635
2185.8732,32.4111
2186.0256,34.32465
2186.178,35.89154
2186.3304,36.71948
2186.4828,36.62692
2186.6352,35.25232
2186.7876,33.11841
2186.94,30.88106
2187.0924,28.755
2187.2448,26.13213
2187.3972,24.42017
2187.5496,23.57361
2187.702,23.45929
2187.8544,23.90157
2188.0068,24.32861
2188.1592,24.71933
2188.3116,25.26271
2188.464,26.22908
2188.6164,26.72432
2188.7688,25.95224
2188.9212,24.55472
2189.0736,24.16707
2189.226,24.26987
2189.3784,24.41206
2189.5308,24.14984
2189.6832,24.03862
2189.8356,25.13521
2189.988,26.30243
2190.1404,27.38217
2190.2928,27.40347
2190.4452,26.42973
2190.5976,25.37894
2190.75,24.80641
2190.9024,25.05905
2191.0548,26.21797
2191.2072,28.20294
2191.3596,29.76804
2191.512,31.06102
2191.6644,31.79701
2191.8168,31.95825
2191.9692,30.5312
2192.1216,28.56718
2192.274,27.27493
2192.4264,24.80861
2192.5788,23.29622
2192.7312,21.92215
2192.8836,21.33543
2193.036,21.28813
2193.1884,21.96753
2193.3408,24.41193
2193.4932,24.0096
2193.6456,22.93741
2193.798,22.28246
2193.9504,21.92113
2194.1028,22.33359
2194.2552,22.90208
2194.4076,23.27744
2194.56,23.51393
2194.7124,24.05293
2194.8648,24.55627
2195.0172,23.95769
2195.1696,23.79884
2195.322,24.42899
2195.4744,25.58122
2195.6268,26.27472
2195.7792,25.34969
2195.9316,24.1382
2196.084,24.2471
2196.2364,25.39748
2196.3888,26.67569
2196.5412,28.53264
2196.6936,29.57112
2196.846,30.6777
2196.9984,31.31055
2197.1508,31.47282
2197.3032,30.98538
2197.4556,30.06201
2197.608,29.11391
2197.7604,28.08586
2197.9128,27.73189
2198.0652,27.29613
2198.2176,26.73405
2198.37,26.31067
2198.5224,25.79848
2198.6748,25.20612
2198.8272,24.77287
2198.9796,24.56953
2199.132,25.05887
2199.2844,26.19852
2199.4368,27.43895
2199.5892,29.14897
2199.7416,28.87383
2199.894,28.60017
2200.0464,29.04036
2200.1988,29.03386
2200.3512,29.00023
2200.5036,28.44742
2200.656,27.65369
2200.8084,27.85248
2200.9608,28.02632
2201.1132,28.22208
2201.2656,28.85747
2201.418,29.43364
2201.5704,29.01106
2201.7228,28.95245
2201.8752,28.58873
2202.0276,27.65948
2202.18,27.51721
2202.3324,26.65247
2202.4848,26.46652
2202.6372,26.48782
2202.7896,25.67223
2202.942,24.86702
2203.0944,24.44312
2203.2468,24.26314
2203.3992,24.82825
2203.5516,26.12257
2203.704,27.17885
2203.8564,27.21768
2204.0088,26.55107
2204.1612,25.60715
2204.3136,24.62221
2204.466,23.68227
2204.6184,22.91457
2204.7708,22.43892
2204.9232,22.37033
2205.0756,22.16158
2205.228,21.57883
2205.3804,20.86412
2205.5328,20.09352
2205.6852,20.72916
2205.8376,21.33374
2205.99,21.7836
2206.1424,22.18022
2206.2948,22.36053
2206.4472,22.455
2206.5996,22.43854
2206.752,22.23022
2206.9044,21.96022
2207.0568,21.51314
2207.2092,20.96153
2207.3616,20.4727
2207.514,20.57037
2207.6664,21.22653
2207.8188,21.60411
2207.9712,21.32597
2208.1236,21.2209
2208.276,21.12651
2208.4284,21.50658
2208.5808,22.21236
2208.7332,22.83344
2208.8856,23.61635
2209.038,23.79459
2209.1904,23.27165
2209.3428,22.42035
2209.4952,21.81206
2209.6476,21.72932
2209.8,21.48991
2209.9524,21.02704
2210.1048,20.52106
2210.2572,19.94049
2210.4096,19.83796
2210.562,20.56467
2210.7144,21.49533
2210.8668,22.49521
2211.0192,23.17162
2211.1716,23.56759
2211.324,23.67186
2211.4764,23.42832
2211.6288,22.15397
2211.7812,21.24546
2211.9336,21.09899
2212.086,21.47565
2212.2384,22.17184
2212.3908,23.33362
2212.5432,25.24704
2212.6956,26.605
2212.848,27.70767
2213.0004,28.34567
2213.1528,28.69963
2213.3052,28.72218
2213.4576,28.48064
2213.61,28.47629
2213.7624,29.01524
2213.9148,29.83567
2214.0672,32.80911
2214.2196,34.91357
2214.372,35.44331
2214.5244,34.75098
2214.6768,32.7304
2214.8292,32.03146
2214.9816,33.00285
2215.134,33.53847
2215.2864,33.5583
2215.4388,32.61746
2215.5912,31.14687
2215.7436,30.2716
2215.896,29.82831
2216.0484,30.20121
2216.2008,31.70458
2216.3532,33.7971
2216.5056,36.03485
2216.658,36.73569
2216.8104,36.66736
2216.9628,36.22298
2217.1152,35.07523
2217.2676,33.45055
2217.42,31.07763
2217.5724,28.15707
2217.7248,23.87765
2217.8772,21.92193
2218.0296,20.71355
2218.182,20.6909
2218.3344,21.50633
2218.4868,22.70212
2218.6392,23.14563
2218.7916,22.64949
2218.944,21.98419
2219.0964,21.27883
2219.2488,20.94295
2219.4012,21.02374
2219.5536,20.58389
2219.706,19.77657
2219.8584,19.02466
2220.0108,18.51797
2220.1632,18.7636
2220.3156,19.67804
2220.468,20.16874
2220.6204,20.3509
2220.7728,19.6079
2220.9252,18.94211
2221.0776,18.84527
2221.23,18.48979
2221.3824,18.58517
2221.5348,19.06928
2221.6872,19.98984
2221.8396,21.98816
2221.992,23.73814
2222.1444,23.19305
2222.2968,21.23713
2222.4492,20.21126
2222.6016,19.98379
2222.754,20.43393
2222.9064,21.45146
2223.0588,22.16929
2223.2112,21.98045
2223.3636,21.03588
2223.516,20.29122
2223.6684,20.17932
2223.8208,21.69033
2223.9732,22.76791
2224.1256,23.06977
2224.278,23.59513
2224.4304,24.22492
2224.5828,25.00043
2224.7352,24.32756
2224.8876,23.16612
2225.04,22.60856
2225.1924,22.26323
2225.3448,22.26542
2225.4972,22.17531
2225.6496,22.05304
2225.802,22.01438
2225.9544,22.06146
2226.1068,22.10854
2226.2592,22.15562
2226.4116,22.76442
2226.564,23.57591
2226.7164,24.05001
2226.8688,24.85727
2227.0212,26.28211
2227.1736,27.70205
2227.326,28.32209
2227.4784,28.57016
2227.6308,28.31172
2227.7832,27.73601
2227.9356,26.78454
2228.088,26.04215
2228.2404,25.58208
2228.3928,25.78189
2228.5452,26.1454
2228.6976,26.40902
2228.85,26.86877
2229.0024,28.04595
2229.1548,28.96614
2229.3072,29.39373
2229.4596,28.54266
2229.612,27.58153
2229.7644,26.47793
2229.9168,25.92881
2230.0692,27.20169
2230.2216,29.28748
2230.374,28.50162
2230.5264,28.50699
2230.6788,28.91171
2230.8312,29.72503
2230.9836,30.07552
2231.136,29.24421
2231.2884,27.88816
2231.4408,28.11895
2231.5932,27.88604
2231.7456,28.29268
2231.898,28.71537
2232.0504,28.28393
2232.2028,28.01937
2232.3552,28.21108
2232.5076,28.77936
2232.66,29.45549
2232.8124,29.83138
2232.9648,30.84196
2233.1172,29.62522
2233.2696,27.87201
2233.422,24.52144
2233.5744,21.57721
2233.7268,19.42273
2233.8792,18.52091
2234.0316,18.56325
2234.184,19.85205
2234.3364,20.1622
2234.4888,19.43562
2234.6412,18.70596
2234.7936,18.27025
2234.946,18.17079
2235.0984,18.42898
2235.2508,19.28455
2235.4032,20.46589
2235.5556,20.41914
2235.708,19.43598
2235.8604,18.80963
2236.0128,18.37708
2236.1652,17.27888
2236.3176,16.75813
2236.47,16.42129
2236.6224,16.32904
2236.7748,16.36441
2236.9272,16.57629
2237.0796,17.30226
2237.232,18.23825
2237.3844,19.03241
2237.5368,19.34322
2237.6892,18.78242
2237.8416,17.82686
2237.994,17.13097
2238.1464,16.82705
2238.2988,16.92141
2238.4512,16.94137
2238.6036,17.89044
2238.756,18.98096
2238.9084,19.91902
2239.0608,20.17537
2239.2132,20.33913
2239.3656,20.40111
2239.518,20.25224
2239.6704,19.99747
2239.8228,20.44997
2239.9752,20.61507
2240.1276,19.42093
2240.28,18.37209
2240.4324,17.59901
2240.5848,17.22554
2240.7372,17.46001
2240.8896,17.14526
2241.042,16.48133
2241.1944,15.85132
2241.3468,15.57815
2241.4992,15.92373
2241.6516,16.47492
2241.804,16.88195
2241.9564,17.46049
2242.1088,17.18389
2242.2612,16.00958
2242.4136,15.48756
2242.566,15.09553
2242.7184,15.07169
2242.8708,15.25316
2243.0232,15.87438
2243.1756,17.11325
2243.328,18.79633
2243.4804,20.76233
2243.6328,22.32674
2243.7852,22.93668
2243.9376,22.7685
2244.09,21.47799
2244.2424,20.18061
2244.3948,19.94294
2244.5472,19.73939
2244.6996,19.68234
2244.852,19.92098
2245.0044,19.97404
2245.1568,19.79577
2245.3092,19.2449
2245.4616,18.77604
2245.614,18.58119
2245.7664,18.52645
2245.9188,18.68853
2246.0712,19.39925
2246.2236,20.87943
2246.376,22.72363
2246.5284,23.01144
2246.6808,22.44084
2246.8332,21.29976
2246.9856,19.70799
2247.138,18.69173
2247.2904,18.20668
2247.4428,18.68761
2247.5952,18.78349
2247.7476,18.8611
2247.9,19.82328
2248.0524,20.31532
2248.2048,20.3153
2248.3572,18.32231
2248.5096,17.32003
2248.662,16.49002
2248.8144,15.87011
2248.9668,16.18418
2249.1192,16.93945
2249.2716,17.8888
2249.424,19.13338
2249.5764,20.41441
2249.7288,20.79711
2249.8812,19.99788
2250.0336,19.18111
2250.186,18.38733
2250.3384,17.41103
2250.4908,16.77656
2250.6432,16.13997
2250.7956,15.61141
2250.948,15.76671
2251.1004,15.92201
2251.2528,16.0773
2251.4052,16.8153
2251.5576,17.9691
2251.71,19.36034
2251.8624,20.57981
2252.0148,21.75041
2252.1672,21.45187
2252.3196,20.04285
2252.472,19.05168
2252.6244,18.04094
2252.7768,17.77742
2252.9292,18.2589
2253.0816,18.24901
2253.234,17.52917
2253.3864,17.20324
2253.5388,17.43429
2253.6912,18.51771
2253.8436,19.50216
2253.996,19.20272
2254.1484,18.10599
2254.3008,16.80569
2254.4532,16.40226
2254.6056,17.31904
2254.758,17.74177
2254.9104,17.35699
2255.0628,17.69638
2255.2152,18.5594
2255.3676,19.47066
2255.52,19.76915
2255.6724,19.0422
2255.8248,17.95133
2255.9772,17.16535
2256.1296,16.82493
2256.282,16.39217
2256.4344,15.9334
2256.5868,15.93097
2256.7392,16.63449
2256.8916,18.00261
2257.044,19.45209
2257.1964,20.71503
2257.3488,21.53476
2257.5012,20.99258
2257.6536,20.26141
2257.806,20.46455
2257.9584,20.40479
2258.1108,19.69786
2258.2632,17.91037
2258.4156,16.54922
2258.568,16.07225
2258.7204,16.27545
2258.8728,16.32095
2259.0252,17.5452
2259.1776,18.55824
2259.33,19.00491
2259.4824,18.98032
2259.6348,18.55806
2259.7872,18.38576
2259.9396,18.71052
2260.092,19.45106
2260.2444,19.57139
2260.3968,18.91803
2260.5492,18.8986
2260.7016,21.12092
2260.854,21.6407
2261.0064,21.28617
2261.1588,20.38654
2261.3112,20.18988
2261.4636,20.40258
2261.616,20.91914
2261.7684,21.37326
2261.9208,21.28514
2262.0732,20.75211
2262.2256,20.13936
2262.378,19.71785
2262.5304,19.47573
2262.6828,19.43414
2262.8352,19.99353
2262.9876,20.63117
2263.14,21.17915
2263.2924,21.46913
2263.4448,21.41556
2263.5972,21.01369
2263.7496,20.43093
2263.902,20.22738
2264.0544,20.58756
2264.2068,20.35002
2264.3592,19.93545
2264.5116,19.67679
2264.664,19.65801
2264.8164,19.74033
2264.9688,19.94901
2265.1212,20.64503
2265.2736,21.25015
2265.426,21.1625
2265.5784,19.92908
2265.7308,19.50811
2265.8832,19.94655
2266.0356,20.41736
2266.188,20.92247
2266.3404,21.32362
2266.4928,21.45438
2266.6452,20.73684
2266.7976,19.82149
2266.95,19.86453
2267.1024,20.85883
2267.2548,21.96515
2267.4072,22.42713
2267.5596,21.66594
2267.712,21.28898
2267.8644,21.92606
2268.0168,23.46514
2268.1692,25.02656
2268.3216,26.36681
2268.474,27.51424
2268.6264,28.30203
2268.7788,28.95155
2268.9312,28.4521
2269.0836,25.78993
2269.236,24.8335
2269.3884,24.79654
2269.5408,25.80774
2269.6932,26.13002
2269.8456,25.8905
2269.998,25.06824
2270.1504,24.10524
2270.3028,23.27754
2270.4552,22.51045
2270.6076,21.52188
2270.76,21.0309
2270.9124,21.86739
2271.0648,23.7895
2271.2172,25.48568
2271.3696,26.63709
2271.522,26.72659
2271.6744,26.17501
2271.8268,25.52678
2271.9792,26.48617
2272.1316,27.83453
2272.284,27.22436
2272.4364,25.76395
2272.5888,24.84477
2272.7412,24.34778
2272.8936,25.34483
2273.046,24.60026
2273.1984,24.32208
2273.3508,24.99656
2273.5032,24.82108
2273.6556,24.12592
2273.808,23.84973
2273.9604,24.66597
2274.1128,26.12514
2274.2652,27.36113
2274.4176,27.53701
2274.57,26.78059
2274.7224,25.76801
2274.8748,25.60093
2275.0272,25.5886
2275.1796,24.13994
2275.332,23.13884
2275.4844,22.50471
2275.6368,24.14697
2275.7892,25.35324
2275.9416,25.00229
2276.094,24.3758
2276.2464,23.9571
2276.3988,23.61015
2276.5512,23.30658
2276.7036,23.03939
2276.856,22.76296
2277.0084,22.86195
2277.1608,23.32423
2277.3132,24.50508
2277.4656,25.9996
2277.618,27.05916
2277.7704,27.54208
2277.9228,25.05829
2278.0752,23.86779
2278.2276,23.48099
2278.38,23.94615
2278.5324,24.27306
2278.6848,23.42416
2278.8372,21.46831
2278.9896,20.81308
2279.142,22.69286
2279.2944,26.61602
2279.4468,28.60546
2279.5992,29.47843
2279.7516,26.00953
2279.904,23.72697
2280.0564,22.45836
2280.2088,22.95797
2280.3612,24.49868
2280.5136,24.85234
2280.666,23.79991
2280.8184,23.89059
2280.9708,25.62157
2281.1232,27.44453
2281.2756,26.31414
2281.428,23.319
2281.5804,21.25118
2281.7328,20.95241
2281.8852,23.3664
2282.0376,25.88718
2282.19,27.98771
2282.3424,29.82321
2282.4948,27.14401
2282.6472,24.72524
2282.7996,23.11684
2282.952,22.73848
2283.1044,24.17192
2283.2568,24.97303
2283.4092,23.32718
2283.5616,21.4622
2283.714,21.00237
2283.8664,22.69163
2284.0188,25.11847
2284.1712,27.46841
2284.3236,29.50815
2284.476,30.43763
2284.6284,29.45581
2284.7808,26.10098
2284.9332,25.00703
2285.0856,24.17809
2285.238,26.1614
2285.3904,28.69342
2285.5428,30.8538
2285.6952,27.60181
2285.8476,24.37601
2286,22.5551
2286.1524,21.46431
2286.3048,23.01311
2286.4572,25.1125
2286.6096,26.91832
2286.762,28.24068
2286.9144,29.08382
2287.0668,29.44565
2287.2192,29.37968
2287.3716,29.6183
2287.524,30.62404
2287.6764,32.55515
2287.8288,33.73825
2287.9812,32.9447
2288.1336,31.52321
2288.286,30.99651
2288.4384,31.13475
2288.5908,31.31157
2288.7432,31.38954
2288.8956,31.49002
2289.048,31.77628
2289.2004,32.02817
2289.3528,32.05359
2289.5052,31.83006
2289.6576,31.18513
2289.81,30.09818
2289.9624,28.91122
2290.1148,27.53908
2290.2672,26.14203
2290.4196,25.25525
2290.572,25.66951
2290.7244,26.55766
2290.8768,30.31152
2291.0292,31.78238
2291.1816,33.6803
2291.334,35.28314
2291.4864,33.93243
2291.6388,31.12599
2291.7912,28.7106
2291.9436,27.76212
2292.096,28.38361
2292.2484,29.51877
2292.4008,30.64153
2292.5532,31.47873
2292.7056,32.14697
2292.858,34.61081
2293.0104,36.20996
2293.1628,36.56476
2293.3152,33.1297
2293.4676,31.49908
2293.62,30.57776
2293.7724,31.155
2293.9248,32.33685
2294.0772,33.56586
2294.2296,34.53574
2294.382,35.48898
2294.5344,34.03961
2294.6868,32.26019
2294.8392,32.11258
2294.9916,32.21335
2295.144,32.74524
2295.2964,33.54059
2295.4488,34.1326
2295.6012,34.53204
2295.7536,34.59561
2295.906,34.38693
2296.0584,33.88089
2296.2108,33.13116
2296.3632,32.1337
2296.5156,31.01691
2296.668,30.13664
2296.8204,29.00044
2296.9728,28.26271
2297.1252,28.45462
2297.2776,29.03096
2297.43,29.7704
2297.5824,30.49561
2297.7348,31.04413
2297.8872,31.50682
2298.0396,32.09753
2298.192,32.24158
2298.3444,31.78656
2298.4968,30.89722
2298.6492,30.30139
2298.8016,29.82831
2298.954,30.64996
2299.1064,31.8764
2299.2588,31.5199
2299.4112,29.93361
2299.5636,29.84288
2299.716,30.24599
2299.8684,29.54694
2300.0208,28.71941
2300.1732,29.2766
2300.3256,29.02225
2300.478,29.4821
2300.6304,30.50714
2300.7828,30.23047
2300.9352,29.26558
2301.0876,29.86484
2301.24,30.23802
2301.3924,29.62534
2301.5448,29.73009
2301.6972,30.75403
2301.8496,31.15475
2302.002,30.75778
2302.1544,29.373
2302.3068,27.40295
2302.4592,26.047
2302.6116,25.16144
2302.764,25.96649
2302.9164,31.25932
2303.0688,34.57635
2303.2212,35.25494
2303.3736,34.22678
2303.526,33.97189
2303.6784,34.11646
2303.8308,34.08292
2303.9832,33.98779
2304.1356,33.23962
2304.288,31.25926
2304.4404,29.34869
2304.5928,27.90639
2304.7452,27.44301
2304.8976,28.81561
2305.05,30.80405
2305.2024,33.06207
2305.3548,33.23599
2305.5072,31.79343
2305.6596,30.28413
2305.812,29.06641
2305.9644,28.1553
2306.1168,27.32541
2306.2692,27.06929
2306.4216,27.81641
2306.574,29.09836
2306.7264,30.87106
2306.8788,32.33389
2307.0312,32.05161
2307.1836,32.28629
2307.336,33.65988
2307.4884,34.37802
2307.6408,34.479
2307.7932,34.51288
2307.9456,34.74771
2308.098,34.99899
2308.2504,34.50821
2308.4028,33.54944
2308.5552,32.27643
2308.7076,31.20277
2308.86,30.28694
2309.0124,30.92961
2309.1648,32.47079
2309.3172,33.69705
2309.4696,34.5705
2309.622,35.26489
2309.7744,35.21939
2309.9268,34.90634
2310.0792,34.48618
2310.2316,33.91721
2310.384,33.39041
2310.5364,33.51724
2310.6888,33.94644
2310.8412,34.23547
2310.9936,34.03488
2311.146,33.25623
2311.2984,32.19794
2311.4508,31.36186
2311.6032,30.78825
2311.7556,31.39221
2311.908,32.77402
2312.0604,33.52649
2312.2128,33.35837
2312.3652,32.50586
2312.5176,30.95506
2312.67,29.47968
2312.8224,28.46422
2312.9748,28.96402
2313.1272,30.23972
2313.2796,30.4391
2313.432,29.73106
2313.5844,29.14474
2313.7368,29.02853
2313.8892,29.81651
2314.0416,31.23088
2314.194,32.67343
2314.3464,32.95456
2314.4988,31.56935
2314.6512,30.03421
2314.8036,29.46838
2314.956,29.50839
2315.1084,30.13467
2315.2608,31.24388
2315.4132,32.61786
2315.5656,34.01343
2315.718,34.69098
2315.8704,34.01767
2316.0228,33.0668
2316.1752,32.66525
2316.3276,32.75534
2316.48,33.11105
2316.6324,33.33676
2316.7848,33.05106
2316.9372,32.30453
2317.0896,31.39445
2317.242,30.59952
2317.3944,30.03029
2317.5468,29.6447
2317.6992,29.72105
2317.8516,30.23416
2318.004,31.38773
2318.1564,33.1962
2318.3088,35.20865
2318.4612,36.23535
2318.6136,36.2373
2318.766,36.02408
2318.9184,35.54602
2319.0708,34.02893
2319.2232,32.17593
2319.3756,31.10405
2319.528,30.62743
2319.6804,30.61958
2319.8328,30.82077
2319.9852,30.98495
2320.1376,31.13731
2320.29,31.4651
2320.4424,31.85278
2320.5948,32.13458
2320.7472,32.19272
2320.8996,31.87483
2321.052,31.10072
2321.2044,30.23956
2321.3568,30.27145
2321.5092,30.38596
2321.6616,29.54987
2321.814,28.66154
2321.9664,28.6813
2322.1188,29.92905
2322.2712,30.67317
2322.4236,30.15765
2322.576,29.84601
2322.7284,29.81059
2322.8808,30.28465
2323.0332,31.43343
2323.1856,31.85428
2323.338,30.45007
2323.4904,28.31369
2323.6428,26.9586
2323.7952,26.29295
2323.9476,25.90511
2324.1,25.65927
2324.2524,25.57156
2324.4048,25.55988
2324.5572,25.66521
2324.7096,25.84267
2324.862,26.06306
2325.0144,27.28058
2325.1668,29.81757
2325.3192,32.16879
2325.4716,33.38968
2325.624,32.97873
2325.7764,31.76913
2325.9288,31.21323
2326.0812,31.57265
2326.2336,31.90402
2326.386,31.68669
2326.5384,31.46017
2326.6908,31.52635
2326.8432,32.01486
2326.9956,32.77405
2327.148,32.27057
2327.3004,31.15381
2327.4528,31.53305
2327.6052,32.19281
2327.7576,33.29913
2327.91,34.2269
2328.0624,34.33194
2328.2148,33.54745
2328.3672,32.75693
2328.5196,32.55582
2328.672,32.58383
2328.8244,32.53281
2328.9768,32.49619
2329.1292,32.49356
2329.2816,32.59473
2329.434,32.52405
2329.5864,31.40608
2329.7388,29.84245
2329.8912,29.18301
2330.0436,29.25475
2330.196,30.121
2330.3484,31.65627
2330.5008,32.98035
2330.6532,33.84195
2330.8056,34.27899
2330.958,33.90237
2331.1104,33.34958
2331.2628,33.56848
2331.4152,33.93777
2331.5676,33.85065
2331.72,32.27463
2331.8724,31.15829
2332.0248,31.03856
2332.1772,31.03644
2332.3296,31.16463
2332.482,31.58727
2332.6344,32.26242
2332.7868,33.20142
2332.9392,34.33206
2333.0916,35.07336
2333.244,35.6304
2333.3964,36.0517
2333.5488,35.6463
2333.7012,35.06647
2333.8536,34.14301
2334.006,32.89011
2334.1584,31.74257
2334.3108,30.88448
2334.4632,30.34352
2334.6156,29.6161
2334.768,30.18907
2334.9204,32.66672
2335.0728,34.62341
2335.2252,35.85562
2335.3776,36.10193
2335.53,34.5712
2335.6824,31.76213
2335.8348,32.23407
2335.9872,33.34573
2336.1396,34.0773
2336.292,33.57523
2336.4444,33.12961
2336.5968,32.44714
2336.7492,31.46896
2336.9016,29.86635
2337.054,28.97859
2337.2064,28.80502
2337.3588,29.19327
2337.5112,29.63504
2337.6636,30.18669
2337.816,30.75948
2337.9684,31.2256
2338.1208,31.56302
2338.2732,31.52542
2338.4256,31.463
2338.578,31.532
2338.7304,31.78186
2338.8828,32.32263
2339.0352,32.52869
2339.1876,32.37851
2339.34,29.85654
2339.4924,29.41206
2339.6448,29.66493
2339.7972,30.45503
2339.9496,31.19908
2340.102,31.32155
2340.2544,30.70911
2340.4068,30.76968
2340.5592,31.63179
2340.7116,32.45114
2340.864,32.49597
2341.0164,31.81944
2341.1688,31.63545
2341.3212,31.79591
2341.4736,32.32407
2341.626,34.28992
2341.7784,36.31369
2341.9308,36.07831
2342.0832,35.15619
2342.2356,35.61462
2342.388,36.46561
2342.5404,37.43323
2342.6928,38.29816
2342.8452,38.55743
2342.9976,37.73181
2343.15,36.31052
2343.3024,34.7648
2343.4548,33.15308
2343.6072,32.15607
2343.7596,31.97585
2343.912,32.29004
2344.0644,32.38391
2344.2168,32.06183
2344.3692,31.52158
2344.5216,31.2404
2344.674,31.19458
2344.8264,31.25821
2344.9788,31.69792
2345.1312,32.15692
2345.2836,32.51614
2345.436,32.75763
2345.5884,32.42487
2345.7408,31.72517
2345.8932,31.31503
2346.0456,31.45122
2346.198,31.79678
2346.3504,32.3891
2346.5028,32.39249
2346.6552,32.03027
2346.8076,31.58165
2346.96,31.4254
2347.1124,31.97946
2347.2648,32.90445
2347.4172,33.73474
2347.5696,34.25464
2347.722,33.44354
2347.8744,31.9655
2348.0268,30.49454
2348.1792,29.99037
2348.3316,30.36774
2348.484,30.62044
2348.6364,29.81386
2348.7888,29.32103
2348.9412,29.84743
2349.0936,30.51712
2349.246,29.93971
2349.3984,28.7811
2349.5508,28.524
2349.7032,28.92096
2349.8556,30.01222
2350.008,31.08028
2350.1604,31.57568
2350.3128,31.16394
2350.4652,30.13843
2350.6176,29.19257
2350.77,28.29089
2350.9224,28.29103
2351.0748,29.88234
2351.2272,30.15257
2351.3796,28.90898
2351.532,26.69089
2351.6844,27.52568
2351.8368,29.3385
2351.9892,30.88548
2352.1416,30.56483
2352.294,28.79509
2352.4464,27.24632
2352.5988,28.44167
2352.7512,30.96703
2352.9036,32.48001
2353.056,33.07553
2353.2084,32.36096
2353.3608,31.12209
2353.5132,30.0119
2353.6656,29.44443
2353.818,29.2238
2353.9704,30.74915
2354.1228,32.82083
2354.2752,34.15274
2354.4276,35.03888
2354.58,35.40271
2354.7324,35.52377
2354.8848,35.5752
2355.0372,35.52219
2355.1896,34.69879
2355.342,32.79288
2355.4944,30.10539
2355.6468,28.29205
2355.7992,27.46402
2355.9516,26.91576
2356.104,26.70718
2356.2564,27.50885
2356.4088,28.99677
2356.5612,30.56454
2356.7136,31.2704
2356.866,31.26212
2357.0184,30.78831
2357.1708,30.19284
2357.3232,29.54677
2357.4756,28.78902
2357.628,27.86649
2357.7804,26.29257
2357.9328,25.95245
2358.0852,26.54143
2358.2376,27.4951
2358.39,28.77475
2358.5424,29.87546
2358.6948,30.89517
2358.8472,31.64775
2358.9996,32.02704
2359.152,31.58582
2359.3044,30.88821
2359.4568,30.20657
2359.6092,29.49628
2359.7616,29.21399
2359.914,30.03693
2360.0664,30.99167
2360.2188,30.92282
2360.3712,30.31131
2360.5236,30.26732
2360.676,31.63599
2360.8284,33.25644
2360.9808,34.32224
2361.1332,35.05759
2361.2856,35.43082
2361.438,34.62085
2361.5904,32.39883
2361.7428,30.76286
2361.8952,30.75653
2362.0476,30.99707
2362.2,30.61187
2362.3524,29.63795
2362.5048,29.33956
2362.6572,30.63499
2362.8096,32.39941
2362.962,33.88734
2363.1144,35.06996
2363.2668,35.91154
2363.4192,36.87198
2363.5716,36.86522
2363.724,34.80654
2363.8764,33.81067
2364.0288,33.62312
2364.1812,33.38083
2364.3336,32.44783
2364.486,31.20063
2364.6384,29.94275
2364.7908,30.17918
2364.9432,31.35569
2365.0956,32.42204
2365.248,33.27855
2365.4004,34.15983
2365.5528,35.59946
2365.7052,37.04422
2365.8576,37.90513
2366.01,37.26467
2366.1624,35.49242
2366.3148,34.00018
2366.4672,33.09118
2366.6196,32.48611
2366.772,32.03898
2366.9244,31.79549
2367.0768,32.25394
2367.2292,32.74706
2367.3816,32.70541
2367.534,32.34215
2367.6864,32.88533
2367.8388,34.54505
2367.9912,36.20749
2368.1436,37.59164
2368.296,38.50683
2368.4484,38.79964
2368.6008,37.83517
2368.7532,36.03207
2368.9056,34.86142
2369.058,34.3236
2369.2104,33.62421
2369.3628,33.88228
2369.5152,35.06882
2369.6676,36.00133
2369.82,35.58647
2369.9724,33.98723
2370.1248,32.70406
2370.2772,32.09361
2370.4296,31.90982
2370.582,32.42634
2370.7344,33.4733
2370.8868,34.31882
2371.0392,34.55203
2371.1916,34.63643
2371.344,35.61285
2371.4964,37.30267
2371.6488,38.95187
2371.8012,39.21852
2371.9536,38.37292
2372.106,37.8131
2372.2584,37.64287
2372.4108,38.16478
2372.5632,38.75492
2372.7156,37.69893
2372.868,36.59474
2373.0204,37.14224
2373.1728,37.50191
2373.3252,37.14684
2373.4776,36.71519
2373.63,37.11727
2373.7824,38.26761
2373.9348,39.1231
2374.0872,39.08089
2374.2396,38.59846
2374.392,38.82742
2374.5444,39.51718
2374.6968,39.89275
2374.8492,39.48207
2375.0016,38.60906
2375.154,37.90588
2375.3064,37.51299
2375.4588,37.57876
2375.6112,37.99661
2375.7636,38.79755
2375.916,39.29791
2376.0684,38.68918
2376.2208,37.68752
2376.3732,37.10389
2376.5256,36.8489
2376.678,37.20591
2376.8304,37.82577
2376.9828,37.75906
2377.1352,37.31454
2377.2876,37.2137
2377.44,37.61199
2377.5924,38.78537
2377.7448,40.37253
2377.8972,41.68807
2378.0496,42.6987
2378.202,43.23759
2378.3544,43.23294
2378.5068,42.61786
2378.6592,41.64773
2378.8116,40.53366
2378.964,39.47711
2379.1164,38.56073
2379.2688,37.82953
2379.4212,37.31882
2379.5736,37.35631
2379.726,38.28075
2379.8784,38.71627
2380.0308,38.73756
2380.1832,39.31287
2380.3356,40.30582
2380.488,40.02203
2380.6404,39.85883
2380.7928,40.52744
2380.9452,41.33935
2381.0976,41.83369
2381.25,41.8071
2381.4024,41.32809
2381.5548,40.81876
2381.7072,40.53802
2381.8596,40.79955
2382.012,41.51356
2382.1644,41.21761
2382.3168,40.50623
2382.4692,40.24673
2382.6216,40.82359
2382.774,41.83965
2382.9264,42.53137
2383.0788,42.59383
2383.2312,43.50858
2383.3836,44.75332
2383.536,45.79184
2383.6884,46.34156
2383.8408,46.08051
2383.9932,44.97953
2384.1456,43.88295
2384.298,42.93947
2384.4504,42.34824
2384.6028,41.60836
2384.7552,42.41198
2384.9076,43.71291
2385.06,44.66369
2385.2124,45.58336
2385.3648,46.58258
2385.5172,47.33029
2385.6696,48.22446
2385.822,49.17691
2385.9744,49.12757
2386.1268,49.8576
2386.2792,49.91969
2386.4316,48.86192
2386.584,47.73479
2386.7364,47.88482
2386.8888,48.84792
2387.0412,48.29608
2387.1936,46.85142
2387.346,46.41002
2387.4984,46.41969
2387.6508,47.00662
2387.8032,48.03749
2387.9556,48.75955
2388.108,48.13799
2388.2604,48.75513
2388.4128,49.64666
2388.5652,50.84737
2388.7176,51.78928
2388.87,51.50114
2389.0224,50.24327
2389.1748,48.99776
2389.3272,48.353
2389.4796,48.16185
2389.632,48.71762
2389.7844,47.64073
2389.9368,46.40934
2390.0892,45.42354
2390.2416,44.85751
2390.394,44.72815
2390.5464,43.51814
2390.6988,42.42274
2390.8512,41.81904
2391.0036,41.91129
2391.156,43.09654
2391.3084,44.55017
2391.4608,45.70461
2391.6132,46.23375
2391.7656,46.40878
2391.918,45.61826
2392.0704,44.32355
2392.2228,42.92995
2392.3752,41.44454
2392.5276,40.02042
2392.68,38.69677
2392.8324,37.5015
2392.9848,36.31155
2393.1372,35.21256
2393.2896,35.53114
2393.442,36.46503
2393.5944,37.06013
2393.7468,37.25749
2393.8992,36.65083
2394.0516,36.05756
2394.204,37.17231
2394.3564,38.37666
2394.5088,38.44356
2394.6612,38.19041
2394.8136,37.77271
2394.966,37.4908
2395.1184,37.79156
2395.2708,38.27712
2395.4232,38.908
2395.5756,39.59145
2395.728,40.00594
2395.8804,40.04129
2396.0328,39.03129
2396.1852,37.24492
2396.3376,35.88757
2396.49,35.75859
2396.6424,36.52602
2396.7948,37.71207
2396.9472,38.71793
2397.0996,38.95778
2397.252,38.95834
2397.4044,39.7569
2397.5568,39.87857
2397.7092,38.49606
2397.8616,38.39933
2398.014,39.28419
2398.1664,39.46473
2398.3188,38.68875
2398.4712,37.79088
2398.6236,37.20834
2398.776,37.06577
2398.9284,38.46407
2399.0808,39.1254
2399.2332,38.32599
2399.3856,36.93671
2399.538,35.7708
2399.6904,35.32664
2399.8428,35.65983
2399.9952,36.06915
2400.1476,36.54157
2400.3,37.15862
2400.4524,37.28318
2400.6048,37.24284
2400.7572,37.1492
2400.9096,36.98843
2401.062,36.5996
2401.2144,35.84834
2401.3668,35.03954
2401.5192,34.57468
2401.6716,34.31741
2401.824,34.66183
2401.9764,35.2486
2402.1288,35.91485
2402.2812,36.43082
2402.4336,36.42705
2402.586,35.14871
2402.7384,34.01106
2402.8908,33.22908
2403.0432,32.50241
2403.1956,32.92673
2403.348,34.99718
2403.5004,36.74776
2403.6528,37.38412
2403.8052,36.39503
2403.9576,35.15564
2404.11,33.96745
2404.2624,32.82244
2404.4148,32.98911
2404.5672,34.42561
2404.7196,35.17165
2404.872,35.54226
2405.0244,36.17897
2405.1768,37.056
2405.3292,37.52596
2405.4816,37.40752
2405.634,37.17164
2405.7864,37.17821
2405.9388,37.18477
2406.0912,37.27065
2406.2436,37.86401
2406.396,38.98436
2406.5484,39.29091
2406.7008,39.38956
2406.8532,38.46876
2407.0056,37.29029
2407.158,36.62222
2407.3104,37.01101
2407.4628,38.62052
2407.6152,39.08728
2407.7676,38.13939
2407.92,37.40418
2408.0724,36.67
2408.2248,38.09328
2408.3772,40.63136
2408.5296,42.6778
2408.682,44.12232
2408.8344,44.21547
2408.9868,42.52524
2409.1392,40.82809
2409.2916,39.39372
2409.444,39.38957
2409.5964,40.10091
2409.7488,40.55666
2409.9012,41.83728
2410.0536,42.33388
2410.206,40.96187
2410.3584,40.65765
2410.5108,41.40634
2410.6632,41.32841
2410.8156,39.74079
2410.968,38.28887
2411.1204,36.88314
2411.2728,35.67314
2411.4252,34.78176
2411.5776,36.61717
2411.73,39.18404
2411.8824,41.21808
2412.0348,42.65092
2412.1872,42.21445
2412.3396,41.19276
2412.492,39.48289
2412.6444,38.84943
2412.7968,38.56337
2412.9492,39.87997
2413.1016,40.99489
2413.254,41.83586
2413.4064,42.35744
2413.5588,42.23418
2413.7112,41.63654
2413.8636,38.97213
2414.016,36.16245
2414.1684,35.91039
2414.3208,36.37414
2414.4732,37.0293
2414.6256,37.6791
2414.778,38.65707
2414.9304,39.31511
2415.0828,39.73172
2415.2352,39.75891
2415.3876,39.90504
2415.54,40.16963
2415.6924,40.3576
2415.8448,40.31584
2415.9972,40.81179
2416.1496,41.84154
2416.302,42.51245
2416.4544,42.8079
2416.6068,42.7952
2416.7592,42.51181
2416.9116,42.76054
2417.064,43.5078
2417.2164,44.18745
2417.3688,44.01085
2417.5212,43.11066
2417.6736,42.40376
2417.826,42.39601
2417.9784,43.00885
2418.1308,42.58303
2418.2832,41.43803
2418.4356,41.59095
2418.588,42.04945
2418.7404,41.23978
2418.8928,40.48338
2419.0452,40.04018
2419.1976,40.72263
2419.35,41.41173
2419.5024,41.91592
2419.6548,42.02953
2419.8072,41.99691
2419.9596,41.87171
2420.112,41.44044
2420.2644,40.76793
2420.4168,39.60083
2420.5692,38.28662
2420.7216,37.29493
2420.874,36.81329
2421.0264,39.10602
2421.1788,40.73721
2421.3312,40.20891
2421.4836,39.07903
2421.636,38.14185
2421.7884,37.42858
2421.9408,37.03035
2422.0932,37.01389
2422.2456,37.18253
2422.398,37.88482
2422.5504,38.32615
2422.7028,38.45121
2422.8552,37.08388
2423.0076,35.72908
2423.16,34.77306
2423.3124,34.44882
2423.4648,34.6569
2423.6172,35.5783
2423.7696,37.58279
2423.922,39.40279
2424.0744,40.69131
2424.2268,39.80912
2424.3792,38.64174
2424.5316,39.10561
2424.684,39.92716
2424.8364,40.59338
2424.9888,41.09317
2425.1412,40.79045
2425.2936,39.96876
2425.446,38.77921
2425.5984,38.94897
2425.7508,40.17557
2425.9032,40.66473
2426.0556,39.84344
2426.208,39.38712
2426.3604,39.69444
2426.5128,40.0712
2426.6652,39.85439
2426.8176,39.04327
2426.97,39.07339
2427.1224,40.17948
2427.2748,41.12955
2427.4272,40.65681
2427.5796,39.30951
2427.732,38.07107
2427.8844,37.46577
2428.0368,37.18948
2428.1892,36.85722
2428.3416,35.92755
2428.494,35.79164
2428.6464,36.28186
2428.7988,36.56783
2428.9512,35.68005
2429.1036,34.52314
2429.256,33.49279
2429.4084,32.90387
2429.5608,32.36161
2429.7132,31.91382
2429.8656,31.87357
2430.018,32.32507
2430.1704,33.19234
2430.3228,33.4444
2430.4752,32.63441
2430.6276,32.36318
2430.78,33.06102
2430.9324,33.99702
2431.0848,35.12215
2431.2372,34.75904
2431.3896,33.44112
2431.542,33.24675
2431.6944,34.30705
2431.8468,35.55649
2431.9992,37.06989
2432.1516,39.12206
2432.304,41.0685
2432.4564,42.38258
2432.6088,41.01257
2432.7612,39.69875
2432.9136,38.82723
2433.066,39.87985
2433.2184,41.36206
2433.3708,42.99574
2433.5232,43.72072
2433.6756,43.6817
2433.828,43.88077
2433.9804,44.18732
2434.1328,44.17764
2434.2852,43.71324
2434.4376,42.33091
2434.59,40.32274
2434.7424,38.49857
2434.8948,36.61778
2435.0472,34.61884
2435.1996,33.41127
2435.352,34.46786
2435.5044,35.14362
2435.6568,33.80853
2435.8092,32.65933
2435.9616,31.79299
2436.114,32.45982
2436.2664,32.578
2436.4188,31.33939
2436.5712,33.66394
2436.7236,34.67242
2436.876,34.33382
2437.0284,33.97624
2437.1808,34.04703
2437.3332,35.61123
2437.4856,38.3744
2437.638,39.59049
2437.7904,39.77869
2437.9428,39.76517
2438.0952,39.71943
2438.2476,39.58334
2438.4,39.22116
2438.5524,38.54379
2438.7048,37.39426
2438.8572,36.42007
2439.0096,35.80304
2439.162,35.18732
2439.3144,36.9295
2439.4668,39.00586
2439.6192,41.12952
2439.7716,40.30917
2439.924,39.40643
2440.0764,38.52496
2440.2288,39.94403
2440.3812,42.19904
2440.5336,43.51389
2440.686,42.95459
2440.8384,41.5036
2440.9908,40.47974
2441.1432,39.84625
2441.2956,39.46832
2441.448,39.75684
2441.6004,40.16476
2441.7528,39.79346
2441.9052,39.41943
2442.0576,39.05551
2442.21,38.8302
2442.3624,38.84409
2442.5148,39.14355
2442.6672,39.45712
2442.8196,39.62997
2442.972,39.604
2443.1244,39.71295
2443.2768,39.85947
2443.4292,40.07031
2443.5816,40.59445
2443.734,41.39426
2443.8864,42.62677
2444.0388,43.34467
2444.1912,43.6149
2444.3436,43.63248
2444.496,43.57019
2444.6484,43.36316
2444.8008,43.1557
2444.9532,42.92212
2445.1056,42.62137
2445.258,42.35965
2445.4104,42.25082
2445.5628,42.32877
2445.7152,43.71783
2445.8676,44.47867
2446.02,44.25455
2446.1724,43.03033
2446.3248,41.89673
2446.4772,43.25018
2446.6296,45.62122
2446.782,47.86929
2446.9344,49.05557
2447.0868,48.67606
2447.2392,47.44888
2447.3916,46.5137
2447.544,46.39902
2447.6964,47.30234
2447.8488,48.06259
2448.0012,47.39905
2448.1536,45.69281
2448.306,44.36359
2448.4584,43.12955
2448.6108,41.98779
2448.7632,41.33917
2448.9156,40.99261
2449.068,41.23358
2449.2204,41.7233
2449.3728,41.63824
2449.5252,40.90576
2449.6776,40.90125
2449.83,41.29321
2449.9824,41.04648
2450.1348,40.34943
2450.2872,40.32724
2450.4396,40.96698
2450.592,42.46896
2450.7444,43.78571
2450.8968,44.93518
2451.0492,44.55203
2451.2016,43.98523
2451.354,43.61761
2451.5064,43.41699
2451.6588,43.32715
2451.8112,43.40973
2451.9636,45.09
2452.116,47.20416
2452.2684,48.93738
2452.4208,50.7565
2452.5732,51.09549
2452.7256,49.76846
2452.878,49.83636
2453.0304,49.95447
2453.1828,49.70828
2453.3352,49.2532
2453.4876,49.26263
2453.64,49.60986
2453.7924,50.05881
2453.9448,49.99103
2454.0972,48.25391
2454.2496,45.62161
2454.402,43.69089
2454.5544,42.60056
2454.7068,42.00443
2454.8592,42.25449
2455.0116,42.96066
2455.164,44.05414
2455.3164,44.87271
2455.4688,45.66324
2455.6212,46.35516
2455.7736,47.31631
2455.926,48.39774
2456.0784,48.33405
2456.2308,47.50296
2456.3832,47.0733
2456.5356,47.24878
2456.688,48.50302
2456.8404,50.04797
2456.9928,51.81967
2457.1452,53.29453
2457.2976,51.13336
2457.45,48.49661
2457.6024,46.44205
2457.7548,44.93381
2457.9072,45.20172
2458.0596,46.87802
2458.212,48.52515
2458.3644,49.30869
2458.5168,48.04895
2458.6692,46.86731
2458.8216,47.75574
2458.974,47.84836
2459.1264,46.86182
2459.2788,46.2395
2459.4312,45.90341
2459.5836,45.85361
2459.736,46.0434
2459.8884,46.4678
2460.0408,47.2793
2460.1932,48.61169
2460.3456,50.08087
2460.498,51.19238
2460.6504,48.85553
2460.8028,46.17145
2460.9552,43.30273
2461.1076,42.43167
2461.26,43.17337
2461.4124,45.02728
2461.5648,47.12146
2461.7172,48.16641
2461.8696,46.81445
2462.022,45.55975
2462.1744,46.10349
2462.3268,47.48477
2462.4792,48.76404
2462.6316,49.80914
2462.784,50.65442
2462.9364,50.47507
2463.0888,47.87445
2463.2412,46.45935
2463.3936,46.91949
2463.546,47.0264
2463.6984,45.68887
2463.8508,44.08075
2464.0032,43.44577
2464.1556,44.01419
2464.308,46.45383
2464.4604,48.36664
2464.6128,49.68402
2464.7652,50.60965
2464.9176,50.93939
2465.07,51.26312
2465.2224,51.6759
2465.3748,51.63214
2465.5272,50.46695
2465.6796,49.07492
2465.832,48.29803
2465.9844,48.40033
2466.1368,48.70758
2466.2892,49.2944
2466.4416,48.20984
2466.594,47.65237
2466.7464,47.72137
2466.8988,47.94458
2467.0512,50.49747
2467.2036,51.06662
2467.356,50.92868
2467.5084,50.15088
2467.6608,49.97455
2467.8132,50.52023
2467.9656,50.64859
2468.118,49.92737
2468.2704,49.49258
2468.4228,50.146
2468.5752,51.09125
2468.7276,51.70059
2468.88,51.66577
2469.0324,51.50067
2469.1848,51.27423
2469.3372,51.24155
2469.4896,51.6123
2469.642,52.12857
2469.7944,51.5318
2469.9468,50.69928
2470.0992,49.89313
2470.2516,49.17728
2470.404,48.4761
2470.5564,49.8811
2470.7088,52.29507
2470.8612,53.69183
2471.0136,54.46252
2471.166,53.97101
2471.3184,52.60428
2471.4708,51.35629
2471.6232,50.41904
2471.7756,50.94843
2471.928,52.17422
2472.0804,52.00867
2472.2328,51.23636
2472.3852,50.63101
2472.5376,50.40192
2472.69,50.71652
2472.8424,50.03244
2472.9948,49.64044
2473.1472,50.03888
2473.2996,49.46866
2473.452,49.48795
2473.6044,49.77029
2473.7568,49.20959
2473.9092,48.62927
2474.0616,48.10443
2474.214,46.98947
2474.3664,46.6181
2474.5188,46.98557
2474.6712,48.02365
2474.8236,49.44705
2474.976,50.40341
2475.1284,51.04187
2475.2808,50.56647
2475.4332,49.78357
2475.5856,49.48999
2475.738,49.6528
2475.8904,50.14752
2476.0428,50.84836
2476.1952,51.15323
2476.3476,50.05377
2476.5,49.52313
2476.6524,49.99973
2476.8048,50.37613
2476.9572,50.10336
2477.1096,49.41556
2477.262,49.40146
2477.4144,49.38544
2477.5668,49.29749
2477.7192,48.89148
2477.8716,47.78598
2478.024,46.57095
2478.1764,46.14563
2478.3288,46.94083
2478.4812,47.90918
2478.6336,47.85751
2478.786,47.29291
2478.9384,46.82654
2479.0908,46.36813
2479.2432,46.27673
2479.3956,49.81656
2479.548,51.61884
2479.7004,52.19785
2479.8528,51.59021
2480.0052,51.39316
2480.1576,52.08804
2480.31,50.3663
2480.4624,48.42328
2480.6148,47.00253
2480.7672,47.95685
2480.9196,49.51959
2481.072,50.89291
2481.2244,50.45947
2481.3768,49.87946
2481.5292,50.60855
2481.6816,51.49457
2481.834,49.99789
2481.9864,47.95993
2482.1388,46.45322
2482.2912,46.77798
2482.4436,47.05035
2482.596,46.94431
2482.7484,48.29379
2482.9008,49.64886
2483.0532,49.53391
2483.2056,48.52228
2483.358,47.58066
2483.5104,46.87854
2483.6628,46.59567
2483.8152,46.52921
2483.9676,46.98254
2484.12,47.52979
2484.2724,48.05188
2484.4248,47.4884
2484.5772,46.54059
2484.7296,45.3107
2484.882,44.12653
2485.0344,43.21353
2485.1868,45.1861
2485.3392,48.29382
2485.4916,49.12259
2485.644,48.64484
2485.7964,48.26443
2485.9488,48.03284
2486.1012,48.08514
2486.2536,48.61551
2486.406,49.27448
2486.5584,50.07037
2486.7108,50.66193
2486.8632,50.69937
2487.0156,50.20383
2487.168,50.09406
2487.3204,50.44214
2487.4728,51.17474
2487.6252,51.72806
2487.7776,52.21881
2487.93,53.21158
2488.0824,52.60239
2488.2348,51.15305
2488.3872,49.72229
2488.5396,48.22223
2488.692,49.39328
2488.8444,50.53494
2488.9968,51.09479
2489.1492,50.10443
2489.3016,48.82047
2489.454,47.63983
2489.6064,46.62061
2489.7588,45.64621
2489.9112,44.71713
2490.0636,43.638
2490.216,43.9433
2490.3684,45.08121
2490.5208,46.51794
2490.6732,47.66809
2490.8256,48.41431
2490.978,47.90076
2491.1304,46.8475
2491.2828,46.41422
2491.4352,47.24432
2491.5876,49.10394
2491.74,50.11862
2491.8924,49.71439
2492.0448,48.37665
2492.1972,47.13214
2492.3496,47.56924
2492.502,49.13895
2492.6544,50.58197
2492.8068,52.03864
2492.9592,50.56473
2493.1116,48.77124
2493.264,46.99011
2493.4164,45.58099
2493.5688,44.86908
2493.7212,44.83075
2493.8736,46.22485
2494.026,47.6228
2494.1784,48.86984
2494.3308,49.34241
2494.4832,48.44388
2494.6356,47.41266
2494.788,46.71011
2494.9404,46.87866
2495.0928,47.20248
2495.2452,46.0658
2495.3976,45.42236
2495.55,46.04523
2495.7024,46.49933
2495.8548,46.94293
2496.0072,47.82309
2496.1596,48.59442
2496.312,48.32779
2496.4644,48.50012
2496.6168,49.04568
2496.7692,50.75311
2496.9216,51.02725
2497.074,49.595
2497.2264,47.94333
2497.3788,46.66751
2497.5312,45.6394
2497.6836,45.39023
2497.836,44.30719
2497.9884,43.21902
2498.1408,42.50702
2498.2932,42.65314
2498.4456,44.11508
2498.598,45.71277
2498.7504,46.86816
2498.9028,47.52798
2499.0552,47.32166
2499.2076,46.43567
2499.36,45.50229
2499.5124,45.72968
2499.6648,46.04303
2499.8172,45.40567
2499.9696,44.27097
2500.122,42.8624
2500.2744,42.23907
2500.4268,44.72705
2500.5792,47.78781
2500.7316,50.51276
2500.884,51.0993
2501.0364,49.82773
2501.1888,48.71497
2501.3412,48.29819
2501.4936,49.69858
2501.646,53.85645
2501.7984,54.87665
2501.9508,54.96521
2502.1032,55.36624
2502.2556,56.05029
2502.408,56.22903
2502.5604,55.94519
2502.7128,55.11536
2502.8652,54.0506
2503.0176,52.15079
2503.17,50.23764
2503.3224,49.06985
2503.4748,49.51868
2503.6272,56.27615
2503.7796,55.23666
2503.932,54.96597
2504.0844,54.94794
2504.2368,55.24652
2504.3892,55.32724
2504.5416,54.55344
2504.694,53.59854
2504.8464,52.7142
2504.9988,51.89221
2505.1512,50.95706
2505.3036,49.87051
2505.456,48.83453
2505.6084,47.87445
2505.7608,47.48337
2505.9132,48.11142
2506.0656,49.74054
2506.218,48.56622
2506.3704,48.16705
2506.5228,48.98151
2506.6752,49.40198
2506.8276,47.901
2506.98,46.39536
2507.1324,45.30151
2507.2848,44.61572
2507.4372,44.707
2507.5896,45.63766
2507.742,46.46722
2507.8944,47.28375
2508.0468,48.08267
2508.1992,48.8558
2508.3516,49.29901
2508.504,47.76059
2508.6564,46.78464
2508.8088,46.89673
2508.9612,47.09836
2509.1136,47.58987
2509.266,49.36295
2509.4184,49.53427
2509.5708,48.8486
2509.7232,47.24194
2509.8756,46.56415
2510.028,46.58194
2510.1804,46.47815
2510.3328,45.99661
2510.4852,45.19699
2510.6376,44.29193
2510.79,43.4545
2510.9424,43.6272
2511.0948,44.45822
2511.2472,45.69028
2511.3996,46.97412
2511.552,48.10825
2511.7044,49.0542
2511.8568,49.6828
2512.0092,49.49136
2512.1616,47.59039
2512.314,46.57898
2512.4664,46.81714
2512.6188,47.43408
2512.7712,47.64932
2512.9236,47.69852
2513.076,47.88171
2513.2284,48.89697
2513.3808,51.26245
2513.5332,52.24127
2513.6856,51.49835
2513.838,52.05249
2513.9904,52.8934
2514.1428,53.17905
2514.2952,52.56024
2514.4476,52.06277
2514.6,52.07263
2514.7524,52.3624
2514.9048,52.54555
2515.0572,52.22875
2515.2096,51.33528
2515.362,51.3547
2515.5144,51.55493
2515.6668,51.51879
2515.8192,50.08629
2515.9716,48.33609
2516.124,46.68504
2516.2764,46.52148
2516.4288,47.89281
2516.5812,48.75069
2516.7336,48.71687
2516.886,48.15059
2517.0384,47.79143
2517.1908,47.70641
2517.3432,47.88142
2517.4956,47.93822
2517.648,47.60378
2517.8004,46.27666
2517.9528,45.93613
2518.1052,46.3538
2518.2576,46.02753
2518.41,45.33238
2518.5624,44.21468
2518.7148,43.80929
2518.8672,45.19391
2519.0196,46.72807
2519.172,45.80807
2519.3244,43.81561
2519.4768,42.03903
2519.6292,40.71652
2519.7816,40.7932
2519.934,42.23327
2520.0864,42.19121
2520.2388,41.52349
2520.3912,40.66928
2520.5436,39.95763
2520.696,40.0743
2520.8484,40.84007
2521.0008,42.18833
2521.1532,43.70521
2521.3056,44.03232
2521.458,43.87824
2521.6104,43.89326
2521.7628,44.34018
2521.9152,44.9063
2522.0676,44.76392
2522.22,44.71734
2522.3724,45.29485
2522.5248,45.41325
2522.6772,43.73074
2522.8296,42.3531
2522.982,41.82317
2523.1344,43.1992
2523.2868,44.64477
2523.4392,44.64527
2523.5916,44.12955
2523.744,44.83572
2523.8964,45.00719
2524.0488,44.39552
2524.2012,43.47785
2524.3536,43.4102
2524.506,43.54876
2524.6584,44.94537
2524.8108,46.71873
2524.9632,45.9727
2525.1156,44.19466
2525.268,42.6685
2525.4204,41.35233
2525.5728,39.96977
2525.7252,38.70872
2525.8776,40.08222
2526.03,42.12112
2526.1824,44.03107
2526.3348,45.67574
2526.4872,45.38168
2526.6396,44.7953
2526.792,45.42809
2526.9444,46.10258
2527.0968,47.10954
2527.2492,47.12498
2527.4016,45.8083
2527.554,44.82806
2527.7064,44.13696
2527.8588,43.34883
2528.0112,42.28439
2528.1636,42.92004
2528.316,43.38954
2528.4684,43.85905
2528.6208,46.82059
2528.7732,48.65472
2528.9256,49.54112
2529.078,48.02563
2529.2304,46.96835
2529.3828,46.4926
2529.5352,46.50838
2529.6876,47.08954
2529.84,48.99832
2529.9924,49.67489
2530.1448,49.06729
2530.2972,48.38161
2530.4496,47.78757
2530.602,47.14358
2530.7544,46.38038
2530.9068,45.88017
2531.0592,45.49036
2531.2116,48.2199
2531.364,50.11385
2531.5164,49.57292
2531.6688,51.62112
2531.8212,50.00775
2531.9736,48.91685
2532.126,48.18446
2532.2784,49.34557
2532.4308,52.15677
2532.5832,53.98869
2532.7356,51.91068
2532.888,49.08788
2533.0404,46.33042
2533.1928,44.58251
2533.3452,43.54453
2533.4976,44.76497
2533.65,46.61819
2533.8024,48.3428
2533.9548,48.36282
2534.1072,47.07478
2534.2596,46.83755
2534.412,48.31404
2534.5644,48.44958
2534.7168,46.80338
2534.8692,45.17687
2535.0216,43.80966
2535.174,44.68143
2535.3264,43.72289
2535.4788,43.97763
2535.6312,43.98977
2535.7836,43.05139
2535.936,44.18053
2536.0884,45.74521
2536.2408,43.92344
2536.3932,41.10065
2536.5456,39.77422
2536.698,38.56747
2536.8504,38.12075
2537.0028,38.71045
2537.1552,39.68085
2537.3076,40.61449
2537.46,42.37161
2537.6124,44.20124
2537.7648,45.57978
2537.9172,44.29517
2538.0696,44.86349
2538.222,43.93248
2538.3744,43.06281
2538.5268,43.24454
2538.6792,44.14926
2538.8316,44.996
2538.984,45.38364
2539.1364,46.28835
2539.2888,46.07032
2539.4412,43.88721
2539.5936,42.95718
2539.746,43.05412
2539.8984,42.78545
2540.0508,42.02266
2540.2032,41.27474
2540.3556,40.54542
2540.508,39.96732
2540.6604,41.2793
2540.8128,43.69743
2540.9652,44.41032
2541.1176,43.87848
2541.27,45.31197
2541.4224,47.08824
2541.5748,47.73498
2541.7272,47.68922
2541.8796,46.33186
2542.032,44.11446
2542.1844,42.18616
2542.3368,40.9555
2542.4892,40.83398
2542.6416,41.31587
2542.794,41.31149
2542.9464,41.12005
2543.0988,42.69854
2543.2512,44.28165
2543.4036,43.95627
2543.556,42.32724
2543.7084,39.78943
2543.8608,38.6098
2544.0132,38.47919
2544.1656,39.83212
2544.318,41.0699
2544.4704,42.60252
2544.6228,44.29145
2544.7752,45.44791
2544.9276,44.89973
2545.08,44.03266
2545.2324,44.57217
2545.3848,45.22193
2545.5372,44.15359
2545.6896,42.36044
2545.842,40.50325
2545.9944,39.7483
2546.1468,42.05586
2546.2992,43.36739
2546.4516,42.57722
2546.604,41.96627
2546.7564,42.96387
2546.9088,44.00034
2547.0612,43.4556
2547.2136,42.58854
2547.366,43.16688
2547.5184,43.6685
2547.6708,43.15211
2547.8232,42.04157
2547.9756,42.76242
2548.128,43.04429
2548.2804,42.0123
2548.4328,42.70735
2548.5852,44.08733
2548.7376,45.06037
2548.89,45.49568
2549.0424,44.41856
2549.1948,42.83047
2549.3472,41.22946
2549.4996,39.97964
2549.652,39.19863
2549.8044,42.22998
2549.9568,43.38951
2550.1092,44.38377
2550.2616,43.79389
2550.414,43.00479
2550.5664,42.87939
2550.7188,43.61497
2550.8712,42.92406
2551.0236,41.34351
2551.176,39.30988
2551.3284,38.89325
2551.4808,41.73495
2551.6332,45.19369
2551.7856,46.30403
2551.938,46.92577
2552.0904,47.78722
2552.2428,49.52575
2552.3952,51.74656
2552.5476,51.73019
2552.7,49.09718
2552.8524,46.79861
2553.0048,44.98885
2553.1572,43.87317
2553.3096,44.49416
2553.462,46.94869
2553.6144,48.84413
2553.7668,49.4073
2553.9192,48.55016
2554.0716,47.67192
2554.224,46.80809
2554.3764,46.06341
2554.5288,45.36015
2554.6812,45.64018
2554.8336,46.01677
2554.986,44.87178
2555.1384,44.13251
2555.2908,43.55055
2555.4432,43.31391
2555.5956,45.09974
2555.748,46.7632
2555.9004,48.52249
2556.0528,51.39106
2556.2052,52.86711
2556.3576,53.69942
2556.51,53.964
2556.6624,53.72659
2556.8148,52.75802
2556.9672,51.70306
2557.1196,50.58897
2557.272,49.32314
2557.4244,48.02089
2557.5768,46.83812
2557.7292,46.04578
2557.8816,46.13263
2558.034,47.12518
2558.1864,48.31325
2558.3388,47.77139
2558.4912,46.25798
2558.6436,45.30283
2558.796,44.6461
2558.9484,44.11945
2559.1008,43.99056
2559.2532,44.91164
2559.4056,45.80215
2559.558,45.01694
2559.7104,42.63931
2559.8628,41.79218
2560.0152,41.86616
2560.1676,43.34799
2560.32,45.0898
2560.4724,46.27249
2560.6248,45.47486
2560.7772,43.97607
2560.9296,42.7115
2561.082,41.90449
2561.2344,41.72124
2561.3868,42.43231
2561.5392,41.65757
2561.6916,39.93822
2561.844,39.10204
2561.9964,39.14078
2562.1488,40.84875
2562.3012,42.80891
2562.4536,44.77697
2562.606,46.63908
2562.7584,47.07542
2562.9108,46.86346
2563.0632,45.97842
2563.2156,43.29024
2563.368,42.15625
2563.5204,41.62186
2563.6728,41.46349
2563.8252,42.08628
2563.9776,42.53927
2564.13,42.87626
2564.2824,42.98922
2564.4348,42.66166
2564.5872,41.99734
2564.7396,41.57394
2564.892,43.56239
2565.0444,45.89224
2565.1968,47.79077
2565.3492,49.17253
2565.5016,49.94749
2565.654,48.85979
2565.8064,47.26911
2565.9588,45.97282
2566.1112,45.51499
2566.2636,44.98634
2566.416,43.47865
2566.5684,41.80694
2566.7208,40.94144
2566.8732,43.79264
2567.0256,46.4558
2567.178,47.21333
2567.3304,45.55721
2567.4828,44.83162
2567.6352,44.58502
2567.7876,42.79426
2567.94,41.63458
2568.0924,40.52253
2568.2448,40.33914
2568.3972,40.36868
2568.5496,40.92243
2568.702,41.71296
2568.8544,42.79248
2569.0068,44.25678
2569.1592,45.25582
2569.3116,44.72894
2569.464,42.49002
2569.6164,41.16144
2569.7688,40.49168
2569.9212,40.48134
2570.0736,41.21268
2570.226,41.83242
2570.3784,41.67021
2570.5308,42.36524
2570.6832,44.404
2570.8356,46.24305
2570.988,47.94021
2571.1404,47.70934
2571.2928,46.04006
2571.4452,44.84843
2571.5976,43.97725
2571.75,43.26178
2571.9024,43.42041
2572.0548,44.56137
2572.2072,45.22999
2572.3596,45.31886
2572.512,45.10394
2572.6644,44.75724
2572.8168,44.43401
2572.9692,44.09796
2573.1216,45.28917
2573.274,46.80276
2573.4264,46.73835
2573.5788,45.92001
2573.7312,44.76728
2573.8836,42.66486
2574.036,40.28214
2574.1884,37.23428
2574.3408,38.40389
2574.4932,38.11508
2574.6456,37.19797
2574.798,37.0865
2574.9504,37.46115
2575.1028,38.78088
2575.2552,40.26574
2575.4076,41.00199
2575.56,40.73546
2575.7124,41.66747
2575.8648,43.58618
2576.0172,44.33859
2576.1696,44.60316
2576.322,43.9895
2576.4744,42.66781
2576.6268,43.17175
2576.7792,42.68944
2576.9316,41.92323
2577.084,41.47639
2577.2364,42.61876
2577.3888,43.67987
2577.5412,44.18481
2577.6936,45.44322
2577.846,46.61248
2577.9984,47.221
2578.1508,46.87328
2578.3032,45.30798
2578.4556,43.47318
2578.608,43.31799
2578.7604,42.48321
2578.9128,40.47069
2579.0652,38.54704
2579.2176,38.51604
2579.37,39.48615
2579.5224,37.98536
2579.6748,36.65318
2579.8272,36.33408
2579.9796,36.29099
2580.132,37.71521
2580.2844,40.09396
2580.4368,40.52808
2580.5892,40.37577
2580.7416,40.49068
2580.894,41.08855
2581.0464,41.35254
2581.1988,40.46866
2581.3512,37.74932
2581.5036,36.1382
2581.656,36.16867
2581.8084,37.23656
2581.9608,38.19551
2582.1132,38.79359
2582.2656,38.91101
2582.418,38.86362
2582.5704,38.68952
2582.7228,38.78267
2582.8752,40.17354
2583.0276,41.79627
2583.18,42.15551
2583.3324,40.26418
2583.4848,39.23141
2583.6372,38.73378
2583.7896,38.45409
2583.942,38.91753
2584.0944,40.9892
2584.2468,43.48545
2584.3992,45.64405
2584.5516,47.53181
2584.704,48.01173
2584.8564,47.51566
2585.0088,45.31184
2585.1612,44.80464
2585.3136,44.48199
2585.466,44.00221
2585.6184,43.0759
2585.7708,41.49403
2585.9232,39.52158
2586.0756,37.61271
2586.228,35.92358
2586.3804,35.38204
2586.5328,35.99873
2586.6852,37.21692
2586.8376,38.72946
2586.99,40.00633
2587.1424,40.84031
2587.2948,40.60473
2587.4472,38.98593
2587.5996,36.809
2587.752,37.04655
2587.9044,39.14989
2588.0568,40.14227
2588.2092,39.28906
2588.3616,36.40659
2588.514,35.89263
2588.6664,36.67033
2588.8188,37.74333
2588.9712,38.12868
2589.1236,37.65134
2589.276,38.2617
2589.4284,41.07308
2589.5808,43.31264
2589.7332,44.33721
2589.8856,42.63145
2590.038,43.3698
2590.1904,44.69948
2590.3428,45.26303
2590.4952,41.52855
2590.6476,38.65852
2590.8,36.67682
2590.9524,36.15509
2591.1048,36.5304
2591.2572,37.32617
2591.4096,38.15985
2591.562,38.85226
2591.7144,40.41214
2591.8668,42.16504
2592.0192,39.97369
2592.1716,37.72287
2592.324,36.29068
2592.4764,35.83472
2592.6288,35.37915
2592.7812,35.60916
2592.9336,37.05606
2593.086,38.90802
2593.2384,40.35452
2593.3908,41.43353
2593.5432,42.12473
2593.6956,42.58597
2593.848,43.22195
2594.0004,43.33234
2594.1528,42.29694
2594.3052,42.21677
2594.4576,42.45679
2594.61,41.8205
2594.7624,41.2084
2594.9148,41.55698
2595.0672,41.8287
2595.2196,41.38327
2595.372,39.46136
2595.5244,37.41071
2595.6768,35.74396
2595.8292,35.36465
2595.9816,37.31586
2596.134,38.99905
2596.2864,39.89349
2596.4388,39.6286
2596.5912,37.66821
2596.7436,35.75415
2596.896,36.60849
2597.0484,38.12482
2597.2008,39.34467
2597.3532,39.04019
2597.5056,38.08047
2597.658,38.37643
2597.8104,40.08084
2597.9628,42.18854
2598.1152,43.75034
2598.2676,44.0592
2598.42,42.69693
2598.5724,41.48376
2598.7248,40.79349
2598.8772,40.65176
2599.0296,42.09906
2599.182,43.1283
2599.3344,41.39197
2599.4868,39.31616
2599.6392,38.08591
2599.7916,37.32422
2599.944,38.95096
2600.0964,41.92755
2600.2488,43.71552
2600.4012,43.7446
2600.5536,42.24124
2600.706,40.66904
2600.8584,39.70953
2601.0108,40.53159
2601.1632,41.9946
2601.3156,42.37006
2601.468,40.80167
2601.6204,40.70993
2601.7728,41.20386
2601.9252,41.87903
2602.0776,41.08731
2602.23,40.06952
2602.3824,39.30621
2602.5348,39.02924
2602.6872,39.91919
2602.8396,41.63785
2602.992,41.3978
2603.1444,40.69189
2603.2968,41.5451
2603.4492,41.42026
2603.6016,40.41315
2603.754,39.75436
2603.9064,40.95227
2604.0588,42.49652
2604.2112,42.19159
2604.3636,41.88614
2604.516,42.01675
2604.6684,41.18961
2604.8208,41.04257
2604.9732,41.16318
2605.1256,40.62057
2605.278,39.86172
2605.4304,40.82419
2605.5828,42.14209
2605.7352,42.80002
2605.8876,43.25626
2606.04,44.50732
2606.1924,46.21259
2606.3448,46.08487
2606.4972,45.04947
2606.6496,45.69095
2606.802,47.41565
2606.9544,47.66434
2607.1068,46.18082
2607.2592,44.35727
2607.4116,42.72894
2607.564,43.76877
2607.7164,43.84912
2607.8688,42.6655
2608.0212,41.69278
2608.1736,41.50986
2608.326,42.15353
2608.4784,42.87839
2608.6308,43.33279
2608.7832,43.76901
2608.9356,44.66058
2609.088,46.26282
2609.2404,47.81094
2609.3928,48.29059
2609.5452,47.67557
2609.6976,46.83737
2609.85,46.04691
2610.0024,45.28708
2610.1548,45.10904
2610.3072,45.2804
2610.4596,44.00647
2610.612,42.5405
2610.7644,42.05093
2610.9168,41.98898
2611.0692,42.8436
2611.2216,43.09937
2611.374,41.97165
2611.5264,42.06638
2611.6788,43.31662
2611.8312,44.51215
2611.9836,45.4928
2612.136,46.24878
2612.2884,46.83939
2612.4408,47.04767
2612.5932,46.82678
2612.7456,46.70505
2612.898,47.22498
2613.0504,47.82904
2613.2028,47.86917
2613.3552,48.25919
2613.5076,47.95255
2613.66,46.78506
2613.8124,46.74548
2613.9648,47.31982
2614.1172,47.5585
2614.2696,47.38815
2614.422,47.35825
2614.5744,47.47736
2614.7268,47.42514
2614.8792,46.78381
2615.0316,45.0369
2615.184,42.9458
2615.3364,41.65997
2615.4888,41.14465
2615.6412,41.267
2615.7936,41.51483
2615.946,42.50912
2616.0984,44.37335
2616.2508,46.49939
2616.4032,48.32907
2616.5556,49.83435
2616.708,50.1423
2616.8604,47.78558
2617.0128,45.53409
2617.1652,44.66818
2617.3176,44.72556
2617.47,46.23721
2617.6224,46.63611
2617.7748,44.73969
2617.9272,42.98001
2618.0796,41.76212
2618.232,41.70868
2618.3844,43.99832
2618.5368,45.97961
2618.6892,46.2345
2618.8416,45.50165
2618.994,45.8779
2619.1464,47.62338
2619.2988,49.32996
2619.4512,50.77985
2619.6036,50.91336
2619.756,50.92148
2619.9084,50.88831
2620.0608,50.76471
2620.2132,51.38284
2620.3656,52.05634
2620.518,52.5719
2620.6704,50.88037
2620.8228,48.93707
2620.9752,49.98495
2621.1276,50.3551
2621.28,49.28302
2621.4324,49.43793
2621.5848,46.25845
2621.7372,45.22375
2621.8896,45.39648
2622.042,46.13834
2622.1944,46.57916
2622.3468,45.53809
2622.4992,44.41791
2622.6516,43.94321
2622.804,44.62839
2622.9564,45.7056
2623.1088,45.86481
2623.2612,46.56442
2623.4136,48.42358
2623.566,49.95227
2623.7184,50.71188
2623.8708,50.03317
2624.0232,49.11707
2624.1756,48.21051
2624.328,47.55923
2624.4804,47.03247
2624.6328,47.14383
2624.7852,48.90387
2624.9376,50.06284
2625.09,49.54431
2625.2424,48.97406
2625.3948,48.47018
2625.5472,48.57401
2625.6996,48.92966
2625.852,50.3226
2626.0044,51.69119
2626.1568,53.01535
2626.3092,54.05103
2626.4616,54.73935
2626.614,54.90421
2626.7664,54.5282
2626.9188,52.91547
2627.0712,51.26138
2627.2236,50.91431
2627.376,51.64285
2627.5284,51.90381
2627.6808,51.2673
2627.8332,49.90564
2627.9856,48.60046
2628.138,47.65286
2628.2904,46.86655
2628.4428,46.99686
2628.5952,47.40121
2628.7476,47.80566
2628.9,47.56796
2629.0524,50.89334
2629.2048,51.2608
2629.3572,50.1051
2629.5096,49.96597
2629.662,51.34009
2629.8144,53.02301
2629.9668,52.76163
2630.1192,51.34674
2630.2716,50.35663
2630.424,50.11099
2630.5764,50.25449
2630.7288,50.73703
2630.8812,51.00916
2631.0336,50.89673
2631.186,49.98859
2631.3384,48.06168
2631.4908,45.66107
2631.6432,43.85117
2631.7956,43.12833
2631.948,44.37143
2632.1004,46.31354
2632.2528,48.45984
2632.4052,49.62808
2632.5576,48.66013
2632.71,47.1423
2632.8624,46.98151
2633.0148,48.60779
2633.1672,50.94611
2633.3196,53.04242
2633.472,55.26791
2633.6244,57.43103
2633.7768,57.78909
2633.9292,54.70755
2634.0816,51.33694
2634.234,53.27423
2634.3864,54.89267
2634.5388,53.44846
2634.6912,51.54752
2634.8436,49.95691
2634.996,51.45966
2635.1484,53.49854
2635.3008,54.50784
2635.4532,54.19418
2635.6056,54.22046
2635.758,54.83304
2635.9104,55.4166
2636.0628,54.39029
2636.2152,52.98184
2636.3676,52.46536
2636.52,52.79776
2636.6724,53.89154
2636.8248,54.81622
2636.9772,55.08743
2637.1296,55.44119
2637.282,56.49963
2637.4344,57.52121
2637.5868,58.53012
2637.7392,57.1904
2637.8916,56.37521
2638.044,56.29175
2638.1964,54.85791
2638.3488,52.85388
2638.5012,51.90692
2638.6536,52.01727
2638.806,51.56064
2638.9584,50.45663
2639.1108,50.10989
2639.2632,50.82312
2639.4156,51.04874
2639.568,50.59402
2639.7204,50.25452
2639.8728,50.91037
2640.0252,53.37326
2640.1776,56.66107
2640.33,59.50806
2640.4824,60.07458
2640.6348,58.67203
2640.7872,58.2695
2640.9396,60.17136
2641.092,61.20804
2641.2444,59.70419
2641.3968,57.94183
2641.5492,57.37903
2641.7016,57.23666
2641.854,56.75046
2642.0064,55.84631
2642.1588,54.75134
2642.3112,54.44931
2642.4636,55.65869
2642.616,56.80209
2642.7684,55.94876
2642.9208,54.53656
2643.0732,53.49652
2643.2256,53.43378
2643.378,54.06998
2643.5304,54.30463
2643.6828,54.09595
2643.8352,54.54269
2643.9876,56.22131
2644.14,58.10422
2644.2924,59.88141
2644.4448,61.30655
2644.5972,61.29565
2644.7496,59.72864
2644.902,57.64053
2645.0544,55.48605
2645.2068,53.3757
2645.3592,51.8667
2645.5116,52.3215
2645.664,53.77112
2645.8164,54.3147
2645.9688,54.36118
2646.1212,54.35892
2646.2736,54.81839
2646.426,55.74683
2646.5784,56.32889
2646.7308,56.14706
2646.8832,55.19537
2647.0356,54.28992
2647.188,55.04843
2647.3404,55.76617
2647.4928,54.82202
2647.6452,54.90048
2647.7976,56.57599
2647.95,58.58502
2648.1024,59.6489
2648.2548,59.18973
2648.4072,57.63553
2648.5596,56.1507
2648.712,55.25064
2648.8644,55.58282
2649.0168,57.23364
2649.1692,58.62982
2649.3216,59.10995
2649.474,58.44052
2649.6264,56.9516
2649.7788,56.43668
2649.9312,55.94983
2650.0836,55.29092
2650.236,56.03809
2650.3884,58.03952
2650.5408,58.79401
2650.6932,58.79251
2650.8456,58.15833
2650.998,58.10229
2651.1504,59.07477
2651.3028,59.50363
2651.4552,59.91617
2651.6076,61.00745
2651.76,62.81406
2651.9124,64.51801
2652.0648,64.74103
2652.2172,63.59982
2652.3696,62.29526
2652.522,61.2934
2652.6744,61.30801
2652.8268,60.73746
2652.9792,59.77899
2653.1316,59.52805
2653.284,60.60077
2653.4364,64.20978
2653.5888,64.95789
2653.7412,65.65137
2653.8936,65.73535
2654.046,65.2077
2654.1984,63.97324
2654.3508,61.54828
2654.5032,59.39954
2654.6556,57.80573
2654.808,57.02271
2654.9604,58.21988
2655.1128,59.90225
2655.2652,59.38657
2655.4176,58.08954
2655.57,58.35944
2655.7224,59.27518
2655.8748,58.1254
2656.0272,57.9249
2656.1796,58.40607
2656.332,57.64038
2656.4844,57.21579
2656.6368,57.35666
2656.7892,56.767
2656.9416,55.36255
2657.094,54.08084
2657.2464,55.24057
2657.3988,55.01599
2657.5512,54.46463
2657.7036,53.2879
2657.856,52.08212
2658.0084,51.99451
2658.1608,52.05923
2658.3132,51.9968
2658.4656,51.57416
2658.618,56.18234
2658.7704,57.73511
2658.9228,56.81238
2659.0752,55.98285
2659.2276,56.32739
2659.38,58.06915
2659.5324,59.55695
2659.6848,58.61728
2659.8372,58.16223
2659.9896,59.73657
2660.142,61.0242
2660.2944,60.59436
2660.4468,59.67465
2660.5992,59.44049
2660.7516,60.25888
2660.904,59.87915
2661.0564,59.38394
2661.2088,60.72064
2661.3612,62.61624
2661.5136,63.44373
2661.666,63.9043
2661.8184,62.25137
2661.9708,59.84311
2662.1232,57.92233
2662.2756,56.42694
2662.428,55.96283
2662.5804,56.28305
2662.7328,56.83524
2662.8852,57.92899
2663.0376,58.26038
2663.19,58.60953
2663.3424,59.26306
2663.4948,60.08762
2663.6472,59.93027
2663.7996,57.38547
2663.952,55.20081
2664.1044,55.14484
2664.2568,56.33041
2664.4092,57.94162
2664.5616,60.05035
2664.714,62.05093
2664.8664,62.0293
2665.0188,61.5528
2665.1712,61.03717
2665.3236,62.20831
2665.476,61.41718
2665.6284,58.91125
2665.7808,56.63559
2665.9332,54.99188
2666.0856,53.94821
2666.238,53.62488
2666.3904,54.7666
2666.5428,56.26804
2666.6952,57.89423
2666.8476,60.07181
2667,60.71823
2667.1524,59.81541
2667.3048,59.3153
2667.4572,59.40874
2667.6096,58.65706
2667.762,57.07235
2667.9144,57.15427
2668.0668,57.17565
2668.2192,55.60742
2668.3716,54.88578
2668.524,55.62218
2668.6764,56.54578
2668.8288,57.2326
2668.9812,57.73184
2669.1336,58.16691
2669.286,57.47311
2669.4384,55.38184
2669.5908,53.06441
2669.7432,51.92794
2669.8956,53.45405
2670.048,54.65094
2670.2004,53.32606
2670.3528,52.26656
2670.5052,52.58155
2670.6576,53.91527
2670.81,54.96983
2670.9624,55.71343
2671.1148,55.8807
2671.2672,55.16311
2671.4196,53.74264
2671.572,52.74416
2671.7244,53.55339
2671.8768,54.4898
2672.0292,54.31516
2672.1816,53.59473
2672.334,53.01103
2672.4864,52.96973
2672.6388,53.49345
2672.7912,54.00635
2672.9436,54.81242
2673.096,55.75325
2673.2484,57.26972
2673.4008,58.06992
2673.5532,56.93742
2673.7056,54.54606
2673.858,53.02477
2674.0104,52.11811
2674.1628,54.00694
2674.3152,55.73273
2674.4676,56.48681
2674.62,55.81263
2674.7724,56.34891
2674.9248,56.13081
2675.0772,54.50062
2675.2296,52.97955
2675.382,52.04069
2675.5344,52.14837
2675.6868,54.04851
2675.8392,54.04512
2675.9916,53.38271
2676.144,52.82369
2676.2964,52.56887
2676.4488,52.38393
2676.6012,52.24885
2676.7536,52.10363
2676.906,51.91917
2677.0584,51.8084
2677.2108,51.86758
2677.3632,51.93806
2677.5156,52.6273
2677.668,56.34615
2677.8204,59.39394
2677.9728,58.70052
2678.1252,58.26486
2678.2776,58.4394
2678.43,57.80434
2678.5824,56.13102
2678.7348,55.04045
2678.8872,54.42743
2679.0396,53.33057
2679.192,52.22623
2679.3444,52.232
2679.4968,51.9231
2679.6492,53.25787
2679.8016,56.26319
2679.954,57.40607
2680.1064,54.84555
2680.2588,51.94794
2680.4112,51.83852
2680.5636,53.74555
2680.716,55.49332
2680.8684,55.4313
2681.0208,54.48316
2681.1732,51.74368
2681.3256,49.78374
2681.478,48.63929
2681.6304,49.71511
2681.7828,50.95856
2681.9352,50.95352
2682.0876,49.25818
2682.24,47.40087
2682.3924,46.21404
2682.5448,45.48592
2682.6972,45.94489
2682.8496,46.92559
2683.002,47.50531
2683.1544,46.92321
2683.3068,45.86535
2683.4592,46.03969
2683.6116,47.0209
2683.764,48.03857
2683.9164,48.63355
2684.0688,49.38791
2684.2212,51.52721
2684.3736,53.49177
2684.526,53.72414
2684.6784,53.28419
2684.8308,53.20442
2684.9832,53.92641
2685.1356,54.84515
2685.288,55.38737
2685.4404,55.61036
2685.5928,55.43629
2685.7452,54.83305
2685.8976,54.13665
2686.05,53.66017
2686.2024,53.5015
2686.3548,53.78455
2686.5072,54.81981
2686.6596,56.4235
2686.812,57.99773
2686.9644,59.17577
2687.1168,59.94825
2687.2692,59.76972
2687.4216,58.33425
2687.574,56.61758
2687.7264,55.10814
2687.8788,53.92709
2688.0312,53.1901
2688.1836,53.34506
2688.336,54.07516
2688.4884,55.21255
2688.6408,56.3839
2688.7932,57.10993
2688.9456,56.89706
2689.098,55.89594
2689.2504,54.60529
2689.4028,53.6239
2689.5552,54.16837
2689.7076,54.58254
2689.86,52.08541
2690.0124,47.04013
2690.1648,46.89401
2690.3172,46.99463
2690.4696,47.87743
2690.622,49.03588
2690.7744,50.68022
2690.9268,51.0069
2691.0792,51.19196
2691.2316,51.49443
2691.384,52.31789
2691.5364,54.33932
2691.6888,56.76492
2691.8412,56.68394
2691.9936,52.34917
2692.146,54.23997
2692.2984,56.62994
2692.4508,56.29345
2692.6032,53.36733
2692.7556,45.45916
2692.908,45.55961
2693.0604,44.65289
2693.2128,42.22062
2693.3652,39.29462
2693.5176,38.08804
2693.67,38.10346
2693.8224,38.45246
2693.9748,38.90757
2694.1272,39.81492
2694.2796,41.20313
2694.432,42.88382
2694.5844,44.06995
2694.7368,43.3427
2694.8892,43.15043
2695.0416,43.25271
2695.194,42.06282
2695.3464,40.38421
2695.4988,38.94671
2695.6512,39.12175
2695.8036,41.11945
2695.956,42.98226
2696.1084,42.57246
2696.2608,41.05696
2696.4132,39.88956
2696.5656,40.69672
2696.718,42.04109
2696.8704,41.395
2697.0228,39.869
2697.1752,38.51586
2697.3276,37.67974
2697.48,36.59533
2697.6324,38.38267
2697.7848,40.30747
2697.9372,41.12383
2698.0896,41.29895
2698.242,41.19467
2698.3944,41.05521
2698.5468,40.96763
2698.6992,41.49538
2698.8516,42.23059
2699.004,42.14349
2699.1564,40.74044
2699.3088,38.67152
2699.4612,38.22166
2699.6136,38.30651
2699.766,37.22156
2699.9184,35.50356
2700.0708,33.404
2700.2232,31.58111
2700.3756,29.88283
2700.528,28.54112
2700.6804,28.2112
2700.8328,29.18421
2700.9852,30.61515
2701.1376,31.998
2701.29,32.48679
2701.4424,31.99985
2701.5948,32.47334
2701.7472,35.20605
2701.8996,37.53394
2702.052,38.02875
2702.2044,37.75459
2702.3568,37.35264
2702.5092,36.97784
2702.6616,37.30394
2702.814,38.88184
2702.9664,41.20524
2703.1188,41.17322
2703.2712,39.8679
2703.4236,38.36331
2703.576,37.07245
2703.7284,35.99532
2703.8808,35.09402
2704.0332,34.20251
2704.1856,33.25602
2704.338,33.81435
2704.4904,40.42638
2704.6428,45.64
2704.7952,47.48049
2704.9476,47.39685
2705.1,47.51604
2705.2524,57.99096
2705.4048,63.34241
2705.5572,65.93767
2705.7096,65.18826
2705.862,65.40691
2706.0144,65.5132
2706.1668,62.67119
2706.3192,58.31728
2706.4716,54.79856
2706.624,52.39265
2706.7764,51.5626
2706.9288,52.12601
2707.0812,53.73568
2707.2336,56.68913
2707.386,59.69044
2707.5384,60.80606
2707.6908,61.81005
2707.8432,63.4455
2707.9956,64.99396
2708.148,65.77026
2708.3004,66.42299
2708.4528,66.99979
2708.6052,67.5591
2708.7576,68.14272
2708.91,67.15779
2709.0624,65.20576
2709.2148,64.08446
2709.3672,65.26732
2709.5196,66.24559
2709.672,64.79378
2709.8244,63.00731
2709.9768,61.16719
2710.1292,60.58405
2710.2816,61.94234
2710.434,63.61191
2710.5864,63.43228
2710.7388,60.72752
2710.8912,57.45305
2711.0436,55.84958
2711.196,55.0845
2711.3484,54.94615
2711.5008,55.05621
2711.6532,55.99006
2711.8056,57.85839
2711.958,59.86191
2712.1104,61.38567
2712.2628,61.9576
2712.4152,61.23897
2712.5676,60.21323
2712.72,60.94251
2712.8724,62.35707
2713.0248,62.12453
2713.1772,62.67894
2713.3296,63.43433
2713.482,62.76679
2713.6344,59.30289
2713.7868,55.34755
2713.9392,55.81665
2714.0916,57.14713
2714.244,57.10234
2714.3964,55.95532
2714.5488,55.78291
2714.7012,57.52406
2714.8536,59.78804
2715.006,61.25617
2715.1584,62.39433
2715.3108,63.49749
2715.4632,63.10488
2715.6156,61.12838
2715.768,58.80176
2715.9204,57.67685
2716.0728,58.81747
2716.2252,60.04625
2716.3776,59.1518
2716.53,57.0994
2716.6824,54.91821
2716.8348,53.70493
2716.9872,53.33932
2717.1396,54.90878
2717.292,57.89613
2717.4444,59.669
2717.5968,59.34815
2717.7492,58.0677
2717.9016,56.68307
2718.054,57.00316
2718.2064,57.32298
2718.3588,56.5382
2718.5112,55.81176
2718.6636,56.23506
2718.816,55.99632
2718.9684,55.26156
2719.1208,54.33363
2719.2732,53.38482
2719.4256,53.6932
2719.578,54.23721
2719.7304,50.85405
2719.8828,51.93742
2720.0352,50.923
2720.1876,49.30613
2720.34,50.26534
2720.4924,51.52889
2720.6448,51.99178
2720.7972,51.75546
2720.9496,51.5813
2721.102,51.79825
2721.2544,52.65577
2721.4068,55.24108
2721.5592,58.21042
2721.7116,58.99785
2721.864,57.73914
2722.0164,56.13286
2722.1688,53.99081
2722.3212,52.28994
2722.4736,50.53212
2722.626,50.26914
2722.7784,50.35841
2722.9308,50.67407
2723.0832,51.18266
2723.2356,52.06916
2723.388,52.78954
2723.5404,52.09913
2723.6928,50.83306
2723.8452,50.80563
2723.9976,52.09846
2724.15,53.85016
2724.3024,55.71929
2724.4548,57.12271
2724.6072,57.52787
2724.7596,57.6591
2724.912,58.4925
2725.0644,60.38028
2725.2168,60.83742
2725.3692,60.4681
2725.5216,60.69308
2725.674,61.92462
2725.8264,62.80524
2725.9788,61.79125
2726.1312,60.50507
2726.2836,60.13626
2726.436,60.27029
2726.5884,60.14611
2726.7408,59.57367
2726.8932,58.79213
2727.0456,57.59685
2727.198,56.43446
2727.3504,57.36182
2727.5028,58.7718
2727.6552,59.07749
2727.8076,57.91194
2727.96,56.88836
2728.1124,56.05662
2728.2648,55.75903
2728.4172,56.49486
2728.5696,58.09964
2728.722,59.11558
2728.8744,59.21307
2729.0268,57.84392
2729.1792,56.64274
2729.3316,55.48377
2729.484,55.23737
2729.6364,59.30188
2729.7888,62.4588
2729.9412,63.72766
2730.0936,63.14323
2730.246,61.71606
2730.3984,60.27963
2730.5508,58.77633
2730.7032,57.86601
2730.8556,59.86819
2731.008,61.5807
2731.1604,63.1228
2731.3128,64.12544
2731.4652,62.65786
2731.6176,61.1739
2731.77,60.28475
2731.9224,58.25687
2732.0748,57.07231
2732.2272,57.44675
2732.3796,57.98828
2732.532,58.22646
2732.6844,58.64337
2732.8368,58.85496
2732.9892,58.24577
2733.1416,57.63879
2733.294,57.05721
2733.4464,56.53734
2733.5988,55.77431
2733.7512,55.21935
2733.9036,56.22247
2734.056,57.54346
2734.2084,58.7058
2734.3608,59.21635
2734.5132,59.21661
2734.6656,58.90231
2734.818,58.70717
2734.9704,59.09278
2735.1228,59.54704
2735.2752,59.53595
2735.4276,59.61391
2735.58,60.37734
2735.7324,61.74405
2735.8848,62.95665
2736.0372,63.98312
2736.1896,64.86729
2736.342,65.75388
2736.4944,64.71634
2736.6468,63.2637
2736.7992,61.82642
2736.9516,60.65227
2737.104,60.01361
2737.2564,61.39971
2737.4088,62.73987
2737.5612,63.94482
2737.7136,64.04904
2737.866,62.84993
2738.0184,60.76177
2738.1708,56.58772
2738.3232,57.25946
2738.4756,58.44213
2738.628,58.86796
2738.7804,57.94092
2738.9328,56.79166
2739.0852,55.99395
2739.2376,55.81393
2739.39,56.55023
2739.5424,57.59418
2739.6948,58.90182
2739.8472,61.18227
2739.9996,63.47612
2740.152,64.61537
2740.3044,65.30373
2740.4568,65.06706
2740.6092,63.80508
2740.7616,62.59725
2740.914,61.42317
2741.0664,60.64754
2741.2188,62.05283
2741.3712,63.7966
2741.5236,64.13087
2741.676,63.28342
2741.8284,62.1468
2741.9808,61.13261
2742.1332,60.41444
2742.2856,61.54672
2742.438,61.1002
2742.5904,60.01168
2742.7428,60.25087
2742.8952,60.59156
2743.0476,59.68616
2743.2,58.1218
2743.3524,58.19391
2743.5048,57.67862
2743.6572,56.98599
2743.8096,56.64072
2743.962,56.42279
2744.1144,56.91772
2744.2668,56.35767
2744.4192,55.36322
2744.5716,53.89935
2744.724,53.70181
2744.8764,53.64255
2745.0288,53.55435
2745.1812,53.22635
2745.3336,52.77716
2745.486,53.72705
2745.6384,55.38257
2745.7908,54.91284
2745.9432,54.03592
2746.0956,53.12897
2746.248,53.83734
2746.4004,53.95975
2746.5528,53.76135
2746.7052,53.51208
2746.8576,54.15308
2747.01,54.61261
2747.1624,55.54816
2747.3148,57.17422
2747.4672,58.65518
2747.6196,59.04596
2747.772,59.02924
2747.9244,59.02585
2748.0768,59.04056
2748.2292,59.07367
2748.3816,59.13565
2748.534,59.27884
2748.6864,59.45386
2748.8388,59.64752
2748.9912,59.72375
2749.1436,58.95691
2749.296,56.06509
2749.4484,54.89752
2749.6008,54.26031
2749.7532,53.73456
2749.9056,53.84238
2750.058,54.21268
2750.2104,54.53751
2750.3628,54.02115
2750.5152,52.32327
2750.6676,50.79663
2750.82,50.53268
2750.9724,50.90839
2751.1248,51.53619
2751.2772,53.07153
2751.4296,54.50891
2751.582,54.93143
2751.7344,55.19379
2751.8868,55.66534
2752.0392,56.29715
2752.1916,57.09113
2752.344,58.32059
2752.4964,59.93195
2752.6488,61.64063
2752.8012,62.74515
2752.9536,63.11417
2753.106,62.92593
2753.2584,62.86581
2753.4108,63.02692
2753.5632,63.55667
2753.7156,64.75568
2753.868,66.15558
2754.0204,66.92773
2754.1728,66.39197
2754.3252,64.3949
2754.4776,62.20865
2754.63,61.27289
2754.7824,61.1405
2754.9348,60.90103
2755.0872,61.48846
2755.2396,62.95294
2755.392,63.80362
2755.5444,63.61243
2755.6968,62.46545
2755.8492,60.94217
2756.0016,58.73013
2756.154,59.50641
2756.3064,62.38226
2756.4588,63.6207
2756.6112,63.50104
2756.7636,61.43088
2756.916,58.7514
2757.0684,56.81808
2757.2208,55.90561
2757.3732,56.42224
2757.5256,58.31839
2757.678,60.30438
2757.8304,61.72098
2757.9828,62.8522
2758.1352,62.64505
2758.2876,61.37006
2758.44,60.26041
2758.5924,59.79843
2758.7448,59.30145
2758.8972,58.22485
2759.0496,56.95056
2759.202,55.69406
2759.3544,54.46606
2759.5068,52.68353
2759.6592,50.7699
2759.8116,51.9263
2759.964,54.83377
2760.1164,57.22968
2760.2688,59.05295
2760.4212,60.21768
2760.5736,60.79248
2760.726,60.74609
2760.8784,59.90451
2761.0308,58.61819
2761.1832,57.32553
2761.3356,56.34247
2761.488,55.51297
2761.6404,54.53931
2761.7928,54.54987
2761.9452,55.47641
2762.0976,56.21649
2762.25,56.19363
2762.4024,55.70218
2762.5548,55.11285
2762.7072,54.61932
2762.8596,54.29718
2763.012,54.31848
2763.1644,54.61005
2763.3168,55.19547
2763.4692,56.1723
2763.6216,57.06876
2763.774,57.13864
2763.9264,56.81107
2764.0788,56.38007
2764.2312,56.47751
2764.3836,57.1611
2764.536,58.15543
2764.6884,59.09705
2764.8408,59.6669
2764.9932,59.89719
2765.1456,60.59344
2765.298,61.40793
2765.4504,60.84921
2765.6028,59.69412
2765.7552,58.74356
2765.9076,58.5798
2766.06,58.66757
2766.2124,58.74173
2766.3648,58.60672
2766.5172,58.04785
2766.6696,56.62357
2766.822,56.06879
2766.9744,56.79697
2767.1268,57.46991
2767.2792,57.97961
2767.4316,56.92139
2767.584,54.63959
2767.7364,52.83942
2767.8888,51.3143
2768.0412,51.70831
2768.1936,53.7623
2768.346,55.58905
2768.4984,51.67844
2768.6508,48.97397
2768.8032,47.7074
2768.9556,46.75937
2769.108,46.39288
2769.2604,47.36606
2769.4128,49.49741
2769.5652,51.79181
2769.7176,53.85828
2769.87,55.23383
2770.0224,55.13873
2770.1748,53.68045
2770.3272,52.05392
2770.4796,50.5195
2770.632,49.17493
2770.7844,47.9248
2770.9368,46.90134
2771.0892,48.67404
2771.2416,51.31778
2771.394,52.47406
2771.5464,52.60828
2771.6988,52.42688
2771.8512,50.99063
2772.0036,48.09192
2772.156,48.46765
2772.3084,49.54758
2772.4608,48.98682
2772.6132,47.70551
2772.7656,48.26694
2772.918,49.82254
2773.0704,50.29291
2773.2228,49.44254
2773.3752,48.02078
2773.5276,48.7128
2773.68,50.14609
2773.8324,50.84763
2773.9848,50.44431
2774.1372,49.40402
2774.2896,48.48581
2774.442,49.55499
2774.5944,49.58203
2774.7468,49.53098
2774.8992,50.48511
2775.0516,51.73822
2775.204,53.14767
2775.3564,54.14737
2775.5088,55.05081
2775.6612,55.59641
2775.8136,54.81708
2775.966,54.58618
2776.1184,54.71912
2776.2708,52.77533
2776.4232,51.17822
2776.5756,51.77887
2776.728,52.33966
2776.8804,51.93292
2777.0328,51.36279
2777.1852,51.58664
2777.3376,52.56812
2777.49,52.05383
2777.6424,51.41031
2777.7948,52.12839
2777.9472,52.60907
2778.0996,52.85614
2778.252,52.81598
2778.4044,52.37173
2778.5568,51.52328
2778.7092,50.61682
2778.8616,50.25494
2779.014,50.69321
2779.1664,51.30832
2779.3188,52.34039
2779.4712,53.73325
2779.6236,54.59348
2779.776,54.48624
2779.9284,54.18124
2780.0808,53.98502
2780.2332,52.96472
2780.3856,50.94263
2780.538,47.64474
2780.6904,46.22784
2780.8428,46.27448
2780.9952,47.10938
2781.1476,48.76157
2781.3,50.6738
2781.4524,51.21078
2781.6048,51.28003
2781.7572,51.34457
2781.9096,50.53113
2782.062,48.79099
2782.2144,47.20975
2782.3668,45.9209
2782.5192,45.01486
2782.6716,44.77393
2782.824,46.44833
2782.9764,48.53455
2783.1288,49.96823
2783.2812,50.00607
2783.4336,48.86395
2783.586,47.60223
2783.7384,50.16031
2783.8908,52.08936
2784.0432,52.0621
2784.1956,51.30127
2784.348,51.54285
2784.5004,52.17664
2784.6528,52.67307
2784.8052,52.73563
2784.9576,52.74719
2785.11,52.19312
2785.2624,50.84473
2785.4148,49.45242
2785.5672,49.15628
2785.7196,49.17505
2785.872,49.60132
2786.0244,50.50089
2786.1768,51.23288
2786.3292,51.80933
2786.4816,51.85342
2786.634,50.82803
2786.7864,49.31488
2786.9388,48.9024
2787.0912,49.50421
2787.2436,49.24298
2787.396,49.46121
2787.5484,50.50046
2787.7008,51.54135
2787.8532,52.92316
2788.0056,54.12939
2788.158,54.27481
2788.3104,53.97217
2788.4628,53.04532
2788.6152,51.82941
2788.7676,50.81635
2788.92,50.09732
2789.0724,50.43106
2789.2248,51.91525
2789.3772,52.64114
2789.5296,52.09753
2789.682,51.61099
2789.8344,52.66205
2789.9868,55.14993
2790.1392,57.34851
2790.2916,58.78662
2790.444,58.28104
2790.5964,56.23093
2790.7488,55.13696
2790.9012,54.79175
2791.0536,54.24094
2791.206,53.88513
2791.3584,54.71338
2791.5108,54.33832
2791.6632,52.69846
2791.8156,51.52948
2791.968,52.15784
2792.1204,53.97729
2792.2728,55.09897
2792.4252,54.62012
2792.5776,54.99777
2792.73,56.03717
2792.8824,54.52289
2793.0348,52.63086
2793.1872,51.54456
2793.3396,49.79919
2793.492,47.53293
2793.6444,45.49747
2793.7968,43.62808
2793.9492,42.30246
2794.1016,41.53119
2794.254,42.29553
2794.4064,44.44095
2794.5588,46.4509
2794.7112,48.48495
2794.8636,48.78714
2795.016,47.44324
2795.1684,46.25183
2795.3208,45.45078
2795.4732,45.00513
2795.6256,44.72659
2795.778,44.58344
2795.9304,44.57037
2796.0828,44.66135
2796.2352,44.86337
2796.3876,45.19418
2796.54,45.41367
2796.6924,45.90912
2796.8448,45.1113
2796.9972,44.65698
2797.1496,45.70328
2797.302,46.10522
2797.4544,45.01492
2797.6068,43.16257
2797.7592,42.82544
2797.9116,44.34399
2798.064,45.5318
2798.2164,45.43604
2798.3688,44.8486
2798.5212,45.20514
2798.6736,46.23743
2798.826,46.59442
2798.9784,46.83496
2799.1308,47.5618
2799.2832,48.04449
2799.4356,47.5029
2799.588,46.08545
2799.7404,44.35785
2799.8928,42.51419
2800.0452,41.72946
2800.1976,42.44846
2800.35,43.7196
2800.5024,44.80365
2800.6548,45.18033
2800.8072,44.80344
2800.9596,44.27789
2801.112,43.71957
2801.2644,44.04373
2801.4168,45.75568
2801.5692,47.83771
2801.7216,50.18951
2801.874,52.15286
2802.0264,53.83667
2802.1788,54.90808
2802.3312,53.77283
2802.4836,52.09714
2802.636,51.32925
2802.7884,51.81372
2802.9408,51.07736
2803.0932,49.41254
2803.2456,47.7034
2803.398,45.96323
2803.5504,44.19406
2803.7028,44.54337
2803.8552,45.79996
2804.0076,46.84766
2804.16,47.74567
2804.3124,47.20258
2804.4648,46.9859
2804.6172,47.39081
2804.7696,47.88474
2804.922,48.52188
2805.0744,49.39645
2805.2268,50.3757
2805.3792,50.70734
2805.5316,50.25195
2805.684,49.58151
2805.8364,48.18127
2805.9888,47.84329
2806.1412,48.78992
2806.2936,47.75748
2806.446,46.1575
2806.5984,44.91904
2806.7508,44.2226
2806.9032,44.18591
2807.0556,44.62674
2807.208,45.84366
2807.3604,47.55344
2807.5128,49.04901
2807.6652,49.99985
2807.8176,49.27319
2807.97,47.82782
2808.1224,46.241
2808.2748,45.18289
2808.4272,45.61517
2808.5796,47.13986
2808.732,48.60269
2808.8844,48.94122
2809.0368,48.94659
2809.1892,49.00488
2809.3416,49.18884
2809.494,50.14853
2809.6464,51.44263
2809.7988,50.53644
2809.9512,48.9696
2810.1036,47.80389
2810.256,47.09039
2810.4084,47.05405
2810.5608,47.21555
2810.7132,47.10486
2810.8656,47.12878
2811.018,47.5921
2811.1704,48.45016
2811.3228,49.54123
2811.4752,49.67133
2811.6276,49.19409
2811.78,48.58344
2811.9324,47.69037
2812.0848,46.70651
2812.2372,46.12692
2812.3896,46.00421
2812.542,46.47461
2812.6944,46.7692
2812.8468,46.65274
2812.9992,46.16077
2813.1516,45.71423
2813.304,45.70883
2813.4564,46.22491
2813.6088,46.95239
2813.7612,47.86624
2813.9136,47.76666
2814.066,46.95584
2814.2184,46.42401
2814.3708,46.2998
2814.5232,46.38641
2814.6756,46.29135
2814.828,45.83542
2814.9804,44.7103
2815.1328,42.82132
2815.2852,40.36151
2815.4376,39.2038
2815.59,39.59106
2815.7424,40.6214
2815.8948,41.18268
2816.0472,40.27982
2816.1996,40.00504
2816.352,40.38632
2816.5044,41.28656
2816.6568,42.17712
2816.8092,42.66431
2816.9616,42.4827
2817.114,42.3714
2817.2664,42.85376
2817.4188,43.39948
2817.5712,43.5795
2817.7236,43.19568
2817.876,42.76431
2818.0284,42.35001
2818.1808,41.38058
2818.3332,41.16168
2818.4856,41.14163
2818.638,42.79391
2818.7904,45.51865
2818.9428,48.46936
2819.0952,51.95435
2819.2476,51.02695
2819.4,48.94663
2819.5524,47.08263
2819.7048,46.92799
2819.8572,47.24525
2820.0096,46.14985
2820.162,45.21918
2820.3144,44.74202
2820.4668,45.54796
2820.6192,46.68294
2820.7716,47.71678
2820.924,47.84122
2821.0764,47.36125
2821.2288,46.42452
2821.3812,44.98164
2821.5336,43.851
2821.686,43.33284
2821.8384,44.00182
2821.9908,43.96472
2822.1432,43.48917
2822.2956,43.02707
2822.448,42.88948
2822.6004,43.10278
2822.7528,43.49714
2822.9052,43.83199
2823.0576,43.95859
2823.21,43.59187
2823.3624,42.36676
2823.5148,42.47357
2823.6672,44.09701
2823.8196,44.9352
2823.972,43.85041
2824.1244,43.46255
2824.2768,44.95263
2824.4292,45.96941
2824.5816,44.48359
2824.734,42.97665
2824.8864,41.32032
2825.0388,40.32177
2825.1912,40.89535
2825.3436,41.59671
2825.496,41.56269
2825.6484,40.76413
2825.8008,39.65709
2825.9532,38.73471
2826.1056,37.82658
2826.258,36.98267
2826.4104,36.13876
2826.5628,35.3851
2826.7152,34.69676
2826.8676,34.00843
2827.02,33.41048
2827.1724,32.93211
2827.3248,33.37015
2827.4772,34.91363
2827.6296,36.41253
2827.782,37.52161
2827.9344,37.49742
2828.0868,37.009
2828.2392,37.83479
2828.3916,40.06792
2828.544,42.72518
2828.6964,43.80943
2828.8488,42.49156
2829.0012,41.38205
2829.1536,41.28362
2829.306,42.23537
2829.4584,43.54664
2829.6108,44.96954
2829.7632,45.27261
2829.9156,43.5797
2830.068,42.12202
2830.2204,41.30167
2830.3728,43.03607
2830.5252,44.32667
2830.6776,44.1395
2830.83,42.95764
2830.9824,42.38562
2831.1348,42.93282
2831.2872,43.40548
2831.4396,42.87309
2831.592,41.37067
2831.7444,39.62978
2831.8968,38.78843
2832.0492,38.85506
2832.2016,39.2465
2832.354,39.76273
2832.5064,40.68024
2832.6588,42.44677
2832.8112,43.62391
2832.9636,43.37102
2833.116,41.80074
2833.2684,39.69678
2833.4208,38.86526
2833.5732,38.74594
2833.7256,39.46587
2833.878,40.40993
2834.0304,41.20985
2834.1828,41.56973
2834.3352,40.54978
2834.4876,39.78258
2834.64,39.88361
2834.7924,40.87612
2834.9448,41.11612
2835.0972,40.75673
2835.2496,39.80708
2835.402,38.29327
2835.5544,36.98387
2835.7068,36.26567
2835.8592,36.38416
2836.0116,36.7802
2836.164,37.10928
2836.3164,37.24403
2836.4688,37.56001
2836.6212,38.13312
2836.7736,38.75427
2836.926,39.2849
2837.0784,39.69709
2837.2308,38.94549
2837.3832,37.43444
2837.5356,36.34151
2837.688,36.1326
2837.8404,36.4168
2837.9928,36.64133
2838.1452,36.90085
2838.2976,37.27377
2838.45,37.75266
2838.6024,38.31402
2838.7548,39.1448
2838.9072,40.22424
2839.0596,41.41955
2839.212,42.62093
2839.3644,41.88386
2839.5168,40.45638
2839.6692,39.69499
2839.8216,39.33338
2839.974,39.35166
2840.1264,39.63811
2840.2788,40.27982
2840.4312,41.22581
2840.5836,42.30367
2840.736,43.32666
2840.8884,44.62969
2841.0408,45.83701
2841.1932,44.99957
2841.3456,44.75723
2841.498,45.2747
2841.6504,45.51796
2841.8028,44.29089
2841.9552,43.90282
2842.1076,44.45011
2842.26,43.4533
2842.4124,43.87057
2842.5648,44.80116
2842.7172,45.41252
2842.8696,45.31535
2843.022,43.2169
2843.1744,41.48181
2843.3268,40.11047
2843.4792,38.84695
2843.6316,37.68117
2843.784,36.90699
2843.9364,36.49699
2844.0888,37.26991
2844.2412,38.78846
2844.3936,40.06787
2844.546,40.64914
2844.6984,40.57079
2844.8508,39.44025
2845.0032,37.86498
2845.1556,36.58906
2845.308,37.31306
2845.4604,38.94676
2845.6128,40.14719
2845.7652,41.15485
2845.9176,41.94342
2846.07,42.48653
2846.2224,42.87141
2846.3748,42.72257
2846.5272,42.19985
2846.6796,40.47132
2846.832,37.98702
2846.9844,35.96317
2847.1368,36.06204
2847.2892,38.03859
2847.4416,39.97175
2847.594,39.50613
2847.7464,38.58591
2847.8988,37.90176
2848.0512,37.33597
2848.2036,36.91829
2848.356,36.53882
2848.5084,36.02064
2848.6608,35.94383
2848.8132,35.96607
2848.9656,36.18052
2849.118,35.44389
2849.2704,33.79223
2849.4228,32.18344
2849.5752,30.77246
2849.7276,29.37727
2849.88,29.90419
2850.0324,31.08179
2850.1848,31.27275
2850.3372,30.02624
2850.4896,28.66628
2850.642,27.27308
2850.7944,25.95768
2850.9468,24.75964
2851.0992,23.73585
2851.2516,23.32366
2851.404,23.64235
2851.5564,24.95258
2851.7088,26.5641
2851.8612,28.06782
2852.0136,29.38882
2852.166,30.57872
2852.3184,30.36831
2852.4708,28.91027
2852.6232,28.90573
2852.7756,29.89411
2852.928,29.8198
2853.0804,28.63097
2853.2328,28.22679
2853.3852,28.19274
2853.5376,27.0498
2853.69,25.03419
2853.8424,23.21494
2853.9948,21.80086
2854.1472,20.82417
2854.2996,21.69334
2854.452,24.24957
2854.6044,26.1572
2854.7568,26.27344
2854.9092,26.02061
2855.0616,26.02647
2855.214,26.12759
2855.3664,26.22863
2855.5188,26.28753
2855.6712,26.22584
2855.8236,25.85639
2855.976,24.81013
2856.1284,24.05494
2856.2808,24.99612
2856.4332,26.50498
2856.5856,27.78397
2856.738,29.01448
2856.8904,29.64031
2857.0428,29.60264
2857.1952,27.82259
2857.3476,26.09919
2857.5,24.68112
2857.6524,23.42056
2857.8048,22.34163
2857.9572,22.88214
2858.1096,24.50175
2858.262,26.14508
2858.4144,27.10894
2858.5668,27.44018
2858.7192,27.51057
2858.8716,27.97208
2859.024,29.04913
2859.1764,30.90983
2859.3288,32.86572
2859.4812,34.68933
2859.6336,36.40245
2859.786,37.9258
2859.9384,39.13477
2860.0908,37.24409
2860.2432,35.10719
2860.3956,32.80167
2860.548,29.03596
2860.7004,26.12579
2860.8528,24.56397
2861.0052,23.6198
2861.1576,23.158
2861.31,23.02068
2861.4624,23.90953
2861.6148,25.10734
2861.7672,24.16681
2861.9196,22.59658
2862.072,21.3487
2862.2244,20.3993
2862.3768,20.58186
2862.5292,21.22865
2862.6816,22.3171
2862.834,23.67071
2862.9864,25.22134
2863.1388,26.90235
2863.2912,28.37035
2863.4436,29.10912
2863.596,28.82224
2863.7484,27.71121
2863.9008,26.22585
2864.0532,24.69905
2864.2056,23.32596
2864.358,22.16946
2864.5104,21.25792
2864.6628,20.97788
2864.8152,21.60899
2864.9676,22.73522
2865.12,23.75501
2865.2724,24.17705
2865.4248,23.81672
2865.5772,22.95367
2865.7296,21.87516
2865.882,20.68821
2866.0344,19.47781
2866.1868,18.84599
2866.3392,18.61186
2866.4916,18.70004
2866.644,19.16265
2866.7964,21.34768
2866.9488,22.78233
2867.1012,22.4363
2867.2536,21.70212
2867.406,21.00196
2867.5584,20.35034
2867.7108,19.74987
2867.8632,19.31833
2868.0156,18.98899
2868.168,18.87852
2868.3204,18.88397
2868.4728,18.91959
2868.6252,18.94757
2868.7776,19.01617
2868.93,19.20793
2869.0824,19.544
2869.2348,20.06858
2869.3872,20.90653
2869.5396,21.5974
2869.692,22.28633
2869.8444,22.88713
2869.9968,22.56112
2870.1492,20.90785
2870.3016,19.37785
2870.454,18.24098
2870.6064,18.19118
2870.7588,18.56787
2870.9112,19.23005
2871.0636,20.3771
2871.216,20.37623
2871.3684,19.3473
2871.5208,18.54774
2871.6732,18.01013
2871.8256,18.45049
2871.978,19.56833
2872.1304,20.70291
2872.2828,21.78586
2872.4352,22.53464
2872.5876,23.15465
2872.74,22.54573
2872.8924,22.9741
2873.0448,23.31499
2873.1972,23.36689
2873.3496,22.70564
2873.502,21.91174
2873.6544,21.24628
2873.8068,20.67024
2873.9592,20.63624
2874.1116,21.04622
2874.264,21.01217
2874.4164,20.42563
2874.5688,19.82366
2874.7212,19.56161
2874.8736,19.47434
2875.026,19.72672
2875.1784,20.38788
2875.3308,20.93081
2875.4832,20.68081
2875.6356,20.01883
2875.788,19.56572
2875.9404,19.79744
2876.0928,19.93683
2876.2452,19.59334
2876.3976,19.02958
2876.55,18.72774
2876.7024,18.87228
2876.8548,19.49545
2877.0072,20.0159
2877.1596,20.1226
2877.312,19.85469
2877.4644,20.43473
2877.6168,21.20675
2877.7692,21.67425
2877.9216,21.37534
2878.074,21.26375
2878.2264,22.00396
2878.3788,22.49399
2878.5312,22.32537
2878.6836,21.38251
2878.836,20.65779
2878.9884,17.6918
2879.1408,18.45158
2879.2932,18.79322
2879.4456,19.28167
2879.598,19.89515
2879.7504,20.61797
2879.9028,21.4581
2880.0552,22.12784
2880.2076,22.72106
2880.36,22.56231
2880.5124,21.53915
2880.6648,20.61686
2880.8172,20.16072
2880.9696,20.14927
2881.122,20.3359
2881.2744,20.70718
2881.4268,21.45452
2881.5792,22.37999
2881.7316,22.54044
2881.884,21.60199
2882.0364,20.96434
2882.1888,21.401
2882.3412,22.04064
2882.4936,22.20718
2882.646,21.97873
2882.7984,21.58735
2882.9508,21.59686
2883.1032,21.67982
2883.2556,21.34174
2883.408,20.39734
2883.5604,19.70468
2883.7128,19.41216
2883.8652,19.6418
2884.0176,20.18253
2884.17,20.8924
2884.3224,21.83627
2884.4748,22.7274
2884.6272,23.54852
2884.7796,24.2231
2884.932,22.16479
2885.0844,20.89417
2885.2368,21.21696
2885.3892,22.23833
2885.5416,23.08789
2885.694,23.72372
2885.8464,23.41949
2885.9988,22.52369
2886.1512,21.65495
2886.3036,20.95987
2886.456,20.47527
2886.6084,20.2383
2886.7608,20.42921
2886.9132,21.2719
2887.0656,22.15094
2887.218,22.83437
2887.3704,22.3237
2887.5228,21.48396
2887.6752,21.80852
2887.8276,23.0638
2887.98,24.30907
2888.1324,24.77572
2888.2848,23.36194
2888.4372,23.47111
2888.5896,24.15176
2888.742,23.96603
2888.8944,22.91895
2889.0468,22.23891
2889.1992,22.23036
2889.3516,22.59383
2889.504,23.029
2889.6564,23.27084
2889.8088,22.60168
2889.9612,21.84804
2890.1136,22.05354
2890.266,22.17826
2890.4184,22.06682
2890.5708,21.39362
2890.7232,20.76878
2890.8756,20.17147
2891.028,20.13389
2891.1804,21.21362
2891.3328,22.10013
2891.4852,22.85219
2891.6376,23.048
2891.79,22.93414
2891.9424,23.23103
2892.0948,23.28827
2892.2472,22.61985
2892.3996,22.68514
2892.552,21.72013
2892.7044,20.93356
2892.8568,20.55422
2893.0092,20.96314
2893.1616,21.74554
2893.314,22.28679
2893.4664,21.8462
2893.6188,21.4641
2893.7712,21.78986
2893.9236,22.28804
2894.076,21.94679
2894.2284,21.41475
2894.3808,21.17154
2894.5332,20.9288
2894.6856,20.66656
2894.838,20.51855
2894.9904,20.27378
2895.1428,20.07659
2895.2952,19.80104
2895.4476,19.58313
2895.6,19.74686
2895.7524,20.41121
2895.9048,20.98938
2896.0572,20.70117
2896.2096,20.08211
2896.362,19.17749
2896.5144,18.44695
2896.6668,18.10046
2896.8192,17.83774
2896.9716,17.98441
2897.124,18.16905
2897.2764,18.93448
2897.4288,20.19609
2897.5812,21.35403
2897.7336,22.12808
2897.886,22.38573
2898.0384,21.76285
2898.1908,21.26364
2898.3432,21.73418
2898.4956,22.18361
2898.648,21.62453
2898.8004,21.10526
2898.9528,21.51433
2899.1052,21.94894
2899.2576,21.47615
2899.41,20.81285
2899.5624,21.1586
2899.7148,21.3989
2899.8672,20.7507
2900.0196,20.59441
2900.172,21.0139
2900.3244,21.21631
2900.4768,20.94516
2900.6292,20.48402
2900.7816,20.46884
2900.934,20.54262
2901.0864,20.48073
2901.2388,20.19983
2901.3912,19.7756
2901.5436,19.70396
2901.696,19.88072
2901.8484,19.95296
2902.0008,19.44336
2902.1532,18.7229
2902.3056,17.99872
2902.458,17.38322
2902.6104,17.03648
2902.7628,17.36667
2902.9152,18.10457
2903.0676,18.75592
2903.22,19.17728
2903.3724,19.11708
2903.5248,18.51604
2903.6772,17.69545
2903.8296,16.91595
2903.982,16.54672
2904.1344,17.2603
2904.2868,17.80806
2904.4392,17.14821
2904.5916,16.59602
2904.744,17.15637
2904.8964,18.26074
2905.0488,18.7581
2905.2012,18.46402
2905.3536,17.88152
2905.506,17.3325
2905.6584,17.32619
2905.8108,18.18008
2905.9632,19.43764
2906.1156,20.15796
2906.268,20.13524
2906.4204,20.22296
2906.5728,20.80992
2906.7252,21.55902
2906.8776,22.3161
2907.03,23.31258
2907.1824,23.32652
2907.3348,22.2047
2907.4872,22.00229
2907.6396,22.10023
2907.792,21.58527
2907.9444,20.81001
2908.0968,20.44893
2908.2492,20.69336
2908.4016,21.03891
2908.554,21.27534
2908.7064,21.32872
2908.8588,21.01697
2909.0112,20.4707
2909.1636,20.03105
2909.316,19.3233
2909.4684,18.74356
2909.6208,18.79196
2909.7732,19.09961
2909.9256,19.56488
2910.078,20.08299
2910.2304,20.46368
2910.3828,20.66026
2910.5352,20.67137
2910.6876,20.4935
2910.84,20.19342
2910.9924,19.78629
2911.1448,19.46709
2911.2972,19.38847
2911.4496,19.52753
2911.602,19.94221
2911.7544,20.56721
2911.9068,21.22263
2912.0592,21.99336
2912.2116,22.82956
2912.364,23.42607
2912.5164,23.45792
2912.6688,23.08046
2912.8212,22.5849
2912.9736,22.00482
2913.126,21.27498
2913.2784,20.58968
2913.4308,20.17006
2913.5832,20.83572
2913.7356,22.16046
2913.888,23.14809
2914.0404,23.06975
2914.1928,22.30409
2914.3452,22.40865
2914.4976,23.12117
2914.65,23.71677
2914.8024,24.06439
2914.9548,24.10927
2915.1072,24.09827
2915.2596,23.72769
2915.412,22.5363
2915.5644,21.1441
2915.7168,20.07704
2915.8692,19.48637
2916.0216,19.42859
2916.174,19.69502
2916.3264,19.94072
2916.4788,20.12912
2916.6312,20.43863
2916.7836,21.24182
2916.936,22.42467
2917.0884,23.60172
2917.2408,24.48825
2917.3932,24.6666
2917.5456,24.42015
2917.698,24.42915
2917.8504,25.06389
2918.0028,26.34904
2918.1552,27.65176
2918.3076,27.92493
2918.46,27.58589
2918.6124,27.66705
2918.7648,28.45
2918.9172,29.07245
2919.0696,29.26053
2919.222,29.07602
2919.3744,28.74487
2919.5268,28.20987
2919.6792,28.17467
2919.8316,29.7045
2919.984,31.29594
2920.1364,30.82663
2920.2888,29.52415
2920.4412,28.79703
2920.5936,28.55484
2920.746,28.7211
2920.8984,29.23805
2921.0508,30.26074
2921.2032,30.92033
2921.3556,30.68271
2921.508,31.13527
2921.6604,32.14117
2921.8128,32.80161
2921.9652,33.22366
2922.1176,33.58438
2922.27,34.0098
2922.4224,34.56265
2922.5748,35.23758
2922.7272,36.04639
2922.8796,36.83932
2923.032,37.47684
2923.1844,37.67197
2923.3368,36.60956
2923.4892,35.03183
2923.6416,33.56039
2923.794,34.42014
2923.9464,35.98245
2924.0988,37.35526
2924.2512,38.74429
2924.4036,38.93561
2924.556,36.97708
2924.7084,34.78516
2924.8608,32.58844
2925.0132,30.73074
2925.1656,29.51591
2925.318,28.35049
2925.4704,27.92636
2925.6228,29.5463
2925.7752,31.5256
2925.9276,32.26105
2926.08,31.23738
2926.2324,30.46062
2926.3848,30.08556
2926.5372,29.80095
2926.6896,30.44908
2926.842,31.70676
2926.9944,32.84277
2927.1468,33.94244
2927.2992,35.14807
2927.4516,35.72412
2927.604,33.46893
2927.7564,31.87219
2927.9088,31.22694
2928.0612,31.33286
2928.2136,31.3615
2928.366,30.78444
2928.5184,30.25673
2928.6708,30.06421
2928.8232,29.85338
2928.9756,29.46216
2929.128,28.79715
2929.2804,28.54181
2929.4328,28.30943
2929.5852,27.7856
2929.7376,26.9771
2929.89,25.91924
2930.0424,24.61424
2930.1948,22.2196
2930.3472,24.50377
2930.4996,26.51707
2930.652,27.2822
2930.8044,27.77095
2930.9568,27.53996
2931.1092,26.35451
2931.2616,24.7997
2931.414,23.30069
2931.5664,22.08604
2931.7188,22.72411
2931.8712,23.84477
2932.0236,25.18477
2932.176,26.10832
2932.3284,25.88237
2932.4808,24.69623
2932.6332,23.11369
2932.7856,22.96118
2932.938,24.0899
2933.0904,24.91774
2933.2428,24.81526
2933.3952,24.36925
2933.5476,23.41096
2933.7,23.95805
2933.8524,24.75671
2934.0048,24.70917
2934.1572,24.31406
2934.3096,23.92206
2934.462,23.83577
2934.6144,24.63345
2934.7668,26.32803
2934.9192,28.13768
2935.0716,29.14917
2935.224,28.31763
2935.3764,28.1418
2935.5288,30.29793
2935.6812,31.93747
2935.8336,33.14026
2935.986,33.76529
2936.1384,32.90088
2936.2908,30.79463
2936.4432,29.14008
2936.5956,28.97307
2936.748,30.23416
2936.9004,30.68042
2937.0528,29.34673
2937.2052,28.19376
2937.3576,27.61739
2937.51,30.35365
2937.6624,32.80542
2937.8148,33.73959
2937.9672,34.0578
2938.1196,33.60397
2938.272,32.27747
2938.4244,31.32823
2938.5768,31.42476
2938.7292,31.73183
2938.8816,32.16318
2939.034,31.88826
2939.1864,31.54832
2939.3388,31.96362
2939.4912,32.77765
2939.6436,33.12115
2939.796,32.16068
2939.9484,32.33463
2940.1008,33.45963
2940.2532,34.31305
2940.4056,34.7529
2940.558,34.68628
2940.7104,34.27158
2940.8628,33.603
2941.0152,33.16779
2941.1676,33.20056
2941.32,33.60614
2941.4724,33.92661
2941.6248,33.6929
2941.7772,32.40552
2941.9296,30.58046
2942.082,28.90991
2942.2344,28.81749
2942.3868,29.08507
2942.5392,29.50706
2942.6916,29.47502
2942.844,29.18558
2942.9964,28.73643
2943.1488,28.74734
2943.3012,29.2058
2943.4536,30.32303
2943.606,30.89041
2943.7584,30.27063
2943.9108,29.67297
2944.0632,29.5676
2944.2156,29.84734
2944.368,30.3596
2944.5204,30.36879
2944.6728,30.23268
2944.8252,30.74638
2944.9776,32.20569
2945.13,32.83569
2945.2824,34.53177
2945.4348,36.45895
2945.5872,38.17331
2945.7396,37.57236
2945.892,37.21725
2946.0444,37.13855
2946.1968,37.20798
2946.3492,40.65027
2946.5016,44.08463
2946.654,47.50543
2946.8064,50.36304
2946.9588,51.63281
2947.1112,52.16827
2947.2636,51.98328
2947.416,48.62921
2947.5684,44.12927
2947.7208,43.06613
2947.8732,41.81577
2948.0256,39.99997
2948.178,37.79355
2948.3304,35.75986
2948.4828,34.2254
2948.6352,33.13199
2948.7876,33.25906
2948.94,35.16495
2949.0924,36.98553
2949.2448,37.37888
2949.3972,36.44434
2949.5496,35.67349
2949.702,35.14459
2949.8544,35.58972
2950.0068,36.37045
2950.1592,37.21661
2950.3116,37.98703
2950.464,38.52628
2950.6164,38.75146
2950.7688,37.88345
2950.9212,35.9733
2951.0736,35.32642
2951.226,35.76846
2951.3784,36.33856
2951.5308,36.81241
2951.6832,37.0011
2951.8356,35.5589
2951.988,35.13266
2952.1404,37.64618
2952.2928,39.20749
2952.4452,39.90512
2952.5976,40.52725
2952.75,41.30396
2952.9024,41.83023
2953.0548,41.81891
2953.2072,41.6795
2953.3596,42.28162
2953.512,44.58545
2953.6644,46.2442
2953.8168,47.54691
2953.9692,48.27658
2954.1216,48.57584
2954.274,48.43765
2954.4264,47.28137
2954.5788,45.35065
2954.7312,42.73032
2954.8836,41.6001
2955.036,42.97238
2955.1884,44.83194
2955.3408,45.40839
2955.4932,44.34424
2955.6456,43.15564
2955.798,42.83072
2955.9504,42.92743
2956.1028,42.4371
2956.2552,41.12924
2956.4076,39.31848
2956.56,37.73169
2956.7124,36.59348
2956.8648,36.37115
2957.0172,37.34744
2957.1696,38.30679
2957.322,38.39978
2957.4744,37.10452
2957.6268,37.11682
2957.7792,37.42456
2957.9316,38.21252
2958.084,38.49161
2958.2364,37.88666
2958.3888,36.44702
2958.5412,35.18805
2958.6936,34.57111
2958.846,35.51688
2958.9984,37.13831
2959.1508,38.09839
2959.3032,38.31128
2959.4556,37.93701
2959.608,36.96851
2959.7604,35.99686
2959.9128,35.02414
2960.0652,34.31241
2960.2176,33.66104
2960.37,32.98273
2960.5224,32.17142
2960.6748,33.73203
2960.8272,35.61545
2960.9796,35.40674
2961.132,33.58661
2961.2844,32.28513
2961.4368,31.68497
2961.5892,31.66434
2961.7416,31.91429
2961.894,32.34763
2962.0464,33.14398
2962.1988,33.98315
2962.3512,34.81265
2962.5036,35.52615
2962.656,36.0618
2962.8084,34.29712
2962.9608,32.9407
2963.1132,31.59448
2963.2656,30.96989
2963.418,31.31783
2963.5704,31.77869
2963.7228,32.20508
2963.8752,31.26775
2964.0276,30.21295
2964.18,29.2384
2964.3324,29.03299
2964.4848,30.71935
2964.6372,32.06955
2964.7896,33.36517
2964.942,34.55283
2965.0944,36.23676
2965.2468,39.15906
2965.3992,42.00885
2965.5516,43.58359
2965.704,42.97336
2965.8564,40.53079
2966.0088,36.14645
2966.1612,32.98566
2966.3136,30.90331
2966.466,29.47232
2966.6184,29.15634
2966.7708,29.33205
2966.9232,30.23384
2967.0756,31.18056
2967.228,31.40324
2967.3804,30.79854
2967.5328,29.58842
2967.6852,28.63234
2967.8376,29.53842
2967.99,30.39656
2968.1424,29.93164
2968.2948,27.71072
2968.4472,26.85762
2968.5996,26.60081
2968.752,26.72014
2968.9044,27.31216
2969.0568,27.90419
2969.2092,28.4962
2969.3616,29.08821
2969.514,30.0067
2969.6664,31.18721
2969.8188,32.61362
2969.9712,34.72183
2970.1236,35.49042
2970.276,36.28876
2970.4284,37.12439
2970.5808,37.11087
2970.7332,35.76447
2970.8856,34.64774
2971.038,33.70773
2971.1904,34.70856
2971.3428,36.04419
2971.4952,37.55945
2971.6476,38.63089
2971.8,38.16034
2971.9524,38.73787
2972.1048,39.49301
2972.2572,38.41339
2972.4096,37.19241
2972.562,38.39359
2972.7144,39.84287
2972.8668,39.60717
2973.0192,37.99358
2973.1716,38.57862
2973.324,38.65233
2973.4764,37.97395
2973.6288,37.31322
2973.7812,38.45295
2973.9336,39.68797
2974.086,40.89487
2974.2384,40.89728
2974.3908,39.02877
2974.5432,37.40811
2974.6956,37.90645
2974.848,38.03645
2975.0004,37.81872
2975.1528,37.11007
2975.3052,35.92501
2975.4576,34.59795
2975.61,33.3919
2975.7624,32.80515
2975.9148,32.55891
2976.0672,33.42128
2976.2196,34.78268
2976.372,33.75688
2976.5244,32.76105
2976.6768,33.36078
2976.8292,33.952
2976.9816,34.22771
2977.134,33.65912
2977.2864,32.89693
2977.4388,32.11924
2977.5912,33.23039
2977.7436,34.98351
2977.896,35.39012
2978.0484,34.26817
2978.2008,33.81261
2978.3532,34.21551
2978.5056,34.47866
2978.658,34.14577
2978.8104,33.68805
2978.9628,33.54743
2979.1152,33.83533
2979.2676,35.00596
2979.42,36.16451
2979.5724,37.33799
2979.7248,38.34085
2979.8772,39.09909
2980.0296,39.75296
2980.182,40.3892
2980.3344,41.02811
2980.4868,41.21255
2980.6392,41.32922
2980.7916,41.3685
2980.944,41.09839
2981.0964,40.31473
2981.2488,39.5063
2981.4012,38.96478
2981.5536,39.16046
2981.706,39.42898
2981.8584,38.56931
2982.0108,38.16882
2982.1632,38.81823
2982.3156,38.11395
2982.468,36.89648
2982.6204,36.14536
2982.7728,36.06005
2982.9252,37.13083
2983.0776,38.37836
2983.23,39.82786
2983.3824,41.34677
2983.5348,42.31918
2983.6872,42.14091
2983.8396,41.38895
2983.992,41.46341
2984.1444,42.17694
2984.2968,42.61252
2984.4492,41.59164
2984.6016,39.76673
2984.754,39.34712
2984.9064,40.12013
2985.0588,41.33392
2985.2112,42.76124
2985.3636,43.24982
2985.516,43.27034
2985.6684,42.88073
2985.8208,42.24451
2985.9732,41.66144
2986.1256,41.47577
2986.278,41.56094
2986.4304,41.24207
2986.5828,42.55188
2986.7352,42.82421
2986.8876,42.96213
2987.04,42.42402
2987.1924,41.77734
2987.3448,41.60746
2987.4972,41.34468
2987.6496,41.11555
2987.802,42.11615
2987.9544,42.63749
2988.1068,42.46101
2988.2592,38.30251
2988.4116,36.75887
2988.564,35.87294
2988.7164,35.10139
2988.8688,34.52484
2989.0212,34.0733
2989.1736,33.91417
2989.326,33.9205
2989.4784,34.13169
2989.6308,34.33929
2989.7832,34.54476
2989.9356,34.89108
2990.088,35.25407
2990.2404,35.58784
2990.3928,35.64584
2990.5452,34.92309
2990.6976,33.34094
2990.85,31.94554
2991.0024,30.6915
2991.1548,31.35203
2991.3072,32.63203
2991.4596,32.90015
2991.612,31.43384
2991.7644,29.77834
2991.9168,28.33103
2992.0692,26.97679
2992.2216,25.99447
2992.374,25.77374
2992.5264,25.8141
2992.6788,25.9045
2992.8312,25.9774
2992.9836,26.03049
2993.136,26.21504
2993.2884,26.53129
2993.4408,27.50316
2993.5932,28.33245
2993.7456,29.0212
2993.898,29.62679
2994.0504,29.96103
2994.2028,30.24804
2994.3552,29.85874
2994.5076,29.32077
2994.66,28.79578
2994.8124,28.40089
2994.9648,28.17973
2995.1172,28.3164
2995.2696,28.99462
2995.422,29.58846
2995.5744,29.77726
2995.7268,29.44189
2995.8792,28.95583
2996.0316,28.35329
2996.184,27.63137
2996.3364,28.76604
2996.4888,31.99902
2996.6412,34.43498
2996.7936,35.1167
2996.946,33.21441
2997.0984,31.27865
2997.2508,29.44283
2997.4032,27.74976
2997.5556,26.83712
2997.708,26.29626
2997.8604,26.33344
2998.0128,27.21076
2998.1652,27.89011
2998.3176,28.44359
2998.47,28.82087
2998.6224,28.58949
2998.7748,28.11901
2998.9272,27.08511
2999.0796,25.4185
2999.232,25.24123
2999.3844,25.76276
2999.5368,25.94727
2999.6892,25.1026
2999.8416,24.43825
2999.994,25.40221
3000.1464,26.61746
3000.2988,25.76262
3000.4512,24.83201
3000.6036,24.95945
3000.756,25.20376
3000.9084,24.29413
3001.0608,23.22469
3001.2132,22.19458
3001.3656,21.60742
3001.518,21.7466
3001.6704,22.6126
3001.8228,23.76957
3001.9752,24.65972
3002.1276,23.84235
3002.28,22.53381
3002.4324,22.89301
3002.5848,23.99078
3002.7372,25.26159
3002.8896,25.54615
3003.042,24.94273
3003.1944,24.22014
3003.3468,23.54293
3003.4992,22.90462
3003.6516,22.28686
3003.804,21.81332
3003.9564,21.50019
3004.1088,21.36581
3004.2612,21.78364
3004.4136,22.58987
3004.566,23.03085
3004.7184,22.99564
3004.8708,22.57757
3005.0232,21.95919
3005.1756,21.28896
3005.328,20.61943
3005.4804,20.29539
3005.6328,20.49384
3005.7852,20.81489
3005.9376,21.29033
3006.09,21.47627
3006.2424,20.86108
3006.3948,19.87357
3006.5472,20.0771
3006.6996,20.79353
3006.852,21.46216
3007.0044,22.07743
3007.1568,22.40598
3007.3092,21.91618
3007.4616,21.15804
3007.614,20.78759
3007.7664,20.87518
3007.9188,22.29455
3008.0712,23.25211
3008.2236,24.07039
3008.376,24.91477
3008.5284,24.10613
3008.6808,22.26487
3008.8332,20.70022
3008.9856,20.00162
3009.138,20.65743
3009.2904,22.64064
3009.4428,24.08081
3009.5952,24.82474
3009.7476,25.508
3009.9,29.25644
3010.0524,31.39699
3010.2048,31.3162
3010.3572,31.6836
3010.5096,34.10558
3010.662,36.96635
3010.8144,39.03545
3010.9668,41.68594
3011.1192,43.73543
3011.2716,44.61078
3011.424,44.77412
3011.5764,44.8019
3011.7288,44.57915
3011.8812,44.81632
3012.0336,46.61281
3012.186,48.20462
3012.3384,49.32561
3012.4908,49.76062
3012.6432,49.82362
3012.7956,49.7315
3012.948,49.50642
3013.1004,49.27533
3013.2528,48.75809
3013.4052,47.20766
3013.5576,46.41554
3013.71,47.00395
3013.8624,49.122
3014.0148,51.18829
3014.1672,52.67178
3014.3196,53.70086
3014.472,54.11719
3014.6244,54.81894
3014.7768,55.49017
3014.9292,55.05898
3015.0816,54.36254
3015.234,54.33881
3015.3864,55.00556
3015.5388,55.56161
3015.6912,55.97012
3015.8436,56.30183
3015.996,56.60957
3016.1484,56.96821
3016.3008,56.80741
3016.4532,55.88827
3016.6056,55.50574
3016.758,56.40168
3016.9104,57.4939
3017.0628,57.78496
3017.2152,57.36411
3017.3676,57.09859
3017.52,57.93791
3017.6724,59.42359
3017.8248,60.7429
3017.9772,61.8176
3018.1296,62.80185
3018.282,63.62471
3018.4344,64.74095
3018.5868,65.49469
3018.7392,65.57585
3018.8916,65.36761
3019.044,65.04788
3019.1964,64.70129
3019.3488,63.59576
3019.5012,61.40264
3019.6536,59.55558
3019.806,57.85987
3019.9584,56.83813
3020.1108,57.81633
3020.2632,59.54217
3020.4156,57.9642
3020.568,57.93365
3020.7204,59.00945
3020.8728,59.79393
3021.0252,60.17279
3021.1776,59.92679
3021.33,59.43478
3021.4824,59.16571
3021.6348,59.11983
3021.7872,59.33656
3021.9396,59.55683
3022.092,59.59578
3022.2444,59.49056
3022.3968,59.11349
3022.5492,58.66938
3022.7016,57.68685
3022.854,55.284
3023.0064,53.64309
3023.1588,52.4348
3023.3112,51.36485
3023.4636,50.29066
3023.616,49.21593
3023.7684,49.34822
3023.9208,49.91378
3024.0732,52.54841
3024.2256,56.21838
3024.378,59.46526
3024.5304,59.01485
3024.6828,55.93301
3024.8352,54.51856
3024.9876,54.40709
3025.14,55.7683
3025.2924,56.39497
3025.4448,55.83403
3025.5972,54.70813
3025.7496,54.40508
3025.902,54.81798
3026.0544,55.06064
3026.2068,54.64291
3026.3592,53.98443
3026.5116,55.14762
3026.664,57.92838
3026.8164,60.27288
3026.9688,61.62173
3027.1212,61.55972
3027.2736,59.12778
3027.426,56.43793
3027.5784,54.59142
3027.7308,53.63441
3027.8832,54.58212
3028.0356,55.75159
3028.188,56.99608
3028.3404,58.07796
3028.4928,58.81002
3028.6452,59.09373
3028.7976,58.69039
3028.95,56.53178
3029.1024,54.26279
3029.2548,53.25238
3029.4072,53.42528
3029.5596,54.27254
3029.712,55.57983
3029.8644,57.1038
3030.0168,58.75794
3030.1692,60.0214
3030.3216,60.7392
3030.474,61.08609
3030.6264,61.22644
3030.7788,60.98718
3030.9312,60.68752
3031.0836,60.19565
3031.236,59.35443
3031.3884,58.12069
3031.5408,56.47945
3031.6932,54.54523
3031.8456,52.92118
3031.998,54.18414
3032.1504,57.37641
3032.3028,59.19711
3032.4552,59.84803
3032.6076,60.14045
3032.76,60.90263
3032.9124,61.35
3033.0648,60.57434
3033.2172,59.36044
3033.3696,58.26244
3033.522,57.34225
3033.6744,56.54146
3033.8268,55.81429
3033.9792,55.2887
3034.1316,55.99083
3034.284,57.61645
3034.4364,58.925
3034.5888,59.36573
3034.7412,58.97703
3034.8936,58.02257
3035.046,56.33017
3035.1984,54.60394
3035.3508,53.97966
3035.5032,54.39102
3035.6556,55.39524
3035.808,57.36008
3035.9604,58.85291
3036.1128,59.66516
3036.2652,60.31292
3036.4176,60.87939
3036.57,61.32648
3036.7224,62.09505
3036.8748,63.73991
3037.0272,65.43198
3037.1796,66.87563
3037.332,67.45113
3037.4844,66.58586
3037.6368,65.68248
3037.7892,65.00917
3037.9416,64.72777
3038.094,64.60941
3038.2464,64.80528
3038.3988,65.58646
3038.5512,66.40967
3038.7036,66.45645
3038.856,66.4371
3039.0084,67.35429
3039.1608,67.88614
3039.3132,67.43893
3039.4656,66.27844
3039.618,65.28185
3039.7704,64.90909
3039.9228,67.27162
3040.0752,70.18694
3040.2276,72.07755
3040.38,73.02371
3040.5324,73.1989
3040.6848,72.85167
3040.8372,72.28111
3040.9896,71.65202
3041.142,71.05847
3041.2944,70.85156
3041.4468,72.48296
3041.5992,73.85141
3041.7516,74.61334
3041.904,74.83742
3042.0564,74.63315
3042.2088,74.26204
3042.3612,73.80493
3042.5136,73.52484
3042.666,74.75647
3042.8184,79.33174
3042.9708,81.74174
3043.1232,84.10478
3043.2756,85.26172
3043.428,86.27463
3043.5804,87.0705
3043.7328,87.38452
3043.8852,87.14828
3044.0376,86.79991
3044.19,85.76291
3044.3424,84.29491
3044.4948,83.58838
3044.6472,83.59464
3044.7996,83.36455
3044.952,82.95972
3045.1044,81.86316
3045.2568,79.84241
3045.4092,77.86986
3045.5616,76.4017
3045.714,76.47993
3045.8664,79.62175
3046.0188,82.29567
3046.1712,83.17172
3046.3236,82.95503
3046.476,82.74712
3046.6284,82.72688
3046.7808,82.86324
3046.9332,83.28369
3047.0856,84.27061
3047.238,85.69228
3047.3904,86.97589
3047.5428,87.49455
3047.6952,86.97037
3047.8476,85.46542
3048,83.70233
3048.1524,83.2486
3048.3048,84.76239
3048.4572,86.78326
3048.6096,86.81262
3048.762,84.09576
3048.9144,82.45502
3049.0668,83.72095
3049.2192,85.36542
3049.3716,85.55621
3049.524,83.73169
3049.6764,81.92908
3049.8288,80.65552
3049.9812,79.54712
3050.1336,79.30511
3050.286,79.54004
3050.4384,80.45496
3050.5908,83.07257
3050.7432,85.7959
3050.8956,86.65405
3051.048,84.32611
3051.2004,81.63605
3051.3528,80.98718
3051.5052,82.81952
3051.6576,84.9129
3051.81,84.54474
3051.9624,82.7453
3052.1148,81.24463
3052.2672,79.67926
3052.4196,84.16669
3052.572,91.8479
3052.7244,101.9933
3052.8768,100.1453
3053.0292,94.78333
3053.1816,92.164
3053.334,90.71729
3053.4864,89.99353
3053.6388,89.98566
3053.7912,90.95209
3053.9436,90.96924
3054.096,90.07391
3054.2484,89.06854
3054.4008,88.10144
3054.5532,90.30096
3054.7056,95.49066
3054.858,101.5696
3055.0104,103.8168
3055.1628,104.6387
3055.3152,103.6568
3055.4676,102.1463
3055.62,100.1672
3055.7724,97.85498
3055.9248,95.68762
3056.0772,93.71631
3056.2296,95.48383
3056.382,97.83923
3056.5344,97.29578
3056.6868,93.82251
3056.8392,92.04016
3056.9916,92.98425
3057.144,94.57092
3057.2964,96.35107
3057.4488,98.11157
3057.6012,98.97034
3057.7536,99.04865
3057.906,100.6375
3058.0584,101.8347
3058.2108,102.2964
3058.3632,100.6953
3058.5156,98.65491
3058.668,96.62384
3058.8204,94.49982
3058.9728,92.53748
3059.1252,90.72693
3059.2776,90.96454
3059.43,91.0614
3059.5824,89.21637
3059.7348,87.66443
3059.8872,87.24658
3060.0396,89.01581
3060.192,90.8136
3060.3444,92.4776
3060.4968,93.72931
3060.6492,93.51697
3060.8016,90.83588
3060.954,87.87714
3061.1064,89.99805
3061.2588,91.53424
3061.4112,89.8031
3061.5636,88.11572
3061.716,87.4281
3061.8684,88.48199
3062.0208,91.34351
3062.1732,95.38715
3062.3256,98.54004
3062.478,97.96045
3062.6304,94.74207
3062.7828,93.39746
3062.9352,94.3042
3063.0876,94.99664
3063.24,94.99634
3063.3924,94.6781
3063.5448,94.88617
3063.6972,96.09039
3063.8496,97.81378
3064.002,98.29144
3064.1544,96.96259
3064.3068,95.2561
3064.4592,93.8266
3064.6116,94.03748
3064.764,95.78998
3064.9164,96.03253
3065.0688,94.67407
3065.2212,94.11005
3065.3736,94.78333
3065.526,95.25873
3065.6784,94.57147
3065.8308,94.47998
3065.9832,95.22565
3066.1356,95.13971
3066.288,94.20117
3066.4404,93.06781
3066.5928,92.62085
3066.7452,92.80402
3066.8976,92.59064
3067.05,92.37744
3067.2024,92.40698
3067.3548,92.56952
3067.5072,92.61127
3067.6596,91.74658
3067.812,90.75739
3067.9644,89.9491
3068.1168,89.74072
3068.2692,89.71887
3068.4216,90.18701
3068.574,90.19495
3068.7264,89.32617
3068.8788,88.48474
3069.0312,88.11206
3069.1836,88.38141
3069.336,89.16962
3069.4884,90.59454
3069.6408,92.0885
3069.7932,92.53571
3069.9456,91.24194
3070.098,89.50787
3070.2504,88.09503
3070.4028,87.90466
3070.5552,87.95123
3070.7076,87.97186
3070.86,86.99347
3071.0124,85.99371
3071.1648,87.78809
3071.3172,90.16644
3071.4696,91.98334
3071.622,93.12781
3071.7744,93.43866
3071.9268,92.35278
3072.0792,89.95227
3072.2316,87.21191
3072.384,83.76062
3072.5364,80.98993
3072.6888,78.73114
3072.8412,81.91748
3072.9936,83.76227
3073.146,85.45264
3073.2984,86.98486
3073.4508,88.32025
3073.6032,87.93964
3073.7556,85.90576
3073.908,83.81018
3074.0604,84.76178
3074.2128,86.20618
3074.3652,86.52087
3074.5176,85.11237
3074.67,84.099
3074.8224,83.40265
3074.9748,83.75891
3075.1272,86.27533
3075.2796,87.6947
3075.432,87.37592
3075.5844,87.88831
3075.7368,89.16223
3075.8892,89.9397
3076.0416,89.71643
3076.194,87.6095
3076.3464,84.95544
3076.4988,82.21674
3076.6512,79.94659
3076.8036,79.09314
3076.956,79.23413
3077.1084,80.12238
3077.2608,81.02563
3077.4132,81.98547
3077.5656,83.08246
3077.718,84.31268
3077.8704,85.51337
3078.0228,87.0191
3078.1752,87.87671
3078.3276,86.8418
3078.48,86.70258
3078.6324,87.79999
3078.7848,87.43256
3078.9372,85.88611
3079.0896,84.78119
3079.242,84.30298
3079.3944,83.90253
3079.5468,84.28613
3079.6992,85.43286
3079.8516,84.93079
3080.004,83.08093
3080.1564,82.53564
3080.3088,83.13867
3080.4612,84.34772
3080.6136,85.78448
3080.766,86.6499
3080.9184,86.70648
3081.0708,86.18878
3081.2232,85.16608
3081.3756,84.38928
3081.528,84.01654
3081.6804,84.172
3081.8328,84.83453
3081.9852,84.87909
3082.1376,84.34564
3082.29,83.40576
3082.4424,83.34033
3082.5948,85.28003
3082.7472,87.67786
3082.8996,89.32269
3083.052,91.49768
3083.2044,91.65436
3083.3568,87.97375
3083.5092,84.5213
3083.6616,81.40198
3083.814,80.19678
3083.9664,83.11627
3084.1188,86.25128
3084.2712,86.65808
3084.4236,85.12805
3084.576,86.2702
3084.7284,87.17078
3084.8808,85.71167
3085.0332,84.0152
3085.1856,83.84222
3085.338,84.64789
3085.4904,85.1712
3085.6428,84.60443
3085.7952,84.00574
3085.9476,84.5686
3086.1,86.8515
3086.2524,89.0542
3086.4048,90.72119
3086.5572,91.60657
3086.7096,91.53333
3086.862,87.79755
3087.0144,86.05933
3087.1668,85.9798
3087.3192,88.26593
3087.4716,90.40631
3087.624,88.49469
3087.7764,88.14105
3087.9288,88.93896
3088.0812,83.93341
3088.2336,79.66071
3088.386,76.13269
3088.5384,72.62433
3088.6908,68.66504
3088.8432,65.3573
3088.9956,67.66058
3089.148,67.65265
3089.3004,64.67853
3089.4528,59.61365
3089.6052,53.54727
3089.7576,43.56525
3089.91,37.21439
3090.0624,32.97025
3090.2148,30.7742
3090.3672,30.24672
3090.5196,28.35927
3090.672,26.38217
3090.8244,25.79536
3090.9768,25.43489
3091.1292,24.83977
3091.2816,23.43692
3091.434,21.91794
3091.5864,20.76805
3091.7388,20.33687
3091.8912,21.16545
3092.0436,22.83243
3092.196,23.74915
3092.3484,23.76057
3092.5008,23.48283
3092.6532,22.61432
3092.8056,21.24551
3092.958,20.99733
3093.1104,21.70618
3093.2628,22.53987
3093.4152,22.85353
3093.5676,22.64395
3093.72,22.25415
3093.8724,21.92136
3094.0248,21.89461
3094.1772,22.35037
3094.3296,22.99014
3094.482,23.34163
3094.6344,23.33711
3094.7868,23.17279
3094.9392,22.91765
3095.0916,22.75359
3095.244,22.89664
3095.3964,23.43666
3095.5488,24.49132
3095.7012,25.78497
3095.8536,26.32462
3096.006,26.03197
3096.1584,25.50124
3096.3108,25.05043
3096.4632,24.79482
3096.6156,25.63066
3096.768,27.04099
3096.9204,27.84949
3097.0728,28.06288
3097.2252,28.89124
3097.3776,31.08595
3097.53,33.6962
3097.6824,37.59827
3097.8348,45.52139
3097.9872,55.60657
3098.1396,66.25299
3098.292,72.64679
3098.4444,74.62866
3098.5968,72.98895
3098.7492,63.26309
3098.9016,55.41895
3099.054,49.06686
3099.2064,42.05606
3099.3588,35.67395
3099.5112,32.98389
3099.6636,32.42468
3099.816,32.86453
3099.9684,34.28
3100.1208,36.07281
3100.2732,38.3858
3100.4256,40.78177
3100.578,42.72849
3100.7304,43.73587
3100.8828,41.76242
3101.0352,39.65082
3101.1876,38.47717
3101.34,38.69595
3101.4924,36.05069
3101.6448,34.50204
3101.7972,35.3266
3101.9496,35.93936
3102.102,35.06277
3102.2544,33.89944
3102.4068,33.64407
3102.5592,35.38721
3102.7116,38.20184
3102.864,40.58136
3103.0164,41.02499
3103.1688,37.35452
3103.3212,35.09897
3103.4736,35.39084
3103.626,35.55533
3103.7784,33.92587
3103.9308,32.02954
3104.0832,31.77341
3104.2356,31.0004
3104.388,33.39313
3104.5404,35.89713
3104.6928,39.52448
3104.8452,40.97031
3104.9976,42.25946
3105.15,43.94638
3105.3024,46.29532
3105.4548,49.67984
3105.6072,53.66995
3105.7596,58.08569
3105.912,62.40186
3106.0644,66.27399
3106.2168,70.15802
3106.3692,74.38605
3106.5216,78.65063
3106.674,82.341
3106.8264,85.34174
3106.9788,87.98328
3107.1312,89.51563
3107.2836,90.03693
3107.436,89.08569
3107.5884,85.85474
3107.7408,81.07257
3107.8932,75.20917
3108.0456,68.91345
3108.198,57.17853
3108.3504,51.21259
3108.5028,47.99265
3108.6552,45.45389
3108.8076,43.87207
3108.96,43.25577
3109.1124,43.42581
3109.2648,43.6734
3109.4172,43.70135
3109.5696,43.39438
3109.722,42.43948
3109.8744,41.40573
3110.0268,40.36972
3110.1792,39.3262
3110.3316,38.2626
3110.484,37.20032
3110.6364,36.27765
3110.7888,35.43246
3110.9412,34.7189
3111.0936,34.24496
3111.246,34.85355
3111.3984,36.85339
3111.5508,39.67819
3111.7032,42.38464
3111.8556,44.13077
3112.008,45.50204
3112.1604,49.64102
3112.3128,55.13882
3112.4652,58.77515
3112.6176,62.25003
3112.77,66.90875
3112.9224,70.20374
3113.0748,71.72833
3113.2272,71.94403
3113.3796,71.36151
3113.532,69.60339
3113.6844,67.50061
3113.8368,65.89313
3113.9892,65.52179
3114.1416,66.26593
3114.294,66.61316
3114.4464,65.48938
3114.5988,63.73804
3114.7512,54.39575
3114.9036,44.0672
3115.056,38.56238
3115.2084,35.59192
3115.3608,34.00449
3115.5132,32.97147
3115.6656,33.05692
3115.818,35.82651
3115.9704,39.88174
3116.1228,43.13858
3116.2752,47.02072
3116.4276,51.36533
3116.58,55.61108
3116.7324,57.9563
3116.8848,58.11319
3117.0372,55.16525
3117.1896,51.79327
3117.342,44.95505
3117.4944,45.62186
3117.6468,46.32272
3117.7992,45.72006
3117.9516,44.38071
3118.104,44.65747
3118.2564,45.3743
3118.4088,45.05219
3118.5612,41.64423
3118.7136,38.84058
3118.866,37.01553
3119.0184,36.33401
3119.1708,36.1763
3119.3232,36.39606
3119.4756,36.70236
3119.628,36.48221
3119.7804,35.62701
3119.9328,35.30975
3120.0852,35.59897
3120.2376,37.20566
3120.39,39.33759
3120.5424,41.77597
3120.6948,44.09103
3120.8472,45.78345
3120.9996,46.93347
3121.152,47.14948
3121.3044,46.95764
3121.4568,45.84723
3121.6092,43.92502
3121.7616,41.13223
3121.914,39.15848
3122.0664,36.11145
3122.2188,34.13513
3122.3712,32.80612
3122.5236,32.34644
3122.676,32.55548
3122.8284,33.53207
3122.9808,34.4368
3123.1332,34.08475
3123.2856,33.2038
3123.438,34.14203
3123.5904,34.27832
3123.7428,33.54456
3123.8952,32.7688
3124.0476,32.45377
3124.2,32.63396
3124.3524,33.07351
3124.5048,39.88775
3124.6572,48.04044
3124.8096,56.3097
3124.962,64.86098
3125.1144,62.45332
3125.2668,59.42358
3125.4192,58.05882
3125.5716,62.50219
3125.724,68.62929
3125.8764,74.80975
3126.0288,78.78964
3126.1812,80.74773
3126.3336,81.03436
3126.486,77.30069
3126.6384,72.25069
3126.7908,68.68576
3126.9432,66.23505
3127.0956,64.26364
3127.248,62.58786
3127.4004,63.02048
3127.5528,63.90384
3127.7052,64.45755
3127.8576,63.93002
3128.01,61.70671
3128.1624,57.49385
3128.3148,52.12345
3128.4672,47.57099
3128.6196,44.70294
3128.772,42.01641
3128.9244,45.80112
3129.0768,52.63982
3129.2292,57.64754
3129.3816,61.61095
3129.534,64.72197
3129.6864,65.82147
3129.8388,63.88222
3129.9912,61.03866
3130.1436,58.35283
3130.296,56.19376
3130.4484,54.34342
3130.6008,52.80898
3130.7532,51.48056
3130.9056,52.49185
3131.058,56.67626
3131.2104,62.81163
3131.3628,69.27629
3131.5152,74.7406
3131.6676,78.91035
3131.82,83.11787
3131.9724,86.48013
3132.1248,87.96335
3132.2772,87.91925
3132.4296,86.97083
3132.582,85.18158
3132.7344,82.6629
3132.8868,79.42296
3133.0392,74.95525
3133.1916,69.81381
3133.344,64.88594
3133.4964,60.53658
3133.6488,56.33826
3133.8012,52.27984
3133.9536,50.01516
3134.106,49.83601
3134.2584,49.49957
3134.4108,47.07279
3134.5632,43.56589
3134.7156,40.00015
3134.868,42.49888
3135.0204,45.05284
3135.1728,43.04045
3135.3252,40.66902
3135.4776,38.64143
3135.63,39.11718
3135.7824,42.53217
3135.9348,46.596
3136.0872,50.15706
3136.2396,54.07075
3136.392,60.79819
3136.5444,67.52751
3136.6968,71.84373
3136.8492,75.21577
3137.0016,77.25136
3137.154,78.08644
3137.3064,78.29428
3137.4588,77.47935
3137.6112,75.3974
3137.7636,74.48175
3137.916,76.30765
3138.0684,78.33542
3138.2208,79.14171
3138.3732,79.31313
3138.5256,78.53127
3138.678,76.53674
3138.8304,74.14247
3138.9828,71.87059
3139.1352,69.81889
3139.2876,67.81166
3139.44,65.83939
3139.5924,63.93671
3139.7448,62.34555
3139.8972,61.30589
3140.0496,60.48827
3140.202,60.02827
3140.3544,59.80819
3140.5068,60.52247
3140.6592,62.64154
3140.8116,65.42564
3140.964,68.87534
3141.1164,73.96497
3141.2688,80.66116
3141.4212,85.27057
3141.5736,87.22661
3141.726,88.09195
3141.8784,86.31126
3142.0308,83.68893
3142.1832,81.40518
3142.3356,79.36768
3142.488,77.98256
3142.6404,78.83202
3142.7928,81.94019
3142.9452,84.7576
3143.0976,87.30246
3143.25,89.67363
3143.4024,91.31337
3143.5548,90.04601
3143.7072,79.73209
3143.8596,71.6078
3144.012,63.01408
3144.1644,56.883
3144.3168,51.28226
3144.4692,45.97684
3144.6216,43.40302
3144.774,42.56586
3144.9264,43.75622
3145.0788,49.41566
3145.2312,57.63023
3145.3836,64.3602
3145.536,69.86417
3145.6884,73.46846
3145.8408,75.23012
3145.9932,75.32732
3146.1456,68.82294
3146.298,59.86547
3146.4504,53.08594
3146.6028,48.14916
3146.7552,44.33788
3146.9076,42.62798
3147.06,42.13477
3147.2124,46.15086
3147.3648,53.68384
3147.5172,61.48776
3147.6696,70.86887
3147.822,76.64354
3147.9744,80.94319
3148.1268,82.57288
3148.2792,80.97758
3148.4316,77.62875
3148.584,74.19144
3148.7364,73.80013
3148.8888,69.78658
3149.0412,65.25659
3149.1936,61.51871
3149.346,60.68946
3149.4984,64.46815
3149.6508,67.58318
3149.8032,70.19743
3149.9556,69.67142
3150.108,64.3959
3150.2604,59.57164
3150.4128,54.52547
3150.5652,49.62359
3150.7176,45.56583
3150.87,41.41848
3151.0224,37.45145
3151.1748,35.77684
3151.3272,36.25306
3151.4796,37.71394
3151.632,40.14442
3151.7844,43.19818
3151.9368,46.61906
3152.0892,48.23472
3152.2416,48.53893
3152.394,49.5987
3152.5464,53.10132
3152.6988,58.68483
3152.8512,63.36172
3153.0036,66.67845
3153.156,68.42986
3153.3084,66.33876
3153.4608,58.55779
3153.6132,53.48745
3153.7656,50.49036
3153.918,48.53687
3154.0704,46.98785
3154.2228,47.08597
3154.3752,49.9882
3154.5276,53.12704
3154.68,56.4326
3154.8324,59.44178
3154.9848,61.605
3155.1372,62.70415
3155.2896,62.71865
3155.442,62.89342
3155.5944,63.3047
3155.7468,67.49084
3155.8992,71.0403
3156.0516,73.79552
3156.204,76.35138
3156.3564,77.83641
3156.5088,77.28636
3156.6612,73.68285
3156.8136,70.13806
3156.966,66.77266
3157.1184,63.1278
3157.2708,63.24171
3157.4232,66.70789
3157.5756,69.17334
3157.728,70.56064
3157.8804,70.44701
3158.0328,69.26776
3158.1852,67.40697
3158.3376,64.92693
3158.49,61.74763
3158.6424,58.04953
3158.7948,54.78362
3158.9472,54.77109
3159.0996,59.14127
3159.252,63.14421
3159.4044,65.04509
3159.5568,67.71521
3159.7092,70.46028
3159.8616,72.22913
3160.014,71.70795
3160.1664,70.38649
3160.3188,71.02252
3160.4712,73.05119
3160.6236,75.94914
3160.776,76.03801
3160.9284,75.25175
3161.0808,75.33945
3161.2332,80.63715
3161.3856,87.01881
3161.538,91.99269
3161.6904,90.30289
3161.8428,90.95056
3161.9952,92.29025
3162.1476,92.8954
3162.3,90.51546
3162.4524,87.46703
3162.6048,84.62067
3162.7572,82.70551
3162.9096,81.46182
3163.062,80.25571
3163.2144,79.13666
3163.3668,81.13361
3163.5192,80.49269
3163.6716,77.91194
3163.824,77.36078
3163.9764,79.16792
3164.1288,80.07039
3164.2812,76.97751
3164.4336,71.95984
3164.586,67.93127
3164.7384,64.61244
3164.8908,60.78619
3165.0432,55.4769
3165.1956,53.61546
3165.348,55.69157
3165.5004,58.14266
3165.6528,60.78114
3165.8052,61.71135
3165.9576,59.49736
3166.11,56.468
3166.2624,53.90701
3166.4148,51.71593
3166.5672,49.99857
3166.7196,51.29946
3166.872,52.83455
3167.0244,53.13788
3167.1768,52.61791
3167.3292,51.82614
3167.4816,51.83112
3167.634,53.3883
3167.7864,55.37781
3167.9388,58.24448
3168.0912,62.24545
3168.2436,65.68237
3168.396,66.79964
3168.5484,66.93364
3168.7008,69.21109
3168.8532,73.71951
3169.0056,79.01703
3169.158,82.06532
3169.3104,84.37396
3169.4628,85.56946
3169.6152,86.64928
3169.7676,87.70644
3169.92,88.13614
3170.0724,85.72133
3170.2248,83.76831
3170.3772,82.94048
3170.5296,82.69643
3170.682,82.45477
3170.8344,81.82231
3170.9868,79.45441
3171.1392,71.03262
3171.2916,65.03033
3171.444,58.23054
3171.5964,50.62363
3171.7488,44.16116
3171.9012,38.35979
3172.0536,34.40115
3172.206,33.54977
3172.3584,37.25639
3172.5108,42.18636
3172.6632,45.6344
3172.8156,48.73734
3172.968,51.4375
3173.1204,52.30603
3173.2728,50.77133
3173.4252,48.45721
3173.5776,48.7484
3173.73,51.64423
3173.8824,56.47172
3174.0348,70.39665
3174.1872,75.12233
3174.3396,69.87025
3174.492,62.47334
3174.6444,58.32306
3174.7968,64.3506
3174.9492,72.30907
3175.1016,77.60565
3175.254,77.40471
3175.4064,69.20711
3175.5588,60.58599
3175.7112,52.05508
3175.8636,45.35488
3176.016,40.89008
3176.1684,37.14234
3176.3208,35.90056
3176.4732,36.12864
3176.6256,37.59971
3176.778,39.28471
3176.9304,41.25031
3177.0828,46.66772
3177.2352,49.08068
3177.3876,50.64413
3177.54,52.34441
3177.6924,54.97832
3177.8448,58.32693
3177.9972,61.57809
3178.1496,65.80374
3178.302,70.87978
3178.4544,75.79648
3178.6068,79.79106
3178.7592,82.51648
3178.9116,80.92261
3179.064,73.92206
3179.2164,66.86093
3179.3688,61.50336
3179.5212,59.22654
3179.6736,59.10449
3179.826,59.81061
3179.9784,60.53331
3180.1308,60.49203
3180.2832,59.61123
3180.4356,58.52845
3180.588,59.69746
3180.7404,62.8454
3180.8928,69.08281
3181.0452,75.16832
3181.1976,76.57707
3181.35,74.48766
3181.5024,74.81483
3181.6548,76.36595
3181.8072,78.03127
3181.9596,77.9584
3182.112,73.51677
3182.2644,68.03291
3182.4168,62.60275
3182.5692,58.81577
3182.7216,59.69181
3182.874,63.8988
3183.0264,67.21527
3183.1788,56.93963
3183.3312,48.69613
3183.4836,42.10945
3183.636,36.86192
3183.7884,33.10301
3183.9408,32.94028
3184.0932,34.616
3184.2456,36.11829
3184.398,37.3532
3184.5504,37.79625
3184.7028,36.19208
3184.8552,34.89202
3185.0076,34.48748
3185.16,34.80007
3185.3124,35.451
3185.4648,35.99474
3185.6172,36.26204
3185.7696,35.96692
3185.922,35.27534
3186.0744,33.96135
3186.2268,33.73369
3186.3792,34.51814
3186.5316,35.67551
3186.684,35.74032
3186.8364,35.32107
3186.9888,35.1858
3187.1412,34.92567
3187.2936,34.91178
3187.446,36.09673
3187.5984,39.42324
3187.7508,43.05946
3187.9032,44.48898
3188.0556,45.15547
3188.208,48.33634
3188.3604,51.06892
3188.5128,52.17958
3188.6652,53.18129
3188.8176,54.41365
3188.97,59.12028
3189.1224,65.09908
3189.2748,71.74712
3189.4272,77.38889
3189.5796,81.5927
3189.732,83.74908
3189.8844,83.34193
3190.0368,82.32841
3190.1892,82.31477
3190.3416,83.12004
3190.494,83.93806
3190.6464,82.83485
3190.7988,81.47691
3190.9512,82.63988
3191.1036,80.24252
3191.256,81.04938
3191.4084,81.42082
3191.5608,77.20589
3191.7132,73.88518
3191.8656,70.82863
3192.018,67.81886
3192.1704,65.04283
3192.3228,64.07928
3192.4752,69.44846
3192.6276,76.96393
3192.78,82.32281
3192.9324,86.32045
3193.0848,88.53479
3193.2372,89.39603
3193.3896,88.82835
3193.542,86.11902
3193.6944,83.09723
3193.8468,79.95689
3193.9992,76.77409
3194.1516,73.52063
3194.304,69.01985
3194.4564,64.83206
3194.6088,67.56348
3194.7612,70.75122
3194.9136,74.55038
3195.066,76.11533
3195.2184,68.03365
3195.3708,64.86983
3195.5232,61.75144
3195.6756,64.27158
3195.828,67.6286
3195.9804,70.10936
3196.1328,70.20865
3196.2852,67.36174
3196.4376,64.61638
3196.59,62.95279
3196.7424,62.6515
3196.8948,64.37962
3197.0472,66.92766
3197.1996,70.03026
3197.352,74.25488
3197.5044,79.10184
3197.6568,84.15161
3197.8092,88.99826
3197.9616,92.18372
3198.114,93.40491
3198.2664,89.76382
3198.4188,86.08649
3198.5712,84.50575
3198.7236,83.73257
3198.876,82.36967
3199.0284,83.59984
3199.1808,86.46581
3199.3332,89.58757
3199.4856,88.76031
3199.638,86.76759
3199.7904,85.45871
3199.9428,85.36324
3200.0952,86.62943
3200.2476,88.67511
3200.4,91.0777
3200.5524,91.28516
3200.7048,90.97144
3200.8572,92.10803
3201.0096,93.88385
3201.162,93.15247
3201.3144,90.14575
3201.4668,86.65472
3201.6192,84.36859
3201.7716,82.89539
3201.924,82.19464
3202.0764,83.18347
3202.2288,85.13513
3202.3812,87.56104
3202.5336,86.75415
3202.686,83.66425
3202.8384,81.06799
3202.9908,79.54626
3203.1432,77.8053
3203.2956,74.50281
3203.448,70.12787
3203.6004,66.09833
3203.7528,63.09195
3203.9052,61.42725
3204.0576,62.14362
3204.21,62.20389
3204.3624,60.52783
3204.5148,58.4718
3204.6672,56.397
3204.8196,54.37408
3204.972,55.32251
3205.1244,59.40369
3205.2768,63.91559
3205.4292,65.83575
3205.5816,61.90817
3205.734,57.07184
3205.8864,54.19922
3206.0388,51.77689
3206.1912,54.02817
3206.3436,58.77521
3206.496,62.38858
3206.6484,64.47644
3206.8008,66.06952
3206.9532,68.53424
3207.1056,71.4986
3207.258,74.97754
3207.4104,75.31537
3207.5628,78.73962
3207.7152,87.04327
3207.8676,93.80627
3208.02,95.72003
3208.1724,93.69446
3208.3248,90.98383
3208.4772,89.4859
3208.6296,89.20056
3208.782,88.18707
3208.9344,87.83875
3209.0868,90.49567
3209.2392,94.36627
3209.3916,97.13068
3209.544,98.35156
3209.6964,98.45502
3209.8488,98.06592
3210.0012,97.28931
3210.1536,95.12756
3210.306,90.85956
3210.4584,86.54877
3210.6108,83.45074
3210.7632,80.56177
3210.9156,77.83594
3211.068,75.38654
3211.2204,73.44745
3211.3728,72.8761
3211.5252,74.50305
3211.6776,77.15918
3211.83,79.5498
3211.9824,81.70477
3212.1348,83.70129
3212.2872,83.53729
3212.4396,80.04852
3212.592,76.88068
3212.7444,74.43353
3212.8968,72.22583
3213.0492,70.29034
3213.2016,70.78412
3213.354,73.29901
3213.5064,72.27631
3213.6588,67.44214
3213.8112,61.17679
3213.9636,53.70047
3214.116,46.82681
3214.2684,42.29318
3214.4208,39.06705
3214.5732,35.71747
3214.7256,32.72614
3214.878,31.72162
3215.0304,33.50079
3215.1828,35.20578
3215.3352,36.2421
3215.4876,36.00061
3215.64,35.32245
3215.7924,35.45612
3215.9448,37.37463
3216.0972,41.40167
3216.2496,44.90631
3216.402,46.31116
3216.5544,42.9079
3216.7068,38.7012
3216.8592,34.84097
3217.0116,32.22769
3217.164,30.94374
3217.3164,30.06735
3217.4688,29.52652
3217.6212,29.23041
3217.7736,29.39917
3217.926,30.70799
3218.0784,32.44415
3218.2308,34.23105
3218.3832,35.91418
3218.5356,37.56967
3218.688,38.88733
3218.8404,38.21756
3218.9928,37.73447
3219.1452,38.25153
3219.2976,38.34229
3219.45,36.82108
3219.6024,35.51141
3219.7548,36.93665
3219.9072,38.66629
3220.0596,40.72977
3220.212,42.22113
3220.3644,43.19333
3220.5168,43.92801
3220.6692,43.483
3220.8216,42.07953
3220.974,40.78577
3221.1264,39.19705
3221.2788,38.16602
3221.4312,39.37552
3221.5836,40.77576
3221.736,42.3428
3221.8884,44.13831
3222.0408,45.58188
3222.1932,45.65317
3222.3456,46.49545
3222.498,48.63651
3222.6504,50.98062
3222.8028,53.03366
3222.9552,51.60324
3223.1076,48.35046
3223.26,45.63229
3223.4124,42.92569
3223.5648,40.46689
3223.7172,38.00842
3223.8696,35.73868
3224.022,33.57309
3224.1744,31.75253
3224.3268,30.19092
3224.4792,29.13216
3224.6316,28.73599
3224.784,28.68686
3224.9364,28.95105
3225.0888,29.20193
3225.2412,29.21561
3225.3936,28.20477
3225.546,26.66495
3225.6984,26.48068
3225.8508,27.18507
3226.0032,27.36726
3226.1556,27.11453
3226.308,26.40259
3226.4604,25.23361
3226.6128,23.90509
3226.7652,22.54626
3226.9176,21.33122
3227.07,20.45137
3227.2224,21.00121
3227.3748,22.07631
3227.5272,23.16658
3227.6796,24.17075
3227.832,24.84641
3227.9844,24.95567
3228.1368,24.43686
3228.2892,23.95418
3228.4416,23.50816
3228.594,24.05283
3228.7464,25.1143
3228.8988,25.62007
3229.0512,25.28949
3229.2036,24.45499
3229.356,23.76047
3229.5084,23.58997
3229.6608,23.96678
3229.8132,24.67389
3229.9656,25.1203
3230.118,25.15372
3230.2704,24.70363
3230.4228,24.19398
3230.5752,23.8801
3230.7276,23.88931
3230.88,24.00383
3231.0324,24.15826
3231.1848,24.33163
3231.3372,24.51405
3231.4896,24.71274
3231.642,24.84549
3231.7944,24.86496
3231.9468,24.88283
3232.0992,25.07089
3232.2516,25.29338
3232.404,25.5363
3232.5564,25.89037
3232.7088,26.04482
3232.8612,25.74738
3233.0136,25.12506
3233.166,24.56302
3233.3184,24.30118
3233.4708,24.47183
3233.6232,24.79424
3233.7756,25.20351
3233.928,25.47353
3234.0804,25.20856
3234.2328,24.73611
3234.3852,24.46912
3234.5376,24.78249
3234.69,25.52315
3234.8424,26.46942
3234.9948,27.24217
3235.1472,28.13411
3235.2996,29.00691
3235.452,29.55246
3235.6044,29.48126
3235.7568,29.92186
3235.9092,31.05693
3236.0616,31.90143
3236.214,32.13916
3236.3664,31.60121
3236.5188,30.92366
3236.6712,30.80487
3236.8236,31.15553
3236.976,31.79703
3237.1284,32.1304
3237.2808,32.28238
3237.4332,31.65756
3237.5856,30.72516
3237.738,30.14497
3237.8904,30.30109
3238.0428,30.1387
3238.1952,29.31657
3238.3476,28.16524
3238.5,27.6376
3238.6524,27.90063
3238.8048,28.32568
3238.9572,28.56999
3239.1096,28.21361
3239.262,27.33142
3239.4144,27.29701
3239.5668,27.76733
3239.7192,27.84778
3239.8716,27.19087
3240.024,26.1418
3240.1764,25.2861
3240.3288,24.68774
3240.4812,24.30264
3240.6336,24.31256
3240.786,24.5154
3240.9384,24.96443
3241.0908,25.43141
3241.2432,25.36723
3241.3956,24.48915
3241.548,23.40752
3241.7004,22.58055
3241.8528,22.16277
3242.0052,21.99374
3242.1576,21.87711
3242.31,21.96541
3242.4624,22.20656
3242.6148,22.61662
3242.7672,23.17334
3242.9196,23.7751
3243.072,24.40495
3243.2244,25.07066
3243.3768,25.59709
3243.5292,26.08609
3243.6816,26.18619
3243.834,25.01485
3243.9864,24.07094
3244.1388,24.10307
3244.2912,24.67599
3244.4436,25.43774
3244.596,25.76605
3244.7484,25.72981
3244.9008,25.55893
3245.0532,25.4895
3245.2056,25.97556
3245.358,27.49644
3245.5104,30.12077
3245.6628,32.82117
3245.8152,33.55765
3245.9676,41.42609
3246.12,52.84143
3246.2724,62.44388
3246.4248,71.966
3246.5772,80.56616
3246.7296,85.46967
3246.882,79.44696
3247.0344,64.85608
3247.1868,52.79898
3247.3392,45.20483
3247.4916,40.22516
3247.644,37.63629
3247.7964,36.36826
3247.9488,39.28354
3248.1012,45.50861
3248.2536,50.6424
3248.406,53.91943
3248.5584,55.78757
3248.7108,56.66357
3248.8632,56.64063
3249.0156,55.52313
3249.168,53.83093
3249.3204,52.20349
3249.4728,51.54071
3249.6252,55.81888
3249.7776,63.54803
3249.93,67.69092
3250.0824,67.26514
3250.2348,63.47537
3250.3872,59.20654
3250.5396,54.19482
3250.692,49.24612
3250.8444,44.85342
3250.9968,40.73245
3251.1492,36.50198
3251.3016,33.21823
3251.454,32.49631
3251.6064,33.2197
3251.7588,33.26236
3251.9112,32.50635
3252.0636,31.4789
3252.216,30.34636
3252.3684,29.3073
3252.5208,28.70168
3252.6732,28.93387
3252.8256,29.98346
3252.978,30.71161
3253.1304,30.21291
3253.2828,29.08807
3253.4352,28.69945
3253.5876,28.96404
3253.74,28.07567
3253.8924,26.5713
3254.0448,25.76776
3254.1972,27.16566
3254.3496,29.42267
3254.502,31.91862
3254.6544,34.66608
3254.8068,36.69836
3254.9592,37.84497
3255.1116,38.12152
3255.264,37.94009
3255.4164,37.60654
3255.5688,37.2207
3255.7212,36.34128
3255.8736,33.03729
3256.026,28.0388
3256.1784,25.18056
3256.3308,24.40665
3256.4832,23.8306
3256.6356,23.92967
3256.788,24.55055
3256.9404,25.26648
3257.0928,26.03807
3257.2452,26.50021
3257.3976,26.48604
3257.55,25.64008
3257.7024,24.3504
3257.8548,23.38373
3258.0072,22.87711
3258.1596,23.0515
3258.312,23.84042
3258.4644,24.51184
3258.6168,24.88733
3258.7692,24.91917
3258.9216,24.9586
3259.074,24.97977
3259.2264,25.36346
3259.3788,25.86174
3259.5312,26.77583
3259.6836,27.82977
3259.836,30.05568
3259.9884,33.4397
3260.1408,38.1579
3260.2932,44.87625
3260.4456,59.74765
3260.598,73.43622
3260.7504,88.75635
3260.9028,99.66364
3261.0552,101.9681
3261.2076,102.394
3261.36,95.10663
3261.5124,87.81787
3261.6648,83.8053
3261.8172,81.40857
3261.9696,79.70428
3262.122,79.19843
3262.2744,77.80096
3262.4268,84.38116
3262.5792,87.43958
3262.7316,90.0365
3262.884,91.62952
3263.0364,92.29492
3263.1888,92.23364
3263.3412,91.8999
3263.4936,91.05835
3263.646,89.30188
3263.7984,87.02283
3263.9508,84.1618
3264.1032,81.14563
3264.2556,78.67554
3264.408,76.4342
3264.5604,76.33435
3264.7128,76.42487
3264.8652,76.50391
3265.0176,76.83405
3265.17,77.30994
3265.3224,77.87177
3265.4748,77.85638
3265.6272,77.55865
3265.7796,78.49988
3265.932,80.56824
3266.0844,81.9353
3266.2368,83.03943
3266.3892,83.34491
3266.5416,82.32343
3266.694,79.69562
3266.8464,80.24963
3266.9988,79.85248
3267.1512,78.76654
3267.3036,78.13556
3267.456,80.53284
3267.6084,82.98108
3267.7608,85.72028
3267.9132,88.22827
3268.0656,88.5011
3268.218,87.41296
3268.3704,88.47839
3268.5228,85.75208
3268.6752,82.77808
3268.8276,80.46851
3268.98,75.50482
3269.1324,70.61218
3269.2848,65.073
3269.4372,61.21704
3269.5896,59.84073
3269.742,60.17868
3269.8944,61.20346
3270.0468,63.69919
3270.1992,69.25757
3270.3516,75.05206
3270.504,83.73334
3270.6564,93.41888
3270.8088,97.58569
3270.9612,100.1915
3271.1136,100.7305
3271.266,98.22156
3271.4184,85.43842
3271.5708,80.78455
3271.7232,78.27795
3271.8756,77.9068
3272.028,79.75958
3272.1804,82.10443
3272.3328,84.90961
3272.4852,89.28766
3272.6376,94.53937
3272.79,96.58234
3272.9424,99.97443
3273.0948,102.643
3273.2472,103.2086
3273.3996,103.1281
3273.552,102.3004
3273.7044,100.751
3273.8568,98.6131
3274.0092,95.88983
3274.1616,92.29993
3274.314,89.63275
3274.4664,88.12244
3274.6188,84.50891
3274.7712,79.62817
3274.9236,73.961
3275.076,73.86438
3275.2284,86.39197
3275.3808,90.80139
3275.5332,92.53302
3275.6856,94.49823
3275.838,97.98975
3275.9904,101.8207
3276.1428,104.7479
3276.2952,106.3474
3276.4476,106.7554
3276.6,106.4658
3276.7524,105.3507
3276.9048,103.5861
3277.0572,101.2278
3277.2096,98.49837
3277.362,95.87622
3277.5144,93.27647
3277.6668,90.57954
3277.8192,88.6199
3277.9716,88.81511
3278.124,89.9351
3278.2764,90.65619
3278.4288,90.3367
3278.5812,89.21413
3278.7336,89.07317
3278.886,90.11499
3279.0384,91.63101
3279.1908,92.98628
3279.3432,93.72112
3279.4956,93.03387
3279.648,89.9019
3279.8004,86.21819
3279.9528,83.02495
3280.1052,80.5118
3280.2576,79.89355
3280.41,80.6981
3280.5624,79.05202
3280.7148,77.3557
3280.8672,79.49782
3281.0196,80.74748
3281.172,81.77567
3281.3244,81.83002
3281.4768,80.05588
3281.6292,76.29643
3281.7816,72.16695
3281.934,68.77499
3282.0864,65.01476
3282.2388,61.45769
3282.3912,60.68091
3282.5436,61.78127
3282.696,59.97215
3282.8484,56.69382
3283.0008,53.69954
3283.1532,51.13319
3283.3056,50.33041
3283.458,52.56206
3283.6104,56.91313
3283.7628,63.60537
3283.9152,72.98216
3284.0676,81.73247
3284.22,90.98302
3284.3724,100.1321
3284.5248,103.8513
3284.6772,105.301
3284.8296,105.5086
3284.982,104.3934
3285.1344,102.7703
3285.2868,101.6365
3285.4392,101.6194
3285.5916,102.4305
3285.744,103.7182
3285.8964,104.9493
3286.0488,105.2753
3286.2012,104.1584
3286.3536,101.5817
3286.506,97.65523
3286.6584,92.57024
3286.8108,88.41629
3286.9632,86.58328
3287.1156,83.89937
3287.268,79.54054
3287.4204,73.55893
3287.5728,67.89531
3287.7252,62.99969
3287.8776,57.69702
3288.03,52.4813
3288.1824,47.83395
3288.3348,43.15381
3288.4872,39.26003
3288.6396,37.01062
3288.792,35.14308
3288.9444,34.2951
3289.0968,35.10596
3289.2492,36.71222
3289.4016,38.65832
3289.554,40.52571
3289.7064,41.95098
3289.8588,42.0433
3290.0112,41.11658
3290.1636,40.87704
3290.316,41.17999
3290.4684,40.56287
3290.6208,38.35233
3290.7732,36.31048
3290.9256,35.18978
3291.078,34.19189
3291.2304,33.60995
3291.3828,33.64157
3291.5352,33.97654
3291.6876,34.20919
3291.84,34.36216
3291.9924,34.54463
3292.1448,34.72411
3292.2972,34.59151
3292.4496,33.56022
3292.602,31.62973
3292.7544,30.89193
3292.9068,31.89991
3293.0592,33.01799
3293.2116,33.6131
3293.364,33.21601
3293.5164,32.03373
3293.6688,31.18989
3293.8212,31.33144
3293.9736,32.01111
3294.126,32.29604
3294.2784,31.53705
3294.4308,30.17621
3294.5832,29.25475
3294.7356,29.16802
3294.888,29.53709
3295.0404,29.80923
3295.1928,29.50243
3295.3452,28.85407
3295.4976,28.26006
3295.65,28.20461
3295.8024,28.81805
3295.9548,29.79177
3296.1072,30.65042
3296.2596,30.55034
3296.412,30.44775
3296.5644,31.24419
3296.7168,31.83047
3296.8692,31.32615
3297.0216,30.48891
3297.174,29.90564
3297.3264,29.73422
3297.4788,30.92228
3297.6312,33.31014
3297.7836,36.33102
3297.936,40.10114
3298.0884,44.78017
3298.2408,51.90639
3298.3932,63.35055
3298.5456,76.73241
3298.698,85.64781
3298.8504,91.45695
3299.0028,93.42097
3299.1552,93.56836
3299.3076,94.21069
3299.46,93.62453
3299.6124,92.22835
3299.7648,91.81699
3299.9172,92.24702
3300.0696,92.26344
3300.222,91.46399
3300.3744,90.97523
3300.5268,91.12744
3300.6792,89.98953
3300.8316,86.34996
3300.984,80.68483
3301.1364,75.672
3301.2888,73.25459
3301.4412,75.78412
3301.5936,80.30492
3301.746,84.09329
3301.8984,84.20926
3302.0508,81.66853
3302.2032,81.26065
3302.3556,82.68884
3302.508,84.49312
3302.6604,85.83772
3302.8128,86.79234
3302.9652,88.35498
3303.1176,90.42998
3303.27,92.44148
3303.4224,94.94685
3303.5748,97.15659
3303.7272,96.96999
3303.8796,94.54704
3304.032,91.81244
3304.1844,89.56596
3304.3368,88.08249
3304.4892,88.56187
3304.6416,89.99501
3304.794,91.70201
3304.9464,85.06248
3305.0988,79.79625
3305.2512,77.80252
3305.4036,76.32384
3305.556,74.96893
3305.7084,72.49684
3305.8608,69.67326
3306.0132,68.14101
3306.1656,67.686
3306.318,67.94414
3306.4704,68.44858
3306.6228,68.72234
3306.7752,68.50699
3306.9276,66.99985
3307.08,64.86134
3307.2324,62.90903
3307.3848,61.40128
3307.5372,61.11833
3307.6896,62.42145
3307.842,65.05371
3307.9944,68.33696
3308.1468,72.27223
3308.2992,75.51563
3308.4516,78.06535
3308.604,78.94867
3308.7564,75.00412
3308.9088,70.32368
3309.0612,66.7941
3309.2136,64.10394
3309.366,62.10925
3309.5184,60.78815
3309.6708,60.64744
3309.8232,62.35872
3309.9756,65.21313
3310.128,68.47241
3310.2804,71.30681
3310.4328,73.51422
3310.5852,75.57416
3310.7376,77.66541
3310.89,80.7971
3311.0424,83.72925
3311.1948,84.97774
3311.3472,84.2458
3311.4996,74.96944
3311.652,62.14464
3311.8044,52.95522
3311.9568,45.85758
3312.1092,40.4874
3312.2616,37.81774
3312.414,36.35014
3312.5664,35.44669
3312.7188,34.84247
3312.8712,34.54397
3313.0236,34.22812
3313.176,33.84012
3313.3284,33.42339
3313.4808,32.98547
3313.6332,32.5374
3313.7856,32.03767
3313.938,31.63213
3314.0904,31.86119
3314.2428,32.71236
3314.3952,33.73667
3314.5476,34.82706
3314.7,34.27848
3314.8524,32.69387
3315.0048,31.7951
3315.1572,31.54763
3315.3096,32.06161
3315.462,32.76186
3315.6144,33.28497
3315.7668,32.11708
3315.9192,30.86008
3316.0716,30.76177
3316.224,31.30125
3316.3764,31.85085
3316.5288,32.2187
3316.6812,31.55482
3316.8336,31.79916
3316.986,33.00299
3317.1384,34.22834
3317.2908,35.28473
3317.4432,36.16412
3317.5956,36.98531
3317.748,37.68161
3317.9004,38.36089
3318.0528,38.90167
3318.2052,39.26211
3318.3576,39.32619
3318.51,39.10437
3318.6624,37.9241
3318.8148,36.31388
3318.9672,35.34499
3319.1196,35.543
3319.272,36.27448
3319.4244,37.4324
3319.5768,37.21531
3319.7292,37.03579
3319.8816,37.65551
3320.034,38.32401
3320.1864,38.64622
3320.3388,38.2871
3320.4912,37.74352
3320.6436,37.27646
3320.796,37.3639
3320.9484,37.12928
3321.1008,36.37225
3321.2532,35.72434
3321.4056,35.43736
3321.558,35.78001
3321.7104,36.32182
3321.8628,36.85698
3322.0152,37.00877
3322.1676,36.83393
3322.32,36.07169
3322.4724,34.90083
3322.6248,33.50869
3322.7772,32.26186
3322.9296,31.01483
3323.082,29.63205
3323.2344,29.14759
3323.3868,29.0203
3323.5392,28.9489
3323.6916,29.22044
3323.844,29.57188
3323.9964,30.17629
3324.1488,30.83084
3324.3012,31.48581
3324.4536,31.94588
3324.606,32.24556
3324.7584,32.26394
3324.9108,32.18525
3325.0632,31.89831
3325.2156,31.57368
3325.368,31.27069
3325.5204,31.05163
3325.6728,30.81734
3325.8252,30.59809
3325.9776,30.47057
3326.13,30.52892
3326.2824,30.76883
3326.4348,31.24107
3326.5872,32.20919
3326.7396,33.21459
3326.892,33.6169
3327.0444,33.4592
3327.1968,33.09432
3327.3492,32.67682
3327.5016,32.24743
3327.654,31.92436
3327.8064,32.10051
3327.9588,32.93118
3328.1112,34.35706
3328.2636,35.71478
3328.416,36.96658
3328.5684,38.02401
3328.7208,38.66499
3328.8732,38.66802
3329.0256,38.42389
3329.178,36.89331
3329.3304,34.16531
3329.4828,32.81853
3329.6352,32.84614
3329.7876,33.14944
3329.94,33.55377
3330.0924,34.30324
3330.2448,34.84148
3330.3972,35.17407
3330.5496,35.12613
3330.702,34.33539
3330.8544,33.09215
3331.0068,33.42612
3331.1592,35.25441
3331.3116,36.63458
3331.464,36.76862
3331.6164,36.09459
3331.7688,35.43421
3331.9212,35.58452
3332.0736,37.09181
3332.226,38.49393
3332.3784,39.59528
3332.5308,40.20288
3332.6832,39.46452
3332.8356,38.66617
3332.988,38.09753
3333.1404,38.15382
3333.2928,38.61549
3333.4452,39.50665
3333.5976,40.55299
3333.75,41.66463
3333.9024,41.49256
3334.0548,40.03164
3334.2072,38.99773
3334.3596,38.91711
3334.512,39.88128
3334.6644,40.89133
3334.8168,41.75546
3334.9692,42.40681
3335.1216,42.93831
3335.274,43.36588
3335.4264,43.1803
3335.5788,41.87417
3335.7312,41.30466
3335.8836,40.57142
3336.036,38.80278
3336.1884,36.90723
3336.3408,35.85168
3336.4932,35.40571
3336.6456,35.20393
3336.798,35.72119
3336.9504,37.43195
3337.1028,40.3008
3337.2552,43.59648
3337.4076,45.65318
3337.56,48.08813
3337.7124,50.88685
3337.8648,49.17418
3338.0172,46.40011
3338.1696,44.49153
3338.322,44.43265
3338.4744,47.24842
3338.6268,70.92239
3338.7792,94.28426
3338.9316,105.2818
3339.084,111.2763
3339.2364,118.4697
3339.3888,125.427
3339.5412,128.1071
3339.6936,130.1944
3339.846,132.2496
3339.9984,132.9031
3340.1508,131.4998
3340.3032,127.5106
3340.4556,123.4679
3340.608,119.4034
3340.7604,115.7577
3340.9128,116.5708
3341.0652,114.8205
3341.2176,110.2024
3341.37,104.7728
3341.5224,100.6792
3341.6748,96.4471
3341.8272,95.80855
3341.9796,96.74756
3342.132,99.5918
3342.2844,102.4282
3342.4368,106.3069
3342.5892,108.8121
3342.7416,108.4699
3342.894,107.7555
3343.0464,109.3147
3343.1988,110.3414
3343.3512,108.7285
3343.5036,108.3199
3343.656,108.5602
3343.8084,107.194
3343.9608,99.90231
3344.1132,94.44911
3344.2656,90.30247
3344.418,88.63428
3344.5704,88.60361
3344.7228,92.32454
3344.8752,95.95467
3345.0276,99.04089
3345.18,100.0513
3345.3324,93.82742
3345.4848,89.03688
3345.6372,85.70595
3345.7896,86.26578
3345.942,88.69147
3346.0944,91.07298
3346.2468,93.68703
3346.3992,94.86105
3346.5516,94.74687
3346.704,96.32037
3346.8564,97.7003
3347.0088,98.42883
3347.1612,98.76306
3347.3136,99.63298
3347.466,98.2901
3347.6184,98.12953
3347.7708,98.93204
3347.9232,99.18575
3348.0756,98.92029
3348.228,99.04378
3348.3804,91.69228
3348.5328,90.52481
3348.6852,95.93654
3348.8376,98.72575
3348.99,99.76563
3349.1424,97.58838
3349.2948,99.23982
3349.4472,103.0134
3349.5996,105.8816
3349.752,106.3563
3349.9044,105.7845
3350.0568,104.1403
3350.2092,103.0812
3350.3616,103.9124
3350.514,104.541
3350.6664,103.1155
3350.8188,100.209
3350.9712,96.75545
3351.1236,92.43132
3351.276,88.70486
3351.4284,85.4232
3351.5808,84.61848
3351.7332,86.86124
3351.8856,86.44037
3352.038,84.06024
3352.1904,81.74677
3352.3428,80.29924
3352.4952,78.86903
3352.6476,80.80673
3352.8,83.84595
3352.9524,97.38849
3353.1048,95.104
3353.2572,92.93494
3353.4096,93.03528
3353.562,97.28723
3353.7144,101.7554
3353.8668,105.4479
3354.0192,107.5961
3354.1716,104.1613
3354.324,99.48309
3354.4764,93.84668
3354.6288,86.87439
3354.7812,80.44495
3354.9336,76.07257
3355.086,71.93652
3355.2384,68.26947
3355.3908,64.85638
3355.5432,61.13312
3355.6956,58.43643
3355.848,57.36432
3356.0004,56.91272
3356.1528,56.57214
3356.3052,57.52606
3356.4576,58.78662
3356.61,58.13498
3356.7624,56.18964
3356.9148,55.6507
3357.0672,54.75247
3357.2196,54.6626
3357.372,54.60724
3357.5244,54.8284
3357.6768,55.11176
3357.8292,55.16846
3357.9816,55.0972
3358.134,53.32886
3358.2864,50.75507
3358.4388,50.01959
3358.5912,50.36411
3358.7436,51.05988
3358.896,51.92645
3359.0484,51.92856
3359.2008,50.13104
3359.3532,48.18018
3359.5056,47.09628
3359.658,46.24039
3359.8104,47.75156
3359.9628,51.44315
3360.1152,54.75452
3360.2676,54.97092
3360.42,53.40588
3360.5724,50.25278
3360.7248,46.79132
3360.8772,42.88544
3361.0296,39.78174
3361.182,36.79901
3361.3344,33.83334
3361.4868,31.06334
3361.6392,28.51927
3361.7916,28.0627
3361.944,29.50446
3362.0964,29.96985
3362.2488,29.54474
3362.4012,29.16371
3362.5536,30.45955
3362.706,32.49393
3362.8584,34.0527
3363.0108,34.53036
3363.1632,33.8938
3363.3156,33.00992
3363.468,32.285
3363.6204,31.83876
3363.7728,31.19949
3363.9252,31.46547
3364.0776,32.45908
3364.23,33.65854
3364.3824,34.94107
3364.5348,34.64297
3364.6872,33.42935
3364.8396,32.29132
3364.992,31.45518
3365.1444,31.08058
3365.2968,31.23131
3365.4492,31.77441
3365.6016,32.67136
3365.754,33.67752
3365.9064,34.66302
3366.0588,35.70038
3366.2112,36.38623
3366.3636,36.63147
3366.516,35.94354
3366.6684,34.74823
3366.8208,33.81177
3366.9732,33.06464
3367.1256,32.7493
3367.278,32.58386
3367.4304,32.79367
3367.5828,33.26901
3367.7352,34.42093
3367.8876,35.95135
3368.04,37.332
3368.1924,37.04858
3368.3448,35.76801
3368.4972,34.72324
3368.6496,34.15863
3368.802,34.82294
3368.9544,36.07443
3369.1068,36.34888
3369.2592,35.5719
3369.4116,34.82602
3369.564,35.32471
3369.7164,36.09003
3369.8688,34.99615
3370.0212,32.97009
3370.1736,31.48492
3370.326,30.62947
3370.4784,30.94185
3370.6308,32.00092
3370.7832,33.00677
3370.9356,33.91461
3371.088,34.77466
3371.2404,35.46753
3371.3928,36.01849
3371.5452,36.5621
3371.6976,37.35989
3371.85,38.88712
3372.0024,41.51028
3372.1548,45.79208
3372.3072,50.0799
3372.4596,53.03989
3372.612,57.20071
3372.7644,64.57349
3372.9168,83.78107
3373.0692,103.5511
3373.2216,108.4791
3373.374,107.1718
3373.5264,101.092
3373.6788,94.72931
3373.8312,89.81567
3373.9836,86.646
3374.136,85.09009
3374.2884,84.67731
3374.4408,84.34357
3374.5932,84.25171
3374.7456,84.13068
3374.898,85.22241
3375.0504,89.00446
3375.2028,94.01569
3375.3552,99.16241
3375.5076,100.8912
3375.66,101.1404
3375.8124,103.8594
3375.9648,106.2092
3376.1172,108.0593
3376.2696,110.4076
3376.422,112.1975
3376.5744,112.469
3376.7268,110.9675
3376.8792,110.6002
3377.0316,110.9822
3377.184,112.4952
3377.3364,113.8541
3377.4888,113.4913
3377.6412,107.832
3377.7936,99.86548
3377.946,91.28986
3378.0984,85.93427
3378.2508,82.77515
3378.4032,86.83197
3378.5556,91.61639
3378.708,87.823
3378.8604,77.50592
3379.0128,75.05835
3379.1652,75.7262
3379.3176,83.35083
3379.47,86.74762
3379.6224,84.55237
3379.7748,84.50641
3379.9272,95.63916
3380.0796,107.1838
3380.232,112.792
3380.3844,116.6576
3380.5368,108.2591
3380.6892,103.4304
3380.8416,100.8354
3380.994,99.06696
3381.1464,96.76086
3381.2988,92.8371
3381.4512,89.5592
3381.6036,86.9566
3381.756,84.96851
3381.9084,83.76422
3382.0608,84.33325
3382.2132,82.20764
3382.3656,80.82452
3382.518,79.87646
3382.6704,80.09778
3382.8228,80.77051
3382.9752,80.90533
3383.1276,81.27454
3383.28,81.93994
3383.4324,83.32745
3383.5848,86.16815
3383.7372,89.10968
3383.8896,88.21405
3384.042,86.55725
3384.1944,85.52435
3384.3468,86.3548
3384.4992,93.38721
3384.6516,98.17029
3384.804,101.5029
3384.9564,100.3676
3385.1088,95.5769
3385.2612,91.01178
3385.4136,87.91919
3385.566,85.86542
3385.7184,84.20447
3385.8708,83.1933
3386.0232,82.84735
3386.1756,83.93622
3386.328,86.48773
3386.4804,90.76483
3386.6328,95.48492
3386.7852,99.31995
3386.9376,102.2473
3387.09,104.4427
3387.2424,105.5773
3387.3948,105.0314
3387.5472,104.1168
3387.6996,104.5448
3387.852,103.6893
3388.0044,101.9346
3388.1568,101.5076
3388.3092,100.3905
3388.4616,99.55933
3388.614,101.2053
3388.7664,104.9109
3388.9188,108.8137
3389.0712,111.1014
3389.2236,111.0647
3389.376,110.3904
3389.5284,110.6078
3389.6808,110.1063
3389.8332,108.393
3389.9856,104.5981
3390.138,100.8549
3390.2904,99.49976
3390.4428,100.053
3390.5952,99.92847
3390.7476,99.48407
3390.9,100.4969
3391.0524,101.551
3391.2048,101.0462
3391.3572,100.3659
3391.5096,100.4932
3391.662,101.01
3391.8144,101.6715
3391.9668,100.5981
3392.1192,96.08813
3392.2716,90.70471
3392.424,84.73364
3392.5764,79.15857
3392.7288,73.50537
3392.8812,67.53131
3393.0336,62.86026
3393.186,59.14542
3393.3384,56.08429
3393.4908,53.65997
3393.6432,52.32578
3393.7956,51.51706
3393.948,51.11301
3394.1004,53.96017
3394.2528,54.97192
3394.4052,53.24652
3394.5576,51.36493
3394.71,50.21338
3394.8624,50.42511
3395.0148,52.40668
3395.1672,55.03445
3395.3196,57.55121
3395.472,58.87756
3395.6244,54.7934
3395.7768,49.72067
3395.9292,46.67279
3396.0816,44.62045
3396.234,43.67453
3396.3864,43.40668
3396.5388,44.20264
3396.6912,46.27722
3396.8436,48.32019
3396.996,53.56097
3397.1484,60.20471
3397.3008,66.01746
3397.4532,76.11469
3397.6056,84.19788
3397.758,82.93604
3397.9104,78.22076
3398.0628,59.27298
3398.2152,47.64508
3398.3676,45.08578
3398.52,46.55173
3398.6724,49.5304
3398.8248,52.64026
3398.9772,45.63342
3399.1296,38.04709
3399.282,34.02762
3399.4344,30.82751
3399.5868,28.78658
3399.7392,27.44083
3399.8916,27.13135
3400.044,28.30637
3400.1964,31.82259
3400.3488,35.15253
3400.5012,38.50546
3400.6536,42.06332
3400.806,44.88425
3400.9584,64.71674
3401.1108,76.09949
3401.2632,82.86035
3401.4156,89.16534
3401.568,92.94928
3401.7204,92.01569
3401.8728,89.70856
3402.0252,89.12036
3402.1776,90.12189
3402.33,89.04565
3402.4824,87.26825
3402.6348,88.2608
3402.7872,88.40222
3402.9396,87.93262
3403.092,87.86682
3403.2444,90.31036
3403.3968,92.99475
3403.5492,94.01648
3403.7016,94.61102
3403.854,95.29047
3404.0064,96.375
3404.1588,98.11536
3404.3112,99.31348
3404.4636,100.1595
3404.616,103.113
3404.7684,106.1028
3404.9208,108.2683
3405.0732,109.6568
3405.2256,111.0663
3405.378,110.033
3405.5304,111.8035
3405.6828,112.7151
3405.8352,112.2297
3405.9876,110.618
3406.14,107.7223
3406.2924,105.5767
3406.4448,106.4108
3406.5972,109.1094
3406.7496,114.0283
3406.902,120.8322
3407.0544,126.7712
3407.2068,130.111
3407.3592,128.9242
3407.5116,118.5566
3407.664,104.7676
3407.8164,98.45221
3407.9688,93.23053
3408.1212,89.93091
3408.2736,88.3866
3408.426,88.02472
3408.5784,88.47876
3408.7308,89.60706
3408.8832,92.09418
3409.0356,96.22583
3409.188,101.5246
3409.3404,107.3967
3409.4928,113.0786
3409.6452,117.9366
3409.7976,120.9926
3409.95,120.3882
3410.1024,120.058
3410.2548,122.5817
3410.4072,123.713
3410.5596,120.8278
3410.712,118.0125
3410.8644,117.3941
3411.0168,115.1017
3411.1692,110.9175
3411.3216,107.6938
3411.474,105.769
3411.6264,104.461
3411.7788,104.4097
3411.9312,105.2415
3412.0836,104.3007
3412.236,102.1735
3412.3884,98.94702
3412.5408,97.81909
3412.6932,97.922
3412.8456,95.33258
3412.998,91.72015
3413.1504,89.09967
3413.3028,88.25031
3413.4552,89.08978
3413.6076,90.953
3413.76,93.42151
3413.9124,96.37805
3414.0648,99.22876
3414.2172,101.6785
3414.3696,99.75183
3414.522,97.68262
3414.6744,97.63483
3414.8268,92.45752
3414.9792,88.38916
3415.1316,88.41272
3415.284,89.90186
3415.4364,91.54614
3415.5888,93.29602
3415.7412,95.37506
3415.8936,93.15186
3416.046,90.18951
3416.1984,87.96045
3416.3508,87.10339
3416.5032,87.01221
3416.6556,88.36292
3416.808,90.96722
3416.9604,93.88104
3417.1128,96.78418
3417.2652,97.55072
3417.4176,98.5874
3417.57,100.5209
3417.7224,102.6807
3417.8748,100.7035
3418.0272,97.26062
3418.1796,93.87122
3418.332,93.50598
3418.4844,92.0545
3418.6368,90.84186
3418.7892,91.16583
3418.9416,92.82611
3419.094,97.50073
3419.2464,101.6274
3419.3988,104.3618
3419.5512,104.8051
3419.7036,104.192
3419.856,102.6676
3420.0084,99.09589
3420.1608,94.78992
3420.3132,90.59552
3420.4656,86.84357
3420.618,83.41278
3420.7704,81.26855
3420.9228,80.82141
3421.0752,83.72241
3421.2276,88.31201
3421.38,92.34882
3421.5324,94.38599
3421.6848,93.11865
3421.8372,93.47717
3421.9896,95.05768
3422.142,96.39917
3422.2944,97.36121
3422.4468,97.97388
3422.5992,98.1817
3422.7516,97.17719
3422.904,94.38483
3423.0564,89.76654
3423.2088,85.92108
3423.3612,82.8728
3423.5136,80.49677
3423.666,79.6073
3423.8184,78.5293
3423.9708,75.82281
3424.1232,73.08228
3424.2756,70.71954
3424.428,67.98285
3424.5804,69.07532
3424.7328,68.3869
3424.8852,64.79639
3425.0376,57.88733
3425.19,52.0477
3425.3424,49.19119
3425.4948,47.40384
3425.6472,54.25201
3425.7996,61.5488
3425.952,66.55536
3426.1044,67.45605
3426.2568,65.1358
3426.4092,64.23541
3426.5616,64.3786
3426.714,66.36377
3426.8664,67.89728
3427.0188,64.5387
3427.1712,60.19235
3427.3236,55.75357
3427.476,51.52258
3427.6284,47.47882
3427.7808,44.26263
3427.9332,41.61884
3428.0856,41.04572
3428.238,45.64078
3428.3904,52.41925
3428.5428,58.98367
3428.6952,65.42932
3428.8476,70.2829
3429,72.65022
3429.1524,74.25757
3429.3048,75.29684
3429.4572,75.75177
3429.6096,75.66066
3429.762,75.22931
3429.9144,74.64813
3430.0668,73.88342
3430.2192,73.21603
3430.3716,74.10715
3430.524,76.6172
3430.6764,78.96953
3430.8288,78.20444
3430.9812,74.60953
3431.1336,72.6525
3431.286,72.63026
3431.4384,72.20035
3431.5908,70.83115
3431.7432,70.30067
3431.8956,70.70105
3432.048,70.97736
3432.2004,71.01811
3432.3528,70.91106
3432.5052,69.62994
3432.6576,66.69124
3432.81,64.31764
3432.9624,63.30636
3433.1148,62.22517
3433.2672,60.04893
3433.4196,57.81577
3433.572,56.0846
3433.7244,56.2461
3433.8768,58.61354
3434.0292,61.55393
3434.1816,64.31763
3434.334,66.77951
3434.4864,68.6201
3434.6388,69.08939
3434.7912,68.32303
3434.9436,67.94299
3435.096,70.15025
3435.2484,72.87903
3435.4008,73.72595
3435.5532,72.17505
3435.7056,70.0132
3435.858,68.7028
3436.0104,70.66743
3436.1628,71.72676
3436.3152,64.40901
3436.4676,53.29213
3436.62,47.93629
3436.7724,45.16638
3436.9248,43.38428
3437.0772,42.17989
3437.2296,41.58141
3437.382,41.38165
3437.5344,41.38337
3437.6868,41.65882
3437.8392,41.25685
3437.9916,40.05597
3438.144,41.04472
3438.2964,42.32837
3438.4488,43.38702
3438.6012,43.82983
3438.7536,43.77122
3438.906,42.58241
3439.0584,40.42038
3439.2108,37.99022
3439.3632,35.396
3439.5156,32.18993
3439.668,30.23169
3439.8204,29.51429
3439.9728,29.23109
3440.1252,29.66866
3440.2776,31.07933
3440.43,33.5503
3440.5824,36.92204
3440.7348,40.97649
3440.8872,44.78664
3441.0396,49.78065
3441.192,47.88264
3441.3444,42.93241
3441.4968,39.02074
3441.6492,37.05818
3441.8016,41.71015
3441.954,49.26849
3442.1064,57.25475
3442.2588,62.229
3442.4112,63.04339
3442.5636,44.70756
3442.716,44.4143
3442.8684,40.42248
3443.0208,36.98631
3443.1732,35.0849
3443.3256,33.32465
3443.478,32.10356
3443.6304,31.47839
3443.7828,30.91612
3443.9352,30.50858
3444.0876,30.5456
3444.24,30.86209
3444.3924,31.09835
3444.5448,31.06004
3444.6972,30.45582
3444.8496,29.60753
3445.002,28.69007
3445.1544,28.74294
3445.3068,29.12695
3445.4592,29.61596
3445.6116,29.63045
3445.764,29.24814
3445.9164,28.5318
3446.0688,28.07248
3446.2212,28.25597
3446.3736,29.03061
3446.526,29.76028
3446.6784,30.21395
3446.8308,30.07742
3446.9832,29.3956
3447.1356,29.11884
3447.288,29.59148
3447.4404,29.80577
3447.5928,29.29998
3447.7452,28.62405
3447.8976,28.18969
3448.05,28.17404
3448.2024,28.4042
3448.3548,28.5271
3448.5072,28.47765
3448.6596,28.03046
3448.812,27.45053
3448.9644,27.07697
3449.1168,26.91665
3449.2692,26.94797
3449.4216,27.21004
3449.574,27.51807
3449.7264,27.72606
3449.8788,27.75043
3450.0312,27.738
3450.1836,27.87458
3450.336,28.26012
3450.4884,28.78455
3450.6408,29.34836
3450.7932,29.87137
3450.9456,30.4049
3451.098,30.98807
3451.2504,31.50698
3451.4028,31.95812
3451.5552,32.25837
3451.7076,31.76716
3451.86,31.20534
3452.0124,31.30871
3452.1648,31.97626
3452.3172,33.29704
3452.4696,35.33748
3452.622,39.71545
3452.7744,47.62313
3452.9268,60.97701
3453.0792,70.39499
3453.2316,82.99129
3453.384,93.89127
3453.5364,102.0036
3453.6888,109.4093
3453.8412,113.881
3453.9936,115.2726
3454.146,114.9713
3454.2984,113.9532
3454.4508,112.7325
3454.6032,111.2733
3454.7556,111.1461
3454.908,111.6146
3455.0604,112.1798
3455.2128,108.1912
3455.3652,96.77701
3455.5176,87.76462
3455.67,82.66833
3455.8224,79.20256
3455.9748,77.06778
3456.1272,76.50456
3456.2796,78.96028
3456.432,82.65933
3456.5844,86.1655
3456.7368,89.50824
3456.8892,92.17197
3457.0416,95.38756
3457.194,98.51346
3457.3464,100.8482
3457.4988,101.7963
3457.6512,96.79742
3457.8036,90.31528
3457.956,84.7357
3458.1084,85.05907
3458.2608,88.37466
3458.4132,91.78099
3458.5656,92.88976
3458.718,92.95151
3458.8704,95.30867
3459.0228,98.05533
3459.1752,98.63608
3459.3276,95.02332
3459.48,91.09184
3459.6324,88.795
3459.7848,87.67064
3459.9372,87.33377
3460.0896,87.57353
3460.242,87.48962
3460.3944,86.51544
3460.5468,82.39018
3460.6992,85.14258
3460.8516,88.14696
3461.004,87.77994
3461.1564,86.48749
3461.3088,85.45718
3461.4612,85.21764
3461.6136,89.38994
3461.766,95.77797
3461.9184,102.1989
3462.0708,107.2795
3462.2232,110.6311
3462.3756,109.7708
3462.528,108.8074
3462.6804,108.1012
3462.8328,109.1017
3462.9852,110.9107
3463.1376,114.1052
3463.29,113.5464
3463.4424,109.0048
3463.5948,106.9188
3463.7472,108.2294
3463.8996,107.8608
3464.052,104.4806
3464.2044,101.6771
3464.3568,99.13785
3464.5092,98.43849
3464.6616,100.413
3464.814,102.5
3464.9664,103.4985
3465.1188,103.7366
3465.2712,99.14543
3465.4236,95.54176
3465.576,93.03702
3465.7284,89.76971
3465.8808,87.50502
3466.0332,84.97151
3466.1856,83.16357
3466.338,81.36984
3466.4904,83.79358
3466.6428,81.95798
3466.7952,108.4468
3466.9476,109.4099
3467.1,103.407
3467.2524,99.41222
3467.4048,96.44913
3467.5572,93.70837
3467.7096,91.97363
3467.862,91.94426
3468.0144,92.50542
3468.1668,93.27882
3468.3192,94.37337
3468.4716,95.95174
3468.624,96.47816
3468.7764,95.12413
3468.9288,94.05183
3469.0812,94.26952
3469.2336,95.05174
3469.386,95.23486
3469.5384,94.26662
3469.6908,93.66304
3469.8432,93.83461
3469.9956,93.36034
3470.148,92.78351
3470.3004,93.14236
3470.4528,92.8078
3470.6052,91.11047
3470.7576,90.27771
3470.91,91.03207
3471.0624,91.33498
3471.2148,92.15308
3471.3672,94.32742
3471.5196,95.48172
3471.672,94.03375
3471.8244,91.64326
3471.9768,90.34821
3472.1292,89.33751
3472.2816,88.57918
3472.434,87.87227
3472.5864,86.63116
3472.7388,83.13567
3472.8912,79.18639
3473.0436,81.51477
3473.196,84.23415
3473.3484,87.54457
3473.5008,88.64276
3473.6532,86.73932
3473.8056,85.42334
3473.958,88.56351
3474.1104,91.00571
3474.2628,86.46201
3474.4152,78.18951
3474.5676,69.76492
3474.72,63.48373
3474.8724,57.49479
3475.0248,54.76372
3475.1772,53.93277
3475.3296,63.26514
3475.482,80.69418
3475.6344,92.2131
3475.7868,100.7557
3475.9392,109.0079
3476.0916,108.1025
3476.244,102.6115
3476.3964,96.17551
3476.5488,89.15622
3476.7012,85.78603
3476.8536,83.01686
3477.006,83.14009
3477.1584,90.29738
3477.3108,97.2514
3477.4632,100.2309
3477.6156,99.58159
3477.768,98.37567
3477.9204,96.17014
3478.0728,90.43361
3478.2252,86.76863
3478.3776,85.38837
3478.53,82.82669
3478.6824,85.37445
3478.8348,97.08635
3478.9872,106.5866
3479.1396,114.0333
3479.292,113.185
3479.4444,113.3306
3479.5968,110.5516
3479.7492,104.9626
3479.9016,98.85884
3480.054,93.8275
3480.2064,90.17499
3480.3588,88.74597
3480.5112,90.52956
3480.6636,92.94127
3480.816,92.57132
3480.9684,89.06798
3481.1208,85.60587
3481.2732,83.20526
3481.4256,81.4964
3481.578,82.12421
3481.7304,84.22688
3481.8828,85.11305
3482.0352,83.65752
3482.1876,82.76776
3482.34,84.29315
3482.4924,86.45393
3482.6448,88.96858
3482.7972,91.71367
3482.9496,94.11028
3483.102,96.2934
3483.2544,98.41792
3483.4068,100.1228
3483.5592,100.8865
3483.7116,100.8118
3483.864,100.275
3484.0164,99.40016
3484.1688,97.86156
3484.3212,95.88847
3484.4736,92.74129
3484.626,88.43346
3484.7784,85.35129
3484.9308,83.59331
3485.0832,82.36916
3485.2356,81.28041
3485.388,81.0023
3485.5404,80.94978
3485.6928,79.69954
3485.8452,77.07179
3485.9976,75.50346
3486.15,74.10432
3486.3024,74.51877
3486.4548,77.52245
3486.6072,86.67137
3486.7596,97.07077
3486.912,100.8057
3487.0644,98.99893
3487.2168,100.2161
3487.3692,101.6244
3487.5216,102.4858
3487.674,102.1627
3487.8264,96.30594
3487.9788,90.64833
3488.1312,88.58272
3488.2836,85.26881
3488.436,81.08041
3488.5884,77.3791
3488.7408,78.72498
3488.8932,82.40598
3489.0456,87.10443
3489.198,91.83829
3489.3504,94.68666
3489.5028,93.89011
3489.6552,94.32034
3489.8076,94.93942
3489.96,93.37875
3490.1124,91.15265
3490.2648,90.17863
3490.4172,90.92647
3490.5696,91.49496
3490.722,89.73267
3490.8744,87.29297
3491.0268,84.81094
3491.1792,84.13898
3491.3316,85.90236
3491.484,90.76717
3491.6364,94.76422
3491.7888,96.60637
3491.9412,98.69301
3492.0936,100.4596
3492.246,99.51515
3492.3984,97.25723
3492.5508,96.03973
3492.7032,96.52464
3492.8556,98.19948
3493.008,100.2475
3493.1604,101.6016
3493.3128,101.7566
3493.4652,101.3125
3493.6176,100.707
3493.77,99.90099
3493.9224,97.59337
3494.0748,93.85982
3494.2272,90.64487
3494.3796,87.43552
3494.532,84.52596
3494.6844,81.98238
3494.8368,79.69136
3494.9892,77.83682
3495.1416,77.0435
3495.294,80.74051
3495.4464,83.77953
3495.5988,85.17471
3495.7512,82.45616
3495.9036,80.17838
3496.056,78.44484
3496.2084,78.02347
3496.3608,79.43541
3496.5132,83.64157
3496.6656,89.39996
3496.818,99.10609
3496.9704,101.4924
3497.1228,100.9639
3497.2752,99.81425
3497.4276,98.42006
3497.58,96.23119
3497.7324,99.20114
3497.8848,100.2171
3498.0372,101.2756
3498.1896,100.5748
3498.342,95.73221
3498.4944,93.875
3498.6468,93.65982
3498.7992,91.71501
3498.9516,88.29376
3499.104,87.08757
3499.2564,86.00873
3499.4088,83.87938
3499.5612,83.23494
3499.7136,82.47238
3499.866,81.27156
3500.0184,80.51175
3500.1708,80.60512
3500.3232,79.85201
3500.4756,78.06584
3500.628,76.17947
3500.7804,74.66196
3500.9328,74.46896
3501.0852,75.55367
3501.2376,76.21503
3501.39,75.71863
3501.5424,74.74741
3501.6948,75.47804
3501.8472,80.2948
3501.9996,84.98543
3502.152,88.16391
3502.3044,90.26883
3502.4568,92.61043
3502.6092,96.6758
3502.7616,100.0577
3502.914,102.1043
3503.0664,102.1871
3503.2188,100.1273
3503.3712,97.53223
3503.5236,95.52936
3503.676,94.12079
3503.8284,93.52948
3503.9808,93.76443
3504.1332,94.11177
3504.2856,94.23184
3504.438,93.96414
3504.5904,93.25851
3504.7428,92.09692
3504.8952,89.21741
3505.0476,83.87338
3505.2,78.53204
3505.3524,74.61761
3505.5048,71.4931
3505.6572,69.16638
3505.8096,68.40979
3505.962,72.13226
3506.1144,80.02863
3506.2668,85.42755
3506.4192,88.9671
3506.5716,87.28564
3506.724,85.047
3506.8764,83.11139
3507.0288,81.97247
3507.1812,82.42053
3507.3336,83.94543
3507.486,86.271
3507.6384,88.89575
3507.7908,92.65381
3507.9432,95.44855
3508.0956,95.64844
3508.248,92.6886
3508.4004,90.32147
3508.5528,89.10278
3508.7052,89.65369
3508.8576,92.86023
3509.01,96.46338
3509.1624,98.89001
3509.3148,100.3508
3509.4672,100.7367
3509.6196,99.79547
3509.772,97.71399
3509.9244,92.42194
3510.0768,88.18945
3510.2292,88.92926
3510.3816,94.37946
3510.534,96.34027
3510.6864,92.57648
3510.8388,87.10461
3510.9912,83.19305
3511.1436,80.90417
3511.296,79.10156
3511.4484,77.83282
3511.6008,70.94354
3511.7532,62.25836
3511.9056,53.91772
3512.058,47.89139
3512.2104,42.59433
3512.3628,39.08551
3512.5152,38.02502
3512.6676,38.58484
3512.82,39.26306
3512.9724,39.2767
3513.1248,38.63278
3513.2772,37.99411
3513.4296,38.33664
3513.582,40.30417
3513.7344,47.76147
3513.8868,54.99951
3514.0392,59.88385
3514.1916,66.72327
3514.344,83.02014
3514.4964,93.60236
3514.6488,98.6618
3514.8012,97.27924
3514.9536,92.4234
3515.106,87.53235
3515.2584,82.97925
3515.4108,79.89276
3515.5632,78.57306
3515.7156,80.78442
3515.868,85.19769
3516.0204,88.86029
3516.1728,81.81506
3516.3252,77.88684
3516.4776,73.46399
3516.63,67.75275
3516.7824,64.09509
3516.9348,62.21835
3517.0872,71.08209
3517.2396,73.93573
3517.392,74.8385
3517.5444,74.79773
3517.6968,93.40204
3517.8492,102.5252
3518.0016,105.4501
3518.154,105.6324
3518.3064,103.8275
3518.4588,91.86987
3518.6112,87.08606
3518.7636,90.92847
3518.916,93.69202
3519.0684,95.31476
3519.2208,96.43719
3519.3732,93.43243
3519.5256,85.06
3519.678,78.48645
3519.8304,73.93188
3519.9828,67.74078
3520.1352,63.63022
3520.2876,60.09262
3520.44,57.67535
3520.5924,55.75632
3520.7448,54.09802
3520.8972,53.33264
3521.0496,52.92169
3521.202,53.86084
3521.3544,55.48727
3521.5068,58.10968
3521.6592,60.18951
3521.8116,62.07837
3521.964,63.84955
3522.1164,66.4209
3522.2688,67.40045
3522.4212,67.91779
3522.5736,68.39996
3522.726,69.229
3522.8784,71.35919
3523.0308,75.06152
3523.1832,78.5238
3523.3356,80.95703
3523.488,83.11188
3523.6404,85.15192
3523.7928,89.39172
3523.9452,93.38983
3524.0976,95.70844
3524.25,96.90247
3524.4024,97.72949
3524.5548,98.22894
3524.7072,98.62579
3524.8596,99.7439
3525.012,100.5469
3525.1644,99.97638
3525.3168,98.49799
3525.4692,97.1048
3525.6216,95.89905
3525.774,96.05066
3525.9264,98.4762
3526.0788,99.34906
3526.2312,97.78351
3526.3836,94.88959
3526.536,93.13312
3526.6884,92.76074
3526.8408,94.31567
3526.9932,96.16675
3527.1456,97.66248
3527.298,98.58643
3527.4504,98.80981
3527.6028,97.88483
3527.7552,95.00201
3527.9076,92.18109
3528.06,90.73291
3528.2124,90.71454
3528.3648,90.43329
3528.5172,90.29175
3528.6696,90.85303
3528.822,91.22772
3528.9744,89.68573
3529.1268,81.94873
3529.2792,77.63983
3529.4316,73.14478
3529.584,68.7597
3529.7364,63.7645
3529.8888,61.10214
3530.0412,59.93109
3530.1936,59.49246
3530.346,59.07031
3530.4984,59.17911
3530.6508,59.48016
3530.8032,60.20935
3530.9556,61.41568
3531.108,62.7515
3531.2604,64.6629
3531.4128,65.76044
3531.5652,66.29944
3531.7176,66.22614
3531.87,65.62482
3532.0224,65.28918
3532.1748,65.54486
3532.3272,67.04535
3532.4796,69.72498
3532.632,73.59229
3532.7844,75.82965
3532.9368,76.44806
3533.0892,76.21814
3533.2416,76.87183
3533.394,80.65497
3533.5464,92.9527
3533.6988,103.5723
3533.8512,110.5545
3534.0036,113.9559
3534.156,112.7274
3534.3084,106.9948
3534.4608,104.2184
3534.6132,101.7937
3534.7656,99.19373
3534.918,96.06018
3535.0704,93.3363
3535.2228,90.73541
3535.3752,88.07062
3535.5276,86.13831
3535.68,84.11755
3535.8324,85.08203
3535.9848,85.42548
3536.1372,84.30927
3536.2896,85.29102
3536.442,85.48767
3536.5944,83.61023
3536.7468,81.73932
3536.8992,82.3717
3537.0516,83.22198
3537.204,84.27301
3537.3564,85.47955
3537.5088,86.47247
3537.6612,87.08008
3537.8136,88.75354
3537.966,91.12488
3538.1184,93.04089
3538.2708,94.30658
3538.4232,93.37134
3538.5756,91.74738
3538.728,91.46631
3538.8804,91.77594
3539.0328,91.46564
3539.1852,92.64099
3539.3376,94.63348
3539.49,96.75238
3539.6424,96.62836
3539.7948,94.40942
3539.9472,94.45062
3540.0996,93.3067
3540.252,91.52039
3540.4044,89.073
3540.5568,90.70056
3540.7092,94.54352
3540.8616,99.42596
3541.014,102.1703
3541.1664,100.7719
3541.3188,99.95911
3541.4712,100.7467
3541.6236,102.152
3541.776,103.0568
3541.9284,101.9641
3542.0808,99.99512
3542.2332,97.87354
3542.3856,95.45575
3542.538,92.39319
3542.6904,87.85931
3542.8428,79.66187
3542.9952,76.49719
3543.1476,78.47211
3543.3,79.27338
3543.4524,74.9386
3543.6048,70.75372
3543.7572,66.8045
3543.9096,63.80957
3544.062,61.4231
3544.2144,59.53943
3544.3668,59.12286
3544.5192,61.54202
3544.6716,66.03595
3544.824,73.99731
3544.9764,80.74738
3545.1288,87.49744
3545.2812,97.10065
3545.4336,102.0787
3545.586,100.2097
3545.7384,98.87317
3545.8908,99.41559
3546.0432,99.94574
3546.1956,100.2059
3546.348,91.84265
3546.5004,85.27325
3546.6528,73.93823
3546.8052,66.2099
3546.9576,62.39127
3547.11,60.23477
3547.2624,60.15723
3547.4148,72.30957
3547.5672,84.37012
3547.7196,99.66028
3547.872,110.2883
3548.0244,113.7092
3548.1768,114.4093
3548.3292,111.0666
3548.4816,108.2487
3548.634,106.2311
3548.7864,104.3037
3548.9388,102.3373
3549.0912,99.83215
3549.2436,99.8717
3549.396,98.98969
3549.5484,97.43591
3549.7008,96.19067
3549.8532,95.83496
3550.0056,95.76544
3550.158,95.5368
3550.3104,94.3479
3550.4628,93.94507
3550.6152,95.11102
3550.7676,96.37091
3550.92,97.35699
3551.0724,98.2041
3551.2248,98.50836
3551.3772,97.67151
3551.5296,97.67828
3551.682,98.17157
3551.8344,98.27802
3551.9868,97.86743
3552.1392,96.89246
3552.2916,96.66156
3552.444,96.74615
3552.5964,95.40094
3552.7488,94.91107
3552.9012,94.76599
3553.0536,94.87866
3553.206,94.98468
3553.3584,95.05359
3553.5108,95.03052
3553.6632,94.87939
3553.8156,94.25439
3553.968,94.38776
3554.1204,95.53705
3554.2728,96.71869
3554.4252,97.71558
3554.5776,97.23755
3554.73,95.27094
3554.8824,93.40979
3555.0348,92.19409
3555.1872,92.44257
3555.3396,93.99713
3555.492,95.50677
3555.6444,95.69739
3555.7968,94.73846
3555.9492,95.59875
3556.1016,96.49182
3556.254,96.54132
3556.4064,93.88123
3556.5588,90.79022
3556.7112,87.90118
3556.8636,87.02094
3557.016,89.02594
3557.1684,85.04022
3557.3208,79.70502
3557.4732,74.73877
3557.6256,70.84436
3557.778,68.93182
3557.9304,67.39893
3558.0828,66.35626
3558.2352,68.24451
3558.3876,70.1593
3558.54,72.93042
3558.6924,73.94263
3558.8448,73.22211
3558.9972,71.62433
3559.1496,70.31213
3559.302,69.12006
3559.4544,68.31708
3559.6068,69.27209
3559.7592,68.98334
3559.9116,67.91748
3560.064,67.47968
3560.2164,69.08881
3560.3688,70.99689
3560.5212,71.71777
3560.6736,69.96881
3560.826,68.59387
3560.9784,64.96869
3561.1308,60.76514
3561.2832,57.01846
3561.4356,54.39417
3561.588,52.83456
3561.7404,54.84671
3561.8928,55.8331
3562.0452,54.89142
3562.1976,54.85492
3562.35,55.58633
3562.5024,54.7124
3562.6548,51.82437
3562.8072,49.28949
3562.9596,47.53574
3563.112,46.18347
3563.2644,46.34909
3563.4168,48.27682
3563.5692,50.69904
3563.7216,52.72958
3563.874,54.09708
3564.0264,55.21603
3564.1788,56.70938
3564.3312,59.10321
3564.4836,61.6311
3564.636,71.83978
3564.7884,86.62616
3564.9408,93.93243
3565.0932,97.93787
3565.2456,98.30219
3565.398,94.71722
3565.5504,91.2077
3565.7028,87.9566
3565.8552,84.94354
3566.0076,82.19958
3566.16,79.81531
3566.3124,77.69257
3566.4648,76.34204
3566.6172,76.72424
3566.7696,78.19672
3566.922,78.49878
3567.0744,77.43109
3567.2268,76.59888
3567.3792,76.64117
3567.5316,77.77142
3567.684,79.08563
3567.8364,80.05255
3567.9888,80.25482
3568.1412,79.7243
3568.2936,79.24506
3568.446,80.05383
3568.5984,82.70007
3568.7508,85.48969
3568.9032,87.70697
3569.0556,87.68011
3569.208,88.26294
3569.3604,87.79901
3569.5128,87.49231
3569.6652,89.40857
3569.8176,91.22058
3569.97,91.16736
3570.1224,89.88647
3570.2748,88.7912
3570.4272,88.14551
3570.5796,87.83282
3570.732,88.57416
3570.8844,89.8512
3571.0368,89.00403
3571.1892,88.22339
3571.3416,87.56555
3571.494,86.73901
3571.6464,86.86438
3571.7988,88.84894
3571.9512,90.97937
3572.1036,91.97919
3572.256,92.04681
3572.4084,92.93353
3572.5608,92.89093
3572.7132,91.66675
3572.8656,90.2262
3573.018,89.00061
3573.1704,89.67493
3573.3228,91.0553
3573.4752,92.58258
3573.6276,92.22736
3573.78,90.89655
3573.9324,90.3338
3574.0848,90.87897
3574.2372,91.50183
3574.3896,90.94257
3574.542,90.61572
3574.6944,91.25983
3574.8468,92.77148
3574.9992,93.71497
3575.1516,93.3269
3575.304,92.43628
3575.4564,91.64038
3575.6088,91.68939
3575.7612,92.50598
3575.9136,92.98126
3576.066,93.04901
3576.2184,93.92407
3576.3708,95.85681
3576.5232,97.1051
3576.6756,96.51166
3576.828,95.69104
3576.9804,97.29614
3577.1328,98.9613
3577.2852,98.00427
3577.4376,96.68213
3577.59,97.8349
3577.7424,101.1879
3577.8948,102.0023
3578.0472,99.96057
3578.1996,96.58716
3578.352,93.297
3578.5044,90.88171
3578.6568,90.41681
3578.8092,90.57758
3578.9616,89.36224
3579.114,87.26276
3579.2664,86.39154
3579.4188,87.40314
3579.5712,87.73035
3579.7236,86.4046
3579.876,86.54071
3580.0284,86.63708
3580.1808,85.29956
3580.3332,84.89197
3580.4856,85.29675
3580.638,83.7403
3580.7904,82.48749
3580.9428,82.84949
3581.0952,86.68652
3581.2476,89.69836
3581.4,92.22691
3581.5524,94.17241
3581.7048,94.24931
3581.8572,93.65027
3582.0096,94.47905
3582.162,95.5809
3582.3144,95.57494
3582.4668,96.57558
3582.6192,97.9883
3582.7716,99.1976
3582.924,99.55743
3583.0764,99.34326
3583.2288,97.5125
3583.3812,94.09474
3583.5336,90.66965
3583.686,86.83348
3583.8384,81.31068
3583.9908,75.85567
3584.1432,69.3287
3584.2956,63.70162
3584.448,57.28746
3584.6004,52.74896
3584.7528,49.78572
3584.9052,49.67653
3585.0576,56.16927
3585.21,61.33728
3585.3624,66.58572
3585.5148,71.61108
3585.6672,76.00452
3585.8196,81.44867
3585.972,84.47285
3586.1244,87.15739
3586.2768,89.80345
3586.4292,92.36833
3586.5816,94.62848
3586.734,96.00517
3586.8864,94.8035
3587.0388,93.13286
3587.1912,91.56558
3587.3436,90.02782
3587.496,88.5575
3587.6484,87.34608
3587.8008,86.71545
3587.9532,86.66928
3588.1056,86.38632
3588.258,86.84052
3588.4104,88.08284
3588.5628,89.33896
3588.7152,89.86739
3588.8676,90.00902
3589.02,90.57553
3589.1724,91.81639
3589.3248,91.88644
3589.4772,89.92311
3589.6296,88.22646
3589.782,86.93468
3589.9344,85.6824
3590.0868,85.42603
3590.2392,88.4097
3590.3916,91.3118
3590.544,94.11536
3590.6964,95.82523
3590.8488,95.83617
3591.0012,95.46609
3591.1536,95.97456
3591.306,96.95187
3591.4584,97.49754
3591.6108,96.84859
3591.7632,95.45432
3591.9156,93.85634
3592.068,93.48465
3592.2204,93.79691
3592.3728,93.19933
3592.5252,92.23409
3592.6776,93.02617
3592.83,93.42142
3592.9824,92.69066
3593.1348,92.42989
3593.2872,92.92845
3593.4396,94.05402
3593.592,95.53543
3593.7444,97.12497
3593.8968,98.2484
3594.0492,98.86833
3594.2016,97.36765
3594.354,93.36678
3594.5064,87.82118
3594.6588,83.25194
3594.8112,79.78709
3594.9636,76.19815
3595.116,72.44945
3595.2684,68.00044
3595.4208,68.3382
3595.5732,73.02647
3595.7256,78.01512
3595.878,83.43837
3596.0304,88.10162
3596.1828,91.40849
3596.3352,94.11722
3596.4876,96.40781
3596.64,98.40903
3596.7924,100.1662
3596.9448,101.0965
3597.0972,100.4036
3597.2496,98.90298
3597.402,97.80911
3597.5544,97.22449
3597.7068,98.48608
3597.8592,100.8122
3598.0116,100.1585
3598.164,97.51317
3598.3164,96.55396
3598.4688,98.66795
3598.6212,103.0038
3598.7736,106.7059
3598.926,109.4765
3599.0784,110.0087
3599.2308,107.2254
3599.3832,103.7222
3599.5356,101.1797
3599.688,99.0063
3599.8404,97.34921
3599.9928,97.45235
3600.1452,99.8979
3600.2976,101.2079
3600.45,98.77415
3600.6024,92.51654
3600.7548,83.38821
3600.9072,68.32704
3601.0596,62.25191
3601.212,60.51698
3601.3644,61.83173
3601.5168,67.71165
3601.6692,78.09109
3601.8216,85.21622
3601.974,92.595
3602.1264,98.45886
3602.2788,101.9879
3602.4312,103.0755
3602.5836,102.0651
3602.736,100.8972
3602.8884,101.5287
3603.0408,101.2105
3603.1932,99.37965
3603.3456,97.87189
3603.498,98.34955
3603.6504,98.61496
3603.8028,98.40341
3603.9552,97.01971
3604.1076,94.28772
3604.26,91.36519
3604.4124,88.46405
3604.5648,85.96793
3604.7172,84.17708
3604.8696,84.85912
3605.022,88.00189
3605.1744,89.83406
3605.3268,88.03218
3605.4792,86.87393
3605.6316,89.74059
3605.784,90.79616
3605.9364,90.33835
3606.0888,90.4556
3606.2412,92.44543
3606.3936,94.29883
3606.546,93.03636
3606.6984,92.66945
3606.8508,95.10239
3607.0032,97.48254
3607.1556,99.20882
3607.308,99.39868
3607.4604,99.50676
3607.6128,98.79999
3607.7652,96.80106
3607.9176,98.44627
3608.07,99.77364
3608.2224,98.95338
3608.3748,96.76619
3608.5272,95.62206
3608.6796,96.92168
3608.832,98.09648
3608.9844,98.6606
3609.1368,98.74217
3609.2892,97.34888
3609.4416,93.24025
3609.594,88.44745
3609.7464,84.90314
3609.8988,84.0793
3610.0512,84.37714
3610.2036,82.95285
3610.356,85.11447
3610.5084,88.71399
3610.6608,90.54129
3610.8132,89.70564
3610.9656,88.28357
3611.118,89.32224
3611.2704,89.77386
3611.4228,86.09315
3611.5752,81.72208
3611.7276,78.33533
3611.88,76.59666
3612.0324,75.82475
3612.1848,75.51712
3612.3372,74.44562
3612.4896,73.22102
3612.642,72.06929
3612.7944,74.47739
3612.9468,77.21838
3613.0992,79.51695
3613.2516,81.29465
3613.404,82.67464
3613.5564,83.79085
3613.7088,84.53741
3613.8612,85.19008
3614.0136,85.5448
3614.166,85.5654
3614.3184,85.15884
3614.4708,84.39526
3614.6232,83.38448
3614.7756,82.32298
3614.928,81.42979
3615.0804,81.1627
3615.2328,83.09856
3615.3852,85.74562
3615.5376,88.25165
3615.69,90.4335
3615.8424,92.21696
3615.9948,91.59482
3616.1472,90.14345
3616.2996,90.3492
3616.452,91.87859
3616.6044,93.40637
3616.7568,94.6841
3616.9092,95.52231
3617.0616,95.41644
3617.214,94.30675
3617.3664,92.49542
3617.5188,90.03192
3617.6712,87.55362
3617.8236,87.55588
3617.976,89.50446
3618.1284,91.60873
3618.2808,90.24178
3618.4332,86.91183
3618.5856,84.04387
3618.738,81.80482
3618.8904,79.93468
3619.0428,78.68291
3619.1952,77.98161
3619.3476,80.61728
3619.5,85.15068
3619.6524,88.64197
3619.8048,91.13957
3619.9572,94.40712
3620.1096,96.92636
3620.262,98.79085
3620.4144,101.1007
3620.5668,103.6519
3620.7192,100.3451
3620.8716,91.27634
3621.024,83.45905
3621.1764,78.61247
3621.3288,75.35316
3621.4812,72.74692
3621.6336,70.61705
3621.786,70.45206
3621.9384,72.38756
3622.0908,74.53796
3622.2432,76.29129
3622.3956,76.36363
3622.548,74.81389
3622.7004,73.08084
3622.8528,71.42525
3623.0052,70.40276
3623.1576,72.03046
3623.31,76.57751
3623.4624,80.73026
3623.6148,84.03491
3623.7672,87.37659
3623.9196,90.90884
3624.072,94.78522
3624.2244,98.55127
3624.3768,100.5449
3624.5292,100.3551
3624.6816,99.00819
3624.834,98.97006
3624.9864,100.2639
3625.1388,101.1241
3625.2912,101.4395
3625.4436,100.9718
3625.596,98.55579
3625.7484,94.47128
3625.9008,89.2813
3626.0532,82.49023
3626.2056,76.85182
3626.358,76.96909
3626.5104,78.22118
3626.6628,80.10695
3626.8152,82.72331
3626.9676,84.30704
3627.12,85.55363
3627.2724,85.69493
3627.4248,84.04802
3627.5772,82.57727
3627.7296,81.51822
3627.882,82.06381
3628.0344,83.5182
3628.1868,84.15791
3628.3392,82.68315
3628.4916,79.90654
3628.644,78.39507
3628.7964,78.49387
3628.9488,79.60846
3629.1012,79.83606
3629.2536,79.11813
3629.406,77.94365
3629.5584,76.35817
3629.7108,75.35025
3629.8632,75.65089
3630.0156,76.09344
3630.168,72.39977
3630.3204,69.33496
3630.4728,68.12863
3630.6252,78.41399
3630.7776,86.72313
3630.93,88.19841
3631.0824,86.77477
3631.2348,85.61339
3631.3872,86.27115
3631.5396,87.91988
3631.692,88.84641
3631.8444,88.38631
3631.9968,86.87192
3632.1492,85.91533
3632.3016,86.08849
3632.454,88.61472
3632.6064,90.66478
3632.7588,93.50684
3632.9112,95.17958
3633.0636,94.81129
3633.216,93.47549
3633.3684,92.06413
3633.5208,90.42583
3633.6732,88.32703
3633.8256,88.56281
3633.978,89.99452
3634.1304,91.42953
3634.2828,92.68199
3634.4352,90.47778
3634.5876,87.67287
3634.74,85.59329
3634.8924,86.20869
3635.0448,89.12469
3635.1972,90.9978
3635.3496,91.46106
3635.502,92.96889
3635.6544,90.51994
3635.8068,85.32457
3635.9592,81.22578
3636.1116,76.97227
3636.264,72.94933
3636.4164,69.6918
3636.5688,67.37314
3636.7212,66.01741
3636.8736,67.79483
3637.026,73.4357
3637.1784,79.37167
3637.3308,86.17993
3637.4832,89.90289
3637.6356,91.60315
3637.788,91.31558
3637.9404,85.16255
3638.0928,77.53427
3638.2452,71.48665
3638.3976,67.39275
3638.55,65.35974
3638.7024,64.11833
3638.8548,63.28967
3639.0072,63.22546
3639.1596,63.70688
3639.312,62.34161
3639.4644,60.98955
3639.6168,64.60121
3639.7692,77.8931
3639.9216,78.39149
3640.074,79.29861
3640.2264,76.83742
3640.3788,73.3506
3640.5312,71.32005
3640.6836,75.66089
3640.836,80.17442
3640.9884,75.59599
3641.1408,65.75281
3641.2932,70.54324
3641.4456,64.67741
3641.598,63.14001
3641.7504,63.46483
3641.9028,63.94857
3642.0552,63.70588
3642.2076,62.01792
3642.36,60.40129
3642.5124,59.97869
3642.6648,60.50191
3642.8172,61.22558
3642.9696,62.01933
3643.122,62.03576
3643.2744,60.82136
3643.4268,59.86955
3643.5792,59.59853
3643.7316,59.75497
3643.884,60.01019
3644.0364,60.35603
3644.1888,60.74654
3644.3412,61.01636
3644.4936,61.18368
3644.646,61.23907
3644.7984,61.12079
3644.9508,60.83174
3645.1032,60.66507
3645.2556,60.76801
3645.408,61.0303
3645.5604,61.42399
3645.7128,61.78448
3645.8652,61.84185
3646.0176,61.41012
3646.17,61.08043
3646.3224,61.47025
3646.4748,62.04278
3646.6272,62.57482
3646.7796,62.82629
3646.932,62.56535
3647.0844,62.00392
3647.2368,61.13324
3647.3892,60.38669
3647.5416,60.26681
3647.694,62.62814
3647.8464,68.66328
3647.9988,72.618
3648.1512,73.40193
3648.3036,55.5683
3648.456,37.41486
3648.6084,29.96465
3648.7608,-999.25
3648.9132,-999.25
3649.0656,-999.25
3649.218,-999.25
3649.3704,-999.25
3649.5228,-999.25
3649.6752,-999.25
3649.8276,-999.25
3649.98,-999.25
3650.1324,-999.25
3650.2848,-999.25
3650.4372,-999.25
3650.5896,-999.25
3650.742,-999.25
3650.8944,-999.25
3651.0468,-999.25
3651.1992,-999.25
3651.3516,-999.25
3651.504,-999.25
3651.6564,-999.25
3651.8088,-999.25
3651.9612,-999.25
3652.1136,-999.25
3652.266,-999.25
3652.4184,-999.25
3652.5708,-999.25
3652.7232,-999.25
3652.8756,-999.25
3653.028,-999.25
3653.1804,-999.25
3653.3328,-999.25
3653.4852,-999.25
3653.6376,-999.25
3653.79,-999.25
3653.9424,-999.25
3654.0948,-999.25
3654.2472,-999.25
3654.3996,-999.25
3654.552,-999.25
3654.7044,-999.25
3654.8568,-999.25
3655.0092,-999.25
3655.1616,-999.25
3655.314,-999.25
3655.4664,-999.25
3655.6188,-999.25
3655.7712,-999.25
3655.9236,-999.25
3656.076,-999.25
3656.2284,-999.25
3656.3808,-999.25
3656.5332,-999.25
