DEPT,GR
250.0884,10.591
250.2408,9.044
250.3932,8.288
250.5456,5.601
250.698,7.024
250.8504,5.043
251.0028,5.963
251.1552,4.687
251.3076,7.322
251.46,5.953
251.6124,6.148
251.7648,6.313
251.9172,7.738
252.0696,5.445
252.222,5.518
252.3744,6.575
252.5268,7.188
252.6792,5.509
252.8316,5.811
252.984,8.031
253.1364,7.296
253.2888,8.591
253.4412,9.284
253.5936,8.052
253.746,8.558
253.8984,9.225
254.0508,10.195
254.2032,8.837
254.3556,10.127
254.508,10.304
254.6604,7.679
254.8128,8.258
254.9652,6.859
255.1176,9.458
255.27,8.144
255.4224,7.553
255.5748,7.977
255.7272,8.292
255.8796,7.308
256.032,8.647
256.1844,9.707
256.3368,6.016
256.4892,7.304
256.6416,8.348
256.794,6.251
256.9464,8.317
257.0988,8.149
257.2512,6.756
257.4036,5.096
257.556,6.287
257.7084,8.521
257.8608,6.772
258.0132,9.117
258.1656,8.024
258.318,7.073
258.4704,7.178
258.6228,6.584
258.7752,8.154
258.9276,5.932
259.08,9.573
259.2324,8.617
259.3848,7.42
259.5372,7.56
259.6896,9.317
259.842,10.814
259.9944,10.824
260.1468,9.837
260.2992,7.934
260.4516,7.097
260.604,9.003
260.7564,6.457
260.9088,7.683
261.0612,8.487
261.2136,8.917
261.366,8.385
261.5184,8.531
261.6708,7.034
261.8232,7.5
261.9756,9.169
262.128,8.19
262.2804,7.85
262.4328,5.882
262.5852,5.126
262.7376,9.643
262.89,9.158
263.0424,8.173
263.1948,10.419
263.3472,10.277
263.4996,10.27
263.652,9.809
263.8044,9.313
263.9568,4.743
264.1092,7.329
264.2616,9.919
264.414,11.716
264.5664,10.829
264.7188,10.707
264.8712,11.191
265.0236,9.33
265.176,9.777
265.3284,9.257
265.4808,9.526
265.6332,8.496
265.7856,10.344
265.938,12.204
266.0904,13.096
266.2428,8.766
266.3952,10.005
266.5476,9.908
266.7,9.534
266.8524,11.732
267.0048,10.735
267.1572,10.354
267.3096,12.173
267.462,10.616
267.6144,8.51
267.7668,10.302
267.9192,13.125
268.0716,13.158
268.224,12.416
268.3764,11.952
268.5288,12.261
268.6812,11.431
268.8336,8.656
268.986,9.584
269.1384,10.499
269.2908,11.618
269.4432,9.936
269.5956,11.978
269.748,9.403
269.9004,6.645
270.0528,7.011
270.2052,11.864
270.3576,8.868
270.51,3.712
270.6624,6.523
270.8148,6.426
270.9672,9.849
271.1196,10.321
271.272,10.943
271.4244,8.637
271.5768,9.517
271.7292,10.357
271.8816,8.564
272.034,10.537
272.1864,11.743
272.3388,10.815
272.4912,8.439
272.6436,10.061
272.796,9.255
272.9484,10.568
273.1008,11.836
273.2532,11.989
273.4056,11.361
273.558,11.288
273.7104,9.586
273.8628,8.606
274.0152,9.476
274.1676,10.292
274.32,8.399
274.4724,8.648
274.6248,9.584
274.7772,13.255
274.9296,10.821
275.082,10.762
275.2344,9.595
275.3868,8.517
275.5392,14.335
275.6916,13.413
275.844,11.358
275.9964,11.43
276.1488,10.03
276.3012,9.145
276.4536,7.678
276.606,11.388
276.7584,13.537
276.9108,13.152
277.0632,11.215
277.2156,10.925
277.368,10.169
277.5204,7.888
277.6728,6.827
277.8252,9.421
277.9776,10.996
278.13,10.285
278.2824,11.377
278.4348,8.526
278.5872,10.38
278.7396,12.961
278.892,11.878
279.0444,13.054
279.1968,5.98
279.3492,12.836
279.5016,11.007
279.654,8.844
279.8064,10.428
279.9588,8.061
280.1112,11.649
280.2636,7.807
280.416,9.183
280.5684,13.108
280.7208,8.964
280.8732,7.678
281.0256,8.741
281.178,9.832
281.3304,11.52
281.4828,9.303
281.6352,10.798
281.7876,9.037
281.94,9.864
282.0924,12.691
282.2448,10.44
282.3972,5.56
282.5496,9.983
282.702,9.426
282.8544,11.44
283.0068,9.917
283.1592,11.905
283.3116,11.275
283.464,12.124
283.6164,11.017
283.7688,9.626
283.9212,9.732
284.0736,10.696
284.226,12.344
284.3784,9.464
284.5308,11.544
284.6832,8.649
284.8356,12.838
284.988,12.388
285.1404,8.733
285.2928,8.531
285.4452,12.228
285.5976,7.945
285.75,12.729
285.9024,10.361
286.0548,11.773
286.2072,9.525
286.3596,8.927
286.512,10.616
286.6644,10.987
286.8168,9.413
286.9692,6.729
287.1216,9.065
287.274,8.505
287.4264,8.912
287.5788,9.165
287.7312,10.224
287.8836,8.938
288.036,9.174
288.1884,10.327
288.3408,11.53
288.4932,7.868
288.6456,9.393
288.798,9.863
288.9504,8.886
289.1028,10.374
289.2552,9.471
289.4076,11.13
289.56,11.923
289.7124,13.066
289.8648,11.124
290.0172,11.733
290.1696,10.6
290.322,9.106
290.4744,12.736
290.6268,11.869
290.7792,13.315
290.9316,8.647
291.084,8.007
291.2364,11.551
291.3888,13.526
291.5412,13.289
291.6936,11.831
291.846,9.997
291.9984,8.372
292.1508,9.829
292.3032,11.157
292.4556,10.944
292.608,11.236
292.7604,11.102
292.9128,9.889
293.0652,11.276
293.2176,11.309
293.37,9.611
293.5224,10.29
293.6748,9.122
293.8272,12.796
293.9796,8.976
294.132,10.486
294.2844,10.779
294.4368,8.839
294.5892,10.142
294.7416,12.208
294.894,11.173
295.0464,10.072
295.1988,10.818
295.3512,11.01
295.5036,8.138
295.656,12.434
295.8084,10.364
295.9608,13.006
296.1132,13.547
296.2656,11.083
296.418,9.816
296.5704,9.793
296.7228,12.278
296.8752,9.859
297.0276,8.883
297.18,7.801
297.3324,10.4
297.4848,11.682
297.6372,9.727
297.7896,12.274
297.942,8.159
298.0944,12.337
298.2468,11.542
298.3992,11.052
298.5516,9.652
298.704,8.298
298.8564,11.011
299.0088,8.86
299.1612,10.319
299.3136,10.32
299.466,14.138
299.6184,11.893
299.7708,13.013
299.9232,12.474
300.0756,10.42
300.228,13.16
300.3804,14.97
300.5328,12.511
300.6852,11.142
300.8376,11.526
300.99,11.012
301.1424,10.254
301.2948,9.141
301.4472,8.991
301.5996,10.702
301.752,11.098
301.9044,9.034
302.0568,9.848
302.2092,10.474
302.3616,10.854
302.514,5.629
302.6664,10.855
302.8188,11.665
302.9712,10.623
303.1236,10.918
303.276,10.907
303.4284,8.567
303.5808,12.165
303.7332,10.578
303.8856,11.792
304.038,10.903
304.1904,9.268
304.3428,8.587
304.4952,10.616
304.6476,11.992
304.8,10.953
304.9524,13.294
305.1048,14.573
305.2572,13.445
305.4096,10.371
305.562,12.18
305.7144,12.079
305.8668,9.208
306.0192,10.375
306.1716,11.086
306.324,13.449
306.4764,11.892
306.6288,9.046
306.7812,9.79
306.9336,12.676
307.086,10.697
307.2384,11.222
307.3908,9.545
307.5432,11.728
307.6956,9.891
307.848,9.622
308.0004,8.753
308.1528,11.304
308.3052,13.112
308.4576,11.733
308.61,12.561
308.7624,11.546
308.9148,8.863
309.0672,9.09
309.2196,9.938
309.372,11.818
309.5244,9.211
309.6768,11.698
309.8292,12.449
309.9816,10.765
310.134,10.525
310.2864,9.973
310.4388,10.848
310.5912,11.767
310.7436,9.686
310.896,8.953
311.0484,9.458
311.2008,9.732
311.3532,8.339
311.5056,12.826
311.658,11.1
311.8104,10.642
311.9628,17.095
312.1152,18.446
312.2676,17.024
312.42,15.787
312.5724,15.797
312.7248,15.822
312.8772,18.224
313.0296,17.415
313.182,15.728
313.3344,17.867
313.4868,16.704
313.6392,17.34
313.7916,17.764
313.944,18.818
314.0964,18.858
314.2488,18.456
314.4012,16.892
314.5536,11.837
314.706,15.589
314.8584,14.259
315.0108,14.081
315.1632,15.094
315.3156,13.603
315.468,15.139
315.6204,13.607
315.7728,11.71
315.9252,12.421
316.0776,16.236
316.23,10.794
316.3824,10.611
316.5348,11.242
316.6872,15.767
316.8396,14.675
316.992,15.878
317.1444,13.69
317.2968,12.397
317.4492,9.899
317.6016,14.218
317.754,14.702
317.9064,12.19
318.0588,10.703
318.2112,12.807
318.3636,13.128
318.516,13.239
318.6684,12.797
318.8208,12.265
318.9732,12.323
319.1256,10.665
319.278,14.728
319.4304,14.524
319.5828,14
319.7352,13.953
319.8876,12.553
320.04,11.529
320.1924,10.941
320.3448,14.508
320.4972,14.659
320.6496,12.557
320.802,12.226
320.9544,17.619
321.1068,15.56
321.2592,16.971
321.4116,12.714
321.564,13.571
321.7164,12.883
321.8688,14.098
322.0212,12.284
322.1736,13.297
322.326,11.453
322.4784,15.037
322.6308,13.967
322.7832,14.664
322.9356,13.038
323.088,12.232
323.2404,13.113
323.3928,14.122
323.5452,17.264
323.6976,14.323
323.85,13.531
324.0024,14.426
324.1548,12.534
324.3072,14.208
324.4596,12.557
324.612,10.893
324.7644,14.283
324.9168,15.255
325.0692,14.419
325.2216,13.023
325.374,11.51
325.5264,14.506
325.6788,14.004
325.8312,14.125
325.9836,14.464
326.136,16.492
326.2884,11.912
326.4408,13.164
326.5932,15.212
326.7456,12.694
326.898,12.543
327.0504,13.154
327.2028,14.018
327.3552,13.329
327.5076,11.05
327.66,12.409
327.8124,13.786
327.9648,12.091
328.1172,13.923
328.2696,13.165
328.422,13.354
328.5744,12.63
328.7268,10.968
328.8792,19.447
329.0316,7.344
329.184,8.849
329.3364,8.148
329.4888,9.018
329.6412,9.539
329.7936,10.543
329.946,9.707
330.0984,14.926
330.2508,14.418
330.4032,12.415
330.5556,11.944
330.708,14.276
330.8604,13.509
331.0128,14.269
331.1652,14.708
331.3176,11.931
331.47,11.362
331.6224,13.825
331.7748,15.293
331.9272,16.155
332.0796,12.947
332.232,11.975
332.3844,12.259
332.5368,11.253
332.6892,16.594
332.8416,18.078
332.994,15.179
333.1464,18.044
333.2988,19.94
333.4512,15
333.6036,13.08
333.756,11.57
333.9084,12.083
334.0608,13.639
334.2132,14.341
334.3656,13.422
334.518,14.014
334.6704,15.474
334.8228,11.14
334.9752,12.737
335.1276,11.866
335.28,10.519
335.4324,14.674
335.5848,13.058
335.7372,13.045
335.8896,12.241
336.042,12.071
336.1944,10.912
336.3468,11.872
336.4992,11.946
336.6516,12.249
336.804,12.281
336.9564,8.232
337.1088,12.414
337.2612,10.451
337.4136,11.377
337.566,12.623
337.7184,14.495
337.8708,14.113
338.0232,6.396
338.1756,15.093
338.328,13.322
338.4804,12.212
338.6328,13.9
338.7852,12.298
338.9376,12.326
339.09,11.756
339.2424,10.849
339.3948,11.031
339.5472,7.478
339.6996,10.733
339.852,8.66
340.0044,12.647
340.1568,14.484
340.3092,13.019
340.4616,17.099
340.614,17.896
340.7664,15.558
340.9188,16.007
341.0712,17.234
341.2236,16.168
341.376,13.962
341.5284,13.116
341.6808,11.855
341.8332,11.816
341.9856,11.775
342.138,15.277
342.2904,13.282
342.4428,15.547
342.5952,11.661
342.7476,10.605
342.9,12.475
343.0524,13.804
343.2048,12.866
343.3572,15.091
343.5096,12.384
343.662,13.513
343.8144,13.456
343.9668,14.118
344.1192,12.375
344.2716,11.756
344.424,12.729
344.5764,11.467
344.7288,11.819
344.8812,9.641
345.0336,13.383
345.186,13.98
345.3384,14.057
345.4908,12.955
345.6432,14.322
345.7956,14.449
345.948,13.058
346.1004,14.577
346.2528,14.088
346.4052,10.009
346.5576,10.343
346.71,11.011
346.8624,12.626
347.0148,11.681
347.1672,10.454
347.3196,13.809
347.472,13.899
347.6244,16.735
347.7768,12.63
347.9292,11.698
348.0816,10.614
348.234,9.173
348.3864,13.206
348.5388,12.257
348.6912,13.185
348.8436,18.28
348.996,16.472
349.1484,15.342
349.3008,17.836
349.4532,15.482
349.6056,13.961
349.758,12.162
349.9104,12.987
350.0628,12.491
350.2152,13.071
350.3676,14.67
350.52,13.213
350.6724,15.354
350.8248,12.349
350.9772,14.491
351.1296,16.999
351.282,12.479
351.4344,13.793
351.5868,15.123
351.7392,12.227
351.8916,13.087
352.044,15.885
352.1964,14.837
352.3488,14.887
352.5012,12.861
352.6536,14.161
352.806,18.533
352.9584,19.059
353.1108,17.179
353.2632,15.131
353.4156,17.258
353.568,17.254
353.7204,16.242
353.8728,17.009
354.0252,13.796
354.1776,16.864
354.33,16.367
354.4824,17.527
354.6348,13.135
354.7872,13.185
354.9396,16.209
355.092,16.976
355.2444,12.414
355.3968,12.761
355.5492,10.76
355.7016,9.563
355.854,11.332
356.0064,12.282
356.1588,13.266
356.3112,15.375
356.4636,14.185
356.616,14.165
356.7684,15.371
356.9208,18.402
357.0732,15.759
357.2256,13.744
357.378,14.548
357.5304,12.262
357.6828,12.308
357.8352,15.917
357.9876,16.221
358.14,15.499
358.2924,16.033
358.4448,15.91
358.5972,18.1
358.7496,16.696
358.902,17.548
359.0544,16.751
359.2068,16.917
359.3592,15.584
359.5116,13.417
359.664,13.878
359.8164,12.358
359.9688,16.163
360.1212,15.435
360.2736,13.804
360.426,13.139
360.5784,12.064
360.7308,16.116
360.8832,17.517
361.0356,16.946
361.188,15.79
361.3404,13.774
361.4928,11.424
361.6452,20.127
361.7976,12.563
361.95,14.239
362.1024,13.4
362.2548,17.282
362.4072,17.412
362.5596,15.655
362.712,15.545
362.8644,12.479
363.0168,11.118
363.1692,10.814
363.3216,16.755
363.474,15.439
363.6264,14.448
363.7788,14.884
363.9312,13.603
364.0836,14.313
364.236,13.711
364.3884,15.848
364.5408,16.052
364.6932,15.776
364.8456,10.641
364.998,12.559
365.1504,14.215
365.3028,14.773
365.4552,17.788
365.6076,18.695
365.76,17.43
365.9124,15.627
366.0648,14.743
366.2172,14.749
366.3696,14.499
366.522,16.876
366.6744,15.719
366.8268,15.7
366.9792,21.332
367.1316,8.448
367.284,13.804
367.4364,15.92
367.5888,14.777
367.7412,14.573
367.8936,17.107
368.046,15.613
368.1984,12.953
368.3508,16.969
368.5032,14.708
368.6556,16.972
368.808,17.482
368.9604,15.954
369.1128,13.165
369.2652,14.092
369.4176,15.739
369.57,16.767
369.7224,12.628
369.8748,12.352
370.0272,16.169
370.1796,13.675
370.332,12.189
370.4844,14.085
370.6368,15.725
370.7892,13.791
370.9416,15.123
371.094,17.653
371.2464,17.447
371.3988,17.102
371.5512,17.364
371.7036,15.071
371.856,16.408
372.0084,11.967
372.1608,13.311
372.3132,12.707
372.4656,17.606
372.618,20.022
372.7704,17.511
372.9228,16.602
373.0752,18.123
373.2276,16.845
373.38,16.635
373.5324,13.455
373.6848,13.026
373.8372,12.955
373.9896,12.762
374.142,13.949
374.2944,14.289
374.4468,11.723
374.5992,11.654
374.7516,11.449
374.904,15.318
375.0564,16.083
375.2088,16.818
375.3612,15.404
375.5136,15.665
375.666,14.921
375.8184,15.698
375.9708,15.066
376.1232,13.449
376.2756,11.979
376.428,11.24
376.5804,11.363
376.7328,12.621
376.8852,14.312
377.0376,12.267
377.19,14.081
377.3424,14.333
377.4948,12.281
377.6472,11.569
377.7996,15.938
377.952,16.375
378.1044,14.601
378.2568,11.395
378.4092,11.539
378.5616,11.988
378.714,16.436
378.8664,11.481
379.0188,17.435
379.1712,16.832
379.3236,15.294
379.476,10.619
379.6284,16.214
379.7808,15.64
379.9332,16.059
380.0856,14.029
380.238,9.942
380.3904,15.967
380.5428,15.742
380.6952,13.42
380.8476,14
381,11.36
381.1524,16.945
381.3048,14.991
381.4572,12.738
381.6096,12.093
381.762,11.088
381.9144,12.501
382.0668,10.79
382.2192,10.516
382.3716,14.373
382.524,9.52
382.6764,10.425
382.8288,9.563
382.9812,13.476
383.1336,11.565
383.286,13.032
383.4384,10.893
383.5908,10.903
383.7432,14.439
383.8956,16.276
384.048,13.661
384.2004,12.079
384.3528,12.634
384.5052,11.735
384.6576,10.094
384.81,13.945
384.9624,13.882
385.1148,12.465
385.2672,12.093
385.4196,11.079
385.572,10.608
385.7244,10.938
385.8768,10.969
386.0292,13.713
386.1816,12.535
386.334,14.02
386.4864,13.372
386.6388,11.991
386.7912,13.371
386.9436,13.147
387.096,12.212
387.2484,13.188
387.4008,9.273
387.5532,11.941
387.7056,15.781
387.858,13.576
388.0104,13.272
388.1628,15.34
388.3152,14.087
388.4676,17.073
388.62,16.579
388.7724,17.158
388.9248,14.196
389.0772,11.397
389.2296,14.928
389.382,13.827
389.5344,15.331
389.6868,15.494
389.8392,12.47
389.9916,12.986
390.144,15.558
390.2964,15.373
390.4488,18.568
390.6012,15.83
390.7536,16.913
390.906,17.961
391.0584,15.492
391.2108,22.862
391.3632,17.136
391.5156,17.792
391.668,18.802
391.8204,17.775
391.9728,16.984
392.1252,18.225
392.2776,16.986
392.43,17.413
392.5824,18.409
392.7348,19.49
392.8872,19.366
393.0396,20.586
393.192,19.896
393.3444,19.598
393.4968,19.621
393.6492,16.219
393.8016,17.321
393.954,12.233
394.1064,12.053
394.2588,14.902
394.4112,16.388
394.5636,15.9
394.716,15.32
394.8684,15.468
395.0208,14.951
395.1732,19.708
395.3256,19.784
395.478,18.584
395.6304,20
395.7828,18.209
395.9352,16.906
396.0876,17.219
396.24,18.882
396.3924,20.775
396.5448,20.162
396.6972,17.886
396.8496,16.79
397.002,17.639
397.1544,16.848
397.3068,14.508
397.4592,17.129
397.6116,14.462
397.764,17.092
397.9164,12.063
398.0688,13.722
398.2212,15.749
398.3736,15.103
398.526,14.022
398.6784,14.005
398.8308,18.067
398.9832,15.041
399.1356,9.622
399.288,13.062
399.4404,13.277
399.5928,8.124
399.7452,20.06
399.8976,13.316
400.05,13.41
400.2024,11.222
400.3548,15.046
400.5072,13.957
400.6596,12.156
400.812,13.01
400.9644,12.19
401.1168,13.114
401.2692,12.924
401.4216,14.247
401.574,12.76
401.7264,13.602
401.8788,11.707
402.0312,15.359
402.1836,12.85
402.336,14.015
402.4884,12.21
402.6408,11.983
402.7932,14.715
402.9456,14.673
403.098,16.421
403.2504,14.711
403.4028,15.021
403.5552,16.444
403.7076,14.643
403.86,11.613
404.0124,9.636
404.1648,9.129
404.3172,11.15
404.4696,14.617
404.622,12.903
404.7744,11.442
404.9268,10.909
405.0792,8.494
405.2316,11.81
405.384,11.005
405.5364,11.514
405.6888,11.054
405.8412,11.682
405.9936,9.897
406.146,8.017
406.2984,14.002
406.4508,12.78
406.6032,9.788
406.7556,12.198
406.908,12.933
407.0604,12.343
407.2128,12.631
407.3652,12.536
407.5176,12.266
407.67,11.352
407.8224,11.37
407.9748,13.503
408.1272,11.574
408.2796,12.056
408.432,10.026
408.5844,9.407
408.7368,9.663
408.8892,13.426
409.0416,13.808
409.194,14.1
409.3464,9.311
409.4988,9.333
409.6512,12.126
409.8036,12.001
409.956,14.768
410.1084,14.904
410.2608,15.302
410.4132,10.354
410.5656,11.572
410.718,10.403
410.8704,13.145
411.0228,13.21
411.1752,12.775
411.3276,14.085
411.48,11.815
411.6324,10.981
411.7848,11.168
411.9372,13.105
412.0896,15.804
412.242,14.61
412.3944,13.028
412.5468,14.424
412.6992,15.25
412.8516,16.261
413.004,11.857
413.1564,10.484
413.3088,9.982
413.4612,16.165
413.6136,15.496
413.766,15.241
413.9184,12.269
414.0708,14.055
414.2232,17.875
414.3756,16.858
414.528,15.282
414.6804,16.794
414.8328,15.683
414.9852,13.733
415.1376,10.959
415.29,18.859
415.4424,17.415
415.5948,17.409
415.7472,17.799
415.8996,16.146
416.052,17.622
416.2044,15.612
416.3568,20.326
416.5092,18.37
416.6616,18.475
416.814,20.482
416.9664,17.707
417.1188,17.435
417.2712,20.186
417.4236,18.633
417.576,17.513
417.7284,16.496
417.8808,14.307
418.0332,16.577
418.1856,14.692
418.338,16.614
418.4904,16.106
418.6428,16.762
418.7952,14.678
418.9476,13.903
419.1,11.948
419.2524,12.225
419.4048,13.19
419.5572,11.783
419.7096,12.594
419.862,13.32
420.0144,13.996
420.1668,12.001
420.3192,8.264
420.4716,8.239
420.624,11.955
420.7764,14.173
420.9288,16.298
421.0812,11.728
421.2336,12.394
421.386,15.545
421.5384,14.2
421.6908,16.323
421.8432,15.928
421.9956,15.176
422.148,17.333
422.3004,16.158
422.4528,14.489
422.6052,12.851
422.7576,16.044
422.91,15.05
423.0624,15.357
423.2148,14.289
423.3672,14.231
423.5196,14.641
423.672,14.847
423.8244,14.181
423.9768,13.799
424.1292,10.679
424.2816,11.948
424.434,14.076
424.5864,14.994
424.7388,13.86
424.8912,14.41
425.0436,11.211
425.196,10.933
425.3484,11.935
425.5008,13.149
425.6532,14.104
425.8056,13.032
425.958,12.902
426.1104,13.47
426.2628,13.569
426.4152,10.673
426.5676,10.261
426.72,13.036
426.8724,12.281
427.0248,15.282
427.1772,12.54
427.3296,13.037
427.482,12.25
427.6344,17.158
427.7868,14.752
427.9392,18.01
428.0916,15.979
428.244,15.034
428.3964,14.716
428.5488,16.924
428.7012,16.836
428.8536,14.49
429.006,15.354
429.1584,15.531
429.3108,14.662
429.4632,12.07
429.6156,9.845
429.768,14.278
429.9204,14.126
430.0728,14.442
430.2252,15.305
430.3776,16.136
430.53,12.997
430.6824,13.682
430.8348,11.478
430.9872,10.19
431.1396,14.564
431.292,13.524
431.4444,12.35
431.5968,9.394
431.7492,10.055
431.9016,9.173
432.054,12.981
432.2064,15.624
432.3588,13.712
432.5112,10.893
432.6636,15.12
432.816,12.538
432.9684,15.011
433.1208,15.183
433.2732,15.917
433.4256,15.544
433.578,16.034
433.7304,14.009
433.8828,15.781
434.0352,14.747
434.1876,15.612
434.34,13.273
434.4924,14.441
434.6448,13.137
434.7972,23.131
434.9496,21.2
435.102,17.798
435.2544,15.064
435.4068,14.139
435.5592,13.081
435.7116,13.652
435.864,13.103
436.0164,14.752
436.1688,14.772
436.3212,15.475
436.4736,13.168
436.626,13.436
436.7784,13.926
436.9308,14.709
437.0832,14.655
437.2356,13.636
437.388,14.258
437.5404,18.004
437.6928,16.422
437.8452,14.895
437.9976,15.165
438.15,14.257
438.3024,12.498
438.4548,17.078
438.6072,17.742
438.7596,13.452
438.912,17.386
439.0644,19.53
439.2168,17.45
439.3692,17.052
439.5216,13.029
439.674,17.468
439.8264,15.128
439.9788,13.471
440.1312,17.708
440.2836,17.104
440.436,16.958
440.5884,17.474
440.7408,15.711
440.8932,15.788
441.0456,13.904
441.198,16.373
441.3504,15.226
441.5028,16.299
441.6552,16.538
441.8076,16.27
441.96,14.96
442.1124,14.588
442.2648,12.16
442.4172,13.974
442.5696,15.364
442.722,15.692
442.8744,14.187
443.0268,18.863
443.1792,18.431
443.3316,16.204
443.484,16.914
443.6364,18.078
443.7888,19.711
443.9412,16.373
444.0936,18.442
444.246,18.992
444.3984,14.886
444.5508,14.302
444.7032,12.185
444.8556,11.992
445.008,12.478
445.1604,12.005
445.3128,12.445
445.4652,12.674
445.6176,14.554
445.77,16.188
445.9224,14.956
446.0748,11.74
446.2272,15.525
446.3796,14.542
446.532,14.754
446.6844,17.625
446.8368,17.627
446.9892,19.218
447.1416,21.389
447.294,19.559
447.4464,20.24
447.5988,19.096
447.7512,18.827
447.9036,18.954
448.056,19.195
448.2084,19.141
448.3608,19.754
448.5132,17.484
448.6656,18.981
448.818,24.112
448.9704,24.116
449.1228,20.975
449.2752,19.223
449.4276,18.6
449.58,17.65
449.7324,17.456
449.8848,16.39
450.0372,16.92
450.1896,16.456
450.342,19.127
450.4944,20.264
450.6468,18.504
450.7992,19.315
450.9516,18.462
451.104,17.838
451.2564,17.458
451.4088,15.14
451.5612,15.809
451.7136,13.029
451.866,15.282
452.0184,14.931
452.1708,16.066
452.3232,15.699
452.4756,15.754
452.628,14.962
452.7804,15.959
452.9328,16.403
453.0852,14.437
453.2376,17.026
453.39,18.529
453.5424,17.751
453.6948,15.892
453.8472,15.657
453.9996,15.553
454.152,16.07
454.3044,16.773
454.4568,12.747
454.6092,10.572
454.7616,17.762
454.914,17.97
455.0664,18.157
455.2188,13.193
455.3712,21.464
455.5236,17.202
455.676,16.508
455.8284,17.153
455.9808,14.375
456.1332,20.473
456.2856,18.874
456.438,16.267
456.5904,15.237
456.7428,16.651
456.8952,15.747
457.0476,16.476
457.2,11.895
457.3524,11.325
457.5048,15.153
457.6572,16.623
457.8096,14.102
457.962,15.282
458.1144,13.511
458.2668,15.947
458.4192,17.948
458.5716,14.919
458.724,15.305
458.8764,14.733
459.0288,13.954
459.1812,15.302
459.3336,14.661
459.486,15.748
459.6384,17.38
459.7908,15.033
459.9432,16.084
460.0956,14.456
460.248,12.549
460.4004,11.611
460.5528,12.22
460.7052,13.026
460.8576,14.46
461.01,15.807
461.1624,11.409
461.3148,9.894
461.4672,14.178
461.6196,15.309
461.772,12.53
461.9244,12.907
462.0768,10.07
462.2292,11.181
462.3816,17.057
462.534,12.685
462.6864,18.256
462.8388,14.077
462.9912,15.076
463.1436,16.266
463.296,15.63
463.4484,14.164
463.6008,11.814
463.7532,15.77
463.9056,11.46
464.058,13.724
464.2104,16.624
464.3628,16.747
464.5152,11.498
464.6676,10.172
464.82,14.463
464.9724,13.388
465.1248,13.878
465.2772,16.081
465.4296,15.402
465.582,15.659
465.7344,12.491
465.8868,14.867
466.0392,14.967
466.1916,12.077
466.344,10.384
466.4964,12.44
466.6488,16.635
466.8012,14.012
466.9536,14.537
467.106,16.43
467.2584,17.579
467.4108,14.575
467.5632,17.505
467.7156,17.63
467.868,17.057
468.0204,20.235
468.1728,19.812
468.3252,18.899
468.4776,20.266
468.63,22.676
468.7824,21.203
468.9348,20.18
469.0872,19.708
469.2396,18.253
469.392,16.411
469.5444,16.194
469.6968,16.325
469.8492,14.571
470.0016,13.224
470.154,12.11
470.3064,18.605
470.4588,21.373
470.6112,18.686
470.7636,18.572
470.916,15.995
471.0684,19.496
471.2208,17.71
471.3732,21.663
471.5256,18.348
471.678,19.758
471.8304,18.971
471.9828,18.314
472.1352,16.313
472.2876,19.639
472.44,12.075
472.5924,11.146
472.7448,20.431
472.8972,18.157
473.0496,20.684
473.202,19.119
473.3544,19.9
473.5068,21.554
473.6592,29.94
473.8116,10.324
473.964,10.34
474.1164,24.973
474.2688,24.355
474.4212,18.434
474.5736,20.75
474.726,20.9
474.8784,21.474
475.0308,24.22
475.1832,23.855
475.3356,16.511
475.488,15.702
475.6404,20.164
475.7928,22.131
475.9452,19.5
476.0976,20.63
476.25,19.234
476.4024,20.059
476.5548,17.407
476.7072,17.221
476.8596,16.467
477.012,17.586
477.1644,18.171
477.3168,20.189
477.4692,17.472
477.6216,15.213
477.774,15.91
477.9264,14.815
478.0788,14.061
478.2312,15.838
478.3836,16.053
478.536,23.335
478.6884,17.601
478.8408,20.04
478.9932,15.211
479.1456,16.93
479.298,18.272
479.4504,17.06
479.6028,15.553
479.7552,20.301
479.9076,21.309
480.06,20.649
480.2124,22.84
480.3648,20.943
480.5172,23.653
480.6696,22.706
480.822,16.91
480.9744,18.898
481.1268,19.052
481.2792,21.504
481.4316,23.425
481.584,21.795
481.7364,22.196
481.8888,25.152
482.0412,24.356
482.1936,22.063
482.346,20.315
482.4984,20.115
482.6508,21.573
482.8032,22.985
482.9556,23.679
483.108,22.865
483.2604,23.139
483.4128,21.437
483.5652,20.408
483.7176,20.011
483.87,19.319
484.0224,16.752
484.1748,16.728
484.3272,16.269
484.4796,17.139
484.632,18.729
484.7844,20.787
484.9368,19.746
485.0892,18.141
485.2416,17.847
485.394,19.669
485.5464,19.195
485.6988,21.535
485.8512,21.146
486.0036,21.284
486.156,20.162
486.3084,20.258
486.4608,15.448
486.6132,15.785
486.7656,16.609
486.918,15.667
487.0704,17.136
487.2228,21.127
487.3752,19.48
487.5276,19.151
487.68,19.848
487.8324,18.507
487.9848,16.522
488.1372,18.894
488.2896,16.426
488.442,19.358
488.5944,18.954
488.7468,20.521
488.8992,21.031
489.0516,20.723
489.204,19.076
489.3564,20.235
489.5088,19.806
489.6612,19.486
489.8136,24.893
489.966,20.502
490.1184,21.802
490.2708,21.384
490.4232,20.897
490.5756,21.245
490.728,20.144
490.8804,18.882
491.0328,15.864
491.1852,21.242
491.3376,16.647
491.49,17.491
491.6424,19.624
491.7948,17.529
491.9472,16.077
492.0996,16.02
492.252,17.35
492.4044,18.681
492.5568,15.918
492.7092,24.956
492.8616,21.618
493.014,21.517
493.1664,20.656
493.3188,18.704
493.4712,16.923
493.6236,14.546
493.776,18.784
493.9284,16.298
494.0808,16.523
494.2332,17.174
494.3856,17.234
494.538,16.963
494.6904,18.355
494.8428,16.756
494.9952,16.417
495.1476,16.166
495.3,18.497
495.4524,17.59
495.6048,15.986
495.7572,15.55
495.9096,16.729
496.062,17.619
496.2144,19.067
496.3668,21.748
496.5192,17.045
496.6716,16.42
496.824,16.225
496.9764,18.019
497.1288,18.259
497.2812,20.219
497.4336,15.922
497.586,17.896
497.7384,17.787
497.8908,18.161
498.0432,19.682
498.1956,17.131
498.348,15.718
498.5004,19.022
498.6528,17.605
498.8052,20.095
498.9576,19.528
499.11,20.788
499.2624,19.084
499.4148,17.82
499.5672,18.327
499.7196,19.366
499.872,22.498
500.0244,20.265
500.1768,22.568
500.3292,21.005
500.4816,21.701
500.634,21.167
500.7864,22.572
500.9388,23.519
501.0912,21.897
501.2436,19.531
501.396,18.738
501.5484,21.729
501.7008,26.468
501.8532,25.002
502.0056,23.228
502.158,19.906
502.3104,19.656
502.4628,21.954
502.6152,25.299
502.7676,26.823
502.92,23.28
503.0724,26.785
503.2248,22.212
503.3772,22.592
503.5296,20.836
503.682,25.662
503.8344,25.898
503.9868,24.3
504.1392,24.198
504.2916,23.229
504.444,22.793
504.5964,21.318
504.7488,18.874
504.9012,20.429
505.0536,18.958
505.206,18.065
505.3584,23.635
505.5108,17.897
505.6632,16.922
505.8156,15.62
505.968,15.459
506.1204,16.571
506.2728,16.605
506.4252,18.934
506.5776,22.015
506.73,21.892
506.8824,20.14
507.0348,25.291
507.1872,22.593
507.3396,21.847
507.492,24.259
507.6444,23.528
507.7968,23.448
507.9492,21.907
508.1016,20.449
508.254,20.335
508.4064,19.735
508.5588,17.009
508.7112,23.58
508.8636,21.523
509.016,22.378
509.1684,19.103
509.3208,25.811
509.4732,24.496
509.6256,24.623
509.778,23.989
509.9304,21.712
510.0828,18.991
510.2352,19.72
510.3876,18.27
510.54,21.025
510.6924,19.107
510.8448,19.738
510.9972,19.31
511.1496,17.934
511.302,19.431
511.4544,17.285
511.6068,20.022
511.7592,19.922
511.9116,21.623
512.064,19.824
512.2164,16.678
512.3688,19.178
512.5212,18.075
512.6736,18.545
512.826,19.387
512.9784,19.543
513.1308,18.82
513.2832,18.865
513.4356,20.167
513.588,20.972
513.7404,20.457
513.8928,15.857
514.0452,14.478
514.1976,15.449
514.35,14.368
514.5024,14.816
514.6548,18.895
514.8072,16.51
514.9596,19.598
515.112,17.747
515.2644,18.238
515.4168,16.444
515.5692,19.286
515.7216,18.279
515.874,17.592
516.0264,19.049
516.1788,21.227
516.3312,19.944
516.4836,17.768
516.636,18.311
516.7884,23.19
516.9408,24.38
517.0932,19.565
517.2456,17.972
517.398,18.057
517.5504,17.64
517.7028,16.046
517.8552,17.222
518.0076,16.545
518.16,17.878
518.3124,18.56
518.4648,19.607
518.6172,20.242
518.7696,17.489
518.922,15.844
519.0744,16.093
519.2268,16.699
519.3792,13.797
519.5316,20.536
519.684,15.511
519.8364,13.319
519.9888,10.828
520.1412,16.323
520.2936,15.951
520.446,15.699
520.5984,15.072
520.7508,16.213
520.9032,15.705
521.0556,15.004
521.208,14.477
521.3604,17.062
521.5128,16.456
521.6652,15.583
521.8176,13.38
521.97,19.958
522.1224,17.271
522.2748,15.822
522.4272,18.217
522.5796,17.356
522.732,12.734
522.8844,17.746
523.0368,16.287
523.1892,20.252
523.3416,17.016
523.494,15.222
523.6464,15.11
523.7988,17.257
523.9512,18.302
524.1036,15.53
524.256,15.837
524.4084,16.013
524.5608,13.843
524.7132,17.662
524.8656,17.21
525.018,16.039
525.1704,11.923
525.3228,15.493
525.4752,13.349
525.6276,15.682
525.78,12.647
525.9324,11.738
526.0848,16.637
526.2372,15.516
526.3896,15.883
526.542,16.237
526.6944,15.08
526.8468,16.31
526.9992,19.003
527.1516,19.395
527.304,20.276
527.4564,20.558
527.6088,18.97
527.7612,18.121
527.9136,17.79
528.066,18.273
528.2184,17.063
528.3708,18.447
528.5232,21.621
528.6756,21.237
528.828,23.558
528.9804,20.317
529.1328,19.98
529.2852,20.449
529.4376,21.862
529.59,17.264
529.7424,16.498
529.8948,15.423
530.0472,24.534
530.1996,23.667
530.352,23.259
530.5044,20.087
530.6568,17.964
530.8092,19.399
530.9616,19.139
531.114,21.218
531.2664,21.656
531.4188,21.165
531.5712,20.462
531.7236,23.366
531.876,21.399
532.0284,20.283
532.1808,23.589
532.3332,20.971
532.4856,20.969
532.638,22.06
532.7904,21.765
532.9428,20.465
533.0952,19.476
533.2476,21.47
533.4,15.914
533.5524,24.98
533.7048,23.48
533.8572,22.749
534.0096,22.69
534.162,24.712
534.3144,19.46
534.4668,19.085
534.6192,19.073
534.7716,20.827
534.924,20.629
535.0764,19.852
535.2288,17.319
535.3812,19.158
535.5336,21.768
535.686,10.942
535.8384,14.678
535.9908,16.341
536.1432,18.16
536.2956,15.55
536.448,14.033
536.6004,16.798
536.7528,15.78
536.9052,16.641
537.0576,16.702
537.21,16.696
537.3624,16.846
537.5148,15.429
537.6672,16.367
537.8196,15.83
537.972,14.615
538.1244,12.81
538.2768,16.562
538.4292,13.54
538.5816,12.238
538.734,18.14
538.8864,18.075
539.0388,13.886
539.1912,13.168
539.3436,13.845
539.496,14.314
539.6484,17.488
539.8008,15.155
539.9532,14.933
540.1056,15.284
540.258,19.408
540.4104,16.695
540.5628,18.436
540.7152,13.379
540.8676,14.59
541.02,13.628
541.1724,13.78
541.3248,14.772
541.4772,14.009
541.6296,12.81
541.782,15.105
541.9344,16.844
542.0868,12.727
542.2392,11.942
542.3916,11.243
542.544,17.687
542.6964,16.223
542.8488,16.98
543.0012,15.745
543.1536,11.151
543.306,13.098
543.4584,17.696
543.6108,15.717
543.7632,14.948
543.9156,17.39
544.068,14.951
544.2204,16.374
544.3728,11.193
544.5252,17.726
544.6776,13.76
544.83,16.123
544.9824,13.27
545.1348,13.276
545.2872,15.377
545.4396,12.751
545.592,13.892
545.7444,14.259
545.8968,20.101
546.0492,15.557
546.2016,17.942
546.354,15.106
546.5064,12.651
546.6588,15.801
546.8112,20.813
546.9636,15.968
547.116,17.044
547.2684,15.358
547.4208,13.414
547.5732,14.872
547.7256,15.88
547.878,16.984
548.0304,17.322
548.1828,17.516
548.3352,14.813
548.4876,15.913
548.64,17.2
548.7924,14.179
548.9448,16.907
549.0972,17.385
549.2496,16.856
549.402,18.648
549.5544,20.11
549.7068,21.288
549.8592,21.602
550.0116,22.377
550.164,19.479
550.3164,27.312
550.4688,25.583
550.6212,22.648
550.7736,16.747
550.926,15.972
551.0784,14.871
551.2308,24.409
551.3832,23.582
551.5356,25.516
551.688,26.249
551.8404,24.947
551.9928,25.06
552.1452,15.511
552.2976,17.951
552.45,16.405
552.6024,13.397
552.7548,14.582
552.9072,15.151
553.0596,17.674
553.212,16.874
553.3644,17.299
553.5168,14.881
553.6692,12.964
553.8216,15.455
553.974,13.763
554.1264,15.925
554.2788,15.567
554.4312,13.346
554.5836,15.502
554.736,14.432
554.8884,14.655
555.0408,15.367
555.1932,13.411
555.3456,15.579
555.498,15.965
555.6504,18.236
555.8028,13.574
555.9552,13.259
556.1076,12.432
556.26,14.864
556.4124,16.971
556.5648,19.054
556.7172,18.362
556.8696,20.225
557.022,20.534
557.1744,12.77
557.3268,15.921
557.4792,14.759
557.6316,11.99
557.784,12.413
557.9364,19.17
558.0888,16.914
558.2412,15.839
558.3936,16.763
558.546,14.101
558.6984,18.178
558.8508,16.77
559.0032,14.726
559.1556,20.76
559.308,17.364
559.4604,14.146
559.6128,13.219
559.7652,15.076
559.9176,15.547
560.07,13.321
560.2224,14.249
560.3748,13.317
560.5272,15.452
560.6796,12.344
560.832,18.563
560.9844,16.019
561.1368,15.795
561.2892,15.175
561.4416,15.001
561.594,17.244
561.7464,18.164
561.8988,16.864
562.0512,15.726
562.2036,14.358
562.356,16.372
562.5084,19.3
562.6608,14.459
562.8132,15.672
562.9656,18.197
563.118,18.129
563.2704,17.089
563.4228,14.495
563.5752,16.569
563.7276,17.025
563.88,14.287
564.0324,15.198
564.1848,16.858
564.3372,15.707
564.4896,13.623
564.642,13.682
564.7944,14.406
564.9468,16.589
565.0992,17.985
565.2516,16.911
565.404,14.563
565.5564,13.464
565.7088,19.87
565.8612,20.062
566.0136,19.247
566.166,17.048
566.3184,16.748
566.4708,16.899
566.6232,19.744
566.7756,17.576
566.928,16.685
567.0804,18.228
567.2328,18.296
567.3852,15.15
567.5376,18.074
567.69,16.128
567.8424,16.669
567.9948,16.615
568.1472,18.026
568.2996,18.417
568.452,17.368
568.6044,17.614
568.7568,18.385
568.9092,17.902
569.0616,15.155
569.214,14.314
569.3664,15.761
569.5188,16.607
569.6712,18.038
569.8236,16.495
569.976,14.867
570.1284,13
570.2808,12.72
570.4332,11.935
570.5856,16.285
570.738,18.154
570.8904,15.853
571.0428,16.859
571.1952,14.533
571.3476,12.788
571.5,11.796
571.6524,16.032
571.8048,17.939
571.9572,20.075
572.1096,15.696
572.262,12.704
572.4144,14.7
572.5668,14.043
572.7192,13.018
572.8716,11.144
573.024,16.894
573.1764,19.12
573.3288,14.518
573.4812,16.923
573.6336,18.022
573.786,17.895
573.9384,16.727
574.0908,16.669
574.2432,15.201
574.3956,14.337
574.548,15.389
574.7004,19.596
574.8528,20.298
575.0052,17.284
575.1576,16.806
575.31,15.88
575.4624,16.958
575.6148,14.166
575.7672,18.747
575.9196,15.79
576.072,14.502
576.2244,15.017
576.3768,14.06
576.5292,15.586
576.6816,16.047
576.834,17.486
576.9864,16.627
577.1388,14.635
577.2912,17.368
577.4436,14.574
577.596,18.546
577.7484,19.013
577.9008,13.743
578.0532,14.81
578.2056,14.923
578.358,15.223
578.5104,13.827
578.6628,17.07
578.8152,15.98
578.9676,13.744
579.12,18.694
579.2724,17.005
579.4248,17.699
579.5772,15.95
579.7296,17.941
579.882,15.829
580.0344,15.26
580.1868,17.02
580.3392,16.109
580.4916,17.564
580.644,15.567
580.7964,16.097
580.9488,17.521
581.1012,16.625
581.2536,15.128
581.406,17.081
581.5584,16.153
581.7108,14.724
581.8632,16.618
582.0156,14.148
582.168,9.276
582.3204,13.401
582.4728,15.69
582.6252,16.427
582.7776,16.022
582.93,15.735
583.0824,15.744
583.2348,15.778
583.3872,15.984
583.5396,9.486
583.692,23.964
583.8444,16.014
583.9968,14.936
584.1492,13.768
584.3016,13.409
584.454,10.911
584.6064,13.539
584.7588,14.009
584.9112,16.572
585.0636,17.817
585.216,19.456
585.3684,17.168
585.5208,17.833
585.6732,13.424
585.8256,15.538
585.978,17.502
586.1304,15.484
586.2828,13.885
586.4352,16.126
586.5876,16.673
586.74,14.571
586.8924,11.541
587.0448,18.244
587.1972,17.664
587.3496,15.24
587.502,15.237
587.6544,13.819
587.8068,12.337
587.9592,12.451
588.1116,14.857
588.264,14.955
588.4164,17.456
588.5688,17.837
588.7212,16.152
588.8736,16.059
589.026,15.977
589.1784,17.218
589.3308,12.614
589.4832,14.169
589.6356,13.27
589.788,12.391
589.9404,12.607
590.0928,13.213
590.2452,15.103
590.3976,10.117
590.55,10.756
590.7024,11.895
590.8548,9.772
591.0072,11.412
591.1596,7.611
591.312,10.119
591.4644,17.106
591.6168,8.38
591.7692,14.292
591.9216,11.512
592.074,15.667
592.2264,15.582
592.3788,16.704
592.5312,16.61
592.6836,15.121
592.836,12.934
592.9884,16.725
593.1408,17.421
593.2932,16.262
593.4456,16.333
593.598,18.277
593.7504,16.638
593.9028,18.43
594.0552,16.426
594.2076,15.721
594.36,18.544
594.5124,19.166
594.6648,16.246
594.8172,19.285
594.9696,15.001
595.122,19.086
595.2744,13.753
595.4268,15.91
595.5792,21.802
595.7316,21.311
595.884,20.454
596.0364,20.315
596.1888,17.356
596.3412,18.436
596.4936,18.471
596.646,20.412
596.7984,20.221
596.9508,18.414
597.1032,18.16
597.2556,19.715
597.408,22.165
597.5604,17.057
597.7128,15.842
597.8652,17.685
598.0176,20.067
598.17,18.866
598.3224,16.714
598.4748,14.632
598.6272,11.879
598.7796,13.048
598.932,13.83
599.0844,12.405
599.2368,10.478
599.3892,8.945
599.5416,13.99
599.694,14.003
599.8464,15.45
599.9988,13.908
600.1512,14.967
600.3036,17.797
600.456,12.71
600.6084,15.536
600.7608,17.947
600.9132,15.81
601.0656,14.597
601.218,11.787
601.3704,12.732
601.5228,11.115
601.6752,13.609
601.8276,11.847
601.98,14.89
602.1324,13.623
602.2848,11.226
602.4372,15.836
602.5896,14.016
602.742,11.042
602.8944,12.367
603.0468,16.06
603.1992,15.977
603.3516,16.519
603.504,22.241
603.6564,20.816
603.8088,19.133
603.9612,20.271
604.1136,20.346
604.266,14.849
604.4184,15.872
604.5708,16.015
604.7232,15.151
604.8756,13.49
605.028,17.584
605.1804,16.859
605.3328,16.678
605.4852,17.402
605.6376,15.618
605.79,16.065
605.9424,13.351
606.0948,12.276
606.2472,15.285
606.3996,16.187
606.552,11.139
606.7044,13.57
606.8568,14.02
607.0092,14.857
607.1616,14.782
607.314,17.165
607.4664,13.762
607.6188,8.964
607.7712,10.934
607.9236,6.378
608.076,15.566
608.2284,13.961
608.3808,13.926
608.5332,15.499
608.6856,11.275
608.838,9.549
608.9904,10.43
609.1428,11.815
609.2952,11.927
609.4476,15.688
609.6,14.426
609.7524,11.542
609.9048,13.998
610.0572,14.025
610.2096,14.099
610.362,12.871
610.5144,14.969
610.6668,15.153
610.8192,15.643
610.9716,14.222
611.124,16.326
611.2764,15.251
611.4288,16.778
611.5812,16.089
611.7336,14.664
611.886,14.413
612.0384,10.552
612.1908,12.84
612.3432,15.927
612.4956,16.228
612.648,16.321
612.8004,17.851
612.9528,18.396
613.1052,18.749
613.2576,17.57
613.41,16.505
613.5624,14.639
613.7148,15.597
613.8672,17.658
614.0196,18.005
614.172,17.878
614.3244,16.215
614.4768,15.283
614.6292,15.347
614.7816,16.348
614.934,14.306
615.0864,12.278
615.2388,11.634
615.3912,16.102
615.5436,16.135
615.696,12.952
615.8484,14.464
616.0008,12.122
616.1532,11.983
616.3056,15.791
616.458,16.607
616.6104,15.395
616.7628,15.408
616.9152,14.826
617.0676,13.29
617.22,19.458
617.3724,16.501
617.5248,19.743
617.6772,15.264
617.8296,19.166
617.982,19.565
618.1344,17.854
618.2868,17.183
618.4392,19.498
618.5916,20.523
618.744,18.417
618.8964,17.915
619.0488,11.963
619.2012,19.02
619.3536,16.239
619.506,15.188
619.6584,18.347
619.8108,16.736
619.9632,15.842
620.1156,14.8
620.268,13.559
620.4204,15.369
620.5728,14.813
620.7252,14.149
620.8776,17.251
621.03,14.833
621.1824,14.796
621.3348,16.557
621.4872,19.598
621.6396,18.418
621.792,18.513
621.9444,19.489
622.0968,15.225
622.2492,16.793
622.4016,21.167
622.554,22.317
622.7064,14.127
622.8588,18.902
623.0112,17.974
623.1636,15.895
623.316,14.369
623.4684,16.814
623.6208,15.95
623.7732,16.383
623.9256,17.342
624.078,20.108
624.2304,19.009
624.3828,16.648
624.5352,17.333
624.6876,16.479
624.84,21.148
624.9924,20.36
625.1448,17.74
625.2972,16.972
625.4496,16.954
625.602,16.909
625.7544,19.085
625.9068,18.327
626.0592,19.708
626.2116,21.242
626.364,20.055
626.5164,18.012
626.6688,19.632
626.8212,20.309
626.9736,18.447
627.126,22.869
627.2784,19.863
627.4308,22.069
627.5832,21.712
627.7356,21.452
627.888,21.507
628.0404,22.866
628.1928,20.475
628.3452,21.092
628.4976,19.718
628.65,19.292
628.8024,18.234
628.9548,19.507
629.1072,18.657
629.2596,19.027
629.412,16.448
629.5644,21.362
629.7168,18.743
629.8692,19.42
630.0216,19.078
630.174,16.216
630.3264,20.578
630.4788,22.606
630.6312,22.939
630.7836,22.051
630.936,27.673
631.0884,24.803
631.2408,22.697
631.3932,22.713
631.5456,20.153
631.698,19.636
631.8504,20.439
632.0028,21.488
632.1552,19.976
632.3076,22.135
632.46,21.939
632.6124,19.481
632.7648,19.231
632.9172,17.077
633.0696,18.562
633.222,18.225
633.3744,15.728
633.5268,14.301
633.6792,14.173
633.8316,14.123
633.984,21.218
634.1364,19.989
634.2888,21.743
634.4412,21.91
634.5936,21.43
634.746,21.945
634.8984,24.707
635.0508,25.509
635.2032,24.789
635.3556,24.573
635.508,22.831
635.6604,23.651
635.8128,26.746
635.9652,23.412
636.1176,20.023
636.27,21.329
636.4224,15.236
636.5748,19.856
636.7272,19.518
636.8796,19.322
637.032,16.358
637.1844,17.437
637.3368,19.568
637.4892,17.747
637.6416,17.022
637.794,18.364
637.9464,20.18
638.0988,18.833
638.2512,17.063
638.4036,19.436
638.556,14.904
638.7084,14.988
638.8608,14.486
639.0132,14.522
639.1656,14.927
639.318,14.253
639.4704,20.814
639.6228,17.553
639.7752,16.767
639.9276,17.483
640.08,16.758
640.2324,15.921
640.3848,19.182
640.5372,17.783
640.6896,17.112
640.842,17.841
640.9944,19.623
641.1468,18.882
641.2992,17.729
641.4516,16.838
641.604,17.873
641.7564,18.309
641.9088,17.127
642.0612,17.898
642.2136,15.486
642.366,14.348
642.5184,14.929
642.6708,16.184
642.8232,14.837
642.9756,16.371
643.128,15.881
643.2804,21.168
643.4328,19.329
643.5852,18.22
643.7376,18.774
643.89,18.152
644.0424,19.947
644.1948,20.921
644.3472,17.885
644.4996,17.136
644.652,17.914
644.8044,15.128
644.9568,18.183
645.1092,17.241
645.2616,15.596
645.414,14.122
645.5664,13.609
645.7188,12.228
645.8712,17.106
646.0236,17.208
646.176,15.515
646.3284,13.837
646.4808,17.592
646.6332,15.816
646.7856,15.954
646.938,18.764
647.0904,15.735
647.2428,18.258
647.3952,18.038
647.5476,18.311
647.7,17.56
647.8524,17.351
648.0048,17.163
648.1572,16.033
648.3096,18.952
648.462,18.482
648.6144,15.923
648.7668,15.457
648.9192,13.788
649.0716,15.986
649.224,13.82
649.3764,17.674
649.5288,14.504
649.6812,18.928
649.8336,17.246
649.986,22.325
650.1384,22.275
650.2908,12.699
650.4432,17.422
650.5956,18.014
650.748,16.485
650.9004,16.387
651.0528,15.913
651.2052,18.114
651.3576,16.727
651.51,17.641
651.6624,18.68
651.8148,15.836
651.9672,14.581
652.1196,17.236
652.272,17.296
652.4244,15.241
652.5768,15.258
652.7292,19.924
652.8816,17.387
653.034,14.893
653.1864,20.921
653.3388,20.942
653.4912,21.355
653.6436,18.31
653.796,17.096
653.9484,19.551
654.1008,14.745
654.2532,16.56
654.4056,15.938
654.558,16.481
654.7104,13.731
654.8628,12.09
655.0152,15.033
655.1676,17.74
655.32,18.825
655.4724,17.205
655.6248,16.287
655.7772,15.129
655.9296,14.87
656.082,17.64
656.2344,12.855
656.3868,14.056
656.5392,15.832
656.6916,16.07
656.844,19.024
656.9964,20.702
657.1488,18.392
657.3012,17.94
657.4536,19.427
657.606,17.175
657.7584,17.377
657.9108,16.067
658.0632,15.995
658.2156,14.473
658.368,18.716
658.5204,17.517
658.6728,19.743
658.8252,16.606
658.9776,18.895
659.13,19.128
659.2824,18.357
659.4348,19.772
659.5872,19.346
659.7396,19.008
659.892,15.92
660.0444,17.725
660.1968,19.519
660.3492,17.299
660.5016,18.481
660.654,16.949
660.8064,15.075
660.9588,14.074
661.1112,12.855
661.2636,13.976
661.416,15.636
661.5684,13.617
661.7208,14.468
661.8732,15.979
662.0256,17.841
662.178,17.653
662.3304,17.91
662.4828,20.849
662.6352,21.185
662.7876,20.534
662.94,16.074
663.0924,22.772
663.2448,17.951
663.3972,16.282
663.5496,14.99
663.702,23.312
663.8544,22.542
664.0068,20.834
664.1592,20.629
664.3116,15.413
664.464,19.843
664.6164,20.821
664.7688,23.346
664.9212,22.341
665.0736,20.767
665.226,20.408
665.3784,20.664
665.5308,23.595
665.6832,22.099
665.8356,22.526
665.988,22.373
666.1404,21.477
666.2928,18.696
666.4452,20.674
666.5976,18.624
666.75,19.218
666.9024,23.708
667.0548,25.01
667.2072,23.221
667.3596,22.879
667.512,22.099
667.6644,20.361
667.8168,22.788
667.9692,21.194
668.1216,22.014
668.274,21.669
668.4264,20.89
668.5788,18.768
668.7312,19.983
668.8836,20.342
669.036,21.318
669.1884,22.301
669.3408,23.127
669.4932,22.983
669.6456,20.982
669.798,20.898
669.9504,20.966
670.1028,22.566
670.2552,22.902
670.4076,20.396
670.56,19.137
670.7124,18.103
670.8648,18.402
671.0172,15.903
671.1696,22.452
671.322,21.234
671.4744,21.171
671.6268,20.44
671.7792,26.613
671.9316,25.648
672.084,24.27
672.2364,24.615
672.3888,22.281
672.5412,24.224
672.6936,24.941
672.846,24.961
672.9984,22.77
673.1508,20.323
673.3032,21.809
673.4556,22.113
673.608,23.835
673.7604,25.928
673.9128,25.042
674.0652,25.418
674.2176,23.632
674.37,23.777
674.5224,20.946
674.6748,22.274
674.8272,21.048
674.9796,21.86
675.132,21.998
675.2844,20.551
675.4368,21.097
675.5892,20.564
675.7416,21.204
675.894,19.101
676.0464,20.53
676.1988,20.215
676.3512,20.606
676.5036,18.734
676.656,17.957
676.8084,17.953
676.9608,17.47
677.1132,15.598
677.2656,19.469
677.418,16.923
677.5704,17.459
677.7228,16.673
677.8752,17.391
678.0276,15.489
678.18,18.672
678.3324,18.951
678.4848,20.584
678.6372,17.878
678.7896,18.969
678.942,19.579
679.0944,19.108
679.2468,20.058
679.3992,18.426
679.5516,19.712
679.704,19.809
679.8564,20.511
680.0088,21.414
680.1612,20.233
680.3136,18.795
680.466,20.023
680.6184,20.163
680.7708,18.54
680.9232,19.816
681.0756,20.839
681.228,19.852
681.3804,18.577
681.5328,20.61
681.6852,18.719
681.8376,19.89
681.99,19.041
682.1424,17.585
682.2948,19.798
682.4472,19.567
682.5996,18.315
682.752,18.473
682.9044,19.14
683.0568,17.038
683.2092,16.917
683.3616,17.094
683.514,18.954
683.6664,18.771
683.8188,17.924
683.9712,22.308
684.1236,22.312
684.276,22.986
684.4284,15.876
684.5808,22.496
684.7332,20.811
684.8856,18.641
685.038,18.023
685.1904,16.668
685.3428,18.752
685.4952,17.876
685.6476,18.935
685.8,20.361
685.9524,20.139
686.1048,20.839
686.2572,19.316
686.4096,20.879
686.562,21.032
686.7144,21.076
686.8668,16.799
687.0192,17.183
687.1716,15.779
687.324,16.893
687.4764,17.03
687.6288,19.884
687.7812,18.996
687.9336,19.215
688.086,19.068
688.2384,19.921
688.3908,19.958
688.5432,20.062
688.6956,18.239
688.848,18.293
689.0004,20.736
689.1528,18.785
689.3052,19.637
689.4576,20.498
689.61,20.208
689.7624,21.38
689.9148,21.493
690.0672,21.052
690.2196,24.234
690.372,24.03
690.5244,24.323
690.6768,23.819
690.8292,24.392
690.9816,26.487
691.134,25.064
691.2864,29.213
691.4388,28.103
691.5912,27.275
691.7436,24.385
691.896,27.052
692.0484,26.297
692.2008,20.867
692.3532,21.576
692.5056,21.436
692.658,25.306
692.8104,25.384
692.9628,27.319
693.1152,27.467
693.2676,26.218
693.42,23.78
693.5724,20.601
693.7248,20.707
693.8772,18.403
694.0296,20.672
694.182,18.177
694.3344,20.346
694.4868,17.412
694.6392,16.346
694.7916,17.859
694.944,20.223
695.0964,18.001
695.2488,20.58
695.4012,20.323
695.5536,18.914
695.706,18.519
695.8584,18.439
696.0108,19.151
696.1632,21.007
696.3156,23.721
696.468,22.151
696.6204,24.148
696.7728,21.067
696.9252,19.398
697.0776,22.294
697.23,21.952
697.3824,22.867
697.5348,20.675
697.6872,20.49
697.8396,15.038
697.992,20.138
698.1444,21.658
698.2968,20.133
698.4492,24.38
698.6016,22.694
698.754,21.366
698.9064,22.235
699.0588,26.188
699.2112,26.865
699.3636,24.776
699.516,23.389
699.6684,22.271
699.8208,22.044
699.9732,22.922
700.1256,21.506
700.278,22.839
700.4304,22.17
700.5828,24.178
700.7352,24.807
700.8876,24.99
701.04,25.773
701.1924,25.354
701.3448,24.717
701.4972,23.616
701.6496,26.181
701.802,25.382
701.9544,26.429
702.1068,26.079
702.2592,24.965
702.4116,25.877
702.564,26.519
702.7164,25.306
702.8688,20.787
703.0212,22.376
703.1736,24.352
703.326,22.233
703.4784,22.937
703.6308,21.368
703.7832,22.412
703.9356,22.188
704.088,23.167
704.2404,20.861
704.3928,19.513
704.5452,23.087
704.6976,21.765
704.85,20.671
705.0024,19.074
705.1548,21.353
705.3072,22.361
705.4596,23.288
705.612,23.95
705.7644,21.57
705.9168,22.092
706.0692,22.539
706.2216,21.306
706.374,21.615
706.5264,24.33
706.6788,22.419
706.8312,22.614
706.9836,24.627
707.136,16.84
707.2884,22.554
707.4408,19.996
707.5932,22.917
707.7456,23.655
707.898,23.408
708.0504,23.878
708.2028,29.75
708.3552,31.494
708.5076,27.243
708.66,26.545
708.8124,28.454
708.9648,28.297
709.1172,31.663
709.2696,28.479
709.422,25.737
709.5744,30.059
709.7268,28.081
709.8792,27.002
710.0316,28.545
710.184,26.819
710.3364,27.885
710.4888,31.068
710.6412,24.052
710.7936,23.038
710.946,23.566
711.0984,25.659
711.2508,25.168
711.4032,27.96
711.5556,28.139
711.708,28.501
711.8604,27.823
712.0128,24.879
712.1652,31.164
712.3176,29.733
712.47,38.477
712.6224,29.782
712.7748,34.816
712.9272,35.108
713.0796,33.886
713.232,33.704
713.3844,37.126
713.5368,43.111
713.6892,50.478
713.8416,44.864
713.994,43.786
714.1464,47.027
714.2988,44.827
714.4512,46.412
714.6036,45.574
714.756,45.798
714.9084,42.316
715.0608,40.876
715.2132,42.036
715.3656,43.922
715.518,46.961
715.6704,45.403
715.8228,46.353
715.9752,47.359
716.1276,45.298
716.28,45.524
716.4324,44.268
716.5848,44.802
716.7372,46.373
716.8896,43.697
717.042,40.36
717.1944,39.506
717.3468,45.496
717.4992,45.529
717.6516,45.895
717.804,48.099
717.9564,48.987
718.1088,49.437
718.2612,48.547
718.4136,48.437
718.566,54.227
718.7184,54.842
718.8708,51.31
719.0232,48.277
719.1756,41.784
719.328,34.847
719.4804,44.232
719.6328,42.599
719.7852,44.149
719.9376,44.665
720.09,43.769
720.2424,41.572
720.3948,41.017
720.5472,41.292
720.6996,41.337
720.852,43.33
721.0044,45.064
721.1568,44.087
721.3092,46
721.4616,46.765
721.614,50.506
721.7664,50.226
721.9188,48.983
722.0712,48.428
722.2236,49.481
722.376,46.364
722.5284,49.388
722.6808,48.719
722.8332,45.186
722.9856,46.069
723.138,38.824
723.2904,40.088
723.4428,40.596
723.5952,49.717
723.7476,48.943
723.9,49.559
724.0524,48.146
724.2048,48.574
724.3572,45.689
724.5096,45.433
724.662,44.644
724.8144,46.668
724.9668,47.234
725.1192,49.269
725.2716,47.22
725.424,49.103
725.5764,52.827
725.7288,54.574
725.8812,55.028
726.0336,49.572
726.186,43.55
726.3384,40.349
726.4908,42.206
726.6432,35.578
726.7956,28.615
726.948,23.062
727.1004,18.367
727.2528,17.095
727.4052,18.976
727.5576,17.665
727.71,17.881
727.8624,17.479
728.0148,21.167
728.1672,26.394
728.3196,27.393
728.472,36.547
728.6244,37.346
728.7768,43.137
728.9292,42.653
729.0816,43.283
729.234,42.202
729.3864,43.297
729.5388,41.264
729.6912,40.77
729.8436,38.687
729.996,40.957
730.1484,41.54
730.3008,40.483
730.4532,41.489
730.6056,47.003
730.758,50.458
730.9104,48.476
731.0628,48.666
731.2152,47.409
731.3676,46.17
731.52,48.466
731.6724,54.286
731.8248,54.367
731.9772,55.537
732.1296,57.31
732.282,56.504
732.4344,54.483
732.5868,52.019
732.7392,50.486
732.8916,51.74
733.044,44.062
733.1964,41.534
733.3488,40.799
733.5012,42.851
733.6536,48.034
733.806,51.517
733.9584,51.508
734.1108,46.141
734.2632,43.365
734.4156,36.481
734.568,33.538
734.7204,33.902
734.8728,48.701
735.0252,51.256
735.1776,53.185
735.33,50.424
735.4824,47.627
735.6348,46.907
735.7872,44.126
735.9396,43.157
736.092,46.678
736.2444,34.441
736.3968,34.638
736.5492,37.098
736.7016,38.053
736.854,39.042
737.0064,39.857
737.1588,38.128
737.3112,39.718
737.4636,38.227
737.616,40.156
737.7684,41.779
737.9208,41.339
738.0732,44.57
738.2256,43.082
738.378,43.994
738.5304,45.43
738.6828,40.279
738.8352,41.211
738.9876,41.814
739.14,39.83
739.2924,38.76
739.4448,35.765
739.5972,33.134
739.7496,34.822
739.902,32.163
740.0544,33.206
740.2068,30.09
740.3592,29.786
740.5116,27.452
740.664,25.853
740.8164,26.977
740.9688,21.495
741.1212,33.439
741.2736,32.394
741.426,37.267
741.5784,37.446
741.7308,37.693
741.8832,37.3
742.0356,33.713
742.188,46.749
742.3404,43.401
742.4928,44.13
742.6452,43.813
742.7976,45.547
742.95,44.461
743.1024,45.099
743.2548,46.036
743.4072,43.657
743.5596,41.426
743.712,42.856
743.8644,37.548
744.0168,38.07
744.1692,37.773
744.3216,41.258
744.474,39.849
744.6264,40.969
744.7788,38.147
744.9312,36.67
745.0836,43.994
745.236,41.677
745.3884,42.586
745.5408,43.362
745.6932,42.673
745.8456,41.593
745.998,40.437
746.1504,38.764
746.3028,40.537
746.4552,43.662
746.6076,43.073
746.76,40.541
746.9124,39.959
747.0648,38.945
747.2172,38.134
747.3696,37.303
747.522,36.516
747.6744,34.675
747.8268,31.564
747.9792,32.435
748.1316,35.633
748.284,38.039
748.4364,39.017
748.5888,38.473
748.7412,36.133
748.8936,36.514
749.046,34.223
749.1984,26.153
749.3508,34.531
749.5032,37.493
749.6556,38.021
749.808,34.921
749.9604,30.697
750.1128,28.004
750.2652,27.869
750.4176,26.35
750.57,29.589
750.7224,29.857
750.8748,29.794
751.0272,28.818
751.1796,30.958
751.332,30.696
751.4844,29.42
751.6368,26.177
751.7892,28.016
751.9416,26.074
752.094,24.085
752.2464,28.014
752.3988,27.375
752.5512,29.823
752.7036,29.076
752.856,30.965
753.0084,30.431
753.1608,31.729
753.3132,30.388
753.4656,29.282
753.618,28.935
753.7704,31.954
753.9228,27.702
754.0752,31.113
754.2276,26.401
754.38,25.251
754.5324,28.235
754.6848,24.938
754.8372,27.591
754.9896,27.833
755.142,27.998
755.2944,25.806
755.4468,28.189
755.5992,25.578
755.7516,25.987
755.904,27.356
756.0564,26.114
756.2088,26.579
756.3612,27.702
756.5136,28.348
756.666,28.627
756.8184,28.956
756.9708,30.673
757.1232,28.699
757.2756,29.315
757.428,29.331
757.5804,30.83
757.7328,29.021
757.8852,25.759
758.0376,26.57
758.19,27.397
758.3424,29.273
758.4948,29.488
758.6472,32.305
758.7996,30.504
758.952,25.546
759.1044,28.577
759.2568,28.509
759.4092,29.522
759.5616,29.403
759.714,29.006
759.8664,28.75
760.0188,27.305
760.1712,29.731
760.3236,29.908
760.476,31.061
760.6284,30.648
760.7808,29.237
760.9332,30.398
761.0856,29.663
761.238,27.269
761.3904,26.603
761.5428,29.934
761.6952,34.039
761.8476,28.529
762,27.986
762.1524,24.76
762.3048,23.487
762.4572,23.735
762.6096,23.126
762.762,24.84
762.9144,27.006
763.0668,26.526
763.2192,34.742
763.3716,36.891
763.524,36.467
763.6764,36.451
763.8288,39.837
763.9812,43.006
764.1336,35.463
764.286,32.489
764.4384,31.919
764.5908,33.396
764.7432,34.432
764.8956,33.867
765.048,35.846
765.2004,37.095
765.3528,39.245
765.5052,39.101
765.6576,39.021
765.81,39.829
765.9624,43.261
766.1148,35.04
766.2672,33.313
766.4196,38.244
766.572,37.372
766.7244,39.214
766.8768,39.131
767.0292,41.643
767.1816,44.081
767.334,44.787
767.4864,38.802
767.6388,41.468
767.7912,42.355
767.9436,44.044
768.096,46.52
768.2484,44.911
768.4008,48.277
768.5532,49.88
768.7056,49.03
768.858,48.295
769.0104,47.001
769.1628,45.205
769.3152,44.744
769.4676,44.679
769.62,41.121
769.7724,43.361
769.9248,47.429
770.0772,34.578
770.2296,31.209
770.382,31.809
770.5344,36.145
770.6868,37.796
770.8392,31.776
770.9916,28.579
771.144,29.442
771.2964,27.986
771.4488,29.173
771.6012,27.965
771.7536,25.851
771.906,21.13
772.0584,24
772.2108,26.661
772.3632,28.189
772.5156,34.324
772.668,25.013
772.8204,25.91
772.9728,27.376
773.1252,27.716
773.2776,32.023
773.43,33.224
773.5824,36.534
773.7348,36.782
773.8872,34.468
774.0396,32.156
774.192,31.789
774.3444,36.176
774.4968,40.744
774.6492,39.579
774.8016,41.05
774.954,40.774
775.1064,38.492
775.2588,40.694
775.4112,39.737
775.5636,42.234
775.716,34.087
775.8684,39.065
776.0208,32.267
776.1732,40.306
776.3256,38.853
776.478,39.78
776.6304,39.77
776.7828,39.583
776.9352,36.904
777.0876,36.737
777.24,35.379
777.3924,37.15
777.5448,32.247
777.6972,32.239
777.8496,34.68
778.002,28.389
778.1544,28.051
778.3068,27.708
778.4592,24.949
778.6116,26.516
778.764,23.781
778.9164,25.767
779.0688,25.499
779.2212,31.26
779.3736,29.358
779.526,37.225
779.6784,39.762
779.8308,38.287
779.9832,35.039
780.1356,37.493
780.288,34.562
780.4404,34.742
780.5928,29.218
780.7452,27.377
780.8976,31.964
781.05,34.367
781.2024,33.33
781.3548,34.48
781.5072,32.798
781.6596,30.866
781.812,32.259
781.9644,31.598
782.1168,30.789
782.2692,27.763
782.4216,27.496
782.574,29.368
782.7264,28.837
782.8788,27.76
783.0312,30.882
783.1836,30.229
783.336,28.376
783.4884,27.712
783.6408,28.818
783.7932,28.041
783.9456,27.133
784.098,28.803
784.2504,25.818
784.4028,25.168
784.5552,29.78
784.7076,28.63
784.86,19.786
785.0124,21.961
785.1648,21.281
785.3172,20.195
785.4696,24.217
785.622,24.296
785.7744,23.312
785.9268,23.918
786.0792,22.351
786.2316,21.785
786.384,20.899
786.5364,21.601
786.6888,19.234
786.8412,17.965
786.9936,17.638
787.146,16.597
787.2984,16.761
787.4508,16.674
787.6032,18.856
787.7556,19.538
787.908,18.813
788.0604,17.188
788.2128,15.382
788.3652,19.002
788.5176,18.844
788.67,15.974
788.8224,18.196
788.9748,13.347
789.1272,16.089
789.2796,18.529
789.432,19.196
789.5844,21.34
789.7368,19.358
789.8892,25.789
790.0416,23.706
790.194,22.848
790.3464,24.796
790.4988,29.431
790.6512,26.158
790.8036,30.584
790.956,27.427
791.1084,25.897
791.2608,24.845
791.4132,27.079
791.5656,28.955
791.718,34.938
791.8704,33.835
792.0228,34.137
792.1752,33.919
792.3276,31.093
792.48,31.804
792.6324,31.643
792.7848,30.203
792.9372,32.177
793.0896,33.377
793.242,39.408
793.3944,39.129
793.5468,39.276
793.6992,35.716
793.8516,34.741
794.004,28.173
794.1564,26.67
794.3088,25.145
794.4612,24.121
794.6136,25.149
794.766,27.385
794.9184,27.041
795.0708,29.549
795.2232,24.06
795.3756,26.886
795.528,28.052
795.6804,29.295
795.8328,33.932
795.9852,35.606
796.1376,37.863
796.29,38.785
796.4424,36.958
796.5948,34.413
796.7472,32.869
796.8996,35.843
797.052,29.94
797.2044,27.847
797.3568,30.574
797.5092,32.445
797.6616,31.848
797.814,31.474
797.9664,28.805
798.1188,27.328
798.2712,24.985
798.4236,25.382
798.576,24.613
798.7284,19.014
798.8808,20.701
799.0332,19.456
799.1856,20.033
799.338,20.633
799.4904,17.613
799.6428,18.307
799.7952,22.288
799.9476,21.685
800.1,21.66
800.2524,25.893
800.4048,14.748
800.5572,19.944
800.7096,19.744
800.862,18.085
801.0144,21.085
801.1668,26.504
801.3192,21.783
801.4716,29.287
801.624,30.104
801.7764,32.998
801.9288,32.666
802.0812,30.308
802.2336,30.045
802.386,30.202
802.5384,29.502
802.6908,29.466
802.8432,31.979
802.9956,28.763
803.148,28.563
803.3004,30.283
803.4528,31.387
803.6052,29.122
803.7576,28.943
803.91,29.225
804.0624,24.229
804.2148,26.373
804.3672,26.364
804.5196,27.557
804.672,27.224
804.8244,24.491
804.9768,25.487
805.1292,22.95
805.2816,24.794
805.434,24.87
805.5864,25.456
805.7388,22.515
805.8912,23.569
806.0436,20.623
806.196,18.439
806.3484,19.96
806.5008,21.554
806.6532,21.741
806.8056,23.134
806.958,21.478
807.1104,25.262
807.2628,25.188
807.4152,25.56
807.5676,21.668
807.72,22.208
807.8724,20.301
808.0248,19.885
808.1772,18.87
808.3296,17.016
808.482,17.404
808.6344,16.913
808.7868,14.404
808.9392,15.52
809.0916,17.004
809.244,17.914
809.3964,17.198
809.5488,18.633
809.7012,18.017
809.8536,17.516
810.006,27.357
810.1584,24.719
810.3108,25.698
810.4632,25.011
810.6156,27.524
810.768,26.747
810.9204,27.594
811.0728,27.207
811.2252,26.364
811.3776,24.951
811.53,25.28
811.6824,28.22
811.8348,25.844
811.9872,24.704
812.1396,24.354
812.292,22.26
812.4444,24.62
812.5968,27.125
812.7492,28.512
812.9016,23.751
813.054,28.301
813.2064,29.35
813.3588,26.906
813.5112,26.268
813.6636,26.453
813.816,25.523
813.9684,19.822
814.1208,24.532
814.2732,24.436
814.4256,23.158
814.578,24.747
814.7304,29.268
814.8828,29.892
815.0352,28.471
815.1876,25.55
815.34,29.5
815.4924,29.868
815.6448,28.702
815.7972,31.315
815.9496,29.731
816.102,32.443
816.2544,31.115
816.4068,26.521
816.5592,24.59
816.7116,21.595
816.864,20.014
817.0164,20.264
817.1688,19.851
817.3212,18.711
817.4736,31.71
817.626,22.805
817.7784,24.556
817.9308,25.274
818.0832,23.858
818.2356,19.282
818.388,19.607
818.5404,23.504
818.6928,22.205
818.8452,19.898
818.9976,18.831
819.15,21.834
819.3024,21.253
819.4548,19.783
819.6072,20.149
819.7596,20.511
819.912,24.18
820.0644,25.305
820.2168,20.353
820.3692,21.855
820.5216,20.062
820.674,22.728
820.8264,25.269
820.9788,25.101
821.1312,26.549
821.2836,27.647
821.436,26.877
821.5884,33.081
821.7408,38.259
821.8932,32.809
822.0456,30.792
822.198,29.502
822.3504,30.131
822.5028,29.715
822.6552,30.806
822.8076,32.345
822.96,31.184
823.1124,32.121
823.2648,29.416
823.4172,31.759
823.5696,32.987
823.722,37.451
823.8744,39.058
824.0268,40.38
824.1792,34.3
824.3316,32.672
824.484,27.665
824.6364,29.719
824.7888,29.12
824.9412,29.851
825.0936,29.142
825.246,31.744
825.3984,29.315
825.5508,25.971
825.7032,28.604
825.8556,30.491
826.008,28.691
826.1604,28.07
826.3128,25.129
826.4652,26.513
826.6176,23.589
826.77,21.326
826.9224,22.39
827.0748,21.35
827.2272,27.613
827.3796,26.479
827.532,25.597
827.6844,23.708
827.8368,23.301
827.9892,21.399
828.1416,25.219
828.294,24.809
828.4464,25.547
828.5988,25.429
828.7512,22.229
828.9036,21.853
829.056,22.371
829.2084,24.402
829.3608,23.666
829.5132,24.987
829.6656,24.379
829.818,24.958
829.9704,23.719
830.1228,21.476
830.2752,22.75
830.4276,21.076
830.58,22.763
830.7324,21.525
830.8848,20.976
831.0372,23.131
831.1896,22.408
831.342,23.127
831.4944,22.853
831.6468,22.127
831.7992,22.468
831.9516,22.83
832.104,21.992
832.2564,23.303
832.4088,22.065
832.5612,24.568
832.7136,22.555
832.866,24.294
833.0184,24.182
833.1708,24.826
833.3232,23.812
833.4756,19.655
833.628,24.109
833.7804,23.576
833.9328,18.742
834.0852,19.619
834.2376,17.984
834.39,16.827
834.5424,20.311
834.6948,18.638
834.8472,20.801
834.9996,18.693
835.152,21.44
835.3044,23.073
835.4568,20.124
835.6092,18.992
835.7616,21.261
835.914,22.638
836.0664,21.399
836.2188,17.143
836.3712,16.618
836.5236,16.602
836.676,19.343
836.8284,21.091
836.9808,16.638
837.1332,18.808
837.2856,19.554
837.438,19.455
837.5904,15.384
837.7428,18.746
837.8952,19.061
838.0476,15.019
838.2,14.782
838.3524,16.329
838.5048,17.758
838.6572,17.847
838.8096,16.064
838.962,20.581
839.1144,18.013
839.2668,16.519
839.4192,18.497
839.5716,17.556
839.724,18.419
839.8764,18.219
840.0288,20.762
840.1812,19.373
840.3336,18.931
840.486,16.901
840.6384,22.78
840.7908,21.853
840.9432,21.222
841.0956,18.285
841.248,17.741
841.4004,15.766
841.5528,13.957
841.7052,20.212
841.8576,18.349
842.01,17.03
842.1624,16.916
842.3148,20.349
842.4672,21.73
842.6196,21.95
842.772,19.945
842.9244,21.148
843.0768,21.865
843.2292,19.659
843.3816,21.32
843.534,22.283
843.6864,19.752
843.8388,20.919
843.9912,22.219
844.1436,19.668
844.296,21.451
844.4484,19.402
844.6008,22.474
844.7532,23.583
844.9056,17.233
845.058,18.011
845.2104,19.976
845.3628,19.996
845.5152,22.289
845.6676,21.856
845.82,24.54
845.9724,20.693
846.1248,21.158
846.2772,23.094
846.4296,22.762
846.582,22.26
846.7344,20.16
846.8868,23.091
847.0392,27.62
847.1916,27.626
847.344,28.596
847.4964,28.469
847.6488,26.725
847.8012,26.909
847.9536,29.052
848.106,30.264
848.2584,31.235
848.4108,32.806
848.5632,30.924
848.7156,28.668
848.868,28.288
849.0204,26.556
849.1728,23.869
849.3252,21.923
849.4776,26.237
849.63,24.258
849.7824,24.854
849.9348,24.069
850.0872,26.268
850.2396,28.344
850.392,26.443
850.5444,27.75
850.6968,23.588
850.8492,21.582
851.0016,28.975
851.154,27.447
851.3064,26.787
851.4588,27.632
851.6112,28.642
851.7636,27.917
851.916,21.73
852.0684,21.236
852.2208,16.651
852.3732,22.397
852.5256,20.751
852.678,20.568
852.8304,23.042
852.9828,20.148
853.1352,18.886
853.2876,17.808
853.44,19.144
853.5924,20.105
853.7448,18.294
853.8972,16.672
854.0496,18.119
854.202,18.948
854.3544,24.203
854.5068,21.6
854.6592,20.249
854.8116,14.87
854.964,16.105
855.1164,16.169
855.2688,17.774
855.4212,18.09
855.5736,19.532
855.726,16.935
855.8784,17.804
856.0308,22.216
856.1832,23.892
856.3356,25.496
856.488,25.973
856.6404,24.769
856.7928,22.165
856.9452,24.604
857.0976,25.993
857.25,25.602
857.4024,26.661
857.5548,27.405
857.7072,28.301
857.8596,26.844
858.012,25.108
858.1644,24.549
858.3168,21.696
858.4692,23.587
858.6216,20.741
858.774,22.298
858.9264,23.465
859.0788,23.876
859.2312,26.406
859.3836,26
859.536,22.808
859.6884,24.899
859.8408,28.045
859.9932,26.337
860.1456,28.023
860.298,28.96
860.4504,29.201
860.6028,26.953
860.7552,28.486
860.9076,30.684
861.06,29.587
861.2124,28.674
861.3648,27.151
861.5172,26.104
861.6696,28.829
861.822,28.103
861.9744,27.58
862.1268,25.621
862.2792,25.714
862.4316,27.74
862.584,29.177
862.7364,27.793
862.8888,27.664
863.0412,27.424
863.1936,24.755
863.346,26.721
863.4984,26.16
863.6508,24.133
863.8032,24.564
863.9556,28.675
864.108,25.59
864.2604,24.896
864.4128,24.597
864.5652,21.68
864.7176,25.679
864.87,23.755
865.0224,24.889
865.1748,26.538
865.3272,28.275
865.4796,33.705
865.632,34.219
865.7844,34.075
865.9368,29.442
866.0892,26.01
866.2416,31.156
866.394,23.155
866.5464,21.937
866.6988,21.663
866.8512,22.738
867.0036,23.559
867.156,19.657
867.3084,23.475
867.4608,24.111
867.6132,24.486
867.7656,26.065
867.918,27.483
868.0704,27.928
868.2228,28.672
868.3752,28.027
868.5276,28.832
868.68,29.654
868.8324,30.425
868.9848,33.551
869.1372,36.65
869.2896,35.246
869.442,34.224
869.5944,29.372
869.7468,27.309
869.8992,27.154
870.0516,22.315
870.204,22.702
870.3564,21.009
870.5088,16.251
870.6612,14.914
870.8136,13.565
870.966,18.512
871.1184,13.617
871.2708,14.409
871.4232,13.957
871.5756,11.983
871.728,17.243
871.8804,16.406
872.0328,15.224
872.1852,14.505
872.3376,12.869
872.49,18.777
872.6424,17.066
872.7948,18.836
872.9472,21.562
873.0996,15.334
873.252,17.128
873.4044,21.553
873.5568,20.325
873.7092,22.052
873.8616,23.679
874.014,23.122
874.1664,22.824
874.3188,20.906
874.4712,21.567
874.6236,17.38
874.776,16.295
874.9284,22.712
875.0808,16.791
875.2332,16.001
875.3856,17.299
875.538,17.463
875.6904,17.075
875.8428,17.881
875.9952,18.245
876.1476,18.504
876.3,18.386
876.4524,19.606
876.6048,13.27
876.7572,17.977
876.9096,16.116
877.062,14.261
877.2144,16.275
877.3668,14.422
877.5192,16.698
877.6716,19.178
877.824,17.246
877.9764,17.936
878.1288,16.617
878.2812,17.264
878.4336,17.521
878.586,16.672
878.7384,14.743
878.8908,15.741
879.0432,16.406
879.1956,16.557
879.348,14.917
879.5004,20.027
879.6528,13.713
879.8052,14.631
879.9576,16.673
880.11,18.456
880.2624,17.183
880.4148,17.74
880.5672,14.004
880.7196,15.968
880.872,15.246
881.0244,13.898
881.1768,21.331
881.3292,18.331
881.4816,23.135
881.634,22.16
881.7864,15.011
881.9388,18.473
882.0912,17.71
882.2436,16.148
882.396,15.774
882.5484,16.59
882.7008,17.332
882.8532,17.582
883.0056,17.802
883.158,16.97
883.3104,18.533
883.4628,19.081
883.6152,17.986
883.7676,18.804
883.92,23.869
884.0724,21.904
884.2248,19.021
884.3772,20.89
884.5296,21.045
884.682,22.475
884.8344,20.478
884.9868,20.263
885.1392,19.394
885.2916,17.803
885.444,17.909
885.5964,16.221
885.7488,18.991
885.9012,17.101
886.0536,18.852
886.206,20.654
886.3584,19.493
886.5108,23.58
886.6632,21.151
886.8156,16.979
886.968,16.678
887.1204,16.733
887.2728,17.623
887.4252,17.041
887.5776,16.973
887.73,14.939
887.8824,14.551
888.0348,17.345
888.1872,17.527
888.3396,19.692
888.492,17.173
888.6444,17.757
888.7968,15.836
888.9492,18.171
889.1016,15.863
889.254,14.822
889.4064,15.224
889.5588,16.246
889.7112,14.42
889.8636,14.961
890.016,15.097
890.1684,12.484
890.3208,15.84
890.4732,17.422
890.6256,17.314
890.778,13.593
890.9304,13.437
891.0828,14.155
891.2352,12.058
891.3876,16.332
891.54,14.997
891.6924,11.409
891.8448,14.018
891.9972,12.175
892.1496,9.453
892.302,12.291
892.4544,14.875
892.6068,14.215
892.7592,16.096
892.9116,13.696
893.064,17.982
893.2164,11.815
893.3688,13.841
893.5212,11.091
893.6736,13.596
893.826,13.84
893.9784,14.375
894.1308,15.977
894.2832,11.706
894.4356,14.064
894.588,13.667
894.7404,12.094
894.8928,15.219
895.0452,14.234
895.1976,14.26
895.35,13.696
895.5024,11.342
895.6548,10.879
895.8072,14.022
895.9596,12.723
896.112,11.278
896.2644,11.565
896.4168,11.804
896.5692,11.059
896.7216,10.529
896.874,12.282
897.0264,13.798
897.1788,12.491
897.3312,13.524
897.4836,13.278
897.636,14.784
897.7884,15.925
897.9408,11.718
898.0932,14.009
898.2456,15.799
898.398,15.238
898.5504,16.267
898.7028,16.174
898.8552,14.508
899.0076,11.873
899.16,11.357
899.3124,11.877
899.4648,12.8
899.6172,13.168
899.7696,13.779
899.922,12.598
900.0744,17.11
900.2268,14.608
900.3792,16.129
900.5316,15.734
900.684,15.172
900.8364,16.122
900.9888,17.056
901.1412,14.38
901.2936,18.159
901.446,18.76
901.5984,19.266
901.7508,15.628
901.9032,16.655
902.0556,16.658
902.208,18.693
902.3604,16.849
902.5128,17.246
902.6652,20.026
902.8176,18.641
902.97,17.909
903.1224,12.896
903.2748,16.87
903.4272,17.476
903.5796,15.333
903.732,16.51
903.8844,16.339
904.0368,18.52
904.1892,19.076
904.3416,19.838
904.494,20.595
904.6464,19.553
904.7988,19.458
904.9512,24.124
905.1036,24.55
905.256,32.667
905.4084,32.352
905.5608,31.286
905.7132,19.793
905.8656,17.443
906.018,18.053
906.1704,16.102
906.3228,15.161
906.4752,15.21
906.6276,15.921
906.78,16.4
906.9324,13.574
907.0848,15.032
907.2372,15.183
907.3896,14.058
907.542,15.484
907.6944,17.031
907.8468,16.228
907.9992,17.312
908.1516,17.793
908.304,17.221
908.4564,17.856
908.6088,20.087
908.7612,22.363
908.9136,18.076
909.066,16.833
909.2184,15.383
909.3708,14.671
909.5232,14.712
909.6756,18.108
909.828,15.339
909.9804,14.615
910.1328,16.496
910.2852,18.208
910.4376,18.208
910.59,17.006
910.7424,22.187
910.8948,20.421
911.0472,21.403
911.1996,16.514
911.352,17.471
911.5044,19.653
911.6568,14.919
911.8092,22.847
911.9616,23.634
912.114,15.413
912.2664,16.682
912.4188,18.094
912.5712,19.487
912.7236,18.571
912.876,16.616
913.0284,13.066
913.1808,18.88
913.3332,14.355
913.4856,14.652
913.638,15.4
913.7904,15.306
913.9428,14.426
914.0952,12.832
914.2476,12.466
914.4,11.994
914.5524,16.1
914.7048,14.96
914.8572,15.125
915.0096,15.055
915.162,17.595
915.3144,15.973
915.4668,14.587
915.6192,15.83
915.7716,13.59
915.924,12.498
916.0764,14.51
916.2288,11.981
916.3812,12.383
916.5336,13.993
916.686,12.839
916.8384,14.252
916.9908,15.982
917.1432,15.384
917.2956,12.903
917.448,16.77
917.6004,17.195
917.7528,14.816
917.9052,13.992
918.0576,14.149
918.21,13.767
918.3624,13.668
918.5148,16.222
918.6672,14.696
918.8196,14.214
918.972,11.624
919.1244,13.024
919.2768,14.942
919.4292,12.781
919.5816,10.137
919.734,17.177
919.8864,17.698
920.0388,11.158
920.1912,10.895
920.3436,14.227
920.496,12.223
920.6484,9.884
920.8008,10.555
920.9532,15.661
921.1056,14.757
921.258,15.149
921.4104,15.288
921.5628,13.72
921.7152,12.539
921.8676,13.895
922.02,14.692
922.1724,14.312
922.3248,14.665
922.4772,12.448
922.6296,14.261
922.782,12.931
922.9344,12.884
923.0868,11.832
923.2392,9.973
923.3916,12.172
923.544,8.874
923.6964,14.095
923.8488,12.249
924.0012,16
924.1536,15.302
924.306,14.307
924.4584,14.489
924.6108,14.842
924.7632,15.476
924.9156,14.948
925.068,18.641
925.2204,16.778
925.3728,17.771
925.5252,17.114
925.6776,16.975
925.83,16.68
925.9824,17.363
926.1348,15.667
926.2872,16.849
926.4396,18.686
926.592,16.891
926.7444,16.498
926.8968,16.9
927.0492,16.345
927.2016,16.998
927.354,18.456
927.5064,17.171
927.6588,15.029
927.8112,12.882
927.9636,12.569
928.116,14.054
928.2684,14.402
928.4208,13.412
928.5732,15.508
928.7256,11.823
928.878,12.655
929.0304,14.219
929.1828,11.541
929.3352,14.197
929.4876,13.337
929.64,11.266
929.7924,14.426
929.9448,13.412
930.0972,11.242
930.2496,14.323
930.402,14.505
930.5544,13.57
930.7068,14.153
930.8592,10.339
931.0116,14.276
931.164,10.888
931.3164,14.249
931.4688,12.647
931.6212,17.135
931.7736,19.828
931.926,15.169
932.0784,14.588
932.2308,16.268
932.3832,15.336
932.5356,10.411
932.688,10.363
932.8404,14.805
932.9928,13.53
933.1452,18.75
933.2976,18.537
933.45,17.002
933.6024,17.18
933.7548,16.75
933.9072,13.194
934.0596,14.647
934.212,15.39
934.3644,12.962
934.5168,15.682
934.6692,11.637
934.8216,10.348
934.974,15.817
935.1264,15.938
935.2788,14.51
935.4312,12.473
935.5836,15.714
935.736,13.804
935.8884,13.145
936.0408,16.571
936.1932,14.355
936.3456,12.655
936.498,14.194
936.6504,14.855
936.8028,12.982
936.9552,10.826
937.1076,13.279
937.26,11.803
937.4124,13.379
937.5648,13.558
937.7172,15.103
937.8696,15.061
938.022,12.426
938.1744,12.498
938.3268,13.606
938.4792,14.648
938.6316,15.583
938.784,16.471
938.9364,15.486
939.0888,17.604
939.2412,17.011
939.3936,17.887
939.546,15.71
939.6984,18.549
939.8508,17.209
940.0032,15.965
940.1556,15.864
940.308,17.485
940.4604,18.224
940.6128,17.024
940.7652,16.659
940.9176,19.095
941.07,12.064
941.2224,17.033
941.3748,16.137
941.5272,18.805
941.6796,13.935
941.832,15.481
941.9844,16.869
942.1368,14.694
942.2892,12.954
942.4416,18.033
942.594,16.66
942.7464,19.299
942.8988,20.745
943.0512,22.162
943.2036,21.146
943.356,17.411
943.5084,14.358
943.6608,18.101
943.8132,19.132
943.9656,19.816
944.118,21.427
944.2704,19.445
944.4228,16.793
944.5752,17.217
944.7276,15.408
944.88,15.241
945.0324,15.471
945.1848,17.408
945.3372,14.735
945.4896,12.563
945.642,16.293
945.7944,13.424
945.9468,14.69
946.0992,13.039
946.2516,14.117
946.404,12.46
946.5564,9.966
946.7088,13.617
946.8612,11.952
947.0136,16.35
947.166,16.437
947.3184,15.374
947.4708,14.53
947.6232,14.282
947.7756,15.542
947.928,16.441
948.0804,15.078
948.2328,14.283
948.3852,15.518
948.5376,14.398
948.69,13.948
948.8424,13.816
948.9948,17.533
949.1472,17.772
949.2996,18.002
949.452,16.058
949.6044,16.198
949.7568,14.254
949.9092,17.662
950.0616,17.338
950.214,17.25
950.3664,14.865
950.5188,15.556
950.6712,14.581
950.8236,14.52
950.976,15.089
951.1284,17.092
951.2808,18.266
951.4332,15.836
951.5856,17.337
951.738,15.052
951.8904,16.347
952.0428,15.975
952.1952,15.397
952.3476,12.978
952.5,17.148
952.6524,18.368
952.8048,16.999
952.9572,15.672
953.1096,17.658
953.262,15.071
953.4144,15.422
953.5668,15.961
953.7192,17.868
953.8716,19.476
954.024,14.355
954.1764,17.716
954.3288,16.038
954.4812,13.833
954.6336,16.28
954.786,15.587
954.9384,13.556
955.0908,14.072
955.2432,14.138
955.3956,13.77
955.548,20.984
955.7004,19.365
955.8528,19.789
956.0052,21.682
956.1576,22.564
956.31,20.911
956.4624,23.479
956.6148,23.956
956.7672,23.07
956.9196,23.519
957.072,25.789
957.2244,26.975
957.3768,24.994
957.5292,23.949
957.6816,21.656
957.834,19.821
957.9864,17.21
958.1388,20.226
958.2912,15.861
958.4436,16.117
958.596,17.057
958.7484,18.948
958.9008,16.166
959.0532,14.163
959.2056,13.61
959.358,19.163
959.5104,17.195
959.6628,17.839
959.8152,19.312
959.9676,21.656
960.12,13.861
960.2724,18.071
960.4248,18.871
960.5772,21.314
960.7296,22.038
960.882,22.181
961.0344,19.205
961.1868,17.992
961.3392,20.456
961.4916,21.39
961.644,19.451
961.7964,17.354
961.9488,16.22
962.1012,18.847
962.2536,16.95
962.406,17.807
962.5584,17.039
962.7108,18.053
962.8632,19.37
963.0156,14.455
963.168,17.129
963.3204,17.827
963.4728,18.808
963.6252,17.235
963.7776,18.041
963.93,20.106
964.0824,17.522
964.2348,17.434
964.3872,12.536
964.5396,16.037
964.692,16.019
964.8444,14.791
964.9968,13.487
965.1492,15.028
965.3016,15.996
965.454,16.559
965.6064,14.526
965.7588,13.738
965.9112,14.343
966.0636,15.689
966.216,17.033
966.3684,15.281
966.5208,14.836
966.6732,15.934
966.8256,14.431
966.978,17.048
967.1304,13.145
967.2828,15.302
967.4352,15.716
967.5876,16.929
967.74,15.356
967.8924,16.471
968.0448,15.626
968.1972,16.175
968.3496,17.228
968.502,16.802
968.6544,15.639
968.8068,16.914
968.9592,15.82
969.1116,15.324
969.264,14.968
969.4164,16.839
969.5688,16.258
969.7212,17.524
969.8736,16.539
970.026,15.22
970.1784,17.767
970.3308,17.223
970.4832,15.66
970.6356,15.499
970.788,13.794
970.9404,14.184
971.0928,12.472
971.2452,10.022
971.3976,12.952
971.55,14.647
971.7024,12.234
971.8548,16.39
972.0072,15.428
972.1596,17.332
972.312,19.01
972.4644,16.227
972.6168,14.934
972.7692,16.499
972.9216,16.368
973.074,12.722
973.2264,15.411
973.3788,14.629
973.5312,13.966
973.6836,15.932
973.836,16.399
973.9884,15.01
974.1408,15.977
974.2932,18.643
974.4456,17.114
974.598,16.348
974.7504,16.356
974.9028,15.315
975.0552,15.025
975.2076,13.343
975.36,19.506
975.5124,15.783
975.6648,18.086
975.8172,16.616
975.9696,18.782
976.122,22.724
976.2744,21.826
976.4268,26.059
976.5792,22.982
976.7316,25.332
976.884,24.979
977.0364,30.532
977.1888,28.405
977.3412,20.731
977.4936,23.528
977.646,21.207
977.7984,19.677
977.9508,22.152
978.1032,24.245
978.2556,22.482
978.408,23.463
978.5604,23.201
978.7128,23.008
978.8652,23.528
979.0176,22.474
979.17,21.92
979.3224,22.692
979.4748,19.643
979.6272,18.494
979.7796,15.894
979.932,17.721
980.0844,16.727
980.2368,15.443
980.3892,16.307
980.5416,18.5
980.694,20.97
980.8464,16.569
980.9988,23.674
981.1512,22.329
981.3036,19.805
981.456,18.008
981.6084,18.578
981.7608,18.071
981.9132,19.811
982.0656,18.959
982.218,15.234
982.3704,16.773
982.5228,17.051
982.6752,19.513
982.8276,19.882
982.98,19.92
983.1324,20.55
983.2848,16.864
983.4372,18.914
983.5896,23.53
983.742,18.239
983.8944,19.943
984.0468,17.966
984.1992,19.061
984.3516,17.403
984.504,19.227
984.6564,18.519
984.8088,17.576
984.9612,18.674
985.1136,14.328
985.266,15.898
985.4184,20.415
985.5708,20.769
985.7232,21.26
985.8756,19.857
986.028,18.275
986.1804,22.298
986.3328,24.17
986.4852,25.243
986.6376,25.307
986.79,25.028
986.9424,26.621
987.0948,19.36
987.2472,20.369
987.3996,17.829
987.552,16.819
987.7044,16.969
987.8568,18.045
988.0092,15.734
988.1616,16.427
988.314,17.492
988.4664,16.023
988.6188,14.408
988.7712,13.714
988.9236,13.034
989.076,16.576
989.2284,14.935
989.3808,11.101
989.5332,15.212
989.6856,15.539
989.838,15.892
989.9904,15.699
990.1428,15.095
990.2952,16.447
990.4476,15.706
990.6,18.094
990.7524,16.321
990.9048,17.177
991.0572,15.717
991.2096,17.266
991.362,17.622
991.5144,15.923
991.6668,15.757
991.8192,12.066
991.9716,17.944
992.124,15.477
992.2764,15.056
992.4288,15.605
992.5812,15.606
992.7336,14.898
992.886,14.5
993.0384,15.15
993.1908,14.05
993.3432,13.765
993.4956,13.265
993.648,15.888
993.8004,16.974
993.9528,17.417
994.1052,21.386
994.2576,19.842
994.41,19.689
994.5624,19.289
994.7148,18.182
994.8672,18.717
995.0196,18.189
995.172,18.784
995.3244,24.202
995.4768,23.942
995.6292,22.698
995.7816,25.391
995.934,27.944
996.0864,19.342
996.2388,23.014
996.3912,23.149
996.5436,24.47
996.696,23.415
996.8484,23.942
997.0008,25.899
997.1532,21.635
997.3056,22.273
997.458,22.736
997.6104,21.219
997.7628,23.898
997.9152,21.717
998.0676,26.441
998.22,24.919
998.3724,24.433
998.5248,23.667
998.6772,24.385
998.8296,25.342
998.982,25.98
999.1344,24.75
999.2868,21.751
999.4392,22.344
999.5916,19.635
999.744,20.806
999.8964,22.074
1000.0488,21.99
1000.2012,22.637
1000.3536,21.524
1000.506,21.416
1000.6584,21.038
1000.8108,20.608
1000.9632,22.689
1001.1156,21.791
1001.268,23.136
1001.4204,21.969
1001.5728,21.725
1001.7252,17.639
1001.8776,18.182
1002.03,19.415
1002.1824,17.255
1002.3348,18.857
1002.4872,18.502
1002.6396,20.425
1002.792,20.352
1002.9444,21.98
1003.0968,18.171
1003.2492,19.314
1003.4016,21.019
1003.554,21.522
1003.7064,23.091
1003.8588,20.739
1004.0112,24.546
1004.1636,21.972
1004.316,23.78
1004.4684,24.334
1004.6208,25.314
1004.7732,24.737
1004.9256,22.272
1005.078,20.202
1005.2304,18.279
1005.3828,24.48
1005.5352,24.986
1005.6876,23.024
1005.84,24.675
1005.9924,25.579
1006.1448,27.606
1006.2972,27.509
1006.4496,22.854
1006.602,21.809
1006.7544,22.504
1006.9068,24.784
1007.0592,24.253
1007.2116,26.484
1007.364,26.302
1007.5164,25.443
1007.6688,25.548
1007.8212,25.296
1007.9736,26.198
1008.126,25.263
1008.2784,25.604
1008.4308,26.535
1008.5832,22.468
1008.7356,29.111
1008.888,28.663
1009.0404,27.076
1009.1928,29.485
1009.3452,30.079
1009.4976,27.205
1009.65,24.926
1009.8024,26.848
1009.9548,28.08
1010.1072,26.459
1010.2596,26.942
1010.412,27.764
1010.5644,30.63
1010.7168,27.497
1010.8692,22.947
1011.0216,23.722
1011.174,26.828
1011.3264,24.707
1011.4788,25.582
1011.6312,23.096
1011.7836,23.285
1011.936,22.005
1012.0884,26.858
1012.2408,29.624
1012.3932,31.392
1012.5456,32.852
1012.698,33.434
1012.8504,33.259
1013.0028,34.099
1013.1552,32.071
1013.3076,25.783
1013.46,23.988
1013.6124,22.42
1013.7648,21.367
1013.9172,20.081
1014.0696,19.418
1014.222,16.71
1014.3744,18.48
1014.5268,20.318
1014.6792,18.628
1014.8316,19.534
1014.984,19.977
1015.1364,22.453
1015.2888,20.345
1015.4412,18.715
1015.5936,16.719
1015.746,19.089
1015.8984,18.677
1016.0508,16.925
1016.2032,20.718
1016.3556,18.36
1016.508,23.299
1016.6604,18.886
1016.8128,21.078
1016.9652,22.356
1017.1176,22.766
1017.27,22.57
1017.4224,24.581
1017.5748,25.659
1017.7272,26.989
1017.8796,25.958
1018.032,24.43
1018.1844,23.793
1018.3368,20.913
1018.4892,22.898
1018.6416,24.349
1018.794,21.666
1018.9464,20.105
1019.0988,22.213
1019.2512,23.222
1019.4036,24.08
1019.556,24.025
1019.7084,24.437
1019.8608,24.975
1020.0132,25.016
1020.1656,25.416
1020.318,24.067
1020.4704,22.058
1020.6228,26.242
1020.7752,24.068
1020.9276,23.502
1021.08,22.947
1021.2324,23.364
1021.3848,24.718
1021.5372,23.518
1021.6896,21.638
1021.842,21.691
1021.9944,24.582
1022.1468,24.809
1022.2992,32.908
1022.4516,25.948
1022.604,24.56
1022.7564,26.924
1022.9088,26.527
1023.0612,25.738
1023.2136,25.556
1023.366,21.638
1023.5184,22.174
1023.6708,20.256
1023.8232,20.789
1023.9756,18.503
1024.128,17.022
1024.2804,15.71
1024.4328,19.784
1024.5852,18.129
1024.7376,19.498
1024.89,19.725
1025.0424,21.058
1025.1948,21.08
1025.3472,18.173
1025.4996,17.775
1025.652,18.087
1025.8044,24.344
1025.9568,22.082
1026.1092,21.655
1026.2616,17.384
1026.414,17.089
1026.5664,18.232
1026.7188,18.28
1026.8712,20.274
1027.0236,19.175
1027.176,22.216
1027.3284,17.347
1027.4808,20.72
1027.6332,21.243
1027.7856,26.251
1027.938,20.807
1028.0904,19.516
1028.2428,19.927
1028.3952,21.735
1028.5476,19.142
1028.7,18.743
1028.8524,13.687
1029.0048,21.456
1029.1572,16.509
1029.3096,18.374
1029.462,19.494
1029.6144,19.679
1029.7668,18.147
1029.9192,19.257
1030.0716,21.858
1030.224,22.963
1030.3764,22.968
1030.5288,20.449
1030.6812,24.276
1030.8336,21.917
1030.986,22.226
1031.1384,20.364
1031.2908,20.459
1031.4432,19.773
1031.5956,18.022
1031.748,17.609
1031.9004,17.616
1032.0528,17.521
1032.2052,15.795
1032.3576,21.652
1032.51,17.918
1032.6624,19.182
1032.8148,21.075
1032.9672,21.214
1033.1196,21.92
1033.272,13.802
1033.4244,14.742
1033.5768,19.822
1033.7292,17.841
1033.8816,15.996
1034.034,18.801
1034.1864,20.069
1034.3388,20.609
1034.4912,19.045
1034.6436,19.01
1034.796,20.731
1034.9484,20.788
1035.1008,20.718
1035.2532,15.838
1035.4056,24.127
1035.558,23.129
1035.7104,21.441
1035.8628,21.424
1036.0152,20.465
1036.1676,22.136
1036.32,20.87
1036.4724,18.588
1036.6248,17.282
1036.7772,21.193
1036.9296,19.374
1037.082,18.842
1037.2344,21.274
1037.3868,18.142
1037.5392,18.255
1037.6916,19.651
1037.844,18.017
1037.9964,16.734
1038.1488,19.07
1038.3012,17.938
1038.4536,16.379
1038.606,13.921
1038.7584,14.063
1038.9108,19.505
1039.0632,19.34
1039.2156,21.503
1039.368,20.836
1039.5204,21.377
1039.6728,21.577
1039.8252,19.403
1039.9776,20.334
1040.13,21.119
1040.2824,22.75
1040.4348,22.498
1040.5872,22.701
1040.7396,20.342
1040.892,21.159
1041.0444,18.035
1041.1968,19.147
1041.3492,20.233
1041.5016,21.511
1041.654,23.137
1041.8064,15.344
1041.9588,17.5
1042.1112,18.534
1042.2636,20.411
1042.416,20.815
1042.5684,19.081
1042.7208,17.204
1042.8732,20.059
1043.0256,17.067
1043.178,16.756
1043.3304,19.198
1043.4828,20.85
1043.6352,21.388
1043.7876,19.577
1043.94,17.377
1044.0924,27.535
1044.2448,24.927
1044.3972,15.478
1044.5496,15.736
1044.702,26.006
1044.8544,18.746
1045.0068,17.693
1045.1592,17.791
1045.3116,18.131
1045.464,19.516
1045.6164,20.054
1045.7688,8.827
1045.9212,13.806
1046.0736,15.792
1046.226,13.482
1046.3784,14.633
1046.5308,18.539
1046.6832,14.55
1046.8356,16.802
1046.988,14.325
1047.1404,15.727
1047.2928,14.422
1047.4452,14.444
1047.5976,18.319
1047.75,16.404
1047.9024,12.475
1048.0548,10.423
1048.2072,19.439
1048.3596,18.521
1048.512,17.647
1048.6644,14.728
1048.8168,13.96
1048.9692,16.317
1049.1216,13.979
1049.274,16.463
1049.4264,18.283
1049.5788,15.958
1049.7312,18.274
1049.8836,15.91
1050.036,16.379
1050.1884,14.512
1050.3408,16.265
1050.4932,12.827
1050.6456,15.064
1050.798,13.204
1050.9504,13.596
1051.1028,13.638
1051.2552,11.955
1051.4076,11.578
1051.56,15.6
1051.7124,16.937
1051.8648,15.811
1052.0172,14.663
1052.1696,13.702
1052.322,16.881
1052.4744,16.506
1052.6268,14.342
1052.7792,16.797
1052.9316,14.321
1053.084,13.074
1053.2364,14.977
1053.3888,16.235
1053.5412,14.637
1053.6936,14.344
1053.846,15.42
1053.9984,16.319
1054.1508,17.075
1054.3032,14.761
1054.4556,16.6
1054.608,16.013
1054.7604,18.503
1054.9128,19.974
1055.0652,19.492
1055.2176,16.635
1055.37,16.173
1055.5224,17.269
1055.6748,16.214
1055.8272,20.766
1055.9796,19.969
1056.132,16.798
1056.2844,18.426
1056.4368,14.119
1056.5892,18.609
1056.7416,17.478
1056.894,16.081
1057.0464,17.683
1057.1988,16.935
1057.3512,17.503
1057.5036,21.557
1057.656,21.777
1057.8084,21.101
1057.9608,20.16
1058.1132,25.586
1058.2656,25.824
1058.418,24.131
1058.5704,23.791
1058.7228,25.422
1058.8752,26.985
1059.0276,27.305
1059.18,26.661
1059.3324,25.297
1059.4848,24.599
1059.6372,23.868
1059.7896,23.911
1059.942,24.561
1060.0944,24.783
1060.2468,22.209
1060.3992,22.147
1060.5516,22.435
1060.704,26.983
1060.8564,22.777
1061.0088,21.958
1061.1612,23.662
1061.3136,21.349
1061.466,22.608
1061.6184,20.292
1061.7708,22.05
1061.9232,20.608
1062.0756,20.072
1062.228,24.612
1062.3804,22.354
1062.5328,21.104
1062.6852,20.446
1062.8376,23.408
1062.99,23.169
1063.1424,22.988
1063.2948,23.606
1063.4472,22.29
1063.5996,22.944
1063.752,23.442
1063.9044,25.01
1064.0568,24.518
1064.2092,24.535
1064.3616,24.443
1064.514,25.299
1064.6664,25.368
1064.8188,25.312
1064.9712,22.542
1065.1236,21.606
1065.276,24.104
1065.4284,23.633
1065.5808,21.497
1065.7332,19.869
1065.8856,18.252
1066.038,19.252
1066.1904,22.016
1066.3428,22.804
1066.4952,28.128
1066.6476,27.764
1066.8,24.473
1066.9524,26.02
1067.1048,26.337
1067.2572,30.395
1067.4096,31.309
1067.562,27.112
1067.7144,26.667
1067.8668,25.547
1068.0192,29.993
1068.1716,27.809
1068.324,33.539
1068.4764,28.134
1068.6288,29.094
1068.7812,27.049
1068.9336,27.414
1069.086,25.74
1069.2384,25.541
1069.3908,25.301
1069.5432,25.866
1069.6956,25.341
1069.848,25.288
1070.0004,26.517
1070.1528,23.335
1070.3052,28.16
1070.4576,26.631
1070.61,24.653
1070.7624,23.959
1070.9148,23.727
1071.0672,26.922
1071.2196,25.433
1071.372,24.998
1071.5244,29.815
1071.6768,30.14
1071.8292,32.138
1071.9816,26.577
1072.134,20.97
1072.2864,22.125
1072.4388,23.816
1072.5912,22.787
1072.7436,25.284
1072.896,26.391
1073.0484,24.686
1073.2008,24.601
1073.3532,22.927
1073.5056,24.773
1073.658,23.367
1073.8104,25.626
1073.9628,26.321
1074.1152,25.704
1074.2676,27.426
1074.42,26.376
1074.5724,24.107
1074.7248,23.522
1074.8772,28.055
1075.0296,32.963
1075.182,30.099
1075.3344,27.779
1075.4868,25.898
1075.6392,24.617
1075.7916,23.829
1075.944,24.774
1076.0964,24.253
1076.2488,23.929
1076.4012,25.01
1076.5536,22.983
1076.706,23.505
1076.8584,23.851
1077.0108,22.512
1077.1632,22.456
1077.3156,20.478
1077.468,22.585
1077.6204,21.106
1077.7728,23.435
1077.9252,20.935
1078.0776,21.009
1078.23,19.085
1078.3824,17.689
1078.5348,19.776
1078.6872,18.429
1078.8396,13.951
1078.992,17.733
1079.1444,16.02
1079.2968,16.653
1079.4492,16.082
1079.6016,19.776
1079.754,17.381
1079.9064,19.582
1080.0588,21.304
1080.2112,21.605
1080.3636,24
1080.516,23.283
1080.6684,20.788
1080.8208,19.074
1080.9732,21.559
1081.1256,21.506
1081.278,22.948
1081.4304,20.705
1081.5828,22
1081.7352,21.51
1081.8876,19.384
1082.04,20.53
1082.1924,22.225
1082.3448,16.964
1082.4972,14.366
1082.6496,20.087
1082.802,21
1082.9544,20.127
1083.1068,20.498
1083.2592,20.263
1083.4116,18.36
1083.564,19.579
1083.7164,20.509
1083.8688,19.786
1084.0212,18.07
1084.1736,21.76
1084.326,19.132
1084.4784,21.9
1084.6308,20.433
1084.7832,18.403
1084.9356,15.739
1085.088,20.432
1085.2404,19.008
1085.3928,19.562
1085.5452,19.36
1085.6976,21.725
1085.85,19.892
1086.0024,19.193
1086.1548,21.248
1086.3072,23.775
1086.4596,26.501
1086.612,23.728
1086.7644,22.51
1086.9168,24.88
1087.0692,22.207
1087.2216,22.875
1087.374,23.759
1087.5264,26.893
1087.6788,26.123
1087.8312,28.114
1087.9836,28.182
1088.136,27.854
1088.2884,30.462
1088.4408,28.588
1088.5932,28.291
1088.7456,23.563
1088.898,24.627
1089.0504,25.878
1089.2028,23.367
1089.3552,24.568
1089.5076,24.589
1089.66,24.145
1089.8124,26.69
1089.9648,29.074
1090.1172,26.367
1090.2696,26.529
1090.422,26.159
1090.5744,27.164
1090.7268,25.924
1090.8792,26.426
1091.0316,27.712
1091.184,27.673
1091.3364,27.58
1091.4888,29.748
1091.6412,25.484
1091.7936,27.475
1091.946,26.879
1092.0984,24.149
1092.2508,26.6
1092.4032,30.008
1092.5556,29.938
1092.708,28.884
1092.8604,29.458
1093.0128,30.32
1093.1652,28.454
1093.3176,26.581
1093.47,27.479
1093.6224,25.787
1093.7748,28.714
1093.9272,28.647
1094.0796,27.935
1094.232,27.662
1094.3844,28.748
1094.5368,25.472
1094.6892,25.981
1094.8416,25.614
1094.994,23.193
1095.1464,23.127
1095.2988,25.046
1095.4512,28.411
1095.6036,27.353
1095.756,29.291
1095.9084,32.745
1096.0608,32.144
1096.2132,32.15
1096.3656,34.627
1096.518,33.997
1096.6704,37.138
1096.8228,33.723
1096.9752,34.135
1097.1276,36.112
1097.28,34.823
1097.4324,36.531
1097.5848,34.16
1097.7372,28.34
1097.8896,25.678
1098.042,27.89
1098.1944,27.418
1098.3468,30.253
1098.4992,25.034
1098.6516,23.585
1098.804,26.748
1098.9564,22.059
1099.1088,27.128
1099.2612,27.455
1099.4136,22.149
1099.566,20.743
1099.7184,18.797
1099.8708,19.872
1100.0232,21.473
1100.1756,19.231
1100.328,21.493
1100.4804,19.879
1100.6328,21.477
1100.7852,20.252
1100.9376,24.468
1101.09,19.938
1101.2424,21.596
1101.3948,22.994
1101.5472,21.261
1101.6996,21.169
1101.852,23.477
1102.0044,25.517
1102.1568,28.034
1102.3092,27.327
1102.4616,28.768
1102.614,29.546
1102.7664,29.734
1102.9188,30.617
1103.0712,30.49
1103.2236,30.902
1103.376,30.769
1103.5284,27.597
1103.6808,26.476
1103.8332,24.192
1103.9856,22.399
1104.138,27.655
1104.2904,26.658
1104.4428,23.461
1104.5952,24.399
1104.7476,25.776
1104.9,27.176
1105.0524,28.017
1105.2048,27.141
1105.3572,23.762
1105.5096,21.827
1105.662,23.043
1105.8144,21.816
1105.9668,19.344
1106.1192,20.6
1106.2716,22.273
1106.424,23.226
1106.5764,22.726
1106.7288,24.344
1106.8812,25.079
1107.0336,20.549
1107.186,19.415
1107.3384,23.679
1107.4908,21.902
1107.6432,20.731
1107.7956,20.463
1107.948,22.69
1108.1004,21.408
1108.2528,20.546
1108.4052,19.969
1108.5576,19.99
1108.71,20.678
1108.8624,20.398
1109.0148,21.85
1109.1672,20.599
1109.3196,20.974
1109.472,20.57
1109.6244,21.538
1109.7768,20.109
1109.9292,17.451
1110.0816,26.14
1110.234,21.259
1110.3864,21.326
1110.5388,22.452
1110.6912,19.798
1110.8436,19.317
1110.996,19.673
1111.1484,21.456
1111.3008,20.15
1111.4532,17.939
1111.6056,19.128
1111.758,19.918
1111.9104,16.852
1112.0628,17.887
1112.2152,18.31
1112.3676,18.735
1112.52,19.395
1112.6724,17.436
1112.8248,16.882
1112.9772,17.342
1113.1296,17.429
1113.282,19.753
1113.4344,20.482
1113.5868,20.782
1113.7392,20.388
1113.8916,17.756
1114.044,19.857
1114.1964,19.559
1114.3488,18.23
1114.5012,19.041
1114.6536,21.869
1114.806,21.572
1114.9584,23.331
1115.1108,21.357
1115.2632,18.622
1115.4156,20.289
1115.568,17.825
1115.7204,18.445
1115.8728,20.755
1116.0252,22.856
1116.1776,23.406
1116.33,21.93
1116.4824,22.539
1116.6348,21.96
1116.7872,21.54
1116.9396,19.474
1117.092,21.925
1117.2444,16.925
1117.3968,15.606
1117.5492,18.135
1117.7016,17.063
1117.854,21.932
1118.0064,19.866
1118.1588,21.413
1118.3112,17.576
1118.4636,18.189
1118.616,13.859
1118.7684,20.386
1118.9208,18.26
1119.0732,15.917
1119.2256,15.287
1119.378,19.928
1119.5304,19.878
1119.6828,20.913
1119.8352,20.079
1119.9876,20.338
1120.14,18.916
1120.2924,19.179
1120.4448,18.937
1120.5972,16.73
1120.7496,20.298
1120.902,20.278
1121.0544,20.224
1121.2068,21.159
1121.3592,20.335
1121.5116,21.532
1121.664,18.483
1121.8164,20.384
1121.9688,22.382
1122.1212,21.128
1122.2736,22.073
1122.426,21.161
1122.5784,21.144
1122.7308,19.215
1122.8832,16.534
1123.0356,17.55
1123.188,18.244
1123.3404,16.904
1123.4928,17.372
1123.6452,16.962
1123.7976,21.347
1123.95,20.612
1124.1024,18.742
1124.2548,18.257
1124.4072,17.394
1124.5596,22.342
1124.712,21.302
1124.8644,19.552
1125.0168,18.296
1125.1692,20.434
1125.3216,20.385
1125.474,22.997
1125.6264,23.014
1125.7788,21.679
1125.9312,23.869
1126.0836,21.83
1126.236,22.198
1126.3884,22.27
1126.5408,22.394
1126.6932,23.293
1126.8456,24.591
1126.998,25.686
1127.1504,25.093
1127.3028,22.36
1127.4552,22.142
1127.6076,21.763
1127.76,22.58
1127.9124,21.541
1128.0648,23.486
1128.2172,24.979
1128.3696,24.097
1128.522,22.749
1128.6744,21.846
1128.8268,23.709
1128.9792,28.748
1129.1316,29.735
1129.284,32.364
1129.4364,29.489
1129.5888,32.072
1129.7412,29.889
1129.8936,28.962
1130.046,28.769
1130.1984,31.854
1130.3508,34.497
1130.5032,29.833
1130.6556,30.89
1130.808,31.983
1130.9604,31.441
1131.1128,29.993
1131.2652,30.491
1131.4176,31.773
1131.57,30.4
1131.7224,28.204
1131.8748,29.491
1132.0272,30.331
1132.1796,29.955
1132.332,27.88
1132.4844,28.489
1132.6368,28.127
1132.7892,23.017
1132.9416,23.52
1133.094,24.345
1133.2464,22.544
1133.3988,23.036
1133.5512,21.491
1133.7036,25.68
1133.856,22.762
1134.0084,19.837
1134.1608,19.358
1134.3132,18.079
1134.4656,18.738
1134.618,15.589
1134.7704,19.417
1134.9228,16.978
1135.0752,19.799
1135.2276,21.24
1135.38,16.509
1135.5324,18.17
1135.6848,16.476
1135.8372,16.451
1135.9896,16.439
1136.142,16.939
1136.2944,18.471
1136.4468,19.294
1136.5992,20.256
1136.7516,20.016
1136.904,18.135
1137.0564,17.823
1137.2088,17.529
1137.3612,16.924
1137.5136,16.256
1137.666,18.267
1137.8184,17.342
1137.9708,12.948
1138.1232,18.081
1138.2756,17.53
1138.428,14.984
1138.5804,14.09
1138.7328,13.962
1138.8852,15.793
1139.0376,15.916
1139.19,15.161
1139.3424,15.177
1139.4948,16.396
1139.6472,17.381
1139.7996,18.553
1139.952,18.052
1140.1044,14.381
1140.2568,16.402
1140.4092,15.642
1140.5616,15.041
1140.714,16.966
1140.8664,16.337
1141.0188,18.403
1141.1712,19.1
1141.3236,21.448
1141.476,21.461
1141.6284,19.583
1141.7808,19.173
1141.9332,19.954
1142.0856,20.253
1142.238,18.997
1142.3904,19.999
1142.5428,18.877
1142.6952,18.611
1142.8476,21.261
1143,24.397
1143.1524,25.493
1143.3048,23.228
1143.4572,21.126
1143.6096,20.933
1143.762,21.263
1143.9144,23.94
1144.0668,22.458
1144.2192,20.807
1144.3716,21.628
1144.524,22.236
1144.6764,22.311
1144.8288,19.471
1144.9812,16.707
1145.1336,16.033
1145.286,19.571
1145.4384,20.473
1145.5908,21.003
1145.7432,21.51
1145.8956,20.786
1146.048,23.19
1146.2004,22.293
1146.3528,23.127
1146.5052,22.49
1146.6576,24.741
1146.81,22.305
1146.9624,23.423
1147.1148,25.568
1147.2672,23.081
1147.4196,21.302
1147.572,20.254
1147.7244,19.832
1147.8768,19.659
1148.0292,19.238
1148.1816,18.919
1148.334,18.642
1148.4864,20.188
1148.6388,17.952
1148.7912,20.567
1148.9436,22.648
1149.096,15.822
1149.2484,16.15
1149.4008,16.388
1149.5532,18.066
1149.7056,17.26
1149.858,19.682
1150.0104,19.244
1150.1628,18.371
1150.3152,18.016
1150.4676,18.522
1150.62,20.491
1150.7724,22.458
1150.9248,17.644
1151.0772,18.073
1151.2296,17.915
1151.382,18.964
1151.5344,19.23
1151.6868,16.189
1151.8392,22.085
1151.9916,17.038
1152.144,24.078
1152.2964,23.358
1152.4488,19.206
1152.6012,20.953
1152.7536,23.024
1152.906,21.512
1153.0584,19.903
1153.2108,19.166
1153.3632,23.751
1153.5156,26.58
1153.668,27.039
1153.8204,22.533
1153.9728,25.067
1154.1252,25.669
1154.2776,26.773
1154.43,27.433
1154.5824,28.292
1154.7348,25.93
1154.8872,25.715
1155.0396,34.075
1155.192,33.206
1155.3444,34.238
1155.4968,29.79
1155.6492,38.721
1155.8016,39.612
1155.954,38.383
1156.1064,35.762
1156.2588,33.623
1156.4112,34.748
1156.5636,36.623
1156.716,36.426
1156.8684,35.029
1157.0208,39.248
1157.1732,40.129
1157.3256,38.817
1157.478,30.46
1157.6304,24.935
1157.7828,25.908
1157.9352,20.444
1158.0876,18.871
1158.24,18.629
1158.3924,21.467
1158.5448,16.464
1158.6972,13.935
1158.8496,16.587
1159.002,15.745
1159.1544,17.993
1159.3068,18.959
1159.4592,16.882
1159.6116,20.796
1159.764,16.426
1159.9164,15.359
1160.0688,16.066
1160.2212,16.865
1160.3736,17.3
1160.526,18.073
1160.6784,18.192
1160.8308,20.261
1160.9832,20.81
1161.1356,19.195
1161.288,21.541
1161.4404,21.666
1161.5928,19.508
1161.7452,21.534
1161.8976,20.07
1162.05,22.161
1162.2024,21.723
1162.3548,19.564
1162.5072,20.423
1162.6596,20.77
1162.812,23.749
1162.9644,26.84
1163.1168,25.757
1163.2692,24.34
1163.4216,22.369
1163.574,24.587
1163.7264,24.106
1163.8788,27.278
1164.0312,25.18
1164.1836,23.527
1164.336,22.915
1164.4884,23.114
1164.6408,23.246
1164.7932,23.655
1164.9456,24.659
1165.098,24.417
1165.2504,28.784
1165.4028,30.381
1165.5552,28.595
1165.7076,28.889
1165.86,29.684
1166.0124,28.551
1166.1648,27.408
1166.3172,21.883
1166.4696,23.319
1166.622,22.906
1166.7744,22.724
1166.9268,23.593
1167.0792,24.068
1167.2316,26.447
1167.384,24.834
1167.5364,26.058
1167.6888,27.399
1167.8412,30.539
1167.9936,30.107
1168.146,34.921
1168.2984,35.392
1168.4508,35.348
1168.6032,33.493
1168.7556,31.351
1168.908,32.546
1169.0604,31.752
1169.2128,31.943
1169.3652,32.917
1169.5176,28.415
1169.67,23.732
1169.8224,25.195
1169.9748,22.353
1170.1272,20.548
1170.2796,23.637
1170.432,16.845
1170.5844,16.826
1170.7368,16.587
1170.8892,15.257
1171.0416,15.745
1171.194,19.731
1171.3464,21.876
1171.4988,21.148
1171.6512,23.109
1171.8036,23.575
1171.956,19.523
1172.1084,18.797
1172.2608,18.968
1172.4132,20.628
1172.5656,20.261
1172.718,19.708
1172.8704,21.874
1173.0228,28.766
1173.1752,28.797
1173.3276,31.274
1173.48,32.373
1173.6324,35.28
1173.7848,32.021
1173.9372,33.309
1174.0896,34.702
1174.242,32.561
1174.3944,30.813
1174.5468,24.879
1174.6992,25.453
1174.8516,22.927
1175.004,22.785
1175.1564,23.572
1175.3088,23.14
1175.4612,22.021
1175.6136,24.318
1175.766,23.025
1175.9184,20.704
1176.0708,19.413
1176.2232,22.135
1176.3756,22.273
1176.528,22.694
1176.6804,22.291
1176.8328,22.833
1176.9852,22.614
1177.1376,26.829
1177.29,23.544
1177.4424,25.941
1177.5948,20.454
1177.7472,24.814
1177.8996,24.923
1178.052,25.038
1178.2044,30.262
1178.3568,29.613
1178.5092,26.704
1178.6616,28.351
1178.814,29.853
1178.9664,30.588
1179.1188,23.679
1179.2712,23.779
1179.4236,22.679
1179.576,24.249
1179.7284,21.2
1179.8808,20.114
1180.0332,24.549
1180.1856,23.674
1180.338,25.358
1180.4904,27.374
1180.6428,25.399
1180.7952,26.357
1180.9476,23.93
1181.1,25.567
1181.2524,26.375
1181.4048,27.977
1181.5572,29.659
1181.7096,32.083
1181.862,33.776
1182.0144,25.968
1182.1668,24.666
1182.3192,24.145
1182.4716,19.322
1182.624,18.258
1182.7764,19.161
1182.9288,25.108
1183.0812,24.469
1183.2336,25.503
1183.386,23.669
1183.5384,23.403
1183.6908,30.605
1183.8432,31.524
1183.9956,30.263
1184.148,27.112
1184.3004,28.081
1184.4528,29.038
1184.6052,28.315
1184.7576,28.243
1184.91,26.48
1185.0624,26.92
1185.2148,24.718
1185.3672,19.766
1185.5196,18.007
1185.672,21.933
1185.8244,19.821
1185.9768,23.609
1186.1292,23.285
1186.2816,22.759
1186.434,23.894
1186.5864,22.185
1186.7388,22.773
1186.8912,23.094
1187.0436,22.863
1187.196,23.293
1187.3484,22.896
1187.5008,20.544
1187.6532,21.213
1187.8056,19.812
1187.958,23.437
1188.1104,25.543
1188.2628,20.073
1188.4152,20.794
1188.5676,23.536
1188.72,21.186
1188.8724,24.22
1189.0248,22.718
1189.1772,24.045
1189.3296,23.807
1189.482,23.628
1189.6344,24.613
1189.7868,24.929
1189.9392,24.374
1190.0916,22.094
1190.244,20.835
1190.3964,22.431
1190.5488,22.991
1190.7012,22.472
1190.8536,23.876
1191.006,24.253
1191.1584,23.827
1191.3108,22.914
1191.4632,22.348
1191.6156,20.385
1191.768,22.446
1191.9204,26.68
1192.0728,19.111
1192.2252,21.801
1192.3776,21.5
1192.53,22.13
1192.6824,19.804
1192.8348,19.476
1192.9872,20.817
1193.1396,19.83
1193.292,20.812
1193.4444,20.837
1193.5968,23.081
1193.7492,21.324
1193.9016,20.514
1194.054,18.197
1194.2064,19.71
1194.3588,21.901
1194.5112,19.941
1194.6636,21.806
1194.816,22.483
1194.9684,19.952
1195.1208,21.022
1195.2732,18.007
1195.4256,24.819
1195.578,20.832
1195.7304,21.481
1195.8828,20.611
1196.0352,20.165
1196.1876,22.221
1196.34,20.065
1196.4924,18.823
1196.6448,21.633
1196.7972,23.079
1196.9496,25.998
1197.102,29.088
1197.2544,29.431
1197.4068,30.133
1197.5592,27.808
1197.7116,25.488
1197.864,24.881
1198.0164,23.327
1198.1688,24.517
1198.3212,21.829
1198.4736,24.325
1198.626,19.926
1198.7784,22.45
1198.9308,21.597
1199.0832,24.035
1199.2356,21.971
1199.388,21.911
1199.5404,18.011
1199.6928,20.46
1199.8452,19.344
1199.9976,21.734
1200.15,23.46
1200.3024,22.147
1200.4548,29.876
1200.6072,24.835
1200.7596,23.029
1200.912,21.565
1201.0644,18.643
1201.2168,28.026
1201.3692,27.933
1201.5216,25.647
1201.674,24.916
1201.8264,25.855
1201.9788,24.082
1202.1312,26.684
1202.2836,23.567
1202.436,22.564
1202.5884,25.714
1202.7408,22.637
1202.8932,24.894
1203.0456,22.139
1203.198,20.032
1203.3504,21.318
1203.5028,21.488
1203.6552,24.382
1203.8076,23.651
1203.96,22.757
1204.1124,21.011
1204.2648,21.854
1204.4172,19.974
1204.5696,18.373
1204.722,18.74
1204.8744,17.539
1205.0268,17.533
1205.1792,18.216
1205.3316,19.049
1205.484,18.034
1205.6364,18.952
1205.7888,19.212
1205.9412,19.97
1206.0936,18.06
1206.246,20.695
1206.3984,18.417
1206.5508,17.219
1206.7032,19.084
1206.8556,18.541
1207.008,20.721
1207.1604,20.067
1207.3128,19.795
1207.4652,19.525
1207.6176,23.248
1207.77,22.87
1207.9224,23.989
1208.0748,24.583
1208.2272,27.869
1208.3796,27.887
1208.532,28.98
1208.6844,26.851
1208.8368,25.8
1208.9892,30.044
1209.1416,30.654
1209.294,28.538
1209.4464,28.402
1209.5988,26.533
1209.7512,29.463
1209.9036,28.519
1210.056,29.266
1210.2084,29.686
1210.3608,30.118
1210.5132,24.89
1210.6656,23.777
1210.818,26.402
1210.9704,27.324
1211.1228,24.364
1211.2752,26.56
1211.4276,28.164
1211.58,27.877
1211.7324,26.054
1211.8848,25.667
1212.0372,23.105
1212.1896,23.805
1212.342,27.693
1212.4944,22.997
1212.6468,20.262
1212.7992,18.278
1212.9516,24.991
1213.104,22.95
1213.2564,19.977
1213.4088,26.719
1213.5612,26.082
1213.7136,24.759
1213.866,24.347
1214.0184,22.743
1214.1708,23.12
1214.3232,21.547
1214.4756,20.599
1214.628,21.787
1214.7804,21.654
1214.9328,21.024
1215.0852,20.228
1215.2376,20.891
1215.39,19.145
1215.5424,18.715
1215.6948,17.593
1215.8472,20.425
1215.9996,23.151
1216.152,21.076
1216.3044,20.065
1216.4568,20.089
1216.6092,23.988
1216.7616,21.809
1216.914,19.147
1217.0664,20.653
1217.2188,21.439
1217.3712,23.769
1217.5236,23.186
1217.676,23.518
1217.8284,23.396
1217.9808,27.592
1218.1332,28.693
1218.2856,28.439
1218.438,25.187
1218.5904,27.419
1218.7428,28.218
1218.8952,26.847
1219.0476,26.833
1219.2,27.957
1219.3524,26.519
1219.5048,28.654
1219.6572,27.953
1219.8096,30.018
1219.962,27.18
1220.1144,26.274
1220.2668,25.68
1220.4192,27.525
1220.5716,28.787
1220.724,31.597
1220.8764,28.97
1221.0288,27.29
1221.1812,30.49
1221.3336,28.611
1221.486,27.557
1221.6384,30.055
1221.7908,31.2
1221.9432,30.904
1222.0956,33.529
1222.248,32.064
1222.4004,29.505
1222.5528,28.16
1222.7052,32.222
1222.8576,33.43
1223.01,30.295
1223.1624,33.622
1223.3148,33.639
1223.4672,30.039
1223.6196,24.44
1223.772,24.972
1223.9244,23.855
1224.0768,31.309
1224.2292,24.328
1224.3816,29.233
1224.534,24.857
1224.6864,24.29
1224.8388,27.001
1224.9912,22.184
1225.1436,20.589
1225.296,18.321
1225.4484,19.59
1225.6008,20.111
1225.7532,19.493
1225.9056,20.377
1226.058,20.712
1226.2104,17.562
1226.3628,22.464
1226.5152,20.876
1226.6676,19.475
1226.82,20.814
1226.9724,23.853
1227.1248,21.627
1227.2772,21.267
1227.4296,23.789
1227.582,24.753
1227.7344,23.872
1227.8868,22.837
1228.0392,21.209
1228.1916,21.497
1228.344,21.059
1228.4964,22.229
1228.6488,16.471
1228.8012,18.204
1228.9536,22.956
1229.106,22.822
1229.2584,22.033
1229.4108,22.041
1229.5632,21.86
1229.7156,20.073
1229.868,15.019
1230.0204,16.199
1230.1728,18.989
1230.3252,17.404
1230.4776,16.048
1230.63,18.252
1230.7824,19.378
1230.9348,19.377
1231.0872,20.953
1231.2396,21.649
1231.392,23.373
1231.5444,20.955
1231.6968,18.897
1231.8492,17.181
1232.0016,18.431
1232.154,20.07
1232.3064,20.358
1232.4588,18.462
1232.6112,23.287
1232.7636,22.282
1232.916,21.927
1233.0684,25.124
1233.2208,23.635
1233.3732,21.53
1233.5256,22.952
1233.678,25.526
1233.8304,22.859
1233.9828,21.834
1234.1352,22.477
1234.2876,21.547
1234.44,19.561
1234.5924,23.613
1234.7448,25.229
1234.8972,25.044
1235.0496,24.797
1235.202,23.093
1235.3544,24.795
1235.5068,25.276
1235.6592,30.366
1235.8116,28.364
1235.964,26.727
1236.1164,26.538
1236.2688,27.941
1236.4212,27.851
1236.5736,25.978
1236.726,26.755
1236.8784,27.061
1237.0308,23.811
1237.1832,23.376
1237.3356,23.659
1237.488,20.41
1237.6404,28.83
1237.7928,23.686
1237.9452,24.833
1238.0976,24.569
1238.25,24.249
1238.4024,25.108
1238.5548,29.902
1238.7072,29.2
1238.8596,23.915
1239.012,24.084
1239.1644,21.424
1239.3168,21.675
1239.4692,20.591
1239.6216,21.901
1239.774,21.211
1239.9264,18.376
1240.0788,23.131
1240.2312,24.611
1240.3836,24.875
1240.536,28.117
1240.6884,30.032
1240.8408,32.57
1240.9932,30.538
1241.1456,30.042
1241.298,29.937
1241.4504,26.485
1241.6028,30.517
1241.7552,28.665
1241.9076,30.916
1242.06,31.625
1242.2124,28.718
1242.3648,28.155
1242.5172,21.675
1242.6696,28.291
1242.822,29.068
1242.9744,29.253
1243.1268,27.253
1243.2792,29.976
1243.4316,29.262
1243.584,24.593
1243.7364,24.313
1243.8888,24.517
1244.0412,27.703
1244.1936,25.303
1244.346,28.264
1244.4984,27.928
1244.6508,31.09
1244.8032,19.678
1244.9556,23.619
1245.108,20.674
1245.2604,21.098
1245.4128,21.643
1245.5652,21.371
1245.7176,22.076
1245.87,22.413
1246.0224,23.361
1246.1748,21.78
1246.3272,26.167
1246.4796,22.181
1246.632,22.01
1246.7844,20.862
1246.9368,19.931
1247.0892,19.834
1247.2416,22.811
1247.394,18.779
1247.5464,17.71
1247.6988,19.571
1247.8512,17.58
1248.0036,17.84
1248.156,19.205
1248.3084,17.973
1248.4608,17.067
1248.6132,21.189
1248.7656,21.523
1248.918,21.212
1249.0704,21.457
1249.2228,19.76
1249.3752,19.907
1249.5276,21.996
1249.68,22.923
1249.8324,23.543
1249.9848,25.514
1250.1372,24.882
1250.2896,24.974
1250.442,26.638
1250.5944,25.825
1250.7468,24.307
1250.8992,21.267
1251.0516,19.465
1251.204,21.675
1251.3564,21.387
1251.5088,20.343
1251.6612,19.237
1251.8136,20.374
1251.966,18.841
1252.1184,21.765
1252.2708,19.108
1252.4232,17.743
1252.5756,22.25
1252.728,23.253
1252.8804,19.016
1253.0328,24.759
1253.1852,21.849
1253.3376,27.492
1253.49,28.461
1253.6424,26.797
1253.7948,24.337
1253.9472,24.3
1254.0996,22.921
1254.252,21.371
1254.4044,23.731
1254.5568,23.683
1254.7092,20.95
1254.8616,21.923
1255.014,23.479
1255.1664,22.223
1255.3188,23.672
1255.4712,22.504
1255.6236,21.311
1255.776,21.56
1255.9284,21.711
1256.0808,22.997
1256.2332,23.664
1256.3856,22.954
1256.538,24.428
1256.6904,22.619
1256.8428,23.699
1256.9952,23.133
1257.1476,26.316
1257.3,25.605
1257.4524,25.025
1257.6048,24.657
1257.7572,25.135
1257.9096,23.418
1258.062,25.049
1258.2144,22.028
1258.3668,23.827
1258.5192,28.11
1258.6716,23.559
1258.824,27.47
1258.9764,25.685
1259.1288,25.233
1259.2812,22.567
1259.4336,23.018
1259.586,23.765
1259.7384,28.255
1259.8908,15.892
1260.0432,22.936
1260.1956,21.37
1260.348,21.941
1260.5004,15.876
1260.6528,21.325
1260.8052,21.642
1260.9576,20.826
1261.11,18.862
1261.2624,21.09
1261.4148,21.788
1261.5672,25.725
1261.7196,24.058
1261.872,24.642
1262.0244,22.597
1262.1768,23.508
1262.3292,25.063
1262.4816,20.698
1262.634,25.224
1262.7864,25.546
1262.9388,25.218
1263.0912,26.482
1263.2436,25.891
1263.396,25.391
1263.5484,25.21
1263.7008,26.457
1263.8532,27.001
1264.0056,24.51
1264.158,23.572
1264.3104,24.804
1264.4628,22.614
1264.6152,23.143
1264.7676,23.018
1264.92,22.701
1265.0724,21.886
1265.2248,19.421
1265.3772,23.821
1265.5296,23.268
1265.682,22.668
1265.8344,25.071
1265.9868,22.834
1266.1392,21.18
1266.2916,26.316
1266.444,26.654
1266.5964,27.372
1266.7488,22.438
1266.9012,21.22
1267.0536,20.902
1267.206,23.804
1267.3584,17.857
1267.5108,18.592
1267.6632,18.357
1267.8156,23.25
1267.968,18.197
1268.1204,22.222
1268.2728,22.644
1268.4252,22.538
1268.5776,21.332
1268.73,21.619
1268.8824,21.599
1269.0348,19.367
1269.1872,20.405
1269.3396,19.166
1269.492,18.352
1269.6444,21.145
1269.7968,19.677
1269.9492,19.815
1270.1016,20.827
1270.254,20.311
1270.4064,21.547
1270.5588,21.675
1270.7112,20.908
1270.8636,20.151
1271.016,21.606
1271.1684,24.495
1271.3208,20.319
1271.4732,18.028
1271.6256,18.165
1271.778,17.676
1271.9304,21.701
1272.0828,20.43
1272.2352,21.363
1272.3876,19.83
1272.54,18.705
1272.6924,22.736
1272.8448,23.105
1272.9972,21.387
1273.1496,23.091
1273.302,20.611
1273.4544,20.818
1273.6068,19.091
1273.7592,21.081
1273.9116,21.024
1274.064,20.164
1274.2164,18.635
1274.3688,17.381
1274.5212,16.068
1274.6736,17.005
1274.826,19.371
1274.9784,16.831
1275.1308,23.658
1275.2832,23.368
1275.4356,25.068
1275.588,23.304
1275.7404,24.662
1275.8928,24.445
1276.0452,25.288
1276.1976,26.566
1276.35,27.042
1276.5024,26.948
1276.6548,28.62
1276.8072,26.246
1276.9596,24.639
1277.112,23.051
1277.2644,23.038
1277.4168,25.287
1277.5692,22.946
1277.7216,23.008
1277.874,23.125
1278.0264,21.544
1278.1788,21.269
1278.3312,21.286
1278.4836,21.666
1278.636,20.339
1278.7884,26.24
1278.9408,28.447
1279.0932,27.302
1279.2456,24.4
1279.398,24.339
1279.5504,25.742
1279.7028,26.466
1279.8552,21.821
1280.0076,25.993
1280.16,26.577
1280.3124,23.821
1280.4648,24.24
1280.6172,27.519
1280.7696,25.651
1280.922,28.304
1281.0744,31.68
1281.2268,31.121
1281.3792,30.143
1281.5316,23.426
1281.684,21.812
1281.8364,21.719
1281.9888,21.317
1282.1412,21.835
1282.2936,21.389
1282.446,22.953
1282.5984,24.587
1282.7508,24.99
1282.9032,23.934
1283.0556,21.201
1283.208,25.385
1283.3604,22.853
1283.5128,20.418
1283.6652,18.299
1283.8176,21.084
1283.97,24.85
1284.1224,25.606
1284.2748,22.994
1284.4272,20.826
1284.5796,20.592
1284.732,23.299
1284.8844,24.18
1285.0368,19.614
1285.1892,26.024
1285.3416,23.774
1285.494,28.439
1285.6464,26.395
1285.7988,24.477
1285.9512,24.619
1286.1036,24.724
1286.256,24.643
1286.4084,28.523
1286.5608,29.657
1286.7132,28.138
1286.8656,26.216
1287.018,26.48
1287.1704,26.366
1287.3228,26.126
1287.4752,25.023
1287.6276,24.609
1287.78,25.435
1287.9324,23.058
1288.0848,24.152
1288.2372,23.691
1288.3896,22.912
1288.542,22.874
1288.6944,22.309
1288.8468,21.522
1288.9992,23.809
1289.1516,33.265
1289.304,25.533
1289.4564,17.531
1289.6088,23.996
1289.7612,23.805
1289.9136,22.522
1290.066,20.791
1290.2184,27.797
1290.3708,25.818
1290.5232,30.487
1290.6756,29.236
1290.828,24.924
1290.9804,23.79
1291.1328,24.674
1291.2852,25.099
1291.4376,21.83
1291.59,19.471
1291.7424,25.543
1291.8948,24.102
1292.0472,22.423
1292.1996,24.771
1292.352,25.296
1292.5044,25.893
1292.6568,24.442
1292.8092,22.522
1292.9616,20.843
1293.114,23.155
1293.2664,25.002
1293.4188,20.306
1293.5712,21.073
1293.7236,23.433
1293.876,21.919
1294.0284,23.429
1294.1808,21.177
1294.3332,22.538
1294.4856,18.7
1294.638,20.561
1294.7904,21.699
1294.9428,20.4
1295.0952,23.017
1295.2476,22.947
1295.4,22.303
1295.5524,21.15
1295.7048,20.673
1295.8572,21.035
1296.0096,22.188
1296.162,19.672
1296.3144,18.687
1296.4668,17.341
1296.6192,17.47
1296.7716,18.757
1296.924,18.201
1297.0764,20.191
1297.2288,18.606
1297.3812,18.163
1297.5336,16.963
1297.686,17.822
1297.8384,22.395
1297.9908,22.501
1298.1432,21.736
1298.2956,18.829
1298.448,18.359
1298.6004,16.964
1298.7528,19.854
1298.9052,20.687
1299.0576,18.968
1299.21,16.898
1299.3624,19.599
1299.5148,18.402
1299.6672,15.843
1299.8196,14.941
1299.972,17.775
1300.1244,15.294
1300.2768,9.727
1300.4292,14.054
1300.5816,12.415
1300.734,11.224
1300.8864,14.318
1301.0388,14.681
1301.1912,15.641
1301.3436,16.963
1301.496,19.294
1301.6484,19.298
1301.8008,17.821
1301.9532,18.039
1302.1056,24.347
1302.258,24.321
1302.4104,24.169
1302.5628,22.187
1302.7152,23.09
1302.8676,21.953
1303.02,20.409
1303.1724,20.953
1303.3248,17.885
1303.4772,16.758
1303.6296,19.295
1303.782,18.252
1303.9344,18.876
1304.0868,21.171
1304.2392,21.551
1304.3916,22.373
1304.544,20.915
1304.6964,24.97
1304.8488,22.933
1305.0012,23.683
1305.1536,23.836
1305.306,22.634
1305.4584,24.869
1305.6108,22.39
1305.7632,22.491
1305.9156,24.308
1306.068,19.782
1306.2204,22.332
1306.3728,21.872
1306.5252,20.991
1306.6776,21.813
1306.83,21.568
1306.9824,24.014
1307.1348,24.21
1307.2872,25.738
1307.4396,24.491
1307.592,24.249
1307.7444,22.557
1307.8968,21.304
1308.0492,16.389
1308.2016,22.955
1308.354,23.733
1308.5064,26.809
1308.6588,28.664
1308.8112,27.283
1308.9636,27.467
1309.116,27.544
1309.2684,25.185
1309.4208,26.044
1309.5732,21.336
1309.7256,22.852
1309.878,21.283
1310.0304,18.726
1310.1828,20.738
1310.3352,21.285
1310.4876,19.619
1310.64,21.962
1310.7924,22.312
1310.9448,17.721
1311.0972,19.274
1311.2496,20.735
1311.402,17.676
1311.5544,22.001
1311.7068,20.875
1311.8592,20.023
1312.0116,21.365
1312.164,21.019
1312.3164,18.941
1312.4688,17.119
1312.6212,16.429
1312.7736,16.756
1312.926,17.95
1313.0784,15.355
1313.2308,20.712
1313.3832,18.26
1313.5356,22.994
1313.688,25.55
1313.8404,22.614
1313.9928,23.896
1314.1452,23.379
1314.2976,23.879
1314.45,23.38
1314.6024,19.051
1314.7548,23.57
1314.9072,23.135
1315.0596,22.514
1315.212,24.449
1315.3644,23.754
1315.5168,23.615
1315.6692,21.492
1315.8216,24.016
1315.974,22.532
1316.1264,21.832
1316.2788,22.143
1316.4312,23.253
1316.5836,22.77
1316.736,20.616
1316.8884,25.04
1317.0408,23.615
1317.1932,20.715
1317.3456,21.69
1317.498,20.099
1317.6504,18.43
1317.8028,18.81
1317.9552,17.835
1318.1076,16.617
1318.26,18.819
1318.4124,21.76
1318.5648,20.695
1318.7172,22.251
1318.8696,21.029
1319.022,25.97
1319.1744,23.462
1319.3268,21.664
1319.4792,23.242
1319.6316,22.78
1319.784,28.571
1319.9364,23.549
1320.0888,21.097
1320.2412,21.682
1320.3936,24.828
1320.546,19.518
1320.6984,21.855
1320.8508,21.837
1321.0032,19.405
1321.1556,26.023
1321.308,21.349
1321.4604,21.982
1321.6128,23.139
1321.7652,27.502
1321.9176,25.462
1322.07,25.084
1322.2224,25.344
1322.3748,22.11
1322.5272,22.586
1322.6796,19.722
1322.832,24.362
1322.9844,25.798
1323.1368,22.625
1323.2892,22.607
1323.4416,20.771
1323.594,18.245
1323.7464,18.18
1323.8988,19.483
1324.0512,18.125
1324.2036,18.655
1324.356,18.508
1324.5084,17.981
1324.6608,18.227
1324.8132,22.253
1324.9656,22.685
1325.118,23.175
1325.2704,21.704
1325.4228,22.762
1325.5752,21.977
1325.7276,22.463
1325.88,20.741
1326.0324,18.963
1326.1848,17.848
1326.3372,18.349
1326.4896,17.897
1326.642,18.75
1326.7944,21.145
1326.9468,21.267
1327.0992,22.935
1327.2516,22.545
1327.404,21.901
1327.5564,21.106
1327.7088,23.568
1327.8612,22.097
1328.0136,21.449
1328.166,19.958
1328.3184,21.255
1328.4708,21.531
1328.6232,23.398
1328.7756,25.817
1328.928,25.943
1329.0804,25.473
1329.2328,24.306
1329.3852,26.696
1329.5376,27.093
1329.69,25.973
1329.8424,28.276
1329.9948,28.85
1330.1472,28.037
1330.2996,28.999
1330.452,27.688
1330.6044,25.976
1330.7568,27.076
1330.9092,26.556
1331.0616,30.603
1331.214,29.759
1331.3664,27.016
1331.5188,28.471
1331.6712,25.211
1331.8236,26.011
1331.976,24.351
1332.1284,23.415
1332.2808,25.333
1332.4332,24.141
1332.5856,24.73
1332.738,24.33
1332.8904,28.271
1333.0428,30.676
1333.1952,26.432
1333.3476,25.376
1333.5,25.989
1333.6524,24.814
1333.8048,25.044
1333.9572,27.849
1334.1096,26.32
1334.262,24.594
1334.4144,31.1
1334.5668,29.565
1334.7192,29.461
1334.8716,29.899
1335.024,27.624
1335.1764,27.65
1335.3288,26.077
1335.4812,24.177
1335.6336,25.952
1335.786,24.048
1335.9384,26.871
1336.0908,25.29
1336.2432,30.131
1336.3956,30.852
1336.548,28.902
1336.7004,28.423
1336.8528,26.877
1337.0052,27.975
1337.1576,28.431
1337.31,27.455
1337.4624,28.018
1337.6148,28.087
1337.7672,27.687
1337.9196,27.082
1338.072,32.108
1338.2244,34.642
1338.3768,33.024
1338.5292,27.343
1338.6816,32.835
1338.834,31.36
1338.9864,29.225
1339.1388,28.39
1339.2912,30.235
1339.4436,27.305
1339.596,28.373
1339.7484,29.28
1339.9008,27.978
1340.0532,25.869
1340.2056,24.419
1340.358,22.049
1340.5104,21.126
1340.6628,21.268
1340.8152,20.364
1340.9676,21.127
1341.12,18.412
1341.2724,24.639
1341.4248,22.785
1341.5772,22.955
1341.7296,24.373
1341.882,25.263
1342.0344,26.817
1342.1868,32.818
1342.3392,30.814
1342.4916,31.525
1342.644,30.892
1342.7964,29.097
1342.9488,16.325
1343.1012,18.472
1343.2536,20.053
1343.406,22.907
1343.5584,25.035
1343.7108,30.802
1343.8632,29.41
1344.0156,38.513
1344.168,39.199
1344.3204,37.939
1344.4728,37.101
1344.6252,33.652
1344.7776,22.118
1344.93,19.94
1345.0824,18.444
1345.2348,17.972
1345.3872,17.037
1345.5396,18.705
1345.692,16.595
1345.8444,15.612
1345.9968,16.886
1346.1492,15.933
1346.3016,16.552
1346.454,17.11
1346.6064,17.056
1346.7588,15.032
1346.9112,16.017
1347.0636,14.69
1347.216,12.568
1347.3684,16.832
1347.5208,17.257
1347.6732,18.208
1347.8256,24.358
1347.978,22.989
1348.1304,24.803
1348.2828,19.493
1348.4352,17.337
1348.5876,18.492
1348.74,20.768
1348.8924,25.597
1349.0448,35.43
1349.1972,36.394
1349.3496,39.786
1349.502,29.828
1349.6544,31.461
1349.8068,26.338
1349.9592,23.928
1350.1116,21.427
1350.264,22.719
1350.4164,29.007
1350.5688,27.253
1350.7212,28.315
1350.8736,29.142
1351.026,30.073
1351.1784,32.586
1351.3308,30.313
1351.4832,32.879
1351.6356,30.554
1351.788,21.914
1351.9404,22.111
1352.0928,21.137
1352.2452,23.563
1352.3976,22.594
1352.55,32.904
1352.7024,34.074
1352.8548,36.41
1353.0072,34.581
1353.1596,35.162
1353.312,32.294
1353.4644,32.75
1353.6168,35.256
1353.7692,41.555
1353.9216,40.615
1354.074,41.051
1354.2264,44.57
1354.3788,42.065
1354.5312,40.079
1354.6836,42.616
1354.836,44.931
1354.9884,39.514
1355.1408,38.96
1355.2932,37.002
1355.4456,40.306
1355.598,35.214
1355.7504,24.478
1355.9028,21.689
1356.0552,18.637
1356.2076,17.384
1356.36,16.863
1356.5124,15.087
1356.6648,15.792
1356.8172,16.655
1356.9696,17.552
1357.122,30.714
1357.2744,32.197
1357.4268,30.766
1357.5792,30.503
1357.7316,24.968
1357.884,22.08
1358.0364,18.937
1358.1888,19.281
1358.3412,18.175
1358.4936,19.646
1358.646,17.405
1358.7984,19.975
1358.9508,20.945
1359.1032,21.553
1359.2556,20.566
1359.408,22.453
1359.5604,23.334
1359.7128,21.671
1359.8652,21.412
1360.0176,29.62
1360.17,30.403
1360.3224,32.501
1360.4748,32.249
1360.6272,32.697
1360.7796,32.234
1360.932,29.212
1361.0844,24.306
1361.2368,23.154
1361.3892,32.537
1361.5416,32.473
1361.694,29.393
1361.8464,27.494
1361.9988,28.784
1362.1512,27.659
1362.3036,27.165
1362.456,27.537
1362.6084,26.321
1362.7608,26.099
1362.9132,30.479
1363.0656,29.553
1363.218,32.381
1363.3704,30.162
1363.5228,26.726
1363.6752,26.819
1363.8276,17.954
1363.98,22.524
1364.1324,20.123
1364.2848,22.383
1364.4372,22.83
1364.5896,24.748
1364.742,24.275
1364.8944,18.788
1365.0468,16.088
1365.1992,21.41
1365.3516,27.713
1365.504,31.01
1365.6564,31.499
1365.8088,31.655
1365.9612,30.09
1366.1136,28.769
1366.266,26.442
1366.4184,26.116
1366.5708,19.919
1366.7232,20.575
1366.8756,23.033
1367.028,21.314
1367.1804,21.798
1367.3328,22.567
1367.4852,18.396
1367.6376,28.479
1367.79,27.338
1367.9424,22.573
1368.0948,24.146
1368.2472,21.681
1368.3996,23.187
1368.552,21.641
1368.7044,23.589
1368.8568,21.458
1369.0092,20.999
1369.1616,23.801
1369.314,24.779
1369.4664,20.152
1369.6188,22.923
1369.7712,24.091
1369.9236,19.549
1370.076,20.646
1370.2284,20.981
1370.3808,20.254
1370.5332,21.001
1370.6856,20.205
1370.838,17.67
1370.9904,26.344
1371.1428,24.275
1371.2952,19.242
1371.4476,21.118
1371.6,26.392
1371.7524,22.119
1371.9048,20.726
1372.0572,17.699
1372.2096,16.187
1372.362,21.992
1372.5144,22.209
1372.6668,24.83
1372.8192,24.247
1372.9716,21.034
1373.124,20.643
1373.2764,22.821
1373.4288,23.133
1373.5812,25.676
1373.7336,27.257
1373.886,27.362
1374.0384,22.714
1374.1908,22.307
1374.3432,23.856
1374.4956,26.088
1374.648,21.926
1374.8004,21.451
1374.9528,20.397
1375.1052,19.693
1375.2576,22.395
1375.41,22.265
1375.5624,24.225
1375.7148,24.71
1375.8672,24.065
1376.0196,25.855
1376.172,23.261
1376.3244,23.722
1376.4768,24.552
1376.6292,22.266
1376.7816,26.054
1376.934,21.732
1377.0864,20.105
1377.2388,24.414
1377.3912,17.187
1377.5436,19.253
1377.696,16.725
1377.8484,16.916
1378.0008,19.061
1378.1532,20.603
1378.3056,24.749
1378.458,23.442
1378.6104,23.871
1378.7628,24.931
1378.9152,24.752
1379.0676,26.886
1379.22,26.534
1379.3724,29.019
1379.5248,32.183
1379.6772,27.989
1379.8296,31.06
1379.982,27.657
1380.1344,27.849
1380.2868,27.439
1380.4392,22.849
1380.5916,24.144
1380.744,22.244
1380.8964,27.252
1381.0488,20.254
1381.2012,22.348
1381.3536,28.19
1381.506,23.854
1381.6584,29.188
1381.8108,30.729
1381.9632,27.893
1382.1156,28.038
1382.268,30.441
1382.4204,27.531
1382.5728,27.637
1382.7252,24.431
1382.8776,24.582
1383.03,24.369
1383.1824,27.055
1383.3348,22.432
1383.4872,23.858
1383.6396,26.213
1383.792,25.442
1383.9444,29.41
1384.0968,29.839
1384.2492,23.069
1384.4016,28.036
1384.554,27.284
1384.7064,26.169
1384.8588,30.945
1385.0112,32.898
1385.1636,34.703
1385.316,34.767
1385.4684,34.895
1385.6208,34.093
1385.7732,36.636
1385.9256,33.479
1386.078,31.67
1386.2304,29.08
1386.3828,27.543
1386.5352,30.165
1386.6876,27.21
1386.84,26.473
1386.9924,27.334
1387.1448,25.538
1387.2972,24.824
1387.4496,25.52
1387.602,27.924
1387.7544,29.54
1387.9068,32.728
1388.0592,22.017
1388.2116,26.837
1388.364,30.146
1388.5164,29.508
1388.6688,28.564
1388.8212,29.807
1388.9736,29.719
1389.126,27.823
1389.2784,29.158
1389.4308,28.355
1389.5832,28.731
1389.7356,29.73
1389.888,26.872
1390.0404,24.901
1390.1928,24.707
1390.3452,28.981
1390.4976,28.439
1390.65,30.42
1390.8024,26.877
1390.9548,32.942
1391.1072,38.928
1391.2596,42.518
1391.412,42.115
1391.5644,40.406
1391.7168,41.24
1391.8692,47.41
1392.0216,45.265
1392.174,45.817
1392.3264,33.389
1392.4788,22.793
1392.6312,19.896
1392.7836,20.976
1392.936,23.165
1393.0884,20.659
1393.2408,17.628
1393.3932,21.309
1393.5456,21.469
1393.698,21.091
1393.8504,24.852
1394.0028,17.36
1394.1552,17.694
1394.3076,16.319
1394.46,15.888
1394.6124,22.8
1394.7648,18.843
1394.9172,16.876
1395.0696,21.378
1395.222,19.731
1395.3744,20.411
1395.5268,19.329
1395.6792,16.803
1395.8316,17.364
1395.984,17.442
1396.1364,19.934
1396.2888,21.554
1396.4412,19.18
1396.5936,17.372
1396.746,17.693
1396.8984,15.6
1397.0508,21.09
1397.2032,20.505
1397.3556,16.129
1397.508,15.731
1397.6604,14.424
1397.8128,11.736
1397.9652,13.322
1398.1176,14.372
1398.27,15.609
1398.4224,14.284
1398.5748,14.566
1398.7272,15.554
1398.8796,13.565
1399.032,15.082
1399.1844,15.637
1399.3368,18.529
1399.4892,17.65
1399.6416,15.128
1399.794,19.184
1399.9464,16.421
1400.0988,17.245
1400.2512,18.001
1400.4036,19.026
1400.556,14.283
1400.7084,13.81
1400.8608,12.392
1401.0132,13.428
1401.1656,15.471
1401.318,16.817
1401.4704,15.89
1401.6228,16.903
1401.7752,15.634
1401.9276,14.929
1402.08,14.571
1402.2324,16.324
1402.3848,14.843
1402.5372,15.703
1402.6896,15.714
1402.842,12.848
1402.9944,12.526
1403.1468,13.801
1403.2992,15.081
1403.4516,13.767
1403.604,15.163
1403.7564,13.98
1403.9088,12.638
1404.0612,14.335
1404.2136,11.596
1404.366,13.65
1404.5184,15.454
1404.6708,14.344
1404.8232,15.53
1404.9756,17.362
1405.128,17.325
1405.2804,15.344
1405.4328,16.665
1405.5852,17.557
1405.7376,17.71
1405.89,16.391
1406.0424,17.974
1406.1948,17.714
1406.3472,18.445
1406.4996,18.519
1406.652,18.593
1406.8044,17.8
1406.9568,16.499
1407.1092,18.247
1407.2616,19.682
1407.414,19.167
1407.5664,20.587
1407.7188,19.538
1407.8712,14.605
1408.0236,20.468
1408.176,25.24
1408.3284,27.625
1408.4808,26.308
1408.6332,24.275
1408.7856,24.998
1408.938,23.103
1409.0904,23.433
1409.2428,21.971
1409.3952,19.127
1409.5476,19.874
1409.7,22.138
1409.8524,22.495
1410.0048,21.182
1410.1572,22.241
1410.3096,20.254
1410.462,19.855
1410.6144,18.43
1410.7668,21.31
1410.9192,19.82
1411.0716,19.271
1411.224,17.658
1411.3764,18.014
1411.5288,12.576
1411.6812,14.907
1411.8336,17.214
1411.986,16.667
1412.1384,15.124
1412.2908,13.887
1412.4432,14.72
1412.5956,20.377
1412.748,19.759
1412.9004,17.566
1413.0528,16.942
1413.2052,19.095
1413.3576,19.899
1413.51,18.978
1413.6624,20.817
1413.8148,20.808
1413.9672,19.135
1414.1196,21.36
1414.272,20.97
1414.4244,19.717
1414.5768,20.497
1414.7292,14.693
1414.8816,18.121
1415.034,17.96
1415.1864,16.596
1415.3388,18.027
1415.4912,17.33
1415.6436,19.051
1415.796,15.153
1415.9484,16.049
1416.1008,17.48
1416.2532,18.821
1416.4056,19.919
1416.558,18.777
1416.7104,19.173
1416.8628,16.174
1417.0152,21.871
1417.1676,22.418
1417.32,21.09
1417.4724,19.333
1417.6248,17.204
1417.7772,16.742
1417.9296,18.29
1418.082,19.511
1418.2344,21.135
1418.3868,18.299
1418.5392,17.944
1418.6916,18.273
1418.844,15.464
1418.9964,17.68
1419.1488,16.721
1419.3012,13.869
1419.4536,15.364
1419.606,15.422
1419.7584,17.977
1419.9108,16.514
1420.0632,17.717
1420.2156,18.201
1420.368,18.199
1420.5204,17.193
1420.6728,17.648
1420.8252,18.725
1420.9776,20.664
1421.13,20.551
1421.2824,16.567
1421.4348,14.717
1421.5872,16.46
1421.7396,18.242
1421.892,16.183
1422.0444,16.562
1422.1968,16.356
1422.3492,12.217
1422.5016,11.875
1422.654,9.205
1422.8064,15.632
1422.9588,13.673
1423.1112,12.903
1423.2636,15.333
1423.416,14.556
1423.5684,15.217
1423.7208,14.797
1423.8732,17.385
1424.0256,13.752
1424.178,14.223
1424.3304,15.239
1424.4828,10.283
1424.6352,17.482
1424.7876,17.198
1424.94,18.555
1425.0924,20.371
1425.2448,13.505
1425.3972,14.122
1425.5496,14.412
1425.702,15.879
1425.8544,13.314
1426.0068,13.037
1426.1592,14.904
1426.3116,12.152
1426.464,15.794
1426.6164,15.572
1426.7688,16.193
1426.9212,13.759
1427.0736,12.018
1427.226,11.909
1427.3784,15.827
1427.5308,14.941
1427.6832,12.29
1427.8356,12.972
1427.988,13.888
1428.1404,12.528
1428.2928,12.985
1428.4452,12.257
1428.5976,11.33
1428.75,9.42
1428.9024,12.402
1429.0548,11.739
1429.2072,11.728
1429.3596,13.267
1429.512,12.467
1429.6644,11.355
1429.8168,10.188
1429.9692,13.359
1430.1216,12.515
1430.274,11.463
1430.4264,10.628
1430.5788,9.054
1430.7312,10.173
1430.8836,12.433
1431.036,12.799
1431.1884,16.954
1431.3408,13.031
1431.4932,12.459
1431.6456,13.538
1431.798,13.781
1431.9504,12.198
1432.1028,13.329
1432.2552,13.496
1432.4076,13.253
1432.56,14.123
1432.7124,13.294
1432.8648,14.299
1433.0172,16.204
1433.1696,14.953
1433.322,16.966
1433.4744,12.273
1433.6268,9.89
1433.7792,13.098
1433.9316,12.904
1434.084,15.433
1434.2364,11.721
1434.3888,12.491
1434.5412,16.004
1434.6936,15.46
1434.846,14.357
1434.9984,13.381
1435.1508,12.619
1435.3032,10.432
1435.4556,9.784
1435.608,10.271
1435.7604,11.766
1435.9128,10.892
1436.0652,12.609
1436.2176,10.266
1436.37,14.781
1436.5224,14.163
1436.6748,13.312
1436.8272,12.734
1436.9796,13.048
1437.132,14.931
1437.2844,14.53
1437.4368,12.083
1437.5892,15.293
1437.7416,15.05
1437.894,15.003
1438.0464,17.483
1438.1988,16.768
1438.3512,16.585
1438.5036,14.3
1438.656,15.024
1438.8084,17.094
1438.9608,16.44
1439.1132,15.428
1439.2656,16.1
1439.418,15.071
1439.5704,14.958
1439.7228,16.191
1439.8752,14.481
1440.0276,14.51
1440.18,15.094
1440.3324,10.872
1440.4848,16.247
1440.6372,11.385
1440.7896,11.082
1440.942,10.041
1441.0944,13.248
1441.2468,10.557
1441.3992,12.119
1441.5516,14.046
1441.704,13.523
1441.8564,12.009
1442.0088,12.702
1442.1612,13.643
1442.3136,11.79
1442.466,11.834
1442.6184,13.865
1442.7708,16.561
1442.9232,15.243
1443.0756,14.924
1443.228,14.664
1443.3804,14.257
1443.5328,13.048
1443.6852,10.243
1443.8376,13.895
1443.99,11.935
1444.1424,12.419
1444.2948,13.302
1444.4472,13.59
1444.5996,13.577
1444.752,14.665
1444.9044,12.522
1445.0568,13.982
1445.2092,14.348
1445.3616,11.593
1445.514,11.003
1445.6664,12.421
1445.8188,11.92
1445.9712,11.586
1446.1236,10.987
1446.276,12.954
1446.4284,13.697
1446.5808,13.601
1446.7332,13.691
1446.8856,14.289
1447.038,13.868
1447.1904,13.874
1447.3428,13.532
1447.4952,14.15
1447.6476,12.165
1447.8,14.185
1447.9524,14.19
1448.1048,13.939
1448.2572,14.042
1448.4096,12.848
1448.562,11.751
1448.7144,10.172
1448.8668,11.381
1449.0192,13.952
1449.1716,14.527
1449.324,14.046
1449.4764,14.822
1449.6288,14.18
1449.7812,12.557
1449.9336,10.04
1450.086,12.962
1450.2384,12.925
1450.3908,11.69
1450.5432,14.291
1450.6956,12.499
1450.848,14.582
1451.0004,14.67
1451.1528,10.869
1451.3052,12.3
1451.4576,12.103
1451.61,9.965
1451.7624,11.106
1451.9148,10.898
1452.0672,11.001
1452.2196,11.302
1452.372,12.69
1452.5244,10.807
1452.6768,10.536
1452.8292,12.886
1452.9816,11.922
1453.134,11.6
1453.2864,12.014
1453.4388,13.533
1453.5912,14.306
1453.7436,13.924
1453.896,13.119
1454.0484,12.756
1454.2008,11.821
1454.3532,13.917
1454.5056,11.473
1454.658,10.845
1454.8104,11.718
1454.9628,12.464
1455.1152,14.633
1455.2676,12.98
1455.42,12.465
1455.5724,9.221
1455.7248,11.215
1455.8772,13.412
1456.0296,13.875
1456.182,11.142
1456.3344,10.9
1456.4868,14.621
1456.6392,13.131
1456.7916,13.862
1456.944,13.852
1457.0964,11.682
1457.2488,12.341
1457.4012,10.968
1457.5536,12.225
1457.706,13.547
1457.8584,14.237
1458.0108,13.529
1458.1632,16.059
1458.3156,13.725
1458.468,18.624
1458.6204,15.875
1458.7728,13.983
1458.9252,11.652
1459.0776,14.072
1459.23,14.28
1459.3824,14.516
1459.5348,13.14
1459.6872,12.83
1459.8396,12.003
1459.992,11.855
1460.1444,13.104
1460.2968,18.678
1460.4492,16.446
1460.6016,16.176
1460.754,17.318
1460.9064,17.816
1461.0588,17.249
1461.2112,18.73
1461.3636,17.664
1461.516,17.382
1461.6684,16.359
1461.8208,17.178
1461.9732,15.98
1462.1256,16.655
1462.278,13.005
1462.4304,12.543
1462.5828,13.078
1462.7352,13.343
1462.8876,13.885
1463.04,12.516
1463.1924,13.057
1463.3448,16.442
1463.4972,13.752
1463.6496,10.406
1463.802,14.835
1463.9544,12.872
1464.1068,17.577
1464.2592,13.162
1464.4116,12.873
1464.564,14.445
1464.7164,14.427
1464.8688,10.845
1465.0212,14.209
1465.1736,15.146
1465.326,14.059
1465.4784,14.652
1465.6308,15.088
1465.7832,15.521
1465.9356,12.812
1466.088,12.012
1466.2404,12.807
1466.3928,14.115
1466.5452,12.488
1466.6976,10.603
1466.85,11.693
1467.0024,11.504
1467.1548,10.814
1467.3072,9.764
1467.4596,10.151
1467.612,9.992
1467.7644,10.706
1467.9168,13.282
1468.0692,14.377
1468.2216,14.314
1468.374,13.388
1468.5264,13.323
1468.6788,12.108
1468.8312,12.361
1468.9836,11.599
1469.136,12.983
1469.2884,11.245
1469.4408,11.476
1469.5932,12.386
1469.7456,7.724
1469.898,11.082
1470.0504,11.778
1470.2028,11.003
1470.3552,9.692
1470.5076,9.845
1470.66,8.296
1470.8124,8.924
1470.9648,11.01
1471.1172,10.594
1471.2696,8.234
1471.422,11.18
1471.5744,11.929
1471.7268,10.192
1471.8792,8.894
1472.0316,10.515
1472.184,8.596
1472.3364,8.326
1472.4888,11.785
1472.6412,12.704
1472.7936,11.631
1472.946,10.506
1473.0984,10.923
1473.2508,10.141
1473.4032,12.44
1473.5556,8.981
1473.708,10.072
1473.8604,10.962
1474.0128,11.119
1474.1652,9.398
1474.3176,9.9
1474.47,10.286
1474.6224,11.952
1474.7748,10.218
1474.9272,10.686
1475.0796,10.787
1475.232,11.265
1475.3844,11.553
1475.5368,13.527
1475.6892,9.595
1475.8416,8.454
1475.994,9.734
1476.1464,10.474
1476.2988,12.776
1476.4512,11.703
1476.6036,7.381
1476.756,10.41
1476.9084,10.562
1477.0608,9.548
1477.2132,12.762
1477.3656,10.586
1477.518,10.422
1477.6704,10.61
1477.8228,10.792
1477.9752,11.25
1478.1276,12.206
1478.28,11.874
1478.4324,11.52
1478.5848,9.498
1478.7372,7.731
1478.8896,8.488
1479.042,8.776
1479.1944,8.117
1479.3468,7.969
1479.4992,6.453
1479.6516,9.061
1479.804,8.082
1479.9564,11.41
1480.1088,9.202
1480.2612,9.102
1480.4136,9.41
1480.566,11.204
1480.7184,11.347
1480.8708,8.835
1481.0232,9.452
1481.1756,10.242
1481.328,13.544
1481.4804,9.875
1481.6328,8.689
1481.7852,11.02
1481.9376,10.505
1482.09,11.025
1482.2424,9.105
1482.3948,9.709
1482.5472,8.735
1482.6996,10.009
1482.852,11.838
1483.0044,9.895
1483.1568,9.315
1483.3092,7.791
1483.4616,7.61
1483.614,10.246
1483.7664,10.805
1483.9188,9.794
1484.0712,10.83
1484.2236,8.494
1484.376,11.314
1484.5284,12.391
1484.6808,12.33
1484.8332,13.098
1484.9856,12.219
1485.138,11.202
1485.2904,10.395
1485.4428,10.856
1485.5952,10.73
1485.7476,9.388
1485.9,9.532
1486.0524,10.679
1486.2048,10.073
1486.3572,9.266
1486.5096,8.9
1486.662,7.705
1486.8144,9.54
1486.9668,8.69
1487.1192,9.625
1487.2716,9.07
1487.424,9.382
1487.5764,10.862
1487.7288,8.523
1487.8812,7.054
1488.0336,9.822
1488.186,7.743
1488.3384,8.527
1488.4908,11.339
1488.6432,12.806
1488.7956,11.255
1488.948,13.129
1489.1004,11.073
1489.2528,10.039
1489.4052,7.659
1489.5576,10.514
1489.71,10.136
1489.8624,10.754
1490.0148,8.778
1490.1672,8.053
1490.3196,11.671
1490.472,8.379
1490.6244,10.54
1490.7768,7.112
1490.9292,7.539
1491.0816,11.367
1491.234,8.133
1491.3864,8.276
1491.5388,11.36
1491.6912,7.95
1491.8436,8.222
1491.996,10.945
1492.1484,11.017
1492.3008,9.731
1492.4532,11.087
1492.6056,11.587
1492.758,13.882
1492.9104,9.558
1493.0628,12.969
1493.2152,11.784
1493.3676,8.176
1493.52,7.237
1493.6724,11.047
1493.8248,11.493
1493.9772,13.233
1494.1296,13.84
1494.282,12.203
1494.4344,11.187
1494.5868,9.516
1494.7392,15.076
1494.8916,14.336
1495.044,12.617
1495.1964,12.542
1495.3488,13.937
1495.5012,13.674
1495.6536,14.596
1495.806,13.953
1495.9584,13.871
1496.1108,13.694
1496.2632,13.983
1496.4156,13.938
1496.568,14.92
1496.7204,10.355
1496.8728,11.14
1497.0252,11.688
1497.1776,16.573
1497.33,14.442
1497.4824,14.909
1497.6348,15.765
1497.7872,9.625
1497.9396,10.873
1498.092,11.563
1498.2444,9.491
1498.3968,10.357
1498.5492,12.271
1498.7016,10.513
1498.854,11.026
1499.0064,11.308
1499.1588,11.627
1499.3112,8.987
1499.4636,8.175
1499.616,9.519
1499.7684,11.432
1499.9208,10.538
1500.0732,10.291
1500.2256,10.94
1500.378,10.291
1500.5304,10.942
1500.6828,10.258
1500.8352,6.609
1500.9876,12.848
1501.14,9.125
1501.2924,9.64
1501.4448,9.027
1501.5972,10.176
1501.7496,8.963
1501.902,10.008
1502.0544,9.746
1502.2068,11.593
1502.3592,11.018
1502.5116,9.656
1502.664,8.201
1502.8164,9.507
1502.9688,13.091
1503.1212,11.561
1503.2736,10.193
1503.426,9.673
1503.5784,9.189
1503.7308,7.721
1503.8832,11.13
1504.0356,11.621
1504.188,11.959
1504.3404,10.958
1504.4928,10.393
1504.6452,10.495
1504.7976,8.552
1504.95,8.833
1505.1024,11.558
1505.2548,10.139
1505.4072,11.323
1505.5596,9.256
1505.712,9.138
1505.8644,11.941
1506.0168,10.257
1506.1692,11.287
1506.3216,9.993
1506.474,10.594
1506.6264,10.806
1506.7788,8.932
1506.9312,12.554
1507.0836,11.362
1507.236,8.947
1507.3884,8.93
1507.5408,10.892
1507.6932,9.245
1507.8456,10.33
1507.998,11.646
1508.1504,11.425
1508.3028,10.471
1508.4552,12.293
1508.6076,10.202
1508.76,10.555
1508.9124,12.171
1509.0648,11.643
1509.2172,7.648
1509.3696,10.572
1509.522,11.585
1509.6744,9.688
1509.8268,11.143
1509.9792,9.326
1510.1316,9.583
1510.284,11.821
1510.4364,11.219
1510.5888,11.415
1510.7412,11.218
1510.8936,7.203
1511.046,10.962
1511.1984,12.95
1511.3508,10.499
1511.5032,12.332
1511.6556,10.97
1511.808,12.091
1511.9604,8.588
1512.1128,11.495
1512.2652,10.664
1512.4176,11.484
1512.57,11.534
1512.7224,12.457
1512.8748,12.757
1513.0272,12.977
1513.1796,12.503
1513.332,11.428
1513.4844,10.44
1513.6368,14.375
1513.7892,13.944
1513.9416,9.429
1514.094,14.038
1514.2464,13.418
1514.3988,12.673
1514.5512,12.556
1514.7036,11.651
1514.856,11.342
1515.0084,10.14
1515.1608,10.225
1515.3132,11.571
1515.4656,12.638
1515.618,13.484
1515.7704,11.816
1515.9228,11.865
1516.0752,9.888
1516.2276,12.063
1516.38,12.825
1516.5324,13.433
1516.6848,12.051
1516.8372,15.139
1516.9896,14.703
1517.142,11.209
1517.2944,14.348
1517.4468,15.221
1517.5992,13.532
1517.7516,13.066
1517.904,13.63
1518.0564,12.298
1518.2088,13.752
1518.3612,13.051
1518.5136,15.086
1518.666,15.004
1518.8184,14.768
1518.9708,13.226
1519.1232,11.954
1519.2756,10.987
1519.428,12.37
1519.5804,13.263
1519.7328,14.352
1519.8852,18.496
1520.0376,16.36
1520.19,14.746
1520.3424,14.558
1520.4948,16.85
1520.6472,12.863
1520.7996,12.179
1520.952,14.335
1521.1044,13.289
1521.2568,12.205
1521.4092,13.514
1521.5616,13.738
1521.714,11.865
1521.8664,12.998
1522.0188,13.018
1522.1712,14.12
1522.3236,15.143
1522.476,14.052
1522.6284,14.867
1522.7808,12.426
1522.9332,11.779
1523.0856,13.57
1523.238,15.463
1523.3904,14.909
1523.5428,13.231
1523.6952,13.377
1523.8476,10.927
1524,9.403
1524.1524,12.257
1524.3048,12.021
1524.4572,14.45
1524.6096,14.848
1524.762,10.72
1524.9144,14.386
1525.0668,10.429
1525.2192,11.531
1525.3716,11.715
1525.524,10.078
1525.6764,13.519
1525.8288,12.021
1525.9812,10.527
1526.1336,10.384
1526.286,10.455
1526.4384,12.611
1526.5908,8.95
1526.7432,9.695
1526.8956,14.06
1527.048,12.969
1527.2004,14.781
1527.3528,11.384
1527.5052,11.782
1527.6576,13.468
1527.81,13.963
1527.9624,12.626
1528.1148,14.342
1528.2672,13.931
1528.4196,15.054
1528.572,14.269
1528.7244,12.328
1528.8768,12.929
1529.0292,13.707
1529.1816,14.242
1529.334,13.554
1529.4864,13.037
1529.6388,14.116
1529.7912,14.255
1529.9436,12.279
1530.096,13.763
1530.2484,11.856
1530.4008,12.929
1530.5532,11.678
1530.7056,13.072
1530.858,14.94
1531.0104,12.786
1531.1628,13.209
1531.3152,13.75
1531.4676,12.324
1531.62,10.197
1531.7724,11.418
1531.9248,11.205
1532.0772,12.807
1532.2296,12.504
1532.382,10.617
1532.5344,13.738
1532.6868,13.072
1532.8392,15.031
1532.9916,12.248
1533.144,13.557
1533.2964,11.833
1533.4488,10.563
1533.6012,14.223
1533.7536,12.245
1533.906,12.815
1534.0584,12.398
1534.2108,11.833
1534.3632,13.737
1534.5156,12.648
1534.668,13.475
1534.8204,14.307
1534.9728,12.617
1535.1252,10.109
1535.2776,12.138
1535.43,15.362
1535.5824,12.873
1535.7348,14.314
1535.8872,13.941
1536.0396,11.926
1536.192,12.394
1536.3444,14.249
1536.4968,12.315
1536.6492,12.191
1536.8016,11.029
1536.954,11.492
1537.1064,13.322
1537.2588,11.717
1537.4112,12.445
1537.5636,13.715
1537.716,12.421
1537.8684,13.418
1538.0208,12.051
1538.1732,10.62
1538.3256,9.034
1538.478,13.538
1538.6304,11.198
1538.7828,11.333
1538.9352,9.527
1539.0876,13.031
1539.24,12.296
1539.3924,11.367
1539.5448,11.82
1539.6972,13.635
1539.8496,13.812
1540.002,14.858
1540.1544,12.975
1540.3068,12.253
1540.4592,13.721
1540.6116,10.399
1540.764,11.82
1540.9164,13.604
1541.0688,12.585
1541.2212,13.31
1541.3736,14.204
1541.526,12.746
1541.6784,10.998
1541.8308,11.436
1541.9832,14.026
1542.1356,12.141
1542.288,13.157
1542.4404,14.403
1542.5928,12.766
1542.7452,12.428
1542.8976,10.989
1543.05,14.589
1543.2024,12.728
1543.3548,9.239
1543.5072,11.331
1543.6596,9.413
1543.812,10.787
1543.9644,9.59
1544.1168,11.842
1544.2692,11.935
1544.4216,10.183
1544.574,11.424
1544.7264,11.979
1544.8788,11.652
1545.0312,9.864
1545.1836,13.738
1545.336,15.844
1545.4884,12.332
1545.6408,13.925
1545.7932,10.508
1545.9456,11.781
1546.098,9.081
1546.2504,7.682
1546.4028,9.519
1546.5552,10.385
1546.7076,10.358
1546.86,12.635
1547.0124,12.547
1547.1648,12.988
1547.3172,13.057
1547.4696,11.507
1547.622,13.291
1547.7744,13.249
1547.9268,11.447
1548.0792,11.351
1548.2316,11.823
1548.384,12.789
1548.5364,13.094
1548.6888,13.06
1548.8412,13.564
1548.9936,15.149
1549.146,15.249
1549.2984,15.124
1549.4508,13.351
1549.6032,11.059
1549.7556,14.865
1549.908,12.516
1550.0604,13.875
1550.2128,12.27
1550.3652,12.833
1550.5176,10.772
1550.67,12.142
1550.8224,10.086
1550.9748,10.199
1551.1272,11.504
1551.2796,10.744
1551.432,11.962
1551.5844,13.423
1551.7368,13.304
1551.8892,14.093
1552.0416,14.466
1552.194,15.247
1552.3464,11.613
1552.4988,11.097
1552.6512,9.936
1552.8036,11.275
1552.956,8.926
1553.1084,14.885
1553.2608,9.143
1553.4132,8.685
1553.5656,9.46
1553.718,9.065
1553.8704,10.487
1554.0228,11.798
1554.1752,9.611
1554.3276,7.33
1554.48,7.509
1554.6324,11.403
1554.7848,11.214
1554.9372,13.053
1555.0896,10.837
1555.242,12.719
1555.3944,13.756
1555.5468,12.359
1555.6992,12.173
1555.8516,13.184
1556.004,11.77
1556.1564,14.279
1556.3088,12.255
1556.4612,11.942
1556.6136,12.565
1556.766,12.468
1556.9184,13.436
1557.0708,12.626
1557.2232,10.583
1557.3756,12.671
1557.528,10.746
1557.6804,10.928
1557.8328,12.809
1557.9852,6.994
1558.1376,10.734
1558.29,9.367
1558.4424,13.206
1558.5948,13.322
1558.7472,11.751
1558.8996,11.592
1559.052,13.633
1559.2044,11.488
1559.3568,9.906
1559.5092,11.741
1559.6616,10.793
1559.814,9.63
1559.9664,8.607
1560.1188,9.35
1560.2712,9.588
1560.4236,10.28
1560.576,9.896
1560.7284,8.363
1560.8808,10.403
1561.0332,11.428
1561.1856,9.179
1561.338,9.625
1561.4904,8.093
1561.6428,6.002
1561.7952,8.527
1561.9476,9.92
1562.1,9.282
1562.2524,8.44
1562.4048,8.475
1562.5572,8.719
1562.7096,6.976
1562.862,8.478
1563.0144,8.697
1563.1668,7.769
1563.3192,8.737
1563.4716,8.001
1563.624,8.703
1563.7764,9.657
1563.9288,10.147
1564.0812,12.396
1564.2336,10.945
1564.386,11.972
1564.5384,10.518
1564.6908,10.42
1564.8432,10.638
1564.9956,11.52
1565.148,10.8
1565.3004,11.116
1565.4528,9.975
1565.6052,11.395
1565.7576,12.075
1565.91,7.805
1566.0624,7.727
1566.2148,9.967
1566.3672,11.629
1566.5196,10.42
1566.672,9.017
1566.8244,11.224
1566.9768,12.153
1567.1292,10.827
1567.2816,12.33
1567.434,11.584
1567.5864,10.962
1567.7388,10.979
1567.8912,9.554
1568.0436,7.994
1568.196,9.73
1568.3484,11.482
1568.5008,9.934
1568.6532,11.281
1568.8056,11.445
1568.958,12.247
1569.1104,10
1569.2628,10.169
1569.4152,11.363
1569.5676,11.841
1569.72,11.258
1569.8724,9.155
1570.0248,10.918
1570.1772,12.717
1570.3296,13.75
1570.482,12.71
1570.6344,10.275
1570.7868,7.785
1570.9392,8.754
1571.0916,7.119
1571.244,10.218
1571.3964,11.525
1571.5488,6.518
1571.7012,9.708
1571.8536,11.344
1572.006,10.22
1572.1584,8.175
1572.3108,13.817
1572.4632,15.601
1572.6156,11.353
1572.768,12.496
1572.9204,12.831
1573.0728,12.453
1573.2252,10.139
1573.3776,9.479
1573.53,12.653
1573.6824,11.789
1573.8348,11.072
1573.9872,11.534
1574.1396,9.472
1574.292,14.338
1574.4444,14.561
1574.5968,10.247
1574.7492,11.083
1574.9016,10.675
1575.054,10.777
1575.2064,10.345
1575.3588,8.097
1575.5112,10.294
1575.6636,8.478
1575.816,8.697
1575.9684,9.628
1576.1208,9.953
1576.2732,11.439
1576.4256,12.298
1576.578,12.163
1576.7304,10.261
1576.8828,9.214
1577.0352,7.33
1577.1876,12.466
1577.34,12.126
1577.4924,8.626
1577.6448,10.641
1577.7972,10.64
1577.9496,10.916
1578.102,10.9
1578.2544,10.439
1578.4068,7.141
1578.5592,9.058
1578.7116,10.506
1578.864,9.248
1579.0164,10.132
1579.1688,11.651
1579.3212,9.867
1579.4736,12.076
1579.626,12.764
1579.7784,11.415
1579.9308,10.5
1580.0832,11.905
1580.2356,13.209
1580.388,11.791
1580.5404,11.87
1580.6928,15.332
1580.8452,22.791
1580.9976,23.609
1581.15,24.174
1581.3024,19.547
1581.4548,20.712
1581.6072,13.248
1581.7596,12.866
1581.912,12.791
1582.0644,13.102
1582.2168,12.81
1582.3692,14.186
1582.5216,12.704
1582.674,12.781
1582.8264,14.762
1582.9788,15.099
1583.1312,12.675
1583.2836,14.479
1583.436,10.711
1583.5884,15.351
1583.7408,14.008
1583.8932,14.728
1584.0456,16.629
1584.198,16.02
1584.3504,15.324
1584.5028,11.857
1584.6552,13.041
1584.8076,14.253
1584.96,12.806
1585.1124,11.502
1585.2648,13.151
1585.4172,13.722
1585.5696,13.58
1585.722,13.789
1585.8744,11.462
1586.0268,11.305
1586.1792,11.506
1586.3316,12.27
1586.484,12.71
1586.6364,13.692
1586.7888,11.156
1586.9412,11.167
1587.0936,12.851
1587.246,10.71
1587.3984,9.299
1587.5508,13.088
1587.7032,10.82
1587.8556,9.614
1588.008,11.593
1588.1604,11.019
1588.3128,10.351
1588.4652,7.892
1588.6176,7.937
1588.77,12.693
1588.9224,10.711
1589.0748,9.969
1589.2272,12.381
1589.3796,13.269
1589.532,10.508
1589.6844,10.372
1589.8368,11.919
1589.9892,10.791
1590.1416,11.22
1590.294,11.275
1590.4464,10.729
1590.5988,10.964
1590.7512,9.614
1590.9036,8.563
1591.056,7.087
1591.2084,10.046
1591.3608,9.966
1591.5132,9.093
1591.6656,8.627
1591.818,9.561
1591.9704,7.218
1592.1228,7.217
1592.2752,9.489
1592.4276,10.216
1592.58,10.655
1592.7324,9.218
1592.8848,11.267
1593.0372,10.009
1593.1896,9.236
1593.342,10.186
1593.4944,11.415
1593.6468,10.431
1593.7992,11.01
1593.9516,12.18
1594.104,10.449
1594.2564,13.404
1594.4088,13.167
1594.5612,12.34
1594.7136,8.817
1594.866,10.171
1595.0184,11.233
1595.1708,11.223
1595.3232,11.182
1595.4756,9.573
1595.628,11.829
1595.7804,8.272
1595.9328,8.724
1596.0852,7.55
1596.2376,7.508
1596.39,7.294
1596.5424,10.056
1596.6948,8.218
1596.8472,6.532
1596.9996,9.736
1597.152,9.888
1597.3044,12.147
1597.4568,7.742
1597.6092,7.33
1597.7616,12.219
1597.914,11.873
1598.0664,10.519
1598.2188,8.677
1598.3712,8.661
1598.5236,6.748
1598.676,11.608
1598.8284,8.991
1598.9808,11.352
1599.1332,10.222
1599.2856,8.386
1599.438,8.234
1599.5904,9.706
1599.7428,14.083
1599.8952,10.276
1600.0476,8.47
1600.2,8.66
1600.3524,9.302
1600.5048,9.344
1600.6572,9.701
1600.8096,8.961
1600.962,9.992
1601.1144,10.692
1601.2668,12.106
1601.4192,10.786
1601.5716,9.556
1601.724,12.862
1601.8764,12.103
1602.0288,12.277
1602.1812,10.742
1602.3336,9.602
1602.486,8.866
1602.6384,8.494
1602.7908,13.261
1602.9432,9.305
1603.0956,8.632
1603.248,9.313
1603.4004,9.461
1603.5528,8.254
1603.7052,6.652
1603.8576,9.43
1604.01,11.27
1604.1624,9.213
1604.3148,9.116
1604.4672,9.529
1604.6196,9.454
1604.772,9.832
1604.9244,9.091
1605.0768,10.613
1605.2292,11.918
1605.3816,10.189
1605.534,12.508
1605.6864,12.259
1605.8388,12.028
1605.9912,10.553
1606.1436,10.524
1606.296,12.027
1606.4484,11.281
1606.6008,12.496
1606.7532,12.132
1606.9056,8.931
1607.058,7.649
1607.2104,12.591
1607.3628,11.773
1607.5152,10.428
1607.6676,12.733
1607.82,12.349
1607.9724,12.247
1608.1248,10.561
1608.2772,11.125
1608.4296,10.901
1608.582,9.341
1608.7344,9.754
1608.8868,10.513
1609.0392,9.496
1609.1916,11.473
1609.344,10.554
1609.4964,11.126
1609.6488,12.696
1609.8012,12.949
1609.9536,12.877
1610.106,11.45
1610.2584,9.946
1610.4108,11.031
1610.5632,13.15
1610.7156,13.453
1610.868,12.016
1611.0204,12.607
1611.1728,11.228
1611.3252,12.164
1611.4776,12.425
1611.63,11.223
1611.7824,9.737
1611.9348,11.072
1612.0872,11.564
1612.2396,11.874
1612.392,11.369
1612.5444,10.168
1612.6968,11.151
1612.8492,10.9
1613.0016,10.105
1613.154,11.009
1613.3064,12.205
1613.4588,11.174
1613.6112,11.201
1613.7636,14.418
1613.916,9.881
1614.0684,10.637
1614.2208,9.838
1614.3732,9.991
1614.5256,11.172
1614.678,9.527
1614.8304,13.141
1614.9828,13.836
1615.1352,13.72
1615.2876,10.454
1615.44,12.76
1615.5924,10.811
1615.7448,8.913
1615.8972,8.62
1616.0496,10.467
1616.202,10.109
1616.3544,11.044
1616.5068,8.507
1616.6592,6.923
1616.8116,11.461
1616.964,10.607
1617.1164,12.346
1617.2688,13.162
1617.4212,11.802
1617.5736,10.352
1617.726,11.538
1617.8784,11.631
1618.0308,11.264
1618.1832,9.904
1618.3356,6.42
1618.488,10.888
1618.6404,9.245
1618.7928,7.975
1618.9452,9.813
1619.0976,8.123
1619.25,14.845
1619.4024,10.157
1619.5548,11.58
1619.7072,9.908
1619.8596,10.363
1620.012,9.564
1620.1644,9.297
1620.3168,8.557
1620.4692,11.578
1620.6216,10.338
1620.774,10.095
1620.9264,7.703
1621.0788,8.312
1621.2312,10.243
1621.3836,10.825
1621.536,15.806
1621.6884,14.151
1621.8408,12.584
1621.9932,11.787
1622.1456,12.735
1622.298,11.044
1622.4504,10.65
1622.6028,8.306
1622.7552,10.107
1622.9076,10.055
1623.06,8.439
1623.2124,9.51
1623.3648,9.44
1623.5172,9.731
1623.6696,10.408
1623.822,10.014
1623.9744,9.835
1624.1268,11.998
1624.2792,12.649
1624.4316,13.515
1624.584,16.266
1624.7364,21.747
1624.8888,15.788
1625.0412,15.916
1625.1936,17.175
1625.346,14.819
1625.4984,12.409
1625.6508,14.199
1625.8032,13.365
1625.9556,14.696
1626.108,10.85
1626.2604,11.712
1626.4128,12.313
1626.5652,12.999
1626.7176,9.29
1626.87,11.507
1627.0224,13.263
1627.1748,11.792
1627.3272,11.843
1627.4796,12.914
1627.632,12.255
1627.7844,16.863
1627.9368,12.57
1628.0892,9.85
1628.2416,13.011
1628.394,12.598
1628.5464,8.922
1628.6988,10.247
1628.8512,14.788
1629.0036,16.127
1629.156,11.633
1629.3084,12.936
1629.4608,12.327
1629.6132,11.428
1629.7656,11.311
1629.918,10.832
1630.0704,11.717
1630.2228,11.456
1630.3752,12.075
1630.5276,11.271
1630.68,15.256
1630.8324,15.61
1630.9848,14.8
1631.1372,11.43
1631.2896,12.04
1631.442,12.037
1631.5944,11.18
1631.7468,11.222
1631.8992,9.03
1632.0516,10.183
1632.204,10.761
1632.3564,12.909
1632.5088,14.565
1632.6612,14.574
1632.8136,12.833
1632.966,14.319
1633.1184,12.575
1633.2708,13.331
1633.4232,12.374
1633.5756,11.6
1633.728,13.728
1633.8804,13.78
1634.0328,14.746
1634.1852,11.181
1634.3376,10.953
1634.49,12.725
1634.6424,12.985
1634.7948,14.698
1634.9472,15.574
1635.0996,15.857
1635.252,17.84
1635.4044,13.459
1635.5568,18.723
1635.7092,16.97
1635.8616,17.66
1636.014,17.583
1636.1664,14.911
1636.3188,14.929
1636.4712,16.718
1636.6236,18.313
1636.776,15.971
1636.9284,18.832
1637.0808,15.883
1637.2332,16.899
1637.3856,14.788
1637.538,15.924
1637.6904,16.324
1637.8428,18.45
1637.9952,17.289
1638.1476,17.099
1638.3,16.846
1638.4524,16.942
1638.6048,15.048
1638.7572,17.319
1638.9096,15.517
1639.062,13.36
1639.2144,16.563
1639.3668,14.296
1639.5192,15.573
1639.6716,16.453
1639.824,14.856
1639.9764,14.196
1640.1288,17.604
1640.2812,17.28
1640.4336,18.514
1640.586,19.998
1640.7384,19.335
1640.8908,20.122
1641.0432,16.132
1641.1956,17.18
1641.348,14.845
1641.5004,13.583
1641.6528,15.395
1641.8052,19.053
1641.9576,17.349
1642.11,15.11
1642.2624,17.365
1642.4148,22.152
1642.5672,21.605
1642.7196,17.691
1642.872,23.466
1643.0244,16.976
1643.1768,15.384
1643.3292,15.379
1643.4816,14.806
1643.634,16.799
1643.7864,14.981
1643.9388,17.295
1644.0912,17.593
1644.2436,16.795
1644.396,17.778
1644.5484,18.665
1644.7008,16.621
1644.8532,16.918
1645.0056,15.43
1645.158,13.689
1645.3104,13.849
1645.4628,14.753
1645.6152,15.065
1645.7676,13.114
1645.92,14.338
1646.0724,16.755
1646.2248,14.198
1646.3772,12.125
1646.5296,10.869
1646.682,11.866
1646.8344,12.058
1646.9868,11.966
1647.1392,14.266
1647.2916,14.781
1647.444,12.216
1647.5964,14.429
1647.7488,14.411
1647.9012,13.523
1648.0536,13.074
1648.206,15.105
1648.3584,14.362
1648.5108,12.618
1648.6632,10.561
1648.8156,9.5
1648.968,12.338
1649.1204,13.993
1649.2728,12.711
1649.4252,12.068
1649.5776,12.07
1649.73,13.832
1649.8824,13
1650.0348,14.092
1650.1872,13.705
1650.3396,12.583
1650.492,14.127
1650.6444,15.135
1650.7968,12.348
1650.9492,13.964
1651.1016,13.068
1651.254,12.016
1651.4064,13.565
1651.5588,13.736
1651.7112,15.185
1651.8636,15.409
1652.016,16.084
1652.1684,17.634
1652.3208,13.151
1652.4732,17.1
1652.6256,12.762
1652.778,12.995
1652.9304,14.927
1653.0828,12.147
1653.2352,10.703
1653.3876,12.671
1653.54,12.081
1653.6924,15.225
1653.8448,11.406
1653.9972,11.867
1654.1496,13.805
1654.302,16.368
1654.4544,15.88
1654.6068,16.328
1654.7592,18.786
1654.9116,14.57
1655.064,14.409
1655.2164,13.911
1655.3688,16.298
1655.5212,16.823
1655.6736,16.794
1655.826,17.31
1655.9784,18.316
1656.1308,21.07
1656.2832,20.48
1656.4356,18.622
1656.588,17.803
1656.7404,15.801
1656.8928,25.07
1657.0452,29.9
1657.1976,31.871
1657.35,30.518
1657.5024,28.753
1657.6548,23.23
1657.8072,25.194
1657.9596,24.043
1658.112,25.579
1658.2644,30.413
1658.4168,33.146
1658.5692,31.337
1658.7216,30.349
1658.874,25.568
1659.0264,28.731
1659.1788,27.138
1659.3312,32.328
1659.4836,30.683
1659.636,30.148
1659.7884,32.551
1659.9408,30.639
1660.0932,30.443
1660.2456,28.829
1660.398,28.766
1660.5504,29.062
1660.7028,28.002
1660.8552,30.683
1661.0076,31.84
1661.16,32.11
1661.3124,30.481
1661.4648,34.814
1661.6172,34.365
1661.7696,33.007
1661.922,34.906
1662.0744,33.688
1662.2268,35.681
1662.3792,32.89
1662.5316,30.678
1662.684,28.002
1662.8364,28.508
1662.9888,27.432
1663.1412,25.471
1663.2936,25.063
1663.446,26.085
1663.5984,26.594
1663.7508,25.358
1663.9032,25.65
1664.0556,23.085
1664.208,23.129
1664.3604,24.202
1664.5128,22.809
1664.6652,23.522
1664.8176,23.102
1664.97,22.417
1665.1224,21.909
1665.2748,17.011
1665.4272,16.62
1665.5796,18.836
1665.732,17.396
1665.8844,18.346
1666.0368,18.037
1666.1892,16.747
1666.3416,16.048
1666.494,13.984
1666.6464,15.361
1666.7988,14.638
1666.9512,17.027
1667.1036,14.656
1667.256,18.152
1667.4084,15.977
1667.5608,19.554
1667.7132,16.89
1667.8656,17.08
1668.018,15.474
1668.1704,16.546
1668.3228,17.37
1668.4752,18.697
1668.6276,18.07
1668.78,16.747
1668.9324,15.856
1669.0848,15.66
1669.2372,16.293
1669.3896,15.799
1669.542,13.772
1669.6944,15.06
1669.8468,16.972
1669.9992,19.397
1670.1516,24.756
1670.304,17.228
1670.4564,15.82
1670.6088,19.915
1670.7612,17.985
1670.9136,17.231
1671.066,15.848
1671.2184,18.537
1671.3708,18.136
1671.5232,17.569
1671.6756,17.748
1671.828,18.447
1671.9804,18.376
1672.1328,17.88
1672.2852,12.99
1672.4376,18.616
1672.59,17.302
1672.7424,19.581
1672.8948,15.366
1673.0472,18.752
1673.1996,17.725
1673.352,18.928
1673.5044,20.435
1673.6568,19.5
1673.8092,17.904
1673.9616,20.317
1674.114,21.726
1674.2664,19.39
1674.4188,19.52
1674.5712,18.379
1674.7236,19.521
1674.876,20.667
1675.0284,20.178
1675.1808,17.428
1675.3332,17.917
1675.4856,14.867
1675.638,18.741
1675.7904,14.431
1675.9428,16.458
1676.0952,11.856
1676.2476,10.553
1676.4,15.765
1676.5524,14.085
1676.7048,15.008
1676.8572,15.33
1677.0096,13.306
1677.162,14.989
1677.3144,16.806
1677.4668,16.778
1677.6192,17.933
1677.7716,13.656
1677.924,16.958
1678.0764,17.892
1678.2288,14.902
1678.3812,15.922
1678.5336,15.759
1678.686,15.938
1678.8384,13.284
1678.9908,21.502
1679.1432,18.885
1679.2956,12.717
1679.448,13.028
1679.6004,11.037
1679.7528,12.264
1679.9052,14.523
1680.0576,16.195
1680.21,17.373
1680.3624,17.957
1680.5148,16.491
1680.6672,17.624
1680.8196,15.863
1680.972,13.779
1681.1244,15.355
1681.2768,14.481
1681.4292,11.825
1681.5816,11.936
1681.734,15.777
1681.8864,15.265
1682.0388,15.601
1682.1912,13.693
1682.3436,12.578
1682.496,14.189
1682.6484,17.992
1682.8008,16.888
1682.9532,19.569
1683.1056,16.983
1683.258,17.08
1683.4104,15.841
1683.5628,14.314
1683.7152,13.87
1683.8676,12.772
1684.02,14.725
1684.1724,11.9
1684.3248,18.345
1684.4772,17.535
1684.6296,16.986
1684.782,15.948
1684.9344,11.847
1685.0868,13.998
1685.2392,18.019
1685.3916,13.899
1685.544,12.861
1685.6964,12.772
1685.8488,11.43
1686.0012,16.147
1686.1536,13.282
1686.306,15.02
1686.4584,18.72
1686.6108,19.188
1686.7632,15.222
1686.9156,16.013
1687.068,15.979
1687.2204,18.86
1687.3728,19.016
1687.5252,18.436
1687.6776,19.11
1687.83,19.203
1687.9824,17.376
1688.1348,15.779
1688.2872,16.072
1688.4396,15.667
1688.592,16.398
1688.7444,12.813
1688.8968,14.141
1689.0492,15.132
1689.2016,15.878
1689.354,15.033
1689.5064,17.093
1689.6588,15.732
1689.8112,17.104
1689.9636,17.001
1690.116,17.989
1690.2684,16.035
1690.4208,15.462
1690.5732,18.924
1690.7256,17.493
1690.878,17.653
1691.0304,17.349
1691.1828,19.091
1691.3352,17.19
1691.4876,18.448
1691.64,19.419
1691.7924,18.457
1691.9448,19.051
1692.0972,17.392
1692.2496,16.27
1692.402,16.254
1692.5544,16.937
1692.7068,12.512
1692.8592,19.605
1693.0116,19.728
1693.164,16.645
1693.3164,15.695
1693.4688,13.808
1693.6212,19.107
1693.7736,18.18
1693.926,17.095
1694.0784,19.608
1694.2308,16.714
1694.3832,14.544
1694.5356,21.051
1694.688,13.966
1694.8404,16.714
1694.9928,15.266
1695.1452,19.24
1695.2976,17.406
1695.45,16.426
1695.6024,18.709
1695.7548,17.998
1695.9072,18.155
1696.0596,16.54
1696.212,15.389
1696.3644,15.949
1696.5168,11.747
1696.6692,13.294
1696.8216,18.412
1696.974,16.61
1697.1264,15.059
1697.2788,14.427
1697.4312,12.911
1697.5836,12.99
1697.736,12.269
1697.8884,17.071
1698.0408,13.454
1698.1932,14.066
1698.3456,15.237
1698.498,14.867
1698.6504,16.192
1698.8028,17.95
1698.9552,19.221
1699.1076,16.222
1699.26,14.483
1699.4124,14.479
1699.5648,15.754
1699.7172,10.658
1699.8696,19.653
1700.022,17.126
1700.1744,14.972
1700.3268,15.895
1700.4792,14.892
1700.6316,15.644
1700.784,18.402
1700.9364,18.474
1701.0888,19.142
1701.2412,19.338
1701.3936,18.853
1701.546,16.543
1701.6984,16.626
1701.8508,16.687
1702.0032,14.829
1702.1556,16.937
1702.308,17.718
1702.4604,17.875
1702.6128,17.78
1702.7652,20.57
1702.9176,19.995
1703.07,21.877
1703.2224,17.994
1703.3748,22.152
1703.5272,22.729
1703.6796,23.689
1703.832,20.609
1703.9844,19.739
1704.1368,18.486
1704.2892,20.332
1704.4416,18.872
1704.594,18.467
1704.7464,17.341
1704.8988,16.969
1705.0512,15.469
1705.2036,16.82
1705.356,17.298
1705.5084,19.675
1705.6608,19.255
1705.8132,21.585
1705.9656,21.062
1706.118,22.143
1706.2704,21.703
1706.4228,21.994
1706.5752,21.976
1706.7276,17.902
1706.88,15.857
1707.0324,13.386
1707.1848,13.144
1707.3372,15.288
1707.4896,15.066
1707.642,15.567
1707.7944,13.974
1707.9468,19.476
1708.0992,21.563
1708.2516,21.811
1708.404,19.942
1708.5564,19.975
1708.7088,21.376
1708.8612,17.242
1709.0136,20.077
1709.166,19.763
1709.3184,18.888
1709.4708,17.456
1709.6232,15.871
1709.7756,16.149
1709.928,15.21
1710.0804,16.084
1710.2328,16.96
1710.3852,18.439
1710.5376,20.847
1710.69,19.33
1710.8424,16.945
1710.9948,19.228
1711.1472,18.892
1711.2996,15.953
1711.452,16.454
1711.6044,16.112
1711.7568,17.773
1711.9092,18.632
1712.0616,21.103
1712.214,23.001
1712.3664,22.561
1712.5188,21.942
1712.6712,24.336
1712.8236,21.478
1712.976,19.934
1713.1284,19.966
1713.2808,18.613
1713.4332,16.813
1713.5856,14.322
1713.738,18.313
1713.8904,19.122
1714.0428,18.921
1714.1952,19.358
1714.3476,17.051
1714.5,17.257
1714.6524,21.49
1714.8048,17.712
1714.9572,15.782
1715.1096,16.726
1715.262,19.233
1715.4144,19.605
1715.5668,20.842
1715.7192,19.158
1715.8716,21.164
1716.024,20.191
1716.1764,20.781
1716.3288,20.385
1716.4812,21.335
1716.6336,19.158
1716.786,21.766
1716.9384,24.869
1717.0908,27.847
1717.2432,26.465
1717.3956,29.437
1717.548,27.289
1717.7004,28.397
1717.8528,29.046
1718.0052,27.155
1718.1576,22.749
1718.31,24.602
1718.4624,31.102
1718.6148,31.911
1718.7672,32.737
1718.9196,31.379
1719.072,30.385
1719.2244,31.134
1719.3768,32.088
1719.5292,41.445
1719.6816,47.633
1719.834,46.874
1719.9864,47.578
1720.1388,45.795
1720.2912,48.56
1720.4436,48.156
1720.596,48.417
1720.7484,43.635
1720.9008,43.116
1721.0532,42.736
1721.2056,37.306
1721.358,38.006
1721.5104,39.292
1721.6628,38.302
1721.8152,37.29
1721.9676,36.962
1722.12,35.653
1722.2724,34.646
1722.4248,31.16
1722.5772,29.117
1722.7296,27.219
1722.882,29.069
1723.0344,32.053
1723.1868,34.318
1723.3392,33.885
1723.4916,34.294
1723.644,36.713
1723.7964,33.585
1723.9488,31.18
1724.1012,28.476
1724.2536,34.032
1724.406,33.169
1724.5584,32.562
1724.7108,30.119
1724.8632,27.156
1725.0156,26.61
1725.168,27.866
1725.3204,28.122
1725.4728,28.728
1725.6252,25.894
1725.7776,30.987
1725.93,30.517
1726.0824,27.199
1726.2348,25.784
1726.3872,21.217
1726.5396,19.634
1726.692,23.675
1726.8444,22.587
1726.9968,23.442
1727.1492,24.9
1727.3016,24.865
1727.454,24.773
1727.6064,26.445
1727.7588,25.299
1727.9112,21.162
1728.0636,25.606
1728.216,24.294
1728.3684,25.149
1728.5208,28.027
1728.6732,24.812
1728.8256,23.906
1728.978,25.826
1729.1304,24.78
1729.2828,23.19
1729.4352,20.464
1729.5876,18.3
1729.74,29.817
1729.8924,22.524
1730.0448,21.763
1730.1972,25.924
1730.3496,26.176
1730.502,26.383
1730.6544,24.162
1730.8068,25.319
1730.9592,27.611
1731.1116,26.115
1731.264,24.177
1731.4164,23.331
1731.5688,27.862
1731.7212,27.336
1731.8736,26.072
1732.026,25.615
1732.1784,28.606
1732.3308,28.096
1732.4832,27.423
1732.6356,30.601
1732.788,36.002
1732.9404,21.266
1733.0928,19.83
1733.2452,21.456
1733.3976,20.473
1733.55,19.569
1733.7024,19.062
1733.8548,19.721
1734.0072,23.964
1734.1596,25.576
1734.312,25.597
1734.4644,24.119
1734.6168,25.677
1734.7692,24.348
1734.9216,24.7
1735.074,25.602
1735.2264,24.322
1735.3788,24.215
1735.5312,23.378
1735.6836,23.018
1735.836,22.032
1735.9884,20.792
1736.1408,19.902
1736.2932,22.229
1736.4456,23.44
1736.598,22.846
1736.7504,22.144
1736.9028,20.817
1737.0552,18.226
1737.2076,17.581
1737.36,19.272
1737.5124,18.079
1737.6648,22.564
1737.8172,21.893
1737.9696,20.066
1738.122,19.297
1738.2744,16.46
1738.4268,18.839
1738.5792,16.357
1738.7316,18.629
1738.884,19.512
1739.0364,17.002
1739.1888,17.477
1739.3412,15.536
1739.4936,16.434
1739.646,17.516
1739.7984,15.202
1739.9508,16.094
1740.1032,18.346
1740.2556,16.477
1740.408,18.469
1740.5604,14.277
1740.7128,17.522
1740.8652,19.21
1741.0176,16.576
1741.17,17.286
1741.3224,15.99
1741.4748,19.775
1741.6272,16.883
1741.7796,17.757
1741.932,23.583
1742.0844,22.257
1742.2368,20.08
1742.3892,19.653
1742.5416,17.242
1742.694,16.944
1742.8464,20.74
1742.9988,20.113
1743.1512,20.513
1743.3036,22.468
1743.456,18.323
1743.6084,18.254
1743.7608,17.688
1743.9132,18.225
1744.0656,19.422
1744.218,20.717
1744.3704,23.611
1744.5228,21.997
1744.6752,19.512
1744.8276,16.87
1744.98,15.382
1745.1324,15.969
1745.2848,14.181
1745.4372,17.43
1745.5896,13.12
1745.742,14.559
1745.8944,15.942
1746.0468,18.039
1746.1992,18.205
1746.3516,18.635
1746.504,19.249
1746.6564,19.699
1746.8088,23.682
1746.9612,22.978
1747.1136,16.376
1747.266,20.456
1747.4184,19.013
1747.5708,21.947
1747.7232,18.902
1747.8756,21.632
1748.028,21.676
1748.1804,20.849
1748.3328,17.876
1748.4852,16.668
1748.6376,14.667
1748.79,18.619
1748.9424,18.254
1749.0948,16.249
1749.2472,18.295
1749.3996,18.487
1749.552,18.342
1749.7044,19.771
1749.8568,19.044
1750.0092,20.213
1750.1616,19.238
1750.314,17.557
1750.4664,18.558
1750.6188,17.483
1750.7712,19.515
1750.9236,19.775
1751.076,18.451
1751.2284,20.152
1751.3808,17.415
1751.5332,22.994
1751.6856,25.192
1751.838,18.791
1751.9904,19.385
1752.1428,18.412
1752.2952,17.687
1752.4476,18.991
1752.6,17.284
1752.7524,15.334
1752.9048,21.24
1753.0572,21.162
1753.2096,19.951
1753.362,17.025
1753.5144,22.67
1753.6668,20.763
1753.8192,18.113
1753.9716,17.414
1754.124,16.905
1754.2764,16.496
1754.4288,19.195
1754.5812,17.358
1754.7336,17.198
1754.886,17.527
1755.0384,19.227
1755.1908,14.727
1755.3432,14.561
1755.4956,18.286
1755.648,19.053
1755.8004,18.01
1755.9528,17.615
1756.1052,14.952
1756.2576,14.485
1756.41,14.993
1756.5624,13.44
1756.7148,13.436
1756.8672,15.809
1757.0196,16.102
1757.172,14.562
1757.3244,14.527
1757.4768,13.843
1757.6292,17.043
1757.7816,15.247
1757.934,13.658
1758.0864,13.851
1758.2388,13.41
1758.3912,15.438
1758.5436,18.303
1758.696,16.942
1758.8484,18.661
1759.0008,14.992
1759.1532,13.542
1759.3056,14.555
1759.458,15.977
1759.6104,16.587
1759.7628,16.014
1759.9152,16.057
1760.0676,17.601
1760.22,14.954
1760.3724,16.799
1760.5248,11.557
1760.6772,17.812
1760.8296,18.094
1760.982,15.798
1761.1344,18.162
1761.2868,17.03
1761.4392,18.263
1761.5916,21.825
1761.744,16.933
1761.8964,12.206
1762.0488,15.766
1762.2012,17.078
1762.3536,18.959
1762.506,17.714
1762.6584,23.326
1762.8108,19.095
1762.9632,19.161
1763.1156,19.278
1763.268,17.673
1763.4204,19.652
1763.5728,17.729
1763.7252,20.529
1763.8776,20.571
1764.03,20.734
1764.1824,19.687
1764.3348,21.064
1764.4872,23.634
1764.6396,21.303
1764.792,21.741
1764.9444,19.952
1765.0968,17.584
1765.2492,18.097
1765.4016,17.846
1765.554,19.55
1765.7064,18.402
1765.8588,15.689
1766.0112,15.044
1766.1636,14.228
1766.316,13.44
1766.4684,14.342
1766.6208,12.139
1766.7732,11.67
1766.9256,15.689
1767.078,16.941
1767.2304,17.246
1767.3828,15.888
1767.5352,15.759
1767.6876,16.688
1767.84,14.761
1767.9924,12.741
1768.1448,11.609
1768.2972,12.772
1768.4496,14.086
1768.602,14.687
1768.7544,14.995
1768.9068,14.722
1769.0592,11.178
1769.2116,14.202
1769.364,14.006
1769.5164,13.344
1769.6688,13.827
1769.8212,12.788
1769.9736,16.587
1770.126,15.581
1770.2784,14.117
1770.4308,13.069
1770.5832,12.863
1770.7356,13.765
1770.888,13.151
1771.0404,13.881
1771.1928,13.133
1771.3452,17.113
1771.4976,18.539
1771.65,14.421
1771.8024,14.118
1771.9548,13.685
1772.1072,13.592
1772.2596,13.3
1772.412,12.263
1772.5644,12.932
1772.7168,11.669
1772.8692,13.066
1773.0216,12.82
1773.174,14.193
1773.3264,14.712
1773.4788,14.406
1773.6312,16.361
1773.7836,12.936
1773.936,11.666
1774.0884,10.588
1774.2408,13.652
1774.3932,13.476
1774.5456,12.235
1774.698,11.996
1774.8504,11.114
1775.0028,16.426
1775.1552,18.718
1775.3076,17.927
1775.46,15.824
1775.6124,16.153
1775.7648,14.28
1775.9172,14.964
1776.0696,18.478
1776.222,16.89
1776.3744,17.669
1776.5268,19.009
1776.6792,17.254
1776.8316,17.589
1776.984,16.902
1777.1364,15.782
1777.2888,11.149
1777.4412,20.842
1777.5936,21.523
1777.746,20.041
1777.8984,16.987
1778.0508,14.244
1778.2032,14.335
1778.3556,18.414
1778.508,17.755
1778.6604,16.15
1778.8128,24.031
1778.9652,23.944
1779.1176,22.435
1779.27,21.047
1779.4224,21.222
1779.5748,17.202
1779.7272,16.866
1779.8796,17.551
1780.032,19.254
1780.1844,16.24
1780.3368,15.668
1780.4892,16.441
1780.6416,18.471
1780.794,20.342
1780.9464,20.64
1781.0988,22.863
1781.2512,21.856
1781.4036,23.484
1781.556,21.64
1781.7084,19.134
1781.8608,20.575
1782.0132,19.359
1782.1656,18.933
1782.318,18.718
1782.4704,18.631
1782.6228,18.368
1782.7752,16.635
1782.9276,12.525
1783.08,13.257
1783.2324,18.975
1783.3848,17.79
1783.5372,16.922
1783.6896,16
1783.842,13.824
1783.9944,13.381
1784.1468,10.91
1784.2992,12.813
1784.4516,11.3
1784.604,13.368
1784.7564,13.287
1784.9088,11.708
1785.0612,12.491
1785.2136,13.106
1785.366,17.453
1785.5184,16.618
1785.6708,18.073
1785.8232,16.714
1785.9756,14.697
1786.128,9.747
1786.2804,15.688
1786.4328,13.966
1786.5852,14.558
1786.7376,14.549
1786.89,13.716
1787.0424,10.2
1787.1948,10.532
1787.3472,15.441
1787.4996,11.61
1787.652,11.185
1787.8044,13.001
1787.9568,16.648
1788.1092,10.493
1788.2616,16.049
1788.414,12.487
1788.5664,12.944
1788.7188,15.523
1788.8712,17.27
1789.0236,13.433
1789.176,14.116
1789.3284,15.101
1789.4808,14.413
1789.6332,14.782
1789.7856,12.271
1789.938,9.987
1790.0904,15.272
1790.2428,15.009
1790.3952,14.745
1790.5476,13.31
1790.7,14.537
1790.8524,13.175
1791.0048,8.775
1791.1572,13.553
1791.3096,11.868
1791.462,12.178
1791.6144,11.095
1791.7668,11.628
1791.9192,12.131
1792.0716,11.584
1792.224,12.741
1792.3764,14.76
1792.5288,13.959
1792.6812,13.147
1792.8336,13.906
1792.986,13.004
1793.1384,15.092
1793.2908,10.837
1793.4432,15.924
1793.5956,15.259
1793.748,13.829
1793.9004,13.581
1794.0528,14.586
1794.2052,15.424
1794.3576,15.623
1794.51,17.774
1794.6624,17.509
1794.8148,17.867
1794.9672,15.213
1795.1196,14.805
1795.272,18.387
1795.4244,16.176
1795.5768,14.853
1795.7292,14.217
1795.8816,17.765
1796.034,19.285
1796.1864,17.658
1796.3388,15.04
1796.4912,18.41
1796.6436,17.687
1796.796,20.356
1796.9484,19.153
1797.1008,17.61
1797.2532,20.374
1797.4056,13.071
1797.558,16.892
1797.7104,15.46
1797.8628,17.909
1798.0152,17.92
1798.1676,15.762
1798.32,15.276
1798.4724,13.707
1798.6248,17.763
1798.7772,13.012
1798.9296,11.868
1799.082,19.225
1799.2344,20.16
1799.3868,21.862
1799.5392,20.1
1799.6916,18.569
1799.844,18.786
1799.9964,16.378
1800.1488,16.059
1800.3012,13.498
1800.4536,14.202
1800.606,13.936
1800.7584,15.163
1800.9108,15.86
1801.0632,17.531
1801.2156,18.386
1801.368,21.429
1801.5204,17.296
1801.6728,15.896
1801.8252,16.199
1801.9776,15.99
1802.13,16.017
1802.2824,14.23
1802.4348,13.309
1802.5872,15.271
1802.7396,17.095
1802.892,12.42
1803.0444,8.588
1803.1968,11.972
1803.3492,11.059
1803.5016,9.974
1803.654,13.085
1803.8064,10.825
1803.9588,7.569
1804.1112,13.84
1804.2636,14.936
1804.416,14.519
1804.5684,11.121
1804.7208,10.039
1804.8732,11.8
1805.0256,14.867
1805.178,18.972
1805.3304,20.429
1805.4828,20.322
1805.6352,17.935
1805.7876,10.209
1805.94,11.674
1806.0924,16.898
1806.2448,16.47
1806.3972,12.469
1806.5496,14.797
1806.702,9.532
1806.8544,9.672
1807.0068,9.254
1807.1592,11.481
1807.3116,9.944
1807.464,11.433
1807.6164,10.515
1807.7688,10.129
1807.9212,11.294
1808.0736,15.163
1808.226,9.909
1808.3784,10.308
1808.5308,9.333
1808.6832,14.56
1808.8356,12.701
1808.988,13.743
1809.1404,12.465
1809.2928,16.379
1809.4452,15.426
1809.5976,11.602
1809.75,11.116
1809.9024,10.834
1810.0548,13.344
1810.2072,12.983
1810.3596,11.137
1810.512,12.74
1810.6644,11.667
1810.8168,12.211
1810.9692,13.531
1811.1216,14.524
1811.274,13.22
1811.4264,10.769
1811.5788,11.134
1811.7312,10.937
1811.8836,11.878
1812.036,12.214
1812.1884,16.626
1812.3408,14.092
1812.4932,13.631
1812.6456,14.09
1812.798,12.488
1812.9504,16.34
1813.1028,15.943
1813.2552,15.323
1813.4076,15.105
1813.56,17.366
1813.7124,12.905
1813.8648,13.745
1814.0172,13.805
1814.1696,12.078
1814.322,11.554
1814.4744,11.837
1814.6268,11.275
1814.7792,12.382
1814.9316,11.095
1815.084,11.632
1815.2364,11.267
1815.3888,13.298
1815.5412,13.625
1815.6936,12.07
1815.846,12.152
1815.9984,14.22
1816.1508,12.159
1816.3032,11.678
1816.4556,9.917
1816.608,10.303
1816.7604,10.12
1816.9128,12.367
1817.0652,9.703
1817.2176,12.725
1817.37,12.314
1817.5224,13.092
1817.6748,12.982
1817.8272,11.29
1817.9796,11.735
1818.132,14.358
1818.2844,13.721
1818.4368,15.233
1818.5892,15.537
1818.7416,12.94
1818.894,11.721
1819.0464,12.483
1819.1988,16.33
1819.3512,14.679
1819.5036,18.612
1819.656,17.402
1819.8084,16.385
1819.9608,16.123
1820.1132,14.873
1820.2656,16.482
1820.418,17.842
1820.5704,18.382
1820.7228,18.295
1820.8752,15.977
1821.0276,16.664
1821.18,15.306
1821.3324,15.086
1821.4848,16.422
1821.6372,17.526
1821.7896,16.752
1821.942,14.469
1822.0944,15.705
1822.2468,15.134
1822.3992,14.593
1822.5516,14.708
1822.704,13.757
1822.8564,13.92
1823.0088,15.317
1823.1612,13.031
1823.3136,15.15
1823.466,15.902
1823.6184,15.759
1823.7708,11.207
1823.9232,17.023
1824.0756,15.72
1824.228,20.443
1824.3804,19.963
1824.5328,18.064
1824.6852,22.781
1824.8376,25.706
1824.99,24.837
1825.1424,23.894
1825.2948,21.083
1825.4472,19.661
1825.5996,15.585
1825.752,16.741
1825.9044,16.571
1826.0568,15.496
1826.2092,14.639
1826.3616,13.673
1826.514,14.389
1826.6664,14.654
1826.8188,14.913
1826.9712,16.527
1827.1236,16.58
1827.276,13.001
1827.4284,11.94
1827.5808,14.257
1827.7332,14.196
1827.8856,12.737
1828.038,12.357
1828.1904,13.251
1828.3428,15.971
1828.4952,16.143
1828.6476,15.957
1828.8,13.694
1828.9524,12.908
1829.1048,14.596
1829.2572,12.66
1829.4096,15.887
1829.562,13.876
1829.7144,17.982
1829.8668,17.534
1830.0192,16.246
1830.1716,16.292
1830.324,15.977
1830.4764,17.435
1830.6288,16.451
1830.7812,16.298
1830.9336,17.749
1831.086,17.935
1831.2384,17.846
1831.3908,16.976
1831.5432,15.5
1831.6956,12.734
1831.848,13.822
1832.0004,14.789
1832.1528,13.416
1832.3052,14.09
1832.4576,15.055
1832.61,13.095
1832.7624,12.958
1832.9148,12.469
1833.0672,13.782
1833.2196,13.242
1833.372,13.456
1833.5244,12.178
1833.6768,15.966
1833.8292,13.639
1833.9816,17.4
1834.134,13.912
1834.2864,15.152
1834.4388,15.905
1834.5912,15.164
1834.7436,14.024
1834.896,16.525
1835.0484,16.569
1835.2008,14.965
1835.3532,12.769
1835.5056,10.485
1835.658,10.923
1835.8104,14.259
1835.9628,13.529
1836.1152,11.679
1836.2676,16.382
1836.42,16.735
1836.5724,17.369
1836.7248,15.279
1836.8772,15.092
1837.0296,20.758
1837.182,20.315
1837.3344,21.282
1837.4868,20.937
1837.6392,19.103
1837.7916,18.315
1837.944,21.138
1838.0964,21.796
1838.2488,21.098
1838.4012,18.003
1838.5536,17.557
1838.706,14.821
1838.8584,14.197
1839.0108,14.689
1839.1632,15.76
1839.3156,15.323
1839.468,11.972
1839.6204,9.821
1839.7728,12.004
1839.9252,9.871
1840.0776,12.266
1840.23,12.148
1840.3824,12.447
1840.5348,14.533
1840.6872,12.476
1840.8396,10.083
1840.992,13.693
1841.1444,13.658
1841.2968,14.264
1841.4492,14.219
1841.6016,14.766
1841.754,17.023
1841.9064,16.742
1842.0588,16.535
1842.2112,14.32
1842.3636,14.416
1842.516,11.681
1842.6684,13.152
1842.8208,15.685
1842.9732,10.946
1843.1256,12.873
1843.278,14.526
1843.4304,15.132
1843.5828,16.559
1843.7352,16.641
1843.8876,15.861
1844.04,16.31
1844.1924,17.759
1844.3448,16.754
1844.4972,15.512
1844.6496,17.979
1844.802,17.57
1844.9544,20.064
1845.1068,21.559
1845.2592,21.553
1845.4116,19.625
1845.564,20.315
1845.7164,18.229
1845.8688,18.286
1846.0212,16.766
1846.1736,17.344
1846.326,19.971
1846.4784,20.664
1846.6308,19.522
1846.7832,15.28
1846.9356,13.841
1847.088,13.444
1847.2404,13.486
1847.3928,11.574
1847.5452,15.292
1847.6976,15.914
1847.85,9.42
1848.0024,12.46
1848.1548,11.37
1848.3072,12.89
1848.4596,14.686
1848.612,15.091
1848.7644,19.842
1848.9168,18.16
1849.0692,17.549
1849.2216,16.282
1849.374,16.451
1849.5264,14.057
1849.6788,15.048
1849.8312,13.77
1849.9836,12.545
1850.136,12.355
1850.2884,12.556
1850.4408,13.362
1850.5932,13.23
1850.7456,14.262
1850.898,12.749
1851.0504,12.255
1851.2028,10.621
1851.3552,14.024
1851.5076,14.932
1851.66,12.093
1851.8124,12.134
1851.9648,15.399
1852.1172,14.059
1852.2696,14.167
1852.422,13.888
1852.5744,15.148
1852.7268,15.209
1852.8792,13.007
1853.0316,14.987
1853.184,14.525
1853.3364,13.772
1853.4888,11.373
1853.6412,12.677
1853.7936,12.92
1853.946,12.952
1854.0984,11.573
1854.2508,13.496
1854.4032,12.823
1854.5556,12.619
1854.708,8.314
1854.8604,11.918
1855.0128,13.279
1855.1652,12.18
1855.3176,11.76
1855.47,12.616
1855.6224,15.224
1855.7748,14.755
1855.9272,11.37
1856.0796,12.715
1856.232,10.797
1856.3844,11.184
1856.5368,8.835
1856.6892,10.376
1856.8416,12.223
1856.994,11.809
1857.1464,9.681
1857.2988,13.994
1857.4512,14.01
1857.6036,14.799
1857.756,12.82
1857.9084,11.319
1858.0608,13.495
1858.2132,13.636
1858.3656,12.81
1858.518,13.381
1858.6704,13.969
1858.8228,12.573
1858.9752,11.768
1859.1276,12.66
1859.28,12.927
1859.4324,13.716
1859.5848,15.181
1859.7372,11.353
1859.8896,11.014
1860.042,11.197
1860.1944,14.15
1860.3468,13.174
1860.4992,14.012
1860.6516,10.551
1860.804,12.062
1860.9564,11.291
1861.1088,12.452
1861.2612,12.013
1861.4136,11.08
1861.566,12.311
1861.7184,10.203
1861.8708,11.574
1862.0232,12.719
1862.1756,12.254
1862.328,12.933
1862.4804,8.607
1862.6328,9.461
1862.7852,11.309
1862.9376,10.037
1863.09,14.264
1863.2424,16.492
1863.3948,16.389
1863.5472,17.345
1863.6996,11.786
1863.852,10.292
1864.0044,10.178
1864.1568,12.718
1864.3092,10.958
1864.4616,11.037
1864.614,10.554
1864.7664,12.152
1864.9188,11.727
1865.0712,13.328
1865.2236,11.707
1865.376,11.55
1865.5284,11.058
1865.6808,13.297
1865.8332,14.482
1865.9856,12.984
1866.138,11.836
1866.2904,12.914
1866.4428,10.301
1866.5952,8.419
1866.7476,12.428
1866.9,11.929
1867.0524,12.417
1867.2048,11.887
1867.3572,12.25
1867.5096,12.019
1867.662,12.773
1867.8144,11.907
1867.9668,10.795
1868.1192,11.346
1868.2716,11.783
1868.424,11.879
1868.5764,13.974
1868.7288,12.003
1868.8812,12.705
1869.0336,13.792
1869.186,13.936
1869.3384,11.869
1869.4908,11.39
1869.6432,11.09
1869.7956,10.729
1869.948,12.94
1870.1004,13.173
1870.2528,10.654
1870.4052,11.999
1870.5576,11.163
1870.71,11.91
1870.8624,11.716
1871.0148,11.655
1871.1672,10.525
1871.3196,9.811
1871.472,10.299
1871.6244,10.14
1871.7768,12.371
1871.9292,14.149
1872.0816,14.487
1872.234,12.232
1872.3864,16.18
1872.5388,14.322
1872.6912,13.715
1872.8436,15.273
1872.996,12.708
1873.1484,14.673
1873.3008,14.253
1873.4532,10.872
1873.6056,12.533
1873.758,10.883
1873.9104,13.927
1874.0628,11.235
1874.2152,12.214
1874.3676,11.868
1874.52,8.548
1874.6724,11.696
1874.8248,11.578
1874.9772,11.877
1875.1296,15.948
1875.282,14.778
1875.4344,13.977
1875.5868,9.738
1875.7392,10.516
1875.8916,15.558
1876.044,13.635
1876.1964,14.218
1876.3488,12.821
1876.5012,14.32
1876.6536,14.526
1876.806,14.512
1876.9584,13.122
1877.1108,13.02
1877.2632,15.131
1877.4156,13.9
1877.568,13.645
1877.7204,12.162
1877.8728,11.694
1878.0252,12.366
1878.1776,11.577
1878.33,9.112
1878.4824,10.927
1878.6348,12.847
1878.7872,12.04
1878.9396,12.893
1879.092,12.239
1879.2444,14.46
1879.3968,14.97
1879.5492,10.342
1879.7016,13.732
1879.854,11.226
1880.0064,10.467
1880.1588,12.92
1880.3112,13.169
1880.4636,13.188
1880.616,14.102
1880.7684,13.011
1880.9208,12.623
1881.0732,14.319
1881.2256,15.092
1881.378,13.752
1881.5304,16.351
1881.6828,12.889
1881.8352,12.838
1881.9876,11.319
1882.14,13.692
1882.2924,13.618
1882.4448,15.797
1882.5972,12.259
1882.7496,11.249
1882.902,11.288
1883.0544,11.439
1883.2068,14.009
1883.3592,15.571
1883.5116,14.156
1883.664,14.55
1883.8164,12.728
1883.9688,14.83
1884.1212,10.625
1884.2736,16.65
1884.426,14.671
1884.5784,15.652
1884.7308,15.546
1884.8832,15.214
1885.0356,20.464
1885.188,21.093
1885.3404,18.079
1885.4928,19.094
1885.6452,18.844
1885.7976,18.036
1885.95,17.7
1886.1024,17.9
1886.2548,18.452
1886.4072,16.795
1886.5596,15.169
1886.712,17.461
1886.8644,17.673
1887.0168,17.701
1887.1692,13.6
1887.3216,13.296
1887.474,15.276
1887.6264,13.69
1887.7788,15.776
1887.9312,17.294
1888.0836,16.107
1888.236,17.824
1888.3884,15.129
1888.5408,15.185
1888.6932,14.711
1888.8456,18.154
1888.998,17.616
1889.1504,13.383
1889.3028,13.819
1889.4552,12.832
1889.6076,10.215
1889.76,12.755
1889.9124,12.422
1890.0648,14.522
1890.2172,14.424
1890.3696,14.165
1890.522,13.953
1890.6744,13.867
1890.8268,15.802
1890.9792,14.838
1891.1316,14.211
1891.284,12.859
1891.4364,13.573
1891.5888,12.506
1891.7412,16.388
1891.8936,16.135
1892.046,18.03
1892.1984,17.243
1892.3508,16.994
1892.5032,19.408
1892.6556,18.44
1892.808,17.81
1892.9604,20.217
1893.1128,17.492
1893.2652,19.235
1893.4176,22.284
1893.57,18.34
1893.7224,18.105
1893.8748,27.123
1894.0272,20.366
1894.1796,22.132
1894.332,26.912
1894.4844,25.317
1894.6368,23.058
1894.7892,23.223
1894.9416,24.132
1895.094,24.256
1895.2464,25.612
1895.3988,25.375
1895.5512,26.593
1895.7036,27.476
1895.856,25.585
1896.0084,28.436
1896.1608,24.006
1896.3132,25.39
1896.4656,24.344
1896.618,25.149
1896.7704,26.006
1896.9228,20.003
1897.0752,22.622
1897.2276,25.029
1897.38,24.789
1897.5324,22.129
1897.6848,22.423
1897.8372,23.982
1897.9896,23.358
1898.142,22.164
1898.2944,19.097
1898.4468,19.738
1898.5992,19.412
1898.7516,23.728
1898.904,22.827
1899.0564,24.134
1899.2088,26.234
1899.3612,25.293
1899.5136,25.074
1899.666,24.039
1899.8184,22.945
1899.9708,22.32
1900.1232,21.699
1900.2756,22.247
1900.428,20.68
1900.5804,21.692
1900.7328,19.16
1900.8852,17.815
1901.0376,18.185
1901.19,16.035
1901.3424,17.561
1901.4948,16.809
1901.6472,14.422
1901.7996,23.166
1901.952,20.738
1902.1044,19.768
1902.2568,20.211
1902.4092,20.85
1902.5616,20.115
1902.714,20.561
1902.8664,21.938
1903.0188,22.111
1903.1712,21.025
1903.3236,20.038
1903.476,20.894
1903.6284,21.217
1903.7808,19.768
1903.9332,18.563
1904.0856,18.959
1904.238,21.934
1904.3904,20.738
1904.5428,20.405
1904.6952,18.386
1904.8476,19.526
1905,14.649
1905.1524,18.869
1905.3048,19.745
1905.4572,20.023
1905.6096,19.22
1905.762,21.938
1905.9144,24.299
1906.0668,24.32
1906.2192,23.402
1906.3716,24.561
1906.524,22.325
1906.6764,22.146
1906.8288,20.341
1906.9812,20.645
1907.1336,17.76
1907.286,19.272
1907.4384,17.179
1907.5908,19.47
1907.7432,15.726
1907.8956,15.205
1908.048,16.851
1908.2004,17.588
1908.3528,18.599
1908.5052,14.522
1908.6576,13.156
1908.81,13.176
1908.9624,14.199
1909.1148,16.172
1909.2672,18.767
1909.4196,19.964
1909.572,17.199
1909.7244,16.383
1909.8768,14.839
1910.0292,13.008
1910.1816,15.057
1910.334,16.297
1910.4864,15.181
1910.6388,13.445
1910.7912,17.607
1910.9436,15.877
1911.096,17.617
1911.2484,16.796
1911.4008,11.984
1911.5532,13.428
1911.7056,13.392
1911.858,14.747
1912.0104,16.722
1912.1628,17.823
1912.3152,17.048
1912.4676,15.159
1912.62,19.804
1912.7724,20.196
1912.9248,20.843
1913.0772,21.15
1913.2296,21.551
1913.382,18.583
1913.5344,20.619
1913.6868,21.976
1913.8392,23.166
1913.9916,26.18
1914.144,29.334
1914.2964,30.506
1914.4488,27.632
1914.6012,27.538
1914.7536,26.073
1914.906,26.986
1915.0584,27.147
1915.2108,24.11
1915.3632,27.332
1915.5156,26.831
1915.668,25.599
1915.8204,25.337
1915.9728,23.418
1916.1252,24.764
1916.2776,25.924
1916.43,24.902
1916.5824,27.911
1916.7348,26.222
1916.8872,24.756
1917.0396,29.239
1917.192,26.923
1917.3444,28.53
1917.4968,27.76
1917.6492,26.01
1917.8016,24.776
1917.954,24.097
1918.1064,23.256
1918.2588,22.844
1918.4112,19.669
1918.5636,18.798
1918.716,21.272
1918.8684,19.251
1919.0208,19.031
1919.1732,17.306
1919.3256,16.543
1919.478,17.294
1919.6304,19.782
1919.7828,19.02
1919.9352,14.161
1920.0876,16.319
1920.24,21.037
1920.3924,17.208
1920.5448,15.314
1920.6972,17.613
1920.8496,19.352
1921.002,19.252
1921.1544,17.978
1921.3068,20.673
1921.4592,20.115
1921.6116,20.535
1921.764,23.033
1921.9164,24.129
1922.0688,21.935
1922.2212,22.019
1922.3736,19.088
1922.526,17.115
1922.6784,21.721
1922.8308,22.581
1922.9832,20.919
1923.1356,20.644
1923.288,19.466
1923.4404,19.238
1923.5928,17.39
1923.7452,23.307
1923.8976,22.07
1924.05,21.483
1924.2024,27.015
1924.3548,27.939
1924.5072,26.865
1924.6596,26.042
1924.812,25.691
1924.9644,26.457
1925.1168,23.187
1925.2692,21.217
1925.4216,23.809
1925.574,21.397
1925.7264,25.395
1925.8788,21.268
1926.0312,22.718
1926.1836,24.708
1926.336,23.727
1926.4884,24.892
1926.6408,26.747
1926.7932,24.676
1926.9456,27.829
1927.098,25.268
1927.2504,22.933
1927.4028,22.882
1927.5552,24.839
1927.7076,25.588
1927.86,26.729
1928.0124,28.793
1928.1648,26.626
1928.3172,21.901
1928.4696,28.549
1928.622,31.715
1928.7744,28.999
1928.9268,28.025
1929.0792,25.711
1929.2316,26.122
1929.384,26.247
1929.5364,23.351
1929.6888,23.537
1929.8412,24.047
1929.9936,23.57
1930.146,22.258
1930.2984,23.567
1930.4508,23.072
1930.6032,29.928
1930.7556,29.485
1930.908,28.807
1931.0604,26.871
1931.2128,25.212
1931.3652,22.77
1931.5176,24.039
1931.67,21.726
1931.8224,24.232
1931.9748,25.453
1932.1272,26.827
1932.2796,25.078
1932.432,23.872
1932.5844,17.005
1932.7368,18.801
1932.8892,19.447
1933.0416,21.373
1933.194,22.604
1933.3464,24.023
1933.4988,22.757
1933.6512,27.634
1933.8036,27.044
1933.956,29.342
1934.1084,24.963
1934.2608,24.803
1934.4132,30.853
1934.5656,27.925
1934.718,24.736
1934.8704,26.902
1935.0228,33.017
1935.1752,29.944
1935.3276,33.165
1935.48,29.516
1935.6324,24.3
1935.7848,32.283
1935.9372,31.395
1936.0896,27.225
1936.242,28.03
1936.3944,26.473
1936.5468,24.368
1936.6992,26.329
1936.8516,24.349
1937.004,24.712
1937.1564,23.411
1937.3088,20.659
1937.4612,19.09
1937.6136,20.978
1937.766,20.933
1937.9184,19.288
1938.0708,20.242
1938.2232,19.402
1938.3756,19.479
1938.528,22.473
1938.6804,20.677
1938.8328,20.088
1938.9852,21.47
1939.1376,19.73
1939.29,19.355
1939.4424,16.454
1939.5948,16.146
1939.7472,20.155
1939.8996,20.02
1940.052,17.607
1940.2044,21.836
1940.3568,19.568
1940.5092,22.546
1940.6616,20.384
1940.814,21.771
1940.9664,21.742
1941.1188,22.434
1941.2712,22.358
1941.4236,28.675
1941.576,30.188
1941.7284,22.424
1941.8808,30.893
1942.0332,22.187
1942.1856,28.398
1942.338,28.348
1942.4904,27.117
1942.6428,26.628
1942.7952,26.623
1942.9476,25.389
1943.1,22.309
1943.2524,21.044
1943.4048,25.577
1943.5572,25.121
1943.7096,26.886
1943.862,28.579
1944.0144,28.976
1944.1668,28.994
1944.3192,29.612
1944.4716,26.533
1944.624,28.375
1944.7764,23.269
1944.9288,22.879
1945.0812,21.85
1945.2336,26.367
1945.386,29.357
1945.5384,26.739
1945.6908,28.271
1945.8432,29.412
1945.9956,29.746
1946.148,28.584
1946.3004,27.054
1946.4528,27.726
1946.6052,26.106
1946.7576,30.99
1946.91,29.26
1947.0624,28.019
1947.2148,27.912
1947.3672,30.272
1947.5196,29.262
1947.672,31.241
1947.8244,30.015
1947.9768,29.105
1948.1292,29.301
1948.2816,27.688
1948.434,29.565
1948.5864,29.045
1948.7388,28.134
1948.8912,25.856
1949.0436,23.947
1949.196,21.225
1949.3484,22.222
1949.5008,21.221
1949.6532,23.141
1949.8056,21.887
1949.958,19.942
1950.1104,21.111
1950.2628,26.712
1950.4152,26.969
1950.5676,26.091
1950.72,27.373
1950.8724,28.422
1951.0248,25.157
1951.1772,26.797
1951.3296,29.863
1951.482,29.198
1951.6344,28.471
1951.7868,29.219
1951.9392,28.82
1952.0916,27.036
1952.244,27.535
1952.3964,27.458
1952.5488,28.74
1952.7012,25.457
1952.8536,23.611
1953.006,24.099
1953.1584,27.893
1953.3108,28.768
1953.4632,29.876
1953.6156,34.871
1953.768,32.001
1953.9204,34.688
1954.0728,33.562
1954.2252,34.299
1954.3776,36.284
1954.53,34.215
1954.6824,31.17
1954.8348,32.264
1954.9872,33.813
1955.1396,30.493
1955.292,32.438
1955.4444,34.236
1955.5968,32.867
1955.7492,31.591
1955.9016,28.674
1956.054,28.18
1956.2064,22.795
1956.3588,23.358
1956.5112,25.886
1956.6636,24.225
1956.816,24.72
1956.9684,27.1
1957.1208,29.672
1957.2732,28.649
1957.4256,25.699
1957.578,24.33
1957.7304,24.274
1957.8828,23.194
1958.0352,27.178
1958.1876,25.842
1958.34,24.931
1958.4924,23.281
1958.6448,23.667
1958.7972,22.77
1958.9496,25.497
1959.102,18.469
1959.2544,20.849
1959.4068,19.964
1959.5592,22.292
1959.7116,23.206
1959.864,23.951
1960.0164,26.738
1960.1688,24.538
1960.3212,24.872
1960.4736,23.453
1960.626,22.833
1960.7784,23.693
1960.9308,24.295
1961.0832,29.742
1961.2356,30.235
1961.388,29.363
1961.5404,32.19
1961.6928,27.565
1961.8452,27.18
1961.9976,28.406
1962.15,29.733
1962.3024,26.74
1962.4548,26.396
1962.6072,28.782
1962.7596,29.473
1962.912,34.098
1963.0644,33.655
1963.2168,33.723
1963.3692,32.123
1963.5216,31.373
1963.674,28.273
1963.8264,29.123
1963.9788,26.105
1964.1312,24.788
1964.2836,28.004
1964.436,25.561
1964.5884,23.875
1964.7408,23.871
1964.8932,24.795
1965.0456,24.016
1965.198,23.271
1965.3504,20.215
1965.5028,24.62
1965.6552,23.821
1965.8076,24.95
1965.96,26.09
1966.1124,28.726
1966.2648,33.696
1966.4172,32.943
1966.5696,33.003
1966.722,36.009
1966.8744,30.78
1967.0268,33.543
1967.1792,35.048
1967.3316,35.864
1967.484,33.157
1967.6364,29.944
1967.7888,28.404
1967.9412,25.945
1968.0936,23.193
1968.246,23.617
1968.3984,26.74
1968.5508,21.922
1968.7032,22.411
1968.8556,23.276
1969.008,23.779
1969.1604,23.697
1969.3128,20.94
1969.4652,23.347
1969.6176,28.29
1969.77,29.549
1969.9224,32.005
1970.0748,32.116
1970.2272,32.99
1970.3796,33.273
1970.532,28.819
1970.6844,30.093
1970.8368,32.002
1970.9892,35.335
1971.1416,37.146
1971.294,36.668
1971.4464,35.108
1971.5988,35.159
1971.7512,29.435
1971.9036,30.56
1972.056,24.68
1972.2084,27.835
1972.3608,25.795
1972.5132,28.583
1972.6656,33.429
1972.818,31.454
1972.9704,33.21
1973.1228,34.297
1973.2752,34.398
1973.4276,36.654
1973.58,37.332
1973.7324,38.832
1973.8848,39.464
1974.0372,32.112
1974.1896,42.241
1974.342,41.731
1974.4944,40.566
1974.6468,37.929
1974.7992,40.417
1974.9516,42.915
1975.104,42.953
1975.2564,42.763
1975.4088,43.302
1975.5612,43.731
1975.7136,40.389
1975.866,40.647
1976.0184,37.989
1976.1708,34.472
1976.3232,36.193
1976.4756,25.515
1976.628,25.074
1976.7804,23.318
1976.9328,28.1
1977.0852,26.454
1977.2376,27.113
1977.39,28.58
1977.5424,26.204
1977.6948,26.458
1977.8472,28.033
1977.9996,25.134
1978.152,27.329
1978.3044,28.708
1978.4568,29.532
1978.6092,29.765
1978.7616,31.89
1978.914,33.765
1979.0664,35.052
1979.2188,35.85
1979.3712,38.725
1979.5236,39.559
1979.676,33.602
1979.8284,41.992
1979.9808,36.468
1980.1332,42.044
1980.2856,39.075
1980.438,40.997
1980.5904,40.113
1980.7428,38.545
1980.8952,39.397
1981.0476,39.85
1981.2,41.337
1981.3524,42.505
1981.5048,42.509
1981.6572,42.348
1981.8096,42.642
1981.962,42.478
1982.1144,44
1982.2668,43.448
1982.4192,42.532
1982.5716,39.985
1982.724,37.588
1982.8764,38.063
1983.0288,40.779
1983.1812,39.075
1983.3336,41.367
1983.486,38.805
1983.6384,37.908
1983.7908,37.32
1983.9432,40.44
1984.0956,40.576
1984.248,39.041
1984.4004,37.02
1984.5528,38.053
1984.7052,39.121
1984.8576,39.953
1985.01,37.081
1985.1624,39.291
1985.3148,39.538
1985.4672,41.107
1985.6196,44.443
1985.772,45.263
1985.9244,46.842
1986.0768,45.985
1986.2292,42.707
1986.3816,42.327
1986.534,43.706
1986.6864,45.495
1986.8388,39.988
1986.9912,39.971
1987.1436,41.197
1987.296,43.618
1987.4484,38.841
1987.6008,40.372
1987.7532,42.414
1987.9056,43.304
1988.058,28.866
1988.2104,25.581
1988.3628,30.081
1988.5152,28.722
1988.6676,28.925
1988.82,31.209
1988.9724,30.407
1989.1248,35.379
1989.2772,30.524
1989.4296,34.594
1989.582,34.601
1989.7344,35.247
1989.8868,35.03
1990.0392,40.255
1990.1916,40.687
1990.344,40.912
1990.4964,42.165
1990.6488,39.274
1990.8012,41.569
1990.9536,44.502
1991.106,43.413
1991.2584,41.944
1991.4108,39.2
1991.5632,36.311
1991.7156,36.282
1991.868,39.765
1992.0204,39.716
1992.1728,36.686
1992.3252,35.622
1992.4776,36.189
1992.63,36.03
1992.7824,33.196
1992.9348,32.929
1993.0872,34.619
1993.2396,33.759
1993.392,35.013
1993.5444,34.146
1993.6968,36.753
1993.8492,38.806
1994.0016,36.875
1994.154,39.21
1994.3064,39.948
1994.4588,40.39
1994.6112,35.827
1994.7636,35.232
1994.916,37.679
1995.0684,40.908
1995.2208,40.714
1995.3732,36.291
1995.5256,35.595
1995.678,36.117
1995.8304,39.094
1995.9828,39.741
1996.1352,38.165
1996.2876,36.341
1996.44,37.525
1996.5924,38.438
1996.7448,39.001
1996.8972,38.335
1997.0496,38.187
1997.202,35.879
1997.3544,42.75
1997.5068,41.786
1997.6592,36.937
1997.8116,36.77
1997.964,36.714
1998.1164,37.097
1998.2688,34.823
1998.4212,36.84
1998.5736,37.232
1998.726,35.95
1998.8784,38.228
1999.0308,37.481
1999.1832,35.235
1999.3356,36.698
1999.488,40.991
1999.6404,37.89
1999.7928,37.989
1999.9452,37.651
2000.0976,34.805
2000.25,36.483
2000.4024,38.194
2000.5548,38.797
2000.7072,39.416
2000.8596,39.481
2001.012,31.751
2001.1644,32.575
2001.3168,39.968
2001.4692,34.63
2001.6216,35.718
2001.774,34.332
2001.9264,34.195
2002.0788,35.872
2002.2312,38.308
2002.3836,38.618
2002.536,37.264
2002.6884,39.36
2002.8408,37.811
2002.9932,36.61
2003.1456,38.375
2003.298,38.863
2003.4504,36.679
2003.6028,38.378
2003.7552,35.549
2003.9076,36.033
2004.06,33.354
2004.2124,35.334
2004.3648,34.392
2004.5172,36.038
2004.6696,35.542
2004.822,35.704
2004.9744,35.704
2005.1268,35.704
2005.2792,35.704
2005.4316,35.704
2005.584,35.704
2005.7364,35.704
2005.8888,35.704
2006.0412,35.704
2006.1936,35.704
2006.346,35.704
2006.4984,35.704
2006.6508,35.704
2006.8032,35.704
2006.9556,35.704
2007.108,35.704
2007.2604,35.704
2007.4128,35.704
2007.5652,35.704
2007.7176,35.704
2007.87,35.704
2008.0224,35.704
2008.1748,35.704
2008.3272,35.704
2008.4796,35.704
2008.632,35.704
2008.7844,35.704
2008.9368,35.704
2009.0892,35.704
2009.2416,35.704
2009.394,35.704
2009.5464,35.704
2009.6988,35.704
2009.8512,35.704
2010.0036,35.704
2010.156,35.704
2010.3084,35.704
2010.4608,35.704
2010.6132,35.704
2010.7656,35.704
2010.918,35.704
2011.0704,35.704
2011.2228,35.704
2011.3752,35.704
2011.5276,35.704
2011.68,35.704
2011.8324,35.704
2011.9848,35.704
2012.1372,35.704
2012.2896,35.704
2012.442,35.704
2012.5944,35.704
2012.7468,35.704
2012.8992,35.704
2013.0516,35.704
2013.204,35.704
2013.3564,35.704
2013.5088,35.704
2013.6612,35.704
2013.8136,35.704
2013.966,35.704
2014.1184,35.704
2014.2708,35.704
2014.4232,35.704
2014.5756,35.704
2014.728,35.704
2014.8804,35.704
2015.0328,35.704
2015.1852,35.704
2015.3376,35.704
2015.49,35.704
2015.6424,35.704
2015.7948,35.704
2015.9472,35.704
2016.0996,35.704
2016.252,35.704
2016.4044,35.704
2016.5568,35.704
2016.7092,35.704
2016.8616,35.704
2017.014,35.704
2017.1664,35.704
2017.3188,35.704
2017.4712,35.704
2017.6236,35.704
2017.776,35.704
2017.9284,35.704
2018.0808,35.704
2018.2332,35.704
2018.3856,35.704
2018.538,35.704
2018.6904,35.704
2018.8428,35.704
2018.9952,35.704
2019.1476,35.704
2019.3,35.704
2019.4524,35.704
2019.6048,35.704
2019.7572,35.704
2019.9096,35.704
2020.062,35.704
2020.2144,35.704
2020.3668,35.704
2020.5192,35.704
2020.6716,35.704
2020.824,35.704
2020.9764,35.704
2021.1288,35.704
2021.2812,35.704
2021.4336,35.704
2021.586,35.704
2021.7384,35.704
2021.8908,35.704
2022.0432,35.704
2022.1956,35.704
2022.348,35.704
2022.5004,35.704
2022.6528,35.704
2022.8052,35.704
2022.9576,35.704
2023.11,35.704
2023.2624,35.704
2023.4148,35.704
2023.5672,35.704
2023.7196,35.703
2023.872,35.702
2024.0244,35.699
2024.1768,35.692
2024.3292,35.675
2024.4816,35.632
2024.634,35.519
2024.7864,35.172
2024.9388,22.963
2025.0912,22.963
2025.2436,22.963
2025.396,22.963
2025.5484,22.962
2025.7008,22.96
2025.8532,0
