DEPT,GR
152.6,5.978296242
152.8,6.418688336
153,6.40580701
153.2,7.124131165
153.4,7.765636423
153.6,9.380537794
153.8,7.788742137
154,7.074357838
154.2,7.130777673
154.4,6.404308269
154.6,6.745546533
154.8,7.100539379
155,6.039739309
155.2,5.853950671
155.4123541,6.356742735
155.6100009,8.540227392
157.0035297,8.467168985
157.2,9.052301912
157.4,8.917102916
157.6,8.872014611
157.8,7.12710727
158,7.099603592
158.2,8.075496631
158.4,8.187425544
158.6,7.099905576
158.8,6.386962094
159,7.605892505
159.2,9.170597364
159.4,8.290554324
159.6,7.116013934
159.8,8.879231818
160,8.870413263
160.2,7.308192909
160.4,7.090871285
160.6,7.053529613
160.7976468,7.263252854
160.9976468,5.830136367
161.1982351,6.50709385
161.3976468,8.694358678
161.595882,9.759942602
161.8,8.833597811
162,7.090211633
162.2,6.458466786
162.4,6.540110836
162.6,7.752267153
162.8,7.916788746
163,7.106805576
163.2,7.682974957
163.4,8.878586705
163.6,8.191256726
163.8,7.04575363
164,7.750707604
164.2,7.809302654
164.4,7.809817652
164.6,7.809830151
164.8,7.809681986
165,7.57585647
165.2,8.553115592
165.4,7.755081982
165.6,7.805915646
165.8,8.686012562
166,10.69379783
166.2,10.35161656
166.4,8.858712544
166.6,7.809792507
166.8,7.697265796
167,8.879373761
167.2,8.874695139
167.4,8.875567309
167.6,8.803020982
167.8,9.046980377
168,7.468153039
168.2,6.996967704
168.4,7.802168063
168.6,8.851200361
168.8,8.416911717
169,7.794466694
169.2,7.857760295
169.4,7.146423645
169.6,7.783829964
169.8,7.809875508
170,7.811316709
170.2,7.425611054
170.4,7.726602413
170.6,10.83012631
170.8,12.02276237
170.9952937,12.2158734
171.2,8.938931861
171.4,8.891137442
171.6,9.947670613
171.8,9.911096136
172,8.886722562
172.2,8.877495922
172.4,8.518320098
172.6,7.671695486
172.8,7.154039999
173,7.804248443
173.2,7.809832392
173.4,7.809057846
173.6,8.97570154
173.8,8.869721568
174,7.665537443
174.2,8.87052249
174.4,8.85057985
174.6,7.389663233
174.8,6.397032837
175,7.051523606
175.2,9.239471241
175.4,10.24639559
175.6,10.65946984
175.8,9.74847753
176,8.364617986
176.2,7.869160534
176.4,7.105444474
176.6,8.478502746
176.8,11.12758425
177,11.3574764
177.2,10.92826284
177.4,10.6763368
177.6,9.317715112
177.8,7.117238664
178,7.683066347
178.2,9.601779034
178.4,10.67004669
178.6,8.990987381
178.8,7.809064502
179,8.503854927
179.2,8.519717219
179.4,8.519946081
179.6,8.537839232
179.8,9.617116921
180,9.585353159
180.2,9.584881945
180.4,9.696981721
180.6,8.135173502
180.8,7.031516242
181,8.597043023
181.2,9.470843285
181.4,8.907550612
181.6,7.885260904
181.8,6.579271142
182,5.679800593
182.2,5.920116918
182.4,7.84439885
182.6,9.095758675
182.8,7.787935711
183,9.248434807
183.2,10.65440979
183.4,10.67899689
183.6,8.139444785
183.8,7.809926114
184,7.817387969
184.2,8.544745847
184.4,9.45662419
184.6,9.567439421
184.8,8.477305182
185,8.518126506
185.2,8.549028843
185.4,7.803893367
185.6,7.81273553
185.8,9.456724118
186,10.71943216
186.2,11.41120874
186.4,10.62326188
186.6,10.69388714
186.8,8.458316459
187,8.519897302
187.2,8.51987342
187.4,8.521479678
187.6,8.553659344
187.8,7.781289644
188,7.740444428
188.2,8.535966562
188.4,9.558722418
188.6,8.939182536
188.8,7.455748306
189,6.998161288
189.2,8.618237252
189.4,10.73992327
189.6,9.814530554
189.8,9.684136875
190,8.511683015
190.2,8.519832055
190.4,8.519799171
190.6,8.519798368
190.8,8.519800222
191,8.519877497
191.2,8.501094056
191.4,7.707431263
191.6,8.512074196
191.8,8.519689812
192,8.520162931
192.2,8.659225436
192.4,6.739512282
192.6,6.124615338
192.8,7.896583524
193,7.734572706
193.2,8.524799385
193.4,8.520953334
193.6,8.635339663
193.8,9.896176019
194,10.35586293
194.2,9.21878691
194.4,8.087767489
194.6,6.659099226
194.8,6.639290652
195,7.448931687
195.2,9.27944737
195.4,8.49781721
195.6,7.80718346
195.8,8.505238691
196,10.29577245
196.2,8.943004297
196.4,8.529580392
196.6,9.24939535
196.8,8.565663251
197,7.844895932
197.2,8.600875959
197.4,7.817101995
197.6,8.110710284
197.8,8.501545433
198,8.506838794
198.2,7.180547171
198.4,8.322971238
198.6,9.189300018
198.8,10.29826793
199,10.31514578
199.2,8.516737107
199.4,8.999372857
199.6,10.74492604
199.8,11.3604973
200,11.13819891
200.2,10.09689452
200.4,9.639054479
200.6,12.05608571
200.8,12.80411485
201,13.15054545
201.2,13.05672131
201.4,13.20104825
201.6,14.27746755
201.8,14.94426977
202,14.62464012
202.2,13.85810898
202.4,14.55551144
202.6,13.90275968
202.8,14.15725291
203,12.48892745
203.2,10.91871764
203.4,10.67390534
203.6,11.38677593
203.8,11.35485557
204,10.6829949
204.2,9.948360238
204.4,9.398438235
204.6,10.65775193
204.8,11.46717371
205,12.07032061
205.2,12.13758097
205.4,11.37462488
205.6,10.05310576
205.8,9.447662885
206,10.64772971
206.2,11.59154428
206.4,11.97450376
206.6,12.40280657
206.8,12.84981372
207,13.28888625
207.2,13.69338516
207.4,14.03667148
207.6,13.83478915
207.8,13.49346468
208,13.41318627
208.2,14.1984608
208.4,13.21293953
208.6,12.43150335
208.8,12.44803217
209,11.19867125
209.2,10.64830419
209.4,10.9415552
209.6,12.79274279
209.8,13.47528482
210,12.72185326
210.2,13.13067725
210.4,13.13023492
210.6,14.16170482
210.8,14.19295216
211,13.50305246
211.2,12.45831393
211.4,13.49636685
211.6,13.24327175
211.8,11.59095906
212,9.601991418
212.2,11.06441185
212.4,11.6800351
212.6,11.15653389
212.8,11.7073155
213,12.92136899
213.2,13.1280087
213.4,11.23589715
213.6,10.20807607
213.8,8.59137675
214,8.114339651
214.2,10.17576739
214.4,11.75557028
214.6,10.65012192
214.8,11.53750402
215,13.907791
215.2,12.67344036
215.4,11.38116676
215.6,10.67480427
215.8,11.31233051
216,11.7180878
216.2,12.22381813
216.4,12.42378336
216.6,11.47857868
216.8,11.07102415
217,12.32634324
217.2,12.36356933
217.4,11.72108945
217.6,11.18735996
217.6,12.83075391
217.8,14.12180193
218,13.12793122
218.2,12.50788194
218.4,11.76797356
218.6,11.77079983
218.8,12.24048804
219,11.73865383
219.2,11.37336501
219.4,11.40869096
219.6,11.92867962
219.8,13.24087697
220,12.46581602
220.2,12.83507534
220.4,12.10199555
220.6,10.74182446
220.8,10.97453055
221,11.86722427
221.2,12.11743197
221.4,11.06312913
221.6,11.05627046
221.8,12.45304947
222,11.68861203
222.2,10.80854037
222.4,10.02483332
222.6,10.41211652
222.8,11.03610212
223,10.68643512
223.2,10.69060614
223.4,11.1159318
223.6,11.06903492
223.8,9.840024472
224,9.549378098
224.2,10.08928191
224.4,11.37096257
224.6,12.47729627
224.8,12.80145384
225,11.50121032
225.2,11.35664327
225.4,11.05111452
225.6,10.10005597
225.8,8.587030626
226,9.07171135
226.2,10.33342403
226.4,11.24253315
226.6,10.32593223
226.8,10.30803563
227,11.0346262
227.2,10.56378099
227.4,10.33684173
227.6,10.28693103
227.8,9.715078746
228,7.495595095
228.2,7.129966173
228.4,8.950911374
228.6,11.91551333
228.8,12.04117874
229,10.84586502
229.2,9.327584849
229.4,10.98479436
229.6,12.44631998
229.8,11.05309631
230,10.33382729
230.2,11.10270382
230.4,13.02995861
230.6,13.11788956
230.8,11.0908398
231,10.94040916
231.2,11.01251987
231.4,10.01363454
231.6,11.0483145
231.8,13.64540006
232,13.49429509
232.2,11.2218614
232.4,10.45596342
232.6,13.15726581
232.8,13.54026676
233,13.24253656
233.2,11.29146172
233.4,10.33885206
233.6,11.22554161
233.8,12.47184276
234,12.22018388
234.2,12.15227197
234.4,10.71176143
234.6,11.56520169
234.8,11.76405347
235,10.86943375
235.2,9.630364587
235.4,10.15884984
235.6,10.77429768
235.8,12.02176492
236,12.9022176
236.2,13.22518284
236.4,10.913179
236.6,10.36150709
236.8,11.0313399
237,11.07057689
237.2,12.48422411
237.4,13.93284206
237.6,14.55002713
237.8,13.84269419
238,13.17409813
238.2,12.3886088
238.4,11.05860257
238.6,12.12681059
238.8,13.94799399
239,15.11778767
239.2,13.48028815
239.4,13.21448875
239.6,12.05691998
239.8,9.054352662
240,9.084371282
240.2,9.256970652
240.4,9.99828553
240.6,11.42574399
240.8,12.12326803
241,12.53364896
241.2,12.47682047
241.4,13.35960881
241.6,14.54782365
241.8,13.907199
242,10.72970962
242.2,9.402680009
242.4,10.36249802
242.6,9.52030316
242.8,11.04277652
243,9.942488586
243.2,10.76691038
243.4,10.69072637
243.6,11.23398525
243.8,11.4076349
244,10.69876464
244.2,10.68594871
244.4,10.79902415
244.6,10.73196664
244.8,12.75042201
245,11.99296889
245.2,10.3841988
245.4,10.13126928
245.6,10.33581717
245.8,9.78735796
246,9.656057968
246.2,10.30489088
246.4,12.13303184
246.6,11.80061474
246.8,10.66833231
247,11.38718344
247.2,12.25838493
247.4,12.11104652
247.6,10.37276951
247.8,11.45523857
248,13.00464904
248.2,12.77770289
248.4,12.94746111
248.6,11.97964865
248.8,11.05483164
249,10.46839328
249.2014162,9.249269735
249.4014162,10.79328926
249.6011329,12.90049438
249.8008497,13.56973571
250.0008497,14.92197361
250.2008497,14.99886703
250.4008497,11.96581884
250.6,14.58452671
250.8,14.39479791
251,14.65279068
251.2008497,14.5573457
251.4008497,14.78254947
251.6008497,14.09834876
251.8008497,12.18462026
252.0014162,11.74926375
252.2008497,13.10575183
252.4,14.60453522
252.6,15.36045441
252.8,15.66886112
253,15.0113912
253.2,13.09657494
253.4,12.26693733
253.6,13.84064324
253.8,14.60888268
254,12.1405503
254.2,11.39953629
254.4,12.80449494
254.6,14.6248203
254.8,14.40336719
255,12.35153701
255.2,10.7863089
255.4,11.99562506
255.6,12.51909783
255.8,12.727143
256,10.70124856
256.2,9.993862266
256.4,10.70385739
256.6,10.93106573
256.8,10.61056429
257,11.10567269
257.2,11.20767944
257.4,11.78188368
257.6,11.22137099
257.8,11.75217988
258,13.72120577
258.2,14.23749626
258.4,12.71841599
258.6,12.11970926
258.8,12.7971876
259,13.63526586
259.2,14.30195503
259.4,13.19256684
259.6,13.18686151
259.8,12.24526746
260,11.36488823
260.2,11.40461147
260.4,11.26868138
260.6,10.66419472
260.8,9.67534172
261,10.69289669
261.2,11.43938161
261.4,12.82991299
261.6,12.37962067
261.8,13.1798466
262,13.15997963
262.2,11.76864897
262.4,10.82553137
262.6,10.60418154
262.8,10.69347743
263,10.58140923
263.2,10.68149888
263.4,10.75954309
263.6,9.626110818
263.8,9.625148588
264,9.859396977
264.2,10.71122051
264.4,11.48175929
264.6,11.40492578
264.8,11.4054693
265,11.41040227
265.2,10.70865612
265.4,10.69225079
265.6,10.68704519
265.8,11.47589433
266,11.4496787
266.2,9.988518257
266.4,10.69318299
266.6,10.69233891
266.8,10.69233373
267,10.67099319
267.2,9.947667591
267.4,10.54523669
267.6,10.33343822
267.8,11.6818927
268,11.74295506
268.2,12.12637259
268.4,12.70021798
268.6,13.17357441
268.8,13.50086529
269,11.33034704
269.2,9.926515177
269.4,13.20641708
269.6,13.31866046
269.8,12.03691583
270,12.10259156
270.2,13.78041717
270.4,15.76211926
270.6,17.18306472
270.8,14.24361135
271,15.21301896
271.2,12.22182436
271.4,12.22137043
271.6,12.33068189
271.8,11.4079834
272,12.38183788
272.2,13.59673137
272.4,12.01175418
272.6,13.10136242
272.8,11.67417825
273,11.98855856
273.2,12.11594802
273.4,12.42306487
273.6,12.83176925
273.8,11.73072997
274,12.10653229
274.2,12.61326148
274.4,12.69450992
274.6,11.81522481
274.8,11.4217887
275,10.41251711
275.2,11.52072833
275.4,11.41085964
275.6,12.60670512
275.8,13.99602532
276,14.90910913
276.2,12.19248456
276.4,10.51208126
276.6,10.36023991
276.8,11.41540134
277,12.52250928
277.2,13.54194259
277.4,12.31872737
277.6,11.68250944
277.8,11.36359678
278,11.87476209
278.2,12.11760965
278.4,11.88600882
278.6,12.12732338
278.8,12.1864195
279,11.39032123
279.2,10.22229689
279.4,10.33031497
279.6,10.3359759
279.8,10.33588582
280,10.33588668
280.2,10.33620384
280.4,10.32902716
280.6,12.55213657
280.8,12.3940241
281,11.40037092
281.2,11.3803851
281.4,12.08743314
281.6,11.42918989
281.8,11.14007228
282,10.36872048
282.2,9.99292802
282.4,10.25575814
282.6,11.92099872
282.8,12.1110473
283,10.64957773
283.2,10.23551488
283.4,10.56404432
283.6,12.1656754
283.8,11.34255767
284,11.85473814
284.2,12.22654741
284.4,10.73843827
284.6,10.69405273
284.8,11.34072142
285,12.56130288
285.2,13.69107181
285.4,13.37565313
285.6,13.78880071
285.8,14.1136394
286,14.49402632
286.2,14.91377735
286.4,15.35670836
286.6,15.80663526
286.8,16.24737392
287,17.88245047
287.2005665,15.08287723
287.4,12.28724513
287.6011329,10.56207035
287.8,11.74708658
287.9991503,13.73337557
288.1988671,14.00148438
288.3988671,13.42401404
288.5991503,12.02612392
288.7994335,10.68041505
289,8.564605196
289.1994335,10.52278909
289.3985838,13.53160827
289.5983006,14.9013502
289.7985838,14.60283137
289.9988671,14.30175153
290.1994335,13.12148554
290.4,11.88029153
290.6,12.85505141
290.8,12.82136769
291,12.04535371
291.2,12.13002488
291.4,12.75074456
291.6,14.68948879
291.8,14.6193878
292,13.91908722
292.2,13.54060238
292.4,13.55365451
292.6,12.20982828
292.6,14.18273764
292.8,14.18974837
293,14.18084461
293.2,13.79638523
293.4,14.60124602
293.6,14.23784976
293.8,12.91973859
294,11.67331009
294.2,12.79449238
294.4,12.76803615
294.6,11.35900251
294.8,11.29757228
295,14.5170574
295.2,17.61809104
295.4,19.51210285
295.6,18.75164643
295.8,17.00026531
296,14.44772682
296.2,14.90322275
296.4,14.2376926
296.6,13.48139795
296.8,14.52316534
297,14.85441633
297.2,14.26312592
297.4,13.36857703
297.6,13.42384504
297.8,13.85840569
298,13.46676491
298.2,13.34219292
298.4,11.69325596
298.6,9.704431476
298.8,9.999392408
299,12.90935135
299.2,12.70598695
299.4,12.08580674
299.6,12.12810622
299.8,13.1507089
300,11.58792794
300.2,8.876324676
300.4,9.211853794
300.6,11.02633862
300.8,11.33967502
301,10.57261112
301.2,9.283510978
301.4,9.209317314
301.6,10.28104838
301.8,11.38115061
302,10.66970003
302.2,10.25666806
302.4,11.01877101
302.6,10.45524413
302.8,9.514023967
303,9.971469538
303.2,9.928217594
303.4,9.931769296
303.6,11.10676843
303.8,13.77248782
304,13.20425286
304.2,10.99167475
304.4,10.74337282
304.6,10.63857074
304.8,11.48457023
305,13.29620817
305.2,14.46827049
305.4,14.34042648
305.6,12.78812736
305.8,12.78118747
306,11.35243235
306.2,10.60348043
306.4,11.73905241
306.6,12.05231381
306.8,10.95336202
307,10.66738226
307.2,9.84034685
307.4,9.508718772
307.6,11.55380053
307.8,13.10484458
308,12.75728762
308.2,11.69242482
308.4,12.8579283
308.6,15.35882103
308.8,16.68422446
309,15.52112303
309.2,13.23189259
309.4,12.44810749
309.6,10.98855076
309.8,11.72106711
310,13.48500443
310.2,13.46065109
310.4,11.63438695
310.6,10.85907115
310.8,11.89136614
311,11.82677447
311.2,13.52158851
311.4,13.42011435
311.6,14.89258011
311.8,14.5374211
312,13.33702599
312.2,12.01539748
312.4,11.80748561
312.6,11.48645177
312.8,13.64831967
313,14.53218874
313.2,13.17437628
313.4,13.22854234
313.6,14.17607634
313.8,14.97367362
314,15.26824382
314.2,17.80304341
314.4,17.70031312
314.6,18.2211057
314.8,18.1104918
315,17.65685096
315.2,18.43046706
315.4,18.45775306
315.6,17.71187817
315.8,17.24835699
316,17.46244679
316.2,17.31720573
316.4,17.41462731
316.6,16.6429892
316.8,17.78229712
317,18.37102688
317.2,18.42060753
317.4,18.37530203
317.6,19.16409572
317.8,17.9700258
318,17.154458
318.2,16.38305504
318.4005952,15.40264197
318.6005952,16.55560091
318.8,18.90930425
319,18.79771439
319.2,18.18466824
319.4005952,16.70241594
319.6,18.93988068
319.8,19.83646212
320,19.29292005
320.2,16.85017934
320.4,15.12546598
320.6,15.2677855
320.8,15.86945336
321,17.35288395
321.2,16.36103941
321.4,13.44025093
321.6,12.78978724
321.8,12.90846495
322,13.52734126
322.2,14.8165017
322.4,14.86019611
322.6,13.98489588
322.8,14.67984483
323,14.89180165
323.2,14.64864452
323.4,12.40959989
323.6,14.0138065
323.8,15.61978853
324,15.67583977
324.2,14.89651263
324.4,15.61775979
324.6,14.76501232
324.8,12.05683714
325,11.37307137
325.2,12.05305599
325.4,12.25838942
325.6,12.38348154
325.8,12.44552064
326,12.75757959
326.2,12.4800335
326.4,11.63739508
326.6,13.76484162
326.8,12.7499637
327,11.70055112
327.2,14.27800079
327.4,15.05836317
327.6,14.68062751
327.8,12.99919468
328,12.04115261
328.2,12.46883517
328.4,13.47714989
328.6,13.25962759
328.8,14.16942623
329,14.31471436
329.2,14.88512773
329.4,14.74833296
329.6,14.4769023
329.8,14.20720929
330,13.32319768
330.2,13.47591115
330.4,12.60982996
330.6,11.72350848
330.8,11.37782888
331,11.34618854
331.2,11.35154172
331.4,12.46959939
331.6,12.79876357
331.8,11.2918156
332,12.27328458
332.2,14.22445892
332.4,12.44201106
332.6,12.71659702
332.8,13.47358784
333,12.78711996
333.2,11.71346385
333.4,12.90541302
333.6,15.25678653
333.8,13.85144812
334,12.75295612
334.2,13.48271302
334.4,13.49472091
334.6,12.76967487
334.8,12.30719204
335,11.35597009
335.2,13.24753398
335.4,13.81826294
335.6,12.09062005
335.8,11.42411449
336,13.01195613
336.2,13.57304848
336.4,14.51460581
336.6,15.25527316
336.8,15.24553024
337,13.60125324
337.2,11.67011484
337.4,11.52349536
337.6,11.3842329
337.8,12.72460205
338,12.76407163
338.2,12.76449019
338.4,12.771137
338.6,13.46607837
338.8,14.36418792
339,14.51521069
339.2,13.59357205
339.4,12.76745871
339.6,12.17973792
339.8,10.58741745
340,11.90266487
340.2,13.47035359
340.4,13.47200997
340.6,12.17161806
340.8,12.05319662
341,12.70820001
341.2,13.90149701
341.4,13.93945305
341.6,12.77879649
341.8,13.34176067
342,14.18148792
342.2,14.53417737
342.4,13.79562093
342.6,13.47514314
342.8,14.37482184
343,14.89373257
343.2,14.75148729
343.4005952,16.1182711
343.6,17.27953134
343.8005952,14.95923099
344,13.58122469
344.2,14.36386103
344.4,16.7788591
344.6,16.62220572
344.8008928,14.81217391
345.0011904,13.34368615
345.2011904,13.86503797
345.4008928,14.55675572
345.6005952,15.49343503
345.8005952,15.16362063
346,14.90952031
346.2,16.29644715
346.4,15.88725248
346.6,15.95776717
346.8,17.78411036
347,17.27996383
347.2,15.19592138
347.4,14.41300882
347.6,14.33396119
347.8,14.18489714
348,14.18514666
348.2,15.64245217
348.4,16.32097941
348.6,16.99163465
348.8,16.29468274
349,14.75507775
349.2,14.56141823
349.4,15.61788595
349.6,17.87357517
349.8,17.3916443
350,14.39750185
350.2,13.11859001
350.4,14.41742263
350.6,14.88644007
350.8,14.91291101
351,15.62908243
351.2,16.33269836
351.4,15.0146521
351.6,15.17458608
351.8,16.11627845
352,15.61657698
352.2,12.74697236
352.4,12.77975122
352.6,17.12136851
352.8,17.87837977
353,17.61137917
353.2005952,14.7922067
353.4005952,13.77654295
353.6008928,14.85419768
353.8,17.6657415
354,14.93368083
354.2008928,13.72077461
354.4014879,11.93472189
354.6011904,12.07897112
354.8008928,13.73362778
355,14.3787465
355.2,15.28499419
355.4,15.35686895
355.6,15.94444167
355.8,16.29538661
356,15.60269198
356.2,14.14771281
356.4,12.7475859
356.6,13.2725497
356.8,14.61487212
357,14.89228559
357.2,14.77926072
357.4,13.16157793
357.6,14.21713675
357.8,14.52554907
358,14.15033833
358.2,13.83440285
358.4,15.80457856
358.6,16.58196055
358.8,15.68028435
359,14.16385059
359.2,14.17585611
359.4,13.86805813
359.6,13.476709
359.8,14.17111955
360,14.90589731
360.2,14.50661737
360.4,14.89380504
360.6,14.88465801
360.8,14.15180533
361.0008928,12.76206858
361.2008928,14.40008873
361.4005952,15.0461052
361.6005952,15.22977458
361.8008928,14.76015528
362.0008928,13.31944924
362.2011904,12.86669117
362.4008928,12.64892311
362.6005952,12.91421042
362.8,13.53430473
363,16.19382999
363.2,15.18717367
363.4,12.85801663
363.6011904,12.49429858
363.8,14.55950443
364,14.82962345
364.2,11.27532901
364.4,10.4000917
364.6008928,12.89648052
364.8,15.54883439
365,14.04288963
365.2,14.01294297
365.4,14.88084526
365.6,16.59466689
365.7994048,18.7464656
366,16.72563177
366.2005952,14.66771244
366.4008928,13.45456515
366.6008928,13.10226376
366.8008928,12.76109844
367.0008928,12.44714306
367.2005952,13.04225517
367.4,14.56250862
367.6,14.54729788
367.6,15.96703247
367.8,16.35506459
368,16.99951323
368.2,16.30851732
368.4,15.47233669
368.6,14.90737281
368.8,15.71563464
369,17.26112161
369.2,18.0996243
369.4,18.10488345
369.6,16.64826744
369.8,16.32344185
370,15.59009772
370.2,15.60918482
370.4,15.23396886
370.6,15.20153966
370.8,13.99658081
371,14.01516927
371.2,16.64244252
371.4,16.51511298
371.6,13.83707642
371.8,14.23432124
372,14.56047255
372.2012217,13.70932719
372.4009163,12.3914891
372.6006108,15.2029862
372.8003054,17.22200315
373.0009163,15.46604624
373.2,16.9176627
373.4,18.40668766
373.6,17.84487808
373.8,14.84038016
374,14.51173031
374.2,17.14170469
374.4,17.612853
374.6,16.15911483
374.8,15.60325495
375,15.6662659
375.2,14.90610743
375.4,14.9009414
375.6,15.25921409
375.8,16.20199577
376,16.32641671
376.2,16.6239525
376.4,14.39696356
376.6,13.45684807
376.8,15.0661435
377,15.28776848
377.2,15.6671926
377.4,15.27064621
377.6006108,16.55905159
377.8006108,17.16003647
378.0009163,15.78350359
378.2009163,14.37283317
378.4,15.48152463
378.6,15.62625003
378.8,14.63959017
379,12.63753026
379.2,13.41675124
379.4,16.14047092
379.6,16.67582432
379.8,15.55413138
380,14.17874656
380.2,15.1330572
380.4,16.3102808
380.6,18.42738825
380.8003054,17.5645303
381.0009163,15.15058264
381.2012217,13.50306315
381.4009163,14.3761773
381.6006108,16.44014422
381.8003054,18.25262198
382,16.90204072
382.2,15.85312466
382.4,14.0897151
382.6,13.81115974
382.8,14.84701943
383,14.94826176
383.2,15.23728503
383.4,16.23902856
383.6,18.45818601
383.8,19.19626508
384,18.78268686
384.2,17.58620501
384.4,16.68593256
384.6006108,17.32005677
384.8006108,17.79699855
385.0006108,16.71316346
385.2009163,16.16073394
385.4006108,15.98597373
385.6006108,15.1494287
385.8,16.31404519
386,16.60624498
386.2,17.90920873
386.4,19.37702585
386.6,18.85635752
386.8,18.10329181
387,15.81090408
387.2,15.60657165
387.4,15.60504517
387.6,14.54720416
387.8,13.82648981
388,14.94183488
388.2,16.24147609
388.4,16.67934567
388.6,15.9451098
388.8,15.66806134
389,15.22272601
389.2,15.65178621
389.4,15.2680225
389.6,14.55986432
389.8,14.18751545
390,14.37883833
390.2,14.91819158
390.4,15.16573076
390.6,16.43587316
390.8,17.03754872
391,15.68666507
391.2,14.18670663
391.4,14.13288916
391.6,14.90267685
391.8,14.93670779
392,14.17804999
392.2,14.38934847
392.4009163,15.48760072
392.6,18.15835431
392.8,18.78920209
393.0006108,16.3906357
393.2006108,14.00999158
393.4009163,12.46548955
393.6003054,14.92460319
393.8012217,14.90020912
394.0006108,15.60904165
394.2,16.85126323
394.4,18.08687237
394.6,18.10999333
394.8,18.10790096
395,17.97618015
395.2,17.71496604
395.4,16.59282686
395.6,14.90550301
395.8,13.11222175
396,12.39591694
396.2,12.63879854
396.4,14.98360842
396.6,14.66900624
396.8,12.65476555
397,13.35232537
397.2,15.43327052
397.4,15.61987388
397.6,14.33782214
397.8,14.92091286
398,14.15202242
398.2,15.35017081
398.4,17.52236079
398.6,17.79013399
398.8006108,16.72694626
399.0006108,16.69724814
399.2009163,15.80841718
399.4006108,16.19248067
399.6006108,17.05477584
399.8,19.20974151
400,18.73533819
400.2,17.14275666
400.4009163,15.21941804
400.6012217,14.5336945
400.8006108,16.6301981
401.0009163,15.33956564
401.2009163,14.88595676
401.4015271,13.876859
401.6,15.22051235
401.8,15.22971139
402,12.97841301
402.2,12.10688839
402.4,13.63233849
402.6,13.97719191
402.8,13.51748094
403,13.48777155
403.2,14.49527995
403.4,14.90590702
403.6,14.54054553
403.8,13.44716987
404,13.10429942
404.2,13.36976014
404.4,14.69850117
404.6,14.90509523
404.8,13.46072296
405,14.06257063
405.2,14.18779685
405.4,14.20280098
405.6,13.07249711
405.8,13.84045338
406,13.59937375
406.2,13.04094021
406.4,12.35758377
406.6,14.60609841
406.8,14.26089443
407,12.14051479
407.2,11.69177449
407.4,15.13337675
407.6,15.98708901
407.8,13.19754273
408,12.7786442
408.2,11.95792618
408.4,15.01263253
408.6,15.54360705
408.8,15.55772504
409,14.52656565
409.2,15.95851165
409.4,16.68473141
409.6,17.10054619
409.8,15.19159381
410,14.08165005
410.2,13.82203404
410.4,13.52312452
410.6,13.55675619
410.8,15.12612513
411,16.44814208
411.2,16.71167607
411.4,15.79197067
411.6,15.97382829
411.8,17.04857341
412,16.18684722
412.2,14.23484968
412.4,15.45392419
412.6,16.19601776
412.8,15.03068529
413,14.89961366
413.2,16.78846983
413.4,17.39204995
413.6,16.17591818
413.8,14.18799677
414,13.46161654
414.2,13.42065065
414.4,13.69303651
414.6,15.40871149
414.8,15.31971605
415,14.16163585
415.2,14.50278462
415.4,15.7767623
415.6,15.23452169
415.8,12.57232164
416,10.92400047
416.2,10.57671734
416.4,14.01958331
416.6,16.19151468
416.8,15.10363615
417,14.20744677
417.2,14.40732206
417.4,13.84935266
417.6,12.37455705
417.8,13.50017461
418,14.91559031
418.2,15.33295939
418.4,14.99984386
418.6,13.41640786
418.8,14.07417889
419,15.15007484
419.2,16.31895369
419.4,15.32121496
419.6006108,14.51767827
419.8,11.81040666
420,11.31822468
420.2,11.24885689
420.4,10.82759762
420.6,11.06981112
420.8,14.51371948
421,18.37006478
421.2,18.78367527
421.4,19.51643216
421.6,19.70683998
421.8,19.50532965
422,18.98877509
422.2,17.0011808
422.4,15.76228772
422.6,17.40804742
422.8,19.17810079
423,19.16271046
423.2,18.82564282
423.4,18.18081601
423.6006108,15.97941699
423.8,13.15793559
424,14.26818931
424.2,15.35980872
424.4,18.51557399
424.6,18.44697086
424.8,17.60642608
425,16.40523231
425.2,13.87129524
425.4,15.59662354
425.6,18.02939266
425.8,18.83130006
426,19.37994865
426.2,19.89819667
426.4,19.87183297
426.6,19.43044762
426.8,19.87150639
427,19.16764826
427.2,19.16030601
427.4,19.10456557
427.6,18.8464872
427.8,19.14185022
428,20.21411927
428.2,20.24802565
428.4006108,16.65636924
428.6,18.88103875
428.8,19.51233827
429,18.88238549
429.2,18.16725388
429.4,18.10727214
429.6,15.56872567
429.8,14.89829922
430,15.40310305
430.2,14.82143271
430.4,14.81579784
430.6,15.35924999
430.8,15.98266344
431,15.66354273
431.2,16.3110745
431.4,15.51975476
431.6,15.09982052
431.8,14.33847848
432,13.84628458
432.2,13.45582747
432.4,13.52274759
432.6,13.80311137
432.8,15.05386013
433,15.85843195
433.2,18.04440232
433.4,17.74957218
433.6,15.36840459
433.8,13.47523298
434,12.76077596
434.2,13.48949969
434.4,14.31214481
434.6,15.97306356
434.8,18.42998374
435,17.69230252
435.2,17.70331575
435.4,19.11589721
435.6,20.22329021
435.8,20.16867737
436,19.46957659
436.2,19.15799629
436.4,19.07472867
436.6,18.56153088
436.8,19.11143869
437,19.24237535
437.2,18.32164404
437.4,18.09577703
437.6,17.63473508
437.8,18.23534537
438,18.70506441
438.2,19.22946939
438.4,19.12939058
438.6,19.90285794
438.8,19.52366402
439,18.70937692
439.2,18.46171799
439.4,17.62292009
439.6,17.29220764
439.8,16.38413257
440,16.36946667
440.2,16.07901939
440.4,16.24044033
440.6006108,16.40132645
440.8,19.91399109
441,21.45784888
441.1993892,23.95263196
441.4,21.29249409
441.6,20.00268954
441.8,20.25243144
442,21.23142608
442.2,22.54824853
442.4,23.43447994
442.5990837,26.54208682
442.6,26.35139385
442.8,26.90133419
443,22.48615891
443.2,21.23822053
443.4,21.21899709
443.5988078,21.54564891
443.8,21.1767876
444,21.02326797
444.2,19.91242966
444.4,19.66457048
444.6,19.39345812
444.8,18.85767434
445,19.08860258
445.2,19.82844099
445.3994039,20.85486055
445.5976156,23.37191945
445.7988078,21.60411921
446,19.86046094
446.2,19.88288433
446.4,19.93523406
446.5988078,21.82761016
446.8,20.35216264
447,20.45162639
447.1964233,24.46664892
447.4,28.78757601
447.6,32.50970986
447.8,33.59630408
448,37.03873585
448.2,39.83856314
448.4,39.9827513
448.6,32.82290194
448.8,27.46959037
449,31.88431483
449.2,39.01701904
449.4023844,35.66434928
449.6059611,29.58719794
449.8,25.22456474
450,19.9577443
450.2,19.28552711
450.4,20.23223306
450.5976156,24.03063679
450.7964233,24.34235552
450.9988078,24.38011043
451.2,23.44285202
451.4,20.66887879
451.6,20.62072403
451.8,20.633623
452,22.24309178
452.2,23.12675477
452.4,24.74656371
452.6,25.11726644
452.8,25.25470458
453,25.63467513
453.2,26.01401806
453.4,23.37940433
453.6,22.78132012
453.8,24.95421318
454,25.28807356
454.2,27.13192963
454.4,29.59444542
454.6,26.7994465
454.8,24.00620241
455,22.95182737
455.2,20.59995334
455.4,21.59426445
455.6,20.50943651
455.8,18.87043905
456,18.66799303
456.2,18.30246975
456.4,18.07385691
456.6,18.58777977
456.8,19.59549141
457,18.86781374
457.2,18.87686471
457.4,19.29671966
457.6,18.46282794
457.8,17.51531419
458,17.08618665
458.2,18.45541944
458.4,18.86902085
458.6,18.18459467
458.8,16.74840011
459,19.28574722
459.2,21.7745175
459.4,21.47083405
459.6,21.65787072
459.8,21.41610663
460,21.37504559
460.2,20.21578244
460.4,19.58524719
460.6,19.05937107
460.8,19.58004052
461,20.31504171
461.2,20.29025613
461.3994039,21.95653223
461.6,20.91845809
461.8,19.29994344
462,17.20862923
462.2017883,14.840166
462.4011922,13.82190058
462.6029805,10.58431637
462.8,12.59655258
463,13.58048287
463.2,13.86360324
463.4,13.7675911
463.6,12.81976855
463.8,13.03368213
464,13.11607732
464.2,12.81863685
464.4,12.83847707
464.6,12.43114436
464.8,12.10926775
465,11.77756578
465.2,10.75965182
465.4,10.31306967
465.6,9.933413792
465.8,10.71867346
466,10.75609579
466.2,10.24199721
466.4,9.96999024
466.6,9.961943111
466.8,9.615476814
467,11.23190565
467.2,13.94763391
467.4,14.2907303
467.6,13.27400689
467.8,13.86766423
468,15.47346064
468.2,16.74305467
468.4,15.73430348
468.6,13.8745808
468.8,13.6047856
469,14.97726486
469.2,14.94849482
469.4,14.16547056
469.6,12.51813032
469.8,11.76335256
470,12.80863285
470.2,13.01545977
470.4,12.82365231
470.6,11.47047792
470.8,12.26367612
471,13.08216962
471.2,12.91175176
471.4,12.46147757
471.6,12.87494634
471.8,13.52868405
472,14.10857697
472.2,14.98239833
472.4,15.72868884
472.6,11.64596544
472.8,12.15107127
473,12.95451666
473.2,13.53542386
473.4,12.11996317
473.6,12.48584784
473.8,13.48476683
474,15.3431366
474.2,14.6111912
474.4,13.83662221
474.6,12.83938235
474.8,11.16301872
475,11.76426063
475.2,12.99184445
475.4,13.78989217
475.6,12.81909122
475.8,13.08384356
476.0017883,14.1424041
476.2011922,15.11777817
476.4,17.06439354
476.6,18.14747519
476.8,17.54803493
477,14.89621281
477.2,10.89500794
477.4,9.593163462
477.6,11.45720737
477.8,11.03442098
478,12.46935879
478.2,13.89738694
478.4011922,15.30717092
478.6017883,14.05386675
478.8011922,14.80375138
479,15.3712768
479.2005961,16.27247807
479.4017883,14.46731596
479.6011922,15.34393405
479.8017883,14.03065658
480.0017883,13.72815055
480.2,14.62285424
480.4,13.53082755
480.6,14.55944859
480.8,16.18553879
481,13.97535847
481.2,11.37761157
481.4,12.81972554
481.6,13.5509093
481.8,12.84961978
482,12.49818027
482.2,12.18927453
482.4,11.00305402
482.6,12.12063455
482.8,10.7078628
483,9.952876496
483.2,10.68977642
483.4,13.34890044
483.6,13.53162913
483.8,13.30865297
484,11.30380833
484.2,11.37026777
484.4,11.41804729
484.6,10.68318556
484.8,11.22988628
485,11.3947757
485.2,11.39308187
485.4,11.84398434
485.6,12.83094732
485.8,12.72575951
486,10.73857376
486.2,10.23393407
486.4,12.85237715
486.6,15.23247558
486.8,14.56728141
487,13.96715416
487.2,14.28243031
487.4,13.9653498
487.6,11.94765212
487.8,10.32282819
488,11.42064026
488.2,12.85978334
488.4,12.89981178
488.6,12.36258558
488.8,12.09990822
489,11.28340954
489.2,9.244180967
489.4,9.592732762
489.6,9.970378502
489.8,10.07546612
490,8.547980565
490.2,8.518431812
490.4,9.785761828
490.6,11.37379426
490.8,12.14030199
491,11.74859536
491.2,12.88726682
491.4,13.88015995
491.6,13.22212241
491.8,10.62787525
492,10.74889313
492.2,9.987006586
492.4,9.163116193
492.6,11.62015819
492.8,11.04291378
493,9.199729954
493.2,11.16785148
493.4,12.44723785
493.6,13.54153333
493.8,11.33784394
494,8.11969004
494.2,8.880227494
494.4,10.8178864
494.6,12.82746718
494.8,14.10543775
495,13.46377601
495.2,12.53483973
495.4,12.85731676
495.6,12.85670006
495.8,10.83803249
496,9.615814581
496.2,10.53350088
496.4,11.01215114
496.6,10.33108626
496.8,10.29528636
497,12.32552979
497.2,13.19957344
497.4,11.08034699
497.6,9.696156014
497.8,10.69107253
498,10.66266489
498.2,8.127040871
498.4,8.809302011
498.6,10.09092081
498.8,12.43055822
499,11.75069146
499.2,10.3220754
499.4,9.390612218
499.6,9.945924993
499.8,9.26870673
500,8.487273095
500.2,9.286614319
500.4,9.25678323
500.6,9.602737878
500.8,9.968090114
501,10.70441405
501.2,11.973752
501.4,12.6732511
501.6017883,11.72943626
501.8035767,9.497455802
502.0023844,9.33176322
502.2017883,10.49751289
502.4011922,12.50809412
502.6,14.07811895
502.8005961,16.98780089
503,18.53696336
503.2017883,14.53322306
503.4011922,15.01851139
503.6017883,15.64907512
503.8017883,14.23565861
504.0017883,14.81644073
504.2017883,13.77549909
504.4011922,15.67262401
504.6,17.86721315
504.8,19.52215622
505,19.60660696
505.2,17.92303623
505.4011922,16.94654607
505.6,19.22410222
505.8,20.35154588
506,19.58948479
506.2,19.59549315
506.4,19.92853614
506.6,19.51275257
506.8,21.70861387
506.9988078,23.82558326
507.2,22.41829932
507.4,20.64372952
507.6,22.11097213
507.8,22.09893068
507.9988078,24.10031446
508.1982117,27.32133534
508.3970195,31.29690864
508.6,31.40522471
508.8,26.42025176
509,23.74907561
509.2,20.54867471
509.4,19.19699586
509.6,18.80272239
509.8,18.89436694
510,16.34165536
510.2,16.05203643
510.4,16.74808534
510.6,15.66103576
510.8,13.44351805
511,13.28158999
511.2,15.27255023
511.4,15.58464053
511.6,13.32936719
511.8,11.09824281
512,11.01660635
512.2,12.49257475
512.4,12.44634319
512.6,11.45414586
512.8,10.24932657
513,11.45634348
513.2,11.53296562
513.4,12.80847626
513.6,13.52209392
513.8,13.52071657
514,12.77647581
514.2,12.47285736
514.4,12.84204939
514.6,12.816851
514.8,13.43321852
515,13.92662167
515.2,13.54805828
515.4,12.09640543
515.6,12.83075476
515.8,12.81033645
516,11.97518574
516.2,11.23414086
516.4,11.89128461
516.6,14.57556158
516.8,14.98090816
517,14.24051982
517.2,12.39061032
517.4029805,11.49708006
517.6,12.27909195
517.6023844,11.7301605
517.8,12.99626259
518,13.90320497
518.2,13.6314075
518.4,11.33032153
518.6,13.56992234
518.8,13.55507557
519,12.83573934
519.2,14.07057815
519.4,14.593146
519.6,13.43605619
519.8,12.82709062
520,12.95062278
520.2,11.55340393
520.4,10.75303965
520.6,9.836890538
520.8,11.35595865
521,12.6461947
521.2,13.17668382
521.4,13.94476835
521.6,14.2356102
521.8,14.26405446
522,13.53503623
522.2,14.20256811
522.4,14.84518883
522.6,14.59046149
522.8,14.59146133
523,14.58289026
523.2,12.78433283
523.4,12.49926127
523.6,12.43521507
523.8,12.45680831
524,12.46304877
524.2,13.21907409
524.4,12.12868885
524.6,10.70603633
524.8,9.236982025
525,9.285702216
525.2,9.508608719
525.3991561,12.30905912
525.5991561,12.61313195
525.8,10.41008292
526,10.75234495
526.2,11.09758516
526.4,11.43505926
526.6,11.75402299
526.8,12.04373206
527,12.29344218
527.2,12.63598438
527.4,11.16593888
527.6,10.20262605
527.8,10.76770762
528,12.41201878
528.2,12.83084652
528.4,12.1149414
528.6,12.44048677
528.8,13.84982997
529,13.86933572
529.2,13.70730513
529.4,13.81520433
529.6,15.45914119
529.8,15.31990768
530,15.69015595
530.2,14.93748002
530.4,13.37834538
530.6,12.76937454
530.8,12.73143734
531,12.31888513
531.2,11.36990612
531.4,12.6009257
531.6,13.85999389
531.8,15.47435851
532,15.66544314
532.2,14.84960218
532.4,14.58863926
532.6,15.43223807
532.8,14.972417
533,14.26357301
533.2,13.16655654
533.4,12.44364001
533.6,13.55459337
533.8,13.16774641
534,13.51516696
534.2,13.96716807
534.4,14.23066026
534.6,13.47265957
534.8,14.17759072
535,15.4782481
535.2,15.66076299
535.4,15.28291582
535.6011252,14.76746098
535.8002813,17.14831567
536,20.33656763
536.2,20.28292632
536.4,19.22725308
536.6,18.16583863
536.8,18.62190123
537,19.57611613
537.2,19.5390344
537.4,19.95865626
537.6,19.8307376
537.8,18.78325347
538,18.40748358
538.2,18.84068904
538.4,19.21303219
538.6,18.51053972
538.8,18.50552208
539,20.18198288
539.1994374,22.30829571
539.3997187,21.84244421
539.6,21.5123337
539.8,22.00896546
540,20.84924614
540.2,20.93031734
540.4,21.71378188
540.6,19.21778167
540.8005626,14.94544317
541.0005626,15.25551264
541.2,17.9541897
541.4,18.20248267
541.6,18.85498429
541.8,19.36959896
542,19.58198346
542.2,19.44709784
542.4,21.3559666
542.6,23.54020822
542.8,22.97825035
543,21.16706934
543.2,19.10118804
543.4,19.23420088
543.6,19.21334756
543.8,18.55961323
544.0005626,16.53533864
544.2,18.51631317
544.4,18.97046384
544.6,16.87383753
544.8,17.32723299
545,20.47797361
545.2,20.65249953
545.4,19.93847013
545.6,19.93570134
545.8,20.309223
546,20.29130176
546.2,20.38306063
546.4,20.69277552
546.6,20.01443715
546.8,19.48742459
547,19.20588544
547.2,20.24774492
547.4,20.27137972
547.6,20.86978458
547.8,20.27777866
548.0002813,17.709037
548.2,18.10913808
548.4,18.30740977
548.6,18.93994056
548.8,19.2247482
549,18.46308677
549.2,17.58984684
549.4,18.6702671
549.6,19.23413733
549.8,20.01436236
550,20.289463
550.2,21.43664172
550.4,20.92952561
550.6,19.32162504
550.8,18.23688576
551,18.86320206
551.2,18.20403429
551.4,14.90494476
551.6,13.75184934
551.8,13.904935
552,17.87584765
552.2,19.30060745
552.4,19.87911471
552.6,20.1109754
552.8,19.94253259
553,18.78757802
553.2,18.94689475
553.4,18.84512869
553.6,18.78491661
553.8,17.7031393
554,19.22072741
554.2,19.55173489
554.4,19.66628697
554.6,20.63309845
554.8,20.63134987
555,20.25671367
555.2,18.13248585
555.4005626,16.4382901
555.6,17.8822459
555.8,18.1178155
556,14.68950828
556.2,15.25837049
556.4,16.00569938
556.6,16.07852484
556.8,14.2383917
557,14.92352932
557.2,17.20225277
557.4,19.13200043
557.6,17.68299929
557.8,20.32186047
558,19.07067876
558.2,16.56377693
558.4005626,15.93108003
558.6005626,16.55867778
558.8,19.41863334
559,20.01188258
559.2,20.72709338
559.4,21.20132706
559.6,20.63994959
559.8,20.27471785
560,20.99537506
560.2,21.54522259
560.4,22.38935896
560.6,22.38548936
560.8,23.95606632
561,25.2932166
561.2,26.24419437
561.4,30.21344581
561.6,30.61159465
561.8,27.76703716
562,27.28212722
562.2,26.61055778
562.4,23.91614153
562.6008439,23.07081
562.8,26.42173417
563,27.90137538
563.2,25.35545997
563.4,21.60338459
563.6,23.49104313
563.8,25.09968913
564,25.21997011
564.2,25.49205078
564.4,28.69581523
564.6,29.30612304
564.8,27.03647083
565,27.35113749
565.2,29.35995944
565.4,28.82492464
565.6,24.77338972
565.8,22.00798595
566,20.24401199
566.2,19.89727864
566.4,19.90938879
566.6,20.75252236
566.8,20.9995023
567,21.00167371
567.2,20.6396208
567.4,20.29297178
567.6,21.1556772
567.8,21.69222442
568,21.80320265
568.2,21.03712868
568.4002813,19.8052226
568.6,17.89201356
568.8005626,15.362556
569.0008439,14.21196645
569.2011252,13.3616397
569.4005626,14.3692976
569.6,14.0216795
569.8,13.49052111
570,12.03608334
570.2,12.26951761
570.4,12.79358284
570.6,13.15320955
570.8,13.50497291
571,12.81208354
571.2,12.47391282
571.4,12.81499035
571.6,12.81231457
571.8,13.06004285
572,13.65720764
572.2,13.14642807
572.4,12.37965803
572.6,12.87213433
572.8,11.1471131
573,11.02193916
573.2,11.38387271
573.4,11.43788475
573.6,13.1001408
573.8,13.52691614
574,13.52485008
574.2,13.560065
574.4,13.15625257
574.6,12.25536465
574.8,12.50482064
575,13.77885084
575.2,13.81558075
575.4008439,12.96844045
575.6,15.71331076
575.8,18.23371554
576,20.53670331
576.2,20.64163213
576.4,20.32626229
576.6,18.74235476
576.8,18.56244335
577.0005626,15.25920599
577.2,13.27476309
577.4,12.74474307
577.6,13.11170081
577.8,14.24859223
578,14.55385941
578.2,13.93262056
578.4,12.33827173
578.6,12.08120765
578.8,14.20436196
579,15.30364097
579.2,16.27862245
579.4,18.25852741
579.6,18.08449793
579.8005626,16.084348
580,16.70935533
580.2002813,15.91145054
580.4005626,13.81181307
580.6,11.9191456
580.8,12.12677316
581,12.00244771
581.2,12.81588143
581.4,12.06961557
581.6,12.42130201
581.8,12.5211283
582,11.81113325
582.2,13.1151174
582.4,12.2094862
582.6005626,11.43328037
582.8,10.85202701
583,11.0332494
583.2,11.39305603
583.4,12.47973818
583.6,12.10575134
583.8,12.55321414
584,12.84299741
584.2,11.34642995
584.4,11.0361499
584.6,11.16276765
584.8,12.10128209
585,12.91282031
585.2,12.11285918
585.4,12.90916346
585.6,12.7718355
585.8,10.75047857
586,10.42936037
586.2,10.70295656
586.4,10.66004247
586.6,11.39274936
586.8,12.54676941
587,13.51124089
587.2,13.90926391
587.4,11.94956543
587.6,11.01595153
587.8,10.40819202
588,10.66390064
588.2,12.05822323
588.4,13.53115007
588.6,13.65150907
588.8005626,14.69138851
589.0005626,16.30542837
589.2,18.22611359
589.4,18.21821402
589.6,18.67228932
589.8,18.24822178
590,18.28983246
590.2,17.31671594
590.4,18.15390484
590.6,22.20726851
590.7988748,26.39895194
591,22.28929359
591.2,18.72536306
591.4,14.09770948
591.6,14.23095161
591.8,13.92255343
592,13.88525094
592.2,14.235335
592.4,14.97046376
592.5983224,14.96066787
592.8,15.21847937
593,13.73643287
593.2,11.10188194
593.4,10.66346625
593.6,11.34435789
593.8,10.65515875
594,12.36127916
594.2,12.73340649
594.4,13.5051834
594.6,13.51121367
594.8,12.76386345
595,12.83192995
595.2,12.83077523
595.4,12.59412977
595.6,13.01281317
595.8,12.8135634
596,11.99170519
596.2,10.69024758
596.4,11.41118089
596.6,11.737515
596.8,13.40937127
597,14.56096342
597.2,14.09836871
597.4,11.97628224
597.6,12.91211358
597.8,13.62310676
598,13.19740212
598.2,11.68006785
598.4,10.28269478
598.6,9.899177986
598.8,11.46808221
599,13.43731768
599.2,13.64225981
599.4,15.15514597
599.6,15.86754062
599.8,14.64527072
600,12.79889592
600.2,10.66338839
600.4,11.35926793
600.6,10.69058822
600.8,12.85332052
601,14.70372178
601.2,13.34467501
601.4,11.80099925
601.6,12.08491638
601.8,12.0221322
602,12.44939978
602.2,11.03327861
602.4,9.936472183
602.6,9.550615654
602.8,10.64804879
603,11.12889766
603.2,12.94814233
603.4,17.42611021
603.6,19.00865036
603.8,20.61247373
603.9983224,23.1149901
604.197204,24.73722776
604.397204,24.65419286
604.597204,24.55981783
604.7988816,21.94654237
605,19.38831982
605.2,18.76540318
605.4,18.77208723
605.6,18.82342273
605.8,18.84797225
606,18.86734387
606.2,19.51116148
606.4,19.65204285
606.6,19.97624074
606.8,21.33670953
607,23.85533594
607.2,25.90249492
607.4,30.28429942
607.5977632,29.73505185
607.8,23.44665253
608,20.72677113
608.2,18.82852286
608.4,18.00431976
608.6,16.53006479
608.8,15.86169346
609,15.15335796
609.2,14.4538183
609.4022368,10.45064033
609.602796,9.07467386
609.8,12.89557452
610,13.00654349
610.2,13.97734812
610.4,12.79716712
610.6,12.45621825
610.8,12.09132061
611,13.80670534
611.2016776,15.18861949
611.4016776,14.95582106
611.6022368,14.72903694
611.8,14.84079384
612.0011184,14.53237185
612.2022368,13.33788583
612.4016776,12.81099504
612.6016776,12.34425127
612.8033552,11.9864033
613.0016776,11.95038328
613.2,13.43477431
613.4,15.54305341
613.6,15.29192532
613.8,15.99225932
614,15.99120501
614.2,14.02039188
614.4,10.60633176
614.6,10.3721433
614.8,11.02550819
615,12.04667585
615.2,12.47577904
615.4,12.08477461
615.6,10.94077108
615.8,10.66529489
616,11.22227272
616.2,12.75968928
616.4,11.65261019
616.6,10.00351318
616.8,9.920601204
617,11.70929115
617.2,13.14130218
617.4,14.69378033
617.6,13.32189092
617.8,13.07191856
618,14.58561949
618.2,13.89504486
618.4,11.86461941
618.6,10.65233085
618.8,11.17314141
619,12.07844623
619.2,11.86798876
619.4,11.71274304
619.6,11.34895374
619.8,13.24826074
620,14.50522227
620.2,14.87184726
620.4,16.6066066
620.6,18.20628501
620.8,18.52926245
621,16.52318353
621.2,16.0064165
621.4,15.64502599
621.6,15.27959665
621.8,15.82161156
622,16.71919396
622.2,15.36040991
622.4,13.79843102
622.6,14.65624252
622.8,14.97016738
623,14.57085535
623.2,14.03733416
623.4,14.21542643
623.6,14.56489036
623.8,14.52270867
624,13.58176045
624.2,14.21982787
624.4,14.57094007
624.6,13.9467396
624.8,12.0890088
625,11.35014364
625.2,11.37216108
625.4,10.75208936
625.6,10.66232539
625.8,10.90629228
626,11.84752851
626.2,13.09415769
626.4,13.22718521
626.6,12.79289947
626.8,12.57093173
627,13.86075229
627.2,14.23996626
627.4,13.03169882
627.6016776,12.72861605
627.8016776,11.63693087
628,11.35313222
628.2,11.35983339
628.4,12.44034713
628.6,14.0236266
628.8,14.63254389
629.0016776,13.37592543
629.202796,12.19373848
629.4022368,13.571054
629.6011184,13.99251581
629.802796,12.0950334
630.0022368,13.2167677
630.2016776,14.91295502
630.4016776,13.82602047
630.6016776,12.4102276
630.8016776,13.59898659
631.0005592,15.38831763
631.2,17.29100762
631.4005592,16.41825286
631.6016776,14.83020424
631.8,16.7817898
632,18.03502344
632.2,17.77011341
632.4011184,15.14522401
632.6022368,13.31892331
632.8016776,12.39309895
633.0011184,13.81123101
633.2016776,14.93134253
633.4011184,15.80692306
633.6011184,15.74442259
633.8011184,14.27533951
634.0016776,13.24682627
634.2011184,14.9960262
634.4011184,15.15671063
634.6,14.51852669
634.8,14.16009961
635,12.03207508
635.2,11.8558132
635.4,12.10441424
635.6,11.42864452
635.8,10.12937839
636,9.235347071
636.2,9.913176177
636.4,11.3735183
636.6,10.85101142
636.8,11.4607052
637,11.90654303
637.2,9.802097974
637.4,8.888155638
637.6,10.77837294
637.8,10.97501839
638,11.91720832
638.2,13.15369946
638.4,13.1236838
638.6,11.33997867
638.8,10.64534453
639,10.64850832
639.2,11.66063385
639.4,13.28134109
639.6,13.50650484
639.8,13.50546302
640,13.50668899
640.2,13.51691641
640.4,14.93697967
640.6,14.12211082
640.8,11.61799321
641,11.38247276
641.2,11.82006072
641.4,12.07127182
641.6,14.08036432
641.8,14.93217839
642,13.96086439
642.2,13.88245884
642.4,14.61811031
642.6,12.45495215
642.8,13.18165
643,13.27531725
643.2,13.51226926
643.4,14.34722882
643.6,15.24624482
643.8,16.39918721
644,18.83537401
644.2,18.52582383
644.4,17.6536053
644.6011184,15.51818158
644.8,16.88168273
645,18.39833826
645.2,19.59927126
645.4,18.84139186
645.6,18.45150232
645.8,17.77100224
646.0011184,16.40883994
646.2,16.69569595
646.4,18.15475331
646.6,18.4747192
646.8,18.15466112
647,18.83880808
647.1988816,22.26372288
647.3983224,23.85302884
647.5977632,22.90930382
647.8,20.24424979
648,20.61214939
648.2,19.27212704
648.4,17.22573147
648.6022368,13.65342143
648.8016776,13.52435992
649.0011184,14.66968819
649.2016776,13.86601431
649.4022368,13.32629669
649.6016776,14.32878908
649.8022368,14.05099163
650,15.09949976
650.2,14.57668333
650.4,14.02065851
650.6,14.26167081
650.8,14.53644924
651,16.14027304
651.2,17.06359508
651.4,16.67657575
651.6,15.59468216
651.8,14.97119422
652,14.97514094
652.2,15.73537647
652.4,14.58836223
652.6,14.77479539
652.8011184,15.55811536
653.0022368,13.70571646
653.2011184,14.68891499
653.4011184,14.66831679
653.6011184,13.89796268
653.802796,12.16835668
654.0011184,14.52326481
654.2011184,17.0173187
654.4,20.597268
654.6,19.34777426
654.8,18.82476009
655,18.35759462
655.2,15.87235398
655.4039144,10.3193711
655.6,10.66635668
655.8,10.65779522
656,11.02174995
656.2,10.73366245
656.4,10.82649381
656.6,12.76637441
656.8,12.78818592
657,12.08893413
657.2,12.98220401
657.4,14.2324165
657.6,14.29322981
657.8,13.10846993
658,12.70959791
658.2,12.35989605
658.4,12.74274786
658.6,14.02797671
658.8,14.21505444
659,13.40542033
659.2,14.58237381
659.4,14.66662727
659.6,13.13304954
659.8,13.74039772
660,14.59957243
660.2,13.55754081
660.4,12.84470735
660.6,12.42859865
660.8,13.12744928
661,14.57337191
661.2022368,13.37295884
661.4016776,14.53827677
661.6022368,13.57836181
661.8022368,11.96433334
662.0016776,14.13348372
662.202796,12.42300986
662.4022368,11.27316591
662.6016776,11.36608163
662.802796,12.11786649
663.0016776,13.44209438
663.2016776,12.90919356
663.4022368,12.12792352
663.6033552,10.19652254
663.8033552,10.25543094
664.002796,10.45631115
664.2022368,12.67886525
664.4,13.10982919
664.6016776,14.17969806
664.8016776,12.33402818
665,10.98949283
665.2,9.959530066
665.4,10.71281678
665.6,11.3546138
665.8,11.33038259
666,10.01265119
666.2,9.897627827
666.4,11.36525008
666.6,13.29664403
666.8,13.50692112
667,13.85246189
667.2,14.21859946
667.4,14.27915775
667.6,13.68340475
667.8,14.94891133
668,14.260241
668.2,14.35563354
668.4,14.70788163
668.6,15.20853186
668.8,16.32417818
669,15.68797684
669.2,14.94358352
669.4,14.92736307
669.6,14.77994967
669.8,13.09275564
670,13.43124713
670.2,14.78077674
670.4,15.05551201
670.6,13.5796261
670.8,12.78288588
671,12.79426013
671.2,12.79471081
671.4,12.87110055
671.6,12.05234725
671.8,13.03120147
672,14.24626363
672.2,13.94236576
672.4,12.76855485
672.6017324,14.02550653
672.8017324,15.85044069
673.0011549,16.74751886
673.2017324,14.16438435
673.4028873,11.67305703
673.6,13.41440452
673.8,14.03917996
674,14.19818186
674.2,15.11716152
674.4,15.99536395
674.6,15.60791216
674.8,14.06696356
675,13.03080119
675.2,13.49601298
675.4,15.19176683
675.6,15.90760468
675.8,14.94977819
676,15.61740271
676.2,15.61362024
676.4,12.7486772
676.6,12.10975973
676.8,13.16596657
677,13.6221794
677.2,13.51316185
677.4,12.52856555
677.6,11.70488975
677.8,10.68267458
678,12.08226681
678.2,12.73726861
678.4,14.04477667
678.6,13.28130687
678.8,13.22824155
679,13.4173126
679.2,15.08791166
679.4,15.99844814
679.6,14.15141953
679.8,12.37634893
680,11.86225696
680.2,14.13981917
680.4,14.57976735
680.6,15.97575726
680.8,17.07306749
681,16.22964032
681.2,15.63395253
681.4,15.10222913
681.6,15.27520265
681.8,16.0034002
682,15.23829197
682.2,15.6346123
682.4,15.6367489
682.6,16.22898331
682.8,14.50461742
683,12.78840549
683.2,13.91322765
683.4,13.86420024
683.6,14.43520394
683.8,15.30255532
684,14.61741971
684.2,14.13703971
684.4,14.9302475
684.6,14.94709568
684.8,15.66916574
685,15.60933801
685.2,18.10981103
685.4,18.47852264
685.6,16.86903141
685.8,16.5793876
686,16.99476472
686.2,17.50607781
686.4,18.06201099
686.6,18.6112484
686.8,19.10247416
687,19.48437242
687.2,18.60165089
687.4,17.87678891
687.6,16.67991754
687.8,14.60824478
688,13.85346702
688.2,12.53095248
688.4,12.79627714
688.6,13.06399632
688.8,13.39526389
689,13.49929545
689.2,13.92595157
689.4,13.85152819
689.6,15.33529937
689.8,15.29650958
690,15.64779412
690.2,16.3695656
690.4,16.36450452
690.6,15.20724691
690.8,14.92647806
691,14.92686751
691.2,14.93254698
691.4,13.64347724
691.6,13.49122601
691.8,13.1329735
692,13.04732851
692.2,13.47328393
692.4,14.08779999
692.6,13.62426608
692.8,10.63905588
693,11.37341822
693.2,12.08080064
693.4,12.4282623
693.6,14.15373509
693.8,13.43799705
694,13.50562255
694.2,13.37669216
694.4,11.78817409
694.6,11.00552017
694.8,13.17123908
695,18.21197344
695.2,19.56464018
695.4,19.1571758
695.6011549,16.62320812
695.8017324,14.85731867
696.0017324,14.61821633
696.2,15.63687727
696.4,14.97510614
696.6,13.84244171
696.8,14.55418821
697,14.78803139
697.2,14.92490336
697.4,15.88026697
697.5982676,17.13542568
697.8,16.86421756
698,16.69637902
698.2,15.98250547
698.4,14.96351117
698.6,14.21414679
698.8,15.00147208
699,16.24466311
699.2,18.36266918
699.4,19.16577127
699.6,18.81376873
699.8,17.77010201
700,17.05550875
700.2,16.69974436
700.4017324,16.25924551
700.6017324,16.01647379
700.8,17.74826762
701,18.69095721
701.2,19.43555247
701.4,19.2292097
701.6017324,15.34472795
701.8011549,15.68503099
702.0017324,14.80658189
702.2023099,13.1423255
702.4,11.78475766
702.6,14.21623545
702.8,14.70948065
703,14.91528913
703.2,14.92310586
703.4,14.30621812
703.5936478,14.34186844
703.7948028,14.09470045
704,13.59709518
704.2,13.91846547
704.4,12.8112623
704.6,12.05385437
704.8,14.20955142
705,15.7190564
705.2,18.12033395
705.4,18.17214809
705.6,18.2759088
705.8,16.89286467
706,14.94851341
706.2,13.51519895
706.4,13.98379524
706.6,14.92934666
706.8,15.66707879
707,15.65025291
707.2,16.03577242
707.4,15.49522209
707.6023099,12.30531872
707.8,15.40578379
708,15.98867872
708.2,14.58702152
708.4023099,13.68680689
708.6,14.61413332
708.8017324,15.54628338
709,16.90314541
709.2,15.97451914
709.4,16.06079424
709.6,15.64220299
709.8,16.34070991
710,15.67844837
710.2,13.76811671
710.4,12.06311731
710.6,11.81921559
710.8,14.14726283
711,14.93134458
711.2,13.82335724
711.4,14.21425216
711.6,14.92412797
711.8,14.8484208
712,16.50028262
712.2,18.27574348
712.4017324,14.67960032
712.6017324,13.56280955
712.8011549,15.44392071
713,17.32438492
713.2,15.20586908
713.4,13.13130926
713.6,11.70240382
713.8,11.74185156
714,11.69831321
714.2,13.90340734
714.4,14.56944154
714.6,12.97978038
714.8,11.73769737
715,12.07152025
715.2,12.07148742
715.4,12.61173155
715.6,12.01646708
715.8,12.06513715
716,12.1312987
716.2,12.0329442
716.4,12.79798258
716.6,13.14453388
716.8,14.2263147
717,15.32260488
717.2,15.69889075
717.4,16.03145085
717.6,15.19338841
717.8,16.00475639
718.0023099,13.13766174
718.2017324,14.91187453
718.4,17.53400225
718.6005775,18.00572468
718.8,19.22092971
719.0017324,16.05126956
719.2023099,14.38702454
719.4,14.25430348
719.6,13.70467359
719.8,13.5384566
720,12.78961969
720.2,12.795193
720.4,13.54690847
720.6,14.91476622
720.8005775,16.33469883
721.0017324,15.42574255
721.2017324,16.46896146
721.4011549,16.44107301
721.6,19.18146604
721.8,19.57592718
722,18.82169742
722.2,18.62430411
722.3988451,19.62668693
722.6,19.05347964
722.8,18.50041977
723,17.67992548
723.2,18.19064012
723.4,19.17794775
723.6,19.74355468
723.8,19.48985476
724,17.8870016
724.2,18.1225621
724.4,18.33029958
724.6,18.40007003
724.8,19.65005218
725,19.23717098
725.2,19.90228707
725.4,17.80483168
725.6,19.92805325
725.8,19.93603478
726,18.49161826
726.2,18.05433713
726.4,18.65346583
726.6,18.94514221
726.8,17.51550518
727,17.78390356
727.2,17.02341191
727.4,17.46120203
727.6,16.96677092
727.8,17.03405428
728,16.35064969
728.2,16.09199783
728.4,15.27071775
728.6,15.32968592
728.8,14.92043518
729,15.94578223
729.2,18.8124746
729.4,18.20621514
729.6,18.0324021
729.8,18.40729459
730,18.15417424
730.2011549,16.41725525
730.4017324,15.4249756
730.6051972,13.07955948
730.8051972,12.9404125
731.0028873,12.66934152
731.2023099,13.41536543
731.4028873,11.01582976
731.6,9.474129521
731.8,10.49806295
732,10.6633169
732.2,9.337591258
732.4,8.532440891
732.6,8.836585776
732.8,9.641690561
732.9982676,9.807296358
733.2,9.181189382
733.4,9.996215222
733.6,11.15543145
733.8,10.6417877
734,9.76839017
734.2,10.76358778
734.4,9.876214659
734.6,13.4556649
734.7982676,14.01071855
735,13.33211039
735.2,12.44949837
735.4,10.50139866
735.6,10.66545194
735.8,11.44813347
736,13.23407161
736.2,13.50052409
736.4,13.77052134
736.6,13.59078942
736.8,13.54356991
737,12.44503725
737.2,11.16091032
737.4,12.53502993
737.6,12.6873978
737.8,10.83382808
738,8.11295623
738.2,9.068200536
738.4,11.36592449
738.6,10.08205719
738.8,9.262391714
739,11.22110073
739.2,11.69621768
739.4,12.10517666
739.6,13.9361048
739.8,18.25557815
740,19.93598884
740.2,20.64539928
740.4,19.94743169
740.6,19.56035189
740.8,20.3342065
741,22.27127509
741.2,22.27388468
741.4,20.252591
741.6,20.97313432
741.7982676,24.46158141
741.9976901,25.2240931
742.2,21.06848273
742.4,19.88892593
742.6,19.51982806
742.8,20.77820175
743,20.58682475
743.2,20.16967124
743.4,18.69909662
743.6,18.46859685
743.8,17.10209919
744,15.36940953
744.2002862,14.09040995
744.4,17.82009375
744.6,20.00718197
744.8,21.34271591
744.9994275,23.31291088
745.2,21.06879427
745.4,20.23063023
745.6,20.28873266
745.8,19.15426659
746,18.63913855
746.2,19.53277154
746.4,20.89152927
746.6,20.84339906
746.8,20.57838314
747,19.56664563
747.2,18.45385262
747.4,18.0946315
747.6,15.08247051
747.8,14.54609577
748,13.73754207
748.2,14.68602247
748.4,17.10001143
748.6,17.75291677
748.8,15.65551481
749.0005725,14.58855206
749.2005725,14.29258341
749.4008587,13.21155691
749.6011449,12.07824729
749.8008587,12.93084626
750.0014311,12.38305348
750.2,12.19389998
750.4,12.4429843
750.6014311,13.76889029
750.7988551,15.34708697
751.0017174,13.31450706
751.2014311,12.75845153
751.4014311,12.90549882
751.6008587,13.62711117
751.8008587,12.00136387
752.0008587,13.91190657
752.2,15.48991825
752.4008587,15.22167087
752.6008587,14.8027986
752.8005725,14.65274068
753.0011449,14.08304564
753.2008587,15.14892028
753.4008587,15.49317854
753.6,18.23267133
753.8,18.7068056
754,18.80945034
754.2,18.15496614
754.4,18.16056355
754.6,18.07630688
754.8,19.04148879
755,19.52397455
755.2,19.46761805
755.4,19.55370708
755.6,19.52634232
755.8,20.25769485
756,19.93213875
756.2,19.17933844
756.4,19.87232872
756.6,20.29497636
756.8,18.76755371
757,20.13281251
757.2,20.59199667
757.4,20.99173623
757.6,21.22176599
757.8,21.08097749
758,21.57869265
758.2,20.89902966
758.4,20.91332821
758.6,22.58471425
758.7991413,27.11539472
758.9988551,27.98759079
759.1991413,27.79491395
759.4,25.53094738
759.6,24.47393588
759.8,22.54978969
760,21.49854445
760.2,21.05305039
760.4,21.54584308
760.6,21.28272281
760.8,20.60281738
761,20.93458032
761.2,20.02884986
761.4,18.02858408
761.6011449,14.89160853
761.8008587,14.50603399
762.0002862,16.90574175
762.2008587,15.34872628
762.4008587,14.82126872
762.6011449,14.3313454
762.8,18.12568125
763,20.32995188
763.2,21.36091153
763.4,21.00844698
763.6,20.59700881
763.8,20.26744064
764,18.41688234
764.2,18.25459886
764.4,19.37386396
764.6,19.14112404
764.8,19.61900836
765,20.73760311
765.2,21.03318135
765.4,20.12172663
765.6,19.51424934
765.8,19.46653902
766,20.27852181
766.2,22.9115777
766.4,21.45671561
766.6,20.69727083
766.8,19.07005956
767,19.15824228
767.2,19.38995391
767.4,19.51992402
767.6,18.77774063
767.8,19.23561244
768,19.2598487
768.2,19.80809666
768.4,19.87439115
768.6,20.12413766
768.8,19.15597154
769,18.64181121
769.2,20.30794024
769.4,21.37536578
769.6,19.66383961
769.8,18.52536916
770,16.22448328
770.2,15.0805682
770.4,13.85711207
770.6,13.50338287
770.8,11.49481742
771,12.55395748
771.2,11.12725072
771.4,11.73865298
771.6,12.06619368
771.8,10.96700523
772,9.911004184
772.2,10.34855469
772.4,10.32034353
772.6,9.214146349
772.8,12.4162823
773,10.9475101
773.2,12.79230385
773.4,12.06465678
773.6,11.77624695
773.8011449,12.52186758
774.0008587,13.11798583
774.2011449,13.6421957
774.4005725,13.60903769
774.6011449,11.01578694
774.8,11.36960907
775,11.90729898
775.2,13.54033486
775.4,14.81630405
775.6,14.90352139
775.8,13.93432027
776,12.32340159
776.2,14.50489497
776.4,15.4365597
776.6,15.97476691
776.8,14.74924181
777.0008587,14.21588449
777.2002862,16.78775053
777.4,18.86894087
777.6,17.86375053
777.8,19.40828007
778.0002862,16.89002745
778.2005725,15.04874667
778.4008587,15.60113478
778.6,16.80961165
778.8005725,14.27832457
779,12.42207235
779.2,12.16702907
779.4,13.12069115
779.6,12.65117526
779.8,10.62481528
780,9.64304305
780.2,9.579953478
780.4,10.5524112
780.6,11.12876018
780.8,10.32429747
781,9.206485354
781.2,9.954364957
781.4,11.43827612
781.6,12.09422988
781.8,11.40245584
782,11.05509829
782.2,13.03528349
782.4014311,13.92692163
782.6005725,15.34039699
782.8005725,16.8222505
783.0008587,15.59278263
783.2011449,14.32232517
783.4,16.62793932
783.6,17.48847857
783.8005725,15.52126333
784.0008587,13.76021593
784.2011449,12.87559669
784.4011449,12.18792644
784.6008587,12.73689409
784.8008587,12.76465198
785.0008587,11.43178422
785.2011449,11.09007669
785.4,12.06328902
785.6,11.54211719
785.8,11.02418913
786,12.53018594
786.2,14.96367182
786.4,16.27317341
786.6011449,13.78236022
786.8008587,12.98530116
787.0008587,14.28960581
787.2008587,14.48202204
787.4008587,13.24949701
787.6008587,13.99120349
787.8008587,14.83541106
788,14.60086901
788.2,13.88257503
788.4,12.9050084
788.6,14.51128369
788.8,16.20891576
789,14.49364881
789.2,12.83228783
789.4,13.216192
789.6,14.2202166
789.8,14.16585952
790,13.80975712
790.2,13.50848707
790.4,13.0946547
790.6,11.87338242
790.8,13.16922375
791.0005725,16.01816936
791.2002862,17.63344498
791.4,17.275249
791.6,17.15392237
791.8,15.61444125
792,14.62580179
792.2,13.68087064
792.4,10.95892268
792.6,14.43525453
792.8,16.3128286
793,15.63348185
793.2,14.90052299
793.4,15.61330683
793.6,15.74145889
793.8008587,15.18051667
794.0005725,14.6275481
794.2008587,12.83424922
794.4014311,12.08548003
794.6008587,12.83060057
794.8011449,13.79325052
795,13.03749122
795.2,12.78805137
795.4,13.24676617
795.6014311,12.90840258
795.8008587,13.96533753
796.0002862,16.92250125
796.2002862,16.63557562
796.4008587,13.29284026
796.6008587,14.40044295
796.8008587,14.0993458
797.0008587,13.6126081
797.2008587,12.30140164
797.4014311,12.58677732
797.6008587,12.65312267
797.8011449,12.26207196
798.0017174,10.09353407
798.2008587,11.66785121
798.4008587,13.01075929
798.6008587,13.8001769
798.8011449,13.1095463
799.0005725,15.31673256
799.2008587,14.77243422
799.4008587,14.41111564
799.6005725,16.53648886
799.8,19.22829594
800,18.21160692
800.2,18.7436533
800.4,16.89832177
800.6,17.70818093
800.8,19.04712188
801,19.51509298
801.2,19.8369739
801.4,20.62741914
801.6,22.35807076
801.8,25.15623398
801.9991413,24.78820585
802.2,21.59002542
802.4,21.5116775
802.6,24.1231225
802.8,26.71752452
803.0008587,24.59850766
803.2,26.09533386
803.4,31.9909057
803.6,29.71187932
803.8,25.00991374
804.0008587,25.78437884
804.1988551,27.14232787
804.3994275,25.78409859
804.6,22.91006327
804.8,20.88541655
805,21.4140157
805.2,21.95068127
805.4,21.27980044
805.6,20.93269253
805.8,21.43039497
806,20.26508406
806.2,20.59644822
806.4,20.94902039
806.6,20.5738712
806.8,21.38002928
806.9991413,24.19221508
807.2,21.2306675
807.3994275,24.00548522
807.6,20.20904734
807.8,19.51207468
808,19.16803346
808.2,19.6397232
808.4,20.20980028
808.6,20.19516525
808.8,20.22961627
809,20.22812599
809.2,20.14073006
809.4,19.1311843
809.6,18.8914567
809.8,20.1963226
810,20.1991754
810.2,20.24120306
810.4,17.85418744
810.6005725,13.83710262
810.8,16.17780427
811,17.68549258
811.2,17.0946045
811.4,13.89122771
811.6,13.43649104
811.8,14.56832613
812,14.20265789
812.2,14.23534931
812.4,13.92810605
812.6,14.06202732
812.8,15.41659558
813,13.90743057
813.2,13.57198102
813.4005725,14.134832
813.6,17.46632231
813.8,18.86552887
814,18.40413823
814.2,15.66436195
814.4008587,12.72722804
814.6008587,13.47227542
814.8,14.17946569
815,15.06441623
815.2,15.98023368
815.4,17.64554658
815.6,16.18418234
815.8,14.58896133
816,14.71025067
816.2,17.26727167
816.4,18.55401953
816.6,19.18684912
816.8,20.45574995
817,20.58440818
817.2,20.37453681
817.4,19.04719907
817.6,18.05461628
817.8,17.76891851
818,17.63197867
818.2005719,16.39366499
818.4,18.14856383
818.6,19.37574053
818.8005719,17.38349441
819.0005719,16.78752181
819.2008579,16.63156417
819.4008579,16.90489896
819.600286,18.57756628
819.8,19.56050359
820,19.29213685
820.2,17.82878695
820.4,18.4655826
820.6,17.87763048
820.8,18.72459669
821,17.39868606
821.2,17.50011351
821.4,17.45604674
821.6,18.20631009
821.8,17.23946088
822,18.45143655
822.2,18.70515329
822.4,18.79625097
822.6,19.26362025
822.8,18.88766622
823,16.65650736
823.2,17.54242086
823.4,15.7510493
823.6,15.35746326
823.8,14.9259213
824,14.92783748
824.2,15.61339827
824.4,15.96257265
824.6,14.7633736
824.8,14.34094869
825,14.1849385
825.2,14.83788934
825.4,13.15692761
825.6,13.69305302
825.8011439,14.08711038
826.0008579,14.98995201
826.2005719,16.02086529
826.400286,16.89784692
826.6005719,15.94954272
826.8008579,14.82317785
827.0011439,14.10357492
827.2005719,15.7137587
827.4,18.04621982
827.6,19.76905372
827.8,20.88412198
828.0011439,22.40379392
828.2014299,23.38780675
828.399714,21.73803639
828.6,20.96165546
828.7994281,23.25274676
829,24.4407617
829.2,20.75495874
829.4,19.94134947
829.6,20.59976527
829.8,21.09684115
830,21.01941328
830.2,19.91552262
830.4,19.55642011
830.6,19.89375056
830.8,19.88874324
831,20.74832432
831.2,22.7463355
831.4,22.09287076
831.6,20.20997123
831.8,18.24565656
832,18.70983589
832.2,19.58288249
832.4,20.77549942
832.5988561,22.98228137
832.7991421,24.70109498
832.9994281,23.73939041
833.1994281,23.71970337
833.3994281,23.70497368
833.5994281,24.2009778
833.7991421,24.9386387
833.9991421,26.14715852
834.2,28.06497253
834.4,23.99719779
834.6,21.97133821
834.8,21.76069429
835,21.32407964
835.2,20.03539465
835.4,20.62408511
835.6,21.25684739
835.8,22.89969777
835.9994281,22.84840071
836.1991421,24.63648993
836.4,22.30660524
836.6,20.40733619
836.8,20.27603574
837,20.34272199
837.2,19.17814342
837.4,18.50133643
837.6,19.03201301
837.8,20.24846094
838,20.9128971
838.2,20.61383143
838.3994281,23.53092265
838.5985701,26.55744685
838.7991421,25.26268943
838.9991421,24.12460927
839.1991421,25.02027065
839.3988561,25.12385829
839.5994281,26.5131214
839.8,27.23296478
840,22.98785265
840.2,18.58677097
840.4008579,15.34121567
840.6,18.40796208
840.8008579,14.77197139
841.0014299,12.53776587
841.2008579,14.54754864
841.4005719,16.07783676
841.6,16.33148411
841.8,15.24541965
842,14.55728088
842.2,14.91230456
842.4,14.51866021
842.6,13.44304566
842.8,12.428848
843,12.79677862
843.2,12.7894731
843.4,13.97746048
843.6,14.92082424
843.8,14.63846592
844,14.56978834
844.2005719,14.97738948
844.4017158,14.81504303
844.6017158,14.81785453
844.8014299,15.61959697
845.0014299,15.52819343
845.2011439,16.25578334
845.4011439,16.11028976
845.6011439,15.95279803
845.8011439,15.7933394
846.0008579,16.49299921
846.2,18.91286281
846.400286,17.87975104
846.6008579,16.15179408
846.800286,18.00804244
847,19.02346493
847.2,17.63608034
847.4,14.4758547
847.6011439,13.84197808
847.8005719,16.0736128
848,18.5082866
848.2,18.86153939
848.4,18.87326608
848.6,17.94759475
848.800286,17.6558686
849.0005719,16.88143628
849.2,16.13236771
849.4,15.34930788
849.6,15.60970831
849.8,14.32878521
850,13.36968495
850.2,12.80006902
850.4,10.8869206
850.6,10.66183913
850.8,10.66183774
851,10.65614377
851.2,11.93870387
851.4,12.73144998
851.6,11.40805557
851.8,12.31104798
852,14.1727807
852.2,13.44311888
852.4,12.08550982
852.6,12.23431889
852.8,13.52078888
853,14.51582197
853.2,15.21082015
853.4,15.22248838
853.6,14.1479497
853.8,14.24406635
854,12.81125468
854.2,10.28982926
854.4,9.766202672
854.6,9.678182329
854.8,10.19750959
855,10.66451729
855.2,10.64499701
855.4,11.92016149
855.6,12.43809245
855.8,11.7898629
856,10.29726788
856.2,10.99222308
856.4,11.06503301
856.6,10.37908721
856.8,11.2049451
857,12.0937657
857.2,12.40368951
857.4,13.14729618
857.6,13.45008204
857.8,14.94151663
858,14.57936707
858.2,13.28466411
858.4,13.0826602
858.6,11.94251576
858.8,11.01043619
859,11.43644659
859.2,13.22603463
859.4,13.96370727
859.6,12.4261616
859.8014299,10.0932116
860.0008579,11.29434737
860.2011439,10.36153626
860.4020018,9.099494374
860.6017158,10.23310963
860.8,10.30598002
861,11.09789567
861.2,12.10192651
861.4,11.29357434
861.6,10.37079631
861.8,9.822961919
862,9.253257579
862.2,10.42157032
862.4,13.6446327
862.6,14.53610429
862.8,14.22925446
863,13.10372509
863.2,13.50816987
863.4,13.50152062
863.6,15.52582958
863.8,15.62277308
864,13.62541661
864.2,13.49601399
864.4,13.20535335
864.6,12.7859942
864.8,13.50963077
865,13.38921499
865.2,11.7316433
865.4,11.73843966
865.6,12.07885236
865.8,12.73234684
866,12.32088733
866.2,10.97828369
866.4,12.06042704
866.6,13.14523454
866.8,12.47691037
867,9.524486945
867.2,8.494991937
867.4,10.36388978
867.6,10.05074644
867.8,9.794703991
868,11.66586578
868.2,13.13490989
868.4,13.1329321
868.6,12.11566958
868.8,11.40331391
869,12.20930175
869.2,10.23509944
869.4,9.243937296
869.6,9.788165847
869.8,10.65877659
870,10.6383545
870.2,11.38848582
870.4,11.37191973
870.6,11.29864686
870.8,11.02263255
871,11.78705698
871.2,11.02758702
871.4,13.0279981
871.6,13.18067178
871.8,14.01468047
872,15.19985163
872.2,18.14382009
872.4,18.87422494
872.5988561,19.45350908
872.8,19.5874224
873,17.76908963
873.2008579,14.3269606
873.4008579,12.65254403
873.6008579,12.34057664
873.8011439,12.77116767
874,11.85341805
874.2,10.53605908
874.4,10.98432234
874.6,12.00048872
874.8,13.50328461
875,12.45447521
875.2,12.08225483
875.4,11.8349398
875.6,10.52330638
875.8,7.511370399
876,6.53364611
876.2,7.113443781
876.4,7.823715871
876.6,7.824291069
876.8,8.575531401
877,8.53031432
877.2,8.514732658
877.4,9.970386194
877.6,9.975830669
877.8,9.581057145
878,9.967294544
878.2,9.565952721
878.4,9.440102369
878.6,8.503723939
878.8,7.791053859
879,7.816467001
879.2,8.671039224
879.4,7.812688782
879.6,7.568057372
879.8,10.12851935
880,11.4203692
880.2,9.45417624
880.4,9.254407224
880.6,9.92970729
880.8,9.965769051
881,9.09123965
881.2,9.304604071
881.4,9.428657383
881.6,9.952803457
881.8,9.967535221
882,10.43427746
882.2,9.231940941
882.4,8.645506651
882.6014299,8.519284766
882.8,8.43419085
883,8.513988071
883.2,7.534885441
883.4,7.470516847
883.6,7.79872681
883.8,7.297463916
884,7.104178547
884.2,8.570968415
884.4,10.32884922
884.6,11.57134147
884.8,11.62094264
885,10.04196065
885.2,10.82495153
885.4,12.09080449
885.6,12.10957718
885.8,11.37427402
886,10.75753945
886.2,9.956236438
886.4,9.28828277
886.6,9.054366598
886.8,10.6216925
887,11.72517785
887.2,10.66014629
887.4,10.30382034
887.6,10.13671767
887.8,10.11768235
888,9.797871383
888.2,9.969078866
888.4,8.277803167
888.6,9.229722968
888.8,10.09628812
889,9.945652718
889.2,10.33024721
889.4,10.53782386
889.6,10.99599119
889.8,11.18253694
890,9.605095737
890.2,9.292393793
890.4,9.950926136
890.6,9.533107359
890.8,9.960792683
891,9.609696896
891.2,9.309551083
891.4,9.258324931
891.6,8.256337077
891.8,7.097908578
892,9.26258451
892.2,9.951881085
892.4,9.96759472
892.6,12.42951481
892.8,12.65184494
893,12.36840537
893.2,11.6551483
893.4,12.49291215
893.6,10.06125013
893.8,9.132442515
894,10.9967499
894.2,11.5309775
894.4,10.62046876
894.6,10.93095361
894.8,11.08734411
895,11.43142901
895.2,11.98224246
895.4,11.34267738
895.6,10.75619775
895.8,11.02818625
896,10.63100825
896.2,11.4367948
896.4,12.10253365
896.6,12.81137578
896.8,12.8126909
897,11.1561389
897.2,9.589770645
897.4,10.06928635
897.6,11.15486002
897.8,11.90391323
898,11.3180738
898.2,10.95922429
898.4,11.06411489
898.6,10.31181766
898.8,10.05910134
899,9.55105237
899.2,9.228768109
899.4,9.585389318
899.6,10.92700137
899.8,9.667702214
900,9.642531654
900.2,8.527049651
900.4,8.902993509
900.6,9.89631821
900.8,11.11557435
901,11.09470502
901.2,10.64778171
901.4,10.61985846
901.6,11.6791641
901.8,11.72258432
902,10.63104372
902.2,10.24421823
902.4,10.54626086
902.6,11.64432151
902.8,11.07121914
903,10.651258
903.2,10.65981632
903.4,8.638739561
903.6,8.930180179
903.8,9.94464028
904,9.122114865
904.2,8.801427887
904.4,10.14952651
904.6,10.65484854
904.8,10.65452025
905,10.662201
905.2,10.54936834
905.4,11.36461617
905.6,10.99613151
905.8,11.84188303
906,11.78144036
906.2,11.36839776
906.4,12.07328817
906.6,11.5007731
906.8,10.27619148
907,9.936266105
907.2,10.71812983
907.4,10.27952474
907.6,10.8250901
907.8,10.64157116
908,10.32568986
908.2,9.235208553
908.4,9.226602514
908.6,8.566804555
908.8,8.997281815
909,8.521319488
909.2,8.522915069
909.4,8.454391269
909.6,9.23321391
909.8,10.57898045
910,11.45281624
910.2,12.78385037
910.4,13.60662368
910.6,12.4833728
910.8,11.17762394
911,9.949567528
911.2,9.440072421
911.4,9.937459058
911.6,9.916401144
911.8,10.64705136
912,10.6573122
912.2,11.32714974
912.4,11.96540833
912.6,9.593716378
912.8,10.67057003
913,11.21300355
913.2,13.10854054
913.4,12.08632862
913.6,10.88179318
913.8,9.255745546
914,10.48687222
914.2,11.37054851
914.4,10.63902471
914.6,11.40843732
914.8,13.02754474
915,13.90644066
915.2,12.83410904
915.4,12.09136187
915.6,12.42832944
915.8,13.13360377
916,13.14645298
916.2,12.15806817
916.4,12.01263356
916.6,11.00219172
916.8,10.23255891
917,12.0139493
917.2,15.11182811
917.4,15.2656629
917.6,15.1987184
917.8,13.7995846
918,13.48011405
918.2,14.21955955
918.4,14.58445817
918.6,13.53722857
918.8,13.14227079
919,14.35592146
919.2,14.90726961
919.4,14.95211496
919.6,14.6559923
919.8,15.25684325
920,15.63330499
920.2,14.92116983
920.4,14.6599535
920.6008958,14.82194156
920.8002986,16.0165332
921,17.44819994
921.2,18.77131648
921.4,19.04878327
921.6005972,16.06229666
921.8011945,13.35645599
922.0014931,11.94165906
922.2,13.5871334
922.4,13.89368741
922.6,13.31845857
922.8,14.88375857
923,14.60127253
923.2,13.82536798
923.4,14.21861857
923.6,14.45379361
923.8,13.17905659
924,13.15244432
924.2,11.76581177
924.4,11.98308544
924.6,12.77669529
924.8,13.47800681
925,14.45892727
925.2,15.83517608
925.4,15.43717593
925.6008958,12.5403883
925.8005972,13.08828737
926.0008958,11.87326963
926.2014931,9.774663823
926.4008958,11.15004574
926.6,13.40049711
926.8,13.05753794
927,12.73962047
927.2,12.45651174
927.4,12.21797873
927.6,12.32471642
927.8,13.89784366
928,14.36949639
928.2,14.97425205
928.4,15.64704209
928.6,16.32279799
928.8,16.93645122
929,16.43623424
929.2,14.95059231
929.4,13.3975068
929.6,12.18382903
929.8,12.46725262
930,14.06767926
930.2,15.42761754
930.4,14.37158295
930.6,13.4899121
930.8,13.80738446
931,15.54119886
931.2,16.69781323
931.4,16.22540597
931.6,15.95253286
931.8,16.68523355
932,13.60499953
932.2,12.08005129
932.4,13.45373569
932.6,12.69010678
932.8,13.48971657
933,13.91368886
933.2,15.27307448
933.4,15.64415422
933.6,14.92993333
933.8,15.49135062
934,16.33235779
934.2,16.36266252
934.4,15.6281573
934.6,14.98869367
934.8,14.1808305
935,14.21102254
935.2,14.89031177
935.4,16.66425232
935.6,17.33971778
935.8011945,14.73102724
936.0008958,14.17419758
936.2,16.95875226
936.4,18.76666151
936.6,18.68518184
936.8,16.03016071
937,14.76616111
937.2,13.12824386
937.4,12.0924271
937.6,9.835949839
937.8,9.243157638
938,10.55712334
938.2,11.32416299
938.4,11.99736486
938.6,9.957644133
938.8,9.24257493
939,9.288387209
939.2,10.47949347
939.4,10.73501132
939.6,11.95547743
939.8,12.07394975
940,11.75975405
940.2,10.68695242
940.4,9.563675383
940.6,9.862257726
940.8,11.50917867
941,12.80039494
941.2,12.80558093
941.4,11.45924954
941.6,10.71479458
941.8,9.949110443
942,11.07264799
942.2,10.69358932
942.4,10.95942427
942.6,11.51423239
942.8,10.28924161
943,10.43835173
943.2,10.6509942
943.4,9.873123754
943.6,10.31608791
943.8,9.897527651
944,9.242978124
944.2,9.198310739
944.4,9.999546751
944.6,10.66242053
944.8,11.2155499
945,12.09792819
945.2,11.26712192
945.4,10.54236057
945.6,9.948265873
945.8,10.77857792
946,10.63619795
946.2,10.06932592
946.4,9.233346638
946.6,10.31079991
946.8,11.75515419
947,10.79448323
947.2,9.227833652
947.4,9.555079022
947.6,10.39150024
947.8,11.00766049
948,12.14079836
948.2,11.30962684
948.4,9.235122986
948.6,9.561998629
948.8,9.934024341
949,9.304863544
949.2,10.31733429
949.4,10.10719709
949.6,9.549086648
949.7991042,7.636668868
950,7.429302695
950.2,8.053474755
950.4,8.549294545
950.6,8.178151991
950.8,8.225473724
950.9988055,8.924650973
951.2,7.705689226
951.4,8.497245499
951.6,9.221800348
951.8,9.271011557
952,7.857925573
952.2,8.551501039
952.4,8.525137408
952.6,8.25079204
952.8,8.519293049
953,9.457360801
953.2,10.35755856
953.4,13.040112
953.6,12.69156721
953.8,13.17010586
954,13.34370769
954.2,12.00893372
954.4,9.920412871
954.6,10.745191
954.8,12.71102625
955,13.41321691
955.2,12.13568988
955.4,11.3381705
955.6,11.36408233
955.8,11.53868308
956,11.71157799
956.2,10.01476296
956.4,10.38402514
956.6,11.69097528
956.8,11.45512385
957,13.46102616
957.2,14.90590686
957.4,13.75013703
957.6,10.56958636
957.8,11.71974033
958,12.02378663
958.2,12.01768773
958.4,11.72027702
958.6,13.26437019
958.8,12.45697736
959,11.96633648
959.2,12.4375957
959.4,13.0294179
959.6,14.25181575
959.8,13.49868995
960,12.45691967
960.2,12.78823799
960.4,13.92313378
960.6,13.9388881
960.8,14.9121683
961,14.91389264
961.2,15.22512338
961.4,17.94997514
961.6,18.80338726
961.8,19.22461991
962,19.18145823
962.2,17.96161916
962.4005972,14.84449718
962.6005972,13.37503865
962.8,13.75047057
963,13.48701269
963.2,12.7654346
963.4,13.49287132
963.6,13.49487962
963.8,13.48597051
964,13.95869345
964.2,12.83288037
964.4,12.80670752
964.6,14.13446078
964.8,14.20450376
965,13.12225516
965.2,11.71459371
965.4,12.94945207
965.6,14.18825408
965.8,13.94650769
966,13.02613723
966.2,13.89180285
966.4,14.59442481
966.6,12.75349377
966.8,13.15280438
967,13.49766355
967.2,13.48559327
967.4,17.36016911
967.6,18.8443597
967.8,19.20682947
968,18.84502201
968.2,19.21935247
968.4,18.05075089
968.6,15.11396666
968.8,12.42168515
969,13.92451434
969.2,14.19414613
969.4,14.19992469
969.6,12.55963343
969.8,12.09436951
970,12.80654085
970.2,12.68773469
970.4,11.4257227
970.6,10.96781867
970.8,11.37768891
971,11.96557975
971.2,12.11098838
971.4,12.37466456
971.6,12.89601834
971.8,11.7153827
972,11.44282505
972.2,11.70690606
972.4,11.23787556
972.6,12.74629561
972.8,11.61029586
973,10.95557256
973.2,10.39103792
973.4,11.26291376
973.6,12.45387983
973.8,12.58417678
974,13.144354
974.2,13.91006143
974.4,14.61770559
974.6,16.28669654
974.8,14.86583887
975,14.22601029
975.2,14.31232353
975.4,15.96103088
975.6,16.20913495
975.8,14.55759984
976,11.99249485
976.2,11.38354656
976.4,10.72032492
976.6,11.19711315
976.8,11.71833699
977,12.03808317
977.2,10.3184559
977.4,9.955279232
977.6,9.573561103
977.8,10.63184833
978,10.72346977
978.2,11.36769278
978.4,10.63878311
978.6,10.67049424
978.8,11.37153672
979,11.73446024
979.2,10.64567136
979.4,8.857688532
979.6,9.460400141
979.8,10.41529975
980,11.39068332
980.2,11.20065551
980.4,13.49631487
980.6,14.20777362
980.8,13.50071683
981,13.43486532
981.2,14.2265383
981.4,14.22084491
981.6,14.02222274
981.8,13.86955021
982,13.12573597
982.2,13.51196339
982.4,13.1155773
982.6,13.60698155
982.8,13.1231338
983,13.78267096
983.2,13.50741981
983.4,13.78057669
983.6,13.48230298
983.8,13.32064962
984,13.88974063
984.2,13.59036912
984.4,12.81265157
984.6,12.38831995
984.8,13.34101215
985,15.22077054
985.2,15.11907309
985.4,16.12175522
985.6,17.12880189
985.8,19.25881448
986,19.90559112
986.2,19.93847374
986.4,19.79154923
986.6,19.37038799
986.8,19.55972863
987,19.90060001
987.2,20.3071186
987.4,22.24685374
987.6,22.92987191
987.8,21.18279401
988,20.17123373
988.2,19.21078504
988.4,17.84284476
988.6,17.77860232
988.8,14.5338648
989,17.10087749
989.2,17.04375596
989.4,16.51457609
989.6,17.17571899
989.8,14.34006571
990,12.46503833
990.2,12.03384287
990.4,13.51048995
990.6,12.10292506
990.8,11.00505405
991,12.48584744
991.2,15.53626452
991.4,16.73793536
991.6,15.63989088
991.8,14.93240482
992,15.83221506
992.2,16.71388571
992.4,16.15087638
992.6,13.57198108
992.8,13.53634126
993,12.82126528
993.2,13.5250953
993.4,13.49328111
993.6,12.80236726
993.8,12.99303005
994,14.65481886
994.2,16.99564364
994.4,17.78563832
994.6,15.44452795
994.8,14.24041159
995,14.55903413
995.2,14.98109944
995.4,12.77351695
995.6,13.29841156
995.8,16.07516392
996,17.78173633
996.2,16.95424839
996.4,15.66299031
996.6,15.30658598
996.8,16.003416
997,17.365815
997.2,17.71177397
997.4,16.24098542
997.6,15.6103811
997.8,19.48217114
998,19.55593973
998.2,19.2274767
998.4,18.45839048
998.6,19.21051481
998.8,19.54401471
999,19.81518018
999.2,18.28454204
999.4,16.56302261
999.6,17.7045931
999.8,17.476246
1000,17.06573965
1000.2,16.98446181
1000.4,17.8100031
1000.6,15.68432988
1000.8,14.92026331
1001,15.59431439
1001.2,16.36345643
1001.4,16.00968046
1001.6,15.87923748
1001.8,15.27016851
1002,14.37118757
1002.2,13.90428294
1002.4,15.27124405
1002.6,14.34819659
1002.8,15.64659806
1003,16.15296041
1003.2,14.58912343
1003.4,13.38296407
1003.6,17.17190472
1003.8,18.73415439
1004,18.84361886
1004.2,18.85264059
1004.4,19.16254108
1004.6,19.55393431
1004.8,19.54801055
1005,18.83003511
1005.2,17.82992728
1005.4,15.70118528
1005.6,16.24295282
1005.8,16.58290418
1006,18.7078237
1006.2,18.66093938
1006.4,16.44628497
1006.6,15.88519653
1006.8,18.16512051
1007,19.94176726
1007.2,19.63381318
1007.4,20.25773584
1007.6,21.3725195
1007.8,21.00064246
1008,21.27915789
1008.2,19.55091767
1008.4,20.25405493
1008.6,20.22700319
1008.8,17.15706333
1009,14.95465077
1009.2,14.03439325
1009.4,15.06793952
1009.6,13.92203567
1009.8,14.08431429
1010,14.93685987
1010.2,16.89890475
1010.4,16.51538498
1010.6,17.12408808
1010.8,17.44256961
1011,16.99845224
1011.2,17.3635786
1011.4,17.06535884
1011.6,18.98234483
1011.8,20.66132027
1012,20.39536452
1012.2,18.15168361
1012.4,16.55207567
1012.6,17.86534435
1012.8,18.47182113
1013,18.09599733
1013.2,18.11030913
1013.4,17.28870971
1013.6,17.78261552
1013.8,18.09899738
1014,18.945823
1014.2,20.17649937
1014.4,20.6492918
1014.6,19.55531056
1014.8,18.17458275
1015,18.16755887
1015.2,18.14535012
1015.4,18.10035395
1015.6,17.60125011
1015.8,17.47797931
1016,17.02639923
1016.2,18.67832992
1016.4,19.56790315
1016.6,20.25469596
1016.8,21.43168954
1017,20.37588477
1017.2,19.89800986
1017.4,19.57074582
1017.6,19.14097132
1017.8,17.53952674
1018,16.38675201
1018.2,17.58351905
1018.4,19.28713062
1018.6,18.46199596
1018.8,17.73453983
1019,18.07532287
1019.2,18.48533916
1019.4,19.41715105
1019.6,20.26466853
1019.8,20.30923287
1020,19.06247468
1020.2,17.66256504
1020.4,15.39512277
1020.6,16.16196467
1020.8,17.79818665
1021,18.49437372
1021.2,17.82681789
1021.4,15.16263888
1021.6,14.97586989
1021.8,15.38039045
1022,15.64656714
1022.2,15.6190448
1022.4,15.69209177
1022.6,15.45495429
1022.8,15.29435669
1023,16.59685318
1023.2,16.72504575
1023.4,16.69689138
1023.6,17.81711723
1023.8,18.54506694
1024,19.39471508
1024.2,19.20925755
1024.4,18.48811012
1024.6,18.12435871
1024.8,18.47449231
1025,18.83228485
1025.2,18.89940495
1025.4,18.42285993
1025.6,17.38172015
1025.8,17.02144954
1026,19.20532151
1026.2,19.93257284
1026.4,19.87764043
1026.6,18.19886229
1026.8,18.23610472
1027,19.52823705
1027.2,18.29317602
1027.4,17.79093587
1027.6,17.63584663
1027.8,17.76683834
1028,17.33245906
1028.2,16.96994831
1028.4,16.58920454
1028.6,17.88580979
1028.8,17.57083417
1029,17.22590561
1029.2,18.72162077
1029.4,16.82839211
1029.6,14.03296798
1029.8,18.11535306
1030,19.54508217
1030.2,18.9098747
1030.4,17.52286047
1030.6,17.07296576
1030.8,18.37370157
1031,18.71897958
1031.2,17.82801256
1031.4,16.00233027
1031.6,16.32338707
1031.8,17.05008076
1032,18.4944118
1032.2,18.48964122
1032.4,18.48679571
1032.6,18.50141717
1032.8,18.46182512
1033,17.7449999
1033.2,17.84008404
1033.4,17.75472592
1033.6,18.48888862
1033.8,18.84520382
1034,18.32645348
1034.2,17.55098912
1034.4,17.86354824
1034.6,19.21933861
1034.8,19.4729697
1035,19.51923564
1035.2,19.89641369
1035.4,19.39683966
1035.6,18.48751735
1035.8,18.99612172
1036,20.28959028
1036.2,20.92492038
1036.4,21.32553788
1036.6,20.19412212
1036.8,19.73678256
1037,17.85278864
1037.2,15.96950825
1037.4,17.09968241
1037.6,18.1144359
1037.8,17.81002113
1038,18.36648779
1038.2,18.40122465
1038.4,17.08340994
1038.6,16.1042386
1038.8,16.12787052
1039,17.43617272
1039.2,18.1470999
1039.4,18.52914892
1039.6,18.13319186
1039.8,17.6214546
1040,18.21546943
1040.2,18.15242776
1040.4,18.71561178
1040.6,17.53900492
1040.8,17.47204557
1041,17.37800305
1041.2,16.49603045
1041.4,16.5235658
1041.6,16.58320134
1041.8,19.07722944
1042,20.94557903
1042.2,21.71971327
1042.4,20.36481496
1042.6,21.26394336
1042.8,19.83846146
1043,18.65162123
1043.2,18.35310223
1043.4,18.92818773
1043.6,19.23091938
1043.8,18.04884121
1044,16.30040162
1044.2,16.42867841
1044.4,18.82860911
1044.6,19.14608418
1044.8,19.86528
1045,19.46901296
1045.200569,16.91305818
1045.400853,15.60039711
1045.601137,13.9664327
1045.8,13.08358493
1046,12.07511847
1046.2,12.74400976
1046.4,12.75858122
1046.6,12.75833348
1046.8,12.76036855
1047,16.23896876
1047.2,17.24503647
1047.4,18.51463593
1047.6,18.09117564
1047.8,18.81237742
1048,17.66560657
1048.2,18.19313396
1048.4,18.45064199
1048.6,18.77326835
1048.8,20.44237365
1049,20.55492586
1049.2,20.59678613
1049.4,19.27263701
1049.6,18.44112388
1049.8,18.4453505
1050,18.19625143
1050.2,17.82743593
1050.4,18.07386787
1050.6,18.04312575
1050.8,19.91007687
1051,20.59097201
1051.2,20.51160528
1051.4,20.23893889
1051.6,19.8568292
1051.8,19.85166395
1052,18.62163197
1052.200569,16.0519695
1052.4,17.01531223
1052.6,17.78574996
1052.8,17.40264055
1053,16.27156154
1053.2,15.95393398
1053.4,15.21123216
1053.6,15.59605127
1053.8,16.33213087
1054,17.51796595
1054.2,19.78264879
1054.4,19.44631971
1054.6,19.44675028
1054.8,19.8834022
1055,19.84645812
1055.2,18.73118162
1055.4,18.07756204
1055.6,18.95291668
1055.8,18.79173435
1056,18.75246452
1056.2,19.50318574
1056.4,19.84979526
1056.6,18.59684864
1056.8,17.76942028
1057.000569,15.67418844
1057.2,17.79128066
1057.4,16.83179503
1057.6,16.28767862
1057.8,18.72899578
1058,20.06052961
1058.2,20.54535666
1058.4,20.02154283
1058.6,19.10580521
1058.8,18.79793361
1059,18.36172837
1059.2,17.30103554
1059.4,16.72712257
1059.600569,14.95359814
1059.800569,14.73502845
1060,14.30640513
1060.2,14.16561082
1060.4,14.17595273
1060.6,14.17054881
1060.8,13.54336031
1061,14.51604038
1061.2,17.591291
1061.4,18.08281387
1061.6,17.22545425
1061.8,16.09662737
1062,15.09059582
1062.2,15.09611021
1062.4,14.47016964
1062.6,13.61103632
1062.8,15.23666431
1063,15.01940223
1063.2,17.27464248
1063.4,18.06808228
1063.6,17.9693294
1063.8,17.48556265
1064,17.59477341
1064.2,17.49461813
1064.4,17.35221997
1064.6,17.33009625
1064.8,17.878532
1065,17.95229757
1065.2,17.28161648
1065.4,17.35589728
1065.600569,15.35016427
1065.800569,15.01501718
1066.000569,14.96191185
1066.200569,14.96182955
1066.400569,14.96182495
1066.600569,14.96306686
1066.800569,15.12429685
1067,13.19226167
1067.2,14.24215462
1067.4,14.1756399
1067.6,14.59062586
1067.8,16.08893616
1068,16.46782892
1068.2,12.99251788
1068.4,12.70568473
1068.6,14.14743318
1068.8,14.17394259
1069,13.26669482
1069.2,13.46356847
1069.4,13.21624884
1069.600853,12.96699049
1069.800853,13.76219919
1070.000853,13.7652437
1070.200569,13.89433624
1070.400569,15.14278021
1070.600569,15.01225988
1070.801137,14.4590874
1071,16.62394525
1071.2,17.292556
1071.4,16.93411262
1071.600569,15.3143596
1071.800569,15.02286694
1072.000853,14.11168206
1072.2,13.99606115
1072.4,13.80913317
1072.6,14.26909667
1072.8,12.18854387
1073,12.2080868
1073.2,14.3062272
1073.4,14.8956497
1073.6,12.94873542
1073.8,14.54183361
1074,14.51966458
1074.2,14.18409701
1074.4,14.1736187
1074.6,14.59286996
1074.8,14.17633683
1075,14.54019664
1075.2,17.71965726
1075.4,18.43945562
1075.6,17.40432239
1075.800569,14.38878878
1076.000853,14.22107095
1076.2,16.12337835
1076.4,17.12625468
1076.6,18.06978779
1076.8,18.46282025
1077,18.03639557
1077.2,16.52456222
1077.4,15.40963974
1077.600853,13.33030845
1077.8,16.32099294
1078,17.34022935
1078.2,17.46235728
1078.4,18.09143971
1078.6,17.93806511
1078.8,17.48390345
1079.000284,16.52888539
1079.2,17.19866888
1079.4,18.07465213
1079.6,19.31933699
1079.8,19.49186855
1080,18.50756439
1080.2,17.43948447
1080.4,17.37550024
1080.6,17.70839037
1080.8,17.10807586
1081,16.85900749
1081.2,16.54253609
1081.4,17.58209376
1081.6,17.4853411
1081.8,19.45116563
1082,19.4917926
1082.2,19.4921471
1082.4,19.52270737
1082.6,18.44952021
1082.8,19.07016788
1083,20.20625684
1083.2,21.66322716
1083.4,21.47019036
1083.6,20.56736135
1083.8,20.14923691
1084,18.72934789
1084.2,13.92935832
1084.401137,15.72763837
1084.6,16.32160971
1084.8,17.76716533
1085.000853,15.27300863
1085.2,14.09292672
1085.4,14.11539281
1085.6,15.36823116
1085.8,16.61417444
1086,18.07360681
1086.2,17.46844661
1086.4,16.19319876
1086.6,15.05863539
1086.8,14.33778452
1087,14.06396409
1087.2,14.69562308
1087.4,16.19603976
1087.6,16.49448012
1087.8,15.62931083
1088,14.81803599
1088.2,14.88572566
1088.4,14.92387602
1088.6,14.82011439
1088.8,14.71354685
1089,14.58872227
1089.2,14.45647258
1089.4,14.32762966
1089.6,14.21302543
1089.8,14.66180254
1090,15.53611081
1090.2,15.64973682
1090.4,14.89462041
1090.6,15.35773112
1090.80199,13.06428675
1091,12.80590485
1091.200853,13.17254568
1091.4,15.7134869
1091.6,16.67094566
1091.8,17.47474133
1092,18.20028009
1092.2,17.00775359
1092.4,14.06968079
1092.6,14.02612187
1092.8,14.49364405
1093,15.14375337
1093.2,15.34329064
1093.4,15.8749406
1093.6,16.55117672
1093.8,16.53356524
1094,17.41140313
1094.2,17.46247384
1094.4,18.10531959
1094.6,17.46274092
1094.8,17.87298163
1095,18.4367125
1095.2,18.02298882
1095.4,17.49261671
1095.6,17.81564174
1095.8,16.5651247
1096,16.20867795
1096.2,17.18952364
1096.4,17.46806056
1096.6,17.72179159
1096.8,17.71989081
1097,17.49773161
1097.2,16.55806078
1097.4,17.14888791
1097.6,17.05619378
1097.8,16.55271892
1098,17.53323858
1098.2,19.51788956
1098.4,18.29269829
1098.600569,15.29177839
1098.800853,13.47387751
1099.000853,11.93348353
1099.200853,12.24567829
1099.400853,13.26854647
1099.6,14.49458366
1099.8,15.60443447
1100,16.2988825
1100.2,15.25394686
1100.4,15.24586162
1100.6,15.70866961
1100.8,14.97499558
1101,16.26789843
1101.2,16.42837705
1101.4,15.24772353
1101.6,14.31197762
1101.8,14.56986659
1102,16.07695919
1102.2,17.02315225
1102.4,16.09324125
1102.6,17.32267441
1102.8,18.45796873
1103,18.61266048
1103.2,18.79413477
1103.4,18.77189102
1103.600284,17.55633628
1103.800569,14.85333368
1104.001137,13.28399775
1104.201421,11.71276536
1104.401137,12.81715955
1104.600569,15.31777915
1104.8,17.52176511
1105,15.89066785
1105.2,15.16975143
1105.4,15.65557024
1105.6,14.89445355
1105.8,14.18447476
1106.000853,14.40792806
1106.200569,15.28915766
1106.4,17.01246535
1106.6,18.22462767
1106.8,18.01771588
1107,17.12795328
1107.2,17.36379693
1107.4,16.973471
1107.6,17.63855253
1107.8,18.0771953
1108,18.62943527
1108.2,17.8482782
1108.400569,14.35794128
1108.6,17.26850096
1108.8,19.42277112
1109,19.40145954
1109.2,17.95463171
1109.4,17.12526812
1109.6,17.42538321
1109.800569,16.55992111
1110.001137,14.75165153
1110.201137,15.06306287
1110.4,17.04167452
1110.6,18.42116515
1110.8,18.82168686
1111,18.42750394
1111.2,18.63350468
1111.4,19.48626316
1111.6,19.22929965
1111.8,16.43624453
1112,14.52303758
1112.2,17.80445092
1112.4,18.78900413
1112.600569,16.62659323
1112.800569,16.02466003
1113,17.12152804
1113.2,13.03755416
1113.4,13.62036987
1113.600569,16.18440048
1113.800569,16.03986268
1114.000853,14.05383365
1114.200569,16.06568423
1114.4,18.6911601
1114.6,18.0525399
1114.8,18.06507118
1115,18.52614561
1115.2,18.76951516
1115.4,19.1861939
1115.6,19.13988063
1115.800569,16.93689896
1116.000853,15.84616631
1116.2,18.5103741
1116.4,19.13127474
1116.6,19.13782973
1116.8,19.20969231
1117,19.13882851
1117.2,18.48282015
1117.4,18.04712803
1117.6,18.12564428
1117.8,17.26397351
1118,17.34587284
1118.2,18.70681856
1118.4,19.18761534
1118.6,18.8466214
1118.8,18.26230877
1119,18.83674842
1119.2,18.41749488
1119.4,18.82272301
1119.6,17.01052784
1119.8,17.10019951
1120,17.28799001
1120.2,19.32315515
1120.4,20.25475995
1120.6,19.50671032
1120.8,17.17975282
1121,16.26531981
1121.2,17.10007186
1121.4,18.79644686
1121.6,19.53068277
1121.8,19.19476967
1122,17.90829248
1122.2,18.14765584
1122.4,18.00364569
1122.6,19.5530714
1122.8,20.62962237
1123,20.61591928
1123.2,20.26495068
1123.4,20.09027793
1123.6,19.1647936
1123.8,18.30356697
1124,17.80138717
1124.2,17.34680688
1124.4,16.49882802
1124.6,17.05612764
1124.8,16.8898999
1125,17.85065603
1125.2,18.86528084
1125.4,17.37547594
1125.6,16.26230218
1125.8,17.53941894
1126,18.47224423
1126.2,19.61094324
1126.4,19.16627286
1126.6,18.42231599
1126.8,18.56363315
1127,19.53437905
1127.2,20.6410456
1127.4,19.56528897
1127.6,20.09479886
1127.8,20.28035315
1128,20.76015128
1128.2,18.47376022
1128.4,16.02312076
1128.6,18.05370418
1128.8,18.85304182
1129,17.81844247
1129.2,13.72363322
1129.4,16.63997519
1129.6,17.97025331
1129.8,18.40050858
1130,15.93162627
1130.2,14.91362772
1130.4,16.16560554
1130.6,16.70476963
1130.8,16.35974405
1131,16.66826384
1131.2,18.14948691
1131.4,17.17773873
1131.6,17.78234551
1131.8,17.43819263
1132,18.51858423
1132.2,18.79876734
1132.4,19.20093848
1132.6,17.61686325
1132.8,18.96599123
1133,19.19212537
1133.2,19.15407472
1133.4,19.91538377
1133.6,20.11333996
1133.8,19.56099302
1134,20.12394406
1134.2,19.35041689
1134.4,18.84367428
1134.6,18.67600003
1134.8,19.1907355
1135,18.76119571
1135.2,20.3537743
1135.4,20.99836317
1135.6,20.60716192
1135.8,19.60381186
1136,18.82956221
1136.2,18.2505002
1136.4,19.57497736
1136.6,19.50606093
1136.8,19.208187
1137,18.2055316
1137.2,18.84843573
1137.4,18.77713813
1137.6,17.5067468
1137.8,19.53346641
1138,19.90448559
1138.2,19.17811292
1138.4,19.21647187
1138.6,18.82974989
1138.8,18.38646488
1139,18.84682623
1139.2,18.83590827
1139.4,18.8631508
1139.6,20.29425924
1139.8,19.54875294
1140,19.16059192
1140.2,19.9495259
1140.4,20.62109182
1140.6,21.23235058
1140.8,21.76065338
1141,21.37240796
1141.2,21.03792365
1141.4,24.4038912
1141.6,26.76472623
1141.8,24.48591016
1142,22.00598595
1142.2,20.24276296
1142.4,19.6220364
1142.6,19.96020918
1142.8,19.9442371
1143,19.04811177
1143.2,18.8363012
1143.4,17.97383636
1143.6,16.01113051
1143.8,18.07568984
1144,18.97647966
1144.2,19.89917389
1144.4,18.64496403
1144.6,18.24393532
1144.8,17.99620405
1145,18.84027423
1145.2,18.34945173
1145.4,16.488976
1145.6,16.44649052
1145.8,19.54526463
1146,20.61361994
1146.2,20.37233712
1146.4,20.66180467
1146.6,20.62043596
1146.8,20.52602829
1147,20.56940741
1147.2,20.61313852
1147.4,20.61139003
1147.6,21.74802484
1147.8,19.88144579
1148,19.8845883
1148.2,20.67177244
1148.4,20.28813871
1148.6,19.93537649
1148.8,18.84588168
1149,18.06321383
1149.2,18.89154503
1149.4,19.19254645
1149.6,19.13020058
1149.8,18.76828572
1150,19.90685794
1150.2,19.55858471
1150.4,19.00737885
1150.6,18.85346783
1150.8,21.52297831
1151,25.87514223
1151.2,29.04287354
1151.4,29.14200169
1151.6,29.13963803
1151.8,28.17414399
1152,27.68067003
1152.2,25.20067172
1152.4,22.29907195
1152.6,22.99015042
1152.8,20.95003152
1153,19.92285623
1153.2,19.70821104
1153.4,20.63197075
1153.6,22.00320217
1153.8,21.03802936
1154,23.29736668
1154.2,23.10463208
1154.4,20.27553787
1154.6,19.33060961
1154.8,18.49636415
1155,18.02716553
1155.2,20.07406049
1155.4,23.38793259
1155.6,22.96206261
1155.8,23.35276966
1156,23.83055619
1156.2,24.05094989
1156.4,23.73576473
1156.6,21.16416027
1156.8,20.59396994
1157,20.22414842
1157.2,20.97783976
1157.4,20.4247198
1157.6,19.22809092
1157.8,19.55731581
1158,20.38949381
1158.2,20.9407386
1158.4,21.2951037
1158.6,20.41843301
1158.8,20.07650132
1159,19.55129907
1159.2,18.97153867
1159.4,19.55534045
1159.6,19.89795209
1159.8,19.90181781
1160,19.92682695
1160.2,20.27159237
1160.4,19.90567109
1160.6,19.5903037
1160.8,19.56740604
1161,19.66405398
1161.2,19.90689194
1161.4,19.90624343
1161.6,20.79149807
1161.8,21.57935065
1162,20.46171116
1162.2,20.2520771
1162.4,22.22690927
1162.6,23.33365903
1162.8,20.98317882
1163,21.251766
1163.2,20.94472124
1163.4,20.22618745
1163.6,20.59696702
1163.8,20.67483232
1164,20.61402963
1164.2,20.61503047
1164.4,20.28296015
1164.6,18.82933158
1164.8,18.85801508
1165,19.56971853
1165.2,20.28995764
1165.4,20.0333174
1165.6,21.23829104
1165.8,22.91852666
1166,25.20425342
1166.2,19.66769665
1166.4,18.51462144
1166.6,17.77219024
1166.8,17.43486845
1167,19.18327755
1167.2,20.4394561
1167.4,19.89655457
1167.6,18.82153849
1167.8,19.93952461
1168,20.98134879
1168.2,21.00312311
1168.4,19.95218778
1168.6,19.60053096
1168.8,20.96772728
1169,21.2914163
1169.2,20.89588652
1169.4,20.01070079
1169.6,20.56394733
1169.8,21.96510069
1170,21.99743183
1170.2,19.19074166
1170.4,18.16343271
1170.6,18.87298373
1170.8,19.45335273
1171,19.63221225
1171.2,19.55133421
1171.4,20.35428417
1171.6,20.96895786
1171.8,20.28331021
1172,20.28872414
1172.2,20.62604109
1172.4,21.0906947
1172.6,22.18486607
1172.8,22.80593999
1173,24.87387133
1173.2,27.15794238
1173.4,22.00416311
1173.6,20.61537302
1173.8,20.65388164
1174,23.02196806
1174.2,22.8046219
1174.4,24.88383223
1174.6,25.42298304
1174.8,25.14478207
1175,25.84109617
1175.2,26.16990671
1175.4,25.80084579
1175.6,24.14940555
1175.8,24.09608886
1176,22.97248055
1176.2,22.39724151
1176.4,22.32865912
1176.6,21.65801061
1176.8,21.74051857
1177,21.2123897
1177.2,20.97047743
1177.4,21.52756214
1177.6,21.64120932
1177.8,21.66283314
1178,21.82291657
1178.2,23.27365027
1178.4,22.37508464
1178.6,20.26442624
1178.8,19.49605534
1179,20.26237371
1179.2,19.45180662
1179.4,18.23738288
1179.6,18.24327898
1179.8,19.51914853
1180,19.8945463
1180.2,18.9035194
1180.4,17.04291006
1180.6,17.02592401
1180.8,17.60324181
1181,16.10287075
1181.2,15.47491925
1181.4,15.64624128
1181.6,16.88679812
1181.8,17.12501359
1182,16.0583866
1182.2,16.68656002
1182.4,15.80437812
1182.6,17.63439782
1182.8,17.49783402
1183,18.4741916
1183.2,18.4585727
1183.4,18.36211609
1183.6,18.71235341
1183.8,18.27350209
1184,17.55977629
1184.2,17.79545821
1184.4,18.98675566
1184.6,19.92000899
1184.8,20.08737493
1185,19.17009756
1185.2,18.46970206
1185.4,18.48999516
1185.6,18.51016822
1185.8,18.11320522
1186,18.17640656
1186.2,18.21816738
1186.4,17.82564245
1186.6,18.52994551
1186.8,17.67899475
1187,18.11006869
1187.2,18.65119789
1187.4,19.55137297
1187.6,18.22462719
1187.8,18.69792509
1188,17.17333054
1188.2,18.5832334
1188.4,19.86723963
1188.6,21.43614071
1188.8,23.71118697
1189,23.97269874
1189.2,23.58599569
1189.4,19.98899255
1189.6,18.8218712
1189.8,17.8504427
1190,17.24860964
1190.2,15.69007624
1190.4,15.04544266
1190.6,16.08489782
1190.8,15.9582415
1191,18.07280664
1191.2,18.25336241
1191.4,17.79875888
1191.6,17.27503598
1191.8,17.32419337
1192,17.6997031
1192.2,19.08832628
1192.4,20.04404435
1192.6,19.04952881
1192.8,19.30323245
1193,19.15487195
1193.2,20.80834071
1193.4,24.11201621
1193.6,22.10850972
1193.8,20.90855655
1194,20.94020967
1194.2,20.09002984
1194.4,18.81457567
1194.6,18.88098759
1194.8,17.76151572
1195,17.76318998
1195.2,19.20320101
1195.4,18.84029233
1195.6,17.06665196
1195.8,15.67491642
1196,16.99560364
1196.2,19.95889363
1196.4,20.97208839
1196.6,20.96306671
1196.8,20.66020577
1197,19.11137157
1197.2,19.16033968
1197.4,18.80342669
1197.6,19.53540519
1197.8,19.77275415
1198,19.4143107
1198.2,18.16400928
1198.4,14.88763412
1198.6,14.81765042
1198.8,14.81684758
1199,14.8136172
1199.2,14.25526785
1199.4,12.5280848
1199.6,12.56435462
1199.8,12.59522778
1200,14.10093414
1200.2,14.76208263
1200.4,15.66661117
1200.6,16.04624356
1200.8,16.41019962
1201,16.75773599
1201.2,14.00956687
1201.4,11.14618857
1201.6,11.99620959
1201.8,13.82790412
1202,15.73166366
1202.2,15.98236035
1202.4,17.06208781
1202.6,15.33325972
1202.8,18.24764902
1203,18.35304109
1203.2,17.79991279
1203.4,18.99892603
1203.6,20.55007924
1203.8,21.32342836
1204,21.65816317
1204.2,19.59211548
1204.4,18.29704715
1204.6,17.6669895
1204.8,19.31601373
1205,20.54639145
1205.2,20.7885228
1205.4,19.86299472
1205.6,19.73730713
1205.8,19.4864351
1206,19.86056308
1206.2,20.00793064
1206.4,20.2697482
1206.6,19.85621422
1206.8,19.53207395
1207,18.77295394
1207.2,19.17433204
1207.4,20.21711772
1207.6,19.63084965
1207.8,19.89429422
1208,19.24605961
1208.2,18.37992517
1208.4,18.64224166
1208.6,19.18060984
1208.8,18.93289208
1209,17.7299479
1209.2,15.74406289
1209.4,17.14157755
1209.6,17.68218059
1209.8,19.23213878
1210,18.806389
1210.2,18.98010311
1210.4,18.81369651
1210.6,18.57074043
1210.8,18.45231175
1211,16.44714501
1211.2,16.10873931
1211.4,17.23407866
1211.6,17.81496603
1211.8,19.17353342
1212,19.11899087
1212.2,19.17669186
1212.4,19.19773758
1212.6,18.08099984
1212.8,20.5595736
1213,19.34960935
1213.2,18.46430035
1213.4,19.00271706
1213.6,19.50555054
1213.8,18.45979565
1214,18.2426688
1214.2,20.3233775
1214.4,19.0074944
1214.6,19.136354
1214.8,20.64560703
1215,19.4985199
1215.2,18.39607472
1215.4,17.91891168
1215.6,14.99596212
1215.8,16.65868056
1216,19.0594425
1216.2,20.05712681
1216.4,20.58279178
1216.6,20.58985792
1216.8,20.21871212
1217,19.47421424
1217.2,20.61464733
1217.4,20.54692972
1217.6,19.61765899
1217.8,18.7735732
1218,19.7307474
1218.2,19.87784291
1218.4,19.65865647
1218.6,19.15904779
1218.8,17.68555023
1219,15.99103315
1219.2,14.79650034
1219.4,14.22443459
1219.6,15.25757423
1219.8,16.31691886
1220,16.67138445
1220.2,17.75748663
1220.4,18.1919226
1220.6,16.14849861
1220.8,14.04423894
1221,13.82393157
1221.2,14.90607338
1221.4,14.53399284
1221.6,14.04679431
1221.8,14.9422057
1222,16.23065968
1222.2,18.28564772
1222.4,19.14339312
1222.6,18.31578598
1222.8,19.52304602
1223,16.66855556
1223.2,16.04411688
1223.4,16.05646115
1223.6,16.12510713
1223.8,16.39398246
1224,18.33262288
1224.2,18.82045354
1224.4,19.32458192
1224.6,20.28036949
1224.8,22.31538401
1225,24.79717996
1225.2,25.08167736
1225.4,25.89994223
1225.6,23.77968161
1225.8,21.07988255
1226,20.58843903
1226.2,20.23005368
1226.4,20.22641585
1226.6,20.9735825
1226.8,21.09945926
1227,23.63862894
1227.2,25.21098039
1227.4,26.29017119
1227.6,26.91687113
1227.8,26.97497927
1228,26.15521603
1228.2,24.42282378
1228.4,24.37945094
1228.6,24.80148789
1228.8,25.53643158
1229,26.40175694
1229.2,24.49121472
1229.4,24.16568337
1229.6,24.56617767
1229.8,25.49621048
1230,23.40019906
1230.2,21.92355326
1230.4,23.84484059
1230.6,20.97024666
1230.8,19.1295049
1231,18.07398002
1231.2,15.54201098
1231.4,13.82653274
1231.6,13.69340384
1231.8,15.70360536
1232,19.51640836
1232.2,21.41242146
1232.4,24.20040521
1232.6,25.25656525
1232.8,24.73912837
1233,22.01667446
1233.2,21.32350309
1233.4,21.32246194
1233.6,23.36781833
1233.8,26.37687807
1234,27.77791305
1234.2,27.651014
1234.4,26.89691592
1234.6,27.72149157
1234.8,26.73771213
1235,26.18882072
1235.2,24.90404022
1235.4,23.05894676
1235.6,23.37078062
1235.8,24.78962665
1236,25.0094158
1236.2,24.22874909
1236.4,23.03699954
1236.6,22.95168625
1236.8,23.73090525
1237,25.52028432
1237.2,26.24423251
1237.4,26.96420644
1237.6,27.15902447
1237.8,27.37156255
1238,28.35067087
1238.2,29.71429332
1238.4,30.55928453
1238.6,27.0534123
1238.8,24.10215351
1239,25.587182
1239.2,25.27080213
1239.4,22.29748162
1239.6,20.78537381
1239.8,19.94300258
1240,21.07482131
1240.2,23.03266871
1240.4,24.35576366
1240.6,23.74540106
1240.8,23.86620414
1241,28.73769499
1241.2,28.88490637
1241.4,26.24208899
1241.6,23.64008881
1241.8,20.61358596
1242,24.01186946
1242.2,26.99140866
1242.4,28.76816647
1242.6,26.89576978
1242.8,27.62348754
1243,26.58399678
1243.2,25.25069727
1243.4,23.77911809
1243.6,24.89989562
1243.8,24.47671344
1244,19.58362343
1244.2,20.91059679
1244.4,24.02509617
1244.6,24.9514075
1244.8,24.20680414
1245,23.45913809
1245.2,20.9440131
1245.4,20.56797571
1245.6,20.63549663
1245.8,20.59735334
1246,23.32036464
1246.2,23.62277576
1246.4,20.87077786
1246.6,20.59052001
1246.8,20.98656155
1247,20.59447387
1247.2,20.93263343
1247.4,22.79021791
1247.6,21.27786156
1247.8,19.77940187
1248,20.34328129
1248.2,24.56488116
1248.4,26.43658381
1248.6,25.77659716
1248.8,25.11307048
1249,21.00747559
1249.2,19.50729454
1249.4,22.97017956
1249.6,25.58372839
1249.8,25.63688093
1250,24.84561064
1250.2,26.64262915
1250.4,22.44348071
1250.6,19.10384607
1250.8,18.45709372
1251,19.33847823
1251.2,20.562569
1251.4,19.57964746
1251.6,18.08673471
1251.8,18.69301748
1252,19.99292526
1252.2,20.56361564
1252.4,22.93141409
1252.6,25.68628511
1252.8,26.17340559
1253,23.05050241
1253.2,19.85612413
1253.4,19.11849393
1253.6,19.15692673
1253.8,19.56422341
1254,20.54322116
1254.2,21.54064677
1254.4,24.62413854
1254.6,26.91314039
1254.8,29.19049907
1255,29.38667208
1255.2,30.61529823
1255.4,33.04371151
1255.6,27.51763353
1255.8,22.57819593
1256,20.73897509
1256.2,19.88316972
1256.4,20.68414351
1256.6,25.19504305
1256.8,27.47741846
1257,27.34422954
1257.2,28.32456679
1257.4,28.04903062
1257.6,25.67316871
1257.8,23.07906725
1258,24.61164439
1258.2,25.10884003
1258.4,24.11609127
1258.6,22.47553044
1258.8,23.43653843
1259,25.18523592
1259.2,23.83960119
1259.4,22.95514267
1259.6,21.63897368
1259.8,21.48505467
1260,20.68878314
1260.2,20.27469437
1260.4,21.78860159
1260.6,24.60507148
1260.8,26.48871023
1261,25.60388221
1261.2,26.43512461
1261.4,24.87102275
1261.6,24.08772896
1261.8,23.81207413
1262,20.59457091
1262.2,20.58762394
1262.4,20.57873591
1262.6,19.88200373
1262.8,19.18414577
1263,19.22495109
1263.2,20.19095573
1263.4,21.11468276
1263.6,23.92475719
1263.8,25.67055494
1264,24.20951768
1264.2,21.06883929
1264.4,20.9275474
1264.6,20.54720075
1264.8,20.93338783
1265,21.56445956
1265.2,20.80491174
1265.4,20.22370207
1265.6,20.29862985
1265.8,19.52324332
1266,19.49913907
1266.2,19.51079307
1266.4,19.18266441
1266.6,19.98090123
1266.8,20.23336369
1267,20.20386501
1267.2,20.58675186
1267.4,20.64171328
1267.6,19.51965431
1267.8,20.73933437
1268,24.24830016
1268.2,21.47386678
1268.4,20.83288125
1268.6,20.93982426
1268.8,21.49141259
1269,23.05423401
1269.2,24.35011962
1269.4,23.50538388
1269.6,21.39329478
1269.8,20.71916632
1270,24.16100388
1270.2,24.42170901
1270.4,22.68719278
1270.6,23.27111384
1270.8,24.74042173
1271,24.83498985
1271.2,25.7597388
1271.4,27.28840497
1271.6,26.95179264
1271.8,26.32893547
1272,24.93104579
1272.2,23.50885558
1272.4,21.41324777
1272.6,21.9737624
1272.8,23.93649686
1273,24.63993429
1273.2,23.40992078
1273.4,22.71316275
1273.6,22.37377706
1273.8,24.70052617
1274,27.15537608
1274.2,23.35096594
1274.4,19.95755437
1274.6,18.07297943
1274.8,19.20772884
1275,20.83780268
1275.2,20.1607375
1275.4,19.53414497
1275.6,19.13805963
1275.8,20.22341255
1276,20.96257054
1276.2,21.25767698
1276.4,22.45234538
1276.6,21.98213598
1276.8,23.03316186
1277,23.42490748
1277.2,23.40253866
1277.4,23.31087146
1277.6,22.5837606
1277.8,22.9967174
1278,23.56445714
1278.2,24.13148448
1278.4,23.40910809
1278.6,24.55117489
1278.8,25.06800262
1279,26.1834911
1279.2,24.16524438
1279.4,21.73470271
1279.6,22.72917602
1279.8,22.61555293
1280,20.5239783
1280.2,20.59150158
1280.4,20.98262352
1280.6,20.58865822
1280.8,21.65621932
1281,25.37259438
1281.2,23.23869468
1281.4,21.99705544
1281.6,22.3691806
1281.8,21.89532448
1282,21.4942047
1282.2,19.94996785
1282.4,19.37803209
1282.6,20.13168647
1282.8,19.48199538
1283,20.82762565
1283.2,20.58300174
1283.4,20.65135323
1283.6,19.56200157
1283.8,19.19747346
1284,18.45038169
1284.2,19.86890531
1284.4,21.3821957
1284.6,24.06034617
1284.8,24.27301381
1285,23.8395707
1285.2,20.98264793
1285.4,20.21638502
1285.6,18.76092037
1285.8,18.73776998
1286,18.45412191
1286.2,18.47882597
1286.4,17.50961337
1286.6,15.54158464
1286.8,17.80850488
1287,19.31184718
1287.2,23.36413393
1287.4,24.81478125
1287.6,26.13910031
1287.8,27.32691744
1288,25.4343216
1288.2,22.93824392
1288.4,23.39048029
1288.6,23.43810401
1288.8,24.49056451
1289,27.68699452
1289.2,27.79797612
1289.4,28.5246557
1289.6,28.37863977
1289.8,28.72332104
1290,29.06497664
1290.2,28.34569956
1290.4,29.65026893
1290.6,30.88518215
1290.8,28.96692647
1291,24.7646559
1291.2,23.41115611
1291.4,23.34792568
1291.6,24.12675975
1291.8,24.8550539
1292,24.88495435
1292.2,25.54958127
1292.4,25.13008612
1292.6,25.70046229
1292.8,24.91107683
1293,25.73166182
1293.2,27.02099317
1293.4,27.98668034
1293.6,29.12625699
1293.8,31.35732088
1294,28.79067366
1294.2,21.46504244
1294.4,19.75816505
1294.6,20.11483087
1294.8,19.31147843
1295,19.16927907
1295.2,20.62182254
1295.4,25.19710917
1295.6,28.40334736
1295.8,26.46830342
1296,24.95311744
1296.2,21.44430304
1296.4,18.71551864
1296.6,18.09331511
1296.8,21.21103876
1297,25.39499745
1297.2,25.16427348
1297.4,20.9220166
1297.6,18.99264971
1297.8,22.52468778
1298,25.45684706
1298.2,25.92668151
1298.4,24.0810344
1298.6,22.70368221
1298.8,23.20212281
1299,24.13207882
1299.2,24.13174654
1299.4,24.12217984
1299.6,20.35328089
1299.8,17.98126521
1300,19.19645993
1300.2,20.09439836
1300.4,23.11270836
1300.6,25.01354466
1300.8,24.62923466
1301,23.89803513
1301.2,26.75142019
1301.4,28.04690255
1301.6,27.40760313
1301.8,26.18408479
1302,22.9488415
1302.2,20.50609046
1302.4,19.19080935
1302.6,18.04752591
1302.8,18.09102549
1303,18.85914904
1303.2,17.24815258
1303.4,13.94675888
1303.6,16.055541
1303.8,15.22009588
1304,15.12999836
1304.2,16.71637261
1304.4,18.12902614
1304.6,17.30103902
1304.8,15.70835913
1305,16.50625624
1305.2,17.38609702
1305.4,17.76581818
1305.6,17.35438682
1305.8,17.02432247
1306,16.6800285
1306.2,16.05458418
1306.4,17.17760608
1306.6,18.06025777
1306.8,16.66324974
1307,17.86565113
1307.2,19.12962192
1307.4,18.8500095
1307.6,18.81291161
1307.8,18.51860553
1308,18.0825423
1308.2,17.05555877
1308.4,16.77675427
1308.6,17.37936255
1308.8,18.52828114
1309,18.47621959
1309.2,19.51404316
1309.4,19.58964316
1309.6,18.91779388
1309.8,17.81458811
1310,15.85451336
1310.2,17.05800183
1310.4,19.18809823
1310.6,19.65443702
1310.8,19.16264969
1311,18.82485849
1311.2,19.15453396
1311.4,17.69453404
1311.6,17.36607828
1311.8,18.9678536
1312,19.14049907
1312.2,20.35711873
1312.4,21.53291649
1312.6,20.26638933
1312.8,19.96636107
1313,19.84147857
1313.2,19.07710306
1313.4,17.74626372
1313.6,18.49030762
1313.8,18.41730404
1314,17.83544606
1314.2,17.07429757
1314.4,18.09921615
1314.6,20.68612001
1314.8,23.7710751
1315,24.05062307
1315.2,22.07766834
1315.4,19.08393692
1315.6,21.83869872
1315.8,23.25904948
1316,18.50669165
1316.2,17.00833522
1316.4,17.65191207
1316.6,18.09542819
1316.8,17.73926482
1317,17.69152135
1317.2,19.57329042
1317.4,20.61742933
1317.6,19.45765424
1317.8,19.55599093
1318,19.76511119
1318.2,21.05751627
1318.4,20.52092741
1318.6,18.30776937
1318.8,17.36993045
1319,18.32525437
1319.2,18.48539871
1319.4,17.7113412
1319.6,19.25121972
1319.8,19.90824746
1320,19.80516269
1320.2,18.50766733
1320.4,18.51947917
1320.6,18.44432242
1320.8,18.35332026
1321,19.58919793
1321.2,22.19470844
1321.4,20.90032062
1321.6,19.53204973
1321.8,19.98596485
1322,20.57279041
1322.2,19.94130734
1322.4,18.74724959
1322.6,18.10909927
1322.8,18.28665678
1323,18.09088349
1323.2,17.0016716
1323.4,17.52759066
1323.6,18.73464872
1323.8,19.16138435
1324,18.45636809
1324.2,14.73877806
1324.4,14.97601884
1324.6,17.01957776
1324.8,17.05557595
1325,16.92131258
1325.2,14.10546851
1325.4,14.6664306
1325.6,17.68359087
1325.8,17.29283221
1326,16.95207144
1326.2,16.72939483
1326.4,15.0638949
1326.6,13.71230571
1326.8,16.23450586
1327,17.33400235
1327.2,17.51388343
1327.4,18.78523653
1327.6,20.41432472
1327.8,19.12164517
1328,16.34360521
1328.2,13.08568711
1328.4,15.42822645
1328.6,16.61397045
1328.8,18.46265078
1329,19.16033091
1329.2,19.08356924
1329.4,18.8090398
1329.6,18.82950549
1329.8,18.10484734
1330,15.52264858
1330.2,15.37106156
1330.4,17.15156986
1330.6,18.20231987
1330.8,17.74917354
1331,18.14007562
1331.2,17.00050475
1331.4,15.09105769
1331.6,14.16773664
1331.8,12.89053314
1332,11.98898368
1332.2,16.07119961
1332.4,18.10639292
1332.6,18.12786536
1332.8,19.69743588
1333,20.7582354
1333.2,21.30487038
1333.4,19.83914778
1333.6,20.2370506
1333.8,20.79537378
1334,19.86820959
1334.2,18.25690829
1334.4,14.68030259
1334.6,12.91746207
1334.8,14.20278658
1335,18.17294791
1335.2,18.48693422
1335.4,16.69206233
1335.6,13.11867977
1335.8,16.48612338
1336,17.48055615
1336.2,18.09907524
1336.4,18.42819232
1336.6,18.4992183
1336.8,18.48762334
1337,18.10060963
1337.2,18.49541384
1337.4,18.10647248
1337.6,17.71806706
1337.8,16.47627146
1338,17.71010052
1338.2,17.25096628
1338.4,16.65783443
1338.6,15.48376275
1338.8,15.03555214
1339,17.28432942
1339.2,18.11079944
1339.4,17.75090075
1339.6,17.5723419
1339.8,17.21458802
1340,17.42479809
1340.2,18.12436256
1340.4,15.70479433
1340.6,14.77341772
1340.8,14.274479
1341,14.44420987
1341.2,15.13830838
1341.4,15.80839192
1341.6,16.20095769
1341.8,18.82750327
1342,18.61424039
1342.2,14.74073049
1342.4,16.91270368
1342.6,18.0997126
1342.8,18.23205451
1343,15.19312156
1343.2,15.14328236
1343.4,15.1251031
1343.6,14.90552453
1343.8,15.03711013
1344,15.2410518
1344.2,14.41856977
1344.4,14.90077373
1344.6,14.9056874
1344.8,14.90420887
1345,15.23135627
1345.2,15.61728403
1345.4,15.61547119
1345.6,15.60655328
1345.8,14.72726193
1346,13.23717943
1346.198859,10.45684712
1346.398289,11.86286094
1346.598859,15.47162146
1346.8,17.6674601
1347,16.50362976
1347.2,16.72761332
1347.4,18.71741192
1347.6,18.97508039
1347.8,18.1054667
1348,16.50047456
1348.2,16.22315457
1348.4,14.3276893
1348.6,13.6993914
1348.8,14.16774094
1349,14.89811812
1349.2,14.90651907
1349.4,15.54716035
1349.6,16.30966894
1349.8,15.90588983
1349.998289,14.77974313
1350.198859,14.60141201
1350.4,17.1216194
1350.6,18.26956397
1350.8,17.13468948
1351,15.88807305
1351.2,14.25113282
1351.4,12.66101113
1351.6,12.77750023
1351.8,14.5681624
1352,16.03108813
1352.2,17.4248291
1352.4,17.3060408
1352.6,14.64241279
1352.8,13.52434856
1353,11.35685979
1353.2,12.49317058
1353.4,14.20161208
1353.598859,15.21264608
1353.8,17.31411306
1353.998859,16.96416982
1354.198289,15.17518675
1354.398289,14.5345644
1354.6,15.12416678
1354.8,14.91308427
1355,14.97602673
1355.2,14.94354936
1355.4,13.84511575
1355.6,14.1873497
1355.8,14.16672244
1356,13.49025467
1356.2,13.48608819
1356.4,13.48653246
1356.6,13.49468676
1356.8,14.24161219
1356.998289,15.26993563
1357.198859,16.46707669
1357.398859,14.72686827
1357.598859,13.02490959
1357.8,14.55755205
1358,15.74202158
1358.198859,16.44745458
1358.4,19.00460669
1358.6,19.91673282
1358.8,19.22184174
1359,17.86368503
1359.2,16.11075564
1359.398289,13.87411082
1359.598289,13.7982851
1359.8,16.28680242
1360,17.81038788
1360.198859,15.75186491
1360.398289,14.56933244
1360.6,15.97857313
1360.798859,16.69640328
1361,18.19238134
1361.2,18.50771497
1361.4,20.0496638
1361.6,19.90959626
1361.8,18.43402405
1362,18.83679479
1362.2,19.57923834
1362.4,18.42646826
1362.59943,16.8154344
1362.798859,14.95421362
1362.998859,15.08536625
1363.2,16.72595248
1363.4,18.83180154
1363.6,19.42589612
1363.8,20.25415735
1364,20.22378193
1364.2,19.52257679
1364.4,19.16489457
1364.6,19.54851265
1364.8,19.15903141
1365,19.03056214
1365.2,20.35743884
1365.4,20.00999725
1365.6,17.58142782
1365.798859,15.28089155
1366,14.17336449
1366.2,12.51518777
1366.4,14.11381459
1366.6,15.65757775
1366.8,15.66013089
1367,14.90125861
1367.2,14.90512277
1367.4,15.20151385
1367.6,14.64734808
1367.8,12.56371668
1368,11.37973179
1368.2,12.06099048
1368.4,14.61902148
1368.6,18.8588395
1368.798859,16.97124637
1368.997719,13.49379476
1369.197719,13.25014452
1369.397719,14.02705357
1369.598289,14.84348721
1369.797148,15.82042396
1369.998859,15.87293871
1370.198289,15.26287222
1370.4,18.21358235
1370.6,19.49490141
1370.8,20.57030323
1371,20.2338297
1371.2,20.56942609
1371.4,21.01974984
1371.6,21.78260139
1371.8,22.01953083
1372.002281,25.0407749
1372.202852,24.36369421
1372.4,20.9625317
1372.6,19.68739574
1372.8,19.25481328
1373,18.0985415
1373.2,18.46694177
1373.4,19.51932934
1373.6,19.42452144
1373.8,18.46295929
1373.998859,15.73624798
1374.2,15.53634316
1374.4,18.39958473
1374.6,19.14703847
1374.8,18.8120286
1375,18.81426805
1375.2,19.93927379
1375.4,19.23383147
1375.6,18.27231469
1375.798289,14.83015543
1376,14.93984014
1376.2,18.14893636
1376.4,18.22403828
1376.6,18.24735138
1376.8,19.37865806
1377,22.05689148
1377.2,24.84280103
1377.4,26.14466378
1377.601711,25.36001715
1377.802852,24.52803153
1378,21.58884066
1378.2,18.90009138
1378.4,18.07250526
1378.6,18.09487447
1378.8,16.68558098
1379,15.95377701
1379.2,14.25917588
1379.4,13.50980336
1379.6,11.74036426
1379.8,11.36690489
1380,11.3446045
1380.2,13.3725694
1380.4,14.62341039
1380.6,14.88210977
1380.8,14.15196496
1381,15.61052011
1381.2,15.63442179
1381.4,14.16129726
1381.6,13.51074585
1381.8,14.17674208
1382,14.19596738
1382.2,14.19674886
1382.4,14.19809683
1382.6,17.55325662
1382.8,18.82919707
1383,18.87283695
1383.2,18.22394796
1383.4,16.74656115
1383.6,14.9844557
1383.8,14.18154535
1384,13.30053538
1384.2,11.96392874
1384.4,12.34337682
1384.6,18.13041487
1384.8,18.79782892
1385,18.69984688
1385.198859,15.30393273
1385.398859,14.75600551
1385.6,13.9513274
1385.8,14.21042587
1386,17.34421542
1386.2,18.10188023
1386.398859,15.28180053
1386.598289,12.97666016
1386.8,12.06030621
1386.997148,12.08223287
1387.197719,12.86264041
1387.398289,14.0937324
1387.6,14.54168591
1387.8,15.50737629
1388,14.90060095
1388.2,15.63261595
1388.4,14.74031566
1388.6,13.15099414
1388.8,14.35834784
1389,16.68722013
1389.2,16.29730843
1389.4,16.20141379
1389.6,15.25839659
1389.8,14.09164193
1389.998289,14.80219726
1390.2,17.39009409
1390.4,19.20049181
1390.6,18.46670562
1390.8,18.47626315
1391,18.09417243
1391.2,16.3040099
1391.4,14.17130991
1391.6,13.46493683
1391.8,12.94972321
1392,12.76506404
1392.2,12.28394162
1392.4,12.73537564
1392.6,14.45391819
1392.8,14.89894831
1393,14.28578006
1393.2,13.93211967
1393.4,14.19685931
1393.6,14.22180728
1393.8,12.77631562
1394,14.27338479
1394.2,13.8139975
1394.4,14.44388798
1394.6,16.04113729
1394.8,15.68160599
1394.998289,14.81778686
1395.197719,13.6310682
1395.398289,14.11503018
1395.598859,15.22716649
1395.798289,15.20950432
1396,15.19841232
1396.2,14.90361184
1396.4,15.81628058
1396.6,16.31783635
1396.8,14.64071932
1397,14.1919708
1397.2,14.26463986
1397.4,13.36638575
1397.6,13.12900102
1397.8,12.7994702
1398,11.35574073
1398.2,13.28148636
1398.397719,15.92043586
1398.6,18.43280147
1398.8,18.69057073
1398.997719,15.79768463
1399.198859,14.1020112
1399.4,14.23690027
1399.6,14.80625544
1399.8,16.60459477
1400,18.4378733
1400.2,18.95644784
1400.4,18.80881902
1400.6,16.02442829
1400.798289,13.94688654
1400.998289,14.18507209
1401.197719,13.6028118
1401.396578,12.18625738
1401.597719,14.17655612
1401.798289,15.30486421
1401.997719,14.70633428
1402.198859,16.6221136
1402.398859,16.81028685
1402.598859,16.488532
1402.798289,16.71338406
1403,18.67318815
1403.2,18.11041277
1403.398859,16.78274386
1403.597148,14.224315
1403.797719,15.05322005
1404,18.54039515
1404.2,20.22903817
1404.401711,22.64750685
1404.6,19.88146503
1404.8,19.88265948
1405,19.88167828
1405.201711,22.47149317
1405.403993,25.98447859
1405.604563,26.94655291
1405.802281,23.61917525
1406,19.86623299
1406.2,19.72575454
1406.4,19.45477296
1406.6,19.21219049
1406.8,18.76401234
1407,19.55572751
1407.2,19.90388418
1407.4,19.42398266
1407.6,19.8145899
1407.8,20.56764315
1408,20.22879773
1408.2,21.152753
1408.4,25.61687667
1408.6,24.75505537
1408.8,23.2678304
1409,22.31563819
1409.2,24.9068892
1409.4,26.28087238
1409.602852,24.62336231
1409.8,20.12265759
1410,18.07479316
1410.2,17.44684828
1410.4,19.14636972
1410.601141,22.09827718
1410.801141,22.61395121
1411.001141,22.46252677
1411.201141,23.55085768
1411.401141,23.39771636
1411.6,22.85054675
1411.8,24.45158343
1412,26.62462905
1412.2,25.12591493
1412.4,23.5933693
1412.6,22.79524765
1412.8,22.66061772
1413,23.52889814
1413.2,24.12940374
1413.4,24.00954196
1413.6,25.36047203
1413.8,28.07611173
1414,26.41526144
1414.20057,22.64850505
1414.4,21.44523344
1414.601141,23.39169432
1414.8,26.37014365
1415,26.40033052
1415.2,28.40758441
1415.4,27.22657272
1415.6,26.95046135
1415.8,28.8166142
1416,28.29138797
1416.2,23.82370143
1416.4,21.41050938
1416.6,21.34621678
1416.8,21.29579884
1417,22.00653157
1417.2,23.97867453
1417.4,24.46316119
1417.6,24.52204995
1417.8,24.8789849
1418,24.9045669
1418.2,26.41813119
1418.4,29.01008325
1418.6,28.15712942
1418.8,26.48203378
1419,26.27069065
1419.2,25.73393175
1419.4,25.97478671
1419.6,28.57590439
1419.8,31.02559506
1420,31.26606743
1420.2,30.86753248
1420.4,29.47932491
1420.602268,27.49895633
1420.802268,26.84572021
1421.001701,26.01436296
1421.2,26.16009095
1421.401701,23.89519386
1421.6,23.53309903
1421.8,27.00947399
1422,26.58388361
1422.2,25.24084269
1422.4,24.4813838
1422.6,24.25213339
1422.8,22.39202034
1423,25.96226351
1423.2,27.61483394
1423.4,27.09701411
1423.6,25.57241495
1423.8,24.39920387
1424,23.82695471
1424.2,26.36812151
1424.4,25.50112031
1424.6,24.10964445
1424.8,22.70103894
1425,24.06240894
1425.2,26.12014769
1425.4,25.94169573
1425.6,24.89310612
1425.8,24.88246874
1426,23.54666807
1426.2,23.53440455
1426.4,25.17166743
1426.6,25.56875799
1426.8,25.58873237
1427,26.42323142
1427.2,28.23890257
1427.402268,27.51642838
1427.6,24.93381428
1427.8,21.5562395
1428,21.32152581
1428.2,21.31907889
1428.4,21.15083288
1428.601134,23.35623601
1428.8,24.28345911
1429,24.4628416
1429.2,23.43936006
1429.4,23.45572529
1429.6,23.45587453
1429.8,23.45583675
1430,23.45609418
1430.2,22.9318065
1430.4,22.07996841
1430.6,24.78547714
1430.8,25.6626258
1431.001134,23.43822534
1431.2,21.37706068
1431.4,20.62902299
1431.6,20.33648039
1431.8,19.91406729
1432,20.04503306
1432.2,19.55726337
1432.4,20.45493988
1432.601701,24.45146729
1432.801701,24.86826982
1433.001134,22.54836721
1433.2,21.3238441
1433.4,21.78568071
1433.6,19.53539875
1433.8,18.94610786
1434,19.18071279
1434.2,19.51241981
1434.4,20.73281304
1434.6,21.55484849
1434.8,20.68122524
1435,19.90392841
1435.2,19.45415716
1435.4,20.62563541
1435.6,20.02689661
1435.8,17.3398361
1435.998866,15.61769943
1436.2,19.89584287
1436.401134,24.23639147
1436.6,20.6542307
1436.8,17.25724946
1437,17.5421081
1437.2,18.90124439
1437.4,19.55045889
1437.6,20.61248235
1437.8,20.25770677
1438,20.65444082
1438.2,20.30519353
1438.4,19.40074398
1438.6,18.77335485
1438.8,19.45568693
1439,20.30711786
1439.2,19.20326112
1439.4,19.18209971
1439.6,18.83909333
1439.8,19.05863289
1440,18.89979118
1440.2,17.97244961
1440.4,17.98910151
1440.598866,17.1455106
1440.798299,15.39841616
1440.998866,16.07895359
1441.198866,16.40329421
1441.4,17.15479999
1441.6,18.8798051
1441.8,18.44231697
1442,17.56009871
1442.2,17.73311899
1442.4,18.82889949
1442.6,18.82738122
1442.8,18.09105783
1443,17.42453779
1443.2,18.71790908
1443.4,18.7666038
1443.6,18.24964248
1443.798299,17.25327205
1443.998866,16.31477524
1444.2,18.10495255
1444.4,18.57884806
1444.6,18.87987863
1444.8,18.29666654
1444.998866,15.75262749
1445.198299,15.57691732
1445.4,18.51971007
1445.6,19.19109304
1445.8,18.97266202
1445.998866,17.14522767
1446.2,18.32554278
1446.4,18.09918155
1446.6,18.49815815
1446.8,19.21887541
1447,19.201575
1447.2,19.22663646
1447.4,18.82383128
1447.6,18.47449879
1447.8,18.92619324
1448,18.80727246
1448.2,18.82715144
1448.398866,16.05906417
1448.6,18.38166063
1448.8,19.19797817
1449,19.22813798
1449.2,19.62030313
1449.4,22.1803438
1449.601701,24.91587219
1449.8,21.54539731
1450,19.32465879
1450.198866,16.4690886
1450.398866,14.57877708
1450.598866,16.14079442
1450.8,19.73792696
1451.001134,24.19774657
1451.201134,23.2387886
1451.4,19.74452468
1451.6,19.17610996
1451.8,19.94078607
1452,19.90133706
1452.2,19.30315957
1452.4,19.64099071
1452.601134,23.11657813
1452.8,21.38125137
1453,19.94165934
1453.2,19.03982291
1453.4,18.48064927
1453.6,18.84752939
1453.8,19.16000009
1454,16.80647682
1454.2,16.29933265
1454.4,17.74267208
1454.6,18.74076766
1454.798866,16.44617417
1454.997732,13.51572037
1455.197165,12.48224478
1455.397165,14.35203177
1455.6,18.32204236
1455.8,20.69452358
1456,19.05384219
1456.2,16.63341066
1456.398866,14.86914147
1456.598299,13.80567303
1456.8,16.58976741
1457,18.16777559
1457.2,17.86030841
1457.4,17.80914902
1457.6,17.55597358
1457.8,18.1183852
1458,19.89437514
1458.2,18.50513114
1458.4,15.23146675
1458.596598,11.60310599
1458.798299,13.74861625
1458.998299,14.39600045
1459.2,15.25735125
1459.4,12.80884234
1459.6,12.7214767
1459.8,14.57977078
1460,14.18650831
1460.2,14.22952795
1460.4,13.83122124
1460.6,14.26613818
1460.8,13.53733006
1461,11.35929378
1461.2,11.37112626
1461.4,11.40253542
1461.6,11.38113609
1461.8,11.50259534
1462,12.46212034
1462.2,12.83852575
1462.4,11.55209346
1462.6,9.67376857
1462.8,9.558422474
1463,10.68364656
1463.2,11.50801775
1463.4,12.90947233
1463.6,13.25153048
1463.8,12.86401247
1464,12.78173513
1464.2,12.65952133
1464.4,14.207066
1464.6,15.70608645
1464.798299,13.12537869
1464.997732,12.93559227
1465.198299,14.29119375
1465.398299,14.13742601
1465.597732,13.58024803
1465.8,13.50496305
1466,12.9962895
1466.2,12.87788371
1466.4,12.52687824
1466.6,13.22438249
1466.8,13.54742268
1467,12.68534874
1467.2,11.72786321
1467.4,12.0214073
1467.6,13.01636736
1467.8,14.04057904
1468,12.03750512
1468.2,12.30547615
1468.4,13.50302931
1468.6,12.85683068
1468.8,12.09513044
1469,12.79990292
1469.2,15.14500709
1469.4,16.36744429
1469.6,16.33713998
1469.8,15.91821128
1470,15.6364569
1470.2,15.66801735
1470.4,13.53918891
1470.6,13.32814069
1470.8,14.81067701
1471,16.24373445
1471.2,17.75469209
1471.398866,15.77123005
1471.6,18.14212171
1471.798866,16.09056171
1471.998866,15.12232629
1472.198299,13.79434231
1472.398299,12.38157266
1472.6,15.96773694
1472.8,17.59833308
1472.998866,15.01420532
1473.198866,15.03360185
1473.398299,14.16179976
1473.598299,14.16128136
1473.798299,14.09134016
1474,14.2733899
1474.2,15.64978907
1474.4,15.67133068
1474.6,14.2610764
1474.8,14.48405879
1475,14.21562381
1475.2,13.36285386
1475.4,13.18046375
1475.6,14.32734667
1475.8,12.67054013
1476,9.998906124
1476.2,12.74755156
1476.4,15.20737553
1476.6,15.32010593
1476.8,15.29038755
1477,15.24219437
1477.2,14.21872794
1477.4,13.84347609
1477.6,12.05604867
1477.798299,13.71655499
1478,17.39015251
1478.2,18.11234009
1478.4,18.33580757
1478.6,18.04874885
1478.8,17.92319395
1479,18.12947057
1479.2,16.09054714
1479.4,14.43464705
1479.6,14.2145145
1479.8,14.78561766
1480,17.52462688
1480.2,17.41486667
1480.4,17.80883544
1480.6,18.02558569
1480.8,18.82706466
1481,19.10969351
1481.2,19.39368584
1481.4,17.41852309
1481.598866,13.86251043
1481.798866,13.53930482
1481.998299,13.45274249
1482.198299,13.24161876
1482.398866,14.32787546
1482.6,17.28915409
1482.8,18.82455125
1483,18.35005923
1483.2,15.16093468
1483.4,12.10680372
1483.6,11.33634108
1483.8,11.06431178
1484,12.87888693
1484.2,15.92570416
1484.4,18.56406735
1484.6,19.03658375
1484.8,18.36590126
1485,17.53107423
1485.2,16.58709255
1485.4,15.5889461
1485.6,14.59162478
1485.8,13.65011847
1486,12.81941707
1486.2,12.15451044
1486.4,13.77050593
1486.6,13.66955279
1486.8,10.67526959
1487,11.99028693
1487.2,12.75747464
1487.4,12.07492224
1487.601701,13.77234341
1487.8,15.70849645
1488,17.9737863
1488.2,18.49189601
1488.4,17.73596616
1488.6,19.10826751
1488.8,19.48051533
1489,18.75842216
1489.2,18.83543656
1489.4,17.16160258
1489.598866,15.29056685
1489.798866,13.88403478
1490,16.30560642
1490.2,18.34721938
1490.4,20.08108647
1490.6,18.83736671
1490.8,17.49271266
1490.998866,16.07681492
1491.198866,15.0575994
1491.4,14.7208727
1491.6,14.26704442
1491.8,14.21485409
1492,14.52678436
1492.2,14.95831783
1492.4,13.49367348
1492.6,14.55152865
1492.798847,16.1852588
1493,18.25368174
1493.2,19.45236282
1493.4,19.95882808
1493.6,24.29350745
1493.8,27.7967958
1494,29.81308938
1494.2,29.50602667
1494.402882,28.45495771
1494.6,28.33072165
1494.8,25.56498824
1495,20.43294666
1495.2,17.69388975
1495.398271,14.82295927
1495.6,18.12209606
1495.8,18.80097885
1496,17.83301584
1496.198847,13.84098753
1496.4,12.7824053
1496.6,13.44873077
1496.8,12.78023915
1497,11.62658056
1497.2,11.42587998
1497.4,11.96865161
1497.6,12.67330887
1497.8,15.56532068
1498,16.37350198
1498.2,16.32866033
1498.4,15.79543649
1498.6,15.5777024
1498.8,15.10749309
1499,14.85839302
1499.2,14.93289284
1499.4,14.63461148
1499.6,14.20888102
1499.8,14.26958456
1500,14.89915318
1500.2,15.41096526
1500.4,15.60014196
1500.6,16.39171227
1500.8,15.36654553
1501,14.19513958
1501.2,13.78661268
1501.4,14.78765407
1501.6,17.46649616
1501.8,18.5261779
1502,19.46441549
1502.2,19.39104303
1502.4,18.82016707
1502.6,18.58383278
1502.8,18.93014223
1503,19.12955949
1503.2,20.06215561
1503.4,20.92634344
1503.6,20.93774819
1503.8,21.28311632
1504,21.09885246
1504.2,20.17628509
1504.4,17.93192992
1504.598847,15.63418622
1504.798271,14.83880278
1504.998847,14.57539878
1505.198847,17.0708335
1505.4,19.69668547
1505.6,20.99478664
1505.8,22.27836855
1506.001153,24.44923273
1506.2,23.19513755
1506.4,21.27172059
1506.601153,24.16467339
1506.801729,26.37819229
1507.001729,25.30798934
1507.202306,26.41927227
1507.401153,24.07617461
1507.598847,19.45697025
1507.8,15.71777399
1508,14.92339044
1508.2,14.03896025
1508.4,12.72437751
1508.6,11.29971958
1508.8,11.36895145
1509,11.76561963
1509.198271,13.11739165
1509.398271,15.42475265
1509.598847,17.43626358
1509.798847,16.08347009
1509.998271,14.10911632
1510.2,12.28725756
1510.397694,13.03195767
1510.598847,17.16196025
1510.8,19.50114025
1511,19.52988087
1511.2,19.87206741
1511.4,20.21240756
1511.6,19.88444342
1511.8,19.61154631
1512,17.33515096
1512.198271,14.47071028
1512.398271,14.4159585
1512.598847,13.17701647
1512.8,13.695121
1513,14.1981822
1513.2,14.21157017
1513.4,13.08437295
1513.6,15.20913497
1513.8,16.92756421
1514,17.02658548
1514.2,16.33775559
1514.4,16.99789862
1514.6,16.09166091
1514.8,14.80858596
1515,15.94213935
1515.2,17.192374
1515.4,15.97845202
1515.598271,14.92249628
1515.797694,14.01167371
1515.997118,13.04226117
1516.197694,14.08995303
1516.397694,13.95677626
1516.6,13.14184095
1516.8,14.19267517
1517,17.74459039
1517.2,18.93374978
1517.4,19.41479814
1517.6,17.39599861
1517.8,17.81729718
1517.998847,15.5906937
1518.198847,16.05869772
1518.4,16.45938162
1518.598271,12.77327305
1518.798847,13.8740479
1518.998271,15.08759254
1519.198847,14.7137891
1519.4,13.39246247
1519.6,17.30305851
1519.8,21.06269062
1520,22.84588409
1520.201729,25.02636163
1520.401729,25.76561325
1520.601729,25.33954744
1520.8,21.89643194
1521,19.50380624
1521.198271,14.8184515
1521.4,15.44634367
1521.6,15.99543218
1521.8,14.72267984
1522,13.13261776
1522.2,13.47715522
1522.4,13.48980047
1522.598847,12.96260294
1522.8,14.68009015
1523,17.35144841
1523.2,17.89580555
1523.4,16.06103003
1523.6,14.23301456
1523.8,11.70662782
1524,11.94639985
1524.2,11.35824497
1524.4,12.41752674
1524.6,14.91420773
1524.8,17.21249385
1525,18.76376109
1525.2,20.23032341
1525.4,19.63569828
1525.6,19.04966755
1525.798847,16.61716277
1526,16.90814776
1526.2,16.80723217
1526.4,14.35001207
1526.6,14.90722394
1526.798271,15.62680418
1526.998847,17.0922702
1527.199424,18.30341559
1527.4,18.99030239
1527.6,16.8828977
1527.8,18.54358789
1528,17.50336481
1528.2,17.19323973
1528.4,17.54817719
1528.6,18.46789563
1528.8,17.40015323
1528.998847,15.23811461
1529.2,19.24776172
1529.4,20.58664645
1529.6,18.69194839
1529.798847,15.39652942
1530,15.56542474
1530.2,17.73242986
1530.4,19.24874471
1530.6,19.07016897
1530.798847,16.75975793
1530.998271,15.50826239
1531.198271,15.32325284
1531.397694,14.00988496
1531.598847,16.83318312
1531.8,19.20118249
1532,18.91355453
1532.2,19.86446343
1532.4,20.48303852
1532.6,17.47463193
1532.8,18.90735984
1533,19.98662861
1533.2,20.59299205
1533.4,19.84517946
1533.6,20.22445295
1533.8,20.57612975
1534,20.61600961
1534.2,21.31679423
1534.4,20.18710329
1534.599424,16.60980042
1534.8,17.92052298
1535,15.96331153
1535.2,16.32662133
1535.4,16.72711592
1535.6,17.11395138
1535.8,16.46649002
1536,16.37226319
1536.2,15.6001307
1536.4,14.88947536
1536.6,17.7719869
1536.8,19.22016278
1537,19.90206815
1537.2,19.89472854
1537.4,19.23238387
1537.6,18.2779889
1537.8,18.81685846
1538,17.79962235
1538.2,19.53713531
1538.4,20.12158482
1538.6,20.22449125
1538.8,19.89135473
1539,19.57205846
1539.2,18.82839772
1539.398847,17.15531694
1539.6,19.53078621
1539.8,19.92279867
1540,20.22223548
1540.2,19.99084947
1540.4,18.42129905
1540.598847,15.27532054
1540.8,17.21463274
1541,19.20091927
1541.2,19.5212843
1541.4,19.47627818
1541.598847,17.47473258
1541.8,15.64368293
1542,17.03345212
1542.2,16.81706386
1542.4,17.54416404
1542.6,17.80485107
1542.8,19.67435051
1543,19.87101124
1543.2,19.26984106
1543.4,18.82712625
1543.6,18.42517855
1543.8,18.35493657
1544,18.53885866
1544.2,19.15923249
1544.4,18.95136136
1544.6,19.86860767
1544.8,20.20546944
1545,19.71400142
1545.2,18.89057158
1545.4,19.00125908
1545.6,19.52470715
1545.8,19.52565429
1546,18.84740161
1546.2,19.16615078
1546.4,19.19857177
1546.6,19.18862843
1546.8,19.12942134
1547,18.71479066
1547.2,19.04804691
1547.4,19.86027423
1547.6,19.90452029
1547.8,18.60166184
1547.999424,17.30749622
1548.2,18.04127518
1548.4,18.45033234
1548.6,18.76979603
1548.8,20.80538751
1549,22.69785686
1549.2,24.04397326
1549.402882,24.8537194
1549.603458,24.51254192
1549.801729,23.64474555
1550,21.73878327
1550.2,19.80668413
1550.4,20.57396615
1550.6,21.24697823
1550.8,22.23140652
1551,21.8294419
1551.2,21.54363194
1551.4,20.94428513
1551.6,20.04987533
1551.8,18.49815777
1552,18.13982256
1552.2,16.79148332
1552.399424,15.82230041
1552.597118,14.27878983
1552.798271,12.88576321
1553,12.37744893
1553.2,15.46758599
1553.4,18.87258735
1553.6,19.88094515
1553.8,19.13183521
1553.998847,17.07296751
1554.198271,15.6242343
1554.398847,16.04985757
1554.6,17.88258385
1554.8,19.13465164
1555,20.22795578
1555.2,20.56671394
1555.4,20.23579815
1555.6,20.74728713
1555.8,21.69944318
1556,23.19400537
1556.2,21.09903422
1556.4,18.92613574
1556.6,18.93042141
1556.8,21.05024588
1557,24.38737763
1557.2,28.59817668
1557.4,29.04694266
1557.6,29.90108505
1557.8,30.17171651
1558,28.42727204
1558.2,28.00650619
1558.4,24.2983443
1558.6,23.36939966
1558.8,22.45667369
1559,20.79149289
1559.2,20.94035278
1559.4,21.72795169
1559.6,22.28963658
1559.8,22.00895266
1560,22.11955239
1560.200576,23.5908881
1560.401153,24.83861557
1560.601153,24.42493898
1560.8,22.3337321
1561,22.25216374
1561.201153,23.86561529
1561.402306,27.58356659
1561.602882,28.21288317
1561.803458,26.34576807
1562,22.00476068
1562.2,22.08712276
1562.4,23.35106148
1562.602882,27.06792818
1562.801729,26.78798997
1563.001729,27.24292045
1563.201153,27.07431401
1563.4,26.19579588
1563.6,27.08487707
1563.8,27.94592563
1564,28.69256677
1564.2,29.35806254
1564.4,25.04576335
1564.6,22.38428562
1564.8,23.90849825
1565,25.80628826
1565.2,27.91617088
1565.4,30.07666133
1565.6,32.12627485
1565.8,33.90352667
1566,35.77948932
1566.2,36.80495958
1566.4,36.83892115
1566.598847,38.24737256
1566.8,40.46244999
1567.002306,44.84800253
1567.202882,51.41099873
1567.4,53.23583654
