"AGE","GR"
2542.64620643095,16.5110960629921
2544.57528897821,17.0935283464567
2546.50437152547,16.2012879265093
2548.43345407272,14.4580388451441
2550.36253661998,13.4354314960629
2552.29161916724,12.9646057742782
2558.07886680902,13.4576653543307
2565.79519699805,13.1663850393702
2573.51152718709,13.8416094488187
2577.3696922816,13.6616013123366
2581.22785737612,13.3628480314963
2585.08602247064,14.0103795275587
2587.0151050179,12.8519018372705
2588.94418756516,12.7435984251968
2592.80235265967,12.5820241469821
2596.66051775419,12.9502005249345
2600.51868284871,12.159525984252
2604.37684794323,12.5079637795276
2612.09317813226,12.1822666666667
2619.80950832129,11.9443889763782
2627.52583851033,13.1227603674541
2635.24216869936,13.8855989501313
2642.9584988884,13.9429133858269
2650.67482907743,13.2321734908135
2658.39115926647,12.3330005249345
2662.24932436098,14.3981354330706
2666.1074894555,14.1692375328077
2668.03657200276,12.4798005249352
2669.96565455002,12.3203228346459
2673.82381964454,14.4885968503937
2677.68198473905,15.9244787401582
2681.54014983357,13.2321952755904
2685.39831492809,12.6286706036746
2689.25648002261,12.5545566929134
2696.97281021164,12.3221173228344
2704.68914040067,12.2590713910761
2710.47638804245,12.4616005249344
2712.40547058971,13.1172
2714.33455313697,13.4978304461943
2716.26363568423,13.4875679790026
2718.19271823149,12.2329425196851
2719.15725950511,13.4966049868765
2719.65250996001,14.2941598425202
2720.1477604149,13.3050244094489
2720.73281832772,13.7188913385826
2721.31787624054,13.7767559055117
2721.90293415336,13.5570425196852
2722.48799206618,13.7341383202098
2723.073049979,12.3740385826772
2723.65810789182,11.2081937007865
2727.16845536873,9.89582493438303
2729.50868702001,12.0384758530187
2730.67880284565,14.1251236220481
2731.84891867129,13.7937929133859
2733.01903449693,14.0883125984259
2734.18915032256,17.353820472441
2735.3592661482,18.1893404199475
2736.52938197384,17.044004986876
2737.69949779948,15.6144748031495
2738.86961362512,16.5465664041996
2740.03972945075,17.5834860892387
2741.20984527639,15.1272606299202
2742.37996110203,13.2452545931761
2743.55007692767,15.7604503937011
2744.72019275331,19.4445228346461
2745.89030857895,20.0128606299221
2747.06042440459,17.1429047244092
2748.23054023022,16.07644015748
2752.91100353278,15.828488976378
2757.59146683533,14.2402944881891
2762.27193013788,13.9062803149607
2766.95239344044,14.3437716535433
2771.63285674299,14.9012036745411
2776.31332004554,15.7539425196851
2780.9937833481,15.7884123359579
2783.33401499937,18.21247664042
2785.67424665065,19.0718866141731
2788.01447830193,18.4808629921259
2790.3547099532,19.1757031496065
2795.03517325575,20.4062
2799.71563655831,19.7189984251971
2804.39609986086,19.4270013123356
2806.73633151214,19.0932740157488
2809.07656316341,18.7915049868767
2811.41679481469,17.5172230971127
2813.75702646597,15.1229889763777
2816.09725811724,15.4760792650918
2818.43748976852,14.8774055118108
2820.7777214198,14.3020874015746
2823.11795307107,16.0127792650918
2825.45818472235,16.411298687664
2827.79841637363,13.453337007874
2832.47887967618,13.1981979002628
2835.98922715309,14.8444031496065
2838.32945880437,19.2863425196852
2843.00992210692,19.9024706036746
2846.52026958384,18.9796976377951
2848.86050123512,19.4348181102367
2850.03061706075,20.6422244094487
2851.20073288639,19.5523293963254
2852.37084871203,19.4818149606299
2853.54096453767,21.5531931758531
2855.88119618895,22.3397417322839
2864.07200696841,22.7775149606299
2873.43293357351,23.969021784778
2886.30420765554,26.1014976377953
2898.00536591193,25.7994881889764
2916.72721912214,24.1603863517066
2924.91802990161,24.8769845144357
2929.59849320416,25.5062496062994
2933.10884068107,24.4172230971129
2937.78930398363,22.4950472440942
2942.46976728618,19.2570377952747
2944.80999893746,18.5225879265089
2945.98011476309,17.4166165354334
2947.15023058873,18.3402228346457
2947.73528850155,19.116865354331
2948.32034641437,18.7765587926517
2949.49046224001,19.8028055118111
2950.66057806565,18.6573383202097
2951.24563597847,16.6313614173227
2951.83069389129,18.0793929133861
2953.00080971692,20.2900766404207
2954.17092554256,21.5239821522313
2956.51115719384,19.1887023622043
2958.85138884512,18.1903485564305
2960.02150467075,17.5354404199475
2961.19162049639,18.5020881889764
2961.77667840921,19.2323262467192
2962.36173632203,18.9245246719161
2962.94679423485,20.1236637795275
2963.53185214767,20.3468981627296
2964.11691006049,17.7081958005243
2964.70196797331,16.9668314960629
2965.28702588613,16.7831044619426
2965.87208379895,16.3695107611552
2966.45714171176,15.9931771653544
2968.21231545022,15.5958968503931
2969.96748918868,15.7370018372702
2972.89277875278,16.275735433071
2974.06289457841,15.9700664041998
2974.64795249123,14.8942732283464
2975.23301040405,14.8689448818907
2976.40312622969,16.1892228346457
2977.57324205533,16.2794139107613
2978.74335788097,16.1562
2979.91347370661,15.4793322834646
2981.08358953224,16.1464551181102
2982.25370535788,15.8112417322834
2983.42382118352,16.5623039370079
2984.59393700916,18.1338661417318
2985.7640528348,20.2877456692917
2986.93416866043,21.9033952755903
2987.51922657325,21.1483795275591
2988.10428448607,21.7138598425199
2989.27440031171,23.0500325459312
2990.44451613735,24.5088031496063
2991.61463196299,25.4701220472447
2992.78474778863,22.1156451443571
2993.95486361426,21.3737443569553
2998.63532691682,21.6477779527558
3000.97555856809,18.8983921259845
3003.31579021937,17.3776561679782
3007.99625352192,16.8564472440945
3011.50660099884,16.2854404199474
3013.84683265012,18.483715485564
3016.18706430139,22.1146653543311
3018.52729595267,24.0365813648296
3020.86752760395,25.1488112860889
3023.20775925522,23.4790724409445
3024.37787508086,20.2510566929124
3025.5479909065,19.3433018372707
3027.88822255777,20.9604960629934
3030.22845420905,21.9022283464567
3030.81351212187,22.2211446194227
3031.39857003469,23.2442110236225
3032.56868586033,24.9322005249347
3033.73880168597,23.8349897637788
3034.9089175116,21.5510850393697
3036.07903333724,21.277739107612
3037.24914916288,23.0588716535433
3038.41926498852,23.0913685039369
3039.58938081416,22.6993548556428
3040.17443872698,21.406644094488
3040.7594966398,22.5340433070866
3041.34455455262,22.8552989501313
3041.92961246543,21.8372960629916
3043.09972829107,18.1755850393701
3044.26984411671,18.3376144356956
3045.43995994235,20.4769905511824
3046.61007576799,21.6438251968512
3047.78019159363,23.500785826771
3050.1204232449,22.1981787401572
3052.46065489618,19.7683314960619
3053.63077072182,20.7424380577423
3054.80088654746,19.2662188976377
3055.9710023731,17.5907937007866
3057.14111819873,18.3385727034134
3058.31123402437,20.3889110236223
3059.48134985001,22.5197614173243
3060.65146567565,23.1523585301837
3061.82158150129,22.432566929133
3062.99169732692,20.0760236220458
3064.16181315256,19.394830183727
3065.3319289782,18.920111548556
3066.50204480384,17.1053519685035
3067.08710271666,16.3533490813654
3067.67216062948,19.0339383202117
3068.84227645511,22.230659055119
3070.01239228075,23.6965383202102
3073.52273975767,23.3645013123355
3080.5434347115,19.5236220472424
3089.90436131661,14.7953112860872
3092.24459296788,15.3355514435703
3094.58482461916,17.560123622048
3099.26528792171,17.5760892388451
3101.60551957299,16.725644356955
3106.28598287554,15.9850212598422
3110.96644617809,15.2512272965878
3113.30667782937,17.6493824146996
3113.89173574219,20.0088370078741
3114.47679365501,21.772296587927
3115.06185156783,21.9598994750677
3115.64690948065,24.0643614173228
3116.23196739347,25.4348753280852
3117.40208321911,25.5707020997373
3118.57219904474,25.695823622047
3119.74231487038,25.7668866141739
3120.91243069602,27.5974871391083
3122.08254652166,25.0092023622033
3123.2526623473,21.4970632545929
3124.42277817293,23.035777165356
3125.30036504216,24.7810039370069
3125.88542295498,23.1340223097111
3126.76300982421,22.0395740157474
3128.51818356267,23.6455267716536
3129.68829938831,21.7361013123355
3130.85841521395,21.8869727034129
3132.02853103958,23.9716551181106
3133.19864686522,27.7001312335956
3134.36876269086,26.5865973753278
3135.5388785165,24.156741732283
3136.70899434214,22.1299388451436
3137.87911016778,19.0018044619411
3139.04922599341,17.1496062992125
3141.38945764469,21.1741805774288
3143.72968929597,24.5481417322833
3148.41015259852,22.7433921259831
3153.09061590107,20.9687745406834
3155.43084755235,22.387123097112
3157.77107920363,20.2296850393701
3162.45154250618,16.9381498687666
3167.13200580873,17.1899976377953
3174.15270076256,18.6249700787405
3183.51362736767,18.8571194225729
3197.55501727533,19.2268790026246
3216.27687048554,19.5313645669298
3231.48837621884,19.589582939632
3239.67918699831,17.4304228346454
3245.5297661265,15.82844015748
3251.38034525469,14.6217341207347
3260.7412718598,13.7505167979002
3268.93208263926,15.2621858267739
3271.27231429054,16.17509343832
3273.027488029,16.771296850393
3275.36771968028,15.5713322834646
3277.70795133155,17.3105711286099
3280.04818298283,19.2756304461955
3284.14358837256,21.4637307086615
3293.50451497767,21.6435480314961
3317.83997895648,20.9368598425198
3328.31471010701,18.8914700787398
3338.78944125755,19.0625000000007
3349.26417240809,21.3177328083991
3359.73890355862,21.9008866141736
3370.21363470915,21.5514167979001
3380.68836585969,24.680952230972
3388.54441422259,25.5638590551196
3392.47243840404,26.6582574803148
3396.40046258549,25.1685921259837
3399.01914537312,24.4288377952753
3404.25651094839,22.4975013123353
3412.11255931129,20.5913661417315
3419.96860767419,19.4116858267728
3425.20597324946,22.6262406824154
3427.8246560371,23.8762963254593
3430.44333882473,24.6306834645664
3433.06202161236,23.3942104986873
3435.68070439999,22.2839734908135
3438.29938718763,22.8986464566936
3440.91806997526,22.9603322834646
3443.53675276289,23.7139467191596
3446.15543555053,25.5185755905534
3448.77411833816,21.3316005249345
3454.01148391343,21.7322790026243
3457.93950809488,22.2324102362207
3460.55819088252,20.9452960629915
3463.17687367015,17.799090813647
3469.72358063923,15.467647244094
3480.19831178977,13.7976779527559
3490.6730429403,14.0815721784778
3501.14777409084,15.9083952755914
3511.62250524137,16.8457015748038
3519.47855360427,18.2395335958006
3524.71591917954,19.310892125985
3529.95328475481,21.3627301837268
3548.28406426824,21.5474866141739
3579.70825771985,25.1031055118138
3592.80167165801,35.1419396325464
3609.27428697695,47.3830769028903
3614.74991234583,51.7553866141733
3627.52637153989,48.9051364829388
3638.47762227765,38.4653451443506
3660.38012375318,28.2996811023609
3674.98179140354,24.8892002624673
3682.28262522871,28.9338267716544
3689.58345905389,33.2221858267722
3704.18512670424,32.8428616797889
3722.43721126718,31.6411322834646
3735.21367046124,32.2083826771661
3742.51450428642,30.4192338582678
3751.64054656789,27.0260895013113
3758.94138039307,26.2908606299244
3762.59179730566,32.0939044619427
3766.24221421824,36.2326435695559
3768.06742267454,33.7603346456694
3769.89263113083,30.684875328083
3771.71783958713,28.7182790026241
3773.54304804342,27.0793763779527
3777.19346495601,24.8552094488174
3780.8438818686,21.2403301837267
3786.31950723748,22.0431566929136
3793.62034106265,24.5081107611575
3800.92117488783,25.8998304461939
3813.69763408189,26.7353842519673
3828.29930173224,21.4606139107607
3842.9009693826,14.8271493438297
3857.50263703295,9.97507401574669
3872.1043046833,11.5526834645673
3881.23034696477,14.0834530183741
3888.53118078995,19.9958204724403
3895.83201461513,32.4589270341243
3903.1328484403,39.5708661417331
3910.43368226548,38.2654598425196
3917.73451609066,35.4120734908128
3926.86055837213,34.089379527559
3941.46222602248,33.9062
3956.06389367283,37.8326317585327
3970.66556132319,40.938812335958
3979.79160360466,41.6624015748034
3987.09243742983,43.3786409448826
3994.39327125501,48.2236383202112
4001.69410508019,51.4337763779529
4008.99493890536,50.5955527559052
4016.29577273054,41.2942774278192
4027.2470234683,32.500609448819
4036.37306574977,24.8731343831998
4050.97473340014,21.1487146981629
4065.57640105048,21.4062
4080.17806870083,20.3039217847761
4087.47890252601,20.4548026246719
4092.95452789489,20.8128440944886
4100.25536172007,20.2167737532796
4107.55619554525,20.6803984251969
4114.85702937042,22.6046748031501
4118.50744628301,24.3297225721786
4121.24525896746,25.8205207349086
4123.07046742375,28.9151086614171
4125.80828010819,28.5255422572178
4128.54609279263,24.629085039369
4131.28390547707,23.553493700787
4144.06036467113,21.5535083989509
4158.66203232148,20.6994750656159
4171.43849151554,22.9933653543302
4211.59307755401,21.7425254593179
4240.79641285472,22.0469
4249.92245513619,22.7436023622049
4257.22328896136,22.6150165354325
4264.52412278654,22.9163931758531
4271.82495661172,22.0953015748027
4279.12579043689,20.2562496062993
4286.42662426207,18.4197406824147
4301.02829191242,17.4994086614199
4308.3291257376,21.1492858267718
4315.62995956278,24.1888519685052
4319.28037647536,24.1285448818895
4322.93079338795,22.1844196850392
4330.23162721313,21.0755356955377
4344.83329486348,21.7225440944885
4357.60975405754,23.869930708662
4386.81308935825,25.3500257217848
4394.11392318342,22.6935118110222
4401.4147570086,21.6014209973759
4405.0651739212,23.8037372703416
4408.71559083378,25.1348039370079
4412.36600774637,22.5811847769034
4416.01642465895,19.5406776902887
4430.6180923093,20.4502629921268
4445.21975995966,22.7718341207349
4459.82142761001,22.838533333333
4474.42309526037,23.0463417322835
4489.02476291072,23.7056724409449
4496.32559673589,24.3455202099745
4510.92726438625,25.4917527559056
4525.5289320366,28.4087527559064
4540.13059968696,28.146154855643
4547.43143351213,26.9033952755903
4551.08185042472,27.2591619422577
4554.73226733731,29.105823097113
4562.03310116248,28.8984740157474
4569.33393498766,27.0303202099739
4583.93560263801,22.8104425196852
4605.83810411354,23.4174503937012
4620.4397717639,23.6010645669291
4624.09018867648,21.1351545931746
4627.74060558907,19.2855645669291
4635.04143941425,18.460620997375
4636.86664787054,17.2330797900257
4638.69185632684,18.1301606299213
4642.34227323943,19.0275220472442
4645.99269015201,17.4010443569551
4647.81789860831,17.7374456692912
4649.6431070646,17.1950338582677
4653.29352397719,17.1875
4656.94394088978,16.9810960629924
4660.59435780237,18.5574443569554
4675.19602545272,19.9441351706039
4689.79769310307,21.2085133858258
4704.39936075343,18.9497879265091
4715.35061149119,17.4091559055109
4722.65144531637,18.5314472440945
4729.95227914154,19.1927989501319
4737.25311296672,18.6143853018355
4744.5539467919,16.5941440944883
4748.20436370449,17.4880225721803
4751.85478061707,23.3525422572178
4755.50519752966,30.6662913385833
4759.15561444225,37.1369228346475
4762.80603135484,36.5643622047238
4766.45644826743,27.7216614173207
4770.10686518001,17.440928871391
4773.7572820926,17.9195808398954
4777.40769900519,18.8281
4781.05811591778,17.357736220472
4784.70853283037,16.4424438320216
4788.35894974296,17.8708244094487
4795.65978356813,18.3982039370076
4806.6110343059,17.8070543307087
4821.21270195625,15.9396519685038
4835.8143696066,16.1068362204732
4865.01770490731,14.1361081364826
4894.22104020802,14.5066677165349
4908.82270785837,14.4105391076122
4923.42437550872,14.4602228346456
4938.02604315907,16.5510141732291
4950.80250235313,19.1666372703413
4958.10333617831,20.7843076115488
4961.7537530909,23.6695511811038
4965.40417000349,25.8504566929136
4969.05458691608,28.1921091863515
4972.70500382866,27.784074015748
4976.35542074125,28.2275748031494
4980.00583765384,31.9806267716534
4983.65625456643,31.9680118110238
4987.30667147902,29.5711624671895
4990.9570883916,29.9427467191596
4998.25792221678,28.1705086614175
5005.55875604196,28.2896624671912
5012.85958986713,27.1034887139108
5020.16042369231,25.5989173228329
5025.63604906119,23.3558070866141
5029.28646597378,25.0782480314962
5032.93688288637,25.8774606299191
5036.58729979896,22.3304737532807
5042.06292516784,21.1730262467191
5049.36375899302,22.7953968503938
5056.66459281819,22.3846944881885
5065.79063509966,19.3745238845135
5067.61584355596,17.1406
5069.44105201225,16.7228220472437
5071.26626046855,15.2182188976379
5074.91667738113,15.2211007874017
5075.82928160928,15.6882246719162
5076.74188583743,15.7651443569554
5077.65449006557,16.4784535433076
5078.56709429372,16.4801251968505
5079.47969852187,15.8587900262466
5080.39230275002,15.5234
5081.30490697817,18.0221858267716
5082.21751120631,19.071404199475
5085.8679281189,18.1621622047244
5089.51834503149,14.5765417322834
5093.16876194408,13.9846270341204
5096.81917885666,14.4821440944884
5111.42084650702,14.863713910761
5118.72168033219,13.9922233595801
5126.02251415737,12.2792574803144
5133.32334798255,12.1280107611551
5140.62418180772,13.0209580052496
5155.22584945808,13.6065622047238
5169.82751710843,12.9062
5184.42918475878,12.7466472440953
5206.33168623431,15.3710755905517
5233.70981307872,15.0431270341208
5262.91314837943,13.1697065616796
5277.51481602978,13.4762629921258
5293.94169213643,14.7131028871392
5301.24252596161,13.4739950131227
5306.71815133049,12.9219047244095
5310.36856824308,14.2347729658795
5317.66940206825,15.8559755905511
5323.14502743714,14.446416535433
5324.97023589343,14.4167787401576
5326.79544434972,14.2233834645669
5328.62065280602,15.0930732283464
5330.44586126231,15.0211047244094
5331.35846549046,14.0135094488185
5331.81476760454,13.1401055118115
5332.27106971861,14.1952590551181
5333.18367394675,14.7072695538061
5334.0962781749,12.1917133858267
5335.92148663119,13.0709141732286
5337.74669508749,14.305155643045
5339.57190354378,14.0805614173231
5341.39711200008,12.0173648293961
5342.30971622822,12.895842519685
5343.22232045637,14.4219
5344.13492468451,15.9688160104985
5345.04752891266,16.8119918635172
5345.96013314081,19.5594023622051
5346.87273736896,18.9229162729659
5347.7853415971,16.3823099737528
5348.69794582525,15.9183118110238
5350.52315428155,17.744688976378
5352.34836273784,17.7508202099735
5354.17357119413,16.3730314960633
5355.99877965043,15.167418897637
5357.82398810672,12.7062094488187
5359.64919656302,13.477922047244
5361.47440501931,15.7259868766401
5363.29961347561,15.126842519685
5365.1248219319,14.9314385826771
5366.03742616004,17.1500895013139
5366.95003038819,15.939962992126
5367.86263461634,14.7187976377946
5368.31893673041,14.7265540682415
5368.77523884449,14.4467921259844
5369.23154095856,14.5359141732276
5369.68784307263,14.6635005249345
5370.14414518671,14.7864695538062
5370.60044730078,15.6078858267707
5371.05674941485,14.2979561679788
5371.51305152893,13.8763498687673
5371.96935364301,16.6450716535433
5372.42565575708,16.4576931758526
5373.33825998523,13.8007564304457
5374.25086421337,13.4509511811027
5375.16346844152,14.0312083989498
5376.07607266967,14.1700543307086
5376.98867689781,15.047466141733
5377.90128112596,16.8030640419952
5378.35758324003,15.8530377952756
5378.8138853541,15.8262795275592
5379.27018746818,16.2450648293963
5379.72648958225,18.1010272965883
5380.6390938104,17.7440944881892
5381.09539592447,17.3523622047242
5381.55169803855,16.4482656167978
5382.00800015262,16.557149606299
5382.4643022667,15.6855181102366
5383.37690649484,16.692794225722
5384.28951072299,17.3807574803145
5385.20211495114,15.1674346456682
5386.11471917928,13.2584881889764
5387.02732340743,12.8074062992124
5387.93992763558,14.6600427821526
5388.85253186373,15.9471582677167
5389.3088339778,14.6239141732272
5389.76513609187,14.0056233595801
5390.67774032002,14.4206934383207
5391.59034454817,14.8449952755903
5392.50294877631,14.9802887139107
5393.41555300446,14.2531582677164
5394.32815723261,13.2812149606298
5395.24076146075,14.7902963254594
5396.1533656889,15.669125459318
5397.06596991705,15.0944566929131
5397.9785741452,15.0366874015746
5398.89117837335,14.2652913385827
5399.80378260149,14.9025921259845
5400.26008471556,15.4263372703413
5400.4882357726,17.4539527559058
5400.71638682964,18.7624204724413
5401.17268894371,18.4509853018374
5401.40084000075,16.9173548556427
5401.62899105778,15.2476330708652
5401.85714211482,14.2177446194226
5402.08529317186,13.7911417322833
5402.54159528593,13.4734803149606
5403.45419951408,14.9885170603678
5404.36680374222,16.2862097112856
5405.27940797037,15.4418354330708
5407.10461642667,15.1069375328084
5408.92982488296,15.5342687664043
5409.8424291111,16.7277291338584
5410.29873122518,18.2629188976386
5410.75503333925,17.517019685039
5412.58024179555,17.3612629921259
5413.49284602369,17.4724763779527
5413.94914813777,17.9774013123361
5414.40545025184,16.8192976377954
5415.31805447999,16.7423398950131
5416.23065870814,17.2871325459323
5417.14326293629,17.5126929133855
5418.05586716443,19.1188241469814
5418.96847139258,17.2103737532795
5419.88107562072,14.5216803149606
5421.70628407702,15.3298296587935
5423.53149253331,15.9535829396325
5425.35670098961,16.4398149606299
5427.1819094459,16.0595312335956
5429.0071179022,15.192724934383
5430.83232635849,16.7972196850398
5434.48274327108,17.7401223097114
5438.13316018367,19.3152887139109
5441.78357709625,18.5162401574799
5445.43399400884,17.0749128608923
5449.08441092143,18.4971952755918
5450.90961937773,18.7194488188979
5454.56003629031,17.7527727034118
5458.2104532029,18.200279265093
5460.0356616592,18.4391244094488
5461.86087011549,19.619854068242
5463.68607857178,20.3334708661418
5467.33649548437,18.4315944881886
5474.63732930955,17.0777637795273
5485.58858004731,16.9742026246719
5489.2389969599,16.5591448818893
5492.88941387249,16.8308803149607
5496.53983078509,16.4954141732283
5503.84066461025,16.4654228346457
5511.14149843543,15.8502916010497
5514.79191534802,15.1812503937004
5518.44233226061,15.2415086614172
5522.0927491732,15.0108944881885
5525.74316608579,15.7677653543283
5529.39358299837,13.8475464566929
5533.04399991096,13.0713144356949
5538.51962527984,14.4755338582688
5543.08264642058,17.2224118110246
5544.90785487688,17.4464585301829
5546.27676121909,16.1012133858255
5547.18936544724,14.0054535433068
5548.55827178946,13.5442666666666
5549.01457390354,13.490887664042
5549.47087601761,14.5403527559047
5551.2960844739,13.4632083989499
5553.1212929302,12.3157606299204
5554.94650138649,13.6576362204728
5555.85910561464,16.3824934383216
5557.68431407093,17.9839435695545
5559.50952252723,15.7078346456684
5561.33473098352,13.2211175853014
5564.9851478961,14.2361727034128
5571.37337749314,14.2640031496063
5573.19858594943,13.968129658792
5575.02379440573,14.9959412073501
5576.84900286202,15.5394070866142
5578.67421131831,15.3160753280838
5580.49941977461,14.4237120734903
5582.3246282309,14.1493236220472
5584.1498366872,12.1404065616803
5585.97504514349,12.8999763779528
5587.80025359978,16.5883322834651
5589.62546205608,16.3758391076129
5591.45067051237,16.2794362204697
5593.27587896867,16.0321921259847
5594.18848319682,15.2019356955395
5595.10108742496,16.2210703412071
5596.01369165311,16.11442992126
5596.92629588126,16.0004813648305
5597.8389001094,16.645027821522
5598.75150433755,16.4650771653545
5599.6641085657,16.8070545931754
5600.57671279384,15.8410422572178
5601.48931702199,15.3967188976372
5602.40192125014,15.8108769028875
5603.31452547828,15.8389107611542
5604.22712970643,15.1296677165354
5605.13973393458,15.4743354330711
5606.05233816273,16.0463241469811
5607.87754661902,15.9269866141735
5609.70275507531,15.13069055118
5611.52796353161,15.0167532808397
5612.44056775976,14.1850157480319
5613.3531719879,13.2192099737516
5614.26577621605,13.6066225721787
5614.72207833013,15.7186519685067
5615.1783804442,17.3518409448816
5615.63468255827,16.8174372703411
5616.09098467235,16.0635779527547
5616.54728678642,16.0704267716542
5617.00358890049,16.5004503937008
5617.45989101456,17.681587401575
5617.91619312864,18.727106036746
5618.82879735678,18.7844488188974
5619.74140158493,16.3911448818881
5620.65400581308,13.8806913385827
5621.56661004123,14.1769842519685
5622.0229121553,16.1202307086612
5622.47921426937,15.9832414698165
5623.39181849752,15.11402519685
5624.30442272567,14.4455889763777
5626.12963118196,14.838129658793
5627.95483963825,16.0909753280842
5628.8674438664,17.231153543308
5629.78004809455,18.786827821523
5631.60525655084,18.1613685039351
5633.43046500714,18.1999496062997
5635.25567346343,18.6882881889783
5637.08088191972,20.1409737532789
5638.90609037602,18.5790866141729
5640.73129883231,16.4688
5644.3817157449,16.81670656168
5648.03213265749,16.8748559055116
5649.85734111379,17.9662362204715
5651.68254957008,16.8510881889764
5652.13885168415,16.3234748031491
5652.59515379823,15.489324671916
5653.0514559123,15.3188238845142
5653.50775802637,17.4716740157511
5653.96406014044,18.4947923884519
5654.07813566896,19.7554879265077
5654.19221119748,18.6832275590552
5654.306286726,16.8952769028864
5654.42036225452,17.1504425196838
5654.8766643686,16.2031
5655.33296648267,15.5823650918631
5656.24557071082,16.0872640419946
5657.15817493896,16.5159763779535
5658.07077916711,18.2142598425206
5658.98338339526,18.4102926509185
5659.89598762341,17.7363685039364
5660.80859185155,19.0187905511814
5661.26489396562,16.5583146981627
5661.72119607969,15.9822685039359
5662.17749819377,16.5818391076121
5662.63380030784,18.1237863517055
5664.45900876414,17.7327755905513
5666.28421722043,17.5467356955376
5669.93463413302,16.5558892388445
5671.75984258932,16.2453385826776
5675.4102595019,16.0475328083977
5679.06067641449,15.7962860892391
5684.53630178337,16.1490055118117
5688.18671869596,17.1086380577422
5691.83713560855,16.2473994750653
5695.48755252114,16.8481716535437
5697.31276097743,17.6010934383203
5699.13796943373,16.327935958004
5702.78838634631,15.1862811023613
5706.4388032589,14.5889057742789
5712.82703285593,16.4761228346466
5716.47744976852,17.8280031496063
5722.86567936555,18.0330960629914
5730.9434132401,15.4701283464544
5735.90285014472,15.4699692913388
5738.38256859702,18.5336217847799
5740.86228704933,22.2304393700791
5743.34200550163,23.4124188976381
5745.82172395394,21.6992792650901
5748.30144240624,19.103432545931
5750.78116085855,19.2360724409456
5753.26087931085,17.7283895013122
5755.74059776316,16.3668934383191
5760.70003466777,13.8530062992114
5770.61890847699,14.2394081364833
5780.53778228622,16.3396847769052
5790.45665609544,17.838238582677
5800.37552990466,17.4721133858259
5807.81468526158,16.2812666666669
5817.7335590708,16.0863842519683
5827.65243288002,17.4609931758544
5837.57130668925,19.1676556430446
5847.49018049847,17.6175826771641
5852.44961740308,14.1522283464542
5857.40905430769,14.2167942257222
5862.3684912123,15.3691574803148
5864.84820966461,16.0521312335961
5867.32792811691,16.0059125984256
5868.56778734307,16.3642826771645
5871.04750579537,15.3077863517057
5874.76708347383,16.3605858267712
5879.72652037844,15.1046409448817
5884.68595728305,13.1233325459306
5887.16567573536,13.8485270341219
5889.64539418766,15.8896771653545
5892.12511263997,16.7881076115493
5894.60483109227,15.2902461942257
5899.56426799689,13.8660677165354
5902.04398644919,15.1390493438339
5904.5237049015,17.8506451443573
5907.0034233538,16.7908015748032
5909.48314180611,15.8101632545928
5911.96286025841,15.3971805774281
5913.20271948457,13.1228283464585
5914.44257871072,15.2665682414701
5915.68243793687,17.0579068241479
5916.92229716302,18.0756433070866
5918.16215638918,18.5540866141738
5919.40201561533,19.5525727034123
5920.64187484149,18.2218007874022
5921.88173406764,19.6776734908141
5923.12159329379,21.7365805774281
5924.36145251994,20.9994086614163
5925.6013117461,19.8192257217836
5926.84117097225,18.2460918635169
5928.0810301984,17.9409503937008
5929.32088942455,18.2787832020998
5930.56074865071,17.8966824146976
5931.80060787686,18.6689015748046
5934.28032632916,18.3985170603675
5936.76004478147,17.4767333333317
5937.99990400762,15.5732228346455
5939.23976323377,17.2987992125995
5940.47962245992,21.2995246719176
5941.71948168608,22.002608661417
5942.95934091224,18.9308062992134
5944.19920013839,21.2592346456696
5945.43905936454,23.1070692913393
5946.67891859069,21.1739107611533
5947.91877781684,15.9743372703411
5949.158637043,15.7266
5951.01842588223,19.143416272966
5952.25828510838,19.6302393700798
5954.11807394761,21.1482157480315
5959.07751085222,21.7201401574805
5964.03694775683,20.514885564304
5966.51666620914,19.1390118110233
5968.99638466144,16.8494475065611
5971.47610311375,16.49442257218
5973.95582156605,18.6149307086618
5976.43554001836,20.0519343832025
5978.91525847066,20.8513944881897
5981.39497692297,23.6774283464575
5983.87469537528,26.6772314960649
5986.35441382758,28.3068866141736
5988.83413227989,26.3769999999987
5993.7935691845,22.2247732283459
5998.75300608911,18.8745485564293
6001.23272454141,17.4855023622051
6003.71244299372,17.8169984251967
6008.67187989832,15.4776960629902
6011.15159835064,13.7222472440945
6013.63131680294,14.2416724409457
6014.87117602909,16.1556377952767
6018.59075370755,17.6824574803148
6023.55019061217,16.2909582677157
6028.50962751678,16.1449425196853
6033.46906442139,18.6481055118113
6035.94878287369,18.7532488188955
6038.428501326,17.196073753281
6042.14807900446,16.4275330708657
6050.82709358753,17.694553805774
6053.30681203983,16.4476438320207
6055.78653049214,16.1719
6057.02638971829,17.5600296587924
6058.88617855752,17.9968585301849
6061.36589700982,17.594016535433
6063.22568584905,20.550571653542
6063.53565065559,19.2193081364839
6063.84561546213,18.3189889763775
6064.15558026866,20.5196173228361
6064.4655450752,23.5002656167982
6064.77550988174,25.0296409448816
6065.08547468828,23.2569060367439
6065.70540430136,20.9841380577424
6066.32533391444,19.1583322834642
6066.63529872098,19.1547561679791
6066.94526352752,20.0053601049867
6067.56519314059,19.1133370078734
6067.87515794713,18.2122923884512
6068.18512275367,16.7622467191599
6068.80505236675,16.1379433070865
6069.42498197982,16.0774530183729
6070.0449115929,15.3925640419959
6070.66484120597,17.3362480314963
6071.28477081905,18.9860125984263
6071.90470043213,17.1736818897638
6073.14455965828,16.6375181102363
6074.38441888443,17.4811826771661
6075.62427811058,15.8465351706035
6076.86413733674,13.0975850393684
6078.10399656289,12.3093154855646
6078.72392617596,12.8915417322835
6079.34385578904,13.6848976377958
6079.96378540212,15.2984461942263
6081.20364462827,17.0602792650923
6081.82357424135,15.4418527559054
6082.44350385442,14.8631782152231
6082.75346866096,16.673036482941
6083.0634334675,18.2219456692919
6083.68336308058,19.0130792650915
6084.30329269365,16.9204236220472
6084.92322230673,14.5586377952762
6085.54315191981,15.9163354330715
6086.16308153289,16.778346456693
6086.78301114596,15.2733999999993
6087.40294075904,13.9957517060367
6088.02287037211,13.2372855643044
6088.64279998519,13.5037149606302
6089.26272959826,12.8738708661415
6089.88265921134,11.3577196850388
6090.50258882442,12.0836629921263
6090.81255363096,13.1151118110239
6091.12251843749,13.5750304461938
6091.43248324403,14.7847952755912
6091.74244805057,16.5126753280842
6092.05241285711,17.1966485564305
6092.36237766365,18.582812598426
6092.67234247018,19.7632244094499
6092.98230727672,21.2060207349078
6093.29227208326,21.1069393700794
6093.6022368898,18.1492123359583
6093.91220169634,16.5464713910752
6094.22216650288,15.5859834645674
6094.53213130941,15.8208118110236
6094.84209611595,15.3128561679786
6095.15206092249,14.5968968503937
6095.46202572903,15.6162753280843
6095.77199053557,15.3589742782145
6096.0819553421,14.423253543307
6096.39192014864,13.7131422572176
6096.70188495518,14.6647976377955
6097.32181456826,16.4809196850402
6097.94174418133,18.922354855644
6098.56167379441,18.2935545931757
6099.18160340749,18.3487055118115
6099.80153302056,19.0220965879265
6100.42146263364,18.4406989501309
6102.90118108594,16.3225039370075
6103.52111069902,17.250132283465
6104.1410403121,19.3177044619432
6104.76096992517,22.2245385826772
6105.38089953825,19.8888997375321
6106.00082915133,17.8753440944871
6106.6207587644,18.4839078740158
6106.93072357094,18.6073944881885
6107.24068837748,17.6652417322833
6107.39567078075,18.2132606299213
6107.55065318402,18.1719
6107.70563558729,16.4542162729651
6107.86061799056,14.2711496062993
6108.01560039383,14.9650498687666
6108.1705827971,16.6472196850399
6108.32556520036,16.4889519685037
6108.48054760363,17.9076443569555
6108.6355300069,19.1080524934392
6108.79051241017,20.0090614173228
6108.94549481344,17.5341548556414
6109.10047721671,13.7621065616784
6109.41044202324,15.1236866141734
6109.72040682978,18.07974488189
6110.03037163632,17.9225188976377
6110.34033644286,16.4617724409446
6110.6503012494,16.2566908136486
6110.96026605594,16.2494356955379
6111.27023086247,17.0254157480322
6111.58019566902,17.1725895013125
6111.89016047555,17.2768527559051
6112.20012528209,15.5326291338575
6112.82005489517,13.8646414698158
6113.43998450825,15.3754112860895
6114.05991412132,17.238794488189
6114.6798437344,14.8315377952738
6115.29977334747,15.4725850393699
6115.60973815401,15.5597425196852
6115.91970296055,14.4270275590541
6116.22966776709,13.4972566929134
6116.53963257363,14.4073700787408
6116.84959738016,15.9629055118116
6117.1595621867,17.6280564304461
6117.46952699324,17.0850291338589
6117.77949179978,17.0864727034119
6118.08945660632,15.1711540682414
6118.39942141286,14.9133677165361
6118.70938621939,16.3954889763783
6119.01935102593,17.3522228346458
6119.63928063901,16.5207897637795
6120.25921025208,14.5696986876631
6121.49906947824,12.121906561679
6122.73892870439,12.6428724409449
6123.97878793054,13.3364228346463
6124.59871754362,15.0248753280839
6125.21864715669,18.2047700787405
6125.52861196323,19.6675574803162
6125.83857676977,20.132617847769
6126.14854157631,20.8020173228334
6126.45850638285,19.7977826771654
6126.76847118938,21.2635202099739
6127.07843599592,23.0300196850388
6127.38840080246,22.7121062992127
6127.698365609,23.3020181102362
6128.00833041554,21.9742622047241
6128.31829522208,20.0614540682416
6128.62826002862,20.3193186351706
6128.93822483516,21.5673251968508
6129.24818964169,21.0781
6129.55815444823,20.5407393700787
6129.86811925477,21.2068015748038
6130.17808406131,22.3763076115477
6130.48804886785,20.0572545931755
6130.79801367438,16.9560874015733
6131.10797848092,16.790953018373
6131.41794328746,15.2247902887145
6131.727908094,15.4910960629915
6132.03787290054,15.1618934383202
6132.65780251361,13.4838944881888
6133.27773212668,14.9833000000002
6133.89766173976,17.1013157480317
6134.51759135284,20.9197527559068
6135.13752096592,22.6635141732285
6135.75745057899,24.7304170603681
6136.37738019207,23.7155018372705
6137.61723941822,23.1873519685028
6138.85709864437,22.1843992125987
6139.47702825745,21.3992496062994
6140.09695787053,21.4559527559051
6140.7168874836,19.9160010498689
6141.33681709668,17.6105270341203
6141.95674670975,17.3852220472451
6142.57667632283,19.795879265092
6143.19660593591,22.908499737531
6145.05639477514,19.9820535433071
6147.53611322745,18.843733333333
6150.01583167975,21.2358753280863
6152.49555013206,23.4839881889766
6154.97526858436,25.2724737532806
6156.83505742359,27.0753133858271
6158.07491664974,23.7749503937004
6158.69484626282,20.7652034120718
6159.31477587589,19.7306824146983
6160.55463510204,21.1840133858263
6161.7944943282,20.3610564304462
6163.03435355436,23.2550853018386
6164.27421278051,24.8547196850391
6166.13400161974,22.5031328083982
6169.8535792982,22.4012170603692
6173.57315697665,25.9108251968504
6174.81301620281,25.0581044619417
6177.29273465511,20.7368362204692
6178.53259388127,21.5804393700787
6179.15252349434,22.8733755905529
6179.77245310742,24.7368146981627
6181.01231233357,22.9845480314958
6182.25217155972,20.5494482939631
6184.73189001203,19.847764566929
6185.97174923818,19.9932795275593
6187.21160846433,22.1278288713911
6189.69132691664,23.9982246719168
6192.17104536895,23.9530803149597
6194.65076382125,23.3264015748016
6197.13048227356,17.8449509186344
6199.61020072586,15.7423629921261
6202.08991917817,16.3616965879265
6207.04935608278,16.4327913385827
6212.00879298739,16.0448732283464
6216.968229892,14.5807320209966
6219.44794834431,14.7201372703411
6221.92766679661,16.7053645669298
6224.40738524892,15.9840081364815
6225.64724447507,14.703128871391
6226.26717408815,13.6941976377957
6226.88710370122,14.1538251968504
6229.36682215353,16.1094
6230.60668137969,16.5596834645675
6238.39778544176,16.8050146981627
6249.46279251283,16.3604469816271
6260.52779958388,15.5235724409449
6267.4434290033,15.8286052493442
6286.80719137766,16.3906
6295.10594668095,16.4014440944882
6306.17095375201,15.8145590551177
6317.23596082307,15.833874015748
6328.30096789413,14.900063779528
6339.36597496519,15.6077233595798
6343.51535261683,16.3200871391076
6347.66473026848,15.3849905511818
6353.19723380401,16.0055619422572
6358.72973733954,16.2697446194227
6364.26224087507,14.3896598425193
6367.02849264283,13.1230131233594
6369.7947444106,11.7645532808397
6372.56099617836,11.3383330708662
6375.32724794613,11.4460745406823
6378.09349971389,11.4669375328085
6383.62600324942,12.5407968503938
6394.69101032048,12.7230887139106
6405.75601739153,11.9028787401576
6416.8210244626,11.2984480314959
6422.35352799813,13.6067813648295
6427.88603153366,13.4310580052493
6433.41853506919,10.5678165354315
6438.95103860472,10.0687808398947
6450.01604567578,11.7479178477691
6458.31480097907,12.7014897637802
6461.08105274683,10.461048031496
6466.61355628236,11.7454968503939
6472.14605981789,12.7248275590552
6477.67856335342,13.1219721784775
6488.74357042448,12.2755186351715
6499.80857749554,12.5402204724408
6508.10733279884,14.8675186351707
6509.49045868272,15.2419044619423
6510.8735845666,14.1610645669285
6513.63983633436,12.8957931758528
6515.02296221824,12.4954979002624
6516.40608810213,12.0874401574802
6519.1723398699,12.5315797900261
6521.93859163766,11.9063837270335
6524.70484340543,10.6208850393701
6527.47109517319,11.9623758530193
6530.23734694095,11.5113656167977
6533.00359870872,10.9398692913384
6538.53610224425,11.6168876640429
6544.06860577978,11.4579790026235
6549.60110931531,9.34590551181022
6555.13361285084,8.16527139107586
6557.8998646186,8.77856929133893
6568.96487168966,11.5033551181107
6585.56238229624,12.3439556430452
6591.09488583178,10.997497900262
6602.15989290284,11.9474496062992
6613.2248999739,12.7339251968508
6618.75740350943,13.5484879265093
6621.52365527719,15.4783275590564
6622.21521821913,16.8132619422575
6622.90678116107,16.5231700787397
6623.59834410301,14.1161023622037
6624.28990704495,12.1742619422572
6625.67303292883,13.2236188976389
6627.05615881272,13.6443763779533
6628.4392846966,14.6293601049871
6629.82241058048,14.5791270341207
6635.35491411602,13.5313370078743
6639.50429176766,14.1979784776911
6642.27054353543,16.3511448818907
6645.03679530319,15.9029622047232
6646.41992118707,17.0349249343827
6647.80304707095,15.7663325459323
6649.18617295483,14.4834244094468
6650.56929883872,14.471909186352
6651.9524247226,15.377895538058
6653.33555060648,16.0385433070869
6656.10180237425,13.6332564304465
6658.86805414202,14.7610123359591
6660.2511800259,16.1867818897643
6661.63430590978,14.5955076115473
6663.01743179366,12.5764826771654
6664.40055767754,13.3056874015755
6672.69931298084,14.8613853018368
6675.4655647486,14.007833333333
6676.84869063248,13.3735645669289
6678.23181651637,14.4481616797902
6680.99806828413,13.5373889763764
6683.7643200519,12.0857039370082
6689.29682358742,12.5638677165355
6693.44620123907,15.343092913385
6694.82932712296,14.7561496062993
6697.59557889072,13.2746900262458
6705.89433419402,13.0867469816263
6721.10871891672,11.6691228346451
6732.17372598778,10.4700847769025
6743.23873305884,11.0943952755913
6748.77123659438,12.6200251968504
6754.3037401299,13.111771916011
6759.83624366543,12.6495986876638
6763.98562131707,11.8731629921251
6766.75187308484,11.4175028871392
6770.90125073649,11.0211312335953
6773.66750250425,11.6229118110236
6776.43375427201,11.984257217848
6777.81688015589,10.7998687664028
6779.20000603978,11.1173480314962
6781.96625780755,12.3387086614181
6787.49876134308,13.2214341207352
6788.19032428502,13.4784007874014
6788.88188722696,12.7657913385824
6789.5734501689,12.5781
6790.26501311084,12.5048732283462
6793.0312648786,11.2925020997361
6795.79751664637,10.9994522309716
6797.18064253025,11.3073566929137
6797.87220547219,11.8558146981626
6799.94689429802,12.0508530183731
6801.3300201819,12.8841992125989
6802.71314606578,13.4853910761153
6803.40470900772,14.1703044619434
6804.09627194966,16.8040385826774
6805.47939783355,18.9307223097111
6806.86252371743,18.413328083989
6809.62877548519,19.2230354330712
6812.39502725296,18.3532199475079
6815.16127902072,19.9137637795276
6817.92753078849,21.5497165354339
6823.46003432402,22.9838847769035
6826.22628609178,24.4209157480323
6828.99253785955,25.336973228346
6831.75878962731,24.5032968503933
6834.52504139508,23.4865808398949
6837.29129316284,22.2604826771641
6840.05754493061,21.0483288713907
6851.12255200166,23.4821128608944
6862.18755907272,27.0042811023626
6873.25256614378,28.0914916010501
6881.55132144708,25.3636811023606
6887.0838249826,22.2749881889754
6906.44758735696,21.3173026246722
6928.57760149908,23.3459291338583
6961.77262271225,23.3734031496063
6981.13638508661,22.3440120734895
6990.81826627379,22.5539876640419
7001.88327334484,22.0028393700783
7011.56515453202,21.7839406824148
7022.63016160308,22.4712766404195
7036.4614204419,20.8560700787391
7065.50706400343,19.4670275590547
7087.63707814555,20.3093832021004
7093.16958168108,22.8754125984251
7098.70208521661,22.2160272965875
7105.61771463602,19.3236388451423
7107.0008405199,20.8852165354329
7107.69240346184,20.648019160105
7109.76709228767,19.5852813648293
7111.15021817155,20.3824866141735
7112.53334405543,20.1557307086604
7113.91646993931,20.4330708661421
7115.2995958232,20.4203968503942
7116.68272170708,20.770120734908
7118.06584759096,21.7226049868775
7119.44897347485,22.5910929133855
7120.83209935873,21.534522834645
7122.21522524261,19.2051821522302
7123.59835112649,18.1438488188974
7124.28991406843,17.877280577428
7124.6356955394,17.9224724409446
7124.98147701037,16.9131559055113
7125.67303995231,16.5014280839886
7126.01882142328,15.6977057742784
7126.36460289426,14.5725110236208
7127.0561658362,14.8869076115486
7127.74772877814,15.6383603674547
7128.43929172008,17.0193409448824
7130.5139805459,16.6886530183726
7131.89710642978,14.8171044619426
7134.66335819755,14.9643622047241
7136.04648408143,17.0710055118108
7137.42960996532,15.7290771653543
7140.88742467502,15.345612598425
7144.34523938473,14.5798307086612
7147.11149115249,15.2403790026258
7155.41024645579,16.7679842519689
7160.94274999132,18.0392440944887
7165.09212764296,20.2811637795284
7176.15713471402,22.3748771653543
7184.45589001731,20.2166834645651
7188.60526766896,17.6641464566913
7194.1377712045,15.3037842519691
7198.28714885614,14.9314745406823
7201.0534006239,17.9650036745417
7203.81965239167,20.9215370078769
7206.58590415943,23.7439304461944
7209.3521559272,23.2802569553803
7213.50153357885,23.1187503937009
7216.26778534661,21.4983375328069
7217.65091123049,16.9338530183693
7219.03403711437,13.3118047244099
7220.41716299826,14.1908112860889
7223.18341476602,15.8943409448826
7227.33279241767,15.8167905511817
7230.09904418542,15.4801349081339
7232.8652959532,13.6114813648293
7235.63154772097,11.5006417322843
7241.16405125649,12.7702433070865
7246.69655479202,11.8704496062987
7252.22905832755,12.629212598425
7260.52781363085,12.5754149606302
7271.59282070191,12.0529771653534
7277.12532423744,11.9375
7282.65782777297,15.0750824146985
7293.72283484402,16.5014572178491
7296.48908661179,16.1860267716534
7299.25533837955,14.2886110236204
7302.02159014733,11.6957081364826
7304.78784191508,11.2769992125985
7310.32034545061,10.7485532808388
7315.85284898614,10.1940992125987
7318.61910075391,12.7817779527572
7321.38535252167,15.4581391076113
7326.9178560572,13.7424976377941
7329.68410782497,12.0260055118108
7332.45035959273,10.3442708661417
7335.21661136049,10.1069947506558
7337.98286312826,12.1357527559059
7340.74911489602,15.1979942257231
7349.04787019932,15.2418404199461
7365.64538080591,12.2693960629914
7387.77539494803,10.9751472440942
7404.37290555461,9.99579658792661
7415.43791262567,10.6159070866139
7426.50291969673,11.2083070866151
7437.56792676779,10.0547
7443.10043030332,10.3763472440949
7444.4835561872,11.4925824146984
7445.86668207108,12.2249485564301
7447.24980795496,11.7857149606307
7447.94137089691,12.3146545931758
7448.63293383885,13.9778354330713
7450.01605972273,14.5407645669289
7450.70762266467,13.5028223097109
7451.39918560661,11.3384349081354
7452.09074854855,13.3459645669293
7452.78231149049,13.557668503937
7453.47387443244,12.6739086614173
7454.16543737438,12.1232629921263
7454.85700031632,12.5841837270341
7455.54856325827,13.1336950131235
7456.24012620021,13.3094196850396
7456.93168914215,12.7840097112858
7458.31481502603,12.2268895013124
7459.00637796797,13.2937881889767
7459.69794090991,14.9412622047253
7460.38950385185,16.7540125984252
7461.08106679379,18.51042047244
7462.46419267767,15.2742839895008
7463.84731856156,14.4847070866142
7465.23044444544,14.5308929133858
7465.92200738738,16.6232385826785
7466.61357032932,18.8170207349082
7467.30513327126,18.7431566929132
7467.9966962132,15.3929204724399
7468.68825915514,14.3128249343833
7469.37982209708,14.7227251968506
7470.07138503903,15.2595929133858
7470.76294798097,13.2150125984241
7471.45451092291,11.6552960629919
7472.14607386485,12.9703141732289
7473.52919974873,16.7622283464577
7474.91232563261,16.2279921259838
7475.60388857455,14.0839821522308
7476.2954515165,14.1741464566944
7477.67857740038,14.5179795275586
7479.06170328426,13.838771391076
7480.44482916814,12.045069816273
7481.82795505202,12.0514992125983
7482.51951799396,12.2258876640422
7483.2110809359,14.8206480314961
7483.90264387785,14.9648448818899
7484.59420681979,12.3288467191601
7485.97733270368,12.4559307086602
7487.36045858756,11.0707007874023
7490.12671035532,10.3054356955378
7492.89296212309,12.0572805774285
7495.65921389085,13.2065645669292
7498.42546565862,13.5472889763779
7503.95796919414,11.9051440944879
7509.49047272967,11.4698858267716
7515.0229762652,12.3406829396334
7520.55547980073,14.4630745406829
7523.3217315685,15.7937677165354
7526.08798333626,15.0115826771645
7527.47110922015,14.2046734908135
7528.85423510403,14.0090685039367
7530.23736098791,12.2649905511809
7531.62048687179,10.6907123359577
7534.38673863956,11.9924188976382
7537.15299040732,12.3676485564304
7542.68549394285,11.9989776902885
7545.45174571062,14.8672
7548.21799747838,14.3158700787396
7549.60112336226,12.6093976377942
7550.98424924614,12.6550661417324
7552.36737513003,13.7754265091862
7553.75050101391,12.9246559055116
7554.44206395585,13.2168803149608
7555.13362689779,13.9824535433073
7555.82518983973,13.8524713910759
7556.51675278167,13.3149346456692
7557.20831572361,13.6883041994749
7557.89987866555,13.0882454068243
7558.5914416075,13.4880283464569
7559.28300454944,13.3605963254589
7562.0492563172,11.9011569553799
7564.81550808497,11.7174440944882
7565.16128955594,12.8463181102362
7565.50707102691,12.3422656167971
7566.19863396885,11.1423874015747
7567.58175985274,12.6573624671928
7568.96488573662,14.1902842519685
7570.3480116205,13.7717724409447
7571.03957456244,12.6115976377944
7571.73113750438,13.2219847769029
7574.49738927215,14.1961362204733
7575.88051515603,14.8718186351706
7578.64676692379,15.3546863517062
7581.41301869156,16.7167929133869
7584.17927045932,16.0470800524928
7585.5623963432,13.8095472440935
7586.94552222709,12.1025842519685
7588.32864811097,13.0181275590556
7589.71177399485,12.7101230971137
7592.47802576262,13.5701393700784
7595.24427753038,13.090339370079
7600.77678106592,11.9622144356955
7604.92615871756,12.6703889763788
7606.30928460144,13.8958
7607.69241048532,13.8753275590551
7609.07553636921,12.9006307086627
7610.45866225309,14.0585860892388
7611.15022519503,14.1123879265093
7611.84178813697,13.6313196850406
7612.53335107891,13.9928083989497
7613.22491402085,14.0696653543311
7614.60803990473,16.5878653543312
7615.99116578861,18.5307698162728
7617.3742916725,16.3163921259828
7618.75741755638,14.3484629921254
7621.52366932414,13.3039674540687
7622.90679520803,15.1139283464567
7625.67304697579,15.8780267716528
7626.36460991773,14.3891538057739
7627.05617285967,13.1024244094486
7627.74773580162,12.6487708661417
7628.43929874356,10.8261459317585
7631.20555051132,10.3358989501312
7632.5886763952,10.6128574803152
7633.97180227909,12.467921784777
7635.35492816297,13.065663254593
7636.73805404685,12.9273661417323
7638.12117993073,13.0717362204727
7643.65368346626,14.3355850393707
7649.18618700179,14.5898370078739
7653.33556465344,14.7876981627294
7658.86806818897,13.6636251968503
7664.4005717245,12.6677228346455
7669.93307526003,13.9043795275592
7672.69932702779,14.3746879265093
7675.46557879556,12.6610480314944
7676.84870467944,11.9839979002624
7678.23183056333,12.4425719160112
7679.61495644721,13.398892125984
7680.99808233109,12.3840417322834
7682.38120821497,13.6203328083999
7683.76433409885,15.5897322834647
7686.53058586662,15.9580947506561
7689.29683763438,15.0923926509179
7692.06308940215,15.0074740157483
7694.82934116991,16.3202643044622
7697.59559293768,18.8577916010495
7700.36184470544,17.1219196850392
7703.1280964732,15.3303120734897
7704.51122235709,13.2057545931762
7705.20278529903,13.8392968503933
7705.89434824097,14.3022766404199
7706.24012971194,13.2964656167971
7706.58591118291,12.7007874015737
7706.93169265388,11.5033349081365
7707.27747412485,12.2216356955385
7707.62325559582,14.1542409448819
7707.9690370668,13.5529270341205
7708.31481853777,13.2697763779528
7708.66060000874,13.1159236220473
7709.35216295068,13.9416354330709
7710.04372589262,14.7135514435697
7710.73528883456,12.5299732283462
7711.4268517765,10.9198223097106
7711.77263324747,10.7910564304464
7712.11841471844,10.2993834645667
7712.46419618941,10.1047976377957
7712.80997766039,11.8272385826774
7713.15575913136,13.5524582677171
7713.50154060233,12.6893624671915
7713.8473220733,14.4248002624663
7714.19310354427,16.9395102362202
7714.88466648621,15.8077892388434
7715.23044795718,13.3604874015746
7715.57622942815,12.9254409448821
7716.26779237009,13.0071146981628
7716.95935531203,11.9484322834646
7717.65091825397,12.7282669291339
7718.34248119592,13.8832338582674
7719.03404413785,12.6591929133869
7719.7256070798,11.5230283464565
7722.49185884756,12.0131556430453
7725.25811061532,14.156549343831
7730.79061415084,13.2987574803152
7736.32311768638,11.6822409448827
7741.85562122191,12.5810228346457
7747.38812475744,11.8500188976377
7752.92062829297,12.859026771654
7758.4531318285,13.0710346456684
7763.98563536403,11.1011795275612
7769.51813889956,11.0930062992124
7775.05064243509,11.441330971129
7780.58314597062,11.5486732283466
7788.88190127391,11.9577671916022
7794.41440480944,13.0010742782151
7799.94690834497,13.1749897637802
7802.71316011274,11.8887661417322
7804.09628599662,12.5700952755905
7805.4794118805,12.7767551181103
7808.24566364827,14.4513776902877
7811.01191541603,17.0214556430451
7813.77816718379,17.2537196850402
7815.16129306768,15.4767580052491
7816.54441895156,14.3239937007863
7819.31067071933,13.8906
7822.07692248709,14.9076603674535
7824.84317425487,15.8543065616798
7830.37567779039,14.5110803149607
7833.14192955815,14.8142435695546
7835.90818132591,16.0219981627296
7838.67443309367,16.921729133858
7841.44068486144,17.3684482939632
7842.82381074532,17.735817585302
7844.20693662921,17.4603826771654
7845.59006251309,17.6398125984267
7846.97318839697,15.0765790026245
7848.35631428086,13.254466141733
7849.73944016474,12.3840963254592
7851.12256604862,12.5012472440955
7852.5056919325,14.9539811023598
7855.27194370026,15.3138362204728
7858.03819546803,14.5465519685039
7859.42132135192,15.5824070866141
7860.8044472358,18.5786971128605
7863.57069900356,17.9235133858267
7866.33695077133,17.1206803149614
7869.10320253909,18.6041687664039
7870.48632842298,20.2856433070864
7871.86945430686,19.8566433070865
7873.25258019074,16.4330874015756
7874.63570607462,15.5963666666667
7876.0188319585,17.4788811023617
7877.40195784238,19.5887616797901
7878.78508372627,17.9081603674516
7880.16820961015,15.0854433070875
7881.55133549403,12.5285960629934
7882.24289843597,12.7701931758532
7882.93446137791,14.1304078740162
7883.62602431985,14.9036577427821
7883.97180579082,12.9101585301839
7884.3175872618,12.6058377952756
7884.66336873277,13.5748829396322
7885.00915020374,13.3594524934391
7885.35493167471,14.7486519685037
7885.70071314568,15.2676154855634
7886.04649461665,15.2357401574804
7886.39227608762,15.099872440945
7886.73805755859,14.0514708661418
7887.08383902956,14.7868934383214
7887.42962050053,15.4361740157472
7887.7754019715,16.3032078740166
7888.12118344247,15.4842104986876
7888.46696491344,15.3048480314965
7889.15852785538,16.5180908136486
7889.85009079733,16.5963501312339
7890.54165373926,17.4444913385825
7891.23321668121,15.7908761154853
7891.92477962315,14.8951931758524
7892.61634256509,14.4981574803149
7893.30790550703,13.9785645669305
7893.99946844897,13.6647493438319
7894.69103139091,12.268233070866
7895.38259433285,12.2605559055116
7896.07415727479,14.1220372703424
7896.76572021674,16.0179393700786
7898.14884610062,13.3879288713924
7899.5319719845,12.0169419947507
7900.91509786839,14.1411393700807
7902.29822375227,15.9177267716536
7905.06447552004,15.7224826771666
7910.59697905556,15.0810614173229
7913.36323082334,14.0008685039365
7916.12948259109,15.0961671916012
7917.51260847498,15.6665385826775
7918.89573435886,16.3204367454079
7921.66198612662,15.2138593175856
7924.42823789438,13.2357283464558
7927.19448966215,12.2598338582673
7932.72699319768,14.1173425196858
7934.11011908157,15.044362992126
7936.87637084933,15.8212259842512
7939.6426226171,17.757368766404
7941.02574850098,18.2610803149602
7942.40887438486,15.0925175853015
7943.79200026874,14.6984118110236
7945.17512615262,15.5386007874016
7946.5582520365,15.8065797900257
7947.94137792038,12.9862973753282
7949.32450380427,13.8053881889758
7950.70762968815,14.40640656168
7953.47388145592,12.9392884514426
7956.24013322368,14.9966464566931
7957.62325910757,16.5213162729676
7960.38951087533,16.0620409448829
7965.92201441086,18.9839086614173
7968.68826617862,18.4102188976374
7970.0713920625,16.1674868766408
7971.45451794639,15.9565291338588
7974.22076971415,16.6651832020998
7975.60389559803,17.7913414698154
7976.98702148192,20.2811622047245
7977.67858442386,19.1894152230967
7978.3701473658,16.2499897637788
7979.06171030774,16.7157141732269
7979.75327324968,15.803165616798
7980.44483619162,15.98014488189
7981.13639913356,15.9350661417321
7981.82796207551,14.7142792650925
7982.51952501745,14.8920443569552
7983.21108795939,15.7241393700789
7983.90265090133,15.6267194225724
7985.28577678521,15.2874175853017
7986.66890266909,14.8281
7988.05202855297,14.3791532808422
7989.43515443685,15.8036149606299
7990.81828032074,15.7555393700788
7992.20140620462,14.4422700787401
7993.5845320885,14.4297
7994.96765797239,13.1053787401565
7996.35078385627,14.1098228346455
7999.11703562403,17.6722002624674
8001.8832873918,18.6915661417323
8004.64953915956,17.5792530183709
8007.41579092733,15.5827989501316
8010.18204269509,15.3211055118114
8015.71454623063,13.1912238845148
8021.24704976615,15.2683230971127
8022.63017565004,16.2546590551186
8024.01330153392,13.6855989501276
8024.70486447586,14.3773679790026
8025.3964274178,14.5003968503935
8026.08799035974,13.9019349081361
8026.77955330168,15.2250314960639
8027.47111624362,16.4608330708666
8028.16267918556,16.1275939632548
8029.54580506945,16.5958062992126
8030.92893095332,16.6369590551181
8032.31205683721,15.9598236220466
8033.69518272109,15.4008829396321
8035.07830860497,15.2285543307084
8035.76987154692,16.3111293963255
8036.11565301788,17.6802661417349
8036.46143448885,20.7609748031496
8036.80721595983,20.1254194225716
8037.1529974308,18.6858010498685
8037.49877890177,19.2129551181097
8037.84456037274,17.8065233595789
8038.19034184371,15.2826362204714
8038.53612331468,15.2191299212607
8038.88190478565,15.8876062992133
8039.22768625662,14.4639212598424
8039.5734677276,13.3743039370073
8039.91924919857,15.1867438320208
8040.26503066954,14.5347296587918
8040.61081214051,14.0593976377955
8040.95659361148,13.9102377952756
8041.30237508245,13.2546923884506
8041.64815655342,13.1562
8041.99393802439,14.0381225721782
8042.68550096633,13.3927829396325
8043.37706390827,12.5257354330712
8044.06862685021,13.7189595800524
8044.76018979216,13.7009055118113
8045.4517527341,14.39785984252
8046.14331567604,13.2442813648293
8046.83487861798,12.3662629921252
8047.52644155992,12.7994322834644
8048.21800450186,12.7517225721793
8048.9095674438,15.1206695538077
8049.60113038574,16.0039307086614
8050.29269332769,15.0233950131236
8050.98425626963,13.7031136482932
8051.67581921157,13.8132141732288
8052.36738215351,13.5486839895009
8053.05894509545,14.4037679790026
8053.75050803739,14.1816039370079
8054.44207097933,13.8809288713911
8055.13363392127,13.412923622048
8055.82519686321,14.4918519685044
8058.59144863097,14.5225711286091
8061.35770039874,13.3074866141737
8064.1239521665,15.1288692913386
8066.89020393427,15.6380493438322
8069.65645570203,12.1860330708658
8072.4227074698,11.7552653543308
8073.80583335368,12.2885472440942
8075.18895923756,12.8700950131235
8075.8805221795,13.3019826771656
8076.57208512144,13.0915679790023
8077.26364806338,13.5434548556429
8077.95521100533,15.6252047244098
8078.64677394727,17.4062
8079.33833688921,17.1004900262465
8080.02989983115,16.8459456692931
8080.72146277309,19.1232233595787
8081.06724424406,20.2809477690289
8081.41302571503,19.5105307086597
8081.758807186,17.7884425196852
8082.10458865697,17.4050614173216
8082.45037012794,17.0575566929133
8082.79615159891,16.8343283464563
8083.14193306988,19.9938997375339
8083.48771454085,19.4870031496043
8083.83349601182,16.5940372703401
8084.17927748279,15.6897065616794
8084.52505895377,17.7372047244102
8084.87084042474,16.3021493438324
8085.56240336668,15.1815220472441
8086.25396630862,15.4633598425201
8086.94552925057,15.9684309711292
8087.63709219251,16.1904556430445
8088.32865513445,16.7656
8089.02021807639,17.203248031496
8089.71178101833,15.185533595799
8090.40334396027,12.37875511811
8091.09490690221,11.2941860892389
8091.78646984415,11.2734
8092.4780327861,11.9789181102371
8093.16959572804,11.9229989501314
8093.86115866998,12.3738346456695
8094.55272161192,12.3628456692915
8095.24428455386,12.19045328084
8095.9358474958,10.9735086614173
8096.62741043774,10.5861086614165
8097.31897337968,12.4133188976359
8098.70209926356,13.1067173228345
8100.08522514745,13.2992685039364
8100.77678808939,13.718310761155
8101.46835103133,13.4721309711284
8102.85147691521,12.7338149606299
8104.23460279909,11.7621601049871
8108.38398045074,12.2745900262467
8113.91648398627,11.9732834645669
8118.06586163792,11.7094834645667
8122.21523928956,13.8668110236221
8127.7477428251,13.3896566929131
8130.51399459286,11.0289992125984
8133.28024636063,11.5534863517064
8134.66337224451,12.1229322834642
8136.04649812839,11.5161821522313
8138.81274989615,12.7747123359575
8141.57900166392,12.675530708661
8142.9621275478,11.5654036745404
8144.34525343168,12.3753763779535
8147.11150519944,14.5824724409448
8148.49463108333,14.4952716535434
8149.87775696721,14.6260002624671
8152.64400873497,13.7974425196846
8156.79338638662,13.0924157480312
8165.09214168992,12.9099380577428
8167.85839345768,13.5077251968503
8170.62464522545,12.9733091863518
8173.39089699321,13.1536409448819
8174.77402287709,13.4484244094491
8176.15714876098,13.8557286089236
8177.54027464486,15.3870734908132
8178.92340052874,15.8244070866142
8180.30652641262,16.3249640419932
8181.68965229651,15.87732624672
8183.07277818039,16.4684023622048
8184.45590406427,19.6315249343831
8185.83902994816,20.5893506561675
8187.22215583204,21.1109244094482
8188.60528171592,19.1287569553787
8189.9884075998,17.3341060367462
8190.67997054174,16.7926968503937
8191.37153348368,14.5925055118123
8192.75465936757,16.8468257217848
8194.13778525145,18.7177574803163
8196.90403701921,17.3327837270339
8199.67028878698,15.5356167979012
8202.43654055474,13.2270724409445
8203.81966643863,11.019644619421
8205.20279232251,11.4911664041998
8206.58591820639,12.9468149606294
8209.35216997415,16.019095800526
8214.88467350968,17.6271081364824
8220.41717704521,17.3958228346442
8224.56655469686,16.7450716535449
8225.94968058073,16.2296986876622
8227.33280646462,18.0783960629921
8228.71593234851,18.057498950131
8230.09905823239,16.6804482939634
8232.86531000016,14.9830362204722
8235.63156176792,14.9791333333333
8237.0146876518,16.9749175853005
8238.39781353569,16.964225984252
8239.78093941957,15.5665199475046
8241.16406530345,16.7316049868773
8242.54719118733,17.2691622047244
8243.93031707121,16.5884776902884
8246.69656883898,14.8937204724413
8248.07969472286,15.2157086614171
8249.46282060674,16.1673118110272
8250.84594649062,17.6059446194228
8252.2290723745,17.9393102362213
8253.61219825839,15.4811931758532
8254.99532414227,14.9710910761153
8256.37845002615,15.3854826771652
8257.76157591003,15.2901162729658
8259.14470179392,15.6641564304462
8260.52782767781,15.0077007874016
8261.91095356169,16.2670923884524
8263.29407944557,18.0859640419957
8264.67720532945,19.2883062992122
8266.06033121334,17.8579283464566
8267.44345709722,16.6518246719159
8268.8265829811,17.3215905511814
8270.20970886498,16.910253018373
8271.59283474886,17.5949934383198
8272.97596063275,18.8006889763776
8274.35908651663,17.6580199475063
8275.74221240051,16.9741574803148
8277.12533828439,17.6754110236226
8278.50846416827,16.8288551181099
8279.89159005215,17.8762960629921
8281.27471593604,18.9571685039366
8282.65784181992,17.5121551181089
8284.0409677038,16.9570049868751
8285.42409358768,16.3579236220465
8286.80721947157,18.4420771653543
8288.19034535545,18.4677929133862
8289.57347123933,19.5148984251969
8290.95659712322,19.8257251968504
8292.3397230071,18.7824062992127
8293.03128594904,17.8211149606301
8293.72284889098,16.895986614173
8294.41441183292,13.5459477690291
8295.10597477486,14.3431047244098
8295.7975377168,16.6591742782144
8296.48910065874,15.3817900262469
8297.18066360068,15.476963779528
8297.87222654262,16.3188929133872
8298.56378948456,15.9914440944865
8299.2553524265,17.9875488188971
8299.94691536845,19.6753246719157
8300.63847831039,20.7596763779529
8301.33004125233,19.2365700787402
8302.02160419427,18.399825721785
8302.71316713621,18.2671769028871
8303.40473007815,19.0185488188984
8304.09629302009,18.1853937007874
8304.78785596203,17.1006041994736
8306.17098184592,17.7089527559057
8308.93723361369,19.3146837270335
8314.46973714923,20.5188128608926
8320.00224068474,20.4003921259835
8325.58645983702,22.1406
8331.23184136243,23.1556262467209
8336.87722288783,23.41505984252
8341.1112590319,22.4579412073493
8342.52260441326,22.2319553805778
8343.93394979461,22.7747519685039
8345.34529517596,23.7299564304449
8346.75664055731,22.0063874015748
8348.16798593867,19.9175307086628
8349.57933132003,19.8365559055118
8350.99067670138,18.596604724409
8352.40202208273,15.3249511811009
8353.81336746408,16.0695538057733
8355.22471284544,18.5686414698167
8356.6360582268,21.8171322834643
8358.04740360815,20.8912401574804
8359.4587489895,20.8030590551162
8360.87009437085,19.7619417322833
8363.69278513356,19.2858608923887
8366.51547589626,18.6071784776906
8369.33816665898,19.4160629921261
8372.16085742168,18.7270887139103
8374.98354818439,18.1436472440943
8377.8062389471,19.0532622047243
8380.6289297098,20.5173514435693
8383.45162047252,19.4204556430442
8386.27431123522,18.4623622047237
8387.68565661657,16.8519244094499
8390.50834737928,16.1284288713911
8393.33103814199,14.7990480314959
8394.74238352334,15.0208895013124
8396.15372890469,14.9442590551186
8396.85940159537,15.3732771653544
8397.56507428604,15.3240719160104
8398.27074697672,16.490151706037
8398.9764196674,15.5502299212595
8399.68209235808,14.9830750656167
8400.38776504875,14.8319997375328
8400.7406013941,14.5806354330707
8401.09343773943,13.967564566929
8401.79911043011,14.451517585302
8403.21045581146,14.5037889763761
8406.03314657417,12.8712430446197
8408.85583733687,13.1507102362204
8413.08987348094,14.9773905511808
8415.91256424364,15.0563154855643
8418.73525500635,15.4894574803145
8421.55794576906,17.8546992125984
8424.38063653176,16.9263695538059
8430.02601805718,15.6509472440943
8435.6713995826,13.7263409448806
8438.4940903453,14.633427559055
8441.31678110801,14.9000913385821
8446.96216263342,15.1723937007873
8452.60754415884,14.775376377953
8458.25292568425,14.153352230971
8463.89830720967,15.1489275590567
8480.8344517859,16.4277784776888
8492.12521483674,17.5114398950132
8500.59328712485,18.2154724409455
8509.06135941298,18.3848585301839
8510.47270479434,16.5352482939615
8513.29539555705,14.4640330708662
8514.7067409384,15.5045606299199
8516.11808631975,17.1719
8517.5294317011,16.7986385826767
8518.94077708245,16.0698669291338
8521.76346784516,13.7640574803157
8524.58615860788,12.6006543307086
8527.40884937058,12.876807086614
8531.64288551464,13.3735561679788
8534.46557627735,12.8692480314964
8542.93364856547,12.2875816272974
8554.22441161631,11.4913511811026
8565.51517466712,11.4194440944885
8576.80593771796,12.7738296587927
8588.09670076878,12.3361380577421
8602.21015458232,10.4558362204727
8610.67822687045,10.669376377952
8619.14629915857,13.2111884514436
8624.79168068398,13.0276456692909
8627.61437144668,12.0321771653539
8630.43706220939,13.3675640419934
8633.2597529721,12.9742614173228
8636.08244373481,13.2212556430446
8641.72782526022,12.7044997375327
8647.37320678564,13.2067393700782
8655.84127907376,13.3917601049862
8667.13204212459,13.7174136482941
8678.42280517541,14.1736535433069
8689.71356822624,13.2525779527555
8701.00433127707,13.4403595800528
8712.29509432789,15.126872440945
8723.58585737873,14.4014459317587
8734.87662042956,12.4111120734913
8757.45814653123,11.9088590551177
8768.74890958205,11.5936031496076
8780.03967263288,12.4320545931761
8795.56447182776,12.0303637795276
8804.03254411589,11.4418643044623
8809.6779256413,12.5097540682415
8815.32330716671,11.8420960629914
8818.14599792942,10.9147561679789
8820.96868869212,11.6423708661411
8829.43676098026,12.3715125984252
8840.72752403108,13.8793968503933
8846.3729055565,13.3714787401575
8852.01828708191,12.6749866141737
8857.66366860733,14.3854317585304
8863.30905013273,15.3210076115488
8868.95443165815,13.2449307086604
8874.59981318356,11.5863144356949
8880.24519470898,11.2344603674534
8885.8905762344,10.7152070866145
8891.5359577598,11.9162459317596
8897.18133928522,11.8901370078738
8905.64941157334,12.1947188976366
8916.94017462417,11.6844112860892
8928.23093767501,11.0680879265082
8939.52170072584,12.6902874015748
8950.81246377667,12.0399404199463
8962.10322682749,11.4039774278214
8976.21668064102,11.3532251968495
8984.68475292914,12.2127868766404
8990.33013445456,11.9689782152228
8995.97551597998,12.4539669291338
9001.62089750539,12.2703086614173
9007.26627903081,12.3050275590551
9012.91166055622,12.6940527559051
9018.55704208163,13.5594401574804
9022.79107822569,15.9789853018368
9025.6137689884,15.7516826771645
9028.43645975111,13.0258963254598
9031.25915051382,13.1059065616788
9032.67049589517,16.1988338582676
9035.49318665788,17.4400832020999
9036.90453203923,19.1826152230976
9039.72722280194,20.5353897637795
9042.54991356465,19.8304737532807
9048.19529509006,18.1514608923887
9053.84067661547,14.8783708661417
9059.48605814089,14.5478816272959
9065.1314396663,14.5386860892383
9070.77682119172,14.3330094488191
9076.42220271713,14.4616031496068
9082.06758424255,14.6825173228345
9087.71296576796,15.0889267716539
9090.53565653067,14.825868503937
9093.35834729337,14.0359761154861
9096.18103805608,12.8270858267718
9097.59238343743,14.0452370078743
9099.00372881879,13.9341716535427
9099.70940150947,12.6804519685047
9100.41507420014,13.1204913385826
9101.12074689082,14.4489666666667
9101.8264195815,15.5111062992126
9102.53209227218,15.0251947506563
9103.23776496285,14.6745412073497
9103.94343765353,14.5672992125978
9104.64911034421,16.0294367454068
9106.06045572556,16.6753364829411
9107.47180110691,17.422963779527
9108.17747379758,17.5083661417319
9108.88314648826,14.9424026246718
9109.58881917894,16.375
9110.29449186962,18.037338582678
9111.70583725098,18.2787233595786
9113.11718263233,16.8344850393704
9114.52852801368,15.3489388451447
9115.93987339503,17.3166677165348
9117.35121877639,15.837883464567
9118.76256415774,15.0069036745401
9120.1739095391,15.5629538057739
9121.58525492045,17.9003039370079
9122.9966003018,18.5377456692914
9124.40794568315,17.8766813648299
9125.8192910645,18.2301826771652
9127.23063644586,17.5996141732284
9128.64198182722,16.0668971128605
9130.05332720857,16.1674771653545
9130.75899989925,17.0620834645675
9131.46467258993,18.2075889763783
9132.87601797128,19.0508228346464
9134.28736335263,17.5677779527565
9135.69870873398,16.6347858267717
9137.11005411533,16.8339511811019
9138.52139949669,17.7945674540674
9141.3440902594,16.6678052493439
9143.46110833143,15.1006118110228
9144.1667810221,16.3792178477689
9144.87245371278,18.6820362204742
9146.98947178481,20.9375
9148.40081716617,22.4228514435696
9149.10648985684,20.8191753280838
9149.81216254752,17.4885346456706
9152.63485331023,13.123415223097
9155.45754407293,12.3149307086609
9158.28023483564,12.8672724409439
9161.10292559835,14.7446926509181
9163.21994367038,16.4472622047249
9166.74830712376,15.8442015748033
9172.39368864917,13.9073383202095
9176.62772479324,12.5596212598427
9179.45041555594,11.207822047245
9182.27310631865,10.4994545931757
9186.50714246271,10.8601301837269
9190.0355059161,9.16023307086539
9192.85819667881,7.07008083989618
9196.38656013219,7.77887401574792
9200.62059627625,10.1110771653541
9202.73761434828,12.0048199475066
9205.56030511098,11.0812309711288
9209.08866856437,11.1136755905514
9214.02837739911,11.2382383202098
9218.96808623385,11.3843230971127
9224.61346775927,11.7442110236245
9230.25884928468,13.192805249344
9234.49288542874,13.3844939632551
9237.31557619144,12.4398338582677
9240.13826695415,12.4531
9245.78364847957,11.6016766404197
9250.01768462362,11.2094125984256
9254.25172076769,11.6248456692912
9257.07441153039,12.5892477690287
9259.8971022931,12.7652165354329
9264.13113843716,11.7185939632539
9266.95382919987,11.9815178477696
9272.59921072529,11.5019039370079
9285.30131915746,10.4383963254594
9299.414772971,10.0610283464567
9316.35091754726,11.8240535433085
9335.58814772721,13.3691013123362
9340.04853674124,12.8624233595805
9344.50892575527,11.8113267716534
9353.42970378334,11.2282884514435
9361.23538455791,11.09756167979
9364.58067631844,13.3444645669295
9372.386357093,14.1359816272964
9383.53732962809,15.8228506561676
9389.11281589564,17.5983267716542
9396.91849667021,15.3128356955356
9405.83927469828,12.8538173228344
9408.0694692053,14.2459480314958
9410.29966371231,14.7066419947507
9419.22044174039,13.5079317585303
9425.91102526144,12.3817559055118
9430.37141427548,12.8472916010509
9432.6016087825,13.6120800524933
9434.83180328951,13.5291094488189
9435.94690054302,13.9634708661424
9437.06199779653,13.9513089238841
9439.29219230355,12.1703283464559
9441.52238681057,12.9516976377955
9443.75258131759,15.2356475065604
9447.09787307811,16.4649440944879
9464.93942913426,19.6507545931798
9477.20549892286,18.5457517060365
9487.24137420444,16.9290204724415
9496.16215223252,15.8835123359578
9505.08293026059,15.7689073490814
9524.03958357024,15.7701488188977
9529.61506983779,15.8774771653544
9537.42075061235,14.9750803149593
9542.9962368799,16.6416220472441
9547.45662589394,17.4127716535438
9554.14720941499,15.4039291338582
9556.37740392201,14.4380314960634
9557.49250117552,13.6050160104985
9558.60759842903,12.8044750656175
9560.83779293605,12.0734566929137
9563.06798744307,13.5862538057753
9565.29818195008,13.6596868766403
9566.41327920359,13.2649433070863
9567.5283764571,13.4992923884512
9568.64347371061,15.279391076115
9569.75857096412,15.0014866141735
9570.87366821763,14.432356692911
9571.98876547114,12.7519535433078
9573.10386272465,13.0311944881889
9574.21895997816,14.8433270341225
9575.33405723166,16.25
9576.44915448517,16.7716535433064
9577.56425173868,16.7034120734908
9578.67934899219,16.8658320209977
9579.7944462457,16.7761842519683
9580.90954349921,14.6963422572184
9582.02464075272,13.668537532807
9583.13973800623,13.8760834645664
9584.25483525974,13.5398842519687
9585.36993251325,14.1671503937008
9586.48502976675,14.739887401575
9588.71522427377,13.4550908136476
9590.94541878079,13.1748619422571
9593.17561328781,14.1182314960627
9595.40580779483,14.1953556430445
9597.63600230185,13.6203288713907
9598.75109955536,13.7674582677169
9600.98129406238,13.6501144356954
9605.44168307641,14.6475107611548
9609.90207209045,14.9878448818897
9614.36246110449,14.6120469816277
9618.82285011852,14.951587139107
9623.28323913256,14.5285307086614
9625.51343363958,14.2472230971128
9626.62853089309,14.7921118110241
9627.74362814659,15.4043354330709
9628.30117677335,13.9617632545916
9628.8587254001,12.7975910761155
9629.41627402685,13.4943212598424
9629.97382265361,13.5871223097113
9631.08891990712,13.6492496062998
9632.20401716063,13.4244881889757
9633.31911441414,12.1250278215225
9635.54930892116,13.6998559055124
9640.00969793519,15.3311267716534
9644.47008694923,14.8288301837263
9648.93047596327,14.8301270341195
9653.39086497731,14.0895653543305
9655.62105948432,14.276
9658.96635124485,13.9598254593173
9662.31164300538,11.7161992125983
9666.77203201941,10.6425430446191
9671.23242103345,11.9182868766407
9675.69281004749,14.4321220472436
9681.26829631503,14.5207162729656
9686.84378258258,13.7143776902884
9691.30417159662,14.086054330709
9695.76456061065,13.7872265091872
9700.22494962469,12.1591580052491
9704.68533863872,13.0638559055114
9709.14572765276,13.7831204724405
9713.6061166668,14.1204364829412
9720.29670018785,13.8273007874021
9726.98728370891,12.3880897637798
9731.44767272294,11.2379467191605
9732.56276997645,12.6733881889764
9735.90806173698,12.4768690288709
9744.82883976506,12.5556433070866
9754.86471504664,14.027243307086
9770.47607659576,13.438287664042
9779.39685462384,12.6002469816262
9788.31763265191,13.6768874015756
9797.23841067999,12.8161800524941
9799.468605187,11.9021635170605
9801.69879969402,10.8461267716537
9803.92899420104,12.0118322834644
9805.6016400813,12.1975351706051
9807.83183458832,12.6990228346459
9810.06202909534,12.9533866141732
9812.29222360235,13.0809141732285
9814.52433926228,12.8913141732281
9816.80875324005,12.9839979002627
9817.95956988452,12.884937007874
9819.11038652899,12.8338724409448
9820.8366114957,12.6400713910761
9824.28906142911,10.701124934383
9827.74151136252,10.6732110236223
9828.89232800699,11.6650338582671
9830.04314465146,12.9611855643044
9832.34477794041,12.7138732283466
9836.94804451829,12.2893503937006
9839.24967780723,13.5098939632533
9841.55131109617,12.3608125984252
9846.15457767406,11.2012194225728
9850.75784425194,11.3258797900258
9854.21029418535,10.283418897638
9861.11519405218,9.51979527558982
9879.52826036371,9.0075748031496
9897.94132667524,9.12715826771675
9902.54459325313,10.5771740157479
9904.84622654207,11.6433440944888
9908.29867647548,11.1731165354334
9910.60030976442,11.0695506561685
9915.2035763423,11.5867916010499
9920.95765956466,10.8568251968493
9929.01337607596,8.99222414698156
9931.3150093649,8.1534540682409
9933.61664265384,8.05905511811027
9937.06909258725,8.87609186351674
9939.37072587619,10.5794062992131
9940.52154252066,10.7443669291329
9941.67235916514,9.43521942257175
9945.12480909855,9.07636115485541
9954.33134225431,10.8330960629928
9958.9346088322,12.2071530183726
9964.68869205455,11.3299220472431
9983.10175836608,9.98316614173144
10001.5148246776,9.37044593175688
10010.7213578334,11.6160464566928
10029.1344241449,13.1311055118117
10038.3409573007,12.9912317585302
10042.9442238786,11.1843677165354
10047.5474904564,10.1791716535432
10049.8491237454,10.4705761154858
10054.4523903233,10.7986102362207
10059.0556569012,11.923639370079
10079.7703565016,11.9521992125984
10098.1834228132,11.7166296587929
10102.786689391,10.3450826771649
10105.08832268,8.67358451443611
10107.3899559689,10.1845257217856
10109.6915892579,12.1361070866149
10111.9932225468,12.1021627296591
10116.5964891247,12.0469
10118.8981224136,12.0469
10121.1997557026,12.0534511811024
10123.5013889915,12.6020104986887
10125.8030222805,13.5284858267717
10128.1046555694,13.0329624671916
10130.4062888584,12.0604118110236
10132.7079221473,12.2869118110241
10135.0095554362,13.3199228346462
10139.6128220141,13.4905015748043
10144.216088592,11.4706039370078
10153.4226217478,11.290994488189
10158.0258883256,12.3399779527562
10169.5340547704,12.2681937007881
10178.7405879261,12.7266
10185.6454877929,12.1709580052496
10187.9471210819,12.1413685039377
10190.2487543708,14.3272215223105
10192.5503876598,16.1973585301843
10194.8520209487,15.1796047244098
10197.1536542377,13.0692372703413
10198.3044708822,12.6759406824147
10199.4552875266,13.3866559055122
10200.606104171,13.912524671916
10201.7569208155,14.7597674540673
10202.90773746,15.4270062992127
10204.0585541045,16.5988845144357
10208.6618206824,16.7705784776903
10213.2650872602,15.4340551181089
10217.8683538381,14.0438858267718
10224.773253705,14.5368727034113
10236.2814201497,15.7399251968506
10238.5830534386,16.0454209973751
10243.1863200165,15.800625984252
10246.6387699499,16.2794086614171
10250.0912198833,14.0341047244092
10252.3928531723,12.8360797900265
10253.5436698167,14.5374755905527
10254.6944864612,16.6016879265118
10256.9961197501,18.7977984251963
10258.1469363946,18.4697196850395
10259.2977530391,17.2275086614171
10261.599386328,17.2187333333333
10267.3534695504,17.0467858267707
10270.8059194838,13.6829813648291
10275.4091860617,14.1213887139109
10280.0124526396,15.0325992125987
10289.2189857953,15.8350811023622
10300.72715224,15.5094173228346
10328.3467517073,14.8741007874021
10342.156551441,15.5552737532813
10351.3630845967,15.4665335958005
10360.5696177525,15.602940944882
10369.7761509083,15.0843060367443
10374.3794174862,14.5175123359589
10378.982684064,14.3821055118106
10388.1892172198,18.1035104986898
10392.7924837977,18.5524443569552
10397.3957503756,19.1656086614163
10401.9990169535,19.857645406824
10406.6022835313,19.0367614173241
10411.2055501092,19.1546622047244
10413.5071833982,19.5269188976389
10415.8088166871,18.9905461942254
10420.412083265,16.6069291338594
10429.6186164208,14.0176482939628
10437.674332932,11.9320545931762
10441.1267828655,12.5284149606304
10444.5792327989,14.26871784777
10446.8808660878,14.5914443569556
10448.0316827323,14.9002204724408
10450.3333160212,15.7849645669298
10451.4841326657,16.4283472440944
10452.6349493102,15.6484984251955
10453.7857659546,13.1186427821523
10454.9365825991,13.314912598425
10457.2382158881,14.0820834645669
10458.3890325326,14.0426296587925
10459.539849177,13.5201624671913
10460.6906658214,14.1301937007867
10461.8414824659,14.6638619422574
10462.4168907882,16.1986388451443
10462.9922991104,17.5583212598428
10463.5677074326,15.4275299212598
10464.1431157549,14.4300884514445
10464.7185240771,16.0388456692896
10465.2939323994,17.2617559055119
10465.8693407216,17.2417464566924
10466.4447490438,16.4685039370077
10467.020157366,17.5771897637799
10467.5955656883,16.724769816273
10468.1709740105,16.9489669291341
10468.7463823328,14.857548031495
10469.321790655,13.5955737532811
10469.8971989773,14.7273968503924
10470.4726072995,17.0687055118109
10471.0480156217,17.559552230971
10471.6234239439,16.5011874015748
10472.1988322662,14.4801837270329
10472.7742405885,14.3368391076117
10473.3496489107,12.9972976377953
10473.9250572329,13.2103107611549
10474.5004655551,13.2986196850394
10475.6512821996,13.6880314960632
10477.9529154885,15.1352120734903
10482.5561820664,16.6806097112859
10489.4610819332,15.3250314960638
10491.7627152222,13.8288734908136
10494.0643485111,13.2133272965871
10500.969248378,15.3224692913374
10510.1757815337,17.3094866141729
10514.7790481116,22.0085490813675
10519.3823146895,22.8860629921261
10521.6839479784,20.5503490813634
10528.5888478453,19.2533057742782
10537.795381001,23.3713023622041
10547.0019141568,24.1492393700787
10560.8117138904,22.6946897637779
10570.0182470462,21.3353606299214
10579.224780202,21.3159448818911
10588.4313133577,18.7909632545928
10593.0345799356,18.0251968503931
10595.3362132246,19.7147149606304
10602.2411130914,20.2995246719153
10606.8443796693,19.7220496062996
10611.4476462472,15.7618994750663
10618.352546114,14.3231734908138
10625.2574459808,17.441481102362
10632.1623458476,22.5126569553815
10636.7656124255,22.2296994750661
10643.6705122923,16.6470181102391
10648.2737788702,13.5128233595799
10655.178678737,15.5698380577439
10673.5917450486,17.5793425196856
10692.0048113601,18.9400409448812
10719.6244108274,19.6140251968503
10747.2440102947,19.2547905511811
10765.6570766062,19.5841698162732
10779.4668763399,20.5408635170598
10795.0343132146,21.0600551181092
10811.2060261534,21.6387984251968
10819.2918826227,21.1868065616792
10824.6824536023,18.7583519685034
10830.0730245819,17.9393834645669
10834.1159528166,16.1339860892388
10836.8112383064,16.049846456693
10839.5065237962,15.4195293963256
10842.201809286,16.1990874015748
10846.2447375206,16.8608763779539
10851.6353085002,18.4406007874008
10854.33059399,19.6170632545932
10859.7211649696,19.3510244094484
10865.1117359492,17.5901065616798
10875.8928779083,17.750820209974
10886.6740198675,18.1510984251968
10897.4551618267,17.7360750656174
10902.8457328062,17.375
10905.541018296,17.1285803149593
10908.2363037858,15.3348532808398
10910.9315892756,13.8255493438327
10916.3221602552,13.3262149606299
10919.017445745,13.6805611548554
10921.7127312348,15.5397370078749
10927.1033022143,16.1253425196844
10932.4938731939,15.9934062992117
10943.2750151531,15.3426997375331
10954.0561571123,13.6450275590546
10989.0948684795,13.355939895013
11021.438294357,15.6233939632559
11045.6958637651,17.4844
11067.2581476835,18.6515763779536
11088.8204316018,18.5522950131235
11110.3827155201,18.6935503937005
11131.9449994384,17.9346104986874
11153.5072833568,16.2234251968509
11166.9837108057,16.3314031496064
11172.3742817853,16.4390677165353
11180.4601382547,16.7421385826772
11188.545994724,17.0570818897642
11193.9365657036,16.5835254593173
11196.6318511934,16.5782871391078
11199.3271366832,16.2344
11202.022422173,16.8386456692914
11204.7177076628,15.8051527559044
11207.4129931526,14.3845700787402
11210.1082786424,13.6734992125989
11212.8035641321,14.1051375328084
11215.4988496219,16.0298858267737
11218.1941351117,17.3409419947507
11220.8894206015,14.4358015748044
11223.5847060913,13.5475141732285
11226.2799915811,15.3020580052487
11231.6705625607,13.4519391076114
11242.4517045198,13.1018511811033
11247.8422754994,14.0866658792645
11250.5375609892,15.7349031496065
11253.232846479,15.4870921259845
11255.9281319688,15.5951603674541
11258.6234174586,15.8993776902893
11261.3187029484,16.935303937008
11264.0139884382,16.4948314960632
11269.4045594177,14.8363020997378
11274.7951303973,14.1576503937012
11280.1857013769,15.5936052493446
11285.5762723565,17.64443727034
11290.9668433361,16.4767598425197
11296.3574143156,15.4097929133859
11301.7479852952,15.1007498687664
11307.1385562748,13.5756165354344
11312.5291272544,14.8397981627297
11317.919698234,14.8626551181102
11326.0055547033,15.4732992125989
11331.3961256829,16.7505296587923
11342.1772676421,16.907509186352
11352.9584096013,15.4000511811015
11363.7395515604,17.3226706036746
11369.13012254,16.9019608923886
11374.5206935196,15.5644811023616
11385.3018354787,15.4450383202105
11396.0829774379,15.3171629921268
11406.8641193971,13.7849881889766
11417.6452613562,12.8273427821523
11423.0358323358,12.7198517060368
11428.4264033154,13.7773346456704
11433.816974295,14.3536107611552
11439.2075452746,11.7903356955402
11449.9886872337,9.9709897637795
11460.7698291929,10.9489800524939
11471.550971152,11.7863254593177
11482.3321131112,11.9171007874017
11503.8943970295,13.3926325459318
11536.237822907,14.055773228346
11573.9718197641,14.0160755905508
11579.3623907437,12.4431509186337
11584.7529617232,13.0179543307087
11586.1006044681,13.0426236220472
11587.448247213,12.2222314960625
11588.7958899579,12.3040393700786
11590.1435327028,12.7414015748031
11592.8388181926,12.4509937007874
11595.5341036824,13.223501312335
11600.924674662,14.5319023622047
11603.6199601518,14.324659580052
11606.3152456416,13.223843832021
11609.0105311314,13.1360968503931
11611.7058166211,13.0310422572177
11614.4011021109,12.4672391076116
11619.7916730905,12.7742417322837
11625.1822440701,15.0588131233621
11630.5728150497,14.3560981627315
11633.2681005395,13.8067590551184
11638.658671519,12.7673433070863
11645.9404730376,12.4279112860892
11653.8487525669,10.8308566929138
11661.7570320962,11.538287664042
11669.6653116256,12.3181417322828
11677.5735911549,13.9234929133859
11681.5277309196,13.3255349081361
11685.4818706843,13.2431202099738
11689.4360104489,13.7809858267707
11695.367220096,13.8774459317585
11699.3213598607,12.9317556430444
11701.298429743,13.1296488188977
11705.2525695076,13.0210874015732
11721.0691285663,11.8098181102362
11728.9774080957,12.127633070866
11736.885687625,12.5333569553807
11744.7939671543,12.3663721784776
11752.7022466837,12.1393716535433
11760.610526213,11.0533700787395
11768.5188057424,12.9876398950128
11784.3353648011,13.6543251968503
11796.1977840951,12.2758102362209
11812.0143431538,13.4958889763785
11819.9226226831,14.454958267716
11827.8309022124,12.9974818897638
11835.7391817418,13.5048099737533
11843.6474612711,14.4860858267716
11851.5557408005,14.2088351706021
11859.4640203298,11.7044372703418
11867.3722998591,10.6814464566931
11875.2805793885,10.869545144357
11883.1888589178,12.9190482939635
11891.0971384472,13.7084889763781
11899.0054179765,13.6510611548558
11906.9136975059,13.3413278215223
11914.8219770352,12.8627629921264
11922.7302565645,12.4186039370079
11938.5468156232,13.7649795275619
11954.3633746819,16.2627952755903
11962.2716542113,16.4899312335959
11970.1799337406,16.1389223097114
11978.0882132699,16.5340755905514
11985.9964927993,16.5177643044618
11993.9047723286,15.9093742782152
12001.813051858,15.9702850393698
12017.6296109167,16.2109333333333
12033.4461699753,15.6119829396316
12041.3544495047,15.5186976377914
12049.262729034,13.9993118110227
12057.1710085634,14.8799616797901
12065.0792880927,15.8712196850386
12072.987567622,14.1203010498684
12080.8958471514,14.2059900262477
12088.8041266807,14.4184874015749
12096.7124062101,14.1639829396331
12104.6206857394,14.0782083989505
12112.5289652688,15.5857590551191
12120.4372447981,16.1373097112858
12128.3455243274,15.0989616797902
12140.2079436215,13.6004196850387
12156.0245026801,12.9874706036743
12167.8869219742,14.2127540682417
12175.7952015035,14.6176181102367
12183.7034810328,14.7141790026244
12191.6117605622,15.1409280839895
12199.5200400915,13.5316283464551
12207.4283196209,13.6529167979003
12223.2448786795,14.5722133858279
12231.1531582089,15.7421125984253
12239.0614377382,15.6435125984249
12246.9697172676,15.2647215223092
12254.8779967969,15.2565062992139
12270.6945558556,13.9507661417323
12286.5111149143,13.9200162729659
12306.2818137376,13.9062
12337.914931855,15.4688
12345.8232113844,15.588779265092
12353.7314909137,15.1872622047232
12361.639770443,13.3609010498701
12369.5480499724,13.4757057742782
12377.4563295017,14.6605362204733
12393.2728885604,15.7041139107612
12424.9060066778,14.4536821522307
12456.5391247952,13.223722047244
12488.1722429125,13.9633795275583
12567.2550382059,14.4054007874017
12670.0626720874,15.0357472440942
12737.2830480868,13.6733496062984
12800.5492843215,12.2537036745391
12847.9989614976,12.0866433070876
12873.2066963451,14.550383464567
12887.3962461137,16.6050188976372
12898.7478859286,15.3808771653551
12910.0995257435,15.2024976377944
12915.775345651,13.6691144356958
12921.4511655584,12.0703
12927.1269854658,13.373613648295
12935.640715327,15.3858871391084
12946.9923551419,17.0490700787383
12958.3439949568,16.3955052493438
12964.0198148643,15.1556758530183
12969.6956347717,16.8304283464569
12975.3714546792,17.8131826771667
12981.0472745866,17.6229065616786
12986.7230944941,17.313974015748
12992.3989144015,17.8302837270346
13003.7505542164,20.9896653543316
13015.1021940313,21.8968519685036
13026.4538338462,20.7820370078708
13037.8054736611,19.4594648293962
13043.4812935686,19.3364685039369
13046.3192035223,18.7815440944867
13047.7381584992,16.8565440944877
13049.157113476,15.0610007873995
13051.9950234297,16.2208790026248
13057.6708433372,15.9519173228347
13071.8603931058,13.9412188976365
13091.7257627819,12.9393931758546
13108.7532225042,14.4572362204732
13131.456502134,15.9170685039371
13143.4028453066,16.8514393700792
13157.5837027628,16.6327259842517
13171.7645602191,14.8494370078732
13185.9454176754,15.5229301837306
13189.4906320394,18.1371795275583
13193.0358464035,18.7988425196849
13207.2167038598,18.6395354330709
13221.3975613161,18.7631824146983
13249.7592762286,19.3690944881897
13263.9401336849,19.850721784777
13292.3018485974,18.0557136482943
13306.4827060537,16.5926559055113
13320.66356351,17.2217687664059
13334.8444209663,19.0866687664046
13349.0252784226,19.6562
13363.2061358788,18.6365926509177
13377.3869933351,18.4491514435696
13384.4774220632,19.7371015748029
13391.5678507914,18.6745745406804
13405.7487082477,18.0003947506558
13419.9295657039,18.4879590551181
13434.1104231602,18.3117280839895
13448.2912806165,19.5472913385831
13462.4721380728,21.105677165354
13469.5625668009,21.0927291338584
13476.652995529,20.9389338582678
13483.7434242572,18.7934354330703
13490.8338529853,18.1249839895021
13497.9242817135,18.9059259842524
13505.0147104416,16.2549771653551
13519.1955678979,13.5298265091869
13526.285996626,15.2808671916014
13533.3764253542,17.1112078740149
13540.4668540823,15.7272561679781
13561.7381402667,15.129323097113
13575.918997723,15.0768952755906
13590.0998551793,15.3516984251961
13611.3711413637,14.511086614173
13639.7328562762,13.2201874015737
13657.4589280966,14.8520818897636
13671.6397855528,13.4558727034119
13691.1384645553,14.0595472440949
13698.2288932833,15.3874671916024
13703.5467148295,15.5507430446177
13742.5440728342,15.3185535433069
13770.9057877468,16.2519364829393
13824.0840032078,15.6003419947505
13866.5935719847,15.0087881889761
13894.7504039301,14.89993648294
13965.1424837937,15.2895690288714
14033.1881609952,15.9005874015748
14094.1946302103,16.0818574803156
14146.9886901079,17.0781333333336
14181.0115287087,17.0638283464564
14196.2631460125,17.25247664042
14206.821957992,17.4856805774281
14220.9003739648,17.607164566929
14252.5768099034,18.7718202099753
14271.3480312003,18.0992755905498
14291.2924538284,16.694193700788
14300.6780644768,14.5337606299206
14305.3708698011,12.7174902887125
14310.0636751253,12.0950314960636
14328.8348964223,14.919539632549
14347.6061177192,16.1816346456694
14366.3773390162,15.5860440944887
14381.6289563199,13.9673433070864
14391.0145669685,14.4898530183731
14395.7073722927,14.6804661417321
14400.4001776169,13.8435868766405
14402.7465802791,14.9625307086626
14405.0929829412,16.6635952755905
14409.7857882654,15.0891435695525
14414.4785935897,14.743374540683
14416.8249962518,13.2739023622054
14419.1713989139,12.1269346456692
14420.344600245,13.781673753283
14421.517801576,15.415205511811
14422.6910029071,16.1313816272983
14423.8642042381,18.4333637795282
14426.2106069002,19.1071393700792
14428.5570095623,17.8682895013122
14429.7302108934,17.4457372703408
14430.9034122245,17.3081692913379
14433.2498148867,15.7600393700789
14435.5962175487,15.5358671916014
14436.7694188798,17.5367858267716
14437.9426202109,19.3853506561685
14440.289022873,19.1688152230953
14442.6354255351,17.5562448818904
14444.9818281972,16.3013650918636
14447.3282308593,17.1259971128614
14449.7933650827,17.6802661417324
14452.4086914041,18.8144845144369
14455.0554782623,20.0105034120736
14457.7022651204,19.1895606299214
14460.3490519786,15.640658267716
14462.9958388368,14.9592661417344
14465.6426256949,17.4499086614189
14468.289412553,17.6667900262472
14469.6128059821,16.3077349081368
14470.9361994112,16.7188
14472.2595928403,16.9859769028873
14473.5829862694,17.6208632545948
14474.9063796985,18.5581582677165
14476.2297731276,17.4831041994751
14478.8765599857,18.4660803149599
14480.1999534148,18.3588834645679
14481.5233468439,19.2548026246722
14482.8467402729,20.0502162729657
14484.170133702,18.1124283464564
14488.1403139892,15.2238929133853
14490.7871008474,16.7837711286096
14493.4338877056,18.6420803149644
14496.0806745637,19.7475879265097
14498.7274614219,17.7582183727032
14501.37424828,16.3386401574788
14504.0210351382,16.3933635170614
14506.6678219963,18.1851874015759
14507.9912154254,20.5596952755903
14510.6380022836,19.3417797900262
14513.2847891418,18.6671645669286
14515.9315759999,18.6373031496064
14518.578362858,18.2180811023616
14521.2251497162,19.3187700787401
14522.5485431453,16.9662062992121
14523.8719365743,14.9972272965878
14525.1953300034,14.775136482941
14526.5187234325,17.6584181102363
14529.1655102907,18.0527299212593
14531.8122971488,17.9885330708659
14535.7824774361,19.2977362204706
14538.4292642942,17.7327015748034
14539.7526577233,17.5291834645655
14541.0760511524,17.9327267716539
14543.7228380105,17.1607611548554
14545.0462314396,17.963201049869
14546.3696248687,19.3624346456709
14547.6930182978,18.0259346456695
14549.0164117269,18.4547404199475
14549.6781084414,20.3822133858282
14550.339805156,19.7112233595801
14551.0015018705,19.0761154855645
14551.663198585,18.5295464566915
14552.9865920141,16.9084404199486
14554.3099854432,15.4542435695538
14555.6333788723,15.706954330709
14556.9567723013,17.1265585301838
14562.2503460176,17.724590551182
14564.8971328758,18.5521338582678
14567.543919734,20.4229322834639
14572.8374934503,19.405149081365
14578.1310671666,20.0276645669295
14583.4246408829,24.0167892388478
14586.0714277411,26.5562503937007
14588.7182145992,26.2452015748025
14591.3650014574,24.3651734908135
14596.6585751737,21.0810687664021
14599.3053620318,17.4662614173211
14604.5989357482,18.1977304461934
14605.9223291772,18.9833763779528
14607.2457226063,18.584913385826
14608.5691160354,17.9747060367454
14609.8925094645,18.0166251968507
14611.2159028936,18.9032708661419
14613.8626897517,19.7687354330709
14616.5094766098,18.1283553805771
14619.156263468,18.2703125984236
14621.8030503262,16.5490645669282
14624.4498371844,15.8324608923886
14625.7732306134,17.4917866141729
14627.0966240425,16.4211207349079
14629.7434109006,14.8600209973746
14633.7135911879,16.4824346456693
14635.0369846169,17.7084133858265
14637.6837714751,22.346440682414
14642.9773451914,23.223718110235
14644.3007386205,20.9565921259832
14646.9475254787,22.5415690288738
14652.241099195,26.2031
14661.5048531985,24.906480052493
14665.4750334858,24.0566448818898
14668.1218203439,23.462252755905
14670.7686072021,21.4883057742782
14673.4153940602,23.1995871391059
14678.7089677766,25.6413850393704
14684.0025414929,24.8097162729645
14691.9429020673,23.3280679790026
14699.8832626418,23.638148818898
14710.4704100744,21.2241254593177
14721.0575575071,20.7967853018377
14723.7043443652,21.0867433070874
14726.3511312234,19.9784944881901
14731.6447049397,21.3194650918642
14736.938278656,22.0723582677165
14742.2318523723,23.6208989501323
14746.2020326596,25.3559391076115
14752.818999805,24.8677755905496
14763.4061472376,23.7110826771648
14773.9932946702,26.042026246719
14784.5804421028,25.3746338582675
14789.8740158192,19.9744921259794
14795.1675895355,19.8791170603674
14805.7547369681,20.8977606299234
14816.3418844007,20.9991233595797
14837.516179266,18.9294459317585
14848.1033266986,19.3904039370082
14858.6904741312,21.7854170603703
14869.2776215639,23.1190784776908
14879.8647689965,23.6955220472445
14885.1583427128,22.245390813648
14890.4519164291,22.0312824146982
14895.7454901454,21.4021629921252
14901.0390638618,19.2209020997345
14911.6262112944,19.2798167978996
14922.213358727,20.1778724409449
14927.5069324433,19.019416797899
14932.8005061596,18.0139049868766
14938.094079876,17.2092606299207
14943.3876535923,17.2732532808401
14948.6812273086,17.8906
14953.9748010249,20.0936299212598
14964.5619484575,20.1149559055124
14975.1490958902,19.7683291338576
14980.4426696065,18.546135433071
14986.0967666482,17.6857207349075
14991.7513083145,16.4644608923884
14997.4058499808,15.7082677165351
15003.0603916471,15.2094461942277
15008.7149333134,16.7269265091861
15020.0240166461,19.074951181102
15028.5058291455,19.5487325459334
15031.3330999787,21.7889551181106
15034.1603708119,20.3957740157466
15039.8149124782,16.875635695538
15045.4694541445,17.2876188976379
15051.1239958108,17.7199023622047
15056.7785374771,15.8904577427811
15059.6058083103,14.8258908136483
15062.4330791434,15.5492440944877
15063.84671456,16.1609398950135
15065.2603499766,18.1236559055125
15066.6739853931,18.5142716535431
15068.0876208097,19.5803480314975
15069.5012562263,18.9779188976378
15070.9148916429,16.9594149606305
15072.3285270595,16.1527606299213
15073.7421624761,15.9206262467194
15075.1557978926,15.0856393700776
15076.5694333092,15.0293254593175
15077.2762510175,14.470070341208
15077.9830687258,15.5976251968504
15078.6898864341,17.1746041994767
15079.3967041424,17.3004212598426
15082.2239749755,17.0756606299216
15085.0512458087,16.2849475065616
15087.8785166418,16.4663501312338
15090.705787475,17.1715559055121
15093.5330583082,17.5366217847763
15096.3603291413,16.4337923884512
15099.1875999745,15.530215748031
15100.6012353911,16.0239821522307
15102.0148708076,16.9938908136498
15104.8421416408,15.3891133858265
15107.6694124739,14.5696824146983
15110.4966833071,14.2869160104987
15113.3239541403,14.6842598425199
15116.1512249734,13.3101601049865
15118.9784958066,12.7147291338578
15124.6330374729,12.4830244094476
15130.2875791392,14.0079341207349
15135.9421208055,14.4750259842523
15147.2512041381,15.9046267716536
15152.9057458045,16.4122375328089
15158.5602874708,16.3925524934382
15164.2148291371,16.5257874015746
15169.8693708034,18.1719
15175.5239124697,19.5039209973776
15181.178454136,20.3450283464567
15186.8329958023,19.7419236220483
15192.4875374686,18.2705188976383
15198.142079135,19.9456236220472
15203.7966208013,20.3634803149595
15209.4511624676,17.692089238843
15215.1057041339,16.6076826771655
15220.7602458002,17.0348566929135
15226.4147874665,15.9082687664042
15232.0693291328,14.7777070866136
15237.7238707992,14.7500837270344
15243.3784124655,15.314601312336
15249.0329541318,15.940974015748
15254.6874957981,16.6450055118111
15260.3420374644,15.7848706036748
15265.9965791307,15.0336803149594
15271.651120797,16.1430635170594
15277.3056624634,16.3067527559059
15282.9602041297,16.665971653543
15285.7874749628,16.9516950131237
15288.614745796,16.6870078740153
15291.4420166291,15.586995275591
15294.2692874623,14.9821034120734
15299.9238291286,15.8150679790032
15305.5783707949,16.5857488188974
15311.2329124612,15.9715545931755
15316.8874541276,15.4987430446195
15322.5419957939,14.7026826771654
15328.1965374602,14.9297
15333.8510791265,14.6161254593173
15339.5056207928,14.5853645669277
15345.1601624591,14.8368107611537
15350.8147041254,14.3849548556428
15356.4692457918,14.7592685039366
15362.1237874581,14.8255110236223
15367.7783291244,16.9739296587947
15373.4328707907,15.9623346456693
15376.2601416238,15.4594616797904
15381.9146832902,15.7168396325463
15384.7419541233,15.220322834645
15387.5692249565,14.0696740157474
15393.2237666228,13.0526165354331
15398.8783082891,11.7380299212607
15404.5328499554,14.0577553805772
15407.3601207886,14.5085629921251
15410.1873916217,13.7501346456688
15413.0146624549,13.8132320209947
15415.841933288,16.3937527559055
15418.6692041212,16.0780204724406
15421.4964749544,14.6003362204724
15424.3237457875,14.3449412073491
15427.1510166207,14.140168503937
15429.9782874538,15.1653301837269
15432.805558287,16.8634748031504
15435.6328291201,18.6556795275594
15438.4600999533,17.7990010498679
15441.2873707865,16.2439464566925
15444.1146416196,15.1366992125973
15446.9419124528,13.3830559055123
15448.3555478694,12.5886635170619
15449.7691832859,14.9756062992135
15451.1828187025,12.9512955380597
15452.5964541191,13.096971128609
15454.0100895356,13.8193732283476
15455.4237249522,13.2805299212597
15456.8373603688,15.4394748031506
15459.664631202,18.2183692913388
15462.4919020352,18.3988257217854
15465.3191728683,18.5149648293963
15468.1464437015,18.1032220472438
15472.3873499512,16.3462249343821
15475.2146207843,15.4660160104976
15478.0418916175,17.1310228346453
15480.8691624507,15.3075582677165
15483.6964332838,14.5325364829406
15486.523704117,16.9057165354335
15489.3509749501,18.0464398950124
15492.1782457833,17.8783454068243
15497.8327874496,16.4740582677158
15500.6600582828,14.9088467191596
15503.4873291159,18.0906708661443
15509.1418707822,18.523775590551
15514.7964124485,19.511998425197
15520.4509541148,17.0289322834645
15526.1054957812,15.3787370078748
15537.4145791138,17.4896551181126
15548.7236624464,18.3685485564309
15554.3782041127,19.0309992125981
15560.0327457791,17.124375853018
15565.6872874454,14.3850104986869
15571.3418291117,13.2283472440959
15576.996370778,15.6340711286084
15582.6509124443,17.6332837270342
15594.8540602398,18.8477842519691
15637.6219952329,16.4996398950139
15659.0059627294,16.6256241469811
15666.1339518949,17.0959692913384
15667.9159491863,16.3692498687662
15669.6979464777,16.5148005249342
15671.4799437691,17.0962566929134
15673.2619410605,16.6384540682403
15676.8259356432,16.4871653543297
15680.389930226,17.9704669291339
15683.9539248087,17.9037073490816
15687.5179193915,17.9159183727033
15698.2099031397,17.5044220472441
15719.5938706363,17.7992446194227
15742.7598354242,18.6248115485561
15764.1438029207,20.1701448818903
15774.8357866691,22.6973585301859
15781.9637758345,23.7812
15789.091765,24.0026566929133
15792.6557595828,24.7628498687667
15796.2197541656,21.702549081365
15803.3477433311,20.4786188976371
15817.6037216621,18.9513275590537
15835.4236945759,16.0486026246718
15847.8976756156,15.9783598425197
15862.1536539466,15.1920543307077
15876.4096322776,13.6581467191615
15890.6656106087,15.6057015748052
15904.9215889397,16.4579892388451
15919.1775672707,18.0432417322823
15933.4335456017,17.300196850394
15947.6895239328,17.1138451443551
15961.9455022638,18.3790359580088
15965.5094968466,18.0734748031508
15972.6374860121,14.8123199475058
15979.7654751776,13.2545136482932
15986.8934643431,15.343248818898
15994.0214535086,15.7533800524927
16001.1494426741,16.0013312335961
16004.7134372569,16.1315488188972
16008.2774318397,17.9337430446192
16011.8414264224,18.0559543307092
16022.5334101707,16.7755677165345
16036.7893885017,15.4316044619423
16047.48137225,15.6789538057747
16061.737350581,15.2107535433071
16068.8653397465,16.0590181102359
16075.993328912,18.1707955380636
16093.8133018258,19.1073314960632
16122.3252584879,19.28788687664
16136.5812368189,17.5065249343825
16147.2732205672,16.3507653543303
16161.5291988982,17.491093963256
16168.6571880637,18.4993039370079
16175.7851772292,17.9105811023623
16182.9131663948,16.0750233595809
16190.0411555603,17.8994787401579
16197.1691447258,18.9015669291348
16204.2971338913,17.7335553805776
16207.8611284741,17.0451944881898
16211.4251230568,16.8869267716531
16214.9891176396,16.4934383202098
16218.5531122223,16.7343666666691
16225.6811013879,19.7348259842514
16232.8090905534,20.1076265091863
16239.9370797189,18.0730146981625
16247.0650688844,17.1349842519675
16254.1930580499,16.901416010499
16261.3210472154,15.2327826771654
16268.4490363809,15.5676173228348
16275.5770255465,14.7842826771649
16282.705014712,16.9312120734886
16289.8330038775,15.3693165354335
16296.960993043,14.2773543307091
16304.0889822085,14.6217650918637
16311.216971374,15.0666732283467
16318.3449605395,17.5712335958024
16321.9089551223,18.4626813648266
16325.4729497051,15.7091952755902
16329.0369442878,14.7898015748031
16332.6009388706,16.3643811023632
16336.1649334533,17.6840251968489
16339.7289280361,16.176969553805
16343.2929226189,12.5873055118106
16346.8569172016,12.2984519685051
16350.4209117844,15.227984251969
16353.9849063671,17.3008577427831
16357.5489009499,16.6413346456714
16361.1128955326,18.0721215223094
16364.6768901154,19.643318372704
16368.2408846982,17.7999968503948
16375.3688738637,17.7478674540671
16382.4968630292,16.1875
16386.0608576119,14.8670771653543
16389.6248521947,14.8568409448819
16393.1888467774,14.6264283464565
16396.7528413602,15.1177669291348
16400.316835943,17.3146509186365
16403.8808305257,18.9665354330709
16411.0088196912,18.860829133858
16418.1368088568,18.9290939632547
16425.2647980223,20.3231370078737
16432.3927871878,19.8720385826766
16439.5207763533,18.5964511811031
16446.6487655188,17.1427325459316
16453.7767546843,15.49467086614
16463.0506430821,15.0975774278214
16472.5016329545,15.38746089239
16477.2271278907,16.470592913386
16481.9526228269,14.9011813648297
16486.6781177631,14.1458375328087
16491.4036126993,15.0073464566937
16496.1291076355,16.4966582677174
16500.8546025717,17.5475881889762
16505.5800975079,18.3180401574801
16510.3055924441,17.9223477690288
16515.0310873803,16.3319690288704
16519.7565823165,15.0933141732278
16524.4820772527,14.6436149606301
16529.2075721889,15.8909480314961
16533.9330671251,16.5660842519699
16538.6585620613,15.9129792650908
16548.1095519337,14.7325412073487
16557.5605418061,14.938554330709
16576.4625215509,14.6498467191601
16595.3645012957,13.5195448818896
16614.2664810405,13.3605220472448
16652.0704405301,13.3573745406818
16663.8841778706,11.5549207349086
16668.6096728068,12.1946543307088
16675.6979152111,12.991769291339
16694.5998949559,13.4200868766404
16727.0644636551,14.2519937007907
16750.7286827378,15.9775076115486
16794.1130843893,16.3401593175853
16817.7773034719,14.072223622047
16833.553449527,13.638283989501
16845.3855590683,14.4505543307098
16876.9378511785,17.01488503937
16912.4341798025,16.3846220472441
16975.5387640229,15.2719461942254
16991.314910078,15.1333417322825
17007.0910561331,14.5264897637808
17014.9791291606,14.1221464566936
17018.9231656744,12.8581937007871
17022.8672021882,13.8039842519706
17026.8112387019,16.0937286089242
17030.7552752157,16.0355700787397
17034.6993117295,15.1383645669292
17038.6433482433,15.2908482939633
17042.587384757,15.1200251968504
17048.8892646673,15.4307236220473
17055.0230510347,14.8483952755896
17067.2906237697,13.3652866141732
17079.5581965046,11.5453191601054
17091.8257692395,12.0243519685039
17099.4930021987,12.9445031496078
17105.6267885662,13.1634593175876
17111.7605749337,13.8145926509198
17122.4947010767,12.2528866141732
17134.7622738116,10.3801847769008
17147.0298465466,12.2386070866151
17159.2974192815,13.8143803149599
17171.5649920164,13.7913120734909
17183.8325647513,12.0933734908133
17199.1670306699,12.860808661417
17217.5683897723,11.4946425196834
17229.8359625072,12.7599020997385
17242.1035352421,15.0643094488187
17266.6386807119,15.4088700787395
17291.1738261817,15.1205238845145
17315.7089716515,13.874034645668
17327.9765443864,13.74435065617
17334.1103307539,13.5113884514427
17340.2441171214,14.1565118110233
17346.3779034888,13.0250036745413
17352.5116898563,13.5749291338584
17358.6454762237,13.7493015748038
17364.7792625912,14.5958934383204
17370.9130489586,14.8613244094488
17377.0468353261,14.3930677165352
17401.5819807959,13.0642981627278
17426.1171262657,10.3968125984235
17450.6522717355,9.12598425196826
17481.4038585355,9.70549265091827
17506.0553461789,9.07009947506555
17555.3583214655,10.492196062994
17593.8762709082,14.0201459317613
17604.6612967521,14.3044619422577
17629.3127843954,12.2031
17641.6385282171,12.3459981627307
17653.9642720387,13.3163897637795
17660.1271439496,12.3764748031487
17663.208579905,11.0223837270344
17666.2900158604,12.988166929134
17672.4528877712,15.8987653543314
17678.6157596821,16.4514367454061
17684.7786315929,16.0737385826775
17690.9415035037,16.288037007874
17697.1043754146,18.8536905511806
17700.18581137,17.8528921259844
17703.2672473254,16.2936637795264
17706.3486832808,15.3999548556439
17707.8894012585,16.4039034120735
17710.9708372139,17.2453433070866
17714.0522731693,15.6528498687653
17717.1337091248,15.3152887139098
17720.2151450802,14.6395559055118
17723.2965810356,14.0644104986876
17729.4594529464,13.3950587926503
17734.0816068795,11.6228204724408
17737.163042835,11.2753191601052
17746.4073507012,12.9906154855647
17749.4887866566,13.2304692913386
17760.2738125005,14.0806320209977
17774.1402742999,14.9797658792648
17826.1982290363,14.8642685039371
17849.8672678434,16.0621173228362
17857.1500490147,18.6922572178474
17864.4328301862,17.9697527559054
17875.3570019433,16.2911648293947
17895.3846501646,15.0095223097109
17902.667431336,14.2111047244111
17906.3088219217,16.9238690288713
17915.412298386,17.7879740157483
17922.6950795574,16.4925803149607
17929.9778607287,13.1159776902869
17937.2606419002,11.4719994750646
17944.5434230715,12.9763141732262
17950.0055089501,15.6953
17957.2882901215,16.2178446194232
17971.8538524643,15.008396062992
17986.4194148071,14.1606711286083
18000.9849771499,13.7814509186352
18006.4470630285,15.4991283464563
18008.2677583213,16.5424616797902
18010.0884536142,15.6134590551161
18011.909148907,15.0548842519685
18015.5505394927,15.1242076115487
18017.3712347855,14.2358572178474
18019.1919300784,13.4471748031496
18024.6540159569,16.294777427822
18026.4747112498,16.8108212598425
18030.1161018355,15.9171598425203
18031.9367971284,15.869919160105
18035.5781877141,16.9050078740165
18039.2195782998,16.8666440944879
18041.0402735926,15.9599338582672
18042.8609688854,15.4241110236221
18044.6816641783,14.7146622047245
18046.5023594712,12.9981414698158
18047.4127071176,11.6478097112868
18048.323054764,12.9646070866153
18049.2334024104,17.0394679790013
18050.1437500568,18.5624330708669
18051.0540977033,18.2601385826764
18051.9644453497,17.6766947506564
18053.7851406425,16.8913661417349
18055.6058359354,18.2652559055119
18057.4265312283,17.2345412073492
18059.2472265211,17.3245895013132
18061.067921814,19.7105921259862
18062.8886171068,19.7147259842507
18064.7093123997,18.9710687664042
18066.5300076925,17.9697448818896
18068.3507029854,17.4564902887139
18070.1713982782,15.6137816272984
18071.9920935711,17.3598740157476
18075.6334841568,17.8046178477686
18079.2748747424,16.490534908136
18082.9162653282,14.3018952755903
18084.736960621,14.6267370078744
18086.5576559138,16.8765942257242
18088.3783512067,18.8217582677164
18090.1990464995,16.9966871391081
18093.8404370852,13.5379826771637
18097.481827671,15.0457905511807
18101.1232182567,15.3832905511819
18104.7646088424,16.0500527559055
18108.4059994281,16.4034007874001
18113.8680853066,12.9972713910761
18121.150866478,11.9412608923888
18128.4336476494,14.4921755905527
18133.895733528,15.549868766404
18137.5371241137,15.9704556430447
18141.1785146994,17.4160921259856
18144.8199052851,19.4484732283465
18148.4612958708,19.0093656167972
18150.2819911636,16.2440503936999
18152.1026864565,16.6098335958006
18157.564772335,15.8773559055114
18159.3854676279,15.4710582677166
18161.2061629207,15.6301729658798
18163.0268582135,16.7700532808398
18164.8475535064,17.8797834645675
18168.4889440921,20.2090055118112
18172.1303346778,18.2766013123353
18175.7717252635,15.7538322834607
18179.4131158492,14.0798519685042
18186.6958970206,14.146543832021
18190.3372876063,17.0478299212626
18193.978678192,18.1408866141732
18195.7993734849,16.0207952755872
18197.6200687777,13.7946559055119
18199.4407640706,13.7024118110238
18201.2614593634,15.3203
18204.9028499491,15.9018015748043
18208.5442405348,15.8558230971125
18212.1856311205,14.6470800524938
18215.8270217062,13.7891
18223.1098028776,15.3805845144358
18230.392584049,19.2800435695545
18244.9581463918,20.5926614173232
18259.5237087346,19.0440430446205
18266.806489906,19.8120409448818
18281.3720522488,21.0083322834655
18310.5031769344,20.7603999999991
18328.7101298629,18.8566438320199
18336.9032586807,15.9660110236219
18338.7239539736,13.7719769028872
18340.4661842988,15.5567968503941
18342.1299496566,17.8785929133877
18344.5502234698,18.8727288713901
18347.7270057388,17.8730635170607
18350.9037880077,18.0992905511817
18362.0225259491,19.2184879265089
18374.7296550249,17.2546196850385
18387.4367841007,15.5648488188992
18416.0278245212,17.4238845144355
18463.6795585555,17.6593076115488
18546.2758975482,18.6743606299213
18580.8374675876,19.4542719160122
18602.6015242593,20.8434871391077
18609.1307412608,20.2037401574803
18621.1009724302,20.4302356955387
18651.5706517706,22.870458792651
18684.2167367782,23.1886803149603
18705.9807934499,20.0061732283443
18714.6864161185,18.3259790026251
18719.0392274529,18.0687496062992
18727.7448501216,17.7329018372701
18736.4504727903,17.3359419947506
18740.8032841246,16.3721362204714
18745.1560954589,14.0688766404199
18749.5089067933,15.0616650918624
18753.8617181276,19.4222803149621
18759.1442033699,22.0126330708665
18765.1097324958,22.8510501312344
18771.0752616217,22.7427330708664
18777.0407907476,19.6318070866126
18783.0063198735,17.019455905512
18794.9373781254,14.8011220472429
18806.8684363772,12.6016023622023
18818.799494629,14.174193438319
18824.7650237549,16.1678322834647
18827.7477883179,16.7547496062992
18833.7133174438,16.8348782152229
18838.1874642883,15.6463480314964
18841.1702288512,14.548395013123
18844.1529934142,14.9660771653553
18847.1357579771,14.2029968503945
18850.1185225401,16.9589220472459
18856.084051666,20.4504511811029
18860.5581985104,22.1632291338579
18862.0495807919,21.3224895013111
18863.5409630734,18.2373110236225
18865.0323453548,14.7399677165365
18866.5237276363,15.7466467191592
18868.0151099178,16.3769364829389
18869.5064921993,16.3170606299211
18872.4892567623,18.3143908136485
18881.4375504511,18.1494396325458
18887.403079577,16.4496551181105
18890.38584414,16.6408167979002
18899.3341378289,15.2290026246724
18911.2651960807,13.7582692913384
18918.7221074881,13.183190551182
18924.687636614,14.7242073490823
18932.1445480214,16.468504724409
18938.1100771473,17.0726698162726
18944.0756062732,17.0726698162731
18950.0411353991,16.8165850393698
18958.989429088,17.4370398950143
18982.8515455917,18.7401223097109
18994.7826038435,18.8293755905512
18997.7653684065,15.9531107611534
19000.7481329694,14.6234598425203
19003.7308975324,15.3557590551183
19012.6791912212,16.4611047244095
19015.6619557842,15.5255356955381
19018.6447203472,17.9382771653545
19023.1188671916,20.4212438320204
19026.1016317546,19.2221687664027
19029.0843963175,17.4233692913393
19035.0499254434,17.0378776902886
19041.0154545694,17.0702845144362
19046.9809836952,17.3000748031494
19049.9637482582,17.395004986877
19052.9465128212,16.4163910761154
19055.9292773841,17.3683858267721
19057.4206596656,18.0710944881896
19063.3861887915,18.3287509186358
19081.2827761693,19.7093133858277
19096.1965989841,18.4633606299216
19103.6527265444,18.2703412073488
19109.6145985165,17.3826047244095
19115.5762965669,18.0752020997385
19121.5379946172,18.7781149606325
19127.4996926676,20.4435385826773
19133.461390718,19.411183727034
19139.4230887683,18.3393375328068
19145.3847868187,15.9851874015746
19151.3464848691,14.8676598425193
19160.2890319446,15.6602779527562
19164.7603054824,17.8300685039367
19170.7220035328,17.57484855643
19176.6837015831,15.6332178477673
19182.6453996335,14.9632377952766
19194.5687957342,17.2823454068239
19206.492191835,19.0975028871399
19218.4155879357,19.9306314960631
19230.3389840364,17.813308661415
19254.1857762379,12.6483401574749
19266.1091723386,11.3513905511816
19278.0325684394,10.3900488188977
19286.9751155149,9.61803438320189
19289.9559645401,11.5075165354331
19292.9368135653,11.6970346456682
19295.9176625905,10.1720060367453
19297.4080871031,9.18993464566963
19298.8985116157,11.3286170603679
19300.3889361283,14.9147698162766
19304.860209666,14.9858401574796
19310.8219077164,13.1560619422586
19322.7453038171,10.2003821522307
19334.6686999179,9.32329133858273
19373.4197372453,10.8572853018374
19409.1899255475,11.5621409448831
19433.3254533811,12.5681834645665
19460.3118600465,13.7585099737531
19500.7914700447,14.6040186351704
19510.9113725442,15.1728874015752
19527.7778767101,15.0894771653534
19534.5244783765,13.25
19541.2710800429,11.9292472440946
19548.0176817092,10.8466947506561
19554.7642833756,12.1324671916022
19558.1375842087,13.4930425196856
19559.8242346253,14.3817404199471
19561.5108850419,13.0341994750655
19564.8841858751,11.3100818897632
19568.2574867083,9.09160314960586
19571.6307875415,10.491074015748
19575.0040883746,10.6306787401574
19595.2438933737,10.7987015748032
19615.4836983728,12.4948220472446
19635.7235033719,13.4277354330709
19644.1567554548,14.6358157480325
19647.530056288,15.7940207349079
19652.5900075378,17.2969897637795
19659.3366092041,16.185477952756
19666.0832108705,15.2873435695536
19672.8298125369,15.6892157480333
19686.3230158696,15.9570635170614
19693.0696175359,15.030260367454
19706.5628208687,14.9872960629929
19716.6827233682,15.3253913385824
19723.4293250346,16.4772580052515
19736.9225283673,16.2069354330709
19747.0424308668,15.6814464566939
19757.1623333664,15.1896144356959
19768.0130026772,16.9571850393703
19776.6262913187,16.7903230971124
19789.5462242808,14.1330601049876
19802.466157243,12.2542818897634
19815.3860902052,11.7314472440944
19832.612667488,12.2144288713912
19849.8392447709,11.2834866141718
19862.7591777331,10.9840254593179
19871.3724663745,11.1804454068241
19879.985755016,11.0046779527554
19888.5990436574,11.1284167979002
19897.2123322988,11.8501217847789
19905.8256209403,12.9779511811024
19914.4389095817,12.9174493438333
19923.0521982232,10.5878115485563
19931.6654868646,11.1230094488201
19940.278775506,12.2876049868767
19948.8920641475,12.1176921259847
19961.8119971096,11.8731582677168
19979.0385743925,12.4132427821513
19996.2651516754,15.2891
20013.4917289583,14.7160409448807
20022.1050175997,12.4606934383219
20026.4116619204,12.2864060367453
20030.7183062412,13.1350598425199
20032.8716284015,13.5861984251969
20035.0249505619,14.2734
20037.1782727223,14.2654157480315
20039.3315948826,15.22361784777
20043.6382392033,17.2737895013126
20047.944883524,20.4630818897651
20052.2515278448,22.6132209973783
20056.5581721655,20.8534908136492
20060.8648164862,18.2083999999993
20065.1714608069,15.6432435695523
20069.4781051277,14.6736307086612
20073.7847494484,14.2907488188983
20078.0913937691,15.2284112860896
20082.3980380898,17.4859417322831
20091.0113267313,20.643584251968
20099.7036574858,19.3227900262452
20108.5671146763,16.2022419947484
20117.4305718669,18.4511314960629
20121.8623004621,20.1942417322851
20126.2940290574,20.1583165354327
20130.7257576526,20.6912740157475
20135.1574862479,20.1024393700787
20139.5892148432,18.7070551181108
20144.0209434384,16.4245086614172
20152.8844006289,16.4186031496077
20157.3161292242,18.0175677165361
20161.7478578195,18.3454976377935
20166.1795864147,16.5938
20170.61131501,17.7007553805777
20175.0430436052,19.1557370078743
20179.4747722005,17.511540682414
20183.9065007958,17.5921595800535
20188.338229391,20.1735244094482
20201.6334151768,21.2064259842514
20219.3603295578,21.0485847769037
20228.2237867484,21.3049700787398
20241.5189725341,22.0589312335954
20272.541072701,20.9964070866141
20307.994901463,19.9295157480315
20325.7218158441,17.2493472440952
20343.4487302251,17.7726687664033
20361.1756446062,18.365174803151
20378.9025589872,17.4046419947506
20396.6294733682,16.3278225721773
20414.3563877493,15.0273606299214
20432.0833021303,15.5297561679793
20445.3784879161,15.8359
20454.2419451066,15.4815692913388
20463.1054022971,14.9773671916009
20480.8323166782,14.9364997375326
20502.9909596545,14.4233700787398
20551.7399742023,14.6210036745415
20618.2159031312,16.7438259842526
20649.2380032981,17.9265472440945
20653.6697318933,17.2635994750652
20658.1014604886,16.738455118109
20662.5331890838,15.3392708661406
20666.9649176791,14.2228593175853
20675.8283748696,13.236060892389
20684.6918320601,13.7663181102362
20702.4187464412,13.5517929133858
20720.1456608222,12.0938532808372
20756.3786818031,11.2194850393704
20793.5531028658,11.282433858268
20812.1403133971,10.8999262467182
20830.7275239285,12.0059818897637
20849.3147344598,11.6441501312332
20867.9019449912,11.2379349081363
20886.4891555225,11.6243023622044
20905.0763660539,12.9633745406827
20919.0167739524,12.1239997375307
20928.3103792181,11.016533858267
20932.9571818509,10.568012598425
20937.6039844837,12.6047076115494
20942.2507871166,13.9688
20946.8975897494,12.0405587926507
20951.5443923823,11.8203
20956.1911950151,12.6914362204719
20960.8379976479,12.7605650918633
20965.4848002808,11.4682879265086
20974.7784055464,11.1875
20984.0720108121,12.3140398950157
20993.3656160778,14.2230293963254
20998.0124187106,14.0654480314961
21002.6592213435,12.3921503937004
21007.3060239763,11.7064548556434
21011.9528266091,11.6548748031493
21016.599629242,12.0632461942262
21021.2464318748,9.99907874015747
21025.8932345077,10.0164598425197
21030.5400371405,12.8986540682434
21035.1868397733,12.5443679790021
21039.8336424062,11.3211433070869
21044.480445039,12.1713921259843
21049.1272476718,12.6319020997378
21053.7740503047,12.3065480314953
21063.0676555703,11.344977427821
21072.361260836,10.1418404199473
21077.0080634689,9.63666299212623
21081.6548661017,11.6689590551186
21086.3016687345,12.9360330708658
21090.9484713674,12.5018874015744
21095.5952740002,12.3203
21100.242076633,12.8600761154847
21104.8888792659,11.3171992125989
21109.5356818987,11.2951047244091
21114.1824845316,13.9692671916048
21118.8292871644,12.3415354330708
21128.1228924301,10.9539196850395
21137.4164976957,9.33898005249277
21146.7101029614,9.3364015748049
21156.0037082271,11.9318923884534
21160.6505108599,12.2130391076115
21165.2973134928,10.0375724409443
21174.5909187584,9.62059186351716
21193.1781292898,10.7352490813657
21211.7653398211,11.6537732283474
21230.3525503525,12.6424881889759
21239.6461556182,12.9767742782151
