"AGE","GR"
2546.50437152547,12.4536761154855
2554.2207017145,14.6392228346464
2558.07886680902,15.0961417322839
2560.00794935628,13.9054278215223
2561.93703190354,13.4806388451442
2563.86611445079,13.2906472440945
2565.79519699805,11.2385824146978
2573.51152718709,10.0389131233597
2588.94418756516,10.6142543307086
2592.80235265967,12.5892104986882
2596.66051775419,13.587635695538
2600.51868284871,13.3799086614173
2604.37684794323,13.923616535433
2619.80950832129,14.0416443569554
2635.24216869936,13.0095582677163
2642.9584988884,12.0772887139108
2650.67482907743,12.5651926509187
2658.39115926647,12.6687905511812
2666.1074894555,11.6301459317584
2673.82381964454,11.3577837270345
2681.54014983357,13.3976629921257
2689.25648002261,14.4085377952757
2693.11464511712,12.614397900263
2696.97281021164,10.4370598425197
2698.9018927589,9.67573805774272
2700.83097530616,11.4005779527556
2704.68914040067,12.5992787401574
2708.54730549519,11.8369860892389
2710.47638804245,11.252887664042
2712.40547058971,10.0132456692908
2714.33455313697,8.54037296587925
2718.19271823149,9.2079918635171
2720.1477604149,10.1673204724408
2722.48799206618,10.923777952756
2723.65810789182,11.0947091863516
2724.82822371746,10.3566236220473
2725.9983395431,9.87072467191603
2727.16845536873,11.1350669291333
2728.33857119437,11.8001007874016
2728.92362910719,11.3107272965876
2729.50868702001,10.9016070866142
2730.09374493283,11.2167275590552
2730.67880284565,11.7579797900261
2731.26386075847,12.0104375328084
2731.84891867129,12.0635968503938
2733.01903449693,12.5831217847768
2741.20984527639,13.7393832020998
2745.89030857895,14.0796732283465
2749.40065605586,12.9811120734908
2750.5707718815,11.0161986876636
2751.74088770714,10.3812283464567
2752.91100353278,10.6213719160105
2754.08111935841,10.3707304461944
2755.25123518405,9.52867007874001
2756.42135100969,11.3804989501316
2758.76158266097,13.1241955380576
2762.27193013788,13.1975889763778
2766.95239344044,12.04412335958
2770.46274091735,12.6052393700788
2772.80297256863,13.4954330708664
2776.31332004554,12.9049853018375
2780.9937833481,12.2522482939633
2784.50413082501,12.6651952755905
2785.67424665065,13.8944506561679
2788.01447830193,14.5104454068239
2795.03517325575,13.9289078740158
2806.73633151214,14.8379997375328
2813.75702646597,15.3924186351709
2831.30876385054,13.4073267716534
2843.00992210692,12.2624779527558
2853.54096453767,12.5128196850394
2860.5616594915,12.3619244094489
2866.41223861969,12.9759926509184
2871.09270192224,14.2198461942259
2873.43293357352,16.0354370078745
2876.94328105044,18.5689094488183
2880.45362852735,19.6215448818896
2887.47432348118,18.7762228346459
2893.32490260937,17.8994338582678
2895.66513426065,16.7696107611538
2899.17548173756,13.9333354330712
2901.51571338884,12.5622797900262
2903.2708871273,13.4678015748031
2904.44100295293,14.3653842519685
2905.61111877857,15.2854000000002
2907.36629251703,16.8622351706037
2908.53640834267,18.4191598425198
2910.87663999395,20.4087372703407
2913.21687164522,21.5618530183728
2915.5571032965,21.4814362204725
2917.89733494778,22.3846488188974
2920.23756659905,23.4247472440946
2922.57779825033,22.7941251968508
2924.33297198879,21.8839792650919
2926.08814572724,22.1435152230973
2928.42837737852,23.0229220472436
2929.59849320416,24.5970511811024
2930.7686090298,23.7204115485567
2933.10884068107,20.8786464566932
2935.44907233235,18.6260139107607
2938.95941980927,17.5257414698163
2941.88470937336,18.5157078740157
2943.054825199,21.1802734908134
2944.22494102464,22.0145540682415
2945.39505685027,22.406025984252
2946.56517267591,23.6781086614173
2948.32034641437,23.8008199475065
2950.07552015283,23.3790236220474
2951.83069389129,23.1043606299212
2960.02150467075,23.1247619422573
2965.28702588613,23.4029771653543
2966.45714171176,22.8198997375322
2968.21231545022,20.3368811023628
2972.89277875278,20.0015488188976
2976.40312622969,21.1595997375323
2978.74335788097,18.7572808398958
2981.08358953224,14.6571748031494
2983.42382118352,14.8616451443568
2986.93416866043,17.8217490813647
2991.61463196299,19.5849007874018
2996.29509526554,20.2281335958005
3000.97555856809,20.6373910761155
3005.65602187065,19.2525259842524
3011.50660099884,18.1564797900262
3015.01694847575,18.7178322834647
3017.35718012703,19.7680212598425
3020.86752760395,20.5457377952758
3025.5479909065,23.3436635170586
3030.22845420905,28.3030818897638
3034.9089175116,32.395293175854
3039.58938081416,32.180346456694
3041.34455455261,27.8990299212592
3043.09972829107,25.0439307086616
3050.1204232449,27.7874530183721
3055.9710023731,34.8138181102381
3059.48134985001,40.8826396325454
3070.01239228075,42.4378112860892
3082.88366636277,39.2239779527567
3099.26528792171,34.9050118110237
3113.30667782937,30.9512091863513
3120.3273727832,28.6834488188977
3130.85841521395,27.4856089238844
3146.06992094724,25.4887375328092
3165.96188998309,25.374152755906
3175.3228165882,32.3222485564321
3184.68374319331,41.3363446194208
3192.87455397277,49.2749354330718
3211.59640718299,52.3894296587928
3229.14814456756,48.8434979002629
3233.82860787011,40.326211023619
3238.50907117267,31.5382685039385
3243.18953447522,25.2791304461939
3251.38034525469,22.5622236220475
3260.7412718598,21.6809748031498
3265.42173516235,19.798860892388
3271.27231429054,18.1211968503938
3275.95277759309,17.66773832021
3280.63324089565,18.5527419947501
3286.48382002384,21.9704685039372
3307.36524780595,30.3405202099746
3349.26417240809,41.8634661417308
3385.92573143496,52.5043677165367
3401.63782816076,58.4965446194209
3418.65926628038,61.0738359580052
3425.20597324946,55.9360496062972
3435.68070439999,43.3557146981667
3446.15543555053,33.3663086614166
3456.63016670106,29.3543795275596
3511.62250524137,28.899916535433
3537.80933311771,29.6071530183728
3561.37747820641,29.6484795275591
3611.09949543324,28.4782905511811
3636.65241382136,25.802806299213
3649.42887301542,25.2635999999999
3678.63220831613,29.8000797900269
3685.9330421413,35.3494073490811
3691.40866751018,42.0017897637798
3698.70950133536,50.2395440944853
3706.01033516054,58.6860766404203
3707.83554361683,61.1227078740155
3709.66075207313,58.3771803149614
3711.48596052942,55.8460574803145
3713.31116898571,56.3495259842516
3714.22377321386,56.6405296587927
3715.13637744201,54.3119115485555
3718.7867943546,49.7870125984258
3722.43721126718,47.7878787401574
3735.21367046124,43.7903860892399
3742.51450428642,34.8328425196863
3751.64054656789,27.8268152230962
3758.94138039307,24.6213440944884
3762.59179730566,23.2224196850395
3764.41700576195,22.0127335958007
3766.24221421824,21.7932530183727
3768.06742267454,23.9735267716537
3771.71783958713,27.6986889763776
3775.36825649971,28.6322328083989
3779.0186734123,25.7978433070881
3782.66909032489,24.5743653543307
3786.31950723748,27.1030611548563
3789.96992415007,30.8834007874005
3797.27075797524,33.6943060367458
3806.39680025671,36.0443792650914
3820.99846790707,38.1492023622044
3835.60013555742,39.5901173228345
3850.20180320777,37.7804191601058
3864.80347085813,32.6077598425198
3872.10430468329,27.6908328083993
3877.57993005218,26.4792611548556
3881.23034696477,27.0028307086615
3888.53118078995,27.8048787401574
3895.83201461513,28.324
3903.1328484403,25.8885669291351
3908.60847380919,23.0571154855641
3915.90930763436,26.0808372703419
3930.51097528473,32.9208362204711
3945.11264293507,36.5589349081368
3959.71431058542,36.3756503937012
3974.31597823577,35.8058582677165
3981.61681206095,36.5987837270344
3988.91764588613,36.8758916010498
4003.51931353648,37.0172559055118
4018.12098118683,38.3341207349076
4032.72264883719,40.8875553805779
4076.52765178824,42.3637496063
4087.47890252601,44.5680133858269
4094.77973635119,46.0869217847759
4098.43015326377,43.7255354330711
4102.08057017636,42.2192139107612
4105.73098708895,41.4922196850388
4109.38140400154,40.0182488188976
4113.03182091413,38.6627716535433
4120.33265473931,37.421275590551
4123.98307165189,33.2549740157475
4127.63348856448,28.7259015748012
4129.45869702078,25.5287456692909
4133.10911393336,23.4324118110234
4140.40994775854,23.1639805774278
4153.1864069526,24.6436047244099
4156.83682386519,25.1654338582677
4164.13765769036,25.1099587926509
4165.96286614666,26.6334254593186
4169.61328305925,29.2143464566927
4175.08890842813,29.7451863517057
4182.38974225331,27.566919685038
4193.34099299107,26.0003078740158
4204.29224372883,25.7230669291338
4211.59307755401,25.5416233595801
4217.06870292289,25.4770440944882
4226.19474520436,25.031069553805
4229.84516211695,23.8476102362204
4234.40818325769,23.8321535433072
4237.14599594213,25.1733729658794
4242.62162131101,26.7661530183729
4246.2720382236,28.3384488188983
4249.92245513619,29.9529905511816
4256.31068473321,32.2077128608927
4259.50479953173,32.1315251968505
4261.33000798802,29.6946288713906
4263.61151855839,28.8900839895018
4265.43672701469,30.1200275590552
4267.26193547099,30.237333070866
4269.08714392728,31.3212356955379
4270.91235238357,32.9671377952758
4272.73756083986,32.3363556430437
4274.56276929616,28.4099548556431
4279.12579043689,24.5938787401565
4286.42662426207,22.2156257217847
4301.02829191242,23.4757853018376
4308.3291257376,27.784651968506
4321.10558493166,31.0854052493441
4326.58121030054,31.884435433071
4330.23162721313,32.6771614173228
4335.70725258201,33.0829330708662
4343.00808640719,32.6695795275588
4353.95933714495,32.0275283464567
4383.16267244566,32.7305477690293
4401.4147570086,34.21075511811
4419.66684157154,34.7261496062992
4434.26850922189,34.4542614173225
4459.82142761001,33.850812335958
4489.02476291072,34.8448094488193
4492.67517982331,35.45787664042
4499.97601364848,33.6756721784775
4501.80122210478,31.8460897637796
4503.62643056107,32.741766929134
4505.45163901737,36.2291335958014
4507.27684747366,39.2638842519685
4512.75247284254,38.610171391076
4518.22809821142,37.7330952755902
4536.48018277437,36.9869590551175
4565.68351807507,34.3888173228343
4605.83810411354,33.4735640419948
4635.04143941425,33.716340944882
4682.4968592779,34.4704703412073
4704.39936075343,33.9173275590551
4726.30186222896,31.9622692913377
4734.51530028228,31.4284595800525
4744.5539467919,31.4838490813648
4755.50519752966,32.3915488188984
4768.28165672372,33.8813540682413
4771.01946940816,35.6341086614175
4772.84467786446,36.3669023622047
4777.40769900519,37.9093194225721
4784.70853283037,36.1093102362191
4790.18415819925,32.09131023622
4795.65978356813,30.3734944881892
4802.96061739331,31.8395745406824
4810.26145121849,32.1401204724409
4821.21270195625,30.5764664041989
4835.8143696066,28.9332698162727
4850.41603725696,27.0483543307082
4857.71687108213,25.2573438320213
4865.01770490731,24.4071897637792
4879.61937255766,22.6270858267706
4886.92020638284,19.5824425196852
4890.57062329543,16.9838921259833
4894.22104020802,14.4340055118113
4896.04624866431,11.9351616797898
4897.8714571206,10.474505774278
4899.6966655769,10.4395031496063
4901.52187403319,12.2729721784782
4905.17229094578,13.1650049868765
4906.99749940207,10.8755299212596
4908.82270785837,8.94099212598395
4910.64791631466,9.5162309711288
4912.47312477096,10.1260834645669
4914.29833322725,9.91317139107616
4915.21093745539,10.3045446194228
4916.12354168354,12.2536834645673
4917.03614591169,12.7312826771653
4917.94875013984,11.508400787401
4919.77395859613,10.7083086614172
4923.42437550872,11.8450351706041
4927.07479242131,16.1938850393726
4930.7252093339,23.3192338582673
4938.02604315907,27.1539682414705
4941.67646007166,29.0045776902887
4948.97729389684,30.2995
4952.62771080943,29.5382645669276
4956.27812772202,25.485546981627
4959.9285446346,21.3471968503932
4963.57896154719,21.0863713910761
4966.31677423163,21.052319422572
4967.22937845978,20.0351228346454
4968.598284802,19.0535755905513
4969.51088903015,19.7615230971131
4970.87979537237,20.5370881889762
4974.53021228496,20.3991803149603
4980.00583765384,19.1949299212594
4987.30667147902,17.424051968504
4998.25792221678,17.3864202099746
5000.08313067307,19.5298128608922
5003.73354758566,19.8596464566928
5011.03438141084,18.7460506561674
5020.16042369231,19.2789947506561
5042.06292516784,20.5554897637797
5060.31500973078,20.5674173228346
5080.39230275002,19.4320272965879
5100.46959576925,19.1423700787402
5115.07126341961,18.3365118110235
5129.67293106996,17.2573813648293
5146.0998071766,16.9591322834645
5155.22584945808,17.1224782152231
5159.78887059881,16.7511879265092
5173.47793402102,17.3220685039371
5188.07960167137,19.1502595800532
5202.68126932172,21.3136477690285
5209.9821031469,22.4866692913387
5217.28293697208,22.5196876640418
5230.05939616614,21.2048440944884
5244.66106381649,20.444588976378
5259.26273146684,20.2300703412074
5268.38877374831,19.5857790026247
5273.86439911719,18.0225149606293
5282.99044139866,16.7406997375328
5284.81564985496,16.4396902887139
5286.64085831125,17.1711748031496
5290.29127522384,16.0793700787399
5292.11648368014,14.8173398950129
5293.94169213643,15.9256464566933
5297.59210904902,19.515226509187
5301.24252596161,22.8057608923879
5303.0677344179,23.6100110236216
5304.8929428742,22.4939427821523
5306.71815133049,23.9022375328083
5307.63075555864,26.5923755905522
5308.54335978678,23.9656068241479
5310.36856824308,19.7833666666664
5312.19377669937,18.9720795275591
5315.84419361196,20.5661062992125
5319.49461052455,20.9228475065616
5323.14502743714,20.8374669291339
5326.79544434972,22.1238960629922
5330.44586126231,24.0742328083995
5332.27106971861,25.1153440944882
5334.0962781749,25.0630937007874
5335.92148663119,25.4058842519684
5339.57190354378,26.0644196850394
5340.48450777193,24.6577104986873
5341.39711200008,22.9276367454068
5343.22232045637,22.202390551181
5346.87273736896,21.1806115485568
5349.6105500534,22.0923440944886
5350.52315428155,24.6093834645677
5352.34836273784,25.654928871391
5355.08617542228,23.6273824146977
5361.47440501931,22.7030858267716
5387.02732340743,23.5550963254593
5401.62899105778,23.7459897637788
5416.23065870814,22.3952795275591
5430.83232635849,21.7959580052493
5436.30795172737,20.8950950131234
5443.60878555255,21.7411826771655
5447.25920246514,23.9633850393707
5452.73482783402,24.9185359580053
5467.33649548437,25.7987149606302
5474.63732930955,26.0638104986878
5481.93816313472,23.3714073490806
5485.58858004731,22.5306464566935
5489.2389969599,24.8051312335957
5492.88941387249,24.9501338582675
5496.53983078508,22.5252259842522
5502.01545615396,23.000438057743
5505.66587306655,25.6591971128621
5509.31628997914,27.1851692913385
5512.96670689173,27.4972913385826
5516.61712380431,27.0031002624672
5519.35493648875,26.0345283464567
5523.91795762949,27.3228522309717
5531.21879145467,29.2562695538059
5534.86920836726,30.4691606299212
5538.51962527984,30.1514010498688
5545.82045910502,29.0101265091861
5549.47087601761,27.3643259842517
5551.2960844739,27.2444283464567
5553.1212929302,27.3939286089238
5554.94650138649,26.125300787402
5556.77170984278,22.977367716535
5560.42212675537,20.0788816272956
5562.24733521167,18.3824574803151
5564.07254366796,19.8033330708665
5567.72296058055,20.6181530183727
5571.37337749314,19.3116559055118
5575.02379440573,16.3372774278207
5578.67421131831,14.9683482939633
5582.3246282309,16.0149598425199
5585.97504514349,17.0570758530184
5589.62546205608,16.5697488188976
5596.92629588126,17.5831425196856
5600.57671279384,21.2412732283469
5604.22712970643,26.4950440944887
5607.87754661902,29.1653228346454
5611.52796353161,29.5160577427821
5615.1783804442,29.4136955380578
5617.91619312864,29.1315291338583
5619.74140158493,28.6269769028871
5622.47921426937,29.4268183727032
5626.12963118196,29.4185212598424
5629.78004809455,26.8414314960617
5633.43046500714,24.9695062992127
5635.25567346343,24.5212598425196
5637.08088191972,22.5310986876644
5640.73129883231,18.3960204724412
5644.3817157449,14.7047094488184
5646.2069242012,14.0126333333333
5648.03213265749,14.6785897637796
5651.68254957008,15.3680244094488
5655.33296648267,16.3743813648295
5657.15817493896,17.7034139107614
5658.98338339526,17.8534984251969
5662.63380030784,18.1988133858269
5664.45900876414,19.3961755905508
5667.19682144858,18.2468653543303
5669.93463413302,15.8341561679785
5673.58505104561,15.9741052493436
5677.2354679582,17.3305165354329
5680.88588487079,16.607057217848
5682.71109332708,15.2399236220473
5684.53630178337,14.1886330708659
5687.27411446781,13.8735758530184
5693.66234406484,14.0211774278215
5695.48755252114,14.0322283464567
5697.31276097743,12.8523824146982
5699.13796943373,11.393395013123
5701.87578211816,11.2906496062992
5705.52619903075,11.2240199475065
5708.2640117152,10.7336433070866
5709.17661594335,12.4847456692917
5711.00182439964,15.1347742782155
5713.28333497,16.3445346456693
5714.65224131222,17.6161881889768
5715.56484554037,19.5118973753276
5717.39005399667,20.4495551181102
5719.21526245296,19.7274574803148
5721.04047090926,19.511324671916
5724.69088782185,19.0933614173225
5728.4636947878,17.0749677165358
5732.18327246625,14.931262729659
5734.66299091856,12.4082797900256
5738.38256859702,10.8547700787402
5739.62242782317,10.3235215223097
5740.86228704933,11.3621629921257
5743.34200550163,14.1716527559057
5745.82172395394,15.6178892388453
5748.30144240624,14.8566598425197
5750.78116085855,14.0747070866141
5753.26087931085,13.6440267716537
5755.74059776316,12.5449913385825
5756.98045698931,11.1515897637792
5758.22031621547,10.0604939632547
5759.46017544162,9.04442519685018
5760.70003466777,8.53708346456689
5761.93989389392,8.86787611548556
5763.17975312008,9.6916897637799
5764.41961234623,10.0093173228346
5765.65947157238,9.87132965879255
5766.89933079853,8.80153910761164
5768.13919002469,8.50684645669292
5770.61890847699,8.32921837270337
5773.0986269293,8.65923727034122
5775.57834538161,9.88964488188984
5780.53778228622,11.469564829396
5783.01750073852,12.4645191601051
5785.49721919083,11.9533787401573
5787.97693764314,10.6559496062993
5789.21679686929,10.1062083989501
5789.83672648237,10.225213385827
5790.45665609544,9.847913648294
5791.69651532159,10.5959451443572
5792.93637454774,12.569741732283
5795.41609300005,16.3946480314969
5800.37552990466,21.2738364829387
5805.33496680927,24.8733929133856
5807.81468526158,23.4899622047235
5810.29440371388,21.6323023622048
5811.53426294003,22.7923370078741
5812.77412216619,24.5541078740158
5813.39405177927,23.4797062992126
5814.01398139234,21.2498275590548
5814.63391100542,21.2556971128609
5815.25384061849,21.5818934383202
5815.87377023157,20.8187401574806
5816.49369984465,19.9724614173226
5817.11362945772,19.2402645669293
5817.7335590708,20.9086889763776
5818.97341829696,22.840582939633
5820.21327752311,22.4881018372706
5821.45313674926,21.9810480314961
5822.69299597541,22.1788223097114
5823.93285520156,23.9618419947503
5825.17271442772,25.9018007874018
5826.41257365387,27.5091131233594
5827.65243288002,28.1819233595801
5828.89229210617,27.8659244094486
5830.13215133233,27.8267779527559
5831.37201055848,29.3870713910761
5832.61186978463,30.518548031496
5833.85172901079,31.1858183727035
5835.09158823694,31.7710362204724
5836.33144746309,31.8004110236221
5837.57130668925,34.7028015748041
5838.8111659154,44.9638078740116
5840.05102514155,54.8688511811028
5841.2908843677,57.9166023622044
5842.53074359386,53.3473892388465
5843.77060282001,47.083146456692
5845.01046204616,42.7713091863525
5846.25032127232,37.4842931758536
5847.49018049847,31.8023102362205
5849.96989895077,33.2925611548551
5852.44961740308,37.3205952755907
5853.68947662923,38.63021496063
5854.92933585538,38.2759913385827
5856.16919508154,39.8611580052497
5857.40905430769,42.7610874015749
5858.64891353384,45.8469141732286
5859.88877276,49.8228648293952
5861.12863198615,53.3921503937012
5864.84820966461,51.122953805773
5869.80764656922,42.4406706036759
5872.28736502152,34.190191338581
5874.76708347383,32.4464443569555
5877.24680192614,31.5703593175853
5879.72652037844,28.3797881889751
5882.20623883075,24.1107212598435
5884.68595728305,19.954159580052
5888.40553496151,17.2627574803153
5890.88525341382,17.7041745406822
5892.12511263997,18.4814236220471
5893.36497186612,16.374218897638
5895.84469031843,14.8168963254593
5898.32440877073,17.0542666666662
5900.80412722304,20.0424031496064
5903.28384567535,22.2313979002626
5907.0034233538,20.3776123359582
5910.72300103226,17.418818110236
5913.20271948456,17.5457270341204
5914.44257871072,19.7548296587928
5915.06250832379,22.7819629921268
5915.68243793687,25.024638845144
5916.92229716302,24.7180719160105
5918.16215638918,25.1494787401571
5918.78208600225,26.5147887139107
5919.40201561533,26.6726958005251
5920.02194522841,27.0098874015748
5920.64187484148,26.1061020997375
5921.88173406764,22.5514884514439
5923.12159329379,20.0438606299213
5925.6013117461,20.1631611548558
5926.84117097225,20.8354845144357
5928.0810301984,20.8865834645669
5930.56074865071,19.9975645669294
5933.04046710301,18.9853230971128
5935.52018555531,18.6545960629921
5937.99990400762,18.7326013123359
5940.47962245992,18.5479157480314
5942.95934091223,17.1750708661426
5945.43905936454,14.7202015748032
5947.91877781685,13.0127632545935
5950.39849626915,14.7194354330699
5951.6383554953,18.2301265091867
5952.87821472146,19.3623217847769
5955.35793317376,17.0891157480321
5956.59779239991,13.5491551181114
5960.31737007837,10.3211509186354
5967.75652543529,8.9176732283465
5976.43554001836,8.18959028871396
6011.15159835064,8.32812572178477
6054.54667126599,9.31076456692858
6064.4655450752,9.36931994750665
6074.38441888443,8.14887585301829
6084.30329269365,7.95690078740148
6094.22216650288,8.80350314960626
6097.94174418133,7.83632624671982
6099.18160340749,6.61890708661437
6101.66132185979,7.03069763779555
6104.14104031209,8.0306713910761
6106.62075876441,8.05498110236221
6111.58019566902,8.02066482939641
6122.73892870439,7.83546692913379
6125.21864715669,8.42919527559058
6127.698365609,9.1574283464566
6128.93822483516,8.48061023622059
6130.17808406131,7.64459527559075
6132.65780251361,7.40347664041995
6137.61723941822,8.53491338582674
6145.05639477513,10.3544999999996
6150.01583167975,10.7035855643044
6159.93470548897,9.7415729658798
6179.77245310742,8.92286929133862
6194.65076382125,8.41578267716526
6202.08991917817,7.47416850393763
6207.04935608278,6.14416299212599
6216.968229892,6.48757506561637
6233.08639983199,7.68129895013132
6243.9302889773,7.04077086614154
6261.91092546777,5.94253989501324
6278.50843607436,6.02209396325454
6279.89156195825,6.71232677165335
6281.27468784213,7.58450629921242
6284.04093960989,8.86089553805768
6285.42406549378,9.48096141732283
6286.80719137766,9.39657401574805
6289.57344314542,9.23070026246724
6292.33969491318,9.7859866141732
6295.10594668095,10.2687923884515
6297.87219844872,10.5459433070865
6300.63845021648,10.3488881889764
6303.40470198425,10.1751244094488
6306.17095375201,10.1159091863518
6308.93720551977,9.50152755905485
6311.70345728754,8.38929763779541
6314.4697090553,8.15722755905512
6320.00221259083,7.47516456692939
6331.06721966189,6.96139606299205
6353.19723380401,7.3320254593176
6375.32724794613,8.4083015748029
6397.45726208825,9.86427926509165
6414.05477269484,11.0410821522307
6416.8210244626,10.955194488189
6419.58727623036,9.7607811023623
6425.11977976589,8.73916902887126
6430.65228330142,9.75119212598426
6436.18478683695,10.2593422572181
6441.71729037248,9.79165721784785
6444.48354214025,9.10641102362197
6447.24979390801,7.53788241469885
6450.01604567578,6.44420104986876
6452.78229744354,7.16008031496025
6458.31480097907,7.91783070866122
6463.8473045146,7.84305511811027
6469.37980805013,8.29361889763762
6491.50982219225,8.92214383202089
6497.04232572778,9.02857952755915
6508.10733279884,8.74382362204729
6513.63983633436,8.36828923884516
6519.1723398699,8.34679422572178
6524.70484340543,8.57702519685034
6527.47109517319,8.85112309711286
6528.16265811513,8.59610472440946
6528.85422105707,8.1828354330708
6530.23734694095,7.84092152230969
6531.62047282484,6.91821443569548
6534.3867245926,6.0411488188977
6539.91922812813,5.49695118110233
6545.45173166366,5.78519317585311
6550.98423519919,6.60424803149608
6556.51673873472,6.83025853018373
6560.66611638637,7.08387637795266
6562.04924227025,7.59199133858276
6563.43236815413,8.12458372703432
6564.81549403801,9.8473790026244
6566.1986199219,11.3126031496066
6567.58174580578,12.0745868766404
6568.96487168966,12.1401028871391
6569.6564346316,11.0940598425186
6570.34799757354,9.09333254593181
6571.03956051548,8.44288792650911
6571.73112345742,7.6372
6573.11424934131,6.33983648293961
6575.88050110907,6.07502493438324
6576.57206405101,7.04610629921272
6577.26362699295,7.38788740157474
6577.95518993489,6.74799606299225
6578.64675287684,6.2627354330708
6580.02987876072,6.32152519685036
6581.4130046446,6.1093283464567
6582.79613052848,5.59132440944863
6583.48769347042,5.22448083989493
6584.17925641237,5.79872178477701
6585.56238229625,6.28972440944884
6586.25394523819,6.1520128608924
6586.94550818013,6.23726115485574
6588.32863406401,6.68669133858263
6589.71175994789,6.27228188976382
6591.09488583178,5.87376535433076
6592.47801171566,6.46394173228346
6595.24426348342,7.21136010498692
6598.01051525119,8.41811653543295
6600.77676701896,9.8212566929135
6603.54301878672,9.87402729658782
6606.30927055449,8.79744698162724
6609.07552232225,7.8127929133857
6611.84177409002,8.12070892388428
6615.99115174166,9.38664278215233
6621.52365527719,9.55982125984236
6627.05615881272,9.19214041994753
6629.82241058048,9.09360183727011
6631.20553646436,8.29729448818916
6632.58866234825,7.7152997375328
6638.12116588378,7.71683359580056
6643.65366941931,8.15604803149595
6649.18617295484,8.77433884514437
6653.33555060648,8.18541233595804
6656.10180237425,6.58517007874017
6665.78368356142,6.08714173228352
6671.31618709696,6.38557427821524
6676.84869063249,6.69905669291339
6685.14744593578,6.87874278215217
6692.06307535519,6.94417847769027
6697.59557889072,6.8075496062994
6700.36183065848,8.06264356955375
6702.43651948431,9.79630629921303
6705.20277125207,9.88785433070895
6707.96902301984,9.27872047244097
6710.7352747876,9.77127664042017
6712.80996361343,10.3551653543306
6716.95934126508,9.13895196850371
6723.87497068449,8.6831960629921
6734.93997775554,8.41967637795279
6746.00498482662,8.29058871391102
6757.06999189766,9.35927926509179
6768.13499896871,10.3672897637796
6781.96625780755,10.4845950131234
6804.09627194963,9.83790603674537
6826.22628609178,8.95766141732265
6830.37566374343,9.02714461942262
6833.1419155112,9.87102152230979
6835.90816727896,11.1697401574799
6838.67441904672,12.4706653543308
6841.44067081449,12.6263593175852
6844.89848552419,12.5776905511811
6845.24426699516,12.8242593175854
6845.59004846613,12.4093511811024
6845.9358299371,12.5436724409449
6846.97317435001,12.8595097112862
6847.66473729196,13.5902994750655
6848.3563002339,14.0731708661417
6849.04786317584,13.2242244094489
6849.73942611778,11.317443832021
6850.43098905972,11.3066968503939
6851.8141149436,12.2566351706037
6853.19724082749,13.0741572178478
6854.2345852404,12.8577141732284
6854.92614818234,12.5645929133858
6855.96349259526,14.1878118110241
6857.34661847914,16.8971125984251
6859.42130730496,16.4530228346452
6864.95381084049,14.0962175853026
6876.01881791155,14.9489110236222
6889.85007675037,16.2898228346458
6903.68133558919,15.4160506561683
6909.21383912472,13.7062196850392
6942.4088603379,12.930666929134
6950.7076156412,12.7946732283464
6954.85699329284,12.7541464566929
6957.6232450606,12.7079010498688
6965.9220003639,12.0856595800524
6974.2207556672,11.1743984251969
6979.75325920272,11.2840391076116
6982.51951097049,13.5007477690294
6985.28576273825,15.8281913385827
6986.66888862214,15.076901574803
6988.05201450602,13.4939472440949
6989.4351403899,12.8453251968503
6992.20139215767,12.2222517060364
6994.96764392543,10.7504826771655
7006.03265099649,9.6900543307084
7022.63016160308,8.39948687664075
7036.4614204419,7.38009370078739
7039.22767220967,7.3453881889765
7041.99392397743,7.31214645669315
7047.52642751296,6.52679317585303
7050.29267928073,7.18997559055106
7055.82518281626,8.70633832020981
7058.59143458402,10.3198553805778
7061.35768635179,11.5621275590551
7064.12393811955,12.142754855643
7069.65644165508,13.3462918635168
7072.42269342284,14.5658102362205
7075.18894519061,13.6457110236219
7080.72144872614,11.9207858267717
7086.25395226167,10.8022669291338
7091.7864557972,10.3086580052495
7097.31895933273,9.45306955380576
7100.08521110049,9.19319370078729
7101.46833698438,9.39310866141722
7102.85146286826,9.25469081364822
7104.23458875214,9.11174173228343
7105.61771463602,9.12907769028872
7106.30927757796,8.94472677165364
7107.0008405199,9.21088425196847
7107.34662199087,9.58639868766407
7107.69240346184,10.13977007874
7108.38396640378,12.8449314960629
7109.07552934572,15.8005666666671
7109.76709228766,17.3899863517061
7110.11287375864,17.9682559055118
7110.45865522961,16.4839173228353
7111.15021817155,14.0091322834643
7111.84178111349,13.1773236220473
7112.53334405543,12.8675278215225
7113.22490699737,11.5730855643042
7114.60803288125,10.1064464566933
7115.99115876514,9.33068687664042
7116.68272170708,9.91319527559087
7117.37428464902,11.4013582677164
7118.06584759096,11.7971173228346
7119.44897347485,11.2155858267718
7120.14053641679,10.3217842519686
7120.83209935873,9.62325406824136
7122.21522524261,9.06638110236225
7122.90678818455,9.00207874015748
7123.59835112649,9.59232965879242
7124.98147701037,10.5171354330709
7126.36460289426,9.55516692913369
7127.05616583619,7.6482734908137
7127.74772877814,6.78410944881888
7130.5139805459,7.3979236220469
7133.28023231367,8.67673175853026
7136.04648408143,9.04679160104978
7138.8127358492,8.01361574803179
7141.57898761696,7.4668209973755
7144.34523938473,8.20818215223081
7147.11149115249,8.33408031496065
7148.49461703638,7.3712028871389
7151.26086880414,7.28998188976356
7155.41024645579,8.90482598425208
7158.17649822355,10.9270036745405
7159.55962410744,11.3085385826772
7160.94274999132,10.464560629921
7163.70900175909,9.94391758530184
7166.47525352684,10.8407280839895
7167.16681646878,11.6465968503936
7167.85837941072,11.4746388451443
7168.54994235267,11.6427065616798
7169.24150529461,11.3130582677166
7169.93306823655,10.5475186351705
7170.62463117849,10.2018572178476
7171.31619412044,10.4742047244094
7172.00775706238,9.63988713910727
7173.39088294626,8.38706876640442
7174.0824458882,8.03026456692927
7174.77400883014,9.46646771653505
7176.15713471402,11.3322866141729
7177.5402605979,12.5669031496064
7177.88604206887,12.2625417322836
7178.23182353984,10.9183433070866
7178.92338648178,10.6541322834645
7180.30651236567,10.5327818897638
7180.99807530761,8.60885905511786
7181.68963824955,8.02201338582674
7183.07276413343,8.82199028871397
7183.76432707537,8.58113359580082
7184.45589001731,7.84456850393705
7185.8390159012,8.60468267716561
7187.22214178508,10.4809083989497
7188.60526766896,11.3056496062989
7189.98839355285,9.5057960629928
7191.37151943674,7.52574356955393
7192.75464532062,7.10163228346458
7194.1377712045,8.7966062992122
7195.52089708838,10.3552839895014
7196.21246003032,9.94825905511826
7196.90402297226,10.2959650918634
7197.5955859142,11.1817897637797
7198.28714885614,11.4077102362205
7199.67027474002,11.606074015748
7201.0534006239,11.6646740157482
7202.43652650779,11.114505511811
7203.81965239167,11.5013057742783
7206.58590415943,12.5033267716535
7209.3521559272,12.1634614173227
7210.04371886914,11.5217753280841
7210.73528181108,11.2791585301837
7212.11840769497,10.7328456692912
7213.50153357885,10.1405695538059
7214.88465946273,11.4398698162732
7216.26778534661,12.2845417322834
7219.03403711437,11.8197102362206
7220.41716299826,12.2994028871396
7221.80028888214,13.8770834645667
7223.18341476602,14.1138236220473
7224.5665406499,13.5003469816275
7225.94966653378,12.4870102362205
7227.33279241767,11.4777871391075
7228.71591830155,10.819541207349
7230.09904418543,11.4827779527559
7232.8652959532,11.6042099737533
7235.63154772097,11.2455611548557
7238.39779948873,11.7152850393702
7241.16405125649,11.4292451443572
7243.93030302426,9.75129238845109
7249.46280655979,9.43957952755861
7254.99531009532,10.5680309711285
7271.59282070191,10.5087186351705
7293.72283484402,9.98815905511813
7304.78784191508,9.81742414698161
7310.32034545061,9.42964330708669
7313.08659721838,9.74796692913365
7315.85284898614,10.590375328084
7321.38535252167,9.82085170603686
7326.9178560572,9.36108818897626
7335.21661136049,11.4122566929128
7340.74911489602,12.271030183727
7343.51536666379,11.1052464566929
7347.66474431544,10.1097020997376
7350.4309960832,9.52458687664038
7354.58037373485,9.65115433070852
7357.34662550261,10.1161299212598
7358.7297513865,9.23785511811001
7360.11287727038,8.2981417322837
7361.49600315426,9.33130656168004
7362.87912903814,10.9679070866138
7364.26225492203,11.1800740157481
7365.64538080591,9.65718608923844
7368.41163257367,8.34301286089257
7371.17788434144,7.53432047244096
7373.9441361092,8.42422519685012
7376.71038787697,9.80283517060359
7379.47663964473,9.93353858267711
7385.00914318025,8.8196467191601
7390.54164671579,9.09063333333333
7398.84040201908,10.2898968503932
7401.60665378685,10.4782078740157
7404.37290555461,9.33141076115476
7409.90540909014,8.58954409448826
7415.43791262567,8.49128871391076
7426.50291969673,8.46876141732292
7430.65229734838,7.86113937007883
7432.03542323226,6.93993805774259
7434.80167500003,6.66087795275584
7436.87636382585,6.59546692913383
7438.95105265167,5.82552703412093
7441.71730441944,6.30474619422542
7445.86668207108,7.75162283464589
7448.63293383885,8.00536036745414
7450.70762266467,7.36463858267717
7452.09074854855,7.37943858267708
7453.47387443244,7.42947007874017
7455.54856325826,7.2264842519685
7459.69794090991,7.14667322834643
7462.46419267767,7.72541259842526
7465.23044444544,8.80292965879219
7470.76294798097,9.33034094488189
7474.91232563261,9.30869658792653
7477.67857740038,9.48713123359574
7480.44482916814,9.76275669291336
7483.2110809359,9.75267821522301
7485.97733270367,10.3224587926508
7487.36045858756,10.162418110236
7488.74358447144,9.61489133858269
7490.12671035532,9.92024041994749
7491.5098362392,10.4051228346456
7492.89296212309,11.1705099737531
7495.65921389085,12.3473456692914
7498.42546565862,12.0452850393701
7501.19171742638,11.5168750656168
7506.72422096191,13.3955312335948
7520.55547980073,15.2739952755906
7528.85423510403,15.4988346456692
7537.15299040732,13.8250761154859
7545.45174571062,13.2783779527559
7548.21799747838,14.5089611548551
7550.98424924614,15.2579175853019
7553.75050101391,14.4183314960628
7557.89987866555,14.4728091863514
7563.43238220108,15.3900921259843
7573.11426338826,16.770204724409
7575.88051515603,17.5548598425197
7581.41301869156,17.0852482939629
7584.17927045932,15.9865322834647
7586.94552222709,17.3544278215221
7592.47802576261,19.5815068241467
7598.01052929815,19.7870244094489
7603.54303283368,18.5542149606299
7609.07553636921,17.19690656168
7611.84178813697,16.125525984252
7614.60803990473,16.1952409448818
7617.37429167249,15.6856293963255
7620.14054344026,14.0187283464565
7625.67304697578,12.5328438320214
7631.20555051132,11.4034501312335
7642.27055758238,10.7339952755906
7647.80306111791,11.1873375328082
7653.33556465344,12.850429658793
7656.10181642121,13.722005511811
7658.86806818897,13.4904060367454
7661.63431995673,13.3239128608924
7663.01744584062,12.354996850394
7665.78369760838,11.3744860892388
7666.47526055032,11.8828808398949
7667.16682349226,13.8726937007872
7667.8583864342,16.4683713910751
7668.54994937614,19.175497375328
7669.24151231809,19.7653133858268
7669.93307526003,19.4805364829397
7670.62463820197,18.9806440944882
7671.31620114391,17.4547236220481
7672.00776408585,16.0892742782152
7672.69932702779,16.8109921259845
7674.08245291167,17.970470866142
7675.46557879556,17.2866052493438
7676.84870467944,17.444690813648
7678.23183056333,18.4626330708659
7680.99808233109,17.0407477690283
7683.76433409885,14.122260892389
7686.53058586662,12.0913527559057
7689.29683763438,11.8794372703409
7692.06308940215,13.5213517060365
7694.82934116991,15.6817842519685
7700.36184470544,15.9976199475067
7705.89434824097,15.0957771653543
7711.4268517765,14.3403503937011
7716.95935531203,15.2898979002625
7722.49185884756,16.4598545931759
7728.02436238309,17.1008204724408
7730.79061415085,17.224053543307
7733.55686591862,16.5615517060369
7736.32311768638,16.5356094488189
7739.08936945415,17.4135874015751
7741.85562122191,17.3687304461944
7744.62187298968,16.8553740157481
7746.00499887356,16.7211522309711
7747.38812475744,17.4102057742781
7748.77125064132,17.7912440944882
7750.15437652521,17.1634309711288
7751.53750240909,16.6893034120735
7752.92062829297,16.6471921259841
7754.30375417685,16.9646028871391
7755.68688006074,16.6258619422572
7757.07000594462,16.0821842519686
7758.4531318285,15.7960417322835
7759.83625771239,16.1823304461933
7760.52782065433,17.9481204724408
7761.21938359627,18.8182325459317
7762.60250948015,17.8378771653548
7763.98563536403,17.1029582677165
7765.36876124791,17.2996669291338
7766.75188713179,16.9338254593177
7767.44345007373,15.3293740157476
7768.13501301567,13.5221847769032
7769.51813889956,13.4629931758529
7770.90126478344,14.835192125984
7772.28439066732,15.7798829396324
7775.05064243509,15.6342146981627
7777.81689420285,14.4767433070867
7780.58314597062,14.0518766404199
7783.34939773838,14.6007711286086
7788.88190127391,14.3833
7794.41440480944,13.6076650918635
7797.18065657721,13.0619144356955
7799.94690834497,13.5125409448819
7805.4794118805,14.6992986876635
7811.01191541603,16.1482409448816
7822.07692248709,18.2622503937012
7833.14192955815,17.4117459317596
7838.67443309368,14.2673312335959
7841.44068486144,12.9497897637796
7844.20693662921,14.7666325459316
7849.73944016474,14.7403317585301
7855.27194370026,13.8244708661419
7858.03819546803,13.2089622047245
7859.42132135191,12.4454467191605
7860.8044472358,11.6148346456694
7862.18757311968,11.7007874015748
7863.57069900356,12.135053543307
7864.95382488744,12.0154787401575
7866.33695077133,10.9412666666673
7869.10320253909,10.467769816273
7871.86945430686,10.2223574803149
7874.63570607462,9.33140314960671
7877.40195784238,8.65832414698162
7882.93446137791,8.38742125984245
7888.46696491344,8.0234496062993
7893.99946844897,7.78571784776907
7899.5319719845,8.37046062992087
7905.06447552003,10.2974170603672
7913.36323082333,12.8326049868768
7916.12948259109,12.7656574803152
7918.89573435886,11.4260774278215
7921.66198612662,10.4947443569555
7924.42823789438,11.9801078740155
7927.19448966215,14.1370128608926
7929.96074142991,14.7822372703412
7932.72699319768,13.143762992126
7935.49324496545,11.8964548556432
7938.25949673321,11.9212183727034
7941.02574850098,13.3132590551182
7946.5582520365,14.0441682414697
7952.09075557203,14.0551517060367
7957.62325910756,13.7953440944885
7961.77263675921,13.1831855643045
7963.15576264309,12.9675839895013
7964.53888852698,12.6952307086614
7965.92201441086,12.7978921259843
7968.68826617862,12.9511251968503
7974.22076971415,12.9038417322835
7988.05202855297,13.6782855643046
8004.64953915956,14.1718078740157
8015.71454623062,14.0329023622047
8021.24704976615,12.9125782152234
8026.77955330168,11.6489955380578
8029.54580506945,11.1099692913386
8032.31205683721,11.284972703412
8035.07830860497,11.9925278215224
8037.84456037274,13.0292496062988
8040.61081214051,12.5888007874015
8043.37706390827,12.2164435695538
8046.14331567604,12.3024787401574
8048.9095674438,12.6275881889764
8051.67581921157,12.8814745406823
8054.44207097933,13.0926488188976
8057.20832274709,12.7233816272964
8059.97457451486,11.0845895013128
8062.74082628262,9.57693543307085
8065.50707805039,10.1726897637793
8068.27332981815,11.6572341207347
8071.03958158592,13.06014488189
8073.80583335368,14.870444094488
8076.57208512144,15.3645937007874
8079.33833688921,14.896062992126
8082.10458865697,15.344501312336
8086.25396630862,16.5672871391076
8095.9358474958,17.0733700787402
8107.00085456686,17.4584052493439
8112.53335810239,17.8107115485564
8115.29960987015,17.7017299212598
8120.83211340568,17.7732792650919
8126.36461694121,18.5461590551183
8131.89712047674,18.5721338582679
8137.42962401227,19.1804406824147
8142.9621275478,18.8234695538056
8154.02713461886,17.7789401574804
8160.94276403827,18.1357740157481
8170.62464522545,17.4068480314955
8176.15714876098,15.6267110236223
8181.68965229651,13.6193160104984
8184.45590406427,11.6869790026236
8185.83902994816,11.7711251968504
8188.60528171592,12.2544267716534
8189.9884075998,11.4892299212598
8191.37153348368,10.446374015748
8192.75465936757,9.44420524934331
8193.44622230951,8.95846141732285
8194.13778525145,9.50176850393713
8194.82934819339,9.33179475065615
8195.52091113533,8.56129606299196
8196.21247407727,8.83174251968525
8196.90403701921,10.2491335958007
8197.59559996115,11.1477813648295
8198.2871629031,10.6831905511812
8201.05341467086,9.71675511810984
8203.81966643863,8.82435091863514
8209.35216997414,8.87894645669291
8214.88467350968,8.78629396325496
8217.65092527745,9.6512860892388
8220.41717704521,11.4868322834649
8221.80030292909,12.5912876640419
8223.18342881298,12.4898472440945
8224.56655469686,12.502237007874
8227.33280646462,13.5232700787403
8234.24843588404,14.1014375328084
8238.39781353568,13.8566047244092
8241.16406530345,13.4313816272965
8243.93031707122,13.8446782152234
8245.3134429551,15.3531472440944
8248.07969472286,16.6625960629925
8249.46282060673,17.1399532808395
8250.84594649062,15.8850228346456
8252.2290723745,14.8374805774274
8253.61219825839,14.917721784777
8256.37845002615,14.0069346456689
8261.91095356169,11.8231078740145
8267.44345709722,9.69838713910767
8272.97596063275,9.37748818897683
8275.74221240051,11.1422666666667
8278.50846416827,12.8930118110237
8281.27471593604,12.6520023622047
8284.0409677038,12.8052937007874
8285.42409358769,13.1105309711287
8286.80721947157,13.6070070866142
8288.19034535545,13.7513
8289.57347123933,12.3557881889757
8290.95659712321,11.3727598425199
8292.3397230071,12.1749225721786
8293.72284889098,12.2927805774278
8296.48910065874,11.0516582677165
8299.25535242651,10.688282414698
8300.63847831039,10.1699317585302
8303.40473007815,9.97446456692938
8306.17098184592,10.4840908136483
8307.5541077298,10.5607165354331
8308.93723361369,11.0966629921264
8311.70348538145,13.0058393700787
8314.46973714922,14.3988238845145
8320.00224068474,14.1938811023622
8325.58645983701,13.9519614173228
8331.23184136243,14.1618656167981
8342.52260441326,15.0381700787403
8348.16798593868,14.9702167979001
8353.81336746408,13.8673511811024
8359.4587489895,13.0160913385825
8365.10413051491,12.1110091863511
8370.74951204033,10.32262335958
8376.39489356574,9.38978031496039
8382.04027509115,8.84510419947519
8387.68565661657,8.50618923884524
8393.33103814199,9.26126220472485
8398.9764196674,10.5095881889763
8404.62180119282,11.6656986876648
8407.44449195552,13.8179307086613
8410.26718271823,14.5865824146982
8413.08987348094,13.3735034120729
8415.91256424364,13.2627653543308
8418.73525500635,15.244255643045
8430.02601805717,16.9810908136483
8441.31678110801,15.6751118110233
8446.96216263342,14.606515223097
8452.60754415884,15.5164800524938
8456.8415803029,17.35504488189
8461.07561644696,17.922879527559
8463.89830720967,17.1717296587923
8466.72099797237,15.9128708661412
8469.54368873508,14.7228083989501
8472.36637949779,14.9243700787404
8478.0117610232,14.8848196850394
8483.65714254862,14.6092207349081
8494.94790559945,14.603751968504
8500.59328712486,14.4760251968504
8506.23866865028,13.9691792650917
8511.88405017569,13.0690160104987
8517.5294317011,11.1919338582677
8523.17481322652,10.530301312336
8527.40884937058,10.8603490813649
8530.23154013328,10.7173330708661
8533.05423089599,10.5590824146981
8535.8769216587,11.3736666666668
8538.6996124214,11.4067543307082
8541.52230318411,9.2693598425195
8544.34499394683,8.35098713910782
8548.57903009088,10.6232196850387
8554.2244116163,12.7413866141732
8559.86979314171,11.8353125984244
8565.51517466713,10.097824409449
8571.16055619254,10.2203485564308
8576.80593771796,11.383211023622
8582.45131924338,11.6970204724409
8588.09670076876,11.4060719160105
8593.7420822942,11.0905475065617
8605.03284534503,10.7016976377953
8616.32360839586,11.2809637795276
8627.61437144667,11.7334477690288
8638.90513449752,11.6006
8650.19589754834,13.308464041995
8658.66396983646,14.9068918635172
8664.30935136188,15.4441724409448
8669.95473288729,14.4912737532805
8678.42280517542,11.8322934383195
8682.65684131948,10.1221818897638
8685.47953208219,10.6233913385831
8688.30222284489,11.2625202099737
8691.12491360759,11.4680165354331
8693.9476043703,11.6134128608925
8699.59298589572,12.7333926509186
8705.23836742113,13.3339763779527
8710.88374894655,13.0088897637795
8716.52913047197,13.2588018372703
8722.17451199737,14.1781677165357
8727.81989352279,15.0218055118111
8733.4652750482,15.5093330708661
8737.69931119227,14.7926748031497
8743.34469271768,12.8216501312332
8746.16738348039,11.5900792650917
8748.99007424309,10.8786401574802
8750.40141962445,9.01772572178411
8753.22411038716,7.60732309711306
8754.63545576851,8.09765433070876
8757.45814653122,7.87290367454023
8760.28083729392,7.05790209973758
8761.69218267528,7.2765629921261
8763.10352805663,7.26665853018381
8764.51487343798,7.10227401574804
8765.92621881934,7.88726299212613
8767.3375642007,8.31794225721783
8768.74890958205,8.96430104986887
8770.1602549634,10.3148275590551
8771.57160034475,9.12478451443553
8772.98294572611,7.13420787401529
8774.39429110746,7.47964724409462
8777.21698187016,8.7211687664042
8780.03967263288,8.49376745406831
8782.86236339558,8.303768503937
8784.27370877693,9.04079238845134
8785.68505415829,8.37515301837271
8787.09639953964,8.31279606299228
8788.507744921,9.37966062992094
8789.91909030235,10.0595687664041
8791.3304356837,8.98109999999947
8792.03610837438,8.23851076115486
8792.74178106505,8.41537165354345
8794.15312644641,9.15844251968498
8794.85879913709,9.75994225721787
8795.56447182777,8.97803333333287
8796.27014451844,8.45243700787402
8796.97581720912,9.32927690288724
8797.32865355446,9.39888320209983
8797.6814898998,8.17852834645659
8798.03432624514,9.20718057742823
8798.38716259047,11.5324154855645
8799.09283528116,13.5985157480318
8799.79850797183,14.1585632545932
8801.20985335318,13.1978430446193
8801.91552604385,13.0756000000003
8802.62119873453,13.2059265091864
8803.32687142521,11.5631404199474
8804.03254411588,11.9275236220469
8804.73821680657,13.6661425196851
8805.44388949724,13.0914047244084
8808.26658025995,11.0240346456694
8809.6779256413,10.1183719160104
8811.08927102265,10.604837007874
8812.50061640401,10.8970291338582
8813.91196178536,9.23206797900193
8816.73465254807,7.59625695538046
8822.38003407348,7.81352204724412
8828.0254155989,7.66077769028881
8833.67079712431,6.5810958005247
8836.49348788702,6.26343622047249
8839.31617864973,6.91730341207347
8840.72752403108,8.37801522309752
8843.55021479378,8.85991102362228
8846.3729055565,7.8598204724408
8850.60694170056,6.70000734908097
8853.42963246326,6.5684275590551
8856.25232322597,6.66685275590551
8858.369341298,6.93771364829391
8859.07501398868,7.70588188976374
8861.89770475138,9.61265091863559
8864.72039551409,10.2000839895013
8867.5430862768,10.0029653543307
8870.36577703951,10.686333070866
8872.48279511153,11.9954039370079
8873.89414049288,11.8021834645668
8876.01115856492,10.7333674540682
8878.83384932763,10.1167511811024
8881.65654009033,9.82517795275601
8884.47923085304,9.49035091863512
8885.8905762344,9.34432677165358
8887.30192161575,9.29736456692915
8888.7132669971,8.84990656167948
8890.12461237845,8.00308241469827
8891.5359577598,7.86242992125985
8892.94730314116,8.14280314960642
8897.8870119759,8.47920393700785
8900.70970273861,9.15644724409469
8903.53239350131,9.90994750656166
8908.47210233605,9.57717034120737
8910.58912040809,8.54996299212584
8913.41181117079,8.26998923884514
8916.2345019335,8.68076167979004
8921.17421076824,8.47132519685053
8925.4082469123,7.48571364829382
8931.05362843771,6.43734251968499
8936.69900996312,6.31938503937007
8942.34439148854,6.39834251968501
8945.16708225125,6.67466509186314
8947.98977301395,7.79898661417331
8952.22380915801,7.8008795275588
8957.16351799275,6.46778897637823
8962.10322682749,6.02341417322844
8964.9259175902,6.69015065616783
8967.74860835291,7.37130997375326
8970.57129911562,7.95745039370089
8974.80533525967,8.25351076115484
8979.03937140373,8.08734225721781
8990.33013445456,7.99997952755901
9004.44358826809,8.78768818897641
9008.67762441216,8.87600734908128
9011.50031517487,8.85796535433075
9015.73435131893,9.29861942257217
9021.37973284434,8.54121522309742
9025.6137689884,7.79058031496081
9035.49318665788,8.83853412073524
9043.961258946,10.2354690288713
9049.60664047141,10.7249755905512
9058.07471275954,10.9313548556429
9069.36547581037,11.5174847769029
9077.83354809848,11.9721787401576
9086.30162038661,10.1179629921263
9097.59238343744,8.43249422572161
9103.23776496285,7.96987165354332
9108.88314648827,8.98201312335955
9111.70583725098,9.49358845144373
9114.52852801368,10.4491464566929
9127.23063644586,12.1777007874017
9138.52139949669,13.6742191601049
9144.1667810221,14.0531157480315
9149.81216254752,14.1921097112862
9161.10292559835,15.5335569553805
9173.80503403053,19.1603968503945
9189.32983322542,21.9761060367447
9211.91135932708,21.286205774278
9218.26241354317,19.3055244094481
9228.84750390332,16.4450795275596
9237.31557619144,13.4033181102357
9241.5496123355,11.5392740157483
9247.19499386092,10.5824181102363
9254.25172076769,10.7452511811025
9258.48575691175,11.1374244094488
9261.30844767445,11.0957963254593
9268.36517458122,9.96648556430455
9274.01055610664,8.7749968503937
9279.65593763205,8.14182545931749
9285.30131915746,8.4583556430447
9293.76939144559,9.44910629921262
9305.06015449641,9.31858845144369
9310.70553602183,8.28005669291319
9321.99629907266,7.99721653543307
9331.12775871316,7.89152230971131
9340.04853674124,8.80361732283502
9353.42970378335,10.8548700787397
9362.35048181142,11.7779721784777
9366.81087082546,11.1965391076113
9371.27125983949,11.3797897637794
9373.50145434651,11.9333236220473
9377.96184336055,12.9477167979001
9386.88262138862,13.9867039370079
9395.80339941669,14.1581015748033
9404.72417744476,15.5914611548556
9415.87514997986,18.063
9422.56573350091,19.2234175853018
9427.02612251496,19.7689661417323
9429.25631702197,20.7072763779529
9431.48651152899,20.5917800524935
9432.6016087825,18.6220346456688
9433.71670603601,15.7550929133867
9434.83180328951,15.6662750656169
9435.94690054302,16.4346530183729
9438.17709505004,15.8174110236223
9440.40728955706,14.6022377952757
9442.63748406408,14.8193275590551
9444.8676785711,14.3305913385827
9447.09787307811,13.4848713910766
9449.32806758513,14.7732430446193
9453.78845659917,15.5633141732284
9458.24884561321,14.9037498687665
9462.70923462724,14.3779301837271
9467.16962364128,13.5998574803148
9471.63001265531,13.4330879265092
9476.09040166935,13.8790278215223
9480.55079068339,13.2996456692915
9482.78098519041,12.6928351706036
9485.01117969743,11.6395585301836
9489.47156871146,10.4730952755907
9491.70176321848,10.6325902887141
9493.9319577255,12.3584102362198
9498.39234673953,14.0230755905512
9502.85273575357,14.1095081364828
9507.31312476761,13.558352230971
9511.77351378164,13.9043299212599
9516.23390279568,13.916419160105
9520.69429180972,14.1504230971128
9525.15468082375,13.9155944881889
9529.61506983779,13.1224469816274
9534.07545885183,12.9977724409449
9538.53584786586,15.1730370078738
9542.9962368799,16.5026475065617
9547.45662589394,16.7293782152231
9550.80191765446,16.5559661417323
9553.03211216148,16.50406167979
9555.2623066685,16.0870102362206
9557.49250117552,18.5004992125987
9559.72269568254,21.0094230971133
9561.95289018956,21.3513456692915
9564.18308469658,20.5998118110239
9569.75857096412,21.8282685039365
9578.67934899219,23.9642217847768
9583.13973800623,27.0275141732296
9587.60012702026,29.4004383202097
9592.0605160343,29.7274816272965
9600.98129406238,27.3290149606302
9609.90207209045,26.2505632545931
9614.36246110448,27.1918800524937
9618.82285011852,26.8989614173228
9623.28323913256,25.4313207349081
9625.51343363958,25.6839283464565
9632.20401716063,26.0533236220472
9641.12479518871,24.2282288713911
9650.04557321678,25.3294178477687
9655.62105948432,29.5046110236229
9661.19654575187,34.0239703412068
9670.11732377994,35.0059307086614
9679.03810180801,33.9798220472436
9687.95887983609,31.5954637795282
9696.87965786416,29.1413968503932
9705.80043589223,26.4453732283469
9714.72121392031,24.824124409449
9719.18160293434,22.9683314960624
9724.75708920189,21.4254653543308
9725.8721864554,20.3704283464567
9726.98728370891,21.3225671916006
9728.10238096242,24.6163031496062
9729.21747821593,27.3087795275593
9730.33257546944,25.0440335958006
9731.44767272295,21.2577338582675
9732.56276997645,19.7076283464568
9733.1203186032,20.987286351706
9734.23541585672,20.6430228346456
9735.35051311022,20.8435296587926
9736.46561036373,21.800369553806
9737.58070761725,21.2595291338586
9738.69580487076,20.5704942257218
9740.36845075102,21.0323556430449
9742.04109663128,21.8527685039369
9743.71374251155,22.2714866141733
9745.94393701856,22.5681249343832
9748.17413152558,21.9229527559058
9749.28922877909,19.461981627296
9750.4043260326,17.1594388451445
9751.51942328611,16.4883047244094
9752.63452053962,16.5821435695537
9753.74961779313,17.9621960629922
9757.09490955365,20.3627322834647
9759.32510406067,21.6112118110235
9761.55529856769,22.5233640419949
9763.78549307471,23.9325503937002
9764.90059032822,22.6398477690288
9765.45813895497,20.1351097112856
9766.01568758173,19.7492267716535
9766.57323620849,21.6888535433072
9767.13078483524,21.4288430446197
9768.24588208875,20.2030031496065
9769.36097934225,20.1827443569553
9772.70627110278,18.7950288713916
9777.16666011682,14.8788622047244
9779.39685462384,12.0931475065617
9781.62704913086,12.9544545931757
9783.85724363787,14.7673291338584
9786.08743814489,14.5548976377953
9790.54782715893,12.7250582677165
9795.00821617296,13.3415149606293
9799.468605187,15.2696934383204
9803.92899420104,16.7111013123361
9806.15918870805,17.7052834645668
9808.38938321508,18.8473832021
9810.61957772209,18.3360874015753
9815.08252827334,16.9419346456694
9819.68579485123,15.9256343832019
9824.28906142911,17.391914435695
9828.89232800699,19.1863141732284
9835.79722787382,18.4979866141736
9845.00376102958,17.0618779527558
9854.21029418535,17.7370141732285
9858.81356076323,17.976130183727
9863.41682734112,17.7837039370078
9870.32172720794,19.0936409448816
9872.62336049688,19.6566
9874.92499378583,19.1915821522309
9879.52826036371,19.0289559055119
9888.73479351948,18.9694755905512
9893.33806009736,20.4219682414691
9897.94132667524,21.7873842519685
9902.54459325313,21.998768503937
9907.14785983101,22.7528433070863
9912.90194305336,22.974818110236
9914.05275969783,21.1612564304469
9915.2035763423,18.8475039370082
9916.35439298678,16.473262204724
9918.65602627572,15.1572543307088
9920.95765956466,14.310419160105
9927.86255943149,14.1333110236218
9932.46582600937,15.6234060367452
9934.76745929831,16.9159370078741
9935.91827594278,17.3401070866142
9937.06909258725,18.2355031496063
9938.21990923172,18.8945574803149
9939.37072587619,17.5669448818897
9943.97399245407,14.6691031496061
9946.27562574302,13.5300611548556
9950.8788923209,14.2556716535435
9955.48215889878,13.8938501312343
9957.78379218773,12.189594488189
9960.08542547667,12.3757362204727
9962.38705876561,13.6902913385822
9964.68869205455,14.5565204724409
9969.29195863244,14.0516102362206
9973.89522521032,12.6696577427823
9978.49849178819,12.1898561679791
9983.10175836608,12.1733417322835
9984.25257501055,11.924320472441
9985.40339165503,11.9128538057742
9987.70502494397,11.6467015748032
9990.00665823291,11.3872020997375
9992.30829152185,12.988367454068
9994.60992481079,14.2445417322835
9996.91155809973,13.8364622047247
9999.21319138868,14.3431700787402
10001.5148246776,15.1432960629923
10003.8164579666,16.216279790026
10006.1180912555,16.9167325459318
10008.4197245444,17.0468007874016
10013.0229911223,18.0290383202104
10017.6262577002,18.3083792650916
10026.832790856,17.6910921259843
10031.4360574339,18.585469028872
10036.0393240117,20.4660569553803
10038.3409573007,22.7041488188983
10040.6425905896,24.4631779527563
10042.9442238786,23.9416194225722
10045.2458571675,23.2783598425197
10047.5474904564,23.1977307086614
10049.8491237454,23.1422829396326
10052.1507570343,24.8134677165372
10054.4523903233,27.6866624671918
10056.7540236122,28.3616325459317
10059.0556569012,27.2536291338582
10065.960556768,26.3754139107611
10075.1670899237,26.2473047244094
10084.3736230795,25.9482480314959
10088.9768896574,25.0887968503934
10093.5801562353,23.7803322834647
10098.1834228132,21.7055724409441
10102.786689391,19.7702359580049
10107.3899559689,19.5040154855643
10111.9932225468,20.3860496062996
10114.2948558358,20.3027359580054
10116.5964891247,18.47610183727
10118.8981224136,17.7433614173228
10121.1997557026,18.7193325459318
10123.5013889915,17.1577005249333
10125.8030222805,14.2510031496062
10128.1046555694,13.3858015748032
10135.0095554362,13.786453543307
10144.216088592,13.9160755905512
10155.7242550367,14.2459942257219
10164.9307881925,15.3733853018373
10174.1373213482,17.3467370078745
10187.9471210819,19.6524146981634
10197.1536542377,21.2214832020999
10199.4552875266,21.4067653543305
10201.7569208155,19.5753385826775
10206.3601873934,17.2225687664036
10208.6618206824,14.8922960629912
10210.9634539713,14.5845165354331
10212.1142706157,16.5247517060374
10213.2650872602,16.9900299212599
10214.4159039047,15.0646976377951
10214.991312227,14.59588792651
10215.5667205492,16.310120472441
10216.1421288714,17.1553351706036
10216.7175371937,16.7296713910761
10217.2929455159,17.0673755905513
10217.8683538381,16.7962322834641
10218.4437621604,14.5215687664037
10219.0191704826,14.462065354331
10219.5945788049,15.968472703412
10220.1699871271,17.1023926509189
10221.3208037716,18.0836763779533
10222.471620416,18.9485582677165
10223.0470287382,16.9861107611538
10223.6224370605,13.2170385826774
10224.773253705,12.8151383202104
10227.0748869939,15.6970412073507
10231.6781535718,19.1791157480314
10232.8289702162,20.8773593175855
10233.9797868607,20.4886270341207
10238.5830534386,18.7134811023622
10247.7895865944,18.3928018372702
10254.6944864612,18.4369493438321
10259.2977530391,18.8515062992127
10263.901019617,19.9537070866142
10268.5042861948,20.0818167979002
10273.1075527727,19.925242519685
10277.7108193506,20.5248908136487
10282.3140859285,23.6587566929144
10285.7665358619,28.1382921259835
10287.4927608286,30.9691661417325
10288.6435774731,31.1275519685035
10289.7943941176,30.1476984251969
10290.3698024398,30.3386847769035
10290.9452107621,31.1536372703413
10292.0960274065,28.2099889763775
10292.6714357288,22.2896755905483
10293.246844051,17.5984666666667
10293.8222523732,15.2701133858263
10294.9730690177,14.579137007874
10296.1238856621,16.3065619422575
10296.6992939843,18.1734212598428
10297.2747023066,17.0297577427818
10297.8501106289,16.0840102362205
10298.4255189511,16.297037007874
10299.0009272733,15.1799564304457
10299.5763355955,13.3658346456687
10300.1517439178,11.6586724409448
10300.72715224,11.3862136482941
10301.8779688845,12.6953797900259
10303.028785529,13.8460228346456
10304.1796021734,13.5612614173228
10305.3304188179,14.1609826771653
10306.4812354624,14.8399228346457
10307.6320521069,13.9861288713911
10308.7828687514,11.9091955380577
10309.9336853958,9.89240472440909
10319.1402185516,9.60119658792653
10328.3467517073,10.0348763779528
10332.9500182852,9.13396456692913
10337.5532848631,8.71134855643047
10339.854918152,8.85652965879269
10342.156551441,8.90477007874004
10344.4581847299,8.01075170603652
10345.6090013744,6.91767034120754
10346.7598180189,5.40722519685028
10349.0614513078,5.14976010498694
10351.3630845967,5.94611916010495
10353.6647178857,6.50413700787397
10355.9663511746,6.72513438320193
10360.5696177525,8.0685013123361
10362.8712510415,9.55402440944957
10365.1728843304,9.66388818897637
10367.4745176193,9.68786194225718
10369.7761509083,9.49460157480314
10372.0777841972,9.75896482939631
10373.2286008417,9.31182257217826
10374.3794174862,8.76505354330703
10375.5302341307,8.93814068241466
10376.6810507751,8.64098162729662
10377.8318674196,8.40720629921258
10378.982684064,8.2093241469816
10380.1335007085,8.24940078740159
10381.284317353,9.11442992126024
10382.4351339975,10.3465939632544
10383.5859506419,11.3184721784779
10384.7367672864,11.8706535433071
10385.8875839309,11.8331847769029
10388.1892172198,12.492938057743
10392.7924837977,13.252242519685
10401.9990169535,14.2166755905512
10411.2055501092,16.4173356955391
10415.8088166871,17.8293566929134
10418.1104499761,16.1375834645665
10420.412083265,13.3695874015748
10422.7137165539,13.6613102362207
10425.0153498429,17.0438404199486
10436.5235162876,20.0275393700787
10445.7300494434,19.6391629921257
10454.9365825991,18.9003734908137
10459.539849177,19.5169934383203
10461.8414824659,19.2673787401568
10466.4447490438,16.4009866141733
10468.7463823328,13.9151845144349
10473.3496489107,13.796442519685
10476.8020988441,13.700291863517
10479.103732133,12.7326078740152
10481.4053654219,12.900374015748
10483.7069987109,13.3334895013123
10487.1594486443,13.5851270341207
10488.3102652888,14.4328645669292
10489.4610819332,15.9400535433077
10494.0643485111,17.557797112861
10498.667615089,18.3627511811023
10503.2708816669,18.2043963254593
10507.8741482448,18.6469763779528
10512.4774148227,17.653306299212
10517.0806814005,14.8096585301836
10521.6839479784,12.9559973753277
10526.2872145563,11.6911259842523
10530.8904811342,12.7643422572181
10535.4937477121,14.0821640419953
10540.09701429,13.8898921259844
10544.7002808678,13.198171128609
10549.3035474457,13.672701574803
10553.9068140236,15.1197062992126
10558.5100806015,17.5783540682426
10567.7166137573,19.9510900262467
10576.923146913,19.7446102362202
10581.5264134909,17.4528467191601
10590.7329466467,16.2249766404199
10599.9394798024,16.1736370078741
10605.6935630248,16.8066464566931
10607.9951963138,18.1620858267718
10610.2968296027,18.4849992125985
10612.5984628916,18.0295223097112
10616.050912825,18.2153603674543
10620.6541794029,18.8849078740157
10622.9558126919,18.2176007874012
10625.2574459808,16.4609740157484
10627.5590792697,14.8218527559054
10635.614795781,14.1545372703411
10637.91642907,15.6884952755902
10640.218062359,18.7108291338589
10641.3688790034,20.2296023622047
10645.9721455813,18.3146619422573
10650.5754121592,16.4059543307082
10652.8770454481,16.3424858267717
10659.7819453149,18.6572139107613
10668.9884784707,20.4701377952756
10673.5917450486,19.7770601049866
10678.1950116265,18.2864065616795
10682.7982782043,17.9515614173229
10687.4015447822,18.5140233595802
10696.608077938,18.8947052493438
10701.2113445159,19.4903039370081
10710.4178776716,20.6023246719164
10719.6244108274,21.5127656167978
10728.8309439832,21.8861023622052
10733.4342105611,23.0362900262467
10747.2440102947,22.0615803149606
10756.4505434505,19.848151968503
10774.863609762,17.9742692913387
10854.33059399,16.7030435695536
10908.2363037858,15.2306
10951.3608716225,13.8413821522309
11016.0477233774,13.0834020997375
11037.6100072958,13.4437669291339
11059.1722912141,12.6917364829394
11080.7345751324,11.6388440944882
11102.2968590507,13.3523488188981
11123.8591429691,15.3008532808398
11145.4214268874,15.0216905511811
11156.2025688465,16.4559425196858
11166.9837108057,18.5813010498687
11177.7648527649,18.3257351706035
11188.545994724,17.3311196850391
11193.9365657036,18.4076787401573
11199.3271366832,19.123250918635
11204.7177076628,17.3263362204727
11210.1082786424,14.6176170603676
11215.4988496219,14.2383265091863
11220.8894206015,13.8685118110236
11223.5847060913,13.9404309711286
11226.2799915811,16.2558262467189
11231.6705625607,17.9323456692913
11237.0611335403,17.0430417322832
11242.4517045198,15.609372703412
11245.1469900096,14.9525181102361
11247.8422754994,14.758874015748
11250.5375609892,15.5427188976379
11253.232846479,15.8195456692912
11264.0139884382,15.4991099737533
11274.7951303973,15.4860254593177
11280.1857013769,15.6276622047245
11282.8809868667,14.5308433070866
11285.5762723565,12.9206477690282
11290.9668433361,11.6869582677166
11296.3574143156,11.6575797900263
11307.1385562748,11.2865811023622
11317.919698234,11.4467354330709
11339.4819821523,13.0912530183734
11350.2631241115,14.3108223097113
11355.653695091,14.0813283464567
11361.0442660706,13.927672703412
11366.4348370502,14.5222152230972
11371.8254080298,14.8629007874015
11382.6065499889,13.9256178477691
11393.3876919481,11.9729215223093
11404.1688339073,10.8758716535433
11414.9499758664,11.0013467191601
11425.7311178256,10.844360367454
11436.5122597848,10.2034496062994
11447.2934017439,9.4776102362204
11458.0745437031,9.7031587926508
11463.4651146827,11.0572543307086
11468.8556856622,11.8306393700785
11474.2462566418,10.7915871391077
11479.6368276214,9.65149527559049
11490.4179695806,10.1413007874015
11501.1991115397,10.8285249343832
11511.9802534989,10.5325622047243
11522.7613954581,10.1621091863517
11533.5425374172,9.47906194225703
11544.3236793764,7.8488425196855
11573.9718197641,6.5175669291339
11617.0963876007,6.96368057742804
11627.8775295599,7.39374094488189
11633.2681005395,6.96883464566913
11638.658671519,7.07513805774277
11653.8487525669,7.16328503937008
11661.7570320962,7.79776587926542
11669.6653116256,9.68202545931737
11677.5735911549,10.3388496062991
11685.4818706843,9.45184383202109
11689.4360104489,8.70749658792647
11693.3901502136,10.131171653544
11697.3442899783,12.7033895013124
11699.3213598607,13.6239585301837
11701.298429743,13.052251968504
11705.2525695076,12.8106881889764
11721.0691285663,12.7071569553807
11736.885687625,13.3489763779527
11752.7022466837,13.4025482939631
11768.5188057424,12.071154068242
11784.3353648011,10.3191212598425
11796.1977840951,10.7838293963258
11812.0143431538,11.6290356955379
11819.9226226831,11.0914456692911
11823.8767624478,9.93428477690309
11827.8309022124,9.54789212598425
11835.7391817418,9.67973464566929
11843.6474612711,9.25618477690298
11859.4640203298,7.62218792650907
11875.2805793885,6.78854803149604
11891.0971384472,7.1713062992126
11906.9136975059,7.80730104986888
11922.7302565645,7.65224488188977
11938.5468156232,7.85797742782154
11954.3633746819,7.97873123359579
11962.2716542113,8.06747795275592
11966.2257939759,8.67606194225747
11970.1799337406,10.1548157480313
11985.9964927993,11.7584000000004
12001.813051858,11.9864280839896
12009.7213313873,11.3723335958005
12017.6296109167,11.031705511811
12025.537890446,12.0087813648293
12033.4461699753,12.2808590551181
12065.0792880927,11.8434944881891
12096.7124062101,12.4024097112859
12104.6206857394,13.5240317585301
12112.5289652688,13.0577905511811
12120.4372447981,12.228030183727
12128.3455243274,13.0576784776901
12156.0245026801,13.3508385826771
12175.7952015035,12.6824076115485
12183.7034810328,12.5014005249343
12191.6117605622,13.180651968504
12207.4283196209,13.6143921259841
12223.2448786795,14.2212981627297
12239.0614377382,13.9765275590548
12254.8779967969,12.5400362204728
12262.7862763263,12.0029942257218
12270.6945558556,12.2665787401574
12278.6028353849,12.081356167979
12286.5111149143,11.6266582677162
12294.4193944436,10.9489125984252
12306.2818137376,11.4546921259843
12322.0983727964,12.9217963254593
12337.914931855,12.6838330708662
12341.8690716197,11.0613999999996
12345.8232113844,9.99481942257216
12353.7314909137,10.4248409448819
12357.6856306784,10.5960902887139
12361.639770443,10.8599608923885
12365.5939102077,12.3543141732288
12369.5480499724,14.5970538057741
12377.4563295017,15.5046194225723
12393.2728885604,15.0018740157484
12409.0894476191,14.3426650918635
12424.9060066778,14.5090863517061
12440.7225657365,16.0448803149602
12472.3556838538,17.8142776902889
12511.8970815005,18.4741965879265
12567.2550382059,17.9779314960631
12670.0626720874,17.1808312335956
12737.2830480868,17.0667488188976
12768.9161662042,18.0675047244094
12800.5492843215,19.1507118110237
12832.1824024389,18.6838270341207
12861.8550565302,19.2058763779529
12893.0720660212,22.0212128608923
12910.0995257435,23.3626590551181
12921.4511655584,22.0305078740164
12935.640715327,20.2111593175851
12958.3439949568,18.8788530183726
12992.3989144015,19.2892204724407
13003.7505542164,20.9510086614176
13026.4538338462,21.3464627296591
13043.4812935686,19.6793110236222
13047.7381584992,19.1590690288716
13051.9950234297,20.0932887139105
13054.8329333835,20.8563102362205
13057.6708433372,19.7940144356957
13066.1845731984,19.2840286089238
13069.0224831521,20.999432283465
13071.8603931058,23.093562992126
13074.6983030595,23.4825052493438
13077.5362130133,22.9443519685041
13080.374122967,22.7005404199475
13083.2120329207,23.2684454068241
13091.7257627819,22.5260779527561
13097.4015826893,21.2832498687662
13100.2394926431,20.8101034120737
13103.0774025968,19.9770535433071
13104.4963575737,19.3121979002625
13105.9153125505,19.8085498687664
13108.7532225042,19.6833708661416
13120.1048623191,19.5810737532807
13143.4028453066,22.3592496062987
13185.9454176754,25.854088188977
13200.1262751317,27.1632706036745
13214.3071325879,27.2569661417323
13221.3975613161,25.6236417322839
13235.5784187723,23.2088829396326
13246.2140618645,22.0301501312335
13263.9401336849,23.7585062992125
13306.4827060537,24.3930664041994
13320.66356351,22.9835661417329
13334.8444209663,21.5124614173229
13349.0252784226,21.6845125984251
13356.1157071507,20.9851314960632
13363.2061358788,20.5035889763781
13370.296564607,21.0267792650919
13377.3869933351,20.2288133858269
13384.4774220632,19.2003236220469
13391.5678507914,19.6621517060363
13398.6582795195,21.0925769028872
13405.7487082477,19.6617015748035
13412.8391369758,17.1703748031497
13419.9295657039,17.5955165354335
13427.0199944321,20.1739795275589
13434.1104231602,21.9028023622047
13441.2008518883,23.2508548556428
13448.2912806165,22.7653598425196
13462.4721380728,19.5168325459315
13476.652995529,16.3815028871393
13490.8338529853,15.9545803149607
13505.0147104416,16.122633858268
13519.1955678979,15.3730485564304
13526.285996626,15.1808448818898
13533.3764253542,15.0612091863518
13540.4668540823,14.3809916010498
13547.5572828104,15.1690165354326
13554.6477115386,17.6750721784773
13561.7381402667,17.38668031496
13568.8285689948,15.526287401575
13575.918997723,17.1846916010498
13583.0094264511,21.6716070866139
13590.0998551793,22.618194488189
13593.6450695433,21.6660832020996
13604.2807126355,22.1008010498687
13625.5519988199,22.2598346456693
13685.8206430091,21.4583511811026
13714.1823579217,20.5419992125984
13735.4536441061,20.5532779527559
13749.6345015624,21.0687246719158
13760.2701446546,21.6077913385828
13809.9031457515,21.9433212598428
13859.5543639983,20.8727385826773
13885.3647932816,20.1768196850393
13908.8288199028,20.7874944881889
13946.3712624967,19.8001979002623
13965.1424837937,17.0790863517065
13983.9137050907,17.1002732283462
14033.1881609952,18.1426102362205
14051.9593822921,17.2576154855644
14070.7306035891,16.2271543307086
14088.3286235549,17.8223448818891
14103.5802408588,19.0462750656168
14127.04426748,16.5579196850393
14143.4690861148,13.9068813648295
14150.5082941012,13.5485695538058
14159.8939047496,13.8597118110235
14173.9723207224,15.6008556430446
14190.3971393572,18.498362204725
14196.2631460125,20.4933889763775
14202.1291526678,20.5089207349079
14206.821957992,18.6399711286094
14211.5147633163,17.4690031496064
14216.2075686405,17.8597994750658
14220.9003739648,17.9012364829398
14225.593179289,16.8003377952756
14230.2859846132,16.0631832020997
14234.9787899375,16.6043062992125
14238.4983939306,17.5388732283465
14239.6715952617,17.5889351706037
14240.8447965928,17.4710666666667
14242.0179979238,17.6876803149605
14243.1911992549,17.1346724409448
14245.5376019171,14.5056173228344
14247.8840045791,12.7908078740159
14252.5768099034,13.334417585302
14261.9624205519,16.0701666666656
14271.3480312003,18.249522047244
14291.2924538284,18.7284708661417
14328.8348964223,18.4675459317584
14338.2205070708,18.3931102362204
14347.6061177192,16.7452401574808
14366.3773390162,15.8022057742784
14381.6289563199,16.6958409448826
14391.0145669685,17.5610359580053
14400.4001776169,18.3361086614179
14409.7857882654,19.3185511811024
14414.4785935897,19.5032362204725
14419.1713989139,19.5285443569553
14423.8642042381,19.1087488188976
14428.5570095623,18.8531068241469
14433.2498148867,19.8568653543308
14437.9426202109,20.8232385826774
14440.289022873,22.622998687665
14442.6354255351,24.2510711286092
14447.3282308593,24.4193047244093
14449.7933650827,23.4870671916011
14455.0554782623,22.409479790026
14457.7022651204,21.9120267716536
14462.9958388368,22.0818902887139
14468.289412553,21.7866787401573
14473.5829862694,22.0992094488186
14478.8765599857,24.370698950132
14484.170133702,27.4521509186367
14493.4338877056,29.9680086614172
14498.7274614219,31.9408477690296
14504.0210351382,33.4816981627296
14507.9912154254,33.3905984251968
14511.9613957127,33.6985645669306
14514.6081825708,36.6079000000002
14518.578362858,38.2701401574805
14521.2251497162,37.3355091863516
14523.8719365743,35.162767979002
14526.5187234325,32.425418897637
14529.1655102907,30.8112724409445
14535.7824774361,28.4183758530173
14541.0760511524,24.687617322835
14545.0462314396,23.6053367454073
14547.6930182978,25.0563236220479
14551.663198585,26.546694488189
14562.2503460176,27.2146157480317
14570.1907065921,27.3868120734909
14578.1310671666,26.0413834645667
14583.4246408829,23.6750375328069
14588.7182145992,22.6550028871391
14590.0416080283,23.3104228346461
14591.3650014574,24.9123682414699
14592.6883948865,26.1389559055119
14594.0117883155,27.2307314960629
14596.6585751737,25.5875792650915
14597.9819686027,22.054789501312
14599.3053620318,20.7463299212598
14601.95214889,21.273527296588
14604.5989357482,21.2917196850391
14605.9223291772,20.4053566929133
14606.5840258918,20.6014595800529
14607.2457226063,22.584118372703
14608.5691160354,24.197588188976
14611.2159028936,22.0689136482927
14612.5392963226,21.297956167979
14615.1860831808,22.5832629921263
14616.5094766098,22.8706740157481
14617.8328700389,23.0794036745407
14619.156263468,23.6970354330697
14620.4796568971,21.382122047244
14621.8030503262,19.8870223097111
14624.4498371844,19.9012968503938
14627.0966240425,20.3095766404199
14629.7434109006,19.6882774278213
14632.3901977588,20.0732472440947
14635.0369846169,21.1295322834646
14637.6837714751,20.8731309711287
14640.3305583333,20.7318921259843
14645.6241320496,21.0537372703408
14653.5644926241,19.721148031496
14656.2112794822,18.7722566929131
14658.8580663404,18.5724947506562
14664.1516400567,18.376787664042
14664.8133367712,17.6850196850389
14666.1367302003,15.9364506561681
14668.7835170585,14.0613377952755
14673.4153940602,14.8006196850394
14678.7089677766,16.1782737532808
14684.0025414929,15.0368472440938
14694.5896889255,14.4073291338583
14705.1768363581,15.725472440945
14715.7639837908,16.6153779527559
14726.3511312234,16.9009685039371
14734.2914917979,17.4821217847771
14742.2318523723,18.1467622047244
14748.8488195177,18.1706267716537
14758.1125735213,18.0688734908137
14760.7593603794,17.1872199475064
14763.4061472376,16.5257165354329
14768.6997209539,16.2889257217848
14773.9932946702,15.3699028871386
14776.6400815284,14.1644425196851
14779.2868683865,13.8973304461942
14781.9336552447,15.5662485564315
14784.5804421028,17.2541141732284
14789.8740158192,17.7580593175853
14795.1675895355,17.6706829396325
14800.4611632518,16.6166409448816
14805.7547369681,14.3493472440938
14811.0483106844,14.0371262467192
14816.3418844007,15.0233409448819
14821.635458117,14.9274958005249
14826.9290318334,15.7803671916014
14829.5758186915,17.4685456692916
14832.2226055497,17.7516519685039
14834.8693924078,16.6967202099733
14837.516179266,16.4489251968501
14842.8097529823,18.5196139107616
14848.1033266986,20.4747582677171
14853.3969004149,20.1643007874016
14858.6904741312,19.8528763779525
14869.2776215639,18.6722580052494
14879.8647689965,17.2823
14890.4519164291,17.5518102362208
14901.0390638618,17.9632690288714
14911.6262112944,17.7027354330708
14922.213358727,17.31352335958
14927.5069324433,18.2911847769031
14932.8005061596,18.607874015748
14938.094079876,17.7247509186351
14943.3876535923,17.1516380577428
14948.6812273086,16.9667850393701
14953.9748010249,15.6460362204724
14964.5619484575,15.6133160104986
14975.1490958902,16.27958503937
14986.0967666482,18.44478976378
14997.4058499808,19.3155682414699
15028.5058291455,18.1759992125983
15039.8149124782,17.4083456692911
15051.1239958108,19.6675811023621
15062.4330791434,21.5281795275593
15073.7421624761,20.9548650918635
15076.5694333092,19.7502091863516
15082.2239749755,19.307855905512
15087.8785166418,19.5910391076116
15090.705787475,19.6474929133856
15092.1194228916,18.124803937008
15092.8262405999,17.3155860892388
15093.5330583082,16.5531283464564
15094.2398760165,15.1028133858267
15094.9466937247,14.425208136483
15095.653511433,15.3120923884516
15096.3603291413,14.5724543307085
15097.7739645579,13.2674517060362
15099.1875999745,12.6768590551182
15099.8944176828,12.9651952755907
15100.601235391,13.2270304461942
15102.0148708076,13.1850238845144
15107.6694124739,14.1139905511819
15113.3239541403,15.9731569553806
15118.9784958066,17.0546472440946
15124.6330374729,16.3887566929134
15130.2875791392,14.6916637795274
15135.9421208055,14.2306900262468
15141.5966624718,15.629292913386
15147.2512041381,16.5713895013123
15152.9057458045,16.2926170603675
15158.5602874708,16.3165236220473
15164.2148291371,15.948796587926
15169.8693708034,13.8721236220474
15175.5239124697,13.067059055118
15181.178454136,13.900641469816
15192.4875374686,15.436465616798
15203.7966208013,17.1648472440953
15215.1057041339,18.1192220472441
15226.4147874665,17.9774866141733
15237.7238707992,18.1016362204724
15249.0329541318,19.4555763779528
15260.3420374644,20.9400233595803
15271.651120797,19.901512598425
15282.9602041297,16.4813362204722
15294.2692874623,14.9720787401575
15305.5783707949,14.913683464567
15316.8874541276,15.7480918635173
15328.1965374602,16.5738929133858
15333.8510791265,17.0532803149607
15339.5056207928,16.8760291338584
15345.1601624591,15.7976779527558
15356.4692457918,15.7510968503939
15367.7783291244,16.9734905511809
15376.2601416238,17.880317847769
15381.9146832902,17.9692102362204
15393.2237666228,17.3816036745407
15404.5328499554,16.8210803149604
15415.841933288,16.4442755905512
15427.1510166207,16.0659553805774
15429.9782874538,14.4787322834646
15432.805558287,15.006398425197
15435.6328291201,17.4653879265099
15438.4600999533,18.8212191601048
15441.2873707865,17.5437173228345
15444.1146416196,17.3636257217847
15446.9419124528,18.8327406824151
15448.3555478694,20.1836629921261
15449.7691832859,20.0845942257218
15451.1828187025,19.8168314960629
15451.8896364108,19.8645228346457
15452.5964541191,19.9486545931759
15453.3032718274,20.1343175853019
15454.0100895356,20.3656031496062
15454.7169072439,21.5965795275593
15455.4237249522,21.7389679790027
15456.1305426605,18.4482220472442
15456.8373603688,16.5221047244093
15457.5441780771,16.518619160105
15458.2509957854,17.1165118110238
15458.9578134937,19.1712545931757
15459.664631202,20.1331979002625
15460.3714489103,18.6513409448815
15461.0782666186,18.4090708661418
15461.7850843269,18.7605900262467
15462.4919020352,19.1576496062991
15463.1987197434,20.6960015748035
15463.9055374517,21.81236167979
15464.61235516,21.6792472440945
15465.3191728683,23.1364417322841
15466.7328082849,24.2223944881891
15468.1464437015,23.9351440944882
15468.8532614097,24.2552551181107
15469.560079118,25.6505779527558
15470.9737145346,27.4857370078742
15472.3873499512,27.5465062992127
15473.0941676595,24.1398280839894
15473.8009853677,22.6977874015747
15474.507803076,22.3322393700787
15475.2146207843,20.1476299212596
15475.9214384926,18.7488511811025
15476.6282562009,18.4756228346457
15477.3350739092,17.8986997375325
15478.0418916175,16.6488866141733
15478.7487093258,16.1167732283464
15479.4555270341,16.6044162729655
15480.1623447424,18.0367787401576
15480.8691624507,19.2700034120739
15482.2827978673,20.2737349081364
15483.6964332838,20.6343401574804
15485.1100687004,20.5439217847769
15486.523704117,20.6468679790027
15487.9373395335,19.0408062992117
15489.3509749501,16.5725333333333
15490.7646103667,15.8913679790026
15492.1782457833,15.6193503937008
15495.0055166164,15.6488385826772
15497.8327874496,17.0709973753284
15500.6600582828,18.0612251968503
15503.4873291159,16.5109448818895
15506.3145999491,16.3514435695537
15509.1418707822,19.8042763779534
15511.9691416154,22.6634375328086
15514.7964124485,22.6903496062993
15517.6236832817,21.5065039370075
15520.4509541148,19.7506388451449
15523.278224948,17.1526094488189
15526.1054957812,17.2479921259849
15528.9327666143,18.3114692913386
15531.7600374475,17.0653530183724
15534.5873082806,14.8438433070867
15537.4145791138,14.9044304461942
15540.241849947,15.6033818897639
15543.0691207801,15.9272905511811
15545.8963916133,15.8100719160105
15548.7236624464,16.1533120734908
15554.3782041127,16.2378748031496
15560.0327457791,17.0423960629924
15565.6872874454,18.1902228346456
15571.3418291117,18.2890417322834
15582.6509124443,16.9428813648299
15594.8540602398,15.7752708661417
15601.9820494053,16.0288771653545
15609.1100385708,16.9461144356953
15616.2380277363,18.1117060367456
15623.3660169018,18.1689606299214
15630.4940060674,16.0140923884517
15637.6219952329,16.1036509186359
15651.8779735639,17.9267889763779
15659.0059627294,17.4019732283464
15673.2619410605,16.6695608923882
15680.389930226,18.9408480314962
15687.5179193915,20.1965000000001
15694.645908557,18.8340580052493
15698.2099031397,18.5521314960631
15701.7738977225,18.7212622047244
15705.3378923053,18.4726181102362
15708.901886888,18.3950779527558
15712.4658814708,17.1698417322837
15716.0298760535,15.7731482939635
15719.5938706363,17.1570212598418
15723.1578652191,19.1934391076115
15726.7218598018,18.7450270341203
15730.2858543846,17.3441692913385
15733.8498489673,18.2075007874017
15739.1958408414,18.817954855643
15742.7598354242,18.7009968503937
15744.5418327156,18.5894545931759
15746.323830007,18.4270556430446
15748.1058272984,18.1955724409449
15749.8878245897,18.5951283464566
15753.4518191725,19.2086359580053
15757.0158137552,20.4009976377955
15760.579808338,21.5654333333333
15764.1438029207,21.4987929133856
15767.7077975035,19.9587188976382
15771.2717920863,19.3600181102363
15774.8357866691,20.2715666666669
15778.3997812518,19.7398149606301
15785.5277704173,17.1515020997371
15792.6557595828,15.9532165354331
15796.2197541656,17.2968858267715
15799.7837487484,19.9460099737538
15801.5657460397,20.9188608923884
15803.3477433311,20.9028299212598
15805.1297406225,20.3670532808399
15806.9117379138,20.3779099737533
15808.6937352052,21.4309645669293
15810.4757324966,22.4486887139108
15812.257729788,23.2802299212599
15814.0397270793,22.5244913385832
15815.8217243707,18.5273627296582
15817.6037216621,15.4193049868765
15819.3857189535,15.2243952755905
15821.1677162449,16.0378619422575
15822.9497135363,17.2335559055113
15824.7317108276,18.987611023622
15828.2957054104,19.2539091863516
15831.8596999932,17.7820637795276
15835.4236945759,17.2463708661416
15838.9876891587,16.6929220472441
15842.5516837414,17.0499225721784
15847.8976756156,17.709820472441
15855.0256647811,16.8828640419948
15862.1536539466,17.9676816272966
15869.2816431121,20.5024078740155
15883.5376214431,19.7578703412072
15897.7935997742,16.412982414698
15904.9215889397,15.4342236220472
15912.0495781052,17.4585984251973
15919.1775672707,19.318644619422
15926.3055564362,19.7086543307087
15933.4335456017,20.5279299212601
15940.5615347673,21.0418461942257
15947.6895239328,20.7805307086613
15954.8175130983,20.089270866142
15961.9455022638,19.0599750656169
15965.5094968466,18.1907299212598
15969.0734914293,18.1477650918635
15972.6374860121,19.5910131233597
15976.2014805948,21.5741251968503
15979.7654751776,21.3402963254594
15983.3294697603,19.2217556430442
15986.8934643431,18.2420228346457
15990.4574589259,19.9345708661419
15992.2394562172,21.4280632545929
15994.0214535086,21.136722047244
15997.5854480914,19.2748330708659
16001.1494426741,18.2186149606295
16004.7134372569,18.0703456692914
16008.2774318397,17.3424383202108
16011.8414264224,14.8544010498682
16015.4054210052,14.8108314960629
16018.9694155879,17.2398837270352
16022.5334101707,20.0664979002646
16026.0974047534,22.417638582676
16029.6613993362,24.8956173228345
16031.4433966276,25.1562648293958
16033.225393919,22.7007110236211
16035.0073912103,18.5573611548546
16036.7893885017,17.0189666666667
16038.5713857931,16.9380448818898
16040.3533830845,16.8528362204724
16043.9173776672,17.0454383202105
16054.6093614155,17.9657055118117
16065.3013451638,18.8698110236217
16072.4293343293,18.8739230971127
16079.5573234948,18.0146039370077
16083.1213180776,17.4115209973752
16086.6853126603,16.6860086614168
16093.8133018258,16.3852716535432
16100.9412909913,16.9702884514434
16108.0692801569,17.2691910761156
16115.1972693224,17.5783511811024
16122.3252584879,17.0682041994746
16136.5812368189,15.4882309711288
16147.2732205672,14.3123527559055
16154.4012097327,14.3665286089239
16161.5291988982,14.5735511811024
16165.093193481,16.6216212598452
16168.6571880637,19.2119186351696
16172.2211826465,20.0243858267717
16175.7851772292,19.109303149606
16182.9131663948,18.3280225721784
16190.0411555603,17.2915154855634
16193.605150143,17.7369700787402
16197.1691447258,17.9148509186356
16200.7331393086,16.0191963254587
16204.2971338913,15.6255417322848
16211.4251230568,17.4923123359588
16218.5531122223,18.8742902887138
16232.8090905534,19.0070480314956
16247.0650688844,17.406654330709
16254.1930580499,15.8081272965876
16261.3210472154,17.0996275590573
16268.4490363809,17.9437853018384
16275.5770255465,15.2558902887139
16282.705014712,12.7281637795264
16289.8330038775,14.4347900262469
16296.960993043,17.0995606299224
16304.0889822085,18.5490645669293
16311.216971374,17.914359317586
16318.3449605395,16.1475740157477
16325.4729497051,15.4719401574805
16332.6009388706,16.5796690288714
16339.7289280361,16.5698223097114
16346.8569172016,15.9699417322832
16353.9849063671,16.259679265092
16361.1128955326,15.8443553805774
16368.2408846982,16.1008779527564
16375.3688738637,16.9843230971122
16378.9328684464,18.408594750656
16382.4968630292,20.2043031496074
16386.0608576119,21.1947283464567
16389.6248521947,20.0272020997371
16393.1888467774,19.4947007874016
16396.7528413602,18.5222908136488
16400.316835943,15.9589742782151
16403.8808305257,15.3293803149611
16411.0088196912,16.0276716535436
16418.1368088568,16.4470049868762
16425.2647980223,17.4714968503938
16432.3927871878,17.9778900262467
16435.9567817705,19.1634753280848
16439.5207763533,21.8656377952774
16443.0847709361,22.937298687664
16446.6487655188,22.328235433071
16450.2127601016,21.7204842519681
16453.7767546843,20.0499167978994
16458.3251481459,16.9158388451428
16463.0506430821,15.1553110236221
16467.7761380183,15.1065288713911
16472.5016329545,15.5321401574803
16481.9526228269,15.6859212598427
16491.4036126993,16.4059553805784
16500.8546025717,18.3007650918624
16510.3055924441,20.5684779527558
16519.7565823165,19.4424133858262
16529.2075721889,18.0893241469815
16538.6585620613,18.6794480314974
16548.1095519337,19.8993719160106
16557.5605418061,19.1973522309714
16567.0115316785,19.1665700787402
16576.4625215509,19.4129459317587
16585.9135114233,19.8004123359582
16595.3645012957,21.9566653543302
16604.8154911681,25.8683850393707
16614.2664810405,28.3560519685038
16623.7174709129,29.1015385826773
16633.1684607853,28.1342543307062
16652.0704405301,25.0692454068264
16663.8841778706,21.8308433070866
16675.6979152111,20.2749422572178
16711.2883176,20.771349081365
16727.0644636551,22.118951181103
16734.9525366827,21.4705136482936
16742.8406097102,19.2386965879271
16750.7286827378,19.0307228346459
16794.1130843893,19.9801847769036
16833.553449527,20.6162036745409
16861.1617051234,22.3661102362197
16876.9378511785,25.7452139107623
16888.7699607199,26.2751703412078
16912.4341798025,23.6852259842507
16975.5387640229,22.1207422572173
17026.8112387019,23.8421719160097
17055.0230510347,24.4360480314961
17067.2906237697,24.3815624671918
17073.4244101371,26.7546855643086
17079.5581965046,30.169313385828
17085.691982872,30.6164732283464
17091.8257692395,29.1602897637792
17099.4930021987,28.7570456692913
17111.7605749337,28.6844984251967
17134.7622738116,28.1609204724401
17159.2974192815,28.2822559055118
17183.8325647513,27.6625629921257
17217.5683897723,26.092675853017
17266.6386807119,25.4009535433068
17315.7089716515,24.4137553805766
17346.3779034888,22.1168524934372
17370.9130489586,19.7940716535434
17383.1806216935,20.0319753280848
17395.4481944284,22.329766404202
17407.7157671633,21.7547055118104
17419.9833398983,20.9626952755905
17438.3846990006,22.3180937007886
17469.0781147139,24.73
17518.3810900005,25.3658514435695
17567.6840652871,24.4353842519662
17589.254116975,21.4871212598439
17600.039142819,19.2694467191599
17623.1499124846,18.0943196850393
17647.8014001279,19.5349220472448
17660.1271439496,22.5456322834661
17678.6157596821,23.4823960629919
17690.9415035037,22.077335433071
17703.2672473254,21.8594188976384
17710.9708372139,23.8035601049887
17717.1337091248,25.4971165354341
17723.2965810356,25.3862060367456
17729.4594529464,24.1562842519678
17732.5408889018,23.0316236220471
17740.2444787904,23.5583270341212
17746.4073507012,23.6083740157476
17752.570222612,23.0828535433072
17755.6516585674,22.5378225721785
17761.8145304783,21.4657120734888
17764.8959664337,18.3872921259825
17767.9774023891,17.556736745407
17777.2217102553,19.301169553806
17786.4660181216,19.6185716535431
17798.7917619432,17.9554031496059
17804.9546338541,17.2313821522308
17818.9154478649,17.5759897637808
17833.4810102077,19.0434679790022
17853.508658429,21.2646834645679
17868.0742207719,23.4706858267721
17875.3570019433,22.7741556430437
17882.6397831146,19.6328089238811
17888.1018689932,17.7607779527558
17895.3846501646,17.0759160104987
17902.667431336,16.0495603674535
17909.9502125074,15.3830496062989
17917.2329936788,15.6044385826778
17922.6950795574,15.9947524934383
17929.9778607287,15.6895244094486
17937.2606419002,15.8695538057744
17938.1709895466,18.2164485564326
17939.081337193,19.2674118110221
17939.9916848394,18.0431976377957
17940.9020324859,17.3846580052493
17944.5434230715,17.8098582677163
17950.0055089501,17.504997375328
17957.2882901215,17.0540503937003
17964.5710712929,16.7773984251968
17971.8538524643,17.1402097112862
17979.1366336357,16.3753960629916
17986.4194148071,15.6278291338577
17993.7021959785,16.3314517060374
18000.9849771499,17.3151236220472
18006.4470630285,17.5760212598426
18008.2677583213,18.1328125984252
18010.0884536142,17.9818734908133
18011.909148907,17.136212598424
18015.5505394927,16.6397944881891
18019.1919300784,15.987575590551
18022.8333206641,14.2817393700772
18026.4747112498,12.9069225721783
18031.9367971284,12.0776015748027
18037.3988830069,11.4440078740156
18041.0402735926,10.6928540682417
18042.8609688854,10.9267992125988
18044.6816641783,12.6841330708685
18046.5023594712,14.6674375328092
18048.323054764,15.0703624671917
18050.1437500568,14.2196039370074
18051.9644453497,13.1446729658792
18055.6058359354,12.3833102362203
18059.2472265211,11.8836692913376
18061.067921814,11.266255905512
18062.8886171068,12.8344503937009
18066.5300076925,14.490036220473
18070.1713982782,14.0460585301831
18073.8127888639,12.3117973753273
18077.4541794496,11.1986362204722
18079.2748747424,9.95936876640419
18081.0955700353,8.50616666666631
18082.9162653282,8.52502755905625
18084.736960621,10.1996083989516
18086.5576559138,11.1976671916009
18088.3783512067,10.8601125984251
18090.1990464995,11.5163664042001
18092.0197417924,13.1587328083996
18093.8404370852,14.4222629921269
18095.6611323781,15.6919086614172
18097.481827671,17.5240461942256
18099.3025229638,18.3281094488194
18100.2128706102,18.6320293963248
18101.1232182567,17.74931023622
18102.9439135495,17.3218559055118
18106.5853041352,17.4204330708662
18110.2266947209,17.9918766404201
18117.5094758923,20.2746850393721
18121.150866478,22.4264632545937
18128.4336476494,21.9951372703417
18132.0750382351,19.5318496062985
18133.895733528,17.6623745406818
18135.7164288208,16.8404490813647
18137.5371241137,15.346298425195
18139.3578194065,13.10195511811
18141.1785146994,12.4506007874015
18142.9992099922,13.08777480315
18144.8199052851,15.5713454068281
18146.6406005779,19.6799385826791
18148.4612958708,21.0412787401575
18152.1026864565,18.7089435695532
18157.564772335,18.4196018372704
18159.3854676278,19.8682960629927
18161.2061629207,19.9028461942254
18163.0268582135,19.5279947506561
18164.8475535064,19.8789771653544
18166.6682487992,20.7362737532815
18168.4889440921,21.438745144357
18170.309639385,21.0122771653534
18172.1303346778,20.6877601049869
18173.9510299707,21.522754068241
18175.7717252635,23.1357015748035
18177.5924205564,23.2986774278212
18179.4131158492,20.7268574803138
18183.0545064349,18.7231952755906
18186.6958970206,18.7798104986878
18188.5165923134,18.2771346456694
18190.3372876063,16.2234496062986
18193.978678192,15.5034999999996
18195.7993734848,14.8886979002628
18197.6200687777,14.1687007874016
18198.5304164241,13.9002414698162
18199.4407640706,14.2967086614175
18201.2614593634,15.5740354330716
18203.0821546563,16.8739771653547
18204.9028499491,19.2288853018368
18206.7235452419,20.800901574803
18208.5442405348,19.4673860892365
18215.8270217062,17.5853619422565
18223.1098028776,16.7333527559056
18230.392584049,16.425382152231
18234.0339746347,16.9626304461944
18237.6753652204,17.7844110236218
18241.3167558061,17.0184498687653
18244.9581463918,16.2523808398951
18252.2409275632,17.4012700787401
18259.5237087346,18.1978280839896
18266.806489906,18.1271414698161
18274.0892710774,17.7881661417321
18281.3720522488,18.4655960629921
18288.6548334202,18.1638073490813
18303.220395763,17.3670503937007
18317.7859581058,18.1922795275602
18325.0687392772,19.101739895013
18332.3515204486,18.0934196850399
18335.9929110343,17.169202362205
18339.63430162,17.7478829396325
18342.9618323354,17.8860992125985
18347.7270057388,17.9425005249334
18355.6689614112,16.9180687664042
18368.376090487,16.7531417322834
18381.0832195628,18.5797438320221
18396.9671309075,19.0344068241463
18409.6742599833,18.223488188976
18422.3813890591,18.3862582677165
18435.0885181349,18.8765976377951
18460.5027762865,17.8379236220471
18479.5634699002,16.1635551181092
18514.5080748587,14.5489370078732
18571.6901556998,14.5666850393695
18599.3369157585,17.9324971128617
18615.6599582623,22.8242719160111
18634.1594064332,23.3567401574802
18662.4526801065,22.9568976377949
18699.4515764484,23.7537918635171
18723.3920387872,24.0078023622046
18765.1097324958,23.4746467191596
18812.8339655031,21.356392125982
18827.7477883179,20.9568283464571
18838.1874642883,21.8547551181101
18844.1529934142,20.3698958005237
18850.1185225401,18.6272078740158
18856.084051666,18.0996230971127
18857.5754339475,16.9913769028853
18859.0668162289,15.7012685039373
18860.5581985104,15.6430330708662
18862.0495807919,16.5547007874022
18863.5409630734,17.014320472441
18865.0323453548,17.2216288713906
18866.5237276363,17.0532839895014
18869.5064921993,18.0717456692907
18872.4892567623,19.8665435695541
18881.4375504511,19.3788795275573
18893.368608703,17.5088811023615
18899.3341378289,16.9806868766402
18905.2996669548,18.7253341207358
18911.2651960807,19.7827488188976
18921.7048720511,18.3865488188973
18926.1790188955,18.1945955380585
18932.1445480214,19.2643165354325
18938.1100771473,19.1910293963255
18941.0928417103,18.0199139107606
18947.0583708362,17.0629708661414
18950.0411353991,17.7984343832029
18953.0238999621,18.5313981627296
18958.989429088,17.6496110236222
18970.9204873398,17.8393086614176
18982.8515455917,19.3986524934389
18988.8170747176,19.5186913385824
18994.7826038435,18.574143307087
19000.7481329694,17.440975590551
19012.6791912212,17.3812314960632
19021.6274849101,19.1726288713919
19027.593014036,19.5997973753272
19036.5413077249,18.9067897637796
19039.5240722879,18.587682152231
19042.5068368508,17.5422131233584
19046.9809836952,15.3474842519675
19049.9637482582,14.2701309711283
19052.9465128212,13.9931582677165
19054.4378951026,14.5748944881892
19055.9292773841,16.2619391076117
19057.4206596656,17.6215729658787
19060.4034242286,16.6359740157468
19066.3689533545,16.1894511811021
19075.3172470433,18.7938044619429
19087.2483052952,20.6705866141727
19093.2138344211,18.8120501312329
19099.179363547,16.5054335957987
19102.16212811,15.9558866141733
19109.6145985165,16.68785511811
19121.5379946172,18.4974776902896
19133.461390718,18.6922992125976
19139.4230887683,17.2750183727024
19145.3847868187,16.2579160104987
19151.3464848691,16.8791031496062
19155.8177584069,16.3473393700788
19160.2890319446,14.7252637795264
19170.7220035328,13.5608716535428
19182.6453996335,13.2826784776901
19194.5687957342,14.1793149606301
19206.492191835,15.6630960629932
19218.4155879357,17.9934419947511
19230.3389840364,19.9856732283474
19242.2623801372,19.7249330708659
19254.1857762379,19.0484330708662
19266.1091723386,18.6228931758528
19286.9751155149,17.935611811023
19304.860209666,18.0111608923885
19328.7070018675,18.0683065616798
19334.6686999179,17.5757275590548
19340.6303979682,16.530366929134
19361.4963411445,15.1136377952748
19397.2665294467,13.2886771653522
19421.1133216482,11.7896740157482
19473.8050633792,11.7419666666667
19507.538071711,12.2286023622048
19514.2846733774,11.3903044619421
19527.7778767101,10.2458976377947
19531.1511775433,8.82434330708636
19534.5244783765,7.25064934383242
19541.2710800429,6.86072467191628
19554.7642833756,8.71296614173427
19558.1375842087,9.86121286089254
19561.5108850419,9.50663385826791
19568.2574867083,9.11752362204728
19571.6307875415,8.88289711286087
19575.0040883746,8.46298792650946
19581.750690041,9.43427401574955
19608.7370967064,10.1507049868766
19615.4836983728,9.80316246719149
19625.6036008723,11.0947031496072
19635.7235033719,12.0525338582678
19644.1567554548,11.0223868766396
19652.5900075378,10.4332
19666.0832108705,10.7166094488189
19679.5764142032,10.0712761154855
19686.3230158696,8.50588503936921
19693.0696175359,7.93448451443604
19696.4429183691,8.99859999999946
19699.8162192023,10.2312299212601
19703.1895200355,11.2282758530186
19706.5628208687,12.0931482939635
19713.309422535,12.6612740157487
19716.6827233682,13.6024118110235
19720.0560242014,15.0107068241467
19723.4293250346,16.5755385826775
19726.8026258677,17.3985372703419
19736.9225283673,18.7807713910769
19743.6691300336,20.0448307086613
19747.0424308668,21.2270745406825
19750.4157317,21.1976624671916
19757.1623333664,19.4571905511797
19763.9089350327,18.4731572178493
19768.0130026772,21.4803026246694
19770.1663248376,25.3722685039374
19772.319646998,24.6282312335946
19774.4729691584,22.6717451443567
19776.6262913187,22.7465606299222
19780.9329356394,22.4982650918635
19789.5462242808,22.5437863517059
19793.8528686016,21.8151968503931
19798.1595129223,19.9370992125962
19806.7728015637,17.911760629921
19815.3860902052,17.5139606299213
19823.9993788466,17.6691653543308
19832.612667488,19.5669543307085
19841.2259561295,22.7501622047269
19849.8392447709,28.6685994750725
19858.4525334124,34.1174640419939
19862.7591777331,34.5437724409449
19864.9124998934,35.1782296587937
19867.0658220538,39.486040419948
19871.3724663745,44.2817188976399
19875.6791106952,45.1083750656167
19879.985755016,41.5449031496087
19884.2923993367,35.8315590551172
19888.5990436574,33.3512309711281
19892.9056879781,31.9526230971119
19897.2123322988,28.5377937007883
19901.5189766196,26.6344703412072
19905.8256209403,27.8540149606297
19910.132265261,28.3777188976382
19914.4389095817,29.431477952757
19918.7455539024,28.8347209973761
19923.0521982232,27.5201307086616
19927.3588425439,26.3664456692913
19931.6654868646,26.5664559055119
19935.9721311853,29.3300015748044
19940.278775506,30.5607679790026
19944.5854198268,28.956284251969
19948.8920641475,28.903658267717
19953.1987084682,33.0924724409477
19961.8119971096,36.696585301839
19979.0385743925,37.6270023622061
19996.2651516754,33.4667419947494
20013.4917289583,28.1628427821517
20030.7183062412,24.6890842519677
20039.3315948826,23.1359060367442
20056.5581721655,21.8850698162733
20073.7847494484,19.7929102362209
20082.3980380898,18.6631314960634
20086.7046824105,19.5059236220475
20091.0113267313,19.6023236220471
20095.317971052,18.7445635170604
20099.7036574858,18.438372703412
20104.1353860811,17.2714047244094
20108.5671146763,15.8989157480306
20112.9988432716,14.9711020997378
20117.4305718669,15.7147094488184
20121.8623004621,17.1129622047244
20126.2940290574,17.3962800524937
20130.7257576526,18.2563377952758
20135.1574862479,18.7177448818899
20139.5892148432,19.4763144356955
20144.0209434384,20.5880173228341
20152.8844006289,22.6748493438327
20157.3161292242,23.776181102362
20161.7478578195,22.3669590551168
20166.1795864147,19.7673863517064
20170.61131501,17.2272797900257
20175.0430436052,15.6045133858269
20179.4747722005,15.0163139107611
20183.9065007958,14.9524944881875
20188.338229391,13.874620472441
20192.7699579863,14.4152005249344
20197.2016865815,16.5060215223114
20201.6334151768,19.207081889764
20206.0651437721,22.0973532808421
20210.4968723673,24.5118934383206
20214.9286009626,25.6257850393702
20219.3603295578,25.26234671916
20223.7920581531,25.2946842519687
20228.2237867484,25.2601535433067
20237.0872439389,23.690519947507
20245.9507011294,21.8335330708655
20263.6776155104,19.4696842519691
20272.541072701,16.8274905511805
20281.4045298915,16.3411068241471
20290.267987082,16.7416425196851
20299.1314442725,16.9246703412073
20307.994901463,18.4953979002637
20316.8583586536,20.6981
20325.7218158441,21.8003916010492
20334.5852730346,20.7730278215223
20343.4487302251,21.2353015748027
20352.3121874156,23.0632795275593
20361.1756446062,24.2981120734909
20370.0391017967,23.906949606299
20378.9025589872,21.7352039370089
20387.7660161777,19.3393377952752
20396.6294733682,17.7742118110237
20405.4929305588,15.8030658792648
20414.3563877493,15.5146916010508
20423.2198449398,17.4980236220459
20432.0833021303,19.9764443569549
20440.9467593208,23.7432947506584
20445.3784879161,28.9211244094502
20454.2419451066,30.0132188976377
20463.1054022971,25.62190656168
20471.9688594877,22.7703236220474
20480.8323166782,22.3575015748031
20502.9909596545,21.5364853018366
20551.7399742023,20.5101354330703
20587.1938029644,20.3763653543306
20618.2159031312,22.2366803149611
20627.0793603218,24.9108330708666
20635.9428175123,26.9672068241474
20640.3745461075,28.9011275590573
20644.8062747028,30.8158519685038
20649.2380032981,30.4656850393703
20653.6697318933,27.6361236220461
20658.1014604886,24.5344110236207
20662.5331890838,22.072757480314
20671.3966462744,20.9445120734909
20680.2601034649,20.668811023622
20684.6918320601,19.8114293963255
20689.1235606554,19.5541118110237
20693.5552892507,22.116170078742
20697.9870178459,22.9500052493443
20702.4187464412,21.3917364829395
20711.2822036317,19.9907464566926
20720.1456608222,19.5484839895013
20737.8725752033,21.7376123359606
20756.3786818031,24.5890795275591
20774.9658923344,24.0671477690299
20793.5531028658,21.2218656167972
20830.7275239285,18.9336708661403
20867.9019449912,17.7735868766406
20886.4891555225,19.6869236220465
20905.0763660539,24.3776826771673
20928.3103792181,27.6605270341205
20937.6039844837,27.7106346456686
20946.8975897494,25.9708677165336
20956.1911950151,24.8235782152245
20965.4848002808,23.6110202099737
20984.0720108121,23.8539519685041
20998.0124187106,24.2293614173228
21007.3060239763,21.9618482939618
21016.599629242,21.6250362204725
21025.8932345077,22.9935892388447
21044.480445039,23.7566091863518
21072.361260836,25.1169708661433
21090.9484713674,27.3520690288721
21109.5356818987,30.4515312335952
21128.1228924301,30.9151984251966
21146.7101029614,27.9113561679799
21156.0037082271,23.3697107611536
21165.2973134928,20.3725984251948
21174.5909187584,21.5289267716519
21183.8845240241,32.5146960629899
21193.1781292898,47.8157748031564
21202.4717345555,58.4595057742789
21211.7653398211,61.6558440944882
21221.0589450868,61.6942078740157
21230.3525503525,60.8433968503942
21239.6461556182,60.3809052493439
21248.9397608838,61.5046291338584
21258.2333661495,59.4143406824098
21267.5269714152,52.1027803149643
21286.1141819465,44.2873850393691
21300.054589845,38.0092506561629
21316.31839906,33.7380611548548
21327.9354056421,32.3134700787403
21332.5822082749,32.3259317585301
21346.5226161734,31.6617228346458
21351.1694188063,32.6514614173238
21355.8162214391,35.5227955380609
21360.4630240719,38.6521425196868
21365.1098267048,39.0078874015749
21367.4332280212,39.7981026246737
21369.7566293376,48.8735986876663
21372.080030654,63.5197251968557
21376.7268332868,71.5087824147031
21381.3736359197,74.4018007874012
