"AGE","GR"
2540.71712388369,23.8463934383202
2542.64620643095,24.3646653543304
2544.57528897821,24.6082677165358
2546.50437152547,24.7379385826773
2548.43345407272,25.9289412073493
2550.36253661998,27.4226023622044
2552.29161916724,29.7706251968498
2558.07886680902,28.2291333333334
2565.79519699805,28.0515440944882
2573.51152718709,28.6766892388449
2577.3696922816,27.9220419947508
2581.22785737612,27.3758598425197
2585.08602247064,26.8607942257214
2588.94418756516,24.098901312336
2596.66051775419,23.9038299212599
2604.37684794323,25.7060986876641
2619.80950832129,26.6938094488188
2635.24216869936,27.9750275590566
2650.67482907743,28.9862044619422
2662.24932436098,28.1286703412067
2668.03657200276,25.5382503937008
2673.82381964454,25.0469118110234
2681.54014983357,23.7464921259844
2689.25648002261,24.6985511811024
2704.68914040067,23.6560545931748
2712.40547058971,23.4192078740155
2716.26363568423,25.5283952755913
2719.15725950511,28.1571511811026
2720.1477604149,27.675098425197
2721.31787624054,27.2647984251982
2722.48799206618,29.5572351706037
2723.65810789182,31.1316419947507
2729.50868702001,26.9700181102354
2731.84891867129,26.9427771653544
2734.18915032256,27.5586708661417
2736.52938197384,31.9143700787401
2738.86961362512,33.3772719160108
2741.20984527639,33.9278118110234
2743.55007692767,34.8951330708661
2745.89030857895,34.0188863517055
2748.23054023022,28.953096850395
2757.59146683533,27.745790551181
2766.95239344044,27.6358587926512
2776.31332004554,28.1480559055118
2783.33401499937,25.9398622047233
2788.01447830193,24.4219480314971
2795.03517325575,21.2432551181103
2799.71563655831,18.0213842519663
2804.39609986086,15.4505713910762
2806.73633151214,15.7188131233601
2809.07656316341,18.0418157480315
2811.41679481469,17.1993225721784
2813.75702646597,15.9392215223096
2816.09725811724,16.3582976377953
2818.43748976852,16.2493409448818
2820.7777214198,15.8592073490813
2823.11795307107,16.5279716535435
2825.45818472235,20.0774104986875
2827.79841637363,19.6425023622047
2832.47887967618,20.1339732283466
2835.98922715309,21.2859089238842
2838.32945880437,19.7424220472439
2843.00992210692,19.4778582677167
2846.52026958384,20.6829228346455
2848.86050123512,19.8588698162727
2850.03061706075,19.9708803149605
2851.20073288639,20.4688
2852.37084871203,21.8941929133851
2853.54096453767,21.0871062992126
2855.88119618895,21.0247703412073
2864.07200696841,21.7712217847769
2873.43293357351,21.0847755905512
2886.30420765554,21.0938
2898.00536591193,21.7768023622045
2916.72721912214,20.5540039370081
2924.91802990161,20.3392469816276
2929.59849320416,19.9375
2933.10884068107,19.1608976377953
2937.78930398363,18.9521094488189
2942.46976728618,17.9463582677161
2944.80999893746,16.6692913385826
2945.98011476309,16.0367863517059
2947.15023058873,16.8982467191611
2947.73528850155,17.6718543307084
2948.32034641437,19.6994461942259
2950.66057806565,18.4637307086616
2951.24563597847,18.4649582677165
2951.83069389129,19.9878000000012
2953.00080971692,20.4684351706036
2954.17092554256,19.4729330708662
2956.51115719384,20.6313656167977
2958.85138884512,20.7919787401573
2960.02150467075,20.4844
2961.19162049639,22.6374511811024
2961.77667840921,22.8306469816271
2962.36173632203,21.1925173228351
2962.94679423485,20.0759131233595
2963.53185214767,19.4798091863514
2964.11691006049,17.432922834646
2964.70196797331,17.5801674540679
2965.28702588613,16.8986661417323
2965.87208379895,15.5361661417323
2966.16461275536,15.954505511813
2966.45714171176,20.6366629921257
2967.04219962458,23.0234740157481
2968.21231545022,23.2629992125985
2969.38243127586,22.2755976377953
2969.96748918868,22.2598259842519
2970.5525471015,21.0678559055117
2972.89277875278,20.3494094488187
2973.47783666559,19.5738188976378
2974.06289457841,18.5527034120732
2974.35542353482,14.8316595800524
2974.64795249123,14.5312
2974.94048144764,15.660991076116
2975.23301040405,14.4679335958007
2976.40312622969,14.7751779527561
2977.57324205533,16.5355669291344
2979.91347370661,16.2493598425198
2982.25370535788,15.5781
2984.59393700916,16.9119892388449
2986.93416866043,16.9691590551182
2988.10428448607,16.0607614173226
2989.27440031171,14.7135666666667
2990.44451613735,13.2934146981627
2991.61463196299,13.3287755905509
2992.78474778863,15.2793818897639
2993.95486361426,16.809690026247
2998.63532691682,19.0091944881891
3000.97555856809,20.0246317585297
3003.31579021937,16.4639034120746
3007.99625352192,15.2266094488191
3011.50660099884,16.9112692913393
3013.84683265012,18.1745354330708
3016.18706430139,19.3414322834652
3018.52729595267,21.4436779527555
3020.86752760395,23.5280283464567
3023.20775925522,25.468481889764
3024.37787508086,26.1844976377952
3025.5479909065,26.086237270341
3026.71810673214,26.0696125984252
3027.88822255777,25.019743832021
3029.05833838341,24.1003937007875
3030.22845420905,23.0654299212597
3030.81351212187,21.8156713910759
3031.39857003469,21.1771884514431
3031.98362794751,23.7273196850398
3032.56868586033,23.7210908136489
3033.15374377315,25.6355118110237
3033.73880168597,27.6491338582687
3034.9089175116,26.1196551181092
3036.07903333724,28.2047845144356
3036.66409125006,27.8281
3037.24914916288,27.4768362204724
3037.8342070757,27.8838582677167
3038.41926498852,26.1624346456698
3039.00432290134,23.1158149606302
3039.58938081416,24.1993627296596
3039.88190977057,26.160822047244
3040.17443872698,25.2133593175852
3040.46696768339,22.8487692913386
3040.7594966398,22.2931724409448
3041.34455455262,24.4278215223104
3041.92961246543,23.890562992126
3043.09972829107,22.5880905511807
3044.26984411671,23.5845244094479
3045.43995994235,27.714380314961
3046.61007576799,29.7800401574805
3047.78019159363,29.6990559055119
3050.1204232449,30.6357866141727
3052.46065489618,28.6305614173233
3053.045712809,25.7565456692914
3053.63077072182,21.7165771653527
3054.21582863464,17.5654527559057
3054.80088654746,18.3006889763784
3055.38594446028,21.4523824146979
3055.9710023731,27.0246007874016
3057.14111819873,28.913620209975
3058.31123402437,29.1293073490813
3060.65146567565,31.4758937007873
3062.99169732692,29.6757682414702
3065.3319289782,29.8018212598427
3067.08710271666,30.8446338582681
3068.84227645511,31.9660433070867
3073.52273975767,32.2662401574807
3089.90436131661,35.2052149606314
3094.58482461916,30.8102698162727
3101.60551957299,25.2636162729638
3110.96644617809,23.8162889763778
3113.89173574219,26.7120582677174
3115.06185156783,31.6941448818887
3116.23196739347,30.8571330708665
3117.40208321911,29.8062664041987
3117.98714113192,28.2304102362205
3118.57219904474,27.2306669291338
3119.74231487038,24.3246391076112
3120.91243069602,26.1163057742782
3122.08254652166,27.6500984251974
3123.2526623473,28.0204640419948
3124.42277817293,28.310183727034
3125.30036504216,28.2978842519684
3125.88542295498,29.1497931758529
3126.76300982421,28.0649926509184
3128.51818356267,28.1414362204722
3130.85841521395,30.8856272965888
3133.19864686522,34.6761811023629
3135.5388785165,32.0617322834646
3137.87911016778,27.1900377952735
3141.38945764469,24.0614889763782
3148.41015259852,21.9089448818894
3155.43084755235,21.5242992125983
3162.45154250618,22.7342057742778
3174.15270076256,26.6789858267722
3197.55501727533,27.9040514435695
3231.48837621884,28.2417181102363
3245.5297661265,32.7185188976373
3260.7412718598,34.4148265091864
3271.27231429054,33.5443233595801
3275.36771968028,34.3486551181102
3280.04818298283,33.1177175853012
3293.50451497767,28.5579719160122
3317.83997895648,23.9441574803149
3328.31471010701,25.8939968503951
3338.78944125755,33.5298606299193
3349.26417240809,38.2534055118108
3359.73890355862,37.7695472440944
3370.21363470915,38.3408874015747
3375.45100028442,43.0014763779511
3380.68836585969,39.1917881889766
3385.92573143496,31.7180230971124
3388.54441422259,28.1850393700788
3392.47243840404,29.5695538057741
3396.40046258549,32.9542322834646
3399.01914537312,32.6143456692912
3404.25651094839,28.554109448819
3406.87519373602,26.4997291338597
3412.11255931129,25.1094
3417.34992488656,22.0054133858265
3418.65926628038,20.4924540682417
3419.96860767419,23.3100393700798
3421.27794906801,28.5988010498677
3422.58729046183,29.102182152231
3423.89663185564,26.6704236220468
3425.20597324946,26.6965456692909
3427.8246560371,27.3127595800522
3430.44333882473,24.3494094488194
3433.06202161236,21.1110724409445
3435.68070439999,22.9335167978998
3438.29938718763,21.8143881889764
3440.91806997526,20.4225551181102
3443.53675276289,20.8957999999997
3446.15543555053,22.033462992126
3448.77411833816,22.8753632545933
3454.01148391343,21.8326658792652
3457.93950809488,20.6625141732284
3460.55819088252,20.6167606299214
3463.17687367015,21.5784026246722
3469.72358063923,24.5615527559058
3480.19831178977,26.3963700787397
3490.6730429403,27.9322346456695
3501.14777409084,29.3338094488185
3506.3851396661,29.1937393700789
3511.62250524137,31.1518708661427
3516.85987081664,33.1449417322835
3518.16921221045,32.9209170603674
3519.47855360427,29.5172244094487
3520.78789499808,30.5615157480315
3522.0972363919,30.7823412073491
3523.40657778572,27.556094488189
3524.71591917954,27.4370992125984
3527.33460196717,29.329184776902
3529.95328475481,28.8116414698161
3537.80933311771,28.6724850393703
3548.28406426824,30.6764409448816
3569.23352656931,32.5572997375331
3579.70825771985,33.9790346456699
3584.94562329511,31.5439952755906
3592.80167165801,28.4452803149599
3609.27428697695,30.3890755905499
3614.74991234583,33.4038393700786
3627.52637153989,30.9492262467198
3638.47762227765,25.6719
3660.38012375318,24.5748527559044
3674.98179140354,23.8891236220469
3682.28262522871,26.5074283464566
3689.58345905389,31.7242637795273
3704.18512670424,31.2813608923885
3722.43721126718,32.0398677165356
3735.21367046124,32.3436679790024
3742.51450428642,32.260032283464
3751.64054656789,28.8061110236227
3758.94138039307,28.0120855643046
3762.59179730566,28.9487868766402
3766.24221421824,26.8099472440951
3768.06742267454,28.919665616799
3769.89263113083,33.6761811023614
3771.71783958713,33.4702614173231
3773.54304804342,30.9220467191586
3777.19346495601,27.4163868766404
3786.31950723748,27.4773622047244
3800.92117488783,29.9792724409444
3828.29930173224,30.6492199475065
3857.50263703295,31.7130692913388
3881.23034696477,34.4537401574802
3888.53118078995,34.8304125984252
3895.83201461513,36.3990897637793
3903.1328484403,40.1496062992129
3917.73451609066,36.3645401574799
3941.46222602248,30.7986086614182
3970.66556132319,28.4453829396326
3987.09243742983,25.9107396325473
4001.69410508019,24.2200629921259
4016.29577273054,27.751954855644
4027.2470234683,33.4170272965875
4036.37306574977,35.3656496062996
4050.97473340014,39.7142706036734
4065.57640105048,42.5741842519681
4080.17806870083,39.1340913385807
4092.95452789489,32.3676787401582
4107.55619554525,30.9435317585302
4118.50744628301,31.6269984251965
4123.07046742375,32.3448535433071
4125.80828010819,32.3052866141733
4128.54609279263,28.6934204724412
4131.28390547707,26.9081685039371
4144.06036467113,29.6290669291326
4158.66203232148,33.8139763779525
4171.43849151554,31.0816204724408
4211.59307755401,29.6855863517064
4240.79641285472,30.0539125984254
4249.92245513619,30.3471288713919
4257.22328896136,28.8565952755906
4264.52412278654,27.8920283464564
4271.82495661172,28.2988685039362
4279.12579043689,31.3641839895014
4286.42662426207,34.2967519685034
4301.02829191242,32.3815713910765
4308.3291257376,29.6439968503933
4315.62995956278,28.8722614173228
4319.28037647536,28.9384616797899
4322.93079338795,30.9526078740157
4330.23162721313,31.7617007874017
4337.53246103831,33.0411745406822
4344.83329486348,32.7975721784777
4357.60975405754,30.4281842519672
4386.81308935825,27.6163060367451
4394.11392318342,26.4451779527562
4401.4147570086,27.5671937007875
4408.71559083378,28.8617125984256
4416.01642465895,31.1145199475067
4445.21975995966,31.0024464566929
4474.42309526037,27.6195015748016
4496.32559673589,28.1442131233592
4510.92726438625,27.2953007874015
4525.5289320366,24.9255341207335
4540.13059968693,26.0444771653542
4547.43143351213,27.3848204724413
4551.08185042472,26.6423761154843
4554.73226733731,26.5226377952755
4562.03310116248,29.6938881889777
4569.33393498766,32.866051968504
4583.93560263801,33.4995900262467
4605.83810411354,33.097721259842
4620.4397717639,32.3468981627296
4627.74060558907,33.3052031496066
4636.86664787054,32.5233385826772
4642.34227323943,33.7520787401581
4645.99269015201,38.9375443569574
4647.81789860831,42.1676188976384
4649.6431070646,44.2817921259844
4653.29352397719,43.7059233595802
4656.94394088978,41.6115102362197
4660.59435780237,41.3286362204741
4675.19602545272,45.8931517060368
4689.79769310307,46.7188
4715.35061149119,44.9359916010503
4722.65144531637,42.2266740157481
4729.95227914154,39.3124999999957
4737.25311296672,32.1579236220471
4744.5539467919,26.5287545931743
4748.20436370449,24.2630897637794
4751.85478061707,21.7193401574802
4755.50519752966,21.6474897637801
4759.15561444225,25.2680031496072
4762.80603135484,27.0495973753279
4766.45644826743,26.3987076115486
4770.10686518001,26.7501338582679
4773.7572820926,28.636647244094
4777.40769900519,27.3643212598424
4781.05811591778,26.7663881889762
4784.70853283037,27.3955637795278
4788.35894974296,26.4301181102362
4795.65978356813,24.1289370078721
4806.6110343059,22.6886482939633
4821.21270195625,21.2457081364825
4835.8143696066,22.4268976377953
4865.01770490731,24.2904797900263
4894.22104020802,25.6040908136486
4908.82270785837,26.4372929133859
4923.42437550872,28.1508866141736
4938.02604315907,26.8102194225721
4950.80250235313,26.5306346456693
4958.10333617831,28.162981102363
4961.7537530909,29.0111958005255
4965.40417000349,30.1729464566921
4969.05458691608,28.4752803149607
4972.70500382866,25.8364661417319
4976.35542074125,25.6528078740167
4980.00583765384,29.0296425196851
4983.65625456643,31.7410598425207
4987.30667147902,28.0082007874018
4990.9570883916,27.3410438320212
4998.25792221678,28.7190569553814
5005.55875604196,28.2241700787402
5012.85958986713,27.3442477690291
5020.16042369231,29.5213320209975
5025.63604906119,29.9896448818898
5029.28646597378,29.9749015748027
5032.93688288637,28.9838209973752
5036.58729979896,27.4885992125982
5042.06292516784,27.180637007874
5049.36375899302,27.6152170603674
5056.66459281819,28.9222677165358
5065.79063509966,29.1904619422569
5067.61584355596,25.1096220472424
5069.44105201225,23.2546755905513
5071.26626046855,28.2188236220474
5074.91667738113,28.4880440944882
5075.82928160928,26.6272377952758
5076.74188583743,23.8581196850386
5077.65449006557,20.6051669291341
5078.56709429372,20.1795212598426
5079.47969852187,20.9630656167987
5080.39230275002,21.7242039370078
5081.30490697817,21.2336417322834
5082.21751120631,22.9600971128611
5085.8679281189,24.5690687664037
5089.51834503149,22.2286425196846
5093.16876194408,20.0630107611553
5096.81917885666,21.5680614173224
5111.42084650702,19.9725889763781
5118.72168033219,17.7386488188969
5126.02251415737,17.1794779527562
5133.32334798255,18.3940448818898
5140.62418180772,18.4806590551179
5155.22584945808,18.6322338582676
5169.82751710843,21.0461393700794
5184.42918475878,22.6683104986878
5206.33168623431,24.1492824146983
5233.70981307872,22.0161055118108
5262.91314837943,20.9557406824147
5277.51481602978,20.1663385826772
5293.94169213643,19.3555716535425
5301.24252596161,19.5791937007876
5306.71815133049,20.3679674540683
5310.36856824308,19.772851968504
5317.66940206825,18.0475480314959
5323.14502743714,16.3174052493433
5324.97023589343,17.4445858267715
5326.79544434972,17.6022044619429
5328.62065280602,17.8711482939634
5330.44586126231,19.4036913385827
5331.35846549046,19.2297795275588
5331.81476760454,17.9464041994752
5332.27106971861,16.4688
5333.18367394675,17.4095322834644
5334.0962781749,18.2566734908136
5335.92148663119,18.1550614173225
5337.74669508749,18.195225984252
5339.57190354378,18.7923755905511
5341.39711200008,19.4748
5342.30971622822,19.2980643044619
5343.22232045637,18.4462102362199
5344.13492468451,19.3228834645672
5345.04752891266,22.2201267716543
5345.96013314081,24.8630401574801
5346.87273736896,28.4061519685051
5347.7853415971,29.3690944881895
5348.69794582525,29.0357748031496
5350.52315428155,30.3223889763793
5352.34836273784,33.8445202099724
5353.26096696599,38.9646230971131
5354.17357119413,38.444103937007
5355.08617542228,35.1368110236224
5355.99877965043,30.6157926509174
5356.91138387857,26.8263708661418
5357.82398810672,23.792962992126
5359.64919656302,24.868422309711
5361.47440501931,24.0449314960629
5363.29961347561,23.7969
5365.1248219319,23.9409215223096
5366.03742616004,23.4917417322829
5366.95003038819,23.4528178477694
5367.86263461634,23.4438598425199
5368.77523884449,22.665338582676
5370.60044730078,19.8948204724413
5372.42565575708,18.6307498687665
5374.25086421337,18.7136086614171
5377.90128112596,19.3292322834645
5378.8138853541,19.992440682415
5379.72648958225,20.4373039370079
5380.6390938104,19.1470771653542
5381.09539592447,18.1742286089234
5382.00800015262,18.2353519685039
5382.4643022667,20.4115000000003
5384.28951072299,22.9699979002626
5386.11471917928,26.5144196850397
5387.93992763558,31.9922070866161
5389.3088339778,37.7081734908143
5389.76513609187,43.5740535433079
5391.59034454817,47.5753543307084
5393.41555300446,48.5432677165355
5395.24076146075,50.6393133858323
5397.06596991705,70.571850393701
5398.89117837335,81.4801509186375
5400.26008471556,67.2849409448861
5400.4882357726,49.0982611548533
5400.71638682964,34.8828740157431
5401.17268894371,28.3515259842525
5401.40084000075,24.99397007874
5401.85714211482,23.5257622047246
5402.54159528593,23.2415102362205
5403.45419951408,22.5696286089244
5404.36680374222,23.306420472441
5405.27940797037,22.1475921259841
5407.10461642667,19.8670052493439
5408.92982488296,19.7913661417326
5409.8424291111,17.9206196850384
5410.75503333925,18.3466879265087
5413.49284602369,16.3659973753288
5414.40545025184,16.167047244095
5416.23065870814,17.6344984251967
5418.05586716443,18.1403732283473
5419.88107562072,19.8531322834645
5423.53149253331,20.1649291338574
5427.1819094459,18.392880839895
5430.83232635849,19.9415685039372
5434.48274327108,21.4330055118115
5438.13316018367,19.0816073490816
5441.78357709625,18.116437795276
5445.43399400884,19.0603354330709
5449.08441092143,20.6895811023622
5450.90961937773,21.3703748031499
5454.56003629031,22.1559097112861
5458.2104532029,20.2942383202097
5460.0356616592,18.0017606299216
5461.86087011549,17.669870866142
5463.68607857178,19.6330992125989
5467.33649548437,21.8856787401575
5474.63732930955,23.1631918635171
5485.58858004731,24.6160614173236
5489.2389969599,22.3231133858266
5492.88941387249,20.5772637795267
5496.53983078508,19.3912401574804
5503.84066461025,19.8503795275587
5511.14149843543,18.9514233595801
5514.79191534802,18.8125
5518.44233226061,17.3812440944879
5522.0927491732,16.3109997375328
5525.74316608579,15.3071141732283
5529.39358299837,15.4869826771653
5533.04399991096,16.0379968503937
5538.51962527984,15.813390551181
5543.08264642058,15.6898173228349
5544.90785487688,17.524651968504
5547.18936544724,16.6868598425201
5549.01457390354,16.0285905511805
5551.2960844739,14.1577351706038
5553.1212929302,14.0501236220473
5554.94650138649,14.2150346456694
5557.68431407093,15.5204212598422
5561.33473098352,18.0936464566931
5571.37337749314,19.3884929133859
5575.02379440573,17.4239934383204
5578.67421131831,17.2005808398954
5582.3246282309,19.6546677165353
5585.97504514349,18.0802165354331
5589.62546205608,15.7649629921251
5593.27587896867,16.5860803149608
5595.10108742496,17.4923312335959
5596.92629588126,17.9774740157482
5598.75150433755,17.8293732283466
5600.57671279384,15.1818614173228
5602.40192125014,15.6506278215223
5604.22712970643,19.6075055118123
5606.05233816273,21.5746036745405
5609.70275507531,17.8786519685036
5612.44056775976,16.012136220472
5614.26577621605,15.7169488188976
5615.1783804442,16.0034671916009
5616.09098467235,14.9247787401577
5617.00358890049,14.468731496063
5617.91619312864,15.9302472440951
5619.74140158493,17.1446716535433
5621.56661004123,19.0156228346459
5622.47921426937,21.2081897637796
5624.30442272567,19.9718307086614
5627.95483963825,19.1388133858264
5629.78004809455,18.5700299212597
5631.60525655084,16.9242291338582
5633.43046500714,16.7252296587926
5635.25567346343,16.1202089238843
5637.08088191972,14.5117236220474
5638.90609037602,15.1335661417322
5640.73129883231,16.2330401574807
5644.3817157449,14.7740740157487
5648.03213265749,13.3530503937008
5649.85734111379,13.995633858268
5651.68254957008,14.3544047244093
5652.13885168415,15.0716078740158
5652.59515379823,15.7448086614172
5653.0514559123,15.6792307086615
5653.50775802637,15.4041094488191
5653.96406014044,14.6808188976378
5654.07813566896,13.0936275590551
5654.19221119748,12.0751068241468
5654.306286726,14.3166582677169
5654.42036225452,17.2156992125988
5654.8766643686,18.6389800524934
5655.33296648267,16.8804897637791
5656.24557071082,14.9031543307092
5657.15817493896,16.7557362204727
5658.07077916711,17.789878215223
5658.98338339526,17.7970960629921
5659.89598762341,17.9419685039374
5660.35228973748,18.1070669291343
5660.80859185155,18.2279330708661
5661.26489396562,24.3169472440991
5661.72119607969,35.8428477690278
5662.17749819377,42.675196850394
5662.63380030784,38.0587265091869
5664.45900876414,26.9166666666667
5666.28421722043,19.3413070866127
5669.93463413302,13.8677992125981
5671.75984258932,12.3873884514435
5675.4102595019,13.4949244094481
5679.06067641449,14.4481467191601
5684.53630178337,14.3618422572176
5688.18671869596,13.2626307086615
5695.48755252114,14.1597853018377
5699.13796943373,13.8968023622051
5706.4388032589,12.7111803149606
5716.47744976852,12.6724167979004
5730.9434132401,14.6972740157484
5738.38256859702,13.432116535433
5743.34200550163,11.8898215223101
5748.30144240624,11.0788703412075
5753.26087931085,10.9038913385835
5760.70003466777,12.7719700787401
5770.61890847699,14.2887217847769
5780.53778228622,13.6439700787401
5790.45665609544,13.1785254593175
5800.37552990466,10.9016488188972
5807.81468526158,10.3682598425197
5817.7335590708,10.2422779527561
5827.65243288002,9.56648792650869
5837.57130668925,11.2662748031497
5847.49018049847,11.6867377952757
5852.44961740308,11.3579976377954
5857.40905430769,11.3990141732284
5862.3684912123,11.6842551181106
5864.84820966461,11.7325039370079
5867.32792811691,11.7370566929124
5868.56778734307,10.5016236220469
5871.04750579537,12.1153055118111
5874.76708347383,12.9339566929138
5879.72652037844,10.4219228346457
5884.68595728305,10.7857023622051
5887.16567573536,12.7523362204725
5889.64539418766,16.7376047244097
5892.12511263997,20.4101884514447
5894.60483109227,20.043603149606
5899.56426799689,20.2497039370077
5902.04398644919,19.7044734908136
5904.5237049015,18.2377086614166
5907.0034233538,15.4040981627305
5909.48314180611,18.1958146981628
5911.96286025841,20.447237007875
5914.44257871072,20.4035346456694
5915.68243793687,20.7472354330713
5916.92229716302,20.9083574803142
5918.16215638918,21.6360913385825
5919.40201561533,21.5737897637802
5920.64187484149,21.293050393701
5921.88173406764,22.2322236220473
5923.12159329379,24.5459157480326
5924.36145251994,25.0872543307086
5925.6013117461,23.0773503937005
5926.84117097225,22.421954855643
5928.0810301984,22.9758858267715
5929.32088942455,23.8588228346463
5930.56074865071,24.2568700787404
5931.80060787686,24.6167511811019
5934.28032632916,21.2698976377959
5936.76004478147,16.3334808398942
5939.23976323377,14.6623685039379
5941.71948168608,15.7998677165355
5944.19920013839,17.44067952756
5946.67891859069,15.1385732283465
5949.158637043,14.9450682414698
5951.01842588223,14.7978007874016
5952.25828510838,16.4079724409447
5954.11807394761,17.0851377952753
5959.07751085222,15.8869443569554
5964.03694775683,14.9540220472441
5968.99638466144,18.5660220472455
5973.95582156605,20.2542992125984
5978.91525847066,17.6765251968503
5983.87469537528,17.034720472441
5988.83413227989,17.6927493438324
5993.7935691845,16.5106055118119
5998.75300608911,20.3478590551182
6001.23272454141,22.3640183727039
6003.71244299372,18.4754409448834
6008.67187989832,16.5376380577431
6011.15159835064,18.2345480314966
6013.63131680294,18.8840661417323
6014.87117602909,17.6349905511819
6016.11103525525,21.4814472440938
6018.59075370755,28.9705590551183
6023.55019061217,33.3118036745397
6028.50962751678,28.1999511811026
6033.46906442139,19.2156992125973
6035.94878287369,13.7236952755906
6038.428501326,14.3354931758531
6042.14807900446,15.8047393700791
6050.82709358753,16.8797732283461
6053.30681203983,14.1730803149602
6054.54667126599,13.4103244094486
6055.78653049214,12.5523874015744
6057.02638971829,12.1604876640416
6058.88617855752,12.3207921259842
6061.36589700982,15.2622921259853
6062.60575623597,15.7227333333334
6063.22568584905,15.5461118110236
6063.53565065559,16.4989905511818
6063.84561546213,18.3576275590549
6064.15558026866,23.9619582677193
6064.4655450752,37.5245181102354
6064.77550988174,44.9311023622049
6065.08547468828,36.4586519685002
6066.32533391444,26.8044887139104
6066.63529872098,19.6451887139104
6066.94526352752,15.4609
6067.56519314059,14.6424661417321
6067.87515794713,14.9563910761157
6068.18512275367,16.4590889763781
6068.80505236675,19.2804944881896
6069.42498197982,22.8974456692904
6070.0449115929,23.6577716535431
6070.66484120597,21.1752913385813
6071.28477081905,19.3474409448819
6071.90470043213,18.5639763779534
6073.14455965828,18.9024551181107
6074.38441888443,18.7587637795276
6075.62427811058,15.811096850396
6076.86413733674,19.2848776902888
6078.10399656289,21.297540157481
6078.72392617596,21.7344
6079.34385578904,19.8167811023621
6079.96378540212,17.8966031496062
6081.20364462827,18.1159952755906
6081.82357424135,18.1961406824145
6082.44350385442,17.1378472440945
6082.75346866096,16.8849874015748
6083.0634334675,18.861470866142
6083.68336308058,19.3051716535433
6084.30329269365,19.1376519685039
6084.92322230673,20.6169338582673
6085.54315191981,21.4612687664041
6086.16308153289,20.4858763779524
6086.78301114596,19.891716272966
6087.40294075904,19.0666763779525
6088.02287037211,18.7256897637795
6088.64279998519,18.0022146981628
6089.26272959826,17.1847540682411
6089.88265921134,16.9186417322835
6090.50258882442,16.5525094488188
6090.81255363096,14.2165637795277
6091.12251843749,13.1402669291339
6091.43248324403,15.1301346456698
6091.74244805057,14.5450535433071
6092.05241285711,13.698375590551
6092.36237766365,14.8393645669285
6092.67234247018,16.0372535433076
6092.98230727672,17.5487062992122
6093.29227208326,16.7861078740158
6093.6022368898,16.5805446194227
6093.91220169634,17.2219488188974
6094.22216650288,16.9168307086614
6094.53213130941,16.8108595800527
6094.84209611595,16.404018110236
6095.15206092249,18.6271015748035
6095.46202572903,21.5378259842518
6096.0819553421,20.0764464566929
6096.70188495518,20.8925503937009
6097.94174418133,22.5840973753282
6099.18160340749,21.8432283464565
6100.42146263364,19.2469522309718
6102.90118108594,15.8589078740153
6104.1410403121,15.458809448819
6105.38089953825,15.737757480315
6106.6207587644,15.4694503937007
6107.24068837748,15.2009
6107.55065318402,15.0241755905511
6107.86061799056,16.5993724409462
6108.1705827971,18.2136322834644
6108.32556520036,18.0365897637794
6108.48054760363,18.1091763779526
6108.6355300069,20.6408692913384
6108.79051241017,23.6897624671921
6108.94549481344,24.2110448818898
6109.10047721671,24.4267929133859
6109.41044202324,24.3978312335958
6109.72040682978,22.3030643044616
6110.03037163632,18.742766141732
6110.34033644286,16.6046965879268
6110.6503012494,18.2118905511812
6110.96026605594,18.6288259842521
6111.58019566902,18.8569926509184
6112.20012528209,17.9630721784777
6112.82005489517,17.6991629921259
6113.43998450825,20.5311677165366
6114.05991412132,21.5028692913387
6114.6798437344,21.564551181102
6115.29977334747,20.0941564304455
6115.60973815401,18.6158677165349
6115.91970296055,17.132521259842
6116.22966776709,18.175898687664
6116.53963257363,20.4086167979031
6116.84959738016,24.5098803149605
6117.1595621867,25.0222937007875
6117.46952699324,27.3115157480311
6117.77949179978,27.1380307086615
6118.08945660632,25.2387196850383
6118.24443900959,26.0991236220479
6118.39942141286,26.3837330708659
6118.55440381612,24.7709328083983
6118.70938621939,23.2026745406821
6119.01935102593,24.3171677165354
6119.63928063901,23.7643133858261
6121.49906947824,22.6844614173225
6123.97878793054,20.7853409448816
6125.83857676977,20.1466488188976
6127.07843599592,23.6162467191624
6128.31829522208,25.8197795275581
6128.93822483516,23.7698490813645
6129.55815444823,22.7383131233593
6130.17808406131,22.2260283464568
6130.79801367438,20.0680020997375
6131.41794328746,19.9688
6132.03787290054,17.746164566929
6132.65780251361,16.0994094488189
6133.27773212668,16.9912897637798
6133.89766173976,17.0989669291338
6134.51759135284,16.7900102362206
6135.13752096592,17.3595335958007
6136.37738019207,20.0445354330719
6138.85709864437,21
6140.09695787053,21.1023622047245
6141.33681709668,22.0055149606305
6141.95674670975,27.9456530183735
6142.57667632283,31.089951181104
6143.19660593591,31.245674015748
6145.05639477514,35.4688640420002
6147.53611322745,47.3652104986926
6150.01583167975,55.0575787401582
6152.49555013206,55.9915973753305
6154.97526858436,58.0853338582676
6156.83505742359,53.4163220472427
6158.07491664974,45.2830874015688
6158.69484626282,46.845425721785
6159.31477587589,49.2278543307099
6160.55463510204,45.5082480314948
6161.7944943282,37.4939304461924
6163.03435355436,31.8810149606289
6164.27421278051,28.943688976377
6169.8535792982,24.4353186351699
6174.81301620281,22.5659188976377
6178.53259388127,21.4556464566925
6182.25217155972,21.293925984253
6189.69132691664,23.7172944881894
6194.65076382125,24.9239800524936
6199.61020072586,24.5375826771656
6207.04935608278,21.1078897637782
6212.00879298739,17.4218666666647
6216.968229892,16.3942094488189
6219.44794834431,16.2577259842521
6221.92766679661,16.1548047244094
6225.64724447507,17.5170965879269
6226.88710370122,14.2006779527551
6229.36682215353,12.0338086614167
6230.60668137969,12.9139858267726
6238.39778544176,15.6278692913392
6249.46279251283,18.0508671916011
6260.52779958389,17.2394960629915
6267.4434290033,17.1726606299206
6286.80719137766,15.6719
6295.10594668095,13.9337795275591
6306.17095375201,13.2753685039367
6317.23596082307,12.3570740157473
6328.30096789413,12.5043551181104
6339.36597496519,14.0361094488197
6343.51535261683,14.784105511811
6347.66473026848,16.6650472440953
6353.19723380401,21.0657968503968
6358.72973733954,22.9949034120736
6367.02849264283,24.0199624671922
6372.56099617836,25.9686732283468
6378.09349971389,28.2417601049863
6394.69101032048,23.8825299212567
6416.8210244626,20.3884354330704
6427.88603153366,21.1416737532815
6438.95103860472,21.2985244094485
6450.01604567578,18.4825433070862
6458.31480097907,16.4295448818905
6461.08105274683,17.174851443569
6466.61355628236,18.4975716535455
6477.67856335342,20.7409937007873
6488.74357042448,20.3226527559044
6499.80857749554,18.7741141732287
6508.10733279884,19.2418981627297
6509.49045868272,19.8144141732272
6510.8735845666,18.3225653543307
6513.63983633436,18.7400952755907
6515.02296221824,21.3711850393699
6516.40608810213,20.1097204724405
6519.1723398699,16.6990934383191
6521.93859163766,18.29603464567
6524.70484340543,22.0089858267721
6527.47109517319,23.8257574803158
6530.23734694095,22.7452026246719
6533.00359870872,22.1005244094482
6538.53610224425,22.2523125984252
6544.06860577978,23.3895094488192
6549.60110931531,25.3167259842509
6555.13361285084,24.0961125984252
6557.8998646186,24.5407850393703
6568.96487168966,23.0589070866142
6591.09488583178,20.6131496062981
6613.2248999739,19.8752698162737
6621.52365527719,19.4324307086616
6622.90678116107,21.4822467191603
6624.28990704495,22.8417081364832
6627.05615881272,22.25414015748
6629.82241058048,19.8116125984236
6639.50429176766,16.7568897637789
6642.27054353543,17.328594488189
6645.03679530319,16.8307338582676
6646.41992118707,16.1745658792653
6647.80304707095,15.2465818897633
6649.18617295483,16.4792986876638
6650.56929883872,15.9015732283465
6651.9524247226,15.5022385826772
6653.33555060648,15.4793532808403
6654.71867649037,16.5501648293967
6656.10180237425,17.1597448818898
6657.48492825813,17.419616797901
6658.86805414202,18.2528047244094
6660.2511800259,17.3806929133857
6661.63430590978,17.4043223097097
6663.01743179366,16.66805144357
6664.40055767754,17.4257031496058
6672.69931298084,17.9454511811019
6675.4655647486,15.4579472440944
6678.23181651637,14.5880078740152
6683.7643200519,14.1521328083989
6689.29682358742,13.917755905512
6693.44620123907,13.9203149606299
6694.82932712296,14.1421889763782
6697.59557889072,15.3867370078737
6705.89433419402,14.974157480315
6721.10871891672,13.6023307086604
6743.23873305884,14.7272367454069
6754.3037401299,14.1615826771654
6763.98562131707,15.5627637795288
6766.75187308484,15.8478669291338
6770.90125073649,13.9671755905497
6773.66750250425,11.9153204724409
6776.43375427201,12.5762648293963
6777.81688015589,12.0256724409445
6779.20000603978,10.5296661417319
6780.58313192367,11.1864582677169
6781.96625780755,12.1238015748034
6784.73250957531,15.3926404199483
6787.49876134308,18.4302346456703
6787.84454281405,18.3358456692906
6788.19032428502,14.9934834645658
6788.53610575599,13.3636661417324
6788.88188722696,14.8250598425192
6789.22766869793,13.8677937007874
6789.5734501689,12.9762582677165
6789.91923163987,16.0601259842531
6790.26501311084,18.0585889763779
6793.0312648786,17.2218900262463
6795.79751664637,15.1481181102339
6797.18064253025,11.8223753280839
6797.87220547219,10.6587346456691
6798.56376841413,11.7217267716538
6799.94689429802,15.0193307086615
6800.63845723996,15.8888417322839
6801.3300201819,14.9478433070862
6802.02158312384,13.3473931758528
6802.71314606578,12.5355860892389
6803.40470900772,12.5369960629923
6804.09627194966,13.5520734908142
6805.47939783355,15.2314370078742
6806.86252371743,17.5428543307098
6809.62877548519,19.0318401574802
6812.39502725296,19.2899291338578
6815.16127902072,18.375
6817.92753078849,18.9106146981627
6826.22628609178,19.7708666666666
6831.75878962731,19.261811023622
6837.29129316284,17.4458661417321
6851.12255200166,17.427604986875
6862.18755907272,14.4746732283461
6873.25256614378,12.8410446194223
6881.55132144708,15.1478480314965
6887.0838249826,18.2169425196844
6906.44758735696,17.3617412073492
6917.51259442802,15.8061023622052
6928.57760149908,16.3187574803141
6945.17511210567,12.8858181102366
6961.77262271225,9.12175669291395
6972.83762978332,10.0250244094484
6981.13638508661,9.5703
6990.81826627379,7.92768031496198
7001.88327334484,10.4143086614172
7011.56515453202,11.6134385826774
7017.09765806756,12.3110196850397
7022.63016160308,14.5564440944883
7028.16266513861,16.6928708661419
7036.4614204419,20.8455375328089
7054.44205693237,21.4232283464566
7065.50706400343,18.7093456692887
7076.57207107448,14.6064490813643
7087.63707814555,14.3473937007876
7090.40332991331,14.8176661417323
7093.16958168108,15.3357039370082
7095.93583344884,15.6730322834651
7098.70208521661,17.0216535433071
7101.46833698438,16.7993942257215
7105.61771463602,15.6629188976379
7106.30927757796,15.2502548556432
7107.0008405199,15.9099409448822
7107.34662199087,15.9307582677165
7107.69240346184,14.2164866141736
7108.38396640378,15.2109748031496
7109.76709228767,16.5461535433072
7111.15021817155,15.4429874015751
7112.53334405543,16.8072362204727
7113.91646993931,18.7426181102365
7115.2995958232,20.0336661417324
7116.68272170708,21.9396598425202
7118.06584759096,22.2032480314956
7119.44897347485,23.6950299212601
7120.83209935873,25.0317984251971
7122.21522524261,24.3612204724411
7123.59835112649,22.0184713910762
7124.28991406843,21.6139769028862
7124.98147701037,19.1422472440944
7125.32725848134,15.7816388451428
7125.67303995231,13.634424409449
7126.01882142328,13.5456787401578
7126.36460289426,14.0938
7126.71038436523,14.7366125984252
7127.0561658362,14.8745023622056
7127.74772877814,16.7827511811024
7128.43929172008,17.97093832021
7129.13085466202,18.9474267716544
7130.5139805459,19.5991354330708
7131.89710642978,18.3361559055116
7134.66335819755,17.9594976377953
7136.04648408143,19.5619244094492
7137.42960996532,20.8456036745407
7140.88742467502,21.2476535433072
7144.34523938473,22.5580892388457
7147.11149115249,23.934363254593
7155.41024645579,23.516848818897
7160.94274999132,21.7025401574799
7165.09212764296,22.7155700787401
7176.15713471402,23.5579228346469
7184.45589001731,25.5156
7188.60526766896,26.5168713910763
7194.1377712045,22.8538236220455
7198.28714885614,20.2312225721784
7201.0534006239,20.207949081365
7203.81965239167,21.3108007874017
7206.58590415943,22.8753089238848
7209.3521559272,22.2271593175843
7213.50153357885,20.6103590551176
7216.26778534661,19.2108839895017
7217.65091123049,19.7905251968505
7219.03403711437,20.0801157480317
7220.41716299826,18.7771425196846
7223.18341476602,17.5348766404199
7227.33279241767,17.2188
7232.8652959532,16.6950813648295
7235.63154772097,17.1307858267721
7241.16405125649,19.2566346456701
7246.69655479202,20.6531992125986
7252.22905832755,18.0399359580052
7260.52781363085,19.9918677165355
7271.59282070191,22.7798167979002
7277.12532423744,20.5444559055098
7282.65782777297,18.8477850393702
7293.72283484402,17.6007716535435
7296.48908661179,18.0782981627297
7299.25533837955,16.8561511811026
7302.02159014733,16.1430606299209
7304.78784191508,15.2868007874016
7310.32034545061,15.6432543307087
7315.85284898614,17.6686716535428
7318.61910075391,17.7108451443573
7321.38535252167,18.6577763779529
7326.9178560572,20.7186157480314
7332.45035959273,18.7218007874009
7335.21661136049,17.5781
7337.98286312826,20.6853834645674
7340.74911489602,23.9831503937009
7346.28161843156,24.3292322834646
7349.04787019932,26.1048811023628
7354.58037373485,27.5742041994749
7365.64538080591,25.7296110236219
7376.71038787697,26.1431013123368
7387.77539494803,28.7533233595805
7393.30789848355,27.7978716535424
7404.37290555461,22.6813926509192
7415.43791262567,18.2961999999991
7426.50291969673,18.0615204724404
7437.56792676779,16.9844
7440.33417853556,16.8445338582676
7443.10043030332,21.2667322834643
7444.4835561872,22.4212078740158
7445.86668207108,21.796111811023
7447.24980795496,24.2384834645671
7448.63293383885,22.8888771653546
7450.01605972273,21.1762803149608
7451.39918560661,22.6406
7452.78231149049,21.9679125984247
7454.16543737438,19.5556102362202
7455.54856325827,19.0416842519686
7456.93168914215,18.3899847769029
7458.31481502603,18.1371469816269
7459.69794090991,18.5377456692918
7461.08106679379,18.4742157480312
7462.46419267767,16.6562
7463.84731856156,16.3774511811024
7464.5388815035,14.6724881889761
7465.23044444544,13.2242845144351
7466.61357032932,13.6842031496062
7467.9966962132,12.6863091863522
7469.37982209708,14.0569842519683
7470.76294798097,17.4497992125988
7472.14607386485,18.1264763779524
7473.52919974873,17.0434262467193
7474.91232563261,15.8234606299218
7476.2954515165,18.4886417322835
7479.06170328426,22.7280658792651
7481.82795505202,24.4168086614182
7483.2110809359,23.1612968503933
7484.59420681979,22.1724855643044
7487.36045858756,23.8666212598451
7490.12671035532,28.3626968503945
7492.89296212309,29.2541700787409
7495.65921389085,32.6127251968505
7498.42546565862,34.5540070866142
7503.95796919414,33.9319574803142
7509.49047272967,32.9370078740161
7515.0229762652,32.9123674540674
7520.55547980073,28.3184711286096
7523.3217315685,26.4245740157471
7526.08798333626,23.6578244094477
7527.47110922015,20.4096577427822
7528.85423510403,22.7438173228356
7530.23736098791,23.4139517060367
7531.62048687179,23.5462824146983
7534.38673863956,24.3267921259856
7537.15299040732,24.0323039370073
7542.68549394285,23.7144383202106
7548.21799747838,22.2031
7550.98424924614,20.6427325459308
7553.75050101391,21.0849897637812
7555.13362689779,24.1292811023629
7556.51675278167,26.3709241469819
7557.89987866555,31.676017060367
7559.28300454944,36.8828244094502
7564.81550808497,36.932727559052
7565.50707102691,31.7596593175851
7566.19863396885,31.0814236220472
7567.58175985274,33.1637580052493
7568.96488573662,32.6510283464564
7570.3480116205,28.8218787401546
7571.03957456244,27.5101456692913
7571.73113750438,26.9573118110238
7574.49738927215,28.0974110236222
7575.88051515603,25.683248031496
7578.64676692379,24.6354700787389
7581.41301869156,23.8307456692915
7584.17927045932,24.1110377952756
7586.94552222709,24.4940467191601
7589.71177399485,24.9824314960629
7595.24427753038,24.2106464566926
7604.92615871756,23.2964215223091
7607.69241048532,22.2458362204731
7610.45866225309,25.9684682414692
7611.84178813697,27.424641732283
7613.22491402085,23.6471456692883
7614.60803990473,22.6702755905512
7615.99116578861,24.4661047244085
7617.3742916725,23.5125614173228
7618.75741755638,21.9830876640416
7621.52366932414,21.3342299212588
7625.67304697579,20.3899811023623
7627.05617285967,23.2143803149617
7628.43929874356,23.5116522309713
7632.5886763952,23.99987007874
7635.35492816297,22.6735645669286
7638.12117993073,19.0280758530174
7643.65368346626,17.3913881889761
7649.18618700179,17.0974763779527
7653.33556465344,16.2887299212594
7658.86806818897,16.8537244094483
7664.4005717245,16.786543569554
7669.93307526003,17.2513929133857
7672.69932702779,17.8259921259845
7675.46557879556,15.8971889763778
7676.84870467944,17.0256866141745
7678.23183056333,17.00408503937
7679.61495644721,17.9407952755903
7680.99808233109,17.9809895013124
7682.38120821497,15.3607527559053
7686.53058586662,13.3700367454077
7692.06308940215,14.522809448819
7697.59559293768,14.0870811023621
7703.1280964732,15.0181238845145
7705.89434824097,17.0576650918643
7707.27747412485,15.9980795275582
7708.66060000874,16.8070162729657
7711.4268517765,16.3952818897641
7712.11841471844,16.1062992125986
7712.80997766039,15.2793267716536
7713.50154060233,15.7916385826776
7714.19310354427,16.9206645669291
7714.88466648621,17.2472719160112
7715.57622942815,18.7121118110236
7716.95935531203,19.1562
7718.34248119592,17.2041763779513
7719.7256070798,15.2885133858268
7725.25811061532,15.0166748031494
7736.32311768638,15.5488637795277
7747.38812475744,16.6589259842521
7752.92062829297,17.3149811023624
7758.4531318285,16.449666141732
7763.98563536403,15.4215385826767
7769.51813889956,15.1455874015747
7775.05064243509,16.8543244094492
7780.58314597062,17.8927451443568
7788.88190127391,17.5938
7794.41440480944,18.4855322834651
7802.71316011274,18.1112070866143
7805.4794118805,17.8285023622049
7811.01191541603,16.6398960629908
7815.16129306768,15.1324559055119
7819.31067071933,14.3204480314964
7824.84317425487,15.0755
7833.14192955815,13.0081440944881
7838.67443309367,13.3400267716544
7842.82381074532,15.1914808398952
7845.59006251309,15.4527409448818
7848.35631428086,13.7169968503938
7851.12256604862,14.3300430446191
7855.27194370026,14.707352755906
7859.42132135192,14.9832551181108
7863.57069900356,17.7990866141736
7869.10320253909,18.2844965879265
7871.86945430686,18.0762039370078
7874.63570607462,17.7728574803148
7876.0188319585,17.0172244094488
7877.40195784238,17.3366362204721
7878.78508372627,16.9790698162729
7880.16820961015,16.6071118110234
7881.55133549403,14.571433070865
7882.24289843597,12.291742519685
7882.93446137791,15.3874152230991
7883.62602431985,20.8157259842522
7884.3175872618,23.0208173228345
7885.00915020374,21.0439196850386
7885.70071314568,20.8087952755907
7886.39227608762,18.7184259842518
7887.08383902956,17.789025984252
7887.7754019715,17.1492622047244
7888.46696491344,18.0437992125982
7889.85009079733,18.2677472440949
7891.23321668121,18.6922732283463
7892.61634256509,20.2059538057753
7893.99946844897,21.7390251968495
7895.38259433285,20.5269685039369
7896.76572021674,18.871162992125
7899.5319719845,23.7031
7902.29822375227,22.7773960629917
7910.59697905556,19.0539653543282
7916.12948259109,19.0366711286107
7918.89573435886,21.8259488188984
7924.42823789438,22.9042070866144
7932.72699319768,19.4773251968501
7936.87637084933,17.5891992125979
7939.6426226171,17.8015858267726
7942.40887438486,19.1357656167981
7945.17512615262,19.4479724409445
7947.94137792038,19.5535958005251
7950.70762968815,18.5021679790037
7956.24013322368,20.9318645669284
7957.62325910756,19.1553637795267
7960.38951087533,15.5946393700771
7965.92201441086,14.8609984251971
7968.68826617862,16.0640283464574
7969.37982912056,16.3311574803148
7970.0713920625,17.4238740157485
7970.76295500444,17.7025055118105
7971.45451794639,16.5802614173227
7974.22076971415,15.4292338582671
7975.60389559803,14.5447094488187
7976.98702148192,14.4391992125984
7977.67858442386,16.301532283466
7978.3701473658,17.7039338582676
7979.75327324968,18.8596440944891
7981.13639913356,21.2097937007907
7982.51952501745,23.9637955380574
7983.90265090133,21.093060629919
7986.66890266909,18.4539385826765
7989.43515443685,19.4741614173227
7992.20140620462,19.2910265091863
7994.96765797239,16.8745055118095
7999.11703562403,16.6667131233581
8004.64953915956,15.1945377952758
8010.18204269509,15.5469
8015.71454623063,18.5651272965898
8021.24704976615,21.3224905511816
8022.63017565004,20.448047244093
8024.01330153392,19.0080220472442
8025.3964274178,19.7141307086612
8026.77955330168,21.2353771653566
8028.16267918556,24.6389275590558
8029.54580506945,26.689452493436
8030.92893095332,22.2313078740146
8032.31205683721,19.6697834645664
8033.69518272109,18.4129236220467
8035.07830860497,16.8863291338575
8035.76987154692,17.422900262468
8036.46143448885,18.7804511811025
8036.80721595983,17.4015330708644
8037.1529974308,15.2644412073485
8037.49877890177,17.2220346456713
8037.84456037274,20.3726874015746
8038.53612331468,19.3100039370077
8039.22768625662,16.433191601051
8039.91924919857,18.0659598425198
8040.61081214051,19.771453805775
8041.30237508245,19.7093816272958
8041.99393802439,18.9769685039371
8043.37706390827,19.6644855643047
8044.76018979216,21.8148125984273
8046.14331567604,21.6487338582683
8047.52644155992,23.4528598425202
8048.9095674438,22.7825388451439
8050.29269332769,23.8645566929138
8051.67581921157,25.7592023622066
8053.05894509545,25.2582181102353
8054.44207097933,25.70119527559
8055.82519686321,24.9628015748032
8058.59144863097,23.4620299212586
8061.35770039874,23.604549606298
8064.1239521665,21.4449338582672
8066.89020393427,19.160702362203
8069.65645570203,17.9422251968503
8072.4227074698,17.1534860892394
8073.80583335368,17.8871551181104
8075.18895923756,18.4934543307088
8075.8805221795,16.6707905511822
8076.57208512144,17.9694881889765
8077.26364806338,18.6299212598427
8077.95521100533,16.5968139107601
8079.33833688921,15.3389417322832
8080.72146277309,15.8320661417328
8081.41302571503,17.7181795275596
8082.10458865697,19.7236257217856
8082.79615159891,20.159667716535
8083.48771454085,21.313466141732
8084.17927748279,21.3203118110244
8084.87084042474,21.9498
8085.56240336668,21.0081850393688
8086.25396630862,19.3958000000004
8086.94552925057,20.931330708662
8087.63709219251,26.2178307086654
8088.32865513445,29.5800000000003
8089.02021807639,31.2816440944879
8089.71178101833,30.4035645669284
8090.40334396027,29.0119448818895
8091.09490690221,27.6965543307079
8091.78646984415,25.6351824146976
8092.4780327861,22.6886322834643
8093.16959572804,22.0397299212598
8093.86115866998,22.3797238845146
8094.55272161192,21.9882779527553
8095.24428455386,22.2794196850403
8095.9358474958,24.9596456692917
8096.62741043774,24.61410813648
8096.97319190871,19.4873527559051
8097.31897337968,17.910466929133
8098.01053632162,16.5425267716535
8098.70209926356,17.0810527559071
8099.3936622055,19.6843992125992
8100.08522514745,20.6776958005251
8100.43100661842,19.3871653543312
8100.77678808939,19.9886650918636
8101.46835103133,21.0424708661421
8102.85147691521,20.0989637795252
8103.54303985715,17.7742622047244
8104.23460279909,18.1628585301841
8105.61772868297,20.9965551181105
8108.38398045074,21.2841832020993
8111.1502322185,19.8429149606291
8113.91648398627,16.8706204724418
8116.68273575403,18.1829236220466
8118.06586163792,17.4474905511811
8119.4489875218,16.9171748031492
8122.21523928956,16.6605787401579
8127.7477428251,16.7286889763778
8130.51399459286,18.1248574803164
8133.28024636063,17.0219257217848
8134.66337224451,16.3797283464561
8136.04649812839,17.6102362204745
8138.81274989615,19.9876293963256
8141.57900166392,21.0351821522313
8142.9621275478,20.4845480314958
8144.34525343168,21.2867133858265
8147.11150519944,21.3221464566944
8148.49463108333,22.2278692913384
8149.87775696721,25.0882952755893
8152.64400873497,22.2111624671915
8156.79338638662,20.2746244094474
8165.09214168992,19.6687992125986
8167.85839345768,20.016619947506
8170.62464522545,18.5896062992122
8173.39089699321,17.4981790026246
8176.15714876098,16.7621181102367
8178.92340052874,19.974027559059
8181.68965229651,26.9730517060378
8184.45590406427,30.4927433070854
8187.22215583204,29.2238055118111
8189.9884075998,30.9679577427829
8191.37153348368,30.4860582677148
8194.13778525145,26.9499511811011
8196.90403701921,24.8293454068247
8199.67028878698,25.9671913385837
8202.43654055474,28.3318070866136
8203.81966643863,28.1165860892396
8205.20279232251,26.7094629921251
8206.58591820639,25.6841346456669
8209.35216997415,22.9630102362206
8214.88467350968,21.9281060367443
8217.65092527745,19.490187401573
8220.41717704521,16.3515538057738
8223.18342881298,15.900729658793
8224.56655469686,15.3212818897638
8225.94968058073,16.4375548556435
8227.33280646462,19.1571081364853
8228.71593234851,19.9609259842517
8230.09905823239,17.9253821522305
8232.86531000016,17.692225984252
8235.63156176792,18.9412889763776
8237.0146876518,16.4899724409424
8238.39781353569,14.6577721784778
8239.78093941957,14.0651685039367
8241.16406530345,18.0821850393702
8242.54719118733,18.0728346456689
8243.93031707121,15.8002299212585
8248.07969472286,16.7474879265098
8250.84594649062,19.1085637795289
8253.61219825839,20.8329732283465
8256.37845002615,23.5545472440961
8259.14470179392,28.0774716535467
8261.91095356169,33.573197637796
8264.67720532945,32.6796614173231
8267.44345709722,32.363712598425
8270.20970886498,31.3281
8272.97596063275,28.9169787401566
8275.74221240051,27.398836220472
8278.50846416827,25.6779858267713
8281.27471593604,24.9056729658791
8284.0409677038,28.7486115485566
8286.80721947157,30.3786692913401
8289.57347123933,30.7766758530181
8292.3397230071,28.5294955380558
8293.72284889098,24.2512677165352
8295.10597477486,22.0444393700778
8296.48910065874,24.9762299212585
8297.87222654262,23.5599023622051
8298.56378948456,20.5895070866109
8299.2553524265,18.7624832020998
8299.94691536845,17.9816622047246
8300.63847831039,21.6318629921299
8301.33004125233,22.7557824146984
8302.02160419427,23.8163125984229
8302.71316713621,20.1479845144354
8303.40473007815,17.8518700787397
8304.09629302009,21.5605377952764
8304.78785596203,22.8435417322838
8306.17098184592,20.9780944881879
8308.93723361369,22.3251519685039
8314.46973714923,21.991359317585
8320.00224068474,21.9770181102364
8325.58645983701,27.1834149606315
8331.23184136243,31.4127976377964
8336.87722288783,32.7501640419948
8341.1112590319,32.6230346456693
8342.52260441326,30.8872207349051
8343.93394979461,27.0154039370076
8345.34529517596,25.0469000000009
8346.75664055731,25.329527559055
8348.16798593867,21.9031144356947
8349.57933132003,18.877114960628
8350.99067670138,19.2778774278214
8352.40202208273,18.2906585301833
8353.81336746408,16.521167716535
8355.22471284544,17.7298228346458
8356.6360582268,20.0419698162756
8358.04740360815,21.4627322834644
8359.4587489895,25.5618598425198
8360.87009437085,28.4230803149614
8363.69278513356,29.7161787401562
8366.51547589626,29.6427165354316
8369.33816665897,26.1497889763773
8372.16085742168,22.3960370078719
8374.98354818439,20.2217115485565
8377.8062389471,23.0791419947503
8380.6289297098,21.2913574803134
8383.45162047252,20.2955569553806
8386.27431123522,21.4237204724406
8387.68565661657,20.7990755905511
8390.50834737928,16.6104162729647
8393.33103814199,15.5993480314942
8394.74238352334,15.3776818897646
8396.15372890469,16.1281375328079
8396.85940159537,15.0426178477692
8397.56507428604,16.4538527559063
8398.27074697672,17.543764566929
8398.9764196674,15.2251328083986
8399.68209235808,15.6749322834662
8400.38776504875,18.3890267716536
8400.7406013941,18.1278708661414
8401.09343773943,15.7390511811031
8401.44627408477,15.9925598425195
8401.79911043011,14.7447409448812
8402.50478312079,13.1338299212598
8403.21045581146,15.6062992125993
8406.03314657417,16.2123716535429
8408.85583733687,15.1169755905509
8413.08987348094,13.319432283465
8418.73525500635,14.2918307086616
8424.38063653176,16.209238582677
8435.6713995826,14.6736196850379
8441.31678110801,13.0957787401573
8452.60754415884,13.3426440944884
8463.89830720967,12.8259354330705
8492.12521483674,11.0893868766404
8509.06135941298,10.9311149606298
8513.29539555705,12.6894727034119
8516.11808631975,11.2341039370068
8518.94077708245,9.97846771653548
8524.58615860788,10.7711724409458
8531.64288551464,12.6071740157486
8537.28826704005,11.9573787401574
8548.57903009088,10.476128346456
8554.22441161631,8.89490708661409
8559.86979314171,8.69090078740172
8565.51517466712,8.70471496063053
8571.16055619254,8.81014724409424
8576.80593771796,8.06047322834646
8582.45131924337,7.35146062992143
8588.09670076878,7.95780131233588
8596.56477305691,8.6884433070874
8602.21015458232,8.39051023622018
8605.03284534503,8.04262099737524
8610.67822687045,8.48204881889765
8616.32360839586,9.54590866141771
8619.14629915857,10.1109503937011
8621.96898992127,10.181659055118
8624.79168068398,9.56004566929109
8627.61437144668,9.14358215223089
8630.43706220939,10.3763417322837
8633.2597529721,9.89946377952684
8636.08244373481,8.92647716535431
8641.72782526022,8.82961417322864
8647.37320678564,9.29251391076118
8667.13204212459,9.48338661417302
8689.71356822624,8.08233307086549
8712.29509432789,7.107601574803
8734.87662042956,7.93961837270374
8757.45814653123,10.1172992125988
8768.74890958205,13.0684249343838
8780.03967263288,14.7268700787407
8795.56447182776,12.8870291338577
8804.03254411589,11.1480582677162
8809.6779256413,9.4244141732285
8815.32330716671,8.86558976377969
8820.96868869212,10.0590582677177
8829.43676098026,10.5667811023622
8840.72752403108,8.88784251968457
8846.3729055565,8.63056141732285
8852.01828708191,9.6024826771655
8857.66366860733,10.5425433070871
8863.30905013273,11.8921503937011
8868.95443165815,12.3149850393694
8874.59981318356,11.0821110236219
8880.24519470898,8.67512362204729
8885.8905762344,9.15027007874049
8891.5359577598,9.02891338582665
8897.18133928522,10.1624740157484
8905.64941157334,10.875
8916.94017462417,10.2179102362201
8922.58555614959,10.0485220472445
8933.87631920041,11.4752937007877
8939.52170072584,12.0579779527557
8945.16708225125,10.9073385826773
8947.98977301396,9.51050393700767
8950.81246377667,10.4097165354343
8953.63515453936,12.0035149606299
8956.45784530207,12.5862771653534
8962.10322682749,10.151407086614
8971.98264449697,10.6356758530185
8976.21668064102,12.8539212598442
8979.03937140374,12.8854125984246
8984.68475292914,10.4320005249339
8990.33013445456,9.22349921259874
8995.97551597998,12.5707488188985
8998.79820674269,13.5337409448818
9001.62089750539,13.8227606299218
9007.26627903081,15.9194078740163
9010.08896979352,16.0541338582678
9012.91166055622,13.0995007874009
9015.73435131892,11.5935039370077
9018.55704208163,9.90999107611533
9021.37973284434,11.2103023622041
9022.79107822569,10.8998692913385
9024.20242360705,11.7291999999999
9025.6137689884,12.7106141732292
9028.43645975111,12.0649204724409
9031.25915051382,12.5876055118116
9032.67049589517,13.7742265091865
9034.08184127653,12.9821354330704
9035.49318665788,11.7538845144361
9036.19885934855,11.1161614173225
9036.90453203923,10.761962204724
9038.31587742058,9.94065984251969
9039.72722280194,9.70237244094465
9042.54991356465,10.1832929133859
9048.19529509006,10.669092913386
9053.84067661547,11.5318275590554
9059.48605814089,11.6576653543308
9065.1314396663,10.5972322834642
9070.77682119172,9.97922047244094
9076.42220271713,10.335125984252
9082.06758424255,9.31080078740245
9087.71296576796,10.8287141732284
9090.53565653067,11.3894196850394
9093.35834729337,10.7925608923888
9096.18103805608,12.0918692913389
9097.59238343743,13.8316929133862
9099.00372881879,16.2794496062992
9099.70940150947,15.4858763779524
9100.41507420014,13.621939370078
9101.8264195815,12.4264031496065
9103.23776496285,12.8698086614171
9104.64911034421,12.2787472440945
9107.47180110691,13.1480666666668
9108.88314648826,13.5401233595803
9110.29449186962,13.1621055118109
9113.11718263233,12.5073805774277
9114.52852801368,16.0645897637793
9115.93987339503,19.3337645669297
9117.35121877639,19.9396645669289
9118.76256415774,19.0903322834645
9120.1739095391,18.6133370078748
9121.58525492045,18.2259716535431
9122.9966003018,19.8943039370077
9124.40794568315,19.8024614173237
9125.8192910645,19.4166346456689
9127.23063644586,17.2526086614174
9128.64198182722,17.8825299212599
9130.05332720857,19.2460929133862
9131.46467258993,16.5769999999989
9134.28736335263,12.7159039370073
9137.11005411533,10.8911910761158
9141.3440902594,12.3683091863514
9144.1667810221,14.4671015748029
9146.98947178481,13.4874968503933
9149.10648985684,13.7054102362205
9152.63485331023,11.6191685039364
9158.28023483564,9.02927427821528
9163.21994367038,8.48138346456709
9166.74830712376,8.24041653543463
9172.39368864917,10.6576787401576
9176.62772479324,12.4293291338587
9179.45041555594,12.4775078740157
9182.27310631865,11.8919527559056
9186.50714246271,10.7998267716527
9190.0355059161,9.92947795275569
9192.85819667881,9.33471889763793
9196.38656013219,9.33471889763783
9200.62059627625,7.93571574803093
9202.73761434828,7.96300052493451
9205.56030511098,8.1484
9209.08866856437,8.32533700787413
9214.02837739911,8.81178582677154
9218.96808623385,8.99249133858249
9224.61346775927,7.36902047243992
9230.25884928468,6.85615039370074
9234.49288542874,8.91562388451486
9237.31557619144,10.3317881889764
9240.13826695415,9.0364766404199
9245.78364847957,8.54921259842509
9250.01768462362,8.96931259842533
9254.25172076769,9.72876141732279
9257.07441153039,9.02728897637794
9259.8971022931,9.62701417322909
9264.13113843716,10.1065952755904
9266.95382919987,11.8467267716537
9272.59921072529,13.5153488188984
9285.30131915746,14.9014832020996
9299.414772971,12.2440267716528
9316.35091754726,10.4844
9335.58814772721,10.4844
9353.42970378334,12.7337527559049
9361.23538455791,11.6028110236221
9364.58067631844,11.8614650918636
9372.386357093,12.8421574803156
9383.53732962809,13.1697685039369
9389.11281589564,13.1614440944885
9396.91849667021,15.3741637795276
9405.83927469828,15.9219
9410.29966371231,14.4522559055107
9419.22044174039,15.0788320209978
9425.91102526144,15.2460960629922
9430.37141427548,14.8757989501313
9434.83180328951,13.9155023622045
9441.52238681057,13.8280110236224
9456.01865110619,15.0993233595801
9472.74510990882,17.0936950131242
9481.6658879369,16.6888708661416
9491.70176321848,16.6425800524932
9500.62254124655,15.929401574803
9514.00370828866,15.0175118110236
9526.26977807726,16.6470236220484
9537.42075061235,17.4056330708661
9547.45662589394,16.7998771653542
9556.37740392201,14.9214078740156
9560.83779293605,13.8194023622045
9565.29818195008,12.568627559055
9567.5283764571,13.7074083989501
9569.75857096412,14.172973753281
9571.98876547114,14.0695858267715
9574.21895997816,14.4994682414696
9576.44915448517,12.6894094488183
9578.67934899219,10.4768251968508
9580.90954349921,10.2007133858272
9583.13973800623,11.2018879265091
9585.36993251325,12.3405897637804
9588.71522427377,12.4061850393706
9593.17561328781,13.4156960629923
9597.63600230185,14.0604204724413
9600.98129406238,15.152140944881
9609.90207209045,13.4921999999994
9618.82285011852,13.3475149606307
9625.51343363958,14.5628850393702
9627.74362814659,16.1558446194227
9628.8587254001,15.7303952755897
9629.97382265361,14.3150480314957
9632.20401716063,12.5904078740161
9634.43421166765,12.9184125984252
9636.66440617467,11.9936763779522
9642.23989244222,11.2876913385817
9646.70028145625,12.468812598427
9651.16067047029,15.955848031497
9654.50596223081,20.5515280839882
9657.85125399134,17.5597826771651
9660.08144849836,14.9627301837245
9664.5418375124,15.3041291338575
9669.00222652643,14.2766236220477
9673.46261554047,14.8995750656168
9677.92300455451,14.610179790026
9684.61358807556,13.7363102362196
9689.0739770896,13.0384598425198
9693.53436610363,12.7895149606296
9697.99475511767,12.2413086614175
9702.45514413171,12.8575535433068
9706.91553314574,12.11289527559
9711.37592215978,11.8811078740159
9715.83631117381,12.4218089238846
9724.75708920189,11.0785921259836
9729.21747821593,12.5379417322836
9732.56276997645,12.7867301837268
9740.36845075102,11.4489653543299
9749.28922877909,11.1722196850396
9763.78549307471,11.6899362204725
9774.9364656098,11.3607183727031
9783.85724363787,12.7644440944893
9792.77802166595,11.9964582677164
9798.35350793349,11.0724897637787
9800.58370244051,10.4339094488189
9802.81389694753,11.3183333333332
9805.04409145455,11.6344708661425
9806.71673733481,11.6143921259841
9808.94693184183,11.4485433070874
9811.17712634884,12.5666524934385
9813.40796124017,12.954942519685
9815.65793659557,12.028543307087
9817.38416156228,12.8089779527563
9818.53497820676,13.3662685039369
9819.68579485123,13.3149606299213
9823.13824478464,13.6220472440947
9826.59069471805,12.9133322834634
9828.31691968476,11.4690409448814
9829.46773632923,11.0029593175849
9831.19396129594,10.4799165354331
9834.64641122935,10.8438755905515
9838.09886116276,13.465587664042
9840.4004944517,13.2964629921258
9841.55131109617,10.8057149606276
9843.85294438511,9.7578
9846.15457767406,11.0201031496079
9848.456210963,13.141166141733
9850.75784425194,11.6603519685035
9851.90866089641,9.52517244094447
9854.21029418535,9.69787637795299
9856.51192747429,9.74604724409488
9861.11519405218,10.9623125984255
9870.32172720794,12.3968905511819
9879.52826036371,12.5525181102359
9888.73479351948,12.5102448818895
9897.94132667524,11.5407493438316
9900.24295996419,11.7310385826776
9902.54459325313,11.5662259842519
9903.6954098976,10.8570086614166
9904.84622654207,11.0954929133859
9908.29867647548,12.6021543307088
9909.44949311995,12.7508393700787
9910.60030976442,10.7451417322827
9915.2035763423,9.51704881889719
9920.95765956466,9.87364881889804
9929.01337607596,11.2367748031496
9931.3150093649,13.4459031496054
9933.61664265384,12.7792574803152
9937.06909258725,11.5199322834628
9938.21990923172,12.7731448818907
9939.37072587619,10.6026325459314
9939.94613419843,9.16760262467089
9940.23383835955,9.93223464567006
9940.52154252066,9.11227874015676
9940.80924668178,7.96169527559051
9941.0969508429,8.48207952755953
9941.67235916514,7.39613937007823
9943.97399245407,6.31855354330672
9945.12480909855,5.7969
9947.42644238749,7.25658661417333
9949.72807567643,9.21407480314992
9954.33134225431,9.03200551181035
9956.63297554326,8.24716220472458
9958.9346088322,9.24952440944896
9961.23624212114,9.74695748031511
9962.38705876561,10.5057131233598
9964.68869205455,10.637468503936
9969.29195863243,9.26435984251932
9973.89522521033,9.33924041994779
9983.10175836608,10.7203622047248
9992.30829152184,11.8022456692915
9996.91155809972,12.6029716535438
10001.5148246776,12.6718637795273
10006.1180912555,11.3650889763768
10010.7213578334,10.1653842519685
10019.9278909892,10.6079433070879
10029.1344241449,12.5089322834648
10034.8885073673,12.7422
10036.0393240117,11.6108968503942
10038.3409573007,12.3544086614174
10040.6425905896,13.6704519685046
10042.9442238786,14.3953580052495
10045.2458571675,14.5235448818895
10047.5474904564,13.8281
10048.6983071009,14.0335845144358
10049.8491237454,15.2263062992119
10052.1507570343,13.2721992125977
10054.4523903233,11.2585351706028
10056.7540236122,12.0326267716537
10059.0556569012,11.9596937007872
10061.3572901901,10.8686527559051
10079.7703565016,9.50064094488329
10088.9768896574,12.2437488188983
10098.1834228132,13.7100385826776
10102.786689391,14.4688
10111.9932225468,13.4702007874015
10121.1997557026,13.091903149606
10130.4062888584,13.296677952756
10139.6128220141,12.4107548556424
10153.4226217478,11.1966062992124
10164.9307881925,13.0150433070875
10174.1373213482,13.422215748032
10183.343854504,13.5048535433068
10187.9471210819,15.5990559055134
10192.5503876598,16.2352582677162
10197.1536542377,15.0243522309709
10201.7569208155,14.3097629921256
10208.6618206824,15.8542083989501
10217.8683538381,16.3994299212608
10224.773253705,18.0953244094489
10236.2814201497,17.8140173228343
10238.5830534386,20.385768503937
10243.1863200165,21.7746062992132
10246.6387699499,23.0045464566932
10248.9404032389,27.5681692913385
10250.0912198833,27.4794456692916
10251.2420365278,25.1610078740131
10252.3928531723,23.9554992125979
10253.5436698167,21.0075047244083
10254.6944864612,18.6827267716531
10256.9961197501,19.0711501312335
10258.1469363946,19.0686015748034
10259.2977530391,18.302928083989
10261.599386328,19.5475532808404
10266.2026529059,20.3063511811022
10267.3534695504,20.4515585301842
10268.5042861948,18.15421574803
10270.8059194838,18.2412724409443
10275.4091860617,19.7991811023649
10280.0124526396,22.9765065616798
10284.6157192174,25.7004244094487
10289.2189857953,25.2339078740153
10293.8222523732,22.8803346456689
10300.72715224,20.9026661417316
10309.9336853958,19.3615448818895
10328.3467517073,18.1153312335956
10342.156551441,18.8089511811043
10351.3630845967,21.5794015748037
10360.5696177525,23.0624275590554
10369.7761509083,24.2775826771649
10374.3794174862,23.0185275590553
10378.982684064,21.4811511811006
10388.1892172198,21.9427653543313
10392.7924837977,22.68685984252
10397.3957503756,23.0877837270341
10401.9990169535,20.9886614173215
10406.6022835313,20.1232015748018
10411.2055501092,19.4987259842524
10415.8088166871,21.6730803149618
10420.412083265,23.6808241469816
10425.0153498429,22.9656874015746
10429.6186164208,20.2685929133832
10434.2218829986,17.7959448818893
10438.8251495765,15.6308251968511
10441.1267828655,17.2486771653546
10444.5792327989,17.2680073490816
10448.0316827323,17.1272716535411
10451.4841326657,15.0873125984251
10453.7857659546,13.6699805774273
10454.9365825991,16.4505724409457
10457.2382158881,19.4019535433074
10459.539849177,20.8554968503945
10462.9922991104,18.1114404199474
10465.2939323994,18.1926897637798
10467.5955656883,19.6702755905512
10468.1709740105,19.6703664042
10468.7463823328,20.3772157480314
10469.321790655,20.1311816272966
10469.8971989773,18.3926288713912
10470.1849031384,19.0162220472442
10470.4726072995,18.8536811023618
10470.7603114606,18.205422834646
10471.0480156217,19.4807000000006
10471.3357197828,21.6625414698167
10471.6234239439,22.3536585301839
10471.9111281051,20.5426669291329
10472.1988322662,17.8718220472432
10472.4865364273,15.5825989501304
10472.7742405885,15.9557086614172
10473.3496489107,15.9110755905512
10473.9250572329,18.218381627298
10474.5004655551,18.6545362204728
10475.6512821996,17.4436097112852
10477.9529154885,17.6339582677182
10482.5561820664,16.3930661417322
10489.4610819332,16.6328732283456
10491.7627152222,17.5125687664063
10494.0643485111,20.3303157480315
10496.3659818001,19.7906824146972
10500.969248378,17.983612598425
10510.1757815337,19.4240653543311
10514.7790481116,24.0864165354351
10519.3823146895,27.2729194225728
10526.2872145563,26.4132377952748
10528.5888478453,23.179719685039
10537.795381001,22.2135233595804
10542.3986475789,24.033074015749
10551.6051807347,23.8612902887138
10565.4149804683,23.9074362204727
10574.6215136241,23.9726921259843
10583.8280467799,24.5171700787413
10588.4313133577,25.7204299212588
10591.8837632912,22.8341968503932
10593.0345799356,17.2913989501316
10594.1853965801,18.574416272966
10595.3362132246,21.6788795275599
10599.9394798024,22.9459236220476
10604.5427463803,20.3504330708658
10609.1460129582,19.328207874016
10611.4476462472,22.1436146981634
10613.7492795361,21.9634301837263
10618.352546114,18.525613385825
10625.2574459808,18.7430496062998
10632.1623458476,18.6256115485574
10636.7656124255,20.3629299212598
10643.6705122923,22.440452755907
10648.2737788702,22.0631401574807
10655.178678737,21.7171755905505
10673.5917450486,20.6844947506565
10692.0048113601,20.7264110236219
10719.6244108274,22.6602850393705
10747.2440102947,22.5155999999992
10756.4505434505,23.05841496063
10765.6570766062,20.5859740157479
10774.863609762,20.3304937007874
10779.4668763399,21.2805118110239
10784.2531712554,19.4069574803139
10795.0343132146,17.1981532808393
10805.8154551738,16.3451480314961
10811.2060261534,15.9382047244093
10816.5965971329,15.4837039370079
10819.2918826227,14.7346225721779
10821.9871681125,13.4703811023625
10824.6824536023,14.2603464566931
10827.3777390921,15.4329614173228
10830.0730245819,15.0458637795277
10832.7683100717,15.1532202099737
10834.1159528166,15.5604700787403
10835.4635955615,17.1094118110245
10836.8112383064,20.0863608923884
10838.1588810513,19.6454692913381
10839.5065237962,15.8625874015719
10840.8541665411,14.1567062992126
10842.201809286,16.5800960629941
10843.5494520308,19.8413244094492
10846.2447375206,18.7697170603669
10848.9400230104,16.0686015748021
10851.6353085002,17.6311212598435
10854.33059399,18.2374908136484
10859.7211649696,17.4050262467189
10865.1117359492,16.23122992126
10875.8928779083,17.4594165354332
10886.6740198675,17.5595472440944
10897.4551618267,17.9232448818902
10902.8457328062,18.7044456692913
10905.541018296,18.0859740157468
10908.2363037858,17.1066732283476
10910.9315892756,19.6895527559056
10916.3221602552,19.9738818897625
10919.017445745,17.0542818897636
10921.7127312348,15.6039866141731
10927.1033022143,15.533713648294
10932.4938731939,16.1596086614176
10943.2750151531,14.8204881889754
10954.0561571123,13.2939648293963
10989.0948684795,13.9746314960638
11021.438294357,14.737426771653
11045.6958637651,13.1129188976372
11067.2581476835,12.0376149606304
11088.8204316018,13.9825748031496
11110.3827155201,17.3562992125999
11131.9449994384,19.0862771653545
11153.5072833568,18.105607349081
11166.9837108057,17.9183685039375
11172.3742817853,16.6406
11180.4601382547,15.9538099737529
11188.545994724,14.4074047244086
11193.9365657036,15.617325984252
11196.6318511934,16.3423716535436
11199.3271366832,15.6201259842518
11202.022422173,13.6663110236221
11204.7177076628,13.5412874015746
11207.4129931526,13.6820706036747
11210.1082786424,15.7311023622048
11212.8035641321,16.2759522309712
11215.4988496219,16.8398629921261
11218.1941351117,18.4215559055125
11220.8894206015,17.659664829396
11223.5847060913,17.365695275591
11226.2799915811,18.4842543307086
11228.9752770709,17.8984543307074
11231.6705625607,16.6679393700801
11237.0611335403,16.0674472440944
11242.4517045198,16.5351632545919
11245.1469900096,15.4663874015748
11247.8422754994,16.8502456692915
11250.5375609892,16.4247459317597
11253.232846479,17.9321984251969
11255.9281319688,18.7342519685043
11258.6234174586,16.9927661417319
11261.3187029484,15.6197346456696
11264.0139884382,16.1167818897635
11269.4045594177,19.3477771653556
11274.7951303973,17.0327173228352
11280.1857013769,15.768051968504
11285.5762723565,14.7571165354333
11290.9668433361,14.1137685039376
11296.3574143156,14.6835330708661
11301.7479852952,13.7972811023618
11307.1385562748,13.1713847769029
11312.5291272544,14.0394440944886
11317.919698234,14.8878692913387
11323.3102692136,15.1797
11326.0055547033,15.7789299212606
11328.7008401931,16.2814622047244
11331.3961256829,15.3789196850393
11336.7866966625,14.7144023622048
11342.1772676421,15.0874910761156
11347.5678386217,13.5859847769024
11352.9584096013,13.9640055118112
11358.3489805808,14.6516401574794
11363.7395515604,15.8501076115484
11366.4348370502,15.998375590551
11369.13012254,14.8213677165347
11371.8254080298,14.9850049868755
11374.5206935196,15.0583275590548
11379.9112644992,16.2437606299213
11385.3018354787,15.8061622047244
11390.6924064583,15.2835897637803
11396.0829774379,16.5961125984247
11401.4735484175,17.3136322834643
11406.8641193971,16.2814960629921
11412.2546903766,15.372711811024
11417.6452613562,15.8459981627296
11423.0358323358,15.1552527559058
11428.4264033154,15.4221346456691
11433.816974295,15.8990425196852
11439.2075452746,13.3796976377945
11449.9886872337,12.4441065616815
11460.7698291929,14.7866244094476
11471.550971152,14.5378196850397
11482.3321131112,14.95185984252
11493.1132550704,17.2048519685033
11503.8943970295,18.7844566929136
11514.6755389887,16.9363346456701
11536.237822907,13.2803963254617
11552.4095358458,11.625
11573.9718197641,12.382784251969
11579.3623907437,12.6719
11584.7529617232,12.5232779527551
11586.1006044681,13.6404039370079
11587.448247213,14.0469
11588.7958899579,13.2821362204722
11590.1435327028,13.2308637795281
11592.8388181926,13.2194307086618
11595.5341036824,12.9571535433071
11598.2293891722,11.5633543307081
11600.924674662,13.8130661417324
11603.6199601518,14.2628692913393
11606.3152456416,13.8879622047249
11609.0105311314,14.1228889763772
11611.7058166211,14.7308811023622
11614.4011021109,14.0986866141728
11619.7916730905,13.0135858267715
11625.1822440701,14.0916125984254
11630.5728150497,12.6396362204725
11633.2681005395,10.0925055118123
11638.658671519,11.2284645669291
11645.9404730376,12.4475805774292
11653.8487525669,13.3096015748029
11661.7570320962,15.2978669291335
11669.6653116256,15.0479582677163
11677.5735911549,12.3989157480321
11681.5277309196,9.22298031496068
11685.4818706843,9.73115118110204
11689.4360104489,11.4339070866129
11693.3901502136,11.2647637795275
11695.367220096,10.7714582677158
11697.3442899783,9.60251023622044
11699.3213598607,8.17202283464566
11700.3098948018,8.1797
11701.298429743,9.06027742782105
11703.2754996253,11.5123275590549
11705.2525695076,11.0391
11713.160849037,10.2812259842531
11721.0691285663,10.4008629921254
11728.9774080957,8.3277559055119
11736.885687625,9.2745307086614
11744.7939671543,10.8849165354334
11752.7022466837,10.8417574803135
11760.610526213,14.1984272965869
11768.5188057424,16.1040346456689
11776.4270852717,14.6402721784771
11784.3353648011,12.647451181102
11792.2436443304,11.8527062992131
11796.1977840951,10.7935981627292
11804.1060636244,12.4904937007874
11812.0143431538,13.347696062992
11819.9226226831,11.8212708661407
11827.8309022124,11.9833803149608
11835.7391817418,11.9018842519682
11843.6474612711,12.200279527559
11851.5557408005,13.3156322834646
11859.4640203298,13.9606677165355
11867.3722998591,13.5055963254602
11875.2805793885,13.536713385827
11883.1888589178,12.2670283464558
11891.0971384472,13.6884141732285
11899.0054179765,14.3265585301843
11906.9136975059,15.3415220472427
11914.8219770352,17.7595629921249
11922.7302565645,18.2905020997373
11938.5468156232,17.3747700787405
11954.3633746819,16.5897333333332
11962.2716542113,15.0869496062996
11970.1799337406,15.3472188976359
11978.0882132699,17.1120335958004
11985.9964927993,17.525246456693
11993.9047723286,17.7554913385828
12001.813051858,16.5479070866151
12017.6296109167,13.3322839895014
12033.4461699753,13.8195236220455
12041.3544495047,16.6834921259844
12049.262729034,18.3086131233604
12057.1710085634,18.3755118110221
12065.0792880927,19.5499007874014
12072.987567622,18.7596632545928
12080.8958471514,15.3276574803155
12088.8041266807,14.006386614173
12096.7124062101,13.9102758530181
12104.6206857394,14.3728952755904
12112.5289652688,16.1835341207347
12116.4831050334,16.5603299212598
12120.4372447981,16.2023456692914
12128.3455243274,16.4653259842504
12140.2079436215,18.0974409448818
12156.0245026801,19.1043102362199
12167.8869219742,16.8374503937007
12175.7952015035,17.6693073490806
12183.7034810328,17.0781
12191.6117605622,13.5908133858262
12199.5200400915,14.6566598425198
12207.4283196209,17.1098094488213
12223.2448786795,17.9295440944879
12231.1531582089,16.2184230971132
12235.1072979736,15.5351527559054
12239.0614377382,17.3340055118103
12246.9697172676,16.9709992125983
12254.8779967969,15.3256322834618
12270.6945558556,15.1801860892379
12286.5111149143,18.0750438320205
12306.2818137376,18.3970228346445
12337.914931855,16.7879803149606
12345.8232113844,15.8956097112875
12353.7314909137,17.626635433071
12361.639770443,18.2237212598418
12369.5480499724,18.4999606299213
12377.4563295017,17.6861622047246
12393.2728885604,18.1145013123362
12424.9060066778,17.5145748031499
12456.5391247952,16.704244094488
12488.1722429125,17.0780062992126
12567.2550382059,18.5631826771655
12670.0626720874,18.6394929133853
12737.2830480868,17.9895230971131
12800.5492843215,18.8123960629917
12847.9989614976,19.2091488188974
12873.2066963451,18.6559629921259
12887.3962461137,20.072490551182
12898.7478859286,21.8293771653545
12910.0995257435,20.1122566929137
12915.775345651,18.7226897637795
12921.4511655584,19.4844
12927.1269854658,19.8479803149615
12935.640715327,19.8299388451451
12946.9923551419,20.8906
12958.3439949568,18.8418979002623
12964.0198148643,17.840191863517
12969.6956347717,17.9333606299218
12975.3714546792,19.0348937007873
12981.0472745866,19.0121551181105
12986.7230944941,19.0933559055119
12992.3989144015,19.8494094488203
13003.7505542164,22.5126062992133
13015.1021940313,24.7334015748027
13026.4538338462,26.154259317585
13037.8054736611,25.3720850393699
13046.3192035223,25.6484866141732
13049.157113476,25.6636393700752
13057.6708433372,22.3760409448831
13091.7257627819,21.4554283464567
13131.456502134,23.8529611548573
13157.5837027628,26.1720960629921
13185.9454176754,28.4777062992143
13193.0358464035,31.5765062992127
13221.3975613161,31.7291383202105
13263.9401336849,30.424338582677
13292.3018485974,28.0484750656149
13306.4827060537,26.4058146981622
13320.66356351,24.0108141732287
13349.0252784226,22.5639763779524
13363.2061358788,22.215551181102
13391.5678507914,22.5501968503934
13419.9295657039,20.3080708661389
13469.5625668009,16.7714288713927
13497.9242817135,15.3445968503937
13505.0147104416,15.1088173228345
13512.1051391697,17.036114173228
13515.6503535338,18.8044299212608
13519.1955678979,19.9889307086614
13522.7407822619,20.1072640419947
13526.285996626,18.8063795275591
13529.8312109901,16.1460876640407
13533.3764253542,14.8815897637794
13536.9216397182,16.0122724409438
13540.4668540823,17.837598425197
13547.5572828104,19.5211614173224
13561.7381402667,19.5226598425195
13575.918997723,17.5903763779497
13590.0998551793,14.8112632545943
13611.3711413637,14.0720133858264
13639.7328562762,15.3146905511814
13657.4589280966,16.9096658792654
13671.6397855528,17.7320622047246
13685.8206430091,16.5237548556431
13691.1384645553,16.4051997375328
13694.6836789193,16.0466039370079
13698.2288932833,17.2252076115484
13701.7741076475,17.8566821522319
13703.5467148295,17.7754275590558
13714.1823579217,16.7717881889764
13742.5440728342,16.245928871391
13770.9057877468,15.111279527559
13824.0840032078,13.6586503937009
13866.5935719847,14.1110493438317
13885.3647932816,15.7108629921252
13894.7504039301,16.7885165354334
13908.8288199028,17.3685362204715
13965.1424837937,15.7008212598423
14002.6849263876,14.1699805774283
14033.1881609952,15.3284929133858
14070.7306035891,16.2634047244095
14094.1946302103,16.86907480315
14110.6194488451,15.1703606299231
14146.9886901079,17.3328251968492
14164.5867100739,18.3131595800524
14181.0115287087,16.8239257217839
14190.3971393572,15.176562992126
14196.2631460125,14.2680551181092
14202.1291526678,15.0502569553805
14206.821957992,15.3223755905514
14211.5147633163,15.0467501312336
14220.9003739648,14.5596451443574
14243.1911992549,15.2062771653544
14252.5768099034,15.4222359580052
14271.3480312003,15.8846538057744
14291.2924538284,15.0121913385829
14300.6780644768,14.7831076115487
14310.0636751253,14.9201112860893
14328.8348964223,14.7807740157476
14347.6061177192,14.8970853018374
14366.3773390162,14.1785582677162
14381.6289563199,14.5878771653542
14391.0145669685,15.4217551181106
14395.7073722927,13.7395472440947
14400.4001776169,12.2439196850394
14405.0929829412,12.5054272965879
14409.7857882654,13.6877685039379
14414.4785935897,14.7374748031497
14419.1713989139,14.8070965879273
14421.517801576,14.3755165354332
14423.8642042381,14.1627212598427
14428.5570095623,12.0514572178472
14430.9034122245,9.83223622047109
14435.5962175487,9.241777952756
14437.9426202109,9.94198346456651
14442.6354255351,10.6745839895012
14447.3282308593,11.0430645669291
14452.4086914041,10.9658603674549
14457.7022651204,12.1680472440945
14462.9958388368,13.5442448818886
14468.289412553,13.5571632545931
14470.9361994112,13.6047013123353
14473.5829862694,12.7982582677164
14476.2297731276,10.9156220472442
14480.1999534148,10.6306362204724
14482.8467402729,10.782927559055
14488.1403139892,11.4216619422573
14493.4338877056,13.8255062992119
14498.7274614219,13.3125
14504.0210351382,13.5852427821521
14507.9912154254,16.2801997375331
14513.2847891418,15.7688535433065
14518.578362858,14.7734
14522.5485431453,13.9715963254586
14525.1953300034,16.0357771653542
14529.1655102907,18.1982805774272
14535.7824774361,17.3185509186346
14539.7526577233,16.6787543307091
14543.7228380105,18.3723275590535
14546.3696248687,20.1755430446195
14549.0164117269,19.3364984251967
14550.339805156,19.0156333333333
14551.663198585,18.6185863517057
14554.3099854432,16.9447307086615
14556.9567723013,16.3948330708665
14562.2503460176,17.1022002624674
14564.8971328758,16.0947228346454
14567.543919734,15.941728608924
14572.8374934503,15.958165616798
14578.1310671666,16.5337960629921
14583.4246408829,16.77079343832
14586.0714277411,16.9045223097112
14588.7182145992,16.9996110236219
14590.0416080283,16.3831191601061
14591.3650014574,16.5458986876638
14594.0117883155,16.9620322834645
14596.6585751737,15.92312152231
14597.9819686027,13.8352530183722
14599.3053620318,14.7226881889763
14601.95214889,14.2026383202095
14604.5989357482,14.7001312335958
14605.2606324627,15.9345700787412
14605.9223291772,15.044174015748
14606.5840258918,14.4310283464569
14607.2457226063,14.8557118110238
14607.9074193208,14.74814855643
14608.5691160354,16.0454236220476
14609.23081275,17.6447937007886
14609.8925094645,17.4788335958036
14610.554206179,14.5064656167983
14611.2159028936,14.1992551181105
14612.5392963226,15.6977356955379
14613.8626897517,15.7041005249334
14615.1860831808,13.8743598425198
14616.5094766098,14.1182409448814
14619.156263468,15.4141
14621.8030503262,15.6899141732287
14624.4498371844,16.5438629921261
14625.7732306134,16.3438674540681
14627.0966240425,15.6123094488188
14629.7434109006,14.8828
14633.7135911879,12.6490136482939
14635.0369846169,12.4062
14637.6837714751,13.0928797900254
14642.9773451914,13.8009703412069
14644.3007386205,14.7685094488189
14646.9475254787,14.3440409448819
14649.5943123368,14.1729259842523
14652.241099195,14.8644976377953
14656.2112794822,15.425566404199
14661.5048531985,14.1785900262471
14664.1516400567,15.2225960629917
14665.4750334858,15.5845577427828
14666.7984269149,16.4415257217845
14668.1218203439,18.0393700787401
14669.445213773,19.1291010498688
14670.7686072021,20.7985986876641
14672.0920006312,19.5585590551178
14673.4153940602,18.3148653543318
14676.0621809184,17.0802790026248
14678.7089677766,17.5227370078735
14681.3557546347,15.3860191601052
14684.0025414929,16.0742370078742
14689.2961152092,18.8123039370083
14691.9429020673,16.7988601049874
14694.5896889255,14.3330464566932
14699.8832626418,14.2221685039371
14705.1768363581,18.4844519685058
14710.4704100744,21.2372047244076
14715.7639837908,22.2405039370078
14721.0575575071,22.0875519685039
14722.3809509361,21.3235068241471
14723.7043443652,20.8972858267718
14725.0277377943,20.868409448819
14726.3511312234,19.8806094488197
14728.9979180815,19.1959976377953
14731.6447049397,17.7544291338573
14736.938278656,15.7951677165352
14742.2318523723,14.8544118110235
14746.2020326596,16.0455842519684
14752.818999805,14.9834188976385
14763.4061472376,12.5199464566922
14773.9932946702,12.7148146981639
14784.5804421028,14.2309916010508
14789.8740158192,13.2431307086616
14795.1675895355,12.4780409448816
14805.7547369681,14.1242608923885
14816.3418844007,14.6136488188983
14837.516179266,14.9134703412074
14858.6904741312,14.5817905511821
14879.8647689965,14.1351086614172
14890.4519164291,15.1688283464571
14901.0390638618,15.6718580052493
14911.6262112944,15.5055905511807
14922.213358727,16.2587433070867
14932.8005061596,16.8930125984241
14938.094079876,19.8456370078746
14943.3876535923,22.2299383202102
14948.6812273086,21.3648454068253
14953.9748010249,20.1875
14964.5619484575,19.0024753280833
14975.1490958902,15.8438212598431
14980.4426696065,16.2458952755907
14986.0967666482,17.3326931758526
14991.7513083145,18.2641855643042
14997.4058499808,19.0896724409452
15003.0603916471,17.1208482939625
15008.7149333134,16.4062
15028.5058291455,17.667917322835
15034.1603708119,17.7394553805774
15045.4694541445,17.1837125984257
15056.7785374771,17.3668929133857
15062.4330791434,15.7920561679791
15065.2603499766,14.9536207349093
15068.0876208097,14.8356039370076
15070.9148916429,15.1877803149609
15073.7421624761,16.3810695538058
15075.1557978926,17.2076322834648
15076.5694333092,16.7548734908136
15077.2762510175,17.9597157480307
15077.9830687258,17.8550480314965
15078.6898864341,16.6189286089231
15079.3967041424,16.5287120734925
15080.810339559,18.7506401574796
15082.2239749755,17.7481944881896
15083.6376103921,14.0199645669291
15085.0512458087,13.2635157480315
15086.4648812253,12.7646892388454
15087.8785166418,13.1327999999999
15089.2921520584,14.2102125984241
15090.705787475,13.500090551181
15092.1194228916,13.8646916010501
15093.5330583082,14.0223031496063
15094.9466937248,15.1710191601042
15096.3603291413,14.7054154855642
15097.7739645579,15.1681960629931
15099.1875999745,14.9700005249347
15100.6012353911,14.4492459317596
15102.0148708076,15.1598669291345
15104.8421416408,14.2795958005251
15107.6694124739,13.0166477690291
15110.4966833071,14.6068314960624
15113.3239541403,16.8779133858272
15116.1512249734,17.7962362204727
15118.9784958066,16.3263212598419
15121.8057666397,15.5710640419948
15124.6330374729,14.6144950131231
15127.460308306,13.8771905511811
15130.2875791392,13.9356160104991
15133.1148499724,13.6727393700787
15135.9421208055,15.0389590551179
15141.5966624718,15.8063782152233
15147.2512041381,15.8108737532803
15152.9057458045,16.3808984251984
15158.5602874708,15.3521708661417
15164.2148291371,14.6770737532805
15169.8693708034,17.0931118110233
15181.178454136,18.2138795275593
15186.8329958023,18.1402574803151
15192.4875374686,17.55649527559
15198.142079135,17.6384506561683
15203.7966208013,17.0584149606304
15209.4511624676,16.6284913385827
15215.1057041339,18.1737388451453
15220.7602458002,17.4749304461942
15226.4147874665,17.844001574803
15232.0693291328,19.3074866141733
15237.7238707992,19.4757795275585
15243.3784124655,18.6836653543314
15249.0329541318,19.0764595800523
15254.6874957981,19.1286475065615
15260.3420374644,17.982535433071
15265.9965791307,16.1028152230978
15271.651120797,17.7755648293967
15277.3056624634,17.3266661417322
15282.9602041297,13.1999918635164
15285.7874749628,15.3989419947508
15288.614745796,17.0331023622054
15291.4420166291,15.3059223097138
15294.2692874623,15.68525511811
15297.0965582955,18.6448330708656
15299.9238291286,20.1085952755905
15305.5783707949,19.7725207349072
15311.2329124612,19.2541952755898
15316.8874541276,18.3205994750668
15322.5419957939,17.4771753280839
15328.1965374602,17.4260330708665
15333.8510791265,19.1517548556432
15339.5056207928,18.8421897637802
15345.1601624591,17.1945070866145
15350.8147041254,17.5097916010492
15356.4692457918,18.0436191601049
15362.1237874581,17.3056110236212
15367.7783291244,15.5825107611562
15373.4328707907,16.4714406824143
15376.2601416238,18.9083535433074
15379.087412457,20.4973236220474
15381.9146832902,19.6142110236216
15383.3283187067,18.1985929133856
15384.7419541233,17.6157188976393
15386.1555895399,15.8879855643045
15387.5692249565,14.9221535433079
15390.3964957896,16.1317257217848
15393.2237666228,18.800338845142
15398.8783082891,20.1412401574804
15404.5328499554,22.8125
15405.946485372,22.4212598425196
15407.3601207886,21.2296015748025
15408.7737562052,20.6700215223095
15410.1873916217,19.6685123359587
15411.6010270383,17.1266960629913
15413.0146624549,17.8228506561675
15414.4282978714,19.6292543307093
15415.841933288,19.5398401574805
15417.2555687046,21.5108267716553
15418.6692041212,21.313919685039
15420.0828395378,23.7837401574812
15421.4964749544,27.0763968503936
15422.9101103709,26.2209207349116
15424.3237457875,22.6477858267716
15425.7373812041,19.9652036745409
15427.1510166207,19.6555278215223
15428.5646520373,20.3143204724419
15429.9782874538,23.7067908136474
15431.3919228704,24.0737517060373
15432.805558287,23.3495732283465
15434.2191937036,22.254267979003
15435.6328291201,20.7428955380575
15437.0464645367,20.8742834645665
15438.4600999533,21.4849081364828
15439.8737353699,18.9497467191602
15441.2873707865,18.4592889763777
15442.701006203,19.5381603674542
15444.1146416196,18.1848753280827
15445.5282770362,19.2583440944882
15446.9419124528,20.2082766404192
15447.6487301611,20.1349905511811
15448.3555478694,20.105462992127
15449.0623655776,20.7277217847772
15449.7691832859,21.6356377952768
15450.4760009942,19.9271653543308
15451.1828187025,20.2144535433071
15451.8896364108,22.4759648293968
15452.5964541191,25.8120141732275
15453.3032718274,26.9418580052495
15454.0100895356,27.0179845144356
15454.7169072439,27.479688976378
15455.4237249522,26.5911753280832
15456.8373603688,25.8479837270338
15458.2509957854,26.5798724409445
15459.664631202,26.8492293963258
15461.0782666186,23.2873480314965
15462.4919020352,24.0045771653551
15463.9055374517,25.8853690288703
15465.3191728683,24.8842839895037
15466.7328082849,22.9062
15468.1464437015,20.9442905511812
15469.560079118,20.9746711286089
15472.3873499512,21.7124535433066
15473.8009853678,20.186319685039
15475.2146207843,22.2519763779521
15476.6282562009,24.5409881889769
15478.0418916175,25.3030472440936
15479.4555270341,24.1568241469821
15480.8691624507,22.3028007874023
15482.2827978673,20.1840989501312
15483.6964332838,19.5562664041997
15485.1100687004,18.9339133858267
15486.523704117,17.6447320209971
15487.9373395335,19.5032081364803
15489.3509749501,22.9773700787398
15490.7646103667,24.0149028871393
15492.1782457833,21.8542677165354
15497.8327874496,21.4563968503945
15503.4873291159,23.2066309711287
15514.7964124485,22.2284062992106
15526.1054957812,23.6876370078738
15537.4145791138,22.1618280839886
15548.7236624464,20.9040194225727
15554.3782041127,19.9810409448825
15560.0327457791,17.334758530183
15565.6872874454,16.8958963254581
15571.3418291117,19.3156771653542
15576.996370778,19.8084309711283
15582.6509124443,19.0514635170577
15594.8540602398,21.3814133858268
15609.1100385708,20.320883202099
15637.6219952329,16.0824312335964
15651.8779735639,15.5418787401572
15659.0059627294,17.0149275590549
15662.5699573122,17.3747202099741
15666.1339518949,17.4004803149606
15667.9159491863,17.4535921259847
15669.6979464777,18.205333858267
15671.4799437691,18.1578858267706
15673.2619410605,20.7114784776906
15675.0439383519,22.8192868766401
15676.8259356432,22.7521165354327
15678.6079329346,21.5449207349081
15680.389930226,19.8028811023641
15682.1719275174,19.6645181102358
15683.9539248087,21.4074367454077
15687.5179193915,22.3032396325458
15694.645908557,20.9464811023634
15696.4279058483,21.2010682414699
15698.2099031397,22.1953175853011
15701.7738977225,22.0719716535435
15705.3378923053,22.406644094487
15712.4658814708,22.1698766404181
15719.5938706363,24.2347007874006
15726.7218598018,27.6187619422572
15733.8498489673,27.4714727034119
15739.1958408415,24.6083456692911
15742.7598354242,22.5657619422558
15746.323830007,24.618325984252
15749.8878245897,25.3841968503936
15764.1438029207,25.6883041994752
15771.2717920863,26.0300036745408
15774.8357866691,27.1145842519675
15776.6177839604,28.8924215223092
15778.3997812518,27.4833002624666
15780.1817785432,26.459157480315
15781.9637758345,28.1758511811033
15783.7457731259,25.5207002624676
15785.5277704173,21.8457685039378
15787.3097677087,20.9338784776902
15789.091765,19.201714435695
15790.8737622914,18.9526456692919
15792.6557595828,20.4632545931748
15796.2197541656,22.6119803149605
15799.7837487484,20.8537299212601
15803.3477433311,20.2620939632544
15806.9117379138,21.1666614173207
15810.4757324966,19.4541070866138
15814.0397270794,20.0809963254595
15817.6037216621,20.69366824147
15824.7317108276,20.0708236220468
15835.4236945759,20.6387698162736
15847.8976756156,20.5185136482942
15862.1536539466,21.4411850393701
15876.4096322776,22.7216367454063
15890.6656106087,26.7518635170623
15904.9215889397,28.4958125984275
15919.1775672707,28.8468782152256
15933.4335456017,27.0819291338583
15947.6895239328,24.3175637795299
15961.9455022638,27.956186351706
15965.5094968466,30.5275774278244
15972.6374860121,27.5058062992126
15979.7654751776,26.8475049868785
15986.8934643431,24.4128120734907
15994.0214535086,21.7574314960606
16001.1494426741,19.3648118110233
16004.7134372569,18.1248664041998
16008.2774318397,19.3120118110242
16011.8414264224,21.9628530183714
16022.5334101707,26.0424708661428
16036.7893885017,28.4949377952774
16047.48137225,26.6598467191585
16061.737350581,28.1725039370078
16068.8653397465,29.310177165355
16075.993328912,26.6243598425198
16093.8133018258,25.0266013123353
16122.3252584879,23.2933070866142
16136.5812368189,22.1819989501308
16147.2732205672,23.2586603674541
16161.5291988982,24.1089976377952
16168.6571880637,22.6514107611546
16175.7851772292,20.0006721784769
16190.0411555603,21.3566433070867
16204.2971338913,23.0277981627291
16211.4251230568,20.9137241469821
16218.5531122223,23.168776377955
16232.8090905534,26.4780183727009
16247.0650688844,26.6906328083995
16261.3210472154,25.8859488188981
16275.5770255465,27.3879036745408
16289.8330038775,29.6227220472437
16304.0889822085,28.3441086614176
16318.3449605395,25.224033595802
16325.4729497051,20.9882060367456
16332.6009388706,18.7990984251966
16339.7289280361,18.3489666666665
16346.8569172016,17.5157480314966
16361.1128955326,15.3503952755906
16375.3688738637,16.1901039370079
16389.6248521947,17.2559278215225
16403.8808305257,16.290650393699
16418.1368088568,14.2101742782159
16432.3927871878,13.2653514435698
16446.6487655188,17.7872952755917
16463.0506430821,22.2276123359594
16481.9526228269,24.0559278215223
16500.8546025717,23.4777062992134
16519.7565823165,19.864517322835
16538.6585620613,19.180111286089
16548.1095519337,22.125784251969
16557.5605418061,22.0379433070845
16576.4625215509,18.9745490813667
16595.3645012957,18.7073574803149
16652.0704405301,18.7171023622046
16668.6096728068,18.7601346456693
16694.5998949559,20.6309850393715
16750.7286827378,22.0918089238846
16817.7773034719,20.2606396325475
16845.3855590683,17.4680118110232
16876.9378511785,14.8797422572172
16912.4341798025,13.9921419947506
16943.9864719128,14.27715511811
16975.5387640229,17.0997375328086
17007.0910561331,18.1223446194225
17026.8112387019,16.6217031496053
17042.587384757,16.4163545931747
17055.0230510347,16.1185538057724
17079.5581965046,17.0906661417324
17099.4930021987,18.5202585301847
17111.7605749337,18.1158118110237
17134.7622738116,17.7218307086614
17159.2974192815,17.3501498687664
17217.5683897723,18.9570049868763
17291.1738261817,19.5980811023622
17340.2441171214,18.3758041994736
17364.7792625912,16.8448902887138
17401.5819807959,15.5550740157486
17450.6522717355,14.3612837270339
17506.0553461789,12.5696262467184
17593.8762709082,14.3162992125987
17629.3127843954,15.2688188976386
17653.9642720387,15.0325044619427
17672.4528877712,14.8794377952754
17697.1043754146,14.8807212598422
17707.8894012585,15.1639102362204
17720.2151450802,14.6813102362206
17729.4594529464,15.3948309711285
17737.163042835,15.9904845144355
17749.4887866566,16.6626755905512
17774.1402742999,18.388100000002
17849.8672678434,22.3550291338591
17864.4328301862,25.6146653543299
17895.3846501646,26.158739895013
17906.3088219217,23.7722007874023
17922.6950795574,22.1697811023618
17937.2606419002,19.6119438320196
17944.5434230715,15.7497359580086
17950.0055089501,13.7370078740155
17971.8538524643,14.9361868766411
18006.4470630285,17.5710950131237
18015.5505394927,18.9329236220475
18024.6540159569,22.1009217847758
18030.1161018355,25.296587926509
18035.5781877141,26.2923228346455
18039.2195782998,21.1392876640403
18042.8609688854,18.4266892388446
18046.5023594712,17.7918267716538
18048.323054764,21.380667191601
18050.1437500568,23.0354713910762
18051.9644453497,24.779325984252
18053.7851406425,24.4104170603674
18055.6058359354,24.0632322834648
18057.4265312283,25.5884559055103
18061.067921814,29.2831204724413
18064.7093123997,30.074204461941
18068.3507029854,26.1500984251958
18071.9920935711,24.394192913386
18075.6334841568,25.3218503937009
18079.2748747424,21.8554527559064
18081.0955700353,17.1590370078722
18082.9162653282,17.0970362204701
18084.736960621,15.563454330708
18085.6473082674,14.9692181102364
18086.5576559138,16.6440761154862
18087.4680035603,19.1011354330707
18088.3783512067,21.7173013123372
18090.1990464995,21.9724614173224
18093.8404370852,26.6268503936986
18097.481827671,31.8063002624676
18101.1232182567,32.213945406822
18102.9439135495,29.1950464566926
18104.7646088424,26.4124018372718
18108.4059994281,26.0256574803151
18113.8680853066,19.1604330708677
18121.150866478,14.7325821522299
18128.4336476494,13.5187328083991
18133.895733528,15.9011716535408
18137.5371241137,19.3993868766395
18139.3578194065,22.9339850393713
18141.1785146994,24.6471244094486
18142.9992099922,24.956013648293
18144.8199052851,21.2486763779532
18146.6406005779,15.2384976377954
18148.4612958708,15.5254855643044
18149.3716435172,19.2191884514468
18150.2819911636,23.4070125984253
18151.19233881,25.3225233595802
18152.1026864565,24.9351065616797
18153.9233817493,22.9800188976388
18157.564772335,21.0674440944876
18159.3854676279,18.4542850393694
18161.2061629207,15.9612062992152
18163.0268582135,18.0706968503925
18164.8475535064,22.3954653543321
18168.4889440921,23.819762992126
18172.1303346778,24.2611081364827
18175.7717252635,24.8218758530178
18179.4131158492,25.9262905511812
18186.6958970206,28.5331141732289
18190.3372876063,24.2876485564283
18193.978678192,19.6453283464554
18195.7993734849,19.5688650918598
18197.6200687777,24.3802333333333
18199.4407640706,25.6908307086611
18201.2614593634,26.788877952756
18204.9028499491,30.3681740157526
18206.7235452419,33.4409157480324
18208.5442405348,32.7663989501313
18210.3649358277,25.9862761154854
18212.1856311205,25.060875590551
18215.8270217062,25.7196480314965
18223.1098028776,26.7871341207357
18226.7511934633,24.7413992125986
18230.392584049,23.10972808399
18237.6753652204,25.1891433070872
18244.9581463918,26.5731984251974
18252.2409275632,26.7048958005254
18259.5237087346,25.7837926509188
18263.1650993203,23.8831118110234
18266.806489906,23.4520908136483
18274.0892710774,21.8485653543293
18281.3720522488,22.8981433070873
18295.9376145916,23.6601790026223
18310.5031769344,25.9091973753282
18321.4273486915,27.2683566929129
18328.7101298629,26.6719
18336.9032586807,25.9591167979007
18338.7239539736,27.8827259842519
18340.4661842988,27.5463805774274
18342.1299496566,25.6664866141721
18344.5502234698,27.7257377952775
18347.7270057388,30.9624191601009
18350.9037880077,31.6089062992132
18355.6689614112,28.7828244094474
18362.0225259491,26.6195370078737
18368.376090487,28.6348104986883
18374.7296550249,29.5507881889763
18381.0832195628,26.7151727034129
18387.4367841007,25.5808262467192
18396.9671309075,23.2254409448801
18403.3206954454,22.1314858267716
18409.6742599833,22.3088622047229
18416.0278245212,23.6162440944882
18422.3813890591,24.9322721784789
18428.734953597,23.9230868766409
18441.4420826728,25.4103409448825
18463.6795585555,29.9778081364857
18476.3866876313,27.6364926509188
18495.447381245,26.0563559055111
18520.8616393966,26.2540850393696
18546.2758975482,27.2767065616791
18558.983026624,27.2548803149603
18571.6901556998,25.5691994750676
18578.6610619204,27.6978440944883
18580.8374675876,27.6951354330715
18583.0138732547,27.44228503937
18588.4548874226,27.303329658793
18594.9841044242,27.0650842519685
18602.6015242593,28.9875782152222
18604.7779299264,30.5249538057744
18605.86613276,30.1337464566904
18606.9543355936,29.1683921259836
18609.1307412608,27.1299569553799
18611.3071469279,27.428528346456
18613.4835525951,25.6055624671916
18615.6599582623,23.24637480315
18621.1009724302,25.161909448818
18629.8065950989,28.6684049868751
18638.5122177676,29.4975233595801
18647.2178404363,27.8633370078734
18651.5706517706,28.7545485564318
18666.8054914408,31.0870656167969
18684.2167367782,30.0228740157486
18697.2751707812,25.0333580052495
18705.9807934499,24.6719160104987
18708.157199117,24.6893488188973
18710.3336047842,24.101690026247
18712.5100104514,25.3764603674528
18714.6864161185,29.1455480314962
18715.7746189521,30.7014083989506
18716.8628217857,28.551384776902
18717.9510246193,24.7988188976396
18719.0392274529,20.969308136483
18721.2156331201,20.7509682414698
18723.3920387872,20.6492149606299
18727.7448501216,20.563691863515
18732.0976614559,19.4016123359567
18736.4504727903,20.407890551181
18740.8032841246,21.9579538057742
18745.1560954589,20.1674041994755
18749.5089067933,17.8501590551175
18751.6853124605,17.2562175853009
18753.8617181276,21.385020472439
18756.1614388069,24.1673228346457
18759.1442033699,24.3575278215215
18765.1097324958,22.7006708661416
18771.0752616217,21.3373196850398
18777.0407907476,22.8542986876644
18783.0063198735,25.0720485564301
18794.9373781254,25.1196023622045
18800.9029072513,24.1085152230963
18806.8684363772,22.7454041994752
18812.8339655031,22.1711259842523
18818.799494629,21.8400209973753
18821.782259192,20.1065036745405
18824.7650237549,21.0260952755909
18826.2564060364,23.1449971128605
18827.7477883179,23.6821910761139
18830.7305528809,24.7796535433072
18833.7133174438,24.0736110236219
18836.6960820068,22.5
18838.1874642883,23.0846551181091
18839.6788465697,22.6878595800524
18841.1702288512,23.5920364829401
18842.6616111327,23.0646086614174
18844.1529934142,21.94401102362
18845.6443756956,20.3890755905521
18847.1357579771,19.8526456692911
18848.6271402586,20.3205380577428
18850.1185225401,23.6487259842511
18853.1012871031,25.7405062992129
18856.084051666,25.7168635170608
18860.5581985104,26.2967926509174
18862.0495807919,27.0257385826766
18862.7952719327,28.8825299212596
18863.5409630734,27.8391220472439
18865.0323453548,22.8693842519716
18865.7780364956,19.8889627296587
18866.5237276363,22.4721616797891
18867.2694187771,22.6562
18868.0151099178,21.7109419947508
18868.7608010586,25.320424409444
18869.5064921993,28.7112685039362
18870.9978744808,29.2296650918637
18872.4892567623,30.2264099737533
18881.4375504511,30.5544173228347
18887.403079577,27.780573490813
18890.38584414,29.4907440944877
18899.3341378289,29.3879433070869
18911.2651960807,27.22648215223
18918.7221074881,26.3632223097128
18924.687636614,29.3087590551162
18932.1445480214,30.0316981627301
18938.1100771473,27.6162551181102
18944.0756062732,30.5374015748024
18950.0411353991,32.9356955380582
18958.989429088,33.0244422572202
18982.8515455917,30.2054314960626
18994.7826038435,34.1729790026248
18997.7653684065,38.3172572178493
19000.7481329694,40.6902346456693
19003.7308975324,35.7738745406857
19012.6791912212,25.8481333333339
19015.6619557842,18.2885086614183
19017.1533380657,17.131997375328
19018.6447203472,17.9289698162747
19023.1188671916,20.7701771653515
19026.1016317546,22.3854800524933
19029.0843963175,22.2181947506567
19035.0499254434,23.420783464567
19041.0154545694,23.0139435695536
19046.9809836952,19.9529199475071
19049.9637482582,21.2587275590538
19052.9465128212,23.9109721784774
19055.9292773841,25.664418372704
19057.4206596656,23.0745637795276
19063.3861887915,19.9270750656182
19081.2827761693,18.9246645669291
19096.1965989841,19.3783173228351
19103.6527265444,20.7479204724415
19115.5762965669,22.8320918635172
19121.5379946172,26.2048724409452
19127.4996926676,28.378756955378
19133.461390718,33.8100829396335
19136.4422397431,37.829232283464
19139.4230887683,38.9234107611546
19142.4039377935,36.0469800524945
19145.3847868187,27.5117858267791
19151.3464848691,20.0667102362216
19160.2890319446,15.5035146981617
19170.7220035328,11.7219078740159
19182.6453996335,10.7215086614195
19230.3389840364,9.63781469816264
19286.9751155149,10.237620472441
19297.4080871031,12.1945926509186
19304.860209666,11.7072175853022
19322.7453038171,11.6003094488193
19373.4197372453,12.8442834645676
19433.3254533811,11.8906
19500.7914700447,10.595324409449
19527.7778767101,10.1627370078742
19541.2710800429,10.8655585301835
19554.7642833756,12.3387212598414
19558.1375842087,11.0741383202106
19561.5108850419,10.6639356955378
19568.2574867083,11.2943173228351
19575.0040883746,13.267056692912
19581.750690041,16.2182388451434
19595.2438933737,22.6700157480305
19615.4836983728,29.3764729658787
19635.7235033719,27.5997215223082
19644.1567554548,22.7686149606346
19647.530056288,17.2922908136504
19652.5900075378,14.7742803149606
19655.963308371,14.2264881889761
19659.3366092041,13.8741301837271
19662.7099100373,15.3873375328059
19666.0832108705,21.4799480314945
19669.4565117037,30.3891238845104
19672.8298125369,36.5482776902898
19679.5764142032,37.8786708661387
19686.3230158696,34.3261863517065
19689.6963167028,30.9804393700798
19693.0696175359,28.4673118110234
19699.8162192023,28.1328467191597
19706.5628208687,30.9846850393714
19713.309422535,32.9909370078743
19716.6827233682,33.2586942257204
19720.0560242014,35.4089566929133
19723.4293250346,40.204237795276
19726.8026258677,39.9061968503937
19736.9225283673,38.4872047244096
19747.0424308668,37.5226401574803
19757.1623333664,34.9770661417352
19768.0130026772,29.9747543307082
19776.6262913187,28.9853842519684
19789.5462242808,27.7089734908135
19802.466157243,27.5304958005251
19815.3860902052,29.01471968504
19832.612667488,28.8512490813653
19849.8392447709,25.5390443569535
19858.4525334124,20.4199795275601
19862.7591777331,19.7252824146959
19867.0658220538,22.3580078740155
19871.3724663745,22.6868700787398
19875.6791106952,22.0334485564305
19879.985755016,22.3746454068233
19884.2923993367,21.501088976378
19888.5990436574,21.4165664041985
19892.9056879781,23.0421748031497
19897.2123322988,25.2715055118129
19901.5189766196,24.0523454068268
19905.8256209403,22.7916826771666
19910.132265261,20.966279527559
19914.4389095817,21.8747178477686
19918.7455539024,22.4642503937012
19923.0521982232,23.5852700787402
19927.3588425439,24.3802653543299
19931.6654868646,27.2001632545926
19940.278775506,28.9789236220475
19948.8920641475,29.3281
19961.8119971096,28.5806766404201
19979.0385743925,28.227503937008
19996.2651516754,30.01120734908
20013.4917289583,30.5094803149606
20022.1050175997,30.9669133858258
20026.4116619204,31.0260666666653
20030.7183062412,34.3143049868746
20032.8716284015,32.8459645669292
20035.0249505619,30.8294632545933
20037.1782727223,27.5218335958003
20039.3315948826,25.5788960629907
20043.6382392033,29.2034965879249
20047.944883524,28.9184834645678
20052.2515278448,23.1549779527549
20056.5581721655,20.9161044619425
20060.8648164862,20.6171524934392
20065.1714608069,19.3344393700791
20067.3247829673,18.1497307086614
20069.4781051277,18.2314792650918
20071.6314272881,18.2071590551173
20073.7847494484,16.7812
20075.9380716088,15.6191265091878
20078.0913937691,14.6269795275591
20080.2447159295,14.423871128609
20082.3980380898,14.0865522309711
20086.7046824105,13.190680314961
20091.0113267313,14.1455496062988
20095.317971052,16.8620522309698
20099.7036574858,18.4291125984253
20104.1353860811,19.7825664041968
20108.5671146763,16.6007640419951
20112.9988432716,14.3861708661428
20117.4305718669,15.4909299212605
20121.8623004621,18.0089036745418
20126.2940290574,20.946246456694
20130.7257576526,21.9104170603675
20135.1574862479,21.1294131233596
20152.8844006289,20.8958173228345
20161.7478578195,22.5276417322843
20166.1795864147,24.1515748031491
20170.61131501,23.4975244094492
20175.0430436052,23.356606824147
20179.4747722005,21.8137191601056
20183.9065007958,24.3702881889766
20188.338229391,31.7207146981689
20201.6334151768,39.175779002624
20219.3603295578,47.0563984251948
20228.2237867484,50.0968383202103
20241.5189725341,45.0554913385801
20272.541072701,41.0954724409486
20307.994901463,38.6635498687667
20325.7218158441,34.6537829396312
20343.4487302251,28.941101574805
20361.1756446062,21.3041999999973
20378.9025589872,14.5961028871402
20396.6294733682,14.9336047244065
20414.3563877493,21.0233338582668
20445.3784879161,28.8155847769066
20463.1054022971,34.9079724409448
20480.8323166782,32.9152446194265
20502.9909596545,23.445868766404
20551.7399742023,15.6213409448834
20618.2159031312,13.3312191601049
20649.2380032981,12.7969
20653.6697318933,15.7484913385806
20658.1014604886,17.0418010498689
20662.5331890838,15.2344519685033
20666.9649176791,13.9885322834649
20675.8283748696,13.3496398950133
20684.6918320601,13.0831044619426
20720.1456608222,14.1573330708647
20793.5531028658,14.5872002624672
20830.7275239285,15.1542223097118
20867.9019449912,15.2787905511811
20905.0763660539,19.2378913385798
20928.3103792181,22.7957091863515
