"AGE","GR"
563.694853549561,48.12843379
564.472612940593,45.015642
565.250372331623,38.74294564
566.028131722654,32.54437917
566.805891113685,25.84049469
567.583650504716,27.92809125
568.361409895747,33.85031683
569.139169286778,35.73771996
569.916928677809,32.48108981
570.305808373325,31.1601222
570.69468806884,30.37965583
571.083567764355,28.45724418
571.472447459871,28.43985261
572.250206850902,32.32792685
572.639086546418,34.2605583
573.027966241933,34.13585199
573.416845937448,31.06822183
573.805725632964,29.05298923
574.194605328479,29.91182621
574.583485023995,31.31339087
574.97236471951,30.89359539
575.361244415026,29.33219014
575.750124110541,30.10594003
576.139003806057,29.82232287
576.527883501572,31.99236295
576.916763197088,33.87092799
577.694522588119,32.96887697
578.472281979149,32.0980751
579.25004137018,31.17927736
580.027800761211,31.97480898
580.805560152242,34.04960769
581.583319543273,36.47206349
582.361078934304,37.87769187
582.74995862982,37.95036464
583.138838325335,37.72125051
583.527718020851,35.3962643
583.916597716366,30.98987896
584.694357107397,28.31244061
585.472116498428,28.14871595
585.860996193943,29.59352867
586.249875889459,28.30059118
586.638755584974,27.59934789
587.02763528049,29.60174588
587.416514976005,32.95466793
587.805394671521,34.50564459
588.194274367036,31.68620883
588.583154062552,29.73873938
589.360913453583,30.01845358
590.138672844614,31.20847638
590.916432235644,30.90227567
591.694191626676,32.6822941
592.471951017706,33.63348451
593.249710408737,32.40087912
594.027469799768,31.68174451
594.805229190799,33.08226374
595.58298858183,34.16067254
596.360747972861,33.43717893
597.138507363892,36.08398011
597.916266754923,37.69969288
598.694026145954,35.97516089
599.471785536985,33.43935189
600.249544928016,30.90569848
601.027304319047,29.4398139
601.805063710078,30.64876495
602.582823101109,33.90914941
603.36058249214,34.90283533
604.138341883171,34.30409675
604.916101274202,33.2940006
605.693860665232,33.54079195
606.471620056263,35.39204112
607.249379447295,31.51869074
608.027138838325,30.90106629
608.804898229356,30.77082433
609.193777924872,30.00449879
609.582657620387,30.64152189
609.971537315903,33.09226867
610.360417011418,34.42574367
610.554856859176,32.38151565
610.749296706934,33.56183936
610.943736554691,35.38916801
611.138176402449,36.46176228
611.332616250207,34.633367
611.527056097965,30.8935043
611.721495945722,31.22019361
611.91593579348,31.97093813
612.110375641238,30.60788506
612.304815488995,30.62302323
612.499255336753,30.76435766
612.693695184511,30.33064122
612.888135032269,32.19994575
613.082574880027,33.41416204
613.277014727784,34.78655187
613.471454575542,33.32431509
613.6658944233,32.3541127
613.860334271058,33.46753826
614.054774118815,36.49496439
614.249213966573,35.63834148
614.443653814331,34.6712617
614.638093662088,36.84743114
614.832533509846,33.25615069
615.026973357604,30.28098878
615.415853053119,29.94353698
615.804732748635,30.99191784
616.19361244415,30.37208019
616.582492139666,32.07131954
616.971371835181,34.7909125
617.360251530697,34.69987279
617.749131226212,34.23500936
618.138010921728,33.06639722
618.526890617243,35.65493832
618.915770312759,38.14373862
619.304650008274,39.90557265
619.69352970379,39.94247884
620.082409399305,37.61545819
620.47128909482,33.93239989
620.860168790336,37.0005612
621.249048485851,39.66635875
621.637928181367,37.47240092
622.026807876882,36.34876705
622.415687572398,36.75099828
622.804567267913,34.07034588
623.582326658944,30.4713135
624.360086049975,31.94503802
625.137845441006,32.78050146
625.915604832037,34.24062924
626.304484527553,34.22713832
626.693364223068,32.58259688
627.082243918583,35.54054507
627.471123614099,36.84679566
628.24888300513,36.54204497
629.026642396161,33.93047328
629.804401787192,29.3775743
630.582161178223,28.62443744
631.359920569254,32.19968085
632.137679960285,32.79188256
632.915439351316,32.59280581
633.693198742346,34.20127439
634.470958133378,33.88923701
635.248717524408,33.3528815
636.026476915439,33.89338734
636.80423630647,33.05037507
637.581995697501,32.23454134
638.359755088532,31.80570895
638.748634784048,32.97278493
639.137514479563,34.54798864
639.526394175079,36.17845217
639.915273870594,32.58712615
640.304153566109,29.36339677
640.693033261625,30.84478698
641.08191295714,30.40236026
641.470792652656,27.28862014
641.859672348171,29.68392024
642.248552043687,35.27993256
643.026311434718,32.30239154
643.804070825749,27.49948561
644.58183021678,29.06973615
645.359589607811,34.23689353
646.137348998842,37.0301962
646.915108389873,35.6858603
647.692867780904,31.48844939
648.470627171934,28.81388665
649.248386562965,29.15363405
649.637266258481,29.94542439
650.026145953997,31.11581203
650.803905345027,35.29651997
651.192785040543,38.56500827
651.581664736058,38.00656263
651.970544431574,38.01541035
652.359424127089,34.6696348
652.748303822604,32.75310889
653.13718351812,35.60416106
653.914942909151,39.17114596
654.692702300182,37.17479555
655.470461691213,35.64655596
655.859341386729,34.95323398
656.248221082244,34.86524652
656.637100777759,35.04993584
657.025980473275,34.17965702
657.41486016879,33.86230562
657.803739864306,37.93258315
658.192619559821,41.59569761
658.581499255337,40.37847428
658.970378950852,37.68944379
659.359258646368,35.81331038
659.748138341883,33.44773688
660.137018037399,33.86277225
660.525897732914,34.72400747
660.914777428429,34.14867777
661.692536819461,34.71274002
662.470296210492,31.5419465
663.248055601523,34.18259948
664.025814992553,37.42235844
664.414694688069,37.11848591
664.803574383584,34.69135117
665.1924540791,34.48857626
665.581333774615,37.38767563
665.970213470131,37.06119413
666.164653317888,33.51935508
666.359093165646,33.33703276
666.747972861162,37.29712683
667.136852556677,37.66697355
667.525732252193,35.95847902
667.914611947708,34.02620233
668.303491643224,32.06731825
668.692371338739,34.14828878
669.081251034255,36.19891811
669.47013072977,36.54288376
669.859010425285,38.13216154
670.247890120801,39.63237198
671.025649511832,39.72308702
671.803408902863,36.41505788
672.581168293894,34.13582942
673.358927684925,32.45482428
674.136687075956,35.41646456
674.914446466987,37.64790447
675.692205858018,37.94077499
676.469965249048,36.79776366
677.24772464008,37.86763578
678.02548403111,40.41440625
678.803243422141,40.16368899
679.581002813172,39.31241749
679.969882508688,39.50898293
680.358762204203,40.97033022
680.747641899719,40.80859402
681.136521595234,38.97855948
681.914280986265,38.944866
682.692040377296,43.30462445
683.469799768327,43.22104904
684.247559159358,41.80025382
685.025318550389,42.39592028
685.414198245905,40.28761331
685.80307794142,37.38043716
686.191957636936,32.10330964
687.358596723482,31.19532579
688.914115505544,38.31379176
690.469634287606,39.66145987
692.025153069667,37.96605497
693.191792156214,38.44989864
693.969551547245,38.95526051
694.747310938276,41.44190227
695.525070329307,42.79885392
695.913950024822,42.57709911
696.302829720338,38.42180388
696.691709415853,36.35721593
696.886149263611,35.99867433
697.080589111368,36.39884737
697.469468806884,34.28588509
697.663908654642,32.0213149
697.858348502399,32.46391611
698.247228197915,29.58037999
698.636107893431,29.09277745
699.024987588946,32.39920729
699.413867284462,32.67972422
699.802746979977,34.46081702
700.191626675492,38.14474046
700.580506371008,38.5815569
700.969386066523,38.72209254
701.358265762039,39.89746745
701.747145457554,42.04689783
702.13602515307,38.88616175
702.524904848585,34.70613978
702.913784544101,37.7816366
703.302664239616,40.9196606
703.691543935131,41.8032084
704.080423630647,36.66604118
704.469303326163,35.61217946
704.858183021678,37.34452128
705.247062717194,32.26235387
706.024822108224,30.13207493
706.802581499255,30.77476926
707.191461194771,31.50230058
707.580340890286,33.85591268
707.969220585802,36.10708506
708.358100281317,34.84442781
708.746979976833,36.12611831
709.135859672348,34.06144374
710.69137845441,36.16553477
712.246897236472,38.99257784
713.802416018534,41.39483442
714.580175409565,40.02035991
715.357934800596,40.47407069
716.135694191627,41.44383578
716.913453582658,39.76222442
717.691212973689,40.2315088
718.46897236472,40.58604533
719.24673175575,37.68113304
719.635611451266,36.2499882
720.024491146782,36.35009148
720.413370842297,37.74325432
720.802250537812,35.19965028
721.191130233328,32.6672614
721.580009928843,31.83375102
721.968889624359,29.77750792
722.357769319874,28.8608105
723.135528710905,32.67871296
723.913288101936,33.77779731
724.691047492967,34.26876746
725.468806883998,37.67175661
726.246566275029,41.07522931
727.802085057091,39.86265292
728.579844448122,36.52068443
729.357603839153,35.59403649
729.746483534668,34.00868733
730.135363230184,32.39232403
730.524242925699,32.13617137
730.913122621215,33.8420298
731.30200231673,33.56649198
731.690882012246,33.44797952
732.079761707761,40.57757873
732.468641403277,44.78630343
732.857521098792,40.889912785
733.246400794307,38.12742661
733.635280489823,37.63868346
734.024160185338,37.0086754
734.413039880854,34.97595865
734.801919576369,33.6066752
735.190799271885,33.76322943
735.385239119643,33.63926749
735.5796789674,35.47730002
735.774118815158,36.7289637
735.968558662916,36.75529978
736.162998510674,35.0269503
736.357438358431,34.64344624
736.551878206189,37.13586583
736.746318053947,40.68079757
736.940757901705,43.23650254
737.135197749462,42.53264623
737.232417673341,40.99483861
737.32963759722,37.55823019
737.426857521099,33.17866468
737.524077444978,31.30202442
737.621297368857,34.11696428
737.718517292735,37.54260454
737.815737216614,33.08711587
737.912957140493,31.66201162
738.107396988251,35.42997303
738.301836836009,35.79400339
738.496276683766,38.81931957
738.690716531524,40.90394172
738.885156379282,39.52969797
739.07959622704,36.04106102
739.176816150919,33.62360606
739.274036074797,34.4420175
739.371255998676,37.96979219
739.468475922555,40.40761081
739.662915770313,41.54628877
739.85735561807,37.49046642
739.954575541949,33.6997487
740.051795465828,35.26363152
740.149015389707,36.20666653
740.246235313586,39.72640482
740.440675161344,39.40401353
740.635115009101,38.11074831
740.829554856859,36.06886867
741.023994704617,38.70459489
741.218434552374,41.79774115
741.412874400132,39.77692426
741.60731424789,37.53485131
741.801754095648,36.78635379
741.996193943406,35.51442221
742.190633791163,36.63119703
742.287853715042,39.15089221
742.385073638921,39.82628075
742.579513486679,37.26376216
742.968393182194,36.36774179
743.35727287771,35.47944048
743.746152573225,32.47468291
743.940592420983,31.11098781
744.135032268741,34.63570181
744.329472116498,41.01678454
744.523911964256,42.60736807
744.718351812014,38.74586011
744.912791659772,35.13117448
745.301671355287,37.21301686
745.690551050803,39.55562609
746.079430746318,43.1359849
746.468310441833,40.53320127
746.857190137349,34.82994013
747.246069832865,34.09414309
748.023829223896,35.50616081
748.801588614926,35.89969288
749.579348005957,34.80873678
751.134866788019,32.48152087
752.690385570081,33.08336719
754.245904352143,35.58330521
755.801423134205,34.10683472
757.356941916267,33.32259508
758.912460698329,36.65509773
760.467979480391,41.68923808
762.023498262452,41.81636788
763.579017044514,35.72618574
765.134535826576,30.43849345
766.690054608638,32.5978618
768.2455733907,36.00882581
769.801092172762,37.64963351
771.356610954824,38.61128166
772.52325004137,39.93437336
773.301009432401,42.85746919
774.078768823432,43.58439266
774.856528214463,40.20221708
775.634287605494,36.97170828
776.412046996525,38.12491301
777.578686083071,38.18301037
779.134204865133,39.18914307
780.689723647195,40.35188396
782.245242429257,36.54720426
783.800761211319,32.69187401
785.356279993381,35.36913596
786.911798775443,36.69648495
787.689558166474,34.0371103
788.467317557505,34.62293867
789.245076948535,34.53788248
790.022836339567,34.23327028
791.578355121628,31.48629163
793.13387390369,31.04118673
794.689392685752,34.73098151
796.244911467814,34.41507644
797.800430249876,33.4630203
799.355949031938,37.40439069
800.911467814,37.34206905
802.466986596062,35.00743263
804.022505378123,38.18879665
805.578024160185,41.97456618
807.133542942247,39.01504167
808.689061724309,36.24401579
810.244580506371,33.84503927
811.800099288433,30.4555954
813.355618070495,28.83032616
814.911136852557,34.21001158
816.466655634619,36.87276345
818.022174416681,35.78087381
819.577693198742,33.4699271
821.133211980804,34.63173083
822.688730762866,37.19069029
824.244249544928,38.20467408
825.79976832699,37.42402337
827.355287109052,35.23765007
828.910805891114,38.36192433
830.466324673176,40.5306675
831.244084064207,39.61838516
832.021843455237,38.85016473
832.799602846268,34.57010235
833.5773622373,33.53467062
834.35512162833,34.44483496
835.132881019361,29.40603309
836.688399801423,31.10119286
838.243918583485,39.50617004
839.799437365547,42.01060741
841.354956147609,40.43798981
842.13271553864,39.18324267
842.910474929671,35.47326983
843.688234320702,34.72716768
844.465993711732,35.53031882
845.243753102764,34.46254516
846.021512493794,35.00815287
846.41039218931,37.27831964
846.799271884825,38.67851865
847.188151580341,39.3129589
847.577031275856,38.52903751
847.965910971372,35.52019671
848.354790666887,33.5121491
849.132550057918,34.33670082
849.910309448949,33.8963907
850.68806883998,33.38997048
851.465828231011,34.89182433
851.854707926526,36.68033868
852.243587622042,35.99818055
852.632467317557,34.6676287
853.021347013073,32.3992013
853.410226708589,31.15185484
853.799106404104,32.27648768
854.187986099619,35.07013936
854.576865795135,32.48626258
854.96574549065,34.33982441
855.354625186166,35.3482608
855.743504881681,35.86865475
856.132384577197,37.00363729
856.521264272712,36.37815952
856.910143968228,33.67409882
857.299023663743,31.39581848
857.687903359259,32.57456071
858.076783054774,34.0646639
858.46566275029,34.6489489
858.854542445805,34.33033444
859.24342214132,35.70207606
859.632301836836,36.12745287
859.826741684594,33.89344841
860.021181532351,29.36274469
860.215621380109,28.72154963
860.410061227867,33.23078284
860.604501075625,35.98257191
860.798940923382,35.23612579
861.187820618898,36.84508997
861.576700314413,38.32833265
861.965580009929,36.71452861
862.354459705444,35.39041114
862.74333940096,35.82593767
863.132219096475,34.02730841
863.909978487506,29.39595916
864.687737878538,30.034706
865.465497269568,32.29337465
866.243256660599,33.02452876
866.632136356115,33.88488536
867.02101605163,37.62165608
867.409895747145,37.28950238
867.798775442661,34.73118057
868.187655138176,34.95524297
868.576534833692,32.81821287
869.354294224723,30.92274221
870.132053615754,31.40807034
870.909813006785,33.07118272
871.687572397816,31.56451549
872.465331788847,32.91734054
873.243091179878,35.47300027
874.020850570908,38.04503037
874.798609961939,36.32263088
875.57636935297,31.54881189
877.131888135032,28.38354328
878.687406917094,31.42973662
880.242925699156,33.3733111
881.798444481218,34.52099118
883.35396326328,36.4500978
884.131722654311,38.31300631
884.909482045342,39.81105595
885.687241436373,38.70199654
886.465000827404,35.86832992
886.853880522919,35.25204626
887.242760218435,31.8488099
888.020519609466,32.99801636
888.409399304981,37.75825337
888.603839152739,40.47306235
888.798279000496,35.4658424
889.187158696012,36.45179461
889.576038391527,37.70291711
889.964918087043,39.46666801
890.353797782558,38.68413826
890.742677478074,33.3017142
891.131557173589,30.69872202
891.520436869105,28.20367947
891.90931656462,25.78448665
892.103756412378,31.21400978
892.298196260136,35.18553763
892.492636107893,33.97798241
892.687075955651,33.39748726
892.881515803409,32.9797504
893.075955651167,31.33794404
893.270395498924,30.0968376
893.464835346682,28.16483737
893.65927519444,28.55768823
893.853715042198,33.4294873
894.048154889955,36.83972514
894.242594737713,36.70296213
894.437034585471,34.60554848
894.631474433229,31.43976426
894.825914280986,32.32745234
895.020354128744,34.36524642
895.214793976502,33.42161175
895.40923382426,30.72067973
895.798113519775,31.47419554
896.186993215291,34.89475443
896.575872910806,38.01292196
896.964752606322,40.97010915
897.353632301837,39.66306186
897.742511997352,34.6205311
898.131391692868,29.81592595
898.520271388383,28.63375042
898.909151083898,32.94394895
899.298030779414,36.43347246
899.68691047493,35.38555026
900.075790170445,33.91101704
900.464669865961,32.94402749
900.853549561476,31.4582264
901.242429256991,31.14785458
902.020188648022,31.60011183
903.575707430085,34.80742813
905.131226212146,39.71628402
906.686744994208,40.25847929
908.24226377627,36.94436515
909.020023167301,33.54641635
909.797782558332,32.66586585
910.517654528478,36.96462383
911.21718767507,35.09251328
911.916720821662,32.13584629
912.616253968254,34.43566169
913.315787114846,37.28396192
914.015320261438,35.70642958
914.71485340803,31.73889353
915.414386554622,29.73197893
916.113919701214,29.29376419
916.813452847806,30.3480803
918.21251914099,34.02557848
919.611585434174,35.34864128
921.010651727357,32.75164591
922.409718020542,33.04317748
923.109251167133,37.15784699
923.808784313725,35.45758212
924.508317460318,31.60681704
925.20785060691,32.86204779
925.907383753501,32.28338407
926.606916900093,30.41502044
927.306450046685,32.7719522
927.656216619981,33.44513088
928.005983193277,33.52321496
928.355749766573,33.41340673
928.705516339869,34.17248356
929.055282913165,34.61318957
929.405049486461,35.70961875
929.754816059757,37.60963261
930.104582633053,38.36921798
930.454349206349,39.30039658
930.804115779645,41.42054109
931.153882352941,37.74036747
931.503648926237,32.89025553
932.203182072829,31.24108034
932.902715219421,32.69936027
933.252481792717,33.50250268
933.602248366013,31.46076568
933.952014939309,32.33920514
934.301781512605,38.01784356
934.651548085901,38.69268014
935.001314659197,35.03845738
935.351081232493,31.10991885
935.700847805789,30.12731811
936.050614379085,33.01935276
936.400380952381,32.68037296
937.099914098973,26.28203284
937.449680672269,25.81713837
937.799447245565,27.37486371
938.149213818861,28.20411078
938.498980392157,32.49622196
939.198513538749,31.08748825
939.898046685341,30.86125172
940.597579831933,32.58400701
941.297112978525,33.50299819
941.646879551821,33.98687813
941.996646125116,35.29139688
942.346412698412,35.16618921
942.696179271709,35.62730276
943.045945845004,39.00887788
943.395712418301,39.37998067
943.745478991597,39.24040198
944.095245564893,38.3954536600004
944.445012138189,39.68225331
944.794778711484,36.63492381
945.144545284781,32.14701845
945.494311858077,30.76755958
945.844078431373,31.0753844400004
946.193845004669,32.58363754
946.543611577964,36.37758089
946.893378151261,37.80594167
947.243144724556,34.379711
947.592911297852,31.0944329000006
947.942677871148,33.33705282
948.292444444444,35.2437362
948.64221101774,34.372503
948.991977591036,32.37196121
949.341744164332,31.7129928800007
949.691510737628,34.05072912
950.041277310924,31.54277309
950.39104388422,30.66005439
950.740810457516,30.78715599
951.090577030812,31.7568647900001
951.440343604108,32.02781737
951.790110177404,33.45610033
952.139876750701,37.07413036
952.489643323996,35.96623952
952.839409897292,32.8658726699998
953.189176470588,32.13895088
953.538943043884,36.90483942
953.88870961718,39.3844789
954.238476190476,39.7880158
954.588242763772,36.1279894099986
955.287775910364,31.36664841
955.987309056956,32.90663034
956.686842203548,34.63320316
957.38637535014,34.0358923
957.736141923436,38.5446636099999
958.085908496732,38.19725438
958.785441643324,33.71367346
959.484974789916,30.85350213
960.184507936508,31.0272726
960.8840410831,34.6220920600014
961.233807656396,39.47472755
961.583574229692,42.68446605
962.283107376284,40.24666234
962.63287394958,34.4027208
962.982640522875,33.5342288300002
963.332407096172,34.27987329
963.682173669468,34.49266328
964.031940242764,32.51687274
964.38170681606,31.41337566
964.731473389356,34.2097050999996
965.081239962652,32.67798507
965.431006535948,34.9238047
965.780773109244,34.57536053
966.480306255836,37.63807856
966.830072829132,40.0081674999998
967.179839402428,39.44554826
967.529605975724,38.21469507
967.87937254902,42.36744424
968.229139122315,40.31669028
968.578905695612,37.3522048400002
968.753788982259,38.23107499
968.928672268908,38.04243162
969.103555555555,38.18405076
969.278438842204,36.38983287
969.453322128851,38.2679274599998
969.6282054155,37.67793727
969.803088702148,35.41923645
969.977971988795,33.10768142
970.327738562091,33.98596308
970.677505135387,34.6870817200005
971.027271708683,36.36522408
971.377038281979,37.01956041
971.726804855275,36.02489082
972.076571428571,34.95128533
972.426338001867,37.4956438500003
972.776104575163,38.4190062
973.12587114846,36.23759123
973.475637721755,34.18873009
973.825404295051,36.19227817
974.175170868348,35.9176863600001
974.350054154995,36.11972697
974.524937441643,39.18738077
974.699820728291,37.03411403
974.874704014939,33.50993798
975.049587301587,37.21257354
975.224470588235,37.3461434
975.399353874883,33.91853493
975.574237161531,30.6006135
975.749120448179,35.44905071
975.924003734827,40.3135797199992
976.098887021475,37.33892771
976.273770308123,33.29289639
976.973303454715,33.67221171
977.672836601307,36.87725442
978.372369747899,38.3637359800006
979.071902894491,40.44456482
979.771436041083,40.26514914
980.470969187675,39.22815685
981.170502334267,33.72144245
981.870035480859,29.7389859300014
982.569568627451,34.64393667
983.269101774043,37.5316267
983.968634920635,32.5933643
984.668168067227,30.86136251
985.367701213819,30.5613465199998
986.067234360411,29.93051355
986.766767507003,34.28635065
987.116534080299,37.34361146
987.466300653595,36.69204899
988.165833800187,38.5675000100004
988.865366946779,40.12189745
989.564900093371,41.15747627
990.963966386554,39.94965289
992.363032679739,34.82896061
993.762098972923,31.8429709700002
995.161165266107,32.41290182
996.210464985994,30.77682926
996.909998132586,33.65304708
997.259764705882,35.99407149
997.609531279178,35.3648527999991
997.959297852474,32.37053465
998.134181139122,29.66599769
998.30906442577,31.2404953
998.396506069094,33.97277086
998.483947712418,35.53971609
998.658830999066,35.67576096
999.008597572362,35.57177157
999.18348085901,37.75069681
999.358364145658,40.04456599
999.533247432306,39.2052628499991
999.708130718954,36.21667401
999.883014005602,32.21572782
1000.05789729225,32.21209179
1000.2327805789,36.19787516
1000.40766386555,41.1275398900004
1000.49510550887,42.66078167
1000.58254715219,37.52133712
1000.66998879552,34.08247653
1000.75743043884,32.35249869
1000.93231372549,28.8442848700003
1001.10719701214,29.99710194
1001.19463865546,32.65546824
1001.28208029879,34.07068468
1001.36952194211,32.555206
1001.45696358543,33.1921504400012
1001.63184687208,37.23349856
1001.80673015873,38.90570128
1001.98161344538,38.94231336
1002.15649673203,38.85767688
1002.33138001867,37.4094891700001
1002.50626330532,37.5917446
1002.85602987862,39.28354235
1003.20579645191,40.26075074
1003.38067973856,38.22904489
1003.55556302521,34.8919293700008
1003.90532959851,37.7170157
1004.08021288515,39.85221297
1004.2550961718,36.01220589
1004.42997945845,32.30729899
1004.6048627451,30.8851334099996
1004.95462931839,29.35471307
1005.30439589169,30.09547595
1005.65416246499,30.65511745
1006.00392903828,33.36524394
1006.35369561158,36.2854892200002
1006.70346218487,36.8705852
1006.87834547152,33.2440065
1007.05322875817,31.66106108
1007.75276190476,32.031060895
1008.10252847806,32.6274381399996
1008.45229505135,31.25460332
1008.627178338,30.20335527
1008.80206162465,31.01617431
1008.9769449113,33.52665734
1009.15182819795,35.8582334599993
1009.32671148459,33.45418477
1009.50159477124,34.37466728
1009.85136134454,37.36854288
1010.20112791783,37.81861065
1010.55089449113,35.1150097900002
1010.72577777778,35.83073942
1010.90066106443,35.41671346
1011.07554435107,33.31125111
1011.25042763772,36.30788624
1011.42531092437,37.0245722399991
1011.60019421102,33.79245396
1011.94996078431,32.0278737
1012.29972735761,35.06111768
1012.64949393091,34.27974397
1012.9992605042,31.2682917100003
1013.3490270775,32.31822312
1014.04856022409,31.78502949
1014.74809337068,31.01071204
1015.44762651727,32.28051713
1016.14715966387,30.9440154899999
1016.84669281046,30.55746968
1017.54622595705,32.73934214
1017.89599253035,34.65928248
1018.24575910364,33.04636771
1018.59552567694,30.8682899300013
1018.94529225023,35.47185207
1019.64482539683,35.32262054
1020.34435854342,32.36428917
1020.69412511671,32.28287384
1021.04389169001,31.6239772299999
1021.7434248366,31.17165537
1022.44295798319,33.14325126
1023.14249112979,35.96771827
1023.84202427638,34.21661463
1024.54155742297,29.4692776700002
1025.24109056956,30.30240303
1025.94062371615,29.94127994
1026.64015686275,28.74637499
1026.98992343604,31.95298532
1027.33969000934,34.5824358700017
1028.03922315593,34.90881952
1028.38898972922,31.93397493
1028.73875630252,31.66065259
1029.43828944911,36.44462769
1030.13782259571,40.794949149999
1030.8373557423,37.34273202
1031.18712231559,33.42771148
1031.53688888889,35.84341884
1032.23642203548,34.05326094
1032.93595518207,30.0218409900004
1033.63548832866,31.51606247
1033.98525490196,31.42404225
1034.33502147526,33.01250001
1034.68478804855,32.39079218
1035.03455462185,33.4879986900004
1035.73408776844,34.80401337
1036.43362091503,35.27125162
1037.13315406162,35.62442196
1037.83268720822,35.49945957
1038.53222035481,35.8166860900002
1039.2317535014,36.63246864
1039.5815200747,37.61527647
1039.93128664799,35.68083197
1040.63081979458,32.30315165
1040.98058636788,34.5331897600004
1041.33035294118,35.80988893
1041.68011951447,37.04357594
1042.02988608777,37.15963509
1042.37965266106,40.17893814
1042.72941923436,39.0054854399997
1043.07918580766,37.87882518
1043.42895238095,34.8865637
1043.77871895425,34.74601186
1044.12848552754,32.10802936
1045.52755182073,33.4513254800005
1046.92661811391,35.11660785
1047.6261512605,32.1487614
1048.3256844071,29.73432635
1049.02521755369,32.09521573
1049.72475070028,30.3370775199989
1050.42428384687,26.44644101
1051.12381699346,28.7169869
1051.82335014006,30.45551289
1052.52288328665,30.97747805
1053.22241643324,33.4581807600012
1053.92194957983,37.56429657
1054.62148272642,34.79733798
1055.32101587302,32.93770892
1056.02054901961,29.07199843
1056.7200821662,30.4736610200009
1057.41961531279,33.69585769
1057.76938188609,37.89389763
1058.11914845938,37.40944695
1058.46891503268,35.81710111
1058.81868160598,36.7025626800007
1059.16844817927,39.20164152
1059.51821475257,36.99101581
1060.21774789916,33.79897269
1061.61681419234,36.74651439
1063.01588048553,40.8382200800101
1064.41494677871,41.18295046
1065.8140130719,38.68050456
1067.21307936508,34.5826527
1068.61214565826,33.16943262
1070.01121195145,33.9276448800005
1071.06051167134,35.83769221
1071.76004481793,33.44726473
1072.45957796452,31.08308894
1073.15911111111,35.24019611
1073.8586442577,39.7571988600014
1074.55817740429,38.69396131
1075.25771055089,36.48356229
1075.95724369748,38.25152831
1076.65677684407,39.75991328
1077.35630999066,38.1862653299991
1078.05584313726,35.14032812
1078.75537628385,31.17323192
1079.45490943044,29.57145612
1080.15444257703,30.27251572
1080.85397572362,30.0216439600004
1081.55350887021,31.27037201
1082.6028085901,32.65117815
1083.30234173669,32.58924004
1083.65210830999,32.53485625
1084.35164145658,34.979257080001
1085.05117460317,38.65647556
1085.75070774977,38.04998435
1086.45024089636,31.0591673
1087.14977404295,29.12405778
1088.19907376284,33.4277239500006
1089.59814005602,35.5775694
1090.99720634921,33.8184628
1091.6967394958,34.12503074
1092.04650606909,35.075581
1092.39627264239,36.2856077099997
1092.74603921569,35.2790777
1093.09580578898,36.15435019
1093.44557236228,38.75018938
1094.14510550887,39.73249815
1094.84463865546,37.6920312499993
1095.54417180205,35.12445537
1096.24370494865,35.1120837
1096.59347152194,35.12132823
1096.94323809524,36.98770827
1097.29300466853,38.1602498399991
1097.99253781513,34.90118189
1098.34230438842,30.52082484
1098.69207096172,31.08269234
1099.04183753501,33.06706611
1099.39160410831,35.484788050001
1099.74137068161,39.14019562
1100.0911372549,38.26426426
1100.4409038282,40.87160694
1100.79067040149,40.14186808
1101.49020354809,37.0238439899985
1102.18973669468,31.69277765
1103.58880298786,27.90798448
1104.98786928105,27.58848877
1105.68740242764,31.72223318
1106.38693557423,33.57166658
1107.08646872082,33.50176017
1107.78600186741,34.99110883
1108.48553501401,36.89623803
1108.8353015873,35.6139929
1109.1850681606,35.57466292
1109.88460130719,35.73616999
1110.58413445378,38.28636309
1111.28366760037,40.66234026
1111.63343417367,42.38144944
1111.98320074697,39.4618542599985
1112.33296732026,34.2796692
1112.68273389356,30.04184493
1113.03250046685,30.96613297
1113.38226704015,31.84601491
1113.73203361345,36.216020260001
1114.08180018674,39.57473678
1114.43156676004,36.47790287
1114.78133333333,33.45218112
1115.13109990663,34.26247277
1115.48086647992,34.4557963700006
1115.83063305322,36.50001808
1116.18039962652,39.13466184
1116.87993277311,39.94653926
1117.5794659197,38.4001203
1118.27899906629,35.4903491399987
1118.62876563959,30.85129865
1119.32829878618,31.02199177
1120.02783193277,34.75764997
1120.72736507937,33.1600505
1121.42689822596,35.2616543900006
1122.12643137255,37.45095853
1122.47619794584,33.96568563
1122.82596451914,38.63229771
1123.17573109244,42.58838041
1123.52549766573,41.8946148799986
1123.87526423903,36.84344736
1124.22503081232,32.80507486
1124.57479738562,30.40185475
1124.92456395892,30.86893584
1125.27433053221,33.3272877900004
1125.62409710551,34.64064508
1125.9738636788,37.68929631
1126.3236302521,36.74660678
1126.6733968254,35.40706937
1127.02316339869,35.2741353899993
1127.37292997199,32.87121433
1127.72269654528,30.42414249
1128.07246311858,29.01117542
1128.42222969188,33.75513449
1128.77199626517,38.6220558999987
1129.12176283847,34.05646188
1129.47152941176,34.74758323
1129.82129598506,36.75318894
1130.17106255836,37.29155397
1130.52082913165,35.1484648500002
1130.87059570495,35.9166413
1131.22036227824,32.48285964
1131.57012885154,29.42419323
1131.91989542484,31.80710859
1132.26966199813,31.0432171299993
1132.61942857143,28.65123148
1132.96919514472,30.98561338
1133.31896171802,33.72177189
1133.66872829132,35.10198258
1134.01849486461,32.1919178300002
1134.36826143791,32.92638099
1135.0677945845,34.94923265
1135.76732773109,39.36840118
1136.46686087768,39.01359913
1137.16639402428,35.3880336999994
1137.51616059757,33.22280295
1137.86592717087,35.93971107
1138.21569374416,35.68327497
1138.56546031746,33.78683857
1138.91522689076,32.6111837299999
1139.26499346405,32.15646804
1139.96452661064,31.23834026
1140.66405975724,31.66258857
1141.36359290383,33.75951464
1142.06312605042,32.5284248999998
1142.76265919701,31.84815845
1143.4621923436,32.96635687
1144.1617254902,36.19158694
1144.86125863679,35.32894847
1145.56079178338,31.47527929
1146.26032492997,31.38122109
1146.95985807656,32.64658551
1147.30962464986,33.70539675
1147.65939122316,34.792965
1148.00915779645,33.1300261299993
1148.35892436975,30.53361113
1148.70869094304,30.24204925
1149.05845751634,31.75578331
1149.40822408964,32.81127951
1149.75799066293,32.2417867300008
1150.10775723623,35.07263781
1150.45752380952,37.88212484
1150.80729038282,37.26691747
1151.15705695612,34.92369032
1151.50682352941,36.1259723299997
1151.85659010271,35.16787255
1152.206356676,32.58271366
1152.5561232493,31.39509249
1152.9058898226,31.48708765
1153.25565639589,33.7887125599997
1153.60542296919,32.88363337
1153.95518954248,31.95960709
1154.30495611578,33.49570851
1154.65472268908,33.76467174
1155.00448926237,36.7331183200009
1155.35425583567,39.89580392
1155.70402240896,37.58771559
1156.05378898226,36.01242432
1156.40355555556,35.47437456
1156.75332212885,35.1872050899997
1157.10308870215,34.06227792
1157.80262184874,34.49845641
1158.50215499533,33.98905417
1158.85192156863,32.27139416
1159.20168814192,27.7126686800004
1159.55145471522,29.05624829
1159.90122128852,32.73169597
1160.25098786181,31.70477405
1160.60075443511,30.50523296
1160.9505210084,30.0940170200004
1161.3002875817,31.67159453
1161.650054155,33.28974322
1161.99982072829,35.1429129
1162.34958730159,36.80134632
1163.04912044818,35.1968200999995
1163.74865359477,33.36190185
1164.44818674136,30.08272447
1165.84725303455,33.24768571
1167.24631932773,38.01471072
1168.64538562092,38.9320493199996
1170.0444519141,37.52530468
1171.44351820728,38.71598099
1172.14305135387,39.54157233
1172.84258450047,39.23238794
1173.54211764706,36.2716417099995
1174.59141736695,34.54371559
1174.94118394024,35.41243762
1175.29095051354,36.09436906
1175.99048366013,34.01921602
1176.69001680672,34.5812572700013
1177.03978338002,39.24812939
1177.38954995331,42.19068971
1177.73931652661,39.87980656
1178.08908309991,42.03000058
1178.4388496732,41.8677512099983
1178.7886162465,35.92302282
1179.13838281979,32.27953436
1179.48814939309,33.89231649
1179.83791596639,34.06138675
1180.18768253968,33.7724137499997
1180.53744911298,32.63661727
1180.88721568627,28.3501706
1181.23698225957,29.32184237
1181.58674883287,33.68657739
1181.93651540616,35.2825508199993
1182.28628197946,32.86464524
1182.63604855275,33.96714572
1182.98581512605,37.31088193
1183.33558169935,36.9882156
1183.68534827264,35.36915931
1184.03511484594,35.18815509
1184.38488141923,37.40201018
1185.08441456583,41.76482848
1185.78394771242,44.6806599
1186.48348085901,38.0069045899981
1186.83324743231,31.29019868
1187.1830140056,30.85752733
1187.5327805789,36.31533823
1187.88254715219,35.16574732
1188.23231372549,31.9570279500012
1188.58208029879,36.33949047
1188.93184687208,39.58635797
1189.28161344538,40.22588909
1189.63138001867,38.68085625
1189.98114659197,35.5206786799992
1190.33091316527,32.78238314
1190.68067973856,33.26173361
1191.03044631186,36.554919
1191.38021288515,37.26860347
1192.07974603175,35.1851225000004
1192.77927917834,36.45757706
1193.47881232493,39.03350647
1194.17834547152,36.40560214
1194.52811204482,34.96120479
1195.22764519141,36.5945691600004
1195.927178338,37.99631399
1196.2769449113,35.61256322
1196.62671148459,36.80058317
1196.97647805789,41.1675977
1197.32624463119,41.3509935999994
1197.50112791783,39.0680164
1197.67601120448,39.30303158
1197.85089449113,40.0784247
1198.02577777778,35.51971294
1198.20066106443,31.7810342600011
1198.37554435107,35.80452658
1198.55042763772,36.92149701
1198.72531092437,34.70052891
1199.07507749767,33.26053683
1199.42484407096,29.80793121
1199.77461064426,29.7001631
1200.12437721755,35.21109679
1200.47414379085,35.41954828
1200.6490270775,35.15609322
1200.82391036415,35.8451564599996
1200.99879365079,34.36519751
1201.17367693744,36.21749236
1201.34856022409,39.69897527
1201.52344351074,41.32631969
1201.87321008403,40.0007500599997
1202.22297665733,38.78607379
1202.57274323063,36.60957994
1202.92250980392,33.49010092
1203.62204295051,34.68339596
1204.32157609711,34.2248663600001
1205.72064239029,34.45889262
1207.81924183007,36.46594999
1208.51877497666,37.99763361
1209.91784126984,36.7866768
1211.31690756303,38.2746280399997
1212.71597385621,37.23682481
1213.4155070028,32.76893525
1214.11504014939,31.42445358
1214.81457329598,33.91589743
1215.51410644258,34.9199472200004
1216.21363958917,36.24572193
1216.91317273576,37.00268109
1217.61270588235,36.20190001
1218.31223902894,36.00262357
1219.01177217554,39.5124804000005
1219.71130532213,41.27173913
1220.41083846872,39.72448474
1221.11037161531,37.61798637
1221.8099047619,32.68338783
1222.5094379085,31.2065723599996
1223.20897105509,29.93463917
1223.90850420168,29.3730227
1224.60803734827,29.21473666
1225.30757049486,31.14413205
1226.00710364146,35.7277877500006
1226.70663678805,37.97758651
1227.05640336134,37.84496183
1227.40616993464,33.9882552
1227.75593650794,35.66671501
1228.10570308123,36.4730839200001
1228.45546965453,36.64904119
1228.80523622782,35.79260527
1229.15500280112,35.8123329
1229.50476937442,36.65708957
1229.85453594771,36.0587054299993
1230.20430252101,33.5871966
1230.5540690943,34.1825234
1230.9038356676,32.65709827
1231.2536022409,34.9863618
1231.60336881419,37.62744649
1231.95313538749,37.57101715
1232.30290196078,34.97848113
1232.65266853408,32.62836984
1233.00243510738,36.81124692
1233.35220168067,40.0765483600015
1233.70196825397,39.415277
1234.05173482726,38.7503921
1234.40150140056,33.7467799
1235.10103454715,30.38462447
1235.80056769374,31.4463461500004
1236.50010084034,32.8437952
1237.19963398693,31.92096498
1237.89916713352,34.40328199
1238.59870028011,38.26310901
1239.9977665733,38.6498724400002
1241.39683286648,39.49982162
1242.79589915966,42.65167577
1243.49543230626,40.07633809
1244.19496545285,36.93201808
1244.89449859944,35.2683775500003
1245.59403174603,36.29843726
1246.29356489262,37.55472367
1246.99309803922,38.22422071
1247.69263118581,37.43441448
1248.3921643324,34.3797258699995
1249.09169747899,32.50452102
1249.79123062558,30.7009474
1250.49076377218,28.21122046
1251.19029691877,29.82023131
1251.88983006536,34.3234477100006
1252.58936321195,36.3180043
1253.28889635854,36.14595211
1253.98842950514,37.22359335
1254.33819607843,36.78559265
1254.68796265173,33.9377785099999
1255.03772922502,33.42110647
1255.38749579832,35.17128037
1256.08702894491,35.90540802
1256.7865620915,38.53413425
1257.4860952381,41.9956330399999
1258.18562838469,41.58035921
1258.88516153128,37.41082296
1259.58469467787,34.78678743
1260.28422782446,34.19876036
1260.98376097106,31.57229562
1261.68329411765,27.6470169800003
1262.38282726424,28.66237067
1263.08236041083,31.03543409
1263.78189355742,35.42638456
1265.18095985061,39.39352251
1266.58002614379,41.7663293700001
1267.97909243697,42.07467275
1268.67862558357,44.63254941
1269.02839215686,45.94197045
1269.37815873016,41.70906116
1269.72792530345,40.1303710900003
1270.07769187675,41.15919486
1270.42745845005,42.74636417
1270.77722502334,45.03776805
1271.12699159664,44.13341389
1271.47675816993,40.3755203599988
1271.82652474323,36.01600139
1272.17629131653,37.03785063
1272.52605788982,39.53774749
1272.87582446312,38.21639015
1273.22559103641,35.8047403699995
1273.57535760971,33.9677725
1274.2748907563,39.30335536
1274.6246573296,40.60028943
1274.97442390289,35.87176315
1275.32419047619,31.6827453600011
1275.67395704949,35.38981643
1276.37349019608,37.82161179
1277.07302334267,39.08835262
1277.42278991597,39.96265429
1277.77255648926,39.0197688199988
1278.12232306256,34.81461669
1278.47208963585,32.85313204
1278.82185620915,35.56180056
1279.17162278245,36.85899658
1279.52138935574,34.9657382499997
1279.87115592904,33.82276263
1280.22092250233,35.20418663
1280.57068907563,37.07639801
1280.92045564893,40.67436589
1281.27022222222,38.0368420299987
1281.61998879552,33.3210626
1281.96975536881,31.28370779
1282.31952194211,33.53899626
1282.66928851541,35.12666759
1283.0190550887,33.0893482100004
1283.368821662,34.66675074
1283.71858823529,37.77971477
1284.06835480859,41.95806157
1284.41812138189,44.0307827
1284.76788795518,42.966752849999
1285.11765452848,39.32772432
1285.29253781513,34.95623507
1285.46742110177,36.87886167
1285.64230438842,38.03699401
1285.81718767507,37.9734104799999
1285.99207096172,37.54363376
1286.16695424837,36.12873376
1286.34183753501,34.84125153
1286.51672082166,37.50190794
1286.69160410831,39.3591360400002
1286.86648739496,39.89588372
1287.21625396825,42.2110899
1287.56602054155,43.98072507
1287.91578711485,42.53283414
1288.09067040149,40.7519779799988
1288.26555368814,36.4394688
1288.44043697479,34.16901221
1288.61532026144,35.16093712
1288.79020354809,35.81815751
1288.96508683473,35.6341734700005
1289.13997012138,37.24433419
1289.31485340803,39.35726927
1289.48973669468,40.08475783
1289.66461998133,38.11841737
1289.83950326797,35.6228701700006
1290.01438655462,37.78291303
1290.18926984127,40.59043026
1290.36415312792,41.66624199
1290.53903641457,41.65818069
1290.71391970121,41.1076975100012
1290.88880298786,45.46102361
1291.06368627451,44.47293348
1291.23856956116,40.27407269
1291.41345284781,36.88198726
1291.58833613445,40.3847739700002
1291.7632194211,40.9728262
1292.1129859944,37.8157621
1292.46275256769,33.05273616
1292.81251914099,33.53821659
1293.16228571429,35.6315096900011
1293.51205228758,37.58069081
1293.86181886088,37.53921517
1294.21158543417,36.97457878
1294.56135200747,37.68553372
1294.91111858077,39.1503391800009
1295.26088515406,40.74207929
1295.61065172736,40.06401868
1295.96041830065,38.43790549
1296.31018487395,35.1665457
1296.65995144725,32.8360643699993
1297.35948459384,31.58848303
1298.05901774043,30.12911431
1298.40878431373,32.36715814
1298.75855088702,36.29343436
1299.10831746032,36.0439252800005
1299.80785060691,36.87592836
1300.15761718021,38.43077715
1300.5073837535,41.77798381
1300.68226704015,47.71425771
1300.8571503268,42.7136432999969
1301.03203361345,37.20970549
1301.20691690009,34.68784545
1301.38180018674,36.01803492
1301.55668347339,40.21733095
1301.73156676004,40.8098714999984
1301.90645004669,37.93973001
1302.25621661998,35.99027495
1302.60598319328,39.13427858
1303.30551633987,40.02196916
1303.48039962652,38.9453247900009
1303.65528291317,40.58576561
1304.00504948646,39.92774466
1304.17993277311,38.08497937
1304.35481605976,34.97780997
1304.52969934641,33.6494833800022
1304.70458263305,37.49664167
1304.8794659197,39.97243597
1305.05434920635,38.81736714
1305.229232493,41.11340385
1305.40411577965,43.7456573399986
1305.75388235294,41.36396085
1306.10364892624,42.80702443
1306.27853221289,44.30331844
1306.45341549953,41.57765121
1306.62829878618,38.3641630199993
1306.80318207283,37.21460528
1306.97806535948,36.78403004
1307.15294864612,37.50723515
1307.32783193277,38.37955573
1307.50271521942,36.6713000999988
1307.67759850607,34.58942957
1307.85248179272,36.86898965
1308.55201493931,36.8788069
1309.2515480859,35.56172447
1309.6013146592,39.0578489000005
1309.95108123249,39.92644746
1310.30084780579,40.22217481
1310.65061437908,39.08998394
1311.00038095238,39.21213705
1311.35014752568,39.0934532800004
1311.52503081232,39.86660757
1311.69991409897,43.37019226
1311.87479738562,45.60142828
1312.04968067227,48.271196
1312.22456395892,49.3415873799986
1312.39944724556,46.96716663
1312.74921381886,43.41782903
1313.09898039216,47.80452447
1313.44874696545,46.57549648
1313.79851353875,41.3075509399993
1314.14828011204,40.11928915
1314.23572175537,43.16397045
1314.32316339869,44.75112002
1314.41060504202,41.45633096
1314.49804668534,38.2573229299999
1314.67292997199,38.10947593
1314.84781325864,37.27894196
1315.54734640523,34.82624925
1315.89711297852,37.32259884
1316.24687955182,41.6351514899997
1316.42176283847,41.12394242
1316.59664612512,41.67051834
1316.77152941176,41.34655846
1316.94641269841,41.27946708
1317.12129598506,42.234700920001
1317.29617927171,44.01163854
1317.47106255836,44.07677809
1317.645945845,37.57647927
1317.9957124183,33.71974668
1318.3454789916,36.3931747000021
1318.69524556489,40.02192291
1319.04501213819,40.06132964
1319.39477871148,45.01851277
1319.74454528478,43.2897602
1320.09431185808,41.2775544200005
1320.44407843137,42.13203395
1321.14361157796,41.64036349
1322.54267787115,40.98624391
1323.24221101774,38.62393737
1323.94174416433,38.2337193999998
1324.29151073763,37.89165426
1324.64127731092,40.18977967
1325.34081045752,38.51474575
1325.69057703081,39.16424355
1326.04034360411,37.8473047800015
1326.3901101774,40.53994564
1326.7398767507,39.43250977
1327.43940989729,39.59389726
1328.13894304388,39.14348664
1328.83847619048,41.2972078399994
1329.53800933707,40.18096115
1330.23754248366,41.05913918
1330.93707563025,43.1262527
1331.63660877684,39.96225568
1332.33614192344,37.4947442500026
1333.03567507003,42.03024297
1333.38544164332,46.93969512
1333.73520821662,44.17807351
1334.08497478992,40.75090555
1334.43474136321,41.0542568300018
1334.78450793651,44.22653282
1335.1342745098,42.62480152
1335.4840410831,38.0436581
1335.8338076564,36.24170062
1336.18357422969,38.9353373400028
1336.53334080299,43.79479599
1336.88310737628,46.83767991
1337.23287394958,44.15810235
1337.58264052288,40.05252865
1337.93240709617,38.0122151100007
1338.28217366947,39.29073745
1338.63194024276,40.41075461
1338.98170681606,39.15216244
1339.33147338936,37.2774554
1339.68123996265,37.9331568200002
1340.03100653595,38.33279339
1340.73053968254,33.84475758
1341.43007282913,36.76577824
1342.12960597572,39.9080147
1342.82913912232,41.5174111700001
1343.52867226891,41.66972418
1344.2282054155,39.71707877
1344.92773856209,37.95865361
1345.27750513539,40.25123545
1345.62727170868,41.5659720000008
1345.97703828198,42.91071162
1346.32680485527,43.42751714
1346.67657142857,38.23471903
1347.02633800187,35.66536475
1347.37610457516,36.2096996799982
1347.72587114846,33.11337154
1348.07563772175,30.33185044
1348.42540429505,35.24327542
1349.12493744164,38.36147204
1349.47470401494,44.7238353300008
1349.82447058824,46.19860568
1350.17423716153,39.25730361
1350.52400373483,32.04548756
1350.87377030812,34.51324965
1351.04865359477,39.9531755500055
1351.22353688142,39.15135559
1351.57330345472,36.21115298
1351.92307002801,36.64856251
1352.27283660131,37.39079381
1352.6226031746,42.6340917400021
1352.9723697479,46.35249678
1353.32213632119,41.81318027
1353.67190289449,35.1044775
1354.02166946779,36.28201906
1354.37143604108,35.3359625200009
1354.72120261438,36.96433042
1355.07096918767,41.25627687
1355.42073576097,42.6440251
1355.77050233427,41.3785542
1356.12026890756,39.7610138699994
1356.47003548086,38.78216775
1356.81980205415,37.91726469
1357.16956862745,40.36663296
1357.51933520075,41.15434048
1358.21886834734,38.6701775699979
1358.91840149393,34.89216658
1359.61793464052,35.37926394
1360.31746778711,36.39473399
1361.01700093371,33.25802039
1362.06630065359,29.858041520002
1362.76583380019,33.34299141
1363.46536694678,38.87892669
1364.16490009337,40.7577465
1364.86443323996,40.03455612
1365.56396638655,41.2478071599982
1366.26349953315,38.11965258
1366.96303267974,32.93807111
1367.66256582633,32.55142349
1368.36209897292,37.4393398
1369.06163211951,40.2575725899997
1369.41139869281,39.77144685
1369.76116526611,40.4577488
1370.1109318394,40.48364179
1370.4606984127,39.37904093
1370.81046498599,40.7435769099978
1371.16023155929,36.93707259
1371.50999813259,31.94029911
1372.20953127918,34.51487745
1372.90906442577,39.1742147
1373.60859757236,36.2837644499984
1374.30813071895,33.52476783
1375.00766386555,35.18036113
1375.70719701214,34.3331429
1376.40673015873,34.79065912
1377.10626330532,37.4860178499996
1377.80579645191,36.8602101
1378.50532959851,37.36766939
1379.2048627451,39.86247676
1379.90439589169,37.27934638
1380.60392903828,32.7827275199988
1380.95369561158,30.64867916
1381.30346218487,34.61257323
1381.65322875817,38.05325168
1382.00299533147,38.47666296
1382.35276190476,34.9233770300012
1382.70252847806,37.05675301
1383.05229505135,42.46498891
1383.40206162465,43.97189501
1383.75182819795,40.72457954
1384.10159477124,36.6327532299988
1384.45136134454,34.5411782
1384.80112791783,35.39696937
1385.15089449113,39.5659485
1385.50066106443,39.69656335
1385.85042763772,40.4901669099996
1386.20019421102,39.86176325
1386.54996078431,38.30710041
1386.89972735761,38.2554836
1387.24949393091,38.68770808
1387.5992605042,37.6844755400012
1388.29879365079,39.77897229
1388.64856022409,38.03071443
1388.99832679739,34.41995636
1389.34809337068,33.0466509
1389.69785994398,35.5677918800012
1390.04762651727,37.68193966
1390.39739309057,38.10752672
1390.74715966387,37.17225673
1391.09692623716,35.95917656
1391.44669281046,35.631084560001
1391.79645938375,37.32508819
1392.14622595705,38.66981984
1392.49599253035,41.04773254
1393.19552567694,41.00451446
1393.89505882353,38.2011627599992
1394.59459197012,36.78184522
1395.29412511671,37.39244664
1395.99365826331,34.0895242
1396.6931914099,32.76800635
1397.39272455649,36.9765456500018
1398.09225770308,40.13588654
1398.79179084967,40.43398541
1399.49132399627,39.3845241
1400.19085714286,37.23018573
1400.89039028945,36.1707429199984
1401.58992343604,33.3643196
1402.28945658263,32.77457126
1402.98898972922,34.07289914
1403.68852287582,37.08736689
1404.38805602241,40.4614824399984
1405.087589169,37.63735484
1405.78712231559,38.4083339
1406.48665546219,39.87603327
1407.18618860878,38.892565
1407.88572175537,37.5305752599985
1408.23548832867,34.80983817
1408.58525490196,35.26223205
1408.93502147526,37.88016915
1409.1099047619,41.69304352
1409.28478804855,41.9331381999988
1409.63455462185,39.88115383
1409.98432119514,38.9752524
1410.68385434174,36.97596439
1411.38338748833,37.55485034
1412.08292063492,40.6141155600019
1412.78245378151,43.93837473
1413.4819869281,44.05967085
1414.1815200747,41.35034834
1414.88105322129,37.31382844
1415.58058636788,35.7242275799991
1416.28011951447,34.19145099
1416.97965266106,33.2234799
1418.37871895425,38.80645651
1419.77778524743,39.24352899
1421.17685154062,36.8833524200011
1422.5759178338,38.78681951
1423.97498412698,35.81304797
1425.02428384687,33.67101529
1425.37405042017,35.17271687
1425.72381699346,35.7364911800007
1426.07358356676,36.9676562
1426.77311671335,34.0022308
1427.12288328665,30.65295154
1427.47264985994,33.35874226
1428.17218300654,34.4446642000014
1428.52194957983,36.9278722
1429.22148272642,37.50923928
1429.92101587302,36.00905791
1430.62054901961,33.55188245
1431.3200821662,31.2992189600015
1432.01961531279,33.98728476
1432.71914845938,36.57588746
1433.76844817927,35.1223895
1434.46798132586,32.87543187
1435.16751447246,34.8842859200007
1436.21681419234,36.07405904
1436.91634733894,35.82165213
1437.61588048553,35.15852955
1438.31541363212,36.32616052
1439.01494677871,35.7761984899999
1439.36471335201,35.54973393
1439.7144799253,36.26074033
1440.0642464986,37.22409788
1440.4140130719,38.44462135
1440.76377964519,39.1564492200024
1441.11354621849,43.43643696
1441.28842950514,45.13591973
1441.46331279178,46.19244026
1441.63819607843,42.46754678
1441.81307936508,36.9707389899983
1441.98796265173,33.99525582
1442.16284593838,36.87743935
1442.51261251167,38.42718698
1442.86237908497,39.75501289
1443.21214565826,41.3087320899982
1443.56191223156,38.21728873
1443.91167880486,37.63322321
1444.26144537815,37.78518986
1444.61121195145,38.67348355
1444.96097852474,36.9636030000011
1445.31074509804,38.97367524
1445.66051167133,38.95750643
1446.01027824463,36.71041133
1446.36004481793,36.92574775
1446.70981139122,35.8911456099978
1447.05957796452,32.05893068
1447.40934453782,31.38016414
1447.75911111111,36.98017481
1448.10887768441,39.98527159
1448.4586442577,37.7492220499972
1448.808410831,32.85210631
1449.15817740429,34.25259653
1449.50794397759,38.03475742
1449.85771055089,40.68113853
1450.20747712418,40.8274826900004
1450.55724369748,41.4750931
1450.90701027077,43.03838618
1451.25677684407,44.52000179
1451.43166013072,43.78766009
1451.60654341737,42.6783124099978
1451.78142670401,38.83566986
1451.95630999066,35.96906717
1452.13119327731,37.4532072
1452.30607656396,40.81015052
1452.48095985061,39.4097958599979
1452.65584313725,35.67544659
1453.00560971055,33.98892026
1453.35537628385,37.03554925
1453.70514285714,41.02698485
1453.88002614379,41.5523772699993
1454.05490943044,40.38117024
1454.22979271709,41.37067836
1454.40467600373,37.79362043
1454.57955929038,32.410256
1454.75444257703,33.8952700100024
1455.10420915033,38.08332812
1455.45397572362,39.66449328
1455.80374229692,39.26702959
1456.15350887021,41.79208018
1456.50327544351,40.8939963800002
1456.85304201681,41.33542052
1457.2028085901,38.35756316
1457.5525751634,37.76792031
1457.90234173669,37.21607734
1458.25210830999,33.6991983899989
1458.60187488329,31.70045651
1458.95164145658,35.27540039
1459.30140802988,40.59302764
1459.65117460317,43.55504664
1460.00094117647,41.8023053599979
1460.35070774977,38.19248966
1460.70047432306,34.77664945
1461.05024089636,36.74675069
1461.40000746965,40.78078996
1461.74977404295,39.036159979998
1462.09954061625,35.55943363
1462.44930718954,35.00226763
1462.79907376284,37.67528238
1463.14884033613,38.99370876
1463.49860690943,40.4883790199994
1463.84837348273,39.43494191
1464.19814005602,37.3424866
1464.54790662932,38.10994329
1464.72278991597,36.22809852
1464.89767320261,35.2132419000021
1465.07255648926,38.84245255
1465.24743977591,43.13052274
1465.42232306256,42.77773275
1465.59720634921,39.91606858
1465.77208963585,37.7504888399996
1465.9469729225,37.01751193
1466.12185620915,36.91048689
1466.2967394958,38.66765342
1466.47162278245,40.56399327
1466.64650606909,44.2965652300002
1466.82138935574,44.61771067
1466.99627264239,40.25491519
1467.17115592904,36.61051958
1467.34603921569,36.29330326
1467.69580578898,36.1437076599991
1468.04557236228,34.54494705
1468.39533893557,33.08646686
1468.74510550887,35.64983097
1469.09487208217,39.95096807
1469.44463865546,37.5016431599982
1469.79440522876,34.2747638
1470.14417180205,33.42956206
1470.49393837535,34.7494805
1470.84370494865,36.4138423
1471.19347152194,35.2235711000009
1471.54323809524,36.76375143
1471.89300466853,42.28761098
1472.24277124183,44.39497
1472.59253781513,42.86115442
1472.94230438842,38.3909088199974
1473.29207096172,33.81292363
1473.64183753501,34.69979518
1473.99160410831,33.17630505
1474.34137068161,33.49470143
1474.6911372549,34.8821229300015
1475.0409038282,37.5525813
1475.74043697479,39.84463775
1476.43997012138,39.73233962
1477.13950326797,43.17526115
1478.53856956116,41.2191288199976
1479.93763585434,37.05532815
1481.33670214753,36.65994165
1482.73576844071,38.31287543
1484.13483473389,38.84674167
1485.53390102708,37.5102192700004
1486.93296732026,38.18405588
1487.63250046685,37.02763113
1488.33203361345,34.00165667
1489.03156676004,33.39862375
1489.73109990663,35.247828669997
1490.43063305322,30.01035564
1491.13016619981,29.38341163
1492.529232493,30.59526399
1493.92829878618,33.60085801
1495.32736507936,33.3425270099986
1496.72643137255,30.82910519
1497.42596451914,31.0283223
1498.12549766573,35.76962055
1498.82503081233,34.65538506
1499.52456395892,32.6007262700005
1500.22409710551,33.39184758
1500.9236302521,35.61822684
1501.62316339869,36.06176297
1502.32269654528,35.98213588
1503.02222969188,36.7163642799986
1503.72176283847,34.19762671
1505.12082913165,32.06726937
1505.82036227824,32.66298018
1506.51989542484,35.10433741
1507.91896171802,38.6023760099994
1509.3180280112,37.51561873
1510.7667740113,32.34627946
1511.49191525424,31.07182722
1512.21705649718,33.26250051
1512.94219774011,37.7726441100006
1513.66733898305,38.80084293
1514.39248022599,35.10842875
1515.11762146893,35.60489363
1515.84276271186,39.03307999
1516.5679039548,37.523080439999
1517.29304519774,35.77151228
1518.01818644068,37.77047743
1518.74332768362,37.89917419
1519.46846892655,36.0580451
1520.19361016949,36.6487332300016
1520.91875141243,39.54431799
1521.64389265537,39.88956194
1522.36903389831,35.28643516
1523.09417514124,34.31259005
1523.81931638418,35.6500585700011
1524.54445762712,37.63436908
1525.26959887006,36.80766
1526.71988135593,33.27925129
1528.17016384181,33.33621532
1529.62044632768,38.4865276199999
1530.34558757062,38.39618553
1531.07072881356,36.68951315
1531.7958700565,33.52350196
1532.52101129944,33.31775784
1533.24615254237,30.9257750700021
1533.97129378531,34.65977686
1534.69643502825,38.12746506
1535.42157627119,39.91743514
1536.14671751412,36.62778866
1536.87185875706,34.7862713800003
1538.32214124294,35.34507147
1539.77242372881,38.32038131
1541.22270621469,35.02080258
1544.12327118644,33.31443489
1545.57355367232,31.9826964900062
1547.02383615819,36.1160205
1548.47411864407,36.91112917
1549.92440112994,35.11702164
1551.37468361582,33.34762408
1552.82496610169,36.5155007700026
1554.27524858757,41.13654875
1555.72553107345,40.54336193
1557.17581355932,38.55100902
1558.6260960452,40.06183428
1560.07637853107,37.1550763099981
1561.52666101695,33.79471711
1562.97694350282,32.74129086
1564.4272259887,35.16120988
1565.87750847458,36.80478293
1567.32779096045,36.4784381200002
1568.77807344633,36.77693797
1570.2283559322,36.02009065
1571.67863841808,35.94930199
1573.12892090395,37.3097961
1574.57920338983,38.7046166600003
1576.02948587571,39.307828
1577.47976836158,37.34673359
1578.93005084746,39.3422897
1580.38033333333,37.1915445
1581.83061581921,34.7298857900002
1583.28089830508,35.09917139
1584.73118079096,36.27935613
1587.72944955926,39.59108797
1589.29203525955,42.04753802
1590.0733281097,39.9160100399999
1590.85462095984,39.68284998
1591.63591380999,39.62688793
1592.41720666014,37.12251933
1593.19849951028,36.4362483
1593.97979236043,38.3669292800002
1594.76108521058,38.78007783
1595.54237806073,38.25138901
1596.32367091087,39.10170175
1597.10496376102,38.07530572
1597.88625661117,35.3311361599978
1598.66754946131,31.3861345
1599.44884231146,33.34371485
1600.23013516161,37.04449608
1601.7927208619,37.5171544
1604.91789226249,35.6144014600007
1608.04306366308,36.77389742
1611.16823506366,35.70642353
1614.29340646425,33.69419387
1617.41857786484,34.68862674
1620.54374926543,36.9289659700014
1623.66892066601,39.3727333
1626.7940920666,39.13945361
1628.3566777669,34.78086708
1629.91926346719,35.16741302
1631.48184916748,35.8816648600004
1633.04443486778,36.61343698
1636.16960626836,35.21376015
1639.29477766895,37.63542582
1642.41994906954,37.80501246
1645.54512047013,40.3080585999998
1648.67029187072,40.00861471
1651.7954632713,36.48890963
1654.92063467189,36.26394774
1658.04580607248,36.75412518
1659.60839177277,36.5459345799994
1661.17097747307,35.44687257
1662.73356317336,37.95860481
1664.29614887365,36.58283803
1665.85873457395,35.79386893
1667.76579427688,35.6271175000014
1669.74847022429,38.14652535
1671.73114617169,42.7344993
1673.7138221191,43.58275694
1675.69649806651,43.26149669
1676.68783604022,39.741149819999
1677.67917401392,37.93173594
1678.67051198763,38.82518025
1679.66184996133,40.86548598
1680.65318793504,40.29393732
1681.64452590874,41.1066686500006
1682.63586388244,42.10775786
1683.62720185615,42.04798675
1684.61853982985,40.24003301
1685.60987780356,42.43150752
1686.60121577726,38.7080236499981
1687.59255375097,35.32850512
1688.58389172467,33.19315816
1689.57522969838,33.76424903
1691.55790564579,35.98251665
1693.54058159319,37.1189679699998
1695.5232575406,36.73555138
1697.50593348801,35.18315137
1699.48860943542,38.16453044
1701.47128538283,41.29197141
1703.45396133024,40.7114954200011
1705.43663727765,42.63049042
1707.41931322506,44.81620524
1709.40198917247,41.78206154
1710.39332714617,36.04136081
1711.38466511988,36.9972235600029
1712.37600309358,42.1399964
1713.36734106729,41.82575021
1714.35867904099,42.6248614
1715.3500170147,42.85489393
1716.3413549884,40.6481009399992
1717.3326929621,39.19997491
1718.32403093581,39.08468181
1719.31536890951,42.76827585
1720.30670688322,41.0799488
1721.29804485692,38.5255305199998
1723.28072080433,38.21534922
1723.77638979118,40.59615372
1724.27205877804,38.73154841
1724.51989327146,36.05566948
1724.76772776489,36.3868853400004
1725.26339675174,37.08263551
1725.75906573859,40.57669711
1726.25473472545,46.95767035
1726.7504037123,50.46596895
1727.24607269915,53.0039647599992
1727.741741686,51.58695165
1728.23741067285,42.616653
1728.73307965971,37.04797929
1729.72441763341,38.10654836
1730.71575560712,39.3910323500004
1733.19410054138,40.15385458
1735.17677648879,42.43680257
1737.15945243619,40.78255461
1739.1421283836,38.18660702
1740.13346635731,39.3874664000031
1741.12480433101,44.8758954
1741.62047331787,45.83367523
1742.11614230472,42.84571826
1742.61181129157,44.4318622
1743.10748027842,43.0201951299994
1743.60314926527,42.0279438
1744.09881825213,41.7478406
1745.09015622583,39.49600049
1746.08149419954,40.65542644
1747.07283217324,39.2530897900018
1747.56850116009,42.47533066
1748.06417014695,42.45622933
1748.5598391338,39.85574
1749.05550812065,35.59796864
1749.5511771075,37.9212649400013
1750.04684609435,40.22739892
1751.03818406806,40.589439
1752.02952204176,43.53445636
1753.02086001547,45.15958152
1754.01219798917,42.0503153499989
1755.00353596288,40.11700185
1755.99487393658,47.60910011
1756.98621191029,46.98478712
1758.9688878577,40.88492301
1760.9515638051,41.1623385700019
1762.93423975251,44.48250581
1763.92557772622,47.38656444
1764.91691569992,47.46840771
1766.89959164733,45.25907152
1768.88226759474,44.5045706399998
1769.87360556845,44.15331791
1770.86494354215,46.95396104
1771.85628151586,48.8936101
1772.84761948956,40.99641298
1774.83029543697,39.0327345500027
1776.81297138438,43.84986811
1777.80430935808,45.96966796
1778.79564733179,43.71679629
1780.7783232792,41.94397545
1781.7696612529,40.3033786900035
1782.7609992266,41.46951219
1784.74367517401,40.40140911
1786.72635112142,42.69077806
1788.70902706883,44.44488288
1789.70036504254,40.7548054599998
1790.69170301624,40.32594232
1791.68304098995,39.58292711
1792.67437896365,39.7318625
1793.66571693736,39.43591759
1794.81988653234,40.4764986600039
1797.76039554613,47.39425246
1800.70090455992,51.01250302
1802.17115906681,49.59265017
1803.6414135737,46.6077187
1805.11166808059,44.7697617800005
1806.58192258749,45.70004335
1808.05217709438,43.717664
1809.52243160127,42.14497163
1810.99268610817,48.55014457
1812.46294061506,49.0830082699946
1813.93319512195,39.63759339
1814.6683223754,40.01469197
1815.40344962884,39.82896421
1816.87370413574,43.10221302
1818.34395864263,42.4272800899995
1819.81421314952,41.4711285
1821.28446765642,38.94255695
1822.75472216331,39.93068153
1824.2249766702,40.76271377
1825.69523117709,45.4716134900017
1827.16548568399,48.43369981
1828.63574019088,44.62872419
1830.10599469777,42.92984034
1831.57624920466,42.42096746
1833.04650371156,41.4288390100016
1834.51675821845,44.21347561
1835.98701272534,45.70695526
1837.45726723224,43.20796541
1838.92752173913,47.92404231
1840.39777624602,54.1249141400058
1841.86803075292,51.82467687
1843.33828525981,45.23311195
1844.8085397667,43.32697406
1846.27879427359,46.57229293
1847.74904878049,45.5330741099973
1849.21930328738,40.81340217
1850.68955779427,39.3248555
1852.15981230117,41.86530824
1853.63006680806,41.66239256
1854.36519406151,40.8153856600016
1855.10032131495,43.71104329
1855.8354485684,46.02042013
1856.57057582184,45.82455805
1858.04083032874,43.62632816
1859.51108483563,38.8039504099979
1860.98133934252,35.13229284
1862.45159384942,35.94678961
1863.92184835631,38.57369681
1865.3921028632,42.6673659
1866.12723011665,46.3271273299991
1867.59748462354,44.81684953
1869.06773913043,40.78986375
1870.53799363733,37.90491578
1872.74337539767,36.81242204
1874.21362990456,42.1026715600013
1875.31632078473,44.3510276
1876.4190116649,39.27470556
1877.15413891835,37.14702205
1877.88926617179,39.07804621
1878.62439342524,42.3235341000001
1879.35952067869,42.5229276
1879.72708430541,41.81276065
1880.09464793213,43.21532931
1880.46221155886,41.84823569
1880.82977518558,38.6273827799988
1881.1973388123,36.44163455
1881.56490243902,37.30185969
1882.30002969247,38.17994394
1882.6675933192,39.37577479
1883.03515694592,36.8639641199988
1883.40272057264,34.7219108
1883.77028419936,37.48037465
1884.13784782609,42.23982952
1884.50541145281,41.23040441
1885.24053870626,38.6828434200009
1885.9756659597,40.18115827
1887.4459204666,41.99296673
1888.91617497349,40.98644115
1889.65130222694,40.1579398
1890.38642948038,39.3712646299988
1891.12155673383,37.23099655
1891.85668398727,33.73659478
1892.59181124072,32.82947625
1893.32693849417,36.3434468
1894.06206574761,38.8642693199988
1894.79719300106,36.74823891
1896.26744750795,33.86632295
1897.73770201485,32.32664299
1899.20795652174,34.19498683
1900.67821102863,36.6591198599995
1902.14846553552,35.77652367
1903.61872004242,33.05285819
1905.08897454931,34.04025309
1906.5592290562,37.68754864
1908.0294835631,39.5574418000025
1909.49973806999,39.18365748
1910.96999257688,34.68700697
1912.44024708378,34.26934037
1913.91050159067,38.18007614
1915.38075609756,38.4686295199993
1916.85101060445,37.22679009
1918.32126511135,39.34418637
1919.79151961824,40.77853745
1921.26177412513,38.64544515
1922.73202863203,37.0583756400003
1924.20228313892,37.64385932
1927.1427921527,33.84284859
1930.08330116649,34.08712357
1933.02381018028,35.68339483
1935.96431919406,36.7726395400024
1938.90482820785,41.07727518
1941.84533722163,44.14304548
1944.78584623542,40.7547001
1947.7263552492,38.55336144
1950.66686426299,39.9408229600006
1953.60737327678,40.99897777
1956.54788229056,38.5556475
1959.48839130435,36.70930364
1962.42890031813,41.28976049
1968.30991834571,42.9940953199999
1974.19093637328,42.85032859
1975.66119088017,40.96647156
1976.39631813362,40.0241118
1977.13144538706,39.48628099
1977.86657264051,38.3759929400006
1978.60169989396,39.43925133
1979.3368271474,39.33158325
1980.07195440085,41.84394762
1980.43951802757,45.10245609
1980.8070816543,42.8725080099975
1981.54220890774,38.50580916
1983.01246341463,33.45881486
1985.95297242842,32.3849681
1988.89348144221,40.04360379
1991.83399045599,42.9194918899978
1993.30424496288,39.04299949
1994.77449946978,37.0639435
1997.71500848356,39.72252512
2000.65551749735,39.92647571
2003.59602651113,41.6336127400001
2006.53653552492,41.75849168
2008.00679003181,39.11064068
2009.47704453871,36.3849409
2010.9472990456,37.0856087
2012.41755355249,37.0681339399999
2013.88780805939,36.96160838
2015.35806256628,35.85502201
2016.09318981972,37.97229611
2016.82831707317,42.14156057
2017.19588069989,42.0557984499991
2017.56344432662,40.44354114
2017.93100795334,42.55491192
2018.29857158006,46.27969365
2019.03369883351,45.30110048
2019.76882608696,41.2458311199972
2020.5039533404,36.38680934
2021.23908059385,37.07147387
2022.70933510074,38.2514656
2024.17958960764,39.78357694
2025.64984411453,41.143934479999
2027.12009862142,39.30488961
2028.59035312831,36.11452219
2030.06060763521,35.08578991
2031.5308621421,37.79231722
2033.00111664899,40.9652091799996
2034.47137115589,40.19309612
2035.94162566278,38.93785981
2037.41188016967,41.01888075
2038.88213467656,38.23823495
2040.35238918346,34.8965302300005
2041.0875164369,35.68989122
2041.82264369035,39.85403747
2042.5577709438,40.28895738
2043.29289819724,37.53705352
2044.02802545069,36.0769726400011
2044.76315270414,38.02618427
2045.49827995758,36.44024335
2046.23340721103,36.12942288
2046.96853446447,37.3860288
2047.70366171792,40.209186820002
2048.43878897137,43.67865893
2049.17391622481,43.81501663
2049.54147985154,40.10431142
2049.90904347826,37.74650877
2050.27660710498,36.2113394599993
2050.64417073171,35.04469279
2051.01173435843,35.23117157
2051.37929798515,37.50824115
2051.74686161188,41.20066548
2052.1144252386,43.1940369699984
2052.84955249205,40.34416693
2053.58467974549,38.11248606
2055.05493425239,38.55824295
2055.79006150583,36.09901754
2056.52518875928,37.7680371400037
2057.26031601273,44.21649368
2057.99544326617,46.64496349
2058.73057051962,40.97356568
2059.46569777307,37.1668308
2059.83326139979,38.109122789999
2060.20082502651,36.27345905
2060.56838865323,35.80257672
2060.93595227996,36.61381834
2061.30351590668,38.1454394
2061.6710795334,41.0400297000008
2062.03864316013,42.43190955
2062.40620678685,39.88825582
2063.1413340403,37.50736539
2063.87646129374,36.14573184
2064.61158854719,38.2318465299995
2065.34671580064,37.40484993
2066.08184305408,36.87686669
2066.81697030753,38.59638372
2067.55209756098,35.09476829
2068.28722481442,32.36677926
2069.02235206787,32.44109022
2069.75747932132,33.73562487
2070.49260657476,36.93559429
2071.22773382821,38.82298394
2072.04390854871,35.9491941099991
2072.94788469185,34.29785408
2073.85186083499,35.39417819
2074.75583697813,34.14960082
2075.65981312127,35.38259316
2076.56378926441,39.1058036700019
2077.46776540755,42.41654607
2078.3717415507,41.04916725
2079.27571769384,38.2238701
2080.17969383698,38.54265622
2081.08366998012,37.0403763799989
2081.98764612326,35.06366375
2082.43963419483,33.79563136
2082.8916222664,33.46770148
2083.79559840954,32.16990205
2084.69957455268,29.9485693400016
2085.60355069583,32.71073433
2086.50752683897,39.18207148
2087.41150298211,40.34517014
2089.21945526839,35.49145756
2091.02740755467,32.2778636500015
2092.83535984096,34.98250289
2094.64331212724,36.20397177
2096.45126441352,34.33018145
2098.2592166998,33.60663886
2100.06716898608,34.9333258999995
2101.87512127237,34.08343004
2103.68307355865,37.058001
2105.49102584493,39.32867133
2107.29897813121,34.02192164
2109.1069304175,31.8228949400018
2110.91488270378,34.92480866
2114.53078727634,40.16522487
2118.14669184891,39.85828257
2121.76259642147,33.93382032
2123.57054870775,34.0481872300018
2125.37850099404,37.2760523
2128.9944055666,36.65908755
2132.61031013916,36.75944916
2136.22621471173,40.95573456
2138.03416699801,43.8579820400012
2139.84211928429,45.89302609
2141.65007157058,43.44139239
2143.45802385686,38.61973936
2145.26597614314,36.74926219
2146.16995228628,34.7949116099996
2147.07392842942,34.09721677
2147.97790457257,34.26717734
2148.88188071571,35.75405164
2150.68983300199,33.58627881
2152.49778528827,33.5833056500006
2154.30573757455,34.60697615
2156.11368986084,35.8743187
2157.92164214712,37.73350188
2159.7295944334,39.70379977
2161.53754671968,37.8607279499997
2162.44152286282,37.31611848
2163.23914285714,35.31781415
2164.02225974026,33.63158055
2164.80537662338,33.36648855
2166.37161038961,34.5259431400024
2167.93784415584,38.81278309
2169.50407792208,40.50743172
2171.07031168831,39.7332068
2172.63654545454,38.25261999
2174.20277922078,38.1388669699976
2175.76901298701,33.91479263
2176.55212987013,33.17751501
2177.33524675325,35.67133838
2178.90148051948,36.6851086
2180.46771428572,36.1518038599991
2182.03394805195,34.54402633
2183.60018181818,36.17531703
2185.16641558442,37.97386988
2186.73264935065,36.02634687
2187.51576623377,35.013480249999
2188.29888311688,33.30787241
2189.86511688312,32.79021096
2191.43135064935,35.77626576
2192.99758441558,37.34111868
2194.56381818182,39.2997924400014
2196.13005194805,41.76566485
2197.69628571428,42.48172973
2199.26251948052,41.45410777
2200.82875324675,33.9263081
2201.61187012987,31.0240747400012
2202.39498701299,33.10824352
2203.1781038961,36.9421751
2203.96122077922,38.83462265
2205.52745454546,36.355782
2208.65992207792,34.1255888000011
2211.79238961039,36.1356517
2214.92485714286,37.56126201
2216.49109090909,38.14643082
2218.05732467533,37.40569055
2219.62355844156,39.0135163299983
2221.18979220779,36.09244095
2222.75602597403,33.6104542
2224.32225974026,33.75809659
2225.88849350649,35.9356515
2227.45472727273,37.9840930200026
2229.02096103896,33.76550844
2230.58719480519,33.81599836
2232.15342857143,31.9101138
2233.71966233766,31.25791449
2235.2858961039,33.1945751500018
2236.85212987013,36.37732283
2238.41836363636,35.98768944
2239.9845974026,34.18322289
2241.55083116883,34.5252725
2243.11706493507,36.3948911200004
2244.6832987013,37.184491
2246.24953246753,36.54138449
2247.81576623377,34.28416669
2249.382,34.36606727
2250.94823376623,33.9260642500017
2252.51446753247,36.90109151
2254.0807012987,39.99149413
2255.64693506494,36.52302935
2257.21316883117,32.34160835
2258.7794025974,33.7819707100009
2260.34563636364,35.38748349
2261.91187012987,34.25444274
2263.4781038961,34.28153348
2265.04433766234,34.56992025
2266.61057142857,33.5200330900011
2268.17680519481,35.48733141
2269.74303896104,34.86843924
2271.30927272727,34.9574443
2272.87550649351,36.62244352
2273.65862337662,35.4432517699991
2274.44174025974,33.8043031
2275.22485714286,32.52513322
2276.00797402597,32.83362557
2276.79109090909,33.79788514
2277.57420779221,34.8718278200005
2278.35732467532,35.79975356
2279.14044155844,34.49937032
2279.92355844156,32.78979314
2280.70667532468,38.25173088
2282.27290909091,39.8152120499972
2283.78080184332,34.93923541
2285.21444239631,33.23298749
2286.64808294931,34.27716736
2288.08172350231,33.718218
2288.7985437788,34.2278548400001
2289.5153640553,34.42777566
2290.2321843318,33.41322378
2290.94900460829,31.5703823
2292.38264516129,31.46979846
2293.81628571429,32.8276895700007
2295.24992626728,33.97644927
2296.68356682028,35.12019905
2298.11720737327,38.78494477
2299.55084792627,39.66481083
2300.98448847926,38.111408579999
2302.41812903226,36.34827885
2303.85176958525,35.75907614
2305.28541013825,35.36060968
2306.71905069124,34.57498789
2308.15269124424,33.5133439700007
2309.58633179724,34.74739576
2311.01997235023,38.30080385
2312.45361290323,39.76673099
2313.88725345622,34.45245417
2315.32089400922,29.4367640799987
2316.03771428571,27.23409681
2316.75453456221,30.59827384
2317.47135483871,34.549774
2317.82976497696,35.93424836
2318.18817511521,34.9197932299994
2318.54658525346,33.86816648
2318.90499539171,33.13819807
2319.26340552995,31.30037123
2319.6218156682,29.79493671
2320.3386359447,30.5143739600005
2321.0554562212,31.40842464
2321.7722764977,34.50272712
2322.48909677419,34.42375636
2323.20591705069,31.89696927
2323.56432718894,31.6463041400009
2323.92273732719,33.26175021
2324.28114746544,34.38029975
2324.63955760369,37.48980974
2325.35637788019,37.89110994
2326.07319815668,34.8908978799984
2326.79001843318,32.04466194
2327.50683870968,31.62087875
2328.22365898618,32.43381654
2328.94047926267,34.2986604
2329.65729953917,32.3034033399992
2330.37411981567,30.87230518
2331.09094009217,31.25463399
2331.80776036866,30.55676106
2332.52458064516,27.99608979
2333.24140092166,31.7804215300026
2333.95822119816,36.32852877
2334.31663133641,37.14474831
2334.67504147465,35.92088311
2335.39186175115,34.90528007
2335.7502718894,34.9463443499999
2336.10868202765,34.69410323
2336.4670921659,35.78638565
2336.82550230415,32.74841793
2337.1839124424,32.39297296
2337.54232258065,36.2662578400001
2338.25914285714,36.44983039
2339.69278341014,32.64969035
2341.12642396313,35.21182261
2342.56006451613,38.83103597
2343.27688479263,38.8148690099998
2343.99370506913,38.40427481
2345.42734562212,34.15825293
2346.86098617512,29.42826125
2348.29462672811,27.48895372
2349.72826728111,29.5419080200032
2351.1619078341,35.16094396
2352.5955483871,33.19473408
2354.02918894009,28.58744615
2355.46282949309,29.41101878
2356.89647004608,32.4882300500005
2358.33011059908,33.29890759
2359.76375115207,34.2450287
2361.19739170507,36.49918418
2362.63103225806,36.03546789
2364.06467281106,33.1229319199997
2365.49831336406,32.61250206
2366.93195391705,35.90133867
2368.36559447005,36.36878936
2369.79923502304,37.74324799
2371.23287557604,35.3717426499993
2372.66651612903,34.06207611
2374.10015668203,37.86470983
2375.53379723502,37.52106143
2377.10329813665,31.11738775
2378.93652795031,28.7382237200011
2380.76975776398,30.60131676
2382.60298757764,31.49157443
2384.43621739131,31.22899902
2386.26944720497,33.95533961
2388.10267701863,32.7151668099997
2389.9359068323,32.18723889
2391.76913664596,33.26293213
2393.60236645963,31.2853964
2395.43559627329,30.88109804
2397.26882608696,32.969590310002
2399.10205590062,36.49731366
2400.93528571429,35.22410112
2404.60174534162,32.06156706
2408.26820496894,32.38455792
2411.93466459627,30.2767161999985
2415.6011242236,27.57584552
2419.26758385093,26.84789437
2422.93404347826,28.73625317
2426.60050310559,29.51724472
2430.26696273292,29.5007736400001
2433.93342236025,29.5992482
2437.59988198758,26.38472719
2441.26634161491,30.50875239
2444.93280124224,34.22324231
2448.59926086957,30.7872014699989
2452.26572049689,28.7887401
2455.93218012422,30.74831172
2459.59863975155,34.58833468
2463.26509937888,33.4163787
2466.93155900621,29.502703599998
2470.59801863354,26.03105405
2474.26447826087,30.00826237
2477.9309378882,32.79188976
2479.76416770186,33.13870759
2481.59739751553,35.0604816299992
2482.51401242236,33.57895017
2483.43062732919,32.20230125
2484.34724223603,30.45611043
2485.26385714286,32.08913808
2486.18047204969,33.1485036900004
2487.09708695652,33.9419924
2488.93031677019,33.61709385
2490.76354658385,35.08404447
2492.59677639752,35.02054037
2494.43000621118,29.52705487
2495.34662111801,30.27117695
2496.26323602485,35.2530840000025
2498.09646583851,39.67564666
2499.92969565217,38.64201284
2501.76292546584,35.75854995
2503.5961552795,33.87136266
2505.42938509317,33.6896538399998
2507.26261490683,33.32584864
2509.0958447205,34.88527321
2510.92907453416,33.67006389
2514.59553416149,33.9076306
2518.26199378882,35.8829840400031
2520.09522360249,36.38851403
2521.92845341615,32.4549827
2523.76168322981,31.69718024
2525.59491304348,34.16574424
2529.26137267081,35.861439069999
2532.92783229814,34.00676086
2536.59429192547,32.87460316
2540.2607515528,33.39729221
2543.92721118012,33.16935583
2547.59367080745,31.3962433100003
2551.26013043478,31.86596985
2555.05524454829,34.16491779
2559.06941900312,38.04061161
2563.08359345794,36.79032948
2567.09776791277,32.2604462399989
2569.10485514019,30.38275041
2571.1119423676,31.58996976
2573.11902959502,34.26511078
2575.12611682243,34.55582814
2579.14029127726,33.9474656800015
2583.15446573209,36.61704709
2587.16864018692,37.4998089
2591.18281464175,35.85582497
2595.19698909657,36.57508296
2597.20407632399,35.9687884999996
2599.2111635514,35.20159514
2601.21825077882,35.2107909
2603.22533800623,36.45527641
2605.23242523365,37.56415795
2607.23951246106,39.0488060699973
2609.24659968847,34.32676223
2611.25368691589,33.71028971
2613.2607741433,34.38624352
2615.26786137072,33.38322852
2617.27494859813,31.0445957799984
2618.27849221184,28.31138197
2619.28203582555,29.14976645
2621.28912305296,31.99734885
2622.29266666667,34.46202344
2623.29621028037,32.0158210500001
2625.30329750779,32.27581751
2627.3103847352,33.72240006
2629.31747196262,32.32724882
2631.32455919003,29.84898992
2632.32810280374,30.898267860001
2632.82987461059,32.72936924
2633.33164641745,37.32890333
2633.8334182243,39.67727823
2634.33519003115,40.02984123
2634.83696183801,39.5136142699987
2635.33873364486,37.2314713
2635.84050545171,34.17365657
2636.34227725857,35.91373812
2636.84404906542,38.08500654
2637.34582087227,41.2031679800003
2637.84759267913,41.77464515
2638.34936448598,38.63874671
2638.85113629284,36.76154014
2639.35290809969,35.389205
2639.85467990654,34.0263946499997
2640.3564517134,33.53742912
2640.85822352025,37.584406
2641.3599953271,43.36231033
2641.86176713396,45.11680901
2642.36353894081,40.8690771099983
2642.86531074766,37.90889075
2643.36708255452,37.68294961
2643.86885436137,34.24919061
2644.37062616822,31.28072838
2644.87239797508,34.9657819100005
2645.37416978193,35.86499102
2646.37771339564,32.02234632
2646.87948520249,32.76758808
2647.38125700935,32.70715738
2648.38480062305,32.5680811100002
2649.38834423676,32.98036561
2650.39188785047,33.12652718
2651.39543146418,34.822277
2652.39897507788,33.0549208
2653.40251869159,33.7473398100013
2654.4060623053,36.04403366
2655.409605919,34.18251187
2656.41314953271,31.26888687
2657.41669314642,33.07991133
2658.42023676013,34.4590135300015
2659.42378037383,37.08117935
2660.42732398754,36.06920112
2661.43086760125,34.54418811
2662.43441121495,34.88536467
2663.43795482866,34.3020193800006
2664.44149844237,35.29872904
2665.44504205607,36.7583491
2666.44858566978,36.95309686
2667.45212928349,35.77075507
2668.4556728972,35.8629323200005
2669.45921651091,36.6667796
2670.46276012461,36.8406244
2671.46630373832,36.65481932
2672.46984735202,34.27380238
2673.47339096573,34.4311371700003
2674.47693457944,34.97682443
2675.48047819315,37.49872727
2676.48402180685,35.34580397
2677.48756542056,32.12006783
2679.49465264798,31.6386265600008
2681.50173987539,33.02610753
2683.5088271028,32.35888833
2685.51591433022,32.48089902
2687.52300155763,29.37840017
2689.53008878505,29.6693909200005
2691.53717601246,30.46166169
2693.54426323988,30.15494692
2695.55135046729,28.40343339
2697.55843769471,30.20617986
2699.56552492212,31.9562124400004
2701.57261214953,32.67057849
2703.57969937695,33.18661622
2705.58678660436,32.82850833
2707.59387383178,33.35838115
2709.60096105919,31.2591806900005
2711.60804828661,32.14000289
2713.61513551402,33.28515847
2715.62222274143,33.03605973
2717.62930996885,31.75935692
2719.63639719626,29.3276822799999
2721.64348442368,29.07788446
2723.65057165109,33.23695129
2725.65765887851,36.31676564
2727.66474610592,34.28700129
2731.67892056075,32.5751378599994
2735.69309501558,31.58553358
2739.70726947041,31.63402258
2743.72144392523,31.02896242
2747.73561838006,32.15516305
2751.74979283489,32.2776307999993
2755.76396728972,31.07715522
2759.77814174455,29.78483178
2763.79231619938,29.72889115
2767.80649065421,29.01342676
2769.81357788162,28.5526462700012
2771.82066510904,30.60385872
2772.82420872274,33.95598511
2773.82775233645,33.52483378
2774.83129595016,32.25978336
2775.83483956386,31.6311866799996
2776.83838317757,30.93225519
2777.84192679128,33.00840252
2778.84547040499,31.66772611
2779.84901401869,28.51508562
2780.8525576324,28.5161305900028
2781.85610124611,33.41716282
2782.85964485981,34.55086869
2783.86318847352,34.60646848
2784.86673208723,33.39559274
2785.87027570094,31.2604489199984
2786.87381931464,28.40462759
2787.87736292835,29.32261081
2788.3791347352,30.17973893
2788.88090654206,29.2771091
2789.38267834891,28.4297976300023
2789.88445015576,32.47689423
2790.38622196262,33.83556693
2790.88799376947,32.18490653
2791.38976557633,32.07325504
2791.89153738318,34.1164373399996
2792.39330919003,33.33878919
2792.89508099689,30.37350914
2793.39685280374,27.61149264
2793.89862461059,24.85759481
2794.40039641745,27.2505918400019
2794.9021682243,30.5996621
2795.40394003115,31.85100276
2795.90571183801,29.90581529
2796.40748364486,29.83612622
2796.90925545171,30.1549665499999
2797.41102725857,29.94107575
2797.91279906542,33.75624949
2798.41457087228,38.01459809
2798.91634267913,40.1067123
2799.41811448598,42.0538724900021
2799.91988629284,45.75739935
2800.92342990654,46.56908232
2801.92697352025,43.3744594
2802.93051713396,41.83533127
2803.93406074766,39.7150295299987
2804.93760436137,37.49057108
2805.43937616822,37.09517245
2805.94114797508,35.64301377
2806.94469158879,37.86754135
2807.94823520249,42.4595907799987
2808.9517788162,40.21905263
2809.95532242991,39.37258697
2810.95886604361,41.25215542
2811.55224419605,43.17419889
2812.30847807395,43.6076510499999
2813.82094582975,43.38419574
2815.33341358556,40.57849005
2816.08964746346,39.40182133
2816.84588134136,42.16399494
2818.35834909716,44.603800060001
2819.87081685297,46.30848325
2821.38328460877,44.27317407
2822.89575236458,40.25383176
2824.40822012038,37.14368271
2825.92068787618,35.2344098700013
2826.67692175409,37.51751215
2827.43315563199,39.83386064
2828.18938950989,39.35830682
2828.94562338779,36.66889243
2830.45809114359,37.7755209
2831.9705588994,37.84139883
2833.4830266552,40.5239349
2834.2392605331,42.09881585
2834.99549441101,42.43461149
2835.37361134996,41.7073964299974
2835.75172828891,37.09697441
2836.12984522786,34.34260223
2836.50796216681,36.42136459
2836.88607910576,39.08873332
2837.26419604471,34.8899872199996
2838.02042992261,34.22052235
2838.77666380052,36.03495774
2839.53289767842,35.65529346
2841.04536543422,33.48602185
2842.55783319003,35.427145220002
2844.07030094583,39.02740598
2845.58276870164,40.1866112
2847.09523645744,40.42755598
2848.60770421324,40.20173055
2850.12017196905,40.4987733099984
2851.63263972485,37.75276286
2853.14510748066,39.46395038
2854.65757523646,37.02394913
2856.17004299226,33.8448987
2857.68251074807,30.71475972
2859.19497850387,30.71519796
2860.70744625967,31.20698267
2862.21991401548,34.5554118
2863.73238177128,36.91864228
2865.24484952709,35.8154188600018
2866.75731728289,38.96728422
2868.26978503869,40.75984772
2869.7822527945,41.10028805
2871.2947205503,43.12694489
2872.80718830611,45.1868227799993
2874.31965606191,44.00938175
2875.83212381772,41.70004284
2877.34459157352,41.96719729
2878.85705932932,41.31619965
2880.36952708513,39.0047553599997
2881.88199484093,38.40501125
2883.39446259673,41.58887528
2884.90693035254,38.65499655
2886.41939810834,34.50814507
2887.93186586415,36.7981989500012
2889.44433361995,38.93868509
2890.95680137575,39.47561125
2891.71303525365,40.7602896
2892.46926913155,40.71953865
2893.98173688736,45.0695595000023
2897.00667239897,49.21118826
2900.03160791058,44.85648436
2903.05654342219,41.51450351
2906.08147893379,44.7900275
2909.1064144454,46.9828128499981
2912.13134995701,43.62906781
2915.15628546862,42.56643651
2918.18122098022,41.37221947
2921.20615649183,40.84122801
2924.23109200344,42.4440194500003
2927.25602751505,42.93798122
2930.28096302666,43.3720789
2933.30589853826,43.30963767
2936.33083404987,41.30821515
2939.35576956148,41.4143147399999
2940.86823731728,41.22406744
2942.38070507309,37.95648875
2943.89317282889,36.44292982
2945.4056405847,38.03072772
2946.9181083405,38.9466790100009
2948.4305760963,40.4580721
2949.94304385211,40.78330704
2950.69927773001,40.47114902
2951.07739466896,40.91472398
2951.45551160791,42.2333177499996
2952.21174548581,41.46365054
2952.96797936371,41.27343355
2953.72421324162,41.28223504
2954.48044711952,40.13506641
2955.23668099742,38.7870502199987
2955.99291487532,36.57820232
2956.37103181427,35.04745678
2956.74914875322,35.55804406
2957.50538263113,36.86300567
2958.26161650903,38.7108541700014
2959.01785038693,41.10306934
2959.77408426483,41.94031731
2960.15220120378,39.82267388
2960.53031814273,38.72856818
2960.90843508169,39.5768288000014
2961.28655202064,41.98777797
2962.04278589854,42.40456762
2962.79901977644,38.33489127
2963.55525365434,43.94091394
2963.93337059329,43.6183031999969
2964.31148753225,38.13524562
2964.6896044712,38.53412426
2965.06772141015,42.88337094
2965.4458383491,46.66507449
2965.82395528805,44.096572749997
2966.202072227,38.8964614
2966.58018916595,36.32166073
2967.33642304385,32.82165046
2968.09265692175,34.4669494
2968.84889079966,37.5309343600007
2969.60512467756,38.71868256
2971.11759243336,42.76410374
2972.63006018917,41.0213414
2974.14252794497,39.33720838
2974.89876182287,35.4688832900007
2975.65499570078,36.62907288
2976.41122957868,38.0925636
2977.16746345658,36.95886165
2978.67993121238,36.01609251
2979.43616509029,36.6389949799986
2980.19239896819,34.25265638
2980.94863284609,31.55990409
2981.70486672399,30.92212025
2982.46110060189,36.38418317
2983.21733447979,37.7421382399985
2984.7298022356,35.11781269
2986.2422699914,34.21815771
2987.75473774721,35.19868372
2989.26720550301,34.94388386
2990.77967325881,34.7876285400004
2992.29214101462,35.48331531
2993.04837489252,35.01033716
2993.80460877042,31.81893055
2995.31707652623,30.4663609
2996.07331040413,34.5237025900014
2996.82954428203,36.95276873
2998.34201203783,38.30704449
2999.85447979364,38.41629173
3001.36694754944,36.08000041
3002.12318142734,31.9424419599975
3002.87941530525,27.62260432
3004.39188306105,28.15684212
3005.14811693895,30.95794002
3005.90435081685,33.06068571
3006.66058469476,32.0395834200026
3007.41681857266,36.58042866
3008.17305245056,38.94947954
3008.92928632846,35.21605407
3009.68552020636,32.38148607
3010.44175408427,33.2605441000008
3011.19798796217,34.71679651
3011.95422184007,34.95720207
3012.71045571797,35.8263126
3013.46668959587,33.99294484
3014.22292347377,33.0002821200016
3014.97915735168,35.85236515
3015.73539122958,34.31103771
3016.49162510748,30.9330684
3017.24785898538,31.52317594
3018.00409286329,34.0504954000014
3018.76032674119,36.57384631
3019.51656061909,36.08540519
3020.27279449699,33.55751386
3021.02902837489,32.79210055
3021.7852622528,31.010292920001
3022.5414961307,32.72930703
3023.2977300086,35.9859622
3024.0539638865,32.8359462
3024.8101977644,31.55164889
3025.56643164231,33.8403329900001
3026.32266552021,33.97943422
3027.07889939811,32.32680926
3028.59136715391,31.40860833
3030.10383490972,31.88985015
3031.61630266552,31.215899490001
3033.12877042133,32.98689514
3034.64123817713,36.02675997
3036.15370593293,33.50099079
3037.66617368874,36.70980367
3039.17864144454,39.5738105500015
3040.69110920034,42.18391333
3042.20357695615,41.6830071
3043.71604471195,39.57041339
3045.22851246776,40.83683007
3046.74098022356,42.6943782499991
3048.25344797936,41.04399405
3051.27838349097,40.79334119
3052.79085124678,42.5422062
3054.30331900258,44.01744725
3055.81578675838,46.586791109999
3057.32825451419,44.82625638
3058.84072226999,40.98751539
3060.3531900258,38.70247368
3061.8656577816,39.37794753
3063.3781255374,36.837538089999
3064.89059329321,35.02204562
3066.40306104901,36.43514879
3067.91552880482,39.32420418
3069.42799656062,39.62505726
3070.94046431642,40.875982249999
3072.45293207223,39.20566136
3073.96539982803,37.93270863
3075.47786758383,38.93958834
3076.99033533964,39.46372494
3078.50280309544,36.0269516899989
3080.01527085125,34.05238916
3081.52773860705,35.53514544
3083.04020636285,37.12357991
3084.55267411866,37.94576046
3086.06514187446,37.4591998399994
3087.57760963027,36.49143133
3089.09007738607,38.75548604
3090.60254514187,39.29155286
3092.11501289768,38.74568391
3093.62748065348,38.4255904499999
3095.13994840929,38.17952203
3096.65241616509,40.42294904
3098.16488392089,42.40079516
3099.6773516767,43.33584017
3101.1898194325,41.1823123899979
3102.70228718831,37.56379705
3104.21475494411,38.08608844
3105.72722269991,41.05384335
3107.23969045572,39.74184614
3108.75215821152,38.7700895900004
3110.26462596732,39.54454475
3111.77709372313,37.73052431
3113.28956147893,34.79438724
3114.80202923474,36.8735442
3117.82696474634,39.8867672800003
3120.85190025795,40.40924814
3123.87683576956,41.11929595
3126.90177128117,41.12908348
3129.92670679278,43.16410312
3132.95164230438,39.6555493100001
3135.97657781599,39.90228605
3139.0015133276,41.20025815
3140.51398108341,43.13875431
3142.02644883921,39.36310914
3145.05138435082,39.1535806299994
3148.07631986242,38.14695914
3151.10125537403,35.3924998
3154.12619088564,36.85751438
3155.63865864145,41.61529745
3157.15112639725,40.410479759996
3158.66359415305,33.38118375
3160.17606190886,34.16102682
3161.68852966466,41.1548085
3163.17771073095,44.50797899
3164.39909486781,42.8285197099996
3165.62047900467,42.11067583
3166.2311710731,43.67920838
3166.84186314152,40.17181522
3167.45255520995,38.00753356
3168.06324727838,39.9782816999988
3168.67393934681,37.80159309
3169.28463141524,38.32427361
3169.89532348367,41.20284427
3170.5060155521,41.94019731
3171.72739968896,39.527899479998
3172.94878382582,36.03415021
3174.17016796267,36.9643152
3175.39155209953,40.12993991
3176.61293623639,42.37495943
3177.83432037325,41.0450539299999
3179.05570451011,40.79671051
3180.27708864697,39.26967856
3181.49847278383,40.10299042
3182.71985692069,37.98579359
3183.94124105754,35.3628659099987
3185.1626251944,33.15496402
3186.38400933126,33.87157478
3187.60539346812,34.14950157
3188.82677760498,34.52219457
3190.04816174183,44.0540134100014
3190.65885381027,46.58998539
3191.26954587869,39.31504363
3192.49093001555,36.4854238
3193.71231415241,39.22961667
3194.93369828927,41.0232520199986
3195.5443903577,38.63999168
3196.15508242613,38.66483845
3197.37646656298,41.26014216
3197.98715863141,44.78622251
3198.59785069984,45.7881552999989
3199.20854276827,43.91723631
3199.8192348367,42.38425927
3201.04061897356,41.48378078
3202.26200311042,39.20790386
3203.48338724728,38.6894046400017
3204.70477138414,41.67341972
3205.926155521,39.00414421
3207.14753965785,37.2333127300024
3208.36892379471,41.48751549
3209.59030793157,44.6332211199982
3209.89565396579,41.42203043
3210.201,39.18090897
3210.50634603422,35.5947723800005
3210.81169206843,36.5045214
3211.42238413686,43.6092624600019
3212.03307620529,47.03752943
3213.25446034215,44.45898056
3214.475844479,40.2991558999968
3215.69722861586,34.59421436
3216.30792068429,32.5488183799994
3216.91861275272,31.465722
3217.52930482115,32.72217687
3218.13999688958,33.1323895100005
3219.36138102644,33.99405724
3220.5827651633,37.7940562300004
3221.80414930015,38.51775069
3223.02553343701,31.21267075
3224.24691757387,32.4604775400007
3225.46830171073,33.67845082
3226.68968584759,33.6692786700008
3229.13245412131,35.09268042
3230.35383825817,38.07494585
3231.57522239502,42.171612490001
3232.18591446345,43.95752964
3232.79660653188,40.9350952299989
3234.01799066874,38.99523172
3234.62868273717,40.02176052
3235.2393748056,40.7505561499985
3235.85006687403,38.039776
3236.46075894246,35.0249749800006
3237.07145101089,35.99929988
3237.68214307932,43.72315543
3238.29283514774,45.8579338499991
3238.90352721617,44.30299212
3239.5142192846,39.4764933099978
3240.12491135303,35.64553797
3241.34629548989,34.26552149
3242.56767962675,36.1480105400004
3243.17837169518,36.82876864
3243.78906376361,36.3268613399998
3244.39975583204,35.90286431
3245.01044790047,36.2253704
3245.62113996889,40.5130712200013
3246.23183203732,42.78959604
3247.45321617418,41.5369641400001
3248.67460031104,41.75572956
3251.11736858476,45.56125193
3252.94944479005,45.9370781499989
3254.78152099534,43.95454729
3256.00290513219,41.8429248299996
3257.22428926905,41.21544069
3258.44567340591,42.85348207
3259.66705754277,43.9373385099999
3260.88844167963,43.79151209
3262.10982581649,41.9135109300002
3263.33120995334,42.24098573
3265.77397822706,44.32114735
3267.60605443235,44.5529313599989
3268.21674650078,42.65481029
3268.52209253499,42.2223029900006
3268.82743856921,43.20022583
3269.13278460342,44.50720711
3269.43813063764,40.0326145399985
3269.74347667185,37.43895257
3270.04882270606,39.1032146999998
3270.35416874028,38.65963958
3270.65951477449,37.94035345
3270.96486080871,41.0097977099992
3271.27020684292,39.52961219
3271.57555287714,38.6138663400007
3271.88089891135,39.78415929
3272.18624494557,41.28429276
3272.49159097978,41.8035735399994
3272.796937014,40.67781273
3273.10228304821,44.52639357
3273.40762908243,44.51654716
3273.71297511664,41.96148929
3274.01832115086,36.87226123
3274.32366718507,36.82271687
3274.62901321929,39.5027526400003
3274.9343592535,40.06209078
3275.54505132193,40.11023617
3275.85039735614,40.5146284299987
3276.15574339036,38.20122334
3276.76643545879,37.8973212100014
3277.98781959565,40.3726191
3279.20920373251,41.45997573
3280.43058786936,38.63023518
3281.65197200622,38.62844616
3282.26266407465,39.7605167499997
3282.87335614308,39.30668008
3283.48404821151,39.43553266
3284.09474027994,40.8550655400001
3284.70543234837,41.06905073
3285.3161244168,42.4584396600024
3287.75889269051,46.68188004
3290.20166096423,45.23770733
3291.42304510109,42.8715069699991
3292.64442923795,41.32589347
3293.8658133748,38.5280771899999
3295.08719751166,38.33220446
3296.30858164852,41.6721824
3297.52996578538,44.5827862499988
3298.75134992224,42.54875554
3299.36204199067,41.6381610699991
3299.9727340591,39.97703881
3300.58342612753,38.37837331
3302.41550233282,40.6171330800018
3304.24757853811,43.72680461
3305.46896267496,39.8707030800012
3306.69034681182,42.02509577
3307.30103888025,43.65969506
3307.91173094868,40.1653767700011
3308.52242301711,42.05373188
3309.13311508554,42.8412955099983
3309.74380715397,39.8263333
3310.35449922239,40.02009272
3310.96519129082,43.0966619999981
3311.57588335925,39.79067111
3312.18657542768,35.7560055700004
3312.79726749611,36.54956007
3313.40795956454,39.35479601
3314.01865163297,40.9556601100001
3314.6293437014,41.09608867
3314.93468973562,41.0239076999995
3315.24003576983,40.17209464
3315.54538180404,38.0794905
3315.85072783826,39.0621542000029
3316.46141990669,44.16351611
3317.07211197512,45.3080114900051
3317.68280404354,42.93345195
3318.29349611197,44.23604533
3318.9041881804,40.6176525099987
3319.51488024883,38.27654971
3320.12557231726,38.2812502700003
3320.5363183315,38.72627226
3321.3411481888,39.04174365
3322.1459780461,40.1130777900003
3322.9508079034,40.56159623
3324.560467618,41.0558283499998
3325.3652974753,40.71871834
3326.9749571899,41.15308431
3328.5846169045,43.2891285800004
3330.1942766191,44.04504841
3331.8039363337,42.8260087499972
3333.4135960483,37.92641856
3333.81601097695,37.63263924
3334.2184259056,39.8613827300009
3334.62084083425,41.4348636
3335.0232557629,42.768271749999
3335.42567069155,41.07231282
3335.8280856202,39.42458811
3336.23050054885,40.8058325299983
3336.6329154775,37.87800639
3337.4377453348,37.7387645600025
3337.84016026345,42.15715963
3338.2425751921,41.32945224
3338.44378265642,39.2703513300023
3338.64499012075,43.312836
3338.84619758507,41.9399352299978
3339.0474050494,38.13386988
3339.24861251372,38.06337813
3339.44981997805,39.497463239999
3339.8522349067,37.82301886
3340.25464983535,36.7004161499996
3340.657064764,35.96948346
3341.05947969265,39.30370287
3341.4618946213,41.3672229299983
3341.86430954995,38.33099903
3342.2667244786,36.0267817200003
3342.66913940725,36.57691117
3343.0715543359,40.06583513
3343.8763841932,42.3730002599973
3344.68121405049,37.58710784
3345.48604390779,33.4092868199997
3346.29087376509,32.88914336
3347.09570362239,33.06302355
3347.90053347969,35.7439600200017
3348.70536333699,38.73536205
3349.51019319429,41.9322273899988
3350.31502305159,39.81532569
3351.11985290889,38.55837368
3351.92468276619,39.2821328199979
3352.72951262349,35.60643868
3353.53434248079,33.1272158699993
3354.33917233809,31.89117232
3355.14400219539,30.22776397
3355.94883205269,30.508536120002
3356.75366190999,33.98393829
3357.55849176729,39.1146859100027
3358.36332162459,43.80292216
3359.16815148189,42.74900242
3359.97298133919,36.993555729998
3361.58264105379,33.40031162
3363.19230076839,31.060899870002
3364.80196048299,34.53819745
3366.41162019758,36.92156579
3368.02127991218,36.0563315600008
3368.82610976948,37.45887748
3369.63093962678,34.5711990099978
3370.43576948408,30.7614692
3371.24059934138,33.12037247
3372.85025905598,34.326911859998
3373.65508891328,30.77902797
3374.45991877058,36.4942536800037
3375.26474862788,43.05458722
3376.06957848518,42.71655507
3376.87440834248,38.5146956199976
3377.67923819978,34.36163915
3378.48406805708,31.6168470400008
3379.28889791438,33.09252606
3380.09372777168,36.89482887
3380.89855762898,35.5740834199985
3381.70338748628,32.90126201
3382.50821734358,31.3573576800019
3383.31304720088,34.67191367
3383.71546212953,37.22023768
3384.11787705818,38.7015159200009
3384.52029198683,40.34734572
3384.92270691548,43.51634165
3385.32512184413,43.48732767
3385.72753677278,38.09683081
3386.12995170143,33.8902067900004
3386.53236663008,34.64469268
3386.93478155873,36.959369420001
3387.33719648738,38.67456492
3387.73961141603,36.39999312
3388.14202634468,35.9444162900022
3388.54444127333,39.79157095
3388.94685620198,39.2501567699986
3389.75168605928,36.8529369
3390.55651591658,41.54587969
3391.36134577388,42.1497593399973
3392.16617563118,37.3741159
3393.77583534577,33.9447399800011
3394.58066520307,35.93770214
3395.38549506037,35.41198493
3396.19032491767,30.9036524400007
3396.99515477497,32.12094108
3397.79998463227,38.6127616300004
3398.60481448957,39.31437975
3399.40964434687,36.8177205
3400.21447420417,37.5188483800017
3401.01930406147,40.56482056
3401.82413391877,42.7184761500002
3403.43379363337,43.02327718
3405.04345334797,42.59706676
3405.84828320527,39.3735759399979
3406.65311306257,35.75269691
3408.26277277717,34.6021276100036
3411.48209220637,40.99068582
3413.09175192097,42.65588882
3413.89658177827,41.5642373999985
3414.70141163556,38.91340676
3416.31107135016,42.839350399999
3417.92073106476,41.01085249
3419.53039077936,33.45864058
3421.14005049396,29.2311619300028
3422.74971020856,34.18277736
3424.35936992316,38.5057822200016
3425.16419978046,41.40397819
3425.96902963776,39.12175033
3429.18834906696,32.8966479099991
3432.40766849616,31.36275932
3434.82215806806,39.3163442000039
3436.43181778266,46.11729963
3438.04147749726,41.34549098
3438.84630735456,35.7268281300011
3440.45596706916,37.58011335
3441.26079692645,37.5434498500009
3442.06562678375,39.15268422
3442.87045664105,43.18314271
3443.67528649835,49.5826877799989
3444.077701427,47.6696829
3444.48011635565,44.6783771699976
3445.28494621295,40.41211964
3446.08977607025,39.29422124
3446.89460592755,39.1800583500003
3447.69943578485,39.62651369
3448.50426564215,40.5961622200002
3449.30909549945,40.96266248
3450.11392535675,43.78436611
3450.91875521405,46.1255814399992
3451.72358507135,44.63391767
3452.52841492865,44.4401707099998
3452.9308298573,44.13912047
3453.33324478595,43.17857376
3454.13807464325,41.092856679999
3454.5404895719,39.33982167
3454.94290450055,35.9525835899987
3455.3453194292,33.71570513
3455.74773435785,29.90788916
3456.55256421515,34.3304802300025
3457.35739407245,38.72500684
3458.16222392975,35.6169992799994
3458.96705378705,34.51823321
3459.77188364435,36.91421142
3460.57671350165,38.2827188499996
3460.9791284303,37.54457789
3461.38154335895,35.2486151800011
3461.7839582876,37.23328117
3462.18637321625,38.61861814
3462.5887881449,37.55329006
3462.78999560922,37.5562262
3462.99120307354,36.2248975900012
3463.79603293084,38.40370156
3464.60086278814,38.74415054
3465.40569264545,37.3259151699998
3466.21052250274,36.9793144
3467.04590011099,39.4617298100029
3467.9598290788,44.63028899
3468.41679356271,43.13210856
3468.87375804662,34.5872523299988
3469.10224028857,32.46178448
3469.33072253052,35.5447245400011
3469.55920477248,37.48410554
3469.78768701443,40.0857448
3470.01616925638,36.749992689998
3470.24465149834,33.14900451
3470.47313374029,35.733453700003
3470.70161598224,40.97115403
3470.9300982242,37.22022643
3471.15858046615,36.2577386700004
3471.3870627081,37.04613364
3471.61554495006,36.1657757799998
3471.84402719201,35.81672038
3472.07250943396,38.93136473
3472.30099167592,43.914907009999
3472.52947391787,42.23874175
3472.98643840178,38.0942738200015
3473.44340288568,40.67752838
3474.3573318535,41.32661688
3475.27126082131,39.5214891099998
3476.18518978912,39.22903988
3478.01304772475,41.777355499997
3478.92697669256,36.49187708
3479.38394117647,34.49429017
3479.61242341842,33.0227722500023
3479.84090566038,37.065557
3480.29787014428,39.715961400002
3480.52635238624,43.21549709
3480.75483462819,43.39054508
3480.98331687014,39.7345003599987
3481.2117991121,37.53872452
3481.44028135405,37.7443039399998
3481.668763596,37.37246961
3482.12572807991,37.32157729
3482.58269256382,39.70472041
3483.49662153163,39.68370514
3484.41055049944,38.1576013999989
3485.32447946726,36.17313082
3486.23840843507,37.6407403
3486.69537291898,38.1317237900004
3487.15233740289,38.80217272
3487.60930188679,37.3385940500003
3488.0662663707,37.9469705
3488.52323085461,36.4605296
3488.98019533851,37.9927066400007
3489.43715982242,39.30682621
3489.89412430633,40.6346760700001
3490.80805327414,40.8177748
3491.26501775805,38.29901661
3491.72198224195,40.0319244900005
3492.17894672586,40.9475573
3492.63591120977,39.3158958700026
3493.09287569367,43.84052405
3493.54984017758,44.8955798
3494.46376914539,39.7866391
3495.37769811321,39.74111447
3496.29162708102,41.9721317800005
3497.20555604884,42.89876293
3498.11948501665,43.00443411
3499.03341398446,39.4908618799983
3500.86127192009,36.58090591
3502.68912985572,37.9840920000015
3504.51698779134,40.66310231
3506.34484572697,40.25860034
3508.1727036626,40.6489444200019
3509.08663263041,44.03074201
3510.00056159822,47.9245926200024
3510.91449056604,47.71443912
3511.82841953385,42.07874143
3512.74234850167,36.3089327700001
3513.65627746948,36.53388536
3514.11324195339,36.6464592599982
3514.57020643729,33.55628289
3515.48413540511,31.22326746
3515.94109988901,35.4513939000022
3516.39806437292,39.24613966
3517.31199334073,40.667489379999
3517.76895782464,38.91332166
3518.22592230855,36.92571508
3519.13985127636,36.2342842100009
3520.05378024417,37.88875475
3520.96770921199,38.2766467999992
3521.8816381798,36.83996558
3522.79556714761,37.37688811
3523.70949611543,40.2009673199989
3524.62342508324,38.24976764
3525.53735405106,36.7996583800007
3525.99431853496,38.11191826
3526.45128301887,41.58710477
3527.36521198668,42.0084954599989
3529.19306992231,40.02414095
3531.02092785794,37.4237045900013
3532.84878579356,39.61887451
3534.67664372919,41.72195476
3535.590572697,40.2734524699983
3536.50450166482,37.31302779
3537.41843063263,38.1962811000012
3538.33235960044,40.37874392
3539.24628856826,39.11940115
3541.07414650389,36.7734961900005
3541.9880754717,37.69732611
3542.90200443951,37.6446459700015
3543.81593340733,40.27595027
3544.72986237514,46.01729276
3545.64379134295,45.1630839200007
3546.55772031077,46.38173266
3547.47164927858,45.9011291099997
3548.38557824639,45.30562115
3549.29950721421,43.91683938
3550.21343618202,45.0568295899993
3551.12736514983,43.84059471
3552.04129411765,44.9954072600001
3552.49825860155,45.12849269
3552.95522308546,46.62713124
3553.41218756937,46.9021387999965
3553.86915205327,40.67081413
3554.78308102109,34.5184724500016
3556.61093895671,37.36217389
3557.52486792453,39.89622546
3558.43879689234,41.1326324300014
3560.26665482797,43.56532634
3561.63754827969,42.6961528799969
3562.5514772475,37.24103594
3563.00844173141,35.9707529
3563.46540621532,38.389642759999
3563.92237069922,36.60307646
3564.37933518313,39.2381041799997
3564.83629966704,38.68417385
3565.29326415094,39.14956589
3565.75022863485,40.0890368599972
3566.20719311876,35.20690229
3566.66415760266,34.4564413600009
3567.57808657048,36.04346012
3568.03505105438,38.00873161
3568.49201553829,39.6592049100004
3569.40594450611,40.3574363
3570.31987347392,40.5702048899999
3571.23380244173,40.30188625
3572.14773140954,41.27423157
3572.60469589345,42.2834808300005
3573.06166037736,43.15667241
3573.51862486126,44.4223705699987
3573.97558934517,42.20198298
3574.43255382908,45.48307335
3574.88951831299,45.5256476699984
3575.34648279689,42.73898288
3575.8034472808,40.8093422200018
3576.26041176471,44.06314263
3576.71737624861,46.05753886
3577.17434073252,47.2000159499987
3577.63130521643,44.99040382
3578.08826970033,44.0547196999987
3578.54523418424,41.81668959
3579.00219866815,38.45004482
3579.45916315205,37.8393038200004
3580.37309211987,38.49990046
3580.83005660378,39.4143213099981
3581.28702108768,36.11054805
3581.74398557159,39.08297551
3582.20095005549,41.7920114200003
3582.42943229745,42.25192347
3582.6579145394,40.975735069999
3582.88639678135,39.18893071
3583.11487902331,39.01076566
3583.34336126526,40.9033803500007
3583.57184350722,42.16740336
3583.80032574917,41.3363428000006
3584.02880799112,42.36871276
3584.94273695893,42.11008014
3585.85666592675,40.2690828299986
3586.77059489456,37.72981396
3587.68452386238,39.9578511800006
3588.59845283019,40.94767066
3589.512381798,44.09538541
3590.42631076581,45.7308394899985
3591.34023973363,43.04955054
3592.25416870144,41.2042791699987
3593.16809766926,38.83852331
3593.62506215316,39.58447789
3594.08202663707,39.9173486600014
3594.99595560488,42.34102126
3595.9098845727,42.526165049998
3596.82381354051,39.03979618
3597.73774250833,37.26803897
3599.56560044395,37.9325879800015
3601.39345837958,40.61774047
3602.30738734739,40.7469577200007
3603.22131631521,42.01586337
3604.13524528302,44.56387051
3604.59220976693,48.2239854500003
3605.04917425083,48.70622717
3605.50613873474,47.8060177899975
3605.96310321865,43.32588915
3606.42006770255,36.82191146
3606.87703218646,35.0545251400007
3607.79096115427,36.34861208
3608.70489012209,40.4558441900021
3609.16185460599,44.14152204
3609.6188190899,46.10611698
3610.53274805771,45.6264139799989
3612.36060599334,43.60989404
3613.27453496115,43.3664613999983
3614.18846392897,40.44996351
3615.10239289678,36.55922541
3616.0163218646,32.9794021700013
3616.93025083241,35.21880006
3617.84417980022,38.8738744600012
3618.75810876804,40.97249099
3619.67203773585,44.52199625
3620.12900221976,43.0091790799974
3620.58596670366,38.47620474
3621.04293118757,35.647543010001
3621.49989567148,37.4140389
3623.32775360711,38.50411161
3625.15561154273,37.7649351700006
3626.98346947836,38.90176384
3628.81132741398,40.6943328199998
3629.26829189789,40.34574613
3629.7252563818,40.06195537
3630.18222086571,40.5767906699995
3630.63918534961,39.76248131
3631.54182426778,37.6932119199998
3632.31462761506,37.39746017
3633.08743096234,38.4465924
3633.86023430962,38.2766802699995
3634.63303765691,37.34107071
3635.40584100419,37.9020614399997
3636.17864435147,37.41888333
3636.95144769875,38.28923472
3637.72425104603,37.150625659999
3638.49705439331,35.32357199
3639.26985774059,36.3879458500024
3640.04266108787,40.56832701
3640.81546443515,40.30262069
3641.58826778243,35.4747402900016
3642.36107112971,38.28002329
3643.13387447699,43.1093395600004
3643.90667782427,43.80313904
3644.67948117155,45.56005314
3645.45228451883,41.4575201299979
3646.22508786611,37.72351143
3646.99789121339,33.8268967500028
3647.77069456067,38.76736606
3648.54349790795,43.42501078
3649.31630125523,40.6953388099983
3650.86190794979,37.64664668
3652.40751464435,35.46094793
3653.95312133891,35.44671415
3655.49872803347,38.02402564
3657.04433472803,37.8448594799967
3658.58994142259,32.06030858
3660.13554811715,30.6954136100013
3660.90835146444,32.98742434
3661.68115481172,35.50088343
3662.453958159,38.7445594200007
3663.22676150628,39.93859919
3664.77236820084,37.1415048200002
3665.54517154812,37.50157883
3666.3179748954,40.13513599
3667.09077824268,35.6182832599971
3667.86358158996,30.55727459
3668.2499832636,32.5974834900014
3668.63638493724,35.08625706
3669.02278661088,37.77770835
3669.40918828452,40.243318950001
3669.79558995816,41.93455405
3670.1819916318,37.4221324999976
3670.56839330544,33.25422758
3670.95479497908,31.95009733
3671.72759832636,36.8495935200003
3672.50040167364,37.44962911
3673.27320502092,36.2296068899971
3674.0460083682,31.06869788
3674.81881171548,33.06675843
3675.59161506276,37.4383913600008
3676.36441841004,38.7839755
3677.13722175732,35.2291197000005
3677.9100251046,36.07515419
3678.68282845188,39.14300202
3679.45563179916,39.5727392999984
3680.22843514645,36.78436613
3681.00123849373,33.7957291100019
3681.77404184101,37.09118074
3682.16044351465,40.199463
3682.54684518829,41.6194482899979
3682.93324686193,38.01123175
3683.31964853557,35.5617320499986
3683.7060502092,33.06639477
3684.09245188285,29.27533493
3684.47885355649,32.9356707200036
3684.86525523013,39.33411104
3685.25165690377,41.6281426299984
3685.6380585774,38.76571741
3686.02446025105,35.58685306
3686.41086192469,40.6625623000006
3686.79726359833,41.64873726
3687.18366527197,38.1752436299988
3687.57006694561,36.0983243
3687.95646861925,36.51347348
3688.72927196653,38.2014751499998
3689.50207531381,37.82181758
3690.27487866109,40.2698143499997
3691.04768200837,39.72898027
3691.82048535565,36.60970894
3692.59328870293,36.8862296000002
3694.13889539749,37.16914415
3695.68450209205,38.4810234700014
3697.23010878661,40.95454404
3698.77571548117,40.4791244
3700.32132217573,37.8932387999992
3701.86692887029,36.51577838
3702.63973221757,34.9822293800004
3703.41253556485,35.63313459
3704.95814225941,35.00511157
3705.34454393305,34.9467619799991
3706.05984,33.43631204
3706.78884,36.7613140799983
3707.51784,33.84162592
3708.24684,35.22932179
3708.97584,38.6338430599988
3709.70484,36.56637443
3710.43384,39.3581697200016
3711.89184,42.17092925
3713.34984,41.13707277
3716.26584000001,35.7605926599978
3719.18184,31.9690392
3722.09784,38.3499106600023
3725.01384,42.3522159
3726.47184,41.98608976
3727.92984,39.4562083299974
3729.38784,34.83303142
3730.84584,36.9877731000013
3732.30384,39.32080157
3733.76184,40.87517686
3734.49084,38.2510890800022
3735.21984,42.10255147
3735.94884,41.8464751499973
3736.67784,37.11556893
3737.40684,33.56917503
3738.13584,37.9805171000016
3738.86484,40.84962463
3739.59384,32.6283265100004
3740.32284,33.29011364
3741.05184,36.97299975
3741.78084,37.939926260001
3742.50984,39.74128495
3743.23884,39.8554501999983
3743.96784,36.90611841
3744.69684,33.57870769
3745.42584,34.5868903100011
3746.15484,36.52727199
3746.88384,36.8205443100007
3747.61284,38.06344476
3748.34184,41.96439756
3749.79984,42.7132387199993
3751.25784,41.56530969
3752.71584,42.0094083399984
3754.17384,39.16429273
3755.63184,37.07907631
3757.08984,39.7441838900005
3758.54784,40.65650251
3760.00584,41.8706594699993
3761.46384,40.66402321
3762.92184,38.88259965
3764.35084137931,40.3734523700002
3765.74842758621,40.65027981
3767.1460137931,37.9752129100004
3768.5436,38.58363811
3769.9411862069,39.91892439
3771.33877241379,35.8699812899989
3774.13394482759,33.92147519
3776.92911724138,34.8022941000015
3778.32670344828,37.40875434
3779.72428965517,38.14649524
3781.12187586207,34.2354831699995
3782.51946206896,33.31899581
3783.91704827586,33.4200784500024
3785.31463448276,37.57101897
3786.71222068966,39.50565044
3788.10980689655,37.9972213599983
3789.50739310345,35.07205747
3790.90497931034,34.7303857999996
3791.60377241379,33.94130504
3792.30256551724,33.78430092
3793.00135862069,35.2894811200001
3793.70015172414,35.43889615
3794.39894482758,34.4238929800002
3795.09773793103,34.74867432
3795.79653103448,35.75077282
3796.49532413793,37.9383006499992
3797.19411724138,36.55064542
3797.89291034483,33.2711710800002
3798.59170344827,33.68999766
3799.29049655172,34.52781994
3799.98928965517,36.3758679000016
3800.68808275862,39.25576356
3801.38687586207,42.7620252899987
3802.08566896552,40.50507417
3802.78446206897,34.45480002
3803.48325517242,36.1720715900036
3804.18204827586,42.42513602
3804.88084137931,41.4370423299978
3806.27842758621,37.567166
3807.6760137931,36.2789922
3809.0736,36.2568941499998
3810.4711862069,35.95787971
3811.86877241379,37.2691519600013
3813.26635862069,39.49420546
3813.96515172414,40.37155761
3814.66394482759,40.3395114400008
3815.36273793104,41.69907436
3816.06153103448,40.9736809300002
3816.76032413793,41.28850254
3817.45911724138,39.97142135
3818.15791034483,39.4097611499992
3818.85670344828,37.9506218
3819.55549655172,34.3568461500005
3820.25428965517,35.17623345
3820.95308275862,39.47684725
3821.65187586207,43.3442691800006
3822.35066896552,44.47162039
3823.04946206896,44.2592422099983
3823.74825517241,41.28312413
3824.44704827586,38.65292311
3825.14584137931,34.5117266300007
3825.84463448276,35.688495
3826.5434275862,39.4901438100001
3827.24222068965,39.75126734
3828.63980689655,38.01911441
3830.03739310345,35.467733899999
3831.43497931035,33.78423651
3832.83256551724,37.4764082700015
3835.62773793103,40.10101624
3838.42291034483,38.34214556
3841.21808275862,39.8299641299999
3844.01325517241,39.62284194
3846.80842758621,36.7655451399989
3849.6036,34.80338232
3852.39877241379,37.03571804
3855.19394482759,36.8388962499983
3857.98911724138,33.82753155
3859.38670344828,33.1545674200005
3860.78428965517,33.98308148
3862.18187586207,32.65522555
3863.57946206897,31.8565306600018
3864.97704827586,35.03645221
3866.37463448276,39.2819123300009
3867.77222068965,40.79653872
3869.16980689655,40.8912692
3869.8686,40.5934428299993
3870.56739310345,39.31650481
3871.2661862069,37.6647088400003
3871.96497931035,38.16100024
3872.66377241379,41.56960765
3873.36256551724,42.2814570999969
3874.06135862069,36.78663911
3874.76015172414,34.3847301600016
3875.45894482759,37.20681002
3876.15773793103,36.52155825
3876.85653103448,34.497890540002
3877.55532413793,37.99035511
3878.95291034483,40.1686887699997
3880.35049655172,39.67611005
3881.74808275862,43.82616172
3883.14566896552,42.837978229998
3884.54325517241,39.24864173
3885.94084137931,42.1115194100015
3887.33842758621,44.74547509
3888.7360137931,39.48307115
3890.1336,34.4613942699991
3891.5311862069,32.87095388
3892.92877241379,37.6642134200031
3894.32635862069,43.06091436
3897.12153103448,41.93027323
3899.91670344828,39.855097689999
3905.50704827586,38.05629306
3911.09739310345,39.88698256
3916.68773793104,39.84774164
3919.48291034483,38.70513671
3922.27808275862,38.2893522499989
3923.67566896552,36.42322186
3925.07325517242,32.9467364200007
3926.47084137931,34.21617367
3927.86842758621,36.69568877
3928.56722068966,42.3313287200011
3929.26601379311,44.30550013
3929.96480689655,42.9276203799954
3930.6636,34.88776514
3931.36239310345,30.47097224
3932.0611862069,35.2847975599997
3932.75997931034,34.7431482
3933.45877241379,30.2672250600022
3934.85635862069,34.18325244
3936.25394482759,32.52417871
3937.65153103448,35.1933328700031
3939.04911724138,40.57050257
3940.44670344828,39.2581581499991
3941.84428965517,37.67273984
3943.24187586207,38.78241136
3944.63946206897,39.6243209700009
3946.03704827586,41.19728628
3947.43463448276,40.7318533299983
3948.83222068965,37.66471176
3950.22980689655,35.04048064
3951.62739310345,37.4295091499999
3953.02497931035,37.28191949
3954.42256551724,34.9270179700012
3955.82015172414,37.09495013
3957.21773793104,38.02795754
3958.61532413793,35.7979038699981
3961.41049655172,32.42388147
3964.20566896552,35.5366403700007
3966.74451508121,36.79456465
3970.19880742459,39.5137016
3973.65309976798,39.2113190299991
3977.10739211137,37.71468708
3980.56168445476,38.92723865
3984.01597679814,38.95072988
3990.92456148492,37.29943086
3997.83314617169,37.1558826099998
4004.74173085847,36.88677347
4011.65031554524,35.566955909999
4018.55890023202,33.8787944
4025.46748491879,31.93093614
4032.37606960557,36.8259880800009
4035.83036194895,38.33322757
4039.28465429234,36.0420913200016
4042.59197540983,38.94682863
4045.78842349727,38.54968826
4048.9848715847,36.4446775200011
4052.18131967213,38.45053885
4055.37776775957,40.44948428
4058.57421584699,40.5076257
4061.77066393443,39.24590244
4064.96711202186,36.1804795200001
4068.16356010929,36.31438479
4071.36000819672,36.2245550300047
4074.55645628415,44.43651289
4077.75290437158,48.69643459
4080.94935245902,45.5674322599975
4084.14580054645,41.14749512
4087.34224863388,40.0735976700004
4090.53869672131,40.82608532
4096.93159289617,41.95183914
4103.32448907104,41.56486736
4109.71738524589,44.10953844
4116.11028142077,42.6019359399926
4122.50317759562,36.13403549
4128.89607377049,34.19262786
4135.28896994537,37.41256238
4141.68186612022,41.88461828
4148.0747622951,45.0253774199985
4154.46765846995,43.7355279
4168.31835,40.9241619
4175.42835,41.66304785
4182.53835,41.04342709
4189.64835,37.0181932000017
4193.20335,38.4770379
4196.75835,40.40278284
4203.86835,40.03650842
4210.97835,40.29037735
4218.08835,38.8361639500018
4228.75335,40.43638913
4238.73091002571,44.51544404
4246.19003598972,39.14264222
4248.67641131105,36.28725051
4251.16278663239,38.0829317199982
4253.64916195372,36.47751134
4256.13553727506,39.87859966
4258.62191259641,41.0580649
4261.10828791774,41.57597106
4263.59466323908,38.87258242
4266.08103856041,38.89967394
4268.56741388175,39.86273593
4271.05378920308,44.81105504
4272.29697686375,43.94955612
4273.54016452442,41.3090076599971
4274.78335218509,38.75616118
4276.02653984576,35.10301008
4277.26972750643,35.69734243
4278.5129151671,39.40954637
4279.75610282777,42.07797914
4280.99929048843,42.10421374
4282.2424781491,40.12946514
4283.48566580977,37.60446019
4284.72885347043,35.09380066
4285.97204113111,35.6033774900034
4287.21522879177,38.6292863
4288.45841645244,38.4867746
4289.70160411311,38.28716315
4290.94479177378,42.72790217
4291.56638560411,45.1209558199958
4292.18797943445,41.42451377
4292.80957326478,37.47055364
4293.43116709512,38.46220967
4294.05276092545,38.65879196
4294.67435475578,36.8711832400016
4295.29594858612,38.23933062
4295.91754241645,42.43866059
4296.53913624679,40.5670557
4297.16073007712,39.02581313
4297.78232390746,38.6252299200013
4298.40391773779,39.78644437
4300.89029305913,39.54114134
4303.37666838046,38.63171774
4305.8630437018,36.70958795
4308.34941902314,38.2987728200014
4310.83579434447,39.52281018
4313.32216966581,38.05417566
4315.80854498715,41.30548786
4316.43013881748,36.83587277
4317.05173264781,32.576049169995
4317.67332647815,36.44174835
4318.29492030848,43.0346255
4318.91651413882,43.39456692
4319.53810796915,41.37962477
4320.15970179949,40.1456895599993
4320.78129562982,39.55282989
4321.40288946015,42.71513492
4322.02448329049,40.13703044
4323.26767095116,42.81085419
4324.51085861183,44.3742156099944
4325.13245244216,39.46744637
4325.75404627249,38.40959367
4326.37564010283,38.94435967
4326.99723393316,40.18623485
4327.6188277635,44.4776959899986
4328.24042159383,43.26663193
4328.86201542416,37.01268405
4329.4836092545,33.62086468
4330.10520308483,34.06574884
4330.72679691517,35.1301447900039
4331.3483907455,38.53695466
4331.96998457584,40.87670593
4332.59157840617,43.18732938
4333.2131722365,46.1618209
4333.52396915167,43.690614909998
4333.83476606684,41.91262512
4334.14556298201,45.8445142
4334.45635989717,45.12089995
4334.76715681234,38.55311839
4335.07795372751,40.5672354000024
4335.38875064267,42.71372589
4335.69954755784,39.30685171
4336.32114138818,37.09315157
4336.94273521851,37.31608628
4337.56432904884,38.2660770300031
4338.18592287918,40.96698849
4338.80751670951,40.40082623
4339.42911053985,39.86814784
4340.05070437018,42.29688397
4340.67229820051,43.7919675999993
4341.29389203085,43.18528076
4341.91548586118,43.61289002
4342.53707969152,41.60062265
4343.15867352185,39.04543355
4343.78026735219,37.2961585499975
4344.40186118252,35.134151
4345.02345501285,33.20869358
4345.64504884319,35.91172993
4346.26664267352,39.11297458
4346.88823650386,37.8134392999966
4348.13142416452,34.8412962
4349.37461182519,37.72806055
4350.61779948586,41.57652672
4351.23939331619,40.98226986
4351.86098714653,35.2440704499988
4352.48258097686,34.14627415
4353.1041748072,38.53581515
4353.72576863753,39.14903569
4354.34736246787,39.11728024
4354.9689562982,39.5582105399963
4355.59055012854,36.28578498
4356.21214395887,34.53534796
4356.8337377892,36.73227414
4357.45533161954,39.98535278
4358.07692544987,44.7461776899989
4358.6985192802,43.74802769
4359.32011311054,39.78955948
4359.94170694087,38.30233418
4360.56330077121,39.19317695
4361.18489460154,40.4495448299999
4361.80648843188,40.36529943
4362.42808226221,39.80031408
4363.04967609254,39.83587515
4363.67126992288,40.78275466
4364.29286375321,40.6846732800014
4365.53605141388,41.92952168
4368.02242673522,42.11765091
4372.99517737789,43.94517828
4379.37860814384,41.87556048
4386.09293918562,39.2264803200007
4392.80727022739,39.80354796
4396.16443574828,38.08385604
4399.52160126917,38.04985407
4402.87876679005,38.62844987
4406.23593231095,38.4305854099978
4409.59309783183,36.50237087
4412.95026335272,35.08859801
4416.30742887362,33.61733771
4419.6645943945,31.22743142
4423.02175991539,30.4133974600048
4426.37892543628,34.63670901
4433.09325647805,38.34595585
4439.80758751983,40.07681287
4443.16475304071,37.39322569
4446.52191856161,33.4601379500016
4453.23624960338,34.86722262
4463.30774616605,35.48483566
4470.02207720783,35.28702716
4473.37924272872,32.50391491
4476.7364082496,32.9722671200026
4483.45073929138,35.25494771
4490.16507033316,33.8657956
4496.87940137493,33.97409625
4500.23656689582,38.67543171
4503.59373241671,43.5885164599959
4506.9508979376,39.99146792
4510.30806345849,38.3957235
4513.66522897938,40.99763944
4517.02239450027,38.50420474
4520.37956002116,37.3436186200016
4523.73672554204,38.7305089
4527.09389106293,40.2740454
4530.45105658382,42.60025627
4537.1653876256,44.00111726
4543.87971866737,43.4916765199959
4547.23688418826,39.89009283
4550.59404970915,40.54269357
4553.95121523004,44.29402959
4557.30838075093,44.87449165
4564.0227117927,44.2059361599984
4567.37987731359,42.79594856
4570.73704283448,39.63206799
4571.5763342147,38.18083569
4572.41562559492,37.24920401
4574.09420835537,36.3118687899993
4580.80853939714,35.68611949
4587.52287043892,36.264456
4594.2372014807,36.72627502
4600.95153252247,36.24860268
4604.30869804336,37.1197405500019
4611.02302908514,38.7760312
4614.38019460603,40.0182941
4617.73736012692,36.91521016
4621.09452564781,36.90836202
4624.45169116869,40.9661911000004
4627.80885668958,41.32503061
4631.16602221047,40.74555936
4634.52318773136,46.30024836
4637.88035325225,48.01216659
4641.23751877314,43.1421043599946
4644.59468429402,38.37459696
4647.95184981491,38.05092645
4651.3090153358,43.51160236
4654.66618085669,45.13224899
4658.02334637758,44.2729733700012
4659.70192913802,45.32144177
4661.38051189847,43.31461075
4664.73767741936,42.9866569
4668.09484294024,42.03781628
4669.77342570069,41.8178701100003
4671.45200846113,42.12393186
4673.13059122158,44.05485522
4674.80917398202,45.77506869
4678.16633950291,40.94564782
4681.5235050238,39.7846628100035
4684.88067054469,42.88216949
4688.23783606557,40.28050416
4691.58767176187,31.59765723
4694.84012550282,31.56490819
4696.46635237329,35.5728242100059
4698.09257924377,40.72317658
4698.905692679,42.75886016
4699.71880611424,42.47153913
4700.53191954948,42.64472756
4701.34503298472,39.8641726499976
4702.15814641995,37.7174318
4702.97125985519,43.55306608
4703.78437329043,44.67437246
4704.59748672566,41.61756923
4705.00404344328,39.2945750599999
4705.4106001609,39.23530574
4705.81715687852,41.28620667
4706.22371359614,39.25074853
4706.63027031376,40.19183186
4707.03682703138,41.8716246099996
4707.44338374899,41.51985546
4707.84994046661,43.77820864
4708.25649718423,45.40814429
4708.66305390185,39.97171244
4709.06961061947,32.1464525599876
4709.47616733709,32.36358758
4709.88272405471,37.4971613
4710.28928077233,38.72719649
4710.69583748994,35.68791155
4711.10239420756,39.3861982500024
4712.72862107804,41.45209154
4714.35484794851,37.98538509
4717.60730168946,37.44037187
4720.85975543041,40.69129041
4724.11220917136,43.697796209999
4727.36466291231,42.82995731
4730.61711665326,41.9772271
4733.86957039421,44.32185266
4737.12202413516,42.98477701
4738.74825100563,42.4707435300034
4740.37447787611,45.4236416
4742.00070474658,44.71467152
4743.62693161706,37.99398092
4745.25315848753,35.13354505
4746.87938535801,38.5826395200031
4748.50561222848,41.29190318
4750.13183909896,39.8273645
4751.75806596943,40.54197354
4752.57117940466,43.17610549
4753.3842928399,41.9678486499954
4754.19740627514,37.96103771
4755.01051971038,34.60915675
4755.82363314562,37.08555569
4756.63674658085,36.2432391
4757.44986001609,36.9249823900009
4758.26297345133,37.70053786
4759.8892003218,35.85934107
4761.51542719228,34.69879656
4763.14165406275,39.03239919
4764.76788093322,39.7755450299975
4766.3941078037,37.56954574
4768.02033467418,38.95657743
4769.64656154465,37.0140182
4771.27278841513,34.64357524
4772.8990152856,37.3218076500016
4774.52524215607,38.70104987
4776.15146902655,36.73159676
4777.77769589702,37.49616059
4779.4039227675,36.07385516
4781.03014963797,34.5408813900044
4782.65637650845,38.40754891
4784.28260337892,45.39044294
4785.9088302494,45.98159848
4787.53505711987,42.16546522
4789.16128399035,41.9524769100029
4790.78751086082,44.50700886
4792.4137377313,41.61786451
4794.03996460177,40.71701176
4795.66619147225,42.51670185
4797.29241834272,42.6013280099982
4798.9186452132,41.02828099
4800.54487208367,39.65267893
4802.17109895414,38.58779094
4803.79732582462,39.28713992
4805.42355269509,48.3532746900003
4807.04977956557,48.66130233
4808.67600643604,40.64494092
4810.30223330652,37.66337262
4811.92846017699,40.53703048
4813.55468704746,44.4113465700125
4815.18091391794,45.49861878
4816.80714078841,39.87596867
4818.43336765889,37.78969012
4820.05959452937,37.16863751
4821.68582139984,39.0080748100022
4823.31204827031,40.96429358
4824.93827514079,38.55169169
4826.56450201126,35.11433189
4828.19072888174,37.6975697
4829.81695575221,39.7186015199986
4831.44318262269,38.46530536
4833.06940949316,36.58105779
4834.69563636364,37.31359691
4836.32186323411,39.90444759
4837.94809010459,38.9538779299977
4838.76120353982,36.93761031
4839.57431697506,37.04916191
4840.3874304103,38.03101045
4841.20054384553,40.20669076
4842.01365728077,40.5947133499958
4842.82677071601,36.86465309
4843.63988415125,33.30040456
4844.45299758649,33.58543205
4845.26611102172,40.12426983
4846.07922445696,42.8662445799963
4847.70545132744,39.58660762
4848.51856476267,35.08869759
4849.33167819791,38.67091165
4850.14479163314,41.1361849
4850.95790506838,41.8985331999987
4854.21035880933,40.77348997
4857.46281255028,35.97499695
4860.71526629123,31.90746226
4863.96772003218,37.73451325
4867.22017377313,39.5275845199969
4868.84640064361,36.81631026
4870.47262751408,36.86409495
4872.09885438455,36.33961943
4873.72508125503,35.38996344
4876.97753499598,38.5581359200084
4880.22998873693,45.99111722
4883.48244247788,48.58888359
4886.73489621883,42.41669712
4888.3611230893,43.13920811
4889.98734995977,44.7964779799977
4891.61357683025,42.80964582
4893.23980370072,39.95623134
4894.65886003373,38.26715786
4896.03845531197,35.93905921
4896.7282529511,36.2670265800001
4897.41805059022,36.32958473
4898.10784822934,38.46920322
4898.79764586847,36.33944724
4899.48744350759,32.91849237
4900.17724114671,34.208034460001
4901.55683642496,35.10952116
4902.9364317032,35.51528118
4904.31602698145,39.81621165
4905.6956222597,40.83832427
4907.07521753794,37.6230943300033
4908.45481281619,40.49198231
4909.83440809444,43.20826352
4912.59359865093,38.73663467
4915.35278920742,36.87256085
4916.73238448567,36.1463423999981
4918.11197976391,34.43564532
4919.49157504216,35.25890273
4920.87117032041,39.0302346
4922.25076559865,40.93802157
4923.6303608769,41.7459758499974
4925.00995615514,39.48789129
4926.38955143339,36.41368634
4929.14874198988,39.6258905
4931.90793254637,40.8438692
4934.66712310287,39.7658588899998
4936.04671838112,39.5682434
4937.42631365936,40.14204988
4938.8059089376,39.49801015
4940.18550421585,39.7800975
4941.5650994941,39.8349583899992
4942.94469477235,39.16402552
4944.32429005059,41.16860042
4945.70388532884,42.26715542
4947.08348060708,39.00124869
4948.46307588533,39.4561108500023
4949.84267116358,41.48123716
4951.22226644182,39.81447643
4952.60186172007,39.5508517
4953.98145699831,41.6637444774982
4955.36105227656,43.7766372550012
4956.74064755481,45.8895300324994
4958.12024283305,48.00242281
4959.4998381113,45.47499868
4960.87943338954,42.25526177
4962.25902866779,41.24197071
4963.63862394604,41.24422113
4965.01821922428,37.46511606
4966.39781450253,32.98010463
4967.77740978078,36.11047192
4968.4672074199,37.8793934700045
4969.15700505902,41.81788197
4969.84680269815,41.47189055
4970.53660033727,37.29675112
4971.22639797639,38.52188397
4971.91619561552,44.8004615900009
4972.60599325464,45.63821414
4973.29579089376,41.85421424
4973.98558853288,38.7152074
4974.67538617201,36.72499163
4975.38927559055,36.8060637900028
4976.38022047244,39.24025221
4978.36211023622,39.36410013
4980.344,37.31444214
4981.33494488189,37.14067411
4982.32588976378,37.8496934000051
4983.31683464567,42.358232
4984.30777952756,42.07327469
4986.28966929134,41.31694416
4988.27155905512,40.56390848
4990.2534488189,41.6793379900022
4992.23533858268,43.57416699
4994.21722834646,41.6318369
4996.19911811024,40.59257845
4998.18100787402,41.92348277
5000.1628976378,43.06751603
5004.12667716535,43.03083548
5006.10856692913,40.34049422
5008.09045669291,38.20796871
5012.05423622047,37.74951488
5014.03612598425,39.8853826200011
5016.01801574803,40.89337173
5019.98179527559,41.08365875
5021.96368503937,43.08536609
5023.94557480315,44.04551393
5025.92746456693,46.3100172900011
5027.90935433071,47.29736967
5031.87313385827,45.77917919
5033.85502362205,40.31972835
5035.83691338583,40.66590223
5039.80069291339,41.7675912899992
5043.76447244094,41.0433584
5045.74636220473,38.35500967
5047.7282519685,36.14655905
5048.71919685039,36.78701271
5049.71014173228,38.4102774900034
5050.70108661417,41.36771994
5051.69203149606,39.65557057
5052.18750393701,37.74745438
5052.68297637795,39.24619272
5053.1784488189,38.4008502800002
5053.67392125984,38.58761448
5054.66486614173,42.49755481
5055.65581102362,44.788806
5056.64675590551,41.09113171
5057.14222834646,40.131334340004
5057.6377007874,43.61763524
5058.13317322835,47.79173824
5058.62864566929,41.19515854
5059.12411811024,36.89834941
5059.61959055118,37.0744285500036
5060.11506299213,40.2190317
5060.61053543307,39.63941373
5061.10600787402,37.04080987
5061.60148031496,39.42607093
5062.59242519685,35.4182926699968
5063.0878976378,32.64197579
5063.58337007874,36.03403382
5064.57431496063,38.07055613
5065.56525984252,37.77180468
5067.5471496063,39.4337074499963
5069.52903937008,36.18393564
5071.51092913386,37.25357399
5073.49281889764,39.32902885
5075.47470866142,36.3947475
5077.45659842519,36.7670582400087
5079.43848818898,44.4128678
5083.40226771653,44.16515545
5087.3660472441,40.25043021
5091.32982677165,36.84174902
5095.29360629921,36.8007455800034
5099.25738582677,39.82542793
5101.23927559055,40.79330767
5103.22116535433,40.00717155
5105.20305511811,38.96186858
5107.18494488189,41.0257117599987
5109.16683464567,39.83596972
5111.14872440945,34.61966804
5113.13061417323,33.73310107
5115.11250393701,38.09384001
5119.07628346457,46.1944248300022
5123.04006299213,48.09620007
5127.00384251969,44.7937632
5130.96762204724,36.30623692
5134.9314015748,33.55501047
5138.89518110236,34.9309393300006
5142.85896062992,35.48462209
5146.82274015748,40.13617463
5150.78651968504,42.0076766
5154.8744,37.06573964
5158.98952195122,34.853436700003
5163.10464390244,37.46467122
5167.21976585366,35.75439898
5169.27732682927,39.13715276
5171.33488780488,45.90072616
5173.39244878049,48.1820434699947
5175.4500097561,43.55482436
5177.50757073171,38.63015419
5179.56513170732,34.20820338
5183.68025365854,34.32962736
5187.79537560976,35.4059685700056
5188.82415609756,40.3079958
5189.85293658536,45.17733323
5190.88171707317,44.4625554
5191.91049756097,40.89419645
5193.96805853658,41.7661557000057
5196.02561951219,46.7535856
5198.08318048781,50.46632846
5200.14074146341,50.8826667
5204.25586341463,50.38334473
5208.37098536585,48.9687820699959
5212.48610731707,45.37350818
5214.54366829268,43.1852364
5216.60122926829,43.68577998
5218.65879024391,41.47591588
5220.71635121951,37.896617229998
5222.77391219512,36.09445276
5224.83147317073,38.68741841
5228.94659512195,38.44144373
5231.00415609756,32.6420504
5232.03293658537,30.5876493700064
5233.06171707317,36.18542454
5234.09049756097,39.08587267
5235.11927804878,39.09149391
5236.14805853658,36.73938002
5237.17683902439,34.7855069200026
5238.20561951219,37.1037907
5239.2344,41.2152486
5241.29196097561,43.97207837
5243.34952195122,44.45286957
5245.40708292683,42.1784108099964
5247.46464390244,39.01957496
5249.52220487805,37.94080742
5251.57976585366,40.21218062
5253.63732682927,43.81877371
5255.69488780488,44.5711471899968
5257.75244878049,41.75062276
5258.78122926829,38.46411722
5259.8100097561,37.17221906
5260.8387902439,39.63301363
5261.86757073171,36.1161497699986
5263.92513170732,34.92329566
5265.98269268293,36.61076346
5268.04025365854,35.60673222
5270.09781463415,38.00685447
5272.15537560976,38.8734390299985
5274.21293658536,37.56834847
5278.32805853658,43.02166572
5282.4431804878,44.56431574
5286.55830243902,40.98923678
5290.67342439024,38.1693176599971
5294.78854634146,35.58354031
5296.84610731707,34.67701211
5298.90366829268,36.80385783
5299.93244878049,41.22476819
5300.96122926829,39.9152097099936
5301.9900097561,34.32475945
5303.0187902439,36.15368635
5304.04757073171,38.04716092
5305.07635121951,37.16585436
5306.10513170732,40.9102482699997
5307.13391219512,40.68790213
5309.19147317073,39.33734526
5311.24903414634,41.26206165
5313.30659512195,41.99661472
5315.36415609756,38.898827039998
5316.39293658536,37.13399012
5317.42171707317,38.71827776
5318.45049756098,41.87721906
5319.47927804878,45.55519064
5320.50805853659,44.3709851799964
5321.53683902439,41.21566655
5322.5656195122,39.65918845
5323.5944,37.61261282
5325.65196097561,38.2998634
5327.70952195122,36.6259079899981
5329.76708292683,34.92630348
5331.82464390244,39.55393455
5333.88220487805,40.31395706
5335.93976585366,38.98809712
5337.99732682927,34.4758637100027
5340.05488780488,36.8712047
5342.11244878049,37.46834368
5344.1700097561,36.75601871
5346.22757073171,36.69171013
5348.28513170732,37.3682743199975
5352.40025365853,35.16154804
5354.45781463415,36.33945036
5356.51537560976,37.84410603
5358.57293658536,40.05721598
5359.60171707317,41.119976419999
5360.63049756097,40.23298644
5361.65927804878,35.88872026
5362.72580246914,36.91460069
5363.88938271605,39.50336321
5365.05296296296,41.7795770799997
5367.38012345679,41.54951265
5372.03444444444,41.7711022
5374.36160493827,40.88825768
5376.6887654321,38.92389785
5377.85234567901,39.3469661800013
5379.01592592592,40.45465843
5380.17950617284,41.73314079
5381.34308641975,41.65219663
5382.50666666666,40.01721797
5383.67024691358,38.3234133499968
5384.83382716049,35.52827426
5385.99740740741,35.2132918
5387.16098765432,34.23291594
5388.32456790124,35.66533331
5389.48814814815,40.1785565199983
5390.65172839506,38.67404754
5391.81530864198,37.27047307
5392.97888888889,40.80717783
5394.1424691358,41.45783943
5395.30604938272,40.0065519899987
5396.46962962963,38.86764955
5397.63320987654,38.73457303
5398.79679012346,35.42344451
5399.96037037037,38.10133866
5401.12395061728,36.7877753599975
5402.2875308642,34.55202661
5403.45111111111,36.54259619
5404.61469135802,38.10094536
5406.94185185185,37.32916132
5409.26901234568,37.4930255600011
5410.43259259259,38.48386197
5411.59617283951,37.30888047
5412.75975308642,37.43424904
5413.92333333333,35.49316597
5415.08691358025,38.4354515500034
5415.6687037037,41.46737948
5416.25049382716,43.0645328
5418.57765432099,44.06431139
5420.90481481481,47.67708129
5423.23197530864,48.214086859996
5425.55913580247,44.71321871
5427.8862962963,42.45207572
5430.21345679012,41.50645933
5432.54061728395,39.53137206
5434.86777777778,39.9393697900022
5439.46509046455,41.91613017
5443.96533496333,42.1641736
5448.4655794621,39.55776528
5452.96582396088,35.3266064
5457.46606845966,34.1012155200041
5461.96631295844,37.73366604
5464.21643520783,35.29099129
5466.46655745721,37.95300247
5468.7166797066,38.26670293
5470.96680195599,38.106203180003
5473.21692420537,40.69985376
5475.46704645477,42.12604307
5479.96729095355,42.73366583
5484.46753545232,40.99093168
5488.9677799511,43.3857684199997
5493.46802444988,43.13473509
5497.96826894866,39.9797007
5506.96875794621,38.95814325
5511.46900244499,38.04645705
5515.96924694377,36.6002067699963
5520.46949144254,33.32631363
5524.96973594132,31.81050838
5527.21985819071,33.91994541
5528.34491931541,42.30021471
5529.4699804401,46.7749160199976
5531.82913385827,44.67618155
5534.20905511811,39.97617404
5536.58897637795,38.76807561
5537.77893700787,41.88330753
5538.9688976378,40.6814590699973
5540.15885826772,38.26697277
5541.34881889764,38.17808099
5543.72874015748,36.58314504
5546.10866141732,40.28055915
5548.48858267717,41.2598151999989
5550.86850393701,40.28380087
5553.24842519685,41.25330092
5555.62834645669,41.82779116
5556.81830708661,41.62163615
5558.00826771654,39.5886162599982
5560.38818897638,38.02544169
5562.76811023622,37.43818926
5567.52795275591,39.35419904
5569.90787401575,41.91917362
5572.28779527559,42.5052719000014
5574.66771653543,43.75166074
5577.04763779527,39.33342242
5579.42755905512,36.44968696
5581.80748031496,36.5100948
5584.1874015748,33.5999991499976
5586.56732283464,31.49346111
5591.12027924845,37.86891327
5594.93973037776,41.20240888
5598.75918150708,38.26547612
5602.57863263639,36.8114181500002
5606.3980837657,37.01194528
5607.35294654803,34.64137605
5608.30780933036,35.11907661
5610.21753489502,35.90685984
5612.12726045967,37.7966494800022
5614.03698602433,39.69503695
5615.94671158899,39.96888228
5617.85643715364,39.81496154
5619.7661627183,41.35714446
5621.67588828296,40.7493025299975
5623.58561384761,38.52805222
5625.49533941227,38.12813304
5627.40506497693,38.7146434
5629.31479054158,39.12878979
5631.22451610624,36.8414707600001
5633.1342416709,36.90748722
5635.04396723556,34.17141636
5636.95369280021,35.86050346
5638.86341836487,36.7539131
5640.77314392953,39.00732639
5642.68286949418,38.96145302
5644.59259505884,36.58370304
5646.50232062349,38.40626718
5648.41204618815,38.7608787
5649.36690897048,36.1440466599999
5650.32177175281,36.02269106
5651.27663453514,40.94205424
5652.23149731747,42.19403157
5653.18636009979,40.79589741
5654.14122288212,37.0432666099945
5655.09608566445,32.21500563
5656.05094844678,31.38033542
5657.96067401144,32.12971288
5659.87039957609,32.88030379
5660.82526235842,37.1273404600026
5661.78012514075,39.38415001
5662.73498792308,35.5895536
5663.68985070541,32.73367932
5664.64471348773,36.29498665
5665.59957627006,37.7120190300005
5666.55443905239,38.15864095
5667.50930183472,40.57433965
5668.46416461705,42.71599109
5669.41902739938,42.35366826
5670.37389018171,40.8889753499997
5671.32875296403,40.6366338
5672.28361574636,39.82943766
5673.23847852869,36.71192556
5674.19334131102,36.34456303
5675.14820409335,34.8211789099946
5676.10306687567,30.08615151
5677.057929658,30.31736389
5678.01279244033,35.79104946
5678.96765522266,38.35353685
5679.92251800499,38.6845903400032
5680.87738078732,41.50017742
5681.83224356965,39.93507357
5682.78710635197,37.16843301
5683.7419691343,35.91244245
5684.69683191663,36.6789132599991
5685.65169469896,35.87732813
5686.60655748129,37.46594282
5687.56142026362,36.50983451
5688.51628304594,39.20243041
5689.47114582827,37.1069964499978
5690.4260086106,35.15182817
5691.38087139293,35.65532997
5692.33573417526,38.14545167
5693.29059695758,40.2536322
5694.24545973991,40.6457523799988
5695.20032252224,39.61030579
5696.15518530457,40.40720053
5698.06491086923,43.30243254
5701.88436199854,42.84999651
5705.70381312786,40.6690298800026
5709.52326425717,42.99369244
5713.34271538648,44.9293707
5715.25244095114,43.81278669
5717.1621665158,39.82101062
5719.07189208045,36.8324646300005
5720.98161764511,37.31392104
5722.89134320977,37.44748808
5724.80106877442,36.82617199
5726.71079433908,35.91121964
5728.62051990374,34.6137290699993
5730.53024546839,34.00016657
5732.43997103305,33.46923362
5733.39483381538,35.36024599
5734.34969659771,37.17867693
5735.30455938004,40.9448179100003
5736.25942216236,41.19394973
5737.21428494469,37.67088019
5738.16914772702,34.49362636
5739.12401050935,34.01396259
5740.07887329168,35.1431037500009
5741.033736074,35.94077463
5741.98859885633,38.03158204
5742.94346163866,38.44598313
5743.89832442099,40.81298355
5744.85318720332,44.8628688899987
5745.80804998565,43.69939587
5746.76291276798,40.34585313
5747.71777555031,38.66670871
5748.67263833263,37.68280075
5749.62750111496,35.5148060499979
5750.58236389729,33.64972075
5751.53722667962,34.55049777
5753.44695224428,39.91760412
5755.35667780893,37.27457297
5759.17612893824,30.3029025899414
5766.81503119687,31.22736316
5774.4539334555,32.13114764
5782.09283571413,32.11266381
5789.73173797275,33.28660044
5797.37064023138,35.9784168699972
5805.00954249001,33.50763182
5812.64844474864,35.2085018
5816.46789587795,36.38188207
5820.28734700726,39.32410259
5824.10679813658,39.8982845999978
5827.92624926589,37.97735878
5831.74570039521,38.0465462
5835.56515152452,38.34976701
5839.38460265383,38.02497993
5843.20405378315,38.1741588400004
5847.02350491245,38.52146461
5850.84295604177,40.94353483
5852.75268160643,42.07782236
5854.66240717108,41.31928196
5856.57213273574,38.4592921799998
5858.4818583004,38.26239796
5860.39158386506,36.71582565
5862.30130942971,37.84743459
5864.21103499437,36.19730131
5866.12076055903,37.9920958900018
5868.03048612368,39.61775791
5869.94021168834,36.37484254
5870.89507447067,32.28643376
5871.849937253,33.67320139
5872.80480003532,36.4559737099979
5873.75966281765,34.63937434
5875.66938838231,36.6459158
5877.57911394697,41.92147709
5879.48883951162,44.63817943
5881.39856507628,41.0981714399948
5885.21801620559,36.55953207
5889.03746733491,33.48015155
5890.94719289957,35.579884
5892.85691846422,41.11455476
5894.76664402888,38.852903539995
5896.67636959354,34.4311101
5898.58609515819,36.85977446
5900.49582072285,40.57869073
5902.4055462875,37.95220263
5904.31527185216,37.6832321600042
5906.22499741682,41.37136098
5908.13472298148,42.90138419
5909.08958576381,39.72196272
5910.04444854613,38.86604739
5910.99931132846,43.254798930001
5911.95417411079,44.11466261
5912.90903689312,39.19633623
5913.86389967544,36.03579053
5914.81876245777,42.04598904
5915.7736252401,44.4996791200076
5916.72848802243,41.28296014
5917.68335080476,37.52601795
5918.63821358709,36.95828403
5919.59307636942,38.59786039
5920.54793915175,38.9349365699979
5921.50280193407,37.04717305
5922.4576647164,35.53661782
5923.41252749873,33.87604276
5924.36739028106,32.86527244
5925.32225306338,38.5670603700064
5926.27711584571,44.17465175
5927.23197862804,42.75218198
5928.18684141037,38.88187419
5929.1417041927,37.54306765
5930.09656697503,37.1867783799978
5931.05142975736,35.22623954
5932.00629253968,38.54887777
5932.96115532201,39.84944691
5933.91601810434,36.40175671
5934.87088088667,35.0345528100067
5935.825743669,40.91249861
5936.78060645133,43.30795716
5937.73546923366,40.77521565
5938.69033201599,34.69271014
5939.64519479832,34.0956582800062
5940.60005758064,39.5120018
5941.55492036297,44.80805493
5942.5097831453,47.00838641
5943.46464592762,41.79297022
5944.41950870995,36.8461501599971
5945.37437149228,34.26489032
5946.32923427461,32.02345695
5947.28409705694,31.35640562
5948.23895983927,34.64314517
5949.1938226216,39.2953564000037
5950.14868540392,42.55504161
5951.10354818625,40.96537146
5952.05841096858,37.51958944
5953.01327375091,37.20542774
5953.96813653324,38.9790920199999
5954.92299931557,38.91747949
5955.8778620979,38.55130732
5956.83272488023,38.1631355
5957.78758766255,35.85385299
5958.74245044488,36.1078691400036
5959.69731322721,39.31648735
5960.65217600954,37.68370061
5961.60703879187,35.43625254
5962.56190157419,36.96241768
5963.51676435652,40.8957987500018
5964.47162713885,42.50512043
5965.42648992118,41.0472432
5967.33621548584,38.51377287
5969.24594105049,38.46726103
5971.15566661515,39.7610955500003
5973.06539217981,40.04310651
5974.97511774447,39.71412153
5976.88484330912,39.0633583
5978.79456887377,37.31954122
5980.70429443843,36.0152967999999
5982.61402000309,35.93367818
5984.52374556775,39.04401964
5986.4334711324,42.29999661
5988.34319669706,41.76447021
5989.29805947939,36.6538517599952
5990.25292226172,32.4726294
5991.20778504405,34.83229545
5992.16264782637,37.45868384
5992.64007921754,40.51428025
5993.1175106087,42.4700542499985
5993.59494199987,41.17497896
5994.07237339103,40.12152601
5994.5498047822,39.08915353
5995.02723617336,38.20879176
5995.50466756453,34.8124893900016
5995.98209895569,36.22809305
5996.45953034685,39.56877115
5996.93696173802,40.66090511
5997.41439312918,40.71866958
5997.89182452035,37.7544186999963
5998.36925591151,34.4532349
5998.84668730267,37.47708465
5999.32411869384,43.46733459
5999.801550085,44.20081423
6000.27898147617,41.6012337199995
6000.75641286733,41.15532713
6001.2338442585,41.27048044
6001.71127564966,38.64136033
6002.18870704082,36.02641343
6002.66613843199,38.8179762700032
6003.14356982315,41.66398271
6003.62100121432,39.80266261
6005.53072677897,37.46096276
6007.44045234363,39.6983549
6009.35017790829,41.4388747399993
6010.30504069061,40.79767062
6011.25990347294,37.35289555
6012.21476625527,36.36192058
6013.1696290376,37.97907693
6014.12449181993,40.0751975599993
6015.07935460226,39.43591599
6016.03421738459,41.04235397
6016.98908016691,41.42651373
6017.94394294924,42.52463307
6018.89880573157,42.1322582699981
6019.8536685139,40.46157833
6020.80853129623,42.27593124
6021.76339407856,39.53790942
6022.71825686088,36.17572984
6024.62798242554,38.4014734900034
6026.5377079902,41.40576541
6028.44743355485,41.88529416
6030.35715911951,39.9219241
6032.26688468417,36.909882
6034.17661024882,36.0197404900075
6036.08633581348,42.5781225
6037.99606137814,42.13161836
6041.81551250745,40.34687682
6045.63496363676,40.82899015
6049.45441476608,46.2480724400008
6053.27386589539,46.97167149
6055.18359146005,42.28420792
6057.0933170247,35.658649
6059.00304258936,41.82067762
6060.91276815402,44.1785633299978
6062.82249371868,42.26548663
6064.73221928333,38.97794741
6065.68708206566,41.76314256
6066.64194484799,42.92574671
6067.59680763032,41.1474887400019
6068.55167041265,42.83770435
6069.50653319497,43.01786474
6070.4613959773,40.9768775
6071.41625875963,38.17057329
6072.37112154196,41.1831308000031
6073.32598432429,43.87117622
6074.28084710662,45.43328913
6075.23570988895,44.76560222
6076.19057267127,40.80014712
6077.1454354536,35.860942979999
6078.10029823593,34.96197924
6079.05516101826,41.17029023
6080.01002380059,43.80159638
6080.96488658291,43.03599189
6081.91974936524,46.9767840500017
6082.87461214757,48.50424552
6083.8294749299,46.83052754
6085.73920049456,43.06723763
6087.64892605921,39.96748228
6089.55865162387,42.2862824500044
6091.46837718853,46.18829759
6093.37810275318,45.81623589
6095.28782831784,44.28824494
6097.19755388249,42.06707099
6099.10727944715,40.9379859600001
6101.01700501181,41.06477675
6102.92673057647,38.71177102
6106.74618170578,38.32330268
6110.5656328351,40.40383487
6112.47535839975,40.0071261300017
6114.38508396441,41.47677559
6116.29480952907,43.18199334
6118.20453509372,41.4622809
6119.15939787605,38.29402871
6120.11426065838,39.2768306500015
6121.06912344071,40.64020702
6122.02398622304,41.09770391
6122.97884900537,43.46066848
6123.93371178769,39.6234453
6124.88857457002,30.2050956100001
6125.84343735235,30.3057933
6126.79830013468,33.16028294
6127.75316291701,35.39147765
6128.70802569933,35.67287261
6129.66288848166,40.069567119996
6130.61775126399,36.56571442
6131.57261404632,34.53783422
6132.52747682865,34.83177308
6133.48233961098,37.31672611
6134.43720239331,38.8636863499994
6135.39206517563,38.36188972
6136.34692795796,37.69077365
6137.30179074029,40.75599979
6138.25665352262,41.5119886
6139.21151630495,39.4520792199987
6140.16637908728,38.27319488
6141.1212418696,36.67770505
6142.07610465193,36.42152462
6143.03096743426,36.78245096
6143.98583021659,35.9692875000052
6144.94069299892,40.54509184
6145.89555578125,45.01304619
6146.85041856357,39.41270546
6147.32784995474,31.66745843
6147.8052813459,32.9105848899991
6148.28271273707,32.14115329
6148.76014412823,30.64423528
6149.2375755194,34.33507459
6149.71500691056,38.40318208
6150.19243830172,39.74414799
6150.66986969289,39.72638563
6151.14730108405,40.46022174
6151.62473247522,40.70798967
6152.57959525754,38.57383719
6153.53445803987,39.4478587400018
6154.4893208222,41.06867714
6155.44418360453,43.16963427
6156.39904638686,41.03324265
6157.35390916919,42.1093997
6158.30877195152,45.2525968599992
6159.26363473384,44.53637957
6160.21849751617,40.47651034
6162.12822308083,40.42264162
6164.03794864549,39.92808525
6165.94767421014,40.5535752700006
6166.90253699247,41.04001874
6167.8573997748,38.54404468
6168.81226255713,36.14520873
6169.76712533946,36.65350558
6170.72198812179,39.2864717299948
6171.67685090411,34.68335144
6173.58657646877,33.9712122
6175.49630203343,39.06629989
6177.40602759808,39.98863043
6179.31575316274,35.1784454299993
6181.22547872739,34.58347486
6183.13520429205,39.41468627
6184.09006707438,44.39688601
6185.04492985671,42.2889837
6185.99979263904,39.1236520100013
6186.95465542137,40.22783866
6187.9095182037,37.90515369
6188.86438098602,38.72884393
6189.81924376835,47.42239095
6190.77410655068,46.3838029799901
6191.72896933301,37.63551755
6192.68383211534,35.2559792
6193.63869489767,38.75658434
6194.59355767999,41.01208102
6196.50328324465,38.7173576200028
6198.41300880931,41.17131818
6200.32273437396,39.96540962
6202.23245993862,38.3670544
6203.18732272095,40.81963269
6204.14218550328,43.826061649997
6205.09704828561,41.1866736
6206.05191106794,42.6199089
6206.5293424591,43.86000846
6207.00677385026,40.9839832
6207.48420524143,36.9916460500037
6207.96163663259,40.25894865
6208.91649941492,43.41573817
6209.87136219725,41.76431402
6210.82622497958,38.70759866
6211.7810877619,38.7204452500028
6212.73595054423,41.17543475
6213.69081332656,40.80577339
6214.64567610889,39.58612993
6215.60053889122,37.83963182
6216.55540167355,39.70758504
6217.51026445587,39.74236713
6218.4651272382,39.82945974
6219.41999002053,39.66290845
6220.37485280286,38.18660872
6221.32971558519,36.3672730300046
6222.28457836752,40.37889474
6223.23944114985,40.72733474
6224.19430393218,38.14563324
6225.1491667145,41.14554837
6226.10402949683,43.5121643899975
6227.05889227916,41.32951109
6228.01375506149,36.90184104
6228.96861784382,36.76236987
6229.92348062614,36.94001414
6230.87834340847,34.4195465500043
6231.8332061908,38.18062764
6232.78806897313,36.31903246
6234.69779453779,31.64022419
6236.60752010244,31.25102921
6240.42697123176,34.82113388
6242.33669679641,34.86179464
6244.24642236107,33.06331698
6245.2012851434,35.73391674
6246.15614792573,35.00057117
6247.11101070806,37.8643951200007
6248.06587349038,38.4717953
6249.02073627271,38.32333129
6249.97559905504,37.54892124
6250.93046183737,37.68131141
6251.8853246197,39.1133624000054
6252.84018740203,43.88326628
6253.79505018436,44.09959843
6254.74991296668,43.58829777
6255.70477574901,39.57145563
6256.65963853134,35.2961107200002
6257.61450131367,35.46301915
6258.569364096,37.55310229
6259.52422687832,37.05120921
6260.47908966065,40.86289226
6261.43395244298,39.5958746299981
6261.91138383415,37.96392184
6262.38881522531,42.10172966
6262.86624661648,41.60481614
6263.34367800764,37.87566572
6263.82110939881,38.5163339200026
6264.29854078997,40.77009604
6264.77597218113,41.67848586
6265.25340357229,40.26148912
6266.20826635462,39.1620253200009
6267.16312913695,39.92650069
6268.11799191928,41.96016915
6269.07285470161,41.73659813
6270.98258026627,40.73977234
6272.89230583092,38.6013623999939
6273.84716861325,33.19335378
6274.80203139558,35.19716183
6275.75689417791,40.97028808
6276.71175696024,36.03971893
6277.66661974257,37.5357238600072
6278.62148252489,43.84454165
6279.57634530722,39.32045929
6280.53120808955,32.23011085
6281.48607087188,34.77902992
6282.44093365421,39.3166535200023
6284.35065921886,41.30273632
6286.26038478352,40.12949428
6288.17011034818,39.19676232
6290.07983591283,39.88939017
6291.98956147749,39.3161308599961
6293.89928704215,35.87171808
6295.8090126068,37.88084888
6297.71873817146,41.00976653
6299.62846373612,43.18580673
6301.53818930078,40.3040039099951
6303.44791486543,35.96405293
6305.35764043009,36.26943578
6307.26736599475,41.08951887
6309.1770915594,40.30789749
6311.08681712406,38.618659189999
6312.99654268871,37.72820007
6316.81599381803,36.79669165
6320.63544494734,38.77699066
6322.545170512,38.31440781
6324.45489607666,37.5794574900042
6328.27434720597,41.23671161
6332.09379833528,43.12395476
6334.00352389994,44.07252186
6335.9132494646,44.11556251
6337.82297502925,41.0483309999995
6339.73270059391,40.63654425
6341.64242615857,40.88699742
6343.55215172322,44.21916932
6345.46187728788,49.82941559
6347.37160285254,48.7563535099905
6349.28132841719,40.41089263
6351.19105398185,35.90535873
6353.10077954651,38.04235788
6355.01050511117,40.09818735
6356.92023067582,42.0061413799989
6358.82995624048,41.03647586
6360.73968180513,36.62520521
6362.64940736979,35.00217303
6364.55913293445,37.3636811
6366.46885849911,39.1793555599991
6368.37858406376,38.43065153
6370.28830962842,35.51949899
6372.19803519307,37.58046007
6374.10776075773,42.18421551
6376.01748632239,44.4651493899953
6377.92721188705,40.29525384
6379.8369374517,37.07558534
6381.74666301636,41.583924
6383.65638858102,42.94403937
6385.56611414567,39.1474477399943
6387.47583971033,34.14715001
6389.38556527499,35.66478827
6390.34042805731,36.61179604
6391.29529083964,34.10499994
6392.25015362197,31.9135684300041
6393.2050164043,35.48819504
6395.11474196896,38.52406144
6396.06960475129,40.32984173
6397.02446753362,37.82957663
6397.97933031594,38.0778588699997
6398.93419309827,37.81562551
6400.84391866293,35.77719973
6402.75364422758,34.61883862
6404.66336979224,35.93357435
6405.61823257457,36.7599487499993
6406.5730953569,36.14891006
6407.52795813922,40.15290519
6408.48282092155,43.75290836
6409.43768370388,44.79032648
6410.39254648621,38.6532851999944
6411.34740926854,33.70945659
6412.30227205087,33.18276078
6413.2571348332,36.35271768
6414.21199761552,37.54791387
6415.16686039786,36.7421919700023
6416.12172318018,38.75262801
6417.07658596251,38.27572203
6418.03144874484,37.49872579
6419.9411743095,39.92214736
6421.85089987415,42.534910400002
6423.76062543881,44.27411645
6424.71548822114,44.44361853
6427.58007656812,41.66206654
6429.48980213278,42.877813
6431.39952769744,45.2890136799963
6433.30925326209,42.06175438
6434.26411604442,37.90681531
6435.21897882675,36.30653557
6436.17384160908,38.04400293
6437.12870439141,36.5568454000007
6438.08356717374,37.1416925
6439.03842995606,37.26592943
6439.99329273839,40.09195231
6440.94815552072,36.3877816
6441.42558691188,35.8478584199987
6441.90301830305,34.66892821
6442.38044969421,31.39844296
6442.85788108538,31.66950732
6443.8127438677,35.47493295
6444.76760665003,40.4580947600015
6445.72246943236,41.76072278
6446.67733221469,41.21543134
6448.58705777935,38.59530141
6450.496783344,38.03574384
6452.40650890866,44.0402041900005
6454.31623447332,44.49212339
6458.13568560263,38.9553796
6461.95513673195,36.1938234
6463.8648622966,38.4091094
6465.77458786126,40.5391678499998
6467.68431342592,40.38339227
6469.59403899057,39.94793478
6471.50376455523,38.47374824
6473.41349011989,36.07138893
6475.32321568454,35.6372573100013
6477.2329412492,36.76984912
6478.18780403153,35.00979629
6479.14266681386,34.89415806
6480.09752959619,35.30505682
6481.05239237851,34.1817290499992
6481.52982376968,33.45651332
6482.00725516084,38.84285875
6482.48468655201,41.19019672
6482.96211794317,38.10573031
6483.9169807255,38.421722000005
6484.87184350783,42.77810528
6485.82670629015,39.21645781
6486.78156907248,32.58076132
6487.73643185481,33.14723932
6488.69129463714,34.9527357500002
6489.64615741947,35.11875553
6490.6010202018,36.13203399
6492.51074576645,38.84260385
6496.33019689577,40.30132294
6500.14964802508,41.6206195500041
6503.96909915439,45.26597068
6511.60800141302,45.5114378
6519.24690367165,43.24049328
6526.88580593028,41.143198
6530.70525705959,40.0670412099995
6534.5247081889,39.66040424
6538.34415931822,42.86250982
6540.25388488287,43.93980659
6542.16361044753,39.6842341
6544.07333601218,38.5722311100028
6545.98306157684,41.0638582
6547.8927871415,39.00821116
6553.62196383547,37.83885208
6557.44141496478,37.43001241
6561.2608660941,38.0183743399978
6568.89976835273,36.08692307
6572.71921948204,35.42175483
6576.53867061135,37.19550886
6580.35812174067,37.23797241
6584.17757286998,36.297118599997
6587.99702399929,33.64846512
6591.81647512861,34.10387289
6599.45537738723,38.49857364
6607.09427964586,36.62102887
6609.00400521052,36.1592347700036
6609.95886799285,39.30185656
6610.91373077517,42.92050205
6611.8685935575,37.43202625
6612.82345633983,30.18887093
6613.77831912216,31.7887909700034
6614.73318190449,34.74876184
6615.68804468682,40.57036368
6616.64290746914,40.35748616
6617.59777025147,36.67903652
6618.5526330338,36.6691143199999
6619.50749581613,36.59929765
6620.46235859846,37.63509218
6621.41722138079,41.7532148
6622.37208416312,43.89396842
6623.32694694545,37.7243742899947
6623.80437833661,33.0982261
6624.28180972777,33.48488423
6624.75924111894,35.5173216
6625.2366725101,36.79002435
6625.71410390127,38.0383591999996
6626.19153529243,37.70944986
6626.66896668359,38.02221176
6627.14639807476,38.05864418
6627.62382946592,39.31220381
6628.10126085709,40.1647213499995
6628.57869224825,39.75114575
6629.05612363942,39.50973727
6629.294839335,39.79301087
6629.53355503058,36.9382947
6629.77227072616,34.5307834000037
6630.01098642174,37.79740127
6630.24970211732,38.35134514
6630.48841781291,36.15867513
6630.72713350849,35.14176058
6630.96584920407,34.8320203300018
6631.20456489965,36.40346708
6631.44328059524,38.25255687
6631.9207119864,39.52164636
6632.39814337757,37.35000927
6632.87557476873,39.166672960003
6633.35300615989,41.78476394
6633.83043755106,42.00916295
6634.30786894222,40.43406127
6634.78530033338,39.97954082
6635.26273172455,44.3355453500002
6635.74016311571,44.54987845
6636.69502589804,41.56856848
6637.64988868037,40.89941985
6639.55961424502,40.33364264
6641.46933980968,37.379438569998
6643.37906537434,35.644279
6645.288790939,37.79667942
6647.19851650366,39.61711545
6649.10824206831,39.68273308
6651.01796763297,38.3430311199968
6652.92769319762,35.54678933
6654.83741876228,33.84983915
6656.74714432693,33.99060557
6658.65686989159,37.43163953
6660.56659545625,40.8410995499979
6662.47632102091,38.95909035
6664.38604658556,36.81381862
6666.29577215022,37.5368156
6668.20549771488,37.63627468
6669.16036049721,37.2973493700004
6669.63779188837,37.66208498
6670.11522327954,39.5563923
6670.5926546707,41.47844556
6671.07008606187,40.48495105
6671.54751745303,38.939858480001
6672.02494884419,39.85309298
6672.50238023536,40.10576952
6672.97981162652,37.85752774
6673.45724301769,36.67385959
6673.93467440885,36.4255307700024
6674.41210580001,38.54833406
6674.88953719118,40.20543523
6675.36696858234,38.70852609
6675.8443999735,37.12244607
6676.32183136467,37.4969724200029
6676.79926275583,40.07227316
6677.276694147,40.29024248
6677.75412553816,38.03258244
6678.70898832049,38.64059169
6679.66385110282,41.0235921100039
6680.14128249398,44.46591174
6680.61871388515,45.81052806
6681.09614527631,44.60438125
6681.57357666747,41.0779908
6682.05100805864,41.3925108400015
6682.5284394498,42.68259169
6683.00587084097,45.21907905
6683.48330223213,41.62070262
6683.9607336233,37.44417514
6684.43816501446,38.3849418500019
6684.91559640562,40.06646618
6685.39302779679,38.97133208
6685.87045918795,36.40214785
6686.34789057912,34.41986853
6686.82532197028,36.4470892600064
6687.30275336145,42.08498723
6687.54146905703,45.57680052
6687.78018475261,43.41380587
6688.01890044819,41.52072685
6688.25761614378,39.1845404700005
6688.73504753494,39.62583665
6689.2124789261,41.99832485
6689.68991031727,41.80637021
6690.16734170843,39.08107397
6690.6447730996,41.3154064100026
6691.12220449076,43.58119908
6692.07706727309,40.83995626
6693.03193005542,37.20224318
6693.98679283775,37.63369406
6694.94165562007,40.0601901200012
6695.8965184024,41.14116357
6696.85138118473,44.10971023
6697.32881257589,40.73295153
6697.80624396706,36.76716913
6698.28367535822,34.1500152200009
6698.76110674939,34.96238594
6699.23853814055,36.59498758
6699.71596953172,39.40372988
6700.19340092288,38.28727905
6700.67083231404,37.327713969999
6701.14826370521,36.44445836
6701.62569509637,34.82143893
6702.10312648754,37.98712822
6702.5805578787,41.61357864
6703.05798926987,38.3224253699989
6703.53542066103,37.39087098
6704.01285205219,37.23511794
6704.49028344336,37.01248868
6704.96771483452,38.38546446
6705.44514622569,39.8563936400018
6705.92257761685,41.46005125
6706.40000900801,37.38297035
6706.87744039918,33.5171182
6707.35487179034,36.3545623
6707.83230318151,42.242068459999
6708.30973457267,41.3599933
6708.78716596384,37.34489866
6709.264597355,39.79030392
6709.74202874616,37.17553507
6710.21946013733,34.8245210300041
6710.69689152849,38.42628268
6711.17432291966,37.55276716
6711.65175431082,34.59713659
6712.12918570198,36.20703568
6712.60661709315,35.5545115400021
6713.08404848431,37.41152378
6713.56147987548,37.05546191
6714.03891126664,34.00149728
6714.5163426578,36.92309169
6714.99377404897,42.4054191699969
6715.47120544013,39.70254906
6715.9486368313,37.98138004
6716.42606822246,40.24884038
6716.90349961363,41.43991597
6717.38093100479,39.8837121200018
6717.85836239595,41.44509033
6718.33579378712,43.52071436
6718.81322517828,44.78836577
6719.29065656945,42.67300925
6719.76808796061,37.3380615899964
6720.24551935178,34.16393081
6720.72295074294,34.2102105
6721.2003821341,36.46809068
6721.67781352527,39.73879184
6722.15524491644,37.8224692899973
6722.6326763076,35.41625308
6723.11010769876,35.27309061
6723.58753908993,39.18759367
6724.54240187225,42.52813125
6725.49726465458,43.7111885799998
6726.45212743691,43.5683503
6727.40699021924,41.62977652
6728.36185300157,40.83735891
6729.3167157839,41.62769419
6731.22644134855,41.6194559999999
6733.13616691321,41.56189509
6735.04589247787,41.88304829
6736.95561804252,37.55572236
6738.86534360718,34.90006266
6740.77506917184,35.291101240003
6742.68479473649,37.88681197
6744.59452030115,36.17563522
6748.41397143046,34.33278718
6750.32369699512,41.91815548
6752.23342255978,43.9080107699964
6754.14314812444,40.75844932
6756.05287368909,38.14618627
6757.96259925375,39.19779813
6759.87232481841,38.36486622
6761.78205038306,38.3814073600043
6763.69177594772,42.19058129
6765.60150151238,44.02480785
6767.51122707703,45.28990196
6769.42095264169,43.19974085
6771.33067820634,41.0037801699986
6773.240403771,39.74841436
6775.15012933566,39.84954156
6777.05985490031,39.75941967
6778.96958046497,39.02085317
6780.87930602963,36.6107555800026
6782.78903159429,38.88114991
6784.69875715895,37.40673487
6786.6084827236,39.34071742
6788.51820828826,43.82297849
6790.42793385291,43.7038042899969
6794.24738498223,40.97493505
6798.06683611154,37.1203188
6801.88628724085,35.93339479
6805.70573837017,35.98389615
6809.52518949948,39.843766190001
6813.34464062879,40.77125097
6817.16409175811,39.24733654
6820.98354288742,39.89792933
6824.80299401674,42.86858898
6826.71271958139,42.2330290599954
6828.62244514605,38.1560211
6830.53217071071,38.7356553
6831.48703349303,37.7484119
6832.44189627536,36.01579976
6833.39675905769,37.4892304100018
6834.35162184002,39.04648049
6835.30648462235,33.83792493
6836.26134740468,33.05611396
6838.17107296933,37.29231976
6840.08079853399,39.1759224599977
6841.99052409864,37.1745339
6843.9002496633,38.97714073
6845.80997522796,39.2332557
6846.76483801029,41.54309673
6847.71970079262,42.8365873299982
6848.19713218378,41.21476401
6848.67456357495,39.63822143
6849.62942635727,41.5886527
6850.5842891396,38.93379997
6851.53915192193,34.3712520699966
6853.44887748659,31.36190703
6855.35860305125,34.86838668
6857.2683286159,40.85815838
6859.17805418056,41.91287827
6861.08777974522,40.4305929099978
6862.04264252754,38.46803047
6862.99750530987,37.62392338
6863.9523680922,38.01138133
6864.90723087453,41.09589677
6865.38466226569,41.812589849998
6865.86209365686,40.01913946
6866.33952504802,34.3941853
6866.81695643918,32.92774617
6868.72668200384,39.61587613
6870.6364075685,42.6137304899954
6872.54613313316,38.60399566
6874.45585869781,40.57321924
6875.41072148014,46.18045422
6875.8881528713,47.18207175
6876.36558426247,41.1890676999947
6877.3204470448,36.48552062
6877.79787843596,39.50615223
6878.27530982713,41.13237143
6879.23017260945,41.47369274
6880.18503539178,40.0315103899948
6882.09476095644,35.4633508
6883.04962373877,35.46329111
6884.0044865211,35.45126228
6885.91421208575,37.46426487
6887.82393765041,40.1913479499988
6889.73366321507,39.11702388
6891.64338877973,37.90661628
6893.55311434438,36.59452201
6895.46283990904,36.08462189
6897.37256547369,36.3199790300019
6899.28229103835,37.98416453
6901.19201660301,37.5723636
6903.10174216766,39.43614776
6905.01146773232,40.93724244
6906.92119329698,42.2707811899988
6908.83091886163,41.23958355
6912.65036999095,41.85717991
6916.46982112026,40.34110355
6918.37954668492,37.49919493
6920.28927224957,37.6298043700074
6922.19899781423,34.13010625
6924.10872337889,32.30666586
6926.01844894354,34.56151228
6927.9281745082,37.30125626
6929.83790007286,37.4968726500026
6930.79276285519,39.82118799
6931.74762563752,41.37072869
6933.65735120217,40.14306259
6935.56707676683,41.40145147
6937.47680233149,42.3406479399978
6939.38652789614,40.42163572
6941.29625346081,34.41094086
6943.20597902546,34.80641005
6945.11570459011,37.45739614
6947.02543015477,39.830980920002
6948.93515571942,41.59769929
6950.84488128408,41.58445898
6952.75460684874,37.90942438
6954.6643324134,35.45573435
6956.57405797805,37.6404092600009
6958.4837835427,38.44606327
6960.39350910736,38.58121643
6962.30323467202,38.58816869
6964.21296023668,39.37293176
6966.12268580134,38.9035350600042
6968.032411366,42.56314511
6969.94213693065,42.42593024
6971.85186249531,39.54153203
6973.76158805997,38.87689506
6975.67131362463,38.628723880001
6977.58103918928,39.49046004
6979.49076475394,41.42488619
6981.40049031859,42.96729253
6983.31021588325,40.83389032
6985.21994144791,41.0573228599967
6987.12966701256,38.14832529
6989.03939257721,35.752914
6990.94911814188,39.22564563
6992.85884370653,40.15221193
6994.76856927119,37.5371179300015
6996.67829483584,38.87146406
7000.49774596516,40.22639978
7004.31719709447,36.88686016
7008.13664822379,33.12914823
7011.95609935311,34.3098823900067
7015.77555048241,40.18872239
7019.59500161173,41.31636653
7023.41445274104,38.96314552
7027.23390387035,36.85295839
7031.05335499967,37.5995425800002
7034.87280612898,37.80533944
7038.6922572583,39.67228879
7042.51170838761,43.89176388
7046.33115951692,43.70673058
7050.15061064624,40.8976769899964
7052.0603362109,37.70468327
7053.97006177555,35.84259561
7054.92492455788,36.99829455
7055.87978734021,38.45540216
7056.83465012254,36.39783308
7057.78951290486,36.41986048
7058.74437568719,38.6495813
7059.69923846952,41.65801456
7060.17666986068,42.40824727
7060.65410125185,38.553529800001
7061.13153264301,39.41352542
7061.60896403418,43.1526042
7062.08639542534,40.7181428
7062.5638268165,37.9435148
7063.51868959883,37.7901403500042
7063.99612099,41.47068465
7064.47355238116,43.15298245
7064.95098377233,39.8344143
7065.42841516349,39.39104207
7065.90584655465,38.7071754199976
7066.38327794582,36.57137383
7067.33814072815,34.87210336
7068.29300351048,35.83928021
7069.2478662928,37.29987809
7070.20272907513,39.0291193200013
7071.15759185747,40.14215363
7072.11245463979,42.25708328
7073.06731742212,43.92861142
7074.02218020445,40.04945695
7074.97704298678,35.1111283700004
7075.9319057691,35.48685405
7076.88676855143,39.23350617
7077.84163133376,41.63941252
7078.79649411609,40.51226318
7079.75135689841,43.3250908000024
7080.70621968075,45.43508753
7081.66108246307,42.91554967
7082.6159452454,39.53762585
7083.57080802773,37.62598775
7084.52567081006,37.9326431000031
7086.43539637472,40.68885159
7088.34512193938,43.12721256
7090.25484750403,45.44100457
7092.16457306869,38.0897621
7094.07429863335,32.0286695699988
7095.98402419801,30.97230749
7097.89374976266,30.35861188
7099.80347532731,31.63616547
7100.75833810964,36.44634613
7101.71320089197,37.5550237199998
7102.6680636743,37.36727809
7103.62292645663,37.50153955
7104.57778923896,36.1177571
7105.53265202128,35.40663186
7106.48751480361,34.810567720003
7107.44237758594,37.41554436
7108.39724036827,41.25447465
7109.3521031506,46.43491321
7111.26182871525,43.98969675
7113.17155427991,36.2326755399974
7115.08127984457,33.91327174
7116.99100540923,33.29186966
7118.90073097388,33.13573127
7120.81045653854,35.66170809
7122.7201821032,34.9383794499987
7123.67504488552,33.78951103
7124.62990766785,36.9828607
7125.58477045018,39.1790706
7126.53963323251,40.32153789
7127.49449601484,40.3416247199991
7128.44935879716,39.54091075
7129.40422157949,35.1239881
7130.35908436182,32.15990733
7132.26880992648,33.99225125
7134.17853549113,36.6220606900025
7136.08826105579,38.80543078
7137.99798662045,41.26354315
7138.47541801162,41.47130325
7138.95284940278,37.79431719
7139.43028079394,37.9465285500015
7139.90771218511,39.27730973
7140.38514357627,36.67484285
7140.86257496744,36.03566495
7141.81743774976,35.68658653
7142.77230053209,31.6816839500027
7143.72716331442,34.03077178
7144.68202609675,39.83172125
7145.15945748791,40.80724774
7145.63688887908,37.97245255
7146.11432027024,35.2775489499966
7146.5917516614,32.29546149
7147.06918305257,35.76200133
7147.54661444373,39.2010046
7148.0240458349,41.74415844
7148.50147722606,40.8201108800012
7148.97890861723,41.85559631
7149.45634000839,37.72552007
7149.93377139955,36.70049396
7150.41120279072,36.58652156
7150.88863418188,39.8081285900044
7151.36606557305,43.70851192
7151.84349696421,45.60609367
7152.32092835538,39.64901752
7152.79835974654,37.65615474
7153.2757911377,36.9918821400017
7154.23065392003,38.47930237
7155.18551670236,38.90247115
7157.09524226702,39.6970887
7159.00496783167,40.50756331
7160.91469339633,40.3994676200004
7161.86955617866,40.72129775
7162.82441896098,40.33642019
7163.30185035215,39.8493408
7163.77928174331,40.83757011
7164.25671313448,42.0247179800019
7164.73414452564,43.65869241
7165.21157591681,38.1705481
7165.68900730797,33.43669762
7166.16643869914,36.45725844
7166.6438700903,40.3343865700003
7167.12130148147,40.61467165
7167.59873287263,40.29567417
7168.07616426379,41.26378881
7168.55359565496,39.51599577
7170.46332121961,40.3712137300038
7172.37304678427,43.72396418
7172.85047817543,45.03278574
7173.3279095666,39.65470823
7173.56662526218,38.64473781
7173.80534095776,44.1593160200016
7174.04405665334,45.56189527
7174.28277234893,44.52801499
7174.76020374009,43.03650638
7175.23763513126,38.81191161
7175.71506652242,35.9266678500018
7176.19249791358,37.47561891
7177.14736069591,40.36554117
7178.10222347824,39.78911635
7178.5796548694,39.66961633
7179.05708626057,38.1321170999982
7180.0119490429,36.53909286
7180.96681182523,37.7660459
7181.92167460755,37.35219542
7182.87653738988,35.72315491
7183.83140017221,36.9010980000033
7184.78626295454,39.76472759
7185.74112573687,41.78203195
7186.6959885192,45.91218451
7187.65085130153,41.31275691
7189.56057686619,39.5883174800048
7191.47030243084,43.7688339
7193.3800279955,42.44650342
7195.28975356015,37.40704959
7197.19947912481,35.72522664
7199.10920468947,37.6200703899998
7201.01893025412,37.46857872
7202.92865581878,36.69362506
7203.88351860111,37.4957994
7204.83838138344,41.77371945
7205.3158127746,44.2943083699952
7205.79324416577,40.03334257
7206.74810694809,35.24191569
7207.70296973042,36.39728613
7208.65783251275,38.91261705
7209.61269529508,39.0971841199984
7210.56755807741,37.68689598
7211.52242085973,42.33320674
7212.47728364206,45.00639754
7213.43214642439,45.16998896
7214.38700920672,45.0817225999988
7215.34187198905,44.03375271
7216.29673477138,41.40737601
7217.25159755371,41.55792263
7218.20646033603,42.67223441
7219.16132311836,44.2521353099978
7220.11618590069,42.32856149
7221.07104868302,44.11726759
7222.02591146535,43.85612739
7222.98077424768,41.3145279
7223.93563703001,37.292316849995
7224.89049981233,32.93730504
7225.84536259466,32.5732187
7226.80022537699,37.69421122
7227.75508815932,42.75933746
7228.70995094165,47.1646695199983
7229.66481372397,45.639628
7231.57453928863,40.68021692
7233.48426485329,37.37192276
7235.39399041794,36.01067095
7237.3037159826,36.8167196100022
7239.21344154726,38.78884092
7241.12316711191,39.42231922
7243.03289267657,39.81219456
7244.94261824123,39.7439642
7246.85234380588,36.504782999995
7248.76206937054,36.83088245
7249.71693215287,43.20674211
7250.6717949352,43.94424399
7251.62665771753,40.15993659
7252.58152049986,38.1861660499976
7253.53638328218,36.05418305
7254.49124606451,37.99538768
7255.44610884684,38.90802993
7256.40097162917,34.42037483
7257.3558344115,33.6490112800036
7257.83326580266,36.84631728
7258.31069719383,38.75652745
7258.78812858499,41.32095234
7259.26555997615,41.83157906
7260.22042275848,39.9295628999994
7261.17528554081,39.44240873
7262.13014832314,39.58272705
7263.08501110547,40.44048041
7264.0398738878,41.52252739
7264.99473667013,42.1082454099981
7265.94959945246,40.41378261
7266.42703084362,42.41108718
7266.90446223478,41.13593812
7267.38189362595,38.49257393
7267.85932501711,36.7218579999996
7268.33675640827,36.34954544
7268.81418779944,38.84053326
7269.2916191906,39.12414288
7269.76905058177,37.96063291
7270.24648197293,37.3372188099989
7270.72391336409,36.3897075
7271.20134475526,38.86330652
7271.67877614642,42.66702628
7272.63363892875,40.75188252
7273.58850171108,36.9658642399983
7274.54336449341,35.50147495
7275.49822727573,33.67304657
7276.45309005806,39.55970559
7277.40795284039,38.90026282
7278.36281562272,36.1767703599984
7279.31767840505,34.73343757
7281.22740396971,37.2630934
7283.13712953436,36.74920915
7286.95658066368,34.92729451
7290.77603179299,38.5593726000034
7294.59548292231,41.58683315
7298.41493405162,41.67512394
7302.23438518093,40.63449276
7306.05383631025,39.0678338
7309.87328743956,40.5141502700058
7313.69273856887,45.61397035
7317.51218969819,47.85406403
7321.3316408275,43.42198952
7325.15109195681,35.57432248
7328.97054308613,34.1593527100025
7332.78999421544,36.33548908
7336.60944534475,39.7088925
7340.42889647407,39.50239413
7344.24834760338,42.01231227
7351.88724986201,40.4433757999956
7355.70670099132,36.54070943
7357.61642655598,33.57232549
7359.52615212064,34.3364167
7361.43587768529,38.72374078
7363.34560324995,42.3354437100063
7365.25532881461,40.8192057
7367.16505437926,38.81974206
7369.07477994392,34.36491131
7370.98450550858,34.84516756
7374.80395663789,36.4430923999983
7378.62340776721,34.9666641
7380.53313333186,34.10728068
7382.44285889652,34.48386733
7386.26231002583,38.25775698
7390.08176115515,39.2129106499974
7393.90121228446,36.9180824
7397.72066341377,38.80342524
7401.54011454309,37.036747
7403.44984010774,31.04235703
7404.40470289007,28.3134256300035
7405.3595656724,31.41604162
7406.31442845473,33.13036701
7407.26929123705,37.88616868
7408.22415401939,38.99404036
7409.17901680171,36.0938887399986
7410.13387958404,34.89506055
7411.08874236637,37.35714788
7412.99846793103,40.63782903
7414.90819349568,44.22362258
7416.81791906034,39.3792527599956
7418.727644625,35.54351489
7420.63737018965,38.35362544
7422.54709575431,37.96084888
7424.45682131897,35.25891062
7428.27627244828,33.8102472100018
7432.09572357759,35.38614981
7435.91517470691,35.5950503
7439.73462583622,37.91561492
7443.55407696554,40.33810757
7445.46380253019,33.884345939998
7447.37352809485,32.13370515
7449.28325365951,33.74405946
7451.19297922416,32.76671063
7452.14784200649,33.56823258
7453.10270478881,37.7032369999964
7454.05756757114,34.55857492
7455.01243035348,31.58008464
7455.9672931358,36.18158006
7456.92215591813,39.92441405
7457.87701870046,38.9268492299978
7458.83188148279,37.00987897
7459.30931287395,39.21094929
7459.78674426512,37.09489691
7460.74160704745,37.96258298
7461.69646982978,36.7195441099982
7462.6513326121,35.11091049
7463.60619539443,34.5570065
7464.0836267856,35.55923604
7464.56105817676,39.84911187
7465.03848956792,41.9424353800035
7465.51592095909,41.28700589
7465.99335235025,39.8233802
7466.47078374142,39.56337056
7466.94821513258,38.72627847
7467.42564652374,34.2791434099998
7467.90307791491,34.14017702
7468.38050930607,37.87696658
7468.85794069724,38.78408319
7469.3353720884,40.52142314
7469.81280347957,39.6002720999959
7470.29023487073,36.03743767
7471.24509765306,34.13231904
7472.19996043539,33.89591957
7472.67739182655,35.16643335
7473.15482321771,33.6299612899989
7474.10968600004,32.6441836
7475.06454878237,33.25522597
7476.0194115647,31.80871521
7476.49684295587,30.39518571
7476.97427434703,35.5544949100052
7477.45170573819,40.15351216
7477.92913712936,39.21267087
7479.83886269402,37.91027461
7481.74858825867,38.78649122
7482.703451041,39.5269287900024
7483.65831382333,41.60633689
7484.13574521449,42.31686357
7484.61317660566,40.08507212
7485.56803938799,36.14601544
7486.04547077915,36.0543412599982
7486.52290217031,34.45793079
7487.00033356148,34.98079618
7487.95519634381,37.2486513
7488.91005912613,36.19171522
7489.3874905173,37.8178072400014
7489.86492190846,39.06434433
7490.34235329963,38.52451496
7490.81978469079,39.96036285
7491.05850038637,40.9181578
7491.29721608196,43.4554927200011
7491.77464747312,44.44777046
7492.25207886428,38.08346899
7492.72951025545,33.21393107
7493.20694164661,36.02086151
7494.16180442894,37.7045017999985
7495.11666721127,36.4130803
7496.0715299936,31.77070396
7497.02639277592,30.75085822
7497.98125555825,33.86016771
7498.93611834058,37.9905085899985
7499.89098112291,36.69276419
7500.84584390524,34.66778955
7501.80070668757,36.05986603
7502.7555694699,38.20977405
7503.71043225222,36.1683048900007
7504.66529503455,36.75454012
7505.62015781688,38.94135098
7506.57502059921,40.49724959
7507.52988338154,42.03958109
7508.48474616387,38.6162369099976
7512.30419729318,36.49127429
7516.12364842249,35.42872408
7519.94309955181,35.39880593
7523.76255068112,37.05273087
7527.58200181043,39.7437231800009
7531.40145293975,40.5260661
7535.22090406906,39.69556602
7539.04035519837,37.1664261
7542.85980632769,36.44109946
7546.679257457,36.4497446500017
7550.49870858632,37.91552127
7554.31815971563,39.37667408
7558.13761084494,38.31355725
7561.95706197426,34.97557498
7565.77651310357,31.3538128699996
7566.7313758859,31.0386488
7567.68623866823,35.48254689
7568.64110145055,36.42558251
7569.59596423288,35.91798953
7571.50568979754,32.835473350001
7575.32514092685,33.73552622
7581.05431762082,36.82191401
7584.87376875014,36.64726002
7588.69321987945,37.5999033
7592.51267100876,38.8034416099982
7596.33212213808,37.23354423
7600.15157326739,35.79349628
7603.97102439671,36.15394893
7607.79047552602,35.47683383
7611.60992665533,32.8370828099985
7615.42937778465,31.55113499
7619.24882891396,34.80427599
7623.06828004327,37.8229946
7626.88773117259,37.56844888
7630.7071823019,35.0313200000003
7632.61690786656,35.33204829
7634.52663343121,38.2007302
7636.43635899587,39.51273146
7638.34608456053,42.59379577
7640.25581012519,41.0797972400014
7642.16553568984,42.3422894
7644.0752612545,43.60951986
7645.98498681916,45.38640974
7646.93984960148,45.81665229
7647.89471238381,43.0658616499948
7648.84957516614,38.46367425
7649.80443794847,37.14287867
7651.71416351312,35.09086185
7653.62388907778,37.03544926
7657.4433402071,35.5837522200005
7661.26279133641,36.00035012
7665.08224246572,38.92631245
7668.90169359504,39.26423504
7672.72114472435,38.38653456
7676.54059585366,39.4390593700002
7680.36004698298,39.64894079
7684.17949811229,36.71568329
7687.9989492416,34.66718313
7691.81840037092,32.44770854
7695.63785150023,36.5976938100042
7699.45730262954,40.26863492
7703.27675375886,39.83388737
7707.09620488817,39.88811351
7709.00593045283,37.66340691
7710.91565601749,38.2926140999989
7712.82538158214,37.35359511
7714.7351071468,33.97508796
7718.55455827611,31.77598902
7722.37400940543,32.31343411
7726.19346053474,32.908200500004
7730.01291166405,36.45171793
7733.83236279337,37.09815572
7737.65181392268,34.14140752
7745.29071618131,30.91679678
7747.20044174596,33.4626920100056
7749.11016731062,38.37751927
7751.01989287528,40.53475999
7752.92961843994,38.98056319
7754.83934400459,39.59695572
7756.74906956925,36.7849450299955
7758.65879513391,32.84090138
7760.56852069856,36.63906264
7762.47824626322,38.5320638
7764.38797182787,35.69605617
7766.29769739253,35.2893505200065
7768.20742295719,40.99172654
7770.11714852185,42.76314116
7772.0268740865,41.93410662
7773.93659965116,39.50787949
7775.84632521582,35.2109213100007
7777.75605078047,35.81408988
7779.66577634513,36.70001848
7781.57550190979,37.1729335
7783.48522747444,39.50811844
7785.3949530391,40.253699769997
7787.30467860376,37.64443479
7789.21440416842,40.86772392
7791.12412973307,43.35993536
7793.03385529773,43.60821264
7794.94358086238,38.126132179997
7796.85330642704,35.47300163
7798.7630319917,36.72350555
7800.67275755636,37.50759544
7802.58248312101,38.87833743
7804.49220868567,37.22063904
7806.40193425033,37.18694171
7808.31165981498,39.69605713
7810.22138537964,39.319535
7812.13111094429,35.95561538
7814.04083650895,35.4439337200011
7815.95056207361,36.45860503
7817.86028763827,38.00337626
7821.67973876758,39.62270382
7825.49918989689,36.87703961
7829.31864102621,35.8365276600009
7833.13809215552,36.6536151
7836.95754328483,37.49907358
7840.77699441415,35.58592364
7844.59644554346,36.9434235
7848.41589667278,41.344167679999
7852.23534780209,40.4867589
7856.0547989314,37.75015398
7859.87425006071,39.83625831
7863.69370119003,41.72045946
7867.51315231934,38.5016250799974
7871.33260344866,36.23677789
7875.15205457797,35.50265073
7877.06178014263,39.12000578
7878.97150570728,38.20170179
7880.88123127194,36.60153074
7882.7909568366,36.5820854800044
7884.70068240126,40.46278081
7886.61040796591,41.24583627
7890.42985909522,39.35551767
7894.24931022454,39.1988432800045
7898.06876135385,43.1315029799971
7901.88821248317,40.56354992
7905.70766361248,37.78983865
7909.52711474179,36.66973228
7913.34656587111,35.7817055599943
7917.16601700042,36.8022022200027
7919.07574256508,39.18846697
7920.98546812973,38.68778293
7922.89519369439,37.06173604
7923.85005647672,39.4954509800024
7924.80491925905,41.6242352400013
7925.75978204138,42.75418555
7926.71464482371,42.99523976
7927.66950760603,39.80473621
7928.62437038836,38.9038940300016
7929.57923317069,40.3177530299973
7930.53409595302,37.93908479
7932.44382151767,34.80648491
7933.3986843,36.49055514
7934.35354708233,34.8595159300011
7935.30840986466,35.8360153100018
7936.26327264699,37.43478486
7937.21813542932,38.29205174
7938.17299821164,38.63565337
7940.0827237763,39.4809066499991
7941.99244934096,38.7217360799991
7943.90217490562,37.93265887
7945.81190047027,36.30543508
7947.72162603493,33.19430309
7949.63135159958,34.9326233100056
7951.54107716424,39.8221360300041
7953.4508027289,43.40365932
7955.36052829356,44.41049254
7959.17997942287,39.94218559
7962.99943055218,38.111718870002
7966.8188816815,39.8931388199976
7970.63833281081,37.75798522
7974.45778394012,35.81376324
7978.27723506944,37.18242544
7980.18696063409,38.5519043399979
7982.09668619875,36.7345090200021
7985.91613732806,38.58367813
7987.82586289272,35.7682092
7989.73558845738,34.46342538
7993.55503958669,36.5636611999987
7995.46476515135,35.3960763699983
7997.37449071601,33.91954545
7999.28421628066,35.90238492
8001.19394184532,37.21431993
8003.10366740997,35.4573593200009
8005.01339297463,36.2362568100045
8006.92311853929,40.23570815
8008.83284410395,41.57518673
8010.7425696686,41.96630323
8012.65229523326,37.2574420299975
8014.56202079792,35.0778226400005
8016.47174636257,35.52455133
8020.29119749189,36.84290634
8024.1106486212,37.40153698
8027.93009975051,35.7909562400008
8029.83982531517,36.4845465800057
8031.74955087983,41.49572676
8033.65927644448,44.59776995
8035.56900200914,41.20738406
8037.4787275738,38.6233446599965
8039.38845313846,35.5376506499981
8041.29817870311,33.89960789
8043.20790426777,34.92883255
8045.11762983242,37.31402052
8047.02735539708,38.1926213200008
8048.93708096174,38.8847592299973
8050.8468065264,36.52549661
8052.75653209105,34.80124306
8054.66625765571,35.19838343
8056.57598322036,36.1126367999994
8058.48570878502,35.5444905700004
8060.39543434968,35.9298247
8062.30515991433,38.61368506
8064.21488547899,40.73290643
8066.12461104365,39.9171286900004
8068.03433660831,40.2480469600004
8069.94406217296,40.61443271
8071.85378773762,36.52385609
8073.76351330228,33.89639729
8075.67323886693,36.2814475700017
8077.58296443159,37.7702684900003
8079.49268999625,38.07089751
8081.4024155609,41.1379748
8083.31214112556,39.29173043
8085.22186669022,36.0393728200017
8087.13159225488,37.5071673800026
8089.04131781953,39.75781996
8090.95104338419,36.87143865
8092.86076894884,36.72394086
8094.7704945135,38.5257250000026
8096.68022007816,40.7891905199963
8098.58994564281,37.51514276
8100.49967120747,31.99671477
8102.40939677213,31.03565456
8104.31912233678,33.6267204400046
8106.22884790145,37.6640092500013
8108.1385734661,38.82588202
8110.04829903076,36.70216419
8111.95802459541,33.84083251
8113.86775016007,36.8057082100068
8115.77747572473,42.8091459400039
8117.68720128938,43.06290459
8119.59692685404,37.88928436
8120.55178963637,32.86039461
8121.5066524187,32.226185150003
8122.46151520103,34.8785383600054
8123.41637798335,39.63034798
8124.37124076568,38.39658514
8125.32610354801,35.61366941
8126.28096633034,35.0813493900043
8127.23582911267,38.859713629999
8128.190691895,38.01696819
8129.14555467732,38.40739171
8131.05528024198,39.82108988
8132.96500580663,38.1536025199994
8134.87473137129,37.6417488499988
8136.78445693595,36.61010164
8137.73931971828,37.02684959
8138.69418250061,37.23324208
8139.64904528294,37.0226170900034
8140.60390806526,40.0153300299985
8141.55877084759,38.66179219
8142.51363362992,39.15300676
8144.42335919458,41.71976921
8146.33308475924,39.9017449199984
8148.24281032389,38.5195956299981
8150.15253588855,36.88932457
8151.10739867088,35.40207372
8152.0622614532,36.08097673
8153.97198701786,39.0702173900046
8155.88171258252,43.145340479999
8156.83657536485,42.23620764
8157.79143814717,35.12265613
8159.70116371183,30.03651416
8161.61088927649,33.4528480100044
8165.4303404058,37.3060016099985
8169.24979153512,35.97789654
8173.06924266443,34.36091173
8176.88869379374,38.40031492
8180.70814492306,40.6775139499991
8184.52759605237,39.8869378900016
8188.34704718168,41.31803946
8192.166498311,43.33018917
8195.98594944031,40.63302402
8203.62485169894,39.2278280400028
8207.44430282825,41.6806707799965
8209.35402839291,38.58747818
8211.26375395757,39.21633887
8212.21861673989,40.18476783
8213.17347952222,40.7764616199993
8214.12834230455,40.1858341899986
8215.08320508688,38.93309338
8216.03806786921,37.02969932
8216.99293065154,39.27964304
8217.94779343386,44.2435895399965
8218.42522482503,41.1286067399958
8218.90265621619,37.4513164
8219.38008760736,35.89168871
8219.85751899852,35.84527244
8220.33495038969,35.8418545500023
8220.81238178085,37.833801630003
8221.76724456318,40.48370243
8222.72210734551,41.68126537
8224.63183291016,43.4926152
8226.54155847482,43.3324197600013
8228.45128403947,44.5133979699978
8230.36100960413,42.56466217
8232.27073516879,40.03628676
8234.18046073345,38.84126513
8236.0901862981,40.8033974499985
8237.99991186276,39.5028488999984
8239.90963742742,38.13278462
8241.81936299208,41.27818598
8243.72908855673,42.32523524
8245.63881412139,42.3016710999972
8247.54853968604,39.8772859899985
8249.4582652507,38.58959146
8251.36799081536,39.03074298
8253.27771638001,37.81229999
8255.18744194467,35.2785066300025
8257.09716750933,37.4894511900056
8259.00689307398,42.43629884
8260.91661863864,43.20442678
8262.8263442033,44.34010901
8264.73606976796,43.2649742099948
8266.64579533261,38.6740269599995
8268.55552089727,38.26289456
8270.46524646192,41.10047328
8272.37497202658,40.9846458
8274.28469759124,40.7934221499996
8276.1944231559,40.4846260799996
8278.10414872055,40.13777357
8280.01387428521,39.51325612
8281.92359984987,38.88754146
8283.83332541452,40.7649323400012
8285.74305097918,41.7887976699979
8287.65277654384,39.9195808
8289.56250210849,39.70685642
8291.47222767315,40.952211
8293.38195323781,44.559682489999
8295.29167880246,43.683416279994
8297.20140436712,38.42796998
8299.11112993178,36.21932367
8301.02085549644,41.85881456
8302.93058106109,39.1538354399965
8303.88544384342,36.0896048400012
8304.84030662575,37.12233432
8305.79516940808,38.64068484
8306.75003219041,42.49914785
8308.65975775506,46.2860758499946
8309.61462053739,41.5608663799889
8310.56948331972,31.82111698
8311.52434610205,33.45714407
8312.47920888438,35.93396351
8313.4340716667,40.7055769700016
8314.38893444903,42.120640669998
8314.8663658402,40.40119709
8315.34379723136,38.25346771
8315.82122862252,37.02279794
8316.29866001369,36.3937486499996
8316.77609140486,36.0033908999985
8317.25352279602,34.66693351
8317.73095418718,32.95519289
8318.20838557835,35.70634557
8319.16324836067,38.8165782699967
8320.118111143,35.9151997899975
8321.07297392533,33.68564714
8321.5504053165,31.21237888
8322.02783670766,34.40045398
8322.26655240324,39.4750064600087
8322.50526809882,41.060881449998
8322.98269948999,39.35054054
8323.46013088115,35.42424027
8323.93756227232,33.07181413
8324.41499366348,32.5737983800035
8324.89242505464,35.6318302299997
8325.36985644581,35.37932786
8325.84728783697,34.31849269
8326.8021506193,35.08968919
8327.75701340163,38.9386480800028
8328.23444479279,41.4126453799981
8328.71187618396,39.75335614
8329.18930757512,38.48534448
8329.66673896629,41.73454874
8330.62160174861,42.3010014499969
8331.57646453094,39.6010848699998
8332.53132731327,39.38671055
8333.4861900956,35.26235517
8334.44105287793,35.15854296
8335.39591566026,34.8047518500046
8336.35077844259,38.8668199400017
8336.82820983375,40.34241435
8337.30564122492,38.22486662
8337.78307261608,35.68055062
8338.26050400724,37.4314998200011
8338.73793539841,38.4098868399986
8339.21536678957,37.15288103
8339.69279818073,35.16175977
8340.1702295719,31.50118919
8340.64766096306,32.5135521900018
8341.12509235423,34.0582536600011
8342.07995513656,35.06378004
8343.03481791888,34.67491235
8343.98968070121,37.41850642
8344.94454348354,38.1091511899983
8346.8542690482,36.5715630500041
8348.76399461285,40.184406
8350.67372017751,43.00412457
8352.58344574217,43.8808391
8354.49317130683,44.4175899299992
8356.40289687148,43.7501934999983
8358.31262243614,42.23008068
8360.2223480008,42.6197831
8362.13207356545,40.06256581
8364.04179913011,39.553410500001
8365.95152469476,40.4806152200027
8367.86125025942,42.86222166
8369.77097582407,41.57960332
8371.68070138874,38.73268093
8373.5904269534,39.6065811499992
8375.50015251805,38.9411881399962
8377.40987808271,35.60234553
8379.31960364736,37.3188551
8381.22932921202,41.19307798
8383.13905477668,40.675513619996
8385.04878034133,37.1867677600049
8386.95850590599,41.46304029
8388.86823147064,45.4505182
8390.77795703531,44.72633355
8392.68768259996,39.6104992199963
8394.59740816462,36.3409321100027
8396.50713372928,38.76197185
8398.41685929393,43.1606506
8400.32658485859,40.68856794
8402.23631042325,33.7074269999895
8404.1460359879,34.0544049600034
8406.05576155256,37.00599302
8407.01062433489,35.40551399
8407.96548711722,35.38856311
8408.92034989954,38.9935739900025
8409.87521268187,41.1533567999972
8410.8300754642,38.67205107
8411.78493824653,37.09622457
8412.73980102886,43.25574279
8413.69466381119,48.6175997200064
8414.64952659351,48.4574282499908
8415.60438937584,40.36217274
8416.55925215817,33.81072325
8417.5141149405,36.20229023
8418.46897772283,40.5455130900007
8419.42384050516,41.1950803900019
8420.37870328749,42.90915419
8421.33356606981,41.12200231
8422.28842885214,38.02203551
8423.24329163447,38.9505332099991
8424.1981544168,38.1406750799983
8425.15301719913,36.66647633
8425.63044859029,41.65975853
8426.10787998145,42.60905871
8426.58531137262,39.81257618
8427.06274276378,39.8112012400016
8427.54017415495,41.25042798
8428.01760554611,41.28129928
8428.49503693727,39.1128576
8428.97246832844,37.8536417000018
8429.4498997196,39.4046407700038
8429.92733111077,42.77603965
8430.40476250193,37.37298706
8430.8821938931,31.708132
8431.35962528426,32.5973520700037
8431.83705667543,35.8741348600028
8432.31448806659,38.31343031
8432.79191945776,40.96785699
8433.26935084892,37.14697044
8433.74678224008,34.7804157600031
8433.98549793566,37.4909170299996
8434.22421363125,37.16108634
8434.46292932683,38.41174076
8434.70164502241,37.33393572
8434.94036071799,39.865853010005
8435.17907641357,44.2530939300035
8435.41779210916,47.36881378
8435.65650780474,40.89790623
8435.89522350032,38.03365724
8436.1339391959,37.749402560003
8436.37265489149,40.3995695099978
8436.61137058707,38.43177792
8437.08880197823,38.51443905
8437.56623336939,35.47843052
8438.04366476056,35.8015666100026
8438.52109615172,38.121073040004
8438.99852754289,41.61027029
8439.47595893405,44.88068881
8439.95339032522,44.76913375
8440.43082171638,43.686315129999
8440.90825310754,42.8009209199972
8441.38568449871,40.31056596
8441.86311588987,38.381111
8442.34054728104,36.19754573
8444.25027284569,39.284610250004
8446.15999841035,42.8022282599982
8448.06972397501,41.21562748
8451.88917510432,39.63344052
8452.84403788665,41.1097066
8453.79890066898,43.9468176399952
8454.75376345131,39.7262153699955
8455.70862623363,35.74427053
8457.61835179829,37.03659149
8459.52807736295,39.03960331
8460.48294014528,40.0095774600003
8460.96037153644,40.3036799999965
8461.4378029276,37.19934733
8461.91523431877,35.7408993
8462.39266570993,38.91914571
8462.8700971011,39.8404041099956
8463.34752849226,36.0083934299998
8464.30239127459,35.79944463
8465.25725405692,37.91985422
8466.21211683925,38.93696327
8467.16697962158,37.8186602699999
8468.1218424039,37.7632834800041
8469.07670518623,41.40669563
8470.03156796856,45.75954434
8470.98643075089,45.32288223
8471.46386214205,39.1194890199967
8471.94129353322,36.2265333500026
8472.89615631555,38.55412098
8473.85101909787,37.3672237
8474.8058818802,33.97277798
8476.71560744486,35.6003320200039
8478.62533300952,39.0157610600008
8480.53505857417,39.74178326
8482.44478413883,44.1405588
8486.26423526814,44.15742687
8490.08368639746,43.537451649994
8493.90313752677,38.2745323099951
8497.72258865608,33.99607655
8501.5420397854,36.42927968
8505.36149091471,39.37451636
8509.18094204403,40.1028722200001
8513.00039317334,40.2195078300017
8516.81984430265,41.7485261
8520.63929543197,41.47289994
8524.45874656128,39.87369371
8528.27819769059,42.3111931099993
8532.09764881991,41.6670009000002
8535.91709994922,41.87581247
8539.73655107853,42.24959644
8543.55600220785,39.97056156
8547.37545333716,36.9366751899981
8551.19490446647,35.2676276200007
8555.01435559579,35.86181085
8556.92408116044,35.56029092
8558.8338067251,38.09840152
8560.74353228976,40.015011879997
8562.65325785442,37.3854136199965
8564.56298341907,34.30733315
8566.47270898373,37.04912948
8568.38243454839,39.68783243
8570.29216011304,39.5302367099975
8572.2018856777,37.3690266599996
8574.11161124236,37.02195542
8576.02133680701,33.51765578
8577.93106237167,34.34867007
8578.885925154,37.9625800600024
8579.84078793633,40.0609681199969
8581.75051350098,37.29669585
8583.66023906564,38.29323445
8585.5699646303,42.55038618
8587.47969019496,43.9562159199996
8589.38941575961,43.5642530999973
8591.29914132427,41.20104034
8593.20886688892,40.17721545
8595.11859245358,36.58592449
8597.02831801824,33.8374328300013
8598.93804358289,34.9574390200029
8600.84776914755,37.54729719
8602.75749471221,39.6963455
8604.66722027687,40.33449346
8606.57694584152,36.9997831999987
8608.48667140618,35.8710306900022
8612.30612253549,37.79589248
8616.12557366481,39.45207535
8619.94502479412,38.83960833
8620.89988757645,35.8400613499992
8621.85475035878,35.1513213800056
8622.8096131411,40.10064355
8623.76447592343,43.93395038
8625.67420148809,44.84869943
8627.58392705275,42.5103461899976
8628.53878983507,40.43606491
8629.4936526174,40.47154758
8630.44851539973,37.4407909
8631.40337818206,38.17490055
8632.35824096439,39.8644942800016
8633.31310374672,41.2743231500004
8634.26796652905,41.60429348
8635.22282931137,38.84518039
8637.13255487603,40.57456828
8639.04228044069,41.8193141800055
8640.95200600534,40.8857436499985
8642.86173157,39.53205568
8644.77145713466,41.23554517
8646.68118269931,44.63969158
8648.59090826397,42.666047969998
8650.50063382863,40.882136279999
8654.32008495794,39.9965935
8658.13953608726,38.5445966
8661.95898721657,42.5286135
8665.77843834588,44.0028326999986
8669.5978894752,42.8138746399966
8673.41734060451,39.85971345
8677.23679173382,41.19105017
8679.14651729848,42.19000857
8681.05624286314,39.2486532599995
8682.96596842779,38.8032304600021
8684.87569399245,40.61495064
8685.83055677478,37.2792631
8686.78541955711,38.52725312
8688.69514512176,41.1123171599987
8690.60487068642,40.0073475499968
8692.51459625108,37.15580911
8694.42432181573,37.19114909
8696.33404738039,38.96770372
8697.28891016272,40.3858576400012
8698.24377294505,41.4888165400004
8699.19863572737,41.84483585
8700.15349850971,42.40955431
8701.10836129203,40.78889648
8702.06322407436,43.7150971200011
8703.01808685669,44.6932871399955
8703.97294963902,40.73564259
8704.92781242135,38.15653374
8705.88267520367,41.3167198
8706.837537986,40.4791150000024
8707.79240076833,42.5525897200009
8708.74726355066,43.38311372
8709.70212633299,42.46162594
8710.65698911532,38.90270946
8711.61185189764,34.9862972499956
8712.56671467997,31.1484789700063
8713.5215774623,36.72820924
8714.47644024463,41.19240393
8715.43130302696,36.24545501
8717.34102859162,34.9093246500045
8719.25075415627,38.9062825200029
8720.2056169386,41.44255045
8721.16047972093,42.67532217
8723.07020528558,40.9359078
8724.97993085024,38.7284001499982
8726.8896564149,37.1386176499992
8728.79938197956,36.44050707
8730.70910754421,37.45267097
8732.61883310887,35.38531897
8734.52855867353,33.3746496200017
8736.43828423818,34.837867810005
8738.34800980284,39.19891494
8740.2577353675,45.10869596
8742.16746093215,47.82630808
8744.07718649681,45.8555528699922
8745.98691206147,38.9884742199979
8747.89663762612,37.13939856
8749.80636319078,37.84250967
8751.71608875544,36.80759286
8753.62581432009,37.3135390300046
8755.53553988475,41.3708853699993
8759.35499101407,40.75094179
8763.17444214338,39.74490683
8766.99389327269,39.11783438
8770.81334440201,36.8084790400027
8774.63279553132,39.1478932400002
8778.45224666063,39.36096772
8782.27169778995,38.9052085
8786.09114891926,39.28914168
8788.00087448391,39.4171865300017
8789.91060004857,40.8788988399962
8790.8654628309,37.51766228
8791.82032561323,35.26593629
8792.77518839556,37.07280645
8793.73005117789,40.5362849599977
8795.63977674254,38.4773160200021
8797.5495023072,40.32101713
8798.50436508953,42.37893146
8799.45922787186,43.59551351
8800.41409065418,40.2045559299976
8801.36895343651,38.126299839998
8802.32381621884,36.3970858
8803.27867900117,36.33792251
8805.18840456583,41.15654066
8807.09813013048,45.2323072299949
8808.05299291282,40.7008816599944
8809.00785569514,35.78295975
8809.96271847747,38.13850364
8810.9175812598,39.63079112
8812.82730682446,39.9825154500002
8814.73703238911,40.2026319899998
8816.64675795377,40.05438359
8818.55648351843,36.27484659
8822.37593464774,37.72943298
8826.19538577705,41.1908552400369
8830.01483690637,40.5920158299996
8833.83428803568,40.25316246
8834.78915081801,37.44609669
8835.74401360034,37.37304528
8836.69887638266,40.345980300001
8837.65373916499,41.2051608899993
8838.60860194732,40.58503789
8839.56346472965,38.43454855
8840.51832751197,35.73645957
8841.47319029431,35.7243867700019
8843.38291585896,37.3677275999992
8845.29264142362,36.69468725
8847.20236698828,39.57530508
8849.11209255293,42.51688934
8851.02181811759,40.4650123600016
8852.93154368225,41.8974691000021
8854.84126924691,43.78079001
8856.75099481156,45.15131924
8858.66072037622,40.61462058
8860.57044594088,36.699121100004
8861.5253087232,40.2447528400029
8862.48017150553,42.82927081
8863.43503428786,42.98275333
8864.38989707019,41.52583192
8865.34475985252,40.8563216800012
8865.82219124368,41.9525617800049
8866.29962263484,46.30398334
8866.77705402601,46.19947064
8867.01576972159,44.77337627
8867.25448541717,42.0547196499932
8867.49320111275,36.0282305699991
8867.73191680834,35.24710348
8867.97063250392,38.30611218
8868.2093481995,39.50148578
8868.44806389508,36.9592762399976
8868.68677959067,34.8389096299974
8868.92549528625,32.50692213
8869.16421098183,33.93826444
8869.40292667741,37.74030394
8869.641642373,36.7866028199964
8869.88035806858,33.6075183300033
8870.11907376416,36.48974694
8870.59650515532,41.36465155
8871.07393654649,41.83273435
8872.02879932882,40.4355150599974
8873.93852489347,38.1643722699969
8875.84825045813,35.47177166
8879.66770158745,37.21562666
8883.48715271676,40.80689751
8887.30660384607,40.7552225700032
8889.21632941073,43.6072844300043
8891.12605497538,47.34882134
8894.9455061047,51.1833091
8898.76495723401,49.358941
8902.58440836332,41.7397555599963
8906.40385949264,38.5301204800007
8908.3135850573,39.12950727
8910.22331062195,41.82857133
8912.13303618661,39.86296889
8914.04276175127,38.1452723699985
8915.95248731592,36.8074299300021
8917.86221288058,38.63029617
8919.77193844524,38.00685467
8921.68166400989,38.86353076
8923.59138957455,36.6575169699984
8925.50111513921,35.216893419998
8927.41084070387,33.45460339
8929.32056626852,37.42776958
8930.27542905085,41.02697946
8931.23029183318,37.55143703
8932.1851546155,37.5329325700019
8933.14001739783,39.2448217
8934.09488018016,40.76268551
8935.04974296249,44.23930845
8936.00460574482,43.0860297399968
8936.95946852715,40.3078844699995
8937.91433130948,39.83721575
8938.8691940918,39.62953951
8939.82405687413,41.30605744
8940.77891965646,39.633119649998
8942.68864522112,37.8694285300012
8944.59837078577,38.9590306
8946.50809635043,36.86791598
8947.46295913276,34.90916167
8948.41782191509,35.4663786100043
8949.37268469742,39.2658473500025
8950.32754747974,41.50146852
8951.28241026207,38.10198753
8952.2372730444,39.80697495
8954.14699860906,40.5257874699984
8956.05672417372,39.0824851499996
8957.96644973837,38.75617325
8959.87617530303,38.94094573
8961.78590086768,39.57904339
8963.69562643234,40.4845197599969
8967.51507756166,37.7596312699976
8971.33452869097,35.63315234
8975.15397982028,34.18514991
8978.97343094959,35.67431651
8982.79288207891,36.4231407000025
8986.61233320822,38.6203779500012
8990.43178433753,39.63887789
8994.25123546685,41.64011103
8998.07068659616,39.32664417
9001.89013772548,38.7263845500004
9003.79986329014,39.1107047600035
9005.70958885479,42.23070963
9007.61931441944,41.68488937
9009.5290399841,40.20698278
9011.43876554876,39.6467703400025
9013.34849111342,41.8722651100058
9015.25821667807,46.9625461
9017.16794224273,45.94954629
9019.07766780739,40.71448134
9020.98739337204,38.3737684699987
9021.94225615437,37.1841622800017
9022.8971189367,38.713047
9023.85198171903,41.57548388
9024.80684450136,40.34601178
9025.76170728369,39.4098456200027
9026.71657006602,41.7495935199993
9027.67143284834,41.16433392
9028.62629563067,39.50797473
9029.581158413,41.10708078
9030.53602119533,41.5674293199979
9032.44574675999,39.7018035500047
9034.35547232464,43.80862333
9036.2651978893,45.31699721
9038.17492345396,45.20112525
9040.08464901862,42.099198279997
9043.90410014793,39.453567449999
9047.72355127723,38.6019138
9051.54300240655,35.81865512
9055.36245353586,36.92721464
9059.18190466518,35.5764214200032
9063.0013557945,38.4187877400021
9066.82080692381,40.30379681
9070.64025805312,38.38887977
9074.45970918243,37.87406766
9078.27916031175,39.4596275800078
9082.09861144106,46.3514785400002
9085.91806257037,46.53764515
9089.73751369969,45.72075727
9093.556964829,42.72035728
9097.37641595832,40.4205317199984
9101.19586708764,38.9680564699963
9105.01531821694,35.72998858
9108.83476934626,36.23359712
9112.65422047557,38.43671113
9116.47367160489,42.1491694999984
9120.2931227342,40.7171141999988
9124.11257386351,39.70468166
9127.93202499283,39.29603648
9131.75147612214,38.18769627
9135.57092725145,39.0203117800039
9139.39037838077,42.4659032500004
9143.20982951008,42.81927948
9147.02928063939,40.00913581
9150.84873176871,41.3893784
9154.66818289803,43.488335700003
9158.48763402733,46.0873199200054
9162.30708515664,50.82675453
9166.12653628596,49.26282715
9169.94598741527,43.55069962
9173.76543854459,39.4675568199999
9175.67516410925,39.3437181799994
9177.5848896739,38.82863683
9178.53975245623,41.96231578
9179.49461523856,40.49365904
9180.44947802089,39.141394290002
9181.40434080322,40.8738507200003
9182.35920358554,41.17480425
9183.31406636787,41.03058743
9184.2689291502,37.88222814
9185.22379193253,40.5218485900056
9186.17865471486,45.4198835099982
9187.13351749719,43.83418624
9188.08838027951,38.38274784
9189.04324306184,36.89882713
9189.52067445301,40.1601279200012
9189.99810584417,41.177118650001
9190.47553723533,42.08077631
9190.9529686265,45.09402243
9191.43040001766,43.46010362
9191.90783140883,34.9819490699997
9192.38526279999,34.6936560000023
9192.86269419116,36.69070085
9193.34012558232,36.00963176
9193.81755697348,35.65326188
9194.29498836465,37.9673281200007
9194.77241975581,38.5890799499989
9195.24985114698,37.60730986
9195.72728253814,34.57504071
9196.20471392931,35.70699291
9196.68214532047,41.7327977599981
9197.15957671163,40.0844169899966
9197.6370081028,37.09091129
9198.11443949396,39.05322049
9198.59187088513,40.7967696
9199.06930227629,40.2718136899965
9199.54673366746,37.1504184500015
9200.02416505862,38.49567523
9200.50159644978,41.06400178
9200.97902784095,40.57332907
9201.45645923211,41.3007127400017
9201.93389062327,42.8222191699967
9202.41132201444,39.88932249
9202.8887534056,36.51560404
9203.36618479677,37.70822689
9203.84361618793,39.9676095899985
9204.3210475791,38.6466466899976
9204.79847897026,36.55886327
9205.27591036142,39.39752142
9205.75334175259,43.51339399
9206.23077314375,41.470665819996
9206.70820453492,37.9109477999957
9207.18563592608,34.09865581
9207.66306731725,37.34118189
9208.14049870841,41.57246744
9208.61793009957,43.0995136299985
9209.09536149074,41.817903349998
9209.5727928819,40.0375865
9210.05022427307,37.32891806
9210.52765566423,36.15384685
9211.0050870554,33.9425309499996
9211.48251844656,33.6129831799987
9211.95994983772,32.49981751
9212.91481262005,34.48566827
9213.86967540238,37.85394259
9214.82453818471,41.1442356600012
9215.77940096704,42.2396074800006
9216.2568323582,42.74092181
9216.73426374937,44.04902437
9217.21169514053,42.02539314
9217.68912653169,39.3119274700008
9218.64398931402,39.9790595299974
9219.59885209635,37.64712268
9220.55371487868,37.8440507
9221.50857766101,39.95757503
9222.46344044333,41.5690615400004
9223.41830322567,41.9224725400007
9224.37316600799,42.49703798
9225.32802879032,41.75991472
9226.28289157265,39.95869425
9227.23775435498,39.6816372799993
9229.14747991963,39.0452139600012
9231.05720548429,40.13107331
9232.96693104895,37.67900401
9234.87665661361,34.13005517
9236.78638217826,33.9964804800007
9238.69610774292,34.6056974900036
9240.60583330758,37.79680739
9242.51555887223,42.34907562
9246.33501000155,44.48623394
9253.97391226017,44.073632939996
9257.79336338949,40.5140768799997
9261.6128145188,40.23895019
9269.25171677743,44.9210119
9276.89061903605,47.82297896
9284.52952129468,44.8970867099951
9292.16842355331,40.5924723399983
9299.80732581194,39.08807321
9307.44622807056,39.68493278
9315.08513032919,41.3176662
9318.9045814585,42.1919968999971
9322.72403258782,39.668395729997
9326.54348371713,36.99455325
9330.36293484645,38.84862198
9334.18238597576,37.51156282
9338.00183710507,38.314890670004
9341.82128823438,41.8630324000005
9345.6407393637,42.30847972
9349.46019049302,41.03715569
9353.27964162233,38.50046622
9355.18936718698,39.089675090001
9357.09909275164,39.9768221199958
9359.0088183163,36.26026057
9360.91854388095,35.96191329
9364.73799501027,36.60718717
9368.55744613958,39.6967409900015
9372.37689726889,40.9771480499978
9374.28662283355,39.01785152
9376.19634839821,38.16475587
9378.10607396286,37.13243614
9380.01579952752,34.7008442799975
9381.92552509218,32.4713311300043
9383.83525065684,36.25201626
9384.79011343916,44.64718454
9385.74497622149,48.70698776
9386.69983900382,47.3306625699963
9387.65470178615,44.1000850000004
9388.60956456848,44.41780019
9389.56442735081,43.02439214
9390.51929013313,40.44274216
9391.47415291546,39.5047528299991
9392.42901569779,38.6952321399996
9393.38387848012,38.32489576
9394.33874126245,34.12370811
9395.29360404478,33.44916858
9397.20332960943,33.7826904700039
9399.11305517409,37.2035487400042
9400.06791795642,40.85315012
9401.02278073875,40.91108953
9401.97764352108,37.69970405
9402.9325063034,35.2359285300046
9403.88736908573,39.2810406100037
9404.84223186806,42.54951198
9405.79709465039,41.28294299
9406.75195743272,39.41517808
9407.70682021505,36.2340291100003
9408.66168299738,36.4764628500037
9409.6165457797,39.73175618
9410.57140856203,40.93343721
9411.52627134436,41.20727243
9412.48113412669,40.4697940799999
9413.43599690901,40.3843850399977
9414.39085969134,38.32297755
9415.34572247367,39.09829189
9416.300585256,38.98497098
9417.25544803833,35.9438274000007
9418.21031082066,36.5568487000018
9419.16517360298,38.16419758
9420.12003638531,38.92347083
9421.07489916764,37.4776756
9422.02976194997,39.3780536100044
9422.9846247323,43.2015933199995
9423.93948751463,42.77627422
9424.89435029696,39.93868069
9425.84921307929,39.70018007
9427.75893864394,39.7050434299991
9429.6686642086,38.9143939199998
9431.57838977325,38.71786263
9433.48811533791,37.03330391
9435.39784090257,38.95001403
9437.30756646723,40.0704231499961
9439.21729203188,36.6605217499993
9441.12701759654,36.05183437
9443.03674316119,40.98340731
9444.94646872585,44.17806641
9446.85619429051,39.565602089998
9448.76591985517,37.821120829999
9450.67564541982,36.94535915
9452.58537098448,34.00928622
9456.40482211379,33.84432318
9458.31454767845,35.4253399900007
9460.22427324311,36.0380615799989
9464.04372437242,35.10169157
9465.95344993708,38.71704156
9467.86317550173,41.01548612
9469.77290106639,39.0022691100013
9471.68262663105,40.1827804999996
9473.5923521957,39.80254133
9475.50207776036,35.50566146
9477.41180332502,32.7978222
9479.32152888968,42.698875910003
9483.14098001899,45.3570255599969
9486.9604311483,42.66934966
9490.77988227762,39.35811864
9494.59933340693,36.88916086
9498.41878453624,33.4629088200032
9502.23823566556,36.2772272100053
9506.05768679487,40.98409312
9509.87713792418,44.3632573
9511.78686348884,40.84004686
9513.6965890535,38.9240999600033
9515.60631461816,41.8536367800058
9517.51604018281,46.9132204
9519.42576574747,42.36410962
9521.33549131213,37.03924513
9523.24521687678,41.2761908800005
9524.20007965911,41.7586058599968
9525.15494244144,38.98576616
9526.10980522377,36.09084771
9527.06466800609,39.26995731
9528.01953078842,41.5142049099967
9528.97439357075,38.5994937199991
9530.88411913541,37.81719563
9532.79384470006,37.81201755
9534.70357026472,37.50992021
9536.61329582938,38.0674736100011
9538.52302139404,39.0635451199989
9540.43274695869,38.0758161
9544.252198088,39.67446227
9548.07164921732,36.67471435
9551.89110034663,35.350070580004
9555.71055147595,38.8670350400023
9559.53000260526,40.86438196
9563.34945373457,37.91017499
9567.16890486389,36.47514137
9570.9883559932,39.4366822199998
9574.80780712251,39.2317466799956
9578.62725825183,35.40303289
9580.53698381649,36.60734426
9582.44670938114,38.41787531
9584.3564349458,38.7417360399976
9586.26616051045,36.633524320002
9588.17588607511,38.37237331
9590.08561163977,37.5404626
9591.99533720443,35.92750589
9593.90506276908,35.0217852499996
9595.81478833374,34.6793070000093
9597.7245138984,42.82459244
9599.63423946305,44.39427752
9601.54396502771,40.88450187
9605.36341615702,36.4454358399997
9609.18286728634,36.1630131799988
9616.82176954496,35.14584131
9624.46067180359,37.34786063
9632.09957406222,42.72930427
9639.73847632084,44.7964661499951
9647.37737857947,40.445897699997
9655.0162808381,37.78100678
9662.65518309673,38.39863428
9670.29408535535,38.50258595
9677.93298761398,40.1308816400012
9685.57188987261,41.1765444699987
9693.21079213124,39.99374063
9700.84969438986,40.69281043
9708.48859664849,39.0964768
9716.12749890712,35.4873550800022
9723.76640116574,37.4585413200021
9731.40530342437,39.28661399
9739.044205683,38.12421877
9742.86365681231,37.82341667
9746.68310794163,37.8322928299996
9750.50255907094,37.5227421700019
9752.4122846356,39.16963334
9754.32201020025,38.31758359
9758.14146132957,37.51679326
9761.96091245888,39.2586485900023
9763.87063802354,41.2458452099968
9765.78036358819,38.40829609
9767.69008915285,39.77016134
9769.59981471751,36.21281105
9771.50954028216,34.0404124700002
9773.41926584682,34.2413408800044
9775.32899141148,38.14546929
9777.23871697614,41.69750562
9779.14844254079,43.62284833
9781.05816810545,40.4252915699968
9782.96789367011,37.5956878700009
9784.87761923476,38.41509784
9786.78734479942,41.1054518
9788.69707036408,42.83349017
9792.51652149339,42.8181898299978
9796.3359726227,40.8680747999976
9800.15542375201,38.77464024
9803.97487488133,38.27580501
9807.79432601064,38.52010557
9815.43322826927,38.9946253499972
9823.0721305279,36.5773752299997
9830.71103278652,36.35312583
9838.34993504515,41.62020277
9842.16938617447,44.38452829
9845.98883730378,38.871922379995
9853.62773956241,34.4485052799955
9861.26664182103,30.52807045
9868.90554407966,29.22864639
9876.54444633829,33.25563271
9880.36389746761,36.9091472900045
9884.18334859691,40.904201449999
9891.82225085554,40.026515
9899.46115311417,41.25996205
9907.1000553728,44.34368845
9914.73895763142,45.5863061499938
9922.37785989005,40.1607648999951
9930.01676214868,35.84134324
9937.6556644073,36.7282921
9952.93346892456,40.25316028
9958.66264561853,43.3245979100046
9960.57237118319,47.3892701999985
9964.3918223125,46.08112586
9966.30154787715,43.92395604
9968.21127344181,40.75391575
9972.03072457113,37.6329465799984
9975.85017570044,36.2316405800042
9979.66962682975,39.96864714
9983.48907795906,41.60485049
9987.30852908839,40.36244023
9991.1279802177,34.521997909996
10002.5863336056,30.9842419000031
10010.2252358643,33.70399334
10017.8641381229,42.06980014
10025.5030403815,41.88166421
10036.9613937695,40.1237812299963
10052.2391982867,36.8571976300024
10067.517002804,38.94668094
10075.1559050626,43.24492521
10082.7948073212,43.36909465
10090.4337095798,43.5781689599947
10098.0726118385,38.8773409099974
10105.7115140971,36.57840681
10113.3504163557,38.43170669
10120.9893186144,41.95691517
10128.628220873,40.4875132099996
10136.2671231316,40.1689120699987
10143.9060253902,38.99347215
10151.5449276489,35.8713634
10159.1838299075,39.79146379
10166.8227321661,43.6587137099981
10174.4616344247,41.9700209399978
10178.2810855541,40.02447124
10182.1005366834,42.49701702
10185.9199878127,42.4030057
10189.739438942,39.6560230999967
10193.5588900713,36.7478167799998
10197.3783412006,36.56167266
10201.1977923299,36.15247914
10205.0172434593,38.57276181
10212.6561457179,39.7291679599992
10220.2950479765,39.0462465000009
10227.9339502351,39.82960914
10235.5728524938,43.83044538
10243.2117547524,44.87747513
10258.4895592696,46.7815232799998
10262.309010399,46.6102433599997
10266.1284615283,46.30475728
10269.9479126576,45.0323544
10273.7673637869,48.15275391
10277.5868149162,41.1055014799905
10281.4062660455,32.7275562499972
10285.2257171748,30.2726846
10287.1354427395,33.04171957
10289.0451683042,38.76219364
10290.9548938688,46.0986173900019
10292.8646194335,47.7738392099942
10296.6840705628,42.71174254
10300.5035216921,37.39979253
10304.3229728214,33.66152965
10306.2326983861,34.6514212500052
10308.1424239507,39.270132660005
10310.0521495154,43.62789114
10311.96187508,44.20386692
10319.6007773387,44.62302283
10327.2396795973,44.1347066199993
10334.8785818559,43.5043945599977
10350.1563863732,41.44556773
10353.9758375025,36.98410258
10357.7952886318,34.64778675
10365.4341908904,38.228450680002
10373.0730931491,40.0107244399995
10376.8925442784,39.55728486
10380.7119954077,39.64549263
10384.531446537,39.08539052
10388.3508976663,40.3349273700049
10390.260623231,44.6705254100058
10392.1703487956,49.78889547
10394.0800743603,50.66562398
10395.9897999249,46.04553731
10397.8995254896,44.4254599299976
10399.8092510543,42.2717982299947
10401.7189766189,37.56798939
10403.6287021836,31.06296304
10407.4481533129,34.68697097
10409.3578788775,38.3730272199984
10410.3127416599,36.9265499500006
10411.2676044422,37.49321664
10413.1773300068,41.50483587
10415.0870555715,40.35047923
10418.9065067008,39.7045459300014
10426.5454089594,40.9578829100018
10434.1843112181,42.57274096
10441.8232134767,40.95968971
10449.4621157353,39.38195508
10457.101017994,41.7078643800034
10460.9204691233,44.7249306199993
10464.7399202526,44.11757669
10468.5593713819,39.89985269
10472.3788225112,37.04105131
10476.1982736405,40.122060479998
10480.0177247698,38.3901189900017
10483.8371758991,39.85628956
10485.7469014638,38.3065015
10487.6566270285,36.27107261
10489.5663525931,33.9498723000025
10491.4760781578,36.1570435999972
10493.3858037224,33.72662025
10495.2955292871,34.50819909
10497.2052548517,34.90206384
10499.1149804164,37.7811669500052
10501.0247059811,42.3304065799988
10502.9344315457,41.30204656
10506.753882675,36.89151232
10510.5733338043,39.58399463
10518.212236063,40.0084940900003
10525.8511383216,40.306048339996
10533.4900405802,36.80290541
10537.3094917095,34.61932672
10541.1289428389,36.04252316
10544.9483939682,39.1185968700013
10548.7678450975,40.2769684899983
10552.5872962268,38.76319387
10556.4067473561,39.44665082
10560.2261984854,40.32987962
10564.0456496147,34.6604699500029
10567.8651007441,37.1830041200042
10571.6845518734,40.85762029
10575.5040030027,39.29207699
10579.323454132,39.33451022
10583.1429052613,40.8884680099996
10586.9623563906,40.5135226000021
10590.7818075199,42.35991477
10594.6012586492,40.06790755
10598.4207097786,37.65818073
10602.2401609079,39.2626274200013
10606.0596120372,40.4402683299997
10609.8790631665,40.17881547
10613.6985142958,41.47330192
10617.5179654251,44.69921137
10621.3374165544,43.8288742699969
10625.1568676837,41.0791782499973
10627.0665932484,38.67081601
10628.9763188131,42.13837426
10630.8860443777,44.076582
10632.7957699424,42.7389146399945
10634.705495507,37.9427329099976
10636.6152210717,35.83212791
10638.5249466363,33.35176422
10640.434672201,36.94369
10644.2541233303,39.9190825200193
10648.0735744596,39.4901076399969
10651.8930255889,36.77631583
10655.7124767183,37.06869976
10659.5319278476,41.86595088
10663.3513789769,39.2419995399961
10670.9902812355,35.7778685600033
10674.8097323648,38.723712
10678.6291834941,44.78578363
10680.5389090588,43.25490453
10682.4486346235,39.3862576199981
10684.3583601881,37.7336780300024
10686.2680857528,39.81530998
10688.1778113174,41.91507832
10690.0875368821,42.71791011
10691.9972624467,42.7465557399984
10693.9069880114,41.3793914199994
10695.8167135761,40.88189721
10697.7264391407,38.14457227
10699.6361647054,35.73108139
10701.54589027,35.7312581599994
10703.4556158347,35.2243704600003
10705.3653413993,35.46732581
10707.275066964,34.61649695
10709.1847925286,38.05617666
10711.0945180933,44.0581670200046
10713.004243658,48.0983929099998
10714.9139692226,47.93756311
10716.8236947873,43.75373264
10718.7334203519,44.51822444
10720.6431459166,43.6908664199953
10724.4625970459,39.5444120999975
10728.2820481752,37.33694776
10732.1014993045,36.12332327
10735.9209504338,37.87440754
10739.7404015632,40.8831237200013
10743.5598526925,42.0545410099975
10747.3793038218,39.86532941
10751.1987549511,37.46083328
10755.0182060804,38.3788704
10758.8376572097,37.4424135500016
10762.657108339,38.8388767400052
10770.2960105977,43.44687261
10777.9349128563,45.82753231
10785.5738151149,42.67489439
10793.2127173735,44.111103870003
10797.0321685029,46.7810775699967
10804.6710707615,43.84332181
10812.3099730201,41.72661076
10816.1294241494,40.86490823
10819.9488752787,42.1221118599998
10823.7683264081,41.9289925399947
10831.4072286667,37.30066778
10842.8655820546,36.89563129
10846.6850331839,36.94196347
10850.5044843133,40.8776983800007
10854.3239354426,41.4836097499988
10858.1433865719,40.47127136
10865.7822888305,40.31385587
10873.4211910891,40.46404568
10877.2406422184,37.1747628899995
10881.0600933478,36.7055631800021
10884.8795444771,38.509717
10888.6989956064,42.7772316
10892.5184467357,48.35347749
10896.337897865,48.4350670399943
10903.9768001236,43.4428464299991
10915.4351535116,42.6097115
10930.7129580288,47.28986991
10938.3518602875,48.35078666
10945.9907625461,45.2993034399953
10953.6296648047,41.1247805699975
10961.2685670633,38.95922751
10968.907469322,37.79938269
10984.1852738392,40.38913698
10999.4630783565,38.9267703399997
11014.7408828737,38.6309080899939
11022.3797851324,39.72166265
11026.1992362617,41.78351922
11030.018687391,42.02128905
11037.6575896496,37.0987810199984
11045.2964919082,35.6773453700039
11052.9353941669,39.08311854
11060.5742964255,42.96907743
11068.2131986841,43.18697333
11075.8521009428,40.9013482000027
11083.4910032014,43.2477147800027
11091.12990546,45.62767367
11098.7688077186,43.51030054
11106.4077099773,39.61947031
11114.0466122359,35.262204440003
11129.3244167531,37.9155944800044
11144.6022212704,41.79879715
11152.241123529,39.82870592
11159.8800257877,37.0872325
11167.5189280463,38.2150493699994
11175.1578303049,37.6464299699987
11182.7967325635,36.51181041
11186.6161836928,36.64363448
11190.4356348222,39.60326987
11192.3453603868,41.2372153799984
11194.2550859515,39.8005656699969
11196.1648115161,37.06138094
11198.0745370808,35.81366468
11199.9842626454,37.360408
11201.8939882101,37.4773508100009
11203.8037137748,38.2896251600014
11205.7134393394,39.51114179
11207.6231649041,39.72967605
11209.5328904687,40.27366331
11211.4426160334,35.4471274599991
11213.352341598,34.6851893300044
11217.1717927274,38.5478194
11220.9912438567,42.06673887
11228.6301461153,43.13573251
11236.2690483739,43.3623277600016
11240.0884995032,44.7978671900011
11243.9079506325,45.80942463
11251.5468528912,41.93586397
11259.1857551498,40.88725353
11274.4635596671,43.8485139899979
11289.7413641843,41.9987365699961
11305.0191687016,38.54634513
11312.6580709602,34.28730388
11320.2969732188,32.38093204
11327.9358754774,33.2716657900037
11331.7553266068,36.5081108500045
11335.5747777361,40.45373823
11343.2136799947,42.05590056
11350.8525822533,39.4048883
11358.491484512,38.4270192400009
11366.1303867706,39.2357990499998
11373.7692890292,39.09565798
11381.4081912878,37.17028304
11389.0470935465,39.7881475
11396.6859958051,43.1340374199981
11411.9638003223,41.4908412999999
11427.2416048396,41.44199409
11442.5194093569,38.9998378
11457.7972138741,35.7872099
11473.0750183914,37.9791155700054
11488.3528229086,42.75506144
11503.6306274259,42.74641024
11518.9084319431,42.16104872
11534.1862364604,40.28052696
11549.4640409776,39.2232296700027
11564.7418454949,41.5562315600005
11580.0196500121,41.99019676
11595.2974545294,46.69455938
11602.936356788,48.50982419
11610.5752590467,42.7610921399968
11618.2141613053,39.9331373299994
11625.8530635639,39.39067444
11633.4919658225,41.60151375
11641.1308680812,43.94401409
11648.7697703398,43.3977262899991
11652.5892214691,42.5697614500016
11656.4086725984,43.9437402
11660.2281237277,42.67964913
11664.047574857,40.8583458
11667.8670259864,39.8731052900014
11671.6864771157,41.1512190500026
11675.505928245,43.45465443
11679.3253793743,41.45703635
11683.1448305036,37.83243036
11686.9642816329,38.4699807700041
11690.7837327622,42.0982858400032
11694.6031838916,44.93391793
11698.4226350209,40.55050665
11702.2420861502,36.75856691
11706.0615372795,39.2569130600094
11709.8809884088,47.5501135600006
11713.7004395381,48.05263083
11717.5198906674,43.45661567
11719.4296162321,39.2337396
11721.3393417967,41.6821389799994
11723.2490673614,41.1757802499981
11725.1587929261,39.46277204
11727.0685184907,38.40984395
11728.9782440554,35.73735572
11730.88796962,33.6782831200003
11732.7976951847,33.9704241700011
11734.7074207493,34.89702771
11736.617146314,37.79371416
11738.5268718787,41.7729709
11740.4365974433,42.2704276699977
11742.346323008,40.2173806600023
11744.2560485726,42.20258023
11746.1657741373,43.58220138
11748.0754997019,38.63540772
11749.9852252666,38.738064530003
11751.8949508313,41.3550221399991
11753.8046763959,40.59799722
11755.7144019606,34.51608435
11759.5338530899,32.81063339
11763.3533042192,35.0879693700001
11767.1727553485,35.1842989700003
11770.9922064778,35.46707465
11774.8116576071,40.3197099
11778.6311087365,47.14630599
11786.2700109951,44.1163195599958
11793.9089132537,40.4470472099968
11801.5478155123,37.6293009
11809.186717771,35.82144185
11816.8256200296,34.14989347
11824.4645222882,38.1762118900085
11832.1034245468,45.6594569500009
11835.9228756762,46.47298907
11839.7423268055,45.70099156
11843.5617779348,43.63470074
11847.3812290641,43.9136573300022
11851.2006801934,45.8731672100013
11858.839582452,47.05405251
11866.4784847107,45.31822251
11874.1173869693,45.25393627
11877.9368380986,40.6060835499976
11881.7562892279,38.5043253500012
11885.5757403572,39.55345289
11889.3951914865,43.24137009
11893.2146426159,44.42940142
11897.0340937452,43.4626165299968
11900.8535448745,40.6297471299979
11904.6729960038,38.74911751
11908.4924471331,37.67875756
11912.3118982624,37.74542411
11916.1313493917,37.9639343900022
11919.9508005211,39.9193037800015
11923.7702516504,41.2282205
11927.5897027797,44.85199356
11931.409153909,44.65692605
11935.2286050383,45.8620001900013
11939.0480561676,46.9612884799987
11942.8675072969,45.85539689
11946.6869584262,46.97662586
11950.5064095556,44.19298699
11954.3258606849,43.8443959399987
11958.1453118142,42.663624839999
11961.9647629435,41.82079702
11965.7842140728,39.61295633
11969.6036652021,38.45993446
11977.2425674608,36.9441110400035
11984.8814697194,40.000530850005
11992.520371978,44.36259195
12000.1592742366,45.66437318
12007.7981764953,45.16974684
12015.4370787539,43.2599565399986
12023.0759810125,42.0279736399976
12030.7148832711,39.89685256
12034.5343344005,42.92883553
12038.3537855298,42.62845091
12042.1732366591,39.0071128300028
12045.9926877884,41.4814986099989
12049.8121389177,40.50394743
12053.631590047,42.10045699
12057.4510411763,41.55931282
12061.2704923057,38.9541551299997
12065.089943435,38.6945192900032
12068.9093945643,41.52242675
12072.7288456936,40.57119595
12076.5482968229,40.95256036
12080.3677479522,39.1503336600018
12084.1871990815,40.7543398399999
12091.8261013402,40.64431285
12099.4650035988,40.77930801
12107.1039058574,39.12266297
12114.742808116,39.6273016500041
12122.3817103747,43.2719445599979
12130.0206126333,41.38932736
12137.6595148919,39.11156725
12145.2984171506,38.24825234
12152.9373194092,39.6068362100066
12160.5762216678,45.3843932800041
12168.2151239264,49.01444299
12175.8540261851,43.61864125
12183.4929284437,42.05372895
12191.1318307023,43.6144825199962
12194.9512818316,40.2536634099999
12198.7707329609,40.16967888
12202.5901840903,43.08962388
12206.4096352196,44.45890876
12210.2290863489,39.6426336099952
12214.0485374782,35.4324252300039
12217.8679886075,38.89941285
12221.6874397368,40.89524773
12225.5068908661,38.68573932
12229.3263419955,38.9317988800046
12233.1457931248,43.0124206200011
12236.9652442541,43.95681669
12240.7846953834,40.00281681
12244.6041465127,42.25132822
12248.423597642,40.2713983499971
12252.2430487713,37.69388728
12256.0624999006,37.70560364
12259.88195103,39.45606775
12263.7014021593,41.9484978
12267.5208532886,39.7116776699967
12271.3403044179,36.8246922300012
12273.2500299826,37.90967681
12275.1597555472,41.30833342
12277.0694811119,40.22699989
12278.9792066765,39.7350051500009
12280.8889322412,40.5611306099971
12282.7986578058,38.0464486
12286.6181089352,39.25849451
12290.4375600645,40.90473859
12294.2570111938,40.8385642200008
12298.0764623231,41.5656489700006
12301.8959134524,42.12656542
12305.7153645817,43.86871098
12309.534815711,45.96363881
12313.3542668404,43.6660739399948
12317.1737179697,39.0508577100038
12320.993169099,42.42929273
12324.8126202283,40.54444256
12328.6320713576,39.02970954
12332.4515224869,39.4883147199987
12336.2709736162,38.3371726600012
12343.9098758749,39.42578003
12347.7293270042,39.51071196
12351.5487781335,40.15226803
12359.1876803921,40.235017559998
12366.8265826507,38.5081653999988
12374.4654849094,37.43086492
12382.104387168,36.43475288
12393.5627405559,36.8262999
12408.8405450732,40.3439100600028
12424.1183495904,42.8004737300028
12439.3961541077,45.28918468
12454.673958625,46.81022236
12469.9517631422,44.46117928
12485.2295676595,41.7804473099955
12500.5073721767,37.8296639199975
12508.1462744353,35.60405428
12515.785176694,37.210525
12519.6046278233,43.86900566
12523.4240789526,44.7528542099993
12527.2435300819,44.1095514499973
12534.8824323405,41.77668338
12542.5213345992,43.20926515
12546.3407857285,45.98287214
12550.1602368578,42.819248419992
12553.9796879871,35.8159035099973
12557.7991391164,33.47673581
12565.4380413751,36.96687957
12573.0769436337,40.37372504
12584.5352970216,36.1988210199991
12592.1741992803,35.3687793900066
12599.8131015389,41.21478017
12615.0909060561,43.35723505
12630.3687105734,41.74936872
12645.6465150906,41.6246260500046
12649.4659662199,45.6746388299998
12653.2854173493,45.47968934
12657.1048684786,38.35749754
12660.9243196079,40.00847116
12664.7437707372,44.8719666400018
12668.5632218665,46.4187329599985
12672.3826729958,45.10648398
12683.8410263838,43.85689492
12695.2993797717,44.4782068
12702.9382820303,46.2527696599977
12710.577184289,44.2278398600017
12718.2160865476,45.70026225
12725.8549888062,46.95018128
12733.4938910648,56.34424356
12741.1327933235,67.1738372900257
12748.7716955821,66.1598137499796
12756.4105978407,48.24582046
12771.688402358,38.08792514
12779.3273046166,37.74841024
12786.9662068752,38.3709538200018
12794.6051091339,39.9466258300036
12802.2440113925,43.10861786
12809.8829136511,43.89911525
12817.5218159097,42.437777
12825.1607181684,42.8774232800027
12832.799620427,45.2289326500036
12840.4385226856,48.36407521
12848.0774249443,42.81294806
12855.7163272029,36.16221544
12863.3552294615,36.5012945699997
12870.9941317201,36.2726216199996
12878.6330339788,35.93381801
12886.2719362374,36.47086862
12893.910838496,39.07158473
12897.7302896253,45.6270719499995
12901.5497407546,45.2173878199991
12909.1886430133,44.4209067
12916.8275452719,42.71138655
12924.4664475305,41.19500845
12932.1053497892,41.4070173800008
12939.7442520478,42.1053160300014
12947.3831543064,43.30521703
12955.022056565,44.27621098
12962.6609588237,43.24157121
12970.2998610823,46.2431147900032
12977.9387633409,49.0237780499959
12981.7582144702,45.41178819
12985.5776655995,41.87883668
12993.2165678582,42.20851541
13008.4943723754,44.4288815600067
13023.7721768927,50.3153125900045
13039.0499814099,54.26256649
13054.3277859272,52.47747803
13061.9666881858,47.80310413
13069.6055904444,47.7941148700003
13084.8833949617,48.0504358899963
13115.4390039962,44.76941849
13145.9946130307,40.63469562
13161.272417548,43.09889008
13176.5502220652,43.4011389599976
13207.1058310997,41.2579108099975
13222.383635617,39.06199548
13230.0225378756,37.70850838
13237.6614401342,38.65538206
13245.3003423929,43.5026167700012
13252.9392446515,44.586668579998
13260.5781469101,42.83070568
13268.2170491687,42.73394965
13275.8559514274,41.73476985
13283.494853686,38.9017374600009
13291.1337559446,39.7016278900004
13298.7726582033,40.0117188
13306.4115604619,44.2843538
13314.0504627205,45.53971948
13329.3282672377,44.5122545299965
13344.606071755,41.4445460499995
13359.8838762723,40.9644198
13375.1616807895,41.56291962
13405.717289824,42.76238936
13420.9950943413,41.4445570899966
13436.2728988585,38.4862120600035
13451.5507033758,41.58495237
13466.8285078931,45.74430614
13482.1063124103,43.75175735
13497.3841169276,43.4747227899992
13512.6619214448,42.7435248799975
13527.9397259621,40.55198218
13535.5786282207,40.43398092
13543.2175304793,40.23851918
13550.856432738,41.1326423200018
13558.4953349966,42.7245566100017
13573.7731395138,44.25201629
13581.4120417725,46.32538714
13585.2314929018,48.93901208
13589.0509440311,46.9796718299948
13592.8703951604,42.4366131900021
13596.6898462897,44.29232537
13600.509297419,50.9955514
13604.3287485483,55.2962162
13608.1481996777,56.8955851999961
13611.967650807,53.5072542399931
13615.7871019363,47.46166261
13619.6065530656,42.81377574
13623.4260041949,48.84409306
13631.0649064535,50.0140183699983
13638.7038087122,48.4907641699973
13646.3427109708,46.10468355
13653.9816132294,43.09358013
13661.620515488,44.42347848
13669.2594177467,48.3061051700005
13676.8983200053,48.7096055899967
13684.5372222639,45.83032814
13688.3566733932,44.79283547
13695.9955756519,46.74069872
13703.6344779105,44.5113080299924
13711.2733801691,37.860226989999
13718.9122824278,36.97227862
13726.5511846864,41.70507016
13734.190086945,45.7399352
13741.8289892036,42.7858729299952
13749.4678914623,38.5889540299999
13757.1067937209,38.46620464
13764.7456959795,41.15388786
13772.3845982381,42.30847649
13780.0235004968,42.7034527999987
13787.6624027554,41.5922630899964
13795.301305014,38.46318493
13806.759658402,41.51654465
13822.0374629192,44.42900365
13837.3152674365,44.060483409996
13852.5930719537,40.520925999999
13867.870876471,39.61252796
13883.1486809882,41.64317395
13898.4264855055,40.73364898
13913.7042900227,35.7045282200031
13921.3431922814,38.4138059700032
13925.1626434107,41.24636352
13928.98209454,39.94294778
13932.8015456693,38.3669804
13936.6209967986,34.7142753400022
13940.4404479279,36.6122200900043
13944.2598990573,40.40114531
13946.1696246219,40.90795776
13948.0793501866,39.43174581
13949.9890757512,40.8428335499978
13951.8988013159,38.9269990699992
13955.7182524452,38.23225636
13959.5377035745,39.64957108
13963.3571547038,40.45813211
13967.1766058331,39.034009090006
13974.8155080918,44.325050510003
13982.4544103504,46.9261993
13984.364135915,43.98123206
13986.2738614797,37.83417868
13988.1835870444,38.5180850800011
13990.093312609,39.4513930800021
13992.0030381737,41.30580513
13993.9127637383,42.27231126
13995.822489303,42.93750813
13997.7322148676,42.8476930999996
13999.6419404323,42.507491969998
14001.551665997,40.78151251
14005.3711171263,39.57882211
14009.1905682556,41.1615592
14011.1002938202,43.3448833500005
14013.0100193849,43.7657302200049
14014.9197449496,48.06337314
14016.8294705142,47.17140797
14018.7391960789,42.5522841
14020.6489216435,41.8255680699968
14024.4683727728,39.0462693499958
14028.2878239022,35.31467617
14032.1072750315,37.62044001
14035.9267261608,42.1714105
14039.7461772901,41.4851081999971
14043.5656284194,38.9027248699991
14047.3850795487,38.13381955
14051.204530678,38.45663318
14055.0239818074,38.7599742
14058.8434329367,42.1575250300008
14062.662884066,42.8350564299986
14066.4823351953,41.56810575
14074.1212374539,40.66977014
14081.7601397125,43.49769012
14085.5795908419,43.6342844599948
14089.3990419712,39.0458432499973
14097.0379442298,36.68511054
14100.8573953591,38.60434973
14102.7671209238,41.52237311
14104.6768464884,39.0931260400001
14106.5865720531,39.1742357399992
14108.4962976177,38.46019484
14110.4060231824,36.79684036
14112.315748747,36.3661026
14114.2254743117,37.8697881000046
14116.1351998764,41.9338939400025
14118.044925441,44.17747766
14119.9546510057,40.89322363
14121.8643765703,42.21888013
14123.774102135,42.0119398799993
14125.6838276996,41.4295118399956
14127.5935532643,37.57850351
14131.4130043936,36.62685689
14135.2324555229,37.44291936
14137.1421810876,39.8823144300034
14139.0519066522,42.8338326799986
14140.9616322169,41.55602599
14142.8713577816,39.05982398
14146.6908089109,37.81715362
14150.5102600402,39.1404787800024
14154.3297111695,41.2454961100022
14158.1491622988,43.2226852
14165.7880645574,43.4820612
14173.4269668161,42.46406732
14181.0658690747,42.9530386300024
14188.7047713333,45.0322973499997
14192.5242224626,44.80101119
14196.3436735919,44.75527074
14200.1631247213,43.89594326
14203.9825758506,41.3550567299966
14207.8020269799,38.3271533100021
14211.6214781092,40.19448781
14215.4409292385,40.06981591
14219.2603803678,40.32693451
14226.8992826265,43.9025019800006
14234.5381848851,44.453911679997
14243.2144262295,41.79563229
14254.4931147541,38.69391733
14265.7718032787,38.39806731
14277.0504918033,38.7354990400001
14282.6898360656,38.7940267899978
14291.148852459,36.88790342
14293.9685245902,35.64887187
14296.7881967213,38.46510792
14299.6078688525,40.6382232600004
14302.4275409836,40.9624788300021
14305.2472131147,42.85161126
14308.0668852459,41.34685073
14310.8865573771,38.13733339
14313.7062295082,42.0561820799986
14316.5259016393,40.8488713599974
14319.3455737705,38.56824112
14322.1652459016,39.21655309
14324.9849180328,40.64733343
14327.8045901639,42.6729063200009
14330.6242622951,43.4639871499998
14333.4439344262,43.25441335
14336.2636065574,44.37619456
14347.542295082,43.67014034
14358.8209836066,43.4231123100013
14370.0996721311,44.5277987899974
14381.3783606557,42.21692352
14395.4767213115,39.14534573
14418.0340983607,37.7967358
14440.5914754098,40.7292934900006
14451.8701639344,41.2866660199994
14463.148852459,40.75604382
14474.4275409836,41.83146325
14485.7062295082,42.57661017
14496.9849180328,40.6462936999995
14508.2636065574,40.2283799800019
14519.542295082,41.93950516
14530.8209836066,40.85694087
14542.0996721312,43.32785413
14547.7390163934,43.1846854699986
14553.3783606558,41.9279713700013
14564.6570491803,43.07852707
14575.9357377049,40.16869218
14587.2144262295,36.5327879
14590.0340983607,37.3247682100024
14592.8537704918,39.4683947400008
14598.4931147541,40.19715236
14604.1324590164,37.80095652
14609.7718032787,39.9656539
14615.411147541,45.1082436299977
14621.0504918033,43.0677912699956
14632.3291803279,39.1907926
14643.6078688525,42.48093028
14654.8865573771,44.74604831
14666.1652459016,42.6224740300002
14674.6242622951,42.7644073999995
14680.2636065574,42.28338819
14685.9029508197,44.44131131
14691.542295082,43.92905993
14697.1816393443,40.0571401099986
14702.8209836066,38.8235236000014
14711.28,40.01797296
14714.0996721312,39.80322223
14716.9193442623,36.96809472
14719.7390163934,39.218852409998
14722.5586885246,37.4699333999968
14725.3783606557,34.64960542
14728.1980327869,36.44700078
14733.8373770492,39.63651037
14736.6570491803,42.9589453800003
14739.4767213115,43.2402010099952
14745.1160655738,39.03949539
14750.7554098361,38.66882402
14762.0340983607,39.40139131
14773.3127868852,41.9535046200027
14784.5914754098,44.2972202200003
14795.8701639344,44.53915642
14807.148852459,41.78779545
14818.4275409836,45.20263333
14829.7062295082,44.0386574599992
14840.9849180328,43.2956569300003
14852.2636065574,43.54392472
14863.542295082,40.75855529
14874.8209836066,37.48340954
14886.0996721312,38.7050727400033
14897.3783606557,41.6204951300017
14908.6570491803,43.14473138
14917.1160655738,44.08768381
14922.7554098361,44.3862503
14931.2144262295,42.6338828799999
14936.8537704918,42.5477066800007
14942.4931147541,43.19539724
14948.1324590164,45.82212799
14953.7718032787,43.98376461
14959.411147541,42.69988481
14965.0504918033,42.7116940799979
14970.6898360656,40.89214404
14973.5095081967,43.68749705
14976.3291803279,45.67614082
14979.148852459,44.2794560899986
14981.9685245902,43.0832550999968
14984.7881967213,40.29699887
14987.6078688525,41.53727515
14990.4275409836,40.51592686
14993.2472131148,38.6826702800011
14996.0668852459,39.6722344999972
14998.8865573771,37.20698913
15001.7062295082,36.62349475
15004.5259016393,37.46066803
15007.3455737705,37.4793801800005
15010.1652459016,37.8813698800017
15012.9849180328,39.38668801
15015.8045901639,41.81004201
15018.6242622951,42.84151879
15021.4439344262,39.7552351699975
15027.0832786885,37.5399586300001
15032.7226229508,37.65959972
15044.0013114754,37.49380869
15055.28,36.64889902
15066.5586885246,39.1460073700003
15077.8373770492,39.448473209999
15089.1160655738,38.56796103
15100.3947540984,41.61979538
15111.673442623,44.16179673
15122.9521311475,42.2164223599973
15134.2308196721,39.8554706300024
15145.5095081967,42.00415818
15156.7881967213,44.82042884
15165.2472131147,43.63689096
15170.886557377,40.2206643199981
15176.5259016393,38.5448668299992
15179.3455737705,37.87026207
15182.1652459016,38.64361403
15187.8045901639,38.85782491
15193.4439344262,39.3703173699996
15199.0832786885,39.05769557
15201.9029508197,39.08822879
15204.7226229508,39.10357663
15210.3619672131,39.69978663
15216.0013114754,43.3179375700009
15218.8209836066,44.0915640299997
15221.6406557377,43.81058447
15223.0504918033,40.9353805
15224.4603278689,41.6088986
15225.8701639344,42.3330958199997
15227.28,42.0862673999983
15228.6898360656,40.60858008
15230.0996721311,39.65268909
15232.9193442623,39.02021911
15235.7390163934,37.8655286500007
15238.5586885246,38.459332740001
15241.3783606557,39.35752008
15244.1980327869,37.79051332
15247.017704918,42.32309713
15252.6570491803,45.0719059399955
15258.2963934426,41.0819230899939
15269.5750819672,35.72173008
15275.2144262295,33.32029005
15278.0340983607,38.10666467
15280.8537704918,41.6892727300028
15283.6734426229,44.1357226600032
15286.4931147541,46.92310665
15287.9029508197,43.26133743
15289.3127868852,44.10925691
15292.1324590164,45.2110048499977
15297.7718032787,43.1578332399988
15309.0504918033,42.10668439
15320.3291803279,41.28449441
15325.9685245902,38.05919607
15337.2472131148,40.6566215100002
15348.5259016393,40.814132589999
15359.8045901639,39.94353476
15371.0832786885,39.04531432
15376.7226229508,39.74396341
15382.3619672131,40.6811158899997
15388.0013114754,40.3889232800012
15390.8209836066,41.43935828
15393.6406557377,42.31780147
15396.4603278689,43.44292881
15399.28,44.8256281099983
15404.9193442623,43.2959207699983
15410.5586885246,41.77916046
15421.8373770492,40.84299383
15427.4767213115,42.13904572
15433.1160655738,44.1272179099957
15438.7554098361,40.3427933799994
15450.0340983607,39.8418741
15461.3127868852,37.56521128
15472.5914754098,38.92419886
15483.8701639344,42.6975715300002
15495.148852459,42.8669002099962
15500.7881967213,39.56587861
15506.4275409836,35.98095262
15512.0668852459,34.3188647
15517.7062295082,37.9398020300063
15528.9849180328,43.5137230199996
15537.4439344262,43.14434754
15543.0832786885,40.78056287
15548.7226229508,39.11503625
15551.542295082,39.5098257400017
15554.3619672131,41.0123326199987
15557.1816393443,39.90848675
15560.0013114754,38.05943591
15562.8209836066,38.10993413
15565.6406557377,41.7625391800006
15568.4603278689,42.2706914699949
15571.28,37.76375184
15574.0996721311,36.16359296
15576.9193442623,39.74481122
15579.7390163934,40.8821214699975
15582.5586885246,38.6477005299993
15585.3783606557,38.0533397
15588.1980327869,39.25735045
15591.017704918,41.18996502
15593.8373770492,42.6735527899975
15596.6570491803,40.4554986499986
15599.4767213115,39.23458885
15602.2963934426,38.79931455
15607.9357377049,38.94200316
15610.7554098361,38.7763774600005
15613.5750819672,39.1867159699963
15619.2144262295,35.96173595
15624.8537704918,36.6677935
15630.4931147541,37.59883625
15636.1324590164,40.4333640800034
15647.411147541,43.4420797899944
15658.6898360656,38.54850544
15664.3291803279,39.1868088
15667.148852459,42.25358931
15669.9685245902,42.5195339700003
15675.6078688525,42.7964594200008
15686.8865573771,43.45949966
15698.1652459016,45.87882882
15709.4439344262,52.37023606
15720.7226229508,57.2612619900057
15732.0013114754,62.2542786000051
15743.28,60.52132175
15751.7390163934,57.95072652
15754.5586885246,58.08314492
15757.3783606557,59.9282240899968
15760.1980327869,57.1191680999988
15765.8373770492,56.049083305
15771.4767213115,61.43376241
15777.1160655738,66.5229579
15782.7554098361,69.6757022599965
15794.0340983607,66.6358691499964
15805.3127868852,63.47365243
15816.5914754098,62.10996844
15827.8701639344,64.47660205
15839.148852459,65.5708726699984
15844.7881967213,64.1881489100039
15850.4275409836,67.59053681
15856.0668852459,70.71707811
15861.7062295082,71.63770126
15867.3455737705,73.2313104900004
15872.9849180328,73.5878009499941
15878.6242622951,68.3836697
15884.2636065574,63.84817886
15889.9029508197,68.16663022
15895.542295082,72.0723671299962
15898.3619672131,68.7177371899933
15901.1816393443,62.81445145
15904.0013114754,61.6166866
15906.8209836066,61.33969852
15909.6406557377,61.6997256700016
15912.4603278689,63.1001620800011
15915.28,64.05291794
15918.0996721312,64.67400113
15920.9193442623,66.35017807
15923.7390163934,61.7427513499955
15926.5586885246,57.7769658300039
15929.3783606557,61.24807314
15932.1980327869,65.14580515
15935.017704918,64.72438654
15937.8373770492,64.880459169999
15940.6570491803,64.0238065599967
15943.4767213115,61.08958354
15946.2963934426,57.77885729
15949.1160655738,60.90184789
15951.9357377049,66.151757389999
15954.7554098361,65.2354472899983
15957.5750819672,63.73470612
15960.3947540984,64.44119277
15963.2144262295,63.80885587
15966.0340983607,60.0382689899951
15968.8537704918,55.722107989998
15971.673442623,53.99391401
15974.4931147541,57.94257953
15977.3127868852,61.27913961
15980.1324590164,62.2505791399983
15982.9521311475,60.7344153399987
15985.7718032787,59.61248199
15991.411147541,59.69993634
15997.0504918033,59.71853955
16002.6898360656,60.4018519499962
16008.3291803279,57.0716474600036
16013.9685245902,60.25535511
16019.6078688525,64.03418206
16025.2472131148,61.30392059
16030.8865573771,60.1816901400041
16042.1652459016,63.8231534700002
16047.8045901639,64.03023462
16053.4439344262,64.12820382
16059.0832786885,65.22354265
16064.7226229508,68.1496727799976
16076.0013114754,66.038937779994
16087.28,60.79352173
16098.5586885246,59.92189007
16109.8373770492,59.97540853
16121.1160655738,59.2622360199983
16132.3947540984,57.777950549999
16143.673442623,56.87888218
16149.3127868852,55.55816796
16154.9521311475,52.82353842
16160.5914754098,50.6194284500015
16166.2308196721,51.9680638700017
16171.8701639344,53.4883492
16177.5095081967,53.46883311
16183.148852459,53.03279225
16188.7881967213,51.9794028400002
16194.4275409836,52.1153408400019
16200.0668852459,53.77073482
16205.7062295082,54.42787379
16211.3455737705,54.10464679
16214.1652459016,52.9681124499984
16216.9849180328,51.5967263100027
16219.8045901639,53.94157665
16222.6242622951,56.95006716
16225.4439344262,57.84314967
16228.2636065574,57.7439924799971
16231.0832786885,55.2194735199976
16233.9029508197,53.12046244
16236.7226229508,53.21117743
16239.542295082,53.95161809
16245.1816393443,55.5511366100016
16250.8209836066,56.9367181199981
16256.4603278689,55.22196949
16262.0996721311,52.47200067
16267.7390163934,51.00806233
16273.3783606557,51.7596067000031
16279.017704918,54.4777699000032
16284.6570491803,57.29017053
16287.4767213115,56.72423517
16290.2963934426,59.09560095
16293.1160655738,62.3948843599996
16295.9357377049,62.0005800500013
16298.7554098361,63.10918605
16301.5750819672,61.3085434
16304.3947540984,59.8012867
16307.2144262295,56.958276470002
16310.0340983607,58.7418967100056
16312.8537704918,63.64480388
16315.673442623,70.67750016
16318.4931147541,68.3480271
16321.3127868852,59.8851460399907
16324.1324590164,51.6804463299995
16326.9521311475,51.25639936
16329.7718032787,52.50861321
16332.5914754098,54.9055242
16335.411147541,59.2842427100007
16338.2308196721,59.9260008099969
16341.0504918033,57.18753011
16343.8701639344,56.72808695
16346.6898360656,54.72911802
16349.5095081967,52.1332391899984
16352.3291803279,50.7481959600054
16355.148852459,55.52176429
16357.9685245902,59.87737901
16360.7881967213,62.67360629
16363.6078688525,60.8256338799987
16366.4275409836,59.6751860699982
16369.2472131148,58.06806875
16370.6570491803,53.46351282
16372.0668852459,50.06078041
16373.4767213115,51.4956651199998
16374.886557377,51.3126427400004
16376.2963934426,51.65712707
16377.7062295082,52.82614199
16379.1160655738,54.01191737
16380.5259016393,56.6212469700036
16381.9357377049,59.7791015300013
16383.3455737705,60.90853918
16384.7554098361,57.55022941
16386.1652459016,54.88328399
16388.9849180328,52.8366632600008
16391.8045901639,53.5787690600029
16394.6242622951,56.11469888
16397.4439344262,55.86449452
16400.2636065574,53.91224634
16403.0832786885,51.9592672899996
16405.9029508197,51.6122335500047
16408.7226229508,55.70815911
16411.542295082,59.00271543
16414.3619672131,56.55220938
16417.1816393443,52.8060197799965
16418.5914754098,49.7095406600004
16420.0013114754,50.03637852
16422.8209836066,48.54585024
16425.6406557377,48.55109815
16428.4603278689,47.6273855299985
16431.28,46.3121711899995
16434.0996721311,45.89822981
16436.9193442623,48.48277829
16439.7390163934,51.90084389
16442.5586885246,50.8684219899953
16445.3783606557,46.6991206699991
16448.1980327869,45.91803798
16451.017704918,47.81933704
16453.8373770492,49.16364574
16456.6570491803,48.5952389499976
16459.4767213115,46.4465518199978
16462.2963934426,44.5342531
16465.1160655738,46.20616501
16467.9357377049,49.5049881
16470.7554098361,46.883616349998
16473.5750819672,45.1119233300042
16476.3947540984,48.83723103
16479.2144262295,50.76304519
16482.0340983607,48.11274536
16484.8537704918,47.8957631399988
16487.6734426229,46.8608414999988
16490.4931147541,45.76617602
16493.3127868852,48.68025433
16496.1324590164,49.64389472
16498.9521311475,46.8294119099991
16501.7718032787,46.039774670001
16504.5914754098,46.88098873
16507.411147541,47.51269886
16510.2308196721,46.78663515
16513.0504918033,44.9521229000016
16515.8701639344,46.3267220400031
16518.6898360656,49.03514036
16521.5095081967,50.2109839
16524.3291803279,48.21645315
16527.148852459,45.4793043800039
16529.9685245902,48.8862078300026
16532.7881967213,51.18982404
16535.6078688525,48.15118768
16538.4275409836,45.91946537
16541.2472131148,45.2617986500017
16544.0668852459,46.7551253400026
16546.886557377,49.00780283
16549.7062295082,47.8237892
16552.5259016393,47.10041838
16555.3455737705,50.8052049900008
16556.7554098361,51.5187240899934
16558.1652459016,45.67784185
16559.5750819672,42.4630691
16560.9849180328,45.07741565
16562.3947540984,50.0961345000003
16563.8045901639,50.3710617599947
16565.2144262295,45.7422411
16566.6242622951,43.13145253
16569.4439344262,45.30554364
16572.2636065574,46.606327999999
16577.9029508197,45.7253547399985
16583.542295082,44.43412277
16589.1816393443,43.84764994
16594.8209836066,45.44491969
16597.6406557377,46.1912625899999
16600.4603278689,46.1284403100031
16606.0996721311,48.87051323
16608.9193442623,49.06061367
16611.7390163934,48.88769464
16614.5586885246,51.1369613999975
16617.3783606557,48.9828265999951
16620.1980327869,44.68922057
16623.017704918,43.5672155
16625.8373770492,47.81197117
16628.6570491803,50.7406550699991
16631.4767213115,49.923728229998
16634.2963934426,48.17865915
16637.1160655738,47.02686854
16639.9357377049,46.14178104
16642.7554098361,47.8106826600009
16645.5750819672,48.5746016200013
16648.3947540984,49.70621039
16651.2144262295,50.66489102
16654.0340983607,48.86275371
16656.8537704918,51.4381547200017
16659.673442623,52.9466446999962
16662.4931147541,49.5981513
16665.3127868852,47.04911138
16668.1324590164,47.44629135
16670.9521311475,47.7137436200008
16673.7718032787,48.433698980001
16676.5914754098,49.31952784
16679.411147541,51.46586468
16682.2308196721,53.31322629
16685.0504918033,53.0781598800039
16687.8701639344,56.5449143900042
16690.6898360656,60.26260139
16693.5095081967,54.02523822
16696.3291803279,46.9046727
16699.148852459,44.3853567299991
16701.9685245902,43.6330959099995
16704.7881967213,43.20756276
16707.6078688525,46.11022173
16710.4275409836,49.8469892
16713.2472131148,49.2686619900007
16716.0668852459,49.8412743700015
16718.886557377,51.14879164
16721.7062295082,51.98499896
16724.5259016393,51.65216403
16730.1652459016,49.3300187899999
16732.9849180328,49.2037592699991
16735.8045901639,48.41174674
16738.6242622951,46.22836375
16741.4439344262,45.29178142
16742.8537704918,46.2218293000011
16744.2636065574,47.1531356499999
16745.6734426229,47.09053052
16747.0832786885,45.55311281
16752.7226229508,41.74478812
16758.3619672131,43.3537584100019
16761.1816393443,45.0067564900012
16764.0013114754,46.03265555
16766.8209836066,51.54637489
16768.2308196721,51.45203471
16769.6406557377,48.9047705400052
16772.4603278689,53.4669317400001
16775.28,53.51604084
16780.9193442623,50.1346745
16792.1980327869,52.96144978
16797.8373770492,54.6700601899967
16803.4767213115,51.7869865299979
16809.1160655738,49.94473738
16811.9357377049,51.74479236
16814.7554098361,53.15731455
16816.1652459016,56.3828726100036
16817.5750819672,59.5060586299964
16818.9849180328,56.33251875
16820.3947540984,52.59966639
16821.8045901639,49.96036836
16823.2144262295,47.7386986999993
16824.6242622951,47.1641205200004
16826.0340983607,47.4772209
16828.8537704918,46.83150305
16830.2636065574,48.66145838
16831.673442623,50.5979347099993
16833.0832786885,49.970809039999
16834.4931147541,49.09099573
16835.9029508197,46.47514612
16837.3127868852,46.60536378
16840.1324590164,46.6915012200007
16842.9521311475,47.310266290002
16845.7718032787,49.07426391
16847.1816393443,47.52800539
16848.5914754098,45.31875613
16851.411147541,46.1270117399996
16854.2308196721,45.7398590799998
16857.0504918033,45.57397198
16859.8701639344,46.74742784
16862.6898360656,47.80290031
16864.0996721311,44.6476487100013
16865.5095081967,45.7972331800023
16866.9193442623,47.80375473
16868.3291803279,51.15987911
16871.148852459,51.84140033
16876.7881967213,51.2041553599959
16882.4275409836,47.5961771199972
16888.0668852459,45.15190757
16893.7062295082,44.68402518
16899.3455737705,45.5068207
16904.9849180328,45.673071800004
16910.6242622951,49.1621692300028
16916.2636065574,51.60437023
16921.9029508197,54.3862946
16927.542295082,58.27870646
16933.1816393443,57.9550291299983
16938.8209836066,56.4693083700009
16944.4603278689,57.26311517
16950.0996721311,58.63203752
16955.7390163934,59.9037554
16961.3783606557,60.7342625700002
16967.017704918,60.9008925100019
16972.6570491803,62.56401357
16978.2963934426,66.80510428
16983.9357377049,69.55124022
16989.5750819672,66.1025390899932
16995.2144262295,60.0980614999929
17000.8537704918,53.82807123
17006.4931147541,48.39438369
17012.1324590164,45.5462133
17017.7718032787,47.9961187100023
17023.411147541,50.0270125200007
17029.0504918033,50.63705497
17034.6898360656,48.95729877
17040.3291803279,49.63395663
17045.9685245902,51.5245933400014
17051.6078688525,52.7280890299967
17057.2472131148,49.85126653
17062.886557377,50.03493052
17068.5259016393,50.10027704
17074.1652459016,50.2531150500009
17079.8045901639,51.0326148399999
17082.6242622951,50.90964314
17085.4439344262,50.80145038
17088.2636065574,49.35260958
17091.0832786885,49.2932829200022
17093.9029508197,51.2177939300015
17096.7226229508,52.5291198
17099.542295082,52.11630325
17102.3619672131,52.76596368
17105.1816393443,52.2048289700007
17108.0013114754,52.8414346400019
17110.8209836066,54.49328053
17113.6406557377,55.14860937
17116.4603278689,58.2619815
17119.28,60.6129532999984
17122.0996721311,59.2322105200012
17124.9193442623,60.3115832
17127.7390163934,61.96269604
17130.5586885246,60.81852977
17133.3783606557,55.4745025999942
17136.1980327869,50.347557339995
17139.017704918,45.95979497
17141.8373770492,48.62562632
17144.6570491803,50.17765023
17147.4767213115,46.2731874599986
17150.2963934426,45.067493320002
17153.1160655738,46.82715128
17155.9357377049,51.90118876
17158.7554098361,55.31305958
17164.3947540984,56.5466565799988
17170.0340983607,55.5131311299983
17175.673442623,53.99250899
17181.3127868852,57.45207101
17186.9521311475,58.37402518
17192.5914754098,56.2859978499964
17198.2308196721,53.1184227599972
17203.8701639344,50.64413397
17209.5095081967,47.91340321
17215.148852459,47.30948727
17220.7881967213,47.8086933099983
17226.4275409836,46.3133490199957
17232.0668852459,42.56476336
17233.4767213115,43.91722688
17234.886557377,48.62719621
17236.2963934426,48.6694465999955
17237.7062295082,44.7432038599987
17239.1160655738,43.61551487
17240.5259016394,45.55435108
17241.9357377049,47.61906505
17243.3455737705,48.0793142299994
17246.1652459016,47.5728967000002
17247.5750819672,47.78406595
17248.9849180328,46.48099084
17251.8045901639,46.93342371
17254.6242622951,47.6105680499996
17260.2636065574,47.2920914799967
17265.9029508197,44.41924008
17271.542295082,44.67727111
17277.1816393443,44.8410341
17282.8209836066,46.5686768200006
17288.4603278689,47.1091377100034
17294.0996721311,50.13607377
17299.7390163934,49.99944292
17305.3783606557,50.23161612
17311.017704918,54.674457500006
17316.6570491803,59.9179360600052
17322.2963934426,64.49031071
17327.9357377049,67.93831668
17333.5750819672,69.66555561
17339.2144262295,68.3009664899902
17344.8537704918,59.6521728699921
17350.4931147541,52.69722716
17356.1324590164,47.75630091
17361.7718032787,48.25957572
17367.411147541,49.063235240002
17373.0504918033,50.8193379800022
17378.6898360656,52.7146891
17384.3291803279,51.94237232
17389.9685245902,52.60196319
17395.6078688525,57.6077719600011
17401.2472131148,58.5773787399953
17406.8865573771,54.43373253
17409.7062295082,53.03511206
17412.5259016393,50.43882662
17415.3455737705,51.1636211100016
17418.1652459016,52.6072651900028
17420.9849180328,55.0370922
17423.8045901639,59.13616456
17426.6242622951,63.62582374
17429.4439344262,66.9387103499924
17432.2636065574,60.2211383099888
17435.0832786885,50.34873329
17437.9029508197,47.92076682
17440.7226229508,49.02892671
17443.542295082,47.0699509199965
17446.3619672131,43.9900283700012
17449.1816393443,45.01048305
17452.0013114754,46.89465477
17454.8209836066,46.54333571
17457.6406557377,44.5283954799982
17460.4603278689,42.9135337200009
17461.8701639344,43.66973009
17463.28,42.96291695
17464.6898360656,44.83127783
17466.0996721311,46.4072889200014
17467.5095081967,47.6390000100029
17468.9193442623,50.16544267
17471.7390163934,52.56276932
17474.5586885246,50.12673095
17477.3783606557,47.1710129299985
17480.1980327869,45.8862097000036
17483.017704918,49.09384995
17485.8373770492,50.55407153
17488.6570491803,51.14448861
17491.4767213115,56.491688600005
17494.2963934426,60.910117600007
17497.1160655738,57.98625074
17502.7554098361,52.46739613
17508.3947540984,49.30973998
17514.0340983607,47.6900244300006
17519.673442623,48.2574499900045
17522.4931147541,52.23775865
17525.3127868852,57.76944494
17528.1324590164,62.51301435
17530.9521311475,68.7048576499945
17533.7718032787,63.8438440099922
17536.5914754098,57.01760876
17539.411147541,51.81771094
17542.2308196721,51.06762013
17545.0504918033,49.376799439998
17547.8701639344,47.653545760002
17550.6898360656,49.40714041
17553.5095081967,53.83350559
17556.3291803279,53.16075367
17559.148852459,51.4898992700007
17561.9685245902,52.1283388499981
17564.7881967213,50.42808047
17570.4275409836,48.68487789
17576.0668852459,45.56488019
17581.7062295082,42.7493868900023
17587.3455737705,44.7803887600036
17592.9849180328,47.90254148
17598.6242622951,47.87173678
17604.2636065574,46.70511175
17609.9029508197,44.272315110001
17615.542295082,45.1902086300069
17621.1816393443,51.30402462
17626.8209836066,54.73520457
17632.4603278689,53.14502198
17638.0996721312,48.4354410799983
17643.7390163934,46.9291458500033
17649.3783606557,49.83866732
17655.017704918,51.75213997
17660.6570491803,51.32876487
17666.2963934426,48.4393022300015
17671.9357377049,49.7508506400034
17677.5750819672,52.73325686
17683.2144262295,53.27822248
17688.8537704918,51.83405934
17694.4931147541,50.4733387799976
17700.1324590164,48.3891811999991
17705.7718032787,47.60874431
17711.411147541,47.5178216
17717.0504918033,50.57643216
17722.6898360656,52.8159207699964
17728.3291803279,49.6752625900021
17731.148852459,51.52140354
17733.9685245902,56.44956115
17739.6078688525,61.63822288
17745.2472131148,64.7354391099985
17750.8865573771,63.4289094999977
17756.5259016393,61.39843319
17762.1652459016,64.19557642
17767.8045901639,68.78039413
17773.4439344262,72.4925144100033
17779.0832786885,75.3687551499878
17784.7226229508,64.67476884
17790.3619672131,54.23213082
17796.0013114754,51.58151531
17801.6406557377,50.3066962399958
17807.28,46.5917115099964
17818.5586885246,43.3974807
17829.8373770492,43.37237761
17835.4767213115,45.65731161
17841.1160655738,50.5472917200007
17843.9357377049,51.1348184199996
17846.7554098361,50.77240711
17852.3947540984,51.51114743
17863.673442623,51.07125914
17874.9521311475,51.9056020000023
17880.5914754098,53.9100998299967
17886.2308196721,50.98360883
17889.0504918033,47.33943579
17890.4603278689,44.03178081
17891.8701639344,44.0881334700015
17893.28,45.4433745300019
17894.6898360656,47.10977516
17896.0996721311,48.38894975
17897.5095081967,50.85953787
17898.9193442623,51.9814417899974
17900.3291803279,49.6739515599985
17901.7390163934,48.38091752
17903.148852459,47.46094757
17905.9685245902,47.42748026
17908.7881967213,48.1113623300008
17911.6078688525,48.8557995800018
17914.4275409836,50.41229166
17917.2472131148,56.62818697
17920.0668852459,71.10467451
17922.886557377,82.1391070699983
17925.7062295082,80.6734575799866
17936.9849180328,68.87175683
17942.6242622951,61.58392968
17948.2636065574,61.71410639
17959.542295082,62.1759158599963
17970.8209836066,58.9372173300036
17976.4603278689,62.13790354
17982.0996721311,67.32345906
17987.7390163934,73.99859841
17990.5586885246,76.4835348599972
17993.3783606557,73.9806740199924
17996.1980327869,67.3361705
17997.6078688525,57.04961381
17999.017704918,55.54557751
18001.8373770492,61.6701513700066
18004.6570491803,67.4649894900032
18007.4767213115,70.28646258
18010.2963934426,69.37316826
18015.9357377049,69.04979831
18027.2144262295,68.3122171100011
18038.4931147541,69.3066648900023
18049.7718032787,71.31918801
18061.0504918033,66.03533006
18072.3291803279,53.8902663
18083.6078688525,49.194242770001
18094.886557377,50.0594723900011
18100.5259016393,51.06220308
18106.1652459016,51.56301433
18111.8045901639,50.21290686
18117.4439344262,51.3162130000002
18123.0832786885,51.4661666499982
18128.7226229508,49.91158424
18134.3619672131,51.62648652
18140.0013114754,47.72163325
18145.6406557377,43.1689036799997
18151.28,42.8811600800002
18156.9193442623,43.09459231
18162.5586885246,43.25865964
18168.1980327869,45.31204122
18173.8373770492,48.5547542899993
18185.1160655738,47.9453286299954
18196.3947540984,43.90535266
18207.6734426229,42.13746182
18213.3127868852,42.81185437
18218.9521311475,44.4157018000006
18224.5914754098,44.9100296199973
18230.2308196721,42.53606156
18235.8701639344,40.11277142
18238.6898360656,42.32074484
18241.5095081967,43.8492283800034
18244.3291803279,46.8755939300006
18247.148852459,47.40791255
18252.7881967213,50.20306778
18258.4275409836,53.69246541
18264.0668852459,58.0506663800066
18269.7062295082,63.8105968099948
18275.3455737705,59.25897705
18280.9849180328,52.81543404
18286.6242622951,51.11144058
18292.2636065574,50.2690938000018
18303.542295082,51.8165798300084
18314.8209836066,59.17858384
18326.0996721311,61.58004608
18337.3783606557,59.4221912
18348.6570491803,53.7727438200005
18359.9357377049,54.257084130008
18371.2144262295,61.26823341
18382.4931147541,67.843129
18388.1324590164,67.92169931
18393.7718032787,56.5674141499924
18396.5914754098,49.9250179699999
18399.411147541,49.80015887
18410.6898360656,50.56975414
18421.9685245902,48.99786419
18433.2472131148,45.3958007299991
18438.8865573771,44.6168909400017
18444.5259016393,46.09903183
18455.8045901639,49.20245064
18467.0832786885,48.75671464
18478.3619672131,45.9301184099978
18484.0013114754,44.0319078399973
18486.8209836066,41.66852428
18488.2308196721,43.11204085
18489.6406557377,45.69946169
18491.0504918033,46.1341677999986
18492.4603278689,44.9088630299998
18493.8701639344,44.69346459
18495.28,45.28391868
18496.6898360656,44.44350889
18498.0996721312,42.1145314199998
18499.5095081967,41.9385390399985
18500.9193442623,40.62950194
18503.7390163934,43.32809406
18506.5586885246,47.21885392
18509.3783606557,47.7972855399976
18512.1980327869,45.7082136699993
18515.017704918,45.06583072
18517.8373770492,43.08864746
18520.6570491803,44.47236786
18523.4767213115,46.3278763000011
18526.2963934426,47.2564694899986
18529.1160655738,46.03481316
18531.9357377049,44.24914898
18534.7554098361,42.34287604
18537.5750819672,43.5079415000021
18540.3947540984,45.3577714200013
18543.2144262295,46.47256441
18546.0340983607,44.791165
18548.8537704918,43.75887701
18551.673442623,44.4506775399969
18554.4931147541,41.6934146699995
18557.3127868852,41.27617091
18560.1324590164,40.65070645
18562.9521311475,39.95239186
18565.7718032787,43.3290722600041
18567.1816393443,46.9349017200035
18568.5914754098,49.99079872
18570.0013114754,49.7642252
18571.411147541,47.65416721
18572.8209836066,45.9084746500019
18574.2308196721,47.5411271799987
18575.6406557377,46.39634257
18577.0504918033,44.11083731
18578.4603278689,44.4035352
18579.8701639344,46.0861888000063
18581.28,51.6074002900023
18582.6898360656,53.63081405
18584.0996721311,50.04724902
18585.5095081967,45.99065453
18586.9193442623,44.1670130800024
18588.3291803279,46.2585429100061
18589.7390163934,51.58330318
18591.148852459,56.79885108
18591.8537704918,52.72085773
18592.5586885246,47.6459840400027
18593.2636065574,49.9749341300041
18593.9685245902,53.53466756
18595.3783606557,54.11262458
18596.7881967213,52.77221903
18599.6078688525,52.0759140200007
18602.4275409836,52.7337001200025
18605.2472131148,54.9575613
18608.0668852459,59.3438097
18613.7062295082,62.71579421
18619.3455737705,61.8458088300005
18624.9849180328,62.3069845300009
18630.6242622951,63.13729873
18641.9029508197,62.88348382
18653.1816393443,61.59065051
18664.4603278689,55.0173191999935
18670.0996721311,49.3226929199973
18672.9193442623,46.92950686
18675.7390163934,47.85485266
18677.148852459,50.07165849
18678.5586885246,53.1736544400018
18679.9685245902,54.7843822700014
18681.3783606557,56.01551381
18682.7881967213,57.96665698
18684.1980327869,59.12560472
18685.6078688525,57.3323535799999
18687.017704918,57.2683762699994
18689.8373770492,56.75969226
18692.6570491803,54.67982161
18698.2963934426,56.96565504
18703.9357377049,60.8592345300009
18709.5750819672,61.648198699999
18715.2144262295,60.76130187
18720.8537704918,63.79282464
18722.2636065574,64.70875607
18723.6734426229,61.7028086499993
18726.4931147541,61.1088323200076
18729.3127868852,67.78950411
18732.1324590164,72.2204307
18737.7718032787,70.94418683
18740.5914754098,68.5450369199973
18743.411147541,66.2053055700013
18749.0504918033,67.33894683
18754.6898360656,65.79557117
18760.3291803279,61.23179429
18765.9685245902,53.2302342100019
18771.6078688525,54.8992706400075
18777.2472131148,61.47619828
18782.886557377,66.044862
18785.7062295082,66.03983003
18788.5259016393,67.6123578699993
18794.1652459016,67.0038671099947
18796.9849180328,62.36112357
18799.8045901639,55.38049727
18802.6242622951,53.94972777
18805.4439344262,53.1718509399988
18808.2636065574,52.1320300900055
18811.0832786885,56.9492877
18822.3619672131,64.67099367
18828.0013114754,70.02071086
18833.6406557377,71.6654137799999
18839.28,71.5930867899992
18844.9193442623,70.9255245
18850.5586885246,74.43654379
18856.1980327869,77.54395187
18861.8373770492,72.6141572899928
18867.4767213115,66.3182994499932
18873.1160655738,60.30499239
18878.7554098361,63.06864169
18884.3947540984,69.97773112
18890.0340983607,72.1308865799982
18895.673442623,70.5652872400002
18901.3127868852,70.71018862
18906.9521311475,75.88423682
18912.5914754098,80.06720227
18918.2308196721,75.3972903299949
18923.8701639344,70.9129693099978
18929.5095081967,68.97166098
18935.148852459,66.17389999
18940.7881967213,64.03965298
18946.4275409836,64.1818457299958
18952.0668852459,60.4406566799954
18957.7062295082,56.37442246
18963.3455737705,50.31081719
18968.9849180328,49.45517679
18974.6242622951,53.2060088400115
18977.4439344262,54.0482919099981
18980.2636065574,52.39669978
18983.0832786885,52.6264275
18985.9029508197,53.25389701
18988.7226229508,52.5261458200057
18991.542295082,57.5527330000053
18994.3619672131,62.21883257
18997.1816393443,63.47137713
19000.0013114754,61.87580679
19001.411147541,58.7620876799995
19002.8209836066,58.3068500000001
19005.6406557377,58.39470501
19008.4603278689,53.09292823
19011.28,48.25433388
19014.0996721311,48.7894092899999
19016.9193442623,48.6766691299995
19019.7390163934,48.2468001
19025.3783606557,49.54454929
19028.1980327869,59.02626651
19031.017704918,68.0727497700011
19033.8373770492,69.0362946999929
19036.6570491803,62.77776556
19039.4767213115,55.57913197
19042.2963934426,47.08248963
19047.9357377049,43.1125298600047
19053.5750819672,47.2272680100021
19059.2144262295,49.09526216
19064.8537704918,47.88626778
19070.4931147541,49.84296674
19076.1324590164,52.3035189300062
19081.7718032787,57.79559723001
19087.411147541,66.57427402
19093.0504918033,72.45563019
19098.6898360656,74.4214786
19104.3291803279,69.95149524999
19109.9685245902,61.1527091599946
19115.6078688525,56.36958692
19121.2472131148,58.91555774
19126.8865573771,66.28404075
19129.7062295082,65.3951258399901
19132.5259016393,56.6909997299947
19133.9357377049,56.24214031
19135.3455737705,64.35465208
19136.7554098361,63.71175078
19138.1652459016,57.3102133699939
19139.5750819672,51.9625602900006
19140.9849180328,52.47791312
19143.8045901639,58.77553251
19149.4439344262,61.39703698
19155.0832786885,58.0182540999964
19160.7226229508,54.8249600100031
19166.3619672131,57.57793943
19167.7718032787,62.27330967
19169.1816393443,70.70383131
19170.5914754098,69.6108518299911
19172.0013114754,61.7549640199914
19173.411147541,54.15526056
19174.8209836066,54.62705138
19176.2308196721,58.53145641
19177.6406557377,51.6328494499922
19179.0504918033,44.8134844699963
19180.4603278689,41.59555221
19181.8701639344,43.59781715
19183.28,46.10940233
19184.6898360656,48.6441016799995
19186.0996721312,48.222414779995
19187.5095081967,43.8441035
19188.9193442623,41.90735059
19191.7390163934,43.76699722
19194.5586885246,45.6397986200005
19197.3783606557,46.0705751900016
19200.1980327869,47.44710823
19203.017704918,48.43522659
19205.8373770492,46.90515738
19208.6570491803,46.0554418499999
19211.4767213115,45.9998157000004
19217.1160655738,46.31113827
19222.7554098361,48.89032951
19228.3947540984,56.21410924
19234.0340983607,56.5053529099945
19239.673442623,51.679992839994
19245.3127868852,46.43093327
19250.9521311475,47.46156919
19256.5914754098,47.79769046
19267.8701639344,51.936081380006
19279.148852459,57.1974458500102
19290.4275409836,66.16000246
19301.7062295082,72.45190519
19307.3455737705,70.47506031
19312.9849180328,67.8715524299986
19324.2636065574,66.6789551699997
19335.542295082,66.38524444
19346.8209836066,69.35839226
19352.4603278689,69.70052818
19358.0996721312,64.5461913399953
19363.7390163935,60.4468847199961
19369.3783606557,57.01796606
19375.017704918,57.69472262
19380.6570491803,58.90451713
19386.2963934426,56.7837578099985
19391.9357377049,55.4752679799981
19394.7554098361,53.80893599
19397.5750819672,53.64749422
19400.3947540984,53.97873933
19403.2144262295,55.6862546199981
19406.0340983607,54.0358936799973
19408.8537704918,51.68487424
19411.673442623,51.88641462
19414.4931147541,49.48722083
19417.3127868853,50.2149484100052
19420.1324590164,54.8045019600069
19422.9521311475,60.83603076
19425.7718032787,62.47119703
19428.5914754098,60.80566263
19431.411147541,58.3117153999949
19437.0504918033,53.8639562299982
19442.6898360656,52.26800278
19448.3291803279,51.22790589
19453.9685245902,52.90220389
19459.6078688525,55.2227553499989
19465.2472131148,54.75611637
19470.8865573771,52.26533609
19476.5259016394,50.23283041
19482.1652459016,53.63594781
19487.8045901639,59.6665285900029
19493.4439344262,60.93307679
19499.0832786885,61.38935961
19504.7226229508,60.45370322
19510.3619672131,56.81695696
19516.0013114754,56.3656043400066
19521.6406557377,59.27160533
19527.28,59.23082859
19530.0996721311,53.20767661
19532.9193442623,49.13405654
19535.7390163935,48.1979697800078
19538.5586885246,51.63747498
19541.3783606557,54.48194007
19544.1980327869,54.70080868
19547.017704918,48.45001829
19549.8373770492,42.5042289800166
19552.6570491803,49.81963456
19555.4767213115,57.04434758
19561.1160655738,58.5445915
19566.7554098361,53.95218392
19572.3947540984,51.8920270599938
19589.3127868852,49.1485644
19611.8701639344,50.66676495
19628.7881967213,59.1412061
19645.7062295082,65.42336609
19651.3455737705,62.4263328699852
19656.9849180328,55.89721935
19662.6242622951,48.05266025
19668.2636065574,48.30399658
19673.9029508197,52.7622417
19679.542295082,53.8832106300038
19685.1816393443,55.54359686
19690.8209836066,58.5535922
19696.4603278689,63.28453385
19707.7390163934,66.29290371
19713.3783606557,68.8492286699969
19719.017704918,67.4814893
19724.6570491803,66.23606553
19730.2963934426,67.80835751
19735.9357377049,72.63568299
19741.5750819672,75.5581746900041
19747.2144262295,77.37390838
19752.8537704918,81.53461228
19758.4931147541,81.79050799
19764.1324590164,77.26916995
19769.7718032787,67.7497773299964
19775.411147541,66.16977236
19781.0504918033,66.61547589
19786.6898360656,66.39128951
19792.3291803279,66.34977298
19797.9685245902,68.8003755799918
19803.6078688525,65.17819751
19809.2472131148,59.52663518
19814.8865573771,58.75862944
19820.5259016393,65.75452276
19826.1652459016,69.4090439599928
19831.8045901639,66.25773965
19837.4439344262,59.16869633
19843.0832786885,55.33470775
19848.7226229508,59.13309567
19854.3619672131,65.1770921300126
19860.0013114754,70.70163919
19865.6406557377,70.85403191
19871.28,66.83669362
19876.9193442623,59.10754901
19882.5586885246,55.6946304600037
19888.1980327869,57.32318254
19893.8373770492,62.74692674
19899.4767213115,63.07312589
19905.1160655738,61.75255487
19910.7554098361,60.9896369199992
19916.3947540984,60.65212715
19922.0340983607,60.65689024
19927.673442623,61.74303514
19933.3127868852,59.56376683
19938.9521311475,57.704914950005
19944.5914754098,59.90421938
19950.2308196721,61.33596387
19955.8701639344,57.40115115
19961.5095081967,53.86540945
19967.148852459,52.5110039999981
19969.9685245902,51.69400492
19972.7881967213,51.10417852
19978.4275409836,51.94261866
19984.0668852459,54.22051408
19989.7062295082,56.0524458599963
19992.5259016393,54.42759054
19995.3455737705,57.62455664
20000.9849180328,62.65033978
20006.6242622951,66.15050627
20012.2636065574,69.454609980013
20017.9029508197,75.18528178
20023.542295082,73.24004275
20026.3619672131,66.50188719
20029.1816393443,55.77684295
20032.0013114754,49.1470366999926
20034.8209836066,45.87842075
20040.4603278689,44.97907076
20046.0996721311,44.56945304
20051.7390163934,43.41085586
20057.3783606557,42.9683746400004
20063.017704918,43.1612415
20065.8373770492,45.55864267
20068.6570491803,50.8235547
20074.2963934426,55.40907051
20079.9357377049,58.1582776099964
20085.5750819672,56.56642989
20088.3947540984,51.49327446
20091.2144262295,52.54974148
20094.0340983607,56.81687493
20096.8537704918,56.984027129992
20102.4931147541,53.44568787
20108.1324590164,54.75892728
20113.7718032787,52.93840151
20115.1816393443,49.1267705
20116.5914754098,49.7825248500028
20118.0013114754,51.01651841
20119.411147541,50.04622386
20120.8209836066,48.2263522
20122.2308196721,50.29096917
20123.6406557377,50.6663273299984
20125.0504918033,49.96951531
20127.8701639344,50.78758934
20130.6898360656,51.2487257
20141.9685245902,52.06614203
20153.2472131148,52.4158497200008
20158.886557377,52.79001252
20170.1652459016,54.64491868
20181.4439344262,56.14322099
20192.7226229508,54.34555162
20204.0013114754,51.8705306499987
20215.28,51.29778499
20226.5586885246,52.46637969
20237.8373770492,52.92679826
20249.1160655738,52.25522749
20260.3947540984,53.5339202799976
20271.673442623,52.49243365
20282.9521311475,51.30025612
20288.5914754098,54.01006942
20294.2308196721,56.59117481
20299.8701639344,56.5010555399961
20305.5095081967,54.77944233
20311.148852459,54.71709835
20316.7881967213,56.0125964
20322.4275409836,58.29202345
20328.0668852459,61.9719408899946
20333.7062295082,59.61195848
20339.3455737705,52.75434094
20344.9849180328,46.50205314
20350.6242622951,44.68586436
20356.2636065574,43.8858989600067
20361.9029508197,46.85031326
20367.542295082,50.4248477
20373.1816393443,52.662091
20378.8209836066,56.56207178
20384.4603278689,59.889663749997
20390.0996721311,58.55100647
20395.7390163934,57.35446449
20401.3783606557,58.40652187
20407.017704918,57.67733626
20412.6570491803,57.9400800299941
20418.2963934426,55.36568467
20423.9357377049,54.25105313
20429.5750819672,53.24022115
20435.2144262295,51.09489982
20440.8537704918,50.1454024300025
20446.4931147541,51.25044571
20452.1324590164,49.62149446
20457.7718032787,45.84092217
20460.5914754098,42.86315869
20463.411147541,43.4763388200025
20466.2308196721,44.5560973
20469.0504918033,46.29164462
20471.8701639344,49.17885302
20474.6898360656,54.14538408
20480.3291803279,54.6647375999931
20485.9685245902,51.62633948
20491.6078688525,53.39786378
20497.2472131148,55.15397841
20500.0668852459,54.79320835
20502.8865573771,55.3106999599939
20508.5259016393,52.64374922
20514.1652459016,51.97402867
20519.8045901639,55.88232668
20525.4439344262,55.0776765
20531.0832786885,54.3176767500023
20533.9029508197,55.31974647
20536.7226229508,58.05368254
20539.542295082,59.29379648
20542.3619672131,56.5010897
20548.0013114754,57.3713627999968
20553.6406557377,55.97846478
20559.28,53.32310087
20564.9193442623,52.84956248
20570.5586885246,52.60147667
20576.1980327869,51.7441856599972
20581.8373770492,50.50953501
20587.4767213115,53.64275452
20593.1160655738,53.88574809
20598.7554098361,52.93082607
20604.3947540984,52.6680843899999
20610.0340983607,52.62692039
20615.673442623,47.9036142
20621.3127868852,46.65031452
20626.9521311475,48.1498165
20632.5914754098,51.0342085400066
20638.2308196721,53.92411115
20643.8701639344,56.39064208
20649.5095081967,59.73233186
20655.148852459,61.99867243
20660.7881967213,62.225984980003
20666.4275409836,63.53468089
20672.0668852459,60.71603614
20677.7062295082,57.33381511
20683.3455737705,54.65781183
20686.1652459016,53.544528320007
20688.9849180328,56.61445759
20691.8045901639,60.13163307
20694.6242622951,63.5556154
20697.4439344262,65.18154247
20700.2636065574,60.8785392599957
20703.0832786885,59.00889005
20705.9029508197,61.88912167
20708.7226229508,61.0301305
20711.542295082,57.51756276
20717.1816393443,58.0928096500028
20722.8209836066,59.33601871
20728.4603278689,59.82881857
20731.28,59.12957127
20734.0996721311,60.16814164
20736.9193442623,60.4115266900004
20739.7390163934,60.5798697
20742.5586885246,62.81769137
20745.3783606557,66.23915509
20748.1980327869,65.09756975
20751.017704918,57.8032461499801
20753.8373770492,49.06342849
20756.6570491803,44.45798881
20759.4767213115,42.87786421
20762.2963934426,41.89291816
20765.1160655738,43.0117786100053
20767.9357377049,45.3336559
20770.7554098361,49.82019559
20773.5750819672,48.86736526
20776.3947540984,46.32390182
20779.2144262295,47.2265607599988
20782.0340983607,46.71007837
20784.8537704918,47.66566151
20786.2636065574,51.66198872
20787.6734426229,53.36389342
20790.4931147541,55.3657958900032
20793.3127868853,56.78464949
20796.1324590164,57.11433693
20798.9521311475,55.59366413
20801.7718032787,54.17074898
20804.5914754098,51.5128558899963
20807.411147541,49.87000026
20808.8209836066,50.5022578
20810.2308196721,50.78877615
20811.6406557377,50.24702149
20813.0504918033,49.3943923399981
20814.4603278689,48.54041301
20815.8701639344,49.34683594
20817.28,50.06515029
20818.6898360656,49.66073638
20820.0996721311,48.942701120001
20821.5095081967,49.39159075
20822.9193442623,48.54045618
20824.3291803279,50.6196632
20825.7390163934,53.56245161
20827.148852459,52.642601529994
20828.5586885246,49.98340169
20829.9685245902,47.80582992
20831.3783606557,50.08358457
20832.7881967213,51.95194774
20834.1980327869,49.2122345899999
20835.6078688525,49.1849908
20837.017704918,49.85220156
20838.4275409836,50.63471739
20839.8373770492,51.10763847
20841.2472131148,50.4166028099963
20842.6570491803,48.79041494
20844.0668852459,46.28755768
20845.4767213115,48.19363688
20846.8865573771,53.62455415
20848.2963934426,51.3787432999926
20849.7062295082,48.13648172
20851.1160655738,47.39834079
20852.5259016393,49.41062971
20853.9357377049,50.85935942
20855.3455737705,49.6502814200006
20856.7554098361,49.91286141
20858.1652459016,53.89244234
20859.5750819672,53.92649586
20860.9849180328,48.37075425
20862.3947540984,46.1082072199984
20863.8045901639,45.41893655
20866.6242622951,49.43701503
20869.4439344262,52.96477443
20872.2636065574,51.74142157
20873.673442623,49.4741444300044
20875.0832786885,51.39609886
20876.4931147541,51.04683659
20877.9029508197,49.53699767
20879.3127868852,50.63899097
20880.7226229508,55.3264242100027
20882.1324590164,56.49654041
20883.542295082,55.4881794
20884.9521311475,53.1766529
20886.3619672131,52.65192064
20887.7718032787,53.49586624
20889.1816393443,53.51619458
20890.5914754098,54.26344774
20892.0013114754,51.64160173
20894.8209836066,51.3746857
20897.6406557377,54.0358617300102
20900.4603278689,58.54221568
20903.28,58.07986321
20906.0996721311,55.78632031
20908.9193442623,55.10504637
20911.7390163935,56.1227109899993
20914.5586885246,55.79597193
20917.3783606557,54.75600617
20920.1980327869,56.1070847
20923.017704918,56.72991245
20925.8373770492,57.3165502700019
20928.6570491803,58.16072727
20931.4767213115,56.62124357
20934.2963934426,54.34914772
20937.1160655738,53.15030873
20939.9357377049,54.9965009300015
20942.7554098361,55.67509151
20945.5750819672,56.78863858
20948.3947540984,58.01034347
20951.2144262295,56.59817188
20954.0340983607,52.599629549996
20956.8537704918,50.81904324
20959.673442623,52.55249286
20965.3127868852,54.21307068
20968.1324590164,54.2061666
20970.9521311475,54.8364259399974
20973.7718032787,53.69845637
20976.5914754098,49.89767624
20979.411147541,51.36867234
20982.2308196721,53.59638413
20985.0504918033,52.7420124799998
20987.8701639344,52.65571867
20990.6898360656,52.32779838
20993.5095081967,53.01367331
20999.148852459,55.50963105
21004.7881967213,55.0664957499949
21010.4275409836,52.84516074
21016.0668852459,52.36781706
21021.7062295082,53.50448894
21027.3455737705,52.95849086
21032.9849180328,49.3552016799822
21038.6242622951,41.54510693
21044.2636065574,40.93783955
21049.9029508197,46.00721502
21052.7226229508,50.35537278
21055.542295082,51.614080370003
21058.3619672131,52.91718081
21061.1816393443,52.38835094
21064.0013114754,48.77945168
21066.8209836066,43.73952531
21069.6406557377,44.1278200500044
21072.4603278689,46.04412877
21075.28,47.63075759
21078.0996721312,49.89647566
21080.9193442623,51.09918474
21083.7390163934,50.3593043899988
21086.5586885246,49.82374765
21089.3783606557,51.49833876
21092.1980327869,53.9535581
21095.017704918,51.88498549
21097.8373770492,48.7599090199971
21100.6570491803,47.49790872
21103.4767213115,48.77123687
21106.2963934426,49.95654832
21109.1160655738,51.18470486
21114.7554098361,47.8418636599904
