"AGE","GR"
442.364388548734,6.56105590551181
445.475426112858,6.34679343832021
447.808704285951,6.23357690288714
450.141982459044,6.2407905511811
453.253020023167,6.19545721784777
456.364057587291,6.30069790026246
459.475095151415,6.57132755905512
462.586132715539,6.83576850393701
465.697170279662,7.14550236220471
468.808207843786,7.48750866141731
471.141486016879,8.08218162729661
472.697004798941,8.51994251968507
474.252523581003,8.80656850393702
475.808042363065,8.6434965879265
477.363561145127,8.33161312335957
478.919079927189,7.95087480314958
480.47459870925,7.56312152230969
482.030117491312,7.32710787401573
483.585636273374,7.13233149606299
485.141155055436,6.97113884514435
486.696673837498,6.8851309711286
488.25219261956,6.73246692913384
489.807711401622,6.49065065616796
491.363230183683,6.34127559055118
492.918748965746,6.28788740157481
494.474267747808,6.58375196850396
496.029786529869,6.9420254593176
497.585305311931,7.22463700787404
499.140824093993,7.52313044619423
500.696342876055,7.69177112860893
502.251861658117,7.86297480314961
503.807380440179,7.90760997375328
505.362899222241,7.80225695538057
506.918418004302,7.64687952755904
508.473936786364,7.66418713910761
510.029455568426,7.61587742782152
512.362733741519,7.63696141732284
515.473771305643,7.57259842519686
518.584808869767,7.77629973753283
521.69584643389,7.98418425196851
524.806883998014,8.09263543307086
527.917921562138,7.7911244094488
531.028959126262,7.55502677165353
534.139996690386,7.38103543307086
537.251034254509,7.26891758530184
540.362071818633,7.33556535433071
543.473109382757,7.36301312335957
546.584146946881,7.22943937007873
548.139665728943,7.31747401574806
549.695184511005,7.77408425196851
551.250703293066,8.49489396325461
552.806222075128,8.94659527559056
553.583981466159,9.13193674540683
555.917259639252,9.1196559055118
559.028297203376,8.98465590551181
562.1393347675,9.15208687664043
563.694853549561,9.29253517060368
566.805891113685,9.36535196850394
568.361409895747,9.36721286089238
569.916928677809,9.05795223097113
571.472447459871,8.70231338582676
573.027966241933,8.35143202099736
574.583485023995,8.08753753280839
575.361244415026,7.82142519685037
576.139003806057,7.41723175853018
576.916763197088,7.04403280839894
578.472281979149,6.88181102362204
580.027800761211,6.82746745406824
581.583319543273,7.05760393700789
583.138838325335,7.46873622047244
584.694357107397,8.10316430446196
585.472116498428,8.68368398950133
586.249875889459,8.61529921259839
587.02763528049,8.09803937007873
587.416514976005,8.38444566929134
587.805394671521,8.8861937007874
588.583154062552,8.99524488188977
589.360913453583,9.14421076115486
589.749793149098,9.31244251968505
590.138672844614,9.43721233595801
590.527552540129,9.65663700787402
590.916432235645,9.78655826771654
591.30531193116,9.78896299212598
591.694191626676,9.7044716535433
592.083071322191,9.5318062992126
592.471951017706,9.35961601049868
592.860830713222,8.98034881889763
593.249710408737,8.51842598425195
594.027469799768,8.14423963254593
594.805229190799,8.01925170603675
595.58298858183,7.93634409448819
596.360747972861,8.14841469816274
597.138507363892,8.5103254593176
597.916266754923,8.60121338582677
598.694026145954,8.32991102362205
599.471785536985,8.15084435695538
600.249544928016,8.00212125984252
601.027304319047,7.94563569553806
602.582823101109,7.86587244094488
604.138341883171,7.8023874015748
605.693860665232,7.88005144356955
607.249379447295,8.20702230971129
608.804898229356,8.53572047244096
610.360417011418,8.9441850393701
611.91593579348,9.38557427821521
613.471454575542,10.0330511811024
616.582492139666,10.4845467191601
619.69352970379,10.4173496062992
622.804567267913,10.9186181102362
625.915604832037,11.151962992126
629.026642396161,11.3560433070866
632.137679960285,11.6118070866142
635.248717524408,11.7983
638.359755088532,12.1314671916011
640.693033261625,11.5159929133858
642.248552043687,11.4116333333333
643.804070825749,11.5439514435696
645.359589607811,11.052011023622
646.915108389873,10.4101858267716
648.470627171934,9.9077908136483
650.026145953997,9.75703385826772
651.581664736058,9.75872519685039
653.13718351812,10.027401312336
654.692702300182,10.1878937007874
656.248221082244,10.0387703412074
657.803739864306,9.44634934383203
659.359258646368,9.01763070866142
660.91477742843,9.5904475065617
663.248055601523,10.4923608923885
665.581333774615,10.8201236220472
667.136852556677,10.911531496063
668.692371338739,10.9268884514436
670.247890120801,11.0777062992126
671.803408902863,11.5852664041995
673.358927684925,12.4717086614174
674.914446466987,13.5086850393701
676.469965249049,13.7444611548556
678.02548403111,13.0420771653543
680.358762204203,12.1161716535432
683.469799768327,11.2488929133858
686.580837332451,10.487179527559
689.691874896575,10.258262992126
692.802912460699,10.3470322834646
695.913950024822,10.3637186351706
699.024987588946,10.5839905511811
702.13602515307,11.0603160104987
705.247062717194,12.3520068241471
708.358100281317,13.7143291338583
711.469137845441,13.4995994750656
714.580175409565,12.9660257217848
717.691212973689,12.8470188976378
719.24673175575,12.9589994750656
720.802250537812,12.9679538057743
722.357769319874,12.3973921259842
723.135528710905,11.4458120734908
723.913288101936,10.4902343832021
724.691047492967,9.6899866141732
725.468806883998,9.63574776902887
726.246566275029,10.0391427821523
727.02432566606,10.2566661417323
727.802085057091,10.3837984251969
728.579844448122,10.8222419947507
729.357603839153,11.2107283464567
730.135363230184,11.5817721784777
730.913122621215,11.9933139107612
731.690882012246,11.2569118110236
732.468641403277,9.74336587926502
733.246400794307,9.00401837270342
734.024160185338,9.24820000000001
734.801919576369,9.44675538057743
736.357438358431,9.70647559055119
737.912957140493,10.1860267716536
739.468475922555,11.0537695538058
741.023994704617,12.2435753280841
742.579513486679,14.7181236220473
744.135032268741,16.2811448818898
745.690551050803,15.8825884514435
746.468310441834,15.0125944881889
747.246069832865,14.1144881889763
748.023829223896,12.9864551181102
748.801588614926,12.3061047244094
749.579348005957,11.8350664041995
751.134866788019,11.3863503937008
752.690385570081,11.1342559055118
754.245904352143,10.9596900262467
755.801423134205,10.798917847769
757.356941916267,10.6857724409449
758.912460698329,10.7953902887139
760.467979480391,10.8609272965879
762.023498262452,11.1293023622047
763.579017044514,11.0151154855643
765.134535826576,9.73501837270339
766.690054608638,9.59078425196852
768.2455733907,9.7480346456693
769.801092172762,9.74795433070866
771.356610954824,9.82639921259843
772.912129736886,9.89729055118111
774.467648518948,10.1293102362205
776.023167301009,10.6619984251969
777.578686083071,11.1810902887139
779.134204865133,11.9177312335958
779.911964256164,13.0244732283465
781.467483038226,14.3935000000001
783.023001820288,15.2840257217848
784.57852060235,15.5688952755906
790.800595730597,15.1359482939632
793.911633294721,14.3811776902887
798.578189640907,13.5125535433071
803.244745987093,12.9620433070866
804.800264769154,12.6928577427822
807.911302333278,12.482325984252
809.46682111534,12.185480839895
811.022339897402,11.8117524934383
812.577858679464,11.3378440944882
814.133377461526,10.9008624671916
815.688896243588,10.4788286089239
817.24441502565,10.0648929133858
818.022174416681,9.71771916010498
818.799933807711,9.51035039370078
820.355452589773,9.39665433070866
821.133211980804,9.26873727034121
821.910971371835,9.31013884514436
823.466490153897,9.4735283464567
825.022008935959,9.51331417322834
828.133046500083,9.49620288713911
831.244084064207,9.57439763779528
834.35512162833,9.59220052493438
837.466159192454,9.53409921259842
839.021677974516,9.420168503937
840.577196756578,9.03973333333334
842.13271553864,8.68932519685039
843.688234320702,9.23768897637796
845.243753102764,9.72733569553806
848.354790666887,9.78445511811024
851.465828231011,9.88002047244095
854.576865795135,10.5298729658793
857.687903359259,11.3886947506562
860.798940923382,11.864046456693
863.909978487506,12.1320918635171
867.02101605163,12.1658
870.132053615754,12.0337102362205
873.243091179878,11.8535475065617
876.354128744001,11.4831225721784
879.465166308125,10.9503645669291
882.576203872249,10.3557275590551
885.687241436373,9.8859532808399
887.242760218435,9.75085669291339
888.798279000496,9.97280341207354
890.353797782558,10.1904283464567
891.90931656462,10.3724094488189
893.464835346682,10.8238590551181
895.020354128744,11.6757700787402
896.575872910806,12.6680535433071
898.131391692868,12.6751236220472
899.68691047493,12.2726354330708
901.242429256991,11.7690196850394
902.797948039054,11.5926089238845
904.353466821115,11.5844062992126
905.908985603177,11.8476212598425
907.464504385239,11.6119758530184
909.020023167301,11.226112335958
910.517654528478,10.7963133858268
911.21718767507,10.4703637795275
911.916720821662,10.2910451443569
913.315787114846,10.3249929133858
914.71485340803,10.3647251968504
916.113919701214,10.5681656167979
917.512985994398,10.6390346456693
918.912052287582,10.38608503937
920.311118580766,9.93453018372702
921.010651727358,9.45895590551182
921.710184873949,9.1493430446194
922.409718020542,8.95019133858267
923.109251167133,9.18774330708664
923.808784313725,9.49686692913386
924.508317460318,9.6253498687664
925.20785060691,9.66362992125984
925.907383753501,9.46122703412071
927.306450046685,9.37730892388452
928.705516339869,9.55351102362205
930.104582633053,9.71220761154855
931.503648926237,9.7139650918635
932.902715219421,9.49481732283462
934.301781512605,9.78499527559058
935.700847805789,10.094993175853
937.099914098973,10.2332535433071
937.799447245565,10.3600603674541
938.498980392157,10.239386351706
939.198513538749,9.82506850393697
939.898046685341,9.52453674540682
940.597579831933,9.32389160104987
941.297112978525,9.12277480314959
942.696179271709,8.94700997375326
944.095245564893,9.41043937007878
945.494311858077,9.92469921259843
946.893378151261,10.0283606299213
948.292444444444,9.73288005249343
949.691510737628,9.67584330708662
951.090577030812,9.73921601049869
952.489643323996,10.0018175853018
953.88870961718,10.372
956.686842203548,10.3273952755906
958.085908496732,10.2320398950131
959.484974789916,10.4847559055119
960.8840410831,11.1529832020997
962.283107376284,11.6174475065617
963.682173669468,11.6637818897638
965.081239962652,11.6912175853019
966.480306255836,11.9067464566929
967.87937254902,11.6023929133858
969.278438842204,11.3500816272966
970.677505135387,10.8637952755905
972.076571428571,10.2622897637795
973.475637721755,9.67565721784773
974.874704014939,9.15205091863517
976.273770308123,8.94452677165353
977.672836601307,9.1715346456693
979.071902894491,9.69964881889771
980.470969187675,10.4365472440945
981.870035480859,11.5011776902887
983.269101774043,12.4155750656168
984.668168067227,12.9126354330709
986.067234360411,12.8607829396325
987.466300653595,12.642875328084
988.865366946779,12.6826244094488
990.264433239963,12.384469816273
991.663499533147,11.6282322834646
993.06256582633,11.2045188976378
994.461632119515,11.2394908136483
995.860698412698,11.4438272965879
997.259764705882,11.6245338582677
998.658830999066,11.6782921259843
1000.05789729225,11.7917133858268
1001.45696358543,11.9947937007874
1002.85602987862,12.3503283464567
1004.2550961718,12.8250091863517
1005.65416246499,13.5636811023622
1007.05322875817,14.0709874015748
1008.45229505135,13.9988905511811
1009.85136134454,13.8268559055118
1011.25042763772,13.5924818897638
1012.64949393091,13.4198811023622
1014.04856022409,13.5501236220473
1015.44762651727,14.0336367454068
1016.84669281046,14.8740627296588
1018.24575910364,14.7893393700788
1019.64482539683,14.207542519685
1021.04389169001,13.4972989501311
1022.44295798319,12.6247645669291
1023.84202427638,11.859208136483
1025.24109056956,11.3461897637795
1026.64015686275,11.1605047244094
1028.03922315593,11.1505884514436
1029.43828944911,11.3493270341207
1030.8373557423,11.8264212598425
1032.23642203548,11.9439790026247
1033.63548832866,11.5528041994751
1035.03455462185,11.09428503937
1036.43362091503,11.1380669291339
1037.83268720822,11.7627362204724
1039.2317535014,12.2673929133858
1040.63081979458,12.5429165354331
1042.02988608777,12.3444965879265
1043.42895238095,12.1578937007874
1044.82801867414,12.1244312335958
1046.22708496732,12.0109939632546
1047.6261512605,11.9891
1049.02521755369,12.3656028871391
1050.42428384687,12.4821262467192
1051.82335014006,12.4721732283465
1053.22241643324,12.7477509186351
1054.62148272642,13.3372076115486
1056.02054901961,13.7441590551181
1057.41961531279,12.9885782152231
1058.81868160598,12.3439351706037
1060.21774789916,11.8581976377953
1061.61681419234,11.1936412073491
1063.01588048553,10.7957099737532
1064.41494677871,10.3180748031496
1065.8140130719,9.93569842519685
1067.21307936508,9.97054041994749
1068.61214565826,10.2723866141732
1070.01121195145,10.8088223097113
1071.41027824463,11.1963199475066
1072.80934453782,11.3308062992126
1074.208410831,11.5899989501312
1075.60747712418,11.7849871391076
1077.00654341737,11.9130039370079
1078.40560971055,12.0963803149606
1079.80467600373,12.176945144357
1081.20374229692,12.1727661417323
1082.6028085901,12.2005036745407
1084.00187488329,12.0305236220472
1085.40094117647,11.5792559055118
1086.80000746965,10.9756611548557
1088.19907376284,11.0332952755905
1089.59814005602,11.3014401574803
1090.99720634921,10.9449992125984
1092.39627264239,10.5562871391076
1093.09580578898,10.2365385826772
1093.79533893557,10.0702992125984
1094.49487208217,9.88748293963255
1095.19440522876,9.81927007874016
1096.59347152194,9.98975301837271
1097.99253781513,10.3892758530184
1099.39160410831,11.4321259842518
1100.79067040149,12.2807013123359
1102.18973669468,12.5454716535433
1103.58880298786,12.4502133858268
1104.98786928105,12.0047551181103
1106.38693557423,11.5839787401575
1107.78600186741,11.1995779527559
1109.1850681606,10.7782446194226
1110.58413445378,10.4661312335958
1111.98320074697,10.1585212598425
1113.38226704015,9.90371338582679
1114.78133333333,9.78639317585302
1116.18039962652,9.99676377952758
1117.5794659197,10.2781157480315
1118.97853221289,10.5864317585302
1120.37759850607,10.9238149606299
1121.77666479925,10.9570755905512
1123.17573109244,10.7347215223097
1124.57479738562,10.6064511811024
1125.9738636788,10.4794606299213
1126.6733968254,10.3599611548556
1127.37292997199,10.4368173228346
1128.07246311858,10.8166530183728
1128.77199626517,11.3286475065618
1129.47152941176,12.4719551181103
1130.17106255836,13.50867664042
1132.96919514472,14.0848719160105
1135.76732773109,14.374694488189
1137.16639402428,14.5237430446194
1138.56546031746,14.6974380577428
1139.96452661064,14.5522622047244
1141.36359290383,14.6734627296588
1145.56079178338,15.1320535433071
1146.95985807656,15.1974472440945
1148.35892436975,14.3671309711285
1149.75799066293,13.0162713910761
1151.15705695612,12.7509007874016
1151.85659010271,12.8251895013124
1152.5561232493,13.0408104986876
1153.25565639589,12.7792629921259
1153.95518954248,12.2427062992126
1154.65472268908,11.7924322834645
1155.35425583567,11.2529212598424
1156.05378898226,10.7390186351705
1156.75332212885,10.2720128608924
1157.45285527544,10.0941480314961
1158.15238842204,10.1861049868767
1158.85192156863,10.3593270341208
1159.55145471522,10.3492220472441
1160.25098786181,10.4137758530184
1160.9505210084,10.6974598425197
1161.650054155,10.924468503937
1162.34958730159,10.9109023622047
1163.04912044818,10.961737007874
1163.74865359477,10.9421653543307
1165.14771988795,11.1847485564304
1166.54678618114,11.3371874015748
1167.94585247432,11.3411244094488
1169.34491876751,11.1955212598425
1170.74398506069,11.0171307086614
1172.14305135387,11.1126551181102
1173.54211764706,11.3154464566929
1174.94118394024,11.5159241469817
1176.34025023343,12.1481338582678
1177.73931652661,12.696708136483
1179.13838281979,12.9063543307087
1180.53744911298,12.7847039370079
1181.93651540616,12.1488958005249
1183.33558169935,11.9171582677166
1184.73464799253,12.1276007874016
1186.13371428571,11.8291968503937
1187.5327805789,11.1961154855643
1188.93184687208,10.5448779527558
1190.33091316527,9.94920971128603
1191.72997945845,9.58873044619422
1193.12904575163,9.44802519685039
1194.52811204482,9.43575485564305
1195.927178338,9.45385564304463
1197.32624463119,9.60653937007877
1198.72531092437,10.0488963254593
1200.12437721755,10.4733272965879
1201.52344351074,10.9452440944882
1202.92250980392,11.3352167979003
1204.32157609711,11.4534322834646
1205.72064239029,11.4424047244095
1207.11970868347,11.4688850393701
1208.51877497666,11.565694488189
1209.91784126984,12.0488125984253
1211.31690756303,12.9798000000001
1212.71597385621,13.6907855643045
1214.11504014939,13.3327110236221
1215.51410644258,12.5359997375328
1216.91317273576,11.6536259842518
1218.31223902894,10.5022748031495
1219.71130532213,9.55829842519682
1221.11037161531,8.82341653543309
1222.5094379085,8.64109448818898
1223.20897105509,8.72029028871392
1223.90850420168,8.86889711286091
1224.60803734827,9.01103700787402
1225.30757049486,9.32651574803148
1226.00710364146,9.73871574803152
1226.70663678805,10.0453984251969
1227.40616993464,10.302125984252
1228.10570308123,10.489512335958
1228.80523622782,10.7155165354331
1229.50476937442,10.6169771653543
1230.20430252101,10.3290482939632
1230.9038356676,10.2202125984252
1231.60336881419,10.2114228346457
1232.30290196078,10.1137417322835
1233.00243510738,9.8863559055118
1233.70196825397,9.56701994750661
1234.40150140056,9.84420498687666
1235.10103454715,9.95858818897638
1236.50010084034,9.98463569553805
1237.89916713352,10.2665524934383
1239.2982334267,10.6627330708662
1240.69729971989,10.8964433070866
1242.09636601307,11.5380406824147
1243.49543230626,13.0437677165354
1244.89449859944,15.3720076115487
1246.29356489262,17.3875884514436
1247.69263118581,17.7122834645669
1249.09169747899,17.5606664041995
1250.49076377218,16.7837
1251.88983006536,15.7061346456692
1253.28889635854,15.2972026246719
1254.68796265173,15.4706230971128
1256.08702894491,15.1323133858268
1257.4860952381,14.6490417322835
1258.88516153128,13.6699879265091
1260.28422782446,12.3886976377951
1261.68329411765,11.4830349081364
1263.08236041083,10.9488396325459
1264.48142670401,10.9282023622047
1265.8804929972,10.6326435695538
1267.27955929038,10.4478482939632
1268.67862558357,10.3726811023622
1270.07769187675,10.2232939632546
1271.47675816993,10.1716992125984
1272.87582446312,10.4834921259843
1274.2748907563,10.7090603674541
1275.67395704949,10.8656461942257
1277.07302334267,10.8462244094488
1278.47208963585,10.3981850393701
1279.87115592904,9.78023438320208
1280.57068907563,9.4555283464567
1281.27022222222,9.58644566929136
1281.96975536881,9.96856902887139
1282.66928851541,10.3602984251968
1283.368821662,10.6478146981627
1284.06835480859,10.6938120734908
1284.76788795518,10.6099590551181
1285.46742110177,10.5368748031496
1286.16695424837,10.426387664042
1286.86648739496,10.3428181102362
1287.56602054155,10.4607372703412
1288.26555368814,10.710120472441
1288.96508683473,11.1178732283465
1289.66461998133,11.7489139107611
1290.36415312792,11.9080614173228
1291.06368627451,11.7243433070866
1292.46275256769,11.7693472440945
1293.86181886088,11.7428364829396
1294.56135200747,11.8203968503937
1295.26088515406,11.9769669291339
1295.96041830065,12.3256388451444
1296.65995144725,12.6117952755906
1298.05901774043,12.7452745406824
1298.75855088702,12.650513648294
1299.45808403361,12.0690307086614
1300.15761718021,11.6786695538057
1300.8571503268,12.1729779527559
1301.55668347339,13.0766834645669
1302.25621661998,13.8783947506561
1303.65528291317,14.4381624671916
1305.05434920635,14.9697511811024
1306.45341549953,15.4871128608924
1307.85248179272,16.1909734908136
1309.2515480859,16.7893023622047
1310.65061437908,17.1174199475066
1312.04968067227,17.1780611548556
1313.44874696545,17.0213669291339
1314.84781325864,16.9785102362205
1316.24687955182,17.0361832020997
1317.645945845,17.1322472440945
1319.04501213819,17.5155154855643
1320.44407843137,17.9413020997375
1321.84314472456,18.785505511811
1323.24221101774,20.0921459317584
1324.64127731092,21.1195666666667
1327.43940989729,21.8222070866142
1330.23754248366,22.2507635170604
1331.63660877684,22.2208251968504
1333.03567507003,21.6036913385827
1334.43474136321,20.8144608923884
1335.8338076564,20.1165834645669
1337.23287394958,19.3161779527559
1338.63194024276,18.6172771653543
1340.03100653595,18.0807377952756
1341.43007282913,17.8144622047244
1342.82913912232,17.7013973753281
1344.2282054155,17.868580839895
1345.62727170868,18.5845125984252
1347.02633800187,18.8833485564304
1348.42540429505,19.3923349081365
1349.82447058824,19.8478330708662
1351.22353688142,20.0501312335958
1352.6226031746,20.6212860892388
1354.02166946779,21.3687811023621
1355.42073576097,21.8686062992126
1356.81980205415,22.5203687664042
1358.21886834734,23.5412637795276
1359.61793464052,25.3306721784776
1361.01700093371,27.5560666666665
1362.41606722689,28.9736692913386
1363.81513352007,29.6122664041995
1365.21419981326,29.4980913385827
1366.61326610644,29.1439732283465
1369.41139869281,28.3538585301838
1372.20953127918,26.7102047244091
1375.00766386555,23.5524692913383
1377.80579645191,21.5992412073491
1380.60392903828,21.6161522309711
1383.40206162465,22.6328850393699
1386.20019421102,24.7805401574806
1388.99832679739,26.7831160104988
1391.79645938375,28.5321448818898
1394.59459197012,29.3477223097113
1397.39272455649,28.7722154855645
1400.19085714286,27.1587314960628
1401.58992343604,24.9022223097111
1402.98898972922,22.4063167979002
1404.38805602241,21.4352826771654
1405.78712231559,21.1966553805774
1407.18618860878,21.1748601049869
1408.58525490196,21.207368503937
1409.98432119514,21.1711577427822
1411.38338748833,21.1162779527559
1412.78245378151,20.7010763779528
1414.1815200747,19.9710690288713
1415.58058636788,18.3686679790025
1416.97965266106,16.2988409448819
1418.37871895425,14.3908393700788
1419.77778524743,12.7507249343834
1421.17685154062,11.7822086614172
1421.87638468721,10.5576679790025
1422.5759178338,9.35571837270341
1423.97498412698,8.4572078740158
1425.37405042017,8.14640682414698
1426.77311671335,8.34181364829401
1428.17218300654,9.16356062992131
1429.57124929972,10.0680328083989
1430.27078244631,10.9127750656167
1430.9703155929,12.1151110236219
1432.36938188609,13.974698425197
1435.16751447246,15.475758792651
1437.96564705882,16.2707417322835
1439.36471335201,16.8245992125984
1440.76377964519,17.3586559055118
1442.16284593838,17.9411496062994
1442.86237908497,18.3508611548557
1443.56191223156,18.8275624671917
1444.26144537815,19.2572488188977
1444.96097852474,19.6344776902887
1446.36004481793,19.8953577427822
1447.75911111111,20.079725984252
1449.15817740429,20.2814262467192
1450.55724369748,20.3511824146982
1451.95630999066,20.4624960629921
1454.75444257703,21.140846194226
1457.5525751634,22.5702711286089
1460.35070774977,22.3483433070865
1461.74977404295,21.3869732283464
1463.14884033613,20.4073102362205
1464.54790662932,20.1524881889763
1465.9469729225,19.8378640419947
1466.64650606909,19.5095490813648
1467.34603921569,18.9590724409448
1468.74510550887,18.3658965879265
1470.14417180205,17.6922461942256
1471.54323809524,16.790975590551
1472.94230438842,16.1094207349081
1473.64183753501,16.6480566929134
1474.34137068161,17.6468102362205
1475.0409038282,18.3057362204726
1475.74043697479,18.9672307086615
1477.13950326797,19.2850708661417
1478.53856956116,19.2960236220472
1479.23810270775,19.0517682414698
1479.93763585434,18.8479133858267
1481.33670214753,18.6628372703411
1482.73576844071,18.3448464566929
1483.4353015873,18.093531496063
1484.13483473389,17.9274391076115
1484.83436788049,17.7244062992125
1485.53390102708,17.5800125984252
1486.93296732026,17.6073099737533
1488.33203361345,17.6054803149606
1489.73109990663,17.5115842519685
1490.43063305322,17.8500711286092
1491.13016619981,18.725688976378
1491.82969934641,19.236425984252
1492.529232493,19.6054330708661
1493.22876563959,19.6421734908136
1493.92829878618,19.4204842519684
1494.62783193277,19.2366325459317
1495.32736507936,18.8635800524934
1496.02689822596,18.2329354330708
1496.72643137255,18.5337372703412
1497.42596451914,19.5766356955383
1498.12549766573,20.2583102362205
1498.82503081232,19.8011931758529
1499.52456395892,19.1178104986876
1500.22409710551,18.6056110236221
1500.9236302521,17.712072965879
1501.62316339869,16.627896062992
1502.32269654528,16.119537007874
1503.72176283847,15.6557081364829
1504.42129598506,15.0859750656168
1505.12082913165,14.518616535433
1505.82036227824,14.9533013123361
1506.51989542484,15.3813834645669
1507.21942857143,15.2809393700787
1507.91896171802,14.7565727034121
1508.61849486461,13.9782435695537
1509.3180280112,13.4272724409449
1510.04163276836,14.4576175853021
1510.7667740113,16.785145144357
1511.49191525424,18.7179724409448
1512.21705649718,20.3415131233599
1512.94219774011,21.1380034120736
1513.66733898305,21.1717196850394
1514.39248022599,21.1483459317585
1515.11762146893,20.7255637795276
1515.84276271186,20.1018188976376
1516.5679039548,19.1657614173227
1518.01818644068,18.4015530183726
1519.46846892655,18.6429732283465
1520.91875141243,18.5351419947507
1521.64389265537,18.1376622047243
1522.36903389831,17.6404999999999
1523.09417514124,16.9542154855642
1523.81931638418,15.8480979002624
1524.54445762712,15.2589566929134
1525.26959887006,16.7069304461946
1525.99474011299,18.4886238845147
1526.71988135593,19.8602842519686
1527.44502259887,20.3529622047244
1528.17016384181,21.1387154855643
1528.89530508475,22.7770811023625
1529.62044632768,24.0260677165355
1531.07072881356,24.1473401574803
1532.52101129944,23.6655527559055
1533.97129378531,23.1284104986877
1535.42157627119,22.2642062992124
1536.87185875706,21.7103905511811
1538.32214124294,21.7223590551181
1539.77242372881,22.0836223097113
1541.22270621469,22.0021102362205
1542.67298870056,20.9902488188974
1544.12327118644,19.1275023622044
1545.57355367232,16.4800929133856
1546.29869491525,14.3542020997375
1547.02383615819,12.8685984251969
1548.47411864407,11.8368708661416
1549.92440112994,11.1269506561679
1551.37468361582,10.6134902887139
1552.82496610169,10.3722921259842
1554.27524858757,10.0780443569554
1555.72553107345,9.87521443569551
1557.17581355932,9.85782834645673
1558.6260960452,10.2960120734909
1560.07637853107,11.2365115485564
1561.52666101695,12.2297614173228
1562.25180225989,13.0372553805775
1562.97694350282,13.178706824147
1563.70208474576,12.8717039370078
1564.4272259887,12.2470750656168
1565.15236723164,11.8227545931759
1565.87750847458,11.8368
1566.60264971751,11.8490519685039
1567.32779096045,11.6939881889764
1568.05293220339,11.301362992126
1568.77807344633,10.9877965879265
1569.50321468927,11.2500123359581
1570.2283559322,12.0358236220473
1570.95349717514,12.4390939632546
1571.67863841808,12.1172761154856
1572.40377966102,11.5545511811024
1573.12892090395,11.6976186351707
1573.85406214689,12.5139244094489
1574.57920338983,13.4017385826772
1574.9417740113,14.2503341207349
1575.30434463277,14.659180839895
1575.66691525424,15.0540732283465
1576.02948587571,14.86222335958
1576.39205649717,13.9660196850393
1576.75462711864,13.0288118110236
1577.11719774011,12.7417708661417
1577.47976836158,12.8575183727035
1578.20490960452,13.2702637795276
1578.93005084746,13.1409564304462
1579.6551920904,12.8038456692913
1580.38033333333,12.5380960629921
1580.7429039548,12.6204141732284
1581.10547457627,13.4864986876642
1581.46804519774,14.6195448818898
1581.83061581921,14.782080839895
1582.19318644068,14.2644000000001
1582.55575706215,13.7590692913386
1582.91832768362,13.7397083989501
1583.28089830508,14.0163619422572
1584.00603954802,13.9848905511811
1584.73118079096,13.8011490813648
1585.4563220339,13.3636692913385
1586.18146327684,12.8599039370078
1586.94815670911,12.7610228346457
1587.72944955926,13.1641343832021
1588.5107424094,13.9049811023622
1589.29203525955,14.3165965879265
1590.0733281097,14.1577682414698
1590.85462095984,13.4867811023622
1592.41720666014,13.0479540682415
1593.97979236043,13.0081661417323
1595.54237806073,12.9437645669291
1597.10496376102,12.5177183727034
1598.66754946131,12.1819734908136
1600.23013516161,12.103362992126
1601.7927208619,11.9586543307087
1603.35530656219,11.8982354330709
1604.91789226249,11.7760842519685
1606.48047796278,11.9150283464567
1607.26177081293,12.0924456692913
1608.04306366308,12.185062992126
1608.82435651322,12.2891139107612
1609.60564936337,12.4131244094488
1610.38694221352,12.5159787401575
1611.16823506366,12.582380839895
1611.55888148874,12.7778527559055
1611.94952791381,13.3044543307087
1612.34017433888,13.9769700787402
1612.73082076396,14.5906152230971
1613.5121136141,14.7572811023622
1614.29340646425,14.4772209973754
1615.0746993144,14.1404913385826
1615.85599216454,13.943437007874
1616.63728501469,13.8417152230971
1617.41857786484,13.8111797900262
1618.19987071499,13.8444023622047
1618.98116356513,13.8630587926509
1619.76245641528,13.9175648293963
1620.54374926543,14.0565897637795
1621.32504211557,14.4597309711286
1622.10633496572,14.7386564304462
1622.88762781587,14.7587763779527
1623.66892066601,14.5273328083989
1624.45021351616,14.1100488188976
1625.23150636631,13.6836582677166
1626.01279921645,13.4266104986877
1626.7940920666,13.1915091863517
1627.57538491675,13.0266818897638
1628.3566777669,13.3269858267717
1629.13797061704,13.8300241469816
1629.91926346719,14.3253047244094
1630.70055631734,14.7453335958006
1631.48184916748,15.2048790026247
1632.26314201763,15.6270417322835
1633.04443486778,15.8957666666667
1633.82572771792,15.7124603674541
1634.60702056807,14.4415692913382
1635.38831341822,13.1286401574801
1636.16960626836,12.3203070866141
1637.73219196866,12.2117952755905
1639.29477766895,12.2619816272966
1640.85736336925,12.5118832020998
1642.41994906954,12.6465244094488
1643.98253476983,12.6349270341207
1645.54512047013,12.3471763779527
1647.10770617042,12.0432834645669
1648.67029187072,11.8320734908136
1650.23287757101,11.690016535433
1651.7954632713,11.7392818897638
1652.57675612145,11.9239973753281
1653.3580489716,12.1494755905512
1654.13934182174,12.3897905511812
1654.92063467189,12.6264682414699
1655.31128109696,12.9566881889764
1655.70192752204,13.2742692913386
1656.09257394711,13.6168509186352
1656.48322037218,14.00595328084
1657.26451322233,14.4966503937009
1658.04580607248,14.7154496062991
1659.60839177277,13.7710034120734
1660.38968462292,13.2339692913386
1661.17097747307,12.9851170603676
1661.95227032321,13.564531496063
1662.73356317336,13.8043456692914
1663.51485602351,13.773905511811
1664.29614887365,13.616219160105
1665.0774417238,13.8674905511812
1665.85873457395,14.1438845144357
1666.77445630317,14.3836619422572
1667.76579427688,14.2715590551181
1669.74847022429,14.2538622047244
1671.73114617169,14.9070451443571
1673.7138221191,15.120811023622
1675.69649806651,14.9182837270341
1677.67917401392,14.4368745406823
1678.67051198763,13.4362236220472
1679.66184996133,12.7697944881888
1680.65318793504,12.1185790026246
1681.64452590874,11.8927858267717
1683.62720185615,12.4422280839895
1685.60987780356,12.8890461942257
1687.59255375097,13.4646157480317
1689.57522969838,14.0828469816274
1691.55790564579,14.1467183727034
1693.54058159319,14.0767488188976
1695.5232575406,13.9625545931759
1697.50593348801,13.7096370078739
1699.48860943542,13.3351826771653
1701.47128538283,13.198482152231
1703.45396133024,13.3975073490814
1705.43663727765,13.736831496063
1707.41931322506,13.9764288713911
1709.40198917247,14.1893517060368
1711.38466511988,14.4463677165354
1713.36734106729,14.4397601049869
1715.3500170147,13.9156099737533
1716.3413549884,13.0534314960628
1717.3326929621,12.424243832021
1718.32403093581,12.3939288713911
1719.31536890951,12.7733377952756
1720.30670688322,13.192069816273
1721.29804485692,13.5646934383203
1722.28938283063,14.0018023622048
1723.28072080433,14.8873530183728
1724.27205877804,15.5153183727034
1725.26339675174,15.4022385826772
1726.25473472545,14.7084971128607
1727.24607269915,13.7094582677164
1728.23741067285,13.0180622047244
1729.22874864656,12.6379002624672
1730.22008662026,12.687743832021
1731.21142459397,13.08331496063
1732.20276256767,13.2987648293963
1733.19410054138,13.2233317585301
1734.18543851508,12.7797433070866
1735.17677648879,12.3040887139108
1737.15945243619,11.7494005249343
1738.1507904099,11.2778322834645
1739.1421283836,11.0803057742782
1741.12480433101,11.1438028871391
1743.10748027842,11.5827330708661
1745.09015622583,12.0194154855644
1747.07283217324,12.5234278215224
1749.05550812065,12.9450653543307
1751.03818406806,13.2532868766404
1752.02952204176,13.0232737532808
1753.02086001547,12.3675425196849
1754.01219798917,11.7164485564304
1755.00353596288,11.1895532808399
1755.99487393658,10.9395165354331
1756.98621191029,11.0351553805774
1757.97754988399,11.485603937008
1758.9688878577,12.4073023622049
1759.9602258314,13.8565328083991
1760.9515638051,14.7524060367454
1761.44723279196,14.3916173228347
1761.94290177881,14.0018272965879
1762.43857076566,13.6740104986876
1762.93423975251,13.3798881889764
1763.42990873937,13.3713002624672
1763.92557772622,13.3223580052493
1764.42124671307,13.5321881889765
1764.91691569992,13.8905419947507
1765.41258468678,13.9543979002625
1765.90825367363,13.6093448818897
1766.40392266048,12.8223139107612
1766.89959164733,12.2452601049868
1767.39526063418,11.7188653543306
1767.89092962104,11.5678761154856
1768.38659860789,11.7677230971129
1768.88226759474,12.1999692913386
1769.37793658159,12.4027803149605
1769.87360556845,12.0707958005249
1770.3692745553,12.1648220472441
1770.86494354215,12.577480839895
1771.360612529,13.0283732283464
1771.85628151585,13.3226031496063
1772.84761948956,13.2906212598425
1773.83895746326,13.312643832021
1774.83029543697,13.7755913385827
1775.82163341067,14.2387188976378
1776.81297138438,14.3079666666666
1777.80430935808,14.0883834645669
1778.79564733179,13.9083965879265
1779.78698530549,13.5775603674541
1780.7783232792,13.2037724409449
1781.7696612529,13.2709580052494
1782.7609992266,13.3451115485565
1783.75233720031,13.6896039370079
1784.74367517401,13.9480157480315
1785.73501314772,13.1991818897638
1786.72635112142,12.513605511811
1787.71768909513,12.2752503937008
1788.70902706883,12.0221564304462
1789.70036504254,11.8681669291339
1790.69170301624,11.8180522309711
1791.68304098995,11.8870661417323
1792.67437896365,12.3377952755906
1793.66571693736,12.9759409448819
1794.81988653234,13.1997635170604
1796.29014103924,12.8875228346457
1797.76039554613,12.4236257217847
1799.23065005302,11.9721769028871
1800.70090455992,11.6804811023622
1802.17115906681,11.5448286089239
1803.6414135737,11.4482564304462
1805.11166808059,11.5205590551181
1806.58192258749,11.52092335958
1808.05217709438,11.4315312335958
1810.99268610817,11.2078677165354
1815.40344962884,10.586858792651
1821.28446765642,9.5346120734906
1827.16548568399,9.09891259842523
1833.04650371156,9.27394540682414
1835.98701272534,9.19223622047244
1838.92752173913,9.30937244094487
1841.86803075292,9.92919186351731
1844.8085397667,11.1051236220473
1847.74904878049,11.3760094488189
1850.68955779427,11.3771860892388
1853.63006680806,11.755787664042
1856.57057582184,12.1361393700788
1859.51108483563,12.3242212598425
1862.45159384942,11.9517152230971
1865.3921028632,11.4463110236221
1868.33261187699,10.9891178477691
1871.27312089077,10.3927514435695
1874.21362990456,9.84639999999995
1877.15413891835,9.53262939632546
1883.03515694592,9.67769921259842
1888.91617497349,9.98399370078738
1894.79719300106,10.1703401574803
1900.67821102863,10.1816905511811
1906.5592290562,10.1391881889764
1912.44024708378,10.1776212598425
1915.38075609756,10.3152488188976
1918.32126511135,10.5921267716536
1921.26177412513,10.8255393700788
1924.20228313892,11.0495648293963
1927.1427921527,11.2607582677165
1930.08330116649,11.6798396325459
1933.02381018028,12.1534262467192
1935.96431919406,12.0251913385826
1937.43457370095,11.6791488188976
1938.90482820785,11.4471635170604
1941.84533722163,11.0204503937008
1944.78584623542,10.6228409448818
1947.7263552492,10.3042881889763
1950.66686426299,10.4571433070866
1953.60737327678,10.9609065616798
1955.07762778367,11.2945204724409
1956.54788229056,11.6499181102363
1958.01813679746,12.1416482939633
1960.95864581124,12.7591614173229
1963.89915482503,12.7678905511811
1966.83966383881,12.4766254593176
1969.7801728526,12.0385034120734
1972.72068186638,11.3633543307086
1977.13144538706,10.6115238845144
1980.07195440085,9.72298188976381
1983.01246341463,8.95196456692913
1985.95297242842,9.13957664042002
1988.89348144221,9.63499107611552
1990.3637359491,10.335631496063
1991.83399045599,11.0820181102362
1993.30424496289,11.4197587926509
1994.77449946978,11.4095708661417
1997.71500848356,11.2770569553806
2000.65551749735,11.4725514435696
2003.59602651113,11.7841094488189
2006.53653552492,11.8054776902887
2009.47704453871,11.6075829396325
2012.41755355249,11.0430307086614
2015.35806256628,10.5770564304462
2016.82831707317,10.8354619422572
2018.29857158006,10.919557480315
2019.76882608696,10.6030658792651
2021.23908059385,10.3383942257218
2022.70933510074,10.2686724409449
2024.17958960764,10.105945144357
2025.64984411453,9.68158188976386
2027.12009862142,8.87124803149596
2030.06060763521,8.10461679790021
2033.00111664899,7.68186036745407
2035.94162566278,7.91934803149605
2038.88213467656,8.17386377952753
2041.82264369035,8.57443622047251
2044.76315270414,9.22390393700793
2047.70366171792,9.80954593175854
2050.64417073171,9.79331417322836
2053.58467974549,9.53742440944885
2056.52518875928,9.23845039370076
2059.46569777307,9.02973123359579
2062.40620678685,8.79109606299212
2065.34671580064,8.63635275590551
2068.28722481442,8.982667191601
2071.22773382821,10.0060661417323
2074.75583697813,10.1488811023622
2078.3717415507,11.9986244094488
2085.60355069583,12.2947787401575
2092.83535984096,12.3037422572179
2100.06716898608,12.0748472440945
2107.29897813121,11.5620228346456
2110.91488270378,11.2901372703412
2114.53078727634,11.6728007874015
2118.14669184891,12.8136362204723
2121.76259642147,14.0568797900263
2125.37850099404,14.4299868766404
2128.9944055666,14.4549
2132.61031013916,14.3413393700788
2136.22621471173,14.182974015748
2139.84211928429,14.1835165354331
2143.45802385686,14.2603120734908
2147.07392842942,14.2097661417323
2150.68983300199,13.9399590551181
2154.30573757455,13.4735708661418
2157.92164214712,12.9284265091863
2161.53754671968,12.3105141732283
2164.80537662338,11.7629645669291
2167.93784415584,11.9886196850393
2171.07031168831,12.616064566929
2174.20277922078,13.1966076115486
2177.33524675325,13.4099887139108
2180.46771428572,13.9039385826772
2183.60018181818,14.6565160104986
2186.73264935065,15.2107569553805
2189.86511688312,15.5908992125985
2192.99758441558,15.578775328084
2196.13005194805,15.1931422572179
2199.26251948052,14.4986236220473
2202.39498701299,14.0034824146982
2205.52745454546,13.4446858267716
2208.65992207792,12.8344015748031
2211.79238961039,12.8554829396325
2214.92485714286,13.1855994750656
2218.05732467533,13.4460850393701
2221.18979220779,13.3881039370079
2224.32225974026,13.3612461942257
2227.45472727273,13.2533031496063
2233.71966233766,13.0469199475066
2239.9845974026,12.6857532808399
2246.24953246753,12.1404496062992
2252.51446753247,11.5334648293963
2258.7794025974,11.0983847769029
2265.04433766234,10.9822338582677
2271.30927272727,10.9608427821522
2277.57420779221,10.8716464566929
2283.78080184332,10.6282826771653
2289.5153640553,10.4924569553806
2295.24992626728,10.60373832021
2300.98448847926,11.3383559055117
2306.71905069124,12.2054225721785
2312.45361290323,12.7351262467192
2315.32089400922,12.8766653543307
2318.18817511521,12.5218832020998
2319.6218156682,12.0567603674541
2322.48909677419,11.635416535433
2325.35637788018,11.5182955380577
2328.22365898618,11.4629346456693
2331.09094009217,11.8340181102362
2333.95822119816,12.3936892388451
2338.25914285714,12.9213238845145
2343.99370506913,13.6029984251969
2346.86098617512,14.6390225721784
2349.72826728111,15.789167191601
2351.1619078341,15.8460338582678
2352.5955483871,14.8415328083989
2354.02918894009,13.9560086614173
2355.46282949309,13.624920472441
2358.33011059908,13.3146624671916
2361.19739170507,13.0181960629922
2364.06467281106,12.6398511811023
2365.49831336406,12.6074748031496
2368.36559447005,12.6833149606299
2371.23287557604,12.7410472440945
2374.10015668203,12.7619485564304
2377.10329813665,12.9791687664042
2380.76975776398,13.1287645669291
2382.60298757764,13.2008832020997
2384.43621739131,12.9928632545932
2386.26944720497,12.6896055118111
2389.9359068323,12.4089270341207
2393.60236645963,12.3911322834646
2397.26882608696,12.7545039370079
2402.76851552795,13.0134076115485
2408.26820496894,13.0050551181103
2415.6011242236,12.9067921259843
2419.26758385093,13.0317958005249
2422.93404347826,13.2090188976378
2426.60050310559,13.3862062992126
2430.26696273292,13.3154986876641
2433.93342236025,13.1073107611548
2437.59988198758,13.0102960629921
2441.26634161491,13.4739871391076
2444.93280124224,14.0311682414698
2448.59926086957,14.3387094488188
2450.43249068323,14.7157448818898
2452.26572049689,15.385056167979
2454.09895031056,15.9455070866142
2455.93218012422,15.3847047244096
2457.76540993789,14.1692349081367
2459.59863975155,13.2091551181102
2463.26509937888,13.0522349081365
2466.93155900621,13.4943787401574
2470.59801863354,14.2953629921259
2474.26447826087,14.9041664041994
2477.9309378882,15.1382209973753
2481.59739751553,15.0178622047244
2485.26385714286,14.6560989501313
2488.93031677019,14.1550847769029
2492.59677639752,13.3956503937009
2496.26323602485,12.6131013123359
2503.5961552795,12.0081028871391
2510.92907453416,12.1543535433071
2518.26199378882,12.3939094488189
2521.92845341615,12.2718464566929
2525.59491304348,12.0522858267716
2529.26137267081,11.9256209973753
2534.7610621118,12.4345543307086
2536.59429192547,13.4431842519684
2538.42752173913,13.9372398950131
2540.2607515528,13.2314278215223
2543.92721118012,12.4061417322835
2544.84382608696,11.3995275590552
2545.76044099379,11.1072404199475
2546.67705590062,10.9796409448819
2547.59367080745,10.8984157480315
2549.42690062112,10.9653477690289
2553.09336024845,10.9718102362205
2555.05524454829,11.0442811023622
2559.06941900312,11.061632808399
2561.07650623053,11.0393015748032
2563.08359345794,11.1993645669291
2565.09068068536,11.3910923884514
2567.09776791277,11.3633614173228
2569.10485514019,11.4569666666666
2571.1119423676,11.591586351706
2573.11902959502,11.706731496063
2575.12611682243,11.8014585301837
2577.13320404985,12.0417244094488
2579.14029127726,12.3792763779527
2581.14737850467,12.6224653543308
2583.15446573209,12.7800703412074
2587.16864018692,12.4595637795274
2591.18281464175,11.6121359580051
2595.19698909657,10.8629396325459
2599.2111635514,10.7977480314961
2603.22533800623,10.8979800524935
2607.23951246106,11.0347866141733
2611.25368691589,11.331346456693
2615.26786137072,11.8727590551182
2619.28203582555,12.4823624671916
2623.29621028037,13.2205598425199
2627.3103847352,13.695434120735
2631.32455919003,14.016190288714
2635.33873364486,14.3199173228347
2639.35290809969,14.5941593175853
2643.36708255452,14.711231496063
2647.38125700935,14.714305511811
2651.39543146418,14.6117624671916
2655.409605919,14.632519160105
2659.42378037383,15.060051968504
2663.43795482866,15.5003236220473
2667.45212928349,15.5654162729659
2671.46630373832,15.2182834645669
2675.48047819315,14.724804199475
2679.49465264798,14.4806874015748
2683.5088271028,14.0772480314959
2687.52300155763,13.6099608923884
2691.53717601246,13.350342519685
2695.55135046729,13.3491614173228
2699.56552492212,13.3474338582677
2703.57969937695,13.531460104987
2707.59387383178,14.0047661417324
2711.60804828661,14.3577167979003
2715.62222274143,14.2460719160105
2717.62930996885,13.5878881889764
2719.63639719626,12.6334826771651
2721.64348442368,12.0618514435695
2723.65057165109,11.8865401574803
2727.66474610592,11.8129509186352
2731.67892056075,11.7455073490814
2735.69309501558,11.4976984251968
2739.70726947041,11.1762490813648
2741.71435669782,10.8651519685039
2743.72144392523,11.0676346456693
2745.72853115265,11.7196165354331
2747.73561838006,12.4013356955382
2749.74270560748,12.4509070866142
2751.74979283489,12.3125160104987
2753.75688006231,12.0877196850394
2755.76396728972,11.6358393700787
2757.77105451714,11.0431272965879
2759.77814174455,11.3335372703413
2761.78522897196,11.6829244094488
2763.79231619938,11.795042519685
2764.79585981308,11.8206251968504
2765.79940342679,11.5466456692912
2767.80649065421,10.9127018372702
2769.81357788162,10.5428199475065
2770.81712149533,10.529588976378
2771.82066510904,10.8172026246719
2773.82775233645,11.1029905511812
2774.83129595016,11.4249236220473
2775.83483956386,11.6721238845144
2776.83838317757,11.6957952755905
2777.84192679128,11.6595204724409
2779.84901401869,12.0654036745408
2781.85610124611,12.7294944881891
2783.86318847352,12.8620755905512
2785.87027570094,12.5968299212598
2787.87736292835,12.6789359580052
2789.88445015577,13.348166929134
2791.89153738318,13.8489535433071
2793.89862461059,14.1665073490814
2795.90571183801,14.5992992125984
2796.90925545171,14.5492950131234
2797.91279906542,14.1528404199474
2798.91634267913,13.8885818897638
2799.91988629284,13.9709367454068
2801.92697352025,13.7500414698163
2803.93406074766,13.2590181102362
2805.94114797508,12.417705774278
2807.94823520249,11.3448044619422
2809.95532242991,11.4780488188977
2812.30847807395,12.4559679790027
2815.33341358556,14.3199083989501
2818.35834909716,14.7523307086615
2824.40822012038,15.093406824147
2830.45809114359,15.1862364829396
2836.50796216681,15.3180905511811
2842.55783319003,15.6704800524934
2848.60770421324,15.8746367454069
2854.65757523646,15.7818283464567
2860.70744625967,16.0672593175853
2866.75731728289,17.2664640419948
2872.80718830611,19.0715724409449
2878.85705932932,18.3950632545928
2881.88199484093,16.2224270341204
2884.90693035254,13.2930496062992
2890.95680137575,12.9155839895013
2893.98173688736,12.746406824147
2897.00667239897,12.8927393700788
2903.05654342219,13.1823330708662
2909.1064144454,13.2519921259842
2918.18122098022,12.6906393700787
2924.23109200344,12.1332787401575
2927.25602751505,11.918337007874
2930.28096302666,12.0532850393701
2933.30589853826,12.7306000000001
2936.33083404987,13.4165832020998
2939.35576956148,14.2397464566929
2942.38070507309,15.020002624672
2945.4056405847,15.1247787401574
2948.4305760963,14.7925362204724
2951.45551160791,14.6074146981627
2954.48044711952,14.5400262467192
2957.50538263113,14.2873637795275
2960.53031814274,13.9325566929133
2963.55525365434,13.6735664041995
2966.58018916595,13.4220125984252
2969.60512467756,13.302142519685
2972.63006018917,13.7008333333334
2975.65499570078,14.0377440944882
2981.70486672399,14.1754881889764
2987.75473774721,14.3332648293963
2993.80460877042,14.463962992126
2999.85447979364,14.633157480315
3005.90435081685,15.4147973753282
3011.95422184007,16.6670346456694
3018.00409286329,17.3267837270341
3024.0539638865,17.2924272965879
3030.10383490972,17.2337874015748
3036.15370593293,16.9516278215223
3042.20357695615,16.4700816272965
3048.25344797936,15.8956196850394
3054.30331900258,15.7386388451444
3060.3531900258,16.0913175853021
3066.40306104901,17.2224897637796
3072.45293207223,17.603506824147
3078.50280309544,17.1198648293963
3084.55267411866,16.5289755905512
3090.60254514187,16.0417375328084
3096.65241616509,15.7690183727034
3102.70228718831,15.7316464566929
3108.75215821152,15.8664002624672
3114.80202923474,15.6660580052494
3120.85190025795,15.3423944881889
3126.90177128117,14.9572635170603
3132.95164230438,14.8662220472441
3135.97657781599,15.1569440944882
3139.0015133276,15.5835842519685
3142.02644883921,16.033420472441
3145.05138435082,16.4213236220473
3148.07631986242,16.3936989501312
3151.10125537403,15.7454795275591
3154.12619088564,15.2319645669292
3157.15112639725,15.0916551181102
3163.17771073095,14.8152509186351
3168.06324727838,14.5647669291338
3172.94878382582,14.1715028871391
3175.39155209953,14.1898293963254
3177.83432037325,14.6005787401576
3180.27708864697,15.0481354330709
3182.71985692069,15.5247286089239
3185.1626251944,15.8990070866142
3187.60539346812,16.2515614173228
3190.04816174183,16.4618742782153
3192.49093001555,16.7746976377953
3194.93369828927,17.2584112860892
3197.37646656298,17.1545866141732
3199.8192348367,16.8230377952756
3202.26200311042,16.3278792650918
3204.70477138414,15.5050574803149
3207.14753965785,14.8361527559055
3209.59030793157,14.8949412073491
3212.03307620529,15.4851763779527
3214.475844479,16.0256606299214
3216.91861275272,16.7130406824148
3219.36138102644,17.3424994750656
3221.80414930015,18.0689070866142
3224.24691757387,18.5759202099737
3226.68968584759,18.7820152230971
3229.13245412131,18.9038968503937
3231.57522239502,19.0707897637795
3236.46075894246,19.1744800524934
3241.34629548989,19.0658456692914
3246.23183203732,18.5460587926508
3251.11736858476,17.4185354330707
3256.00290513219,15.9886448818897
3260.88844167963,14.5831598425197
3265.77397822706,14.0354758530184
3270.65951477449,14.4422614173229
3275.54505132193,15.0737790026247
3280.43058786936,15.4950262467192
3285.3161244168,15.5386181102362
3290.20166096423,15.2975236220473
3295.08719751166,15.3826220472441
3299.9727340591,15.9508645669292
3304.85827060653,16.6011254593176
3309.74380715397,17.1343249343832
3314.6293437014,17.4547299212598
3319.51488024883,17.5126139107611
3322.9508079034,17.3757868766404
3326.1701273326,17.2246267716535
3329.3894467618,17.2716328083989
3332.608766191,17.4788207349081
3335.8280856202,17.9631881889765
3339.0474050494,18.5847897637796
3345.48604390779,19.1565939632546
3351.92468276619,19.6811094488189
3358.36332162459,20.5597803149606
3364.80196048299,21.1493488188977
3371.24059934138,21.1566811023622
3377.67923819978,20.3720089238845
3384.11787705818,19.2524721784777
3387.33719648738,18.4347125984253
3390.55651591658,18.1982244094488
3393.77583534577,18.1705099737533
3396.99515477497,17.8456858267716
3400.21447420417,17.3852871391076
3403.43379363337,16.7505225721785
3406.65311306257,16.2717173228346
3409.87243249177,16.329987664042
3413.09175192097,16.8885622047244
3416.31107135016,17.700474015748
3419.53039077936,18.2840270341207
3422.74971020856,18.3163286089239
3425.96902963776,18.0893732283464
3429.18834906696,17.9472139107612
3432.40766849616,18.0877375328084
3435.62698792536,17.8234047244095
3438.84630735456,16.7884209973752
3442.06562678375,15.4112414698162
3445.28494621295,14.6632992125984
3448.50426564215,14.420417847769
3451.72358507135,14.2930724409449
3454.94290450055,14.6535661417323
3458.16222392975,15.0931881889764
3461.38154335895,15.3624154855643
3464.60086278814,15.303331496063
3467.9598290788,14.977357480315
3471.61554495006,14.5546960629921
3473.44340288568,14.0487992125985
3475.27126082131,15.181905511811
3477.09911875694,17.0443301837269
3478.92697669256,18.8254354330707
3480.75483462819,20.1294548556432
3482.58269256382,20.7819188976378
3484.41055049944,20.4767
3486.23840843507,18.644827296588
3488.0662663707,18.1503181102362
3489.89412430633,17.6916401574802
3491.72198224195,16.2195979002624
3493.54984017758,15.2683459317585
3495.37769811321,16.6283968503936
3497.20555604884,16.9133099737533
3499.03341398446,16.8707456692914
3500.86127192009,17.1499763779528
3502.68912985572,18.1628204724409
3504.51698779134,18.4284593175853
3506.34484572697,18.6389370078741
3508.1727036626,19.1443721784776
3511.82841953385,18.3291585301837
3515.48413540511,17.5414417322835
3519.13985127636,16.8066543307087
3522.79556714761,16.1344813648294
3526.45128301887,16.5832897637796
3530.10699889012,18.1994566929135
3531.93485682575,19.6173293963255
3533.76271476138,19.9449535433071
3535.590572697,21.032550393701
3537.41843063263,21.5760606299213
3539.24628856826,21.683605511811
3541.07414650389,21.1781472440945
3544.72986237514,19.7985335958006
3548.38557824639,18.1941385826769
3552.04129411765,17.48056167979
3552.95522308546,17.411086351706
3553.86915205327,16.4978322834646
3555.6970099889,15.4949188976379
3557.52486792453,14.9474776902887
3559.35272586016,15.1049669291338
3561.18058379578,14.9265942257218
3563.00844173141,15.2535784776903
3564.83629966704,15.2496740157481
3566.66415760266,14.6413695538056
3568.49201553829,13.6704737532808
3570.31987347392,13.3893653543307
3572.14773140955,13.37363832021
3573.06166037736,13.7549451443569
3573.97558934517,14.7610141732286
3574.88951831299,16.3586477690289
3575.8034472808,15.9237472440944
3576.71737624861,14.9955692913386
3577.63130521643,14.8872175853018
3578.54523418424,14.6459622047244
3579.45916315205,15.4839448818899
3580.37309211987,16.4012469816273
3581.28702108768,15.8485619422572
3582.20095005549,15.1490527559056
3583.11487902331,15.3885774278216
3584.02880799112,15.4723136482939
3584.94273695893,14.9656102362205
3586.77059489456,14.5116624671916
3588.59845283019,14.653334120735
3590.42631076582,13.5387677165353
3592.25416870144,13.4119112860892
3594.08202663707,12.8825711286089
3595.9098845727,13.6940708661417
3597.73774250833,13.3781950131234
3599.56560044395,13.3210824146982
3601.39345837958,13.898977952756
3603.22131631521,14.8108448818898
3605.04917425083,14.8274622047244
3606.87703218646,14.1642228346457
3608.70489012209,14.0891464566929
3610.53274805771,14.8405359580053
3612.36060599334,16.0949716535433
3614.18846392897,17.2820419947506
3616.0163218646,18.4629556430445
3617.84417980022,19.4147755905512
3619.67203773585,17.2225262467189
3621.49989567148,15.9363929133858
3623.3277536071,15.7075929133859
3625.15561154273,14.7502994750657
3626.98346947836,14.4338601049869
3628.81132741398,14.5077818897638
3632.31462761506,14.1153049868766
3635.40584100419,13.265950656168
3638.49705439331,12.2846322834647
3641.58826778243,11.771149343832
3644.67948117155,11.9369593175853
3647.77069456067,11.6481897637795
3650.86190794979,10.9934913385827
3653.95312133891,11.2816393700787
3657.04433472803,12.3746637795276
3660.13554811715,12.9101926509187
3663.22676150628,13.2649223097113
3666.3179748954,13.7282669291338
3669.40918828452,15.0946173228343
3672.50040167364,16.4532787401575
3675.59161506276,15.0688637795274
3678.68282845188,13.008542519685
3681.77404184101,12.0981551181103
3684.86525523013,11.6893952755906
3687.95646861925,11.507004199475
3691.04768200837,11.2071721784777
3694.13889539749,10.9280850393701
3697.23010878661,10.8383976377953
3700.32132217573,10.994897375328
3703.41253556485,11.2430614173229
3707.51784,11.1730776902887
3713.34984,11.1666598425197
3719.18184,11.3878732283464
3725.01384,11.6284545931758
3730.84584,12.1634729658793
3736.67784,12.210574015748
3742.50984,12.0208086614173
3748.34184,11.3736853018373
3754.17384,11.1905015748031
3760.00584,12.0936931758531
3765.74842758621,11.6352624671916
3771.33877241379,11.4033409448819
3776.92911724138,11.375243832021
3782.51946206896,11.5584656167979
3788.10980689655,11.6974094488189
3793.70015172414,11.3719364829396
3799.29049655172,11.501025984252
3804.88084137931,12.1029944881889
3810.4711862069,12.4655162729658
3816.06153103448,12.1401979002624
3821.65187586207,11.8653803149606
3827.24222068965,12.2166947506562
3832.83256551724,12.213501312336
3838.42291034483,12.097220472441
3844.01325517241,11.8414666666666
3855.19394482759,11.4942624671916
3866.37463448276,10.7713803149606
3877.55532413793,10.2288737532809
3888.7360137931,10.1861627296588
3899.91670344828,10.71861496063
3911.09739310345,11.2221682414698
3922.27808275862,11.4510855643045
3933.45877241379,11.9346385826771
3944.63946206897,12.562374015748
3950.22980689655,12.8111711286089
3955.82015172414,12.8652874015748
3961.41049655172,12.7409813648294
3966.74451508121,12.3370367454069
3970.19880742459,11.9551354330708
3977.10739211137,12.5164398950132
3984.01597679814,13.4000795275591
3990.92456148492,14.6870905511811
3997.83314617169,14.0048858267717
4004.74173085847,13.2870228346458
4011.65031554524,12.6469755905511
4015.10460788863,11.7005448818897
4018.55890023202,11.1167089238845
4022.01319257541,10.9763204724409
4023.7403387471,10.9934131233596
4025.46748491879,11.1400023622047
4027.19463109049,11.354962992126
4028.92177726218,12.0855698162729
4032.37606960557,12.9875238845144
4035.83036194896,13.4773212598425
4039.28465429234,13.8110824146981
4042.59197540984,13.1436992125984
4045.78842349727,12.4085874015748
4048.9848715847,11.9823076115486
4052.18131967213,12.6962065616796
4055.37776775956,13.4956606299213
4058.57421584699,13.8402146981627
4060.17243989071,14.2158312335958
4061.77066393443,14.5673881889763
4063.36888797814,14.8777921259842
4064.96711202186,14.7589391076115
4066.56533606557,14.0232960629921
4068.16356010929,13.1652225721785
4069.76178415301,12.9499112860892
4071.36000819672,13.7040551181101
4072.95823224044,15.4644094488191
4074.55645628415,16.5680950131234
4076.15468032787,15.9990125984252
4077.75290437158,15.676469816273
4079.3511284153,15.4617060367454
4080.94935245902,15.2635031496063
4084.14580054645,15.1103640419947
4085.74402459016,15.5834527559055
4087.34224863388,15.7347692913386
4088.9404726776,15.3393173228347
4090.53869672131,15.9111388451444
4093.73514480874,17.1012551181102
4096.93159289617,18.5267383202099
4098.52981693989,20.0521272965878
4103.32448907104,21.8268409448816
4109.7173852459,23.0957674540683
4112.91383333333,23.1985952755905
4116.11028142077,22.207483464567
4119.3067295082,20.796736745407
4125.69962568306,19.5952931758531
4132.09252185792,19.857946456693
4138.48541803279,20.0807154855643
4144.87831420765,18.8454687664043
4148.07476229508,17.2090566929136
4151.27121038251,16.4330299212599
4154.46765846995,16.063712335958
4157.66410655738,16.6117062992126
4161.20835,17.87116167979
4164.76335,18.2810283464567
4168.31835,17.2652141732286
4171.87335,16.7846417322834
4175.42835,16.5037320209974
4178.98335,16.1757322834646
4182.53835,15.2494154855645
4186.09335,14.1072868766405
4189.64835,13.6540338582677
4193.20335,13.7260223097113
4196.75835,15.4274404199474
4200.31335,16.127925984252
4203.86835,15.3587375328086
4207.42335,15.1794532808399
4210.97835,15.6850590551181
4214.53335,16.7946968503936
4218.08835,17.2818141732284
4221.64335,17.2726858267716
4225.19835,17.2980968503937
4228.75335,16.9535577427822
4231.2717840617,17.1390937007873
4233.75815938303,18.8596721784774
4236.24453470437,19.8756608923885
4238.73091002571,19.429268503937
4241.21728534704,18.3173157480315
4243.70366066838,17.1762984251969
4246.19003598972,17.6139811023621
4248.67641131105,18.5263086614171
4251.16278663239,18.4966254593176
4253.64916195373,17.7571039370078
4256.13553727506,17.2423007874014
4258.6219125964,16.5998976377952
4261.10828791774,16.3659795275591
4263.59466323907,16.9622472440949
4266.08103856041,18.0139769028874
4268.56741388175,17.408653543307
4271.05378920308,17.4194010498689
4273.54016452442,17.606237007874
4276.02653984576,17.7118685039372
4278.5129151671,18.3245309711288
4280.99929048843,18.8114018372704
4283.48566580977,18.4922433070865
4285.97204113111,18.4466916010499
4288.45841645244,18.8033220472442
4290.94479177378,18.9867251968504
4293.43116709512,19.7383784776905
4295.91754241645,20.0677328083989
4298.40391773779,19.0475606299212
4300.89029305913,18.2790545931754
4303.37666838046,16.9241923884511
4305.8630437018,15.8815047244093
4308.34941902314,15.5593304461941
4310.83579434447,14.2453267716534
4313.32216966581,12.8352795275587
4315.80854498715,12.5173354330714
4318.29492030848,14.3638333333336
4320.78129562982,16.3175566929137
4323.26767095116,18.1833611548558
4325.75404627249,18.1901871391075
4328.24042159383,17.8593755905511
4330.72679691517,17.5845002624672
4333.2131722365,15.9600700787399
4335.69954755784,14.9061472440945
4338.18592287918,15.2399028871393
4340.67229820051,15.7669661417324
4343.15867352185,16.0339582677166
4345.64504884319,16.2401102362205
4348.13142416452,16.665031496063
4350.61779948586,17.2486141732285
4353.1041748072,17.5655249343832
4355.59055012854,17.4925737532808
4358.07692544987,17.1182755905511
4360.56330077121,17.3515144356956
4363.04967609254,18.6522671916015
4365.53605141388,17.6028551181098
4366.77923907455,15.8889419947504
4368.02242673522,15.2896874015748
4369.26561439589,15.6493748031497
4370.50880205655,16.1477973753279
4371.75198971722,15.5173364829395
4372.99517737789,15.7760086614176
4376.02144262295,17.5877036745409
4377.70002538339,18.5783923884515
4379.37860814384,18.5787070866142
4381.05719090428,18.3791545931757
4382.73577366473,17.6696375328083
4384.41435642517,16.4535811023621
4386.09293918562,16.3746769028872
4387.77152194606,17.3675398950133
4389.45010470651,18.5487559055121
4391.12868746695,20.7399359580053
4392.80727022739,20.7083454068241
4394.48585298784,19.8356275590551
4396.16443574828,19.2787404199474
4397.84301850873,18.6992590551179
4399.52160126917,17.7338417322833
4401.20018402961,16.9803118110236
4402.87876679006,17.2181616797901
4406.23593231095,18.3519212598429
4409.59309783183,19.228650656168
4412.95026335272,19.3589582677167
4416.30742887361,19.8035598425197
4419.6645943945,19.7812333333333
4423.02175991539,20.266472178478
4426.37892543628,21.4117204724412
4429.73609095717,21.6479031496063
4433.09325647805,20.2685299212596
4436.45042199894,18.6021417322834
4439.80758751983,17.9970183727033
4443.16475304072,18.7888372703411
4446.52191856161,17.7391614173225
4449.8790840825,16.7805251968504
4453.23624960338,18.7223165354332
4456.59341512427,21.3961236220473
4459.95058064516,21.4326433070866
4463.30774616605,21.2456312335957
4466.66491168694,20.2121472440943
4470.02207720783,18.7271598425196
4476.7364082496,18.357080577428
4483.45073929138,19.12341496063
4490.16507033316,19.8272627296589
4496.87940137493,21.140679265092
4500.23656689582,21.6875669291338
4503.59373241671,20.7956241469814
4506.9508979376,20.4301522309711
4510.30806345849,20.5304771653543
4513.66522897938,20.0636629921259
4517.02239450027,19.1037309711286
4520.37956002115,18.0731173228341
4523.73672554204,16.476694750656
4527.09389106293,16.4842929133859
4530.45105658382,15.6108409448818
4533.80822210471,14.4936556430446
4537.1653876256,14.6146963254595
4540.52255314648,14.808701574803
4543.87971866737,14.132980839895
4547.23688418826,14.0992874015748
4550.59404970915,14.6836023622047
4553.95121523004,15.4307509186352
4557.30838075093,15.822758792651
4560.66554627181,16.1987157480315
4564.0227117927,14.9696194225721
4567.37987731359,14.6363635170604
4570.73704283448,15.1613881889766
4574.09420835537,14.820659055118
4577.45137387626,14.8421895013124
4580.80853939714,16.1572582677167
4584.16570491803,17.708337007874
4587.52287043892,17.7313225721783
4590.88003595981,16.7631503937006
4594.2372014807,16.1945317585302
4597.59436700159,16.0834934383202
4600.95153252248,16.1539133858268
4604.30869804336,16.2016062992126
4607.66586356425,16.0637089238845
4611.02302908514,15.6940889763779
4614.38019460603,14.8677451443569
4617.73736012692,14.2116107611548
4621.09452564781,14.2974480314963
4624.45169116869,15.0204556430447
4627.80885668958,15.1212028871391
4631.16602221047,15.0327409448819
4634.52318773136,14.9793598425197
4637.88035325225,15.970044356956
4641.23751877314,18.4054700787406
4644.59468429402,19.7483503937008
4647.95184981491,20.3256047244095
4651.3090153358,21.4444708661417
4654.66618085669,21.5880028871391
4658.02334637758,21.469111023622
4661.38051189847,19.8048228346455
4664.73767741936,18.5802335958005
4668.09484294024,18.9477658792651
4671.45200846113,20.0134763779529
4674.80917398202,20.3157506561679
4678.16633950291,19.167367454068
4681.5235050238,17.882416535433
4684.88067054469,18.1348787401575
4691.58767176187,18.1354608923882
4698.09257924377,17.738707874016
4704.59748672566,19.1181687664044
4711.10239420756,20.5066984251969
4717.60730168946,21.2305
4724.11220917136,22.8246664042002
4730.61711665326,25.3046595800528
4737.12202413516,25.9552503937008
4743.62693161706,25.4101889763779
4750.13183909896,22.5768708661417
4756.63674658085,18.9935740157474
4763.14165406275,16.1349837270338
4769.64656154465,14.9078262467191
4776.15146902655,14.6996244094488
4779.4039227675,16.0062958005249
4782.65637650845,18.0320874015753
4785.9088302494,20.4268236220477
4789.16128399035,21.5287005249343
4792.4137377313,20.4740585301837
4795.66619147225,19.510631496063
4798.9186452132,18.5200750656166
4802.17109895414,17.2258881889761
4805.42355269509,15.6372637795274
4808.67600643604,14.8959304461942
4811.92846017699,15.0621244094488
4815.18091391794,15.3331858267717
4818.43336765889,15.6374934383203
4821.68582139984,15.0596015748029
4824.93827514079,13.2238929133858
4828.19072888174,11.9355769028872
4831.44318262269,10.6713370078738
4834.69563636364,10.1393330708662
4837.94809010459,10.4321677165355
4841.20054384553,10.9399251968504
4844.45299758649,11.9352015748031
4847.70545132744,12.9993538057745
4850.95790506838,14.2806582677167
4854.21035880933,15.1395929133859
4857.46281255028,16.1129818897638
4860.71526629123,18.0823532808398
4863.96772003218,19.730039370079
4867.22017377313,21.0883910761157
4870.47262751408,22.023790288714
4873.72508125503,22.2087976377953
4880.22998873693,22.2236868766404
4886.73489621883,21.5549937007873
4893.23980370072,21.1271283464566
4898.79764586847,20.6627556430446
4904.31602698145,20.3294582677165
4909.83440809444,19.8571425196851
4915.35278920742,18.6997986876639
4920.87117032041,18.7278073490815
4926.38955143339,20.6815637795278
4929.14874198988,25.063209448819
4931.90793254637,28.1679640419947
4934.66712310287,28.1255173228344
4938.80590893761,26.8887795275588
4942.94469477235,25.3031853018372
4947.08348060708,25.1758598425197
4949.84267116358,23.8635511811024
4952.60186172007,20.7035868766396
4953.98145699831,17.5184614173225
4955.36105227656,16.4010328083989
4956.74064755481,15.074387664042
4959.4998381113,13.1058023622048
4962.25902866779,12.0914005249345
4965.01821922428,12.5466469816274
4967.77740978078,13.1032055118111
4970.53660033727,13.660306824147
4973.29579089376,14.0898664041995
4976.38022047244,14.475351968504
4980.344,15.4460196850395
4984.30777952756,16.8339538057743
4988.27155905512,17.0073921259842
4992.23533858268,16.9450406824147
4996.19911811024,17.8856963254594
5000.1628976378,17.8592070866141
5004.12667716535,17.230211023622
5008.09045669291,17.5886884514436
5012.05423622047,17.0086968503937
5016.01801574803,17.5260356955382
5019.98179527559,19.0443139107614
5023.94557480315,20.8888866141733
5027.90935433071,22.4655942257218
5035.83691338583,22.164708136483
5043.76447244094,20.6200952755902
5051.69203149606,18.7446398950129
5059.61959055118,17.4481464566929
5067.5471496063,18.9250118110236
5075.47470866142,21.826994750656
5083.40226771653,23.4691028871393
5091.32982677165,24.6072535433072
5097.27549606299,25.4301472440946
5103.22116535433,27.2700874015748
5115.11250393701,29.7540692913384
5127.00384251969,32.4399685039373
5134.9314015748,34.3022047244097
5150.78651968504,37.3813039370079
5167.21976585366,37.9692910761155
5175.4500097561,35.0809362204727
5181.62269268293,29.9132196850385
5185.73781463415,25.6529467191596
5189.85293658537,22.1712154855642
5196.02561951219,20.5493582677165
5198.08318048781,18.2419283464568
5200.14074146341,17.1482811023621
5202.19830243903,16.6536330708661
5204.25586341463,16.2979774278215
5206.31342439024,15.8443291338583
5208.37098536585,15.1373771653544
5210.42854634146,14.5755062992126
5212.48610731707,14.9288448818898
5214.54366829268,15.7569456692914
5216.60122926829,16.9622860892388
5218.6587902439,17.0516026246719
5220.71635121951,16.6610724409448
5222.77391219512,16.4541569553806
5224.83147317073,17.0434564304462
5226.88903414634,18.4193921259842
5228.94659512195,20.0563737532807
5231.00415609756,20.6284787401574
5233.06171707317,19.9384283464566
5235.11927804878,18.645698687664
5237.17683902439,17.9876847769029
5239.2344,18.8653614173227
5243.34952195122,20.7088175853021
5247.46464390244,22.6064585301839
5253.63732682927,23.8866685039371
5261.86757073171,24.924369816273
5270.09781463415,26.4533267716533
5278.32805853658,28.9118622047246
5286.55830243902,29.3639666666666
5294.78854634146,29.5901118110236
5298.90366829268,32.6426999999999
5303.0187902439,35.2615923884513
5307.13391219512,37.9303157480319
5311.24903414634,40.0055307086616
5315.36415609756,41.440768503937
5319.47927804878,43.6757881889763
5323.5944,48.0781220472439
5327.70952195122,49.4337230971127
5331.82464390244,47.6150099737531
5335.93976585366,45.7517267716535
5340.05488780488,42.6576259842521
5344.1700097561,38.7428677165358
5348.28513170732,37.1323692913384
5352.40025365854,35.8314118110235
5356.51537560975,34.1116443569553
5358.57293658536,33.1134291338583
5360.63049756097,33.3639863517059
5365.05296296296,34.8864706036748
5369.70728395062,35.6224401574803
5374.36160493827,36.540519160105
5379.01592592592,35.2109797900263
5383.67024691358,33.279277952756
5388.32456790124,32.3308039370079
5392.97888888889,32.6095577427822
5397.63320987654,33.3356732283465
5402.2875308642,33.8530236220472
5411.59617283951,34.4447566929133
5416.25049382716,36.8512543307091
5420.90481481481,41.747635433071
5430.21345679012,43.1519165354331
5439.46509046455,43.3367417322835
5448.4655794621,42.6835950131234
5457.46606845966,38.1300687664031
5466.46655745721,32.6031259842518
5470.96680195599,31.5419622047244
5475.46704645477,31.2681700787402
5482.21741320293,31.2079118110236
5488.9677799511,30.9849721784777
5497.96826894866,29.9156055118108
5506.96875794621,27.7988338582677
5515.96924694377,27.7715254593176
5522.71961369193,27.8774482939633
5527.21985819071,27.4831165354331
5529.4699804401,27.8591270341208
5531.82913385827,28.3368834645669
5534.20905511811,29.2711385826771
5536.58897637796,29.6370501312336
5541.34881889764,27.7506984251965
5543.72874015748,27.3436330708662
5546.10866141732,28.4002459317585
5548.48858267717,29.3099724409449
5550.86850393701,28.7470795275592
5555.62834645669,26.6867097112858
5560.38818897638,25.0894488188976
5565.14803149606,24.7015031496063
5567.52795275591,24.4346112860893
5569.90787401575,23.683039632546
5572.28779527559,21.2219338582677
5574.66771653543,20.9735257217848
5577.04763779527,20.5390249343832
5581.80748031496,20.5255881889764
5586.56732283464,19.810110498688
5591.12027924845,16.0227745406819
5594.93973037776,13.7028614173228
5598.75918150708,13.6464811023622
5602.57863263639,14.4643125984251
5606.3980837657,16.283218110236
5610.21753489502,17.4488288713912
5614.03698602433,18.0426288713911
5617.85643715364,18.7001881889764
5619.7661627183,20.506837270341
5621.67588828296,23.4170283464563
5623.58561384761,25.1020692913387
5625.49533941227,24.2074664041994
5629.31479054158,22.0757388451444
5633.1342416709,22.4392842519684
5636.95369280021,23.7307876640419
5640.77314392953,24.0228139107611
5644.59259505884,22.7869464566928
5652.23149731747,22.1698776902887
5657.96067401144,24.374924934383
5661.78012514075,26.7981795275589
5665.59957627006,27.4183674540683
5669.41902739938,27.5218892388452
5675.14820409335,29.8727700787401
5678.96765522266,31.8019879265091
5682.78710635197,30.1704732283467
5686.60655748129,28.163534645669
5690.4260086106,26.4170338582677
5694.24545973991,24.9766057742782
5698.06491086923,23.8480960629922
5701.88436199854,24.2071448818896
5705.70381312786,26.8332540682416
5709.52326425717,27.7105181102362
5713.34271538648,25.9400435695539
5717.1621665158,23.1376467191603
5720.98161764511,22.1602212598425
5722.89134320977,22.5475094488189
5724.80106877442,22.9979700787402
5726.71079433908,23.4868834645669
5728.62051990374,24.1845737532808
5732.43997103305,25.8906902887136
5736.25942216236,33.2045763779536
5743.89832442099,39.9169805774279
5751.53722667962,40.5680803149606
5755.35667780893,36.9871228346462
5759.17612893824,28.6603616797918
5762.99558006756,19.5831146981622
5764.90530563222,16.6293133858267
5768.72475676153,15.651613648294
5772.54420789084,14.2676186351707
5774.4539334555,12.7658858267719
5776.36365902016,11.2400223097112
5778.27338458481,9.9145834645669
5780.18311014947,8.77545905511814
5782.09283571413,8.51470341207345
5784.00256127878,8.90917217847765
5785.91228684344,8.67280944881885
5787.8220124081,8.23879947506561
5789.73173797275,8.01391102362205
5791.64146353741,7.86579763779529
5793.55118910207,7.47280629921262
5795.46091466673,7.47106692913388
5797.37064023138,8.02084645669293
5801.1900913607,9.65612440944876
5805.00954249001,11.0372666666666
5808.82899361932,11.5841748031496
5812.64844474864,12.1445015748032
5816.46789587795,13.4966653543308
5820.28734700726,16.445796062992
5822.19707257192,18.7125561679788
5824.10679813658,18.7227868766405
5826.01652370124,17.6607763779526
5827.92624926589,16.7874304461942
5829.83597483055,17.6886734908136
5833.65542595986,18.1734440944882
5835.56515152452,18.2917671916011
5836.52001430685,19.3364511811023
5837.47487708917,19.4547976377954
5839.38460265383,19.8661910761156
5841.29432821849,19.9058572178477
5843.20405378315,20.2973165354333
5845.1137793478,21.1976577427828
5847.02350491246,21.0299307086614
5850.84295604177,19.6823110236214
5854.66240717108,17.9476157480314
5858.4818583004,16.2087653543305
5862.30130942971,14.9226685039365
5866.12076055903,14.3768385826772
5873.75966281765,13.8998559055116
5877.57911394697,14.2561700787404
5881.39856507628,15.4693036745408
5885.21801620559,14.667762467191
5889.03746733491,14.0828834645669
5892.85691846422,13.903242782152
5896.67636959354,13.2624469816273
5904.31527185216,12.6448834645668
5908.13472298148,12.3410776902886
5911.95417411079,12.2616824146982
5915.7736252401,12.3974118110237
5919.59307636942,13.2330351706036
5927.23197862804,14.9511401574807
5934.87088088667,15.7075992125987
5942.5097831453,15.9167598425197
5950.14868540392,16.3556501312337
5957.78758766255,17.3899755905513
5961.60703879187,18.2056435695537
5965.42648992118,17.6719480314959
5969.24594105049,17.5801393700788
5973.06539217981,18.5533152230973
5976.88484330912,19.1604721784777
5980.70429443843,19.1129669291338
5984.52374556775,17.1335291338578
5988.34319669706,15.9232939632545
5990.25292226172,15.7617952755905
5992.16264782637,16.1118635170603
5994.07237339103,16.4742574803146
5995.98209895569,15.5050157480311
5997.89182452034,14.1521742782152
5999.801550085,14.1406850393703
6003.62100121432,14.6986692913386
6011.25990347294,15.6612661417324
6015.07935460226,16.6756020997381
6018.89880573157,17.2583165354331
6022.71825686088,16.9251538057742
6026.5377079902,16.5872855643045
6034.17661024882,16.6184984251969
6041.81551250745,16.816594488189
6049.45441476608,17.0022947506564
6057.0933170247,18.315466141733
6064.73221928333,20.1592509186351
6080.01002380059,20.6762719160106
6095.28782831784,20.4282637795276
6110.5656328351,21.2192821522311
6125.84343735235,23.2917023622057
6133.48233961098,24.1321275590552
6137.30179074029,23.2037097112858
6141.1212418696,21.4113677165343
6144.94069299892,21.5301637795276
6148.76014412823,20.9498619422565
6152.57959525754,19.5740070866141
6156.39904638686,19.693935433071
6160.21849751617,21.0742845144364
6167.8573997748,21.7035981627297
6175.49630203343,22.1902881889766
6183.13520429205,23.2751296587927
6190.77410655068,24.9737716535438
6198.41300880931,27.0495826771661
6206.05191106794,25.933434645669
6209.87136219725,24.7497556430444
6213.69081332656,26.1749220472438
6215.60053889122,26.183989763779
6217.51026445587,24.305453543306
6219.41999002053,20.2535259842519
6221.32971558519,20.0402023622062
6223.23944114985,23.2053650918635
6225.1491667145,24.4770700787402
6227.05889227916,25.2786968503943
6228.96861784382,26.4990853018374
6230.87834340847,27.3557614173229
6232.78806897313,26.4226023622045
6236.60752010244,24.6224685039367
6240.42697123176,24.9913346456704
6244.24642236107,28.7590020997385
6248.06587349038,28.5155805774274
6251.8853246197,27.2756992125985
6255.70477574901,29.6311860892401
6259.52422687832,33.3412763779542
6263.34367800764,36.5040007874018
6267.16312913695,37.003272703412
6270.98258026627,35.580511811024
6274.80203139558,32.687047244094
6278.62148252489,31.4064160104983
6282.44093365421,31.2149154855643
6286.26038478352,31.6092661417325
6290.07983591283,32.6957564304462
6293.89928704215,35.391273753281
6297.71873817146,37.9280874015762
6301.53818930078,40.4501556430449
6305.35764043009,40.825315223097
6309.1770915594,38.9451937007873
6312.99654268871,35.8379404199467
6314.90626825337,33.0898952755898
6316.81599381803,30.3733700787395
6318.72571938269,26.4412556430432
6320.63544494734,25.1853422572178
6324.45489607666,29.0129007874033
6328.27434720597,33.4658412073501
6332.09379833528,35.4794763779528
6335.9132494646,36.6741307086612
6339.73270059391,35.4310472440947
6343.55215172322,33.114942782152
6347.37160285254,34.0129000000011
6351.19105398185,35.5484627296588
6355.01050511117,35.8710076115487
6358.82995624048,37.3835661417325
6362.64940736979,38.7487808398952
6364.55913293445,40.1241330708665
6366.46885849911,39.226645669291
6368.37858406376,34.4677026246708
6370.28830962842,29.8943272965881
6372.19803519308,26.3576598425188
6374.10776075773,25.3206561679801
6376.01748632239,28.6279175853021
6377.92721188705,30.2852102362208
6379.8369374517,30.8791293963253
6381.74666301636,32.0301320209976
6385.56611414567,32.998784251969
6389.38556527499,33.7256451443569
6393.2050164043,33.143953805774
6397.02446753362,32.549262992126
6400.84391866293,33.6163433070867
6404.66336979224,37.8730601049887
6408.48282092155,40.286725984252
6412.30227205087,39.5515616797898
6416.12172318018,37.1585532808397
6419.9411743095,35.2199188976378
6423.76062543881,36.7977740157488
6427.58007656812,38.9691057742779
6431.39952769744,35.9024181102346
6435.21897882675,30.0389020997382
6439.03842995606,25.9677317585296
6442.85788108538,23.9571929133849
6446.67733221469,21.3855446194225
6450.496783344,19.303898425196
6454.31623447332,18.6839692913386
6458.13568560263,19.3206181102364
6465.77458786126,21.888270341209
6473.41349011989,23.1158771653543
6477.2329412492,23.4696545931758
6481.05239237851,23.2115897637795
6484.87184350783,22.3069409448818
6488.69129463714,21.5559593175853
6492.51074576645,22.5955674540685
6496.33019689577,23.2491425196847
6500.14964802508,20.6484905511812
6503.96909915439,19.3551839895015
6507.78855028371,19.9336062992126
6511.60800141302,20.1300734908137
6515.42745254233,20.5621855643046
6519.24690367165,22.3241204724405
6523.06635480096,22.4888270341206
6530.70525705959,21.9341813648292
6538.34415931822,21.8664874015748
6542.16361044753,21.6970317585301
6545.98306157684,21.3851480314961
6549.80251270616,21.0118015748031
6553.62196383547,20.5564015748034
6557.44141496478,21.1608230971129
6565.08031722341,21.4854787401575
6572.71921948204,21.4140202099737
6580.35812174067,21.014630183727
6587.99702399929,20.5929472440944
6591.81647512861,20.5176346456694
6595.63592625792,21.2973664041996
6599.45537738723,21.2724047244095
6603.27482851655,20.2594913385823
6618.5526330338,18.9803632545929
6633.83043755106,18.4075795275591
6649.10824206831,18.1971763779527
6664.38604658557,17.6786333333335
6679.66385110282,16.6906228346455
6694.94165562007,16.7047750656171
6710.21946013733,16.390764304462
6725.49726465458,15.8424913385825
6733.13616691321,16.1622787401575
6740.77506917184,16.9248590551181
6748.41397143046,17.5977314960634
6756.05287368909,19.3438383202102
6763.69177594772,20.9555805774281
6771.33067820634,22.8701874015747
6775.15012933566,25.7157188976385
6778.96958046497,28.1368968503942
6782.78903159429,28.5142622047244
6786.6084827236,27.6199451443564
6790.42793385291,26.4689855643046
6794.24738498223,26.2342102362205
6798.06683611154,26.3826170603675
6801.88628724085,26.5422275590551
6805.70573837017,25.4044913385819
6809.52518949948,23.2762118110238
6813.34464062879,22.1608175853018
6817.16409175811,21.8761307086616
6820.98354288742,22.545206824147
6824.80299401674,23.0069653543307
6828.62244514605,22.0281338582676
6832.44189627536,20.9327293963255
6836.26134740468,21.6118023622051
6840.08079853399,22.5169204724411
6843.9002496633,23.8863118110239
6847.71970079262,25.8485144356952
6851.53915192193,29.3770425196861
6855.35860305125,31.427190551181
6859.17805418056,30.9670257217848
6862.99750530987,29.8298141732279
6866.81695643918,27.0985257217851
6870.6364075685,26.2168385826773
6874.45585869781,26.6663133858269
6878.27530982713,27.4511732283461
6882.09476095644,31.6523333333344
6885.91421208575,33.4776716535433
6889.73366321507,32.8660892388451
6893.55311434438,31.8259401574806
6901.19201660301,32.0394559055118
6908.83091886163,31.3313698162729
6916.46982112026,31.3054212598425
6924.10872337889,30.9469488188975
6931.74762563752,28.1241141732275
6939.38652789614,26.534475328084
6947.02543015477,26.7104496062991
6954.6643324134,26.2449372703413
6962.30323467202,25.0675742782148
6966.12268580134,23.3294637795271
6969.94213693065,22.2048049868767
6977.58103918928,22.1846154855644
6992.85884370653,21.7586606299215
7008.13664822379,20.0469393700786
7023.41445274104,19.7598225721788
7038.6922572583,20.2852897637795
7053.97006177555,20.5271333333334
7069.2478662928,21.4425758530184
7084.52567081006,21.8575755905512
7099.80347532731,22.722903674541
7107.44237758594,22.106787926509
7115.08127984457,21.6581220472443
7122.7201821032,23.4020149606296
7130.35908436182,24.5242984251969
7137.99798662045,23.3117889763774
7145.63688887908,22.1803139107612
7153.2757911377,22.2770055118109
7160.91469339633,21.8300244094489
7168.55359565496,21.650980839895
7172.37304678427,21.5724286089238
7176.19249791358,21.7430566929131
7180.0119490429,23.514343307087
7183.83140017221,23.9582585301838
7191.47030243084,23.0578826771654
7206.74810694809,23.1830839895015
7222.02591146535,23.7636005249344
7229.66481372397,25.0358000000002
7237.3037159826,25.4787299212599
7244.94261824123,24.5228637795274
7252.58152049986,22.929673228346
7260.22042275848,21.5774519685039
7264.0398738878,21.1118895013123
7267.85932501711,21.4343566929133
7271.67877614642,22.7412073490818
7275.49822727574,25.0409664042003
7279.31767840505,26.640779527559
7283.13712953437,26.155251968504
7286.95658066368,26.0422564304464
7290.77603179299,25.6106291338583
7294.59548292231,26.1709740157483
7298.41493405162,26.378488976378
7302.23438518093,26.7438433070868
7306.05383631025,27.6333467191601
7309.87328743956,28.5591157480315
7313.69273856887,28.503153543307
7317.51218969819,27.9588225721784
7321.3316408275,26.710134383202
7325.15109195681,25.6778929133859
7328.97054308613,24.8159299212597
7332.78999421544,24.1293942257216
7336.60944534475,23.2470708661417
7340.42889647407,22.1303582677163
7344.24834760338,20.8096795275593
7351.88724986201,20.5300952755907
7367.16505437926,22.1487677165361
7374.80395663789,23.1668884514435
7378.62340776721,22.8729732283463
7382.44285889652,21.896873753281
7386.26231002583,20.5901178477691
7390.08176115515,20.2802881889775
7391.9914867198,22.6545065616805
7393.90121228446,24.4948020997383
7395.81093784912,26.9542543307088
7397.72066341377,31.8393417322862
7399.63038897843,39.2645259842571
7401.54011454309,44.0518992125985
7403.44984010774,43.5024937007861
7405.3595656724,39.5821398950121
7409.17901680171,35.2712102362204
7412.99846793103,35.0673543307085
7414.90819349568,34.4428136482936
7416.81791906034,33.3621409448815
7418.727644625,33.6280477690291
7420.63737018965,35.1588278215231
7422.54709575431,36.7060299212605
7424.45682131897,37.3152740157481
7426.36654688362,36.9792971128604
7428.27627244828,34.4746133858266
7430.18599801294,31.0381028871379
7432.09572357759,28.8023921259833
7434.00544914225,26.6446771653539
7435.91517470691,25.0300031496064
7437.82490027157,25.029080839895
7439.73462583622,24.2699866141729
7441.64435140088,23.8738330708672
7443.55407696554,25.9078199475073
7445.46380253019,28.3844929133864
7447.37352809485,29.2562041994752
7449.28325365951,29.4433976377952
7451.19297922416,28.1919999999986
7453.10270478882,25.2609784776892
7455.01243035348,22.1065884514426
7458.83188148279,19.8927685039368
7462.6513326121,17.8933511811014
7470.29023487073,16.5075719160103
7477.92913712936,15.7762905511808
7485.56803938799,14.0838170603663
7493.20694164661,15.8615233595801
7500.84584390524,19.9744984251987
7508.48474616387,24.7324868766434
7516.12364842249,29.0294656167983
7523.76255068112,32.5193456692926
7527.58200181043,32.6051671916007
7531.40145293975,23.7439774278191
7535.22090406906,10.7628196850374
7539.04035519837,8.1585372703407
7542.85980632769,6.96410104986847
7546.679257457,7.05239921259847
7550.49870858632,7.24491889763784
7552.40843415097,7.25393464566926
7554.31815971563,7.17684881889766
7558.13761084494,7.25753228346463
7561.95706197426,7.46619763779529
7569.59596423288,8.02309763779611
7577.23486649151,10.2484971128626
7584.87376875014,14.0212433070873
7592.51267100876,19.0871338582679
7600.15157326739,18.7856955380576
7607.79047552602,16.1025173228337
7615.42937778465,16.3853755905523
7623.06828004327,19.6993454068246
7626.88773117259,22.2693543307095
7628.79745673724,23.2964503937009
7630.7071823019,23.1355490813647
7632.61690786656,22.6980380577426
7634.52663343121,22.8575535433072
7638.34608456053,26.1770979002644
7642.16553568984,31.2393616797905
7645.98498681916,33.478363779528
7649.80443794847,33.1356960629922
7653.62388907778,33.6877414698167
7657.4433402071,36.0280433070882
7661.26279133641,41.7185370078739
7665.08224246572,46.4527333333348
7668.90169359504,50.0397212598444
7672.72114472435,51.4139916010499
7674.63087028901,50.5132582677166
7676.54059585366,50.0292834645668
7678.45032141832,48.5854296587923
7680.36004698298,46.414009973751
7684.17949811229,39.6554661417297
7687.9989492416,29.9217076115456
7691.81840037092,25.7069532808393
7695.63785150023,22.8149055118101
7699.45730262954,20.0110241469803
7707.09620488817,20.9181753280847
7714.7351071468,22.7841464566935
7722.37400940543,25.9210963254595
7730.01291166405,31.7011755905529
7737.65181392268,34.4544244094486
7745.29071618131,32.2932026246713
7749.11016731062,27.4965401574774
7752.92961843994,23.0457078740156
7754.83934400459,18.7288524934372
7756.74906956925,16.1831622047231
7758.65879513391,17.0020299212599
7760.56852069856,17.8182461942261
7762.47824626322,17.9881128608922
7764.38797182787,17.0707519685038
7768.20742295719,16.7650979002624
7772.0268740865,17.1001656167981
7775.84632521582,17.8526795275594
7779.66577634513,19.1040666666678
7787.30467860376,20.8660582677172
7794.94358086238,24.051177952756
7802.58248312101,23.9045244094486
7810.22138537964,22.681167979002
7817.86028763827,21.2129425196843
7825.49918989689,19.7747383202094
7833.13809215552,19.823614960631
7840.77699441415,22.098413385827
7848.41589667278,26.7521863517066
7856.0547989314,25.8504236220446
7863.69370119003,22.5548291338576
7871.33260344866,21.0134472440938
7878.97150570728,19.6232519685036
7886.61040796591,19.0487425196852
7894.24931022454,19.3020215223094
7901.88821248317,18.8071385826769
7909.52711474179,17.8741488188971
7917.16601700042,17.5472698162727
7924.80491925905,17.0915448818898
7932.44382151767,17.6431464566935
7940.0827237763,18.0658708661418
7947.72162603493,17.3104236220472
7955.36052829356,17.6484181102364
7962.99943055218,20.637866929136
7970.63833281081,25.2224963254622
7978.27723506944,30.4373598425212
7985.91613732806,34.253301574805
7993.55503958669,34.2288509186351
8001.19394184532,34.3530763779533
8008.83284410395,36.0267325459332
8016.47174636257,36.4387170603669
8024.1106486212,32.2140228346416
8031.74955087983,26.7146401574794
8039.38845313846,23.8505897637783
8047.02735539708,18.7417110236175
8054.66625765571,14.0618133858259
8062.30515991433,13.2860608923884
8069.94406217296,13.3191937007873
8077.58296443159,12.6727821522307
8092.86076894884,12.0007225721781
8108.1385734661,11.6088535433066
8123.41637798335,10.4762094488183
8138.69418250061,10.7480874015749
8153.97198701786,11.7341480314962
8169.24979153512,12.0346808398952
8184.52759605237,12.6169952755907
8199.80540056962,16.4709299212621
8215.08320508688,19.2293671916011
8222.72210734551,19.2102963254591
8230.36100960413,17.8438606299205
8237.99991186276,17.0511661417322
8245.63881412139,16.9205089238846
8253.27771638001,17.2091440944883
8260.91661863864,17.2476133858267
8268.55552089727,16.6828564304457
8276.1944231559,15.7088700787398
8283.83332541452,15.7402375328093
8291.47222767315,18.023392650919
8299.11112993178,20.5998913385839
8306.75003219041,25.1299346456724
8314.38893444903,29.6055215223101
8322.02783670766,30.2094669291339
8329.66673896629,29.6459443569554
8337.30564122492,29.4516372703417
8344.94454348354,32.5433244094521
8352.58344574217,37.011396850395
8360.2223480008,46.2231884514473
8367.86125025942,49.2454456692911
8375.50015251805,45.6052047244082
8383.13905477668,41.4380905511795
8390.77795703531,40.304572440945
8398.41685929393,40.6264070866143
8406.05576155256,41.4509968503943
8413.69466381119,42.6913370078737
8421.33356606981,40.4670097112845
8428.97246832844,36.9839293963247
8436.61137058707,34.6132637795261
8444.25027284569,34.760069553806
8451.88917510432,36.3804876640418
8459.52807736295,35.6687291338573
8467.16697962158,32.4014635170594
8474.8058818802,30.1600921259836
8482.44478413883,28.5556039370075
8490.08368639746,26.7222485564304
8497.72258865608,26.6087204724409
8505.36149091471,26.8865204724408
8513.00039317334,26.185415485564
8520.63929543197,25.6714774278214
8528.27819769059,25.3644905511812
8535.91709994922,25.4860464566928
8543.55600220785,25.7995372703414
8551.19490446647,26.588866141732
8558.8338067251,25.8382514435694
8566.47270898373,24.9186682414694
8574.11161124236,24.3892228346453
8581.75051350098,23.315091076115
8589.38941575961,21.4292716535422
8597.02831801824,20.7907
8604.66722027687,20.6767580052493
8612.30612253549,20.4413422572176
8619.94502479412,19.6607795275589
8627.58392705275,17.8960133858261
8635.22282931137,17.2297524934383
8642.86173157,17.5981661417324
8650.50063382863,17.788127559055
8658.13953608726,18.0112850393703
8665.77843834588,20.3584732283477
8673.41734060451,23.2063989501317
8681.05624286314,24.0458215223092
8688.69514512176,22.8678149606294
8696.33404738039,22.6318761154857
8703.97294963902,22.889628871391
8711.61185189764,22.1602393700786
8719.25075415627,23.1245595800533
8726.8896564149,24.5686640419945
8734.52855867353,23.2711023622043
8742.16746093215,19.4409207349055
8749.80636319078,16.2099590551181
8757.44526544941,16.4991716535439
8765.08416770804,17.3409091863519
8772.72306996666,17.3742464566929
8780.36197222529,17.3755842519686
8788.00087448392,17.6884304461943
8795.63977674254,18.2453485564306
8803.27867900117,18.4942685039369
8810.9175812598,18.3541950131233
8818.55648351843,19.240028871391
8826.19538577705,18.5239464566926
8833.83428803568,17.3532325459317
8841.47319029431,16.7092682414695
8849.11209255293,17.8736267716544
8856.75099481156,19.5862745406825
8872.02879932882,19.2304477690289
8887.30660384607,18.8299661417318
8902.58440836332,17.1711839895
8917.86221288058,15.9168666666666
8933.14001739783,15.8801834645673
8948.41782191509,16.3000879265092
8963.69562643234,15.5388921259839
8978.97343094959,15.0081456692929
8994.25123546685,17.1404406824151
9009.5290399841,18.2567916010501
9024.80684450136,18.1806787401573
9040.08464901861,17.2992141732281
9055.36245353587,16.5466614173225
9070.64025805312,15.101743307086
9085.91806257038,13.0175461942249
9101.19586708763,12.221132808399
9116.47367160488,13.0194818897642
9131.75147612214,14.2396220472447
9147.02928063939,16.3335362204731
9162.30708515665,19.3951818897654
9177.5848896739,20.934768503937
9192.86269419116,21.7896370078747
9208.14049870841,24.058325196852
9223.41830322567,24.1786188976377
9231.05720548429,23.4887485564301
9238.69610774292,23.4246755905512
9246.33501000155,23.7555102362201
9253.97391226017,21.65952598425
9261.6128145188,17.9892362204714
9276.89061903605,15.4148338582671
9292.16842355331,14.3081039370076
9307.44622807056,14.9670881889775
9322.72403258782,17.4647496063002
9338.00183710507,18.637280839895
9353.27964162233,18.4874409448818
9368.55744613958,18.740019160105
9383.83525065684,19.2664223097112
9399.11305517409,18.8115551181097
9414.39085969134,17.6702860892387
9429.6686642086,18.1209876640437
9441.12701759654,21.2079551181105
9448.76591985517,22.3691692913385
9456.40482211379,22.8722217847778
9464.04372437242,23.9055551181103
9471.68262663105,24.873618372704
9483.14098001899,25.6772467191602
9498.41878453624,25.5516763779529
9509.87713792418,26.2010196850398
9517.51604018281,26.5198973753281
9525.15494244144,26.2927889763776
9532.79384470006,24.0183335958002
9540.43274695869,22.2955881889762
9548.07164921732,23.242026771654
9555.71055147595,24.1080097112862
9563.34945373457,24.5004475065618
9570.9883559932,24.8094007874015
9578.62725825183,26.7435188976388
9586.26616051045,28.7819073490822
9593.90506276908,31.3679803149607
9601.54396502771,31.6756643044612
9609.18286728634,29.9339005249341
9616.82176954496,28.2226472440942
9624.46067180359,25.0940251968499
9632.09957406222,24.0092062992123
9639.73847632084,21.7586897637787
9647.37737857947,22.0407233595805
9662.65518309673,24.0062708661421
9674.11353648467,24.444025984252
9681.75243874329,24.1094734908136
9697.03024326055,24.3142608923889
9712.3080477778,25.2983346456693
9727.58585229506,25.6491296587928
9742.86365681231,26.3916440944891
9758.14146132957,28.1892385826774
9773.41926584682,27.5019370078719
9788.69707036408,23.3294845144355
9803.97487488133,20.5731944881888
9819.25267939858,20.1683272965877
9834.53048391584,19.3087538057741
9849.80828843309,18.7179503937008
9865.08609295035,18.946165616798
9880.3638974676,18.7871661417322
9891.82225085554,18.6576181102362
9895.64170198486,18.5509572178477
9903.28060424348,18.6287755905513
9910.91950650211,19.2906314960631
9918.55840876074,20.9699270341216
9933.83621327799,23.5849874015763
9949.11401779525,26.2089417322836
9964.3918223125,24.3914519685022
9979.66962682975,21.600834120735
9994.94743134701,19.4380952755897
10010.2252358643,17.2190333333322
10025.5030403815,16.6522608923884
10040.7808448988,17.3233889763779
10056.058649416,17.1344519685039
10071.3364539333,17.7116540682416
10082.7948073212,18.557059055119
10086.6142584505,19.7960002624674
10094.2531607092,21.6072535433078
10098.0726118385,27.7268645669296
10101.8920629678,29.4546005249344
10105.7115140971,29.4702837270342
10109.5309652264,29.3774267716535
10113.3504163557,29.1888923884513
10117.169867485,28.4972167979003
10120.9893186144,25.6389669291334
10124.8087697437,25.0249469816277
10128.628220873,25.7195687664043
10132.4476720023,26.2644181102365
10140.0865742609,26.2093624671916
10143.9060253902,25.7988128608922
10147.7254765196,24.2379960629909
10151.5449276489,23.7518874015745
10153.4546532135,20.8154530183717
10155.3643787782,18.7615464566926
10157.2741043428,18.7700839895015
10159.1838299075,19.0381013123355
10161.0935554721,18.5007259842519
10163.0032810368,19.2347784776905
10166.8227321661,19.9306099737533
10174.4616344247,19.9474488188976
10182.1005366834,20.3276545931763
10189.739438942,21.9753380577434
10197.3783412006,24.7184456692925
10205.0172434593,26.2646099737532
10212.6561457179,28.2250110236229
10220.2950479765,29.9082929133862
10227.9339502351,28.8741889763779
10235.5728524938,26.4196485564288
10243.2117547524,24.4655078740158
10250.850657011,24.8351230971129
10258.4895592696,25.1224761154858
10266.1284615283,25.515746456693
10273.7673637869,25.8297425196851
10277.5868149162,25.972943832021
10281.4062660455,26.2062866141733
10285.2257171748,26.5018968503938
10289.0451683042,26.3916107611547
10292.8646194335,26.0584590551182
10296.6840705628,27.5584968503937
10300.5035216921,27.2059981627291
10304.3229728214,22.8413755905505
10308.1424239507,21.7464023622047
10311.96187508,22.0437325459321
10315.7813262094,24.6063622047243
10319.6007773387,26.2336703412074
10323.420228468,26.0065732283462
10327.2396795973,24.8866708661416
10331.0591307266,22.7444816272962
10334.8785818559,22.4493251968504
10342.5174841145,21.9376480314959
10350.1563863732,20.8060561679783
10357.7952886318,19.354077165354
10369.2536420197,19.4520417322834
10376.8925442784,19.3865335958006
10388.3508976663,19.4649456692913
10395.9897999249,19.6425330708663
10403.6287021836,21.1933874015746
10415.0870555715,20.0330556430441
10422.7259578301,18.8088338582678
10430.3648600888,18.5971842519683
10438.0037623474,17.9349958005246
10441.8232134767,18.5401976377953
10445.642664606,21.6012139107642
10449.4621157353,29.419572440945
10453.2815668646,37.5846228346469
10457.101017994,40.7151958005208
10460.9204691233,34.983944356955
10468.5593713819,32.407891338582
10472.3788225112,32.9660086614175
10480.0177247698,33.3984443569549
10483.8371758991,29.9725795275572
10491.4760781578,25.4781847769017
10495.2955292871,22.1091057742768
10501.0247059811,18.6549456692914
10506.753882675,19.5276270341215
10512.483059369,20.5204278215224
10516.3025104983,20.5765677165354
10522.0316871923,20.6883629921261
10529.6705894509,20.6824661417324
10537.3094917095,18.9008622047238
10544.9483939682,17.5091477690284
10552.5872962268,17.37273832021
10558.3164729208,17.0731118110234
10562.1359240501,17.28247664042
10565.9553751794,18.2042364829397
10569.7748263087,18.8746622047244
10573.594277438,18.3832081364828
10579.323454132,16.7122842519681
10586.9623563906,14.9513913385827
10590.7818075199,15.1894291338583
10594.6012586492,15.7512199475068
10602.2401609079,16.7025984251971
10606.0596120372,18.2998687664051
10609.8790631665,19.9699238845143
10613.6985142958,20.0329503937012
10617.5179654251,20.5910984251965
10621.3374165544,19.4330643044619
10628.9763188131,20.0969291338593
10636.6152210717,21.7049595800525
10640.434672201,22.1753566929135
10644.2541233303,21.8850181102356
10648.0735744596,20.764911023622
10655.7124767183,19.3123039370074
10663.3513789769,18.8219622047244
10670.9902812355,20.2285763779529
10678.6291834941,20.0086627296581
10686.2680857528,18.6274543307084
10693.9069880114,19.3624506561679
10701.54589027,18.9180695538058
10709.1847925286,18.450796062992
10716.8236947873,18.7064128608925
10722.5528714812,18.8492475065617
10726.3723226106,18.8996370078741
10730.1917737399,19.2811868766403
10734.0112248692,20.6617354330715
10737.8306759985,22.0830110236222
10741.6501271278,21.1949532808399
10745.4695782571,19.7104333333328
10749.2890293864,17.4194322834645
10753.1084805158,15.3463902887138
10756.9279316451,16.8734236220489
10760.7473827744,19.0656456692914
10766.4765594684,19.3928212598425
10774.115461727,20.1268853018374
10789.3932662442,20.6683598425196
10804.6710707615,20.2434992125983
10812.3099730201,19.9271942257217
10819.9488752787,19.5774503937006
10827.5877775374,19.1648099737533
10835.226679796,18.3610375328082
10842.8655820546,17.5966149606296
10850.5044843133,16.4317755905511
10861.9628377012,17.0954328084001
10877.2406422184,19.5492889763778
10888.6989956064,20.7327036745407
10894.4281723004,21.4365314960635
10898.2476234297,21.0074984251968
10902.067074559,19.1867698162722
10905.8865256883,16.5499509186349
10909.7059768176,15.2604070866143
10913.5254279469,15.4792834645671
10917.3448790762,15.5230367454068
10923.0740557702,15.1673661417321
10930.7129580288,15.1571593175854
10938.3518602875,16.0648538057748
10945.9907625461,17.2247771653547
10953.6296648047,17.8663561679794
10961.2685670633,18.6401619422575
10968.907469322,19.0973574803149
10976.5463715806,18.9633679790025
10984.1852738392,18.4914477690285
10991.8241760979,18.1366897637794
10995.6436272272,18.2446561679793
10999.4630783565,19.1246246719163
11003.2825294858,20.4547330708669
11007.1019806151,21.2279535433068
11010.9214317444,20.7719094488187
11014.7408828737,20.0685629921254
11018.560334003,19.4374477690289
11022.3797851324,20.2404619422579
11026.1992362617,21.4983842519694
11030.018687391,21.7545146981628
11033.8381385203,21.7446721784775
11037.6575896496,21.0354275590548
11041.4770407789,20.6219921259844
11045.2964919082,21.1458556430453
11049.1159430376,20.8678354330703
11056.7548452962,19.6029834645664
11064.3937475548,18.5145034120733
11072.0326498134,17.6612125984247
11079.6715520721,17.0631863517058
11087.3104543307,17.3113564304462
11094.9493565893,17.160945669291
11102.5882588479,15.9530910761152
11108.3174355419,14.799412598425
11112.1368866712,14.8858748031501
11115.9563378005,15.3034679790027
11119.7757889299,13.909924671916
11123.5952400592,14.1641535433073
11127.4146911885,14.9479671916013
11131.2341423178,15.1269359580059
11135.0535934471,16.1355204724414
11138.8730445764,16.664781364829
11142.6924957057,16.4227874015748
11146.5119468351,16.9191881889765
11150.3313979644,16.1228154855629
11154.1508490937,14.4394622047237
11157.970300223,13.1263055118107
11163.699476917,12.7899926509187
11171.3383791756,13.0472194225724
11178.9772814342,13.6681771653551
11186.6161836928,15.0034632545936
11194.2550859515,15.6292782152232
11201.8939882101,15.6708299212598
11209.5328904687,15.4753826771653
11217.1717927274,15.3851359580052
11224.810694986,15.0782944881889
11228.6301461153,14.9947175853021
11232.4495972446,15.7288832021
11240.0884995032,16.3598385826773
11247.7274017619,17.2365328084002
11255.3663040205,18.562333858268
11263.0052062791,18.663033070866
11270.6441085377,17.7096721784777
11278.2830107964,18.3736863517068
11285.921913055,20.2155519685051
11293.5608153136,20.8692083989494
11301.1997175723,19.063334383201
11305.0191687016,17.5859842519683
11308.8386198309,17.4784498687673
11312.6580709602,18.8299918635177
11316.4775220895,19.2915929133858
11320.2969732188,19.0736173228351
11322.2066987835,19.961595538058
11324.1164243481,21.9069551181112
11326.0261499128,23.9795044619438
11327.9358754774,23.0282259842519
11329.8456010421,23.667448031497
11331.7553266068,24.4721947506563
11333.6650521714,25.7543658792657
11335.5747777361,26.6020960629918
11337.4845033007,25.0647553805765
11339.3942288654,22.2461451443565
11341.30395443,21.9757220472444
11343.2136799947,22.5002965879264
11345.1234055594,21.9974026246716
11347.033131124,20.9790960629915
11348.9428566887,19.1776401574793
11352.762307818,17.8543215223097
11356.5817589473,16.7460433070858
11360.4012100766,15.0047409448806
11364.2206612059,13.7617388451442
11368.0401123352,13.9327188976389
11373.7692890292,15.7432438320214
11381.4081912878,16.2485162729658
11389.0470935465,15.6207228346445
11396.6859958051,14.2468191601046
11404.3248980637,13.9854438320211
11411.9638003223,15.707642519685
11419.602702581,15.3405643044617
11427.2416048396,14.8585958005247
11434.8805070982,14.7821212598425
11442.5194093569,14.7873858267717
11450.1583116155,14.8817863517061
11457.7972138741,15.3592000000001
11465.4361161327,15.6001572178479
11469.2555672621,15.7006139107611
11473.0750183914,15.6745803149606
11476.8944695207,14.9349792650917
11480.71392065,13.2396307086605
11484.5333717793,12.8711826771658
11488.3528229086,12.689346981627
11492.1722740379,11.7481265091862
11499.8111762966,12.090387401575
11507.4500785552,13.0544212598429
11513.1792552492,14.3344412073501
11516.9987063785,15.6311275590555
11520.8181575078,16.577013385827
11524.6376086371,16.855059055118
11528.4570597664,16.3047354330705
11532.2765108957,16.9085464566934
11536.095962025,18.4390335958005
11539.9154131544,18.4546433070867
11541.825138719,18.7731986876641
11543.7348642837,20.176275590553
11545.6445898483,23.4544984251987
11547.554315413,24.4173089238845
11549.4640409776,23.9530062992126
11551.3737665423,24.0821496062995
11553.2834921069,25.2131679790031
11555.1932176716,26.2939270341214
11557.1029432363,27.0338338582678
11559.0126688009,27.2210622047244
11560.9223943656,26.34790918635
11562.8321199302,24.5869692913381
11564.7418454949,22.4491687664025
11566.6515710595,21.4189115485562
11568.5612966242,23.2926692913388
11572.3807477535,23.4218262467189
11576.2001988828,22.3473419947499
11580.0196500121,19.4636921259818
11583.8391011415,15.1316595800514
11587.6585522708,12.1790356955366
11591.4780034001,14.2174259842546
11595.2974545294,17.3294396325466
11599.1169056587,19.2163241469831
11606.7558079173,21.2163401574803
11614.394710176,20.8083874015743
11618.2141613053,19.8394283464559
11622.0336124346,19.1280763779525
11629.6725146932,18.085042257217
11641.1308680812,16.8821797900258
11646.8600447751,15.8749724409445
11652.5892214691,14.936147769028
11660.2281237277,14.0412776902885
11667.8670259864,13.8642929133858
11675.505928245,13.4140435695533
11683.1448305036,12.485792125984
11690.7837327622,12.5770834645671
11694.6031838916,12.9004270341207
11698.4226350209,12.844968503937
11702.2420861502,13.1361275590552
11706.0615372795,13.8088910761161
11709.8809884088,14.3833146981625
11717.5198906674,13.8367645669289
11725.1587929261,13.6704606299211
11732.7976951847,13.335264566929
11736.617146314,12.5210456692908
11740.4365974433,12.3580083989503
11744.2560485726,14.7535094488198
11751.8949508313,16.939796062993
11757.6241275252,17.3378755905511
11761.4435786545,17.0270385826773
11765.2630297839,17.1161330708659
11770.9922064778,16.0539493438313
11778.6311087365,15.0983769028866
11786.2700109951,14.0014708661414
11791.999187689,14.1741335958011
11795.8186388184,16.1284204724417
11799.6380899477,16.7135511811021
11803.457541077,16.5503774278217
11807.2769922063,17.0924259842521
11811.0964433356,18.8035472440963
11814.9158944649,21.9924089238869
11820.6450711589,23.9350125984256
11828.2839734175,24.9789905511813
11835.9228756762,25.7972480314965
11843.5617779348,25.765881102362
11851.2006801934,24.6194385826756
11858.839582452,22.802373490813
11866.4784847107,21.1581351706028
11874.1173869693,18.3455700787391
11881.7562892279,15.9724493438313
11889.3951914865,15.3034036745406
11895.1243681805,16.4002543307096
11898.9438193098,18.0982254593183
11902.7632704391,19.5557005249347
11906.5827215685,20.9549125984256
11912.3118982624,21.1420692913379
11916.1313493917,21.6628871391082
11923.7702516504,24.5975984251992
11931.409153909,25.8028551181102
11939.0480561676,25.527830446194
11946.6869584262,24.2047842519671
11954.3258606849,19.6866569553798
11961.9647629435,17.9176291338578
11969.6036652021,18.0892055118113
11977.2425674608,19.009139632546
11984.8814697194,19.0646241469815
11992.520371978,18.4050716535429
12000.1592742366,17.9844677165356
12015.4370787539,18.2532341207349
12030.7148832711,17.9667188976375
12045.9926877884,18.5080039370084
12061.2704923057,19.5473215223102
12072.7288456936,20.2204685039371
12080.3677479522,19.9275724409448
12088.0066502109,20.7642128608932
12095.6455524695,22.0345874015755
12103.2844547281,21.6849154855641
12107.1039058574,19.9111706036735
12114.742808116,18.8064787401574
12122.3817103747,18.5246540682414
12130.0206126333,18.5188139107618
12137.6595148919,19.6882055118116
12145.2984171506,20.6785661417325
12152.9373194092,20.8882564304461
12160.5762216678,20.0109968503928
12175.8540261851,18.9773753280838
12191.1318307023,18.1980223097111
12198.7707329609,18.1795944881896
12206.4096352196,19.2058333333335
12210.2290863489,20.2178493438327
12217.8679886075,21.9490236220488
12225.5068908661,23.476034120735
12233.1457931248,22.7808590551173
12240.7846953834,20.6401488188973
12248.423597642,19.3335062992127
12256.0624999006,22.0531454068274
12263.7014021593,27.2328590551187
12267.5208532886,27.6920191601035
12271.3403044179,26.4676614173227
12275.1597555472,29.110357480316
12277.0694811119,32.0464934383224
12278.9792066765,35.2328120734921
12280.8889322412,37.4161842519677
12282.7986578058,34.7876955380564
12284.7083833705,26.7941803149552
12286.6181089352,18.9676039370042
12290.4375600645,16.1795514435695
12294.2570111938,16.1152994750657
12301.8959134524,17.4553866141734
12309.534815711,19.0302937007882
12317.1737179697,20.3243448818904
12324.8126202283,21.6101338582681
12332.4515224869,22.6989727034122
12340.0904247455,22.5114976377951
12347.7293270042,21.3148047244089
12355.3682292628,18.9157666666644
12363.0071315214,16.2911742782146
12370.6460337801,14.4037590551172
12378.2849360387,13.5954364829396
12385.9238382973,13.9008202099743
12393.5627405559,16.9674259842549
12401.2016428146,20.9148301837287
12408.8405450732,21.5012942257215
12416.4794473318,20.9278842519684
12420.2988984611,19.7836225721777
12427.9378007198,18.5037900262458
12435.5767029784,17.5088125984251
12443.215605237,18.2256645669299
12450.8545074956,18.457346456693
12458.4934097543,19.2581811023629
12464.2225864482,19.4485299212593
12468.0420375776,17.4317574803149
12471.8614887069,17.0616031496057
12475.6809398362,16.1645296587924
12479.5003909655,14.2741270341205
12483.3198420948,13.4912346456689
12487.1392932241,14.2764099737541
12490.9587443534,15.6882603674545
12494.7781954827,17.2878724409454
12498.5976466121,18.1222367454066
12502.4170977414,16.1678944881875
12508.1462744353,14.7242165354332
12515.785176694,15.7463805774289
12521.5143533879,16.5768089238845
12525.3338045173,14.5294929133846
12529.1532556466,12.5442304461934
12531.0629812112,11.2813999999997
12532.9727067759,10.8234354330707
12534.8824323405,10.5275745406823
12536.7921579052,9.94590682414674
12538.7018834699,9.71753622047247
12540.6116090345,9.69287401574797
12542.5213345992,9.43762467191586
12544.4310601638,9.34403228346456
12546.3407857285,9.89180629921267
12550.1602368578,10.0252477690289
12553.9796879871,10.433970866142
12557.7991391164,11.0214204724411
12563.5283158104,11.5633832020999
12567.3477669397,12.3170629921264
12571.167218069,13.4568396325467
12574.9866691983,14.9109976377958
12578.8061203276,16.816733858269
12582.625571457,18.8561230971131
12586.4450225863,21.1878475065621
12590.2644737156,20.4511850393685
12594.0839248449,18.9503640419948
12597.9033759742,19.3466527559058
12603.6325526682,19.3124110236219
12607.4520037975,19.0777905511811
12611.2714549268,17.8044992125972
12615.0909060561,17.3200110236224
12618.9103571854,18.2375102362208
12622.7298083148,17.7738884514435
12626.5492594441,17.2356196850391
12638.007612832,16.1211262467184
12653.2854173493,14.7147874015742
12668.5632218665,13.1545826771645
12683.8410263838,12.0360367454067
12699.118830901,12.671982677166
12710.577184289,13.7877866141739
12722.0355376769,15.1296091863521
12733.4938910648,16.4021905511816
12744.9522444528,16.8505929133858
12756.4105978407,16.0401173228342
12764.0495000994,14.3251532808385
12771.688402358,13.6187259842521
12779.3273046166,13.7499522309709
12786.9662068752,13.3894503937007
12794.6051091339,14.4188582677171
12800.3342858278,15.8073359580059
12804.1537369571,17.2460102362211
12807.9731880865,17.9440787401571
12813.7023647804,16.7312377952753
12821.3412670391,15.724342782152
12828.9801692977,14.9621858267711
12836.6190715563,13.8642729658789
12844.2579738149,12.8680968503932
12851.8968760736,13.1981598425197
12857.6260527675,14.3474133858272
12861.4455038969,14.407159842519
12865.2649550262,12.9197015748029
12869.0844061555,12.9589821522311
12874.8135828494,13.2026099737533
12882.4524851081,13.8979559055121
12890.0913873667,15.1610314960634
12895.8205640607,15.1654110236218
12899.64001519,13.6144629921252
12901.5497407546,12.7251204724412
12903.4594663193,13.8255863517066
12905.369191884,14.413125984252
12907.2789174486,13.9085435695534
12909.1886430133,12.941780052493
12911.0983685779,11.8665307086613
12913.0080941426,10.2745299212587
12914.9178197072,8.24323333333256
12916.8275452719,7.46342913385822
12918.7372708366,9.36344488189145
12920.6469964012,12.1408028871393
12922.5567219659,13.6205173228349
12924.4664475305,13.689026246719
12926.3761730952,14.845364041995
12928.2858986598,15.4083173228342
12935.9248009185,14.1011057742778
12943.5637031771,12.744841994751
12947.3831543064,14.0639291338592
12951.2026054357,14.46610839895
12955.022056565,14.1674356955381
12962.6609588237,14.1426062992125
12970.2998610823,13.5098383202096
12977.9387633409,13.975514173229
12985.5776655995,15.1588165354332
12989.3971167289,15.0041065616794
12997.0360189875,13.9183018372703
13004.6749212461,12.4729385826761
13012.3138235047,10.8535989501308
13019.9527257634,10.7514887139108
13027.591628022,10.9400031496064
13033.320804716,11.0459511811024
13037.1402558453,11.0489632545932
13042.8694325392,11.0016031496062
13046.6888836686,10.954280839895
13050.5083347979,11.2730514435698
13052.4180603625,11.9062433070869
13054.3277859272,12.7451089238847
13061.9666881858,12.7605776902885
13069.6055904444,12.3464377952755
13077.2444927031,12.2042790026247
13084.8833949617,12.3879482939633
13092.5222972203,12.396942519685
13100.161199479,11.4055209973751
13103.9806506083,11.1588543307086
13111.6195528669,11.7113125984257
13119.2584551255,12.0685020997375
13130.7168085135,12.3729136482942
13142.1751619014,12.7910173228349
13147.9043385954,12.5292073490813
13151.7237897247,11.7936787401571
13155.543240854,11.4068543307086
13159.3626919833,11.7862674540684
13163.1821431126,12.6535272965885
13168.9113198066,13.4650598425199
13176.5502220652,13.6641784776898
13184.1891243238,12.3796409448817
13189.9183010178,11.6348527559054
13193.7377521471,11.7466979002626
13197.5572032764,12.5519587926511
13203.2863799704,13.1488889763783
13207.1058310997,13.0795435695538
13210.925282229,13.0324892388457
13214.7447333584,13.8185141732284
13218.5641844877,14.2099293963256
13222.383635617,13.8635766404194
13226.2030867463,12.3378779527556
13233.8419890049,11.6789698162732
13237.6614401342,10.9262685039368
13241.4808912636,10.7952118110236
13245.3003423929,10.2145666666662
13252.9392446515,9.644050656168
13256.7586957808,9.8612055118112
13260.5781469101,10.4210343832024
13264.3975980394,10.4191469816272
13268.2170491687,9.49902204724352
13272.0365002981,8.24643044619413
13275.8559514274,9.97799606299352
13283.494853686,10.9323700787403
13291.1337559446,10.9309627296587
13298.7726582033,9.90837165354251
13306.4115604619,8.71247165354331
13314.0504627205,8.65072887139107
13321.6893649791,8.29657270341168
13329.3282672378,8.94420393700793
13336.9671694964,9.14845905511787
13344.606071755,8.31347742782133
13352.2449740136,8.52763543307142
13359.8838762723,10.8231435695544
13367.5227785309,11.2109175853018
13375.1616807895,10.3308125984248
13382.8005830482,10.7100267716538
13390.4394853068,12.4978863517068
13398.0783875654,14.7623251968514
13405.717289824,15.5607107611547
13413.3561920827,14.4280380577418
13420.9950943413,12.000837007874
13428.6339965999,10.569711286089
13436.2728988585,10.16804671916
13443.9118011172,9.7838976377952
13451.5507033758,8.97185249343847
13459.1896056344,9.24463333333336
13466.8285078931,9.35758346456691
13474.4674101517,8.8702496062985
13482.1063124103,8.24799527559065
13489.7452146689,9.25645196850453
13497.3841169276,9.90219501312344
13505.0230191862,9.67928083989498
13512.6619214448,9.75074645669309
13520.3008237034,10.4880194225725
13527.9397259621,11.5297419947507
13535.5786282207,10.7994228346454
13543.2175304793,8.77771049868689
13550.856432738,7.80853517060349
13558.4953349966,7.68798188976389
13566.1342372552,8.59779186351769
13573.7731395138,9.49619553805778
13581.4120417725,8.095599212598
13585.2314929018,7.876906299213
13592.8703951604,8.03226850393692
13600.509297419,7.31036299212647
13608.1481996777,8.71943464566953
13615.7871019363,8.91132703412064
13623.4260041949,8.71589527559157
13631.0649064535,9.21528897637772
13638.7038087122,7.56736351705875
13646.3427109708,7.06761181102376
13653.9816132294,7.7086291338588
13661.620515488,8.50176036745475
13669.2594177467,9.38668110236258
13673.078868876,10.0199013123359
13676.8983200053,9.84266299212586
13680.7177711346,10.2800606299214
13684.5372222639,10.4742648293962
13686.4469478286,10.3857761154855
13688.3566733932,10.8540000000005
13692.1761245226,11.4620406824147
13695.9955756519,10.9351572178471
13699.8150267812,10.0597102362199
13703.6344779105,9.75977690288727
13707.4539290398,10.4624482939642
13711.2733801691,10.7996889763779
13715.0928312984,9.49811837270169
13718.9122824278,8.32597139107696
13722.7317335571,9.9365708661425
13726.5511846864,10.7682230971125
13730.3706358157,10.4681884514436
13734.190086945,10.3860440944881
13738.0095380743,9.45628818897691
13745.6484403329,10.1418183727038
13760.9262448502,11.4588370078751
13776.2040493675,12.4570942257222
13791.4818538847,12.7821244094491
13802.9402072726,13.4742897637802
13810.5791095313,14.4896199475072
13825.8569140485,15.3724803149608
13841.1347185658,14.7309669291332
13852.5930719537,13.7813973753278
13860.2319742124,14.0960958005247
13867.870876471,13.6602173228344
13879.3292298589,14.5848503937022
13886.9681321175,15.228126246719
13894.6070343762,14.7956866141731
13902.2459366348,15.4217412073502
13909.8848388934,16.1405648293958
13917.5237411521,14.4937149606285
13925.1626434107,12.4266073490805
13932.8015456693,9.91969133858153
13940.4404479279,10.6786897637801
13948.0793501866,11.2209049868769
13955.7182524452,11.866814435696
13963.3571547038,12.5392992125986
13970.9960569624,12.9159522309713
13978.6349592211,12.4793175853013
13986.2738614797,10.938111811023
13993.9127637383,10.0460582677161
14001.551665997,9.98949422572186
14009.1905682556,10.5895606299217
14016.8294705142,11.2723396325466
14024.4683727728,11.8348157480316
14032.1072750315,12.2377968503948
14039.7461772901,13.111938582677
14047.3850795487,12.7239170603673
14055.0239818073,12.2339433070861
14062.662884066,11.0767918635168
14070.3017863246,10.7272498687664
14077.9406885832,11.5427968503942
14085.5795908419,12.1227968503937
14093.2184931005,11.7419089238839
14100.8573953591,11.2868826771652
14108.4962976177,11.9110624671923
14116.1351998764,12.7734317585303
14121.8643765703,12.9373881889764
14125.6838276996,13.2911800524941
14131.4130043936,14.4329690288721
14135.2324555229,15.7123433070875
14139.0519066522,16.3873083989502
14142.8713577816,16.5052564304463
14150.5102600402,17.022681102363
14158.1491622988,18.4463377952761
14165.7880645574,18.8742574803148
14169.6075156868,17.9126700787395
14173.4269668161,16.3029829396319
14177.2464179454,15.4174293963247
14181.0658690747,14.5328519685036
14188.7047713333,13.8534540682411
14196.3436735919,13.5602850393702
14203.9825758506,13.8558409448821
14211.6214781092,14.1641952755908
14219.2603803678,12.7577858267709
14226.8992826265,11.611667716535
14234.5381848851,11.7642241469818
14243.2144262295,12.4032661417322
14254.4931147541,12.1863590551178
14265.7718032787,11.9383614173228
14277.0504918033,10.8668874015737
14285.5095081967,12.1514803149612
14291.148852459,14.1827509186361
14293.9685245902,15.8008590551195
14296.7881967213,16.2758779527559
14299.6078688525,16.5866674540687
14302.4275409836,17.520769291339
14305.2472131148,18.2883527559059
14308.0668852459,19.8180272965899
14310.8865573771,21.5010929133864
14313.7062295082,21.1252480314949
14316.5259016393,19.1726944881884
14319.3455737705,17.9449202099732
14322.1652459016,17.9144543307093
14324.9849180328,18.6153632545932
14327.8045901639,18.3035070866137
14330.6242622951,16.7122669291335
14333.4439344262,15.6063451443571
14336.2636065574,16.0373719160111
14339.0832786885,17.3862818897643
14341.9029508197,18.0157191601044
14344.7226229508,16.5768425196843
14347.542295082,14.3401181102353
14350.3619672131,13.0570976377955
14353.1816393443,13.9662955380586
14356.0013114754,15.4621149606306
14358.8209836066,16.9150811023619
14361.6406557377,15.6001152230958
14367.28,13.8951141732276
14378.5586885246,14.151913385827
14387.017704918,14.4912131233595
14389.8373770492,14.2821566929133
14392.6570491803,14.4188249343834
14395.4767213115,15.0497102362208
14398.2963934426,15.3307110236221
14401.1160655738,15.2277057742781
14403.9357377049,14.5979603674539
14406.7554098361,14.4333299212602
14409.5750819672,16.1674858267737
14412.3947540984,16.5014808398951
14415.2144262295,17.2364598425208
14418.0340983607,18.1931270341209
14420.8537704918,18.0551496062988
14423.673442623,17.572437795276
14426.4931147541,18.560589501313
14429.3127868852,19.2862322834646
14432.1324590164,19.1344488188974
14434.9521311475,18.3435999999995
14437.7718032787,18.1602464566929
14440.5914754098,18.4260897637796
14443.411147541,18.8234099737538
14446.2308196721,18.5616761154854
14449.0504918033,17.7246173228346
14451.8701639344,17.5467774278213
14454.6898360656,16.4513181102358
14457.5095081967,14.9043700787398
14460.3291803279,14.608930183727
14463.148852459,15.1605385826776
14465.9685245902,17.2531078740175
14468.7881967213,18.9708191601053
14471.6078688525,19.1153377952753
14474.4275409836,17.3604291338562
14477.2472131148,13.3711703412067
14480.0668852459,14.023457742784
14482.8865573771,16.8606094488204
14485.7062295082,19.0592750656173
14488.5259016393,19.5095278215223
14491.3455737705,16.1172212598395
14494.1652459016,15.6030724409462
14496.9849180328,16.995261417323
14499.8045901639,17.279566929134
14502.6242622951,17.2192488188975
14505.4439344262,16.8415509186355
14508.2636065574,18.612837007876
14511.0832786885,19.697596325459
14513.9029508197,18.756388188976
14516.7226229508,19.0577425196854
14519.542295082,20.5426370078746
14522.3619672131,21.135152755904
14525.1816393443,19.5190047244089
14528.0013114754,19.0028280839894
14530.8209836066,19.384616010499
14533.6406557377,20.5884322834653
14536.4603278689,21.8744595800532
14539.28,23.3329246719161
14542.0996721311,22.6110496062979
14544.9193442623,21.6182241469816
14547.7390163934,21.6709527559058
14550.5586885246,22.7959921259858
14553.3783606557,25.0286774278222
14556.1980327869,25.7021590551188
14559.017704918,26.8534692913389
14561.8373770492,28.5485217847777
14564.6570491803,29.9970569553814
14567.4767213115,30.8686905511814
14570.2963934426,31.1673805774277
14573.1160655738,29.7525144356948
14575.9357377049,29.4695149606301
14578.7554098361,28.509539370077
14581.5750819672,25.1796349081347
14584.3947540984,23.9143677165347
14587.2144262295,21.9709805774271
14590.0340983607,20.2064944881883
14592.8537704918,20.1394078740158
14595.673442623,20.0378698162729
14598.4931147541,18.9244923884503
14601.3127868852,18.4612173228348
14604.1324590164,19.2134509186355
14606.9521311475,19.4895553805774
14609.7718032787,18.8683346456692
14612.5914754098,18.5885055118107
14615.411147541,18.2311564304461
14618.2308196721,18.3995685039371
14621.0504918033,19.362366929135
14623.8701639344,19.8673774278213
14626.6898360656,17.7740992125971
14629.5095081967,17.4289464566928
14632.3291803279,16.4188614173218
14637.9685245902,15.0463149606293
14643.6078688525,16.215385301838
14649.2472131148,17.2775868766406
14652.0668852459,17.6753645669292
14653.4767213115,16.3156065616788
14654.8865573771,15.4301682414704
14657.7062295082,17.1324527559062
14660.5259016393,17.6650992125984
14663.3455737705,17.9564692913388
14666.1652459016,18.4972118110236
14668.9849180328,17.229806036744
14671.8045901639,16.0444464566928
14674.6242622951,15.6065724409447
14677.4439344262,15.1101808398948
14680.2636065574,15.1506167979006
14683.0832786885,16.2314881889773
14685.9029508197,17.5202020997381
14688.7226229508,18.5711921259849
14691.542295082,19.7917661417325
14694.3619672131,20.7466858267722
14697.1816393443,19.8386913385812
14700.0013114754,18.195355905512
14702.8209836066,18.1720152230969
14705.6406557377,17.6012370078741
14708.4603278689,17.8804629921257
14711.28,16.8658792650908
14714.0996721311,15.9399065616796
14716.9193442623,16.1250937007879
14719.7390163934,16.3736732283464
14722.5586885246,15.1941414698157
14725.3783606557,13.4398173228344
14728.1980327869,14.6496598425209
14733.8373770492,17.120371391077
14739.4767213115,16.2414401574792
14745.1160655738,13.6023251968498
14747.9357377049,13.5516125984257
14749.3455737705,14.6803157480319
14750.7554098361,15.3367104986878
14752.1652459016,15.9130839895015
14753.5750819672,16.6222220472435
14754.9849180328,15.4755364829387
14756.3947540984,15.3142451443573
14757.8045901639,17.0443291338596
14759.2144262295,18.6992771653546
14760.6242622951,19.5263708661418
14762.0340983607,18.3813755905498
14763.4439344262,16.8784341207346
14764.8537704918,15.6957595800518
14766.2636065574,15.8566362204727
14767.673442623,15.7978682414698
14770.4931147541,15.3416937007866
14773.3127868852,14.1310559055113
14776.1324590164,14.599310761155
14778.9521311475,14.7556632545931
14780.3619672131,14.8039204724411
14781.7718032787,14.891074278215
14783.1816393443,14.4140666666663
14784.5914754098,13.2719700787393
14787.411147541,12.7519976377953
14790.2308196721,13.0491307086614
14793.0504918033,13.0718440944882
14795.8701639344,13.3783128608925
14798.6898360656,14.634209711287
14801.5095081967,15.3630763779527
14804.3291803279,14.2244666666661
14809.9685245902,12.9911464566924
14812.7881967213,13.1844283464572
14815.6078688525,14.5485493438325
14821.2472131148,14.7029461942255
14826.8865573771,14.062893700787
14832.5259016393,12.6755622047233
14838.1652459016,12.0383519685042
14843.8045901639,12.7118118110241
14849.4439344262,13.3543183727035
14855.0832786885,13.0359435695535
14860.7226229508,12.4473716535432
14866.3619672131,12.5703530183729
14872.0013114754,13.9411981627308
14877.6406557377,14.8164527559054
14880.4603278689,13.7559146981623
14883.28,12.8964175853013
14886.0996721312,12.5731677165355
14888.9193442623,14.0650013123379
14891.7390163934,16.3442968503941
14894.5586885246,16.5477244094487
14897.3783606557,16.5857207349087
14900.1980327869,17.9561942257225
14903.017704918,20.1748685039379
14905.8373770492,21.8521650918635
14908.6570491803,20.8290721784767
14911.4767213115,19.0956401574795
14914.2963934426,18.2013267716534
14917.1160655738,18.3587703412078
14919.9357377049,18.1289039370078
14922.7554098361,19.967906036746
14925.5750819672,20.7177979002626
14928.3947540984,20.3323425196849
14931.2144262295,19.34818031496
14934.0340983607,18.1828091863514
14936.8537704918,17.1675393700785
14939.673442623,18.1675921259847
14942.4931147541,17.9883837270336
14945.3127868852,15.4142944881875
14948.1324590164,13.539220997376
14950.9521311475,15.3499275590555
14953.7718032787,15.9315062992126
14956.5914754098,14.3058333333324
14959.411147541,14.4510141732286
14962.2308196721,14.3448881889762
14965.0504918033,12.7299779527549
14967.8701639344,14.6106837270354
14970.6898360656,16.5148464566933
14973.5095081967,17.0193157480315
14976.3291803279,15.6802874015749
14981.9685245902,16.4686771653547
14987.6078688525,17.384989501313
14993.2472131148,18.381939632546
14998.8865573771,18.6278645669291
15004.5259016393,18.2487076115484
15010.1652459016,17.2875107611544
15015.8045901639,15.614213385826
15021.4439344262,15.1318695538058
15027.0832786885,15.7059661417326
15029.9029508197,16.243518110236
15032.7226229508,15.0706918635164
15035.542295082,13.307557480314
15038.3619672131,14.1305842519688
15041.1816393443,14.6575863517061
15044.0013114754,13.8548286089238
15046.8209836066,13.3311196850394
15049.6406557377,13.4205527559057
15052.4603278689,14.0133356955382
15055.28,15.3223125984265
15058.0996721312,16.8518784776903
15060.9193442623,17.1448010498689
15066.5586885246,17.8980590551183
15072.1980327869,17.7735703412071
15077.8373770492,16.4279934383195
15083.4767213115,16.3596574803151
15094.7554098361,17.1821060367452
15100.3947540984,17.416329133859
15111.673442623,19.1455952755913
15122.9521311475,20.1607493438322
15134.2308196721,20.1438356955379
15145.5095081967,20.1012425196852
15156.7881967213,21.0515265091868
15168.0668852459,21.8282826771655
15179.3455737705,22.4527204724413
15190.6242622951,23.3485335958006
15201.9029508197,24.4958459317589
15213.1816393443,24.4269283464561
15224.4603278689,25.1800997375328
15235.7390163934,24.582542782151
15241.3783606557,23.1720440944881
15247.017704918,22.9361028871391
15252.6570491803,22.7038792650916
15258.2963934426,22.2216409448817
15261.1160655738,23.1637328083996
15263.9357377049,26.5104897637801
15266.7554098361,28.3537086614177
15269.5750819672,28.6668517060367
15272.3947540984,29.0045312335955
15275.2144262295,26.6902078740133
15278.0340983607,24.0791910761154
15280.8537704918,24.0520091863517
15283.673442623,23.8667944881885
15286.4931147541,23.3392611548556
15289.3127868852,23.4123254593179
15294.9521311475,23.6959999999999
15300.5914754098,23.3498669291338
15306.2308196721,23.7743703412078
15311.8701639344,20.6757448818891
15317.5095081967,19.1878708661424
15323.148852459,20.8901275590556
15328.7881967213,21.7459913385824
15334.4275409836,20.5151283464556
15340.0668852459,20.2074721784779
15345.7062295082,20.0422952755911
15351.3455737705,21.3401879265093
15356.9849180328,21.4717380577426
15362.6242622951,20.7549669291342
15368.2636065574,21.4947524934385
15373.9029508197,21.4277829396322
15379.542295082,19.4054
15385.1816393443,18.8606188976378
15390.8209836066,18.773545406824
15396.4603278689,18.0775944881889
15402.0996721312,15.648464829395
15407.7390163934,14.3954233595801
15413.3783606557,15.2729692913389
15421.8373770492,17.2943572178493
15433.1160655738,18.838386089239
15444.3947540984,19.179183464567
15455.673442623,19.9854889763782
15466.9521311475,21.1164622047248
15478.2308196721,21.5839976377952
15489.5095081967,21.8486795275595
15495.148852459,23.3580375328096
15500.7881967213,26.1586220472443
15506.4275409836,28.6707532808411
15512.0668852459,31.0933603674548
15517.7062295082,30.1375062992119
15523.3455737705,24.883632283461
15528.9849180328,24.2200674540682
15540.2636065574,23.1291566929126
15551.542295082,23.3019650918645
15562.8209836066,24.0431648293964
15574.0996721311,23.6839771653537
15585.3783606557,21.78541023622
15591.017704918,20.7298629921257
15596.6570491803,19.259036220471
15602.2963934426,17.3812661417318
15607.9357377049,16.8814351706034
15613.5750819672,16.173296062992
15619.2144262295,15.5979364829395
15624.8537704918,15.3074225721784
15630.4931147541,15.5555937007876
15636.1324590164,15.9641060367455
15641.7718032787,16.1410587926509
15647.411147541,16.7556062992129
15653.0504918033,17.8466981627306
15658.6898360656,19.2298186351708
15664.3291803279,18.8014535433061
15667.148852459,17.5649254593175
15668.5586885246,18.4862908136487
15669.9685245902,20.1173377952757
15671.3783606557,19.3494553805769
15672.7881967213,16.9427433070858
15674.1980327869,18.1527448818903
15675.6078688525,20.0967291338587
15678.4275409836,20.6306813648293
15679.8373770492,20.123223622047
15681.2472131148,20.5662960629924
15684.0668852459,20.6952619422572
15686.8865573771,19.0455905511801
15689.7062295082,18.9808425196858
15692.5259016393,20.7444774278219
15698.1652459016,22.4720653543316
15703.8045901639,23.0592167979003
15709.4439344262,21.7288585301827
15715.0832786885,19.2376165354317
15720.7226229508,18.4611842519685
15726.3619672131,18.479103937008
15732.0013114754,18.298822047244
15737.6406557377,16.9674876640418
15743.28,15.9748469816268
15748.9193442623,15.7925393700789
15754.5586885246,17.4575863517067
15757.3783606557,15.8762060367453
15758.7881967213,16.6484842519694
15760.1980327869,18.1382120734913
15761.6078688525,17.3671404199469
15763.017704918,16.7811062992133
15764.4275409836,19.1706803149606
15765.8373770492,20.211100262467
15767.2472131148,19.7469338582674
15768.6570491803,19.2615532808398
15770.0668852459,17.0617664041986
15771.4767213115,15.9939984251968
15772.8865573771,16.0690566929134
15774.2963934426,15.9369724409445
15775.7062295082,15.2714527559054
15777.1160655738,15.281572178478
15779.9357377049,16.9945968503942
15782.7554098361,17.1095488188978
15784.1652459016,17.1525580052491
15785.5750819672,16.6348152230969
15788.3947540984,17.5961952755909
15791.2144262295,18.2290837270342
15794.0340983607,17.9880002624669
15796.8537704918,17.7441204724404
15799.673442623,16.7266506561671
15802.4931147541,15.4624144356949
15805.3127868852,15.6403692913388
15808.1324590164,15.855218110236
15810.9521311475,14.6782942257204
15813.7718032787,14.5266929133862
15816.5914754098,14.6416653543299
15818.0013114754,13.6563456692911
15819.411147541,13.6304598425199
15820.8209836066,14.8615774278223
15822.2308196721,15.6467144356958
15823.6406557377,16.0602661417326
15825.0504918033,16.4528790026248
15826.4603278689,17.1892569553811
15827.8701639344,18.12316456693
15830.6898360656,18.7597204724409
15833.5095081967,18.4782244094483
15839.148852459,17.7479275590548
15844.7881967213,17.1346212598423
15850.4275409836,16.8998391076119
15856.0668852459,17.5603023622052
15861.7062295082,19.0155685039373
15867.3455737705,18.830036745406
15872.9849180328,17.1962795275583
15878.6242622951,17.723053805775
15884.2636065574,19.0663929133859
15889.9029508197,18.968871653543
15895.542295082,18.0000002624669
15901.1816393443,16.6542118110236
15906.8209836066,16.7478874015751
15912.4603278689,17.5739104986881
15918.0996721312,18.6282370078739
15923.7390163934,18.5146212598425
15929.3783606557,19.7633393700798
15935.017704918,20.5658209973753
15940.6570491803,20.5380763779528
15946.2963934426,19.6595078740147
15951.9357377049,19.2480191601054
15957.5750819672,19.883705511811
15963.2144262295,19.9100666666668
15968.8537704918,20.2919509186354
15974.4931147541,21.1465409448827
15980.1324590164,22.1370816272968
15985.7718032787,21.5111125984244
15991.411147541,21.4136047244099
15997.0504918033,21.887384776903
16002.6898360656,22.4001013123364
16008.3291803279,20.3075874015748
16013.9685245902,20.7415942257226
16019.6078688525,22.683751968506
16025.2472131148,23.2376496062987
16030.8865573771,21.4763461942239
16036.5259016393,19.2278296587919
16042.1652459016,18.2945598425192
16047.8045901639,17.0930811023608
16053.4439344262,16.3324619422573
16059.0832786885,15.6452755905506
16064.7226229508,16.2501049868776
16070.3619672131,18.1036640419955
16076.0013114754,18.38177007874
16081.6406557377,17.0621262467183
16087.28,16.4042351706041
16092.9193442623,17.3317007874018
16098.5586885246,17.5841950131233
16104.1980327869,17.5667351706038
16109.8373770492,18.556210236221
16115.4767213115,19.5247328083985
16121.1160655738,19.1160992125984
16126.7554098361,19.5750881889769
16132.3947540984,20.688283202099
16138.0340983607,19.7987272965874
16143.673442623,18.9903818897635
16149.3127868852,18.3517377952752
16152.1324590164,19.9441892388456
16154.9521311475,20.5588716535434
16157.7718032787,21.7036388451452
16160.5914754098,23.9242461942267
16163.411147541,24.9355921259843
16166.2308196721,26.4035548556445
16169.0504918033,30.3088535433076
16171.8701639344,30.2565385826764
16174.6898360656,27.9253296587905
16177.5095081967,24.2946286089232
16180.3291803279,21.370825984251
16183.148852459,21.6795923884531
16185.9685245902,21.6805246719157
16191.6078688525,20.728819685039
16197.2472131148,20.2199839895011
16202.8865573771,19.0020916010493
16208.5259016393,17.2228716535426
16214.1652459016,17.0783593175856
16219.8045901639,18.3888039370087
16225.4439344262,18.8652307086614
16231.0832786885,18.3946493438314
16236.7226229508,18.284028346457
16239.542295082,17.8718070866136
16242.3619672131,16.8556270341203
16245.1816393443,16.9155871391078
16250.8209836066,19.228515748032
16253.6406557377,19.2159606299201
16256.4603278689,18.1851212598423
16259.28,18.2179047244097
16264.9193442623,18.3998887139107
16270.5586885246,18.1775790026245
16276.1980327869,17.7920362204721
16281.8373770492,17.4189144356951
16287.4767213115,17.5198771653554
16293.1160655738,18.7650110236225
16298.7554098361,18.6423587926507
16301.5750819672,19.3702669291356
16304.3947540984,20.0234787401573
16307.2144262295,19.0236346456696
16310.0340983607,19.3449233595801
16312.8537704918,18.7724031496057
16315.673442623,17.3386729658784
16324.1324590164,16.1441538057738
16335.411147541,15.3946929133855
16346.6898360656,16.2528186351707
16352.3291803279,16.6228895013122
16357.9685245902,16.4567582677164
16363.6078688525,18.5690154855651
16369.2472131148,20.5126713910767
16374.886557377,20.2361425196845
16380.5259016393,19.0688228346453
16386.1652459016,19.0034152230966
16391.8045901639,18.1417393700782
16394.6242622951,16.3931461942246
16397.4439344262,14.7512393700786
16400.2636065574,14.6466787401576
16403.0832786885,15.4408971128617
16408.7226229508,17.0164614173233
16414.3619672131,17.4482212598421
16420.0013114754,17.4299136482941
16431.28,18.4883010498677
16436.9193442623,17.0271740157472
16442.5586885246,16.1788244094486
16448.1980327869,16.8540259842528
16453.8373770492,18.7809118110239
16456.6570491803,18.4607112860882
16459.4767213115,16.4707141732267
16465.1160655738,15.5060086614179
16470.7554098361,16.5579246719159
16476.3947540984,17.0097706036749
16487.6734426229,19.0345204724415
16498.9521311475,19.455356167978
16510.2308196721,18.792476902887
16521.5095081967,19.2995181102369
16527.148852459,19.9108965879262
16532.7881967213,19.368494750656
16538.4275409836,20.0368377952755
16544.0668852459,19.7552902887136
16549.7062295082,19.1788892388448
16555.3455737705,18.4893370078739
16566.6242622951,15.8518435695532
16577.9029508197,15.1462708661416
16589.1816393443,15.3849732283466
16600.4603278689,16.8178682414703
16611.7390163934,17.5429459317587
16623.017704918,18.2056881889766
16634.2963934426,19.2403931758542
16645.5750819672,20.662099212599
16656.8537704918,20.4241385826764
16668.1324590164,21.3947994750654
16679.411147541,20.5605401574795
16690.6898360656,19.3243275590545
16701.9685245902,19.3357007874018
16713.2472131148,19.329066666666
16718.886557377,17.7655669291334
16724.5259016393,15.2893372703395
16730.1652459016,15.5891440944891
16741.4439344262,16.7499125984255
16747.0832786885,17.6322845144363
16752.7226229508,18.0133120734908
16758.3619672131,18.7961488188987
16769.6406557377,20.8447464566945
16780.9193442623,20.6706564304461
16792.1980327869,20.6441834645671
16803.4767213115,21.0905333333335
16814.7554098361,21.4807309711283
16820.3947540984,20.2722007873999
16826.0340983607,18.2853999999992
16831.673442623,17.1732832020997
16837.3127868852,17.1467188976378
16842.9521311475,17.0867556430446
16845.7718032787,17.0258748031496
16848.5914754098,17.6751519685041
16851.411147541,17.9718393700788
16854.2308196721,18.2822225721785
16859.8701639344,19.5636157480325
16865.5095081967,20.2313128608917
16871.148852459,18.7680750656163
16876.7881967213,17.5386708661423
16882.4275409836,18.5804755905516
16888.0668852459,20.5272167979012
16893.7062295082,22.1527685039377
16899.3455737705,22.6880325459317
16904.9849180328,21.5980388451433
16910.6242622951,18.8585669291337
16916.2636065574,18.7199514435698
16921.9029508197,19.8962926509198
16927.542295082,19.7664811023618
16933.1816393443,19.6733286089243
16938.8209836066,21.2191606299218
16944.4603278689,24.0083787401592
16950.0996721311,25.5593490813657
16955.7390163934,25.9397070866138
16961.3783606557,23.4536952755883
16967.017704918,20.1035346456689
16972.6570491803,18.1873446194225
16978.2963934426,18.4065330708666
16983.9357377049,20.4908926509186
16989.5750819672,20.3187225721784
16995.2144262295,20.5201566929135
17000.8537704918,21.337345931759
17006.4931147541,22.3464503937005
17012.1324590164,23.0519141732291
17017.7718032787,24.9094674540691
17023.411147541,25.6163246719165
17029.0504918033,27.3163897637805
17034.6898360656,26.1554448818882
17045.9685245902,23.504470866141
17057.2472131148,22.4220299212598
17068.5259016393,22.3848498687664
17079.8045901639,22.5996430446194
17091.0832786885,21.755158267715
17102.3619672131,20.2929719160102
17113.6406557377,20.3440217847772
17119.28,20.527479527559
17124.9193442623,20.2229372703411
17136.1980327869,20.19709816273
17141.8373770492,20.0820700787397
17147.4767213115,20.1738784776913
17158.7554098361,20.4903564304461
17170.0340983607,20.4479700787407
17181.3127868852,22.397096062994
17192.5914754098,24.0895482939638
17203.8701639344,22.644044094487
17215.148852459,20.7615737532806
17226.4275409836,21.6405934383213
17234.8865573771,25.5153039370094
17240.5259016394,27.8856792650925
17246.1652459016,28.9438459317589
17251.8045901639,28.1960685039366
17260.2636065574,25.3987110236215
17271.542295082,25.1983776902892
17282.8209836066,25.9373299212598
17288.4603278689,24.8854228346439
17294.0996721311,22.0008333333326
17299.7390163934,19.864917322834
17305.3783606557,19.3233041994761
17311.017704918,19.899305774278
17316.6570491803,19.2269614173225
17322.2963934426,18.0813461942253
17333.5750819672,17.7317490813653
17344.8537704918,20.1688314960649
17347.6734426229,23.3537916010502
17353.3127868853,23.6488509186349
17358.9521311475,22.8549905511809
17361.7718032787,21.5706916010491
17367.411147541,20.17228215223
17373.0504918033,17.4685393700777
17378.6898360656,15.0745020997374
17384.3291803279,15.4385624671919
17389.9685245902,16.8733708661421
17395.6078688525,16.6407811023617
17401.2472131148,15.8008611548556
17406.8865573771,15.725488976378
17412.5259016393,15.2895375328082
17418.1652459016,18.0897779527559
17423.8045901639,17.7654598425191
17429.4439344262,19.0036797900273
17435.0832786885,19.5003640419947
17440.7226229508,19.5592543307087
17452.0013114754,20.211484251969
17463.28,20.9022314960618
17474.5586885246,19.087034645669
17485.8373770492,20.2964593175872
17497.1160655738,21.99497664042
17508.3947540984,22.1357062992124
17514.0340983607,20.8434055118094
17519.673442623,19.1723388451441
17525.3127868852,18.0721763779524
17530.9521311475,17.5672774278214
17536.5914754098,16.9993608923882
17542.2308196721,16.241162204724
17547.8701639344,15.1173291338576
17553.5095081967,13.5823343832015
17556.3291803279,12.9800464566929
17559.148852459,13.1647393700789
17564.7881967213,13.997116797901
17567.6078688525,15.6209606299217
17570.4275409836,16.6318438320216
17573.2472131148,18.1003230971131
17576.0668852459,19.8289000000001
17578.8865573771,19.7477209973747
17581.7062295082,19.2037430446194
17584.5259016393,19.2270094488189
17587.3455737705,19.1251784776902
17590.1652459016,18.4021695538054
17592.9849180328,17.656784251968
17598.6242622951,17.2836467191601
17604.2636065574,17.0860115485563
17609.9029508197,16.7241803149605
17615.542295082,17.1861212598424
17621.1816393443,16.6764572178474
17626.8209836066,16.4131645669291
17632.4603278689,16.7216782152233
17638.0996721312,17.1468309711287
17643.7390163934,17.5490362204726
17649.3783606557,17.4663748031495
17655.017704918,16.8187855643051
17657.8373770492,17.4516047244091
17660.6570491803,17.4100173228347
17663.4767213115,18.581440157481
17666.2963934426,19.6399220472444
17669.1160655738,19.5664669291338
17671.9357377049,19.5432847769029
17673.3455737705,19.2579480314959
17674.7554098361,18.0903784776898
17676.1652459016,16.4833664041978
17677.5750819672,14.9025015748031
17678.9849180328,16.0748700787412
17680.3947540984,17.3525422572174
17681.8045901639,15.7835496062984
17683.2144262295,15.4839380577436
17684.6242622951,16.3363687664045
17686.0340983607,16.0357677165359
17687.4439344262,16.8733939632547
17688.8537704918,18.5462181102373
17690.2636065574,18.6343244094464
17691.673442623,15.8453774278214
17693.0832786885,18.7625745406853
17694.4931147541,20.1327236220473
17697.3127868852,20.2617314960631
17700.1324590164,20.066807349081
17702.9521311475,19.4906622047243
17705.7718032787,18.7864942257214
17708.5914754098,18.923394225722
17711.411147541,19.6255283464568
17714.2308196721,19.713444356955
17717.0504918033,18.594239107611
17719.8701639344,17.6502559055115
17721.28,18.1323270341208
17722.6898360656,18.1539858267716
17724.0996721311,16.8539826771645
17725.5095081967,15.3726162729656
17726.9193442623,15.1191278215225
17728.3291803279,15.3736842519685
17729.7390163934,15.1630627296592
17731.148852459,15.8507572178481
17732.5586885246,15.8316401574803
17733.9685245902,15.4797695538057
17735.3783606557,15.4547858267717
17736.7881967213,15.674851968504
17738.1980327869,15.8470023622051
17739.6078688525,16.655261154856
17741.017704918,17.5088653543308
17742.4275409836,16.607319685039
17745.2472131148,16.6912774278215
17748.0668852459,16.4588732283462
17750.8865573771,17.2032496062997
17753.7062295082,16.8778475065616
17756.5259016393,17.0325929133859
17757.9357377049,17.7362916010502
17759.3455737705,17.987867191601
17760.7554098361,17.9543511811024
17762.1652459016,18.2299036745409
17764.9849180328,20.0964813648295
17767.8045901639,20.1305622047235
17770.6242622951,17.1086926509162
17776.2636065574,14.9032979002624
17781.9029508197,15.2998574803165
17787.542295082,17.4273669291341
17793.1816393443,17.8333354330709
17798.8209836066,19.1510535433091
17804.4603278689,19.9725931758525
17807.28,18.1125952755898
17810.0996721311,17.1946842519688
17812.9193442623,18.7298102362212
17815.7390163934,18.9693146981625
17818.5586885246,15.6614102362197
17821.3783606557,14.180765879265
17824.1980327869,14.4733538057743
17827.017704918,15.8348795275597
17829.8373770492,16.3532929133852
17835.4767213115,15.59428503937
17838.2963934426,16.9477952755911
17841.1160655738,17.6031674540682
17843.9357377049,17.7688304461943
17846.7554098361,17.9958645669293
17849.5750819672,16.9610288713908
17850.9849180328,16.4635884514438
17852.3947540984,16.0844488188974
17855.2144262295,16.3352716535436
17858.0340983607,16.80898503937
17860.8537704918,15.5193826771647
17863.673442623,14.5591391076121
17866.4931147541,15.9632755905514
17869.3127868852,16.7665322834648
17870.7226229508,15.592978740156
17872.1324590164,13.7504485564307
17874.9521311475,15.3452716535445
17877.7718032787,16.7389005249344
17880.5914754098,17.1165267716536
17883.411147541,17.0828968503935
17886.2308196721,16.4479824146981
17889.0504918033,17.9490501312331
17891.8701639344,15.8865070866136
17897.5095081967,13.6458377952752
17903.148852459,13.5794125984254
17908.7881967213,13.2072850393697
17914.4275409836,12.4183480314959
17920.0668852459,12.6354698162731
17925.7062295082,13.4608598425201
17931.3455737705,14.6881748031503
17936.9849180328,14.7942926509185
17942.6242622951,14.8057606299215
17948.2636065574,15.477701312336
17953.9029508197,15.9550328083989
17959.542295082,16.5139448818909
17970.8209836066,18.0962666666669
17976.4603278689,17.7914543307082
17979.28,18.5350543307086
17982.0996721311,17.7500937007872
17984.9193442623,17.3019635170602
17987.7390163934,17.6748440944883
17990.5586885246,18.1586246719162
17993.3783606557,18.2444973753281
17996.1980327869,18.1354850393702
17999.017704918,17.9493396325451
18004.6570491803,16.9137632545929
18010.2963934426,17.2171338582682
18013.1160655738,18.7816162729661
18015.9357377049,18.579681889763
18018.7554098361,17.441770866142
18020.1652459016,17.940001312336
18021.5750819672,18.1682929133859
18022.9849180328,18.3516157480315
18024.3947540984,19.3348246719168
18027.2144262295,20.7460879265097
18032.8537704918,19.9980984251967
18035.673442623,20.4899464566929
18038.4931147541,19.582248293963
18041.3127868852,17.6160425196846
18044.1324590164,17.314722047244
18046.9521311475,16.6599398950128
18049.7718032787,15.7813834645668
18052.5914754098,15.0901734908131
18055.411147541,13.0694328083987
18058.2308196721,12.9404259842522
18061.0504918033,14.0711057742782
18063.8701639344,13.8381939632543
18066.6898360656,13.2118307086614
18069.5095081967,12.6207328083987
18072.3291803279,12.6447044619427
18075.148852459,12.4538614173226
18077.9685245902,11.0412055118102
18080.7881967213,11.3980186351706
18083.6078688525,12.0754023622049
18086.4275409836,12.8295929133864
18089.2472131148,14.0811595800527
18092.0668852459,15.53337480315
18094.886557377,15.2627779527557
18097.7062295082,14.9137708661418
18100.5259016393,15.0580543307087
18103.3455737705,15.8381133858271
18106.1652459016,16.1246461942256
18108.9849180328,15.8667889763779
18111.8045901639,15.7418839895013
18114.6242622951,15.7035874015748
18117.4439344262,15.5476165354332
18120.2636065574,16.0052727034123
18123.0832786885,16.4221719160105
18125.9029508197,17.3431503937008
18128.7226229508,16.9192923884507
18131.542295082,15.9500015748026
18134.3619672131,15.4676511811021
18137.1816393443,14.8957464566926
18140.0013114754,14.711472440945
18142.8209836066,14.9985692913391
18145.6406557377,15.8524616797906
18148.4603278689,16.2770375328083
18151.28,15.3602716535434
18154.0996721311,15.9882937007885
18156.9193442623,17.1235299212604
18162.5586885246,18.1379055118114
18168.1980327869,19.1017627296583
18173.8373770492,19.3269013123365
18179.4767213115,20.2729944881894
18182.2963934426,20.3820398950128
18185.1160655738,20.0798215223096
18187.9357377049,19.0994834645661
18190.7554098361,16.7006845144354
18193.5750819672,16.0999821522307
18199.2144262295,15.296996850393
18202.0340983607,14.7290863517064
18204.8537704918,15.2902312335961
18207.6734426229,15.6412236220473
18210.4931147541,15.7310719160106
18213.3127868852,15.7814314960629
18216.1324590164,16.089854330709
18217.542295082,17.4132044619436
18218.9521311475,17.9101797900261
18220.3619672131,17.4228307086611
18221.7718032787,17.9869419947516
18224.5914754098,18.1592572178472
18227.411147541,17.0042968503932
18230.2308196721,17.2195881889767
18235.8701639344,17.6593275590545
18241.5095081967,16.1987055118096
18247.148852459,15.0919097112857
18252.7881967213,16.5287007874022
18258.4275409836,17.3972322834647
18264.0668852459,17.4314905511809
18269.7062295082,17.0598939632548
18275.3455737705,17.4582984251972
18280.9849180328,17.9446795275592
18283.8045901639,17.509864566929
18289.4439344262,17.6755551181107
18295.0832786885,18.9991330708678
18297.9029508197,19.9189942257219
18303.542295082,18.3703645669278
18309.1816393443,16.6599971128603
18314.8209836066,14.4868417322823
18320.4603278689,14.5536015748044
18326.0996721311,15.8871270341213
18331.7390163934,16.3989971128609
18334.5586885246,17.046291338584
18337.3783606557,18.7133664041988
18340.1980327869,17.9095207349079
18343.017704918,18.4644244094488
18345.8373770492,18.4354711286088
18348.6570491803,17.846845669291
18351.4767213115,16.0741874015734
18354.2963934426,15.0029968503926
18357.1160655738,13.2565868766396
18359.9357377049,12.3239653543304
18362.7554098361,14.4862312335957
18365.5750819672,13.6451456692905
18368.3947540984,12.9670937007872
18371.2144262295,12.9777309711287
18374.0340983607,13.7716811023633
18376.8537704918,16.3287992125998
18379.6734426229,17.3101858267718
18382.4931147541,17.8275774278225
18388.1324590164,17.7105984251962
18393.7718032787,15.4256737532812
18399.411147541,16.0660666666669
18410.6898360656,16.4524409448819
18416.3291803279,17.0030223097118
18421.9685245902,19.5045412073492
18427.6078688525,19.5894582677164
18433.2472131148,18.7025774278213
18438.886557377,18.431493700788
18444.5259016393,18.4934448818888
18450.1652459016,18.1344380577428
18455.8045901639,17.6846254593171
18461.4439344262,17.1480984251968
18467.0832786885,16.8117792650917
18469.9029508197,15.7548309711289
18472.7226229508,16.249017322835
18475.542295082,16.5376246719159
18478.3619672131,15.5414068241472
18484.0013114754,15.8775338582677
18489.6406557377,15.8952293963255
18495.28,18.5125081364849
18500.9193442623,18.3420629921254
18512.1980327869,17.7587811023622
18523.4767213115,18.2541669291344
18534.7554098361,19.0045425196855
18546.0340983607,19.212994750656
18551.673442623,17.4448236220453
18557.3127868852,18.291213385827
18560.1324590164,18.9299309711285
18562.9521311475,17.9841503936996
18565.7718032787,16.0377858267712
18568.5914754098,14.6024083989492
18571.411147541,13.3283821522305
18574.2308196721,13.6591401574807
18577.0504918033,14.2324341207345
18579.8701639344,13.6520645669288
18582.6898360656,13.0886889763777
18585.5095081967,12.546153805774
18588.3291803279,12.5979438320216
18591.148852459,14.2620677165367
18593.9685245902,14.8913272965872
18596.7881967213,13.6966742782147
18599.6078688525,12.7003015748029
18602.4275409836,13.1917333333349
18605.2472131148,16.2791685039401
18608.0668852459,19.1846417322842
18610.886557377,19.8762981627291
18616.5259016393,19.0385658792648
18622.1652459016,17.6931031496055
18627.8045901639,16.4225611548551
18633.4439344262,16.9886629921275
18639.0832786885,20.5202039370097
18644.7226229508,21.9379209973757
18650.3619672131,19.80072519685
18653.1816393443,19.290779527559
18656.0013114754,18.3240661417316
18658.8209836066,16.1615776902887
18661.6406557377,16.0908362204724
18664.4603278689,15.4874362204719
18670.0996721311,14.2639984251959
18675.7390163934,12.918441732283
18681.3783606557,12.4732580052494
18687.017704918,13.1407595800526
18692.6570491803,13.5711307086616
18698.2963934426,13.9454251968507
18703.9357377049,14.3802784776906
18709.5750819672,15.7872960629937
18715.2144262295,18.3581170603684
18720.8537704918,18.8486020997374
18726.4931147541,16.3673448818889
18732.1324590164,14.8527191601041
18737.7718032787,14.2111703412074
18743.411147541,15.286381102362
18749.0504918033,15.1297826771657
18754.6898360656,15.7666194225726
18757.5095081967,15.4642503936997
18760.3291803279,14.1207123359582
18763.148852459,14.8684811023624
18765.9685245902,15.5746299212593
18768.7881967213,15.060110761155
18771.6078688525,15.6247682414701
18774.4275409836,16.5663220472443
18777.2472131148,16.4566055118107
18782.886557377,15.066054330708
18788.5259016393,14.7914086614175
18799.8045901639,15.419892125985
18811.0832786885,17.076554068242
18822.3619672131,16.9286559055115
18833.6406557377,18.0939309711293
18844.9193442623,19.367139107612
18856.1980327869,20.4227181102368
18867.4767213115,21.390345144356
18875.9357377049,20.4221900262469
18881.5750819672,20.9833196850396
18887.2144262295,20.7167501312325
18892.8537704918,18.7898984251959
18898.4931147541,16.7973535433059
18901.3127868852,15.1349333333333
18904.1324590164,14.9939396325458
18906.9521311475,13.8074881889747
18909.7718032787,13.0434706036745
18912.5914754098,12.9636018372702
18915.411147541,13.2048543307089
18918.2308196721,13.8389422572181
18921.0504918033,14.7838482939642
18923.8701639344,15.8725275590555
18926.6898360656,15.5059968503931
18929.5095081967,14.0093102362205
18932.3291803279,13.9869669291337
18935.148852459,13.3326036745401
18940.7881967213,14.5057656167981
18946.4275409836,14.5400543307083
18952.0668852459,14.4951482939634
18957.7062295082,15.1323412073496
18963.3455737705,15.7088346456693
18968.9849180328,15.4342803149604
18974.6242622951,14.9076167978999
18980.2636065574,13.2738370078736
18985.9029508197,10.8681664041983
18991.542295082,11.3648965879281
18997.1816393443,12.9543535433073
19002.8209836066,14.1104152230981
19008.4603278689,14.6515805774278
19014.0996721311,13.8835362204725
19019.7390163934,14.1995666666673
19025.3783606557,15.6521141732292
19031.017704918,15.6570236220465
19036.6570491803,15.3479286089248
19042.2963934426,17.5038089238853
19047.9357377049,18.6681999999989
19050.7554098361,16.8641354330703
19053.5750819672,15.9928918635168
19056.3947540984,15.9490228346457
19059.2144262295,17.5221884514443
19062.0340983607,18.3373128608924
19067.673442623,18.4510480314961
19073.3127868853,17.2917561679782
19076.1324590164,16.2441026246717
19078.9521311475,15.5038866141729
19081.7718032787,16.0016624671933
19084.5914754098,17.6131643044622
19087.411147541,18.063324409449
19093.0504918033,17.2394312335953
19098.6898360656,16.5418265091867
19104.3291803279,16.2769425196842
19109.9685245902,15.6824858267715
19115.6078688525,16.7803293963247
19121.2472131148,14.9622700787397
19126.8865573771,13.6611099737527
19132.5259016393,14.3981454068255
19138.1652459016,15.8076133858269
19143.8045901639,15.3091587926503
19149.4439344262,13.5707522309709
19155.0832786885,13.2557078740167
19160.7226229508,15.0476690288727
19166.3619672131,15.8840233595792
19172.0013114754,13.6285377952755
19177.6406557377,13.3805661417322
19183.28,13.7061866141737
19188.9193442623,14.8527960629927
19194.5586885246,14.9034154855641
19200.1980327869,13.9843887139103
19205.8373770492,14.380820472441
19211.4767213115,13.8121517060361
19217.1160655738,15.6387160105004
19222.7554098361,17.2480055118094
19228.3947540984,14.7023246719155
19234.0340983607,15.8945918635173
19239.673442623,17.3569905511811
19245.3127868852,17.1757013123357
19250.9521311475,16.8250745406823
19256.5914754098,14.8347244094493
19262.2308196721,15.0999706036744
19267.8701639344,13.8344629921253
19273.5095081967,12.6736078740149
19279.148852459,11.4151196850388
19284.7881967213,9.83740918635096
19290.4275409836,10.7948275590558
19296.0668852459,13.8391797900269
19301.7062295082,14.7160131233596
19307.3455737705,13.5082015748023
19312.9849180328,13.29188136483
19318.6242622951,14.2241755905513
19324.2636065574,13.9677110236217
19329.9029508197,13.7553900262488
19335.542295082,16.5083955380582
19341.1816393443,17.9845031496073
19346.8209836066,18.3410220472439
19352.4603278689,17.6397089238851
19358.0996721312,17.7341362204719
19369.3783606557,17.4427868766405
19380.6570491803,17.781869553806
19391.9357377049,18.1312921259843
19403.2144262295,17.35676351706
19414.4931147541,16.7633826771656
19425.7718032787,17.2606204724412
19437.0504918033,17.9386989501315
19442.6898360656,17.4565372703409
19448.3291803279,16.7523535433069
19453.9685245902,16.5258868766403
19459.6078688525,16.1184782152228
19465.2472131148,15.4593748031494
19470.8865573771,15.3877645669292
19476.5259016394,17.4856120734913
19482.1652459016,17.6845842519676
19487.8045901639,16.6427601049867
19493.4439344262,16.0456753280837
19499.0832786885,15.3675015748029
19504.7226229508,14.5632729658791
19510.3619672131,16.4489191601071
19516.0013114754,17.6580543307086
19521.6406557377,17.0869769028866
19527.28,15.908593700787
19532.9193442623,15.0119984251967
19538.5586885246,14.6252026246718
19544.1980327869,14.796443569554
19549.8373770492,13.7953417322827
19555.4767213115,12.5823627296587
19561.1160655738,12.3330640419947
19566.7554098361,13.462655905513
19572.3947540984,15.2576275590554
19578.0340983607,15.6633335958005
19583.673442623,15.9253897637796
19589.3127868852,16.0384220472437
19594.9521311475,14.3058341207331
19600.5914754098,12.1881503937004
19606.2308196721,11.5812900262462
19611.8701639344,11.1953036745407
19617.5095081967,12.0631566929137
19623.148852459,12.0089719160104
19628.7881967213,11.9787440944882
19634.4275409836,12.3807921259845
19640.0668852459,13.2702086614176
19645.7062295082,13.4783178477687
19651.3455737705,12.3719944881883
19656.9849180328,12.6645622047246
19662.6242622951,13.0339690288715
19668.2636065574,13.0369362204724
19673.9029508197,12.0594532808395
19679.542295082,12.0938753280851
19685.1816393443,14.0895236220478
19690.8209836066,15.68464120735
19696.4603278689,16.6276574803151
19702.0996721312,17.5549614173231
19707.7390163934,18.1938065616802
19713.3783606557,19.0596322834646
19719.017704918,18.0859661417308
19724.6570491803,14.9250527559045
19730.2963934426,13.3224734908137
19735.9357377049,13.6215645669293
19741.5750819672,14.4453115485569
19747.2144262295,15.7560325459322
19752.8537704918,16.5913960629922
19758.4931147541,15.9806427821515
19764.1324590164,14.4645540682424
19769.7718032787,16.1341866141736
19775.411147541,16.6983666666667
19781.0504918033,16.9289385826772
19786.6898360656,15.5034488188963
19792.3291803279,13.8796981627296
19797.9685245902,13.8024144356955
19803.6078688525,12.3788220472433
19809.2472131148,11.2679317585301
19814.8865573771,10.8243490813647
19820.5259016393,10.8809362204727
19826.1652459016,11.2598443569555
19831.8045901639,11.5316068241471
19837.4439344262,11.4929440944879
19843.0832786885,10.5775167978999
19848.7226229508,9.80448477690251
19854.3619672131,9.75882677165368
19860.0013114754,10.0423170603675
19865.6406557377,10.1051036745407
19871.28,10.3155897637797
19876.9193442623,11.1848083989508
19882.5586885246,12.3705262467195
19888.1980327869,13.4570480314967
19893.8373770492,13.9423627296588
19899.4767213115,12.9765110236213
19905.1160655738,11.7261929133852
19910.7554098361,11.8809687664043
19916.3947540984,11.9675929133855
19922.0340983607,11.5953881889763
19927.673442623,12.8183052493439
19933.3127868852,12.1262459317565
19938.9521311475,10.3334259842517
19944.5914754098,10.8566645669286
19950.2308196721,10.0887566929144
19955.8701639344,9.26944330708665
19961.5095081967,9.99586404199525
19967.148852459,10.6636488188976
19972.7881967213,11.8663291338594
19978.4275409836,12.5609727034121
19984.0668852459,10.6650839895017
19986.8865573771,10.5086472440945
19989.7062295082,11.4655855643052
19992.5259016393,12.5782590551182
19995.3455737705,13.6398338582668
19998.1652459016,14.8603839895014
20000.9849180328,14.7230703412066
20003.8045901639,16.6829622047248
20006.6242622951,16.8615973753272
20009.4439344262,14.6194207349095
20012.2636065574,13.1660307086616
20015.0832786885,12.8617073490814
20017.9029508197,12.6761666666667
20023.542295082,12.2832551181103
20029.1816393443,12.6939265091863
20034.8209836066,13.6423968503932
20040.4603278689,14.7525102362205
20046.0996721311,12.9712144356943
20051.7390163934,10.8146380577424
20057.3783606557,12.7520803149587
20063.017704918,15.6985102362206
20065.8373770492,16.6261984251968
20068.6570491803,16.7595968503934
20074.2963934426,15.7392753280849
20079.9357377049,16.7092443569549
20085.5750819672,17.4093582677164
20091.2144262295,17.9932824146985
20096.8537704918,18.4189385826771
20102.4931147541,18.1292433070865
20105.3127868852,18.2016703412072
20106.7226229508,19.2711795275587
20108.1324590164,18.4155771653546
20109.542295082,19.6371742782159
20110.9521311475,21.0473013123365
20112.3619672131,20.1849377952768
20113.7718032787,17.5322472440945
20116.5914754098,14.5044976377951
20119.411147541,13.5593299212598
20122.2308196721,15.1883792650931
20125.0504918033,16.8706742782149
20127.8701639344,17.3778606299212
20130.6898360656,16.2961979002621
20133.5095081967,14.5680036745404
20136.3291803279,16.5844196850405
20139.148852459,19.7876564304454
20141.9685245902,20.2809921259843
20144.7881967213,19.6326850393703
20147.6078688525,18.1835889763774
20150.4275409836,16.9167572178472
20153.2472131148,16.0991653543313
20156.0668852459,15.2496955380578
20158.886557377,14.3450464566926
20161.7062295082,13.9137157480315
20164.5259016393,14.744377165355
20170.1652459016,15.9078800524934
20171.5750819672,16.3177551181103
20172.9849180328,15.2802223097112
20174.3947540984,14.0342979002631
20175.8045901639,14.9056125984252
20177.2144262295,14.0420062992135
20178.6242622951,10.9164774278208
20180.0340983607,9.40694173228309
20181.4439344262,10.7049543307091
20182.8537704918,11.6427220472447
20184.2636065574,11.0384803149615
20185.673442623,10.766118110236
20187.0832786885,11.5735204724412
20188.4931147541,11.0761763779531
20189.9029508197,9.73176797900287
20191.3127868852,10.1477758530183
20192.7226229508,10.3050370078743
20194.1324590164,9.70966902887142
20195.542295082,10.3349845144369
20196.9521311475,12.6460133858268
20198.3619672131,12.9875199475068
20199.7718032787,12.5040139107611
20201.1816393443,12.7922858267714
20202.5914754098,12.5346653543306
20204.0013114754,11.9724708661414
20205.411147541,12.5949070866133
20206.8209836066,13.2878133858267
20208.2308196721,12.8380719160101
20209.6406557377,11.6279370078741
20211.0504918033,11.2663847769027
20212.4603278689,10.7179923884516
20213.8701639344,9.71569212598483
20215.28,8.90218687664037
20216.6898360656,9.5703913385833
20218.0996721312,10.9598559055122
20219.5095081967,12.0453104986872
20220.9193442623,12.3692
20222.3291803279,11.2422661417324
20223.7390163934,11.5359695538058
20225.148852459,12.0768779527562
20226.5586885246,12.2810905511811
20227.9685245902,12.2440811023622
20229.3783606557,12.8884417322834
20230.7881967213,12.356564566929
20232.1980327869,12.4875724409451
20235.017704918,13.2839422572179
20237.8373770492,12.5769905511814
20240.6570491803,12.7918020997372
20243.4767213115,14.6524572178482
20246.2963934426,15.6060661417325
20249.1160655738,14.96077112861
20251.9357377049,13.4411687664043
20254.7554098361,13.093866929134
20257.5750819672,15.0405099737532
20260.3947540984,16.1587545931762
20261.8045901639,13.9751165354337
20263.2144262295,12.3591128608929
20264.6242622951,12.0868713910761
20266.0340983607,12.5475125984263
20267.4439344262,13.8921254593183
20268.8537704918,13.6754293963258
20270.2636065574,13.4211236220474
20271.673442623,14.0272104986877
20273.0832786885,13.5481375328082
20274.4931147541,13.4346181102367
20275.9029508197,13.4234574803151
20277.3127868852,12.0056485564307
20278.7226229508,10.8770803149604
20280.1324590164,10.7281301837276
20281.542295082,11.9274183727041
20282.9521311475,12.7211417322834
20284.3619672131,12.44117664042
20285.7718032787,12.8171608923884
20287.1816393443,12.3078590551175
20288.5914754098,11.7078152230973
20294.2308196721,12.0817417322832
20299.8701639344,12.6790921259843
20305.5095081967,12.9376433070867
20311.148852459,13.0845745406824
20316.7881967213,12.922529133858
20322.4275409836,12.3075304461943
20328.0668852459,12.9619146981624
20333.7062295082,13.5858645669292
20344.9849180328,13.4504330708664
20356.2636065574,13.8489611548559
20367.542295082,14.5140559055117
20378.8209836066,14.859309448819
20384.4603278689,15.1001787401575
20390.0996721311,14.8650078740157
20395.7390163934,15.0520225721789
20401.3783606557,15.5526968503933
20407.017704918,15.2400275590551
20412.6570491803,13.398526246718
20418.2963934426,12.20448503937
20423.9357377049,11.1412165354325
20429.5750819672,10.1289855643043
20435.2144262295,12.1612637795272
20440.8537704918,12.9866960629922
20452.1324590164,13.4742099737536
20463.411147541,13.11110839895
20474.6898360656,13.0692133858265
20480.3291803279,15.0547724409459
20485.9685245902,14.9527538057745
20491.6078688525,12.5570102362201
20497.2472131148,11.8727645669289
20502.8865573771,11.4656895013126
20508.5259016393,10.4062354330707
20514.1652459016,12.3498296587938
20519.8045901639,13.3397569553806
20525.4439344262,13.0659937007866
20531.0832786885,11.719815223097
20536.7226229508,12.2479076115481
20542.3619672131,13.5864708661418
20548.0013114754,14.5199706036757
20553.6406557377,15.9196267716542
20564.9193442623,15.8283708661417
20576.1980327869,16.1095887139109
20587.4767213115,17.4080401574805
20598.7554098361,19.5364968503944
20610.0340983607,20.0967291338583
20621.3127868852,20.0787774278215
20632.5914754098,19.9430913385827
20643.8701639344,17.5614485564294
20655.148852459,15.4891433070859
20666.4275409836,14.9031653543307
20677.7062295082,15.380067191601
20688.9849180328,15.5522648293963
20700.2636065574,15.7692401574803
20711.542295082,16.5646797900258
20722.8209836066,15.8986036745402
20734.0996721311,15.4673921259844
20745.3783606557,13.7130530183725
20756.6570491803,12.0697170603671
20767.9357377049,12.0100110236222
20779.2144262295,12.0252412073488
20790.4931147541,10.8238118110236
20801.7718032787,10.4009582677165
20813.0504918033,10.5453283464568
20824.3291803279,10.8639409448823
20835.6078688525,11.526822834646
20841.2472131148,12.4335887139106
20852.5259016393,11.4435244094484
20858.1652459016,10.8525385826771
20869.4439344262,11.9405514435701
20880.7226229508,13.1580186351719
20892.0013114754,14.4793047244086
20897.6406557377,15.7016763779528
20903.28,15.962403412073
20908.9193442623,15.0864716535432
20914.5586885246,14.1974065616796
20920.1980327869,13.5676821522308
20925.8373770492,11.9488677165357
20931.4767213115,12.1567522309715
20937.1160655738,13.1867291338589
20942.7554098361,12.8789283464565
20948.3947540984,12.6629955380576
20951.2144262295,13.0087803149607
20954.0340983607,12.8077086614175
20956.8537704918,11.6174774278209
20959.673442623,10.3717320209963
20962.4931147541,10.4426070866139
20965.3127868852,10.8355404199475
20968.1324590164,10.7839068241469
20970.9521311475,9.5095
20973.7718032787,7.89220944881837
20976.5914754098,7.64328976377956
20979.411147541,8.31895511810993
20980.8209836066,9.00600524934389
20982.2308196721,9.31177060367463
20985.0504918033,9.2254574803149
20987.8701639344,9.31173858267657
20990.6898360656,10.5458356955382
20993.5095081967,10.7035732283465
20996.3291803279,10.080415485564
20999.148852459,9.06377664041907
21001.9685245902,9.12307716535394
21004.7881967213,9.87782493438315
21010.4275409836,10.2312123359582
21013.2472131148,10.5729354330709
21016.0668852459,10.7980062992127
21018.886557377,10.4465028871391
21021.7062295082,9.79012283464575
21027.3455737705,9.21921259842518
21032.9849180328,9.41380603674633
21035.8045901639,10.3404496062993
21038.6242622951,9.44741128608988
21044.2636065574,8.37647454068236
21049.9029508197,8.56054094488208
21055.542295082,9.56648320209995
21061.1816393443,9.73451443569474
21066.8209836066,8.69611417322859
21072.4603278689,7.68555459317609
21078.0996721312,7.16582703412084
21083.7390163934,7.49188110236241
21095.017704918,7.93028530183747
21100.6570491803,8.59063805774269
21106.2963934426,8.80436141732283
21109.1160655738,8.80468582677165
21111.9357377049,8.79734593175852
21114.7554098361,9.09349212598406
21117.5750819672,9.29306902887097
