"AGE","GR"
528.695680953169,33.05306124
529.4734403442,33.05283318
530.251199735231,33.5030515699999
531.028959126262,32.06311176
531.806718517293,29.67575454
532.584477908324,27.51440774
533.362237299355,28.40495475
534.139996690386,31.4366203399991
534.917756081417,34.06488526
535.695515472447,34.10987818
536.473274863478,31.52070375
537.251034254509,31.78808721
538.02879364554,32.7430833699997
538.806553036571,33.55547154
539.584312427602,33.13952799
539.973192123118,32.67929068
540.362071818633,32.18154889
540.750951514149,32.23043651
541.139831209664,32.23189081
541.52871090518,32.19781059
541.917590600695,32.85558749
542.30647029621,30.32153699
542.695349991726,27.6790087300007
543.084229687242,25.63795817
543.473109382757,24.88179315
543.861989078272,24.22149495
544.250868773788,24.87578698
544.639748469303,24.2716167500002
545.028628164819,22.22670006
545.417507860334,21.82606155
545.80638755585,22.5420865
546.195267251365,22.46731783
546.584146946881,22.0700862300001
546.973026642396,21.98722998
547.361906337912,23.06048817
547.750786033427,23.10555452
548.139665728943,25.73814421
548.528545424458,26.1533399699999
548.917425119974,24.61845961
549.306304815489,23.52332966
549.695184511005,23.86020746
550.08406420652,22.94417912
550.472943902035,21.7272289000003
550.861823597551,21.38971668
551.250703293066,22.22889839
551.639582988582,22.98602681
552.028462684097,22.95960766
552.417342379613,22.97193984
552.806222075128,23.19321561
553.195101770644,23.41723273
553.583981466159,22.93396122
553.972861161675,23.32162685
554.36174085719,24.9271001499995
554.750620552706,24.79955761
555.139500248221,23.79701394
555.528379943736,24.28638435
555.917259639252,23.17174942
556.306139334768,21.0209745500006
556.695019030283,21.03229429
557.083898725799,22.68454235
557.472778421314,23.40750977
557.861658116829,23.36911585
558.250537812345,24.0692634799998
558.63941750786,24.708673
559.028297203376,22.82156692
559.417176898891,20.85247737
559.806056594407,19.45673674
560.194936289922,19.8305266699999
560.583815985438,21.59236366
560.972695680953,25.22102783
561.361575376469,27.72458318
561.750455071984,27.5867937
562.1393347675,25.8650685000005
562.528214463015,23.2588637
562.917094158531,23.37837659
563.305973854046,24.20821092
563.694853549561,24.41891542
564.083733245077,25.6847769899996
564.472612940593,25.59436034
564.861492636108,24.38187874
565.250372331623,24.10023459
566.028131722654,24.9480774
566.805891113685,25.08229453
567.583650504716,24.26886586
568.361409895747,24.14382569
569.139169286778,25.52932168
569.916928677809,24.81707948
570.69468806884,23.7770833700003
571.472447459871,22.97239816
572.250206850902,23.50482695
573.027966241933,26.23046698
573.805725632964,26.44281566
574.583485023995,24.6601685400005
575.361244415026,24.72983145
576.139003806057,24.49757191
576.916763197088,23.1186034
577.694522588119,22.94828435
578.472281979149,23.4199775799999
579.25004137018,24.17051904
580.027800761211,25.49868664
580.805560152242,25.44785512
581.583319543273,25.24338509
582.361078934304,26.0044249799998
583.138838325335,29.37748603
583.916597716366,28.76515483
584.694357107397,25.67880857
585.472116498428,24.69208836
586.249875889459,25.5271783199998
586.638755584974,26.43237514
587.02763528049,26.07665709
587.416514976005,25.05455791
587.805394671521,25.6198322
588.194274367036,25.2973244100001
588.583154062552,24.24048359
588.972033758067,24.55130753
589.360913453583,26.17993409
589.749793149098,26.07346616
590.138672844614,24.4791105800005
590.527552540129,23.98118806
590.916432235644,25.37520149
591.30531193116,25.58357727
591.694191626676,24.37754244
592.083071322191,22.9288099600004
592.471951017706,24.93325596
592.860830713222,27.15244701
593.249710408737,26.8987466
593.638590104253,25.61781807
594.027469799768,26.3776190699998
594.416349495284,26.52395131
594.805229190799,26.02787959
595.58298858183,25.6217605
596.360747972861,24.76751621
597.138507363892,25.4303306899998
597.916266754923,26.2270982
598.305146450439,26.49790719
598.694026145954,28.15608792
599.082905841469,28.78010081
599.471785536985,27.3619843700004
599.860665232501,26.5537346
600.249544928016,26.89878177
600.638424623531,26.05810259
601.027304319047,25.60410763
601.416184014562,24.9493863300002
601.805063710078,24.77406427
602.193943405593,26.03427327
602.582823101109,26.14699041
602.971702796624,26.00802894
603.36058249214,26.4353353899999
603.749462187655,25.59106613
604.138341883171,25.61228796
604.527221578686,25.65256447
604.916101274202,25.07877559
605.304980969717,25.6454400299998
605.693860665232,25.59793193
606.082740360748,24.7737281
606.471620056263,24.97129222
606.860499751779,25.63451344
607.249379447295,25.53938298
607.63825914281,25.16664146
608.027138838325,25.13927811
608.416018533841,26.02405207
608.804898229356,28.07774817
609.193777924872,28.25861026
609.582657620387,28.2439061
609.971537315903,29.0464481
610.360417011418,29.0036274
610.554856859176,27.71875514
610.749296706934,28.2859189099998
611.138176402449,29.0881483
611.527056097965,28.79972637
611.91593579348,29.22215624
612.304815488995,28.5357905
612.499255336753,27.3767164600003
612.693695184511,29.13637984
613.082574880027,32.0249107
613.471454575542,30.70175887
613.860334271058,29.13719779
614.249213966573,29.15347676
614.443653814331,28.102349
614.638093662088,26.68558099
615.026973357604,25.9552385
615.415853053119,27.48433371
615.804732748635,30.6987079699991
616.19361244415,30.69953742
616.582492139666,26.16456843
616.971371835181,23.33222412
617.360251530697,26.03964665
617.749131226212,30.0140092199989
618.138010921728,31.7251849
618.526890617243,29.55849415
618.915770312759,27.25682389
619.304650008274,26.92869059
619.69352970379,26.66290058
620.082409399305,26.24127059
620.47128909482,26.50611615
620.860168790336,26.03608134
621.249048485851,26.00178401
621.637928181367,27.31134756
622.026807876882,27.57173488
622.415687572398,27.94439653
622.804567267913,29.14190197
623.582326658944,29.12232605
624.360086049975,30.16026525
625.137845441006,29.62625807
625.526725136521,26.71045776
625.915604832037,26.8672082
626.304484527552,27.38643629
626.693364223068,27.38179932
627.082243918583,27.41785059
627.471123614099,26.41435685
627.860003309614,25.21239072
628.24888300513,25.86337401
628.637762700645,29.4475768
629.026642396161,29.94375546
629.804401787192,29.14068541
630.582161178223,29.17974411
631.359920569254,28.48746312
632.137679960285,27.19377159
632.915439351316,25.90710325
633.693198742346,24.71711535
634.470958133378,26.58553886
635.248717524408,28.06301056
636.026476915439,28.80459208
636.80423630647,30.0821722
637.581995697501,30.51727647
638.359755088532,28.95746597
639.137514479563,28.07274364
639.526394175079,27.26833673
639.915273870594,26.93866813
640.30415356611,28.8708393
640.693033261625,29.86646344
641.08191295714,28.10468779
641.470792652656,25.47588055
641.859672348171,25.58817677
642.248552043687,27.33123671
642.637431739202,28.93560783
643.026311434718,29.72146589
643.415191130234,30.52355748
643.804070825749,32.14748756
644.192950521264,31.41610506
644.58183021678,28.83788979
644.970709912295,26.40559535
645.359589607811,26.49116025
645.748469303326,26.82257575
646.137348998842,27.37013406
646.915108389873,28.02957915
647.692867780904,28.29362348
648.470627171934,29.1299217
649.248386562965,29.13779589
650.026145953997,29.15313694
650.803905345027,29.26022705
651.581664736058,29.56898821
652.359424127089,27.96978092
653.13718351812,27.86484155
653.914942909151,30.19511073
654.692702300182,31.84998014
655.470461691213,34.49046053
656.248221082244,38.12210156
657.025980473275,39.28808046
657.803739864306,40.81887985
658.581499255337,46.37188773
659.359258646368,45.2021478
660.137018037399,39.65854102
660.914777428429,39.72539874
661.692536819461,40.34383614
662.470296210492,37.83999656
663.248055601523,34.19361756
664.025814992553,33.8177661
664.414694688069,34.45031804
665.1924540791,35.06856539
665.970213470131,36.66706574
666.359093165646,36.77622815
666.747972861162,34.89553183
667.136852556677,31.02857412
667.525732252193,29.99686457
667.914611947708,31.28582773
668.692371338739,33.56867614
669.081251034255,32.64037975
669.47013072977,31.68531481
669.859010425286,30.36329597
670.247890120801,29.53542582
670.636769816316,31.40778122
671.025649511832,32.27438408
671.414529207347,31.6177728
671.803408902863,29.53997681
672.192288598378,27.78537382
672.581168293894,29.23107403
673.358927684925,30.53631282
674.136687075956,30.4255973
674.525566771471,29.58976077
674.914446466987,29.2756061
675.303326162502,28.44164951
675.692205858018,28.3723687
676.081085553533,29.18522021
676.469965249048,29.99660692
676.858844944564,30.01822707
677.24772464008,30.02130912
677.636604335595,29.99508941
678.02548403111,28.22406956
678.414363726626,28.01320429
678.803243422141,32.19931582
679.192123117657,32.27784524
679.581002813172,29.35651028
679.77544266093,28.26460839
679.969882508688,29.98695777
680.358762204203,33.2599074
680.747641899719,35.25144831
680.942081747477,34.18841242
681.136521595234,29.35269631
681.52540129075,26.79702922
681.914280986265,27.41741393
682.303160681781,31.56441468
682.692040377296,33.99021422
683.080920072811,32.4007993
683.469799768327,30.05112588
683.858679463843,28.39860411
684.247559159358,29.26856742
684.636438854874,30.01962877
685.025318550389,28.57005599
685.219758398147,28.26010648
685.414198245905,29.32065452
685.608638093662,29.08092382
685.80307794142,28.2919206
685.997517789178,28.73542038
686.191957636936,31.45771881
686.580837332451,32.44282903
687.358596723482,33.57326732
688.136356114513,34.39403199
688.914115505544,35.98726584
689.691874896575,37.01138301
690.469634287606,32.12646923
691.247393678636,28.72374482
692.025153069667,28.95873939
692.802912460699,30.93450071
693.191792156214,32.79852744
693.58067185173,32.6746548
693.969551547245,32.71117253
694.35843124276,31.37967316
694.747310938276,32.05251389
695.136190633791,32.2251611
695.525070329307,29.47058763
695.719510177064,26.98786302
695.913950024822,27.89402072
696.10838987258,29.18762435
696.302829720338,29.69767553
696.497269568095,32.20854835
696.691709415853,33.01029952
696.886149263611,34.09006219
697.080589111368,34.49356403
697.275028959126,35.8253147
697.469468806884,34.99930239
697.858348502399,31.76978855
698.247228197915,30.76876457
698.636107893431,29.45524245
699.024987588946,30.4930148
699.413867284462,30.45082136
699.802746979977,30.18653752
700.191626675492,30.15765393
700.580506371008,31.56903039
700.969386066523,32.22827852
701.358265762039,31.9853959
701.747145457554,31.80911324
702.13602515307,31.70500959
702.524904848585,30.34943649
702.913784544101,28.76326069
703.302664239616,28.24055635
703.691543935131,28.23203574
704.080423630647,28.91927893
704.469303326163,30.52636917
704.858183021678,31.37895738
705.247062717194,30.02994484
706.024822108224,29.9129228
706.41370180374,31.52574706
706.802581499255,33.10830987
707.191461194771,33.25316283
707.580340890286,31.22058694
707.969220585802,29.26063888
708.358100281317,28.77877661
708.746979976833,30.78907702
709.135859672348,32.34644858
709.913619063379,30.48317692
710.69137845441,28.61726645
711.469137845441,29.66444873
712.246897236472,31.71954854
713.024656627503,31.73516017
713.802416018534,32.32366412
714.191295714049,31.79285656
714.580175409565,30.91094991
714.96905510508,31.21798648
715.357934800596,32.76395937
715.746814496111,33.51774323
716.135694191627,31.5858281
716.524573887142,29.64860417
716.913453582658,28.36658143
717.691212973689,27.69840036
718.46897236472,28.86112335
719.24673175575,29.56609434
720.024491146782,27.8931759
720.802250537812,28.07455512
721.580009928843,28.71131463
721.968889624359,29.29826273
722.357769319874,30.90814038
722.74664901539,29.82863405
723.135528710905,28.10546234
723.524408406421,28.6970616
723.913288101936,29.13183132
724.302167797452,28.30323454
724.691047492967,27.01531343
725.079927188483,27.32222379
725.468806883998,29.01712584
725.857686579514,29.10044342
726.246566275029,28.26042547
726.635445970544,30.05973872
727.02432566606,30.9326007
727.413205361575,30.17850386
727.802085057091,26.92811969
728.190964752606,26.51663926
728.579844448122,25.73628573
728.968724143637,26.51340684
729.357603839153,28.43240023
729.552043686911,30.4191159
729.746483534668,30.37559059
729.940923382426,28.22868435
730.135363230184,26.81421613
730.329803077942,27.89043423
730.524242925699,29.51885434
730.718682773457,29.88274245
730.913122621215,30.22058127
731.107562468972,29.82135532
731.30200231673,28.69607087
731.496442164488,27.97117943
731.690882012246,25.86481222
731.885321860004,25.73650459
732.079761707761,26.47950614
732.274201555519,27.74478043
732.468641403277,28.01841339
732.857521098792,26.87900506
733.246400794307,27.12827257
733.635280489823,28.23839308
734.024160185338,28.13472143
734.413039880854,30.45287018
735.190799271885,32.61917393
735.5796789674,30.91620886
735.968558662916,28.69096836
736.357438358431,28.26481912
736.746318053947,28.7609902
737.135197749462,29.84937908
737.32963759722,31.42325046
737.524077444978,30.51533856
737.718517292735,28.57293091
737.912957140493,27.75920726
738.301836836009,28.30693415
738.690716531524,28.2720028
739.07959622704,29.8330188
739.274036074797,31.53883531
739.468475922555,29.50485336
739.85735561807,29.15093077
740.051795465828,29.13726364
740.246235313586,28.34955867
740.635115009101,27.80848813
741.023994704617,28.09457798
741.412874400132,29.15845037
741.801754095648,29.13822251
742.190633791163,28.81247993
742.385073638921,28.93333008
742.579513486679,29.96696615
742.968393182194,31.38903313
743.35727287771,31.45992634
743.746152573225,29.07331584
744.135032268741,28.35263739
744.523911964256,29.64497375
744.912791659772,29.57195085
745.690551050803,28.02065844
746.468310441833,26.16039241
747.246069832865,25.43999669
748.023829223896,24.68914789
748.801588614926,25.13956334
749.579348005957,27.00959062
751.134866788019,29.20346529
752.690385570081,30.79356627
754.245904352143,31.34012602
755.801423134205,31.34728328
757.356941916267,31.12943922
758.912460698329,29.83820927
760.467979480391,28.69159206
762.023498262452,29.58900248
763.579017044514,29.29690523
765.134535826576,27.21171266
766.690054608638,26.4354931
768.2455733907,27.03702311
769.801092172762,26.96875957
771.356610954824,26.00823343
772.52325004137,27.39795353
773.301009432401,29.277482
774.078768823432,30.01003521
774.856528214463,29.57283933
775.634287605494,29.74137141
776.412046996525,32.54888774
777.578686083071,32.93719647
779.134204865133,31.84569338
780.689723647195,29.88600543
782.245242429257,29.18667547
783.800761211319,29.27531714
785.356279993381,30.60039772
786.911798775443,29.30688926
787.689558166474,27.47739778
788.467317557505,27.52173971
789.245076948535,29.38682528
790.022836339567,30.05468618
791.578355121628,28.77892007
793.13387390369,29.05053693
794.689392685752,29.22598701
796.244911467814,28.75985717
797.800430249876,29.63504677
799.355949031938,27.7391987
800.911467814,25.9492762
802.466986596062,27.56603705
804.022505378123,30.24528943
805.578024160185,32.65401433
807.133542942247,33.17583922
808.689061724309,33.02437901
810.244580506371,31.58238153
811.800099288433,30.52574273
813.355618070495,31.32828651
814.911136852557,31.61468368
816.466655634619,30.7146763
818.022174416681,31.04424788
819.577693198742,32.28435501
821.133211980804,32.6557462
822.688730762866,31.72555988
824.244249544928,31.40419821
825.79976832699,31.94176978
827.355287109052,31.47863594
828.910805891114,30.91429563
830.466324673176,31.64098544
831.244084064207,31.63775274
832.021843455237,30.48191763
832.799602846268,28.88643303
833.5773622373,27.50957975
834.35512162833,27.28144989
835.132881019361,26.44073593
836.688399801423,26.09210231
838.243918583485,26.8538507
839.799437365547,28.41603316
841.354956147609,28.44319567
842.910474929671,27.85061324
844.465993711732,29.07238184
846.021512493794,30.40372139
846.799271884825,31.31009218
847.577031275856,33.43470276
848.354790666887,34.94418917
849.132550057918,34.84553999
849.910309448949,35.77237152
850.68806883998,34.58969833
851.465828231011,31.79607913
851.854707926526,27.45333485
852.243587622042,25.96408064
852.632467317557,28.41608365
853.021347013073,30.83120062
853.410226708589,32.33095626
853.799106404104,32.299715
854.187986099619,31.47564314
854.576865795135,31.0662449
854.96574549065,29.47882335
855.354625186166,29.22144018
855.743504881681,30.49298355
856.132384577197,30.56035948
856.521264272712,30.01124086
856.910143968228,30.69723325
857.299023663743,31.40238927
857.687903359259,30.41705427
858.076783054774,28.88190525
858.46566275029,28.61146963
858.854542445805,28.88691029
859.24342214132,30.90060137
859.632301836836,31.45343401
860.021181532351,30.66708736
860.410061227867,31.02698701
860.798940923382,30.48228989
861.187820618898,29.22937425
861.576700314413,29.4063098
861.965580009929,30.90434888
862.354459705444,31.8568683
862.74333940096,32.27051146
863.132219096475,33.91937966
863.909978487506,32.69158203
864.687737878538,30.16826919
865.465497269568,29.70706552
866.243256660599,31.30966223
866.632136356115,32.33769023
867.02101605163,32.3162608
867.409895747145,31.62876383
867.798775442661,30.5129782
868.187655138176,30.51184658
868.576534833692,30.24116649
869.354294224723,30.11728451
870.132053615754,29.53421594
870.909813006785,29.18597326
871.687572397816,30.31119785
872.465331788847,32.36559189
873.243091179878,34.31537591
874.020850570908,35.89926111
874.798609961939,36.30836451
875.57636935297,34.54296885
877.131888135032,31.74824901
878.687406917094,31.60992122
880.242925699156,32.28125547
881.798444481218,32.350194
883.35396326328,31.0291866
884.131722654311,31.7880967
884.909482045342,32.25468835
885.687241436373,32.72116127
886.465000827404,32.75597758
886.853880522919,32.01084083
887.242760218435,31.93115021
888.020519609466,33.25025549
888.409399304981,33.63370547
888.798279000496,32.58296305
889.576038391527,30.85013999
889.964918087043,28.63288348
890.353797782558,29.20955346
890.742677478074,29.67293095
891.131557173589,28.87495369
891.520436869105,28.69949209
891.90931656462,29.7988467
892.103756412378,31.38639374
892.298196260136,31.45995314
892.492636107893,30.01090671
892.687075955651,29.26602841
892.881515803409,30.11401549
893.075955651167,31.2870605
893.270395498924,32.32457999
893.464835346682,32.11441801
893.65927519444,31.20244712
893.853715042198,30.06254321
894.048154889955,29.64911366
894.242594737713,28.93011522
894.437034585471,28.3442709
894.631474433229,30.31466006
894.825914280986,32.67895079
895.020354128744,33.67720644
895.214793976502,32.85907515
895.40923382426,33.29424983
895.798113519775,31.67802325
896.186993215291,28.47333544
896.575872910806,27.09491865
896.964752606322,27.29117753
897.353632301837,29.55459056
897.742511997352,30.97207349
898.131391692868,31.39114787
898.520271388383,32.14292389
898.909151083898,32.09329994
899.298030779414,32.39972962
899.68691047493,32.32267527
900.075790170445,30.72133832
900.464669865961,30.04929618
900.853549561476,30.05643177
901.242429256992,30.58655967
902.020188648022,32.22953502
902.797948039053,32.34472975
903.575707430085,30.92807521
905.131226212146,30.62342077
906.686744994208,30.95823756
908.24226377627,31.30524648
909.020023167301,32.09935346
909.797782558332,32.80140582
910.517654528478,32.24072413
911.21718767507,30.56931972
911.916720821662,29.64897114
912.616253968254,30.71376908
913.315787114846,28.66204874
914.015320261438,26.05503247
914.71485340803,28.06241573
915.414386554622,30.75527172
916.113919701214,31.73900285
916.813452847806,33.22100954
918.21251914099,30.92952301
919.611585434174,28.87878706
921.010651727357,29.44917335
922.409718020542,31.80674592
923.109251167133,32.18580898
923.808784313725,30.56740421
924.508317460318,29.24291611
925.20785060691,28.96364033
925.907383753501,28.71620865
926.606916900093,29.718239
927.306450046685,31.3226321
927.656216619981,30.87335201
928.005983193277,29.49884324
928.355749766573,30.72852206
928.705516339869,32.29665781
929.055282913165,33.4127769
929.405049486461,34.81903085
929.754816059757,33.77119551
930.104582633053,28.5987237
930.454349206349,30.41315375
930.804115779645,33.80273483
931.153882352941,34.39109575
931.503648926237,32.22244845
932.203182072829,29.59855127
932.902715219421,29.24487891
933.252481792717,29.36661093
933.602248366013,31.20170594
933.952014939309,32.39240073
934.301781512605,31.84560052
934.651548085901,32.64230411
935.001314659197,33.24270091
935.351081232493,32.56708826
935.700847805789,31.81297934
936.050614379085,32.24118931
936.400380952381,33.50647433
937.099914098973,34.07210304
937.449680672269,33.82735329
937.799447245565,30.35461146
938.149213818861,29.8882372
938.498980392157,32.07511229
939.198513538749,32.23528617
939.898046685341,32.81020948
940.597579831933,34.06014554
941.297112978525,34.04898834
941.646879551821,34.07586838
941.996646125116,33.24825895
942.346412698412,32.63939809
942.696179271709,31.85111583
943.045945845004,31.39333039
943.395712418301,30.4673915
943.745478991597,30.11221371
944.095245564893,32.39384234
944.445012138189,33.93009156
944.794778711484,35.59921779
945.144545284781,35.95823357
945.494311858077,33.83104372
945.844078431373,33.17166041
946.193845004669,32.67997787
946.543611577964,33.27341979
946.893378151261,31.81982306
947.243144724556,30.02830255
947.592911297852,30.46895623
947.942677871148,31.81048817
948.292444444444,31.02058782
948.64221101774,28.85635542
948.991977591036,28.32370224
949.341744164332,29.54770998
949.691510737628,29.63745837
950.041277310924,29.92728883
950.39104388422,31.52426588
950.740810457516,32.28680868
951.090577030812,33.03222416
951.440343604108,34.2018039
951.790110177404,32.8313624
952.139876750701,31.20510947
952.489643323996,30.45071541
952.839409897292,32.06750496
953.189176470588,31.58183654
953.538943043884,27.81944173
953.88870961718,27.04611377
954.238476190476,28.71935753
954.588242763772,28.15829293
955.287775910364,29.00496958
955.987309056956,31.63346805
956.686842203548,32.28961746
957.38637535014,31.11555215
958.085908496732,29.66216795
958.785441643324,26.79520034
959.484974789916,28.032839
960.184507936508,30.03433551
960.8840410831,31.20201733
961.233807656396,31.66099066
961.583574229692,34.41631663
962.283107376284,34.9097956
962.63287394958,32.96701789
962.982640522875,30.005847
963.332407096172,30.11445169
963.682173669468,32.62779349
964.031940242764,34.94254438
964.38170681606,33.03825707
964.731473389356,30.85381178
965.081239962652,30.09310544
965.431006535948,29.67260962
965.780773109244,31.34514369
966.480306255836,31.83897462
966.830072829132,31.41823361
967.179839402428,30.97891341
967.529605975723,31.46925379
967.87937254902,33.10446333
968.229139122316,34.61845727
968.578905695612,36.08001037
968.75378898226,36.27092529
968.928672268908,35.83944861
969.103555555555,34.966785
969.278438842204,33.50041378
969.453322128851,32.5131005
969.6282054155,30.41282552
969.803088702147,29.68765815
969.977971988795,29.67331036
970.677505135387,31.48043473
971.377038281979,31.99989821
971.726804855275,32.28163711
972.076571428571,32.65946558
972.426338001867,33.77603679
972.776104575163,34.09984911
973.125871148459,33.0173091
973.475637721755,32.73771544
973.825404295051,31.14346239
974.175170868348,30.71761686
974.350054154995,31.68701486
974.524937441643,32.78637433
974.699820728291,33.17194146
974.874704014939,32.66060724
975.049587301587,30.6357491
975.224470588235,31.36306117
975.399353874883,33.61971368
975.574237161531,32.41597829
975.749120448179,31.76588597
975.924003734827,32.16905238
976.098887021475,31.90987053
976.273770308123,32.72484652
976.623536881419,32.6996061
976.973303454715,33.60310622
977.323070028011,34.90753888
977.672836601307,34.02602695
978.022603174603,34.8303706
978.372369747899,37.28191034
978.722136321195,37.28938637
979.071902894491,34.48437957
979.421669467787,31.35985555
979.771436041083,32.14408574
980.470969187675,32.59012391
981.170502334267,30.54410312
981.870035480859,29.6968621
982.219802054155,29.64114081
982.569568627451,30.97842353
983.269101774043,34.48226315
983.968634920635,35.43183159
984.668168067227,34.88336438
985.367701213819,34.13244954
986.067234360411,33.17165624
986.766767507003,32.8062031
987.466300653595,34.19557423
988.165833800187,34.93766875
988.865366946779,34.51681526
989.564900093371,34.04959606
990.963966386554,34.49189628
992.363032679739,36.3775374
993.062565826331,36.71246501
993.762098972923,36.6941637
994.461632119514,36.30164528
995.161165266107,34.66739936
996.210464985994,33.10738121
996.909998132586,32.30725046
997.259764705882,31.75291804
997.609531279178,30.35294059
998.134181139122,32.2122767
998.483947712418,34.07303126
999.008597572362,33.70530858
999.708130718954,33.09930253
1000.40766386555,33.68736017
1000.75743043884,33.07672825
1001.28208029879,32.7255939
1001.80673015873,32.38141444
1002.50626330532,32.28480656
1003.55556302521,32.12615208
1004.2550961718,29.4339236
1004.95462931839,29.03199791
1005.65416246499,30.90004153
1006.35369561158,30.92889256
1006.87834547152,31.57308714
1007.75276190476,33.6511494
1008.45229505135,35.27178387
1009.15182819795,35.19313411
1009.85136134454,32.9229233
1010.55089449113,30.33822106
1011.25042763772,29.19373937
1011.94996078431,30.3111786
1012.64949393091,31.02464653
1013.3490270775,30.42178682
1014.74809337068,31.48292919
1016.14715966387,31.84257265
1017.54622595705,31.51256447
1018.24575910364,31.02528955
1018.94529225023,30.60587563
1020.34435854342,31.88276664
1020.69412511671,33.55210641
1021.04389169001,34.04550821
1021.7434248366,34.56504426
1022.44295798319,33.88954889
1023.14249112979,31.43827057
1023.84202427638,32.02112476
1024.54155742297,33.30367339
1024.89132399626,31.94524042
1025.24109056956,31.39241833
1025.59085714286,32.55354526
1025.94062371615,35.17619232
1026.29039028945,37.83062806
1026.64015686275,36.70556682
1026.81504014939,37.60150784
1026.98992343604,37.21646864
1027.16480672269,37.11539238
1027.33969000934,37.64260122
1028.03922315593,37.5889342
1028.38898972922,37.62381196
1028.73875630252,35.21214146
1029.43828944911,34.43903922
1029.78805602241,35.01216322
1030.13782259571,34.46354443
1030.8373557423,33.26242623
1031.18712231559,33.97499656
1031.53688888889,36.11619739
1032.23642203548,36.19323634
1032.93595518207,35.37540778
1033.63548832866,34.58889035
1033.98525490196,33.95091847
1034.33502147526,35.28158824
1034.68478804855,36.79038637
1035.03455462185,35.86969776
1035.73408776844,35.34754683
1036.43362091503,36.28022393
1037.13315406162,37.1298158
1037.83268720822,35.27386626
1038.53222035481,34.13379659
1039.2317535014,32.81091122
1039.5815200747,32.7498498
1039.93128664799,32.83293169
1040.63081979458,32.72002591
1040.98058636788,32.29219806
1041.33035294118,32.74869092
1041.50523622782,34.4288758
1041.68011951447,34.88154884
1041.85500280112,34.0906464
1042.02988608777,32.23692069
1042.20476937442,30.18742551
1042.37965266106,31.00379001
1042.72941923436,33.25196657
1043.07918580766,33.71505599
1043.42895238095,31.82077765
1043.77871895425,30.94707133
1044.12848552754,30.96428748
1045.52755182073,30.96351793
1046.92661811391,31.79648828
1047.6261512605,32.02881876
1048.3256844071,33.51813158
1049.02521755369,34.47853296
1049.72475070028,33.63010564
1050.42428384687,33.87484156
1051.12381699346,35.15307469
1051.82335014006,32.55525009
1052.52288328665,30.95212313
1053.22241643324,31.32861252
1053.92194957983,31.85797696
1054.62148272642,32.86691946
1055.32101587302,34.10844324
1056.02054901961,32.71537413
1056.7200821662,30.9012106
1057.41961531279,30.98452253
1057.76938188609,30.29805251
1058.11914845938,30.63014935
1058.46891503268,32.63067001
1058.81868160598,34.1610109
1059.16844817927,33.53592691
1059.51821475257,34.12216994
1060.21774789916,33.57918431
1061.61681419234,32.77903532
1063.01588048553,33.21517686
1064.41494677871,35.43554194
1065.8140130719,35.8486371
1067.21307936508,34.93912327
1068.61214565826,34.15176518
1070.01121195145,33.18860536
1071.06051167134,31.06283377
1071.76004481793,29.62613739
1072.45957796452,30.47486849
1073.15911111111,31.75815515
1073.50887768441,32.70197913
1073.8586442577,34.32719145
1074.55817740429,35.40300563
1075.25771055089,34.65878891
1075.95724369748,33.6115718
1077.35630999066,33.11329994
1078.75537628385,33.11504517
1080.15444257703,32.28796947
1081.55350887021,33.04809469
1083.30234173669,34.39025689
1084.35164145658,34.51861933
1085.75070774977,33.98240247
1087.14977404295,33.58795675
1089.59814005602,35.5123375
1090.99720634921,35.26121968
1091.3469729225,32.98074484
1091.6967394958,32.25245705
1091.87162278245,31.82043423
1092.04650606909,32.89140042
1092.22138935574,34.11954582
1092.39627264239,35.97855228
1092.74603921569,38.0322098
1093.09580578898,37.55496195
1093.44557236228,35.00069532
1094.14510550887,34.94533861
1095.54417180205,34.95127028
1096.59347152194,36.64750367
1097.29300466853,35.71949602
1098.34230438842,34.7474983
1099.04183753501,33.03210621
1099.21672082166,33.61945553
1099.39160410831,35.85314308
1099.74137068161,36.62090411
1099.91625396825,35.82914744
1100.0911372549,34.89195251
1100.26602054155,32.69327385
1100.4409038282,32.70791795
1100.79067040149,34.35651561
1101.14043697479,33.47614962
1101.49020354809,31.10602025
1101.83997012138,31.80845959
1102.18973669468,33.54619439
1102.88926984127,33.13898186
1103.58880298786,32.04739732
1104.28833613445,31.85944571
1104.98786928105,33.81696665
1105.33763585434,35.27024605
1105.68740242764,35.35312311
1106.03716900093,36.02413321
1106.38693557423,36.12330204
1106.73670214753,33.09831065
1107.08646872082,28.71601049
1107.43623529412,30.05601283
1107.78600186741,31.55605992
1108.13576844071,31.41935608
1108.48553501401,29.95534353
1108.8353015873,29.85995133
1109.1850681606,32.00215346
1109.88460130719,32.21675891
1110.58413445378,31.70930518
1111.28366760037,31.75149752
1111.98320074697,31.41414667
1112.33296732026,30.82512431
1112.68273389356,30.66793951
1113.03250046685,30.91833983
1113.38226704015,30.85726595
1113.73203361345,31.24993458
1114.08180018674,32.31828306
1114.43156676004,31.63623945
1114.78133333333,30.36169343
1115.13109990663,31.23184574
1115.48086647992,31.7525594
1115.83063305322,31.53657471
1116.18039962652,31.29562344
1116.53016619981,31.7662434
1116.87993277311,31.75217091
1117.2296993464,31.97303475
1117.5794659197,33.55936015
1117.929232493,35.62307886
1118.27899906629,33.06850869
1118.45388235294,32.09621513
1118.62876563959,33.41012191
1119.32829878618,33.5033115
1120.02783193277,33.48399257
1120.72736507937,32.23207012
1121.42689822596,29.92638298
1122.12643137255,29.83278661
1122.47619794584,30.10505805
1122.82596451914,30.43103788
1123.17573109244,30.01017085
1123.52549766573,31.0457201
1123.87526423903,31.79873999
1124.22503081232,31.09587588
1124.57479738562,29.97882826
1124.92456395892,30.30786879
1125.27433053221,31.57465881
1125.62409710551,32.94249032
1125.9738636788,35.61275773
1126.3236302521,37.0410835
1126.6733968254,35.23868999
1127.02316339869,32.69973078
1127.37292997199,32.5603906
1127.72269654528,34.92720994
1128.07246311858,34.01515197
1128.42222969188,33.73911203
1128.77199626517,34.810538
1129.12176283847,32.84345541
1129.47152941176,32.65383207
1129.82129598506,33.48386552
1130.17106255836,33.53343739
1130.52082913165,32.67919677
1130.87059570495,31.72806018
1131.22036227824,31.75024476
1131.57012885154,31.76002138
1131.91989542484,32.01472972
1132.26966199813,32.04009696
1132.61942857143,31.21122259
1132.96919514472,31.28120929
1133.31896171802,33.74597461
1133.66872829132,33.98327475
1134.01849486461,33.54790258
1134.36826143791,34.93318453
1135.0677945845,34.55169696
1135.76732773109,31.47048409
1136.46686087768,30.94788008
1137.16639402428,33.03737735
1137.51616059757,34.89952885
1137.86592717087,35.78857858
1138.21569374416,34.24157617
1138.56546031746,33.63383759
1138.91522689076,33.65210196
1139.26499346405,31.30492822
1139.96452661064,30.78546266
1140.66405975724,32.0445734
1141.36359290383,32.67917472
1142.06312605042,32.66632822
1142.76265919701,33.9180946
1143.4621923436,34.4078446
1144.1617254902,34.3711162
1144.86125863679,35.08440473
1145.56079178338,36.66509906
1146.26032492997,35.0770579
1146.95985807656,31.67406657
1147.30962464986,30.54330996
1147.65939122316,31.51327196
1148.00915779645,32.64135912
1148.35892436975,32.29789417
1148.70869094304,30.72433592
1149.05845751634,29.99242409
1149.40822408964,32.42573411
1149.75799066293,34.39011171
1150.10775723623,34.35403299
1150.45752380952,33.70389909
1150.80729038282,31.95931374
1151.15705695612,32.25998992
1151.50682352941,33.44268493
1151.85659010271,34.34103326
1152.206356676,35.22580504
1152.5561232493,33.81186385
1152.9058898226,35.39419734
1153.25565639589,38.23183976
1153.95518954248,36.97200025
1154.65472268908,35.79367713
1155.00448926237,34.82068826
1155.35425583567,34.84297451
1155.70402240896,35.72959314
1156.05378898226,34.29738659
1156.75332212885,32.98996499
1157.10308870215,33.02422076
1157.80262184874,32.19066356
1158.50215499533,32.88339136
1158.85192156863,34.47624975
1159.20168814192,35.00799806
1159.55145471522,35.78217612
1160.25098786181,36.19071725
1160.60075443511,34.27736958
1160.9505210084,33.21384204
1161.650054155,34.24408212
1162.34958730159,35.26990962
1163.74865359477,34.77160836
1165.84725303455,36.10301286
1168.64538562092,35.26105874
1170.0444519141,32.46778141
1171.44351820728,33.52914913
1172.14305135387,34.45237574
1172.84258450047,33.65674157
1173.54211764706,32.47117654
1174.59141736695,30.37399101
1175.29095051354,31.25552772
1175.99048366013,33.11409544
1176.69001680672,31.91092183
1177.38954995331,31.27001056
1178.08908309991,31.31456049
1178.4388496732,30.93004871
1178.7886162465,30.69133938
1179.13838281979,30.30872189
1179.48814939309,28.55681882
1179.83791596639,30.08011937
1180.18768253968,32.92029523
1180.53744911298,33.49544105
1180.88721568627,33.02693732
1181.23698225957,31.03387763
1181.58674883287,29.98615833
1181.93651540616,30.26984714
1182.28628197946,31.53951994
1182.63604855275,32.69005124
1182.98581512605,33.13045725
1183.33558169935,32.25398807
1183.68534827264,30.93800144
1184.03511484594,30.96877013
1184.38488141923,33.69533717
1184.73464799253,35.25962009
1185.08441456583,32.40246706
1185.78394771242,30.59657158
1186.48348085901,31.78028583
1186.83324743231,32.65975511
1187.1830140056,32.63263553
1187.5327805789,32.65202396
1187.88254715219,31.65787224
1188.23231372549,29.89262635
1188.58208029879,28.7153739
1188.93184687208,31.70721852
1189.28161344538,33.17615702
1189.63138001867,31.65319003
1189.98114659197,30.73256652
1190.33091316527,29.96371885
1190.68067973856,29.99077699
1191.03044631186,30.23405716
1191.38021288515,31.58243881
1192.07974603175,32.42567853
1192.42951260504,34.06446294
1192.77927917834,36.87558225
1193.12904575163,39.05793078
1193.47881232493,39.38760062
1193.82857889823,36.46319518
1194.17834547152,33.4980018
1194.52811204482,33.39169208
1194.87787861811,33.75095078
1195.22764519141,32.92661423
1195.927178338,32.22551309
1196.62671148459,32.63634126
1196.97647805789,32.63488429
1197.32624463119,32.6359684
1197.50112791783,32.66176079
1197.67601120448,32.15598757
1198.02577777778,32.59890379
1198.37554435107,32.33686218
1198.72531092437,31.46029449
1199.07507749767,31.78421659
1199.42484407096,32.22207742
1199.59972735761,32.99788305
1199.77461064426,33.53483809
1200.12437721755,33.40407624
1200.47414379085,32.04130842
1200.82391036415,31.75047542
1201.17367693744,32.79510191
1201.52344351074,33.3221401
1202.22297665733,31.72525824
1202.57274323063,32.87886405
1202.92250980392,34.80695244
1203.27227637722,34.22907775
1203.62204295051,32.78457628
1203.97180952381,32.71499846
1204.32157609711,34.0382959
1205.0211092437,33.66238186
1205.72064239029,31.73801167
1207.11970868347,33.13408936
1207.81924183007,33.51449537
1208.16900840336,33.04857333
1208.51877497666,32.94772126
1209.21830812325,34.50701086
1209.91784126984,36.1084558
1210.61737441643,37.1203734
1211.31690756303,37.49772177
1212.71597385621,34.03640938
1213.4155070028,30.61517567
1214.11504014939,31.12914094
1214.81457329598,33.22949272
1215.51410644258,34.39220935
1216.21363958917,33.34452024
1216.91317273576,31.92250678
1217.61270588235,31.96724927
1218.31223902894,33.10848066
1219.01177217554,33.52316963
1219.71130532213,33.48210391
1220.41083846872,34.19479883
1221.11037161531,34.38840466
1221.8099047619,34.39646227
1222.5094379085,34.39671673
1223.20897105509,34.39835286
1223.90850420168,34.41585933
1224.60803734827,34.52043973
1225.30757049486,35.28862065
1226.00710364146,34.16176926
1226.70663678805,33.45688995
1227.05640336134,34.11650282
1227.40616993464,34.92174004
1227.75593650794,36.53009387
1228.10570308123,36.75951185
1228.45546965453,36.99364073
1228.80523622782,37.89869396
1229.15500280112,36.06472524
1229.32988608777,34.41725654
1229.50476937442,34.39829727
1229.85453594771,34.37551616
1230.20430252101,35.0175511
1230.5540690943,36.16125911
1230.9038356676,36.18519444
1231.2536022409,35.40069105
1231.60336881419,35.100266
1231.77825210084,35.33157432
1231.95313538749,34.86506759
1232.12801867414,34.38868298
1232.30290196078,34.61769196
1232.47778524743,34.71555308
1232.65266853408,33.88033578
1232.82755182073,32.6424741
1233.00243510738,33.94114501
1233.17731839402,36.4060551
1233.35220168067,37.60827584
1233.52708496732,37.44054866
1233.70196825397,34.65157258
1233.87685154062,34.92815065
1234.05173482726,38.06887883
1234.22661811391,39.74975566
1234.40150140056,39.25726675
1234.75126797386,36.56629714
1235.10103454715,33.54365172
1235.45080112045,32.4900217
1235.80056769374,31.66788087
1236.15033426704,31.71462083
1236.50010084034,32.79517454
1236.84986741363,34.24497516
1237.19963398693,34.37411162
1237.54940056022,34.90488204
1237.89916713352,36.13712488
1238.24893370682,36.14911311
1238.59870028011,36.03691813
1239.2982334267,34.67558318
1239.9977665733,34.39911508
1241.39683286648,34.06389146
1242.79589915966,33.71527055
1244.19496545285,34.4348539
1245.59403174603,34.43885625
1246.99309803922,35.68918283
1248.3921643324,36.6427378
1249.79123062558,36.70492519
1251.19029691877,34.68368402
1252.58936321195,32.11189906
1253.98842950514,30.92297789
1254.68796265173,31.10430519
1255.38749579832,33.38204732
1256.7865620915,33.72885081
1258.18562838469,32.59853443
1259.58469467787,32.54986415
1260.98376097106,33.39301736
1262.38282726424,33.52418539
1263.78189355742,32.87681751
1264.48142670402,32.19783371
1265.18095985061,33.75948869
1265.8804929972,34.66801615
1266.58002614379,33.77096386
1267.27955929038,33.52937316
1267.97909243697,33.11067838
1268.67862558357,32.10625026
1269.37815873016,32.67746093
1270.07769187675,32.71989566
1270.77722502334,34.07368345
1271.47675816993,36.86486518
1271.82652474323,38.63508693
1272.17629131653,35.51239682
1272.52605788982,36.025578
1272.87582446312,37.94597737
1273.22559103641,35.27972433
1273.57535760971,32.68963947
1274.2748907563,33.65054048
1274.6246573296,34.33127448
1274.97442390289,33.07736528
1275.32419047619,33.14537192
1275.67395704949,31.6529492
1276.37349019608,30.92825674
1277.07302334267,32.29345688
1277.42278991597,32.64310277
1277.77255648926,31.50425006
1278.12232306256,31.46702582
1278.47208963585,32.71060006
1278.82185620915,32.62414197
1279.17162278245,33.37891063
1279.52138935574,34.4462464
1279.87115592904,34.44167705
1280.22092250233,33.90250134
1280.57068907563,34.42336462
1280.92045564893,35.33305614
1281.27022222222,34.5236997
1281.61998879552,34.35914039
1281.96975536881,34.81017379
1282.14463865546,34.39056821
1282.31952194211,35.5181487
1282.66928851541,36.0700878
1283.0190550887,33.20426623
1283.368821662,30.47243492
1283.71858823529,33.34224095
1284.06835480859,37.90537058
1284.41812138189,37.79064948
1284.76788795518,35.51459438
1285.11765452848,32.49986133
1285.46742110177,30.11765023
1285.81718767507,30.48367188
1286.16695424837,32.63881505
1286.51672082166,33.48964586
1286.86648739496,32.1775459
1287.21625396825,30.63328095
1287.56602054155,29.94771272
1287.91578711485,31.63632327
1288.26555368814,33.23151274
1288.61532026144,34.38882063
1288.96508683473,34.18405492
1289.31485340803,32.67586211
1289.66461998133,34.15748421
1290.01438655462,34.39251171
1290.36415312792,34.39699928
1290.71391970121,34.39907362
1291.06368627451,34.42811258
1291.23856956116,33.80894128
1291.41345284781,33.51747452
1291.58833613445,33.50962257
1291.7632194211,33.42894673
1291.93810270775,34.63291162
1292.1129859944,35.3272386
1292.46275256769,34.83878009
1292.81251914099,34.36188623
1293.16228571429,35.37166849
1293.51205228758,35.42988255
1293.68693557423,34.37006618
1293.86181886088,34.80719664
1294.03670214753,35.56336008
1294.21158543417,37.06006791
1294.38646872082,38.56176396
1294.56135200747,38.80811844
1294.73623529412,38.43990411
1294.91111858077,36.59759226
1295.26088515406,35.21774385
1295.61065172736,35.27469274
1295.96041830065,35.27885126
1296.31018487395,35.26077306
1296.4850681606,36.2872027
1296.65995144725,36.18007574
1297.35948459384,33.8570081
1298.05901774043,34.38933909
1298.40878431373,33.73512045
1298.58366760037,33.37897442
1298.75855088702,36.00688019
1299.10831746032,36.07800012
1300.15761718021,34.86498253
1300.5073837535,34.12157586
1300.8571503268,32.75217213
1301.20691690009,33.34425719
1301.55668347339,33.92275593
1301.90645004669,33.50426788
1302.25621661998,33.51565823
1302.60598319328,33.55228178
1303.30551633987,33.01055074
1304.00504948646,33.51954772
1304.70458263305,33.5116721
1305.40411577965,33.54015882
1306.10364892624,33.84595038
1306.80318207283,34.43434939
1307.50271521942,35.24584163
1308.55201493931,37.30941104
1309.2515480859,37.75838225
1309.42643137255,37.02110057
1309.6013146592,37.09035896
1309.95108123249,36.75168808
1310.30084780579,34.20847319
1310.65061437908,33.31146118
1311.00038095238,35.58461341
1311.35014752568,36.13537231
1311.52503081232,35.73882751
1311.69991409897,35.23413176
1311.87479738562,35.15253475
1312.04968067227,33.73824544
1312.22456395892,33.07497613
1312.39944724556,34.38031665
1312.74921381886,33.47966442
1313.09898039216,32.09489003
1313.44874696545,32.72865167
1313.79851353875,32.65845467
1314.14828011204,31.46276024
1314.32316339869,32.00310871
1314.49804668534,33.63984197
1314.67292997199,35.3410216
1314.84781325864,36.52561778
1315.54734640523,38.89295539
1316.24687955182,38.33620573
1316.59664612512,34.80247451
1316.77152941176,33.07884004
1316.94641269841,34.26602884
1317.29617927171,35.1035487
1317.645945845,35.9209389
1317.9957124183,36.09852847
1318.3454789916,35.28262014
1318.69524556489,35.60328526
1319.04501213819,36.26852327
1319.74454528478,35.01137607
1320.09431185808,35.32216743
1320.44407843137,34.87247595
1321.14361157796,34.08399311
1322.54267787115,33.32368771
1322.89244444444,32.81238121
1323.24221101774,34.00748339
1323.94174416433,35.27330923
1324.29151073763,34.27899398
1324.64127731092,32.81819613
1325.34081045752,32.71657037
1325.69057703081,33.53257375
1326.04034360411,34.74906796
1326.3901101774,36.35958895
1326.7398767507,36.89370745
1327.089643324,37.35992212
1327.43940989729,35.75156424
1328.13894304388,34.81844788
1328.48870961718,35.24417697
1328.83847619048,36.84525486
1329.53800933707,35.99217813
1329.88777591036,34.39598945
1330.23754248366,35.48276552
1330.93707563025,36.45455143
1331.63660877684,35.63482
1332.33614192344,35.71105131
1333.03567507003,37.96887017
1333.73520821662,37.96640996
1334.43474136321,34.51851531
1335.1342745098,32.1693533
1335.8338076564,33.79533229
1336.53334080299,36.07173965
1337.23287394958,37.41666507
1337.58264052288,35.52756181
1337.93240709617,33.92436067
1338.28217366947,33.38205114
1338.63194024276,34.3105762
1338.98170681606,37.87705675
1339.33147338936,38.71594561
1339.68123996265,36.23570655
1340.03100653595,34.94219697
1340.38077310924,33.53080382
1340.73053968254,32.54487308
1341.43007282913,32.1646596
1342.12960597572,30.35586724
1342.82913912232,28.80554307
1343.17890569561,31.86544859
1343.52867226891,34.81353959
1344.2282054155,34.8389371
1344.92773856209,34.23377291
1345.62727170868,34.64663412
1347.02633800187,33.77130578
1348.42540429505,33.43498097
1349.47470401494,35.26756354
1350.17423716153,36.83794494
1350.34912044818,36.22682605
1350.52400373483,34.6660342
1350.69888702148,34.28053526
1350.87377030812,35.58940302
1351.22353688142,34.5555879
1351.57330345472,33.64311637
1351.92307002801,37.0959753000003
1352.27283660131,37.61438692
1352.44771988796,34.45409445
1352.6226031746,33.04387754
1352.9723697479,35.15680126
1353.32213632119,36.5174469299986
1354.02166946779,34.0916075
1354.72120261438,33.20863084
1355.42073576097,32.49719591
1356.12026890756,33.08358277
1356.47003548086,33.02225067
1356.81980205415,32.96611013
1357.16956862745,33.63281982
1357.51933520075,35.04411279
1357.86910177404,35.59470302
1358.21886834734,34.0044723799992
1358.56863492063,32.63954484
1358.91840149393,32.41885647
1359.26816806723,31.63187801
1359.61793464052,32.11326178
1359.96770121382,32.8844384300003
1360.31746778711,33.38064067
1360.66723436041,34.50709648
1361.01700093371,35.78322914
1361.7165340803,36.53382309
1362.06630065359,35.4340181199995
1362.41606722689,34.55433219
1362.76583380019,33.80044728
1363.11560037348,32.03795977
1363.46536694678,30.46613188
1364.16490009337,31.3667217500017
1364.86443323996,34.33327509
1365.56396638655,35.2069877
1366.26349953315,35.63184367
1366.61326610644,36.10158676
1366.96303267974,34.9026554099996
1367.31279925303,34.11827116
1367.66256582633,35.21549728
1368.36209897292,34.80586327
1368.71186554622,33.02113556
1369.06163211951,30.4579484800001
1369.41139869281,30.61476131
1369.76116526611,33.06255204
1370.1109318394,34.62967324
1370.4606984127,34.77247567
1371.16023155929,32.8431557500004
1372.20953127918,33.47516798
1373.60859757236,33.00073758
1374.30813071895,30.55422656
1375.00766386555,30.62776198
1376.40673015873,30.7073967799993
1377.80579645191,29.41965174
1379.2048627451,29.84926988
1380.60392903828,32.17867333
1380.95369561158,34.45164399
1381.30346218487,34.1876770199993
1381.65322875817,32.93490705
1382.00299533147,33.60631706
1382.35276190476,36.37501156
1382.70252847806,34.89627086
1383.05229505135,33.0140504600005
1383.40206162465,33.8717549
1383.75182819795,34.35097337
1384.10159477124,33.33359851
1384.45136134454,33.04408965
1384.80112791783,32.4935179699995
1385.15089449113,31.69294352
1385.50066106443,31.5991311
1386.20019421102,32.81252097
1386.54996078431,33.42540761
1386.89972735761,32.1063654800004
1387.5992605042,32.89309383
1388.29879365079,35.28426874
1388.64856022409,35.64415136
1388.99832679739,35.14396383
1389.34809337068,35.6287348900007
1389.69785994398,36.93972192
1390.04762651727,36.16305036
1390.39739309057,32.83191391
1390.74715966387,31.68514928
1391.09692623716,32.9314224700012
1391.44669281046,35.12231399
1391.79645938375,36.54085492
1392.14622595705,36.3301308
1392.49599253035,35.18916166
1393.19552567694,35.1635599200003
1393.89505882353,35.64824248
1394.59459197012,35.29310503
1395.29412511671,31.15475592
1395.99365826331,30.77987877
1396.6931914099,33.6750961999998
1397.39272455649,33.38379586
1398.09225770308,32.40632006
1398.79179084967,32.20631037
1399.49132399627,33.38426025
1400.19085714286,34.3924739099995
1400.89039028945,33.4563317
1401.58992343604,32.58946225
1402.28945658263,33.90923306
1402.98898972922,33.1386901
1403.68852287582,33.0051837600013
1404.38805602241,35.3110197
1405.087589169,33.96993487
1405.78712231559,32.98955862
1406.48665546219,34.8820366
1407.18618860878,37.09303777
1407.88572175537,37.15365099
1408.23548832867,35.55616589
1408.58525490196,34.79439278
1408.93502147526,34.22067692
1409.28478804855,35.6336903000008
1409.63455462185,37.12317813
1409.98432119514,37.36843074
1411.38338748833,35.36786004
1412.78245378151,33.43913969
1414.1815200747,32.3543757600003
1415.58058636788,32.80769563
1416.97965266106,34.31274019
1418.37871895425,33.66700125
1419.77778524743,32.08851672
1420.47731839402,30.7378181100001
1421.17685154062,30.87386196
1422.5759178338,32.41003516
1425.02428384687,37.95172733
1425.37405042017,40.21821769
1425.72381699346,37.5351714099981
1426.07358356676,34.26458545
1426.77311671335,34.5848992
1427.12288328665,35.99670794
1427.47264985994,36.41418317
1428.17218300654,36.8915757999993
1428.52194957983,35.64542529
1429.22148272642,35.51600325
1429.57124929972,35.02335701
1429.92101587302,32.01716828
1430.62054901961,30.7898738500012
1431.3200821662,32.83893888
1432.01961531279,34.64004778
1433.76844817927,35.07080993
1436.21681419234,34.34599117
1437.61588048553,35.6772398300002
1439.01494677871,36.08187219
1440.4140130719,36.0640085
1441.11354621849,35.8740073
1441.46331279178,32.52279672
1441.63819607843,29.4786631600012
1441.81307936508,31.62619571
1442.16284593838,35.93131752
1442.51261251167,36.12300114
1442.86237908497,34.25576193
1443.21214565826,35.4875427100015
1443.91167880486,38.2118436
1444.61121195145,37.11962748
1445.31074509804,36.45571289
1446.01027824463,36.98432922
1446.70981139122,37.4362624799997
1447.40934453782,36.8884995
1448.10887768441,37.63503633
1448.808410831,37.22529048
1449.50794397759,36.07488468
1450.20747712418,37.2011074000003
1450.90701027077,37.6810661
1451.60654341737,36.21092885
1452.30607656396,34.655453
1453.00560971055,32.64551768
1453.70514285714,32.0591191600003
1454.40467600373,32.5779854
1455.45397572362,33.25086549
1456.85304201681,36.63366644
1458.25210830999,39.1032268
1459.65117460317,38.0465253699976
1461.05024089636,33.82927749
1462.44930718954,33.18703853
1463.84837348273,35.62039393
1464.89767320261,36.08564973
1465.59720634921,36.1122204199996
1465.9469729225,35.47155186
1466.64650606909,34.68273839
1467.34603921569,34.69393841
1468.04557236228,36.5734549
1468.39533893557,38.2625465400005
1468.74510550887,39.08160866
1469.09487208217,38.73468499
1469.44463865546,39.18697501
1470.14417180205,38.19451041
1470.84370494865,36.7201728799999
1471.54323809524,36.60412829
1472.24277124183,36.52658151
1472.59253781513,34.58332235
1472.94230438842,34.0030015
1473.11718767507,36.123515840001
1473.29207096172,37.93050337
1473.46695424837,37.50454887
1473.64183753501,35.11801101
1473.99160410831,33.47071226
1474.34137068161,31.9780063599996
1475.0409038282,31.2465082
1476.43997012138,33.21704534
1478.53856956116,35.38645497
1481.33670214753,35.28942464
1484.13483473389,31.9648044800001
1486.93296732026,32.10827542
1488.33203361345,33.36561142
1489.73109990663,34.192709
1491.13016619981,33.67919742
1492.529232493,34.0552041500014
1493.92829878618,36.46567168
1495.32736507936,37.02428882
1496.72643137255,35.22384902
1497.42596451914,32.44464844
1498.12549766573,29.9144139100007
1498.82503081233,31.07859571
1499.52456395892,33.82508725
1500.22409710551,33.70944097
1501.62316339869,31.88216273
1502.32269654528,30.8016532500004
1503.02222969188,31.47475446
1503.72176283847,32.38626563
1505.12082913165,32.58469928
1506.51989542484,32.12689934
1507.91896171802,32.5779396799994
1509.3180280112,31.53749294
1510.7667740113,30.21767172
1512.21705649718,31.47653782
1513.66733898305,33.02513443
1515.11762146893,32.2086765999997
1516.5679039548,31.75442368
1518.01818644068,32.65714857
1519.46846892655,32.51279795
1522.36903389831,31.67561192
1525.26959887006,32.494191
1526.71988135593,32.55454929
1528.17016384181,32.63686421
1529.62044632768,33.96904743
1530.34558757062,33.94538391
1531.07072881356,32.6016825800005
1532.52101129944,33.40932797
1533.97129378531,35.09017353
1534.69643502825,36.4888162
1536.14671751412,35.3201588
1536.87185875706,33.7358009400004
1539.77242372881,34.50626981
1544.12327118644,34.62116701
1547.02383615819,33.44331052
1549.92440112994,32.73777071
1552.82496610169,30.87451795
1558.6260960452,30.80179479
1564.4272259887,30.81085833
1570.2283559322,32.42268818
1576.02948587571,34.80893913
1578.93005084746,36.2085575299993
1581.83061581921,34.98460966
1584.73118079096,32.96378163
1587.72944955926,32.95566579
1590.0733281097,34.50288941
1591.63591380999,34.59180585
1593.19849951028,34.50729994
1594.76108521058,36.49293074
1596.32367091087,36.83169475
1597.88625661117,34.60374984
1599.44884231146,34.3005077900003
1601.7927208619,34.78318354
1604.91789226249,34.74819084
1608.04306366308,34.4764273
1611.16823506366,33.709429
1614.29340646425,32.3872346399999
1617.41857786484,32.14082224
1620.54374926543,33.71624733
1623.66892066601,36.28086535
1626.7940920666,38.45769055
1629.91926346719,36.6386795199982
1633.04443486778,33.46370887
1639.29477766895,33.31118382
1642.41994906954,34.13996944
1648.67029187072,34.19390061
1651.7954632713,33.3786534699996
1654.92063467189,32.63736294
1658.04580607248,30.60677884
1664.29614887365,29.33875875
1667.76579427688,30.65651378
1671.73114617169,33.5121946800011
1673.7138221191,35.5145366
1677.67917401392,36.07347593
1681.64452590874,36.88947497
1683.62720185615,37.27057876
1685.60987780356,35.6527316099999
1687.59255375097,35.45749331
1689.57522969838,36.80128342
1693.54058159319,37.6424041
1697.50593348801,39.20574617
1701.47128538283,38.4123051099985
1705.43663727765,35.81717519
1709.40198917247,35.01874916
1713.36734106729,33.60300825
1715.3500170147,33.01149587
1717.3326929621,33.7901914100002
1719.31536890951,34.13580297
1721.29804485692,32.61366179
1723.28072080433,31.65319608
1723.77638979118,31.67666987
1724.27205877804,31.9527177300008
1724.76772776489,33.30874986
1725.26339675174,34.39765684
1725.75906573859,36.5869653
1726.25473472545,36.57624681
1726.7504037123,34.4078001299991
1727.24607269915,32.87332378
1728.23741067285,34.05670446
1729.22874864656,34.3105599
1729.72441763341,34.67105186
1730.22008662026,35.5018744900001
1730.71575560712,35.62689022
1731.21142459397,35.64861524
1733.19410054138,35.2069678
1735.17677648879,34.13605726
1737.15945243619,31.7832088699995
1739.1421283836,30.96609403
1740.13346635731,33.13160015
1741.12480433101,33.92332236
1741.62047331787,32.54646153
1742.11614230472,33.8281857200012
1743.10748027842,35.85423084
1744.09881825213,36.0879881
1745.09015622583,36.50047344
1746.08149419954,37.07910073
1747.07283217324,35.8526236399996
1747.56850116009,35.1640545
1748.5598391338,35.19377824
1749.05550812065,34.87424156
1749.5511771075,33.92540491
1750.04684609435,31.8695285499999
1751.03818406806,31.69930462
1751.53385305491,32.90811333
1752.02952204176,34.62461151
1752.52519102862,33.43280545
1753.02086001547,31.9866482599993
1753.51652900232,30.7588386
1754.01219798917,30.70898102
1755.00353596288,31.77220627
1755.99487393658,32.58591264
1756.98621191029,32.5993710200007
1758.9688878577,33.84352797
1760.9515638051,34.43957438
1762.93423975251,34.2988542
1763.92557772622,34.95213371
1764.91691569992,34.6591090799993
1766.89959164733,33.44963129
1768.88226759474,33.19919673
1769.87360556845,31.70765342
1770.86494354215,30.25008951
1771.85628151586,31.2787674900007
1772.84761948956,32.49006396
1774.83029543697,33.25618981
1776.81297138438,33.90392251
1777.80430935808,33.81977362
1778.79564733179,33.4178861600006
1780.7783232792,34.41228846
1781.7696612529,32.67019969
1782.7609992266,31.58377005
1786.72635112142,33.14938286
1788.70902706883,35.9149889300016
1789.70036504254,38.65518594
1790.69170301624,39.40666577
1791.68304098995,38.42924958
1792.67437896365,36.48301087
1793.66571693736,34.8617227999992
1794.81988653234,33.53565301
1797.76039554613,31.79664813
1800.70090455992,30.29813656
1802.17115906681,30.35874498
1803.6414135737,30.70354025
1805.11166808059,30.78242638
1806.58192258749,30.77604167
1808.05217709438,31.3164822
1809.52243160127,32.93211995
1810.99268610817,32.3807727699994
1812.46294061506,31.28656286
1813.93319512195,30.32509114
1815.40344962884,30.83362515
1816.87370413574,33.22503247
1818.34395864263,34.3839240100001
1819.81421314952,34.54380671
1821.28446765642,33.67975391
1822.75472216331,32.56140379
1824.2249766702,32.58172203
1825.69523117709,31.6361781399995
1827.16548568399,30.74739521
1828.63574019088,31.29410002
1830.10599469777,31.70178103
1831.57624920466,30.95604593
1833.04650371156,30.6091382100012
1834.51675821845,32.75013512
1835.98701272534,32.98495657
1837.45726723224,32.19301847
1838.92752173913,31.57376126
1840.39777624602,32.9491876600006
1841.86803075292,33.9380261
1843.33828525981,32.60033595
1844.8085397667,31.61165527
1846.27879427359,32.32577127
1847.74904878049,33.7723460800003
1849.21930328738,34.27375217
1850.68955779427,33.18763522
1852.15981230117,29.58277507
1853.63006680806,29.82252133
1855.10032131495,31.4670717400006
1856.57057582184,32.56116657
1858.04083032874,32.54267855
1859.51108483563,32.26556765
1860.98133934252,33.0740884
1862.45159384942,34.3151524799988
1863.92184835631,32.17614985
1865.3921028632,30.38698077
1866.12723011665,31.45113358
1866.8623573701,32.8522576
1867.59748462354,31.1821776500007
1868.33261187699,32.3675113
1869.06773913043,34.79955245
1869.80286638388,33.45975086
1870.53799363733,32.02799991
1871.27312089077,32.5731141900004
1872.74337539767,33.32919425
1873.47850265111,34.86522732
1874.21362990456,35.3898332
1874.94875715801,33.71551901
1875.31632078473,32.5560959800006
1875.68388441145,33.66380948
1876.4190116649,34.16953209
1876.78657529162,32.68939729
1877.15413891835,31.66413602
1877.88926617179,31.6453005200001
1878.62439342524,31.82171925
1879.35952067869,31.48010799
1879.72708430541,31.16895017
1880.09464793213,30.82528061
1880.46221155886,32.8807153700003
1880.82977518558,33.46016863
1881.1973388123,33.43884818
1881.56490243902,33.44396127
1882.30002969247,33.02211227
1882.6675933192,31.73528526
1883.03515694592,31.76811933
1883.40272057264,30.64279934
1883.77028419936,28.86631468
1884.13784782609,27.6381938
1884.50541145281,29.9792724700009
1885.24053870626,31.60216612
1885.9756659597,33.77323613
1887.4459204666,36.1219324
1888.91617497349,36.02145558
1890.38642948038,31.5599836899987
1891.85668398727,29.1991712
1893.32693849417,29.64821279
1894.06206574761,32.5000946
1894.79719300106,33.45363698
1896.26744750795,33.2508552699996
1897.73770201485,32.57719549
1899.20795652174,33.86686248
1900.67821102863,31.83450005
1902.14846553552,30.43840499
1903.61872004242,33.248903360001
1905.08897454931,34.92293419
1906.5592290562,34.72647247
1908.0294835631,33.18087318
1909.49973806999,32.51910018
1910.96999257688,30.8290615299998
1912.44024708378,30.49830637
1913.91050159067,31.5894056
1915.38075609756,31.89536587
1918.32126511135,31.35007551
1921.26177412513,31.89615847
1924.20228313892,31.86275013
1927.1427921527,31.87535696
1930.08330116649,32.68968147
1933.02381018028,33.71008188
1935.96431919406,36.0721782700007
1938.90482820785,37.33204356
1941.84533722163,35.77975424
1944.78584623542,32.1638185
1947.7263552492,30.33518479
1950.66686426299,32.4409908400007
1953.60737327678,33.65247178
1956.54788229056,33.19402527
1959.48839130435,33.28870356
1962.42890031813,31.11106854
1968.30991834571,29.7096659000019
1974.19093637328,32.9727977
1975.66119088017,35.3750471
1977.13144538706,34.91401947
1978.60169989396,34.99350495
1980.07195440085,33.6381926399985
1980.8070816543,30.91365997
1981.54220890774,30.35784426
1983.01246341463,32.3151271
1985.95297242842,31.13780942
1988.89348144221,30.9696833
1991.83399045599,30.9719379
1993.30424496288,30.15380496
1994.77449946978,30.26285313
1997.71500848356,31.63449373
2000.65551749735,31.8414329900002
2003.59602651113,32.24806504
2006.53653552492,32.46147707
2009.47704453871,31.56027408
2012.41755355249,31.91260984
2015.35806256628,31.8670982599995
2016.82831707317,31.06406162
2017.56344432662,30.9547499
2018.29857158006,31.67779497
2019.76882608696,31.29421311
2021.23908059385,30.9747397100012
2022.70933510074,33.12180673
2024.17958960764,32.52613798
2025.64984411453,31.44095204
2027.12009862142,32.30485054
2028.59035312831,32.7089575400004
2030.06060763521,33.46073338
2031.5308621421,34.80585816
2033.00111664899,34.82981449
2034.47137115589,34.54670592
2035.94162566278,34.9335644500003
2037.41188016967,35.42849682
2038.88213467656,35.41895934
2040.35238918346,34.74580035
2041.0875164369,33.61888081
2041.82264369035,33.6198731199999
2042.5577709438,33.41816139
2043.29289819724,31.89564918
2044.76315270414,31.52066904
2046.23340721103,33.57289668
2047.70366171792,34.6310996599997
2049.17391622481,34.02873578
2049.90904347826,33.54242118
2050.64417073171,32.69751526
2051.37929798515,33.57740287
2052.84955249205,32.5883559899993
2055.05493425239,31.38522135
2056.52518875928,34.73314225
2057.26031601273,37.16409422
2057.99544326617,36.31468908
2058.73057051962,36.28658596
2059.46569777307,36.30806198
2060.20082502651,35.72853902
2060.93595227996,34.95708877
2061.6710795334,32.55984789
2062.40620678685,31.2753471400007
2065.34671580064,32.55053617
2066.81697030753,32.17604983
2068.28722481442,30.98386833
2069.75747932132,31.24205109
2070.49260657476,32.9308938300013
2071.22773382821,35.26434556
2072.04390854871,35.75347059
2072.94788469185,32.16114181
2073.85186083499,28.83204593
2074.75583697813,30.0251364100012
2076.56378926441,32.11600192
2077.46776540755,33.18723426
2078.3717415507,34.00110924
2079.27571769384,33.82246108
2080.17969383698,32.9723449000002
2081.08366998012,33.35027764
2081.98764612326,33.65524253
2082.43963419483,33.13467655
2082.8916222664,33.91256881
2083.34361033797,34.1846202100002
2083.79559840954,34.50779516
2084.69957455268,34.12848029
2085.60355069583,33.61740404
2086.50752683897,33.91896824
2087.41150298211,36.1098052200006
2091.02740755467,37.16769245
2094.64331212724,37.47430384
2098.2592166998,38.61586491
2101.87512127237,37.07321099
2105.49102584493,35.2919377399996
2109.1069304175,34.5146884
2114.53078727634,34.80415559
2121.76259642147,36.38506724
2125.37850099404,36.48210636
2132.61031013916,34.8746403499996
2136.22621471173,34.10577887
2138.03416699801,33.33243788
2139.84211928429,32.87884891
2143.45802385686,33.69956841
2145.26597614314,35.4859418100012
2146.16995228628,37.52835649
2147.07392842942,37.28193275
2147.97790457257,33.68679811
2148.88188071571,36.2700792
2150.68983300199,38.0473311999994
2152.49778528827,36.94681054
2156.11368986084,34.66278672
2157.92164214712,36.39802301
2159.7295944334,37.54457521
2161.53754671968,35.4872913299992
2162.44152286282,34.01687417
2163.23914285714,34.2976613
2164.80537662338,34.61049399
2167.93784415584,34.93063585
2171.07031168831,33.7077673100002
2174.20277922078,34.13932607
2177.33524675325,36.47874177
2180.46771428572,37.48982007
2183.60018181818,35.35427394
2186.73264935065,32.4510191300001
2189.86511688312,32.58320016
2192.99758441558,32.6280792
2196.13005194805,31.28592062
2199.26251948052,33.52935813
2202.39498701299,37.6320026099999
2205.52745454546,37.44959806
2211.79238961039,34.62962124
2216.49109090909,35.5555862
2219.62355844156,38.80163326
2222.75602597403,38.9752819599976
2224.32225974026,34.69338085
2225.88849350649,32.33486822
2227.45472727273,35.05060944
2229.02096103896,36.73323372
2230.58719480519,35.6436374799994
2232.15342857143,34.62342883
2233.71966233766,35.99662225
2235.2858961039,35.836154
2236.85212987013,36.30212394
2239.9845974026,36.1464206099988
2243.11706493507,34.11224555
2246.24953246753,33.72645244
2249.382,34.51095431
2252.51446753247,35.76762119
2255.64693506494,39.2448091300008
2258.7794025974,40.70936648
2260.34563636364,39.33586475
2261.91187012987,37.84807653
2263.4781038961,35.1284901
2266.61057142857,34.9187016500003
2269.74303896104,35.38828629
2272.87550649351,34.05941213
2273.65862337662,33.58213273
2274.44174025974,34.32975331
2275.22485714286,35.1072235700004
2276.00797402597,35.85861154
2276.79109090909,35.84454255
2277.57420779221,35.02842256
2278.35732467532,34.96473088
2279.14044155844,35.0032331299994
2279.92355844156,33.99369742
2280.70667532468,33.26776393
2282.27290909091,32.22822038
2283.78080184332,32.14020811
2285.21444239631,34.3928996100021
2286.64808294931,38.12093944
2288.08172350231,39.51166458
2288.7985437788,36.46926162
2289.5153640553,35.17696822
2290.94900460829,36.9393547400009
2293.81628571429,38.5042134
2296.68356682028,35.79100567
2298.11720737327,33.41412766
2299.55084792627,34.3979802
2300.98448847926,35.9469184000007
2302.41812903226,37.15499886
2303.85176958525,36.04204114
2305.28541013825,35.75845732
2306.71905069124,33.79488792
2308.15269124424,31.7660395699993
2309.58633179724,30.44752521
2311.01997235023,32.1962382
2312.45361290323,34.13719486
2313.88725345622,34.5565992
2315.32089400922,34.5067922600006
2316.03771428571,35.61772523
2316.75453456221,36.88014897
2317.47135483871,35.78739056
2317.65055990784,35.4010827
2317.82976497696,35.8728655199993
2318.00897004608,34.56564424
2318.18817511521,34.49016088
2318.36738018433,35.20125607
2318.54658525346,36.29438848
2318.72579032258,35.8864171799992
2318.90499539171,34.50998548
2319.08420046083,33.53534135
2319.26340552995,31.67501278
2319.44261059908,30.96388252
2319.6218156682,31.2794849100008
2320.3386359447,32.63941778
2321.0554562212,32.83240627
2321.7722764977,34.21249538
2322.48909677419,35.80996578
2323.20591705069,35.48368335
2323.56432718894,35.4278841
2323.92273732719,34.68348284
2324.28114746544,33.61998724
2324.63955760369,33.21176297
2325.35637788019,32.88338381
2326.07319815668,32.83481404
2326.79001843318,31.75346491
2327.50683870968,32.32268418
2328.22365898618,33.97804932
2328.94047926267,34.175408689999
2329.65729953917,32.36092824
2330.37411981567,33.34734473
2331.09094009217,34.95521531
2331.80776036866,32.8679752
2332.52458064516,31.9857938300003
2333.24140092166,32.50905252
2333.95822119816,32.18564884
2334.31663133641,31.00226418
2334.67504147465,30.43232258
2335.39186175115,31.8953976900005
2335.7502718894,32.85569455
2336.10868202765,33.66014449
2336.4670921659,33.70210918
2336.82550230415,32.61914168
2337.1839124424,31.82945822
2337.54232258065,31.8522295
2338.25914285714,31.85364064
2339.69278341014,31.84806192
2341.12642396313,31.67607527
2342.56006451613,30.3079926399995
2343.27688479263,29.50013582
2343.99370506913,27.02268152
2345.42734562212,28.29253055
2346.86098617512,31.92397669
2348.29462672811,34.0659666399995
2349.72826728111,33.12462117
2351.1619078341,31.51482692
2352.5955483871,29.84810195
2354.02918894009,30.64169248
2355.46282949309,33.0840412500008
2356.89647004608,34.51375825
2358.33011059908,33.80228761
2359.76375115207,31.88602695
2361.19739170507,31.73431015
2362.63103225806,32.7649231999997
2364.06467281106,32.3248688
2365.49831336406,31.05398014
2366.93195391705,30.23998169
2368.36559447005,29.98711432
2369.79923502304,29.1510596299997
2371.23287557604,28.68582884
2372.66651612903,32.34122903
2374.10015668203,34.75741361
2375.53379723502,32.37888018
2377.10329813665,30.49160284
2378.93652795031,30.43342103
2380.76975776398,31.25826619
2382.60298757764,31.11115462
2384.43621739131,29.46226773
2386.26944720497,28.3143925700006
2388.10267701863,29.4257329
2389.9359068323,30.84995685
2391.76913664596,31.05701945
2393.60236645963,32.44716568
2395.43559627329,32.7946911299988
2397.26882608696,30.63664779
2399.10205590062,28.71855717
2400.93528571429,28.34667934
2404.60174534162,29.209544
2408.26820496894,29.2192493499995
2411.93466459627,28.42618499
2415.6011242236,28.3678183
2419.26758385093,30.82343006
2422.93404347826,31.85587602
2426.60050310559,31.5494587999992
2430.26696273292,30.20264785
2433.93342236025,30.21057275
2437.59988198758,30.99641309
2441.26634161491,30.95722703
2444.93280124224,31.7450087300005
2448.59926086957,32.5875739
2452.26572049689,32.02473635
2455.93218012422,30.96284119
2459.59863975155,30.58763579
2463.26509937888,29.7899203399996
2466.93155900621,29.00325119
2470.59801863354,28.2625811
2474.26447826087,28.77292618
2477.9309378882,29.54755637
2479.76416770186,29.9975973500011
2481.59739751553,31.9381178
2482.51401242236,34.83190547
2483.43062732919,35.42996574
2484.34724223603,33.9486476
2485.26385714286,35.5815329799994
2486.18047204969,34.53259355
2487.09708695652,31.63564483
2488.93031677019,30.89844344
2490.76354658385,31.38184259
2492.59677639752,31.89828878
2494.43000621118,31.83580896
2495.34662111801,32.32190689
2496.26323602485,33.1712373
2498.09646583851,32.73013229
2499.92969565217,32.0593909599999
2501.76292546584,31.81407852
2503.5961552795,30.53287953
2505.42938509317,29.55185667
2507.26261490683,31.21169485
2509.0958447205,34.0921503699999
2510.92907453416,33.93397239
2514.59553416149,33.13832537
2518.26199378882,34.16601674
2520.09522360249,32.31031592
2521.92845341615,30.662365890001
2523.76168322981,32.35399727
2525.59491304348,32.36977937
2529.26137267081,31.53403633
2532.92783229814,31.51055832
2536.59429192547,33.4583263400003
2540.2607515528,34.05682203
2543.92721118012,32.39987666
2547.59367080745,32.25215193
2549.42690062112,33.728712
2551.26013043478,35.02889593
2553.09336024845,34.98907352
2555.05524454829,33.73011282
2557.0623317757,33.21645761
2559.06941900312,31.99172085
2561.07650623053,30.4266046199993
2563.08359345794,29.2388067
2565.09068068536,28.42680428
2567.09776791277,28.48202245
2569.10485514019,29.209037
2571.1119423676,29.6560207000009
2575.12611682243,31.21071027
2579.14029127726,31.96749654
2583.15446573209,31.00831051
2587.16864018692,31.88180555
2591.18281464175,31.4317056699987
2595.19698909657,29.08971257
2597.20407632399,27.46023434
2599.2111635514,29.5553764
2601.21825077882,30.4950829
2603.22533800623,30.4593038700009
2605.23242523365,32.05797898
2607.23951246106,32.72107638
2609.24659968847,33.23045267
2611.25368691589,32.65672979
2613.2607741433,29.8000187599992
2615.26786137072,28.42398119
2617.27494859813,28.48409719
2618.27849221184,29.36967114
2619.28203582555,30.52687003
2621.28912305296,29.8325931499996
2622.29266666667,29.1608727
2623.29621028037,30.0349891
2625.30329750779,32.36364314
2626.3068411215,32.31393379
2627.3103847352,30.6211299900008
2628.31392834891,31.97527643
2629.31747196262,32.30598039
2630.32101557633,31.82396464
2631.32455919003,30.2313579
2631.82633099689,29.8190806100012
2632.32810280374,31.88692392
2632.82987461059,32.76736609
2633.33164641745,32.74029362
2633.8334182243,32.39627109
2634.33519003115,31.6618693599994
2634.83696183801,30.61743465
2635.33873364486,31.03808791
2635.84050545171,30.57750974
2636.34227725857,28.51216667
2636.84404906542,28.2874390200006
2637.34582087227,29.30112207
2637.84759267913,30.63118301
2638.34936448598,32.19836802
2638.85113629284,33.27386172
2639.35290809969,32.68875
2639.85467990654,32.65345378
2640.3564517134,31.83034693
2640.85822352025,31.37099077
2641.3599953271,32.10245871
2641.86176713396,33.6109846800002
2642.36353894081,34.01140648
2642.86531074766,32.74805879
2643.36708255452,31.68845291
2643.86885436137,29.92046176
2644.37062616822,31.4286655400011
2644.87239797508,33.27821545
2645.37416978193,33.21082512
2645.87594158879,33.24031688
2646.37771339564,31.44354809
2646.87948520249,28.9501618900004
2647.38125700935,29.71485659
2648.38480062305,31.30048964
2649.38834423676,31.81450235
2650.39188785047,32.18140463
2651.39543146418,31.2545471999991
2652.39897507788,29.63446406
2653.40251869159,29.2371336
2654.4060623053,29.07388986
2655.409605919,32.86735799
2656.41314953271,36.4644456899992
2657.41669314642,35.0753895
2658.42023676013,31.69872996
2659.42378037383,30.25492709
2660.42732398754,29.39038041
2661.43086760125,28.3225307300007
2662.43441121495,29.51212343
2663.43795482866,31.6955507
2664.44149844237,31.02879596
2665.44504205607,29.53827827
2666.44858566978,30.5588745300009
2667.45212928349,32.13021136
2668.4556728972,33.50876854
2669.45921651091,33.50302835
2670.46276012461,32.09737571
2671.46630373832,31.819103850001
2672.46984735202,33.53120645
2673.47339096573,33.68562128
2674.47693457944,31.99156685
2675.48047819315,30.95284491
2676.48402180685,30.9755137700002
2677.48756542056,31.27891554
2678.49110903427,31.20462568
2679.49465264798,30.26138987
2680.49819626168,30.11389613
2681.50173987539,31.3047961599999
2682.5052834891,31.14684834
2683.5088271028,30.42989917
2684.51237071651,31.62052574
2685.51591433022,32.73719526
2686.51945794393,32.4305635699991
2687.52300155763,30.79211057
2688.52654517134,31.1802789
2689.53008878505,31.39094523
2690.53363239876,29.72223681
2691.53717601246,29.5248616500001
2692.54071962617,29.63683122
2693.54426323988,29.72097961
2694.54780685358,31.07291789
2695.55135046729,32.72389638
2696.554894081,32.7453977700001
2697.55843769471,32.89434481
2698.56198130841,33.70106306
2699.56552492212,34.96316641
2700.56906853583,33.61230578
2701.57261214953,29.9948044100003
2702.57615576324,30.58644295
2703.57969937695,31.79767793
2704.58324299066,31.4282863
2705.58678660436,30.17140502
2706.59033021807,29.5420203600008
2707.59387383178,30.9339336
2708.59741744548,32.75191795
2709.60096105919,31.49785415
2710.6045046729,31.17678734
2711.60804828661,32.4890451100007
2713.61513551402,33.67629468
2714.61867912773,34.07207642
2715.62222274143,34.79443168
2716.62576635514,35.60023657
2717.62930996885,36.8596770699993
2718.63285358256,35.62665677
2719.63639719626,34.94874788
2720.63994080997,35.02103179
2721.64348442368,33.74508563
2723.65057165109,33.7564396100001
2725.65765887851,33.99888972
2727.66474610592,32.306788
2731.67892056075,33.93779874
2735.69309501558,35.84049374
2739.70726947041,33.9489610399992
2743.72144392523,32.55063198
2747.73561838006,33.41766236
2751.74979283489,33.78359341
2755.76396728972,32.39322476
2759.77814174455,31.6460961300003
2763.79231619938,32.15347166
2767.80649065421,32.45284268
2769.81357788162,34.08751849
2771.82066510904,33.57995313
2772.82420872274,32.9857855299999
2773.82775233645,32.81138607
2774.83129595016,31.17643841
2775.83483956386,32.31985402
2776.83838317757,34.75695205
2777.84192679128,34.7254596899983
2778.84547040499,31.79871206
2779.84901401869,30.37767444
2780.8525576324,31.15402782
2781.85610124611,33.56265024
2782.85964485981,34.8338121499996
2783.86318847352,34.11553617
2784.86673208723,33.99075766
2785.87027570094,32.66617469
2786.87381931464,30.21648409
2787.87736292835,32.5515427400013
2788.3791347352,34.89497344
2788.88090654206,34.04893172
2789.38267834891,34.89092365
2789.88445015576,35.63582108
2790.38622196262,33.9660197699993
2790.88799376947,32.68829192
2791.38976557633,32.04565828
2791.89153738318,32.03713833
2792.39330919003,30.36941499
2792.89508099689,30.739457560001
2793.39685280374,32.42766653
2793.89862461059,34.85082586
2794.40039641745,34.51611329
2794.9021682243,33.49316462
2795.40394003115,32.9229709099995
2795.90571183801,32.13913952
2796.40748364486,31.12570628
2796.90925545171,30.45808932
2797.41102725857,29.35150381
2797.91279906542,30.5278996500006
2798.41457087228,31.65336195
2798.91634267913,32.25852934
2799.41811448598,33.93447967
2799.91988629284,34.02088677
2800.92342990654,32.7630515199985
2801.92697352025,30.20085893
2802.93051713396,29.25733343
2803.93406074766,30.70537093
2804.93760436137,32.16368748
2805.94114797508,32.1114388199994
2806.94469158879,31.05392707
2807.94823520249,29.15429189
2808.9517788162,28.03281792
2809.95532242991,31.20422804
2810.95886604361,32.4640083799992
2812.30847807395,31.1260494600008
2813.82094582975,31.16061894
2815.33341358556,32.46852854
2816.84588134136,33.44704947
2818.35834909716,32.9162810199991
2819.87081685297,31.3409976500009
2821.38328460877,30.68673014
2822.89575236458,31.47342945
2824.40822012038,33.46229661
2825.92068787618,33.1274743799998
2827.43315563199,32.8340562600002
2828.94562338779,33.11747694
2830.45809114359,34.73955448
2831.9705588994,35.68571536
2833.4830266552,34.6844757799993
2834.99549441101,33.4911769600007
2835.75172828891,32.1945883
2836.12984522786,32.32147826
2836.50796216681,31.97503181
2836.88607910576,30.7602934500001
2837.26419604471,30.9244482199999
2838.02042992261,32.35627823
2838.77666380052,34.41415844
2839.53289767842,35.16512695
2841.04536543422,32.5911993800006
2842.55783319003,33.7295602099994
2844.07030094583,34.90364388
2845.58276870164,34.15406397
2847.09523645744,32.68335123
2848.60770421324,32.1308629600005
2850.12017196905,33.0732504999995
2851.63263972485,33.17917939
2853.14510748066,34.62452652
2854.65757523646,37.0746939
2856.17004299226,36.8122108999973
2857.68251074807,31.9902259700027
2859.19497850387,30.78776435
2860.70744625967,33.2288205
2862.21991401548,35.05912628
2863.73238177128,36.7769781299995
2865.24484952709,35.8380355200005
2866.75731728289,34.18148244
2868.26978503869,33.94473122
2869.7822527945,33.8960189
2871.2947205503,32.2102259799999
2872.80718830611,32.0844475000001
2874.31965606191,32.68839818
2875.83212381772,33.44987731
2877.34459157352,34.81259226
2878.85705932932,34.1699928799999
2880.36952708513,33.9509876300001
2881.88199484093,35.59721689
2883.39446259673,35.61108983
2884.90693035254,33.65019609
2886.41939810834,32.11194185
2887.93186586415,32.14036646
2889.44433361995,32.45530187
2890.95680137575,32.91415189
2891.71303525365,32.01649457
2892.46926913155,33.1616447699997
2893.22550300946,32.6549224000003
2893.98173688736,33.02434933
2895.49420464317,33.99459001
2897.00667239897,33.94610024
2898.51914015477,33.94330712
2900.03160791058,33.90210845
2901.54407566638,34.15694791
2903.05654342219,33.97704765
2904.56901117799,33.46062161
2906.08147893379,33.00259588
2907.5939466896,33.02060392
2909.1064144454,33.01044643
2910.6188822012,33.03958722
2912.13134995701,32.28310496
2913.64381771281,31.6568337000011
2915.15628546862,33.5372679099989
2916.66875322442,33.94489245
2918.18122098022,33.95177898
2919.69368873603,33.22278633
2921.20615649183,31.267766819999
2922.71862424763,29.473890970001
2924.23109200344,29.04498439
2925.74355975924,31.79490616
2927.25602751505,33.06082581
2928.76849527085,33.0881385900014
2930.28096302666,35.5494963899986
2931.79343078246,36.20557686
2933.30589853826,36.96751781
2934.81836629407,37.402515
2936.33083404987,35.1850282899994
2937.84330180568,34.0463451900006
2939.35576956148,32.73682286
2940.86823731728,32.06362436
2942.38070507309,32.10431697
2943.89317282889,32.3181028100012
2945.4056405847,34.4310807199988
2946.9181083405,34.81980254
2948.4305760963,33.608457
2949.94304385211,33.00096404
2950.69927773001,33.0391349599997
2951.45551160791,32.5607532100003
2952.96797936371,32.10509362
2954.48044711952,32.45510284
2955.99291487532,33.52222432
2956.74914875322,34.7727889299999
2957.50538263113,34.6502444300001
2958.26161650903,33.32908497
2959.01785038693,32.09090706
2959.77408426483,32.01347448
2960.53031814273,34.2015809500006
2961.28655202064,35.2966172799994
2962.04278589854,33.66529728
2962.79901977644,31.24045207
2963.55525365434,31.30806463
2964.31148753225,32.1370196400009
2965.06772141015,33.7996160499991
2965.82395528805,33.93147807
2966.58018916595,33.2275668
2968.09265692175,31.63986299
2969.60512467756,32.6538783300008
2971.11759243336,34.0346470699992
2972.63006018917,33.42405711
2974.14252794497,33.76536328
2974.89876182287,33.90618519
2975.65499570078,33.9040863900005
2976.41122957868,34.7915344999995
2977.16746345658,35.58567083
2978.67993121238,34.12060439
2979.43616509029,34.45311291
2980.19239896819,34.9497342699995
2980.94863284609,33.9897458800005
2981.70486672399,32.37253472
2982.46110060189,31.20037219
2983.21733447979,30.8310976
2984.7298022356,32.5449374300016
2986.2422699914,35.4049263299984
2987.75473774721,35.83684145
2989.26720550301,34.47086208
2990.77967325881,34.99238479
2992.29214101462,35.77145103
2993.04837489252,35.79352894
2993.42649183147,36.18462076
2993.80460877042,36.11376403
2995.31707652623,34.06598111
2996.07331040413,32.6846965999994
2996.82954428203,31.5799864300006
2998.34201203783,30.2668961
2999.85447979364,32.23604107
3001.36694754944,33.77880809
3002.12318142734,33.3490119399989
3002.87941530525,31.3303874200011
3004.39188306105,30.18674026
3005.14811693895,30.96656897
3005.90435081685,33.08005568
3006.66058469476,33.9681513
3007.41681857266,33.93820055
3008.17305245056,33.91036142
3008.92928632846,32.21921507
3009.68552020636,29.45987944
3010.44175408427,29.1988360100023
3011.19798796217,33.1630324399977
3011.95422184007,35.84826802
3012.71045571797,38.38252711
3013.46668959587,38.84563867
3014.22292347377,36.3582164899979
3014.97915735168,32.6060284700021
3015.73539122958,31.80408451
3016.49162510748,32.11926388
3017.24785898538,32.98465333
3018.00409286329,33.4043880900008
3018.76032674119,34.8814529299992
3019.51656061909,33.06660252
3020.27279449699,32.06525456
3021.02902837489,32.12825127
3021.7852622528,32.219301690001
3022.5414961307,33.889096799999
3023.2977300086,32.93510643
3024.0539638865,32.46091656
3024.8101977644,33.93513734
3025.56643164231,32.9738140099996
3026.32266552021,32.2392158400004
3027.07889939811,33.03240596
3028.59136715391,33.40862893
3030.10383490972,34.40665935
3031.61630266552,35.7846592500005
3033.12877042133,36.6983003399995
3034.64123817713,36.72483224
3036.15370593293,34.96418177
3037.66617368874,32.33687732
3039.17864144454,30.3059129200005
3040.69110920034,31.2650420799995
3042.20357695615,32.75076279
3043.71604471195,30.66382332
3045.22851246776,29.42767146
3046.74098022356,29.4616683700011
3048.25344797936,31.4074154599989
3049.76591573517,32.94342383
3051.27838349097,34.8407386
3052.79085124678,35.76588667
3054.30331900258,33.3908325499989
3055.81578675838,31.4524591400011
3057.32825451419,30.63863878
3058.84072226999,31.83738164
3060.3531900258,33.8661033
3061.8656577816,34.2309516499983
3063.3781255374,31.1694900000017
3064.89059329321,29.39625048
3066.40306104901,31.33077872
3067.91552880482,34.13839092
3069.42799656062,33.7088039799996
3070.94046431642,32.9836110300004
3072.45293207223,36.26930637
3073.96539982803,36.55336761
3075.47786758383,34.62906398
3076.99033533964,32.8974807000006
3078.50280309544,34.0158756099994
3080.01527085125,33.95938969
3081.52773860705,33.48995647
3083.04020636285,31.86175124
3084.55267411866,32.0210371200006
3086.06514187446,33.1438032099994
3087.57760963027,33.58321081
3089.09007738607,32.82119533
3090.60254514187,31.52293182
3092.11501289768,29.8003663099995
3093.62748065348,28.9660886300005
3095.13994840929,29.69523776
3096.65241616509,31.79453688
3098.16488392089,32.09842897
3099.6773516767,31.8006417100004
3101.1898194325,32.4447795399996
3102.70228718831,33.03701207
3104.21475494411,34.01726361
3105.72722269991,33.11366926
3107.23969045572,31.6578195500005
3108.75215821152,32.4492471999996
3110.26462596732,34.53284232
3111.77709372313,34.35415151
3113.28956147893,35.36947584
3114.80202923474,35.1687961499983
3117.82696474634,32.1278432600017
3120.85190025795,32.11209988
3123.87683576956,33.3873219
3126.90177128117,35.36527956
3129.92670679278,35.7647094599997
3132.95164230438,35.2684440700003
3135.97657781599,34.75302769
3139.0015133276,35.64405199
3140.51398108341,34.65747079
3142.02644883921,33.5051723200001
3145.05138435082,33.6434253499999
3148.07631986242,34.00181475
3151.10125537403,32.40594502
3154.12619088564,29.90843157
3155.63865864145,31.2650634600008
3157.15112639725,32.7401442299992
3158.66359415305,33.02266818
3160.17606190886,33.31328396
3161.68852966466,34.03950847
3163.17771073095,32.2322853999977
3164.39909486781,28.2100679700023
3165.62047900467,27.89682097
3166.2311710731,31.06378126
3166.84186314152,32.10384639
3167.45255520995,32.4089860500005
3168.06324727838,33.2347863999995
3168.67393934681,34.08948284
3169.28463141524,34.48741214
3169.89532348367,33.87241877
3170.5060155521,34.5247205100007
3171.72739968896,35.8024281999993
3172.94878382582,36.83989895
3174.17016796267,34.78422888
3175.39155209953,33.82169443
3176.61293623639,31.7707069499992
3177.83432037325,30.3489339200008
3179.05570451011,30.94528216
3180.27708864697,33.54910092
3181.49847278383,33.6203501
3182.71985692069,33.1649780000009
3183.94124105754,34.7626108299991
3185.1626251944,36.67502082
3186.38400933126,35.85538803
3187.60539346812,34.15841849
3188.82677760498,34.4490900300001
3190.04816174183,34.5523494399999
3190.65885381027,33.08954956
3191.26954587869,34.14897452
3192.49093001555,33.54945447
3193.71231415241,31.6744372500004
3194.93369828927,32.4113528099996
3196.15508242613,33.95933186
3197.37646656298,34.68889988
3198.59785069984,35.60574157
3199.8192348367,35.0532693999983
3201.04061897356,32.1298228300017
3202.26200311042,30.39177658
3203.48338724728,29.75237516
3204.70477138414,33.3770494
3205.926155521,37.0295822899997
3207.14753965785,36.4511716700003
3208.36892379471,33.99186927
3209.59030793157,32.56128194
3210.201,34.04020575
3210.81169206843,36.4443510999992
3211.42238413686,35.0288076600008
3212.03307620529,31.7019541
3213.25446034215,32.35163886
3214.475844479,33.67293453
3215.69722861586,34.41047178
3216.30792068429,34.54643299
3216.91861275272,33.57248382
3217.52930482115,32.01403368
3218.13999688958,32.95295624
3219.36138102644,33.01605213
3220.5827651633,33.18825488
3221.80414930015,35.85580822
3223.02553343701,37.61799719
3224.24691757387,35.92914927
3225.46830171073,32.36106085
3226.68968584759,31.24444277
3229.13245412131,31.46601279
3230.35383825817,32.23326672
3231.57522239502,33.53923104
3232.18591446345,35.59181826
3232.79660653188,36.38124525
3234.01799066874,37.51324042
3234.62868273717,34.94986556
3235.2393748056,32.46311274
3235.85006687403,32.13377124
3236.46075894246,32.09821617
3237.07145101089,32.45322675
3237.68214307932,33.02658817
3238.29283514774,32.81938413
3238.90352721617,32.1052585
3239.5142192846,31.34098312
3240.12491135303,30.85123763
3241.34629548989,31.76791796
3242.56767962675,33.86544588
3243.17837169518,33.95657052
3243.78906376361,34.22259809
3244.39975583204,36.22624171
3245.01044790047,36.54698474
3245.62113996889,34.05594042
3246.23183203732,34.07978024
3247.45321617418,35.77117144
3248.67460031104,34.52214287
3249.8959844479,32.71162176
3251.11736858476,32.10427578
3252.33875272162,32.43205266
3252.94944479005,33.46969498
3253.56013685848,33.95516026
3254.78152099534,33.0833627
3255.39221306377,32.44954639
3256.00290513219,31.92902915
3256.61359720062,30.26010795
3257.22428926905,31.42797638
3257.83498133748,33.11697286
3258.44567340591,32.97760631
3259.05636547434,32.96853493
3259.66705754277,35.05026281
3260.2777496112,35.72533509
3260.88844167963,34.36485684
3261.49913374806,34.69817978
3262.10982581649,35.8418846
3262.72051788491,35.69853806
3263.33120995334,34.91375041
3264.5525940902,33.07224954
3265.77397822706,33.0379231
3266.99536236392,33.06431494
3267.60605443235,35.01153685
3268.21674650078,38.01915013
3268.82743856921,38.42712119
3269.43813063764,37.61519119
3270.04882270606,37.43334278
3270.65951477449,34.46984438
3271.27020684292,33.00809816
3271.88089891135,33.37698908
3273.10228304821,35.24442665
3273.71297511664,35.7567524
3274.32366718507,35.32333505
3274.9343592535,35.50726279
3275.54505132193,35.72111136
3276.15574339036,35.66937705
3276.76643545879,34.84596652
3277.98781959565,35.39192281
3279.20920373251,35.76201669
3280.43058786936,35.3041931
3281.04127993779,34.00181031
3281.65197200622,33.96004107
3282.26266407465,34.01969509
3282.87335614308,35.76359368
3283.48404821151,34.56080999
3284.09474027994,33.2307274
3284.70543234837,33.50115976
3285.3161244168,33.97799944
3286.53750855366,33.0459178
3287.75889269051,32.0571874
3288.98027682737,32.90981806
3290.20166096423,33.74246768
3290.81235303266,32.96505595
3291.42304510109,33.5141415
3292.03373716952,33.94558794
3292.64442923795,33.75869594
3293.25512130638,32.99024799
3293.8658133748,33.02249211
3294.47650544323,33.05207685
3295.08719751166,32.3029936
3295.69788958009,33.12987926
3296.30858164852,35.59572426
3296.91927371695,35.6808619
3297.52996578538,33.23325954
3298.14065785381,32.99735284
3298.75134992224,34.00469193
3299.36204199067,32.81480335
3299.9727340591,30.65168752
3300.58342612753,30.68225164
3301.19411819596,30.02197746
3302.41550233282,29.45348158
3303.63688646968,32.05981177
3304.24757853811,34.88751203
3304.85827060653,34.15738008
3305.46896267496,33.91516115
3306.07965474339,35.07052383
3306.69034681182,37.14815932
3307.30103888025,35.19423362
3307.91173094868,30.71551968
3308.52242301711,29.94556704
3309.13311508554,33.40555654
3309.74380715397,34.04022005
3310.35449922239,34.85809399
3310.96519129082,35.64240839
3311.57588335925,35.78608491
3312.18657542768,35.29571976
3312.79726749611,34.83732086
3313.40795956454,34.85684515
3314.01865163297,34.87879042
3314.6293437014,33.47093755
3315.24003576983,31.99879085
3315.85072783826,34.23319562
3316.46141990669,36.43904537
3317.07211197512,34.93450899
3318.29349611197,31.36742121
3319.51488024883,30.57197837
3320.5363183315,32.68285207
3321.3411481888,33.66497025
3322.1459780461,32.97864445
3322.9508079034,31.80708883
3324.560467618,32.02039827
3325.3652974753,32.12014297
3326.9749571899,32.79509172
3328.5846169045,36.12567201
3329.3894467618,38.84428019
3330.1942766191,36.60666678
3330.9991064764,34.88251904
3331.8039363337,33.79259318
3332.608766191,33.01234081
3333.4135960483,32.3735153
3333.81601097695,32.37803876
3334.2184259056,32.39279573
3334.62084083425,30.76019529
3335.0232557629,29.47120596
3335.42567069155,31.99062925
3335.8280856202,34.09238818
3336.23050054885,32.95245001
3336.6329154775,33.02854218
3337.4377453348,33.78417157
3338.2425751921,34.41874377
3338.64499012075,34.7915518
3338.84619758507,34.27069866
3339.0474050494,33.88372109
3339.44981997805,35.42238443
3339.8522349067,36.61713468
3340.25464983535,36.50104492
3340.45585729967,37.47143672
3340.657064764,37.48651588
3340.85827222832,36.51304335
3341.05947969265,35.76567712
3341.26068715697,36.46957071
3341.4618946213,35.21301078
3341.86430954995,31.87782671
3342.2667244786,31.41505164
3342.66913940725,33.70493122
3342.87034687157,35.69959815
3343.0715543359,35.70909833
3343.8763841932,35.68898063
3344.68121405049,37.59632922
3345.48604390779,39.77685402
3347.09570362239,38.63561746
3348.70536333699,37.04554682
3350.31502305159,35.23939136
3351.92468276619,33.88446499
3353.53434248079,34.19030195
3355.14400219539,37.4701659
3356.75366190999,40.00089058
3358.36332162459,40.17601282
3359.97298133919,38.21151514
3363.19230076839,36.50343845
3366.41162019758,36.56394324
3368.82610976948,37.49589313
3370.43576948408,39.03823234
3372.85025905598,39.16574183
3374.45991877058,36.84503539
3376.06957848518,36.46477091
3377.67923819978,38.10490264
3379.28889791438,38.37537389
3380.89855762898,37.31563041
3382.50821734358,35.63996881
3383.71546212953,34.72399527
3384.11787705818,36.50872007
3384.52029198683,37.4439773099999
3384.72149945115,37.39509158
3384.92270691548,36.16902388
3385.32512184413,34.43389694
3385.72753677278,35.27475697
3386.12995170143,36.8244297800001
3386.53236663008,36.93243053
3386.93478155873,36.1711655
3387.33719648738,35.64694113
3387.73961141603,35.64798951
3388.54444127333,35.4883035599992
3389.75168605928,34.7961281
3391.36134577388,34.8054714
3393.77583534577,35.27036451
3395.38549506037,36.96898736
3396.99515477497,36.8452451599982
3398.60481448957,35.26907904
3400.21447420417,33.97132085
3401.82413391877,33.93537265
3405.04345334797,34.10197066
3406.65311306257,35.6907635200009
3408.26277277717,36.47367006
3409.06760263447,36.28119471
3409.87243249177,34.54240752
3410.67726234907,33.89065804
3411.48209220637,34.8066691299983
3412.28692206367,33.30290561
3413.09175192097,31.62052588
3413.89658177827,32.77498154
3414.70141163556,34.8282247
3415.50624149287,34.7897354299999
3416.31107135016,34.68137783
3417.11590120746,35.24598961
3417.92073106476,34.48134013
3418.72556092206,32.49939969
3419.53039077936,31.2835953399999
3420.33522063666,31.16201924
3421.14005049396,33.21997503
3421.94488035126,35.41708976
3422.74971020856,35.64228682
3423.55454006586,33.5642122199988
3424.35936992316,32.47066833
3425.96902963776,32.46055089
3429.18834906696,34.14818242
3432.40766849616,35.66693926
3434.01732821076,35.0385962299981
3434.41974313941,33.39868117
3434.82215806806,32.42643375
3435.22457299671,32.13520117
3435.62698792536,32.96980363
3436.02940285401,33.2751392500006
3436.43181778266,33.83622309
3437.23664763996,35.55964654
3438.04147749726,38.34573061
3438.84630735456,37.18768108
3439.65113721186,34.0434043799991
3440.45596706916,33.25917258
3441.26079692645,35.39629479
3442.06562678375,35.25751415
3442.87045664105,33.21308214
3443.67528649835,31.6281843199989
3444.48011635565,30.69521627
3445.28494621295,30.52974189
3446.08977607025,33.34728393
3446.89460592755,34.93930623
3447.69943578485,33.4995037199984
3448.50426564215,32.09457661
3449.30909549945,31.67183463
3450.11392535675,32.02946269
3450.91875521405,32.22702124
3451.72358507135,31.2093876699995
3452.52841492865,30.77804179
3453.33324478595,31.25204139
3454.13807464325,31.89123525
3454.5404895719,30.11773938
3454.94290450055,28.6274417500022
3455.3453194292,30.56738773
3455.74773435785,32.52594909
3456.1501492865,32.95647772
3456.55256421515,33.9979286
3456.9549791438,33.8717472100011
3457.35739407245,34.83212986
3457.7598090011,35.62943372
3458.16222392975,35.76903595
3458.5646388584,33.68525939
3458.96705378705,33.06127608
3459.3694687157,33.02346831
3459.77188364435,34.32481935
3460.174298573,33.23707811
3460.57671350165,30.96700019
3460.9791284303,31.8228145300023
3461.38154335895,33.83628725
3461.7839582876,33.59043044
3462.18637321625,32.57313876
3462.38758068057,32.21453189
3462.5887881449,31.21711502
3462.78999560922,31.18536774
3462.99120307354,32.02218157
3463.3936180022,32.14300165
3463.79603293084,32.17688595
3464.19844785949,33.8982696400032
3464.60086278814,36.66517555
3465.00327771679,37.30217608
3465.40569264545,35.27345013
3465.80810757409,34.87330666
3466.21052250274,36.1486117699976
3466.61293743139,34.06071024
3467.04590011099,34.05870374
3467.9598290788,35.35170602
3468.18831132076,34.8183323
3468.41679356271,35.6983366199997
3468.87375804662,35.47072292
3469.10224028857,34.10007782
3469.33072253052,33.98629805
3469.55920477248,34.35398565
3469.78768701443,32.4624829099977
3470.01616925638,30.48163987
3470.24465149834,30.41147665
3470.47313374029,30.48648947
3470.70161598224,31.26326946
3471.15858046615,31.7464038300001
3471.61554495006,31.84470885
3472.07250943396,33.11764798
3472.52947391787,32.52094402
3472.98643840178,30.46179456
3473.44340288568,30.8595941900023
3474.3573318535,32.92459132
3475.27126082131,32.50872588
3476.18518978912,31.26885236
3477.09911875694,31.2153154
3478.01304772475,32.6586273200016
3478.92697669256,34.05366653
3479.38394117647,32.96177958
3479.84090566038,33.44095145
3480.29787014428,34.30945189
3480.75483462819,33.8950471999994
3481.2117991121,33.34932347
3481.44028135405,32.07123504
3481.668763596,31.22455484
3481.89724583796,31.95584068
3482.12572807991,33.3331970399995
3482.35421032186,32.93131109
3482.58269256382,32.15039118
3483.03965704772,34.12491814
3483.49662153163,34.7823607
3483.95358601554,34.5083784999994
3484.41055049944,34.01030835
3484.86751498335,35.25598913
3485.32447946726,32.59816845
3485.78144395117,30.06352567
3486.23840843507,29.564688420002
3486.46689067703,31.31008943
3486.69537291898,32.03439148
3486.92385516093,31.53395774
3487.15233740289,31.2937805
3488.0662663707,31.28355853
3488.98019533851,31.27564088
3489.89412430633,33.66079493
3490.80805327414,34.63609191
3491.72198224195,32.88911815
3492.63591120977,33.2458777300027
3493.54984017758,35.589625
3495.37769811321,37.44217
3497.20555604884,35.71075751
3499.03341398446,32.65399496
3500.86127192009,32.15610364
3502.68912985572,32.14883426
3504.51698779134,32.15133882
3506.34484572697,32.17164635
3508.1727036626,32.32119459
3510.00056159822,33.0288167099999
3511.82841953385,32.97419112
3513.65627746948,34.46206948
3514.57020643729,35.12953824
3515.0271709212,34.25500478
3515.48413540511,32.2139411399984
3515.94109988901,30.82819336
3516.39806437292,32.18223781
3516.85502885683,33.65012908
3517.31199334073,33.85068352
3517.76895782464,33.0096599
3518.22592230855,33.0377008
3518.68288679245,33.21223494
3519.13985127636,33.37282907
3519.59681576027,33.032562
3520.05378024417,32.9672424600016
3520.51074472808,34.39557274
3520.96770921199,36.4080715
3521.42467369589,35.94221825
3521.8816381798,33.52688231
3522.33860266371,32.2074428699998
3522.79556714761,32.02982553
3523.25253163152,33.7024813
3523.70949611543,34.37027894
3524.16646059933,34.38119646
3524.62342508324,34.1395435100008
3525.08038956715,34.84502165
3525.53735405106,34.15570876
3525.99431853496,33.02846669
3526.45128301887,32.69241928
3526.90824750278,32.0351195800014
3527.36521198668,33.22668355
3527.82217647059,34.51616437
3528.2791409545,35.67534439
3528.7361054384,34.96632424
3529.19306992231,34.2089080000028
3529.65003440621,36.66560025
3530.10699889012,38.7943863
3530.56396337403,37.99241612
3531.02092785794,36.63927674
3531.47789234184,36.5142386599972
3531.93485682575,34.05970589
3532.39182130966,32.58171992
3532.84878579356,33.73211834
3533.30575027747,34.85129169
3533.76271476138,34.8022157
3534.21967924528,34.82091172
3534.67664372919,33.94299555
3535.590572697,34.94032387
3536.50450166482,36.22835626
3537.41843063263,35.3400690799982
3538.33235960044,33.78173746
3539.24628856826,32.12483951
3541.07414650389,33.71756299
3542.90200443951,33.91574043
3544.72986237514,34.0956545800008
3546.55772031077,34.78148675
3547.47164927858,33.62839355
3548.38557824639,31.73681967
3549.29950721421,30.5708092
3550.21343618202,28.3823975000002
3551.12736514983,28.59210001
3552.04129411765,30.80896158
3552.95522308546,33.01172754
3553.86915205327,34.86326149
3554.78308102109,35.1759842399972
3555.6970099889,32.72714697
3556.61093895671,30.85338514
3557.52486792453,31.63523113
3558.43879689234,33.89886686
3559.35272586016,36.5818443999991
3560.26665482797,35.79770608
3561.18058379578,34.45166348
3561.63754827969,32.66497676
3562.0945127636,31.62624622
3562.5514772475,31.2619831300012
3563.00844173141,32.33153029
3563.46540621532,34.69549316
3563.92237069922,35.65207373
3564.37933518313,33.84098264
3564.83629966704,33.91891271
3565.29326415094,33.95187992
3565.75022863485,33.28505455
3566.20719311876,32.75993283
3566.66415760266,35.72048129
3567.12112208657,34.2532899999968
3567.57808657048,31.44367782
3568.03505105438,31.92193071
3568.49201553829,32.74096274
3569.40594450611,33.90502449
3570.31987347392,33.2938998899987
3571.23380244173,32.13809537
3572.14773140954,31.68834425
3572.60469589345,31.23595908
3573.06166037736,31.3028927
3573.51862486126,29.6696263899994
3573.97558934517,29.10851701
3574.43255382908,28.65661333
3574.88951831299,28.63931205
3575.34648279689,29.42524667
3575.8034472808,31.4268166700035
3576.26041176471,34.46709919
3576.71737624861,33.74957384
3577.17434073252,31.29667863
3577.63130521643,29.58656662
3578.08826970033,30.7887149100038
3578.54523418424,34.0938706
3579.00219866815,34.74174043
3579.45916315205,31.90145708
3580.37309211987,32.03189382
3580.83005660378,34.1484413699997
3581.28702108768,33.92277566
3581.74398557159,31.20671358
3582.20095005549,30.3716911
3582.6579145394,30.47279166
3583.11487902331,29.3382036000013
3583.57184350722,30.4817738
3584.02880799112,32.13266537
3584.94273695893,34.09865735
3585.85666592675,35.23028958
3586.77059489456,35.8184653099966
3587.68452386238,32.7960617
3588.59845283019,30.03415013
3589.512381798,30.05804843
3590.42631076581,31.45114534
3591.34023973363,29.7031646600003
3592.25416870144,30.0063868
3593.16809766926,32.41100286
3594.08202663707,33.78892564
3594.99595560488,33.62380472
3595.9098845727,32.0780256100006
3596.82381354051,32.58542758
3597.73774250833,33.34900469
3599.56560044395,33.63600442
3601.39345837958,33.89665577
3602.30738734739,34.7967808099976
3603.22131631521,32.65702906
3604.13524528302,31.4843365
3605.04917425083,31.22843322
3605.96310321865,32.46663962
3606.87703218646,33.0497140900001
3607.79096115427,33.09511512
3608.70489012209,33.01203032
3609.6188190899,33.78181591
3610.53274805771,35.91934009
3612.36060599334,36.5558082999975
3614.18846392897,34.33072114
3616.0163218646,31.45449902
3617.84417980022,32.63403423
3619.67203773585,34.43209968
3620.12900221976,34.8406441599976
3620.58596670366,32.72598285
3621.04293118757,33.79835438
3621.49989567148,37.67286737
3622.41382463929,37.28970022
3623.32775360711,32.9485440599971
3624.24168257492,30.42132779
3625.15561154273,31.2350487
3626.06954051054,32.39473926
3626.98346947836,33.91143686
3627.89739844617,33.9723274099989
3628.81132741398,32.99482924
3629.26829189789,30.27788258
3629.7252563818,30.08451966
3630.18222086571,31.25944132
3630.63918534961,31.5443615200022
3632.31462761506,33.43682592
3633.86023430962,35.93803192
3635.40584100419,37.46679398
3636.17864435147,37.09890705
3636.95144769875,34.5030672199971
3637.72425104602,31.95815783
3638.49705439331,30.69442789
3640.04266108787,31.272622
3641.58826778243,32.73090682
3643.13387447699,33.96003147
3644.67948117155,33.92069082
3646.22508786611,33.93954929
3647.77069456067,33.06493086
3649.31630125523,32.66869656
3650.86190794979,33.099025299999
3652.40751464435,32.22361344
3653.95312133891,30.80138743
3655.49872803347,30.32583602
3657.04433472803,31.61836778
3658.58994142259,31.5134539699997
3660.13554811715,31.26619234
3660.90835146444,31.26216009
3661.68115481172,30.76055871
3662.453958159,30.4292389
3663.22676150628,29.4268599400002
3664.77236820084,29.61249817
3666.3179748954,30.38535469
3667.86358158996,31.12144857
3668.63638493724,32.59264998
3669.40918828452,33.9842590399999
3670.1819916318,33.91385101
3670.56839330544,33.908329
3670.95479497908,33.7248451
3671.72759832636,31.6195128
3672.50040167364,31.9137577800013
3673.27320502092,33.03285046
3674.0460083682,33.0264799
3674.81881171548,33.00777483
3675.59161506276,32.75169699
3676.36441841004,31.6672884599986
3677.13722175732,30.41727824
3678.68282845188,30.39442814
3680.22843514645,30.30820822
3681.00123849373,31.4522756
3681.77404184101,32.16838246
3682.16044351465,32.14723313
3682.54684518829,32.15090998
3682.93324686193,32.17082302
3683.31964853557,32.31854079
3683.70605020921,33.488649060002
3684.09245188285,35.2769128
3684.47885355649,33.97023635
3684.86525523013,34.58480036
3685.6380585774,37.16331784
3686.41086192469,37.4602596499989
3687.18366527197,36.51031316
3687.95646861925,36.63949971
3689.50207531381,35.59152492
3690.27487866109,35.71358042
3691.04768200837,37.3899237600007
3691.82048535565,38.00791259
3692.59328870293,39.1195336
3693.36609205021,40.04300142
3694.13889539749,38.73251858
3694.91169874477,37.1874387399973
3695.68450209205,34.82801454
3696.45730543933,34.12126331
3697.23010878661,36.30083982
3698.00291213389,37.42665751
3698.77571548117,35.6749616699998
3699.54851882845,35.45417735
3700.32132217573,37.55999904
3701.09412552301,38.18704153
3701.86692887029,36.1900458
3702.25333054393,35.64987962
3702.63973221757,35.63305225
3703.02613389121,36.19266078
3703.41253556485,37.43588822
3704.18533891213,35.7710714
3704.95814225941,35.9399589100011
3705.34454393305,36.94142549
3706.05984,36.88015264
3707.51784,36.55286249
3708.97584,36.60943905
3710.43384,34.9537538199981
3713.34984,33.26301421
3719.18184,33.5515258
3725.01384,35.15664587
3727.92984,35.81587871
3730.84584,33.9836950500006
3733.76184,34.48705624
3735.21984,34.84475397
3736.67784,33.95754822
3738.13584,34.84649576
3738.86484,37.0724631199977
3739.59384,35.07742847
3740.32284,33.11615664
3741.05184,33.69994185
3741.78084,34.22562854
3742.50984,33.3055382400014
3743.23884,34.52207687
3743.96784,34.95264282
3744.69684,33.60690753
3745.42584,33.51364913
3746.15484,34.2098551400028
3746.88384,36.62931518
3747.61284,36.82401522
3748.34184,34.88321061
3749.79984,34.55545611
3751.25784,35.2976207600005
3752.71584,35.7097991
3754.17384,35.67756304
3755.63184,36.23276554
3757.08984,35.45090168
3758.54784,34.330345009999
3760.00584,33.48810419
3761.46384,34.54805979
3762.92184,36.37542785
3764.35084137931,36.88177573
3765.74842758621,34.7901051699976
3767.1460137931,32.67603264
3768.5436,31.90047539
3769.9411862069,31.9333538
3771.33877241379,32.2049069
3774.13394482759,31.7693041200003
3776.92911724138,32.0425735
3778.32670344828,33.55728411
3779.72428965517,35.06586359
3781.12187586207,34.74656438
3782.51946206896,31.5167249299996
3783.91704827586,31.17134892
3785.31463448276,34.9659661
3786.71222068966,35.59948414
3788.10980689655,32.5483044
3789.50739310345,30.8901622200012
3790.90497931034,31.90923531
3791.60377241379,32.00389077
3792.30256551724,31.76016528
3793.00135862069,32.1790302
3793.70015172414,34.2673142400012
3794.39894482758,35.33578101
3795.09773793103,35.32944548
3795.79653103448,33.3711619
3796.49532413793,31.75502415
3797.19411724138,32.8540220899998
3797.89291034483,32.68422288
3798.59170344827,30.9334484
3799.29049655172,30.01386594
3799.98928965517,31.19014381
3800.68808275862,31.7716271899999
3801.38687586207,31.715894
3802.08566896552,32.21151141
3802.78446206897,32.63961704
3803.48325517242,30.66977988
3804.18204827586,29.9905308900002
3804.88084137931,30.15205608
3806.27842758621,33.41787338
3807.6760137931,36.94604676
3809.0736,37.67355401
3810.4711862069,36.8821091499985
3811.86877241379,35.58115718
3813.26635862069,34.34780113
3813.96515172414,33.90361405
3814.66394482759,35.17364138
3815.36273793104,35.9579029000002
3816.06153103448,36.17638206
3816.76032413793,35.72156758
3817.45911724138,34.91676971
3818.15791034483,35.14553102
3818.85670344828,34.5401591799982
3819.55549655172,32.98560178
3820.25428965517,32.22342879
3820.95308275862,31.42922557
3821.65187586207,31.92539299
3823.04946206896,33.5763551699999
3824.44704827586,33.5198055
3825.14584137931,33.86756532
3825.84463448276,34.89591706
3827.24222068965,34.80083713
3828.63980689655,35.260380239999
3830.03739310345,34.39891569
3832.83256551724,34.41721458
3835.62773793103,33.1679076
3838.42291034483,31.23883797
3841.21808275862,29.9250612899996
3844.01325517241,29.54033331
3846.80842758621,32.10085979
3849.6036,34.63872657
3852.39877241379,36.95895415
3855.19394482759,37.4123095599964
3857.98911724138,34.21218681
3860.78428965517,30.71913994
3863.57946206897,30.79038554
3866.37463448276,32.34710532
3869.16980689655,32.611965259999
3870.56739310345,31.76021164
3871.2661862069,31.25245191
3871.96497931035,32.16714753
3872.66377241379,35.02246081
3873.36256551724,35.7103903800019
3874.06135862069,37.34710439
3874.76015172414,37.33725693
3876.15773793103,35.25883269
3877.55532413793,33.51629916
3878.95291034483,34.3649895500006
3880.35049655172,34.90513704
3881.74808275862,34.18432419
3883.14566896552,33.40714485
3885.94084137931,32.62748668
3888.7360137931,32.6570051700006
3891.5311862069,33.15756273
3894.32635862069,35.02250232
3897.12153103448,38.77290675
3899.91670344828,38.82961002
3902.71187586207,36.0677633199975
3905.50704827586,33.83380477
3908.30222068965,34.06702167
3911.09739310345,34.89554712
3913.89256551724,36.08709683
3916.68773793104,38.5952562199983
3919.48291034483,37.05689344
3922.27808275862,34.63217351
3923.67566896552,34.38912284
3925.07325517242,33.55728751
3927.86842758621,33.5404318100002
3929.26601379311,33.70369471
3930.6636,33.91883545
3932.0611862069,32.18925074
3933.45877241379,30.0807036
3936.25394482759,31.0624998500039
3939.04911724138,34.46025979
3941.84428965517,34.78129881
3944.63946206897,34.41102563
3947.43463448276,33.63882689
3950.22980689655,32.9716328700014
3953.02497931035,34.2213908
3958.61532413793,35.71983521
3961.41049655172,33.71766684
3964.20566896552,32.68062941
3966.74451508121,34.7884144300043
3970.19880742459,38.56297035
3973.65309976798,37.46977642
3977.10739211137,36.25005567
3980.56168445476,35.74690214
3984.01597679814,35.2844207799988
3990.92456148492,34.18806837
3997.83314617169,31.82159586
4004.74173085847,30.30781175
4011.65031554524,31.79534667
4018.55890023202,33.3739003500012
4025.46748491879,34.40196183
4032.37606960557,33.13883029
4039.28465429234,33.01271793
4042.59197540983,34.24679845
4045.78842349727,34.3086121699996
4048.98487158469,33.97441521
4052.18131967213,34.74100793
4055.37776775956,36.26579397
4058.57421584699,37.72843233
4061.77066393443,37.8876403299986
4064.96711202186,36.6356974
4068.16356010929,35.03506995
4071.36000819672,34.38050227
4074.55645628415,34.409024
4077.75290437158,34.4374513900009
4080.94935245901,35.22395242
4084.14580054645,36.52111613
4090.53869672131,36.26770479
4103.32448907104,34.75949009
4116.11028142077,35.3088486600009
4128.89607377049,36.13936804
4141.68186612022,35.13338225
4168.31835,35.16272617
4182.53835,36.83030062
4196.75835,37.0552090199999
4210.97835,36.98487187
4228.75335,38.2257767
4246.19003598972,38.9152398
4251.16278663239,37.84092647
4256.13553727506,37.0803873100006
4261.10828791774,37.6422393
4266.08103856041,38.01214934
4271.05378920308,36.20279882
4273.54016452442,32.99804571
4276.02653984576,31.4154755800005
4278.5129151671,31.88033851
4279.75610282776,32.80861076
4280.99929048843,33.56992009
4282.2424781491,33.07981082
4283.48566580977,33.7427643000017
4285.97204113111,35.22875992
4288.45841645244,37.60250879
4289.70160411311,38.50387184
4290.94479177378,38.41958509
4291.56638560411,36.812480549999
4292.18797943445,35.91420039
4292.80957326478,35.7140666
4293.43116709512,36.20618928
4294.05276092545,37.03707583
4294.67435475578,36.3029421499991
4295.29594858612,35.49976047
4295.91754241645,35.31019803
4296.53913624679,34.8352044
4297.16073007712,34.39792992
4298.40391773779,34.6253545400008
4300.89029305913,35.35655664
4303.37666838046,34.81467384
4305.8630437018,34.83969245
4308.34941902314,34.19621082
4310.83579434447,33.2637988899998
4313.32216966581,33.05109724
4315.80854498715,34.0859267
4316.43013881748,34.09627399
4317.05173264781,32.67840799
4317.67332647815,34.3258977500021
4318.29492030848,36.14492172
4318.91651413882,35.28146485
4319.53810796915,37.15262367
4320.15970179949,39.12739935
4320.78129562982,38.7380087399965
4321.40288946015,35.62355638
4322.02448329049,35.7254124
4323.26767095116,35.11137415
4324.51085861183,33.79433752
4325.13245244216,35.762557890002
4325.75404627249,37.56329901
4326.37564010283,37.95297015
4326.99723393316,36.95828756
4327.6188277635,34.98090348
4328.24042159383,34.1434251599998
4329.4836092545,33.99112674
4330.72679691517,34.79933955
4331.96998457584,34.90559737
4333.2131722365,33.51314034
4333.83476606684,33.041426600002
4334.45635989717,34.80494148
4335.07795372751,36.98734558
4335.38875064267,37.55551992
4335.69954755784,36.76742478
4336.94273521851,35.7499150700009
4338.18592287918,36.55028754
4339.42911053985,37.55279
4340.05070437018,36.32985228
4340.67229820051,32.53183292
4341.29389203085,30.4329221800006
4341.91548586118,30.92588717
4342.53707969152,30.42739711
4343.15867352185,30.78295826
4343.78026735218,31.22444518
4344.40186118252,30.8739055100022
4345.02345501285,32.82872687
4345.64504884319,34.72355395
4346.88823650386,36.58794517
4348.13142416452,38.98833521
4349.37461182519,37.2128320399966
4350.61779948586,34.18868657
4351.86098714653,34.68872451
4352.48258097686,34.74703231
4353.1041748072,33.93565952
4353.72576863753,34.7495737799998
4354.34736246787,34.565729
4354.9689562982,33.76684777
4355.59055012854,32.95868366
4356.8337377892,33.09445445
4358.07692544987,34.8127785799998
4359.32011311054,34.6023594
4360.56330077121,33.65820009
4361.80648843188,32.65305318
4363.04967609254,33.92105802
4363.67126992288,34.4008388699997
4364.29286375321,34.10446262
4364.91445758355,35.161879
4365.53605141388,36.17155218
4368.02242673522,34.5617376
4372.99517737789,33.4180642900018
4379.37860814384,34.99964661
4386.09293918562,36.66535352
4392.80727022739,33.89800203
4399.52160126917,29.83728607
4406.23593231095,30.1004082300023
4412.95026335272,32.13206068
4419.6645943945,35.15670047
4426.37892543628,38.77550901
4433.09325647805,39.60626939
4439.80758751983,39.6094311499971
4446.52191856161,37.07469619
4453.23624960338,33.22263263
4459.95058064516,30.48593071
4463.30774616605,31.28578715
4466.66491168694,33.8860909400028
4470.02207720783,36.37215596
4473.37924272872,36.13826192
4476.7364082496,34.17732895
4490.16507033316,32.77904103
4503.59373241671,31.8767027899982
4510.30806345849,30.26077676
4513.66522897937,29.11080526
4517.02239450027,30.1914446
4520.37956002115,32.68867467
4523.73672554204,35.6963897600005
4527.09389106293,36.10845533
4530.45105658382,34.03535086
4533.80822210471,34.19340425
4537.1653876256,36.37138459
4543.87971866737,38.5852939099997
4547.23688418826,38.29123311
4550.59404970915,35.87328545
4553.95121523004,34.06510851
4557.30838075093,33.45536823
4564.0227117927,34.1206574200018
4567.37987731359,35.7199148
4570.73704283448,36.71707794
4572.41562559492,35.48350894
4574.09420835537,34.23298709
4580.80853939714,33.000371720001
4587.52287043891,33.91334638
4594.2372014807,33.40568186
4604.30869804336,31.24627863
4611.02302908514,30.37791261
4614.38019460603,30.8936393800022
4617.73736012692,32.84989657
4621.09452564781,34.33979097
4624.45169116869,33.87492398
4627.80885668958,30.76490078
4631.16602221047,27.7796381300006
4637.88035325225,28.30387334
4641.23751877314,31.12016318
4644.59468429402,30.68201941
4647.95184981491,30.56567153
4651.3090153358,33.0163569100015
4654.66618085669,34.35747582
4658.02334637758,33.48184685
4659.70192913802,32.44418437
4661.38051189847,33.15614902
4664.73767741936,33.5296332900002
4668.09484294024,33.73912498
4669.77342570069,35.00654412
4671.45200846113,33.05189727
4673.13059122158,29.06824152
4674.80917398202,27.3651354200013
4676.48775674246,28.49865177
4678.16633950291,31.61653994
4681.5235050238,32.96441995
4684.88067054469,32.19485165
4688.23783606557,32.5678671399992
4691.58767176187,31.88033305
4698.09257924377,32.45586951
4701.34503298472,34.03701684
4702.97125985519,36.43327158
4704.59748672566,37.5685410799979
4705.4106001609,35.7371531
4706.22371359614,35.10785688
4707.03682703138,37.5257617
4707.84994046661,37.68300523
4708.66305390185,35.071640989999
4709.47616733709,34.23335358
4710.28928077233,33.46109797
4711.10239420756,34.3842958
4712.72862107804,35.51493093
4714.35484794851,36.2000765900001
4717.60730168946,36.29478418
4720.85975543041,36.55577901
4724.11220917136,36.53760238
4727.36466291231,38.12541624
4730.61711665326,38.7026926299984
4737.12202413516,37.28294775
4740.37447787611,34.72514753
4743.62693161706,31.45794439
4746.87938535801,30.86631255
4750.13183909896,30.9687250299981
4753.3842928399,29.288455
4756.63674658085,28.66980992
4759.8892003218,29.2808778
4763.14165406275,31.46073425
4766.3941078037,32.5560415400034
4768.02033467418,35.54904131
4769.64656154465,37.51069791
4771.27278841513,37.33546625
4772.8990152856,38.57024756
4774.52524215607,39.6890466900006
4776.15146902655,40.18043427
4777.77769589702,40.23653705
4779.4039227675,38.3897859
4781.03014963797,37.89345312
4782.65637650845,40.8891439899996
4784.28260337892,40.5734875
4785.9088302494,37.60204818
4787.53505711987,39.1375363
4789.16128399035,41.40835025
4790.78751086082,42.4165130500004
4792.4137377313,42.78284209
4794.03996460177,42.23251584
4795.66619147225,40.08771389
4797.29241834272,39.46475851
4798.9186452132,40.1364935099992
4800.54487208367,39.39709415
4802.17109895414,38.1231586
4803.79732582462,37.02177409
4805.42355269509,36.69278669
4807.04977956557,38.3807106499999
4808.67600643604,38.33384746
4810.30223330652,39.02637455
4811.92846017699,40.2337329
4813.55468704746,39.51174943
4815.18091391794,37.9220546100023
4816.80714078841,39.91820169
4818.43336765889,39.28846987
4820.05959452937,37.32462513
4821.68582139984,38.46866073
4823.31204827031,40.0205934800009
4824.93827514079,40.78774274
4826.56450201126,39.79362037
4828.19072888174,38.31174125
4829.81695575221,38.37673411
4831.44318262269,37.6700605699981
4833.06940949316,35.9768078
4834.69563636364,36.53118457
4836.32186323411,37.51281013
4837.94809010459,34.9212673
4839.57431697506,32.9404902100015
4841.20054384553,34.23513408
4842.82677071601,34.89274282
4844.45299758649,34.88111731
4846.07922445696,35.32372056
4847.70545132744,35.1518789600004
4849.33167819791,35.54729195
4850.95790506838,34.58919377
4854.21035880933,33.05286799
4857.46281255028,33.82112359
4860.71526629123,34.4291986100001
4863.96772003218,34.52379942
4867.22017377313,35.94114157
4868.84640064361,36.18580736
4870.47262751408,34.0969198
4872.09885438455,34.432071680001
4873.72508125503,35.3213559
4876.97753499598,35.34890453
4880.22998873693,34.93722532
4883.48244247788,33.56349447
4886.73489621883,34.204171870001
4888.3611230893,35.04467411
4889.98734995977,36.63329185
4891.61357683025,36.61128726
4894.65886003373,36.88383376
4897.41805059022,36.7820687099976
4900.17724114671,34.66775572
4902.9364317032,34.40370862
4905.6956222597,32.63287738
4908.45481281619,29.82460614
4912.59359865093,29.8960163200034
4916.73238448567,32.85874936
4919.49157504216,34.84056001
4922.25076559865,33.28266205
4925.00995615514,32.64419275
4929.14874198988,32.0355731499997
4934.66712310287,31.76242405
4937.42631365936,31.73350677
4940.18550421585,32.48957618
4942.94469477235,33.19009075
4945.70388532884,32.0457204799997
4948.46307588533,31.76617153
4951.22226644182,34.53859016
4953.98145699831,35.84603432
4956.74064755481,34.50298281
4959.4998381113,32.9674580299996
4962.25902866779,32.64739612
4965.01821922428,31.8676064
4967.77740978078,31.08338759
4969.15700505902,31.23132413
4970.53660033727,32.6715737400005
4971.91619561552,33.1316543
4973.29579089376,31.5883312
4974.67538617201,29.92564049
4976.38022047244,30.07933534
4980.344,31.7840961999991
4982.32588976378,30.99797714
4984.30777952756,31.06942903
4988.27155905512,32.2528197
4992.23533858268,32.72676507
4996.19911811024,33.5109868899997
5000.1628976378,33.21890022
5006.10856692913,32.76396374
5012.05423622047,34.13176358
5016.01801574803,34.82753139
5021.96368503937,34.4139834499994
5025.92746456693,33.85798723
5031.87313385827,35.29438684
5035.83691338583,36.13439037
5043.76447244094,34.80499217
5047.7282519685,33.1871289100004
5051.69203149606,33.5347373
5053.67392125984,35.25747233
5055.65581102362,36.89165304
5057.6377007874,35.57065241
5059.61959055118,33.7463007299998
5061.60148031496,33.54595222
5063.58337007874,33.9645919
5067.5471496063,32.33609086
5071.51092913386,32.14975904
5075.47470866142,32.710430690002
5079.43848818898,34.49447337
5087.3660472441,36.49738903
5095.29360629921,35.77225893
5101.23927559055,33.25586381
5105.20305511811,32.579262319999
5109.16683464567,31.73130086
5113.13061417323,32.88699492
5119.07628346457,34.8200656
5127.00384251969,34.48854384
5134.9314015748,32.9533902299992
5142.85896062992,32.20736355
5150.78651968504,30.65209004
5158.98952195122,29.38135329
5167.21976585366,30.63427295
5171.33488780488,33.1745408400022
5175.4500097561,35.09850571
5179.56513170732,36.23957723
5187.79537560976,34.632343
5189.85293658536,33.5728318
5191.91049756097,33.9348851699996
5196.02561951219,33.59049483
5200.14074146341,32.77976569
5204.25586341463,31.85245992
5208.37098536585,31.5742932
5212.48610731707,34.7851054500023
5214.54366829268,36.76737867
5216.60122926829,36.96275747
5218.65879024391,37.69826165
5220.71635121951,39.84325143
5222.77391219512,42.6579919500009
5224.83147317073,43.49027297
5228.94659512195,44.45273716
5231.00415609756,45.25020568
5233.06171707317,43.57760426
5235.11927804878,40.1007254799957
5237.17683902439,36.2818057
5239.2344,36.17749863
5241.29196097561,38.55678102
5243.34952195122,38.36220768
5245.40708292683,37.3551273200017
5247.46464390244,38.8214938
5249.52220487805,40.20587529
5251.57976585366,39.60898573
5253.63732682927,38.81798588
5255.69488780488,37.5722282899963
5257.75244878049,34.29292805
5259.8100097561,33.01412658
5261.86757073171,34.88091927
5265.98269268293,38.3849562
5270.09781463415,41.5560279199986
5274.21293658536,40.32886751
5278.32805853658,36.70665676
5282.4431804878,36.56946335
5286.55830243902,37.42956008
5290.67342439024,38.8210653700013
5294.78854634146,39.95151792
5298.90366829268,38.24581834
5300.96122926829,38.30626046
5303.0187902439,37.75908467
5305.07635121951,36.2928733599998
5307.13391219512,36.12642425
5309.19147317073,36.61852777
5311.24903414634,37.03132419
5313.30659512195,37.05680536
5315.36415609756,36.3491031899998
5317.42171707317,36.14672269
5321.53683902439,36.13891835
5323.5944,36.14050606
5327.70952195122,34.69347787
5331.82464390244,32.7686307399982
5335.93976585366,31.20209413
5340.05488780488,30.79709248
5344.1700097561,33.90254659
5348.28513170732,36.88767443
5354.45781463415,38.6162928700012
5358.57293658536,39.68585951
5360.63049756097,38.93283787
5362.72580246914,36.50202255
5365.05296296296,36.54026626
5367.38012345679,36.9232334299991
5372.03444444444,36.12491385
5374.36160493827,35.53573021
5376.6887654321,37.11431679
5379.01592592592,37.73553489
5381.34308641975,35.0040294499978
5383.67024691358,33.06265597
5385.99740740741,33.69631714
5388.32456790124,37.32962197
5390.65172839506,40.25137026
5392.97888888889,39.5570491899985
5395.30604938272,38.25982392
5397.63320987654,40.88658812
5399.96037037037,42.27768487
5402.2875308642,40.34612019
5404.61469135802,40.1127814800009
5406.94185185185,40.93014016
5409.26901234568,40.7373775
5410.43259259259,39.87916181
5411.59617283951,40.21229359
5412.75975308642,40.5464703599997
5413.92333333333,40.26330491
5415.08691358025,38.66606467
5416.25049382716,38.31446625
5420.90481481481,39.34016697
5425.55913580247,40.5144918900013
5430.21345679012,41.63717665
5434.86777777778,41.74997871
5439.46509046455,39.81711303
5443.96533496333,38.78546818
5448.4655794621,39.62134539
5452.96582396088,39.61865578
5457.46606845966,40.27197137
5461.96631295844,40.92521776
5466.46655745721,38.80638065
5470.96680195599,39.1358478900053
5475.46704645477,43.76829231
5479.96729095355,43.28599572
5484.46753545232,40.46513724
5488.9677799511,40.14351683
5493.46802444988,38.5075786299964
5495.71814669926,35.37815618
5497.96826894866,34.94335956
5502.46851344743,35.24167598
5506.96875794621,34.39873625
5509.2188801956,35.3786196700007
5511.46900244499,36.024161
5513.71912469438,35.21963378
5515.96924694377,35.69264078
5518.21936919315,37.26858292
5520.46949144254,38.8251793000016
5522.71961369193,40.23418373
5524.96973594132,42.0079637
5526.09479706602,41.92259285
5527.21985819071,40.38553613
5527.78238875306,38.0420216899987
5528.34491931541,36.89757154
5528.90744987775,36.06032051
5529.4699804401,34.44710398
5530.63917322835,33.37438512
5531.82913385827,35.0728752700036
5533.01909448819,38.2432316
5534.20905511811,39.66397137
5535.39901574803,38.88036436
5536.58897637795,36.89519389
5538.9688976378,34.3626135300007
5540.15885826772,34.98332907
5541.34881889764,36.13583031
5543.72874015748,35.06918201
5546.10866141732,33.49219458
5548.48858267717,31.9889105099997
5550.86850393701,31.76068603
5553.24842519685,34.5222944
5555.62834645669,37.00679121
5556.81830708661,36.33163707
5558.00826771654,36.1030713600011
5560.38818897638,37.03123149
5562.76811023622,37.00469466
5565.14803149607,36.82069091
5567.52795275591,35.31229975
5568.71791338583,34.9127175600023
5569.90787401575,36.95501477
5571.09783464567,39.04075227
5572.28779527559,39.72309057
5573.47775590551,39.03694372
5574.66771653543,39.3025316800018
5575.85767716535,40.89889433
5577.04763779527,41.20648052
5578.2375984252,39.64725753
5579.42755905512,38.56794695
5580.61751968504,37.9015304099986
5581.80748031496,36.68898347
5582.99744094488,36.60038968
5584.1874015748,36.62400748
5585.37736220472,36.14123152
5586.56732283464,37.4317323800018
5588.94724409448,39.02420864
5591.12027924845,39.51417183
5594.93973037776,37.99483679
5598.75918150708,37.45141996
5602.57863263639,36.2156388399994
5604.48835820105,35.64724217
5606.3980837657,36.37864447
5606.87551515687,36.47529063
5607.35294654803,36.65847413
5607.8303779392,39.9005830100036
5608.30780933036,43.10111972
5609.26267211269,43.21741664
5610.21753489502,39.6122815
5612.12726045967,37.46073829
5614.03698602433,37.4445644599996
5617.85643715364,37.05514916
5621.67588828296,35.61630379
5625.49533941227,35.63106631
5629.31479054158,33.9797263
5633.1342416709,34.2339356700009
5636.95369280021,35.03982209
5640.77314392953,35.90500219
5644.59259505884,37.51364584
5648.41204618815,39.11011622
5650.32177175281,39.710150639999
5652.23149731747,38.85888626
5654.14122288212,37.88232233
5656.05094844678,37.90148259
5659.87039957609,37.54563326
5661.78012514075,37.5324821199995
5663.68985070541,37.13193884
5665.59957627006,37.51546746
5667.50930183472,37.47131476
5669.41902739938,37.90437697
5671.32875296403,38.5997969600001
5673.23847852869,38.65535462
5675.14820409335,38.3277651
5677.057929658,37.53042522
5678.96765522266,35.62591407
5680.87738078732,35.2594992200006
5682.78710635197,35.8231027
5684.69683191663,36.13844035
5686.60655748129,36.13791667
5688.51628304594,36.10551348
5690.4260086106,36.7903031400003
5692.33573417526,37.07328764
5694.24545973991,37.44577957
5696.15518530457,39.11024885
5698.06491086923,37.28218799
5701.88436199854,34.3165936400016
5705.70381312786,35.76144185
5709.52326425717,35.81980102
5713.34271538648,33.94775078
5717.1621665158,34.57663638
5720.98161764511,36.0909742100026
5724.80106877442,38.3566167
5728.62051990374,38.48788286
5732.43997103305,37.12908074
5734.34969659771,37.04865026
5736.25942216236,36.4526706499982
5738.16914772702,34.84808768
5740.07887329168,34.36186977
5741.98859885633,34.37642176
5743.89832442099,34.41003275
5745.80804998565,36.7866322000027
5747.71777555031,39.17103766
5749.62750111496,38.70403527
5751.53722667962,36.41455103
5753.44695224428,34.15592285
5755.35667780893,34.8782450400021
5759.17612893824,36.74477518
5766.81503119687,33.68438112
5774.4539334555,32.39229656
5782.09283571413,34.10034581
5789.73173797275,35.2514266499997
5797.37064023138,34.97745044
5805.00954249001,33.60660828
5812.64844474864,33.36326808
5820.28734700726,33.65335174
5827.92624926589,36.5149455299998
5835.56515152452,36.37300559
5843.20405378315,34.49145047
5850.84295604177,34.45916973
5854.66240717108,35.27522256
5858.4818583004,34.4867940199999
5862.30130942971,34.39458259
5866.12076055903,34.37751684
5869.94021168834,34.37421806
5871.849937253,34.37771405
5873.75966281765,34.8022133299986
5877.57911394697,33.58997868
5881.39856507628,33.47523659
5889.03746733491,34.00700439
5892.85691846422,34.3907027
5896.67636959354,34.9937948200011
5900.49582072285,35.95132775
5904.31527185216,35.38475514
5908.13472298148,32.97954769
5910.04444854613,32.1012589
5911.95417411079,33.5649969100021
5913.86389967544,35.43915031
5915.7736252401,34.93066078
5917.68335080476,36.13768281
5919.59307636942,37.08427938
5921.50280193407,36.1538899699976
5923.41252749873,34.06290988
5925.32225306338,35.00237031
5927.23197862804,37.00205931
5929.1417041927,35.97624648
5931.05142975736,34.8745883700025
5932.96115532201,37.06575808
5934.87088088667,40.22949828
5936.78060645133,39.89033986
5938.69033201599,37.72929653
5940.60005758064,37.1055746800015
5942.5097831453,38.46424595
5944.41950870995,39.2208533
5946.32923427461,37.92575755
5948.23895983927,37.68592918
5950.14868540392,36.9592878800007
5952.05841096858,37.54294905
5953.96813653324,37.92195822
5955.8778620979,37.74620293
5957.78758766255,38.72045549
5959.69731322721,39.962003189998
5961.60703879187,38.20465253
5963.51676435652,36.10646101
5965.42648992118,37.9554113
5969.24594105049,38.82438837
5973.06539217981,38.1740542200007
5976.88484330912,38.80802115
5980.70429443843,40.77325401
5984.52374556775,41.44750508
5988.34319669706,41.54786535
5990.25292226172,42.2983295699986
5992.16264782637,41.02382491
5993.1175106087,39.45100609
5994.07237339103,37.91242892
5995.02723617336,36.72239938
5995.98209895569,38.4648273000046
5996.93696173802,42.5208406
5997.89182452035,43.43368643
5998.84668730267,40.95228605
5999.801550085,36.53068995
6000.75641286733,35.7189717700022
6001.71127564966,37.67203443
6002.66613843199,38.62673213
6003.62100121432,37.09361448
6005.53072677897,36.18140329
6006.4855895613,36.586854179999
6007.44045234363,35.73639991
6008.39531512596,36.42190107
6009.35017790829,36.44336037
6011.25990347294,36.18009746
6013.1696290376,36.9601205400015
6015.07935460226,38.28550044
6016.98908016691,38.54422188
6018.89880573157,38.75388789
6020.80853129623,39.25713168
6022.71825686088,39.3155172599991
6024.62798242554,38.49565051
6026.5377079902,38.66956654
6028.44743355485,39.71055772
6030.35715911951,38.79709297
6032.26688468417,37.8294116600006
6034.17661024882,38.37298706
6036.08633581348,38.28831925
6037.99606137814,39.32837186
6041.81551250745,40.00933607
6045.63496363676,42.2179969599999
6049.45441476608,42.10403112
6053.27386589539,38.22498769
6055.18359146005,36.11676846
6057.0933170247,38.44715004
6059.00304258936,41.4315303500017
6060.91276815402,42.90013278
6062.82249371868,41.05495233
6064.73221928333,38.34172662
6066.64194484799,38.94575065
6068.55167041265,41.7787863100025
6070.4613959773,43.94139292
6072.37112154196,42.99482704
6074.28084710662,41.03098611
6076.19057267127,40.552844
6078.10029823593,39.6513461499979
6080.01002380059,37.80354575
6081.91974936524,37.14102705
6083.8294749299,40.31005119
6087.64892605921,41.42125024
6091.46837718853,39.8488395500007
6095.28782831784,40.432013
6099.10727944715,43.20015283
6102.92673057647,42.54062885
6106.74618170578,40.43078005
6110.5656328351,38.8722725099989
6112.47535839975,37.89775672
6114.38508396441,37.47472411
6116.29480952907,37.17204932
6118.20453509372,36.53391907
6120.11426065838,37.3771147900021
6122.02398622304,39.2648266
6123.93371178769,38.4629829
6125.84343735235,37.10005538
6127.75316291701,36.93899503
6129.66288848166,37.945153950001
6131.57261404632,38.80548304
6133.48233961098,39.6313203
6135.39206517563,38.78604418
6137.30179074029,35.95991489
6139.21151630495,34.8105217300024
6141.1212418696,36.95262975
6143.03096743426,38.75772163
6144.94069299892,37.85307219
6145.89555578125,36.88902587
6146.85041856357,36.0889312299995
6147.8052813459,35.64161178
6148.76014412823,36.60175611
6149.71500691056,37.24259123
6150.66986969289,38.01052486
6151.62473247522,38.79179105
6152.57959525754,38.78740705
6153.53445803987,39.02884253
6154.4893208222,39.87488546
6155.44418360453,40.13299372
6156.39904638686,39.2369039399999
6157.35390916919,39.15501238
6158.30877195152,40.22890762
6159.26363473384,38.53774839
6160.21849751617,35.58849607
6162.12822308083,36.3920371200035
6164.03794864549,39.49968818
6165.94767421014,40.15597884
6167.8573997748,39.37321353
6169.76712533946,36.9538771
6171.67685090411,36.1017341400012
6175.49630203343,37.13870623
6179.31575316274,37.92673759
6183.13520429205,37.9032655
6185.04492985671,37.90176489
6186.95465542137,37.8995917
6188.86438098602,37.86679608
6190.77410655068,38.5257895
6192.68383211534,38.73850691
6194.59355767999,37.94526972
6198.41300880931,37.9923964400028
6202.23245993862,40.41020008
6204.14218550328,40.78408729
6206.05191106794,39.17796075
6207.00677385026,38.45309303
6207.96163663259,37.6949802400002
6209.87136219725,37.87752332
6211.7810877619,37.85567733
6213.69081332656,36.57650073
6215.60053889122,36.11093625
6217.51026445587,37.2338678200033
6219.41999002053,40.0956297
6221.32971558519,41.06424899
6223.23944114985,41.41847768
6225.1491667145,41.99023379
6227.05889227916,39.6314770899972
6228.96861784382,37.20387867
6230.87834340847,37.9973075
6232.78806897313,38.81591535
6236.60752010244,37.78536189
6240.42697123176,36.1973148299983
6242.33669679641,34.67261291
6244.24642236107,34.3833594
6246.15614792573,36.59777083
6248.06587349038,39.69218614
6249.97559905504,39.1498344600007
6251.8853246197,39.74496157
6253.79505018436,40.13597892
6255.70477574901,37.70904542
6257.61450131367,37.8983851
6259.52422687832,39.662139170001
6261.43395244298,40.51183575
6262.38881522531,39.32909149
6263.34367800764,39.31650866
6264.29854078997,41.02880338
6265.25340357229,40.7403687999993
6267.16312913695,40.10919749
6269.07285470161,40.09439817
6272.89230583092,39.74325241
6274.80203139558,37.27644114
6276.71175696024,38.0374615900013
6278.62148252489,39.22254645
6280.53120808955,39.85132898
6282.44093365421,41.52508995
6286.26038478352,40.81352194
6290.07983591283,37.3206626199991
6293.89928704215,36.53023768
6297.71873817146,38.03670308
6301.53818930078,38.95812209
6305.35764043009,37.29659776
6309.1770915594,37.0086465499995
6312.99654268871,36.56121871
6316.81599381803,36.52854083
6320.63544494734,37.05777255
6324.45489607666,37.69518449
6332.09379833528,39.2182901399989
6335.9132494646,38.21053035
6339.73270059391,37.61651859
6343.55215172322,38.96692909
6347.37160285254,39.67427906
6351.19105398185,38.0130497599985
6355.01050511117,36.68987839
6358.82995624048,37.11290141
6362.64940736979,39.47556336
6366.46885849911,40.99510439
6370.28830962842,40.2026855599988
6374.10776075773,39.15001382
6377.92721188705,39.0698815
6381.74666301636,38.2533849
6385.56611414567,37.46399666
6387.47583971033,36.6674565599989
6389.38556527499,35.74117937
6391.29529083964,37.84284533
6393.2050164043,39.84091801
6395.11474196896,40.26955827
6397.02446753362,40.4508450300007
6398.93419309827,41.04214495
6400.84391866293,42.20250943
6402.75364422758,43.74920451
6404.66336979224,45.1495377
6406.5730953569,45.0862080499961
6408.48282092155,41.63271934
6410.39254648621,39.12225346
6412.30227205087,40.80567885
6414.21199761552,38.98250758
6416.12172318018,37.3684669799995
6418.03144874484,36.96351792
6419.9411743095,36.4879661
6421.85089987415,39.40247975
6423.76062543881,41.24692171
6424.71548822114,41.6716556999977
6427.58007656812,39.64819873
6429.48980213278,39.02785846
6431.39952769744,40.93076836
6433.30925326209,39.15811369
6434.26411604442,35.5566900299996
6435.21897882675,35.1938602
6436.17384160908,36.46173091
6437.12870439141,38.04984071
6438.08356717374,38.81003149
6439.03842995606,39.6014958400003
6439.99329273839,39.90322448
6440.94815552072,40.23686957
6441.90301830305,39.79695781
6442.85788108538,38.65784309
6443.8127438677,38.3219680999973
6444.76760665003,35.97229309
6445.72246943236,34.26554073
6446.67733221469,33.86310481
6448.58705777935,34.82901561
6450.496783344,37.9315861300029
6452.40650890866,40.46983048
6454.31623447332,39.91014818
6458.13568560263,41.71631108
6461.95513673195,44.43309918
6463.8648622966,43.1991130599963
6465.77458786126,39.94132776
6467.68431342592,37.94612492
6469.59403899057,39.40204955
6471.50376455523,41.76307024
6473.41349011989,41.2253519599982
6475.32321568454,39.64439739
6477.2329412492,38.26292453
6478.18780403153,37.36811882
6479.14266681386,38.06359836
6480.09752959619,42.241147150003
6481.05239237851,44.91170233
6482.00725516084,44.82778415
6482.96211794317,44.8858408
6483.9169807255,43.49749852
6484.87184350783,40.552530399998
6485.82670629015,38.8151881
6486.78156907248,38.27120883
6487.73643185481,39.44930508
6488.69129463714,42.60395596
6490.6010202018,44.6503047599979
6496.33019689577,42.81955051
6503.96909915439,41.79672183
6511.60800141302,41.4759958
6519.24690367165,40.04904296
6526.88580593028,41.1158872600013
6530.70525705959,42.28064105
6534.5247081889,40.93153535
6538.34415931822,40.60738961
6540.25388488287,39.63441687
6542.16361044753,38.4325155200019
6544.07333601218,40.14173223
6545.98306157684,41.73209072
6547.8927871415,42.21424813
6549.80251270616,42.73106341
6553.62196383547,42.69180664
6555.53168940012,42.69480367
6557.44141496478,43.48663211
6559.35114052944,44.04827695
6561.2608660941,43.08243836
6565.08031722341,40.5779496499979
6568.89976835273,38.73405875
6572.71921948204,37.3441592
6576.53867061135,39.39596239
6580.35812174067,41.93179961
6584.17757286998,42.27619163
6587.99702399929,42.23763867
6591.81647512861,42.02281565
6595.63592625792,39.62006516
6599.45537738723,37.78670231
6603.27482851655,38.326985470002
6607.09427964586,40.09125775
6609.00400521052,39.01987273
6609.95886799285,40.51356779
6610.91373077517,43.43292645
6611.8685935575,44.4651835299972
6612.82345633983,42.00099196
6613.77831912216,41.55795507
6614.73318190449,42.05788604
6615.68804468682,43.57087268
6616.64290746914,42.7490601599988
6617.59777025147,41.68200216
6618.5526330338,43.24828864
6619.50749581613,45.38761563
6620.46235859846,43.02272229
6621.41722138079,39.6588963700004
6622.37208416312,40.04400028
6623.32694694545,42.2274905
6624.28180972777,42.50776484
6625.2366725101,40.10331323
6626.19153529243,38.5773047399992
6627.14639807476,37.86723275
6628.10126085709,35.84645305
6629.05612363942,35.7007069
6629.53355503058,37.31288379
6630.01098642174,38.8869756900019
6630.48841781291,40.56928356
6630.96584920407,43.41459111
6631.44328059524,42.19009149
6631.9207119864,40.12089357
6632.39814337757,39.6059707599985
6632.87557476873,38.25387559
6633.35300615989,37.82024733
6633.83043755106,39.56820976
6634.30786894222,40.71782955
6634.78530033338,40.470908119999
6635.26273172455,39.56350292
6635.74016311571,40.12495188
6636.69502589804,41.34153389
6637.64988868037,41.31041057
6639.55961424502,41.8283789099998
6641.46933980968,41.63747276
6643.37906537434,40.47025013
6645.288790939,40.02851183
6647.19851650366,40.04558289
6649.10824206831,40.0956725799987
6651.01796763297,38.9684069
6652.92769319762,38.28643047
6654.83741876228,37.50109041
6656.74714432693,36.62651057
6658.65686989159,37.7686965800032
6660.56659545625,40.59033212
6662.47632102091,40.95520031
6664.38604658556,40.7122801
6666.29577215022,42.6268968
6668.20549771488,44.01052276
6669.16036049721,44.00999538
6670.11522327954,44.53307709
6671.07008606187,43.47322864
6672.02494884419,43.32379366
6672.97981162652,41.1413765399977
6673.93467440885,39.15391708
6674.88953719118,41.48251028
6675.8443999735,42.3727397
6676.79926275583,40.88503106
6677.75412553816,40.4397048699987
6679.66385110282,39.28776193
6680.61871388515,38.22246961
6681.57357666747,38.08668252
6682.5284394498,37.88715718
6683.48330223213,39.6318082300013
6684.43816501446,40.7918242
6685.39302779679,43.10778568
6686.34789057912,43.99323228
6687.30275336145,41.58965521
6687.78018475261,40.0818054599994
6688.25761614378,39.56320094
6688.73504753494,40.45976622
6689.2124789261,41.91399137
6689.68991031727,40.81529965
6690.16734170843,38.4146025799997
6690.6447730996,38.14041304
6691.12220449076,38.35057502
6692.07706727309,37.31363383
6693.03193005542,37.86154005
6693.98679283775,39.5630817600012
6694.94165562007,40.58233584
6695.8965184024,40.53165137
6696.85138118473,37.47187075
6697.80624396706,35.20247831
6698.76110674939,35.4421905400027
6699.71596953172,37.84001697
6700.67083231404,40.88705686
6701.62569509637,43.69956904
6702.5805578787,43.72795931
6703.53542066103,41.3797215099974
6704.49028344336,39.12249017
6705.44514622569,38.82060592
6706.40000900801,39.16031515
6707.35487179034,39.84123205
6708.30973457267,41.48227325
6709.264597355,41.4725435
6710.21946013733,40.91800778
6711.17432291966,41.74061242
6712.12918570198,41.29192785
6713.08404848431,40.4072412000014
6714.03891126664,41.6609391
6714.99377404897,42.69909681
6715.9486368313,42.62212353
6716.90349961363,43.59504482
6717.85836239595,43.0175374499959
6718.81322517828,39.4325505
6719.76808796061,40.50269427
6720.72295074294,43.98001788
6721.67781352527,43.04421908
6722.6326763076,42.2371889399994
6723.58753908993,41.68621214
6724.54240187225,40.10138018
6725.49726465458,38.83222772
6726.45212743691,38.22840856
6727.40699021924,38.1063944799982
6728.36185300157,36.49747633
6729.3167157839,36.76656833
6731.22644134855,40.65368352
6733.13616691321,40.4253073
6735.04589247787,38.6630091800006
6736.95561804252,39.16714458
6738.86534360718,40.41161939
6740.77506917184,41.20924
6742.68479473649,41.25861744
6744.59452030115,39.9085243599982
6748.41397143046,38.34065993
6750.32369699512,38.44778183
6752.23342255978,39.24737875
6754.14314812444,37.97466898
6756.05287368909,37.4323452000005
6757.96259925375,37.87005538
6759.87232481841,36.82670282
6761.78205038306,36.02613264
6763.69177594772,36.62296463
6765.60150151238,37.4032939299992
6767.51122707703,36.70839803
6769.42095264169,34.41521012
6771.33067820634,31.79582016
6773.240403771,33.78260619
6775.15012933566,36.8809303100008
6777.05985490031,37.6214665
6778.96958046497,36.02114277
6780.87930602963,35.75364654
6782.78903159429,36.5602156
6784.69875715895,38.9106553900024
6786.6084827236,40.9856438
6788.51820828826,38.2592456
6790.42793385291,37.55838749
6794.24738498223,39.16036072
6798.06683611154,40.4402069699985
6801.88628724085,39.10517818
6805.70573837017,36.73925894
6809.52518949948,36.61172488
6813.34464062879,37.81324446
6817.16409175811,40.0410121800011
6820.98354288742,41.01963708
6824.80299401674,39.10851385
6826.71271958139,36.47685689
6828.62244514605,37.308707
6830.53217071071,37.3959314100002
6832.44189627536,37.55155251
6834.35162184002,38.38388571
6836.26134740468,38.72454815
6838.17107296933,37.63468421
6840.08079853399,36.6465057700018
6841.99052409864,38.21179978
6843.9002496633,38.74764196
6845.80997522796,39.56452306
6847.71970079262,40.02195844
6848.67456357495,40.5524900200001
6849.62942635727,40.68089923
6850.5842891396,39.04980749
6851.53915192193,37.32627224
6853.44887748659,40.25680192
6855.35860305125,42.6491230299995
6857.2683286159,42.20118639
6859.17805418056,41.36904269
6861.08777974522,39.17403621
6862.99750530987,36.61510418
6863.9523680922,36.8481450200027
6864.90723087453,39.22596772
6865.86209365686,39.15816769
6866.81695643918,39.14291277
6870.6364075685,38.81158406
6872.54613313316,37.2289957199997
6874.45585869781,36.95535189
6875.41072148014,37.74408952
6876.36558426247,38.15321284
6877.3204470448,37.70243216
6878.27530982713,35.8399680899988
6879.23017260945,34.77363848
6880.18503539178,33.79621927
6882.09476095644,34.18889662
6884.0044865211,32.77649436
6885.91421208575,33.1493971700046
6887.82393765041,37.17332281
6889.73366321507,40.68299568
6891.64338877973,39.84916242
6893.55311434438,38.05826888
6895.46283990904,36.4742451499986
6897.37256547369,35.21921889
6899.28229103835,36.22880103
6901.19201660301,36.18366525
6903.10174216766,35.11723977
6905.01146773232,34.7573642700009
6906.92119329698,35.57079839
6908.83091886163,35.56021472
6912.65036999095,36.82732163
6916.46982112026,38.33945249
6918.37954668492,37.5236997499983
6920.28927224957,35.98744079
6922.19899781423,36.96546524
6924.10872337889,37.27889558
6926.01844894354,36.96156314
6927.9281745082,35.3990646399977
6929.83790007286,33.39097592
6931.74762563752,34.79426022
6933.65735120217,39.96629628
6935.56707676683,39.63926312
6937.47680233149,36.8079027899989
6939.38652789614,35.80007263
6941.29625346081,36.76546619
6943.20597902546,38.36000083
6945.11570459011,38.74320636
6947.02543015477,37.9037010400007
6950.84488128408,38.53158637
6954.6643324134,38.60952998
6958.4837835427,38.27307879
6962.30323467202,37.8013537
6966.12268580134,38.5997646300002
6969.94213693065,38.75413057
6973.76158805997,38.2656723
6977.58103918928,37.84718674
6981.40049031859,38.92974427
6985.21994144791,40.1816301299985
6989.03939257721,38.86929462
6992.85884370653,37.3459787
6996.67829483584,38.18493099
7000.49774596516,39.78857868
7004.31719709447,40.4973241099999
7008.13664822379,40.38451189
7011.95609935311,40.0402643
7015.77555048241,40.76400837
7019.59500161173,41.37992119
7023.41445274104,41.36478082
7027.23390387035,41.36388054
7031.05335499967,41.36180245
7034.87280612898,41.08445469
7038.6922572583,39.57543256
7042.51170838761,38.1323779599986
7046.33115951692,36.88163331
7050.15061064624,36.51012539
7052.0603362109,37.84023403
7053.97006177555,39.28804
7054.92492455788,38.0520765699982
7055.87978734021,36.49776416
7056.83465012254,35.78131819
7057.78951290486,33.51802589
7058.74437568719,31.34705294
7059.69923846952,32.3037685000017
7060.65410125185,33.83627892
7061.60896403418,37.24084439
7062.5638268165,40.27814418
7063.51868959883,38.85132902
7064.47355238116,37.8028567099991
7065.42841516349,36.99608281
7066.38327794582,37.24449088
7067.33814072815,38.07177043
7068.29300351048,38.23298845
7069.2478662928,39.1884830799983
7070.20272907513,37.72989492
7071.15759185747,35.13032781
7072.11245463979,36.25490162
7073.06731742212,39.8686705
7074.02218020445,40.4888297500004
7074.97704298678,40.82956672
7075.9319057691,40.945874
7076.88676855143,40.31558366
7077.84163133376,40.07102691
7078.79649411609,40.9020185000004
7079.75135689841,41.22881862
7080.70621968075,40.16715186
7081.66108246307,37.50186583
7082.6159452454,36.55259176
7083.57080802773,39.7785448100017
7084.52567081006,41.24912628
7086.43539637472,40.36514349
7088.34512193938,37.26196022
7092.16457306869,36.51567048
7095.98402419801,37.8089778000003
7099.80347532731,38.04959655
7101.71320089197,38.04184953
7103.62292645663,36.91235878
7105.53265202128,36.9148857
7107.44237758594,36.9554841400001
7109.3521031506,37.00069781
7111.26182871525,36.46259442
7113.17155427991,36.97342927
7115.08127984457,37.80999259
7116.99100540923,36.9137779599985
7118.90073097388,35.57390629
7120.81045653854,35.66693973
7122.7201821032,34.79849087
7124.62990766785,35.42086228
7126.53963323251,36.3257556500001
7128.44935879716,36.41040806
7130.35908436182,35.59222816
7132.26880992648,35.54913695
7134.17853549113,37.07681708
7136.08826105579,39.3769492000012
7137.99798662045,40.45855194
7138.95284940278,38.6908795
7139.90771218511,37.67216992
7140.86257496744,39.23996316
7141.81743774976,39.6916391799972
7142.77230053209,37.22806181
7143.72716331442,36.48431769
7144.68202609675,38.81277571
7145.63688887908,40.9042051
7146.5917516614,38.9798113299955
7147.54661444373,35.02580379
7148.50147722606,34.59861345
7149.45634000839,37.27552884
7150.41120279072,38.87739389
7151.36606557305,40.074487780001
7152.32092835538,40.93209655
7153.2757911377,40.89494726
7155.18551670236,40.43978371
7157.09524226702,39.58550066
7159.00496783167,39.6297318700014
7160.91469339633,40.88623017
7162.82441896098,40.3011796
7163.77928174331,38.57175106
7164.73414452564,39.4515917
7165.68900730797,40.95256236
7166.6438700903,40.97149982
7167.59873287263,39.76577197
7168.55359565496,38.57123096
7170.46332121961,39.81201989
7172.37304678427,41.3722303499998
7172.85047817543,41.18429558
7173.3279095666,39.11204447
7173.80534095776,37.12383198
7174.28277234893,36.95314783
7175.23763513126,37.3771215900013
7176.19249791358,38.55152449
7178.10222347824,37.81357403
7179.05708626057,36.95110143
7180.0119490429,39.26967623
7180.96681182523,40.8686180199992
7181.92167460755,40.20819154
7182.87653738988,38.7271748
7183.83140017221,38.48298452
7184.78626295454,40.92728289
7185.74112573687,40.9217633700003
7186.6959885192,41.17753829
7187.65085130153,41.28641445
7189.56057686619,39.41908594
7191.47030243084,38.69417515
7193.3800279955,40.5592824400015
7195.28975356015,41.83868032
7197.19947912481,38.72329727
7199.10920468947,36.02143429
7201.01893025412,38.02495627
7202.92865581878,41.2122434500014
7203.88351860111,42.42703427
7204.83838138344,40.70915569
7205.79324416577,37.39682907
7206.74810694809,34.9536415
7207.70296973042,34.1982193600035
7208.65783251275,37.31981728
7209.61269529508,40.12020722
7210.56755807741,39.23935078
7211.52242085973,36.54421462
7212.47728364206,35.0772753700014
7213.43214642439,36.28277957
7214.38700920672,36.52589114
7215.34187198905,36.41850407
7216.29673477138,39.15243662
7217.25159755371,40.9599996599977
7218.20646033603,38.94149366
7219.16132311836,37.40380099
7220.11618590069,36.36526002
7221.07104868302,35.07541015
7222.02591146535,37.562284750003
7222.98077424768,40.16427642
7223.93563703001,40.08000396
7224.89049981233,39.17574894
7225.84536259466,40.32064553
7226.80022537699,41.0059494599988
7227.75508815932,39.97989863
7228.70995094165,38.37157499
7229.66481372397,38.56088379
7231.57453928863,39.49233081
7233.48426485329,41.0662132299998
7235.39399041794,40.92858298
7237.3037159826,38.53369435
7239.21344154726,36.88626099
7241.12316711191,36.05813325
7243.03289267657,36.0917932499995
7244.94261824123,35.67795233
7246.85234380588,36.27051608
7248.76206937054,38.70328795
7249.71693215287,39.45824497
7250.6717949352,39.9596073700008
7251.62665771753,40.6709023
7252.58152049986,42.59081988
7253.53638328218,42.51888256
7254.49124606451,40.39657828
7255.44610884684,37.4687609399989
7256.40097162917,36.46112367
7257.3558344115,37.40345128
7258.31069719383,39.03920231
7259.26555997615,37.00711383
7260.22042275848,35.0652954999993
7261.17528554081,34.43601133
7262.13014832314,35.77289982
7263.08501110547,38.33259635
7264.0398738878,40.03175101
7264.99473667013,40.0173288199979
7265.94959945246,38.18203959
7266.90446223478,38.23671171
7267.85932501711,38.56765651
7268.81418779944,37.56908555
7269.76905058177,36.7535102500028
7270.72391336409,39.17633265
7271.67877614642,38.21571885
7273.58850171108,37.61839859
7275.49822727573,37.56767547
7277.40795284039,36.2555673099986
7279.31767840505,35.0122492
7283.13712953436,34.45834585
7286.95658066368,34.05228554
7290.77603179299,34.92996503
7294.59548292231,35.2372254599985
7298.41493405162,33.94755714
7302.23438518093,30.74667784
7306.05383631025,32.46848444
7309.87328743956,35.91726034
7313.69273856887,36.8030160300009
7317.51218969819,37.59214214
7321.3316408275,38.29555949
7325.15109195681,35.68260078
7328.97054308613,32.56822272
7332.78999421544,31.144837920003
7336.60944534475,33.7954182
7340.42889647407,35.47581218
7344.24834760338,35.43909689
7351.88724986201,33.66524094
7355.70670099132,31.5127043200018
7359.52615212064,33.11160129
7363.34560324995,36.12166273
7367.16505437926,36.70369039
7370.98450550858,37.84918979
7374.80395663789,38.5629229400009
7378.62340776721,39.39069496
7382.44285889652,38.86170132
7386.26231002583,38.09348769
7390.08176115515,37.30588209
7393.90121228446,36.5094390999991
7397.72066341377,35.68083426
7401.54011454309,36.53775176
7403.44984010774,38.67424999
7404.40470289007,40.14867022
7405.3595656724,40.394433139999
7407.26929123705,39.528407
7409.17901680171,40.21570727
7411.08874236637,39.68596273
7412.99846793103,36.49453947
7414.90819349568,33.0448176599983
7416.81791906034,31.55286596
7418.727644625,32.62947206
7420.63737018965,32.76085098
7422.54709575431,32.2641584
7424.45682131897,33.7837760500013
7428.27627244828,34.89513692
7432.09572357759,35.58984168
7435.91517470691,36.83841031
7439.73462583622,36.24404407
7443.55407696554,34.5333539200019
7447.37352809485,36.17000009
7451.19297922416,39.30677398
7453.10270478881,39.14725104
7455.01243035348,37.78294623
7456.92215591813,37.8657884100019
7458.83188148279,39.49955881
7459.78674426512,39.76919491
7460.74160704745,41.29457206
7461.69646982978,42.82582969
7462.6513326121,42.8412110399963
7463.60619539443,39.61560299
7464.56105817676,40.26644731
7465.51592095909,41.35670395
7466.47078374142,42.30765812
7467.42564652374,41.3777065799973
7468.38050930607,39.01332023
7469.3353720884,35.04776259
7470.29023487073,33.77064563
7471.24509765306,37.97519142
7472.19996043539,39.4756422599991
7473.15482321771,38.67646766
7474.10968600004,38.07283348
7475.06454878237,38.13127674
7476.0194115647,39.81962835
7476.97427434703,40.9982686199986
7477.92913712936,39.74234657
7479.83886269402,39.0176064
7481.74858825867,38.44412685
7482.703451041,35.71327838
7483.65831382333,34.0907956399974
7484.61317660566,31.7659832
7485.56803938799,31.45835086
7486.04547077915,34.81954783
7486.52290217031,36.72694713
7487.00033356148,36.758697249999
7487.23904925706,35.90563807
7487.47776495264,33.81580109
7487.71648064823,33.0835358
7487.95519634381,33.24085482
7488.19391203939,35.2915768000011
7488.43262773497,36.28651369
7488.67134343055,35.89039782
7488.91005912613,35.76761338
7489.14877482172,36.24668994
7489.3874905173,35.3940268299997
7489.86492190846,35.135389190001
7490.34235329963,36.05047689
7490.81978469079,35.28553555
7491.29721608196,33.61230098
7492.25207886428,35.3891427700023
7493.20694164661,37.4088008800003
7494.16180442894,37.70278782
7495.11666721127,37.15631239
7496.0715299936,38.13921509
7497.02639277592,38.9893411099995
7497.98125555825,38.5649482600003
7498.93611834058,38.86314996
7499.89098112291,37.86818368
7500.84584390524,34.54840423
7501.80070668757,33.6188391600004
7502.7555694699,33.9517253599984
7503.71043225222,32.55724598
7504.66529503455,33.29843225
7505.62015781688,34.91592222
7506.57502059921,35.82258252
7507.52988338154,35.8497151499991
7508.48474616387,35.10160902
7512.30419729318,37.18105743
7516.12364842249,40.45503844
7519.94309955181,40.9086672299976
7523.76255068112,38.8164983499969
7527.58200181043,36.10264687
7531.40145293975,36.20535716
7535.22090406906,38.36170966
7539.04035519837,38.5542732599994
7542.85980632769,38.0022414399967
7546.679257457,35.05951365
7550.49870858632,35.07111151
7554.31815971563,36.42983728
7558.13761084494,36.7386511199985
7561.95706197426,35.4365451199975
7565.77651310357,33.24540441
7566.7313758859,33.64306338
7567.68623866823,35.77776575
7568.64110145055,36.5518740100002
7569.59596423288,36.71797379
7571.50568979754,36.73824792
7573.4154153622,35.66964435
7575.32514092685,35.00715658
7577.23486649151,35.8748052500015
7581.05431762082,37.1803025999992
7584.87376875014,36.48668253
7588.69321987945,35.77650258
7592.51267100876,35.81219072
7596.33212213808,35.8023141900012
7600.15157326739,36.8325290300036
7603.97102439671,40.0411158
7607.79047552602,40.16034361
7611.60992665533,37.53084214
7615.42937778465,36.8792499000009
7619.24882891396,37.6623204599985
7623.06828004327,36.335886
7626.88773117259,34.09020671
7630.7071823019,34.96468834
7632.61690786656,35.7532493300002
7634.52663343121,35.9612681200016
7636.43635899587,37.35680405
7638.34608456053,37.25288603
7640.25581012519,34.94567628
7642.16553568984,35.3409463400022
7644.0752612545,37.2944168200027
7645.98498681916,39.70788658
7646.93984960148,40.97587577
7647.89471238381,39.53665275
7648.84957516614,36.7823461499991
7649.80443794847,35.9999817300016
7651.71416351312,37.42817342
7653.62388907778,37.61189515
7657.4433402071,36.89058418
7661.26279133641,35.1569142900016
7665.08224246572,36.5331141500008
7668.90169359504,37.21185133
7672.72114472435,35.85861272
7676.54059585366,36.60875293
7680.36004698298,37.5917294399987
7684.17949811229,36.4176490899983
7687.9989492416,34.92794702
7691.81840037092,37.28535796
7695.63785150023,40.34739455
7699.45730262954,42.7979252899978
7703.27675375886,40.8550763699989
7707.09620488817,39.88736939
7710.91565601749,39.48965444
7714.7351071468,38.51337378
7718.55455827611,37.5234494199996
7722.37400940543,37.18618989
7726.19346053474,37.16379313
7730.01291166405,38.0391843
7733.83236279337,38.53039753
7737.65181392268,37.3705599799986
7741.471265052,36.1306785500015
7745.29071618131,37.45671161
7747.20044174596,38.55663491
7749.11016731062,37.90456066
7751.01989287528,37.67930334
7752.92961843994,37.6695166199991
7754.83934400459,36.85898155
7756.74906956925,36.92487298
7758.65879513391,38.30053075
7760.56852069856,38.55779264
7762.47824626322,38.5220940399975
7764.38797182787,36.36554449
7766.29769739253,37.29095205
7768.20742295719,39.6702644
7770.11714852185,41.3872375100001
7772.0268740865,41.4987727499972
7773.93659965116,39.05782082
7775.84632521582,37.59835194
7777.75605078047,37.97571604
7779.66577634513,39.1037192100019
7781.57550190979,40.7442822000009
7783.48522747444,41.55432324
7785.3949530391,42.26025599
7787.30467860376,42.6840379
7789.21440416842,42.2434695299965
7791.12412973307,39.1733300299955
7793.03385529773,35.24094217
7794.94358086238,34.89306457
7796.85330642704,35.08354162
7798.7630319917,36.5975008300028
7800.67275755636,39.01546982
7802.58248312101,39.00955076
7804.49220868567,39.0561226
7806.40193425033,38.50480586
7808.31165981498,37.6683388800009
7810.22138537964,38.4179228799991
7812.13111094429,37.61572063
7814.04083650895,36.26434223
7815.95056207361,38.52364287
7817.86028763827,40.4010720499992
7821.67973876758,39.6638980299963
7825.49918989689,36.42998854
7829.31864102621,35.02659515
7833.13809215552,34.91397172
7836.95754328483,34.8895327100014
7840.77699441415,36.1564754800006
7844.59644554346,36.67795185
7848.41589667278,34.67738429
7852.23534780209,33.07416565
7856.0547989314,32.9792734100014
7859.87425006071,34.2057350199997
7863.69370119003,33.97670699
7867.51315231934,33.16426878
7871.33260344866,33.22181588
7875.15205457797,34.0267894600014
7877.06178014263,35.2213394100022
7878.97150570728,37.12765563
7880.88123127194,37.52717443
7882.7909568366,36.72956152
7884.70068240126,36.73686918
7886.61040796591,36.7465698499993
7890.42985909522,36.11963791
7894.24931022454,33.66572775
7898.06876135385,33.30774082
7901.88821248317,38.1344435500031
7905.70766361248,40.8612540399976
7909.52711474179,38.70883143
7913.34656587111,35.2039483
7917.16601700042,35.49288133
7919.07574256508,36.3456562699985
7920.98546812973,35.01363056
7922.89519369439,34.99444086
7924.80491925905,35.81417162
7926.71464482371,36.94845522
7928.62437038836,37.7883373299981
7930.53409595302,36.1170926199997
7932.44382151767,35.80850758
7934.35354708233,35.80277977
7936.26327264699,35.73252789
7938.17299821164,34.8965186600015
7940.0827237763,36.2282901300002
7941.99244934096,36.37848799
7943.90217490562,34.72327658
7945.81190047027,34.82352164
7947.72162603493,35.6545044100001
7949.63135159958,35.7808233200006
7951.54107716424,36.27993406
7953.4508027289,36.44517602
7955.36052829356,35.77831148
7959.17997942287,35.80897378
7962.99943055218,35.8169336700002
7966.8188816815,36.03219666
7970.63833281081,36.68749147
7974.45778394012,35.33528682
7978.27723506944,33.7087331500002
7980.18696063409,33.9147662600046
7982.09668619875,37.99445891
7985.91613732806,39.45034412
7989.73558845738,39.1573785
7993.55503958669,39.6263782900014
7997.37449071601,40.8855477000011
8001.19394184532,41.88926216
8005.01339297463,40.40713106
8008.83284410395,39.46409337
8012.65229523326,39.4794465199997
8014.56202079792,39.22320406
8016.47174636257,39.23858902
8020.29119749189,40.8760707
8024.1106486212,40.17412814
8027.93009975051,39.2607584499998
8029.83982531517,39.061547459999
8031.74955087983,38.21275132
8033.65927644448,37.62667244
8035.56900200914,37.62125427
8037.4787275738,38.1217624500009
8039.38845313846,38.9321618099999
8041.29817870311,38.8397609
8043.20790426777,38.01416429
8045.11762983242,35.50869207
8047.02735539708,34.7617414000021
8048.93708096174,36.6154692300017
8050.8468065264,38.11920975
8052.75653209105,36.59460632
8054.66625765571,34.79224587
8056.57598322036,35.4900674300009
8058.48570878502,36.2435654199985
8060.39543434968,34.94131917
8062.30515991433,33.87177034
8064.21488547899,35.39075012
8066.12461104365,38.031993930002
8068.03433660831,39.8069480999989
8069.94406217296,38.86904967
8071.85378773762,36.44291348
8073.76351330228,35.13533252
8075.67323886693,37.5968536200017
8077.58296443159,39.0567831300005
8079.49268999625,39.49364144
8081.4024155609,39.38912834
8083.31214112556,37.44741807
8085.22186669022,38.0002442100019
8087.13159225488,39.6488811600002
8089.04131781953,39.78347714
8090.95104338419,39.4862398
8092.86076894884,39.52375189
8094.7704945135,38.9353027200007
8096.68022007816,39.5328005799995
8098.58994564281,39.0811164
8100.49967120747,38.69410591
8102.40939677213,41.69531856
8104.31912233678,43.591660029996
8106.22884790145,40.097898989996
8108.1385734661,36.55108994
8110.04829903076,34.53389233
8111.95802459541,35.76523156
8113.86775016007,35.7729371199979
8115.77747572473,33.936384389999
8117.68720128938,33.06100417
8119.59692685404,33.6601319
8121.5066524187,35.50135396
8123.41637798335,34.7913115499996
8125.32610354801,34.4098222000009
8127.23582911267,35.17048095
8129.14555467732,35.78594591
8131.05528024198,33.89413858
8132.96500580663,31.787297330001
8134.87473137129,32.6939388000032
8136.78445693595,35.54057332
8137.73931971828,36.23590544
8138.69418250061,37.56717446
8139.64904528294,39.2320815100003
8140.60390806526,39.48093968
8141.55877084759,39.50772883
8142.51363362992,39.92283182
8144.42335919458,40.33180821
8146.33308475924,39.1194403599991
8148.24281032389,38.314254890001
8150.15253588855,39.18723975
8151.10739867088,39.99499085
8152.0622614532,40.92192007
8153.97198701786,39.9357113899988
8155.88171258252,38.8610683399999
8156.83657536485,38.7925283518182
8157.79143814717,38.7239883636363
8159.70116371183,38.6554483754545
8161.61088927649,38.5869083872727
8165.4303404058,38.5183683990908
8169.24979153512,38.4498284109091
8173.06924266443,38.3812884227273
8176.88869379374,38.3127484345454
8180.70814492306,38.2442084463636
8184.52759605237,38.1756684581818
8188.34704718168,38.10712847
8192.166498311,37.56711432
8195.98594944031,37.9673193
8203.62485169894,37.697348780001
8207.44430282825,38.5452308600006
8209.35402839291,39.07041766
8211.26375395757,40.06037841
8212.21861673989,38.0704904
8213.17347952222,36.7059104899991
8214.12834230455,35.8836467099982
8215.08320508688,34.3170758
8216.03806786921,33.96883936
8216.99293065154,33.97063297
8217.94779343386,33.9502230400006
8218.90265621619,34.4532637200009
8219.85751899852,35.21119387
8220.81238178085,35.56419214
8221.76724456318,36.46200983
8222.72210734551,38.397350240003
8224.63183291016,41.0678388100009
8226.54155847482,41.83890348
8228.45128403947,41.2901372
8230.36100960413,40.84845502
8232.27073516879,40.9080042499994
8234.18046073345,40.3816449199995
8236.0901862981,39.97292675
8237.99991186276,40.13196276
8239.90963742742,42.17977733
8241.81936299208,43.1575172999986
8243.72908855673,41.946037029999
8245.63881412139,41.04127161
8247.54853968604,41.54316469
8249.4582652507,42.63372532
8251.36799081536,45.3285631999981
8253.27771638001,43.6280777799952
8255.18744194467,39.37272577
8257.09716750933,39.30969429
8259.00689307398,41.31055209
8260.91661863864,40.2320393599992
8262.8263442033,39.5122703999979
8264.73606976796,37.68540472
8266.64579533261,34.51838194
8268.55552089727,33.58887539
8270.46524646192,35.5529410000025
8272.37497202658,37.7179502400017
8274.28469759124,39.25744676
8276.1944231559,40.84737073
8278.10414872055,40.26766907
8280.01387428521,38.728060699997
8281.92359984987,36.0748685299992
8283.83332541452,35.37582452
8285.74305097918,35.02216276
8287.65277654384,37.35887632
8289.56250210849,39.9419659
8291.47222767315,39.9138626599996
8293.38195323781,39.58771656
8295.29167880246,38.47775709
8297.20140436712,38.87412309
8299.11112993178,40.7271697100019
8301.02085549644,42.3875799700009
8302.93058106109,43.15803803
8303.88544384342,42.07221968
8304.84030662575,41.00522692
8305.79516940808,40.6874965299971
8306.75003219041,38.1692650600021
8308.65975775506,40.04584389
8309.61462053739,42.7236801
8310.56948331972,39.4275839
8311.52434610205,37.3217597999994
8312.47920888438,36.8176057099987
8313.4340716667,35.71074888
8314.38893444903,35.77067284
8315.34379723136,35.85976048
8316.29866001369,34.391474429999
8317.25352279602,33.5499757400015
8318.20838557835,34.8579609
8319.16324836067,35.15083093
8320.118111143,34.83926676
8321.07297392533,34.910119849999
8322.02783670766,34.0586079800006
8322.50526809882,34.60920998
8322.98269948999,35.37092836
8323.46013088115,35.00120065
8323.93756227232,35.5228295300021
8324.41499366348,37.3899762500013
8324.89242505464,38.53795386
8325.36985644581,39.09117033
8325.84728783697,38.36346691
8326.8021506193,38.1162365699996
8327.75701340163,37.7718511899998
8328.23444479279,37.58162615
8328.71187618396,37.55491041
8329.18930757512,38.4095016
8329.66673896629,40.0230662900009
8330.62160174861,40.8256610899988
8331.57646453094,39.76450547
8332.53132731327,39.50341701
8333.4861900956,40.79149875
8334.44105287793,41.5637571400008
8335.39591566026,42.2555523499986
8336.35077844259,41.04459895
8337.30564122492,39.12054888
8338.26050400724,37.63470522
8339.21536678957,39.883559090001
8340.1702295719,40.7879311799991
8341.12509235423,40.01254503
8342.07995513656,39.40164046
8343.03481791888,38.84318205
8343.98968070121,37.20062282
8344.94454348354,37.1893643699994
8346.8542690482,36.62079166
8348.76399461285,36.66528474
8350.67372017751,36.35747474
8352.58344574217,35.5621191799992
8354.49317130683,34.8161919800023
8356.40289687148,36.84639163
8358.31262243614,39.7074663
8360.2223480008,38.70295865
8362.13207356545,36.1906869799997
8364.04179913011,35.9089990100023
8365.95152469476,37.93183122
8367.86125025942,39.41581388
8369.77097582407,39.41477646
8371.68070138874,39.4146681699989
8373.5904269534,38.449928709998
8375.50015251805,36.66433929
8377.40987808271,36.96728668
8379.31960364736,37.62615241
8381.22932921202,37.6282362300009
8383.13905477668,38.4382319300007
8385.04878034133,39.07171476
8386.95850590599,37.80521269
8388.86823147064,38.04948836
8390.77795703531,38.1567796999997
8392.68768259996,37.870465009999
8394.59740816462,36.95266928
8396.50713372928,34.92750263
8398.41685929393,34.76166221
8400.32658485859,36.8697525299976
8402.23631042325,34.7968874299975
8404.1460359879,32.5751526
8406.05576155256,33.92043296
8407.01062433489,36.73251981
8407.96548711722,36.2974935099985
8408.92034989954,34.9924417199993
8409.87521268187,34.34074985
8410.8300754642,34.37873844
8412.73980102886,34.83691999
8414.64952659351,34.4714630799988
8416.55925215817,33.414691510001
8418.46897772283,34.25881843
8420.37870328749,34.7174732
8422.28842885214,31.86760291
8424.1981544168,30.7188690800023
8425.63044859029,32.7286170700003
8426.58531137262,32.989021
8427.54017415495,32.3998256
8428.49503693727,31.18454823
8429.4498997196,31.0802149800013
8430.40476250193,32.2583674600014
8431.35962528426,33.48015102
8432.31448806659,34.98451535
8433.26935084892,36.81557781
8434.22421363125,36.0904595799977
8434.70164502241,34.1047147999965
8435.17907641357,31.02738005
8435.65650780474,32.91627567
8436.1339391959,36.69672612
8436.61137058707,35.9027762999972
8437.56623336939,33.4728878600018
8438.52109615172,35.0904321
8438.99852754289,37.92449486
8439.47595893405,38.28160027
8439.95339032522,37.5320334000006
8440.43082171638,38.0621121900012
8440.90825310754,39.11606695
8441.38568449871,37.12838026
8441.86311588987,38.71969056
8442.34054728104,39.8346170299995
8444.25027284569,39.3756831299981
8446.15999841035,37.74027605
8448.06972397501,36.66267644
8451.88917510432,38.18470018
8452.84403788665,39.070916799998
8453.79890066898,37.3102121899978
8454.75376345131,35.37375306
8455.70862623363,34.97447049
8457.61835179829,37.11015835
8459.52807736295,39.4513266299994
8460.48294014528,38.9303199099961
8461.4378029276,35.50172133
8462.39266570993,34.57234354
8463.34752849226,36.95521258
8465.25725405692,38.3883550099983
8467.16697962158,36.8938919100003
8469.07670518623,37.14757294
8470.98643075089,37.03156613
8471.94129353322,34.14845759
8472.89615631555,32.5979136500019
8473.85101909787,34.2470854100019
8474.8058818802,35.87633577
8476.71560744486,35.01405378
8478.62533300952,33.91007918
8480.53505857417,33.9121793700014
8482.44478413883,35.1314855100029
8486.26423526814,37.65682485
8490.08368639746,37.57282402
8493.90313752677,37.4783782
8497.72258865608,38.5524143999972
8501.5420397854,36.1195519999961
8505.36149091471,32.71210734
8509.18094204403,33.5168895
8513.00039317334,37.01107399
8516.81984430265,38.4866502100003
8520.63929543197,38.7721554000001
8524.45874656128,38.83486317
8528.27819769059,38.02597859
8532.09764881991,38.7152569
8535.91709994922,39.2091306899962
8539.73655107853,35.8995052099997
8543.55600220785,35.62763383
8547.37545333716,38.65778793
8551.19490446647,42.14815178
8555.01435559579,43.0818857399987
8556.92408116044,41.9648157199973
8558.8338067251,39.57164057
8560.74353228976,38.99911095
8562.65325785442,38.5248789
8564.56298341907,36.6412161999978
8566.47270898373,34.6733056699997
8568.38243454839,34.40080699
8570.29216011304,35.69213146
8572.2018856777,35.58247887
8574.11161124236,34.8683692500009
8576.02133680701,35.6658029900024
8577.93106237167,37.73821851
8578.885925154,39.28038361
8579.84078793633,40.33079149
8581.75051350098,39.1635197599993
8583.66023906564,38.5338533799995
8585.5699646303,38.10160236
8587.47969019496,40.19280406
8589.38941575961,41.9694144
8591.29914132427,39.4381999599989
8593.20886688892,38.4912361899997
8595.11859245358,38.19063055
8597.02831801824,36.42310834
8598.93804358289,35.98172274
8600.84776914755,37.54079653
8602.75749471221,37.533660669999
8604.66722027687,36.64513443
8606.57694584152,36.66379162
8608.48667140618,36.69504532
8612.30612253549,35.9163092499996
8616.12557366481,35.6070012099991
8619.94502479412,34.82259502
8620.89988757645,33.52606498
8621.85475035878,31.86139771
8622.8096131411,32.1359934700029
8623.76447592343,34.6459705999992
8625.67420148809,33.90540181
8627.58392705275,32.99613308
8628.53878983507,35.08974391
8629.4936526174,38.5386424800018
8630.44851539973,40.1157161999997
8631.40337818206,39.83815823
8632.35824096439,39.39064924
8633.31310374672,40.57499507
8634.26796652905,41.1728504199986
8635.22282931137,39.9598141699965
8637.13255487603,36.83898059
8639.04228044069,33.05453226
8640.95200600534,35.00776475
8642.86173157,39.5690486500015
8644.77145713466,40.86568196
8646.68118269931,40.87379783
8648.59090826397,41.24214033
8650.50063382863,40.4706128
8654.32008495794,37.0159388399975
8658.13953608726,34.798297129999
8661.95898721657,33.8790248
8665.77843834588,34.1090858
8669.5978894752,35.00529114
8673.41734060451,35.803514609999
8677.23679173382,34.9500490400025
8679.14651729848,37.17054987
8681.05624286314,38.98346822
8682.96596842779,38.61300921
8684.87569399245,37.8761419599977
8685.83055677478,35.8308663599969
8686.78541955711,33.08131513
8688.69514512176,33.05341726
8690.60487068642,34.70648149
8692.51459625108,35.7540257000004
8694.42432181573,36.0729608200006
8696.33404738039,36.57992148
8697.28891016272,34.52847525
8698.24377294505,32.55684986
8699.19863572737,33.2152819200022
8700.15349850971,35.1123439300002
8701.10836129203,35.2668145
8702.06322407436,34.81487975
8703.01808685669,34.944458
8704.92781242135,36.9475709900003
8706.837537986,37.194836689997
8708.74726355066,34.55766604
8710.65698911532,32.13461
8712.56671467997,31.63663938
8714.47644024463,33.1881318200009
8717.34102859162,33.9477723499992
8720.2056169386,33.24789684
8723.07020528558,32.5443166
8726.8896564149,31.91395449
8730.70910754421,33.8382197300017
8732.61883310887,35.3264097299995
8734.52855867353,34.9258008
8736.43828423818,35.30045281
8738.34800980284,35.71217385
8740.2577353675,36.1652624400004
8742.16746093215,36.4840297899986
8744.07718649681,35.22322715
8745.98691206147,35.32859815
8747.89663762612,36.66102263
8749.80636319078,36.0623108500022
8751.71608875544,38.0156150700021
8753.62581432009,39.87833734
8755.53553988475,38.77193861
8759.35499101407,38.64054385
8763.17444214338,39.42951727
8766.99389327269,39.4169842699985
8770.81334440201,38.12559728
8774.63279553132,34.88713149
8778.45224666063,32.12979375
8782.27169778995,32.363925880002
8786.09114891926,34.1544025300012
8788.00087448391,35.2267993
8789.91060004857,33.94180012
8790.8654628309,34.98338548
8792.77518839556,37.1882399099979
8795.63977674254,35.3694188899985
8798.50436508953,34.01770231
8799.45922787186,33.92367482
8800.41409065418,33.91530113
8801.36895343651,33.91674502
8802.32381621884,33.9423754999992
8803.27867900117,33.27698511
8807.09813013048,32.05225886
8809.00785569514,34.12964912
8810.9175812598,35.8557002000009
8814.73703238911,36.6652814999991
8818.55648351843,35.90690937
8822.37593464774,35.81338816
8826.19538577705,35.2001467
8830.01483690637,33.9613664299993
8833.83428803568,33.3477852400014
8835.74401360034,34.56296434
8837.65373916499,35.80472793
8839.56346472965,34.95124181
8841.47319029431,34.3772495099985
8845.29264142362,33.0891079399983
8849.11209255293,31.58598709
8851.02181811759,33.45357412
8852.93154368225,35.03556117
8854.84126924691,35.8081958199997
8856.75099481156,35.5141081499982
8858.66072037622,33.88690161
8860.57044594088,33.02954768
8861.5253087232,34.32107465
8862.48017150553,35.6807117399991
8863.43503428786,34.9157286499994
8864.38989707019,34.40792793
8865.34475985252,35.1941118
8865.82219124368,35.78210479
8866.29962263484,35.7373127700005
8866.77705402601,36.1698836500018
8867.25448541717,37.76932498
8867.73191680834,38.57312992
8868.2093481995,38.04482568
8868.68677959067,38.8388984300015
8869.16421098183,40.1708638100009
8869.641642373,40.99036474
8870.11907376416,42.15418325
8871.07393654649,40.18074338
8872.02879932882,37.3573140699976
8873.93852489347,35.2288765499999
8875.84825045813,35.14289059
8879.66770158745,36.65522509
8883.48715271676,37.98079005
8887.30660384607,35.8048293699985
8889.21632941073,34.5095094399992
8891.12605497538,33.77141905
8894.9455061047,32.45946124
8898.76495723401,32.40745307
8902.58440836332,34.0673027799988
8906.40385949264,32.9996843799979
8908.3135850573,31.15979715
8912.13303618661,32.21787744
8915.95248731592,33.78317253
8919.77193844524,35.9074060100015
8921.68166400989,37.2300341399985
8923.59138957455,35.88000593
8925.50111513921,35.75096831
8927.41084070387,35.75425338
8929.32056626852,34.6609743099991
8930.27542905085,33.8558735600006
8931.23029183318,34.41466533
8932.1851546155,33.5990279
8933.14001739783,33.79991139
8934.09488018016,36.5037047400017
8935.04974296249,38.0239653599987
8936.00460574482,36.89709603
8936.95946852715,36.79041666
8937.91433130948,38.12142279
8938.8691940918,38.4784522700008
8939.82405687413,39.22227145
8940.77891965646,39.19064771
8942.68864522112,36.27381634
8944.59837078577,34.73794273
8946.50809635043,35.6431467600012
8948.41782191509,36.7059307800009
8950.32754747974,37.51752786
8952.2372730444,37.27702326
8954.14699860906,37.64941757
8956.05672417372,39.8153844800015
8957.96644973837,41.1486191900001
8959.87617530303,41.27405411
8961.78590086768,40.75263986
8963.69562643234,39.18373861
8967.51507756166,37.2337291099994
8971.33452869097,36.6798035000005
8975.15397982028,37.10231623
8978.97343094959,37.35239855
8982.79288207891,35.81071595
8986.61233320822,34.7979567500012
8990.43178433753,35.8582105900022
8994.25123546685,37.80588731
8998.07068659616,34.63547379
9001.89013772548,30.73477706
9003.79986329014,31.2884951700029
9005.70958885479,33.8370106000038
9007.61931441944,37.18987232
9009.5290399841,35.46833489
9011.43876554876,35.8601691
9013.34849111342,39.3393409400006
9015.25821667807,39.8901741299986
9017.16794224273,38.69348462
9019.07766780739,36.70398748
9020.98739337204,35.2276338
9021.94225615437,36.0394072300019
9022.8971189367,37.7412958999997
9023.85198171903,37.50453855
9024.80684450136,38.01908601
9025.76170728369,39.07291024
9026.71657006602,37.4673379899979
9027.67143284834,35.6032263999978
9028.62629563067,33.63427986
9029.581158413,31.78186659
9030.53602119533,35.04453519
9032.44574675999,38.0180050800003
9034.35547232464,38.2685845799984
9036.2651978893,36.8992998
9038.17492345396,36.17619704
9040.08464901862,36.55594343
9043.90410014793,38.1539159100002
9047.72355127723,38.3528331599971
9051.54300240655,35.78795655
9055.36245353586,34.1944731
9059.18190466518,36.26997106
9063.0013557945,36.0994697699985
9066.82080692381,34.8146282200018
9070.64025805312,36.43035618
9074.45970918243,39.20726899
9078.27916031175,39.42198881
9082.09861144106,37.5019066300006
9085.91806257037,38.0624031700049
9089.73751369969,42.355259
9093.556964829,42.77381061
9097.37641595832,40.36293655
9101.19586708764,39.9243382299989
9105.01531821694,38.9866420399961
9108.83476934626,35.54584861
9112.65422047557,35.53645317
9116.47367160489,35.25703175
9120.2931227342,35.2621724800006
9124.11257386351,35.8204382699992
9127.93202499283,35.0762658
9131.75147612214,33.46750313
9139.39037838077,32.95565683
9147.02928063939,32.6330424099994
9154.66818289803,32.1096263900018
9162.30708515664,33.73364141
9169.94598741527,34.56529591
9175.67516410925,32.24640161
9178.53975245623,32.08198132
9180.44947802089,32.0894067700001
9182.35920358554,32.2027512
9184.2689291502,33.58381751
9186.17865471486,35.12856777
9187.13351749719,36.0802071799982
9188.08838027951,34.5186680799998
9189.04324306184,34.36470386
9189.99810584417,35.957593
9190.9529686265,36.57840208
9191.90783140883,35.1916388699999
9192.86269419116,35.1045115600028
9193.81755697348,37.55685557
9194.77241975581,36.78426927
9195.72728253814,34.83798455
9196.68214532047,34.9792170900008
9197.15957671163,35.6828143599978
9197.6370081028,33.73649567
9198.11443949396,32.97741051
9198.59187088513,34.43556516
9199.06930227629,37.0188912200027
9199.54673366746,39.410130239999
9200.02416505862,38.54286315
9200.50159644978,35.68270815
9200.97902784095,35.34594852
9201.45645923211,35.7841081799991
9201.93389062327,34.9713849900008
9202.41132201444,35.66340468
9202.8887534056,39.86480469
9203.36618479677,42.20946104
9203.84361618793,41.0184052299985
9204.3210475791,39.7171875699991
9204.79847897026,38.91009547
9205.27591036142,39.6604252
9205.75334175259,40.28145761
9206.23077314375,39.41508373
9206.70820453492,39.4100589299998
9207.18563592608,39.25745978
9207.66306731725,38.43309741
9208.14049870841,37.66081803
9208.61793009957,37.3323837400011
9209.09536149074,38.2754751400013
9209.5727928819,39.41499841
9210.05022427307,39.68105147
9210.52765566423,41.16834034
9211.0050870554,39.6700157599968
9211.48251844656,36.8425890300001
9211.95994983772,36.93076318
9212.91481262005,37.69247077
9213.86967540238,38.96001697
9214.82453818471,40.3094395699995
9215.77940096704,39.8569505499995
9216.2568323582,39.37288013
9216.73426374937,39.7689765
9217.21169514053,40.92984505
9217.68912653169,39.5068046099973
9218.64398931402,37.1178255399995
9219.59885209635,36.6458339
9220.55371487868,36.51601043
9221.50857766101,35.74627252
9222.46344044333,37.3681472200022
9223.41830322567,39.3035878399999
9224.37316600799,39.23936389
9225.32802879032,37.11233432
9226.28289157265,36.51416942
9227.23775435498,36.6225489500007
9229.14747991963,37.2401110100022
9231.05720548429,39.15245952
9232.96693104895,43.71326746
9234.87665661361,44.10634095
9236.78638217826,41.6886858299974
9238.69610774292,39.3949644900008
9240.60583330758,40.05835987
9242.51555887223,41.4236867
9246.33501000155,42.15267206
9253.97391226017,42.567462729997
9257.79336338949,39.9436876899989
9261.6128145188,38.95440816
9269.25171677743,38.71145291
9276.89061903605,36.31682333
9284.52952129468,33.7868884099996
9292.16842355331,33.44967012
9299.80732581194,33.4083326
9307.44622807056,33.97856058
9315.08513032919,33.44528054
9318.9045814585,32.3246881400029
9322.72403258782,34.8378736800022
9326.54348371713,36.79378501
9330.36293484645,37.59689807
9334.18238597576,36.52961692
9338.00183710507,37.209706260002
9341.82128823438,38.9774312600019
9345.6407393637,40.61018542
9349.46019049302,40.80276217
9353.27964162233,40.25348662
9355.18936718698,39.4433077699997
9357.09909275164,39.1704881499991
9359.0088183163,38.3871753
9360.91854388095,39.47393003
9364.73799501027,37.23737291
9368.55744613958,36.036901010001
9372.37689726889,36.8763310400007
9374.28662283355,37.52527493
9376.19634839821,36.89303182
9378.10607396286,35.6067812
9380.01579952752,37.0180264600033
9381.92552509218,39.935879029999
9383.83525065684,39.08556797
9384.79011343916,36.72340247
9385.74497622149,35.07964764
9386.69983900382,35.3815503200013
9387.65470178615,36.5512549200002
9388.60956456848,36.69778048
9389.56442735081,35.86903442
9390.51929013313,35.07976116
9391.47415291546,36.372566020003
9392.42901569779,38.9789758200021
9393.38387848012,40.79007943
9394.33874126245,37.87232963
9395.29360404478,37.61113456
9397.20332960943,40.2837717300009
9399.11305517409,41.0613123699992
9401.02278073875,40.31688611
9402.9325063034,38.09706594
9404.84223186806,38.43572237
9406.75195743272,38.3538834299989
9408.66168299738,37.3671961000005
9410.57140856203,37.81005487
9412.48113412669,36.33190671
9413.43599690901,35.16481882
9414.39085969134,35.15135434
9415.34572247367,35.1312679300015
9416.300585256,36.4115088
9417.25544803833,37.8042595
9418.21031082066,38.77974762
9419.16517360298,40.5203614400018
9420.12003638531,42.1154577399969
9421.07489916764,39.43286578
9422.02976194997,38.92361452
9422.9846247323,41.70532038
9423.93948751463,41.3922579199983
9424.89435029696,39.9307335999998
9425.84921307929,39.77709552
9427.75893864394,39.78484472
9429.6686642086,38.98505879
9431.57838977325,38.0567425999981
9433.48811533791,36.3972103499989
9435.39784090257,35.39106757
9437.30756646723,37.34214123
9439.21729203188,37.30499841
9441.12701759654,35.6364554699991
9443.03674316119,34.8395311599991
9444.94646872585,34.02660091
9446.85619429051,33.82627302
9448.76591985517,35.77150959
9450.67564541982,39.5529519100013
9452.58537098448,40.71413045
9456.40482211379,40.69644311
9458.31454767845,40.05198441
9460.22427324311,38.92775128
9462.13399880776,38.4179271499991
9464.04372437242,37.6566474199974
9465.95344993708,35.39703026
9467.86317550173,35.71047738
9469.77290106639,34.69775417
9471.68262663105,32.8964724700001
9473.5923521957,33.0179178200002
9475.50207776036,33.22812404
9477.41180332502,33.23168987
9479.32152888968,34.73035265
9483.14098001899,37.1148863799993
9486.9604311483,36.5337198199995
9490.77988227762,36.05374758
9494.59933340693,36.0766123
9498.41878453624,36.09851689
9502.23823566556,37.7138036600037
9506.05768679487,40.9350841699967
9509.87713792418,38.02734101
9511.78686348884,35.62028597
9513.6965890535,38.09521687
9515.60631461816,38.6491507199996
9517.51604018281,38.3113901899976
9519.42576574747,36.23416482
9521.33549131213,33.79869615
9523.24521687678,32.95867776
9524.20007965911,33.3036880600013
9525.15494244144,34.4112762200027
9526.10980522377,36.76133136
9527.06466800609,38.5180878
9528.01953078842,38.46840036
9528.97439357075,37.0745408600008
9530.88411913541,37.7448142600018
9532.79384470006,39.35046506
9534.70357026472,39.47900884
9536.61329582938,37.76723023
9538.52302139404,35.4401962599997
9540.43274695869,35.1664854699993
9544.252198088,34.5871914
9548.07164921732,36.12799065
9551.89110034663,36.93354741
9555.71055147595,35.1619699500013
9559.53000260526,36.2849697500012
9563.34945373457,37.35855004
9567.16890486389,35.62308322
9570.9883559932,37.50775398
9574.80780712251,38.4852482099988
9578.62725825183,37.444153690001
9580.53698381649,38.29140772
9582.44670938114,38.72387116
9584.3564349458,37.23548271
9586.26616051045,36.0879990900003
9588.17588607511,36.3202990100017
9590.08561163977,37.83459907
9591.99533720443,38.85048888
9593.90506276908,37.30909164
9595.81478833374,35.4205017800014
9597.7245138984,36.6623333699988
9599.63423946305,35.64399743
9601.54396502771,36.26002429
9605.36341615702,37.46297978
9609.18286728634,39.3526900199995
9616.82176954496,38.9161304300001
9624.46067180359,39.03144829
9632.09957406222,40.43703305
9639.73847632084,40.25516946
9647.37737857947,39.6992950400006
9655.0162808381,40.1974423399977
9662.65518309673,38.20386482
9670.29408535535,36.49513369
9677.93298761398,37.71011885
9685.57188987261,38.8886997799979
9693.21079213124,37.0239080199979
9700.84969438986,35.20698138
9708.48859664849,36.3956413
9716.12749890712,37.36420143
9723.76640116574,35.6734259600027
9731.40530342437,38.0383901800047
9739.044205683,42.1563294
9742.86365681231,42.550887
9746.68310794163,40.92299525
9750.50255907094,40.0129578099997
9752.4122846356,39.7727453400004
9754.32201020025,40.1503143200022
9758.14146132957,42.04812897
9761.96091245888,42.42362989
9763.87063802354,41.1412290399953
9765.78036358819,37.0435769399981
9767.69008915285,35.3382279100005
9769.59981471751,35.75008157
9771.50954028216,37.02570535
9773.41926584682,35.71477159
9775.32899141148,35.7045732200009
9777.23871697614,36.5309563300002
9779.14844254079,36.69804326
9781.05816810545,38.43149213
9782.96789367011,38.2093876099963
9784.87761923476,34.920431819996
9786.78734479942,31.381772969998
9788.69707036408,29.62547926
9792.51652149339,31.52157833
9796.3359726227,34.4312485500008
9800.15542375201,35.1454090400007
9803.97487488133,35.7723853900014
9807.79432601064,37.00519863
9815.43322826927,36.48023142
9823.0721305279,36.3821981399996
9830.71103278652,36.065922579999
9838.34993504515,35.2042605900012
9845.98883730378,36.30568076
9853.62773956241,37.53575724
9861.26664182103,38.3521446200009
9868.90554407966,39.17472503
9876.54444633829,39.1725000699957
9884.18334859691,35.42545308
9891.82225085554,33.65982496
9899.46115311417,35.4773148600007
9907.1000553728,36.109388130001
9914.73895763142,36.985744440002
9918.55840876073,38.71866988
9922.37785989005,38.9881975
9926.19731101935,37.9375211400006
9930.01676214868,38.4831035099969
9933.83621327799,35.7833167799978
9937.6556644073,33.8831261
9945.29456666595,35.14514796
9952.93346892456,35.3850921400017
9956.75292005387,36.8635196200017
9958.66264561853,38.3678333599982
9959.61750840086,36.77638889
9960.57237118319,34.26697262
9962.48209674784,35.0291257700038
9964.3918223125,38.3479877999994
9966.30154787715,37.7923495199983
9968.21127344181,36.29547095
9972.03072457113,36.10997466
9975.85017570044,36.9160652800006
9979.66962682975,37.4401040999962
9983.48907795906,34.1129295799975
9991.1279802177,31.91466991
10002.5863336056,32.41822893
10010.2252358643,32.4069301699993
10017.8641381229,31.83086427
10025.5030403815,31.8050629000023
10036.9613937695,33.83353476
10052.2391982867,36.32847409
10067.517002804,35.6209814299997
10075.1559050626,35.3944188200016
10082.7948073212,36.7913881200001
10090.4337095798,36.90751898
10098.0726118385,35.64348122
10105.7115140971,35.8320424000008
10113.3504163557,36.5052132299985
10120.9893186144,35.1461196699993
10128.628220873,34.53112226
10136.2671231316,37.47741928
10143.9060253902,38.85554942
10151.5449276489,38.8591685600004
10159.1838299075,39.1773981399996
10166.8227321661,38.78822379
10174.4616344247,38.84892953
10182.1005366834,37.012223899998
10189.739438942,35.2315094899982
10197.3783412006,33.6565934699991
10205.0172434593,32.89969016
10220.2950479765,32.37038792
10235.5728524938,32.648641090004
10258.4895592696,36.1565669600039
10266.1284615283,39.558749
10269.9479126576,39.53391962
10273.7673637869,39.30483294
10277.5868149162,39.7316409899995
10281.4062660455,39.3311087999966
10285.2257171748,36.3393735399976
10289.0451683042,34.22066998
10292.8646194335,35.08642642
10296.6840705628,35.1303219400008
10300.5035216921,35.8617182300018
10304.3229728214,37.4290339500004
10306.2326983861,37.74282953
10308.1424239507,37.36154789
10310.0521495154,39.3747057600004
10311.96187508,39.7105319799961
10315.7813262094,36.3238858100005
10319.6007773387,36.78345149
10323.420228468,38.83934952
10327.2396795973,38.4091586399984
10331.0591307266,36.9967749699973
10334.8785818559,34.6338888800008
10342.5174841145,35.34209154
10350.1563863732,37.1146738
10353.9758375025,37.00413555
10357.7952886318,37.0079976299988
10365.4341908904,35.9284222499992
10373.0730931491,35.22963289
10376.8925442784,36.6304524
10380.7119954077,37.8230262100002
10384.531446537,37.9929662099989
10388.3508976663,37.0364352900015
10392.1703487956,38.34865585
10395.9897999249,38.61284684
10399.8092510543,38.1545611500026
10403.6287021836,40.4336645900021
10407.4481533129,42.2411880599976
10409.3578788775,40.1378585
10411.2676044422,39.40241252
10415.0870555715,42.0309572800021
10418.9065067008,43.8738126999988
10426.5454089594,42.7818490099976
10434.1843112181,40.65096506
10441.8232134767,41.49437948
10449.4621157353,41.2106104799975
10457.101017994,39.0268639599982
10460.9204691233,37.4753554199994
10464.7399202526,36.98100427
10468.5593713819,36.97585607
10472.3788225112,37.5737630900014
10476.1982736405,38.81941875
10480.0177247698,38.8425391
10483.8371758991,38.84073196
10487.6566270285,38.850583
10491.4760781578,36.6180213099975
10495.2955292871,34.4327652400026
10499.1149804164,36.7345937400022
10502.9344315457,38.65144508
10506.753882675,39.80751013
10510.5733338043,40.5755627700028
10518.212236063,43.0232894300002
10525.8511383216,43.2403979399974
10533.4900405802,40.95223308
10537.3094917095,39.13853004
10541.1289428389,36.2897182899975
10544.9483939682,34.0527104599998
10548.7678450975,33.9147632600004
10552.5872962268,34.22747289
10556.4067473561,35.36186636
10560.2261984854,36.9820120100011
10564.0456496147,37.9328611300004
10567.8651007441,38.3261314900009
10571.6845518734,39.09843818
10575.5040030027,40.65214093
10579.323454132,43.0593799300012
10583.1429052613,44.1037246699966
10586.9623563906,41.0813692699985
10590.7818075199,39.7668916
10594.6012586492,39.43122798
10598.4207097786,36.8742542199978
10602.2401609079,34.9824376500007
10606.0596120372,35.6262806100021
10609.8790631665,37.45025841
10613.6985142958,40.68381672
10617.5179654251,39.3741983999969
10621.3374165544,36.6160346399974
10625.1568676837,34.3659831499984
10627.0665932484,32.99224311
10628.9763188131,32.37528748
10630.8860443777,33.0518727500016
10632.7957699424,34.4415608400015
10634.705495507,35.7627341800004
10636.6152210717,36.10923426
10638.5249466363,34.82476987
10640.434672201,35.3756282200041
10644.2541233303,39.0030288900025
10648.0735744596,41.2266173799987
10651.8930255889,40.08795171
10655.7124767183,40.66903648
10659.5319278476,39.3924548499973
10663.3513789769,36.9939990600009
10670.9902812355,37.7758448600018
10674.8097323648,39.36919116
10678.6291834941,38.46363026
10680.5389090588,39.9696620600031
10682.4486346235,42.6642915099978
10684.3583601881,40.7478561999985
10686.2680857528,39.38325853
10688.1778113174,39.0218118
10690.0875368821,37.9465805100009
10691.9972624467,38.7238850700028
10693.9069880114,41.2098603200035
10695.8167135761,44.27781792
10697.7264391407,45.30400601
10699.6361647054,45.9984850299988
10701.54589027,44.9796538999981
10703.4556158347,43.2961023099963
10705.3653413993,40.02252689
10707.275066964,37.28654125
10709.1847925286,36.0100077399985
10711.0945180933,34.694375310001
10713.004243658,35.5633159800034
10714.9139692226,38.55961687
10716.8236947873,40.24387973
10718.7334203519,39.3611641699988
10720.6431459166,38.2844158799986
10724.4625970459,37.0810524399989
10728.2820481752,36.07523047
10732.1014993045,36.40572642
10735.9209504338,36.344566379999
10739.7404015632,35.4652287799971
10743.5598526925,32.9333301800015
10747.3793038218,34.21580529
10751.1987549511,38.52594281
10755.0182060804,39.2986152999969
10758.8376572097,36.5503236199975
10762.657108339,34.3241289100012
10770.2960105977,35.39304938
10777.9349128563,36.98842849
10785.5738151149,37.0811665399986
10793.2127173735,35.8355535899997
10797.0321685029,35.6028568899995
10804.6710707615,35.16234701
10812.3099730201,34.54508842
10816.1294241494,36.4282641600023
10819.9488752787,38.432861939997
10823.7683264081,35.7870463199991
10831.4072286667,34.95944091
10842.8655820546,38.48063975
10850.5044843133,39.9047687099971
10854.3239354426,37.3924030099983
10858.1433865719,35.9126919099992
10865.7822888305,35.17326114
10873.4211910891,33.86519279
10877.2406422184,33.9796956699992
10881.0600933478,33.2555851899986
10884.8795444771,32.0575338500009
10888.6989956064,32.89005251
10892.5184467357,34.02223903
10896.337897865,35.1842226599993
10903.9768001236,34.5405086200023
10915.4351535116,36.5941696500027
10930.7129580288,38.93864334
10938.3518602875,40.16491345
10945.9907625461,39.8019333599989
10953.6296648047,38.7963807199981
10961.2685670633,37.0860691699988
10968.907469322,36.04501763
10984.1852738392,36.2361373
10999.4630783565,36.5430496099992
11014.7408828737,35.8329432999985
11022.3797851324,34.487296370003
11030.018687391,37.12459437
11037.6575896496,39.76981179
11045.2964919082,38.7995820099969
11052.9353941669,36.0583338499989
11060.5742964255,35.1281234800004
11068.2131986841,35.46247021
11075.8521009428,37.83079115
11083.4910032014,38.9122366599984
11091.12990546,37.5321661299962
11098.7688077186,34.2205939799972
11106.4077099773,31.71972033
11114.0466122359,32.47599322
11129.3244167531,33.3340368700002
11144.6022212704,33.4886301700017
11152.241123529,34.9549092500018
11159.8800257877,36.50948545
11167.5189280463,39.04793643
11175.1578303049,39.9308588099958
11182.7967325635,36.2400528899977
11190.4356348222,34.2564791200006
11194.2550859515,34.76136239
11198.0745370808,35.14554717
11201.8939882101,35.146376000002
11205.7134393394,36.9337899000009
11209.5328904687,37.7088844200003
11213.352341598,37.9532951
11217.1717927274,36.73545212
11220.9912438567,35.0708775199991
11224.810694986,34.2544094100021
11228.6301461153,36.0909909600017
11232.4495972446,37.59667105
11236.2690483739,36.09928606
11243.9079506325,34.4600209499986
11259.1857551498,33.2543353000012
11274.4635596671,34.3032451300009
11289.7413641843,35.12585361
11305.0191687016,33.26983241
11312.6580709602,33.7664077200037
11320.2969732188,37.0032867000015
11327.9358754774,38.3265851699971
11335.5747777361,35.76964412
11343.2136799947,35.10915853
11350.8525822533,35.7860871100003
11358.491484512,36.0581890999998
11366.1303867706,35.919886900001
11373.7692890292,36.76229017
11381.4081912878,36.8617127
11389.0470935465,35.661174899998
11396.6859958051,33.8621940799975
11411.9638003223,31.6343659100004
11427.2416048396,31.95303813
11442.5194093569,33.58395939
11457.7972138741,34.4205423700017
11473.0750183914,35.9121212800013
11488.3528229086,37.0250955200004
11503.6306274259,37.35736888
11518.9084319431,36.89420603
11534.1862364604,35.1060159899997
11549.4640409776,34.8046412000003
11564.7418454949,35.0810747200018
11580.0196500121,36.66898145
11595.2974545294,37.04589386
11602.936356788,34.7179115099977
11610.5752590467,32.6561911700013
11618.2141613053,33.8310721100001
11625.8530635639,33.89881559
11633.4919658225,32.05212072
11641.1308680812,31.5364078800014
11648.7697703398,32.7764058400031
11652.5892214691,35.4869423000031
11660.2281237277,38.21025508
11664.047574857,39.23205676
11671.6864771157,35.7555649199942
11675.505928245,30.6557067400002
11679.3253793743,30.8067033600033
11683.1448305036,33.6962394
11686.9642816329,34.43436456
11690.7837327622,33.5683743999998
11694.6031838916,33.3468161300004
11698.4226350209,33.7242795300019
11702.2420861502,35.3651002
11706.0615372795,38.22410795
11709.8809884088,37.4862706499995
11713.7004395381,37.0441212999982
11717.5198906674,35.4395159799992
11719.4296162321,34.73473175
11721.3393417967,35.8755374
11723.2490673614,37.8597247599993
11725.1587929261,37.2289614199982
11728.9782440554,35.6252760499972
11732.7976951847,33.14014986
11736.617146314,33.05188724
11740.4365974433,33.2745985099985
11744.2560485726,31.9556889000018
11748.0754997019,33.535782680004
11751.8949508313,37.04852387
11755.7144019606,38.85141885
11763.3533042192,39.0266394999992
11770.9922064778,38.32732575
11778.6311087365,38.3022648599988
11786.2700109951,37.21693122
11793.9089132537,35.91155101
11801.5478155123,35.9571103699987
11809.186717771,34.8017668699981
11816.8256200296,33.1296119400002
11824.4645222882,33.30806054
11832.1034245468,34.14609993
11835.9228756762,35.2239581500016
11839.7423268055,36.5904971199986
11843.5617779348,35.3787776799995
11847.3812290641,34.90812232
11851.2006801934,37.04663499
11858.839582452,37.8858008599994
11866.4784847107,37.3908981399985
11874.1173869693,36.0437043300009
11877.9368380986,36.86057757
11881.7562892279,37.29491145
11885.5757403572,35.7013313699989
11889.3951914865,34.7735345200011
11893.2146426159,35.7454196400018
11897.0340937452,37.34796417
11900.8535448745,40.10542814
11904.6729960038,38.0117314099971
11908.4924471331,35.4957496100015
11912.3118982624,36.7819353400007
11916.1313493917,37.40186367
11918.0410749564,37.36141744
11919.9508005211,37.8245700200007
11921.8605260857,38.4399211199976
11923.7702516504,36.3338095399973
11927.5897027797,33.97337835
11931.409153909,32.71600127
11935.2286050383,33.9895924900014
11939.0480561676,35.2676146800013
11942.8675072969,36.4341856600018
11946.6869584262,37.99383692
11950.5064095556,39.32812321
11954.3258606849,38.0747287299957
11958.1453118142,34.2554788999998
11961.9647629435,34.0369047299977
11965.7842140728,31.98044982
11969.6036652021,31.8006666
11977.2425674608,34.823831990002
11984.8814697194,36.5418962799994
11992.520371978,35.9900957899991
12000.1592742366,35.21840665
12003.9787253659,35.03930229
12007.7981764953,35.503172269999
12015.4370787539,34.6364372499995
12023.0759810125,34.1641165799993
12030.7148832711,33.54497949
12032.6246088358,32.2593186
12034.5343344005,32.6353689300018
12038.3537855298,34.1763179800018
12045.9926877884,35.7900615700033
12053.631590047,38.66657757
12061.2704923057,39.53902763
12068.9093945643,37.4436558799989
12076.5482968229,36.4845190500019
12084.1871990815,38.1273312400019
12099.4650035988,39.76366754
12114.742808116,40.09987663
12122.3817103747,38.3940158699985
12130.0206126333,37.0440281400001
12137.6595148919,37.1317944099991
12145.2984171506,36.36327927
12149.1178682799,33.87471231
12152.9373194092,34.8662348500013
12160.5762216678,35.9922948999975
12164.3956727971,33.8374010999983
12168.2151239264,32.36318544
12172.0345750558,35.08133933
12175.8540261851,35.5108403899994
12179.6734773144,34.9681375100013
12183.4929284437,36.1015692399991
12187.312379573,35.30760269
12191.1318307023,33.24876577
12193.041556267,34.2596450600018
12194.9512818316,35.8407116700018
12196.8610073963,37.4137713199988
12198.7707329609,36.38177708
12200.6804585256,33.06446926
12202.5901840903,29.8474323300015
12204.4999096549,31.1937170700036
12206.4096352196,34.3913250600008
12208.3193607842,35.11134935
12210.2290863489,35.07533008
12214.0485374782,34.7634253599981
12217.8679886075,33.108597940001
12221.6874397368,33.9505422800027
12225.5068908661,36.32270702
12229.3263419955,38.74617691
12233.1457931248,39.5384839199969
12236.9652442541,36.8494292899972
12240.7846953834,34.4161197899988
12244.6041465127,33.32075801
12248.423597642,31.71520707
12252.2430487713,31.7189649400035
12256.0624999006,34.8126961500034
12259.88195103,37.7852310800006
12263.7014021593,38.27482376
12265.6111277239,35.83430766
12267.5208532886,35.5049793099999
12271.3403044179,35.4182660599971
12275.1597555472,32.8761456300005
12277.0694811119,33.27009044
12278.9792066765,32.90005895
12282.7986578058,30.9078402700006
12286.6181089352,31.4552651800041
12290.4375600645,35.0973978900021
12294.2570111938,36.94764651
12298.0764623231,37.32660549
12301.8959134524,37.0993053999988
12303.8056390171,36.0513593399957
12305.7153645817,32.2726895799984
12307.6250901464,30.85370069
12309.534815711,33.56076459
12311.4445412757,34.0723361399996
12313.3542668404,33.6875876700005
12315.263992405,34.1091349100025
12317.1737179697,36.27843296
12320.993169099,35.51879372
12324.8126202283,33.0167937000009
12328.6320713576,33.805594200002
12332.4515224869,35.5453088999986
12336.2709736162,34.27461927
12343.9098758749,32.64416359
12347.7293270042,31.6207129099982
12351.5487781335,29.9919691900005
12359.1876803921,30.3996740900034
12374.4654849094,33.43245578
12393.5627405559,34.51199303
12424.1183495904,31.933768080001
12454.673958625,32.8010287400015
12485.2295676595,34.1506374499984
12500.5073721767,32.7678524
12508.1462744353,31.46279986
12515.785176694,31.5279411000009
12519.6046278233,32.2938699500013
12523.4240789526,33.4656970600017
12527.2435300819,34.95935674
12534.8824323405,34.42831072
12542.5213345992,34.6012849400015
12550.1602368578,35.9256270399988
12573.0769436337,34.8226758499977
12584.5352970216,32.75206598
12599.8131015389,34.37220912
12615.0909060561,36.6184235300004
12630.3687105734,36.9295834099995
12649.4659662199,36.4604525099994
12657.1048684786,35.9475607
12664.7437707372,32.92043389
12672.3826729958,30.4220746000014
12683.8410263838,31.6666953600011
12695.2993797717,32.619299059999
12710.577184289,31.77224036
12725.8549888062,32.73804105
12741.1327933235,34.3499655800009
12756.4105978407,35.1369972299994
12779.3273046166,34.5747453600005
12794.6051091339,35.00486449
12802.2440113925,34.85448247
12809.8829136511,34.1001604000006
12817.5218159097,34.5869208800019
12825.1607181684,36.2217223599999
12832.799620427,36.14245922
12840.4385226856,34.48233241
12848.0774249443,32.3917534599999
12855.7163272029,32.2999588700008
12863.3552294615,33.0372782100028
12870.9941317201,35.49171958
12878.6330339788,35.7766404
12886.2719362374,34.4605326200013
12893.910838496,35.6150139100001
12897.7302896253,35.7120092799976
12901.5497407546,33.60675508
12909.1886430133,32.88672049
12916.8275452719,34.5678805300018
12924.4664475305,36.1312589000015
12932.1053497892,37.4718213699966
12939.7442520478,34.47901583
12947.3831543064,32.09035377
12955.022056565,32.6263832300044
12962.6609588237,36.4853889700015
12970.2998610823,37.83007895
12977.9387633409,37.837329
12981.7582144702,37.86123083
12985.5776655995,37.3136214799982
12993.2165678582,35.7307188699986
13008.4943723754,34.4699021700015
13023.7721768927,35.79773698
13039.0499814099,38.28415159
13054.3277859272,37.0225893299993
13061.9666881858,36.3775043000006
13065.7861393151,36.9435724399992
13069.6055904444,36.28399682
13077.2444927031,33.30428269
13084.8833949617,32.8721174500004
13100.161199479,33.2276806799997
13115.4390039962,32.9685619000004
13145.9946130307,33.33498162
13153.6335152893,35.58901149
13161.272417548,36.87030614
13168.9113198066,36.90571082
13176.5502220652,36.8796504799981
13191.8280265825,35.21184956
13207.1058310997,32.4933714
13222.383635617,33.3201697300037
13230.0225378756,36.5778131100025
13237.6614401342,38.7608060699988
13245.3003423929,37.67111475
13252.9392446515,35.93264079
13260.5781469101,36.3967978700018
13268.2170491687,37.9830680000008
13283.494853686,38.675680659999
13291.1337559446,37.81935208
13298.7726582033,36.75057892
13306.4115604619,34.948473300001
13314.0504627205,35.8158334100028
13329.3282672378,38.2906216599992
13344.606071755,37.58616146
13359.8838762723,36.24709447
13375.1616807895,35.5032982599978
13390.4394853068,33.5552967899985
13405.717289824,32.2097495100008
13413.3561920827,32.88276862
13420.9950943413,32.82594594
13428.6339965999,32.1484419300022
13436.2728988585,34.0504550000017
13443.9118011172,35.5637554000005
13451.5507033758,35.97262742
13459.1896056344,36.67519966
13466.8285078931,37.4178803199995
13474.4674101517,37.0018124699987
13482.1063124103,35.8365418400014
13489.7452146689,37.10545481
13497.3841169276,37.84242262
13505.0230191862,36.7207070999986
13512.6619214448,35.4632633900001
13520.3008237035,35.5543400399991
13527.9397259621,34.73916892
13531.7591770914,33.35054737
13535.5786282207,33.2717349199994
13539.39807935,32.7639172100009
13543.2175304793,33.559797920002
13550.856432738,35.30926759
13558.4953349966,35.97131278
13573.7731395138,35.99640399
13581.4120417725,35.9823718499999
13585.2314929018,35.8711893399996
13587.1412184664,35.53575122
13589.0509440311,35.20308647
13590.9606695957,34.1998010399988
13592.8703951604,33.1169926300009
13594.7801207251,33.9299505700027
13596.6898462897,36.27958645
13600.509297419,34.53212076
13604.3287485483,31.3696469699998
13608.1481996777,31.1751633600015
13611.967650807,32.5028762500014
13613.8773763716,33.77049912
13615.7871019363,35.0102597
13619.6065530656,34.532818260001
13621.5162786303,35.4208898100022
13623.4260041949,37.3799815499999
13627.2454553242,37.33306506
13631.0649064535,34.50182868
13638.7038087122,34.7501225800009
13646.3427109708,35.5712241899988
13653.9816132294,34.5004431399996
13661.620515488,34.17022331
13669.2594177467,34.14918445
13676.8983200053,34.3958220300014
13684.5372222639,35.6404757199992
13688.3566733932,34.9618629899986
13695.9955756519,33.73399274
13703.6344779105,34.18308736
13711.2733801691,35.1975471100004
13718.9122824278,35.5383156399994
13726.5511846864,35.0199177899997
13734.190086945,34.7241744
13741.8289892036,33.59753717
13749.4678914623,32.3316058099999
13757.1067937209,32.2733251200007
13764.7456959795,32.9182214100003
13772.3845982381,33.2270196
13787.6624027554,33.19171188
13806.759658402,33.9095385500002
13837.3152674365,34.1170965499987
13867.870876471,32.9613002799975
13883.1486809882,30.7382864
13890.7875832469,31.20141156
13898.4264855055,34.1031101000011
13913.7042900227,35.0974832299998
13921.3431922814,34.9376390799991
13928.98209454,34.12108559
13936.6209967986,34.5305135
13944.2598990573,35.5962769100003
13948.0793501866,35.8923092399991
13951.8988013159,35.0900581999994
13955.7182524452,34.5359351
13959.5377035745,35.11884876
13963.3571547038,35.07364847
13967.1766058331,35.0715654
13974.8155080918,35.07071594
13982.4544103504,35.06371697
13986.2738614797,35.08731638
13990.093312609,34.9091340800003
13993.9127637383,35.192124320001
13995.822489303,36.0368633100009
13997.7322148676,36.8324511
13999.6419404323,37.66321048
14001.551665997,37.869670689999
14003.4613915616,36.9693049899979
14005.3711171263,35.0806955099982
14009.1905682556,33.48214386
14013.0100193849,32.70275076
14016.8294705142,33.0362665900012
14020.6489216435,34.0991863700018
14024.4683727728,35.6701289400009
14028.2878239022,36.42407283
14032.1072750315,36.9148232
14035.9267261608,37.6566961399991
14043.5656284194,36.8540128699991
14051.204530678,36.0592619099998
14058.8434329367,35.84380792
14066.4823351953,34.39314241
14074.1212374539,33.2271270000011
14081.7601397125,34.2007629500022
14085.5795908419,36.1409784599992
14097.0379442298,35.47792355
14104.6768464884,34.16637252
14112.315748747,34.9319741499995
14116.1351998764,34.5067906099991
14119.9546510057,33.6856043200005
14123.774102135,34.08829052
14127.5935532643,35.12412115
14135.2324555229,36.074051890001
14137.1421810876,36.9410587899998
14139.0519066522,36.7515165099992
14142.8713577816,36.0250049
14150.5102600402,36.89515789
14165.7880645574,36.6565528099992
14181.0658690747,35.9324368800006
14196.3436735919,36.4883508500005
14203.9825758506,36.96645114
14211.6214781092,36.19453188
14219.2603803678,36.0350870800015
14226.8992826265,37.3460459099992
14234.5381848851,36.6539217499985
14243.2144262295,35.32192339
14254.4931147541,34.57865764
14265.7718032787,34.5002021200001
14277.0504918033,34.6055012000001
14291.148852459,34.6715158200005
14296.7881967213,35.12708178
14302.4275409836,34.04132823
14308.0668852459,34.8099449099997
14313.7062295082,34.5736578599985
14319.3455737705,33.2655073900011
14324.9849180328,34.27055013
14330.6242622951,36.65796224
14336.2636065574,37.836062809999
14347.542295082,36.9232467599968
14353.1816393443,34.13184795
14358.8209836066,34.15842294
14364.4603278689,34.50534328
14370.0996721311,34.6471669899994
14375.7390163934,34.1493968200015
14381.3783606557,35.4300045800019
14387.017704918,37.0883947
14395.4767213115,36.35037864
14418.0340983607,34.6068889800007
14440.5914754098,35.2373705200015
14463.148852459,36.5628696599993
14485.7062295082,35.92022863
14508.2636065574,35.08570585
14530.8209836066,35.8884097700004
14542.0996721312,36.2277372100013
14547.7390163934,37.3942694200011
14553.3783606558,38.33172889
14564.6570491803,37.96217033
14575.9357377049,36.2561042999977
14587.2144262295,34.2451801499997
14590.0340983607,33.9420731500002
14592.8537704918,34.1621775
14595.6734426229,33.68306759
14598.4931147541,34.0044406600008
14601.3127868853,34.7213705999987
14604.1324590164,33.5698859399996
14609.7718032787,33.19814531
14615.411147541,34.01282556
14618.2308196721,34.2502826200004
14621.0504918033,34.6082433899998
14626.6898360656,34.4318144500009
14632.3291803279,35.25775998
14637.9685245902,36.02720038
14643.6078688525,35.9300287900013
14654.8865573771,37.0391773499992
14666.1652459016,36.3202014399991
14674.6242622951,35.53470958
14680.2636065574,35.0577372
14685.9029508197,35.2075050400009
14691.542295082,35.9745399799991
14697.1816393443,35.1769107699988
14702.8209836066,34.10286946
14711.28,34.41294299
14716.9193442623,36.9056561200011
14722.5586885246,37.88524266
14728.1980327869,37.8762406899994
14733.8373770492,37.30645444
14736.6570491803,36.87996758
14739.4767213115,37.6437981300009
14745.1160655738,38.4351897900004
14750.7554098361,38.7738317599986
14762.0340983607,37.50020519
14773.3127868852,35.74132182
14784.5914754098,33.0979953800009
14795.8701639344,33.8763162800026
14807.148852459,36.1927447699997
14818.4275409836,35.95084832
14829.7062295082,35.54878572
14840.9849180328,35.04784573
14852.2636065574,35.0452347799999
14863.542295082,34.9812808699995
14874.8209836066,34.523765
14886.0996721312,34.84592016
14897.3783606557,35.0611888
14908.6570491803,35.0686169600014
14917.1160655738,36.2671194399996
14922.7554098361,35.90116267
14931.2144262295,35.91816824
14936.8537704918,35.0459599300003
14942.4931147541,35.277967280001
14948.1324590164,36.1134562200004
14953.7718032787,36.47839488
14959.411147541,35.1724914
14965.0504918033,34.2641752799988
14970.6898360656,33.2042632000005
14976.3291803279,33.6205213300001
14981.9685245902,33.68899248
14987.6078688525,33.78287163
14993.2472131148,34.1494155099996
14998.8865573771,33.8212447399997
15004.5259016393,33.563931749999
15015.8045901639,32.71897216
15027.0832786885,32.25928907
15044.0013114754,33.0515767200002
15066.5586885246,33.2407439699995
15089.1160655738,32.7811044199999
15111.673442623,32.7110303
15134.2308196721,34.23208472
15156.7881967213,35.5329235699982
15170.886557377,33.9376736999992
15182.1652459016,33.21420665
15193.4439344262,33.22983763
15201.9029508197,33.21325261
15210.3619672131,33.9987529300009
15221.6406557377,34.8159141100003
15227.28,35.0894902500009
15235.7390163934,35.86723911
15247.017704918,37.27184907
15275.2144262295,36.8107685899991
15286.4931147541,36.0039167600012
15292.1324590164,37.0678635400009
15309.0504918033,37.88909573
15325.9685245902,37.32751527
15348.5259016393,37.65261741
15371.0832786885,37.6906235099977
15382.3619672131,35.6677442799983
15390.8209836066,34.13420472
15393.6406557377,34.34666443
15396.4603278689,34.16620478
15399.28,34.14943208
15404.9193442623,34.14826325
15410.5586885246,34.14006494
15421.8373770492,34.09205741
15427.4767213115,33.2457335699999
15433.1160655738,33.1947966800008
15438.7554098361,33.8629641500009
15450.0340983607,34.64888223
15461.3127868852,36.27020467
15472.5914754098,36.9246246199998
15483.8701639344,36.7901386099986
15495.148852459,35.5541596700003
15506.4275409836,35.83395866
15517.7062295082,35.9817795
15537.4439344262,35.99402991
15543.0832786885,36.0213530299999
15548.7226229508,35.8899882799997
15551.542295082,35.67140533
15554.3619672131,34.71552015
15555.7718032787,33.4371792399986
15557.1816393443,32.2207049900001
15558.5914754098,32.3126305500008
15560.0013114754,33.055214
15562.8209836066,34.06881717
15568.4603278689,33.20844672
15574.0996721311,33.2000620200004
15579.7390163934,33.5626382700009
15585.3783606557,34.34950947
15591.017704918,35.0220247
15596.6570491803,34.4499896900001
15602.2963934426,34.5116432899991
15607.9357377049,33.7558627799991
15613.5750819672,32.98263432
15624.8537704918,32.18494246
15636.1324590164,31.8521899699999
15647.411147541,31.7366876
15658.6898360656,31.72074628
15664.3291803279,31.76095309
15667.148852459,31.28079685
15669.9685245902,30.849233980001
15675.6078688525,31.7088333600012
15686.8865573771,32.7708223799983
15698.1652459016,31.29084647
15709.4439344262,30.88147024
15720.7226229508,32.4772527800013
15732.0013114754,33.6228846399999
15751.7390163934,33.491311389999
15757.3783606557,32.6491264
15765.8373770492,32.59154465
15777.1160655738,34.2140867700043
15794.0340983607,37.9933143200046
15816.5914754098,42.0561488800018
15839.148852459,43.59783697
15844.7881967213,42.50394079
15850.4275409836,40.9573613599984
15853.2472131148,39.5720113100005
15856.0668852459,39.9969109400012
15858.886557377,41.02184527
15861.7062295082,42.5701238
15864.5259016393,45.3247094500029
15867.3455737705,47.8985785399999
15870.1652459016,47.8066333800013
15872.9849180328,48.92691093
15875.8045901639,49.00026517
15878.6242622951,48.7147050699994
15884.2636065574,48.1761572600013
15889.9029508197,49.2983103
15895.542295082,49.31342096
15901.1816393443,49.21148716
15906.8209836066,48.626067339999
15912.4603278689,47.7052140999985
15918.0996721312,46.3925659000008
15923.7390163934,47.0927728
15929.3783606557,49.07036653
15935.017704918,49.1155144499995
15940.6570491803,48.7031867100019
15946.2963934426,50.3722480799995
15951.9357377049,49.9012269
15957.5750819672,49.67632851
15963.2144262295,50.2118740099986
15968.8537704918,49.0066962600022
15974.4931147541,50.9462526500032
15980.1324590164,53.72824508
15985.7718032787,53.30964936
15997.0504918033,51.2694746399992
16008.3291803279,50.5838867900003
16013.9685245902,50.8838443700018
16019.6078688525,52.47582914
16025.2472131148,51.69853513
16030.8865573771,49.6931914400015
16042.1652459016,51.0154681299992
16047.8045901639,50.3019711899982
16053.4439344262,48.70802355
16059.0832786885,49.44081765
16064.7226229508,50.3132900200009
16087.28,51.0910768999995
16109.8373770492,50.6861408599987
16132.3947540984,49.53978724
16154.9521311475,47.99625812
16177.5095081967,46.4297172900009
16200.0668852459,47.2176397500016
16216.9849180328,48.6196206799996
16228.2636065574,48.24847972
16239.542295082,47.86520476
16250.8209836066,48.2535740600023
16262.0996721311,50.2851511299987
16273.3783606557,49.1690087699981
16284.6570491803,47.48387827
16290.2963934426,47.99071482
16295.9357377049,49.2007989899994
16298.7554098361,48.7051284900012
16301.5750819672,49.7890565600011
16307.2144262295,50.79667841
16312.8537704918,52.43692346
16318.4931147541,52.86964656
16324.1324590164,52.8455381599999
16329.7718032787,52.7381667699972
16335.411147541,50.28725258
16341.0504918033,49.56088539
16346.6898360656,51.8230253800012
16352.3291803279,52.875257160001
16357.9685245902,53.7766951299985
16360.7881967213,52.46334723
16363.6078688525,50.30231373
16369.2472131148,47.9176075899998
16372.0668852459,47.7816514700018
16374.886557377,49.4004666999998
16380.5259016393,49.19607856
16386.1652459016,48.12764749
16391.8045901639,46.8211879200001
16397.4439344262,46.89147806
16403.0832786885,46.9052724900003
16408.7226229508,47.16278885
16414.3619672131,47.37287759
16420.0013114754,46.8983719199996
16431.28,46.5076778500017
16442.5586885246,47.9783974400014
16453.8373770492,49.21544072
16459.4767213115,48.8044981
16465.1160655738,49.1376987800025
16470.7554098361,51.3262926600012
16476.3947540984,52.4144115999994
16482.0340983607,51.87048571
16487.6734426229,52.478384
16493.3127868852,51.8550918999986
16498.9521311475,50.6525719099996
16504.5914754098,50.293052350001
16510.2308196721,51.16087456
16515.8701639344,51.50093028
16521.5095081967,50.4319798599982
16527.148852459,48.8688936399983
16532.7881967213,47.3734852900019
16538.4275409836,49.02662632
16544.0668852459,50.19614089
16549.7062295082,50.1916662200009
16555.3455737705,51.02318498
16558.1652459016,51.0059854399997
16560.9849180328,50.75495964
16563.8045901639,49.09536217
16566.6242622951,48.2615162100005
16572.2636065574,48.6736271000018
16583.542295082,50.2898417199998
16589.1816393443,50.1373437
16594.8209836066,50.42666763
16597.6406557377,50.4006063599997
16600.4603278689,50.11944089
16606.0996721311,50.11196173
16611.7390163934,50.10079467
16617.3783606557,50.02393217
16623.017704918,49.6587149799988
16628.6570491803,48.6278163299983
16634.2963934426,47.1745384099992
16639.9357377049,46.4586567
16645.5750819672,48.09366163
16651.2144262295,49.6631674100018
16656.8537704918,51.2683333100008
16662.4931147541,51.9444348100006
16668.1324590164,52.45402218
16673.7718032787,52.42977745
16679.411147541,51.8871268999973
16685.0504918033,49.4835125799972
16690.6898360656,46.99121836
16696.3291803279,47.01025944
16701.9685245902,48.17997967
16707.6078688525,49.1956156400005
16713.2472131148,49.6648677900005
16718.886557377,50.1107092299995
16724.5259016393,49.67985041
16730.1652459016,49.36503905
16732.9849180328,49.6568261799995
16735.8045901639,49.2388172600006
16738.6242622951,49.7801571700002
16741.4439344262,49.95384905
16747.0832786885,49.66504463
16758.3619672131,50.8013612700004
16764.0013114754,51.150118969998
16769.6406557377,49.4273666399977
16775.28,47.41999967
16786.5586885246,46.57655648
16797.8373770492,46.3976827200011
16806.2963934426,47.3932100700014
16811.9357377049,48.6612857999999
16817.5750819672,48.55351774
16823.2144262295,47.73880844
16828.8537704918,46.9390783799987
16834.4931147541,45.8324072199996
16840.1324590164,45.4872235200011
16845.7718032787,46.45847899
16851.411147541,46.61951994
16857.0504918033,45.0237604399995
16862.6898360656,44.5869425000009
16868.3291803279,45.3844009000018
16876.7881967213,47.00506511
16888.0668852459,47.87817218
16899.3455737705,47.3546384200012
16910.6242622951,48.3892798500017
16921.9029508197,49.903457549998
16933.1816393443,48.10892569
16944.4603278689,45.63180784
16955.7390163934,45.7651448400008
16961.3783606557,46.47506033
16967.017704918,46.4364192799996
16972.6570491803,46.06930873
16978.2963934426,46.88179868
16989.5750819672,47.3415871
17000.8537704918,47.3544394400017
17012.1324590164,48.819968300002
17023.411147541,50.5505701
17034.6898360656,49.2000474
17045.9685245902,47.5989106899992
17051.6078688525,46.8755355800001
17057.2472131148,46.929411480001
17062.886557377,47.76988704
17074.1652459016,47.64277217
17082.6242622951,46.3558789600001
17088.2636065574,46.4362537399999
17091.0832786885,46.3890718700006
17093.9029508197,46.94509351
17096.7226229508,46.89733677
17099.542295082,46.9008112300002
17102.3619672131,47.0739398300016
17105.1816393443,48.5102278700018
17108.0013114754,50.10246505
17110.8209836066,50.34376602
17113.6406557377,51.7238565800009
17116.4603278689,52.4721921100005
17119.28,52.9145579599992
17122.0996721311,52.161711
17124.9193442623,51.39956959
17127.7390163934,50.1459103699986
17130.5586885246,48.9522805499992
17133.3783606557,48.2828892299994
17136.1980327869,47.75389248
17139.017704918,47.78378658
17141.8373770492,48.2205694300012
17144.6570491803,49.2429163300009
17147.4767213115,50.073771080001
17150.2963934426,50.91012606
17153.1160655738,51.05712805
17155.9357377049,50.5441591800004
17158.7554098361,50.9357838400009
17164.3947540984,51.7550350700001
17170.0340983607,51.8587158
17175.673442623,51.47707277
17181.3127868852,52.2582848200009
17186.9521311475,53.0269727400009
17192.5914754098,53.7855885899991
17198.2308196721,52.98818738
17203.8701639344,51.44000887
17209.5095081967,50.491001109999
17215.148852459,49.6534068600006
17220.7881967213,50.1406609699998
17226.4275409836,49.93826199
17232.0668852459,50.16151797
17234.886557377,50.5763130999997
17237.7062295082,50.3442251499997
17240.5259016394,50.1055266400005
17243.3455737705,50.54543886
17246.1652459016,50.34771601
17248.9849180328,48.9700783899998
17251.8045901639,48.7602641100004
17254.6242622951,49.1175969500025
17260.2636065574,51.31469896
17265.9029508197,53.04777706
17271.542295082,54.6437426700025
17277.1816393443,56.7989366200021
17282.8209836066,58.6221168899997
17288.4603278689,58.38019728
17294.0996721311,57.73320008
17299.7390163934,56.1569009699976
17305.3783606557,54.0006252499968
17311.017704918,51.1969716699972
17316.6570491803,48.71805846
17322.2963934426,48.52694044
17327.9357377049,50.1437248800005
17333.5750819672,50.6077704199989
17339.2144262295,49.6301268099994
17344.8537704918,49.13365636
17350.4931147541,49.11483996
17356.1324590164,50.9952189100012
17361.7718032787,52.0172624999988
17367.411147541,50.9997370499985
17373.0504918033,49.70898197
17378.6898360656,49.48230537
17384.3291803279,48.6201148000005
17389.9685245902,49.066081730002
17395.6078688525,50.8664221100024
17401.2472131148,52.98242413
17406.8865573771,52.87300156
17409.7062295082,52.9346577799982
17412.5259016393,51.3617580899973
17415.3455737705,49.0148818199986
17418.1652459016,47.8253317
17420.9849180328,48.76216692
17423.8045901639,51.0273101900021
17426.6242622951,52.886541980002
17429.4439344262,54.6370055400009
17432.2636065574,55.40067788
17435.0832786885,55.57006535
17437.9029508197,55.1642423500002
17440.7226229508,55.3622730000017
17443.542295082,56.8245400400018
17446.3619672131,58.3910335
17449.1816393443,59.66933848
17452.0013114754,60.5786788400018
17454.8209836066,62.1635905900001
17457.6406557377,62.269300419996
17460.4603278689,58.76210211
17463.28,54.55889764
17466.0996721311,51.9585019199996
17468.9193442623,51.6392156499986
17471.7390163934,50.370877769997
17474.5586885246,47.70908345
17477.3783606557,47.36718451
17480.1980327869,47.8801281700005
17483.017704918,48.2974355099989
17488.6570491803,47.3716054199991
17497.1160655738,46.62005697
17508.3947540984,45.07844132
17519.673442623,44.6397273400009
17530.9521311475,45.4600060499998
17542.2308196721,45.2607990799998
17553.5095081967,45.13258882
17564.7881967213,46.40587286
17570.4275409836,47.6801227400007
17581.7062295082,48.2843203100013
17587.3455737705,49.4123935700037
17598.6242622951,52.66569461
17604.2636065574,53.59561285
17609.9029508197,53.2396437299996
17615.542295082,52.8874965999985
17621.1816393443,51.5616267799999
17626.8209836066,51.48408452
17632.4603278689,52.05292004
17638.0996721312,52.5260189599986
17643.7390163934,51.2664029899979
17649.3783606557,49.4241864899987
17655.017704918,48.31018026
17660.6570491803,47.30452379
17666.2963934426,47.5139400900037
17671.9357377049,50.7455156700023
17677.5750819672,52.7684633899988
17683.2144262295,51.6886407
17688.8537704918,50.61031568
17694.4931147541,51.9071889200009
17700.1324590164,52.6562664200016
17705.7718032787,54.0164423000009
17711.411147541,54.76890724
17717.0504918033,56.38979356
17722.6898360656,57.0841372099993
17728.3291803279,56.5109299900001
17731.148852459,56.55184715
17733.9685245902,56.53443128
17736.7881967213,56.34024862
17739.6078688525,53.620086669995
17742.4275409836,49.1978831299969
17745.2472131148,46.4443299000012
17748.0668852459,47.49175581
17750.8865573771,48.27522737
17756.5259016393,47.9962266700018
17762.1652459016,49.5389865500012
17764.9849180328,50.5891142999995
17767.8045901639,50.16006524
17770.6242622951,50.73574475
17773.4439344262,51.8507038199971
17776.2636065574,49.2899629999981
17779.0832786885,47.6496127099999
17781.9029508197,47.6079316
17784.7226229508,49.23775214
17787.542295082,50.8402563100008
17790.3619672131,51.52166548
17793.1816393443,51.49967085
17796.0013114754,51.46950201
17798.8209836066,52.0057042
17801.6406557377,52.1046817399998
17804.4603278689,51.9102617299974
17807.28,49.5851650399969
17812.9193442623,46.85938817
17818.5586885246,45.44747186
17824.1980327869,45.5547089899997
17829.8373770492,45.3167811000003
17832.6570491803,45.6232256300004
17835.4767213115,45.96487449
17841.1160655738,45.5125462
17843.9357377049,45.8615029400011
17845.3455737705,46.8137808699981
17846.7554098361,45.1662673499985
17849.5750819672,43.81387899
17852.3947540984,43.89279644
17858.0340983607,45.5348384500013
17863.673442623,46.7126166400023
17874.9521311475,48.757519350001
17877.7718032787,49.61614187
17880.5914754098,49.21116205
17883.411147541,48.7111711099991
17886.2308196721,47.9607985099993
17887.6406557377,47.3503435299976
17889.0504918033,45.23131501
17890.4603278689,44.37531715
17891.8701639344,44.1737625600014
17893.28,45.3925774800005
17894.6898360656,45.8063827299983
17897.5095081967,44.32959892
17900.3291803279,42.75939263
17903.148852459,41.1283355800001
17905.9685245902,41.2320906800018
17908.7881967213,42.7932735200004
17911.6078688525,43.14067897
17914.4275409836,44.19623904
17917.2472131148,45.1705665300009
17920.0668852459,45.9708665800009
17925.7062295082,46.7586788900009
17936.9849180328,47.54847392
17942.6242622951,48.34397183
17959.542295082,48.7300878600012
17976.4603278689,49.7458037600013
17987.7390163934,50.9085213800012
17993.3783606557,51.9666688
17997.6078688525,50.10822361
18001.8373770492,47.8655804899982
18007.4767213115,46.3227895199986
18010.2963934426,45.073074270001
18015.9357377049,45.99316611
18027.2144262295,47.55510417
18038.4931147541,46.9458493999967
18049.7718032787,44.0244390299992
18061.0504918033,43.2979592300016
18072.3291803279,44.6655915
18083.6078688525,45.48210316
18094.886557377,46.1294755500028
18106.1652459016,48.5549901800008
18117.4439344262,49.2172829599982
18128.7226229508,47.63496458
18140.0013114754,47.08413114
18151.28,49.2435436300004
18162.5586885246,49.5632671099999
18173.8373770492,49.4467288999992
18185.1160655738,48.70994957
18196.3947540984,48.71794608
18207.6734426229,48.9056719599997
18213.3127868852,48.6517047899984
18218.9521311475,47.28376911
18224.5914754098,47.24229114
18230.2308196721,48.12751408
18235.8701639344,47.7470446200006
18241.5095081967,48.2416765900006
18247.148852459,48.8118510699994
18258.4275409836,48.24375098
18269.7062295082,48.31403351
18275.3455737705,49.9105486600013
18280.9849180328,51.0880984399998
18286.6242622951,50.9056268099981
18292.2636065574,49.26042572
18303.542295082,47.88492663
18314.8209836066,48.5904881700012
18326.0996721311,49.6440186599992
18337.3783606557,48.9051462499977
18348.6570491803,46.86377368
18371.2144262295,45.44213793
18388.1324590164,45.5474709599979
18396.5914754098,43.7239683799983
18410.6898360656,42.2322744700001
18433.2472131148,42.29660438
18444.5259016393,42.30194594
18455.8045901639,42.3456154899994
18467.0832786885,41.8121973299996
18478.3619672131,41.4379651099995
18484.0013114754,40.99078845
18486.8209836066,39.89457936
18488.2308196721,39.9905289100008
18489.6406557377,40.6985243200011
18491.0504918033,41.6276833800003
18492.4603278689,41.90113826
18493.8701639344,42.29292295
18495.28,43.2816159900016
18496.6898360656,44.6980789299993
18498.0996721312,44.120735319999
18499.5095081967,43.27698688
18500.9193442623,44.14224052
18503.7390163934,44.5188007999995
18509.3783606557,44.1121396700011
18515.017704918,45.1087333700017
18517.8373770492,46.56364401
18520.6570491803,45.49488036
18523.4767213115,45.0628986200003
18526.2963934426,45.3479664999991
18529.1160655738,44.5327261399996
18531.9357377049,44.18563095
18534.7554098361,44.12023899
18537.5750819672,44.8408595300018
18540.3947540984,46.445584400001
18543.2144262295,47.3448642099972
18546.0340983607,44.87284925
18548.8537704918,39.535295
18551.673442623,35.2209076299983
18554.4931147541,33.7630429800004
18557.3127868852,34.0832102700015
18560.1324590164,35.40816946
18562.9521311475,35.79248716
18565.7718032787,33.5592891399989
18568.5914754098,32.6021484100009
18571.411147541,33.4074218000016
18574.2308196721,34.81415983
18577.0504918033,34.95695768
18579.8701639344,34.4845064499991
18582.6898360656,33.6546944700008
18585.5095081967,34.3546942800007
18588.3291803279,34.93617446
18591.148852459,37.24731425
18592.5586885246,39.6188579300014
18593.9685245902,40.8488295999983
18595.3783606557,39.3382923799974
18596.7881967213,37.02114105
18599.6078688525,34.81081857
18602.4275409836,35.1657020400001
18605.2472131148,35.25979275
18608.0668852459,35.27472696
18613.7062295082,35.23416023
18619.3455737705,35.5439069
18624.9849180328,34.7597112200006
18630.6242622951,35.2761721700006
18641.9029508197,35.7834217399991
18653.1816393443,35.03375171
18664.4603278689,34.84632078
18670.0996721311,36.1063577000001
18675.7390163934,36.1549305099999
18678.5586885246,36.0623370399996
18681.3783606557,35.73003872
18684.1980327869,35.71778343
18687.017704918,35.5697764199991
18689.8373770492,34.7758846000005
18692.6570491803,35.2056365000009
18698.2963934426,35.97618177
18703.9357377049,36.57881391
18709.5750819672,35.7191830199995
18715.2144262295,35.2705561000004
18720.8537704918,35.6284934300012
18722.2636065574,36.66177268
18723.6734426229,36.63938293
18726.4931147541,36.4442654899984
18729.3127868852,34.9958115399982
18732.1324590164,33.4303641399996
18737.7718032787,33.04743975
18740.5914754098,33.46525979
18743.411147541,33.9767094900013
18749.0504918033,35.1282996800024
18754.6898360656,37.2289694900006
18760.3291803279,37.74262873
18765.9685245902,35.24325076
18771.6078688525,35.0913880700018
18777.2472131148,36.6642305900004
18782.886557377,36.9884994799981
18785.7062295082,35.35451801
18788.5259016393,34.79872502
18794.1652459016,34.9077793500009
18796.9849180328,35.7304885099987
18799.8045901639,34.5426702999987
18802.6242622951,33.42632521
18805.4439344262,33.60082798
18808.2636065574,35.1662262100013
18811.0832786885,36.3328353699985
18822.3619672131,35.0427868399997
18828.0013114754,34.81261915
18833.6406557377,34.89058978
18839.28,33.6195804299991
18844.9193442623,32.8672874900001
18850.5586885246,32.9102264000022
18856.1980327869,34.83424232
18861.8373770492,35.27015729
18867.4767213115,34.80044854
18873.1160655738,34.81902051
18878.7554098361,34.80830262
18884.3947540984,34.77919251
18890.0340983607,33.49130988
18895.673442623,33.3554021500012
18901.3127868852,34.4371699399999
18906.9521311475,34.3277925699989
18912.5914754098,33.3243752
18918.2308196721,34.82560518
18923.8701639344,35.7123822499985
18929.5095081967,34.4257375699993
18935.148852459,33.7785898400013
18940.7881967213,34.91820075
18946.4275409836,34.83267699
18952.0668852459,35.2551553900007
18957.7062295082,35.9111285100014
18963.3455737705,37.1881745299994
18968.9849180328,36.69262904
18974.6242622951,36.19193312
18977.4439344262,35.5024300200003
18980.2636065574,35.7565401100013
18983.0832786885,36.9160548199996
18985.9029508197,36.5273975
18988.7226229508,34.1302929
18991.542295082,33.0005637000002
18994.3619672131,33.2077735200017
18997.1816393443,34.6687187800018
19000.0013114754,36.21621697
19002.8209836066,35.86739518
19005.6406557377,34.2903480999996
19008.4603278689,33.9779298600009
19011.28,34.7731143600006
19014.0996721311,35.2663081
19016.9193442623,35.96208681
19019.7390163934,35.6983238799986
19025.3783606557,34.4928671999996
19031.017704918,34.1031256400003
19036.6570491803,34.40673286
19042.2963934426,34.35744948
19047.9357377049,34.6591976800002
19053.5750819672,34.79883049
19059.2144262295,34.8108072700003
19064.8537704918,35.07545382
19070.4931147541,36.96402968
19076.1324590164,37.6638357700009
19081.7718032787,38.4548743700016
19087.411147541,39.8230587800021
19093.0504918033,41.70548193
19098.6898360656,43.60275251
19104.3291803279,43.7688138599981
19109.9685245902,42.1151221699989
19115.6078688525,41.1745028999981
19121.2472131148,39.46747725
19126.8865573771,37.46787076
19129.7062295082,37.8168969799996
19132.5259016393,37.4727930199973
19135.3455737705,35.0887940399975
19138.1652459016,32.86181908
19140.9849180328,32.56408376
19143.8045901639,34.2926058500009
19149.4439344262,35.1138522899999
19155.0832786885,34.9946469099981
19160.7226229508,33.35884412
19166.3619672131,31.82086154
19169.1816393443,29.6225398100005
19172.0013114754,30.0535514600027
19174.8209836066,32.4421737900037
19177.6406557377,35.67323574
19180.4603278689,36.54507205
19183.28,35.171423249999
19186.0996721312,34.3057090700011
19188.9193442623,35.2922436600011
19194.5586885246,36.24221869
19200.1980327869,35.32915738
19205.8373770492,32.9034700299989
19211.4767213115,31.9533192299985
19222.7554098361,30.6421469000005
19234.0340983607,31.05087492
19245.3127868852,33.18045791
19256.5914754098,36.3753248800008
19267.8701639344,37.0997732599991
19279.148852459,36.3259482999992
19290.4275409836,35.59057584
19301.7062295082,34.29202327
19312.9849180328,33.1439247799992
19324.2636065574,32.4811708300009
19335.542295082,33.2453632000028
19346.8209836066,35.69729197
19358.0996721312,35.11052484
19369.3783606557,34.31387182
19380.6570491803,34.2978212299981
19391.9357377049,32.6558433299993
19397.5750819672,32.00970521
19403.2144262295,32.72159317
19408.8537704918,34.3297474700006
19414.4931147541,34.8212472799998
19420.1324590164,34.6731652799991
19425.7718032787,33.85108274
19431.411147541,33.00584223
19437.0504918033,33.7690143499994
19442.6898360656,33.2110790699987
19448.3291803279,32.0641645500012
19453.9685245902,33.10059424
19459.6078688525,35.38000221
19465.2472131148,37.7464424100014
19470.8865573771,38.9735966999983
19476.5259016394,37.4850138799976
19482.1652459016,35.39146544
19487.8045901639,33.90380668
19493.4439344262,33.1249742099992
19499.0832786885,32.4512685900007
19504.7226229508,33.0379737200009
19510.3619672131,33.84990896
19516.0013114754,33.91249219
19521.6406557377,33.1990251799987
19527.28,32.0720043299993
19532.9193442623,31.4953119200014
19538.5586885246,32.76970353
19544.1980327869,33.50840138
19549.8373770492,33.9020166199998
19555.4767213115,33.7013820799993
19561.1160655738,33.0593950000004
19566.7554098361,33.43804301
19572.3947540984,32.81478908
19589.3127868852,32.0022943700006
19611.8701639344,32.5545636599999
19628.7881967213,32.4852681200006
19645.7062295082,33.02442288
19651.3455737705,33.00373044
19656.9849180328,32.5276973399994
19662.6242622951,32.04304887
19668.2636065574,32.06220993
19673.9029508197,32.0660084
19679.542295082,32.04734635
19685.1816393443,33.0560220900011
19690.8209836066,34.0210579200004
19696.4603278689,34.3573170099987
19707.7390163934,33.16949574
19713.3783606557,31.2524018
19719.017704918,31.7149872400019
19724.6570491803,33.3450764299996
19730.2963934426,32.9602413199981
19735.9357377049,31.31819661
19741.5750819672,30.6906208
19747.2144262295,31.9047481600013
19752.8537704918,33.0278559800005
19758.4931147541,33.4652848900004
19764.1324590164,33.81187478
19769.7718032787,34.37993518
19775.411147541,34.3250031900006
19781.0504918033,34.8136470599984
19786.6898360656,33.4374183299966
19792.3291803279,30.45418544
19797.9685245902,29.33284617
19803.6078688525,30.5666721000019
19809.2472131148,32.2599127199997
19814.8865573771,31.9715154000006
19820.5259016393,32.52661246
19826.1652459016,31.84597451
19831.8045901639,30.8111882300016
19837.4439344262,32.2220224900004
19843.0832786885,32.5810702699987
19848.7226229508,31.47282962
19854.3619672131,32.06966039
19860.0013114754,32.523731859999
19865.6406557377,31.6746810999998
19871.28,31.5395965700013
19876.9193442623,32.64274108
19882.5586885246,33.0366637
19888.1980327869,31.7309794100001
19893.8373770492,31.8327413100013
19899.4767213115,32.9823077400003
19905.1160655738,33.24970106
19910.7554098361,34.63225637
19916.3947540984,34.7679941399986
19922.0340983607,33.5829451599976
19927.673442623,31.4743202999993
19933.3127868852,30.87041758
19938.9521311475,32.54694359
19944.5914754098,33.5125772299991
19950.2308196721,32.7252027499997
19955.8701639344,32.484827199999
19961.5095081967,31.62752952
19967.148852459,31.32748962
19969.9685245902,31.1303472800005
19972.7881967213,31.61438847
19978.4275409836,31.6198920500004
19984.0668852459,31.9708571
19989.7062295082,32.96657377
19992.5259016393,31.6686913999999
19995.3455737705,31.5746011500006
20000.9849180328,32.1143201299999
20006.6242622951,32.06506035
20012.2636065574,32.06517913
20017.9029508197,32.0819918199992
20023.542295082,31.4216788399996
20026.3619672131,31.0826368300012
20029.1816393443,32.16005077
20032.0013114754,33.04123629
20034.8209836066,32.5176779399992
20040.4603278689,31.8563753299993
20046.0996721311,31.2631847800016
20051.7390163934,32.6565017
20063.017704918,32.97876219
20068.6570491803,32.6884036299998
20074.2963934426,32.5071933000006
20079.9357377049,32.9993251400013
20085.5750819672,34.17198525
20088.3947540984,34.12542727
20091.2144262295,33.9579028800009
20094.0340983607,34.7898821100001
20096.8537704918,34.8431024499993
20102.4931147541,34.18039338
20108.1324590164,33.39807428
20113.7718032787,32.4443941500008
20115.1816393443,33.1642266100015
20116.5914754098,34.5127576999999
20118.0013114754,34.40428188
20119.411147541,33.53561077
20120.8209836066,34.0658448100009
20122.2308196721,34.8244443
20123.6406557377,34.80751773
20125.0504918033,34.80779242
20127.8701639344,34.78413824
20130.6898360656,33.104186459999
20141.9685245902,32.2253318100016
20153.2472131148,33.6133528800008
20158.886557377,34.33211817
20170.1652459016,33.33007652
20181.4439344262,34.9798432800026
20192.7226229508,37.2368755199984
20204.0013114754,35.876253919997
20215.28,33.21252423
20226.5586885246,32.32349834
20237.8373770492,32.5824229800013
20249.1160655738,33.7211713000019
20260.3947540984,35.3970234699998
20271.673442623,35.24216889
20282.9521311475,36.12458474
20288.5914754098,37.0385903099986
20291.411147541,35.7927342399995
20294.2308196721,35.3182184500014
20297.0504918033,36.54037068
20299.8701639344,36.71992228
20302.6898360656,35.6284653499996
20305.5095081967,35.2726250200006
20308.3291803279,35.7872271700016
20311.148852459,37.23072668
20313.9685245902,36.11348725
20316.7881967213,34.5563056599984
20322.4275409836,33.1306864999998
20328.0668852459,32.955095180001
20333.7062295082,33.82153424
20339.3455737705,35.08807336
20344.9849180328,36.4468983299996
20350.6242622951,36.1048380399973
20356.2636065574,33.6903003699983
20361.9029508197,32.22288408
20367.542295082,32.05368769
20373.1816393443,32.491525350001
20378.8209836066,33.3537981799993
20384.4603278689,32.7777345499998
20390.0996721311,32.57018261
20395.7390163934,34.16443128
20401.3783606557,35.4131234699985
20407.017704918,34.1060407399992
20412.6570491803,33.410149880002
20418.2963934426,35.20730942
20423.9357377049,37.14699207
20429.5750819672,35.1536609399969
20435.2144262295,32.4041240899987
20440.8537704918,31.298466700001
20446.4931147541,32.1498757
20452.1324590164,33.38172999
20457.7718032787,34.40698973
20460.5914754098,34.37502153
20463.411147541,34.4015462200019
20466.2308196721,36.06120775
20469.0504918033,35.72452455
20471.8701639344,34.7215977999991
20474.6898360656,33.90810093
20480.3291803279,33.9084245600001
20485.9685245902,33.97696412
20491.6078688525,35.88008715
20497.2472131148,37.8371609300011
20500.0668852459,38.8253158099982
20502.8865573771,37.2400265899978
20508.5259016393,35.30956856
20514.1652459016,34.2162465
20519.8045901639,35.5244864800002
20525.4439344262,35.6988757399991
20531.0832786885,34.8817969900005
20533.9029508197,35.27942564
20536.7226229508,36.30184548
20539.542295082,36.6537824999988
20542.3619672131,35.5987155799984
20548.0013114754,34.1567366699992
20550.8209836066,33.45361351
20553.6406557377,33.91633922
20556.4603278689,33.8827478800009
20559.28,34.6388083800028
20562.0996721312,37.0616782200011
20564.9193442623,38.00889834
20567.7390163934,37.27379795
20570.5586885246,33.6893857999988
20573.3783606557,32.5955479000005
20576.1980327869,33.0642323500005
20579.017704918,33.51636904
20581.8373770492,34.32398624
20584.6570491803,35.8917763800004
20587.4767213115,36.2283559899971
20590.2963934426,33.7087575099967
20593.1160655738,30.80886321
20595.9357377049,31.90078587
20598.7554098361,33.6491729300023
20601.5750819672,35.6930535000018
20604.3947540984,37.2944730099977
20607.2144262295,35.26145038
20610.0340983607,34.29644311
20612.8537704918,33.8495608900006
20615.673442623,34.40339058
20618.4931147541,34.4304488500014
20621.3127868852,35.70616697
20624.1324590164,37.75318278
20626.9521311475,39.0527205899993
20629.7718032787,38.4363420299982
20632.5914754098,36.8687656399985
20635.411147541,35.57849383
20638.2308196721,36.7294386
20641.0504918033,36.6463053799985
20643.8701639344,35.3426323799958
20646.6898360656,31.6528989899986
20649.5095081967,30.37833211
20652.3291803279,33.28184664
20655.148852459,34.9322195500003
20657.9685245902,35.1644270199991
20660.7881967213,34.3572936800004
20663.6078688525,34.71438914
20666.4275409836,35.02409799
20669.2472131148,35.4259343000033
20672.0668852459,38.2863350700022
20674.8865573771,40.2510313099993
20677.7062295082,39.63737061
20680.5259016394,37.56636732
20683.3455737705,35.4591680700002
20684.7554098361,35.5955810700018
20686.1652459016,37.1982688000004
20687.5750819672,37.58789744
20688.9849180328,36.61176373
20690.3947540984,35.0732680799997
20691.8045901639,34.8123679799998
20693.2144262295,34.6284454000009
20694.6242622951,35.38887097
20696.0340983607,34.30458452
20697.4439344262,33.9566316000002
20698.8537704918,34.0881034300026
20700.2636065574,36.3711511700034
20701.673442623,39.39766341
20703.0832786885,40.49227233
20704.4931147541,40.9605643599975
20705.9029508197,38.7273911599973
20707.3127868852,36.3574140299985
20708.7226229508,35.06490895
20710.1324590164,33.07446863
20711.542295082,32.5287389200018
20714.3619672131,34.0867866900013
20717.1816393443,35.2280859999984
20722.8209836066,33.80240396
20728.4603278689,33.00269578
20731.28,33.9799786600009
20734.0996721311,34.745525009999
20736.9193442623,33.89377677
20739.7390163934,33.86887595
20742.5586885246,34.61497616
20745.3783606557,34.8651551200005
20748.1980327869,35.2767058699997
20751.017704918,35.0351966199991
20752.4275409836,34.22216675
20753.8373770492,33.43259537
20755.2472131148,33.7724627200011
20756.6570491803,34.7586463500012
20758.0668852459,35.7810579600014
20759.4767213115,36.99800542
20760.8865573771,37.3867678
20762.2963934426,35.9780620999997
20763.7062295082,35.7310133099997
20765.1160655738,35.4527916299984
20766.5259016394,34.0840705
20767.9357377049,33.99763834
20769.3455737705,35.650582620001
20770.7554098361,36.4898705500001
20772.1652459016,36.6005106500006
20773.5750819672,37.10865984
20776.3947540984,37.46417022
20777.8045901639,37.7366247600002
20779.2144262295,37.9062541099982
20780.6242622951,36.2810481099981
20782.0340983607,34.63680557
20783.4439344262,34.36855491
20784.8537704918,34.3466875299991
20785.5586885246,33.5327806900003
20786.2636065574,33.8189558200011
20786.9685245902,34.79885935
20787.6734426229,33.49540137
20790.4931147541,33.3535485500012
20793.3127868853,34.4198817000005
20796.1324590164,34.8233698300001
20798.9521311475,34.89540002
20801.7718032787,33.82678836
20804.5914754098,33.2883944699982
20807.411147541,31.6816741899993
20808.1160655738,31.0911031900008
20808.8209836066,31.81844917
20809.5259016393,34.4281501
20810.2308196721,36.8689717800002
20810.9357377049,37.0697663
20811.6406557377,37.0882312000005
20812.3455737705,37.50474102
20813.0504918033,38.00676333
20813.7554098361,37.5974477299989
20814.4603278689,36.6535561300003
20815.1652459016,36.9276577800015
20815.8701639344,38.26366309
20816.5750819672,38.91057496
20817.28,38.0558691499991
20817.9849180328,37.2375948399999
20818.6898360656,37.13914549
20819.3947540984,36.61582039
20820.0996721311,35.88144587
20820.8045901639,34.58900663
20821.5095081967,33.30285207
20822.2144262295,32.92176766
20822.9193442623,34.97709713
20823.6242622951,36.44087469
20824.3291803279,36.15152889
20825.0340983607,35.6696263
20825.7390163934,36.26698883
20826.4439344262,35.03743947
20827.148852459,33.8953808
20827.8537704918,34.0419462
20828.5586885246,33.65347408
20829.2636065574,32.81786126
20829.9685245902,32.09951798
20830.673442623,32.13529913
20831.3783606557,32.1420259
20832.7881967213,32.24925752
20834.1980327869,33.59507476
20835.6078688525,34.77191608
20837.017704918,35.62998712
20838.4275409836,35.71961522
20839.1324590164,34.42975264
20839.8373770492,32.01041899
20840.542295082,31.36622929
20841.2472131148,32.24014992
20841.9521311475,33.83766551
20842.6570491803,35.18402884
20843.3619672131,35.92705651
20844.0668852459,37.1866369
20844.7718032787,39.28403213
20845.4767213115,40.14376782
20846.1816393443,40.30230946
20846.8865573771,36.66581067
20847.5914754098,33.07362156
20848.2963934426,32.19823933
20849.0013114754,33.51478201
20849.7062295082,36.67343325
20850.411147541,38.52980762
20851.1160655738,36.99220743
20851.8209836066,35.3725204
20852.5259016393,35.59596536
20853.2308196721,36.51394019
20853.9357377049,37.64496114
20854.6406557377,38.44620688
20855.3455737705,39.40476041
20856.0504918033,40.42518082
20856.7554098361,40.02087131
20857.4603278689,39.48389456
20858.1652459016,38.83930465
20858.8701639344,39.02351169
20859.5750819672,40.12664842
20860.9849180328,37.14166325
20862.3947540984,33.29503428
20863.8045901639,32.17159115
20866.6242622951,32.11680178
20869.4439344262,32.84501335
20872.2636065574,33.97159743
20873.673442623,32.84645669
20875.0832786885,32.23505967
20876.4931147541,33.64901622
20877.9029508197,35.22980643
20879.3127868852,37.09358212
20880.7226229508,38.12663334
20882.1324590164,37.64090637
20883.542295082,35.58454777
20884.9521311475,34.17702787
20886.3619672131,33.38364387
20887.7718032787,32.54327913
20889.1816393443,33.24534592
20890.5914754098,35.32287261
20892.0013114754,37.18713642
20894.8209836066,38.31002958
20897.6406557377,39.12416354
20900.4603278689,38.01243299
20903.28,36.8350272
20906.0996721311,35.74767164
20908.9193442623,34.79580871
20911.7390163935,33.50907736
20914.5586885246,33.35525904
20917.3783606557,34.2746026
20920.1980327869,33.40454306
20923.017704918,32.61153937
20925.8373770492,33.37678809
20928.6570491803,37.21870903
20931.4767213115,37.64292648
20934.2963934426,37.0744206
20937.1160655738,38.35420361
20939.9357377049,39.07366327
20942.7554098361,38.2294526
20945.5750819672,36.09058963
20948.3947540984,34.88924573
20951.2144262295,34.88995994
20954.0340983607,34.79589522
20956.8537704918,35.89944353
20959.673442623,35.78331213
20965.3127868852,34.54817296
20968.1324590164,33.99316671
20970.9521311475,33.41961289
20973.7718032787,34.4362766
20976.5914754098,37.51559704
20979.411147541,39.1372724
20982.2308196721,37.99627876
20985.0504918033,35.16794743
20987.8701639344,33.66800203
20990.6898360656,33.51428558
20993.5095081967,33.51080414
20999.148852459,33.07319819
21004.7881967213,32.5540855
21010.4275409836,32.64866954
21016.0668852459,33.03690511
21021.7062295082,33.58913829
21027.3455737705,33.38014789
21032.9849180328,34.89827759
21038.6242622951,35.87972557
21044.2636065574,35.16486341
21049.9029508197,34.4651513
21052.7226229508,34.84499594
21055.542295082,35.93114876
21058.3619672131,35.203828
21061.1816393443,34.42582149
21064.0013114754,33.17720762
21066.8209836066,32.75726584
21069.6406557377,33.09266623
21072.4603278689,33.55542497
21075.28,32.97899095
21078.0996721312,33.66990095
21080.9193442623,33.96952298
21083.7390163934,33.39097895
21086.5586885246,35.74080694
21089.3783606557,37.74753404
21092.1980327869,37.4213692
21095.017704918,33.94552869
21097.8373770492,33.0677577
21100.6570491803,34.89686909
21103.4767213115,35.69533898
21106.2963934426,35.66555123
21109.1160655738,34.27891905
21111.9357377049,33.08272771
21114.7554098361,33.07292841
21117.5750819672,33.17303761
