"AGE","GR"
440.031110375641,32.058415879911
440.419990071157,32.9615137809514
440.808869766672,34.9263249458813
441.197749462188,36.3598896239444
441.586629157703,37.7755232377727
441.975508853219,38.3967318840062
442.364388548734,37.2691710190682
442.753268244249,32.9528528840906
443.142147939765,29.4287805450561
443.531027635281,29.5460045194463
443.919907330796,32.3742432873227
444.308787026311,30.8176235565773
444.697666721827,28.9735579493937
445.086546417342,30.1766634782267
445.475426112858,31.6083722936783
445.864305808373,33.6271623119029
446.253185503889,34.200104170763
446.642065199404,31.8692244531376
447.03094489492,31.1600685092971
447.419824590435,34.231465632305
447.808704285951,37.6351073740997
448.197583981466,38.7083651610574
448.586463676982,37.5392081908719
448.975343372497,33.4030260934088
449.364223068013,31.9495172560092
449.753102763528,32.7757764275296
450.141982459044,34.378700943564
450.530862154559,33.8580353867595
450.919741850074,34.6545328263735
451.30862154559,37.0347362986733
451.697501241105,33.277409937181
452.086380936621,30.1285341346301
452.475260632136,32.9615129083946
452.864140327652,31.8210812779071
453.253020023167,29.655996165537
453.641899718683,29.5894768254092
454.030779414198,29.0448048857205
454.419659109714,27.4907075536482
454.808538805229,26.6193359719497
455.58629819626,27.7738618858187
456.364057587291,28.9380480320441
457.141816978322,28.0305733347534
457.919576369353,27.8462395797016
458.697335760384,27.644745410755
459.475095151415,26.6048312854838
460.252854542446,28.1059196159733
461.030613933477,28.4532835994347
461.808373324508,28.4880274015826
462.586132715539,29.6743873901096
463.36389210657,29.083570267528
464.141651497601,27.6316268607603
464.530531193116,26.1817877258409
464.919410888632,24.381137719233
465.308290584147,22.9351346757401
465.697170279662,23.6365067818394
466.086049975178,23.5603939652981
466.474929670693,23.6557978920351
466.863809366209,24.7719698505495
467.252689061724,28.833746799552
467.64156875724,28.1114652283157
468.030448452755,23.6273150044919
468.419328148271,25.7157658455969
468.808207843786,29.2823203977305
469.002647691544,30.4215301585492
469.197087539302,29.0236914363116
469.391527387059,29.9662565129572
469.780407082575,29.6893733290765
469.974846930333,28.9364797252081
470.169286778091,30.5897394610222
470.363726625848,31.4500105646304
470.558166473606,29.6277723841254
470.752606321364,27.7820077590173
470.947046169121,27.6957160992821
471.141486016879,26.187450346906
471.335925864637,27.826477558413
471.530365712395,32.0253864031252
471.724805560152,32.0672840789121
471.91924540791,32.6241683488598
472.113685255668,33.7198173631328
472.308125103425,32.6353431127307
472.502564951183,32.648940663816
472.697004798941,30.8670708587599
472.891444646699,30.6905048675935
473.085884494457,30.5139388764272
473.280324342214,30.3373728852609
473.474764189972,30.1608068940946
473.669204037729,29.9842409029282
473.863643885487,29.8076749117619
474.058083733245,29.6311089205956
474.252523581003,29.4545429294293
474.641403276518,29.277976938263
475.030282972034,29.1014109470966
475.419162667549,28.9248449559303
475.808042363065,28.748278964764
476.585801754096,28.5717129735977
476.974681449611,28.3951469824313
477.363561145127,28.218580991265
477.752440840642,28.0420150000987
478.141320536158,27.8654490089324
478.530200231673,27.6888830177661
478.919079927189,27.5123170265997
479.307959622704,27.3357510354334
479.69683931822,27.1591850442671
480.085719013735,26.9826190531008
480.47459870925,26.8060530619345
480.863478404766,26.6294870707681
481.252358100281,26.4529210796018
481.641237795797,26.2763550884355
482.030117491312,26.0997890972692
482.418997186828,25.9232231061029
482.807876882343,25.7466571149365
483.585636273374,25.5700911237702
484.363395664405,25.3935251326039
485.141155055436,25.2169591414376
485.918914446467,25.0403931502713
486.696673837498,24.863827159105
488.25219261956,24.8587698012588
489.029952010591,24.7684786450794
489.807711401622,25.8296553945698
490.585470792653,27.5165211945257
490.974350488168,28.421561782915
491.363230183683,29.0590472128206
492.140989574715,28.0117744863499
492.918748965746,26.5260889397471
493.696508356776,24.3979826878677
494.474267747808,23.8082541492877
495.252027138838,24.6981806191119
495.640906834354,24.2233684882282
496.029786529869,21.2998775645495
496.418666225385,19.4041342289296
496.8075459209,19.7275453247499
497.196425616416,22.6509807279947
497.390865464173,25.9866679145908
497.585305311931,29.0775204900024
497.779745159689,31.949791572628
497.974185007446,33.2559988168071
498.168624855204,34.6978782023262
498.363064702962,36.1032802425519
498.55750455072,38.6157970746055
498.751944398478,38.7983451593526
498.946384246235,37.4342473596802
499.140824093993,37.4341167778598
499.335263941751,36.9428895469717
499.529703789509,35.3444516615585
499.724143637266,32.7265858723451
499.918583485024,30.8242036328865
500.113023332782,30.801035690427
500.30746318054,32.2563034828271
500.501903028297,35.9663835815566
500.696342876055,39.424652852233
500.890782723813,43.3480975265959
501.08522257157,45.3682677672981
501.279662419328,44.083114175492
501.474102267086,42.801716432249
501.668542114844,42.8498601568668
501.862981962601,42.838192053974
502.057421810359,42.5410581849609
502.251861658117,40.7649644440609
502.446301505875,39.2034378875898
502.640741353632,39.2145700254697
502.83518120139,40.9277459185202
503.029621049148,43.3111039295983
503.224060896906,43.1451771805386
503.418500744663,41.839187989256
503.612940592421,41.000259698868
503.807380440179,41.6795501196921
504.001820287937,42.1516100787452
504.196260135694,41.6277415078116
504.390699983452,40.1407560785436
504.58513983121,39.2414162990225
504.779579678967,39.2937603049842
504.974019526725,40.5617879434839
505.168459374483,43.291533827606
505.362899222241,46.7810402151651
505.557339069998,50.2893864289569
505.751778917756,50.0171125937379
505.946218765514,46.4325576037566
506.140658613272,42.4431710922691
506.335098461029,42.5255639442479
506.529538308787,43.4612126980135
506.723978156545,44.6622781255891
506.918418004302,46.4921384623844
507.11285785206,45.7313318501259
507.307297699818,44.1456183885683
507.501737547576,41.956134253753
507.696177395334,39.5009667122081
507.890617243091,37.5505264310057
508.085057090849,36.2123404617255
508.279496938607,36.5898395557825
508.473936786364,38.056585169169
508.668376634122,38.7731032906127
508.86281648188,38.0793440443097
509.057256329638,38.0548550300705
509.251696177395,38.4623258297049
509.446136025153,38.6367818165747
509.640575872911,36.8704546521755
509.835015720669,35.0592814227159
510.029455568426,35.0419596397676
510.223895416184,35.0476077289995
510.418335263942,35.050945213749
510.6127751117,35.2944749008334
510.807214959457,37.4077010408201
511.001654807215,37.2446709524504
511.196094654973,36.8756944173775
511.39053450273,37.9072366558243
511.584974350488,39.5637069894668
511.779414198246,40.4414565591264
511.973854046004,41.2447685233855
512.168293893761,41.6293241310342
512.362733741519,41.2831430430604
512.557173589277,41.0642500045869
512.751613437035,41.0520497608476
512.946053284792,40.1852969104852
513.14049313255,38.5438575117071
513.334932980308,36.0211635815721
513.529372828065,34.6418395990986
513.723812675823,34.4536843921763
513.918252523581,33.893929982941
514.112692371339,34.4404744068996
514.307132219097,33.8445926874863
514.501572066854,34.3205342724778
514.696011914612,35.0576161436357
514.89045176237,35.5628194750023
515.084891610127,35.6392390866468
515.279331457885,34.8172248261086
515.473771305643,34.4128990425406
515.668211153401,36.0693074139139
515.862651001158,39.6545465311207
516.057090848916,41.0834367527401
516.251530696674,38.3280251421907
516.445970544432,34.6039950442644
516.640410392189,31.305687275361
517.029290087705,31.2181778178863
517.41816978322,32.0311942778826
517.807049478736,33.451876308548
518.195929174251,35.0342946743537
518.584808869767,25.0974911299998
518.779248717525,24.42425585
518.973688565282,25.08681977
519.16812841304,26.8404466
519.362568260798,27.8655409199998
519.557008108555,27.2473875500002
519.751447956313,28.0967089
519.945887804071,30.45678092
520.140327651829,33.61310473
520.334767499586,35.7234228199996
520.529207347344,34.3921935799996
520.918087042859,32.9517856
521.306966738375,33.40074607
521.69584643389,31.61859503
522.084726129406,29.3964208199988
522.473605824921,25.0301921599991
522.862485520437,21.85671758
523.251365215952,20.53274032
523.640244911468,20.03020573
524.029124606983,21.16125529
524.418004302499,21.2422906500003
524.806883998014,22.16907016
525.19576369353,23.87035824
525.584643389045,26.0171461
525.973523084561,26.17405766
526.362402780076,26.1783788999999
526.751282475592,25.73441287
527.140162171107,26.01332356
527.529041866623,28.86761023
527.72348171438,30.6445093099999
527.917921562138,30.2091113700006
528.112361409896,32.1998495
528.306801257653,32.77059451
528.501241105411,31.3493761
528.695680953169,31.2254742100003
528.890120800927,32.4061952199997
529.084560648684,31.26913424
529.279000496442,30.05765767
529.4734403442,30.27874765
529.667880191958,30.6618392800002
529.862320039715,31.4895782100006
530.056759887473,33.6078825
530.251199735231,35.72098557
530.445639582989,34.6479224
530.640079430746,34.5604159699997
530.834519278504,33.5644672199993
531.028959126262,30.97173896
531.223398974019,29.98975191
531.417838821777,30.50455065
531.612278669535,31.2649669599998
531.806718517293,30.68428435
532.001158365051,30.64986026
532.195598212808,31.31243
532.390038060566,32.79039836
532.778917756081,33.5430117400001
533.167797451597,34.0236356799996
533.556677147112,32.56623145
534.139996690386,29.07024401
534.528876385901,25.50938008
534.917756081417,23.2538641699997
535.306635776932,22.3144635899998
535.695515472447,21.76490524
536.084395167963,23.17471361
536.473274863478,23.92181461
536.862154558994,24.721951470001
537.251034254509,28.3289435300017
537.639913950025,34.18747186
537.834353797783,36.97970448
538.02879364554,38.40924349
538.417673341056,38.8658197199997
538.806553036571,37.9144944699997
539.000992884329,36.70332569
539.195432732087,34.882411
539.389872579844,33.64776322
539.584312427602,34.3065564400009
539.973192123118,37.4284035800015
540.362071818633,42.79182935
540.750951514149,46.6821913
541.139831209664,45.96653695
541.917590600695,42.6520604699995
542.30647029621,40.7835609699998
542.695349991726,40.0464275
543.473109382757,38.63838485
544.250868773788,36.42308135
545.028628164819,32.409065419999
545.80638755585,28.8516236999995
546.584146946881,27.26600556
547.361906337912,28.84910269
548.139665728943,32.74418426
548.917425119974,36.8090434500008
549.695184511005,39.4917835100002
550.472943902035,40.11490258
551.250703293066,40.16812389
552.028462684097,38.93974059
552.806222075128,37.4705960899994
553.195101770644,35.4381826199995
553.583981466159,33.81728007
554.36174085719,32.91070688
555.139500248221,32.56878568
555.917259639252,32.4471473500003
556.306139334768,33.4294261299998
556.695019030283,32.66329775
557.083898725799,31.74452718
557.472778421314,31.78701105
557.86165811683,29.9830729599989
558.250537812345,26.1837981500002
558.63941750786,26.9440005
559.028297203376,28.34502311
559.417176898891,28.51725282
559.806056594407,29.8821377400002
560.194936289922,30.68888135
560.583815985438,30.67605079
560.972695680953,29.56589898
561.361575376469,28.89268478
561.750455071984,29.9447638100002
562.1393347675,30.7044763100002
562.528214463015,31.47689227
562.917094158531,31.76950111
563.305973854046,32.16241023
563.694853549561,32.73993258
564.083733245077,32.8789744199998
564.472612940593,32.11462561
564.861492636108,32.27149147
565.250372331623,34.17041059
565.639252027139,35.13039932
566.028131722654,35.0913171400003
566.41701141817,35.98649711
566.805891113685,36.77972471
567.194770809201,35.58648654
567.583650504716,33.3831823899992
567.972530200232,30.6728097399995
568.361409895747,29.06892843
568.750289591263,29.54218601
569.139169286778,29.94217005
569.528048982294,30.0585383600005
569.916928677809,31.7512718200015
570.305808373325,37.08546303
570.69468806884,40.99637814
571.083567764355,41.63231379
571.472447459871,39.9194776199997
571.861327155386,38.9183145699998
572.250206850902,38.10067688
572.639086546418,35.26506295
573.027966241933,31.94938086
573.416845937448,30.1091072999999
573.805725632964,29.7614832999997
574.194605328479,28.57063755
574.97236471951,27.25383509
575.750124110541,26.80985573
576.527883501572,27.85048202
577.305642892603,27.45772168
578.083402283634,27.29819274
578.861161674665,26.94840739
579.638921065696,26.3152559
580.416680456727,23.9622142
581.194439847758,21.55312231
581.972199238789,19.08460898
582.74995862982,18.38044433
583.527718020851,19.35792398
584.305477411882,19.50072297
585.083236802913,20.76655706
585.860996193943,22.6919437
586.638755584974,25.10077714
587.416514976005,27.79722975
588.194274367036,29.5442896
588.972033758067,30.15231675
589.749793149098,30.09144054
590.527552540129,30.10241379
591.30531193116,30.43217481
592.083071322191,31.17975217
592.860830713222,30.41340125
593.638590104253,28.99511691
594.416349495284,28.85106752
595.194108886315,28.46249512
595.971868277346,27.22087973
596.749627668377,26.08807213
597.527387059407,26.74210804
598.305146450439,27.33443971
599.082905841469,26.72073408
599.860665232501,26.82127492
600.638424623532,28.19495739
601.416184014562,29.53946566
602.193943405593,29.90043852
602.971702796624,29.3207747
603.749462187655,28.88776285
604.138341883171,28.74027388
604.527221578686,29.54258669
604.916101274202,29.7905068
605.304980969717,30.11574954
605.693860665232,30.84768049
606.082740360748,31.59637787
606.471620056263,31.7565902
606.860499751779,32.21065815
607.249379447295,32.80874756
607.63825914281,33.43109802
608.027138838325,32.55734023
608.416018533841,31.12048801
608.804898229356,30.40499601
609.193777924872,29.01057484
609.582657620387,27.74827853
609.971537315903,27.29880827
610.360417011418,27.64955677
610.749296706934,28.1310436
611.138176402449,29.52596753
611.527056097965,31.31183216
611.91593579348,35.08932961
612.304815488996,37.90675414
612.693695184511,40.42214125
613.082574880026,40.67397359
613.471454575542,39.42812886
613.860334271057,37.20735559
614.249213966573,35.90919085
614.638093662088,34.2495227
615.026973357604,32.86184935
615.41585305312,32.60541925
615.804732748635,31.822864675
616.19361244415,32.63116898
616.582492139666,34.19844543
616.971371835181,35.66721224
617.360251530697,38.37106249
617.749131226212,40.19223674
618.138010921728,40.72681858
618.526890617243,40.72771207
618.915770312759,40.15203636
619.304650008274,39.25577061
619.69352970379,37.6417015
620.082409399305,34.12984884
620.47128909482,31.06500705
620.860168790336,30.81520578
621.249048485851,31.26103413
621.637928181367,31.23930682
622.026807876882,29.74742854
622.415687572398,28.97978654
622.804567267913,31.08485346
623.582326658944,31.46452875
624.360086049975,31.27562371
625.137845441006,31.72986309
625.915604832037,29.95848787
626.693364223068,27.71012001
627.471123614099,26.76744775
628.24888300513,27.39639387
629.026642396161,28.77883104
629.804401787192,29.04410853
630.582161178223,27.75203069
631.359920569254,26.85392548
632.137679960285,27.17339544
632.5265596558,29.31427611
632.915439351316,31.19452311
633.304319046831,31.80587725
633.693198742346,32.16546389
634.082078437862,32.9178211
634.470958133378,32.62694798
634.859837828893,32.1750948
635.248717524408,31.07707551
635.637597219924,29.68647591
636.026476915439,29.61518234
636.415356610955,31.545652
636.80423630647,32.91251069
637.193116001986,33.51911254
637.581995697501,34.28942236
637.970875393017,34.5298272
639.137514479563,33.79056737
640.693033261625,32.14451684
642.248552043687,29.93611236
643.804070825749,29.05664763
644.970709912295,28.33819008
645.748469303326,25.53907642
646.526228694357,23.44821328
647.303988085388,22.63595578
648.081747476419,22.74069902
648.85950686745,24.01722987
649.637266258481,24.87529784
650.415025649512,27.0461982
651.192785040543,28.47261165
651.970544431574,29.29660864
652.748303822604,29.6075715
653.914942909151,29.63830788
655.470461691213,27.90788624
657.025980473275,26.86819926
657.803739864306,27.27317148
658.581499255337,28.60412978
659.359258646368,29.37900563
659.748138341883,30.42678355
660.137018037399,32.07973081
660.525897732914,32.41129921
660.914777428429,31.80469081
661.303657123945,32.73015029
661.692536819461,33.80686031
662.081416514976,33.85275522
662.470296210492,31.72284625
662.859175906007,30.68742867
663.248055601523,31.60716035
663.636935297038,32.36616052
664.025814992553,32.32646033
664.414694688069,33.39271449
664.803574383584,35.19397274
665.1924540791,35.81019266
665.581333774615,34.57022453
666.359093165646,33.22853991
667.136852556677,31.88722923
667.914611947708,28.9809785
668.692371338739,27.70655055
669.47013072977,26.71781286
670.247890120801,24.80685912
671.025649511832,24.05837259
671.803408902863,22.61356236
672.581168293894,22.09514659
672.970047989409,24.36853485
673.358927684925,25.94002526
673.74780738044,27.26526875
674.136687075956,30.41049382
674.525566771471,34.51382572
674.914446466987,38.16957239
675.303326162502,42.35792541
675.692205858018,43.52887502
676.081085553533,43.15459162
676.469965249048,43.02326263
677.24772464008,41.4497274
678.02548403111,39.19200106
678.803243422141,37.57404437
679.581002813172,38.02354585
680.358762204203,38.01160705
681.136521595234,37.35983412
681.914280986265,36.2841767
682.692040377296,35.1908842
683.469799768327,33.77829743
684.247559159358,31.74575899
685.025318550389,30.11419364
685.80307794142,30.46163076
686.580837332451,31.22333984
687.358596723482,32.31360697
688.136356114513,34.48635875
688.914115505544,35.07429359
689.691874896575,34.56789212
690.08075459209,35.70465894
690.469634287606,36.83563469
691.247393678636,37.41239057
692.025153069667,36.64267575
692.802912460699,35.13271267
693.580671851729,35.16001081
694.35843124276,35.00085421
695.136190633791,34.07067243
695.913950024822,33.61271626
696.691709415853,35.92297278
697.469468806884,39.06767934
698.247228197915,37.48575272
699.024987588946,35.09324745
699.802746979977,31.70073196
700.580506371008,28.65754221
701.358265762039,25.93174955
702.13602515307,23.01478594
702.913784544101,21.18798983
703.691543935131,22.87774792
704.469303326163,25.67031403
705.247062717194,29.35749897
706.024822108224,32.4400344
706.802581499255,34.74202556
707.580340890286,37.39396188
708.358100281317,39.42740057
709.135859672348,40.18336675
709.913619063379,39.37087139
710.69137845441,38.52288695
711.469137845441,36.84319109
712.246897236472,34.28582266
713.024656627503,32.88807252
713.802416018534,31.4264224
714.580175409565,30.1924281
715.357934800596,29.44880288
716.135694191627,28.97160024
716.913453582658,28.61652051
717.691212973689,27.58902181
718.46897236472,27.31195652
719.24673175575,29.23004961
720.024491146782,29.57204014
720.802250537812,29.57839695
721.580009928843,29.53339936
722.357769319874,30.63664241
723.135528710905,32.99770411
723.913288101936,34.57797413
724.691047492967,35.19870304
725.468806883998,35.70598752
726.246566275029,35.74046376
727.02432566606,34.68293933
727.802085057091,32.26689453
728.579844448122,32.19828661
729.357603839153,34.80728657
730.135363230184,36.22758421
730.913122621215,39.19020137
731.690882012246,41.6647542
732.468641403277,42.41885714
733.246400794307,40.50597245
734.024160185338,36.35743146
734.801919576369,34.52938088
735.5796789674,35.41756361
736.357438358431,35.76206677
737.135197749462,35.7111105
737.912957140493,35.72610528
738.690716531524,34.93723554
739.468475922555,33.57412369
740.246235313586,31.8742933
741.023994704617,29.14359999
741.801754095648,28.45938057
742.579513486679,28.47544323
743.35727287771,28.93318221
744.135032268741,29.7242108
744.912791659772,30.45890564
745.301671355287,30.13687651
745.690551050803,29.55226235
746.079430746318,30.07626119
746.468310441833,31.27295568
746.857190137349,32.14194571
747.246069832865,34.0568769
747.63494952838,36.10501691
748.023829223896,36.87087674
748.412708919411,35.70039473
748.801588614926,35.7057951
749.190468310442,35.72264165
749.579348005957,36.51941034
749.968227701473,37.39800434
750.357107396988,36.69430825
750.745987092504,35.70436014
751.134866788019,36.07415354
751.523746483535,35.75371314
751.91262617905,33.09847053
752.301505874566,32.47820644
752.690385570081,33.99444976
753.468144961112,36.6358063
754.245904352143,40.13888913
755.023663743174,44.14612996
755.801423134205,46.72912591
756.579182525236,47.4767841
757.356941916267,47.43575422
758.134701307298,47.2223222
758.912460698329,46.09197417
759.69022008936,43.82656778
760.467979480391,42.0094247999993
761.245738871422,40.72441024
762.023498262452,39.63627186
762.801257653484,37.48965481
763.579017044514,34.73330949
764.356776435545,32.4860112899999
765.134535826576,32.32393296
765.912295217607,31.14992259
766.690054608638,28.8463397
767.467813999669,27.35275825
768.2455733907,27.7872280600004
769.801092172762,28.44599986
771.356610954824,27.85545643
772.912129736886,29.52723274
774.467648518948,31.86056676
776.023167301009,33.3809155000001
777.578686083071,33.48727051
779.134204865133,33.47234687
780.689723647195,32.96061675
782.245242429257,31.63471532
783.800761211319,30.8456876300002
785.356279993381,31.23666244
786.911798775443,31.01351644
788.467317557505,29.58021047
790.022836339567,29.52913701
790.800595730597,29.7709086999987
791.578355121628,27.43893336
792.356114512659,27.0838155
793.13387390369,28.4497685
793.911633294721,28.95860909
794.689392685752,29.546456330001
795.467152076783,31.35815564
796.244911467814,32.83472021
797.022670858845,33.48400454
797.800430249876,34.9090879
798.578189640907,36.75968933
799.355949031938,36.75036326
800.133708422969,35.40872843
800.911467814,34.82797607
801.689227205031,35.25062351
802.466986596062,34.1714616699995
803.244745987093,33.36212876
804.022505378123,37.67951434
804.800264769154,41.87300286
805.578024160185,41.87379142
806.355783551216,41.8112384599999
807.911302333278,41.6590766
809.46682111534,40.20126713
811.022339897402,36.75208867
812.577858679464,33.08637062
813.355618070495,31.3553934299995
814.133377461526,30.56063036
815.688896243588,31.06536399
817.24441502565,33.26430459
818.022174416681,34.60652911
818.799933807711,35.8755338500019
820.355452589773,39.18994878
821.910971371835,41.31137172
823.466490153897,42.46066702
825.022008935959,42.99797233
826.577527718021,41.6818532699988
828.133046500083,39.60067599
829.688565282145,37.56991637
831.244084064207,36.83974524
832.021843455237,36.81905899
832.799602846268,36.3111423099996
833.5773622373,35.64828561
834.35512162833,35.56535085
835.910640410392,34.54713854
837.466159192454,33.58002652
839.021677974516,33.48787437
840.577196756578,33.45424207
842.13271553864,31.93927343
843.688234320702,31.823451
845.243753102764,31.86673307
846.021512493794,29.9387044399995
846.799271884825,28.98111788
847.188151580341,29.06418842
847.577031275856,27.80344314
848.354790666887,28.02321279
849.132550057918,30.091133250001
849.910309448949,31.79483312
850.68806883998,34.01918052
851.465828231011,36.05500571
852.243587622042,36.31765525
853.021347013073,35.1818552499993
853.799106404104,33.88765615
854.576865795135,31.94885278
855.354625186166,30.61339178
856.132384577197,31.02832165
856.910143968228,32.9117470600003
857.299023663743,33.48235015
857.687903359259,33.90341703
858.076783054774,35.18979946
858.46566275029,34.98825451
858.854542445805,35.152706660001
859.24342214132,36.95044993
860.021181532351,37.3990592
860.798940923382,36.69274746
861.187820618898,36.26801112
861.576700314413,35.7165074399996
861.965580009929,35.08638621
862.354459705444,34.73613079
862.74333940096,32.39496897
863.132219096475,30.28461045
863.909978487506,30.1448872900013
864.687737878538,32.48981275
865.465497269568,33.94523887
867.02101605163,35.31033926
868.576534833692,35.70949279
869.354294224723,35.7283733900001
869.743173920238,35.90660353
870.132053615754,36.85366063
870.909813006785,35.54734331
872.465331788847,34.20277608
874.020850570908,34.6343150500017
874.409730266424,37.69226773
874.798609961939,39.15578215
875.57636935297,38.96022546
877.131888135032,37.97183294
877.909647526063,39.1124544100011
878.687406917094,41.05243833
880.242925699156,40.78833944
881.798444481218,40.90294438
883.35396326328,42.9900002
884.909482045342,45.2852857900009
886.465000827404,46.89410336
888.020519609466,47.45259944
889.576038391527,47.32756583
890.353797782558,45.25592956
891.131557173589,43.1551453099982
892.687075955651,39.96432727
894.242594737713,35.04287895
895.798113519775,32.33596587
897.353632301837,30.72023026
898.909151083898,30.2794495099999
900.464669865961,30.03375411
902.020188648022,29.55054548
903.575707430085,30.91566821
905.131226212146,31.66775341
906.686744994208,31.8596045800008
908.24226377627,33.3235341
909.797782558332,35.67620082
911.21718767507,37.05703679
912.616253968254,37.37282218
914.015320261438,37.4113405899997
914.71485340803,36.79370171
915.414386554622,37.35934988
916.113919701214,37.83505262
916.813452847806,34.75952159
917.512985994398,30.7864375599994
918.21251914099,29.78228756
918.912052287582,30.12543701
919.611585434174,31.50777597
920.311118580766,31.96879375
921.010651727357,32.7055746000006
921.710184873949,33.67769161
922.409718020542,34.59646236
923.109251167133,34.68937103
923.808784313725,35.21730371
924.508317460318,34.4475256499987
925.20785060691,32.22992696
925.907383753501,30.69498353
926.606916900093,30.65376155
927.306450046685,31.71042635
928.005983193277,32.9556789899999
928.705516339869,32.7724394
929.405049486461,32.36841075
930.104582633053,32.7779062
930.804115779645,32.87610144
931.503648926237,33.5290205099998
932.203182072829,33.12640108
932.902715219421,32.92443396
933.602248366013,33.79440362
934.301781512605,34.5264789
935.001314659197,34.60638118
935.700847805789,34.61930991
936.400380952381,34.91325503
937.099914098973,35.40772379
937.799447245565,35.97247317
938.498980392157,35.5560675199989
939.198513538749,33.59783059
939.898046685341,31.22978852
940.597579831933,31.13788884
941.297112978525,30.68365252
941.996646125116,30.5517142499995
942.696179271709,29.70690735
943.395712418301,30.19094418
944.095245564893,31.25965822
944.794778711484,32.33039918
945.494311858077,34.2170074700022
946.193845004669,38.06659117
946.893378151261,42.03168908
947.592911297852,46.08231165
948.292444444444,47.51314166
948.991977591036,47.3823683400004
949.341744164332,48.0031287
949.691510737628,46.77670335
950.041277310924,43.63460368
950.39104388422,39.7801418
951.090577030812,36.2753624099993
951.790110177404,35.09182221
952.489643323996,36.35225248
952.839409897292,36.52846225
953.189176470588,35.1907726
953.538943043884,34.6297212500003
953.88870961718,35.18888501
954.238476190476,34.88679287
954.588242763772,33.7576632
954.938009337068,32.9336384
955.287775910364,34.2711845200007
955.63754248366,35.58723193
955.987309056956,37.25639881
956.686842203548,38.81225973
957.38637535014,40.15112946
958.085908496732,41.88528236
958.785441643324,41.86352753
959.484974789916,40.95853863
960.184507936508,39.85070015
960.8840410831,38.74914264
961.583574229692,38.52369962
962.283107376284,38.54885451
962.982640522875,37.27881889
963.682173669468,37.27546103
964.38170681606,40.45474773
964.731473389356,43.0633164200006
965.081239962652,44.09312489
965.431006535948,43.48110966
965.780773109244,43.51654724
966.13053968254,43.52915309
966.480306255836,42.2268530199983
966.830072829132,39.27027746
967.179839402428,37.49864778
967.529605975724,35.662088
967.87937254902,36.06035014
968.229139122316,35.6963888099997
968.578905695612,35.18423137
968.928672268907,34.53705843
969.628205415499,32.57012701
970.327738562091,29.56791798
971.027271708683,29.635055749999
972.076571428571,27.83535365
973.475637721755,24.60618845
974.874704014939,23.09698164
976.273770308123,21.18564214
977.672836601307,21.2385196
979.071902894491,21.21176177
980.470969187675,21.58633766
981.870035480859,22.08083192
983.269101774043,22.90876646
984.318401493931,23.6844435500002
985.017934640523,23.96726077
985.717467787115,24.7245222
986.417000933707,25.85665233
987.116534080299,26.57614827
988.165833800187,26.7211883300004
989.564900093371,27.35993411
990.963966386554,27.19598797
992.363032679739,26.8013212
993.762098972923,26.81577413
995.161165266107,26.8160942499994
996.56023155929,25.71969843
997.259764705882,24.3787653
997.959297852474,22.99845766
998.658830999066,22.86619258
999.358364145658,22.3963976
1000.05789729225,22.35431329
1000.75743043884,21.79579748
1001.45696358543,22.37581359
1002.15649673203,22.96665142
1002.85602987862,24.426810890001
1003.55556302521,26.21534618
1004.2550961718,26.22823355
1004.95462931839,26.23349307
1005.65416246499,26.87556417
1006.35369561158,28.6646150800005
1007.75276190476,29.57811179
1008.45229505135,29.18144019
1009.15182819795,28.98684058
1009.85136134454,30.22895162
1011.25042763772,31.5702164699999
1012.64949393091,31.34275631
1014.04856022409,30.58848512
1015.44762651727,29.20838226
1016.84669281046,28.79595737
1018.24575910364,29.3689203999994
1019.64482539683,28.28312274
1021.04389169001,25.01979953
1022.44295798319,24.38130465
1023.84202427638,24.37190089
1025.24109056956,24.3610887800003
1025.94062371615,24.94365489
1026.64015686275,27.81694265
1027.33969000934,30.18149652
1028.03922315593,32.88780648
1028.73875630252,34.6860031500001
1029.43828944911,34.93536929
1030.13782259571,35.22738999
1030.8373557423,35.48635489
1031.53688888889,35.48214852
1032.23642203548,34.2592061999992
1032.93595518207,32.80255007
1033.63548832866,31.04920304
1034.33502147526,29.14078155
1035.03455462185,29.20245684
1035.73408776844,31.4726429500007
1036.43362091503,32.76124718
1036.78338748833,32.12465818
1037.13315406162,31.05361381
1037.48292063492,31.80703047
1037.83268720822,32.5197451200003
1038.18245378151,33.02806823
1038.53222035481,33.2315714
1038.8819869281,31.32031306
1039.2317535014,29.36903696
1039.5815200747,30.6380966100009
1039.93128664799,32.15329295
1040.28105322129,31.55517628
1041.33035294118,30.95916836
1042.02988608777,31.01315637
1043.07918580766,30.6440891699999
1043.77871895425,30.45333525
1044.47825210084,29.53823733
1045.17778524743,27.26319456
1046.22708496732,24.97446438
1047.27638468721,23.6304933499992
1047.9759178338,22.26462473
1048.67545098039,22.85251331
1049.37498412698,25.25113659
1050.07451727358,27.13108556
1050.77405042017,27.9112641500007
1051.47358356676,29.2193003
1052.52288328665,29.89752536
1052.87264985994,29.84713244
1053.22241643324,30.46183491
1053.57218300654,30.3565260399992
1053.92194957983,28.94276358
1054.27171615313,28.24558408
1054.62148272642,29.65921712
1054.97124929972,33.01432321
1055.32101587302,35.9482442700004
1055.67078244631,36.57131182
1056.02054901961,36.69064943
1056.3703155929,39.26558707
1056.7200821662,40.46498229
1057.0698487395,40.8803837499995
1057.41961531279,39.95032298
1057.76938188609,37.60126739
1058.11914845938,35.57083303
1058.46891503268,36.05928631
1058.81868160598,37.0320977499996
1059.16844817927,36.31981701
1059.51821475257,35.47842929
1059.86798132586,35.82972593
1060.21774789916,36.62880837
1060.56751447246,37.3570986400002
1060.91728104575,37.65943534
1061.26704761905,37.86469875
1061.61681419234,38.61945513
1061.96658076564,39.89934373
1062.31634733894,40.8154879700001
1062.66611391223,40.98511394
1063.01588048553,39.8024563
1063.36564705882,38.14751502
1063.71541363212,37.26111424
1064.06518020542,37.12014728
1064.41494677871,37.10071903
1064.76471335201,35.24551885
1065.1144799253,33.32212792
1065.4642464986,32.66595742
1065.8140130719,33.1211802500007
1066.16377964519,34.37692091
1066.51354621849,35.3072592
1066.86331279178,36.34225593
1067.21307936508,37.88184337
1067.56284593838,40.0524981500005
1067.91261251167,41.00442284
1068.26237908497,41.84138071
1068.61214565826,43.17656375
1068.96191223156,43.1304406
1069.31167880486,39.6140425599968
1069.66144537815,34.04898174
1070.01121195145,30.56832555
1070.36097852474,31.00171201
1070.71074509804,32.11308799
1071.06051167134,33.2136300199996
1071.41027824463,32.47590063
1071.76004481793,31.60886393
1072.10981139122,32.1212724
1072.45957796452,32.14355332
1072.80934453782,32.0761151000004
1073.15911111111,32.74012021
1073.50887768441,33.71188156
1073.8586442577,33.22050401
1074.208410831,34.02558269
1074.90794397759,36.1526080400006
1075.60747712418,37.18116267
1076.30701027077,38.08754493
1077.00654341737,38.79189191
1077.70607656396,38.7631435
1078.40560971055,38.2910486499993
1078.75537628385,37.09688841
1079.10514285714,36.4999365
1079.45490943044,35.98011128
1079.80467600373,35.10942024
1080.15444257703,34.9202801599996
1080.50420915033,34.28108781
1081.20374229692,34.3255301
1081.90327544351,33.7012967
1082.6028085901,32.38828612
1083.30234173669,31.5707663000003
1084.00187488329,32.14979917
1084.70140802988,33.09730306
1085.40094117647,33.80587859
1086.10047432306,34.72047291
1086.80000746965,34.8918474799995
1087.49954061625,33.92546875
1088.19907376284,33.64009336
1088.89860690943,34.71652368
1089.59814005602,34.88400445
1090.29767320261,34.89337006
1090.99720634921,34.81281994
1091.6967394958,33.87111762
1092.39627264239,32.49201952
1093.09580578898,33.00349193
1093.79533893557,35.2315418500013
1094.49487208217,37.47435887
1095.19440522876,38.78602964
1095.89393837535,38.77257387
1096.59347152194,38.70834133
1097.29300466853,39.3400094400003
1097.99253781513,39.89550093
1098.69207096172,40.95671268
1099.39160410831,40.18080616
1100.0911372549,38.32148696
1100.79067040149,38.8633697200002
1101.49020354809,39.23141808
1102.18973669468,37.43199835
1102.88926984127,36.58650918
1103.58880298786,37.06071465
1104.28833613445,36.1037863499996
1104.98786928105,35.36368293
1105.68740242764,37.10111411
1106.38693557423,38.10669687
1107.08646872082,37.14440898
1107.78600186741,36.5204709699997
1108.48553501401,35.95230512
1109.1850681606,36.00111322
1109.88460130719,35.97454129
1110.58413445378,36.6563091
1111.28366760037,38.9445939500002
1111.98320074697,39.30058198
1112.68273389356,38.75075756
1113.38226704015,38.80171316
1114.08180018674,38.7311659
1114.78133333333,39.5093976400007
1115.13109990663,40.82315298
1115.48086647992,40.3591919
1116.18039962652,38.47133487
1116.87993277311,37.42775375
1117.5794659197,35.9920246299992
1118.27899906629,34.51566549
1118.97853221289,32.96023327
1119.67806535948,33.92340403
1120.37759850607,35.97757329
1121.07713165266,37.3054788700008
1121.77666479925,38.64332976
1122.47619794584,39.70775256
1123.17573109244,40.14598113
1123.87526423903,40.98264087
1124.22503081232,42.2762226700006
1124.57479738562,43.25635051
1124.92456395892,42.01788204
1125.27433053221,39.58227887
1125.62409710551,36.53291433
1125.9738636788,35.3961419
1126.3236302521,35.45825632
1126.6733968254,36.02322342
1127.02316339869,36.53600823
1127.37292997199,37.12626445
1127.72269654528,37.64684784
1128.07246311858,37.66928123
1128.77199626517,38.41262292
1129.47152941176,38.80893133
1130.17106255836,37.61169246
1130.87059570495,36.3006208499989
1131.57012885154,34.42642979
1132.26966199813,32.13600767
1132.61942857143,31.06356393
1132.96919514472,31.66425865
1133.31896171802,33.9718818600008
1133.66872829132,35.44284928
1134.01849486461,35.5863547
1134.36826143791,37.68678769
1134.7180280112,39.74323581
1135.0677945845,41.7419211800011
1135.4175611578,43.74181945
1135.76732773109,45.68368978
1136.46686087768,46.05147572
1137.16639402428,45.88608996
1137.51616059757,44.5207720699992
1137.86592717087,43.19798407
1138.21569374416,42.62414117
1138.56546031746,41.46024744
1138.91522689076,38.2756029
1139.26499346405,36.7569907699992
1139.61476003735,35.39558771
1139.96452661064,33.08460557
1140.31429318394,32.94482325
1140.66405975724,33.34505402
1141.01382633053,33.5821870299998
1141.36359290383,33.20146077
1141.71335947712,32.74853653
1142.06312605042,32.10761554
1142.41289262372,31.4823282
1142.76265919701,32.3200395500003
1143.4621923436,32.93353756
1144.1617254902,33.20780767
1144.86125863679,34.85848025
1145.56079178338,36.59516751
1146.26032492997,38.0838501100007
1146.95985807656,39.35632333
1147.65939122316,38.21750839
1148.35892436975,34.07647458
1149.05845751634,35.82754153
1149.75799066293,37.6856244499999
1150.10775723623,37.57595761
1150.45752380952,37.30623152
1151.15705695612,38.78296392
1151.50682352941,39.50643231
1151.85659010271,39.3388025200002
1152.206356676,39.68042608
1152.5561232493,39.8756596
1152.9058898226,39.88946154
1153.25565639589,41.95534716
1153.95518954248,43.9227270000009
1154.65472268908,45.43532518
1155.35425583567,45.42396201
1155.70402240896,45.42680188
1156.05378898226,44.85104333
1156.40355555556,43.8044086299992
1156.75332212885,42.46105637
1157.45285527544,41.65890606
1157.80262184874,40.93637154
1158.15238842204,40.15098235
1158.85192156863,39.8979017499997
1159.55145471522,39.34284894
1160.9505210084,39.37685612
1162.34958730159,38.72292209
1163.04912044818,38.4428808
1163.74865359477,38.2174514399999
1164.44818674136,38.06104472
1165.14771988795,37.1259301
1165.84725303455,35.99180552
1166.54678618114,35.46159879
1167.24631932773,34.8886383799995
1167.94585247432,34.08779662
1168.64538562092,32.77113241
1169.34491876751,31.4381019
1170.0444519141,30.1014906
1170.74398506069,28.78755225
1171.44351820728,28.80028303
1172.84258450047,28.82638611
1174.24165079365,27.15309838
1175.64071708683,26.94550864
1177.03978338002,28.2949879200006
1177.73931652661,29.4031116
1178.4388496732,29.3856415
1179.13838281979,28.7431097
1179.83791596639,28.21999587
1180.53744911298,28.9181088800014
1181.23698225957,31.33940218
1181.93651540616,32.12810368
1182.63604855275,32.272559
1183.33558169935,33.70804954
1184.03511484594,34.7583874000013
1184.73464799253,37.05345383
1185.43418113912,38.76694227
1186.13371428571,39.39997877
1186.83324743231,39.79692622
1187.5327805789,40.5001582099994
1188.23231372549,39.48273882
1188.93184687208,39.32338676
1189.63138001867,40.34731719
1190.33091316527,39.98902165
1191.03044631186,38.5949398599989
1191.72997945845,36.67719188
1192.42951260504,35.96858547
1193.12904575163,34.63501057
1193.82857889823,33.27257029
1194.52811204482,33.4621398200008
1195.22764519141,34.91652474
1195.57741176471,34.84726544
1195.927178338,34.88829846
1196.62671148459,36.49520979
1197.32624463119,37.2540855600003
1198.02577777778,37.71155144
1198.72531092437,37.09381132
1199.42484407096,38.57701093
1200.12437721755,39.84601265
1200.82391036415,41.03323683
1201.52344351074,40.99911373
1202.22297665733,41.27307535
1202.92250980392,41.96600437
1203.62204295051,42.64297571
1204.32157609711,43.9524621600005
1204.6713426704,44.86784193
1205.0211092437,43.81842016
1205.72064239029,41.28923548
1207.11970868347,39.03364912
1208.51877497666,38.2234812699999
1209.91784126984,38.04401757
1211.31690756303,37.05250704
1212.01644070962,35.65870592
1212.71597385621,34.31319905
1213.4155070028,34.3044392000015
1214.11504014939,36.90872917
1214.81457329598,39.92466309
1215.51410644258,40.66001455
1216.21363958917,38.39837527
1216.91317273576,37.6228593900003
1217.61270588235,38.22399987
1218.31223902894,38.14243169
1219.01177217554,34.24307471
1219.71130532213,28.27184412
1221.11037161531,27.0691665200011
1222.5094379085,29.05122424
1223.20897105509,29.87209656
1223.90850420168,29.29311057
1224.60803734827,29.35582861
1225.30757049486,30.3478753300015
1226.00710364146,32.92593335
1226.70663678805,33.85956811
1227.05640336134,34.35546495
1227.40616993464,33.67393238
1227.75593650794,32.1132162899997
1228.10570308123,31.57311084
1228.80523622782,32.06651513
1229.50476937442,31.58915831
1230.20430252101,30.98994784
1230.9038356676,30.99934865
1231.60336881419,31.02573681
1231.95313538749,31.57296711
1232.30290196078,32.11306199
1232.65266853408,32.86774762
1233.00243510738,33.2132053599997
1233.35220168067,32.64751944
1233.70196825397,32.13814543
1234.40150140056,31.59036822
1234.75126797386,31.59456193
1235.10103454715,30.6102320699996
1237.19963398693,29.82913229
1238.59870028011,29.16847186
1239.2982334267,26.9181222
1239.648,26.19540297
1239.82288328665,27.5826055000008
1239.9977665733,29.00323361
1240.34753314659,31.93795016
1240.69729971989,34.04719186
1241.39683286648,35.10543088
1241.74659943978,36.1844402100009
1241.92148272642,37.76371594
1242.09636601307,39.16868648
1242.27124929972,39.63156222
1242.44613258637,38.98751422
1242.62101587302,36.2562488199983
1242.79589915966,33.27850097
1242.97078244631,33.16288794
1243.14566573296,34.47114395
1243.49543230626,34.73328505
1243.84519887955,35.3703775800007
1244.19496545285,36.59291631
1244.54473202614,36.43525169
1244.89449859944,35.44955912
1245.59403174603,36.29874688
1246.29356489262,37.6357417200004
1246.99309803922,38.40035417
1247.69263118581,39.72312521
1249.09169747899,41.38350977
1249.79123062558,42.37711149
1249.96611391223,42.9033264000006
1250.14099719888,43.9451649
1250.31588048553,44.94391331
1250.49076377218,44.28438949
1250.66564705882,43.42541085
1250.84053034547,42.1002900099996
1251.19029691877,41.314916
1251.88983006536,39.99532314
1252.58936321195,38.71138072
1253.28889635854,39.36862019
1253.98842950514,39.31564536
1255.38749579832,39.33905294
1256.7865620915,39.58157495
1258.18562838469,39.61667945
1258.53539495798,38.37811461
1258.88516153128,38.24060251
1259.23492810458,38.1622058
1259.58469467787,38.79669233
1259.93446125117,39.37594461
1260.28422782446,39.2643335
1260.63399439776,39.8946887900004
1260.98376097106,40.54463018
1261.33352754435,39.84650483
1261.508410831,41.52590232
1261.68329411765,42.71750862
1262.03306069094,41.4643584899997
1262.38282726424,40.95375115
1262.73259383753,40.6277334
1263.08236041083,39.87653595
1263.43212698413,39.29677814
1263.78189355742,39.2511109399985
1264.13166013072,36.68876448
1264.48142670401,35.4677898
1264.83119327731,34.99975829
1265.18095985061,33.71036872
1265.5307264239,30.8366315499998
1265.8804929972,30.44016411
1266.2302595705,29.90669598
1266.58002614379,28.72935768
1266.92979271709,27.21489275
1267.27955929038,27.4300420600005
1267.62932586368,28.36432792
1267.97909243697,30.2302998
1268.32885901027,31.59749609
1268.67862558357,31.08721551
1269.37815873016,31.140780470001
1269.72792530345,32.8570901
1270.07769187675,34.95826977
1270.42745845005,36.87310639
1270.77722502334,36.58652573
1271.47675816993,36.0988741000006
1271.82652474323,37.06607722
1272.17629131653,38.25798135
1272.52605788982,38.88047625
1272.87582446312,39.33199728
1273.22559103641,39.3525685199995
1273.57535760971,38.51692429
1273.92512418301,38.22451401
1274.2748907563,38.22174188
1274.6246573296,38.2286244
1274.97442390289,37.5200142199992
1275.32419047619,36.13628889
1275.67395704949,35.41570133
1276.37349019608,35.56363628
1277.07302334267,36.55614976
1277.77255648926,37.9272897400002
1278.47208963585,38.20640548
1279.17162278245,38.21201036
1279.87115592904,38.21935532
1280.57068907563,38.20489498
1281.27022222222,37.2673329399996
1281.96975536881,36.54422006
1282.66928851541,36.5068058
1283.368821662,35.77982845
1284.06835480859,34.54600929
1284.76788795518,32.9694086899992
1285.46742110177,31.62982956
1286.16695424837,30.62274385
1286.86648739496,30.62336743
1287.56602054155,31.33218102
1288.26555368814,32.4109101800008
1288.96508683473,33.73689372
1289.66461998133,35.65330908
1290.36415312792,36.95470686
1291.06368627451,37.65802282
1291.7632194211,37.7760477600006
1292.46275256769,38.74498059
1293.16228571429,38.7451913
1293.86181886088,38.25805052
1294.56135200747,37.60709561
1295.26088515406,37.5007415799998
1295.96041830065,37.10881184
1296.65995144725,35.39582914
1297.35948459384,35.42579841
1298.05901774043,36.61925877
1298.75855088702,35.95621021
1299.45808403361,36.02238076
1300.15761718021,36.19133097
1300.8571503268,37.12286646
1301.55668347339,37.02779977
1302.25621661998,34.4933712099996
1302.95574976657,33.87414382
1303.30551633987,33.93913165
1303.65528291317,33.91920604
1304.00504948646,34.70918748
1304.35481605976,35.04770713
1305.05434920635,35.04860735
1305.75388235294,35.04656181
1306.10364892624,35.105239
1306.45341549953,35.60048202
1307.15294864612,36.2018849700008
1307.85248179272,37.52482561
1308.55201493931,38.39740827
1309.95108123249,37.90121968
1311.35014752568,36.35507979
1312.74921381886,35.6145577000002
1314.14828011204,35.89410646
1315.54734640523,36.64414715
1316.94641269841,38.58161676
1318.3454789916,39.87169218
1319.74454528478,40.0285435699997
1321.14361157796,39.44189742
1321.84314472456,39.49986531
1322.54267787115,39.49708757
1323.24221101774,40.59538694
1323.94174416433,42.3238252899998
1324.64127731092,41.88376622
1325.34081045752,40.0850527
1326.04034360411,38.16922539
1326.7398767507,37.29101699
1328.13894304388,36.12956766
1329.53800933707,36.17304131
1330.93707563025,36.16235818
1332.33614192344,36.16761458
1333.73520821662,36.14898152
1335.1342745098,35.8007475799997
1336.53334080299,35.29847395
1337.93240709617,33.34320608
1339.33147338936,29.29579449
1340.73053968254,28.34760418
1342.12960597572,28.0131457699999
1343.52867226891,27.83165923
1344.92773856209,27.79970391
1347.02633800187,26.45811843
1347.72587114846,25.55129304
1348.42540429505,26.8914338200019
1348.77517086835,30.24387278
1349.12493744164,33.40467685
1349.29982072829,33.38432771
1349.47470401494,33.38062359
1349.64958730159,33.3877753200002
1349.82447058824,33.73478743
1349.99935387488,34.52324084
1350.17423716153,35.63258189
1350.34912044818,35.09292987
1350.52400373483,33.8976665100002
1350.87377030812,34.32163523
1351.22353688142,35.73745268
1351.39842016807,38.16284315
1351.57330345472,38.93814264
1351.74818674136,39.7582265300002
1351.92307002801,40.0772294
1352.27283660131,39.36060303
1352.6226031746,37.5037621
1352.79748646125,35.33668263
1352.9723697479,32.7791582099982
1353.32213632119,29.54708646
1353.67190289449,26.23205043
1354.02166946779,24.70909365
1354.37143604108,23.92488317
1354.54631932773,23.9984375700004
1354.72120261438,24.75980008
1355.07096918767,25.00224784
1355.42073576097,25.95479688
1355.59561904762,28.42518595
1355.77050233427,29.3805292400003
1355.94538562091,29.95821874
1356.12026890756,31.57243576
1356.47003548086,31.69431937
1356.81980205415,31.12987799
1357.16956862745,31.15362569
1357.51933520075,31.15589505
1357.86910177404,31.00141418
1358.21886834734,30.54994227
1358.56863492063,31.1591259
1358.91840149393,30.55463894
1359.26816806723,30.59111717
1359.61793464052,31.75469592
1359.96770121382,31.70885756
1360.31746778711,31.71085203
1361.01700093371,31.6647730900006
1361.7165340803,32.79943943
1362.41606722689,33.31163818
1363.11560037348,32.33601236
1363.46536694678,31.92725608
1363.81513352007,31.5942222099997
1364.51466666667,31.14942212
1365.21419981326,33.75248157
1366.61326610644,35.56640413
1368.01233239963,35.47558542
1368.71186554622,33.6702982899992
1369.41139869281,32.26270689
1370.1109318394,32.25114825
1370.81046498599,31.78659605
1371.50999813259,31.70726761
1372.20953127918,31.7155972899992
1373.60859757236,30.26058775
1375.00766386555,28.29964418
1376.40673015873,29.35628463
1377.80579645191,31.51542242
1378.50532959851,34.1512796400009
1379.2048627451,35.65219991
1379.90439589169,36.97509193
1381.30346218487,37.81800486
1382.70252847806,38.97721995
1384.10159477124,39.8833234400011
1386.89972735761,41.8035498
1389.69785994398,43.3877106
1392.49599253035,43.46827519
1395.29412511671,42.11369325
1398.09225770308,41.3132501400002
1400.19085714286,41.70988728
1402.28945658263,41.45488262
1405.087589169,39.81859582
1407.88572175537,37.95380851
1410.68385434174,38.2354669100008
1413.4819869281,39.62865643
1414.88105322129,41.70377614
1416.28011951447,42.82880239
1417.67918580766,44.23253916
1419.07825210084,46.7389790000018
1420.47731839402,49.97879275
1421.87638468721,51.5652143
1423.27545098039,51.7403637
1424.67451727358,51.74309725
1426.07358356676,51.7746081699993
1427.47264985994,50.50646173
1428.87171615313,49.48407022
1430.27078244631,49.50148757
1431.6698487395,48.19467417
1433.06891503268,45.7688668099983
1435.16751447246,42.84610623
1436.56658076564,40.85803443
1437.96564705882,39.14343118
1438.14053034547,36.44629399
1438.31541363212,34.5587008899996
1438.49029691877,33.94768283
1438.66518020542,33.94366006
1439.01494677871,34.57197272
1439.36471335201,35.34062556
1439.7144799253,36.1262562800001
1440.0642464986,36.30466111
1440.4140130719,37.8535085
1440.76377964519,40.42269242
1441.46331279178,40.54596677
1442.16284593838,39.49345729
1442.86237908497,39.49436647
1443.56191223156,39.49620455
1443.91167880486,39.58040453
1444.26144537815,40.37461132
1444.61121195145,40.6193127299997
1444.96097852474,40.06247837
1445.31074509804,40.05473676
1445.66051167133,39.98622926
1446.36004481793,38.65394203
1447.05957796452,36.1536469699989
1447.75911111111,34.23428688
1448.4586442577,31.06981848
1449.1581774043,28.79532791
1449.85771055089,27.84144298
1450.55724369748,27.2660601700002
1451.25677684407,27.55995396
1451.95630999066,29.39953859
1452.65584313725,30.13531687
1453.35537628385,31.69252217
1454.05490943044,33.7194229800011
1454.75444257703,35.72704501
1455.45397572362,37.73369969
1456.15350887022,39.82896024
1456.85304201681,41.5484729
1457.5525751634,42.8957448300005
1458.25210830999,43.81870692
1458.95164145658,45.04387855
1459.65117460317,45.64619328
1460.35070774977,45.66083513
1461.05024089636,45.62334697
1461.74977404295,45.63612005
1462.09954061625,46.15579082
1462.44930718954,46.18148816
1462.62419047619,46.1871191
1462.79907376284,46.8496118600003
1462.97395704949,47.3432484
1463.14884033613,46.73916957
1463.49860690943,46.16051572
1463.84837348273,45.63275836
1464.19814005602,44.4549395899995
1464.54790662932,43.6296806
1464.89767320261,42.83838429
1465.24743977591,43.45470565
1465.59720634921,43.38687483
1465.9469729225,42.7009677799993
1466.2967394958,41.52623405
1466.64650606909,41.18186084
1466.99627264239,42.94187897
1467.34603921569,43.76870399
1467.69580578898,40.6023213399988
1468.04557236228,38.51465232
1468.74510550887,36.71781853
1469.44463865546,36.71927448
1470.14417180205,36.71221131
1470.84370494865,35.9596115699998
1471.54323809524,35.51955615
1472.24277124183,37.95758329
1472.94230438842,40.78488453
1473.64183753501,41.75899812
1473.99160410831,41.1964118900003
1474.34137068161,41.731749
1474.6911372549,43.41044198
1475.0409038282,43.30411795
1475.39067040149,41.50231756
1475.74043697479,38.8256270499989
1476.09020354809,36.86139844
1476.43997012138,36.1166768
1476.61485340803,34.79823375
1476.78973669468,32.83880031
1476.96461998133,32.2910812400002
1477.13950326797,32.68050189
1477.48926984127,34.15505904
1477.83903641457,36.97686739
1478.01391970121,38.38837692
1478.18880298786,38.9589514200002
1478.36368627451,39.27764015
1478.53856956116,39.4852317
1478.71345284781,39.48827909
1478.88833613445,39.48675154
1479.0632194211,37.0441022299989
1479.23810270775,35.09094978
1479.58786928105,34.38807861
1479.93763585434,34.07091723
1480.28740242764,34.50725817
1480.63716900093,35.9450058200013
1481.33670214753,38.2948535
1482.73576844071,40.66102679
1484.13483473389,43.55647735
1485.53390102708,45.64370491
1486.93296732026,46.9213317400008
1487.63250046685,48.37347409
1488.33203361345,48.24802635
1489.03156676004,47.86995575
1489.73109990663,48.4370767
1490.43063305322,48.40917926
1491.13016619981,48.43282852
1491.82969934641,48.33918613
1492.529232493,47.43866006
1493.22876563959,45.57257431
1493.92829878618,45.6035870899997
1494.62783193277,45.08380085
1494.97759850607,43.73738639
1495.32736507936,42.20199482
1495.67713165266,40.52162989
1496.02689822596,38.7008320199992
1496.37666479925,37.27558472
1496.72643137255,35.14355866
1497.07619794585,33.50899055
1497.42596451914,31.53529688
1497.77573109244,29.7915742400005
1498.12549766573,30.61924264
1498.47526423903,32.95724388
1498.82503081233,34.39241137
1499.17479738562,36.72256538
1499.52456395892,41.9982138300026
1499.87433053221,46.51409901
1500.22409710551,48.37590915
1500.9236302521,47.87154772
1501.62316339869,47.84400533
1502.32269654528,47.8294261299997
1503.02222969188,47.27323218
1503.72176283847,45.99043623
1504.42129598506,44.31755181
1504.77106255836,42.69412994
1505.12082913165,41.21032678
1505.47059570495,41.21977275
1505.82036227824,41.78995616
1506.17012885154,40.39422107
1506.51989542484,38.72648017
1506.86966199813,38.3563873200009
1507.21942857143,39.92328758
1507.56919514472,42.77317204
1507.91896171802,43.95219712
1508.26872829132,43.39086946
1508.61849486461,43.2794175300004
1508.96826143791,43.94452381
1509.3180280112,43.32087084
1509.67906214689,42.84190958
1510.04163276836,40.3740729
1510.40420338983,39.0162590599998
1510.7667740113,38.59203888
1511.12934463277,38.24643874
1511.49191525424,37.83188259
1511.85448587571,38.62443653
1512.21705649718,40.6725668100023
1512.57962711864,44.65528464
1512.94219774011,47.58420401
1513.66733898305,48.99480058
1514.39248022599,49.45987874
1514.75505084746,47.1552212299987
1515.11762146893,44.90012656
1515.4801920904,43.87426732
1515.84276271186,45.10800413
1516.20533333333,46.89414921
1516.5679039548,48.3444485500008
1516.93047457627,49.72372042
1517.29304519774,50.47655765
1517.65561581921,50.60036598
1518.01818644068,50.52381912
1518.38075706215,49.5522971899992
1518.74332768362,48.18630734
1519.10589830508,47.91111033
1519.46846892655,45.73223566
1519.83103954802,43.10930722
1520.19361016949,42.3129533999989
1520.91875141243,40.38229835
1521.64389265537,39.01204546
1522.00646327684,37.9541551
1522.36903389831,35.67137823
1522.73160451977,34.4953735199997
1523.09417514124,33.88440528
1523.45674576271,33.90949496
1523.81931638418,35.55254569
1524.18188700565,37.67687111
1524.54445762712,37.86074646
1524.90702824859,37.8696049
1525.26959887006,40.14157877
1525.63216949153,43.36488545
1525.99474011299,44.60173193
1526.35731073446,43.9407681299994
1526.71988135593,42.93275084
1527.0824519774,42.81156085
1527.44502259887,44.12602921
1527.80759322034,44.54137872
1528.17016384181,43.0303847099983
1528.53273446328,40.07708657
1528.89530508475,37.31835113
1529.25787570622,36.96024481
1529.62044632768,35.78813402
1529.98301694915,33.5264853399988
1530.34558757062,31.49085601
1530.70815819209,32.22770489
1531.07072881356,33.93264922
1531.43329943503,35.52595901
1531.7958700565,36.1361315800004
1532.15844067797,36.76957489
1532.52101129944,36.71805005
1532.8835819209,36.67568866
1533.24615254237,37.30526749
1533.60872316384,37.2146361499993
1533.97129378531,36.06909057
1534.33386440678,36.99020593
1534.69643502825,38.51341075
1535.05900564972,38.91481833
1535.42157627119,39.5037483099999
1535.78414689266,39.34172898
1536.14671751412,38.93064849
1536.50928813559,36.52194951
1536.87185875706,34.04032843
1537.23442937853,32.9888844800004
1537.597,33.7049738
1537.77828531073,35.4858183
1537.95957062147,37.45539086
1538.1408559322,40.73292702
1538.32214124294,42.6237287800001
1538.4127838983,42.8737489
1538.50342655367,41.33325649
1538.59406920904,38.63939913
1538.68471186441,38.45791922
1538.77535451977,33.8230154999981
1538.86599717514,30.53763945
1538.95663983051,31.56690097
1539.04728248588,35.23367912
1539.13792514124,38.31994106
1539.22856779661,38.8830345799995
1539.31921045198,37.93376548
1539.40985310734,37.85462688
1539.50049576271,38.81308706
1539.59113841808,39.52274841
1539.68178107345,37.7004023899997
1539.77242372881,37.25548925
1539.86306638418,37.27713311
1539.95370903955,37.33595782
1540.04435169492,36.718965
1540.13499435028,37.8874270000009
1540.31627966102,39.44159616
1540.49756497175,40.78436435
1540.67885028249,42.12916632
1540.86013559322,41.16202295
1541.22270621469,39.7293710899988
1541.94784745763,37.69124488
1542.3104180791,35.43572536
1542.67298870056,34.45756438
1543.03555932203,34.48908228
1543.3981299435,35.11224131
1543.76070056497,35.09170809
1544.12327118644,32.84800654
1544.84841242938,31.35978856
1545.57355367232,30.56814802
1548.47411864407,30.9793531500013
1549.92440112994,33.2935492
1551.37468361582,35.27377581
1552.82496610169,36.12545658
1554.27524858757,39.08233132
1555.72553107345,41.3204044000005
1557.17581355932,42.25749229
1558.6260960452,42.52851376
1560.07637853107,40.8943819
1561.52666101695,39.0760658
1562.97694350282,37.1761612900016
1564.4272259887,39.95608267
1565.87750847458,43.50436198
1568.77807344633,43.76363883
1571.67863841808,42.47628303
1574.57920338983,43.273339190001
1577.47976836158,45.06650075
1580.38033333333,41.98974826
1581.83061581921,37.30247502
1583.28089830508,34.92972987
1584.73118079096,33.9584780599997
1586.18146327684,33.37682582
1587.72944955926,33.3422943
1589.29203525955,34.61559649
1589.68268168462,37.80525059
1590.0733281097,40.2405008900009
1590.46397453477,41.89087761
1590.65929774731,42.9203098
1590.85462095984,42.32580887
1591.04994417238,40.63214269
1591.24526738492,40.0806262600003
1591.44059059745,40.66513829
1591.63591380999,41.381324
1591.83123702253,42.79325655
1592.02656023506,42.04600802
1592.2218834476,39.6614216199988
1592.41720666014,37.52488994
1592.61252987267,36.82381783
1592.80785308521,36.70275663
1593.00317629775,38.4239713
1593.19849951028,38.7956090599991
1593.39382272282,37.19447116
1593.58914593536,36.68513125
1593.78446914789,36.70598243
1593.97979236043,38.04698756
1594.17511557297,39.2398507900011
1594.3704387855,41.25078887
1594.56576199804,42.58610561
1594.76108521058,43.39729346
1594.95640842311,43.20761407
1595.15173163565,42.1604943099991
1595.54237806073,40.51464483
1595.9330244858,39.42332482
1596.32367091087,40.06178198
1596.71431733594,42.20421901
1597.10496376102,44.0680628000014
1597.49561018609,46.47964946
1597.88625661117,47.49324488
1598.27690303624,46.14694237
1598.66754946131,43.70976347
1599.05819588639,41.5762601599991
1599.44884231146,40.04998942
1599.83948873653,39.57921586
1600.23013516161,39.49898865
1601.7927208619,39.51186275
1603.35530656219,39.981998880001
1604.91789226249,41.76253653
1606.48047796278,43.84027458
1609.60564936337,43.91038635
1612.73082076396,41.56740185
1615.85599216454,40.0432648000006
1617.41857786484,41.02562408
1618.98116356513,41.01641373
1620.54374926543,40.0446289
1623.66892066601,39.45650264
1626.7940920666,40.0190118500008
1628.3566777669,41.35171741
1631.48184916748,42.25093585
1634.60702056807,43.29330613
1637.73219196866,45.96266529
1640.85736336925,48.3737526100011
1643.98253476983,50.31192239
1650.23287757101,51.04138294
1656.48322037218,52.7797504
1662.73356317336,54.85263127
1665.85873457395,55.63448451
1669.74847022429,55.68721014
1673.7138221191,55.15421705
1677.67917401392,54.43917861
1679.66184996133,53.98091835
1681.64452590874,52.8351069699992
1683.62720185615,51.50671979
1684.61853982985,50.65171483
1685.60987780356,50.61910399
1687.59255375097,50.32545459
1688.58389172467,48.8256656999981
1689.57522969838,45.50181295
1691.55790564579,41.88786667
1693.54058159319,39.44598069
1697.50593348801,37.58500071
1701.47128538283,36.2580201299989
1705.43663727765,34.39679054
1707.41931322506,35.01914304
1709.40198917247,37.57379202
1711.38466511988,37.92539155
1713.36734106729,37.7054394999994
1715.3500170147,36.70395406
1716.3413549884,35.49559869
1717.3326929621,34.53756347
1718.32403093581,34.1014106
1719.31536890951,32.3521449
1719.81103789636,32.37196958
1720.30670688322,32.82598986
1720.80237587007,33.97807209
1721.29804485692,34.93913785
1722.28938283063,36.8928063900017
1723.28072080433,39.88000191
1723.77638979118,39.69185546
1723.9003070379,38.42013137
1724.02422428461,40.10287461
1724.14814153132,42.779705470001
1724.27205877804,44.47087602
1724.39597602475,46.51325579
1724.51989327146,48.76106403
1724.76772776489,49.72625756
1725.26339675174,49.0548425499991
1725.51123124517,47.44312032
1725.75906573859,46.72048231
1726.00690023202,46.18627142
1726.25473472545,45.6094113
1726.50256921887,45.14110854
1726.7504037123,45.18407968
1726.99823820572,45.76836979
1727.24607269915,44.24815084
1727.49390719258,42.90588165
1727.741741686,44.1619915200008
1728.23741067285,45.49318602
1728.48524516628,47.91586146
1728.73307965971,52.29114706
1728.98091415313,54.59976444
1729.22874864656,53.1070862599988
1729.72441763341,51.03971101
1730.22008662026,51.33660274
1730.71575560712,50.75413297
1731.21142459397,49.7973652
1732.20276256767,47.8704092299992
1733.19410054138,46.54556923
1734.18543851508,45.20537472
1735.17677648879,43.51079796
1736.16811446249,42.99117494
1737.15945243619,44.5371198100008
1738.1507904099,45.91170171
1739.1421283836,46.87493734
1739.38996287703,48.64640395
1739.51388012374,50.03983543
1739.63779737046,47.5042548599993
1739.76171461717,46.21993353
1739.88563186388,46.57482038
1740.0095491106,45.10495293
1740.13346635731,46.95764834
1740.25738360402,48.8230824199988
1740.38130085073,46.64456362
1740.50521809745,44.03177424
1740.62913534416,42.95203559
1740.87696983759,44.00331123
1741.12480433101,46.9308269200013
1741.37263882444,49.14827336
1741.62047331787,46.75180824
1741.86830781129,41.88763925
1742.11614230472,39.09078056
1742.36397679814,39.5114259500013
1742.61181129157,41.87004426
1743.10748027842,43.57187626
1743.60314926527,43.84296481
1743.8509837587,42.26217017
1744.09881825213,40.1597901900002
1744.34665274555,40.53789667
1744.59448723898,41.87354146
1744.84232173241,41.80961027
1745.09015622583,42.91778044
1746.08149419954,44.1543742199993
1747.07283217324,42.94154488
1748.06417014695,41.22940912
1749.05550812065,39.78385121
1750.04684609435,37.18470884
1751.03818406806,35.4788603099992
1752.02952204176,34.01324354
1753.02086001547,34.68086948
1754.01219798917,36.01316662
1755.00353596288,37.34967619
1756.98621191029,39.7006100300015
1758.9688878577,42.29643992
1760.9515638051,42.95696091
1761.94290177881,42.96715326
1762.93423975251,42.96598869
1763.92557772622,43.0705026400002
1764.91691569992,43.37915986
1765.90825367363,42.96731624
1766.89959164733,43.91720608
1767.89092962104,44.6270867
1768.88226759474,45.9942848599999
1769.37793658159,45.833692
1769.87360556845,45.23478917
1770.86494354215,45.72270777
1771.85628151585,45.19919979
1772.84761948956,44.6235133599997
1773.83895746326,44.05060112
1774.83029543697,45.34652854
1775.32596442382,46.72306923
1775.82163341067,47.43476561
1776.31730239752,48.7170542500005
1776.81297138438,49.61355047
1777.80430935808,48.75537651
1778.79564733179,47.99948465
1780.7783232792,46.85439087
1782.7609992266,45.6338716899995
1784.74367517401,44.7342447
1786.72635112142,44.15230577
1787.71768909513,44.35440821
1788.70902706883,42.92506107
1789.70036504254,41.8302121199999
1790.69170301624,41.65671049
1792.67437896365,40.58903626
1794.81988653234,39.2031215
1797.76039554613,39.03650949
1800.70090455992,37.579607349999
1802.17115906681,35.78116536
1803.6414135737,35.27213346
1805.1116680806,36.30125558
1806.58192258749,36.25044379
1808.05217709438,38.2799583800013
1809.52243160127,40.59196714
1810.99268610817,41.10830691
1812.46294061506,40.69561946
1813.93319512195,41.92505685
1815.40344962884,43.8466139199994
1816.87370413574,42.83737718
1818.34395864263,39.7074288
1819.81421314952,40.62131389
1821.28446765642,40.08628875
1822.75472216331,37.721786779999
1824.2249766702,36.03093201
1825.69523117709,35.1079978
1827.16548568399,35.57986551
1828.63574019088,35.7818297
1830.10599469777,36.5623365000001
1833.04650371156,36.80995797
1835.98701272534,37.5736018
1838.92752173913,39.9562993
1841.86803075292,41.87346743
1844.8085397667,41.85218701
1847.74904878049,41.84969606
1850.68955779427,41.9130138
1853.63006680806,42.39535072
1855.10032131495,40.83337982
1856.57057582184,38.2629169099995
1859.51108483563,37.38449795
1860.98133934252,36.75720551
1862.45159384942,36.37129646
1863.92184835631,35.0125264
1865.3921028632,33.6957806299994
1866.12723011665,32.58219617
1866.8623573701,32.15702498
1868.33261187699,31.80419069
1869.80286638388,33.11018768
1871.27312089077,34.9672336800009
1872.74337539767,36.57071393
1873.47850265111,37.985291
1874.21362990456,37.94219348
1875.68388441145,38.06149509
1877.15413891835,38.7992325800005
1878.62439342524,39.6193086
1880.09464793213,38.8064934
1881.56490243902,37.85607889
1883.03515694592,38.64332766
1884.50541145281,39.5864835800003
1885.9756659597,40.18797744
1886.71079321315,40.67850468
1887.4459204666,40.16933406
1887.81348409332,40.65840265
1888.18104772004,42.5755485900012
1888.54861134677,44.65524994
1888.91617497349,44.68633119
1889.28373860021,43.58609949
1889.65130222694,42.22171589
1890.01886585366,41.9056078499996
1890.38642948038,41.23584682
1891.12155673383,39.35001761
1891.85668398727,37.93352204
1892.59181124072,37.9478829
1893.32693849417,37.9912969899993
1894.06206574761,36.74785765
1894.79719300106,34.97185707
1895.53232025451,34.57194577
1896.26744750795,35.89186997
1897.0025747614,37.2358183900008
1897.73770201485,38.57354368
1898.47282926829,39.64818223
1899.20795652174,39.09808398
1899.94308377518,37.86258784
1900.67821102863,40.0443247500014
1901.41333828208,42.50900854
1902.14846553552,43.89104517
1902.88359278897,44.15068731
1903.61872004242,43.68055766
1905.08897454931,40.708340989999
1906.5592290562,38.96875618
1908.0294835631,37.61713815
1909.49973806999,36.26936076
1912.44024708377,36.90200389
1915.38075609756,36.82306797
1916.85101060445,36.89079652
1918.32126511135,37.9201718
1919.79151961824,38.50302516
1921.26177412513,38.48564022
1922.73202863203,38.4799759300004
1924.20228313892,39.15940383
1925.67253764581,41.09153034
1927.1427921527,42.41261116
1928.6130466596,42.63579423
1930.08330116649,42.9514706399996
1931.55355567338,42.34049531
1933.02381018028,41.4799152
1935.96431919406,39.30140064
1938.90482820785,38.16833051
1941.84533722163,40.6073359599999
1944.78584623542,40.49900824
1946.25610074231,37.48782136
1947.7263552492,35.11655657
1950.66686426299,32.7326983
1953.60737327678,32.5661234600018
1956.54788229056,35.78669166
1959.48839130435,37.83036684
1962.42890031814,38.55178227
1965.36940933192,39.03810838
1966.83966383881,38.5836982499993
1968.30991834571,37.28333572
1969.7801728526,37.14749229
1971.25042735949,38.56670283
1971.98555461294,40.72261777
1972.72068186638,42.8836008500003
1973.08824549311,43.39350737
1973.45580911983,42.01336497
1973.82337274655,40.35852155
1974.19093637328,38.64074733
1974.92606362672,37.1927507500006
1975.66119088017,38.3026431
1976.39631813362,38.52901335
1977.13144538706,38.59714218
1977.86657264051,37.79828085
1978.60169989396,35.6278648099984
1978.96926352068,32.74731511
1979.3368271474,30.80265321
1979.70439077412,28.9907682
1980.07195440085,28.30503741
1980.80708165429,29.6675138900008
1981.54220890774,31.01232356
1981.90977253446,31.90493194
1982.09355434783,33.70053652
1982.27733616119,36.28508852
1982.64489978791,37.46506404
1983.01246341463,37.42565643
1983.74759066808,38.48235632
1984.48271792153,40.61156765
1985.21784517497,41.25615393
1985.95297242842,41.2590971099998
1986.68809968187,40.89633549
1987.42322693531,38.50877244
1988.15835418876,34.95535551
1988.89348144221,34.21519274
1989.62860869565,34.2496550399995
1990.3637359491,33.31165715
1991.09886320255,33.09691428
1991.83399045599,33.12211559
1992.56911770944,33.6926123
1993.30424496289,34.0285473300005
1994.03937221633,34.96001565
1994.77449946978,36.29269222
1996.24475397667,37.09968617
1997.71500848356,39.95144348
1999.18526299046,41.6461520200006
2000.65551749735,42.73596358
2002.12577200424,43.42716481
2003.59602651113,43.43593469
2005.06628101803,43.43371727
2006.53653552492,43.3943075100005
2007.27166277837,44.31787471
2008.00679003181,44.51126431
2008.74191728526,44.52069039
2009.47704453871,43.72721443
2010.21217179215,42.1760777299985
2010.9472990456,39.52775123
2011.68242629905,38.90524356
2012.41755355249,38.70111757
2013.15268080594,38.69227285
2013.88780805939,36.9826191599996
2014.62293531283,36.26203495
2015.35806256628,36.95212727
2015.725626193,36.48169911
2016.09318981972,34.70965228
2016.27697163309,33.62359687
2016.46075344645,33.66334544
2016.64453525981,33.4206758
2016.82831707317,33.62838932
2017.01209888653,35.37239422
2017.19588069989,36.8336813800011
2017.37966251326,38.80041977
2017.56344432662,41.27263079
2017.74722613998,44.92970369
2017.93100795334,47.33434945
2018.1147897667,47.1377746599998
2018.29857158006,46.70751425
2018.66613520679,46.65830371
2019.03369883351,45.68695938
2019.40126246023,46.1904767
2019.76882608696,49.1337810600014
2020.13638971368,51.56811683
2020.5039533404,53.34703595
2020.87151696713,54.24077415
2021.05529878049,55.15455271
2021.23908059385,53.7038805599978
2021.42286240721,49.87531352
2021.60664422057,46.92457713
2021.79042603393,45.16056596
2021.9742078473,43.2538774
2022.15798966066,40.2830117999994
2022.34177147402,39.16667787
2022.52555328738,39.68596564
2022.70933510074,41.02421529
2022.8931169141,42.35406359
2023.07689872747,42.37717965
2023.26068054083,42.39910275
2023.44446235419,41.13125081
2023.81202598091,40.73751041
2024.17958960764,41.18189209
2024.54715323436,39.5415909999991
2024.91471686108,37.96953562
2025.2822804878,38.0000663
2025.64984411453,37.6738827
2025.83362592789,37.40490332
2026.01740774125,38.0944119900009
2026.20118955461,39.61784089
2026.38497136798,39.61537003
2026.56875318134,39.64474358
2026.7525349947,40.1699023
2026.93631680806,39.8500080499972
2027.12009862142,34.93771992
2027.48766224814,31.1323473
2027.85522587487,30.84896942
2028.22278950159,32.44414434
2028.59035312831,32.13685899
2028.95791675504,32.15918611
2029.32548038176,34.22542043
2029.69304400848,35.84227675
2029.87682582185,36.32198847
2030.06060763521,35.2961467800005
2030.24438944857,36.15272427
2030.42817126193,37.47819206
2030.61195307529,38.87528102
2030.79573488865,38.55652807
2030.97951670202,37.2564170499995
2031.16329851538,36.37546031
2031.34708032874,36.33939099
2031.5308621421,36.80548861
2031.71464395546,38.8797511
2031.89842576882,40.576492660001
2032.08220758218,42.25555062
2032.26598939555,43.82562091
2032.44977120891,43.36767472
2032.63355302227,41.56996522
2032.81733483563,40.1451013599999
2033.00111664899,39.89055056
2033.36868027572,41.26021672
2033.73624390244,41.5179982
2034.10380752916,42.29584212
2034.47137115589,43.4875546399993
2034.83893478261,42.27044868
2035.20649840933,40.15784677
2035.94162566278,40.19354987
2037.41188016967,39.58500905
2038.88213467656,39.9435255000014
2040.35238918346,42.48725942
2041.82264369035,42.94513752
2043.29289819724,42.35643089
2044.76315270414,42.27581073
2046.23340721103,42.3387348299984
2047.70366171792,39.4642614
2049.17391622481,36.14563447
2050.64417073171,35.27138317
2052.1144252386,34.26581243
2053.58467974549,33.0852899900003
2055.05493425239,33.56865039
2056.52518875928,33.35206454
2057.99544326617,32.55440733
2059.46569777307,32.57994236
2060.93595227996,32.4580151799989
2062.40620678685,30.56445614
2063.87646129374,28.89261292
2065.34671580064,29.33788608
2066.81697030753,29.91296822
2068.28722481442,30.403546110001
2069.75747932132,32.17593306
2070.49260657476,36.47043532
2071.22773382821,41.22729614
2072.04390854871,43.90925735
2072.94788469185,44.4650067700003
2073.85186083499,45.04580057
2074.75583697813,43.84771931
2075.65981312127,41.7308016
2076.56378926441,41.85964867
2077.46776540755,43.642982820002
2078.3717415507,47.13282495
2079.27571769384,49.95102997
2080.17969383698,48.85049582
2081.08366998012,45.9933209
2081.98764612326,44.5221855400003
2082.8916222664,45.12390518
2083.79559840954,45.06537107
2084.69957455268,44.89004638
2085.60355069583,44.52868056
2086.50752683897,44.5109004599997
2087.41150298211,43.92618693
2088.31547912525,42.19190728
2089.21945526839,41.76352412
2090.12343141153,43.04143597
2091.02740755467,46.1818497200006
2091.93138369781,47.23285902
2092.83535984096,47.07193578
2093.7393359841,46.96679264
2094.64331212724,46.85228216
2095.54728827038,46.2023742399993
2096.45126441352,44.90100269
2097.35524055666,42.97864903
2098.2592166998,41.30756823
2099.16319284294,39.21837449
2100.06716898608,37.9596838799997
2100.97114512923,37.42282268
2101.87512127237,37.53536621
2102.77909741551,38.60974515
2103.68307355865,40.24659093
2104.58704970179,41.2492247200002
2105.49102584493,41.63516748
2106.39500198807,41.73394059
2107.29897813121,42.19607263
2108.20295427435,42.56927351
2109.1069304175,43.3640494200008
2110.91488270378,44.70494183
2114.53078727634,45.59168884
2118.14669184891,46.76016873
2121.76259642147,45.73727917
2125.37850099404,44.5088252299997
2128.9944055666,43.93831144
2132.61031013916,43.99704992
2136.22621471173,43.45202709
2137.13019085487,43.22820701
2138.03416699801,42.9290007599994
2138.93814314115,41.80490311
2139.84211928429,40.17090173
2140.74609542744,38.59342325
2141.65007157058,38.55649625
2142.55404771372,39.0395926100005
2143.45802385686,39.85787997
2144.362,40.20941813
2145.26597614314,39.0776362
2146.16995228628,38.15385061
2147.07392842942,37.3669258099992
2147.97790457256,36.03869159
2148.88188071571,35.31039629
2149.78585685885,36.03119424
2150.68983300199,36.38428333
2151.59380914513,37.9670877800017
2152.49778528827,40.94943481
2153.40176143141,43.44194249
2154.30573757455,46.08274916
2155.20971371769,47.14747399
2156.11368986084,46.4124853399999
2157.01766600398,46.19769166
2157.92164214712,44.51894082
2158.82561829026,41.49088132
2159.7295944334,39.11823825
2160.63357057654,36.8090021899989
2161.53754671968,34.8940015
2162.44152286282,34.77525854
2163.23914285714,35.03490759
2163.6307012987,33.93395811
2164.02225974026,33.1170694500003
2164.41381818182,33.61938199
2164.80537662338,35.145682
2165.5884935065,38.33019857
2166.37161038961,41.95631802
2167.15472727273,44.0449305600021
2167.93784415584,47.67445494
2168.72096103896,50.46518452
2169.50407792208,48.38675305
2170.2871948052,45.986887
2171.07031168831,43.5462326599977
2171.85342857143,39.4714167
2172.63654545455,36.59628394
2173.41966233766,34.09353954
2174.20277922078,32.58966416
2174.9858961039,32.04779137
2175.76901298701,32.03787532
2176.55212987013,32.77131838
2177.33524675325,34.78588683
2178.11836363637,38.54984241
2178.90148051948,41.8267906000011
2179.6845974026,43.81359253
2180.46771428572,42.42273085
2181.25083116883,33.6622695
2182.03394805195,28.50909977
2182.81706493507,30.7595722700025
2183.60018181818,35.1444265300021
2184.3832987013,38.82781994
2185.16641558442,38.28559358
2185.94953246753,36.97369607
2186.73264935065,34.6839935899991
2187.51576623377,33.1736132200004
2188.29888311688,33.92293726
2189.082,36.16356975
2189.86511688312,38.21646799
2190.64823376624,40.0475298900007
2191.43135064935,41.2348519799992
2192.21446753247,39.85127753
2192.99758441558,37.93138315
2193.7807012987,36.54326348
2194.56381818182,35.8211540400001
2195.34693506494,35.9213345400007
2196.13005194805,37.16513606
2196.91316883117,40.87702969
2197.69628571429,45.43173775
2198.4794025974,48.5376300600009
2199.26251948052,50.1569334300001
2200.04563636364,50.38398128
2200.82875324675,49.44470084
2201.61187012987,48.76251321
2202.39498701299,45.9051832099975
2203.1781038961,41.4867364599976
2203.96122077922,37.24320776
2204.74433766234,33.82781925
2205.52745454546,32.23235305
2206.31057142857,32.0376186800008
2207.09368831169,33.3811908900009
2207.8768051948,34.96998076
2208.65992207792,36.98430893
2209.44303896104,37.97212669
2210.22615584416,37.93004025
2211.00927272727,37.9538987200013
2211.79238961039,40.20298602
2212.57550649351,42.21501642
2213.35862337662,43.47390164
2214.14174025974,43.4844637599993
2214.92485714286,42.292315789999
2215.31641558442,40.50489376
2215.70797402597,38.22876036
2216.09953246753,36.64174911
2216.49109090909,35.0422743299994
2216.88264935065,33.9858742099998
2217.27420779221,33.6393099
2217.66576623377,34.26616358
2218.05732467533,34.20726045
2218.84044155844,34.2308252599993
2219.62355844156,33.052026799999
2220.40667532468,31.34274936
2221.18979220779,30.51769006
2221.97290909091,31.59053058
2222.75602597403,33.9256205100011
2224.32225974026,35.8563801800001
2225.88849350649,36.01674138
2226.67161038961,36.38416194
2227.45472727273,36.36565405
2227.84628571429,36.3401015800001
2228.23784415585,36.5921593800002
2228.6294025974,36.91716275
2229.02096103896,36.94850901
2229.41251948052,35.72549863
2229.80407792208,33.8379551299996
2230.19563636364,33.0790829299997
2230.58719480519,32.46499584
2230.97875324675,31.42190675
2231.37031168831,31.56028868
2232.15342857143,33.594496650001
2232.93654545455,35.30358436
2233.71966233766,35.24704119
2234.50277922078,36.36337532
2235.2858961039,38.14810804
2236.06901298701,38.0988044799979
2236.85212987013,34.364956639999
2237.63524675325,32.53219749
2238.02680519481,33.71138592
2238.41836363636,32.76294796
2238.80992207792,31.4272703900006
2239.20148051948,32.4029559500013
2239.59303896104,34.65588531
2239.9845974026,37.18028429
2240.37615584416,39.50036476
2240.76771428571,43.2435301300017
2241.15927272727,46.1558011199999
2241.55083116883,45.9282262
2242.33394805195,45.06155111
2243.11706493507,45.11774261
2243.90018181818,43.2972309199985
2244.29174025974,40.72121683
2244.6832987013,40.66696534
2245.07485714286,41.38932409
2245.46641558442,42.17865137
2245.85797402597,43.9140819600015
2246.24953246753,46.624816310001
2246.64109090909,48.30481791
2247.03264935065,46.80467041
2247.42420779221,44.48740182
2247.81576623377,43.39481559
2248.20732467533,43.4376459100004
2248.59888311688,44.22653457
2248.99044155844,45.07411297
2249.382,44.90120912
2249.77355844156,43.4830275799995
2250.16511688312,42.6507175599989
2250.55667532468,40.79504988
2250.94823376623,40.73005496
2251.33979220779,40.72131019
2251.73135064935,40.7416911399997
2252.12290909091,40.1794443299997
2252.51446753247,39.5695912
2253.29758441559,38.3858823
2254.0807012987,36.90778801
2254.86381818182,35.7799555699997
2255.64693506494,35.319623719999
2256.43005194805,33.51746278
2256.82161038961,32.62877159
2257.21316883117,32.57395021
2257.60472727273,32.1256656400004
2257.99628571429,32.8320615400019
2258.38784415584,36.20793821
2258.7794025974,41.48593164
2259.17096103896,45.90690719
2259.56251948052,47.78622947
2259.95407792208,47.8265473899993
2260.34563636364,46.6640232
2260.73719480519,44.89981882
2261.12875324675,42.89879373
2261.52031168831,40.860061659999
2261.91187012987,39.1148796700003
2262.69498701299,39.65564989
2263.4781038961,41.21215619
2264.26122077922,41.23530469
2264.65277922078,42.0339036000001
2265.04433766234,42.2047235599987
2265.4358961039,39.94655165
2265.82745454546,37.8939586
2266.61057142857,36.44052338
2267.39368831169,33.8375033299991
2268.17680519481,32.2301292300001
2268.95992207792,32.32794927
2269.74303896104,35.27393648
2270.52615584416,37.9813588
2271.30927272727,39.5035785000004
2272.09238961039,40.1924000999999
2272.87550649351,40.03334224
2273.65862337662,38.65716374
2274.44174025974,38.16651148
2275.22485714286,40.5480568100008
2275.61641558442,41.9240843000007
2276.00797402597,43.11016236
2276.39953246753,43.44002767
2276.79109090909,43.03144048
2277.18264935065,42.3490833900005
2277.57420779221,43.1499697300006
2278.35732467532,44.23112316
2279.14044155844,43.19747411
2280.70667532468,42.33830256
2282.27290909091,41.7983664699997
2283.78080184332,41.2808611299992
2285.21444239631,39.8368667
2286.64808294931,36.10413289
2288.08172350231,35.30559854
2289.5153640553,35.9159040599993
2290.94900460829,34.6946535199997
2292.38264516129,34.18784045
2293.81628571429,34.78686156
2295.24992626728,36.2001204
2296.68356682028,35.5442977199994
2298.11720737327,34.4795467899995
2299.55084792627,33.6580796
2300.98448847926,33.30113847
2302.41812903226,32.09826952
2303.85176958525,31.5472161600003
2305.28541013825,32.01329751
2306.71905069124,32.03649616
2308.15269124424,31.9930775
2309.58633179724,33.23583851
2311.01997235023,34.6352832000002
2312.45361290323,35.0552663500001
2313.88725345622,35.26518445
2314.60407373272,34.71873267
2315.32089400922,33.47998595
2316.03771428571,31.7627289699999
2316.75453456221,31.49781585
2317.47135483871,31.51418448
2318.18817511521,29.23845388
2319.6218156682,28.23068748
2321.0554562212,28.9688490200009
2323.92273732719,30.489597190001
2325.35637788019,32.16836626
2326.79001843318,33.5677121
2328.22365898618,34.25437822
2329.65729953917,34.2565729799993
2332.52458064516,33.0529591199997
2335.39186175115,32.54835832
2336.82550230415,33.9674824
2338.25914285714,35.31175715
2339.69278341014,34.5068354799987
2341.12642396313,32.26158226
2342.56006451613,32.2404297
2343.99370506913,33.30533362
2345.42734562212,34.17812428
2346.86098617512,34.2374736200002
2348.29462672811,34.5747207100011
2349.01144700461,36.54219364
2349.72826728111,37.29814528
2350.4450875576,37.51044429
2351.1619078341,39.3288860800005
2351.8787281106,40.2043912000003
2352.5955483871,40.71047209
2353.3123686636,40.72067764
2354.02918894009,39.58069491
2354.74600921659,39.1170996899997
2355.46282949309,38.5147449999991
2356.17964976959,36.99903839
2356.89647004608,35.71757813
2357.61329032258,35.41470469
2358.33011059908,36.5070896800006
2359.04693087558,37.5405454299995
2359.76375115207,36.57531499
2360.48057142857,35.35493194
2361.19739170507,35.30995601
2361.91421198157,36.5724462700005
2362.63103225806,37.4660191599997
2363.34785253456,36.86249517
2364.06467281106,36.9117107
2364.78149308756,37.51104144
2365.49831336406,36.9841782199992
2366.21513364055,35.6361683099995
2366.93195391705,34.7955725
2367.64877419355,33.51445111
2368.36559447005,32.62500609
2369.08241474655,32.5125858099989
2369.79923502304,30.5388231199997
2370.51605529954,30.06048183
2371.23287557604,30.11654778
2371.94969585254,30.13791573
2372.66651612903,28.8823099900002
2373.38333640553,29.2349862800005
2374.10015668203,30.12274576
2374.81697695853,30.08795801
2375.53379723502,31.25714692
2376.25061751152,33.2236961100003
2377.10329813665,33.7212125600001
2378.01991304348,33.91802596
2378.93652795031,35.9992193
2379.85314285714,37.29908435
2380.76975776398,38.0300779200008
2381.68637267081,39.4551584400013
2382.60298757764,41.72588068
2383.51960248447,42.21249105
2384.43621739131,42.14503601
2385.35283229814,41.8067507000006
2386.26944720497,42.8336302699994
2387.1860621118,41.77006206
2388.10267701863,40.96857529
2389.01929192547,40.94060283
2389.9359068323,40.94527181
2390.85252173913,40.9767189699992
2391.76913664596,39.54997663
2392.6857515528,37.38921365
2393.60236645963,36.7020346
2394.51898136646,36.6715757300004
2395.43559627329,37.3713932999997
2396.35221118012,36.8614229
2397.26882608696,36.71240947
2398.18544099379,37.38965304
2399.10205590062,36.959922619999
2400.01867080745,35.2622882699992
2400.93528571429,33.77401274
2401.85190062112,34.32387845
2402.76851552795,35.93924682
2403.68513043478,37.0542577099999
2404.60174534162,36.9354058499992
2405.51836024845,35.53588478
2406.43497515528,34.89963141
2407.35159006211,34.95228911
2408.26820496894,36.0902765600012
2410.10143478261,38.2733685600006
2411.01804968944,39.41560401
2411.93466459627,40.46023271
2412.85127950311,42.53344465
2413.76789440994,43.3550961399991
2414.68450931677,41.8430623399988
2415.6011242236,39.76015583
2416.51773913043,39.79477995
2417.43435403727,41.12278254
2418.3509689441,43.4222110000016
2419.26758385093,46.1713649300013
2420.18419875776,48.47478149
2421.1008136646,50.82344665
2422.01742857143,52.42039456
2422.93404347826,52.3631574999996
2423.85065838509,51.6433552599981
2424.76727329193,48.36199968
2425.68388819876,45.96573292
2426.60050310559,45.1892346
2427.05881055901,43.0641316199995
2427.51711801242,42.1455974300004
2427.97542546584,42.76709788
2428.43373291926,43.10478057
2429.35034782609,43.6862011
2430.26696273292,45.4858880500012
2431.18357763975,47.5125181800011
2432.10019254658,49.43863627
2433.01680745341,50.00197064
2433.93342236025,50.05448444
2434.85003726708,49.5090044799992
2435.76665217391,48.1637117899997
2436.68326708075,47.54967353
2437.59988198758,47.57147918
2438.51649689441,47.14491311
2439.43311180124,45.2635857999985
2443.09957142857,42.669414069999
2446.7660310559,40.86654063
2448.59926086957,40.07090174
2450.43249068323,38.23876529
2452.26572049689,36.1539577000004
2454.09895031056,36.8231329400011
2455.01556521739,38.80890163
2455.93218012422,37.80412783
2457.76540993789,34.22762179
2461.43186956522,33.7019624400003
2466.93155900621,34.2452109499993
2474.26447826087,33.05800476
2481.59739751553,33.49991918
2485.26385714286,38.04366762
2488.93031677019,42.7633895000015
2490.76354658385,45.3366570800007
2492.59677639752,46.65306138
2494.43000621118,47.06990216
2496.26323602485,46.42488462
2499.92969565217,46.36202723
2501.76292546584,46.4084209599995
2503.5961552795,45.45241591
2505.42938509317,44.12785825
2507.26261490683,43.38472374
2508.17922981367,41.4368643800002
2509.0958447205,41.724246720001
2510.01245962733,43.57758479
2510.92907453416,44.14290036
2511.84568944099,45.41752449
2512.76230434783,47.1278754700016
2514.59553416149,49.883818380001
2516.42876397516,51.56522825
2518.26199378882,52.27586171
2520.09522360249,49.96070973
2521.92845341615,48.6380870599993
2523.76168322981,47.3205261999992
2525.59491304348,45.95364028
2527.42814285714,45.70788515
2529.26137267081,47.61026394
2531.09460248447,46.8122446299974
2532.92783229814,42.1966581899977
2534.7610621118,38.12995181
2536.59429192547,37.21019047
2540.2607515528,38.34403287
2543.92721118013,41.5532592600015
2547.59367080745,44.1750045100008
2548.51028571429,45.60260397
2549.42690062112,45.75521109
2550.34351552795,47.55967372
2551.26013043478,51.0916418800009
2552.17674534161,52.7160958500005
2553.09336024845,53.61278466
2555.05524454829,52.05332277
2557.0623317757,47.4864094
2559.06941900312,45.0714367100001
2561.07650623053,45.3019467400005
2563.08359345794,46.24976395
2565.09068068536,49.18332624
2566.09422429906,53.01142908
2567.09776791277,54.21295941
2568.10131152648,54.20575426
2569.10485514019,54.20974533
2570.1083987539,52.44995203
2571.1119423676,45.55621958
2572.11548598131,41.6826838600004
2573.11902959502,42.4218877800002
2574.12257320872,42.76402854
2575.12611682243,42.12955129
2576.12966043614,41.15645875
2577.13320404985,39.9751141700001
2577.6349758567,40.2107253900008
2578.13674766355,41.55400911
2578.63851947041,42.76944814
2579.14029127726,43.63877645
2579.64206308412,44.8291389399999
2580.14383489097,44.6240273299996
2580.64560669782,43.90234169
2581.14737850467,42.56802013
2581.64915031153,40.96452171
2582.15092211838,39.77565193
2582.65269392523,39.74534038
2583.15446573209,39.78553206
2583.65623753894,41.26954092
2584.15800934579,44.34904374
2584.65978115265,45.9860757500006
2585.1615529595,46.961227229999
2585.66332476636,45.1635596
2586.16509657321,40.55332615
2586.66686838006,38.73927105
2587.16864018692,38.5534187300001
2587.67041199377,38.7336924600002
2588.17218380062,39.1657182
2588.67395560748,39.95532676
2589.17572741433,44.02974136
2589.67749922119,50.9270880099996
2590.17927102804,50.1542490699977
2590.68104283489,46.18598695
2591.18281464175,44.64635952
2592.18635825545,45.25119821
2593.18990186916,44.01531444
2594.19344548287,43.9912582699998
2595.19698909657,43.61730606
2595.69876090343,41.80239613
2596.20053271028,41.77755419
2596.70230451713,42.19681326
2597.20407632399,42.1512856899996
2597.70584813084,41.41316402
2598.20761993769,40.59798465
2598.70939174455,39.69794934
2599.2111635514,39.7373892800004
2599.71293535826,40.479268850001
2600.21470716511,42.21411994
2600.71647897196,43.78832743
2601.21825077882,42.91360177
2601.72002258567,40.8740479699989
2602.22179439252,38.9695517099987
2602.72356619938,36.74642362
2603.22533800623,33.74037039
2603.72710981308,32.53440316
2604.22888161994,33.1967443500007
2604.73065342679,34.5115360200011
2605.23242523365,36.48395182
2605.7341970405,38.34681645
2606.23596884735,40.61830319
2606.73774065421,42.8834861200012
2607.23951246106,45.0649144000012
2607.74128426791,47.21211109
2608.24305607477,48.16744059
2608.74482788162,47.23721355
2609.24659968847,45.498330479999
2609.74837149533,43.7898874399992
2610.25014330218,42.4326686
2610.75191510904,41.45107097
2611.25368691589,42.18545208
2611.75545872274,44.0334342600005
2612.25723052959,44.8659315100005
2613.2607741433,45.6934508
2614.26431775701,45.20693537
2615.26786137072,43.96499821
2617.27494859813,45.19034594
2619.28203582555,45.1952316499994
2621.28912305296,44.09250241
2623.29621028037,43.74639822
2625.30329750779,43.51769522
2627.3103847352,43.1630658899988
2629.31747196262,41.1414821099995
2631.32455919003,40.31011005
2633.33164641745,40.39791804
2635.33873364486,40.29800046
2637.34582087227,39.4084405399998
2639.35290809969,39.0971649200007
2640.3564517134,40.29532209
2641.3599953271,40.34120469
2641.61088123053,40.34791133
2641.86176713396,40.5937482400005
2642.11265303738,41.4603134000007
2642.36353894081,42.69777792
2642.61442484424,43.398408
2642.86531074766,42.72249234
2643.11619665109,41.7964608599993
2643.36708255452,40.4776057699989
2643.61796845794,39.50905303
2643.86885436137,39.09471945
2644.1197402648,39.08776028
2644.37062616822,40.04516771
2644.62151207165,43.3349743200035
2644.87239797508,46.3943503
2645.1232838785,46.85078196
2645.37416978193,44.86577398
2645.62505568536,42.52842471
2645.87594158879,40.95218949
2646.12682749221,40.96887341
2646.37771339564,42.29130908
2646.62859929907,44.6735779
2646.87948520249,47.36122954
2647.13037110592,48.74008237
2647.38125700935,48.77539842
2647.8830288162,48.81242607
2648.38480062305,47.0396008
2648.88657242991,44.6303759
2649.38834423676,44.5542723200001
2649.89011604361,44.61447707
2650.39188785047,44.38908965
2650.89365965732,44.05160105
2651.39543146418,43.70335449
2651.89720327103,43.4387577699999
2652.39897507788,43.36085492
2652.90074688473,44.02581471
2653.40251869159,44.61489699
2653.90429049844,45.44290812
2654.4060623053,46.408213360002
2654.90783411215,48.14749505
2655.409605919,49.43484459
2655.91137772586,48.97935918
2656.41314953271,48.1834954
2656.91492133957,47.4503685000002
2657.41669314642,47.65723919
2657.91846495327,48.27344458
2658.42023676013,47.15867012
2658.92200856698,45.17560794
2659.42378037383,43.8462186000001
2660.42732398754,43.92925598
2661.43086760125,44.54009645
2662.43441121495,45.16815432
2663.43795482866,44.54631711
2664.44149844237,44.6959993300005
2665.44504205607,45.14264467
2666.44858566978,45.1864207
2667.45212928349,45.62712257
2668.4556728972,47.00737776
2669.45921651091,47.8286724799986
2670.46276012461,46.56323144
2671.46630373832,47.60361008
2672.46984735202,49.32074506
2673.47339096573,51.34133866
2674.47693457944,53.2025098400003
2675.48047819315,53.42509438
2676.48402180685,52.9184541
2677.48756542056,52.98224123
2678.49110903427,52.35224811
2679.49465264798,51.5711858399977
2680.49819626169,49.57309703
2681.50173987539,47.66634336
2682.5052834891,47.54724914
2683.5088271028,45.02159284
2684.51237071651,42.5841225399995
2685.51591433022,42.12977268
2686.51945794393,42.08894623
2687.52300155763,42.48338586
2688.52654517134,42.80132458
2689.53008878505,41.8420644099991
2690.53363239876,41.01430821
2691.53717601246,40.33711878
2692.03894781932,40.3829334
2692.54071962617,42.17404834
2693.04249143302,43.3843406999999
2693.54426323988,43.30691846
2694.04603504673,44.54416052
2694.54780685358,45.21644967
2695.04957866044,44.28333552
2695.55135046729,43.8007003800007
2695.80223637072,44.39072748
2696.05312227414,45.76397723
2696.30400817757,45.65653661
2696.554894081,43.39162813
2696.80577998442,37.7255970699946
2697.05666588785,32.97144296
2697.30755179128,32.58543695
2697.55843769471,35.83208113
2697.80932359813,40.83414222
2698.06020950156,44.9753481599989
2698.31109540499,44.02497683
2698.56198130841,41.33932852
2698.81286721184,40.16891751
2699.06375311527,39.76334041
2699.31463901869,39.7021252
2699.56552492212,39.73687063
2699.81641082555,41.74370359
2700.06729672897,43.47020485
2700.3181826324,42.36738093
2700.56906853583,41.0210313899999
2700.81995443925,40.95177227
2701.07084034268,41.56075628
2701.32172624611,42.15385586
2701.57261214953,43.64099973
2701.82349805296,43.7771016599988
2702.07438395639,42.68168242
2702.57615576324,41.85918345
2703.07792757009,39.98559496
2703.57969937695,39.75409662
2704.58324299066,39.4750873299996
2705.58678660436,39.15090409
2707.59387383178,39.28277248
2709.60096105919,41.16618074
2711.60804828661,42.17615137
2715.62222274143,42.1503143099993
2717.62930996885,41.51504214
2718.1310817757,40.83431522
2718.63285358256,41.979521
2719.13462538941,42.1852357
2719.63639719626,41.4323549900003
2720.13816900312,41.69350958
2720.63994080997,42.16211009
2721.14171261682,41.72662287
2721.64348442368,41.56446863
2722.14525623053,41.5534312799991
2722.64702803738,40.75691537
2723.14879984424,38.89037711
2723.65057165109,38.55359923
2724.15234345795,38.53254959
2724.6541152648,38.5202950299998
2725.15588707165,38.3760802
2725.65765887851,37.24673549
2726.15943068536,38.78642134
2726.66120249221,43.0366805
2727.16297429907,46.333931910003
2727.66474610592,48.93290804
2728.66828971963,47.28781716
2729.67183333333,44.11047069
2730.17360514019,42.7169887
2730.67537694704,42.1563232499999
2731.1771487539,42.10134551
2731.67892056075,43.16455677
2732.1806923676,44.49104876
2732.68246417446,44.1487172
2733.18423598131,41.9532357899988
2733.68600778816,40.91057145
2734.68955140187,40.90933911
2735.69309501558,40.94204097
2736.69663862929,40.9989286
2737.70018224299,42.3964339300004
2738.7037258567,42.77048985
2739.70726947041,42.75697661
2740.71081308411,43.34239954
2741.71435669782,45.36708653
2742.21612850467,47.1966751900016
2742.71790031153,48.59561736
2743.21967211838,48.78862108
2743.72144392523,46.91934739
2745.72853115265,45.57496873
2746.73207476636,45.1842346899996
2747.73561838006,44.83833347
2748.73916199377,42.7702258
2749.74270560748,42.83467342
2750.74624922119,43.91111262
2751.74979283489,43.7138599799991
2752.7533364486,42.93493209
2753.75688006231,44.78653317
2754.76042367601,47.4276237
2755.76396728972,50.74511101
2757.77105451713,53.4484830800002
2759.77814174455,53.60034299
2761.78522897196,53.8948237
2763.79231619938,54.22775512
2764.79585981309,55.68807369
2765.79940342679,57.3411545400013
2767.80649065421,58.46563502
2768.81003426791,57.75260615
2769.31180607477,54.51887421
2769.81357788162,50.42035679
2771.82066510904,47.9571785099976
2772.82420872274,45.82169069
2773.82775233645,45.15174728
2774.83129595016,45.56444376
2775.83483956386,45.74586072
2776.83838317757,45.7936749199993
2777.84192679128,45.19651105
2778.34369859813,42.15188412
2778.84547040499,38.82019067
2779.34724221184,38.59263123
2779.84901401869,38.8937801600003
2780.35078582555,39.13535693
2780.8525576324,39.92700984
2781.35432943925,39.9030531
2781.85610124611,39.34680681
2782.35787305296,38.6484292199985
2782.85964485981,37.31628305
2783.36141666667,37.37891672
2783.86318847352,38.17119246
2784.36496028037,40.19050772
2784.86673208723,41.4800309000015
2785.36850389408,42.81743781
2785.87027570094,43.28050714
2786.37204750779,42.43247523
2786.87381931464,41.60127205
2787.3755911215,41.4478166000002
2787.87736292835,41.57616082
2788.3791347352,42.37719412
2788.88090654206,43.6981066
2789.38267834891,45.02074163
2789.88445015576,45.8506858999995
2790.38622196262,45.43628397
2790.88799376947,44.52709273
2791.38976557633,44.50847283
2791.89153738318,44.5907849
2792.39330919003,43.5696562999997
2792.89508099689,43.32302593
2793.39685280374,43.84339111
2793.89862461059,42.92231775
2794.40039641745,41.59653685
2794.9021682243,40.2694441699996
2795.40394003115,39.89964389
2795.90571183801,41.51298851
2796.90925545171,43.79269678
2797.91279906542,45.70073364
2798.91634267913,46.8821474099986
2799.91988629284,45.63387965
2800.92342990654,45.70035681
2801.92697352025,46.84110079
2802.93051713396,48.16798881
2803.93406074766,48.8584311500007
2804.93760436137,49.45906238
2805.94114797508,48.37630401
2806.94469158879,47.01180337
2807.94823520249,46.70463705
2808.9517788162,45.9620670399989
2809.95532242991,45.03999483
2810.95886604361,44.58333325
2812.30847807395,44.01762589
2813.82094582975,42.03882621
2815.33341358556,41.49430482
2816.84588134136,41.46785585
2818.35834909716,41.52982474
2819.87081685297,42.98565754
2821.38328460877,45.5348989
2824.40822012038,46.4279730599997
2827.43315563199,46.1986756
2830.45809114359,45.78932985
2833.4830266552,45.15498035
2836.50796216681,43.11498437
2839.53289767842,40.3013670399979
2842.55783319003,38.44561618
2845.58276870164,39.90381429
2847.09523645744,41.63132349
2848.60770421324,42.04996272
2850.12017196905,41.6154798400007
2851.63263972485,42.2045822
2853.14510748066,40.80111938
2854.65757523646,36.8159716
2856.17004299227,33.47392872
2857.68251074807,32.3818806600012
2860.70744625967,33.42651839
2862.21991401548,34.6916333
2863.73238177128,37.00137164
2865.24484952709,37.56235635
2866.75731728289,38.0924696400007
2868.2697850387,38.69059523
2869.7822527945,37.53536342
2871.2947205503,37.88736871
2872.0509544282,39.1944784
2872.80718830611,38.2166155899982
2873.56342218401,36.67540872
2874.31965606191,36.21503922
2875.07588993981,35.6247553
2875.83212381772,34.94842537
2876.58835769562,35.6802740300038
2877.34459157352,39.05996714
2878.85705932932,43.18062225
2880.36952708513,44.63270118
2881.88199484093,45.3173963
2883.39446259674,46.2530003999993
2884.90693035254,45.67229887
2886.41939810834,44.0799908
2887.93186586415,43.41003987
2889.44433361995,42.65344188
2890.95680137575,41.6109238199991
2892.46926913155,40.84871631
2893.98173688736,40.42483136
2895.49420464317,38.15876797
2897.00667239897,36.70065668
2898.51914015477,37.4466701599999
2900.03160791058,37.39652708
2901.54407566638,37.50401501
2903.05654342219,38.07840729
2904.56901117799,39.71702962
2906.08147893379,44.1370459400031
2907.5939466896,46.87425398
2909.1064144454,47.64532947
2912.13134995701,46.22885545
2915.15628546862,43.62665932
2918.18122098022,41.8150295099985
2921.20615649183,40.50071947
2924.23109200344,39.18641381
2927.25602751505,38.50928834
2930.28096302666,37.90854033
2933.30589853826,39.2206189800042
2936.33083404987,42.88868275
2939.35576956148,46.25685928
2942.38070507309,47.86935713
2945.4056405847,48.22048061
2946.9181083405,47.6454291899956
2948.4305760963,43.80820024
2949.94304385211,41.46107482
2951.45551160791,41.52072148
2952.21174548581,43.57038293
2952.96797936371,45.1508599000013
2953.72421324161,46.25312275
2954.48044711952,47.14581018
2955.99291487532,45.5139938
2957.50538263113,44.5451593
2959.01785038693,45.1284927700008
2960.53031814273,45.81329905
2962.04278589854,44.46950769
2963.55525365434,43.12119023
2965.06772141015,41.40454645
2966.58018916595,38.4300007599989
2968.09265692175,37.484308
2969.60512467756,40.78160895
2971.11759243336,44.54887757
2972.63006018917,47.38023846
2974.14252794497,48.2801500699978
2975.65499570078,46.34412903
2978.67993121238,45.71833175
2980.19239896818,46.30915691
2981.70486672399,49.21215295
2983.21733447979,50.6668397
2984.7298022356,50.67274367
2986.2422699914,50.52130021
2987.75473774721,47.56169558
2989.26720550301,45.34040939
2990.77967325881,42.4153458199951
2992.29214101462,38.07757744
2993.80460877042,36.74093337
2995.31707652623,37.80598494
2996.82954428203,38.58576844
2997.58577815993,39.2857145900014
2998.34201203783,40.52995686
2999.09824591574,41.01365063
2999.85447979364,42.27163239
3001.36694754944,44.89970701
3002.87941530525,44.4345825099952
3004.39188306105,40.17458323
3005.90435081685,37.00092691
3008.92928632846,36.18664081
3011.95422184007,37.41654997
3014.97915735168,39.8386521000004
3016.49162510748,40.19896234
3018.00409286329,41.36722833
3021.02902837489,42.00603911
3024.0539638865,41.59805948
3027.07889939811,40.238050519999
3028.59136715391,39.33595139
3030.10383490972,40.34089954
3031.61630266552,42.0987612
3033.12877042133,43.7333575
3034.64123817713,44.0620973699999
3036.15370593293,43.95293518
3037.66617368874,44.61645227
3039.17864144454,45.22251126
3040.69110920034,46.46744842
3042.20357695615,47.4709849900026
3043.71604471195,49.75333421
3045.22851246776,49.56590505
3046.74098022356,49.45847789
3048.25344797936,48.30290069
3051.27838349097,45.505113659999
3054.30331900258,44.61901753
3057.32825451419,45.6411475
3060.3531900258,48.33420441
3063.3781255374,50.85000855
3064.89059329321,52.7464271799998
3066.40306104901,52.59989663
3067.91552880482,53.04395834
3069.42799656062,53.25490645
3070.18423043852,51.11442411
3070.94046431642,48.6081169799983
3071.69669819433,47.15178147
3072.45293207223,47.05529053
3073.20916595013,45.67925975
3073.96539982803,42.73671106
3074.72163370593,41.3485278400033
3075.47786758383,44.28259636
3076.23410146174,47.05936422
3076.99033533964,48.1151198
3077.74656921754,49.53610816
3078.50280309544,48.298897169997
3079.25903697334,45.69214607
3080.01527085125,42.75711731
3080.77150472915,40.91523551
3081.52773860705,41.55838461
3082.28397248495,43.421407500002
3083.04020636285,45.15953215
3083.79644024076,48.73376937
3084.55267411866,50.58349266
3085.30890799656,49.13160574
3086.06514187446,47.7592099800005
3086.82137575237,48.22772415
3087.57760963027,48.86826342
3088.33384350817,48.23688828
3089.09007738607,47.62271825
3089.84631126397,45.8366145199962
3090.60254514187,42.51320837
3091.35877901978,42.17647543
3092.11501289768,43.16626794
3092.87124677558,46.20543162
3093.62748065348,50.1179116300022
3095.13994840929,52.04280202
3096.65241616509,51.80735655
3098.16488392089,51.31764323
3099.6773516767,49.31670435
3100.4335855546,44.8466236299952
3101.1898194325,40.64132628
3101.9460533104,39.90713321
3102.70228718831,40.09495752
3103.45852106621,38.52153605
3104.21475494411,37.9812665700016
3104.97098882201,39.39379871
3105.72722269991,41.65780874
3106.48345657782,43.62925246
3107.23969045572,47.04446606
3107.99592433362,49.4692242199971
3108.75215821152,46.94012654
3109.50839208942,43.56683483
3110.26462596733,41.35506895
3111.02085984523,40.46832987
3111.77709372313,39.77747336
3112.53332760103,39.74169231
3113.28956147893,41.6244805
3114.04579535683,45.0059855
3114.80202923474,48.78990441
3116.31449699054,48.8285702699977
3117.82696474634,46.83319772
3120.85190025795,46.57486803
3123.87683576956,47.25903634
3126.90177128117,48.2394453
3129.92670679278,48.94354947
3132.95164230438,48.90679787
3135.97657781599,47.90549546
3137.4890455718,46.02812594
3138.2452794497,44.02131306
3139.0015133276,44.8770909600037
3139.7577472055,48.13929161
3140.51398108341,48.6545703
3141.27021496131,43.43991868
3142.02644883921,38.15113365
3142.78268271711,36.1516933099999
3143.53891659501,36.09447968
3144.29515047291,37.86837288
3145.05138435082,39.15744732
3145.80761822872,40.54086746
3146.56385210662,43.2250337400026
3147.32008598452,45.53464918
3148.07631986242,44.07338071
3148.83255374033,40.43800717
3149.58878761823,38.39823904
3150.34502149613,38.1954764700048
3151.10125537403,42.44814881
3152.61372312984,46.55482323
3154.12619088564,47.08402238
3157.15112639725,46.89538611
3160.17606190886,46.523266549998
3163.17771073095,44.77121507
3165.62047900467,39.99541109
3168.06324727838,38.00027208
3170.5060155521,38.72871457
3171.72739968896,39.135980530002
3172.94878382582,40.88901721
3174.17016796267,42.17788287
3175.39155209953,43.44954205
3176.61293623639,43.06635605
3177.22362830482,41.0242531099962
3177.83432037325,37.68322178
3178.44501244168,36.7859471
3179.05570451011,38.86597788
3179.66639657854,45.04960621
3180.27708864697,52.1518209100003
3181.49847278383,52.45434214
3182.71985692069,47.87131187
3183.94124105754,45.05450111
3185.1626251944,44.65880005
3186.38400933126,45.0337343799994
3187.60539346812,44.48410931
3188.21608553655,41.19716883
3188.82677760497,39.0757301
3189.4374696734,41.09615293
3190.04816174183,42.3785544200005
3190.65885381026,42.81498228
3191.26954587869,42.79774645
3191.88023794712,40.36367102
3192.49093001555,38.51002859
3193.71231415241,38.9585245900047
3194.93369828927,43.09052485
3196.15508242613,45.83387591
3197.37646656298,45.15229214
3198.59785069984,44.78137302
3199.8192348367,44.5841329300018
3201.04061897356,46.17634973
3202.26200311042,47.8930755
3203.48338724728,50.57807202
3204.70477138414,53.47899884
3205.926155521,53.7030148199985
3207.14753965785,52.38156349
3208.36892379471,50.61031681
3209.59030793157,51.89549192
3212.03307620529,53.50598457
3214.475844479,54.86429119
3216.91861275272,54.85377505
3219.36138102644,54.25369954
3220.5827651633,54.14885587
3221.80414930015,52.19713151
3223.02553343701,49.473424779997
3224.24691757387,46.86391252
3225.46830171073,46.42899078
3226.68968584759,46.72644449
3227.91106998445,49.47105684
3229.13245412131,52.7868633400004
3230.35383825817,53.14860064
3231.57522239502,51.73985061
3232.79660653188,51.7950298
3234.01799066874,52.45259752
3235.2393748056,53.0540186599984
3236.46075894246,51.69214777
3237.68214307931,47.99598585
3238.90352721617,46.60562447
3240.12491135303,45.01471863
3241.34629548989,42.0171237199968
3242.56767962675,39.17961018
3243.78906376361,37.66401978
3245.01044790047,41.64201513
3246.23183203732,46.73180896
3247.45321617418,46.186033869996
3248.67460031104,42.63875039
3249.8959844479,40.95737993
3251.11736858476,42.58845989
3252.33875272162,45.90310071
3253.56013685848,47.0727384999979
3254.78152099534,45.24754376
3256.00290513219,42.56901061
3257.22428926905,41.57272789
3258.44567340591,42.21162067
3259.66705754277,42.2266617599999
3260.88844167963,42.17158574
3262.10982581648,42.63039359
3263.33120995334,43.99089214
3264.5525940902,45.34812543
3265.77397822706,47.878768130003
3266.99536236392,50.47724631
3268.21674650078,50.06369272
3269.43813063764,45.25285707
3270.65951477449,42.36711288
3273.10228304821,40.1132509399989
3275.54505132193,39.12886707
3277.98781959565,40.84234463
3282.87335614308,42.56353318
3285.3161244168,46.69934815
3287.75889269051,49.6635974100004
3290.20166096423,50.054186
3292.64442923795,50.1101801
3295.08719751166,47.21459782
3297.52996578538,44.55602356
3299.9727340591,42.7741035400006
3302.41550233282,43.26428886
3304.85827060653,43.12590806
3307.30103888025,42.82468231
3309.74380715397,43.6524608
3310.96519129082,44.7294152499999
3312.18657542768,44.68001398
3313.40795956454,43.42948148
3314.6293437014,41.36862169
3315.85072783826,39.52326084
3317.07211197512,39.1090975900032
3317.68280404355,41.92997821
3318.29349611197,47.47959941
3318.9041881804,49.29287856
3319.51488024883,45.5446982
3320.12557231726,40.018643549997
3320.5363183315,37.39231432
3320.93873326015,38.08749797
3321.3411481888,37.92956383
3322.1459780461,38.24502642
3322.54839297475,40.3993335200021
3322.9508079034,42.20476284
3323.35322283205,41.77891849
3323.7556377607,38.70814481
3324.15805268935,37.38646463
3324.560467618,38.2738380400035
3325.3652974753,41.31227217
3326.1701273326,42.88884521
3327.7797870472,41.44668134
3329.3894467618,40.68190263
3330.9991064764,39.2665242399999
3331.8039363337,39.19779531
3332.608766191,39.94326626
3333.4135960483,41.96784497
3334.2184259056,43.06926093
3335.0232557629,43.4326938000001
3335.42567069155,43.47548843
3335.8280856202,44.09986325
3336.6329154775,44.50910833
3337.4377453348,41.6799293
3338.2425751921,38.6439176899987
3339.0474050494,37.47759676
3339.8522349067,37.76367439
3340.657064764,40.18454225
3341.4618946213,43.32179544
3342.2667244786,47.0446563900007
3343.0715543359,47.63011977
3343.8763841932,46.93121616
3344.68121405049,47.51793359
3345.48604390779,48.30105493
3346.29087376509,47.0093377899969
3347.09570362239,44.28927555
3347.90053347969,41.13137402
3348.70536333699,39.73754131
3349.51019319429,40.34752237
3350.31502305159,42.3355708000022
3351.11985290889,44.23032027
3351.92468276619,45.18227508
3352.72951262349,44.21581641
3353.13192755214,41.66445563
3353.53434248079,41.0613025800023
3353.93675740944,43.10207876
3354.33917233809,44.14399412
3354.74158726674,43.45723785
3355.14400219539,42.82183488
3355.94883205269,41.476264369996
3356.75366190999,37.97619056
3357.55849176729,34.59309065
3358.36332162459,34.27404637
3359.16815148189,36.04576921
3359.97298133919,35.2169650099968
3360.77781119649,32.36134233
3361.58264105379,31.92430744
3362.38747091109,33.92023853
3363.19230076839,37.92678732
3363.99713062569,41.0679696800007
3364.80196048299,41.64259283
3365.60679034029,40.36181105
3366.41162019758,39.18178225
3367.21645005488,41.84988137
3368.02127991218,43.4553105699996
3371.24059934138,43.11442665
3374.45991877058,41.71057135
3377.67923819978,42.22348006
3380.89855762898,43.55719374
3384.11787705818,44.4580095500011
3385.72753677278,45.41660884
3387.33719648738,46.14689945
3390.55651591658,46.45445497
3393.77583534577,47.62573984
3396.99515477497,49.1664341900023
3400.21447420417,51.17781506
3401.82413391877,51.29053537
3403.43379363337,50.01671099
3405.04345334797,48.88374885
3406.65311306257,45.7870600499955
3408.26277277717,41.78826152
3409.87243249177,38.34603565
3411.48209220637,35.39719952
3413.09175192097,32.83076685
3414.70141163556,28.8317772299999
3416.31107135016,28.76674154
3417.92073106476,32.28250163
3419.53039077936,33.83577858
3421.14005049396,31.49047548
3422.74971020856,27.8849700300005
3424.35936992316,28.28912068
3425.96902963776,29.58445919
3426.77385949506,32.16326423
3427.57868935236,35.55674508
3428.38351920966,37.44393447
3429.18834906696,37.40763817
3430.79800878156,37.42528593
3431.60283863886,36.60622412
3432.40766849616,35.19860118
3433.21249835346,35.2448644500027
3434.01732821076,37.63852766
3434.82215806806,38.52446601
3435.62698792536,37.18567498
3436.43181778266,35.32064622
3436.83423271131,33.8908764899985
3437.23664763996,32.56993299
3437.63906256861,33.74823087
3438.04147749726,36.34163838
3438.44389242591,38.19742955
3438.84630735456,39.3672002700006
3439.24872228321,39.9135331
3439.65113721186,40.71189244
3440.45596706916,44.57116368
3440.8583819978,45.30420006
3441.26079692645,42.8811838999991
3441.6632118551,42.09078735
3442.06562678375,38.23786659
3442.4680417124,33.77188491
3442.87045664105,31.93113882
3443.2728715697,30.7685434100002
3443.67528649835,30.91619643
3444.077701427,34.83521278
3444.48011635565,39.87357662
3445.28494621295,40.40684176
3445.6873611416,40.4143578100022
3446.08977607025,42.31264442
3446.89460592755,47.19475058
3447.69943578485,50.11955908
3448.1018507135,47.80450271
3448.50426564215,40.227905289999
3448.9066805708,39.32546194
3449.30909549945,43.45159105
3449.7115104281,45.2821059
3450.11392535675,45.25288248
3450.91875521405,43.605316699998
3451.72358507135,41.80270349
3452.52841492865,38.4723117
3453.33324478595,37.93355595
3454.13807464325,38.00677451
3454.94290450055,36.7503548299988
3455.74773435785,35.73204127
3456.55256421515,33.99911109
3457.35739407245,34.02356307
3458.16222392975,34.37701642
3458.96705378705,34.37978421
3459.77188364435,34.3875081
3460.57671350165,34.5087238
3461.38154335895,35.75180848
3462.18637321625,37.44250679
3462.99120307354,38.0925518400011
3463.79603293084,39.05864016
3464.60086278814,36.93301568
3465.40569264544,35.61913731
3466.21052250274,36.29383457
3467.04590011099,38.4064289700019
3467.9598290788,40.05921541
3468.41679356271,42.10644755
3468.87375804662,43.41494667
3469.33072253052,43.44739942
3469.78768701443,44.503643610002
3470.24465149834,46.28217836
3470.70161598224,45.92539154
3471.15858046615,44.01219713
3471.61554495006,43.34317519
3472.52947391787,44.3381635000004
3473.44340288568,44.68457315
3474.35733185349,43.29643231
3475.27126082131,39.03885622
3477.09911875694,35.04280698
3478.92697669256,32.0843698500049
3480.75483462819,36.38612809
3482.58269256382,40.95864673
3484.41055049944,39.95351224
3486.23840843507,38.99509804
3488.0662663707,38.8310730000006
3489.89412430633,39.37586591
3491.72198224195,39.37109722
3493.54984017758,38.79728887
3495.37769811321,38.09419395
3497.20555604884,38.1568001599981
3499.03341398446,36.51674514
3499.94734295227,35.62736285
3500.86127192009,35.644773
3501.7752008879,37.57683566
3502.68912985572,38.5853544999986
3503.60305882353,37.36850803
3504.51698779134,39.08664871
3505.43091675916,41.4155245
3506.34484572697,44.10756246
3507.25877469479,47.7205054500014
3508.1727036626,48.98626173
3509.08663263041,46.40508505
3510.00056159822,44.6865247
3510.91449056604,44.14607439
3511.82841953385,43.1485315599958
3513.65627746948,39.44648184
3515.48413540511,36.90995398
3517.31199334073,36.9305971
3518.22592230855,38.29047672
3519.13985127636,39.2887927500012
3520.05378024417,40.3865964
3520.96770921199,41.7195249
3521.8816381798,42.30263475
3522.79556714761,42.23161185
3523.70949611543,41.3109735499985
3524.62342508324,39.95977862
3525.53735405106,40.56879924
3526.45128301887,42.42535721
3528.2791409545,40.53544251
3530.10699889012,37.2372631999982
3531.02092785794,35.67603674
3531.93485682575,34.9643948
3532.84878579356,33.99764135
3533.76271476138,33.81316462
3534.67664372919,34.903595760003
3535.590572697,37.4946525
3536.50450166482,41.23712002
3537.41843063263,44.25061203
3538.33235960044,45.28324487
3539.24628856826,45.3392394
3541.07414650389,45.35374783
3542.90200443951,44.11134548
3544.72986237514,40.36725431
3546.55772031077,36.40456586
3548.38557824639,36.8171532200022
3550.21343618202,38.76880239
3552.04129411765,39.78092326
3553.86915205327,40.04551488
3555.6970099889,40.53660823
3556.61093895671,40.5032348999988
3557.52486792453,39.46958956
3559.35272586016,39.30841596
3561.18058379578,39.27293137
3563.00844173141,38.29069785
3564.83629966704,35.2749657299993
3566.66415760266,34.64510205
3568.49201553829,35.14262647
3570.31987347392,32.77446569
3572.14773140954,28.79901647
3573.97558934517,26.7390605099994
3575.8034472808,26.17202105
3577.63130521643,28.06810162
3579.45916315205,29.50044569
3581.28702108768,30.84184022
3583.11487902331,32.1806571300015
3584.94273695893,33.51936425
3586.77059489456,34.85647541
3588.59845283019,35.3544377
3590.42631076581,35.71827888
3592.25416870144,37.4616333700023
3594.08202663707,39.47778303
3597.73774250833,40.57809995
3601.39345837958,39.32867478
3605.04917425083,38.06479628
3608.70489012209,39.541430740001
3614.18846392897,40.44983929
3617.84417980022,42.71908906
3621.49989567148,44.75286796
3625.15561154273,45.35856782
3626.98346947836,44.5127450499964
3628.81132741398,41.38611978
3632.31462761506,40.06999916
3633.86023430963,41.18661907
3635.40584100419,44.17302148
3638.49705439331,44.6340687399983
3641.58826778243,43.13418899
3644.67948117155,40.53914432
3650.86190794979,40.55980632
3653.95312133891,41.79272855
3655.49872803347,40.4600187799967
3657.04433472803,37.53699674
3658.58994142259,39.02581688
3660.13554811715,43.31637144
3661.68115481172,47.50048593
3663.22676150628,49.48453205
3666.3179748954,49.53124808
3667.86358158996,45.58310854
3669.40918828452,41.46793393
3672.50040167364,39.07636172
3675.59161506276,38.6625364900014
3678.68282845188,39.88837046
3681.77404184101,39.81161902
3684.86525523013,37.80518479
3687.95646861925,35.2475974
3691.04768200837,34.3510796000008
3694.13889539749,35.07315243
3697.23010878661,35.04619255
3700.32132217573,35.08125162
3703.41253556485,35.42766659
3707.51784,38.1488684600052
3713.34984,42.72773649
3719.18184,42.25889679
3725.01384,39.04540366
3730.84584,38.54921633
3736.67784,38.7518595399971
3742.50984,36.21448964
3748.34184,37.84873825
3754.17384,40.71864498
3757.08984,39.14599625
3760.00584,38.7171435200047
3765.74842758621,42.85026579
3771.33877241379,46.31326803
3776.92911724138,46.34704386
3782.51946206896,45.96610292
3788.10980689655,44.6261522799967
3793.70015172414,41.67931835
3799.29049655172,41.3325658
3804.88084137931,44.5520251
3807.67601379311,47.73891413
3810.4711862069,47.6193483399969
3813.26635862068,44.88264179
3816.06153103448,42.17004268
3818.85670344828,39.85627965
3821.65187586207,36.87387887
3824.44704827586,36.82712378
3827.24222068965,36.81328883
3832.83256551724,37.41101697
3838.42291034483,37.96113409
3844.01325517241,39.37697926
3849.6036,38.6734186499994
3855.19394482759,38.12156436
3866.37463448276,41.57468115
3877.55532413793,44.11054789
3888.7360137931,44.74940008
3899.91670344828,44.07905016
3911.09739310345,44.09693279
3922.27808275862,45.2007225
3929.2660137931,45.37567845
3932.0611862069,44.78411893
3936.25394482758,45.6519437400007
3941.84428965517,46.23541432
3950.22980689655,44.24456243
3961.41049655172,42.22095265
3970.19880742459,40.84186396
3977.10739211137,40.9562108799997
3984.01597679814,40.68289958
3990.92456148492,39.80938107
3994.37885382831,40.00192041
3997.83314617169,40.6754991
3999.56029234339,42.1606309000043
4001.28743851508,45.90214268
4003.01458468678,48.37136222
4004.74173085847,46.42367337
4006.46887703016,41.60852413
4008.19602320186,40.4755805100006
4009.92316937355,41.03527759
4011.65031554524,41.77796748
4013.37746171694,43.12015971
4015.10460788863,44.49365511
4016.83175406032,44.3020227099985
4018.55890023202,42.94033669
4020.28604640371,42.97436271
4022.01319257541,43.4796434
4023.7403387471,39.83651937
4025.46748491879,36.8645953000014
4027.19463109049,38.11800136
4028.92177726218,39.45099113
4032.37606960557,40.7725427
4035.83036194896,41.69735274
4039.28465429234,42.8570564200026
4042.59197540984,45.12755056
4044.19019945355,44.29106229
4045.78842349727,42.27123317
4047.38664754098,43.72782154
4048.9848715847,45.9485647299992
4050.58309562841,45.21279652
4052.18131967213,43.81678843
4053.77954371585,42.36130891
4055.37776775956,45.12522761
4056.97599180328,45.9272666899978
4058.57421584699,43.94746438
4060.17243989071,43.69769095
4061.77066393443,43.95479082
4064.96711202186,42.42679041
4068.16356010929,40.4364308799993
4071.36000819672,39.85801853
4074.55645628415,39.88297863
4077.75290437158,39.86160346
4080.94935245902,41.08892786
4082.54757650273,40.9758565899984
4084.14580054645,39.57857363
4085.74402459016,40.37744975
4087.34224863388,44.08155533
4092.13692076503,48.40495524
4098.52981693989,48.7105056099958
4101.72626502732,45.02000202
4104.92271311475,43.41954561
4108.11916120218,44.29178663
4108.91827322405,47.56551867
4109.7173852459,48.9133876899994
4111.31560928962,48.37180691
4114.51205737705,50.07559369
4117.70850546448,52.58009178
4120.90495355191,52.01876798
4124.10140163934,47.5400407999985
4125.69962568306,46.17486954
4128.89607377049,44.81451311
4132.09252185792,45.71316413
4138.48541803279,51.51455072
4141.68186612022,55.4776196600015
4144.87831420765,56.8309139
4146.47653825137,51.91258079
4149.6729863388,48.31239359
4152.86943442623,49.37451488
4156.06588251366,53.9119278300032
4159.43085,56.73195228
4161.20835,51.77750557
4162.98585,46.24267671
4164.76335,45.56450843
4166.54085,47.0850592100035
4169.2071,50.21044682
4171.87335,51.35504826
4173.65085,47.07116777
4175.42835,43.84651383
4177.20585,43.8431862000033
4178.98335,46.75420795
4180.76085,47.22828428
4182.53835,38.46003311
4183.4271,38.3919870392857
4184.31585,38.3239409685714
4185.2046,38.2558948978572
4186.09335,38.1878488271429
4186.9821,38.1198027564286
4187.87085,38.0517566857143
4188.7596,37.983710615
4189.64835,37.9156645442857
4190.5371,37.8476184735714
4192.3146,37.7795724028571
4194.0921,37.7115263321428
4195.8696,37.6434802614285
4197.6471,37.5754341907143
4198.53585,37.50738812
4199.4246,49.07688563
4200.31335,53.11571122
4201.2021,53.1858734800002
4202.09085,53.32155948
4203.86835,53.70084833
4205.64585,54.80503319
4207.42335,53.80567949
4210.97835,49.7518474199962
4214.53335,46.40720052
4218.08835,45.2478732
4221.64335,46.36918336
4228.75335,49.09381815
4233.75815938303,52.0428052399984
4236.24453470437,50.63352589
4238.73091002571,46.05647634
4239.97409768637,43.938755
4241.21728534704,49.21877994
4246.19003598972,53.7210835399991
4248.67641131105,52.89486802
4251.16278663239,52.72465459
4253.64916195373,55.4906523
4256.13553727506,55.94033213
4258.6219125964,56.1912895800036
4261.10828791774,59.3582853
4263.59466323907,59.92870866
4266.08103856041,57.25306326
4268.56741388175,54.91286212
4271.05378920308,54.3784281700008
4273.54016452442,55.05932798
4276.02653984576,54.57219415
4278.5129151671,53.20756147
4280.99929048843,54.03348101
4283.48566580977,54.9137190199966
4285.97204113111,51.95524204
4288.45841645244,49.60508977
4290.94479177378,49.08324787
4293.43116709512,46.02793858
4295.91754241645,43.1415891999997
4298.40391773779,42.86668563
4300.89029305913,42.90265361
4303.37666838046,47.11739776
4305.8630437018,51.92938289
4308.34941902314,52.8335132299972
4310.83579434447,50.40223247
4313.32216966581,48.07376023
4315.80854498715,45.08170947
4318.29492030848,42.77947132
4320.78129562982,44.0114417800043
4323.26767095116,47.78697244
4324.51085861183,51.12488055
4325.75404627249,51.09043608
4326.99723393316,46.75838012
4328.24042159383,41.8912004499984
4329.4836092545,40.50492964
4330.72679691517,41.6145992
4331.96998457584,48.40709805
4333.2131722365,53.69180372
4334.45635989717,53.3222805299954
4335.07795372751,49.28921761
4335.69954755784,45.81435155
4336.32114138818,44.63804615
4336.94273521851,45.012619
4337.56432904884,48.6074529300046
4338.18592287918,52.6347356
4338.80751670951,54.03112945
4339.42911053985,55.30814772
4340.05070437018,56.28647391
4340.67229820051,54.2432889499955
4341.29389203085,50.32024256
4341.91548586118,48.1023222
4342.53707969152,47.16140928
4343.15867352185,46.62943357
4343.78026735218,45.5534023299978
4344.40186118252,43.60494941
4345.02345501285,42.03655976
4345.64504884319,42.06193642
4346.26664267352,42.97852167
4346.88823650386,42.9196350400002
4347.50983033419,43.05221607
4348.13142416452,47.03992092
4348.75301799486,53.04446725
4349.37461182519,56.15391407
4349.99620565553,58.1225784300004
4350.61779948586,58.46274133
4351.23939331619,57.57431078
4351.86098714653,55.41106683
4352.48258097686,51.09033025
4353.1041748072,48.8661675299987
4353.72576863753,47.7678708
4354.34736246787,47.13198034
4354.65815938303,48.13515883
4354.9689562982,52.43011653
4355.27975321337,54.4203614999973
4355.59055012854,52.09173496
4356.21214395887,50.71377987
4356.8337377892,51.34749028
4357.14453470437,53.29364035
4357.45533161954,52.4364433099969
4358.07692544987,49.74467437
4358.6985192802,48.27069275
4359.32011311054,48.9713468
4359.63091002571,53.69153015
4359.94170694087,56.8984761499971
4360.25250385604,54.32780324
4360.56330077121,51.53900941
4361.18489460154,51.14970375
4361.80648843188,53.66100342
4362.42808226221,51.7411979899967
4363.04967609254,48.85259317
4363.67126992288,52.99499751
4364.29286375321,59.32231945
4364.91445758355,63.00938406
4365.53605141388,61.5673637799986
4366.77923907455,60.32835516
4368.02242673522,63.18296009
4369.26561439589,67.11760503
4370.50880205655,69.23773068
4372.99517737789,69.6110507999993
4376.02144262295,69.0271753
4379.37860814384,68.28931421
4381.05719090428,67.72803388
4382.73577366473,68.58362731
4386.09293918562,70.5264970999953
4389.45010470651,66.35844653
4392.80727022739,61.14628604
4394.48585298783,60.00621202
4396.16443574828,60.41265653
4399.52160126917,56.7261408099912
4401.20018402961,48.95182861
4402.87876679006,47.844075
4404.5573495505,51.0355423
4406.23593231095,52.664414
4409.59309783183,48.5725588099966
4412.95026335272,45.58524778
4416.30742887361,45.4914171
4419.6645943945,49.05860182
4423.02175991539,55.43624035
4426.37892543628,58.6913405999992
4429.73609095717,57.98448763
4433.09325647805,58.95319888
4436.45042199894,60.81442908
4439.80758751983,61.68398523
4443.16475304072,61.6703436500027
4446.52191856161,64.01780266
4449.8790840825,65.50077625
4453.23624960338,67.58368275
4456.59341512427,67.73579553
4458.27199788472,66.420464439998
4459.95058064516,64.62886317
4461.62916340561,63.435598
4463.30774616605,56.60529828
4464.98632892649,47.07030087
4466.66491168694,43.13608258
4468.34349444738,43.11247383
4470.02207720783,44.92170322
4472.53995134849,49.03952922
4473.37924272872,55.65539278
4474.21853410894,58.5229107599956
4475.89711686938,54.63160103
4478.41499101005,51.45006762
4483.45073929138,53.90322219
4490.16507033316,57.26676044
4496.87940137493,59.4464736000024
4503.59373241671,61.53310894
4510.30806345849,64.64240686
4517.02239450027,64.75103561
4520.37956002115,59.42512257
4523.73672554204,56.5994891599984
4527.09389106293,55.18835866
4530.45105658382,51.45642533
4533.80822210471,48.35718125
4535.48680486515,46.59466098
4537.1653876256,43.9601524900001
4538.84397038604,44.06524236
4540.52255314648,46.73752205
4542.20113590693,46.45384291
4543.87971866737,45.16913781
4544.71901004759,48.9985348500058
4545.55830142782,54.12698519
4546.39759280804,56.81429388
4547.23688418826,56.06587987
4548.07617556848,52.81914288
4548.91546694871,46.5883491799931
4549.75475832893,40.53361437
4550.59404970915,38.07542203
4551.43334108937,37.23543232
4552.27263246959,36.75497524
4553.11192384982,36.0061490800004
4553.95121523004,36.38091016
4554.79050661026,39.70597819
4555.62979799048,40.19781429
4556.4690893707,38.96091125
4557.30838075093,39.1814984700008
4558.98696351137,39.88404411
4560.66554627181,40.53428853
4562.34412903226,40.94692325
4564.0227117927,41.26189661
4565.70129455315,41.697920500001
4567.37987731359,42.58469914
4569.05846007404,44.33888593
4570.73704283448,47.43127078
4571.5763342147,51.17108064
4572.41562559492,53.1893812699986
4572.83527128504,51.94005596
4573.25491697515,50.56404419
4573.67456266526,51.057366
4574.09420835537,53.6092041
4575.77279111581,54.1894877900015
4577.45137387626,55.47793337
4579.1299566367,56.85236785
4580.80853939714,54.79720283
4582.48712215759,51.66354291
4583.32641353781,49.5677688999993
4584.16570491803,48.94726561
4587.52287043892,48.22209985
4590.88003595981,47.20633137
4594.2372014807,44.60788508
4597.59436700159,40.6383501099963
4600.95153252248,37.35308735
4602.63011528292,40.50152778
4604.30869804336,41.78296762
4605.98728080381,39.07501054
4609.3444463247,37.5346473100021
4611.02302908514,39.40532733
4612.70161184558,39.86140761
4614.38019460603,36.54521355
4616.05877736647,33.84378237
4617.73736012692,34.9841469700028
4619.41594288736,37.46150564
4621.09452564781,39.62936659
4622.77310840825,39.46258775
4624.45169116869,37.92958918
4626.13027392914,35.4251036899991
4627.80885668958,34.60820896
4628.6481480698,33.36942522
4629.48743945003,33.2457023
4630.32673083025,35.67999495
4631.16602221047,39.2429296600002
4632.00531359069,39.45366259
4632.84460497092,36.45584782
4633.68389635114,35.67633705
4634.52318773136,36.56783468
4634.94283342147,41.15047634
4635.36247911158,41.14395786
4635.78212480169,37.81294974
4636.2017704918,37.92409458
4636.62141618192,41.49971332
4637.04106187203,46.0159594200029
4637.46070756214,48.57569624
4637.88035325225,48.93780568
4638.29999894236,48.46620208
4638.71964463247,46.48861774
4639.13929032258,45.1208616699987
4639.55893601269,43.98184144
4639.9785817028,42.4518419
4640.39822739291,43.40610122
4640.81787308303,46.8690744
4641.23751877314,45.4780388999936
4641.65716446325,39.80731684
4642.07681015336,36.68671782
4642.49645584347,36.26322392
4642.91610153358,35.62932831
4643.33574722369,34.9110427399993
4643.7553929138,34.2967258
4644.59468429402,36.14863193
4646.27326705447,38.72715252
4647.95184981491,41.38370272
4648.79114119514,44.4113922100018
4649.63043257536,46.01509732
4650.46972395558,44.63099744
4651.3090153358,43.38309042
4652.14830671603,41.65388643
4652.98759809625,38.4460991599998
4653.82688947647,38.24501557
4654.66618085669,41.62665809
4655.50547223691,43.46358536
4656.34476361713,42.105145
4657.18405499736,40.9474630999991
4658.02334637758,40.19254182
4658.44299206769,40.47393887
4658.8626377578,42.02270748
4659.28228344791,40.37184324
4659.70192913802,37.5409551799967
4660.12157482813,34.63091945
4660.54122051824,33.85073656
4660.96086620836,34.0702876
4661.38051189847,38.49785837
4662.21980327869,40.6441438499996
4663.05909465891,40.29052961
4663.89838603913,44.54600789
4664.73767741936,45.44507239
4665.57696879958,46.88342238
4666.4162601798,47.0394809499965
4667.25555156002,43.95587548
4668.09484294024,41.6388691
4668.51448863036,40.10012131
4668.93413432047,35.62781549
4669.35378001058,33.7573564000024
4669.77342570069,35.90873365
4670.61271708091,37.73745779
4671.45200846113,34.49929841
4673.13059122158,31.60974182
4673.9698826018,31.8521804500026
4674.80917398202,34.1633948
4676.48775674246,36.3962211
4678.16633950291,38.76572725
4679.84492226335,40.99355509
4681.5235050238,38.4098179499951
4683.20208778424,34.08236973
4684.88067054469,35.2094889
4686.55925330513,38.83988501
4688.23783606557,42.12206937
4689.91641882602,42.9315199799985
4691.58767176187,41.65617975
4693.21389863234,43.20775594
4694.84012550282,43.20604275
4696.46635237329,40.50574491
4698.09257924377,43.1171353800019
4699.71880611424,44.76101615
4701.34503298472,42.78209216
4702.97125985519,42.31387689
4704.59748672566,41.88866274
4705.4106001609,38.9845765999969
4706.22371359614,36.29777468
4707.03682703138,33.99092435
4707.84994046661,35.18223693
4709.47616733709,39.96497376
4711.10239420756,41.0799262499984
4714.35484794851,39.71315334
4717.60730168946,39.22235545
4720.85975543041,39.36158584
4724.11220917136,38.67794207
4727.36466291231,39.7525135400056
4728.99088978278,44.64873901
4730.61711665326,44.86073756
4732.24334352374,40.681966
4733.86957039421,37.51737099
4735.49579726468,36.8829729200002
4737.12202413516,37.04059076
4738.74825100563,38.5506796
4740.37447787611,41.35437657
4743.62693161706,44.1182736
4746.87938535801,43.2623027399975
4748.50561222848,41.09112725
4750.13183909896,42.66461571
4751.75806596943,45.37326482
4753.3842928399,48.7047479
4755.01051971038,49.3478068099962
4756.63674658085,45.98987508
4758.26297345133,43.07881765
4759.8892003218,44.23454913
4761.51542719228,48.80018567
4763.14165406275,50.8456271099983
4764.76788093323,49.30645868
4766.3941078037,45.52544647
4768.02033467418,42.92046291
4769.64656154465,42.35180516
4771.27278841513,39.7368062399989
4772.8990152856,38.74052972
4776.15146902655,42.16197053
4779.4039227675,45.31512841
4782.65637650845,45.92101447
4785.9088302494,45.7419580799982
4789.16128399035,44.20025524
4792.4137377313,42.33059475
4795.66619147225,43.54378164
4798.9186452132,45.40520578
4802.17109895414,45.9785520599995
4805.42355269509,45.56201694
4807.04977956557,43.47450887
4808.67600643604,38.80149901
4810.30223330652,35.70974526
4811.92846017699,38.7458206000002
4813.55468704746,38.92351227
4815.18091391794,35.14903159
4816.80714078841,33.80595467
4818.43336765889,33.17541264
4821.68582139984,33.8146351200043
4824.93827514079,37.57362585
4828.19072888174,40.48404296
4831.44318262269,41.71270248
4833.06940949317,46.36847797
4834.69563636364,49.7575785400022
4837.94809010459,51.71887984
4841.20054384553,54.4152237
4844.45299758649,56.62682947
4847.70545132744,56.65624746
4854.21035880933,54.8212455999995
4860.71526629123,54.42259821
4867.22017377313,51.23071098
4870.47262751408,47.45910312
4873.72508125503,45.3118327
4880.22998873693,43.2784987499983
4886.73489621883,41.77646931
4893.23980370072,39.522507
4896.03845531197,38.62002638
4898.79764586847,41.28852618
4900.17724114671,44.9670081400044
4901.55683642496,48.83171478
4902.9364317032,57.2063474
4904.31602698145,65.690312
4905.6956222597,68.19687735
4907.07521753794,60.3161126199891
4908.45481281619,50.7680439
4909.83440809444,47.04904349
4912.59359865093,47.31841364
4915.35278920742,48.06132418
4916.73238448567,45.9874488100013
4918.11197976391,47.17178333
4919.49157504216,48.45705529
4921.56096795953,48.14880791
4922.25076559865,46.10593047
4922.94056323777,42.99607697
4923.6303608769,43.00277911
4924.32015851602,44.82531536
4925.00995615514,43.47423586
4925.69975379427,38.5503295
4926.38955143339,35.7076395800003
4927.76914671164,35.99560639
4929.14874198988,36.52643884
4931.90793254637,37.40455192
4934.66712310287,42.15463032
4937.42631365936,45.9303372399996
4940.18550421585,45.59498798
4942.94469477235,44.453661
4945.70388532884,44.56599789
4948.46307588533,48.59179013
4951.22226644182,52.9391329100018
4953.98145699831,54.56177509
4956.74064755481,54.60926074
4962.25902866779,49.3127348
4967.77740978078,46.37818767
4968.4672074199,47.2096280800007
4969.15700505902,47.78408302
4969.84680269815,46.3883154
4970.53660033727,43.8754387
4971.22639797639,40.58266504
4971.91619561552,39.8499564499988
4972.60599325464,38.82167397
4973.29579089376,38.77661009
4973.98558853288,41.54848301
4974.67538617201,46.19028614
4975.38927559055,50.856500710003
4976.38022047244,53.52011964
4978.36211023622,53.54607487
4980.344,52.72765929
4982.32588976378,50.45688016
4984.30777952756,49.9487584299994
4985.29872440945,49.43174767
4986.28966929134,48.46330779
4987.28061417323,48.90402415
4988.27155905512,50.25413574
4989.26250393701,51.376421349999
4990.2534488189,50.49861589
4992.23533858268,52.29356093
4994.21722834646,54.30256591
4996.19911811024,54.99457011
4998.18100787402,54.8532879399985
5000.1628976378,53.52479918
5004.12667716535,49.90862186
5006.10856692913,44.20257853
5008.09045669291,40.39368444
5012.05423622047,41.3425205300016
5014.03612598425,42.73434496
5016.01801574803,43.37411942
5019.98179527559,44.73876143
5021.96368503937,46.80607768
5023.94557480315,48.4178384499983
5025.92746456693,46.94598366
5026.91840944882,45.66284444
5027.90935433071,45.34426993
5029.89124409449,46.13860836
5031.87313385827,48.9958403000008
5032.86407874016,49.69077716
5033.85502362205,46.28651003
5034.84596850394,47.6286774
5035.83691338583,52.06731613
5037.81880314961,52.0714188599952
5039.80069291339,47.8663484
5041.78258267717,46.52668087
5043.76447244094,50.67354195
5045.74636220473,56.11860959
5047.7282519685,55.4427450599962
5049.71014173228,52.09573577
5051.69203149606,53.19260026
5052.68297637795,56.86471667
5053.67392125984,59.37532134
5054.66486614173,58.3668050000008
5055.65581102362,59.09883886
5056.64675590551,62.3316698
5057.6377007874,63.35246925
5058.62864566929,60.93465876
5059.61959055118,58.2867786699989
5060.61053543307,57.32427827
5061.60148031496,58.04840035
5062.59242519685,57.80233638
5063.58337007874,55.79196778
5065.56525984252,57.0700697000024
5067.5471496063,59.21068012
5069.52903937008,57.81653652
5071.51092913386,56.20702509
5073.49281889764,58.61404575
5075.47470866142,60.4011732199994
5077.4565984252,59.84405834
5079.43848818898,55.69737385
5081.42037795276,49.58562727
5083.40226771653,45.08337331
5085.38415748032,43.6007972300006
5087.3660472441,44.13297406
5089.34793700787,44.89059979
5091.32982677165,46.0183074
5093.31171653543,45.69954217
5095.29360629921,45.8462438500023
5097.27549606299,47.85944456
5099.25738582677,49.8501323
5100.24833070866,50.2380299
5101.23927559055,47.95535094
5102.23022047244,41.6469582999925
5103.22116535433,35.09329808
5104.21211023622,32.49821376
5105.20305511811,33.1142112
5106.194,34.79547907
5107.18494488189,36.2495522400007
5108.17588976378,36.89396553
5109.16683464567,35.04169224
5110.15777952756,32.35368594
5111.14872440945,30.97605
5112.13966929134,28.3795428900002
5113.13061417323,28.53667802
5114.12155905512,31.22953677
5115.11250393701,33.64723767
5117.09439370079,35.5474158
5119.07628346457,36.2736928800005
5121.05817322835,36.73332165
5123.04006299213,36.65741131
5125.02195275591,35.22300918
5127.00384251969,34.45934049
5128.98573228347,33.7077688599981
5130.96762204724,32.01156813
5132.94951181102,32.36506345
5134.9314015748,32.60163929
5136.91329133858,34.69443575
5138.89518110236,39.1317410200062
5140.87707086614,44.58275069
5142.85896062992,48.01707959
5144.8408503937,48.38684785
5146.82274015748,43.13931199
5148.80462992126,40.6048952100027
5150.78651968504,42.97651904
5152.81683902439,46.78136656
5154.8744,46.04377711
5156.93196097561,43.47813509
5158.98952195122,42.545062409999
5161.04708292683,41.67449455
5163.10464390244,42.2675086
5165.16220487805,43.49453691
5167.21976585366,42.79193955
5168.24854634146,41.2152601799999
5169.27732682927,41.15492228
5170.30610731707,39.98914154
5171.33488780488,39.87550889
5172.36366829268,41.73132572
5173.39244878049,42.176355929999
5174.42122926829,41.32726229
5175.4500097561,40.02679273
5176.4787902439,39.22547418
5177.50757073171,39.72296841
5178.53635121951,41.8790152199982
5179.56513170732,40.29051269
5181.62269268293,38.08875745
5183.68025365854,38.74113048
5185.73781463415,42.42664278
5187.79537560976,45.6474865500023
5188.82415609756,47.62588035
5189.85293658536,47.78344599
5190.88171707317,47.11558641
5191.91049756097,45.61026755
5196.02561951219,42.7972637999995
5200.14074146341,42.36736811
5204.25586341463,40.85926781
5208.37098536585,39.85406238
5212.48610731707,42.68703146
5216.60122926829,46.5726537800009
5220.71635121951,47.35837363
5224.83147317073,44.73956931
5228.94659512195,42.86474718
5233.06171707317,41.96760674
5237.17683902439,39.1467641199994
5241.29196097561,38.6588237
5245.40708292683,39.92500631
5249.52220487805,40.74626666
5253.63732682927,41.34742538
5257.75244878049,42.8614734699992
5261.86757073171,42.15927167
5265.98269268293,40.48546894
5270.09781463415,41.24970778
5274.21293658536,43.07108469
5278.32805853658,41.8728786099985
5282.4431804878,40.54293103
5286.55830243902,37.4527146
5290.67342439024,33.13867856
5294.78854634146,33.38018512
5298.90366829268,37.9941510900073
5300.96122926829,44.37646672
5303.0187902439,45.83522762
5305.07635121951,42.60606531
5307.13391219512,41.60263537
5309.19147317073,43.9932719600001
5311.24903414634,44.11565031
5313.30659512195,42.80628069
5314.33537560976,41.40498355
5315.36415609756,39.88504365
5316.39293658536,39.2780602099993
5317.42171707317,38.62073722
5318.45049756097,36.81711875
5319.47927804878,36.93551724
5320.50805853658,34.62883747
5321.53683902439,35.1957876000053
5322.56561951219,39.82097213
5323.5944,41.63467522
5325.65196097561,40.26161902
5327.70952195122,39.19752351
5329.76708292683,40.1467243800026
5331.82464390244,42.39487605
5333.88220487805,43.58005831
5335.93976585366,43.46796778
5337.99732682927,45.86573326
5340.05488780488,49.5693621699998
5342.11244878049,49.42532036
5344.1700097561,49.17246035
5346.22757073171,50.17108391
5348.28513170732,49.1301876
5350.34269268293,48.324709459998
5352.40025365854,46.56798248
5353.42903414634,46.66282732
5354.45781463415,51.19607892
5355.48659512195,52.61111219
5356.51537560975,50.6685774199985
5357.54415609756,49.36753852
5358.57293658536,47.18109727
5359.60171707317,42.94049348
5360.63049756097,41.68850397
5361.65927804878,43.4123530300027
5362.72580246914,45.83276092
5363.88938271605,46.63335118
5365.05296296296,44.83359898
5366.21654320988,42.60832163
5367.38012345679,41.0948174499993
5368.5437037037,40.51887091
5369.70728395062,41.56334356
5370.87086419753,41.74750873
5372.03444444444,41.10210957
5373.19802469136,41.9408775000025
5374.36160493827,44.14485436
5375.52518518518,44.32861045
5376.6887654321,43.5511746
5377.85234567901,42.85643572
5379.01592592592,41.0861425099979
5380.17950617284,39.25918359
5381.34308641975,37.4570436
5382.50666666667,36.25489995
5383.67024691358,38.0627665
5384.83382716049,42.1784965200016
5385.99740740741,43.61448013
5387.16098765432,40.58117717
5388.32456790124,38.68207668
5389.48814814815,40.68429963
5390.65172839506,40.961746059998
5391.81530864198,39.22153617
5392.97888888889,39.54853581
5394.1424691358,41.21317536
5395.30604938272,41.75838822
5396.46962962963,44.0749910500027
5397.63320987654,46.43833873
5398.79679012346,46.72314005
5399.96037037037,48.13097231
5401.12395061728,50.54523376
5402.2875308642,49.9826812699951
5403.45111111111,45.63241628
5404.61469135802,44.69389963
5405.77827160494,48.31983503
5406.94185185185,50.15105409
5408.10543209876,48.2425629999982
5409.26901234568,46.64578739
5410.43259259259,46.54745689
5411.59617283951,45.22278569
5412.75975308642,43.99130505
5413.92333333333,46.0925520100025
5415.08691358025,48.31463035
5416.25049382716,49.11611703
5418.57765432099,48.31795812
5420.90481481481,48.8361834
5425.55913580247,50.5506894300015
5430.21345679012,51.90162232
5434.86777777778,53.60295948
5437.1949382716,57.4903877
5439.46509046455,60.4457157
5441.71521271394,62.2861898099984
5443.96533496333,60.89762139
5446.21545721271,56.53316114
5448.4655794621,52.85521635
5452.96582396088,53.63551191
5457.46606845966,56.7871089800014
5461.96631295844,58.03426497
5466.46655745721,55.61911298
5470.96680195599,52.69938998
5475.46704645477,51.35772693
5479.96729095355,51.8144749300016
5484.46753545232,53.18941639
5488.9677799511,53.4957919
5493.46802444988,55.13590553
5497.96826894866,57.00702609
5502.46851344743,58.5767497999982
5506.96875794621,57.00909484
5511.46900244499,53.41096726
5515.96924694377,49.92821287
5520.46949144254,48.55599417
5524.96973594132,47.7671146699997
5527.21985819071,47.5454103
5529.4699804401,47.23346775
5530.63917322835,45.86933452
5531.82913385827,40.5435584
5533.01909448819,37.4839802300028
5534.20905511811,39.98890993
5535.39901574803,44.45718287
5536.58897637795,46.31620367
5537.77893700788,46.6169847
5538.9688976378,45.9318201499985
5540.15885826772,44.59423366
5541.34881889764,45.67259036
5542.53877952756,44.74189556
5543.72874015748,42.43421577
5544.9187007874,43.2482061200014
5546.10866141732,44.45178394
5547.29862204724,42.62595074
5548.48858267717,40.70273168
5549.67854330709,38.7012229
5550.86850393701,38.4193101299982
5553.24842519685,36.80586701
5555.62834645669,34.74954517
5556.81830708661,34.20835658
5558.00826771654,35.24526766
5559.19822834646,39.0606395000032
5560.38818897638,41.89761012
5561.5781496063,40.82571307
5565.14803149606,36.78216108
5569.90787401575,34.32473546
5574.66771653543,37.5863401400029
5579.42755905512,40.11413054
5580.61751968504,38.06074744
5581.80748031496,39.81948561
5584.1874015748,42.45558885
5586.56732283464,41.4826384700011
5591.12027924845,42.49270306
5593.98486759543,44.95233862
5595.89459316009,48.14630655
5597.80431872475,50.04623622
5598.75918150708,48.4745370299932
5599.7140442894,42.46065041
5600.66890707173,40.34067519
5601.62376985406,42.47253771
5603.53349541872,44.74013259
5605.44322098337,44.3531882999977
5607.35294654803,42.29919413
5609.26267211269,42.38640396
5611.17239767735,43.39542484
5613.082123242,43.93867117
5615.94671158899,43.7902050399989
5619.7661627183,42.78614813
5621.67588828296,40.1813579
5625.49533941227,36.94391913
5627.40506497693,37.33147384
5631.22451610624,40.1770700199993
5635.04396723555,39.58098461
5638.86341836487,37.61919457
5640.77314392953,39.2190326
5642.68286949418,37.45999067
5644.59259505884,36.0513690900008
5646.50232062349,36.76919959
5648.41204618815,36.15153942
5649.36690897048,33.44734297
5651.27663453514,32.51560925
5652.23149731747,33.4622004300025
5653.18636009979,35.64848295
5654.14122288212,38.58547512
5655.09608566445,38.53502432
5656.05094844678,38.90459652
5657.96067401144,40.6214908700004
5660.82526235842,40.9916292
5662.73498792308,38.74077947
5664.64471348774,36.50142739
5666.55443905239,35.93799839
5668.46416461705,35.5893071399986
5670.37389018171,34.38371463
5672.28361574636,34.45165032
5674.19334131102,38.12777736
5676.10306687567,42.06419499
5678.01279244033,42.2016779899986
5679.92251800499,40.96994527
5681.83224356965,40.95901203
5682.30967496081,40.72620104
5682.78710635197,40.38333247
5683.02582204756,40.36493958
5683.26453774314,40.36629062
5683.7419691343,40.36663424
5684.21940052547,40.37317054
5684.69683191663,40.65927594
5685.17426330779,43.5432589800033
5685.65169469896,46.43447959
5686.12912609012,45.60332528
5686.60655748129,41.94710795
5686.84527317687,37.03052434
5687.08398887245,38.4085549400072
5687.32270456804,44.7452831
5687.56142026362,49.60565733
5687.8001359592,50.37331674
5688.03885165478,46.85974568
5688.27756735036,42.4808900200011
5688.51628304594,43.4224388
5689.47114582827,46.58800389
5690.4260086106,48.57919172
5691.38087139293,49.458462
5692.33573417526,46.6105508299969
5693.29059695759,43.8664212
5694.24545973991,44.90683128
5695.20032252224,44.81876748
5696.15518530457,44.13275192
5697.1100480869,43.9547276299986
5698.06491086923,42.71005149
5699.97463643388,43.15784701
5701.88436199854,45.04789874
5703.7940875632,45.8839886
5705.70381312786,45.1475120899994
5707.61353869252,44.65381414
5709.52326425717,44.29280229
5711.43298982183,42.91372432
5713.34271538648,42.35389046
5715.25244095114,41.3241068799989
5717.1621665158,40.34048957
5719.07189208045,42.02534385
5720.98161764511,43.39246991
5722.89134320977,42.73615837
5724.80106877442,42.876062499999
5726.71079433908,41.95556566
5728.62051990374,40.30083168
5730.53024546839,40.86340829
5732.43997103305,43.46233828
5734.34969659771,44.6978342400006
5736.25942216236,45.18679717
5738.16914772702,46.06339394
5740.07887329168,46.39566747
5741.03373607401,45.95126281
5741.98859885633,43.1109974699979
5742.94346163866,41.23982086
5743.89832442099,40.44338542
5744.85318720332,38.27022075
5745.80804998565,35.40644381
5747.71777555031,35.8954220100048
5749.62750111496,40.1555424
5751.53722667962,40.42665164
5753.44695224428,38.8103372
5755.35667780893,36.13499759
5759.17612893824,36.5542502800029
5762.99558006756,39.08630719
5766.81503119687,40.48761047
5770.63448232619,39.72470831
5774.4539334555,41.12937464
5778.27338458481,45.9821088700007
5782.09283571413,46.63071385
5784.00256127879,42.61894334
5785.91228684344,39.18506612
5787.8220124081,35.83410953
5789.73173797275,36.5140953800015
5793.55118910207,37.8250819
5795.46091466673,39.15605256
5797.37064023138,40.48806041
5799.28036579604,41.82666405
5801.1900913607,43.2729352399992
5803.09981692535,42.5797418
5805.00954249001,40.01817433
5806.91926805466,38.50083522
5808.82899361932,37.69538291
5810.73871918398,36.312410379999
5812.64844474864,35.44508456
5814.55817031329,36.20387274
5815.51303309562,38.41940902
5816.46789587795,41.17545201
5817.42275866028,42.3900595200011
5817.90019005144,43.33663958
5818.3776214426,43.97974482
5818.85505283377,42.86563051
5819.33248422494,40.55474227
5820.28734700726,42.5942010500029
5821.24220978959,45.18085573
5822.19707257192,44.40589754
5823.15193535425,44.17328104
5824.10679813658,46.23291661
5825.06166091891,47.7580633399984
5826.01652370123,46.3475458
5827.92624926589,46.05020156
5829.83597483055,49.99064433
5831.7457003952,51.89773125
5833.65542595986,50.65278358
5835.56515152452,50.63498555
5839.38460265383,53.21428641
5841.29432821849,54.25795301
5843.20405378315,49.00526854
5845.1137793478,48.1866848700019
5847.02350491246,49.82656666
5848.93323047712,51.94607995
5850.84295604177,50.49561601
5852.75268160643,49.83756374
5854.66240717108,51.2121670699992
5855.61726995341,50.54922412
5856.57213273574,50.40347535
5857.52699551807,48.95322688
5858.4818583004,50.66326475
5860.39158386506,51.7970776499979
5861.34644664738,49.90975057
5862.30130942971,46.46777803
5863.25617221204,47.28634599
5864.21103499437,50.91651357
5866.12076055903,47.3871399099983
5867.07562334135,45.91570383
5868.03048612368,47.79234623
5869.94021168834,45.30473386
5870.4176430795,41.97705391
5870.89507447067,37.6408664499961
5871.37250586183,34.19345675
5871.849937253,35.34286248
5872.32736864416,35.55165976
5872.80480003532,34.95728136
5873.75966281765,33.1074741200009
5875.66938838231,33.87672778
5879.48883951162,37.13577242
5885.21801620559,40.47720575
5890.94719289957,42.19729681
5896.67636959353,43.6150183400023
5900.49582072285,45.60087349
5904.31527185216,44.37946799
5908.13472298148,41.25765424
5909.08958576381,35.36623308
5910.04444854613,33.7284516900008
5911.95417411079,34.4361258
5913.86389967544,36.98729386
5915.7736252401,39.96457043
5917.68335080476,42.87388294
5918.63821358709,43.2052684699985
5919.59307636942,41.88834936
5920.54793915174,39.45300078
5921.50280193407,36.46548843
5922.4576647164,35.67431416
5923.41252749873,37.5773014600026
5924.36739028106,39.88040732
5925.32225306339,44.1663312
5927.23197862804,46.37399238
5929.1417041927,42.54166818
5931.05142975736,39.0919311999968
5932.00629253968,36.30783929
5932.96115532201,35.51174959
5933.91601810434,36.23529929
5934.87088088667,39.32108918
5935.34831227783,42.7639326700042
5935.825743669,46.42669627
5936.30317506016,45.89231787
5936.78060645133,40.93741586
5937.25803784249,38.56064504
5937.73546923366,39.8465311300008
5938.21290062482,40.5386924
5938.69033201599,38.87952117
5939.64519479831,35.99103592
5940.60005758064,38.45945734
5941.55492036297,44.3693741399982
5942.5097831453,42.77994608
5944.41950870995,37.88534126
5946.32923427461,36.96868366
5950.14868540392,39.47717088
5952.05841096858,40.1055798800009
5953.96813653324,40.8595444
5955.8778620979,42.79913743
5957.78758766255,43.55935592
5959.69731322721,45.70930043
5961.60703879187,49.9610419500021
5963.51676435652,51.7891926
5965.42648992118,51.04733422
5967.33621548584,47.26624926
5969.24594105049,44.55732026
5971.15566661515,47.2232515300022
5973.06539217981,49.11409536
5974.97511774446,45.74562261
5976.88484330912,43.93584053
5978.79456887378,44.30472356
5980.70429443843,45.1937822999993
5981.65915722076,44.56837816
5982.61402000309,44.0496493
5983.56888278542,45.71638496
5984.52374556775,47.07080426
5985.47860835008,45.8944692799978
5986.4334711324,43.97578163
5987.38833391473,43.26921327
5988.34319669706,44.82490858
5988.82062808822,49.27090995
5989.29805947939,51.3751817300025
5989.77549087055,53.56762793
5990.25292226172,55.51694133
5990.73035365288,56.67523869
5991.20778504404,54.32412337
5991.68521643521,55.7032054300043
5992.16264782637,59.52544065
5992.64007921754,59.23150643
5993.1175106087,55.71154707
5993.59494199987,49.35539696
5994.07237339103,45.1726791900022
5994.5498047822,47.11164415
5995.02723617336,50.60803278
5995.50466756452,51.91326112
5995.98209895569,49.89345068
5996.45953034685,46.5930264499975
5996.93696173802,44.41724835
5997.41439312918,42.12576896
5997.89182452035,40.01029586
5998.36925591151,39.1542233
5999.32411869384,39.2259639700007
6000.27898147617,39.83613597
6001.2338442585,39.71082902
6002.18870704082,41.26004719
6003.14356982315,44.5638872
6004.57586399664,45.8352030999964
6006.4855895613,42.6337771
6008.39531512596,37.56689525
6010.30504069061,36.58729005
6012.21476625527,38.91239651
6013.1696290376,42.3756925000013
6015.07935460226,43.48811993
6016.98908016691,42.85833443
6020.80853129623,42.69827622
6024.62798242554,43.47443593
6028.44743355485,45.5185264300024
6032.26688468417,47.58944993
6036.08633581348,49.25037079
6039.90578694279,49.42326109
6041.81551250745,45.3601998
6043.72523807211,38.4313953299955
6047.54468920142,34.46364005
6051.36414033073,35.20570647
6053.27386589539,39.12705625
6054.22872867772,41.6181805
6055.18359146005,41.4285802199961
6056.13845424237,38.00593023
6056.61588563354,33.16266348
6057.0933170247,32.16068536
6057.57074841587,35.84373851
6058.04817980703,40.865509860001
6058.5256111982,41.72126834
6059.00304258936,37.63360334
6059.48047398053,34.35306051
6059.95790537169,37.63557553
6060.43533676286,40.0238168800025
6060.91276815402,42.19505668
6061.86763093635,41.01401943
6062.82249371868,40.37932273
6063.777356501,39.32326806
6064.73221928333,35.5122574999982
6066.64194484799,33.9002218
6068.55167041265,33.13956661
6070.4613959773,33.21213665
6072.37112154196,36.42766808
6074.28084710662,41.16256723
6076.19057267127,43.87262019
6078.10029823593,43.9712371
6080.01002380059,41.94847898
6081.91974936524,41.58098351
6083.8294749299,41.5750965
6085.73920049456,41.58152658
6087.64892605921,41.58148954
6089.55865162387,42.48119962
6091.46837718853,45.79178755
6093.37810275318,47.74738384
6095.28782831784,45.34909546
6097.1975538825,41.44290709
6099.10727944715,42.90991312
6101.01700501181,45.21373275
6102.92673057647,43.35616552
6104.83645614112,40.68631679
6106.74618170578,40.34131516
6108.65590727044,41.72427782
6110.5656328351,44.82869821
6112.47535839975,44.70778837
6114.38508396441,42.13793685
6116.29480952907,40.63314914
6118.20453509372,40.17821042
6120.11426065838,39.22021249
6122.02398622304,39.16594348
6123.93371178769,39.14974273
6125.84343735235,39.06499121
6127.753162917,36.75789969
6129.66288848166,34.83249779
6131.57261404632,34.79587982
6133.48233961098,36.33218333
6135.39206517563,37.99452919
6137.30179074029,37.94736614
6139.21151630495,37.54347863
6141.1212418696,36.75127194
6143.03096743426,38.02022348
6144.94069299892,38.57017229
6145.89555578125,38.83059852
6146.85041856357,39.40311109
6147.8052813459,40.16609809
6148.76014412823,39.59438083
6149.71500691056,38.25466888
6150.66986969289,38.34100187
6151.62473247522,40.1907683
6152.57959525754,42.18825001
6153.53445803987,42.08426593
6154.4893208222,39.88644573
6155.44418360453,38.11054824
6156.39904638686,37.03221662
6157.35390916919,36.7729167
6158.30877195152,35.9480083
6159.26363473384,34.99463217
6160.21849751617,35.44807488
6162.12822308083,36.25195877
6164.03794864549,35.76479615
6165.94767421014,35.4762733
6167.8573997748,37.32201082
6169.76712533945,40.0766378
6171.67685090411,42.79104773
6173.58657646877,41.36805493
6175.49630203343,40.2714818
6177.40602759808,41.53388809
6179.31575316274,44.18081259
6181.2254787274,43.61405156
6183.13520429205,42.72905902
6185.04492985671,45.83881714
6186.95465542137,46.65914915
6188.86438098602,43.4841736
6190.77410655068,40.83413624
6192.68383211534,38.87226035
6194.59355767999,36.51602609
6198.41300880931,35.55460616
6202.23245993862,33.76574591
6204.14218550328,32.32843143
6206.05191106794,30.45038746
6207.96163663259,29.7219657
6209.39393080608,30.02689635
6210.34879358841,32.8808427
6211.30365637074,36.10562553
6212.25851915307,36.79666342
6213.2133819354,36.79764866
6214.16824471773,36.21643295
6215.12310750005,36.82346375
6216.07797028238,39.79976836
6217.03283306471,43.08215863
6217.98769584704,43.34644624
6218.94255862937,43.41895417
6219.8974214117,40.45376886
6220.85228419402,38.41053606
6221.80714697636,38.57659394
6222.76200975868,37.51442304
6223.71687254101,37.34688896
6224.67173532334,38.07449118
6225.1491667145,39.01293824
6225.62659810567,38.83632624
6226.10402949683,37.85810341
6227.05889227916,38.56398288
6228.01375506149,38.47038225
6228.96861784382,36.17056146
6229.92348062615,34.90594367
6230.87834340847,36.74692088
6231.8332061908,41.36033618
6232.78806897313,40.81015267
6234.69779453779,38.04004239
6236.60752010244,39.5964392
6238.5172456671,45.93513911
6240.42697123176,47.23664034
6242.33669679641,42.75209849
6244.24642236107,37.34307598
6248.06587349038,35.43531805
6251.8853246197,36.723695
6255.70477574901,37.38122635
6259.52422687832,38.25306414
6267.16312913695,41.89603852
6274.80203139558,43.42796333
6278.62148252489,41.54783892
6282.44093365421,41.06659233
6286.26038478352,42.22133573
6290.07983591283,42.18056707
6293.89928704215,42.20926666
6297.71873817146,42.14343424
6301.53818930078,41.72927347
6305.35764043009,45.15921537
6309.1770915594,44.8230943
6312.99654268871,40.19565859
6316.81599381803,38.57082582
6320.63544494734,39.77824888
6322.545170512,40.82550685
6324.45489607666,40.33732234
6326.36462164131,40.93642731
6328.27434720597,42.88947802
6330.18407277063,43.34090317
6332.09379833528,42.70393903
6334.00352389994,40.48450667
6335.9132494646,40.68205087
6337.82297502926,42.21647387
6339.73270059391,42.66147369
6341.64242615857,43.78694801
6343.55215172322,42.69500169
6347.37160285254,40.33180412
6351.19105398185,41.16867075
6353.10077954651,41.24985315
6355.01050511117,37.50294851
6356.92023067582,35.56190497
6358.82995624048,38.26904579
6362.64940736979,43.73416661
6366.46885849911,44.52713748
6368.37858406376,45.15620249
6372.19803519308,48.46835959
6374.10776075773,50.06205543
6377.92721188705,50.71993886
6379.8369374517,49.13290076
6383.65638858102,48.12851397
6387.47583971033,50.32979947
6391.29529083964,51.34989175
6395.11474196896,48.27454674
6398.93419309827,48.42639717
6402.75364422758,48.62291629
6406.5730953569,45.03638795
6410.39254648621,41.22935097
6414.21199761553,38.84150289
6418.03144874484,37.97921467
6419.9411743095,39.09158992
6421.85089987415,41.73939656
6423.76062543881,45.6387303
6424.71548822114,50.73800717
6425.67035100346,53.50197949
6426.62521378579,54.23922184
6427.58007656812,51.91932281
6428.53493935045,51.69655143
6429.48980213278,55.44047724
6430.44466491511,58.86401593
6431.39952769744,60.86092969
6432.35439047977,61.11161963
6433.30925326209,57.57095728
6434.26411604442,51.89624012
6435.21897882675,48.63939352
6437.12870439141,46.21144243
6439.03842995606,43.59364586
6440.94815552072,42.05041646
6442.85788108538,40.70716875
6443.8127438677,38.58883239
6444.76760665003,39.05548927
6445.72246943236,39.28957567
6446.67733221469,35.29729636
6448.58705777935,33.97795375
6450.496783344,35.97017547
6452.40650890866,39.96569234
6454.31623447332,40.33997986
6458.13568560263,42.2647792
6461.95513673195,43.69245577
6463.8648622966,36.16779959
6465.77458786126,34.92456648
6467.68431342592,38.606121
6469.59403899057,41.11751835
6471.50376455523,42.78284547
6472.45862733756,42.2495127
6473.41349011989,40.95439494
6477.2329412492,40.75644028
6479.14266681386,39.68147479
6481.05239237851,40.71765745
6482.96211794317,41.47083161
6484.87184350783,44.76865654
6485.82670629015,48.91604254
6486.78156907248,49.35886159
6487.73643185481,49.35817178
6488.69129463714,49.13660491
6490.6010202018,48.08670734
6492.51074576645,47.10470285
6494.42047133111,49.39029998
6496.33019689577,52.73728063
6498.23992246042,54.19038029
6500.14964802508,55.4822796
6502.05937358974,58.72663227
6503.96909915439,61.87673529
6505.87882471905,61.4941898
6507.78855028371,62.0325162
6509.69827584836,61.99256381
6511.60800141302,62.4826177
6513.51772697768,64.90058949
6515.42745254233,64.48077964
6517.33717810699,60.5347973
6519.24690367165,53.87508903
6521.15662923631,49.4073589
6523.06635480096,46.88865182
6524.97608036562,43.72134643
6526.88580593028,42.02939867
6528.79553149493,39.0474139
6530.70525705959,36.35960785
6534.5247081889,35.51250109
6538.34415931822,36.12976409
6542.16361044753,37.54489581
6545.98306157684,39.93437935
6549.80251270616,40.30733662
6553.62196383547,41.00452301
6561.2608660941,40.34503359
6565.08031722341,40.34916353
6568.89976835273,40.15443249
6572.71921948204,38.03315473
6574.6289450467,37.98818442
6576.53867061135,37.264588
6578.44839617601,35.78941918
6580.35812174067,37.80270217
6582.26784730532,39.62507754
6583.22271008765,41.18679642
6584.17757286998,43.99818314
6585.13243565231,44.44959077
6586.08729843464,45.5725368
6587.04216121697,44.56501183
6587.99702399929,42.75151453
6588.95188678162,45.24657338
6589.90674956395,49.24780995
6591.81647512861,52.20509654
6593.72620069326,53.03140955
6595.63592625792,51.39745821
6597.54565182258,48.44543022
6598.50051460491,45.63577383
6599.45537738723,42.93708264
6600.41024016956,42.73367903
6601.36510295189,41.0852173
6602.31996573422,37.80358219
6603.27482851655,37.61938905
6605.1845540812,38.98645938
6608.04914242819,40.33035693
6609.00400521052,40.96963178
6610.91373077517,41.58915421
6611.8685935575,40.78850946
6612.82345633983,35.48566938
6613.77831912216,32.51223726
6614.73318190449,34.85444374
6615.68804468682,36.88442461
6616.64290746914,35.7611397
6617.59777025147,35.40399517
6618.5526330338,36.15537256
6619.50749581613,38.26150746
6620.46235859846,40.10938304
6622.37208416312,39.9411874
6623.32694694545,38.63174145
6623.80437833661,36.03130706
6624.28180972777,36.47836028
6624.75924111894,39.6285656
6625.2366725101,41.50251713
6626.19153529243,39.76573022
6627.14639807476,39.33466112
6628.10126085709,45.59664821
6629.05612363942,48.49088986
6630.01098642174,46.28542785
6630.96584920407,42.42328078
6631.9207119864,40.79254814
6632.87557476873,41.77033452
6633.83043755106,44.19279876
6634.30786894222,45.45825307
6634.78530033338,45.78045165
6635.26273172455,46.25987602
6635.74016311571,44.18755761
6636.69502589804,44.95350002
6637.64988868037,47.51050622
6639.55961424502,46.52357439
6641.46933980968,43.87406512
6643.37906537434,43.32404038
6645.288790939,43.30427754
6647.19851650365,45.13952013
6649.10824206831,46.17410978
6651.01796763297,46.42213962
6652.92769319762,44.29704592
6656.74714432694,40.98805272
6660.56659545625,42.46457847
6664.38604658556,43.85931534
6668.20549771488,39.91995963
6670.11522327954,37.55646318
6672.02494884419,36.72236014
6673.93467440885,37.37567986
6674.88953719118,38.69458638
6675.8443999735,39.77927222
6677.75412553816,39.4358694
6681.57357666748,36.79581881
6685.39302779679,36.86083283
6688.25761614378,39.57186126
6690.16734170843,41.37775769
6693.03193005542,42.78639619
6696.85138118473,41.28311962
6702.5805578787,43.22731299
6706.40000900801,49.05665573
6710.21946013733,48.39276214
6714.03891126664,47.41693136
6717.85836239595,46.94897184
6721.67781352527,47.07894424
6725.49726465458,51.04866367
6729.3167157839,54.66683514
6733.13616691321,56.61639485
6736.95561804252,59.00608615
6740.77506917184,53.77349655
6744.59452030115,48.93787486
6748.41397143046,48.89077286
6752.23342255978,45.62367952
6756.05287368909,43.44304091
6763.69177594772,46.04820762
6771.33067820634,45.63604261
6778.96958046497,43.48458332
6786.6084827236,42.75145145
6794.24738498223,41.94579998
6801.88628724085,39.60164527
6809.52518949948,40.17280304
6817.16409175811,40.29222239
6824.80299401674,41.56248262
6832.44189627536,43.32349916
6840.08079853399,40.71297613
6847.71970079262,40.49353839
6851.53915192193,43.94388072
6855.35860305125,47.63054876
6859.17805418056,47.16806982
6862.99750530987,45.07372548
6864.90723087453,46.79969427
6866.81695643918,49.54088553
6868.72668200384,52.39080654
6870.6364075685,51.90200504
6872.54613313316,53.60940428
6874.45585869781,58.28960989
6878.27530982713,58.74010439
6882.09476095644,56.28645226
6885.91421208575,59.47912939
6889.73366321507,60.56829014
6893.55311434438,56.27451772
6897.37256547369,55.90307357
6901.19201660301,58.17392606
6905.01146773232,57.41131285
6908.83091886163,50.00013585
6916.46982112026,45.50385969
6935.56707676683,41.21376329
6947.02543015477,43.28951969
6954.6643324134,42.21551101
6962.30323467202,39.14446202
6977.58103918928,37.33085268
6992.85884370653,38.67267693
7008.13664822379,39.46951403
7023.41445274104,37.25441626
7038.6922572583,36.16300882
7046.33115951692,36.70753292
7057.78951290486,37.99434971
7069.2478662928,38.60863101
7084.52567081006,40.56443972
7099.80347532731,42.14931317
7105.53265202128,43.35813207
7107.44237758594,42.56349356
7109.3521031506,41.04274443
7111.26182871525,44.75739784
7113.17155427991,51.93239779
7115.08127984457,57.65905637
7118.90073097388,58.70008464
7122.7201821032,56.06158186
7130.35908436182,52.61204495
7137.99798662045,48.00041888
7145.63688887908,44.01629092
7153.2757911377,39.93701833
7160.91469339633,35.98563466
7168.55359565496,34.85717837
7174.28277234893,36.11025855
7180.0119490429,37.82305824
7187.65085130153,38.28706283
7193.3800279955,34.59660068
7197.19947912481,33.71273047
7201.01893025412,33.08557331
7204.83838138344,29.96097411
7208.65783251275,31.45609367
7212.47728364206,33.24933579
7216.29673477138,36.99927853
7222.02591146535,41.58239779
7225.84536259466,41.4855266
7229.66481372397,42.42722716
7233.48426485329,44.51823205
7237.3037159826,46.87870701
7241.12316711191,47.56615429
7244.94261824123,47.8908962
7248.76206937054,49.25833589
7252.58152049986,47.27519161
7256.40097162917,46.36625723
7258.31069719383,45.07716286
7260.22042275848,42.50805428
7262.13014832314,40.507833
7264.0398738878,40.34395502
7265.94959945245,40.33965081
7267.85932501711,40.33943389
7271.67877614642,40.3335319
7294.59548292231,40.15519228
7309.87328743956,39.54644101
7325.15109195681,37.82969528
7340.42889647407,37.60452908
7348.0677987327,41.32307336
7353.79697542667,42.18718386
7359.52615212064,40.13096648
7367.16505437926,39.67836426
7378.62340776721,39.73120536
7386.26231002583,39.70964246
7393.90121228446,38.85183956
7401.54011454309,35.85194998
7405.3595656724,36.09015907
7412.99846793103,40.51050836
7416.81791906034,43.01327328
7420.63737018965,41.79228714
7424.45682131897,39.72833646
7428.27627244828,40.49201414
7430.18599801294,41.69259812
7432.09572357759,39.83950631
7434.00544914225,39.74096113
7437.82490027157,39.7191823
7441.64435140088,41.75840121
7445.46380253019,43.42547482
7449.28325365951,42.2644422
7453.10270478882,42.16088719
7456.92215591813,40.20185005
7460.74160704745,39.67526551
7464.56105817676,38.80991979
7470.29023487073,36.9247818
7477.92913712936,36.12920448
7485.56803938799,34.86362232
7489.3874905173,36.48421782
7493.20694164661,39.19477963
7497.02639277592,34.27312532
7500.84584390524,30.10404397
7504.66529503455,32.6612297
7508.48474616387,35.60447801
7516.12364842249,38.82908646
7518.03337398715,42.86766694
7519.94309955181,44.56543283
7521.85282511646,44.96309411
7523.76255068112,45.17475283
7525.67227624578,45.29575761
7527.58200181043,46.33413846
7529.49172737509,46.06386725
7531.40145293975,45.10977913
7533.31117850441,45.15487731
7535.22090406906,45.05585633
7537.13062963372,46.66794489
7539.04035519837,44.0342336
7542.85980632769,42.92102967
7546.679257457,42.93262946
7550.49870858632,38.33901063
7554.31815971563,33.96294939
7558.13761084494,32.57563003
7561.95706197426,34.65190393
7565.77651310357,35.41958341
7567.68623866823,36.67528802
7569.11853284172,36.06081761
7570.55082701521,35.62675074
7572.46055257987,38.59741856
7574.37027814453,40.2693615
7576.28000370918,37.39650053
7579.14459205617,37.4997814
7582.00918040315,41.15284195
7582.96404318548,40.86759597
7584.87376875014,40.75982101
7588.69321987945,44.22496964
7592.51267100876,44.25115634
7596.33212213808,41.43264882
7600.15157326739,42.25651736
7603.97102439671,44.62930198
7605.88074996136,46.9931878
7607.79047552602,47.66075546
7609.70020109068,49.16304251
7611.60992665533,51.41215767
7615.42937778465,52.90012675
7619.24882891396,53.57631649
7623.06828004327,53.38647605
7626.88773117259,48.88626626
7630.7071823019,47.25466376
7632.61690786656,47.60003253
7634.52663343121,43.52185444
7636.43635899587,39.05013964
7640.25581012519,38.01108278
7644.0752612545,37.88111853
7646.93984960148,38.53427862
7648.84957516614,37.67504231
7650.7593007308,34.78536303
7652.66902629545,34.38721432
7655.53361464244,34.3601702
7661.26279133641,32.9892524
7668.90169359504,33.13978224
7676.54059585366,32.91224385
7684.17949811229,32.23115674
7691.81840037092,34.47104682
7699.45730262954,36.76759936
7707.09620488817,35.89671753
7714.7351071468,33.30090196
7722.37400940543,32.8219984
7726.19346053474,35.44571568
7730.01291166405,36.02765822
7733.83236279337,35.72831019
7737.65181392268,36.18871328
7741.471265052,34.83299123
7745.29071618131,33.38931319
7749.11016731062,32.35073904
7752.92961843994,32.76324156
7756.74906956925,33.61959534
7758.65879513391,33.00229487
7760.56852069856,36.49703082
7762.47824626322,36.66233932
7764.38797182787,31.91667118
7766.29769739253,31.27287671
7768.20742295719,32.41819447
7772.0268740865,35.03127637
7773.93659965116,37.57484813
7775.84632521582,39.23639599
7777.75605078047,43.62361342
7779.66577634513,46.34218465
7781.57550190979,45.15153785
7783.48522747444,41.02920007
7785.3949530391,40.02182978
7787.30467860376,40.14217561
7789.21440416842,43.64122457
7791.12412973307,43.77495142
7793.03385529773,41.94144393
7793.98871808006,41.2435104
7794.94358086238,42.67226754
7795.89844364471,42.11688267
7796.85330642704,40.76380452
7798.7630319917,40.39921899
7799.71789477403,38.19616801
7800.67275755636,36.70373784
7801.62762033868,39.31797396
7803.05991451218,40.67465483
7804.0147772945,35.5384049
7804.96964007683,32.5831488
7805.92450285916,31.9756056
7807.35679703265,30.84586142
7810.22138537964,33.10103469
7814.04083650895,31.94757259
7817.86028763827,31.29975967
7825.49918989689,34.9119124
7833.13809215552,37.48350725
7840.77699441415,38.39461064
7846.50617110812,36.04705523
7850.32562223743,34.39837281
7854.14507336675,34.33688983
7857.96452449606,35.34389536
7861.78397562537,35.27923037
7867.51315231934,33.92587444
7875.15205457797,33.1046192
7878.97150570728,33.10965603
7882.7909568366,34.12175198
7886.61040796591,37.45766574
7894.24931022454,37.50436641
7901.88821248317,36.15896525
7909.52711474179,34.43667763
7913.34656587111,33.44975702
7917.16601700042,36.3340183
7919.07574256508,40.25701748
7920.98546812973,44.24615975
7922.89519369439,45.02314447
7924.80491925905,45.52513868
7926.71464482371,48.25595744
7928.62437038836,49.19452931
7930.53409595302,46.5763005
7932.44382151767,42.63097007
7936.26327264699,38.85551142
7940.0827237763,35.9068143
7943.90217490562,32.65050386
7947.72162603493,31.37057986
7951.54107716424,33.98936883
7955.36052829356,33.693296
7959.17997942287,33.11623114
7962.99943055218,33.67148998
7968.72860724616,35.60499817
7972.54805837547,33.1403615
7976.36750950478,29.91632141
7979.23209785176,29.50784243
7981.14182341642,31.60489309
7984.00641176341,33.74604535
7987.82586289272,33.85630453
7991.64531402203,36.77040751
7995.46476515135,39.61211055
7999.28421628066,41.56885274
8003.10366740998,40.77782475
8006.92311853929,39.89198114
8012.65229523326,38.5432592
8016.47174636257,36.79378262
8024.1106486212,36.13714247
8031.74955087983,35.07176253
8039.38845313846,32.43849315
8047.02735539708,32.35835722
8054.66625765571,34.2630265
8058.48570878502,35.67660103
8062.30515991433,38.22569365
8066.12461104365,38.11788706
8069.94406217296,34.94435605
8073.76351330228,31.91132404
8077.58296443159,28.28047364
8081.4024155609,28.48998468
8085.22186669022,29.64100187
8089.04131781953,33.17812867
8092.86076894884,34.91751503
8096.68022007816,33.63038564
8100.49967120747,33.04971372
8104.31912233678,33.95275377
8108.1385734661,35.55049209
8115.77747572473,34.18949518
8123.41637798335,32.44915024
8131.05528024198,32.92761956
8138.69418250061,33.30607382
8146.33308475924,31.35112723
8153.97198701786,32.47131209
8161.61088927649,34.95465142
8169.24979153512,35.13534804
8176.88869379374,37.34169384
8180.70814492306,39.13463068
8184.52759605237,37.76712733
8188.34704718168,38.4080038
8192.166498311,40.79365991
8195.98594944031,40.4342701
8205.5345772636,38.47681051
8209.35402839291,37.88759329
8212.21861673989,37.79129506
8214.12834230455,36.32245753
8216.03806786921,36.35999269
8218.90265621619,39.27943186
8222.72210734551,39.92621866
8230.36100960413,38.82145663
8237.99991186276,37.55409198
8243.72908855673,34.38321005
8247.54853968605,31.33087306
8251.36799081536,27.36402449
8255.18744194467,25.82786679
8259.00689307398,27.45351262
8262.8263442033,29.50505535
8264.73606976796,30.7503643
8266.64579533262,30.69858602
8270.46524646193,30.3591635
8274.28469759124,28.97639949
8278.10414872055,30.18836818
8280.96873706754,33.40612425
8282.8784626322,32.03668828
8284.78818819685,28.11105401
8286.69791376151,30.19042015
8289.56250210849,34.18867285
8293.38195323781,36.36289799
8297.20140436712,37.99309172
8301.02085549644,37.70238653
8304.84030662575,37.14170861
8308.65975775506,39.77074709
8314.38893444903,42.14762878
8320.118111143,43.15342744
8323.93756227232,42.13306638
8327.75701340163,43.09897234
8331.57646453094,43.95797816
8335.39591566026,38.98692528
8339.21536678957,32.21617622
8343.03481791888,29.97606963
8348.76399461285,30.48111889
8356.40289687148,32.40450144
8364.04179913011,33.67652408
8371.68070138874,33.72797269
8379.31960364736,32.0270506
8386.95850590599,30.30752168
8394.59740816462,28.85022748
8402.23631042325,31.9673376
8407.96548711722,34.972741
8411.78493824653,36.40753936
8415.60438937584,36.75267848
8419.42384050516,36.66026085
8423.24329163447,36.53083933
8427.06274276378,36.30641546
8429.92733111077,37.33917537
8430.8821938931,35.86405766
8432.79191945776,34.14277731
8434.70164502241,30.20114471
8436.61137058707,26.64872601
8438.52109615172,26.90349347
8439.47595893405,26.48177026
8440.43082171638,25.90995883
8441.38568449871,27.08576437
8442.34054728104,26.93254911
8446.15999841035,25.91962557
8455.70862623363,25.84521792
8463.34752849226,27.90040209
8470.98643075089,30.1434262
8478.62533300952,29.7281958
8486.26423526814,28.84651526
8490.08368639746,29.48109673
8493.90313752677,31.35529656
8501.5420397854,31.03288152
8509.18094204403,29.96491999
8516.81984430265,32.54046946
8524.45874656128,36.14406521
8532.09764881991,37.49460268
8539.73655107853,36.93957782
8547.37545333716,31.452974
8555.01435559579,30.03879364
8558.8338067251,32.02358859
8562.65325785442,34.60351072
8566.47270898373,35.56038254
8570.29216011304,32.76543382
8574.11161124236,30.04787365
8577.93106237167,28.10941175
8581.75051350098,25.91966954
8585.5699646303,25.89771451
8587.47969019496,24.74238591
8589.38941575961,24.07908866
8591.29914132427,25.46709404
8593.20886688892,25.9325542
8595.11859245358,24.08225587
8597.02831801824,24.96653758
8598.93804358289,25.33281274
8600.84776914755,24.4402478
8602.75749471221,23.28542758
8604.66722027687,22.58996246
8606.57694584152,22.22006522
8608.48667140618,25.23205238
8612.30612253549,26.89458986
8616.12557366481,25.1485943
8619.94502479412,23.9859984
8621.85475035878,25.24697677
8623.76447592343,25.72907749
8625.67420148809,25.43152873
8629.4936526174,28.04161957
8633.31310374672,30.0006723
8639.04228044069,30.04833668
8646.68118269931,29.78975388
8654.32008495794,29.29932782
8661.95898721657,26.22089667
8669.5978894752,25.43369129
8677.23679173382,28.69193534
8681.05624286314,32.06986099
8684.87569399245,33.48050335
8688.69514512176,30.37372295
8692.51459625108,29.64138013
8696.33404738039,29.43034659
8700.15349850971,29.54167023
8703.97294963902,31.1656989
8707.79240076833,29.48913835
8711.61185189764,29.45085418
8715.43130302696,29.31058716
8719.25075415627,27.40202858
8721.16047972093,25.71430316
8723.07020528558,25.2814125
8724.97993085024,24.65513227
8726.8896564149,26.64096296
8728.79938197956,27.13312858
8730.70910754421,25.29322648
8732.61883310887,23.44032046
8734.52855867353,24.0309208
8736.43828423818,24.060956
8738.34800980284,24.65520543
8742.16746093215,26.71509626
8745.98691206147,28.15346814
8749.80636319078,28.2492462
8753.62581432009,28.26421575
8757.44526544941,28.18051217
8761.26471657872,28.81380364
8765.08416770804,29.75636329
8768.90361883735,30.6157659
8772.72306996666,28.93547507
8776.54252109598,29.03041831
8780.36197222529,31.04419494
8784.1814233546,33.09671332
8788.00087448392,33.64031957
8791.82032561323,35.32673521
8795.63977674254,36.9400318
8799.45922787186,35.54163915
8803.27867900117,34.9190381
8809.00785569514,35.49411489
8814.73703238911,34.03933316
8822.37593464774,32.93692659
8830.01483690637,35.13214127
8835.74401360034,34.27861567
8839.56346472965,29.38171587
8843.38291585896,27.54747984
8847.20236698828,29.10754932
8851.02181811759,32.4631952
8854.84126924691,32.65447753
8858.66072037622,32.86313235
8862.48017150553,33.08393624
8866.29962263484,33.21977638
8870.11907376416,36.47850215
8872.98366211114,40.44857557
8875.84825045813,42.45710546
8881.5774271521,45.31906692
8884.44201549908,45.15833465
8886.35174106374,42.62878593
8889.21632941073,41.77625976
8894.9455061047,38.58631873
8900.67468279867,33.97052753
8904.49413392798,33.06687049
8907.35872227497,32.34664393
8909.26844783962,31.15727661
8912.13303618661,33.06747056
8915.95248731592,33.86877728
8919.77193844524,30.64014184
8923.59138957455,32.19387277
8927.41084070386,39.65682719
8931.23029183318,43.34314048
8935.04974296249,42.75202643
8938.8691940918,42.57575595
8942.68864522112,42.78223404
8946.50809635043,45.13405029
8950.32754747974,44.72258073
8954.14699860906,40.9730008
8957.96644973837,39.57787755
8961.78590086768,37.04170177
8963.69562643234,35.12507411
8971.33452869097,35.33728575
8978.97343094959,35.1923344
8986.61233320822,32.99985467
8994.25123546685,32.24509068
9001.89013772548,30.25070394
9009.5290399841,28.78592476
9017.16794224273,30.36578955
9022.8971189367,32.71450817
9026.71657006602,34.39222314
9030.53602119533,32.62638623
9034.35547232464,31.80772842
9038.17492345396,33.08056341
9043.90410014793,32.37689684
9051.54300240655,33.57361653
9059.18190466518,35.52906183
9066.82080692381,35.98185885
9070.64025805312,37.96807477
9074.45970918243,37.44058657
9078.27916031175,36.55559404
9082.09861144106,37.26476368
9085.91806257038,36.10609732
9089.73751369969,34.77957523
9091.64723926434,37.07695129
9093.556964829,41.89404967
9095.46669039366,41.37725697
9097.37641595832,39.66633821
9099.28614152298,41.14034173
9101.19586708763,42.59245434
9103.10559265229,42.9572242
9105.01531821694,45.04116433
9106.9250437816,45.0767878
9108.83476934626,45.06681508
9110.74449491091,47.09243696
9112.65422047557,45.18280973
9116.47367160488,42.18434505
9124.11257386351,38.60215935
9129.84175055748,35.7443203
9133.66120168679,35.46884206
9137.48065281611,35.47398889
9143.20982951008,36.03602617
9148.93900620405,37.34770215
9154.66818289802,35.25371318
9160.39735959199,30.5292087
9168.03626185062,29.89005529
9174.72030132692,32.47769007
9176.63002689157,35.02473674
9180.44947802089,34.53513112
9183.31406636787,31.95615631
9185.22379193253,31.75471563
9187.13351749719,33.09783527
9189.04324306184,34.41855462
9190.9529686265,35.50614204
9192.86269419116,35.41323564
9194.77241975581,38.01887214
9196.68214532047,38.6508466
9198.59187088513,34.11504343
9200.50159644978,31.18272777
9202.41132201444,32.1703738
9204.3210475791,33.68967591
9206.23077314375,33.43146027
9208.14049870841,29.77495367
9210.05022427307,29.74135415
9211.95994983772,33.19168084
9213.86967540238,33.43499783
9215.77940096704,32.51124625
9217.68912653169,34.02446556
9219.59885209635,36.28051278
9221.50857766101,41.49005038
9223.41830322567,43.49553788
9225.32802879032,39.1240479
9227.23775435498,36.39048792
9229.14747991963,34.37943698
9231.05720548429,33.07852861
9232.96693104895,32.48691336
9234.87665661361,33.24329569
9236.78638217826,35.01776837
9237.74124496059,37.15055098
9238.69610774292,38.73191102
9239.65097052525,40.36462015
9240.60583330758,41.52158052
9241.5606960899,43.83561992
9242.51555887223,45.71558815
9244.42528443689,44.47136464
9246.33501000155,43.83056123
9248.2447355662,43.86965921
9250.15446113086,43.86743626
9252.06418669552,43.37222725
9253.97391226017,42.03680226
9255.88363782483,39.92782595
9257.79336338949,37.53418662
9259.70308895414,36.63390317
9263.52254008346,36.68400716
9267.34199121277,35.42591421
9271.16144234209,36.43770236
9274.9808934714,38.5542926
9278.80034460071,37.36769274
9282.61979573002,35.46547897
9286.43924685934,36.20993231
9290.25869798865,38.1426855
9294.07814911797,37.85869604
9295.98787468262,35.0004104
9297.89760024728,34.27004403
9299.80732581194,38.15994521
9303.62677694125,40.99802978
9307.44622807056,41.83547877
9311.26567919988,42.67076476
9315.08513032919,42.13471624
9318.9045814585,44.01825508
9322.72403258782,42.60458212
9326.54348371713,38.1769166
9330.36293484645,33.50239595
9332.2726604111,30.48100383
9334.18238597576,27.81072233
9336.09211154042,26.15432915
9338.00183710507,24.25435624
9339.91156266973,23.55314803
9341.82128823439,25.72894877
9345.6407393637,27.40720819
9349.46019049301,26.72665531
9353.27964162233,25.15829772
9357.09909275164,26.45992536
9360.91854388095,26.82617003
9364.73799501027,24.99073243
9368.55744613958,23.37486567
9372.37689726889,24.17587273
9376.19634839821,26.50035017
9380.01579952752,26.86923274
9383.83525065684,24.43616739
9385.74497622149,22.8434182
9387.65470178615,24.26978183
9389.56442735081,26.54394807
9391.47415291546,26.88712249
9393.38387848012,25.59051619
9395.29360404478,24.15033006
9397.20332960943,24.90385061
9399.11305517409,28.07386355
9401.02278073875,27.80498821
9402.9325063034,24.77083992
9404.84223186806,24.65109198
9406.75195743272,25.86837214
9408.66168299738,26.46674984
9410.57140856203,25.73702031
9412.48113412669,26.84892092
9414.39085969134,28.20798633
9416.300585256,26.9570527
9418.21031082066,25.63616012
9420.12003638531,27.1063084
9422.02976194997,26.62213841
9423.93948751463,27.23284296
9425.84921307929,31.53437836
9429.6686642086,32.96850333
9433.48811533791,29.68286087
9437.30756646723,29.93764529
9441.12701759654,30.06414736
9444.94646872585,28.11245938
9448.76591985517,28.57863266
9452.58537098448,31.44916016
9456.40482211379,29.41055968
9460.22427324311,26.10267056
9464.04372437242,22.51937585
9467.86317550173,20.79062225
9471.68262663105,19.75129524
9475.50207776036,20.34445889
9479.32152888968,21.68148672
9483.14098001899,22.91773407
9486.9604311483,21.940542
9490.77988227762,20.96273587
9494.59933340693,21.60497241
9498.41878453624,23.94474226
9502.23823566556,27.93774647
9506.05768679487,29.91485849
9509.87713792418,29.02763292
9513.6965890535,26.47508694
9517.51604018281,25.92533047
9521.33549131213,28.16650887
9525.15494244144,33.55968101
9528.97439357075,35.30063642
9532.79384470006,37.8847238
9536.61329582938,38.99886162
9540.43274695869,35.2933405
9544.252198088,31.13538719
9548.07164921732,28.3752088699985
9551.89110034663,27.05782266
9555.71055147595,27.61519184
9559.53000260526,27.29364576
9563.34945373457,27.89168233
9567.16890486389,28.3357957299992
9570.9883559932,27.61425624
9578.62725825183,27.82505495
9586.26616051045,27.99778462
9593.90506276908,25.66883005
9601.54396502771,25.8325404200034
9616.82176954496,28.8539835
9632.09957406222,30.9115633
9647.37737857947,31.29380626
9662.65518309673,30.16496825
9670.29408535535,29.4637950600028
9677.93298761398,31.89797481
9685.57188987261,32.21141208
9693.21079213124,28.45850879
9700.84969438986,28.21833939
9708.48859664849,27.2533446599967
9716.12749890712,24.36179936
9723.76640116574,24.10546299
9731.40530342437,23.51719493
9739.044205683,23.99151591
9742.86365681231,25.2330871399987
9746.68310794163,24.13338641
9750.50255907094,24.42463651
9754.32201020025,26.79706518
9758.14146132957,27.64893163
9761.96091245888,27.7212926000016
9765.78036358819,29.16538713
9769.59981471751,28.50789921
9773.41926584682,25.81376164
9777.23871697614,24.05840686
9781.05816810545,25.8651995999998
9784.87761923476,25.65238462
9788.69707036408,25.06675289
9792.51652149339,28.45643584
9796.3359726227,28.80648077
9800.15542375201,26.6759913899993
9803.97487488133,26.04385073
9807.79432601064,23.53713975
9815.43322826927,23.42103166
9823.0721305279,23.71585541
9830.71103278652,24.151314530001
9838.34993504515,25.01283744
9845.98883730378,24.85874032
9853.62773956241,23.45313733
9861.26664182103,22.50712659
9868.90554407966,21.5796702000004
9876.54444633829,21.95540703
9884.18334859691,22.82338112
9891.82225085554,24.36555319
9899.46115311417,26.68434969
9907.1000553728,26.0595306300008
9914.73895763142,26.77389726
9922.37785989005,29.58315268
9930.01676214868,32.21517273
9937.6556644073,31.14786603
9952.93346892456,31.6396324700027
9958.66264561853,34.0407707
9964.3918223125,35.41318288
9975.85017570044,36.36842373
9991.1279802177,37.19488155
10006.405784735,36.8836404200016
10014.0446869936,38.3069534
10021.6835892522,38.78617235
10029.3224915108,35.41232044
10036.9613937695,35.19108766
10044.6002960281,39.3446606100012
10048.4197471574,40.41447383
10052.2391982867,37.23749825
10056.058649416,36.08151471
10059.8781005453,36.79133477
10063.6975516746,34.6325770299966
10067.517002804,31.67835816
10075.1559050626,30.63806655
10082.7948073212,30.81357269
10098.0726118385,34.33950526
10113.3504163557,36.2093140799965
10128.628220873,33.12534355
10143.9060253902,34.53472664
10159.1838299075,39.33590915
10174.4616344247,38.49229979
10189.739438942,33.9620155799976
10205.0172434593,31.87239942
10212.6561457179,28.94033807
10220.2950479765,27.77155175
10235.5728524938,29.46398195
10250.850657011,30.12046078
10258.4895592696,30.15692917
10266.1284615283,29.9452849
10273.7673637869,28.93139973
10281.4062660455,30.28641034
10289.0451683042,31.2144157900022
10296.6840705628,33.10909639
10304.3229728214,36.92402395
10311.96187508,38.67427085
10319.6007773387,35.19113516
10334.8785818559,33.705360829998
10350.1563863732,31.93984088
10365.4341908904,29.41522841
10380.7119954077,29.44201037
10395.9897999249,28.92350643
10403.6287021836,29.4426282400008
10411.2676044422,30.18196307
10426.5454089594,30.71028274
10441.8232134767,31.80095965
10457.101017994,33.83042735
10472.3788225112,34.2573061699986
10487.6566270285,32.99629749
10502.9344315457,33.16184715
10518.212236063,34.12618053
10533.4900405802,34.77280364
10548.7678450975,36.0655699999977
10575.5040030027,34.03244978
10583.1429052613,32.94457762
10588.8720819553,33.68302849
10594.6012586492,33.12607819
10598.4207097786,30.1152328999961
10602.2401609079,26.68865643
10606.0596120372,27.0998338
10613.6985142958,26.6521249
10625.1568676837,24.06096241
10632.7957699424,23.5606429300042
10640.434672201,27.29266207
10651.8930255889,29.09699861
10659.5319278476,27.76689711
10667.1708301062,27.04632362
10670.9902812355,27.7861698700026
10674.8097323648,30.10851835
10678.6291834941,30.76993711
10680.5389090588,28.29816443
10684.3583601881,28.61078102
10690.0875368821,30.2868636899996
10697.7264391407,29.93529488
10705.3653413993,31.26355752
10711.0945180933,33.62195025
10714.9139692226,32.91618262
10724.4625970459,30.18692893
10747.3793038218,30.1652255
10777.9349128563,33.5400962
10804.6710707615,33.06974495
10823.7683264081,31.80834752
10842.8655820546,31.9871025700011
10850.5044843133,32.94142235
10854.3239354426,33.03639488
10858.1433865719,32.42991345
10865.7822888305,30.86840956
10873.4211910891,31.0035928800022
10877.2406422184,32.93603448
10878.1955050008,34.81266829
10879.1503677831,35.33727382
10881.0600933478,35.62627499
10882.9698189124,36.2340372799994
10884.8795444771,35.66679882
10886.7892700417,33.31071164
10888.6989956064,35.41329138
10890.608721171,37.12440741
10892.5184467357,36.952948470006
10894.4281723004,42.23942066
10896.337897865,47.6134894
10900.1573489943,44.17511086
10903.9768001236,43.01236769
10907.796251253,44.1552741099961
10915.4351535116,40.70816106
10930.7129580288,37.6527722
10934.5324091581,37.74308316
10938.3518602875,39.9131365
10942.1713114168,39.8167752600018
10949.8102136754,41.43211125
10953.6296648047,43.20017918
10957.449115934,40.98191963
10968.907469322,38.98708267
10984.1852738392,37.0801136499997
10999.4630783565,36.77328193
11014.7408828737,38.58775434
11030.018687391,38.51156546
11045.2964919082,36.55463973
11060.5742964255,36.2955457299988
11068.2131986841,35.19671344
11075.8521009428,33.20711792
11083.4910032014,32.69501669
11091.12990546,33.72495714
11098.7688077186,32.282171159999
11102.588258848,31.36731392
11106.4077099773,31.52577315
11114.0466122359,29.98770243
11121.6855144945,28.30310408
11129.3244167531,26.9205419699953
11136.9633190118,22.78565227
11144.6022212704,21.29060125
11152.241123529,24.47175965
11159.8800257877,24.43746014
11167.5189280463,23.0254077299999
11175.1578303049,22.94728289
11182.7967325635,23.67453029
11190.4356348222,25.89013481
11198.0745370808,29.25259893
11205.7134393394,33.0963490699993
11213.352341598,32.44481587
11220.9912438567,25.27654386
11228.6301461153,19.50473892
11236.2690483739,18.24201615
11243.9079506325,20.7371410800034
11251.5468528912,23.69092875
11259.1857551498,24.19121927
11266.8246574084,23.65392844
11270.6441085377,23.54304359
11274.4635596671,23.5446043699994
11278.2830107964,23.03712667
11289.7413641843,28.00545153
11297.3802664429,34.74340252
11305.0191687016,37.35996745
11308.8386198309,36.80780748
11312.6580709602,36.81905519
11320.2969732188,36.51601824
11327.9358754774,36.17293493
11335.5747777361,36.30513009
11343.2136799947,32.3439675699975
11350.8525822533,30.14364422
11366.1303867706,30.18754778
11373.7692890292,29.67610844
11389.0470935465,28.97115537
11404.3248980637,28.2830991800009
11419.602702581,29.08546273
11427.2416048396,27.83354093
11434.8805070982,26.05444313
11450.1583116155,25.99465235
11465.4361161327,27.374062870004
11480.71392065,30.88372153
11495.9917251672,33.27894918
11511.2695296845,29.11978838
11526.5473342018,24.76886901
11541.825138719,23.3452183500017
11557.1029432363,24.86332009
11572.3807477535,24.79683694
11587.6585522708,24.153594
11602.936356788,24.14792701
11618.2141613053,24.1337631500004
11633.4919658225,24.44378601
11648.7697703398,27.62564376
11664.047574857,28.14141165
11679.3253793743,27.17224464
11694.6031838916,26.5820000399994
11709.8809884088,26.06615046
11725.1587929261,27.14552329
11740.4365974433,28.491325
11755.7144019606,28.89337648
11763.3533042192,28.0658135699972
11770.9922064778,25.60229157
11778.6311087365,24.17114784
11786.2700109951,27.26006583
11793.9089132537,28.95201318
11801.5478155123,26.1102232399951
11809.186717771,21.84245634
11816.8256200296,22.39800686
11824.4645222882,23.46924632
11832.1034245468,22.31336265
11835.9228756762,25.790666410003
11839.7423268055,28.41918068
11843.5617779348,24.11077579
11847.3812290641,21.50491692
11851.2006801934,20.42048767
11858.839582452,21.4717401500041
11866.4784847107,25.08854738
11874.1173869693,25.29622522
11877.9368380986,23.26008753
11885.5757403572,20.92117979
11893.2146426159,18.5014852600007
11900.8535448745,19.13696135
11908.4924471331,21.6135857
11916.1313493917,21.4640145
11923.7702516504,20.0875495
11931.409153909,19.2456034899998
11939.0480561676,19.06404937
11946.6869584262,18.81203645
11954.3258606849,17.06589988
11961.9647629435,17.62016962
11969.6036652021,19.3290894900001
11977.2425674608,19.3949487
11984.8814697194,18.86813784
11988.7009208487,16.06080001
11992.520371978,15.08350743
11996.3398231073,16.7791029400048
12000.1592742366,20.96247218
12007.7981764953,25.98167539
12023.0759810125,31.74904999
12038.3537855298,35.83817165
12053.631590047,41.0749331900034
12068.9093945643,44.03383297
12084.1871990815,41.9620562
12091.8261013402,42.13022462
12099.4650035988,44.10699369
12107.1039058574,44.5578412499962
12114.742808116,41.17644348
12122.3817103747,36.65631996
12130.0206126333,34.97936139
12137.6595148919,36.21728078
12145.2984171506,34.8063810099997
12160.5762216678,34.50895733
12175.8540261851,33.83776849
12191.1318307023,34.4068107
12198.7707329609,34.65682846
12206.4096352196,35.2932596000046
12214.0485374782,39.30993708
12221.6874397368,42.60307953
12229.3263419955,40.09970725
12236.9652442541,38.59259219
12244.6041465127,38.4301634399989
12252.2430487713,37.47103102
12256.0624999006,39.36210856
12259.88195103,42.31123989
12263.7014021593,40.94234191
12271.3403044179,36.6733745899965
12277.0694811119,33.58640048
12278.9792066765,31.40496941
12280.8889322412,30.67095598
12282.7986578058,26.83529126
12284.7083833705,24.4564981700024
12286.6181089352,26.52393118
12290.4375600645,30.52777392
12294.2570111938,28.45081878
12296.1667367584,22.7950211
12298.0764623231,18.5123415200001
12299.9861878878,18.59739505
12301.8959134524,20.92439163
12305.7153645817,23.98081099
12309.534815711,31.90645089
12313.3542668404,34.5031250199992
12317.1737179697,33.80625991
12320.993169099,35.8080195
12324.8126202283,36.35141831
12328.6320713576,38.17155271
12336.2709736162,33.681584459989
12340.0904247455,24.01507713
12345.8196014395,22.39354805
12351.5487781335,27.34207848
12355.3682292628,35.12434702
12359.1876803921,38.01713718
12366.8265826507,38.00148943
12374.4654849094,36.64944488
12382.104387168,35.70701155
12393.5627405559,35.19891354
12408.8405450732,33.8318620499994
12424.1183495904,33.27409413
12439.3961541077,35.41091796
12454.673958625,36.940731
12469.9517631422,35.84827127
12485.2295676595,40.271837960005
12500.5073721767,44.64041074
12515.785176694,42.20481734
12523.4240789526,38.18324793
12531.0629812112,38.03983432
12538.7018834699,37.2971244799956
12550.1602368578,33.46847361
12565.438041375,31.30631769
12580.7158458923,32.54666421
12592.1741992802,30.82249449
12599.8131015389,28.2296239499989
12607.4520037975,27.29901145
12615.0909060561,28.01381114
12622.7298083148,28.51351931
12630.3687105734,25.90626576
12638.007612832,25.4729350400013
12645.6465150906,26.60811703
12649.4659662199,26.5830869
12653.2854173493,27.41773926
12657.1048684786,25.77609179
12660.9243196079,23.3103273699999
12662.8340451725,23.26689676
12664.7437707372,25.14660085
12666.6534963019,25.36428293
12668.5632218665,23.27205111
12670.4729474312,22.6017511900041
12672.3826729958,26.20934339
12674.2923985605,28.91115221
12676.2021241251,30.20895622
12680.0215752545,29.24454483
12683.8410263838,28.3588251100006
12685.7507519484,28.88535247
12687.6604775131,30.68376562
12691.4799286424,33.28028485
12695.2993797717,32.21072358
12699.118830901,30.7014897500008
12702.9382820303,31.41869989
12706.7577331597,30.81000487
12710.577184289,28.34336863
12714.3966354183,28.32742422
12718.2160865476,27.9648651799995
12722.0355376769,27.54793439
12725.8549888062,27.17952893
12729.6744399355,27.28240385
12733.4938910648,28.28065745
12737.3133421942,28.5031032200014
12741.1327933235,29.71891215
12744.9522444528,28.90253453
12748.7716955821,28.09196432
12752.5911467114,27.69780177
12754.5008722761,27.7279807400024
12756.4105978407,29.88227841
12758.3203234054,29.4135561
12760.23004897,27.50591497
12762.1397745347,26.37030386
12764.0495000994,26.0100915399978
12765.959225664,24.09277916
12767.8689512287,24.26340829
12769.7786767933,25.63723481
12771.688402358,27.04231007
12773.5981279226,27.17610601
12775.5078534873,27.17219527
12777.417579052,27.18127161
12779.3273046166,27.45215257
12781.2370301813,28.348977
12783.1467557459,27.1798985599994
12785.0564813106,26.61052358
12786.9662068752,27.31110875
12788.8759324399,28.1336586
12790.7856580045,30.07108417
12792.6953835692,30.7424679199979
12794.6051091339,28.92884182
12796.5148346985,28.45184084
12798.4245602632,28.39249965
12800.3342858278,28.39968952
12802.2440113925,27.1312189900011
12804.1537369571,28.05859254
12806.0634625218,27.00335427
12807.9731880865,23.48698774
12809.8829136511,22.63962333
12811.7926392158,26.0463112500043
12813.7023647804,29.85926017
12817.5218159097,28.18335283
12821.3412670391,24.90243812
12825.1607181684,23.53307062
12828.9801692977,23.4501474500006
12832.799620427,23.98959756
12836.6190715563,25.16329006
12840.4385226856,27.11699179
12844.2579738149,28.42777155
12848.0774249443,27.5629298599988
12849.9871505089,26.54148196
12851.8968760736,27.05335144
12853.8066016382,27.17285481
12855.7163272029,25.10469119
12857.6260527675,22.8043164500014
12859.5357783322,24.00553231
12861.4455038968,24.14383897
12863.3552294615,24.78543842
12865.2649550262,25.39289985
12867.1746805908,25.2638497499994
12869.0844061555,24.77108844
12870.9941317201,25.39185228
12872.9038572848,24.00352405
12874.8135828494,22.27408246
12876.7233084141,23.3515496500002
12878.6330339788,23.5343496
12880.5427595434,23.54945332
12882.4524851081,24.93105515
12884.3622106727,26.37586313
12886.2719362374,25.5307701499998
12888.181661802,25.32927175
12890.0913873667,25.37562556
12892.0011129314,24.90303523
12893.910838496,25.68067347
12895.8205640607,26.5953972299999
12897.7302896253,26.52491973
12899.64001519,27.26294393
12901.5497407546,28.26571845
12903.4594663193,26.83565146
12905.369191884,26.0187511399979
12907.2789174486,24.14854123
12909.1886430133,22.90243194
12911.0983685779,22.9281829
12913.0080941426,23.23829401
12914.9178197072,25.3347542000008
12916.8275452719,26.01845398
12918.7372708366,27.26595795
12920.6469964012,28.02630674
12922.5567219659,30.24726522
12924.4664475305,31.4255895999985
12926.3761730952,30.10264249
12928.2858986598,28.77200448
12930.1956242245,26.6250694
12932.1053497892,24.26496213
12934.0150753538,23.4267022499996
12935.9248009185,23.11234123
12937.8345264831,22.06296824
12939.7442520478,20.90015052
12941.6539776124,22.15635103
12943.5637031771,24.1681167100005
12945.4734287418,24.61532704
12947.3831543064,25.7936851
12949.2928798711,28.84814715
12951.2026054357,31.35833291
12953.1123310004,29.5508800099939
12955.022056565,24.16028722
12956.9317821297,23.94465584
12958.8415076943,27.29186204
12960.751233259,26.5514727
12962.6609588237,23.9613530900007
12964.5706843883,24.57129459
12966.480409953,26.41664246
12968.3901355176,26.34259468
12970.2998610823,25.30522937
12972.2095866469,24.8782025900024
12974.1193122116,26.97462602
12976.0290377763,27.37195454
12977.9387633409,27.43188055
12979.8484889056,29.69857099
12981.7582144702,28.1204429799964
12983.6679400349,24.93554795
12985.5776655995,23.90663417
12987.4873911642,28.11335294
12989.3971167289,31.33366491
12991.3068422935,30.8449693999947
12993.2165678582,26.20474929
12995.1262934228,24.18686495
12997.0360189875,22.17265243
12998.9457445521,16.93726907
13000.8554701168,15.9684211600017
13002.7651956815,17.43391019
13004.6749212461,16.93339583
13006.5846468108,17.39294863
13008.4943723754,20.95007435
13016.1332746341,23.4542892399993
13023.7721768927,22.87740824
13031.4110791513,20.51885334
13035.2305302806,20.67760399
13039.0499814099,20.12451609
13042.8694325392,16.0844123100002
13046.6888836686,16.22804609
13050.5083347979,17.91177229
13054.3277859272,18.70781345
13061.9666881858,18.9843982
13065.7861393151,20.3590399500009
13069.6055904444,21.15299289
13077.2444927031,20.18945683
13084.8833949617,19.58958962
13092.5222972203,19.35186004
13107.8001017376,17.6131303899999
13123.0779062548,17.517496
13138.3557107721,18.85871397
13153.6335152893,17.74394147
13168.9113198066,17.45936305
13184.1891243238,18.1754365399977
13199.4669288411,16.1846223
13214.7447333584,15.05945406
13230.0225378756,16.93035118
13245.3003423929,19.79138263
13252.9392446515,19.92908333
13260.5781469101,19.90502221
13268.2170491687,20.36065371
13275.8559514274,20.49794643
13283.494853686,19.84576392
13291.1337559446,17.4985311300008
13298.7726582033,18.16197968
13306.4115604619,17.90382492
13314.0504627205,16.84571742
13321.6893649791,16.89395737
13329.3282672378,17.8904275300003
13336.9671694964,18.19177419
13344.606071755,17.69746886
13352.2449740136,17.04715469
13359.8838762723,18.07151304
13367.5227785309,19.3110829699988
13375.1616807895,18.26186787
13382.8005830482,16.9571288
13390.4394853068,16.82890454
13398.0783875654,19.36559113
13405.717289824,21.1744520899977
13413.3561920827,19.1757588
13420.9950943413,16.62503004
13428.6339965999,16.31750778
13436.2728988585,16.97105327
13443.9118011172,18.0727490699978
13451.5507033758,16.14619039
13459.1896056344,19.68325549
13466.8285078931,27.08717817
13474.4674101517,26.03869621
13482.1063124103,23.8987251799984
13489.7452146689,22.51147493
13497.3841169276,19.40512615
13505.0230191862,19.33443081
13512.6619214448,20.54367096
13520.3008237034,21.2414403399985
13527.9397259621,19.95214956
13535.5786282207,18.74285223
13543.2175304793,17.99941303
13550.856432738,16.3645461
13554.6758838673,19.286361040001
13558.4953349966,20.15965574
13562.3147861259,17.53390267
13566.1342372552,17.56942267
13569.9536883845,18.74196377
13573.7731395138,18.5206089499974
13577.5925906431,16.20567129
13581.4120417725,15.11235719
13583.3217673371,18.31061935
13585.2314929018,20.62907094
13587.1412184664,19.4711658300004
13589.0509440311,19.83802659
13592.8703951604,21.11387535
13596.6898462897,20.49775036
13600.509297419,22.13009547
13604.3287485483,24.8459412699959
13611.967650807,21.21826519
13615.7871019363,17.36959443
13619.6065530656,16.40537122
13623.4260041949,18.23747504
13627.2454553242,19.33765268
13631.0649064535,19.32780256
13638.7038087122,18.91165264
13646.3427109708,18.40527697
13653.9816132294,16.87587863
13661.620515488,17.4372583500029
13669.2594177467,19.99929965
13676.8983200053,19.77618208
13684.5372222639,17.43126292
13692.1761245226,17.51842866
13699.8150267812,16.9027728700001
13703.6344779105,17.00454517
13707.4539290398,17.59115153
13709.3636546045,18.2197482
13711.2733801691,17.00593582
13713.1831057338,15.68739015
13715.0928312984,15.64332667
13717.0025568631,17.49035467
13718.9122824278,19.77072488
13720.8220079924,22.48743225
13722.7317335571,24.18216578
13724.6414591217,24.19776741
13726.5511846864,25.82688018
13728.460910251,23.70011519
13730.3706358157,21.14192179
13732.2803613803,21.8546098300013
13734.190086945,22.98375555
13736.0998125097,22.5614865
13738.0095380743,22.3211382
13739.919263639,22.30273688
13741.8289892036,19.2871637099986
13743.7387147683,18.06854934
13745.6484403329,18.97802912
13747.5581658976,19.32533138
13749.4678914623,19.28762276
13751.3776170269,17.5107110499989
13753.2873425916,16.56358569
13755.1970681562,17.01968265
13757.1067937209,15.71392161
13759.0165192855,14.98383575
13760.9262448502,13.7875163700022
13762.8359704149,15.72369394
13764.7456959795,18.10794248
13768.5651471088,15.63797704
13772.3845982381,14.8120915
13776.2040493675,15.1586455299997
13780.0235004968,14.908334
13783.8429516261,12.8628799
13787.6624027554,11.95608171
13791.4818538847,14.56612346
13795.301305014,15.7429466200009
13799.1207561433,16.5710245
13802.9402072726,18.63008556
13806.759658402,18.50194754
13810.5791095313,14.05954461
13814.3985606606,13.2112036600019
13818.2180117899,14.87873268
13822.0374629192,15.20497508
13825.8569140485,15.70691145
13829.6763651778,16.98763793
13833.4958163072,15.6575188299986
13837.3152674365,14.4167348
13841.1347185658,15.54599491
13844.9541696951,17.53294334
13848.7736208244,17.51641608
13852.5930719537,17.5221856099996
13856.412523083,17.20658354
13860.2319742124,15.19553212
13864.0514253417,15.10162039
13867.870876471,15.40523554
13875.5097787296,18.4085102000008
13883.1486809882,19.08447245
13890.7875832469,16.48931822
13898.4264855055,14.96748968
13906.0653877641,15.74070906
13913.7042900227,16.6013044400021
13915.6140155874,18.47721454
13917.5237411521,18.72797417
13921.3431922814,19.27727162
13925.1626434107,18.10418643
13927.0723689753,18.1009885300013
13928.98209454,19.2723048
13930.8918201047,19.34556146
13932.8015456693,16.71459545
13934.711271234,16.59063391
13936.6209967986,17.2634924600016
13938.5307223633,18.66349686
13940.4404479279,17.45452747
13944.2598990573,15.65587627
13948.0793501866,16.63704515
13951.8988013159,18.3673693100011
13955.7182524452,19.36788492
13959.5377035745,19.35546416
13963.3571547038,18.72009248
13967.1766058331,18.094532
13970.9960569624,18.0951219100021
13974.8155080918,19.90652306
13978.6349592211,19.44588379
13982.4544103504,17.4340195
13986.2738614797,18.80681308
13990.093312609,20.0720790299985
13993.9127637383,18.7394625
13997.7322148676,17.38784396
14001.551665997,17.16651328
14005.3711171263,18.98686266
14009.1905682556,19.5658254000004
14013.0100193849,19.95024585
14016.8294705142,19.84218535
14020.6489216435,18.46563685
14024.4683727728,17.44434091
14028.2878239022,18.0750675800019
14032.1072750315,19.70522894
14035.9267261608,20.6184597
14039.7461772901,20.59322901
14043.5656284194,19.04025113
14047.3850795487,18.1377212900008
14051.204530678,18.86675566
14055.0239818073,19.34519229
14058.8434329367,19.74035819
14062.662884066,23.56872483
14066.4823351953,24.7826567899951
14070.3017863246,20.4652105
14074.1212374539,18.73121279
14077.9406885832,19.36164539
14081.7601397125,18.87077066
14085.5795908419,17.0541540300007
14089.3990419712,17.70891074
14093.2184931005,18.79122814
14097.0379442298,18.73359941
14100.8573953591,18.79721954
14104.6768464884,18.10143198
14108.4962976177,18.08823635
14112.315748747,18.75177823
14116.1351998764,19.94877742
14119.9546510057,22.34090037
14123.774102135,22.2785161199973
14127.5935532643,19.86542987
14131.4130043936,17.86261571
14135.2324555229,17.55353354
14139.0519066522,16.01633506
14142.8713577816,16.9386360900051
14146.6908089109,21.39978968
14150.5102600402,21.51423733
14154.3297111695,21.64478499
14158.1491622988,23.00897393
14161.9686134281,23.5667166700001
14165.7880645574,23.61380946
14169.6075156868,23.12451049
14173.4269668161,21.40040853
14177.2464179454,21.20961207
14181.0658690747,24.4757920500032
14184.885320204,27.30180692
14188.7047713333,26.783011
14192.5242224626,25.40620717
14196.3436735919,25.45836477
14200.1631247213,27.041155350002
14203.9825758506,28.79303001
14207.8020269799,28.55630286
14211.6214781092,25.6793018
14215.4409292385,22.1378311
14219.2603803678,22.8377407000037
14223.0798314971,26.05947514
14226.8992826265,29.20717737
14230.7187337558,30.24407874
14234.5381848851,31.04359424
14238.3576360144,31.4215117399962
14243.2144262295,28.03889184
14248.8537704918,23.79039604
14254.4931147541,19.45441661
14260.1324590164,16.8956258
14265.7718032787,16.2888644900026
14271.411147541,18.56281559
14277.0504918033,22.62131088
14282.6898360656,22.45588746
14288.3291803279,19.05076103
14291.148852459,21.024587230001
14293.9685245902,21.93044066
14296.7881967213,18.73198786
14299.6078688525,18.20327205
14302.4275409836,19.65276026
14305.2472131148,21.3875630700005
14308.0668852459,21.78737865
14310.8865573771,20.53906908
14313.7062295082,20.46217507
14316.5259016393,18.11511517
14319.3455737705,16.9304500600012
14322.1652459016,17.9983587
14324.9849180328,19.98299449
14327.8045901639,19.1143837
14330.6242622951,18.64772298
14333.4439344262,19.1776601400016
14336.2636065574,20.54278553
14339.0832786885,20.46506094
14341.9029508197,17.7947783
14344.7226229508,14.61933015
14347.542295082,15.6102072100015
14350.3619672131,16.93349155
14353.1816393443,18.29219715
14356.0013114754,18.79370237
14358.8209836066,18.75027743
14361.6406557377,18.7467215500001
14364.4603278689,18.80003418
14367.28,18.66224221
14370.0996721311,18.19820528
14372.9193442623,18.84287511
14375.7390163934,17.5930680999993
14378.5586885246,16.97798899
14381.3783606557,20.04559526
14384.1980327869,21.22265941
14387.017704918,21.63802268
14389.8373770492,21.8135581599999
14395.4767213115,21.76410286
14401.1160655738,21.798096
14406.7554098361,21.46820852
14412.3947540984,20.55467681
14418.0340983607,20.9160244899999
14423.673442623,20.84588962
14429.3127868852,20.45232761
14434.9521311475,22.4647725
14440.5914754098,24.88239985
14446.2308196721,28.2333658100021
14451.8701639344,30.12326882
14457.5095081967,27.65369546
14463.148852459,25.56461558
14468.7881967213,24.4565757
14474.4275409836,24.1692302599992
14480.0668852459,23.44958255
14485.7062295082,22.93785307
14491.3455737705,22.93374042
14496.9849180328,23.15613488
14502.6242622951,23.4608032600011
14508.2636065574,24.40966063
14513.9029508197,25.75205395
14519.542295082,27.11256759
14525.1816393443,26.28374209
14530.8209836066,24.0832854900023
14536.4603278689,26.1222432
14542.0996721311,30.4098238
14547.7390163934,30.36720667
14553.3783606557,27.38875057
14559.017704918,22.7432866199984
14564.6570491803,21.35486919
14570.2963934426,23.52076011
14575.9357377049,25.35693913
14581.5750819672,24.70368888
14587.2144262295,22.0532684699971
14592.8537704918,19.50564199
14598.4931147541,19.93173932
14604.1324590164,24.10875328
14609.7718032787,26.72457308
14612.5914754098,26.8306618799968
14615.411147541,24.02258382
14618.2308196721,22.47285415
14621.0504918033,22.2389828
14623.8701639344,23.91705407
14626.6898360656,24.7625166399962
14629.5095081967,21.43801668
14632.3291803279,19.31106576
14635.148852459,19.9656365
14637.9685245902,21.00758584
14640.7881967213,21.1613930700004
14643.6078688525,21.55617984
14646.4275409836,22.95138175
14649.2472131148,23.57468207
14652.0668852459,24.34011508
14654.8865573771,25.5953890699976
14657.7062295082,23.51833478
14660.5259016393,19.96537493
14663.3455737705,22.31967542
14666.1652459016,25.09478115
14671.8045901639,24.8071721399939
14674.6242622951,19.46888591
14676.0340983607,16.92559937
14677.4439344262,17.05968834
14678.8537704918,17.62830098
14680.2636065574,18.1950386700005
14681.673442623,18.59741194
14683.0832786885,22.20258652
14684.4931147541,26.80491774
14685.9029508197,28.48863269
14687.3127868852,27.1879588699977
14688.7226229508,25.19624869
14690.1324590164,22.24383828
14691.542295082,21.14816825
14692.9521311475,21.89470293
14694.3619672131,21.3407943999991
14695.7718032787,20.52394764
14697.1816393443,24.1795578
14698.5914754098,25.83070367
14700.0013114754,23.92839049
14701.411147541,22.3977870599996
14702.8209836066,22.03975012
14704.2308196721,22.62795867
14705.6406557377,25.29217041
14708.4603278689,25.02712712
14711.28,23.114053269997
14714.0996721312,20.49216938
14716.9193442623,20.18092344
14719.7390163934,23.17316832
14722.5586885246,24.16376786
14725.3783606557,25.5798290900045
14728.1980327869,29.53313783
14731.017704918,31.43973654
14733.8373770492,29.08026543
14735.2472131148,26.2064855
14736.6570491803,26.0402742200001
14737.3619672131,26.08854941
14738.0668852459,26.77190801
14738.7718032787,28.33525266
14739.4767213115,30.75992145
14740.886557377,35.7049934600009
14742.2963934426,36.52451897
14743.7062295082,31.03263479
14745.1160655738,24.65328232
14746.5259016393,22.27606255
14747.9357377049,24.2564710700006
14749.3455737705,24.74817245
14750.7554098361,25.65851605
14752.1652459016,28.12031417
14753.5750819672,29.84029819
14754.9849180328,31.4761855699983
14756.3947540984,29.94337548
14757.8045901639,26.71279685
14759.2144262295,24.33702838
14760.6242622951,24.43539711
14762.0340983607,28.7049631500019
14763.4439344262,30.35367635
14764.8537704918,28.31826175
14766.2636065574,26.6446784
14767.673442623,27.22188867
14769.0832786885,29.0284461100028
14770.4931147541,31.50892138
14771.9029508197,28.6221289
14773.3127868852,26.82313063
14774.7226229508,29.68068316
14776.1324590164,28.3194748799969
14777.542295082,25.63166041
14778.9521311475,26.00426242
14780.3619672131,28.34625036
14781.7718032787,28.11167421
14783.1816393443,27.2028377199996
14784.5914754098,26.89251547
14786.0013114754,26.61083194
14787.411147541,25.64290494
14788.8209836066,25.41946701
14790.2308196721,24.5501821099989
14791.6406557377,23.53699539
14793.0504918033,23.57723913
14794.4603278689,23.58139502
14795.8701639344,23.60011427
14797.28,23.3501802899991
14798.6898360656,22.51500939
14800.0996721312,22.34068129
14801.5095081967,23.61868491
14802.9193442623,25.39141843
14804.3291803279,28.2384709000002
14805.7390163934,28.41327369
14807.148852459,27.8619268
14809.9685245902,25.44494701
14812.7881967213,23.50793645
14815.6078688525,24.1104117299996
14818.4275409836,23.73434973
14821.2472131148,22.97368022
14824.0668852459,23.04402898
14825.4767213115,24.50986513
14826.886557377,24.2019983799995
14828.2963934426,23.73284446
14829.7062295082,24.29887893
14832.5259016393,24.07427653
14835.3455737705,22.93735228
14838.1652459016,23.3312869800016
14840.9849180328,24.70692539
14843.8045901639,26.01645748
14846.6242622951,25.98534459
14849.4439344262,23.93382195
14852.2636065574,21.0396815599988
14855.0832786885,19.9835543
14856.4931147541,20.68329023
14857.9029508197,23.25851446
14863.542295082,23.54923365
14866.3619672131,23.5523397200007
14869.1816393443,24.19713529
14872.0013114754,23.57102452
14874.8209836066,26.83113014
14877.6406557377,30.42069388
14880.4603278689,29.0957316
14886.0996721312,29.06842649
14891.7390163934,28.91976478
14897.3783606557,26.71121868
14903.017704918,24.35454766
14905.8373770492,24.6991401500015
14908.6570491803,26.00833461
14911.4767213115,25.96110851
14914.2963934426,27.1508493
14915.0013114754,30.6160513
14915.7062295082,32.1210304899954
14916.411147541,28.10866467
14917.1160655738,24.98176392
14917.8209836066,22.8303352
14918.5259016393,22.84602269
14919.9357377049,24.1758133799989
14920.6406557377,23.20923807
14921.3455737705,23.00057023
14922.7554098361,25.14781819
14923.4603278689,25.42444872
14924.1652459016,24.4478695699987
14924.8701639344,23.31635993
14925.5750819672,21.87939879
14926.9849180328,21.98569339
14928.3947540984,22.93313561
14931.2144262295,24.1424822800019
14932.6242622951,25.82515562
14934.0340983607,27.09668636
14935.4439344262,26.11977231
14936.8537704918,25.3688919
14938.2636065574,26.6301834
14939.673442623,26.59490298
14941.0832786885,26.3042834
14942.4931147541,24.69609606
14943.9029508197,23.58111688
14945.3127868852,23.6856603900033
14946.7226229508,26.56747124
14948.1324590164,33.83247638
14949.542295082,34.90652332
14950.9521311475,26.48901097
14952.3619672131,20.6373147800009
14953.7718032787,21.40101407
14956.5914754098,23.83885166
14959.411147541,25.38343588
14962.2308196721,23.18044206
14965.0504918033,21.0576052100009
14967.8701639344,21.82365771
14970.6898360656,21.7987771
14973.5095081967,20.59192073
14976.3291803279,20.65775772
14979.148852459,23.25195896
14981.9685245902,23.29097222
14984.7881967213,22.41361684
14987.6078688525,22.2231065
14990.4275409836,20.57458803
14993.2472131148,17.7870251400013
14996.0668852459,18.96693917
14998.8865573771,22.24401318
15001.7062295082,22.96104789
15004.5259016393,22.41346095
15007.3455737705,24.1433706800015
15010.1652459016,25.45523302
15012.9849180328,23.75129138
15015.8045901639,21.93611857
15018.6242622951,21.64250869
15020.0340983607,20.1389184100004
15021.4439344262,20.49646421
15022.8537704918,21.6960327
15024.2636065574,21.73261307
15025.673442623,17.74317961
15027.0832786885,15.0078794900002
15028.4931147541,15.1526873
15029.9029508197,13.91408596
15031.3127868852,14.65344927
15032.7226229508,16.18624214
15035.542295082,15.6006899900031
15038.3619672131,18.30321523
15041.1816393443,22.99885922
15044.0013114754,21.68891872
15045.411147541,20.88522175
15046.8209836066,22.9409129499995
15048.2308196721,22.48147766
15049.6406557377,21.1611257
15051.0504918033,22.57989126
15052.4603278689,23.85800043
15055.28,25.7014396000023
15058.0996721312,27.76173141
15060.9193442623,28.40132968
15063.7390163934,26.3662484
15065.148852459,22.64872775
15066.5586885246,22.8177500000015
15069.3783606557,24.17265644
15070.7881967213,23.63798564
15072.1980327869,27.1786742
15073.6078688525,33.82693261
15075.017704918,38.4971054800005
15077.8373770492,38.9590693
15080.6570491803,32.61355564
15083.4767213115,24.79290361
15089.1160655738,20.3832092
15094.7554098361,21.9160772800037
15100.3947540984,25.19495686
15106.0340983607,30.55109425
15111.673442623,35.49285214
15114.4931147541,33.14899401
15117.3127868852,29.4019235599998
15120.1324590164,29.18981569
15125.7718032787,32.89088392
15131.411147541,36.02628934
15137.0504918033,38.67498187
15139.8701639344,36.6348288799913
15142.6898360656,29.0191986
15145.5095081967,22.73945047
15148.3291803279,21.96824694
15151.148852459,25.08009447
15153.9685245902,29.0502098000005
15156.7881967213,29.44731339
15159.6078688525,25.19057259
15162.4275409836,20.31032532
15163.8373770492,18.15415657
15165.2472131147,18.8142883500024
15166.6570491803,20.91694632
15168.0668852459,22.66405026
15169.4767213115,24.06416543
15170.886557377,24.23316948
15172.2963934426,23.1178311199973
15173.7062295082,20.77598433
15175.1160655738,20.56490358
15176.5259016393,20.53403349
15177.9357377049,20.56319537
15179.3455737705,19.96478804
15180.7554098361,19.95877827
15182.1652459016,20.06609925
15183.5750819672,18.20226659
15184.9849180328,19.71443959
15186.3947540984,24.4689541900051
15187.8045901639,28.91537094
15189.2144262295,31.56350578
15190.6242622951,30.04780244
15192.0340983607,28.37957893
15193.4439344262,25.2971640499947
15194.8537704918,20.65686759
15196.2636065574,18.65707954
15197.6734426229,20.74204264
15199.0832786885,22.38588276
15200.4931147541,21.4691316100008
15201.9029508197,22.13381536
15203.3127868852,23.67727366
15204.7226229508,26.56024394
15206.1324590164,32.54897858
15208.9521311475,35.1713291899993
15210.3619672131,34.55711319
15211.7718032787,34.56329152
15214.5914754098,33.20868205
15217.411147541,32.01250296
15220.2308196721,32.9176141700015
15223.0504918033,34.25218167
15224.4603278689,36.5543362
15225.8701639344,33.27414325
15227.28,20.45861116
15228.6898360656,19.8826564000046
15230.0996721311,23.92045079
15232.9193442623,27.80770798
15235.7390163934,28.89847379
15238.5586885246,28.87090851
15241.3783606557,28.2883269499974
15244.1980327869,25.99837573
15247.017704918,21.12039043
15252.6570491803,19.73766362
15258.2963934426,20.5130883
15263.9357377049,21.9001900600005
15266.7554098361,22.37746658
15269.5750819672,20.32740733
15270.9849180328,18.02444071
15272.3947540984,19.35237996
15273.8045901639,20.7179165600003
15275.2144262295,21.01290945
15276.6242622951,22.61209404
15278.0340983607,24.85603124
15279.4439344262,23.72988996
15280.8537704918,20.6955768999997
15282.2636065574,20.40899659
15283.673442623,21.5704932
15285.0832786885,21.98092983
15286.4931147541,22.39965141
15287.9029508197,24.6918259600014
15289.3127868852,25.90114277
15290.7226229508,26.11488295
15292.1324590164,28.09136403
15293.542295082,28.74613453
15294.9521311475,26.2536971299964
15296.3619672131,23.07742845
15297.7718032787,19.8890252
15299.1816393443,19.14056289
15300.5914754098,20.53644257
15302.0013114754,22.1529458600034
15303.411147541,25.18499674
15304.8209836066,28.88979013
15306.2308196721,29.3019
15307.6406557377,27.40466673
15309.0504918033,28.7748120299974
15310.4603278689,26.47663864
15311.8701639344,22.18831109
15313.28,20.27263712
15314.6898360656,19.38087172
15317.5095081967,19.6458219000015
15320.3291803279,20.97986223
15321.7390163934,23.95140731
15323.148852459,25.7684588
15324.5586885246,23.681104
15325.9685245902,22.8670580999997
15331.6078688525,22.59154162
15337.2472131148,18.5209903
15342.886557377,14.16016185
15348.5259016393,14.31477181
15354.1652459016,17.7278798100031
15359.8045901639,20.46353688
15365.4439344262,21.11604256
15371.0832786885,20.25833334
15373.9029508197,17.54435618
15376.7226229508,16.2347317900019
15379.542295082,17.87204919
15382.3619672131,23.65498709
15385.1816393443,27.45148608
15388.0013114754,27.30136847
15389.411147541,25.0711761099974
15390.8209836066,22.75837709
15392.2308196721,19.61052684
15393.6406557377,17.11591943
15395.0504918033,16.84555614
15396.4603278689,19.8124021800015
15397.8701639344,21.09631091
15399.28,20.84726615
15402.0996721311,20.47144291
15404.9193442623,20.46030419
15406.3291803279,18.9364992599975
15407.7390163934,16.75149899
15409.148852459,18.9199895
15410.5586885246,23.80262161
15411.9685245902,27.83526488
15413.3783606557,31.1049395200033
15414.7881967213,33.97060122
15416.1980327869,36.0205873
15416.9029508197,34.04443577
15417.6078688525,26.75956268
15418.3127868852,20.1731610899966
15419.017704918,17.18081097
15419.7226229508,16.7897526
15420.4275409836,17.35770963
15421.1324590164,18.05183649
15421.8373770492,17.3399618999987
15422.542295082,16.22149312
15423.2472131148,16.14492807
15423.9521311475,20.38327717
15424.6570491803,28.01764597
15425.3619672131,31.4138242199986
15426.0668852459,30.16206139
15426.7718032787,26.20620142
15427.4767213115,19.70954714
15428.1816393443,16.2498852
15428.886557377,17.0317108800015
15429.5914754098,18.34059954
15430.2963934426,19.18707214
15431.0013114754,18.45203108
15431.7062295082,15.79513701
15432.411147541,13.7382068600013
15433.1160655738,14.86503396
15433.8209836066,17.81222389
15434.5259016394,18.66275776
15435.2308196721,16.61254865
15435.9357377049,14.9897633700005
15436.6406557377,15.40927011
15437.3455737705,15.67778191
15438.7554098361,14.43607672
15441.5750819672,14.4965769
15444.3947540984,16.3457151199995
15447.2144262295,15.90994666
15450.0340983607,15.03944909
15452.8537704918,15.20073568
15454.2636065574,15.83960001
15455.673442623,18.4121066700083
15457.0832786885,25.73265488
15458.4931147541,30.28893831
15459.9029508197,32.03445042
15462.7226229508,35.40231223
15465.542295082,38.313473130001
15468.3619672131,39.23272309
15471.1816393443,38.54093028
15474.0013114754,36.56887922
15476.8209836066,36.50538013
15481.0504918033,36.6756377399995
15486.6898360656,36.24504089
15492.3291803279,35.50245376
15497.9685245902,38.10989929
15503.6078688525,39.47850174
15509.2472131148,34.4281606199951
15514.8865573771,30.16017139
15520.5259016394,28.87046842
15523.3455737705,28.73777983
15526.1652459016,28.35808367
15528.9849180328,26.6286991999984
15530.3947540984,25.25123882
15531.8045901639,27.60289291
15533.2144262295,29.59557223
15534.6242622951,27.88426113
15535.3291803279,27.1503502599982
15536.0340983607,25.60129735
15536.7390163934,24.73141178
15537.4439344262,27.42171307
15538.8537704918,29.4606756
15540.2636065574,27.9297903699963
15541.673442623,24.63716944
15543.0832786885,23.37145855
15544.4931147541,21.74069117
15545.9029508197,19.52252037
15547.3127868852,18.4005789599989
15548.7226229508,17.41312493
15550.1324590164,15.54524963
15551.542295082,15.59578486
15552.9521311475,17.37998027
15554.3619672131,20.4146159199986
15555.7718032787,19.15899746
15557.1816393443,17.99262801
15558.5914754098,17.8251612
15560.0013114754,15.93238472
15561.411147541,16.8236607400013
15562.8209836066,17.95321996
15564.2308196721,16.56370037
15565.6406557377,16.14793125
15567.0504918033,18.2060966
15568.4603278689,19.86389148
15569.8701639344,19.84164406
15571.28,20.18860009
15572.6898360656,22.1649207
15574.0996721311,20.84301768
15576.9193442623,20.523382950002
15578.3291803279,22.2960959
15579.7390163934,22.02313282
15581.148852459,21.08292831
15582.5586885246,20.83801688
15583.9685245902,18.9798422500022
15585.3783606557,20.93360928
15586.7881967213,20.89985287
15588.1980327869,18.65964402
15589.6078688525,20.73253165
15591.017704918,24.0753836800048
15592.4275409836,28.31071473
15593.8373770492,30.70071815
15595.2472131147,28.1784037
15596.6570491803,28.64612572
15598.0668852459,32.2856716699969
15599.4767213115,29.53689539
15600.8865573771,26.8030257
15602.2963934426,24.48113091
15605.1160655738,23.54192683
15607.9357377049,28.2495938000059
15610.7554098361,33.40177709
15612.1652459016,32.87713921
15613.5750819672,30.14754431
15614.9849180328,32.22929681
15616.3947540984,38.2766450899989
15619.2144262295,37.27560782
15622.0340983607,32.59261664
15624.8537704918,30.70494538
15627.6734426229,26.95930801
15630.4931147541,23.5862984499977
15633.3127868853,21.60057396
15634.7226229508,26.1764649
15636.1324590164,33.50594262
15637.542295082,36.62474984
15638.9521311475,32.9922502199994
15640.3619672131,32.49694085
15641.7718032787,33.47163307
15643.1816393443,29.61790422
15644.5914754098,26.99182347
15646.0013114754,28.8828385200026
15647.411147541,31.19736832
15650.2308196721,26.63459574
15653.0504918033,23.38736055
15655.8701639344,22.36971412
15658.6898360656,23.5088941200038
15661.5095081967,26.84439569
15669.9685245902,27.08022896
15678.4275409836,25.10277539
15684.0668852459,28.74343681
15692.5259016393,36.1757415500052
15703.8045901639,40.72663918
15715.0832786885,42.1403586
15726.3619672131,38.38045183
15737.6406557377,31.48525079
15748.9193442623,33.1732772100113
15750.3291803279,43.07953746
15751.7390163934,53.0369632
15753.148852459,57.31731789
15754.5586885246,50.95978866
15757.3783606557,41.8706957599969
15758.7881967213,39.13469156
15760.1980327869,40.14526567
15761.6078688525,42.98007687
15763.017704918,46.4402669
15764.4275409836,49.2296465600008
15765.8373770492,49.94689587
15767.2472131148,48.68357184
15768.6570491803,47.83853554
15771.4767213115,47.42799714
15774.2963934426,46.1856564399981
15777.1160655738,44.52760145
15779.9357377049,46.67035006
15782.7554098361,48.39262372
15788.3947540984,50.50944717
15794.0340983607,50.9240795299967
15799.673442623,47.98741618
15805.3127868852,45.12087886
15810.9521311475,43.67556466
15816.5914754098,41.46255728
15822.2308196721,40.3165422400016
15833.5095081967,41.69055495
15844.7881967213,41.20439745
15856.0668852459,39.39973941
15867.3455737705,36.96885086
15878.6242622951,35.2319689400002
15889.9029508197,35.38056613
15901.1816393443,39.71292909
15912.4603278689,42.75461051
15923.7390163934,41.87509491
15932.1980327869,40.5707714099983
15937.8373770492,39.04431038
15940.6570491803,39.99302694
15943.4767213115,40.96463179
15946.2963934426,40.92615037
15951.9357377049,42.7061379400068
15957.5750819672,48.68028274
15963.2144262295,49.90371032
15968.8537704918,46.12739124
15974.4931147541,40.13123813
15980.1324590164,39.8726961900046
15985.7718032787,43.91674703
15991.411147541,39.46530029
15997.0504918033,29.00171465
16002.6898360656,25.57127576
16011.148852459,28.4568462899982
16022.4275409836,26.84096832
16033.7062295082,23.18247461
16042.1652459016,19.96561986
16047.8045901639,19.26187035
16053.4439344262,19.6978708500024
16059.0832786885,21.8060669
16064.7226229508,31.46547235
16070.3619672131,43.54585319
16076.0013114754,48.44683932
16081.6406557377,44.8714879599957
16087.28,41.0716991
16092.9193442623,40.26698191
16098.5586885246,41.50191801
16104.1980327869,41.5618097
16109.8373770492,44.3498434100019
16115.4767213115,46.00719449
16121.1160655738,37.76254993
16126.7554098361,27.97988418
16132.3947540984,24.84420832
16143.673442623,24.8789300600016
16154.9521311475,26.313111
16160.5914754098,26.56823436
16166.2308196721,25.24829448
16171.8701639344,29.71259378
16177.5095081967,35.6599142900059
16183.148852459,40.85142008
16185.9685245902,38.17785191
16188.7881967213,31.99894743
16191.6078688525,29.86429452
16197.2472131148,28.4323856999979
16202.8865573771,26.60547382
16211.3455737705,26.45563075
16222.6242622951,31.85773224
16233.9029508197,38.10467902
16245.1816393443,37.6684238699926
16256.4603278689,31.19396075
16262.0996721311,32.80614109
16273.3783606557,39.74453893
16284.6570491803,40.82412687
16293.1160655738,37.5661625799924
16298.7554098361,30.85838768
16307.2144262295,26.76159825
16312.8537704918,32.0055382
16318.4931147541,37.40566836
16324.1324590164,34.9712447599927
16329.7718032787,28.54098626
16332.5914754098,26.23317412
16335.411147541,30.53394502
16338.2308196721,32.98606493
16341.0504918033,27.8745045799964
16343.8701639344,24.68146359
16346.6898360656,24.6868943
16349.5095081967,25.07221619
16350.9193442623,30.59702696
16352.3291803279,33.7226192499948
16353.7390163934,29.15947468
16355.148852459,23.01840871
16356.5586885246,22.96067984
16357.9685245902,23.97132257
16360.7881967213,23.4360081500019
16363.6078688525,25.0968217
16366.4275409836,29.72145183
16369.2472131148,31.27598304
16372.0668852459,28.01335995
16374.886557377,27.6017470100022
16377.7062295082,29.54961357
16380.5259016393,31.22966151
16383.3455737705,36.52719321
16386.1652459016,41.60954294
16391.8045901639,40.1697235999875
16397.4439344262,29.16151331
16400.2636065574,20.73725018
16403.0832786885,18.55091788
16408.7226229508,19.34330365
16411.542295082,19.2618993200028
16414.3619672131,21.75534426
16417.1816393443,24.00663547
16420.0013114754,24.69725687
16422.8209836066,23.54009038
16425.6406557377,21.5997936399997
16431.28,21.32057754
16434.0996721311,23.66682453
16436.9193442623,24.06168381
16439.7390163934,22.68980823
16442.5586885246,18.7248674299957
16445.3783606557,14.92861857
16448.1980327869,14.74160093
16451.017704918,15.95668418
16453.8373770492,15.66200961
16456.6570491803,14.8932790300005
16459.4767213115,15.31392127
16462.2963934426,16.60878558
16465.1160655738,17.53189766
16467.9357377049,16.24306243
16470.7554098361,16.3567596900005
16473.5750819672,16.81704922
16476.3947540984,16.67928482
16479.2144262295,16.19393465
16482.0340983607,17.50899217
16487.6734426229,20.5888254600059
16493.3127868852,25.79371022
16498.9521311475,28.74393574
16504.5914754098,30.04003948
16510.2308196721,33.61507477
16515.8701639344,35.4899120399991
16521.5095081967,34.73938015
16527.148852459,33.37685112
16532.7881967213,30.44594752
16538.4275409836,27.49272022
16544.0668852459,27.8775865100029
16549.7062295082,30.46429396
16555.3455737705,31.24842828
16560.9849180328,30.67393437
16563.8045901639,30.82717757
16566.6242622951,33.0966182400023
16569.4439344262,35.12281052
16575.0832786885,34.99094888
16580.7226229508,32.44418625
16583.542295082,32.63980806
16589.1816393443,32.3721275099991
16600.4603278689,31.59426183
16611.7390163934,33.6542626
16617.3783606557,32.91846016
16623.017704918,31.83616098
16627.2472131147,31.6294681799984
16630.0668852459,30.20326265
16632.886557377,30.94019686
16637.1160655738,34.51734804
16639.9357377049,34.52225249
16642.7554098361,31.8615717300016
16648.3947540984,33.25062381
16654.0340983607,33.67354349
16659.6734426229,33.79396474
16665.3127868852,34.48029516
16670.9521311475,32.0152549800013
16676.5914754098,33.12347552
16682.2308196721,37.4251277
16687.8701639344,38.48531165
16693.5095081967,38.4644033
16699.148852459,39.6955981500037
16704.7881967213,42.91535224
16710.4275409836,43.83135496
16716.0668852459,40.81878896
16721.7062295082,40.61296085
16727.3455737705,41.4545860600004
16732.9849180328,41.77652183
16738.6242622951,42.28306205
16744.2636065574,43.35701823
16749.9029508197,43.78345262
16758.3619672131,46.237934189999
16766.8209836066,45.39156104
16772.4603278689,40.66160617
16778.0996721312,37.18647674
16783.7390163934,37.37172212
16789.3783606557,35.6099211699992
16795.017704918,34.91035384
16800.6570491803,34.02283323
16806.2963934426,33.03410844
16811.9357377049,34.0897508
16817.5750819672,36.8913395800027
16823.2144262295,39.23440804
16828.8537704918,38.47786427
16837.3127868852,36.80142836
16842.9521311475,39.26575579
16848.5914754098,37.6575885199944
16854.2308196721,32.7313085
16859.8701639344,32.32454774
16865.5095081967,39.89278803
16871.148852459,45.01880138
16876.7881967213,44.500122759998
16882.4275409836,42.72574656
16885.2472131148,46.26875218
16888.0668852459,49.43296015
16890.8865573771,46.10086391
16893.7062295082,42.0981986000009
16896.5259016393,42.86472358
16899.3455737705,45.6697402
16902.1652459016,50.2539686
16904.9849180328,48.9361736
16910.6242622951,42.7353306800014
16916.2636065574,44.00510533
16919.0832786885,48.23955409
16921.9029508197,45.68394432
16927.542295082,42.13204109
16928.9521311475,45.6333524100058
16930.3619672131,50.69771029
16931.7718032787,50.53845756
16933.1816393443,42.58331422
16934.5914754098,36.96019033
16936.0013114754,36.6831524300038
16937.411147541,40.04630049
16938.8209836066,43.69281514
16941.6406557377,45.05397703
16944.4603278689,46.36296655
16950.0996721311,45.595666939996
16955.7390163934,42.11001713
16961.3783606557,37.59231688
16967.017704918,37.56970018
16972.6570491803,39.87777351
16978.2963934426,42.3948590299996
16983.9357377049,42.07297831
16989.5750819672,40.25357206
16995.2144262295,37.04271403
17006.4931147541,33.1871621
17017.7718032787,33.8043061100069
17029.0504918033,39.84882355
17040.3291803279,47.91161119
17051.6078688525,45.95819604
17057.2472131148,42.51614136
17062.886557377,41.8876358099978
17068.5259016393,39.93593559
17079.8045901639,36.8812581
17088.2636065574,34.24456456
17093.9029508197,35.09479296
17102.3619672131,34.8723400899993
17113.6406557377,34.27192852
17124.9193442623,34.99330832
17136.1980327869,29.50390649
17153.1160655738,30.20932203
17164.3947540984,33.8993133500013
17170.0340983607,35.02408986
17175.673442623,32.10416401
17181.3127868852,31.23265339
17186.9521311475,34.15706835
17192.5914754098,33.1088816399968
17198.2308196721,30.2534742
17203.8701639344,27.30751893
17209.5095081967,28.01098642
17215.148852459,28.42161869
17220.7881967213,28.596968640003
17226.4275409836,31.27092518
17232.0668852459,34.18129486
17243.3455737705,35.66552477
17248.9849180328,33.24388967
17254.6242622951,29.8920114000002
17258.8537704918,30.06432356
17263.0832786885,32.98375813
17268.7226229508,35.04642401
17277.1816393443,37.38059405
17288.4603278689,38.5129542099984
17299.7390163934,37.14956526
17311.017704918,35.15158372
17322.2963934426,31.00258291
17333.5750819672,28.29139179
17344.8537704918,28.0422500899982
17356.1324590164,26.44302977
17364.5914754098,30.54144715
17368.8209836066,35.46105238
17370.2308196721,34.87228197
17371.6406557377,31.3310002899986
17375.8701639344,30.14212767
17381.5095081967,31.38772161
17387.148852459,34.05037746
17389.9685245902,36.36562829
17392.7881967213,35.4637697599977
17395.6078688525,33.44430995
17398.4275409836,31.10943873
17401.2472131148,30.3177631
17404.0668852459,31.7438256
17406.8865573771,30.507090729997
17409.7062295082,27.84013448
17412.5259016393,28.73682905
17415.3455737705,29.57362265
17418.1652459016,29.16765065
17420.9849180328,30.7964902600014
17423.8045901639,32.04848685
17426.6242622951,29.75347822
17429.4439344262,29.16098478
17432.2636065574,30.51627318
17435.0832786885,31.4357489699993
17437.9029508197,30.86090057
17440.7226229508,27.17644656
17443.542295082,21.87311369
17446.3619672131,22.21646401
17449.1816393443,27.6074826100047
17452.0013114754,31.73639428
17457.6406557377,34.63507042
17463.28,35.07077935
17474.5586885246,33.9581026
17485.8373770492,33.914831259998
17497.1160655738,32.19784569
17504.1652459016,29.51965562
17506.9849180328,28.66276814
17509.8045901639,25.18034091
17512.6242622951,25.5317257500019
17516.8537704918,27.19659148
17519.673442623,24.15970111
17522.4931147541,23.67606579
17525.3127868852,26.06241762
17528.1324590164,27.7686468100005
17530.9521311475,28.24645205
17536.5914754098,25.92860336
17545.0504918033,24.38117336
17550.6898360656,24.08121505
17556.3291803279,25.3815021500013
17561.9685245902,26.55943255
17567.6078688525,27.8845681
17573.2472131148,29.92286668
17578.886557377,34.48965696
17584.5259016393,37.4845000699992
17590.1652459016,36.79454757
17595.8045901639,36.34888482
17604.2636065574,35.18305458
17615.542295082,33.6766778
17624.0013114754,28.1458834399981
17629.6406557377,26.48990179
17635.28,27.20428221
17640.9193442623,28.66026571
17646.5586885246,30.21605137
17655.017704918,30.1691736700026
17666.2963934426,32.49622596
17677.5750819672,36.61438045
17688.8537704918,35.71047434
17697.3127868852,32.310956
17702.9521311475,32.3857184300004
17708.5914754098,32.70648253
17714.2308196721,31.45250084
17719.8701639344,29.67861288
17725.5095081967,28.40084877
17731.148852459,29.0835446200003
17736.7881967213,29.30393507
17739.6078688525,32.94690174
17745.2472131148,37.66827149
17750.8865573771,38.01975284
17756.5259016393,36.6609685499992
17760.7554098361,35.92056085
17763.5750819672,35.25646495
17767.8045901639,31.79072015
17773.4439344262,30.33430894
17779.0832786885,33.4132984900036
17784.7226229508,36.58249704
17790.3619672131,37.51483713
17793.1816393443,34.40054861
17796.0013114754,31.46600506
17798.8209836066,27.0217657299919
17801.6406557377,19.90030739
17804.4603278689,17.07885465
17807.28,24.57833256
17818.5586885246,34.1548557
17835.4767213115,33.1779124599906
17843.9357377049,24.89221499
17846.7554098361,19.40499559
17863.673442623,22.30823317
17880.5914754098,36.5194798
17886.2308196721,42.6268676099983
17891.8701639344,41.14984148
17897.5095081967,42.29354406
17903.148852459,40.97678948
17914.4275409836,39.46726582
17917.2472131148,36.0207578299981
17920.0668852459,34.32655306
17925.7062295082,37.79735387
17936.9849180328,39.17449737
17942.6242622951,39.29727418
17948.2636065574,37.1880261799961
17959.542295082,33.71106534
17970.8209836066,31.97596402
17982.0996721311,30.57221494
17990.5586885246,31.83522605
17993.3783606557,37.8668191000016
17999.017704918,39.3071102
18010.2963934426,40.00627424
18027.2144262295,42.61779511
18049.7718032787,41.96163251
18072.3291803279,41.4380894200023
18094.886557377,43.48736835
18117.4439344262,44.81389283
18140.0013114754,45.94598377
18162.5586885246,46.31416964
18173.8373770492,49.2415294900013
18185.1160655738,50.40175963
18196.3947540984,40.43869695
18207.6734426229,26.3780345
18213.3127868852,17.92627145
18218.9521311475,15.7831466299992
18224.5914754098,15.11066148
18230.2308196721,15.10611179
18235.8701639344,15.11446799
18241.5095081967,15.46059526
18247.148852459,19.9689322800081
18258.4275409836,27.09590001
18269.7062295082,25.10087115
18280.9849180328,20.45328745
18292.2636065574,18.82261687
18303.542295082,18.1456881599982
18314.8209836066,16.59072766
18326.0996721311,16.31216024
18337.3783606557,15.8675902
18348.6570491803,15.11297935
18359.9357377049,16.6698253600066
18365.5750819672,22.43606281
18371.2144262295,25.4953866
18376.8537704918,25.9359049
18382.4931147541,26.00715891
18385.3127868852,25.3738755700008
18388.1324590164,26.07800035
18390.9521311475,23.29645477
18393.7718032787,15.01072752
18395.1816393443,11.5238897
18396.5914754098,13.2458132000068
18398.0013114754,19.25324498
18399.411147541,26.06488699
18405.0504918033,30.11097658
18410.6898360656,33.21180928
18416.3291803279,34.4890284900003
18433.2472131148,34.7366328
18455.8045901639,37.01645907
18478.3619672131,38.55154889
18484.0013114754,41.44597498
18489.6406557377,47.9063094900016
18500.9193442623,49.35497201
18512.1980327869,41.45645577
18523.4767213115,36.91652403
18534.7554098361,39.75169503
18546.0340983607,43.7507938600039
18557.3127868852,47.14234258
18565.7718032787,49.32633859
18571.411147541,45.49155379
18577.0504918033,40.60393253
18582.6898360656,39.0667618099989
18588.3291803279,38.11937055
18592.5586885246,39.61281142
18595.3783606557,40.48008996
18598.1980327869,38.09939354
18602.4275409836,36.1886458400001
18608.0668852459,36.30020317
18630.6242622951,34.62634253
18653.1816393443,33.2043195
18670.0996721311,32.56789614
18675.7390163934,34.6181375200002
18681.3783606557,34.80667345
18687.017704918,30.14590311
18692.6570491803,27.76140272
18698.2963934426,29.41098512
18703.9357377049,30.836196719996
18706.7554098361,27.31778207
18709.5750819672,25.9495273
18712.3947540984,28.21036758
18715.2144262295,27.59795618
18720.8537704918,25.2332714999998
18723.6734426229,25.08469306
18726.4931147541,29.57466251
18729.3127868852,30.77403045
18732.1324590164,28.60265784
18737.7718032787,24.6136480900001
18740.5914754098,24.66433655
18743.411147541,25.99071463
18749.0504918033,25.95220625
18754.6898360656,26.43257362
18760.3291803279,26.2716630699982
18765.9685245902,24.68797549
18771.6078688525,28.90173438
18777.2472131148,31.91745943
18782.886557377,28.39415739
18785.7062295082,23.3499397200022
18788.5259016393,25.26278424
18794.1652459016,30.14085831
18799.8045901639,30.59738546
18805.4439344262,26.41252556
18811.0832786885,24.7171007300021
18822.3619672131,26.57147338
18828.0013114754,28.4742477
18833.6406557377,26.50799647
18839.28,22.46534612
18844.9193442623,25.687853560001
18850.5586885246,26.57585346
18856.1980327869,24.13196101
18861.8373770492,21.73868412
18867.4767213115,24.33645652
18873.1160655738,29.9090004500038
18878.7554098361,33.22612949
18884.3947540984,31.41990023
18890.0340983607,29.66191079
18895.673442623,26.38249626
18901.3127868852,23.0150191800007
18906.9521311475,23.66177804
18912.5914754098,26.91291837
18918.2308196721,28.32097063
18923.8701639344,25.00636217
18929.5095081967,21.7544469500014
18935.148852459,23.00947024
18940.7881967213,27.55512829
18946.4275409836,29.70588188
18952.0668852459,27.72008628
18957.7062295082,25.3248813699998
18963.3455737705,25.17897941
18968.9849180328,29.24626894
18974.6242622951,39.39766246
18977.4439344262,40.781295
18980.2636065574,33.1652447599921
18983.0832786885,26.20611902
18985.9029508197,21.90823231
18988.7226229508,25.1841791
18991.542295082,32.50250119
18994.3619672131,35.0829915799996
18997.1816393443,34.75709172
19000.0013114754,30.23423442
19002.8209836066,28.33600823
19008.4603278689,29.1607821
19014.0996721311,29.4891157000011
19019.7390163934,30.48068475
19031.017704918,34.6252497
19042.2963934426,38.10410703
19053.5750819672,40.4938297
19064.8537704918,39.8112668900001
19076.1324590164,39.94204745
19087.411147541,39.48513858
19098.6898360656,37.62702561
19109.9685245902,31.68972392
19121.2472131148,25.0369065599984
19129.7062295082,23.63490777
19135.3455737705,27.7095944
19138.1652459016,38.8921284
19140.9849180328,49.44881389
19143.8045901639,41.5488697299885
19149.4439344262,31.42177608
19155.0832786885,29.16691282
19160.7226229508,26.28457462
19169.1816393443,25.62800925
19174.8209836066,30.8866310800031
19177.6406557377,33.62989563
19180.4603278689,27.57985223
19183.28,26.00315647
19188.9193442623,29.18723839
19200.1980327869,34.0048894400066
19211.4767213115,39.82237284
19217.1160655738,37.97796892
19222.7554098361,35.6891288
19228.3947540984,38.78607667
19234.0340983607,39.324282229998
19245.3127868852,37.59971422
19267.8701639344,31.59385112
19290.4275409836,27.29556871
19307.3455737705,24.17569773
19318.6242622951,22.0996565000008
19335.542295082,22.77512775
19346.8209836066,24.77182706
19358.0996721312,24.68125397
19369.3783606557,23.43069019
19380.6570491803,26.8019480600098
19391.9357377049,35.42951076
19403.2144262295,40.81734871
19414.4931147541,38.84456069
19425.7718032787,34.40005845
19437.0504918033,31.2978043199974
19442.6898360656,29.05140445
19448.3291803279,27.8044701
19459.6078688525,29.17597101
19465.2472131148,30.17432858
19470.8865573771,27.1943046599943
19482.1652459016,22.15067746
19493.4439344262,19.32644959
19504.7226229508,22.58030567
19516.0013114754,27.80804304
19527.28,26.8663593099976
19538.5586885246,24.76890104
19549.8373770492,24.20607915
19561.1160655738,25.92224779
19572.3947540984,27.28311846
19589.3127868852,27.742719540003
19628.7881967213,30.38407871
19651.3455737705,36.42511674
19662.6242622951,35.22747504
19673.9029508197,29.02026249
19685.1816393443,26.6235568100011
19696.4603278689,27.61403347
19713.3783606557,30.62281253
19721.8373770492,33.03095668
19727.4767213115,32.78624609
19730.2963934426,30.8600986799989
19735.9357377049,29.86499128
19741.5750819672,28.686829
19752.8537704918,26.92546171
19775.411147541,27.04116455
19792.3291803279,29.0090980900006
19803.6078688525,29.50017377
19826.1652459016,27.85479187
19848.7226229508,27.51837835
19871.28,30.30194278
19893.8373770492,31.4156631600006
19905.1160655738,31.6877072
19916.3947540984,36.32430974
19933.3127868853,40.3398169800005
19950.2308196721,40.57653347
19955.8701639344,39.2400437400049
19961.5095081967,41.3865785
19967.148852459,44.51073879
19969.9685245902,40.6322017599914
19972.7881967213,36.8521784
19978.4275409836,37.9552385400016
19984.0668852459,38.64822666
19989.7062295082,38.59228196
19992.5259016393,36.2513927099945
20000.9849180328,33.83414752
20012.2636065574,35.0546569100079
20017.9029508197,38.53205709
20023.542295082,39.43016477
20026.3619672131,35.557806969999
20029.1816393443,35.12047409
20032.0013114754,38.7832249500023
20034.8209836066,39.812735
20040.4603278689,38.41615942
20051.7390163934,37.4580259700003
20068.6570491803,37.58476929
20079.9357377049,35.4307408299953
20088.3947540984,33.3585842
20094.0340983607,33.92301685
20102.4931147541,32.3708396599964
20113.7718032787,30.77417142
20119.411147541,32.3979563500053
20125.0504918033,34.73173884
20141.9685245902,36.16569728
20158.886557377,35.6301550199931
20181.4439344262,32.59082408
20204.0013114754,30.7437714600012
20226.5586885246,31.29113844
20249.1160655738,32.12623929
20266.0340983607,31.9719475899939
20277.3127868853,29.28620731
20285.7718032787,27.0010809100081
20294.2308196721,30.5848065
20305.5095081967,34.40971175
20316.7881967213,33.6238430699972
20328.0668852459,32.37720617
20339.3455737705,29.9107602599991
20350.6242622951,29.51545456
20361.9029508197,31.68863091
20367.542295082,33.3660268900048
20373.1816393443,35.48167235
20381.6406557377,38.202190340001
20387.28,38.66203285
20392.9193442623,34.10548222
20398.5586885246,33.5119293800077
20404.1980327869,36.89635083
20409.8373770492,37.5580047799927
20415.4767213115,34.34967349
20423.9357377049,31.36448113
20435.2144262295,30.0096162599977
20446.4931147541,28.99688452
20457.7718032787,27.9557300099964
20469.0504918033,26.36942736
20485.9685245902,25.30527508
20502.8865573771,26.862267280003
20514.1652459016,28.1861994
20525.4439344262,28.7698919600086
20536.7226229508,32.56533515
20548.0013114754,33.65408856
20559.28,29.8067867700011
20570.5586885246,30.31030183
20581.8373770492,33.981034920001
20593.1160655738,34.4318776
20615.673442623,33.08392607
20626.9521311475,29.7891798099919
20638.2308196721,26.23836567
20649.5095081967,23.7298903099969
20660.7881967213,22.37171973
20672.0668852459,24.16153611
20683.3455737705,24.4986895899968
20694.6242622951,23.10201928
20705.9029508197,23.508428520003
20717.1816393443,24.82238344
20728.4603278689,24.30643378
20739.7390163934,25.0805922699998
20751.017704918,24.98716528
20762.2963934426,22.9668546200018
20773.5750819672,23.77586333
20784.8537704918,25.82293293
20790.4931147541,27.3627734799982
20796.1324590164,26.55867532
20807.411147541,24.1470878200014
20818.6898360656,24.76758304
20829.9685245902,25.77430024
20841.2472131148,26.1529025500021
20846.8865573771,27.09225424
20852.5259016393,27.1392250999954
20858.1652459016,25.11781929
20863.8045901639,24.90349356
20869.4439344262,25.4524729199998
20875.0832786885,25.38545689
20880.7226229508,23.7245747599998
20886.3619672131,23.64046544
20897.6406557377,26.8133561
20908.9193442623,30.0190053500018
20920.1980327869,30.81016716
20931.4767213115,28.5968713899896
20942.7554098361,24.00284935
20954.0340983607,25.09599678
20965.3127868852,26.5932707900027
20976.5914754098,27.7919197
20999.148852459,27.021794459997
21021.7062295082,25.70449623
21044.2636065574,24.32976576
21049.9029508197,24.6312259500059
21055.542295082,27.22888227
21061.1816393443,25.1002891299942
21066.8209836066,22.55335443
21072.4603278689,22.84877855
21078.0996721312,24.3904747900067
21080.9193442623,27.31897382
21083.7390163934,28.5592621900041
21086.5586885246,30.36620744
21089.3783606557,28.09109289
21092.1980327869,26.3059678399951
21093.6078688525,24.14808942
21095.017704918,22.5207324300056
21097.8373770492,24.96225209
21100.6570491803,26.46050812
21103.4767213115,27.1854706099998
21106.2963934426,27.09484667
21107.7062295082,25.0863313899926
21109.1160655738,21.84175175
21111.9357377049,22.23614808
21114.7554098361,23.6651856900054
21116.1652459016,26.03486126
21117.5750819672,26.0320666000012
21118.9849180328,26.56657476
