"AGE","GR"
2542.64620643095,9.33802631578936
2544.57528897821,9.85819736842108
2546.50437152547,8.79957894736843
2548.43345407272,9.01328104575163
2550.36253661998,9.56321052631593
2552.29161916724,10.1791907894738
2554.2207017145,11.0079078947368
2556.14978426176,11.6380718954248
2558.07886680902,10.3619999999999
2560.00794935628,10.4512302631577
2561.93703190354,10.273355263158
2563.86611445079,10.622
2567.72427954531,11.1471764705883
2571.58244463983,11.1081052631579
2575.44060973435,12.6846666666666
2578.33423355523,12.2259868421052
2580.26331610249,10.8387254901961
2581.22785737612,11.6749671052632
2583.15693992338,11.1507777777778
2585.08602247064,11.1243157894736
2587.0151050179,11.2211176470588
2588.94418756516,11.0137434210527
2590.87327011242,10.951
2592.80235265967,9.86747368421059
2594.73143520693,8.48341447368446
2598.58960030145,10.5357631578949
2602.44776539597,10.2841568627451
2606.30593049048,8.422
2610.164095585,9.23943421052604
2614.02226067952,10.9854276315792
2615.95134322678,10.2507368421053
2619.80950832129,10.1027973856209
2623.66767341581,9.65126315789476
2627.52583851033,9.17940522875814
2631.38400360485,10.6355000000003
2635.24216869936,11.2754509803921
2639.10033379388,9.51419078947364
2642.9584988884,8.70780392156863
2646.81666398292,11.0683289473681
2650.67482907743,13.7757843137257
2658.39115926647,13.6104078947367
2664.17840690824,11.6555294117646
2668.03657200276,10.4762105263158
2671.89473709728,9.78657894736842
2675.7529021918,10.6016447368425
2679.61106728631,10.7995555555555
2683.46923238083,11.0925359477123
2687.32739747535,9.98898684210518
2691.18556256986,9.98980921052636
2694.07918639075,9.40121052631565
2696.00826893801,8.26972549019606
2698.9018927589,8.6802894736842
2701.79551657979,8.74946710526315
2703.72459912705,9.40003947368428
2705.6536816743,10.5532941176474
2707.58276422156,10.0159078947367
2708.54730549519,9.17827450980392
2710.47638804245,10.4509473684209
2712.40547058971,11.0398039215688
2713.37001186334,9.25407894736827
2715.2990944106,9.25260130718972
2717.22817695786,9.78867105263157
2719.15725950511,9.00624342105269
2721.31787624054,8.86628947368416
2722.48799206618,9.61386274509813
2723.65810789182,9.94879084967307
2724.82822371746,8.90336842105263
2725.9983395431,8.04905263157896
2726.58339745591,7.74741176470585
2727.16845536873,9.80835294117699
2728.33857119437,13.0865921052632
2729.50868702001,12.1152368421051
2730.67880284565,9.98715789473684
2731.84891867129,10.201679738562
2733.01903449693,11.7132434210528
2734.18915032256,10.7531045751633
2735.3592661482,9.5833552631579
2736.52938197384,9.89769934640501
2737.69949779948,10.6054999999998
2738.86961362512,10.7852287581695
2740.03972945075,8.93476315789467
2741.20984527639,7.02326315789454
2743.55007692767,9.3686184210526
2745.89030857895,9.4040588235295
2748.23054023022,7.64246052631549
2750.5707718815,8.86432236842106
2752.91100353278,10.6026513157895
2757.59146683533,9.88416339869293
2759.93169848661,9.92330718954249
2764.61216178916,10.3408157894738
2769.29262509171,10.2737499999999
2773.97308839427,11.0570526315789
2778.65355169682,12.0972091503266
2783.33401499937,12.5406776315791
2788.01447830193,11.6315816993455
2792.69494160448,8.12031578947374
2795.03517325575,10.1879999999999
2797.37540490703,11.3710197368422
2799.71563655831,9.02333333333371
2800.88575238395,7.74815789473701
2802.05586820958,9.26006535947709
2803.22598403522,9.37940789473684
2803.81104194804,8.38497385620924
2804.39609986086,7.87373684210528
2805.5662156865,8.45789473684211
2806.73633151214,8.37928947368419
2809.07656316341,8.39275816993463
2811.41679481469,8.896705882353
2812.58691064033,8.14548026315794
2813.17196855315,6.71043421052599
2813.75702646597,8.63173684210526
2814.92714229161,8.62013725490196
2816.09725811724,7.89923026315803
2817.26737394288,7.87754901960775
2818.43748976852,9.29315789473699
2819.60760559416,9.91877777777778
2820.7777214198,10.2776447368421
2823.11795307107,9.39822875816987
2827.79841637363,10.942842105263
2832.47887967618,12.2842222222223
2834.81911132746,12.4497236842104
2839.49957463001,10.8771176470588
2844.18003793256,9.52423684210538
2846.52026958384,10.6717697368419
2848.86050123512,11.6806710526316
2851.20073288639,12.7231176470588
2853.54096453767,12.1353725490196
2858.22142784022,13.5320526315791
2862.90189114278,12.0226118421054
2867.58235444533,10.1038684210527
2869.92258609661,11.7067450980393
2872.26281774788,13.8732763157894
2874.60304939916,11.8131118421054
2876.94328105044,11.6972105263156
2879.28351270171,13.5073137254908
2883.96397600427,13.2459934210526
2888.64443930682,10.9851111111111
2890.9846709581,11.1685263157894
2893.32490260937,12.4170588235295
2895.66513426065,11.7763684210526
2898.00536591193,11.0522549019608
2900.3455975632,10.8414473684211
2901.51571338884,11.3923750000002
2902.68582921448,13.1204342105262
2903.85594504012,13.5772156862745
2905.02606086575,13.3632222222222
2906.19617669139,13.3726447368422
2907.36629251703,13.4087236842106
2908.53640834267,12.2411699346407
2909.70652416831,11.9899673202615
2910.87663999395,12.8954210526318
2912.04675581958,13.2958157894737
2913.21687164522,13.971
2913.80192955804,14.0491960784313
2914.38698747086,14.8285723684211
2914.97204538368,14.8709607843135
2915.5571032965,11.9445000000001
2916.14216120932,11.549660130719
2916.72721912214,12.120388157895
2917.89733494778,11.0826339869281
2919.06745077341,11.2256710526316
2921.40768242469,11.7538815789467
2923.74791407597,9.41599342105244
2926.08814572724,11.3079607843135
2927.25826155288,13.6287368421055
2928.42837737852,12.5198486842105
2929.59849320416,12.8235657894737
2930.7686090298,13.2251176470588
2931.93872485544,13.1393921568628
2933.10884068107,12.3970986842103
2934.27895650671,12.8850921052632
2935.44907233235,13.2438157894732
2936.61918815799,17.3351111111111
2937.78930398363,17.4030131578947
2938.95941980927,13.6436470588232
2940.1295356349,12.248197368421
2942.46976728618,12.8922418300653
2944.80999893746,13.3106447368423
2945.98011476309,12.2659803921567
2947.15023058873,12.3756315789473
2949.49046224001,12.6023529411766
2951.83069389129,12.8837039473682
2954.17092554256,13.6492156862748
2956.51115719384,12.4417105263158
2958.85138884512,11.1622236842107
2963.53185214767,11.6762697368421
2965.87208379895,11.4594901960785
2970.5525471015,12.4960392156862
2975.23301040405,13.4719802631578
2979.91347370661,13.4812565789473
2984.59393700916,14.1285394736841
2989.27440031171,14.4840065359478
2991.61463196299,16.549322368421
3000.97555856809,17.9630065359475
3005.65602187065,18.9266315789468
3010.3364851732,18.3364117647061
3012.67671682448,17.806427631579
3017.35718012703,17.4931372549019
3019.69741177831,18.9588552631579
3022.03764342958,20.5385163398698
3024.37787508086,18.5592105263158
3026.71810673214,17.3725490196078
3027.88822255777,15.8782894736843
3029.05833838341,15.199875
3030.22845420905,14.5141578947369
3031.39857003469,13.3543006535943
3032.56868586033,13.8818366013072
3033.73880168597,14.926125
3036.07903333724,15.5192828947371
3038.41926498852,14.9379999999989
3043.09972829107,11.9010784313725
3045.43995994235,11.94625
3046.61007576799,15.2579078947365
3047.78019159363,14.87675
3050.1204232449,12.7253071895418
3052.46065489618,10.536125
3054.80088654746,9.031
3057.14111819873,9.406
3059.48134985001,10.4399019607843
3061.82158150129,10.2328750000001
3064.16181315256,12.297
3068.84227645511,13.914
3073.52273975767,15.5425131578946
3078.20320306022,14.1598750000001
3082.88366636277,11.4260392156853
3085.22389801405,12.172
3089.90436131661,12.835269736842
3094.58482461916,12.397375
3099.26528792171,11.0780457516339
3101.60551957299,11.2906339869281
3103.94575122426,10.9072565789473
3106.28598287554,11.116
3108.62621452682,10.5405789473685
3110.96644617809,11.8899803921567
3113.30667782937,12.1368881578947
3117.98714113192,11.6873790849672
3122.66760443448,9.3692236842105
3125.00783608575,9.00270588235294
3127.34806773703,13.1580526315786
3129.68829938831,14.3599607843137
3132.02853103958,12.0449999999997
3134.36876269086,9.20004575163371
3136.70899434214,8.98051315789451
3139.04922599341,11.81354248366
3141.38945764469,13.9642236842106
3143.72968929597,13.3294473684204
3146.06992094724,11.961980263158
3148.41015259852,11.6960915032679
3150.7503842498,13.9711437908498
3153.09061590107,13.8445065789477
3155.43084755235,15.2933618421054
3157.77107920363,14.6893684210523
3160.1113108549,12.1500000000001
3162.45154250618,11.8843750000001
3164.79177415746,12.8203529411763
3167.13200580873,11.3823684210525
3169.47223746001,10.8029738562091
3171.81246911129,12.4721842105266
3174.15270076256,12.9746209150325
3176.49293241384,13.8479078947368
3178.83316406512,16.1231241830071
3181.17339571639,16.5666513157895
3183.51362736767,15.2457777777778
3185.85385901894,14.3224210526315
3188.19409067022,12.9659342105266
3190.5343223215,14.0272828947369
3192.87455397277,14.0440980392156
3195.21478562405,11.7826470588239
3197.55501727533,9.75355263157895
3199.8952489266,9.14872368421038
3201.06536475224,9.46152631578926
3202.23548057788,9.60884313725484
3203.40559640352,12.6784276315792
3204.57571222916,14.1972434210524
3205.7458280548,12.3623421052628
3206.91594388043,11.3685490196079
3208.08605970607,12.8518684210529
3209.25617553171,12.4103006535946
3210.42629135735,13.6538947368422
3211.59640718299,14.8139607843141
3212.76652300863,12.672822368421
3213.93663883426,11.5945490196078
3215.1067546599,10.7155394736842
3216.27687048554,10.4967565789473
3218.61710213682,13.2701776315792
3220.95733378809,12.7972745098036
3222.12744961373,9.74858169934649
3223.29756543937,9.50774342105274
3225.63779709065,11.3175855263156
3227.97802874192,11.3643202614378
3229.14814456756,11.6478431372549
3230.3182603932,13.1870723684213
3232.65849204448,14.3355263157894
3234.99872369575,12.4931315789474
3236.16883952139,12.2609019607844
3237.33895534703,12.8022039473685
3239.67918699831,12.4412352941177
3242.01941864958,10.8418552631579
3244.35965030086,10.1086143790851
3246.69988195214,8.7976973684204
3251.38034525469,6.7992810457516
3253.72057690597,7.73600000000033
3256.06080855724,7.92359210526314
3258.40104020852,7.48086184210528
3263.08150351107,9.26607189542546
3267.76196681362,11.1286578947371
3270.1021984649,10.7238815789473
3272.44243011618,10.3015592105263
3277.12289341873,11.4664705882353
3281.80335672128,9.8470000000002
3286.48382002384,9.50814473684179
3291.16428332639,9.54588815789469
3296.89051665541,11.2377236842105
3304.74656501831,11.9389934640523
3309.98393059358,10.2066118421043
3315.22129616885,8.93744444444444
3323.07734453175,7.64247368421054
3333.55207568228,8.32935947712423
3344.02680683282,9.22373026315792
3354.50153798335,10.5929281045752
3359.73890355862,11.3997368421055
3364.97626913388,11.465294117647
3370.21363470915,12.4647039473684
3375.45100028442,12.25
3380.68836585969,10.3719736842098
3383.30704864732,8.51177631578958
3385.92573143496,10.2314736842106
3388.54441422259,14.351366013072
3391.16309701022,17.0872745098039
3393.78177979786,16.6058947368424
3396.40046258549,16.5621118421052
3399.01914537312,21.9753157894738
3401.63782816076,23.4031633986929
3406.87519373602,22.0348486842105
3412.11255931129,20.3163071895425
3417.34992488656,20.1804210526312
3419.96860767419,18.9009999999999
3422.58729046183,16.8355460526314
3425.20597324946,16.8278235294123
3427.8246560371,15.9934473684216
3430.44333882473,16.9574901960785
3433.06202161236,16.489717105263
3435.68070439999,15.6852549019608
3438.29938718763,15.8211578947368
3440.91806997526,14.7639013157895
3443.53675276289,16.2488486842108
3446.15543555053,17.9553921568628
3448.77411833816,15.8831960784309
3451.3928011258,11.8046907894737
3454.01148391343,12.6397236842107
3456.63016670106,14.0989605263159
3459.2488494887,13.5971176470584
3464.48621506397,12.1313815789474
3469.72358063923,11.8231644736844
3474.9609462145,13.3774473684209
3480.19831178977,12.217267973856
3485.43567736503,10.3929210526314
3490.6730429403,10.0656535947713
3501.14777409084,11.425
3511.62250524137,12.2952614379085
3522.0972363919,12.329914473684
3527.33460196717,12.9837254901966
3532.57196754244,13.7944736842104
3537.80933311771,13.1010000000001
3548.28406426824,11.1339342105259
3558.75879541878,9.07872549019567
3569.23352656931,7.72882352941201
3579.70825771985,9.44525657894738
3590.18298887038,10.9144210526316
3595.42035444565,11.0369346405228
3600.65772002091,12.1408235294121
3605.62387006436,13.7172631578948
3609.27428697695,12.8886315789472
3612.92470388954,10.1300921052631
3616.57512080213,12.7413006535954
3620.22553771471,16.2292894736848
3623.8759546273,16.6652091503267
3627.52637153989,16.0055789473684
3631.17678845248,16.3690980392156
3634.82720536507,17.487710526316
3638.47762227765,18.1121176470588
3642.12803919024,17.1803026315788
3645.77845610283,15.9726381578948
3649.42887301542,12.7414539473684
3653.07928992801,11.3215882352936
3656.72970684059,12.3995789473688
3660.38012375318,13.7084934210527
3664.03054066577,14.109717105263
3667.68095757836,13.3943071895425
3671.33137449095,14.3978888888892
3674.98179140354,15.0763815789473
3678.63220831613,13.5632960526313
3682.28262522871,11.1947894736842
3685.9330421413,11.8187647058823
3689.58345905389,13.1188947368424
3693.23387596648,12.0023137254896
3696.88429287907,10.6246710526317
3700.53470979166,10.8779411764706
3707.83554361683,12.3280855263158
3715.13637744201,12.2256666666672
3722.43721126718,13.4208421052632
3729.73804509236,13.203431372549
3737.03887891754,13.7542828947368
3744.33971274271,11.9886209150327
3747.9901296553,9.33305263157829
3751.64054656789,9.29165131578966
3755.29096348048,10.4760065789474
3758.94138039307,10.9630784313726
3762.59179730566,11.1029215686274
3769.89263113083,13.749453947369
3777.19346495601,15.9400263157897
3784.49429878118,15.3914736842104
3788.14471569377,13.8126666666666
3791.79513260636,12.1761644736843
3795.44554951895,10.3600849673199
3799.09596643154,10.2629736842109
3802.74638334413,11.4582222222222
3806.39680025671,12.6100131578948
3810.0472171693,12.4221503267974
3813.69763408189,12.4016184210524
3817.34805099448,11.006588235294
3820.99846790707,13.3820986842109
3824.64888481966,15.6328235294118
3826.47409327595,16.0670526315789
3828.29930173224,16.515927631579
3830.12451018854,16.9459934210526
3831.94971864483,17.0958888888889
3833.77492710113,17.1145098039214
3835.60013555742,14.0803223684213
3837.42534401372,13.3846973684212
3839.25055247001,12.2058947368422
3841.0757609263,12.9570196078431
3842.9009693826,13.7299736842105
3844.72617783889,13.5959539473684
3846.55138629519,14.4453552631583
3848.37659475148,16.0302352941177
3850.20180320777,15.4148355263157
3852.02701166407,12.6730196078431
3853.85222012036,12.2666315789474
3857.50263703295,13.0324640522877
3861.15305394554,13.7630131578948
3864.80347085813,14.5357908496734
3868.45388777071,15.5497236842105
3872.1043046833,15.7290460526315
3875.75472159589,15.7434144736841
3879.40513850848,17.3748823529416
3883.05555542107,19.0404444444446
3886.70597233366,19.7762960526317
3890.35638924624,16.4028684210527
3894.00680615883,13.7249411764703
3897.65722307142,14.0390000000004
3901.30763998401,15.2271052631578
3904.9580568966,14.5952763157895
3908.60847380919,12.8357368421051
3912.25889072177,14.0964901960784
3915.90930763436,14.1557631578948
3919.55972454695,11.4464640522875
3923.21014145954,10.0660921052632
3926.86055837213,8.95288888888895
3930.51097528471,9.97272368421062
3934.1613921973,11.1162679738566
3937.81180910989,12.5978947368421
3941.46222602248,13.7048684210526
3945.11264293507,13.9487236842106
3948.76305984766,13.9767058823531
3952.41347676024,14.3329210526316
3956.06389367283,15.7317763157895
3959.71431058542,16.0089210526316
3963.36472749801,14.7412352941178
3967.0151444106,13.667437908497
3970.66556132319,15.2734473684212
3974.31597823577,16.340302631579
3977.96639514836,17.3472631578947
3981.61681206095,18.1937647058823
3985.26722897354,18.5875855263158
3988.91764588613,17.2292810457515
3992.56806279872,16.1455263157894
3996.2184797113,14.8241176470589
3999.86889662389,15.4101184210529
4003.51931353648,13.5183333333338
4007.16973044907,12.9205526315785
4010.82014736166,12.8824640522876
4014.47056427424,11.7589078947368
4018.12098118683,13.0846013071896
4021.77139809942,14.8752631578952
4025.42181501201,15.8018421052632
4029.0722319246,15.7628749999998
4032.72264883719,14.7757320261438
4036.37306574977,17.9727712418299
4040.02348266236,20.1713157894738
4043.67389957495,19.6325526315787
4047.32431648754,18.394
4050.97473340013,17.2887058823529
4054.62515031272,17.8189539473683
4058.2755672253,17.8176470588232
4061.92598413789,15.5773026315787
4065.57640105048,12.8347777777778
4069.22681796307,13.7895986842105
4072.87723487566,14.940633986928
4076.52765178824,14.8089473684207
4080.17806870083,15.1366666666667
4083.82848561342,15.5897894736841
4087.47890252601,14.147614379085
4091.1293194386,12.5574736842106
4094.77973635119,13.8246907894736
4098.43015326377,12.8236710526316
4102.08057017636,11.5727058823529
4105.73098708895,12.6825490196078
4109.38140400154,11.984
4113.03182091413,12.1381644736843
4116.68223782672,11.5696973684211
4120.33265473931,12.5876862745098
4123.98307165189,13.560769736842
4127.63348856448,12.719980263158
4131.28390547707,12.3625263157894
4134.93432238966,12.4676078431373
4138.58473930225,11.4177039473684
4142.23515621483,12.0729673202615
4145.88557312742,13.6765263157894
4149.53599004001,13.5291764705882
4153.1864069526,12.6506184210527
4160.48724077778,13.5188823529412
4167.78807460295,13.2349473684211
4171.43849151554,12.8461842105266
4175.08890842813,11.3403684210526
4178.73932534072,9.98856209150312
4186.04015916589,10.273
4193.34099299107,10.3964671052631
4200.64182681625,10.4071184210527
4207.94266064142,11.6875686274512
4213.4182860103,13.8397581699346
4217.06870292289,13.0779868421053
4218.89391137919,10.0360131578947
4220.71911983548,10.6552631578947
4222.54432829178,12.4410000000004
4226.19474520436,12.4354078947367
4229.84516211695,13.0857647058823
4233.49557902954,14.100289473684
4237.14599594213,14.9010784313728
4240.79641285472,17.6296249999998
4244.44682976731,17.0142287581701
4248.09724667989,16.9440526315789
4251.74766359248,16.7501052631579
4255.39808050507,16.5393750000001
4259.04849741766,14.4780326797382
4262.69891433025,11.119736842105
4266.34933124284,9.6161184210524
4269.99974815542,12.0986513157895
4277.3005819806,12.4538235294117
4284.60141580578,11.2739411764712
4291.90224963095,13.8965
4299.20308345613,11.7430460526314
4306.50391728131,8.12576315789474
4313.80475110648,8.58511111111092
4321.10558493166,9.96347368421065
4328.40641875684,11.3025163398693
4332.05683566942,10.5856315789474
4335.70725258201,9.61696078431364
4339.3576694946,10.7044934210522
4343.00808640719,13.3301503267975
4346.65850331978,15.6645789473687
4348.48371177607,16.859
4350.30892023236,17.9771381578949
4352.13412868866,17.0564901960781
4353.95933714495,16.7479736842103
4355.78454560125,17.0836710526316
4357.60975405754,14.4029999999999
4361.26017097013,13.578
4364.91058788272,11.6503398692811
4366.73579633901,11.3761052631579
4368.56100479531,13.8501513157898
4370.3862132516,18.8778815789473
4372.21142170789,19.7737189542483
4374.03663016419,18.5429671052637
4375.86183862048,16.7185294117642
4377.68704707678,14.367
4379.51225553307,13.4258235294119
4381.33746398936,14.6234539473682
4383.16267244566,13.5790588235295
4384.98788090195,13.4865789473686
4386.81308935825,14.7793594771242
4388.63829781454,16.2187171052632
4390.46350627084,12.8888039215688
4392.28871472713,10.9208684210528
4394.11392318342,10.6875
4395.93913163972,10.8232105263157
4397.76434009601,10.1000130718954
4399.58954855231,9.18489542483643
4401.4147570086,11.7898749999998
4403.2399654649,12.8829671052633
4405.06517392119,15.289
4406.89038237748,15.0896274509803
4408.71559083378,13.9335000000005
4410.54079929007,13.2562631578947
4412.36600774637,13.61125
4416.01642465895,13.4008954248366
4419.66684157154,12.0398750000001
4423.31725848413,14.4319019607844
4426.96767539672,13.6285000000001
4430.61809230931,12.3574640522875
4434.26850922189,12.44425
4437.91892613448,13.3569673202614
4441.56934304707,14.7912499999998
4443.39455150337,17.0661710526314
4445.21975995966,17.53725
4447.04496841595,16.9833529411765
4448.87017687225,17.063
4450.69538532854,18.0133026315792
4452.52059378484,16.3622500000001
4454.34580224113,14.2524771241829
4456.17101069742,15.1966797385621
4457.99621915372,15.9378815789475
4459.82142761001,16.5705
4461.64663606631,17.3914210526309
4463.4718445226,19.4716666666664
4465.2970529789,18.1877368421052
4467.12226143519,15.6863986928105
4468.94746989148,16.2323421052631
4470.77267834778,16.7212352941178
4472.59788680407,22.4293421052642
4474.42309526037,36.2627254901968
4476.24830371666,46.504842105263
4478.07351217295,48.465320261438
4479.89872062925,47.5992500000004
4481.72392908554,48.1811045751633
4483.54913754184,39.6614342105259
4485.37434599813,28.4451118421042
4487.19955445442,22.205210526316
4489.02476291072,18.2381764705878
4490.84997136701,17.5098954248371
4492.67517982331,21.3271447368425
4494.5003882796,23.8639013157895
4496.32559673589,24.8453289473686
4498.15080519219,24.4665294117652
4499.97601364848,24.6894013157893
4501.80122210478,24.7644705882353
4503.62643056107,23.7918947368423
4505.45163901737,23.9803006535949
4507.27684747366,21.2723092105258
4509.10205592995,18.7039934640518
4510.92726438625,15.3672763157895
4512.75247284254,13.6906274509801
4514.57768129884,13.9021973684211
4516.40288975513,14.3708888888892
4517.31549398327,14.637894736842
4518.22809821142,13.7630328947361
4519.14070243957,11.8909934210526
4520.05330666772,12.456137254902
4520.96591089586,15.1454705882356
4521.87851512401,16.6759736842106
4523.70372358031,15.4839999999999
4525.5289320366,12.548894736842
4527.3541404929,13.4382026143791
4528.26674472105,14.0322828947369
4529.17934894919,13.0924736842104
4530.09195317733,13.9605789473685
4531.00455740548,13.393549019608
4531.91716163363,11.048546052632
4532.82976586178,10.5901960784312
4534.65497431807,9.68584210526312
4536.48018277437,10.6639607843141
4538.30539123066,11.0094934210525
4540.13059968695,12.038411764706
4543.78101659954,9.97136842105233
4547.43143351213,10.181881578948
4551.08185042472,12.9280986842106
4554.73226733731,13.238130718954
4556.5574757936,11.561888888889
4560.20789270619,10.0920789473683
4565.68351807507,9.48229605263153
4572.98435190025,10.1917712418303
4576.63476881284,11.0145947712419
4580.28518572542,11.4900131578948
4583.93560263801,13.6539210526321
4587.5860195506,14.6762105263166
4591.23643646319,16.0503921568626
4593.06164491948,15.2472697368421
4594.88685337578,16.1961764705882
4596.71206183207,17.1732368421052
4598.53727028837,15.02548366013
4600.36247874466,14.4443026315789
4602.18768720095,16.8543856209151
4604.01289565725,16.8957368421053
4605.83810411354,17.0002105263154
4607.66331256984,16.070802631579
4608.57591679798,14.9628954248362
4609.48852102613,14.0821184210526
4611.31372948243,12.0760986842105
4613.13893793872,13.9633618421057
4614.96414639501,16.4025882352946
4616.78935485131,16.3278823529411
4618.6145633076,15.703125
4620.4397717639,16.3085789473684
4622.26498022019,17.2661578947369
4624.09018867648,17.6261045751635
4625.91539713278,17.5574210526316
4627.74060558907,17.1891111111111
4629.56581404537,15.2952631578947
4631.39102250166,14.0359934640522
4633.21623095795,14.747125
4634.1288351861,15.2398496732026
4635.04143941425,15.2495131578947
4635.9540436424,14.6821176470588
4636.86664787054,12.9407828947367
4638.69185632684,12.8371568627453
4640.51706478313,13.9742105263158
4642.34227323943,17.0430065789475
4649.6431070646,17.8324868421053
4656.94394088978,14.9029281045739
4664.24477471496,13.0284379084967
4671.54560854013,12.9608684210526
4678.84644236531,12.4426644736842
4686.14727619049,12.4668421052631
4693.44811001566,12.1236928104575
4697.09852692825,11.8131447368421
4700.74894384084,12.0295424836601
4704.39936075343,10.541144736842
4708.04977766601,9.99233333333333
4711.7001945786,12.3359671052634
4715.35061149119,13.1659411764708
4719.00102840378,13.5751052631578
4722.65144531637,13.7842418300654
4724.47665377266,13.9919078947368
4728.12707068525,13.7323398692813
4729.95227914154,13.5377763157894
4731.77748759784,14.1583881578948
4733.60269605413,15.1045855263159
4734.51530028228,17.829594771242
4735.42790451043,19.4134705882352
4736.34050873857,19.1904144736844
4737.25311296672,20.1742960526317
4739.07832142301,19.9215394736841
4740.90352987931,18.7921176470589
4742.7287383356,19.3815197368429
4743.64134256375,18.6985263157893
4744.5539467919,17.923789473684
4745.46655102005,17.3007516339869
4746.37915524819,16.3542565789472
4747.29175947634,13.4810849673199
4748.20436370449,13.4569342105267
4750.02957216078,15.0916405228759
4753.67998907337,14.9759276315784
4757.33040598596,13.3465294117647
4760.98082289854,14.091947368421
4764.63123981113,16.2964934210527
4768.28165672372,17.460921052632
4771.93207363631,18.0223529411763
4775.5824905489,15.3851764705883
4779.23290746148,14.613486842105
4782.88332437407,13.7409342105262
4786.53374128666,13.1438235294117
4790.18415819925,14.161588235294
4792.00936665554,14.9071710526315
4792.92197088369,14.6143881578947
4793.83457511184,12.7294473684206
4795.65978356813,11.6216993464053
4797.48499202443,11.9334407894737
4799.31020048072,12.3000588235293
4801.13540893701,12.1272105263154
4802.96061739331,11.3641764705882
4804.7858258496,10.5960657894742
4806.6110343059,12.5620588235294
4810.26145121849,11.6999342105265
4812.08665967478,10.4494605263162
4813.91186813107,11.6991184210528
4817.56228504366,12.7309477124185
4824.86311886884,13.7095263157894
4832.16395269402,13.1297763157894
4839.46478651919,11.6696184210524
4846.76562034437,11.976777777778
4854.06645416954,11.656
4861.36728799472,12.8409868421054
4868.6681218199,16.6075526315785
4875.96895564507,16.601210526316
4883.26978947025,16.4167647058822
4890.57062329543,15.4485526315789
4897.8714571206,13.509431372549
4905.17229094578,14.0274078947367
4912.47312477096,14.6957124183013
4916.12354168354,13.2240921052633
4923.42437550872,13.4631633986928
4930.7252093339,13.943263157895
4934.37562624649,14.7741960784314
4938.02604315907,13.1448881578942
4941.67646007166,12.7999803921571
4943.50166852796,14.3834078947372
4945.32687698425,15.5450855263158
4947.15208544055,15.6981710526316
4948.97729389684,15.265588235294
4950.80250235313,13.8625686274511
4952.62771080943,15.0842565789478
4956.27812772202,15.6599605263158
4959.9285446346,17.2554342105263
4963.57896154719,17.6248888888898
4967.22937845978,17.7335921052626
4969.05458691608,15.2094901960784
4970.87979537237,13.9684473684208
4972.70500382866,14.3756928104577
4974.53021228496,12.820124999999
4976.35542074125,13.6124379084965
4978.18062919755,13.0108026315794
4980.00583765384,12.9736470588234
4980.91844188199,15.3687368421053
4981.83104611013,16.1691176470592
4982.74365033828,15.5857368421047
4983.65625456643,14.6666184210524
4985.48146302272,13.0078486842105
4989.13187993531,11.3574444444444
4992.7822968479,14.0919803921574
4996.43271376049,16.3347500000007
4998.25792221678,16.1730855263157
5000.08313067307,14.9839210526314
5003.73354758566,14.620163398693
5007.38396449825,15.9031118421051
5009.20917295455,16.0367039473684
5011.03438141084,14.0674868421055
5014.68479832343,14.8998823529412
5018.33521523602,14.5013486842105
5025.63604906119,16.0118823529413
5032.93688288637,16.9802105263158
5036.58729979896,16.1192091503266
5040.23771671155,15.9317828947369
5042.06292516784,15.8671241830067
5043.88813362413,15.9964473684215
5047.53855053672,17.2578684210533
5051.18896744931,18.7652631578944
5053.0141759056,15.0693267973855
5053.92678013375,12.4559019607843
5054.8393843619,13.6500460526329
5056.66459281819,17.4389671052633
5057.57719704634,17.4446666666666
5058.48980127449,13.8765490196075
5060.31500973078,12.2546842105263
5061.22761395892,11.7442499999997
5062.14021818707,12.9137368421057
5063.96542664337,13.6354052287579
5065.79063509966,12.2427434210525
5067.61584355596,12.5480784313728
5068.52844778411,13.1483157894731
5069.44105201225,10.8684183006532
5071.26626046855,10.1224342105268
5073.09146892484,12.9710065359481
5076.74188583743,14.8354473684211
5080.39230275002,14.1635460526316
5082.21751120631,14.1198618421052
5084.04271966261,15.3164705882357
5085.8679281189,16.3896578947369
5087.69313657519,16.4226052631579
5088.60574080334,15.7067894736838
5089.51834503149,14.7714444444443
5090.43094925964,12.9260000000002
5091.34355348778,14.0387828947369
5093.16876194408,15.330157894737
5094.99397040037,16.8891052631584
5096.81917885666,19.5729150326806
5098.64438731296,21.7035394736843
5102.29480422555,20.8914967320261
5105.94522113814,19.4711578947367
5109.59563805072,18.436529411765
5111.42084650702,17.3416776315794
5113.24605496331,18.9793333333335
5116.8964718759,18.751592105263
5120.54688878849,16.0721764705883
5124.19730570108,12.3216578947372
5127.84772261366,13.3329738562093
5129.67293106996,15.6936842105269
5131.49813952625,16.2221710526316
5133.32334798255,16.1062565789473
5135.14855643884,15.5473398692809
5136.97376489513,16.6348758169937
5138.79897335143,18.8420592105268
5140.62418180772,25.6666842105276
5142.44939026402,31.1475
5144.27459872031,34.9487254901961
5146.0998071766,37.6802763157904
5147.9250156329,37.9893333333327
5149.75022408919,34.5336315789469
5151.57543254549,30.4330980392157
5153.40064100178,30.4480328947371
5155.22584945808,29.4535228758167
5157.05105791437,25.4840526315778
5158.87626637066,22.0345555555555
5160.70147482696,21.7645197368422
5161.61407905511,21.9176732026138
5162.52668328325,19.6300789473679
5163.4392875114,18.8267763157893
5164.35189173955,17.7226447368422
5165.2644959677,18.7283529411765
5166.17710019584,22.8811176470589
5167.08970442399,22.8254276315788
5168.00230865214,19.644552631578
5168.91491288028,16.7064605263157
5169.82751710843,16.6084836601308
5170.74012133657,19.5405460526321
5171.65272556472,21.2921907894741
5172.56532979287,21.1441578947367
5173.47793402102,20.0848954248366
5174.39053824916,19.6184934210526
5175.30314247731,20.1807516339877
5176.21574670546,21.7083157894736
5177.12835093361,20.3481764705881
5178.04095516176,18.1198355263158
5178.9535593899,19.2325686274511
5179.86616361805,20.6527631578949
5180.77876784619,21.5509868421048
5181.69137207434,18.6483289473682
5182.60397630249,17.8751045751634
5183.51658053064,19.5812679738562
5184.42918475878,19.4350328947365
5185.34178898693,19.2273750000003
5186.25439321508,19.8149281045752
5187.16699744322,22.1492418300652
5188.07960167137,20.8664539473684
5188.99220589952,21.3263552631581
5189.90481012766,20.8437236842103
5190.81741435581,19.0865294117645
5191.73001858396,20.1501710526317
5192.6426228121,23.3723333333336
5193.55522704025,26.9791842105268
5194.4678312684,28.1032810457517
5195.38043549655,28.903171052632
5196.2930397247,32.421098039216
5197.20564395284,33.7852763157895
5198.11824818099,31.8201907894734
5199.03085240913,30.2680197368418
5199.94345663728,28.0080784313722
5200.85606086543,24.4919999999997
5201.76866509358,21.8467763157895
5202.68126932172,22.2877434210532
5203.59387354987,23.5807058823531
5204.50647777802,23.0812352941177
5205.41908200616,22.9584342105263
5206.33168623431,24.3589276315791
5207.24429046245,27.8268421052638
5208.1568946906,30.6302222222225
5209.06949891875,30.1374407894735
5209.9821031469,28.1882483660127
5210.89470737504,25.9664473684211
5211.80731160319,25.10385620915
5212.71991583134,25.5103815789477
5213.63252005949,27.6336535947716
5214.54512428764,29.8885789473686
5215.45772851578,30.6628235294118
5217.28293697208,32.6178355263152
5219.10814542837,30.9726078431371
5220.93335388466,26.2263421052623
5222.75856234096,24.8698157894737
5224.58377079725,24.6691578947369
5226.40897925355,26.5244640522879
5230.05939616614,29.1396732026142
5233.70981307872,28.1375592105263
5235.53502153502,27.1705526315788
5237.36022999131,26.7939078947368
5239.18543844761,27.0403790849675
5241.0106469039,31.0666578947378
5242.83585536019,31.5965098039206
5244.66106381649,25.6374736842103
5246.48627227278,24.0013921568626
5248.31148072908,27.3010460526322
5250.13668918537,28.2428627450979
5251.96189764167,28.287657894737
5253.78710609796,29.892248366013
5255.61231455425,31.507697368421
5257.43752301055,32.4968235294114
5259.26273146684,30.3317105263153
5261.08793992314,29.5195
5262.91314837943,30.3379013157896
5264.73835683572,32.1312679738562
5266.56356529202,35.6046209150322
5268.38877374831,33.4533749999998
5270.21398220461,29.6906118421045
5273.86439911719,29.078
5277.51481602978,27.4486078431373
5281.16523294237,25.4221249999998
5284.81564985496,19.9779868421038
5288.46606676755,20.1174999999998
5292.11648368014,17.2057647058823
5293.94169213643,14.4571250000001
5295.76690059272,13.4875620915043
5297.59210904902,15.9259999999999
5299.41731750531,17.1357843137256
5300.32992173346,16.8596250000001
5301.24252596161,17.1048104575164
5302.15513018976,14.7092499999995
5303.0677344179,13.4119736842106
5304.8929428742,15.9481250000005
5306.71815133049,19.7050000000001
5308.54335978678,19.547
5310.36856824308,17.2176907894736
5312.19377669937,17.0413750000001
5314.01898515567,17.406705882353
5314.93158938381,14.2024836601307
5315.84419361196,13.7371381578947
5316.7567978401,15.7430000000008
5317.66940206825,17.0561578947369
5318.5820062964,16.7685620915032
5319.49461052455,15.987072368421
5320.40721475269,15.2781960784314
5321.31981898084,17.7362631578951
5322.23242320899,19.2109411764707
5323.14502743714,18.3901776315787
5324.05763166529,17.409549019608
5324.97023589343,19.788
5325.88284012158,20.2956732026144
5326.79544434972,16.9421776315789
5327.70804857787,17.520843137255
5328.62065280602,17.2233815789473
5329.53325703416,14.4320197368422
5330.44586126231,14.2573486842108
5331.35846549046,15.685934640523
5332.27106971861,17.1282222222222
5333.18367394675,17.1887302631579
5334.0962781749,15.9052697368421
5335.00888240305,15.1909473684213
5335.92148663119,17.5040196078436
5336.83409085934,20.5080921052633
5337.74669508749,22.7747058823529
5338.65929931563,22.0660526315789
5339.57190354378,20.7618366013068
5340.48450777193,19.3018289473683
5341.39711200008,17.6749411764704
5342.30971622823,16.6002631578947
5343.22232045637,16.8752549019608
5344.13492468451,18.5779078947364
5345.04752891266,16.9187777777777
5345.96013314081,15.4938157894735
5346.87273736896,15.7106513157895
5348.69794582525,15.6567039473684
5350.52315428155,15.779274509804
5352.34836273784,16.5158823529411
5354.17357119413,15.8496052631579
5357.82398810672,14.2960460526315
5361.47440501931,13.7554736842106
5365.1248219319,13.3652287581701
5368.7752388445,13.9155592105263
5372.42565575708,12.7574539473682
5376.07607266967,12.810697368421
5379.72648958225,13.568633986928
5383.37690649484,13.5396249999999
5387.02732340743,13.9124640522876
5390.67774032002,13.4504210526315
5394.32815723261,13.6149607843137
5397.9785741452,13.1149078947368
5401.62899105778,12.9736862745093
5405.27940797037,12.0737763157895
5408.92982488296,14.6362236842105
5412.58024179555,19.1876381578948
5416.23065870814,22.0057450980392
5419.88107562072,20.3031699346405
5423.53149253331,20.0515460526316
5427.1819094459,20.5996315789475
5430.83232635849,17.4835424836603
5434.48274327108,16.9321372549018
5438.13316018367,18.9660263157898
5441.78357709625,20.3104407894738
5445.43399400884,17.3362894736842
5449.08441092143,15.5683333333334
5452.73482783402,15.2081644736842
5456.38524474661,14.6245882352939
5460.0356616592,13.6340263157894
5463.68607857178,13.7992156862745
5467.33649548437,12.7356184210526
5469.16170394067,13.2778169934642
5470.98691239696,12.9060000000003
5472.81212085325,10.6013750000001
5474.63732930955,13.0707171052632
5478.28774622214,14.3132418300653
5481.93816313472,12.8383815789475
5483.76337159102,12.5354671052632
5485.58858004731,14.2269210526319
5492.88941387249,15.9989411764706
5496.53983078508,18.2076470588235
5500.19024769766,22.5876710526311
5503.84066461025,24.1569407894737
5505.66587306655,23.2979868421051
5507.49108152284,20.9429477124183
5511.14149843543,18.8759671052633
5514.79191534802,16.9047777777778
5518.44233226061,15.1737368421048
5522.0927491732,12.0871895424836
5523.91795762949,9.04338157894735
5525.74316608579,8.64369934640523
5527.56837454208,9.5642499999999
5529.39358299837,13.1231960784317
5531.21879145467,13.5077236842108
5533.04399991096,12.8253725490195
5536.69441682355,11.3775526315789
5538.51962527984,9.59491447368414
5540.34483373614,8.60963815789457
5542.17004219243,8.44666013071897
5543.99525064873,10.0430522875817
5545.82045910502,9.40907894736827
5547.64566756131,8.00165131578952
5549.47087601761,10.8473684210529
5551.2960844739,12.4126928104575
5553.1212929302,10.9957960526314
5554.94650138649,11.5084117647059
5558.59691829908,13.3571315789472
5562.24733521167,14.5523333333336
5565.89775212425,12.828789473684
5569.54816903684,13.9855294117647
5571.37337749314,15.3077631578947
5573.19858594943,15.0176143790848
5576.84900286202,13.6828486842104
5578.67421131831,12.0046928104573
5580.49941977461,10.3111315789473
5582.3246282309,12.0813355263162
5584.1498366872,13.835552631579
5587.80025359978,14.260797385621
5591.45067051237,14.2868235294119
5595.10108742496,15.3953618421054
5598.75150433755,16.1990460526316
5602.40192125014,17.0725131578951
5606.05233816273,14.8547058823525
5609.70275507531,12.5615657894733
5613.3531719879,11.6924605263158
5615.1783804442,11.5582894736841
5617.00358890049,11.6586666666666
5618.82879735678,11.6623289473685
5620.65400581308,12.5916078431373
5622.47921426937,12.2996315789474
5624.30442272567,10.123241830065
5626.12963118196,9.24140789473678
5627.95483963825,9.76910457516346
5628.8674438664,10.152052631579
5629.78004809455,10.9574999999997
5631.60525655084,9.53169078947372
5635.25567346343,7.55719607843168
5638.90609037602,6.85450980392168
5642.55650728861,8.16334210526371
5646.2069242012,10.2218750000001
5649.85734111379,10.3570980392157
5653.50775802637,8.56153594771239
5657.15817493896,8.7924210526315
5660.80859185155,9.99273026315811
5664.45900876414,8.88717105263156
5668.10942567673,8.55974509803908
5671.75984258932,8.83805263157874
5675.4102595019,11.0523529411762
5679.06067641449,12.786263157895
5682.71109332708,11.6380588235279
5686.36151023967,10.0747763157895
5690.01192715226,9.75682352941165
5693.66234406484,10.8065526315789
5697.31276097743,10.2426578947368
5700.96317789002,13.129296052633
5704.61359480261,15.3526209150326
5708.2640117152,14.5700526315791
5711.91442862778,12.8112236842105
5715.56484554037,12.3940723684209
5719.21526245296,12.8677777777782
5722.86567936555,13.6225555555555
5726.51609627814,13.1390592105268
5730.9434132401,12.0242500000001
5735.90285014472,11.5286315789475
5740.86228704933,12.4298823529401
5745.82172395394,11.5985263157895
5750.78116085855,10.3934509803921
5755.74059776316,10.663802631579
5760.70003466777,10.890045751634
5765.65947157238,11.0519473684208
5770.61890847699,9.86341176470604
5775.57834538161,8.234
5780.53778228622,9.16359477124186
5785.49721919083,11.1241907894739
5790.45665609544,11.3129411764699
5795.41609300005,10.5323421052632
5800.37552990466,13.7730986842091
5805.33496680927,16.0119605263158
5810.29440371388,15.308
5815.25384061849,15.6152745098039
5820.21327752311,15.4859276315789
5825.17271442772,15.0253421052633
5830.13215133233,15.1051184210526
5835.09158823694,13.854385620915
5840.05102514155,13.4605526315792
5845.01046204616,12.4522810457516
5849.96989895077,12.805552631579
5854.92933585538,13.3870326797386
5859.88877276,14.0077763157895
5864.84820966461,14.1520849673196
5869.80764656922,12.6028684210526
5874.76708347383,10.7775098039224
5877.24680192613,11.6723486842106
5879.72652037844,14.0390588235295
5882.20623883075,14.3288421052629
5884.68595728305,14.5144210526314
5887.16567573536,13.903703947368
5889.64539418766,13.2637777777776
5892.12511263997,13.6702352941177
5894.60483109227,14.7176315789475
5899.56426799689,14.4321052631579
5904.5237049015,13.0693947368421
5907.0034233538,13.4480457516341
5909.48314180611,14.7558684210527
5911.96286025841,16.0438223684218
5914.44257871072,21.0931710526319
5916.92229716302,23.1259999999999
5919.40201561533,19.6824605263156
5921.88173406764,16.6142745098039
5924.36145251994,15.8816842105255
5926.84117097225,14.7050718954247
5929.32088942455,15.0008684210513
5931.80060787686,16.7758104575163
5934.28032632916,15.8452499999999
5936.76004478147,13.7088157894738
5939.23976323377,13.5796052631577
5944.19920013839,13.2896666666662
5949.158637043,12.7810849673204
5954.11807394761,13.6433486842105
5959.07751085222,14.533789473685
5964.03694775683,15.638274509804
5968.99638466144,16.0607647058819
5973.95582156605,17.2251973684209
5978.91525847066,17.8405460526316
5983.87469537528,15.9441578947365
5988.83413227989,15.9765882352944
5993.7935691845,19.8492960526295
5998.75300608911,24.7109281045754
6003.71244299372,25.9336710526314
6008.67187989833,22.4042810457507
6013.63131680294,21.9635986842111
6018.59075370755,25.291823529411
6023.55019061217,24.2552368421053
6028.50962751678,19.2912828947372
6033.46906442139,20.4419802631578
6038.428501326,20.8512941176473
6043.38793823061,21.9977236842101
6048.34737513522,20.1026118421059
6053.30681203983,17.277631578947
6058.26624894444,18.3831764705888
6063.22568584905,20.204326797385
6068.18512275367,16.8250263157907
6073.14455965828,13.3965263157893
6078.10399656289,12.7897236842104
6083.0634334675,12.5691960784314
6088.02287037211,11.7797105263157
6092.98230727672,10.9597254901971
6097.94174418133,9.11797368421059
6102.90118108594,8.42723529411745
6107.86061799056,10.1915657894739
6112.82005489517,11.1773333333336
6117.77949179978,12.2018026315788
6122.73892870439,12.088751633987
6127.698365609,9.94550657894712
6130.17808406131,9.03886928104563
6132.65780251361,10.0337894736845
6135.13752096592,8.33423684210554
6137.61723941822,7.48075000000005
6140.09695787053,8.65629411764763
6142.57667632283,10.0709869281045
6145.05639477514,9.49921052631582
6147.53611322745,9.87455921052586
6150.01583167975,10.0720000000002
6152.49555013206,9.07209803921528
6154.97526858436,7.99247368421035
6157.45498703667,7.33680392156881
6162.41442394128,8.27996052631543
6167.37386084589,9.73388235294069
6172.3332977505,8.14628947368352
6177.29273465511,6.98443790849632
6182.25217155972,7.72900000000012
6187.21160846433,9.98144444444407
6192.17104536895,10.4257434210529
6197.13048227356,9.25713071895398
6202.08991917817,7.92859210526275
6207.04935608278,7.89456578947377
6209.52907453509,8.73208552631477
6212.00879298739,9.54464705882381
6214.4885114397,9.59601960784329
6216.968229892,9.90520394736833
6219.44794834431,11.0734473684213
6221.92766679661,10.9083684210526
6224.40738524892,10.6595294117651
6226.88710370122,10.4095855263159
6229.36682215353,10.9224473684211
6231.84654060584,12.8854736842105
6234.32625905814,13.1966797385619
6237.01465955789,13.469
6242.54716309342,14.499098039216
6248.07966662895,15.3746052631581
6253.61217016448,14.047647058824
6256.37842193224,12.6224539473687
6259.14467370001,11.3711764705885
6261.91092546777,11.2295263157896
6264.67717723554,11.3162828947366
6267.4434290033,10.5545986842106
6270.20968077107,9.29088235294143
6272.97593253883,10.5727581699346
6275.7421843066,10.7155592105263
6278.50843607436,10.4886578947368
6281.27468784213,10.3195359477124
6284.04093960989,9.62419607843186
6286.80719137766,8.37770394736839
6289.57344314542,8.98599342105285
6292.33969491318,10.3803289473689
6295.10594668095,11.2113137254902
6297.87219844872,11.7212434210524
6300.63845021648,11.4389607843137
6303.40470198425,10.9242631578946
6306.17095375201,9.47582352941118
6308.93720551977,8.92975657894701
6311.70345728754,11.2372352941173
6314.4697090553,12.0278421052632
6317.23596082307,10.203875
6320.00221259083,10.336
6322.7684643586,10.2668954248366
6325.53471612636,8.95373684210563
6328.30096789413,7.37807894736842
6331.06721966189,6.83466447368403
6333.83347142966,6.90464705882384
6336.59972319742,7.50629411764682
6339.36597496519,9.03536184210463
6342.13222673295,9.35526315789481
6344.89847850072,8.69213157894742
6347.66473026848,8.53466666666736
6353.19723380401,10.1608289473682
6355.96348557178,9.80293464052332
6358.72973733954,7.74844736842114
6361.4959891073,9.50684313725452
6364.26224087507,12.0110131578943
6367.02849264283,10.2145882352947
6369.7947444106,7.2522105263163
6372.56099617836,6.8715294117647
6375.32724794613,8.22969736842109
6378.09349971389,10.3248431372564
6380.85975148166,10.3982763157896
6383.62600324942,8.96415131578946
6386.39225501719,9.67535526315772
6389.15850678495,10.5905620915032
6391.92475855272,9.65482352941241
6394.69101032048,10.805447368421
6397.45726208825,10.3079144736846
6400.22351385601,9.44184210526308
6402.98976562377,10.1245032679737
6405.75601739154,8.88875657894659
6408.52226915931,8.75456209150297
6411.28852092707,10.6936842105263
6414.05477269484,10.3507843137255
6419.58727623036,8.49272368421066
6425.11977976589,8.76007843137182
6436.18478683695,8.05755263157893
6447.24979390801,7.50912418300662
6452.78229744354,8.44434210526312
6458.31480097907,9.09920915032676
6469.37980805013,9.54418421052644
6480.44481512119,9.385625
6491.50982219225,10.081684210526
6497.04232572778,11.5338496732026
6502.57482926331,13.0860130718955
6508.10733279884,11.7011249999999
6513.63983633436,10.7315197368422
6519.1723398699,12.2339999999986
6530.23734694095,11.088
6535.76985047648,10.264875
6541.302354012,10.4971250000003
6546.83485754754,9.34425
6552.36736108307,8.02698039215723
6557.8998646186,7.88475
6563.43236815413,8.22374509803915
6566.1986199219,10.1880000000007
6568.96487168966,10.5937450980392
6580.02987876072,10.2568750000004
6591.09488583177,10.2263006535948
6596.62738936731,9.56225
6602.15989290284,8.42224999999978
6604.9261446706,8.584875
6607.69239643837,9.73417647058776
6610.45864820613,9.125
6613.2248999739,10.2014539473684
6615.99115174166,11.9823750000016
6618.75740350943,11.9793006535947
6624.28990704495,12.1016666666681
6629.82241058048,11.1229934210528
6635.35491411602,11.413125
6646.41992118707,10.5766315789468
6657.48492825813,8.75815686274518
6668.54993532918,9.31750657894733
6679.61494240025,11.8415294117647
6690.67994947131,10.336
6701.74495654237,9.13713725490088
6712.80996361343,9.36427631578939
6723.87497068448,8.40754901960775
6734.93997775554,9.10510526315796
6746.00498482661,12.9454052287587
6757.06999189766,12.7163421052625
6762.60249543319,10.9985032679738
6768.13499896872,11.0056710526315
6770.90125073649,13.0287039473681
6773.66750250425,11.1067302631578
6776.43375427201,9.74024836601215
6779.20000603978,7.00262091503251
6781.96625780755,6.7036776315778
6784.73250957531,8.94608552631569
6790.26501311084,10.7723947368416
6795.79751664637,8.62619607843233
6801.3300201819,10.2326447368422
6806.86252371743,11.5452352941188
6812.39502725296,9.07521052631549
6817.92753078848,7.39842483660118
6823.46003432402,7.10246052631578
6828.99253785955,6.88389542483661
6831.75878962731,7.56948684210465
6834.52504139508,9.20152287581722
6837.29129316284,9.43410526315789
6840.05754493061,10.025333333334
6842.82379669837,11.1931842105264
6845.59004846613,10.4795394736849
6848.3563002339,9.91523026315768
6851.12255200166,9.53137254901939
6856.65505553719,10.0951176470584
6862.18755907272,9.19863157894768
6867.72006260825,8.69679605263257
6873.25256614378,9.25831578947341
6884.31757321484,8.33979084967331
6895.3825802859,8.83598684210532
6906.44758735695,10.2799539473686
6917.51259442802,10.6708947368424
6928.57760149908,9.25872549019613
6934.11010503461,7.57623684210499
6939.64260857014,6.37880392156892
6945.17511210567,7.51194736842128
6950.7076156412,8.43072549019582
6956.24011917672,8.43231578947318
6961.77262271224,10.1055098039218
6967.30512624777,10.1700526315788
6972.83762978331,8.92286184210544
6978.37013331884,10.5893092105249
6983.90263685437,12.1520784313726
6986.66888862214,12.8575816993462
6989.4351403899,11.9864144736841
6992.20139215767,10.9850855263158
6994.96764392543,9.81571895424872
7000.50014746096,11.4835620915033
7006.03265099648,12.6698157894744
7011.56515453202,11.7182499999995
7017.09765806755,11.0300526315785
7022.63016160308,10.6092745098034
7028.16266513861,11.3939539473685
7033.69516867414,10.7278235294113
7039.22767220967,9.47793421052638
7044.7601757452,9.58437908496732
7047.52642751296,9.29185526315864
7050.29267928073,7.59309150326802
7053.05893104849,8.48194736842153
7055.82518281626,9.32198026315798
7061.35768635179,8.95257236842057
7066.89018988731,8.43818300653567
7069.65644165508,8.20117105263178
7072.42269342284,8.04106578947346
7075.18894519061,7.76365131578954
7077.95519695837,7.47998039215674
7083.4877004939,8.26152941176496
7089.02020402943,8.40597368421059
7094.55270756496,8.28472368421029
7100.08521110049,11.5224473684212
7105.61771463602,12.4185947712418
7111.15021817155,11.9214276315794
7116.68272170708,12.5977777777777
7122.21522524261,12.9682105263159
7127.74772877814,12.6054117647056
7133.28023231367,13.2872565789471
7138.8127358492,12.1233464052293
7144.34523938473,11.6304342105261
7149.87774292026,11.7737843137255
7155.41024645579,12.6881578947359
7160.94274999132,10.9455882352941
7166.47525352684,8.88921052631655
7177.5402605979,8.48800657894721
7183.07276413343,10.271046052632
7188.60526766896,10.2941111111109
7194.1377712045,7.57554901960781
7199.67027474002,7.90422368421042
7205.20277827555,7.18239473684252
7210.73528181108,5.89694736842068
7213.50153357885,6.31371895424959
7216.26778534661,8.29709210526331
7221.80028888214,8.76603267973921
7227.33279241766,6.84119736842116
7232.8652959532,7.502666666667
7238.39779948873,9.43907894736914
7241.16405125649,10.3837058823528
7243.93030302426,11.5511578947367
7246.69655479202,12.5315620915031
7249.46280655979,12.196401315789
7252.22905832755,10.8755228758165
7254.99531009532,9.04506578947411
7260.52781363085,10.1102171052628
7266.06031716638,11.7381578947368
7271.59282070191,11.2650261437906
7277.12532423744,12.0679803921574
7282.65782777297,13.1460592105264
7285.42407954073,11.5435000000007
7288.19033130849,10.397907894737
7290.95658307626,9.68864705882364
7293.72283484402,10.059210526316
7299.25533837955,9.27619736842131
7304.78784191508,9.16913157894756
7315.85284898614,9.30496732026119
7321.38535252167,9.65104605263148
7326.9178560572,9.75672549019549
7332.45035959273,9.20911842105276
7337.98286312826,8.85035294117658
7343.51536666379,8.99161842105302
7349.04787019932,7.72066013071907
7354.58037373485,8.12331578947369
7357.34662550261,8.53285526315788
7360.11287727038,8.90268421052632
7362.87912903814,10.5702549019604
7365.64538080591,12.3160784313723
7368.41163257367,11.0898355263145
7371.17788434144,8.68305921052662
7373.9441361092,8.37727450980389
7376.71038787697,9.59288888888866
7382.2428914125,11.6822302631584
7387.77539494803,13.1158157894741
7393.30789848355,12.9399999999999
7398.84040201907,12.5282418300653
7404.37290555461,11.9628618421054
7409.90540909014,11.4047908496733
7412.67166085791,10.643263157895
7415.43791262567,11.8758431372548
7418.20416439344,10.2382434210526
7420.9704161612,10.414
7426.50291969673,12.3643289473696
7432.03542323226,13.6904802631585
7437.56792676779,13.9947894736844
7443.10043030332,13.1301241830065
7448.63293383885,13.3386578947368
7454.16543737438,13.9523157894735
7459.69794090991,11.6062631578933
7465.23044444544,9.74169934640528
7470.76294798097,10.6925555555556
7476.2954515165,10.2790855263158
7481.82795505202,8.38454605263183
7487.36045858756,11.7166842105262
7492.89296212309,12.2632352941176
7498.42546565862,11.3963421052636
7503.95796919414,11.4060784313727
7509.49047272967,9.82498684210521
7515.0229762652,10.4264509803929
7520.55547980073,14.3146052631579
7523.3217315685,13.9478104575167
7526.08798333626,11.884605263158
7531.62048687179,10.1695947712418
7537.15299040732,9.61194078947424
7548.21799747838,10.7947254901961
7559.28300454943,10.7723157894737
7570.3480116205,10.79025
7575.88051515603,10.5060000000001
7581.41301869156,10.5493529411764
7586.94552222709,11.7921568627451
7592.47802576261,12.043763157895
7598.01052929815,11.0068289473685
7603.54303283368,11.0087105263158
7606.30928460144,10.9316405228761
7609.07553636921,11.8351578947369
7611.84178813697,12.1651241830065
7614.60803990473,12.6076842105263
7617.3742916725,12.9996862745099
7620.14054344026,11.2943026315774
7622.90679520803,11.8921437908497
7625.67304697579,13.6315263157888
7628.43929874356,13.6756862745097
7631.20555051132,12.7099473684208
7633.97180227909,11.535882352941
7636.73805404685,11.5862105263158
7639.50430581462,12.6159078947364
7642.27055758238,13.4920789473684
7647.80306111791,13.659
7653.33556465344,13.545666666666
7658.86806818897,12.7612105263158
7664.4005717245,11.3877236842109
7669.93307526003,11.0966052631583
7675.46557879556,14.8396013071897
7680.99808233109,16.7443750000009
7686.53058586662,14.7732960526315
7692.06308940215,14.4261578947373
7697.59559293768,12.4385882352939
7703.1280964732,12.6261381578949
7708.66060000874,13.5806078431384
7714.19310354427,13.9209999999998
7719.7256070798,12.3652875817
7725.25811061532,12.7567894736842
7730.79061415085,13.6456209150329
7736.32311768638,15.4136184210533
7741.85562122191,16.5972894736838
7747.38812475744,13.6389407894745
7752.92062829297,12.028477124183
7758.4531318285,12.6038366013074
7763.98563536403,14.190427631579
7769.51813889956,13.8165328947368
7775.05064243509,11.4822745098051
7780.58314597062,10.5470000000002
7786.11564950615,11.8126907894739
7791.64815304168,11.0419934210516
7797.18065657721,9.19073684210511
7802.71316011274,9.545999999999
7808.24566364827,12.5434013157897
7813.77816718379,12.9327385620915
7819.31067071933,11.8772763157884
7824.84317425486,10.6290196078431
7830.37567779039,11.4211907894731
7835.90818132591,12.9113071895426
7841.44068486144,13.1646052631578
7846.97318839697,12.2264013157896
7852.5056919325,11.8206118421048
7858.03819546803,10.0159411764708
7863.57069900356,9.85931578947368
7869.10320253909,11.1435263157898
7874.63570607462,11.6764868421048
7880.16820961015,12.0726535947714
7885.70071314568,12.9837647058812
7891.23321668121,16.1201381578945
7896.76572021674,17.5109802631579
7902.29822375227,15.928342105262
7905.06447552003,12.8886732026141
7907.8307272878,11.9929539473687
7910.59697905556,10.4037320261439
7913.36323082333,10.9854210526315
7918.89573435886,12.7820588235302
7929.96074142991,11.4349473684212
7941.02574850098,12.0180000000001
7952.09075557203,13.1423421052632
7963.15576264308,13.2239607843135
7968.68826617862,11.6260328947361
7974.22076971415,10.9215882352943
7979.75327324968,12.1620526315784
7985.28577678521,15.547
7990.81828032074,15.9856578947371
7993.5845320885,14.7242287581693
7996.35078385627,14.2660065359475
8001.8832873918,13.631072368421
8004.64953915956,13.6541578947368
8007.41579092733,14.459500000001
8010.18204269509,16.5531764705877
8012.94829446286,14.4937302631577
8015.71454623062,10.8001568627443
8018.48079799839,13.0218157894735
8021.24704976615,13.6850457516338
8024.01330153392,14.2808092105266
8029.54580506945,15.0651568627458
8032.31205683721,16.1250000000003
8035.07830860497,15.9676666666666
8037.84456037274,15.0860855263162
8040.61081214051,15.583333333333
8043.37706390827,15.3198421052633
8046.14331567604,16.3028618421049
8048.9095674438,17.1123223684211
8051.67581921157,15.6404117647052
8053.05894509545,14.3423921568623
8054.44207097933,14.0617565789488
8055.82519686321,14.8407500000002
8057.20832274709,16.8136710526323
8058.59144863097,14.9193921568632
8059.97457451485,14.3220263157885
8061.35770039874,12.6298881578937
8062.74082628262,12.8228947368418
8064.1239521665,14.9332483660123
8065.50707805039,15.2957763157892
8066.89020393427,15.6286078431366
8068.27332981815,14.1448026315787
8069.65645570203,13.2165882352944
8071.03958158592,13.0020263157896
8072.4227074698,12.1342352941172
8073.80583335368,11.8916315789475
8076.57208512144,12.5378684210538
8079.33833688921,14.665842105263
8082.10458865697,15.2840326797384
8084.87084042474,14.8891699346413
8087.63709219251,16.3740921052629
8090.40334396027,15.3886184210518
8093.16959572804,12.1597385620922
8095.9358474958,12.4255098039215
8098.70209926356,12.5499013157895
8101.46835103133,12.4172368421052
8104.23460279909,12.8161315789487
8107.00085456686,13.9823529411767
8112.53335810239,14.3092105263156
8118.06586163792,13.0590196078442
8123.59836517345,15.6017105263164
8129.13086870898,17.3918888888897
8134.66337224451,19.0737171052638
8140.19587578004,16.9888366013069
8145.72837931556,14.8972763157884
8151.26088285109,14.7866710526307
8156.79338638662,13.7808289473697
8167.85839345768,15.2372679738561
8173.39089699321,13.9631578947372
8178.92340052874,12.4924407894737
8181.68965229651,11.7243881578946
8184.45590406427,11.3101176470586
8187.22215583204,10.7372549019609
8189.9884075998,10.596072368421
8192.75465936757,10.7758421052632
8195.52091113533,10.780526315791
8198.2871629031,12.6668888888883
8201.05341467086,13.2973749999995
8203.81966643863,12.370385620915
8206.58591820639,12.490447368421
8209.35216997415,11.2074052287573
8212.11842174192,12.2860394736847
8214.88467350968,13.417222222222
8217.65092527745,14.6078421052631
8220.41717704521,13.3880000000001
8223.18342881298,10.9880789473675
8225.94968058074,10.644313725491
8228.71593234851,11.916342105263
8231.48218411627,12.0557894736843
8234.24843588404,11.1667105263157
8237.0146876518,11.1721241830066
8239.78093941957,11.3474183006535
8242.54719118733,10.8232697368425
8245.3134429551,11.0583026315788
8250.84594649062,11.2825789473684
8256.37845002615,10.9672352941171
8261.9109535617,9.97673026315747
8267.44345709722,10.9300980392157
8272.97596063275,10.5354210526317
8278.50846416827,8.80031372549028
8284.0409677038,9.56800657894821
8289.57347123933,12.2698235294118
8295.10597477486,12.4976973684209
8297.87222654262,12.0964705882353
8300.63847831039,12.9677763157894
8303.40473007815,11.0914575163395
8306.17098184592,11.2468157894741
8308.93723361368,12.0843749999992
8311.70348538145,12.6924539473685
8314.46973714922,13.3207647058823
8317.23598891698,13.0631764705878
8320.00224068474,11.6203749999982
8322.76849245251,10.4159342105262
8325.58645983701,10.172
8328.40915059972,10.2123137254903
8334.05453212514,9.24425000000027
8339.69991365055,9.06398684210498
8345.34529517595,10.1660000000001
8350.99067670138,10.9269738562092
8353.81336746408,12.178875
8356.6360582268,12.7718954248357
8359.4587489895,11.656
8362.28143975221,11.0280000000005
8367.92682127762,11.716625
8373.57220280304,10.9994379084967
8384.86296585387,11.4945
8396.15372890468,12.9896249999992
8407.44449195552,11.6767500000005
8410.26718271823,10.6003529411765
8413.08987348094,12.164
8414.50121886229,12.6494605263163
8415.91256424364,13.2458749999994
8417.32390962499,14.0334444444437
8418.73525500635,11.8228496732026
8421.55794576905,10.9005526315789
8424.38063653176,9.44074999999929
8425.79198191312,9.11913157894833
8427.20332729447,10.2760980392154
8428.61467267582,9.56302631578955
8430.02601805718,8.0863071895425
8431.43736343853,9.8586842105274
8432.84870881989,11.5150784313727
8434.26005420124,13.8127828947377
8435.6713995826,12.5644117647059
8438.4940903453,11.7585789473683
8441.31678110801,11.5767777777778
8446.96216263342,11.6152236842101
8452.60754415884,12.3229150326786
8458.25292568425,14.787552631579
8463.89830720967,16.2344999999999
8475.18907026049,15.3788749999998
8486.47983331132,14.7205490196074
8492.12521483674,16.1019084967323
8497.77059636216,15.4885065789475
8503.41597788757,12.1891578947366
8509.06135941298,9.34663157894733
8514.7067409384,9.98700000000163
8520.35212246381,13.2263223684193
8525.99750398923,14.1675882352941
8531.64288551464,14.0898421052632
8537.28826704005,13.1604771241827
8548.57903009088,13.0134276315793
8559.86979314171,12.1072614379076
8571.16055619254,13.0817105263158
8582.45131924337,12.7069607843136
8593.74208229419,11.952881578948
8605.03284534503,12.5339999999988
8610.67822687044,12.7506578947363
8616.32360839586,10.2785328947363
8627.61437144668,11.3459671052631
8638.90513449751,10.6471176470587
8650.19589754834,8.73194117647149
8661.48666059917,10.1918289473677
8672.77742365,10.7310592105263
8684.06818670083,11.9928421052632
8695.35894975165,12.7085490196083
8706.64971280249,12.9319802631568
8712.29509432789,11.6851381578952
8717.94047585332,11.4236710526315
8723.58585737873,11.4993071895424
8729.23123890414,12.2360328947371
8734.87662042957,10.8682614379095
8740.52200195497,11.8676578947366
8751.8127650058,13.7170392156866
8757.45814653122,13.9479671052634
8763.10352805663,13.8006470588231
8768.74890958206,14.6984078947388
8774.39429110746,13.4866447368419
8780.03967263288,13.635657894737
8785.68505415829,12.4330718954246
8791.3304356837,11.8512418300646
8796.97581720912,9.43667763157892
8802.62119873452,9.69711842105242
8808.26658025994,11.0152745098034
8813.91196178536,11.1891437908494
8819.55734331077,10.3309078947367
8825.2027248362,10.6714144736847
8830.84810636161,11.599815789474
8836.49348788702,10.7156862745098
8842.13886941243,10.2733618421052
8847.78425093785,11.4798235294121
8853.42963246326,12.1524078947364
8859.07501398868,11.470026143791
8864.72039551409,9.03384868421113
8870.36577703951,7.1367647058821
8881.65654009033,6.93236842105275
8904.23806619199,8.2558355263173
8926.81959229364,10.2226776315781
8949.40111839531,11.8581111111109
8960.69188144613,11.0364736842102
8971.98264449697,8.68876315789428
8994.56417059862,7.99430921052647
9000.20955212404,8.30776470588226
9005.85493364945,9.70211764705878
9011.50031517487,10.2697302631582
9017.14569670028,12.7983223684219
9022.79107822569,13.042289473684
9028.43645975111,10.7616274509818
9034.08184127653,8.84633552631571
9039.72722280194,9.10455555555619
9045.37260432735,10.7174210526315
9051.01798585277,11.2894771241839
9056.66336737818,11.7416315789474
9062.3087489036,11.0405686274517
9073.59951195442,9.28023684210515
9079.24489347984,8.49456862745073
9084.89027500525,9.22915789473766
9090.53565653067,10.2734117647058
9096.18103805608,11.2724210526312
9101.8264195815,11.4155592105268
9113.11718263232,11.5804999999996
9124.40794568315,9.58432679738485
9135.69870873398,9.0435294117648
9146.98947178481,9.25853289473658
9158.28023483564,9.44674342105254
9169.57099788646,9.9042105263161
9180.8617609373,10.484
9192.15252398813,9.93119078947389
9197.79790551354,7.98897385620875
9203.44328703896,10.1124868421065
9214.73405008977,12.8960000000009
9226.02481314062,11.0792763157883
9248.60633924227,10.4827058823531
9271.18786534392,10.3226578947367
9293.76939144559,7.98536601307061
9316.35091754725,8.7565723684216
9335.5881477272,11.4122091503297
9344.50892575527,12.906
9348.96931476931,11.5240789473685
9353.42970378335,10.7215263157894
9357.89009279738,11.2836143790858
9362.35048181142,8.54572549019716
9366.81087082546,10.4512236842104
9371.27125983949,11.4164671052629
9375.73164885353,9.89653947368331
9380.19203786757,8.32517647058823
9398.03359392371,8.28876973684208
9415.87514997985,8.46513157894731
9429.25631702197,8.33871052631574
9438.17709505004,9.3129673202618
9451.55826209215,11.2657763157903
9469.3998181483,9.37289542483581
9487.24137420444,8.25806578947376
9496.16215223252,8.42296732026138
9500.62254124655,7.6205921052632
9505.08293026059,8.91160784313927
9509.54331927463,11.1598947368423
9514.00370828866,12.2190000000002
9518.4640973027,10.5963289473683
9522.92448631674,10.8482941176471
9527.38487533077,10.6643137254902
9531.84526434481,10.5248552631576
9536.30565335884,10.5144605263156
9540.76604237288,12.1623464052286
9545.22643138692,13.1259346405229
9549.68682040095,12.9357236842105
9554.14720941499,10.9410263157883
9558.60759842903,10.1712763157896
9563.06798744307,9.69726797385617
9567.5283764571,9.36409210526323
9571.98876547114,8.5688300653598
9576.44915448517,9.31278947368457
9580.90954349921,10.3895490196076
9585.36993251325,12.0376578947367
9589.83032152728,13.3320000000001
9594.29071054132,13.5641710526315
9598.75109955536,13.4823092105258
9603.21148856939,12.8521776315787
9607.67187758343,14.1791764705881
9612.13226659747,13.8140789473685
9616.5926556115,12.1530921052614
9621.05304462554,10.9973355263164
9625.51343363958,11.2058431372549
9629.97382265361,9.94588888888892
9634.43421166765,8.72822368420991
9638.89460068168,9.22812500000097
9643.35498969572,10.5925263157899
9647.81537870976,10.8177647058826
9652.2757677238,10.6193421052632
9661.19654575187,10.5193137254902
9670.11732377994,10.2501578947352
9679.038101808,10.6816405228777
9687.95887983609,11.2603026315789
9692.41926885013,12.1766732026145
9701.3400468782,10.7217368421053
9710.26082490627,10.333039215686
9719.18160293433,9.9993552631564
9723.64199194838,8.50627450980391
9725.8721864554,8.34531578947369
9728.10238096242,8.80985526315781
9729.21747821593,9.0334210526323
9730.33257546944,9.34949019607829
9731.44767272294,10.3202156862744
9732.56276997645,10.9854407894737
9734.79296448347,11.4610789473684
9737.02315899049,13.8859736842119
9741.48354800453,16.0673267973868
9743.71374251155,14.3472631578954
9745.94393701856,13.8513333333334
9754.86471504664,12.8818421052632
9759.32510406067,13.4690196078437
9763.78549307471,14.0015855263159
9768.24588208875,14.9036405228776
9772.70627110278,11.7343289473684
9777.16666011682,11.3766274509804
9781.62704913086,10.7704868421044
9786.08743814489,8.98752941176333
9790.54782715893,9.60484210526194
9795.00821617296,11.8351710526319
9799.468605187,13.7528684210526
9803.92899420104,12.8112222222221
9808.38938321508,10.1210457516343
9812.84977222911,11.1588618421047
9815.08252827334,12.188
9817.38416156228,11.3451578947366
9819.68579485123,9.22416993464065
9821.98742814017,10.0977039473692
9824.28906142911,11.193046052631
9826.59069471805,11.8192236842105
9828.89232800699,11.6265882352942
9831.19396129594,10.2109078947355
9833.49559458488,10.039
9835.79722787382,11.0589999999988
9840.4004944517,12.316660130719
9845.00376102958,13.4488815789474
9849.60702760747,13.6741045751631
9858.81356076322,12.1510394736829
9868.020093919,9.91011184210489
9877.22662707477,10.9276184210527
9886.43316023053,13.3330522875821
9895.6396933863,15.8476078431379
9904.84622654206,16.3894342105258
9909.44949311995,16.076572368421
9914.05275969783,15.9447058823529
9918.65602627572,16.2346470588231
9927.86255943149,14.3858223684209
9937.06909258725,12.3680723684192
9941.67235916514,12.7325263157895
9946.27562574302,12.6653006535947
9950.8788923209,13.2623815789475
9955.48215889878,12.6076797385621
9960.08542547668,12.2920394736837
9964.68869205455,13.7493725490185
9969.29195863244,14.8834671052633
9973.89522521032,14.3193137254897
9978.4984917882,13.1413947368426
9983.10175836609,14.9212171052647
9987.70502494397,16.0287631578954
9992.30829152185,14.3751764705883
9994.60992481079,14.6712236842107
9996.91155809973,17.9017039473696
9999.21319138868,21.213815789476
10001.5148246776,22.1658300653595
10003.8164579666,21.2124183006533
10006.1180912555,19.4592171052628
10008.4197245444,17.0944078947364
10010.7213578334,17.6837631578952
10013.0229911223,19.0892352941165
10015.3246244113,20.1277039473684
10017.6262577002,19.0389673202609
10019.9278909892,15.4559736842089
10024.531157567,13.9813529411769
10029.1344241449,13.5315986842107
10033.7376907228,13.3566666666665
10036.0393240117,14.1101447368423
10038.3409573007,17.0707777777788
10040.6425905896,18.6451710526363
10042.9442238786,21.7911699346407
10045.2458571675,21.7528421052632
10047.5474904564,21.3036052631588
10049.8491237454,24.4181842105269
10052.1507570343,26.0915490196085
10054.4523903233,25.7201568627454
10056.7540236122,23.6948223684212
10059.0556569012,20.0951118421046
10061.3572901901,18.0430789473689
10063.658923479,18.1073333333306
10065.960556768,15.7642368421057
10070.5638233459,13.2536470588233
10075.1670899237,13.7152763157893
10079.7703565016,13.1487385620913
10084.3736230795,13.520381578948
10088.9768896574,14.0868888888883
10093.5801562353,15.3143157894737
10095.8817895242,15.6795555555556
10098.1834228132,15.465427631578
10100.4850561021,13.0914771241813
10102.786689391,11.6753289473687
10105.08832268,13.5315394736838
10107.3899559689,15.5566052631582
10109.6915892579,14.5485882352934
10111.9932225468,14.1711372548999
10116.5964891247,13.0104473684206
10121.1997557026,12.2935789473681
10123.5013889915,11.7534605263154
10125.8030222805,11.5685555555565
10128.1046555694,13.125
10130.4062888584,15.0328947368413
10132.7079221473,14.0297368421053
10135.0095554362,12.6835620915026
10139.6128220141,10.7992105263152
10144.216088592,12.1086797385617
10153.4226217478,13.0267368421045
10162.6291549035,12.7360000000005
10167.2324214814,12.8239473684206
10171.8356880593,12.3424117647062
10176.4389546372,11.4736842105246
10181.0422212151,12.4537368421052
10183.343854504,12.9854605263158
10185.6454877929,12.6607385620911
10190.2487543708,11.9658366013071
10194.8520209487,11.7218421052631
10199.4552875266,12.0849605263156
10204.0585541045,12.8817385620914
10208.6618206824,12.1265555555548
10213.2650872602,11.2524407894739
10215.5667205492,11.6332960526318
10217.8683538381,14.5206578947369
10220.1699871271,13.9300000000002
10222.471620416,12.1734210526309
10224.773253705,13.8397647058824
10227.0748869939,14.5041315789483
10229.3765202828,13.7902026143794
10231.6781535718,13.3405986842105
10240.8846867275,13.5800457516343
10250.0912198833,13.6279210526313
10254.6944864612,10.5807236842108
10259.2977530391,10.7502236842107
10263.901019617,9.73671241830082
10268.5042861948,7.96899999999926
10270.8059194838,8.85582894736935
10273.1075527727,9.69674999999946
10275.4091860617,8.67388235294133
10277.7108193506,9.88170588235278
10280.0124526396,11.8574210526322
10282.3140859285,12.5283092105259
10286.9173525064,14.5775000000011
10291.5206190843,16.8548888888885
10300.72715224,16.9316907894739
10309.9336853958,17.0372614379091
10319.1402185516,18.2799210526318
10323.7434851294,18.5420849673203
10332.9500182852,16.9985592105263
10342.156551441,15.9355098039221
10346.7598180189,13.6471052631576
10351.3630845967,14.8451176470599
10355.9663511746,14.3452105263147
10360.5696177525,11.4857647058828
10365.1728843304,8.58277631578974
10369.7761509083,8.54748684210533
10374.3794174862,9.96952631579024
10378.982684064,10.3026274509802
10381.284317353,10.4657320261436
10383.5859506419,11.5546052631579
10388.1892172198,11.3980921052631
10392.7924837977,9.46975000000065
10401.9990169535,10.0137320261432
10411.2055501092,9.45446710526314
10420.412083265,8.11707189542464
10425.0153498429,9.16368421052623
10434.2218829986,10.7143333333355
10443.4284161544,12.3373947368424
10452.6349493102,12.5529607843138
10461.8414824659,11.685052631579
10471.0480156217,11.9672222222222
10480.2545487775,11.0375657894729
10489.4610819332,10.2277254901963
10491.7627152222,10.9752631578946
10494.0643485111,11.9525
10496.3659818001,8.94518421052585
10498.667615089,6.98949019607756
10500.969248378,9.05006535947764
10503.2708816669,10.0794999999996
10512.4774148227,10.4776578947369
10517.0806814005,9.859
10521.6839479784,9.4423137254906
10526.2872145563,10.0723750000003
10530.8904811342,10.9979736842104
10535.4937477121,11.928
10540.09701429,14.4517516339869
10544.7002808678,13.6829999999991
10549.3035474457,12.8259473684195
10553.9068140236,12.1174999999994
10558.5100806015,12.4761372549019
10567.7166137573,14.26725
10576.923146913,14.4836143790854
10586.1296800688,15.7032500000009
10588.4313133577,15.9656513157885
10590.7329466467,17.037
10593.0345799356,17.0760196078432
10595.3362132246,15.4529999999998
10599.9394798024,14.9790921052625
10609.1460129582,13.8553750000003
10613.7492795361,12.9807516339869
10618.352546114,12.8122352941177
10622.9558126919,14.6109736842111
10627.5590792697,16.0812500000008
10632.1623458476,14.8318947368428
10636.7656124255,14.1612418300654
10641.3688790034,15.9705592105265
10650.5754121592,18.0210065359463
10655.178678737,15.9991447368413
10664.3852118928,14.1650784313736
10668.9884784707,14.8905263157895
10673.5917450486,15.0953529411765
10678.1950116265,16.393789473685
10682.7982782043,16.828
10687.4015447822,16.3045065789483
10692.0048113601,14.2189542483659
10696.608077938,11.7276052631577
10701.2113445159,12.4028157894737
10710.4178776716,14.2647236842131
10719.6244108274,17.4452745098027
10728.8309439832,19.6196666666666
10733.4342105611,17.7794802631576
10735.73584385,15.5086052631569
10738.0374771389,16.1327763157885
10740.3391104279,14.143235294119
10742.6407437168,12.1953486842106
10744.9423770058,12.8008235294119
10747.2440102947,13.6786315789473
10751.8472768726,13.304901960784
10756.4505434505,14.6701315789465
10761.0538100284,14.2883725490196
10765.6570766062,13.3575789473682
10770.2603431841,11.6639150326795
10774.863609762,12.0997500000005
10779.4668763399,11.9104444444451
10784.2531712554,12.5134210526317
10789.643742235,12.9614736842112
10795.0343132146,13.0093355263135
10800.4248841942,11.2038235294123
10805.8154551738,10.3839999999989
10811.2060261534,11.3824210526319
10816.5965971329,10.2842894736842
10821.9871681125,11.6294210526318
10827.3777390921,11.9174052287565
10832.7683100717,9.64815131579035
10838.1588810513,7.94163157894719
10843.5494520308,8.40296052631556
10848.9400230104,7.67286274509802
10854.33059399,8.36519078947441
10859.7211649696,8.807862745098
10865.1117359492,8.96647368421051
10870.5023069287,9.70096078431395
10875.8928779083,10.5829342105259
10881.2834488879,9.05201960784184
10886.6740198675,8.21206578947379
10892.0645908471,8.71204605263087
10897.4551618267,10.6068157894737
10900.1504473164,11.1577058823531
10902.8457328062,10.7578366013062
10905.541018296,9.33681578947419
10908.2363037858,8.98567105263158
10909.5839465307,10.6602875816998
10910.9315892756,12.3398888888885
10912.2792320205,10.87559868421
10913.6268747654,10.1181644736845
10914.9745175103,10.0414736842106
10916.3221602552,8.8279607843131
10917.6698030001,8.09378947368426
10919.017445745,7.49452941176681
10920.3650884899,8.98677631578968
10921.7127312348,9.20926797385598
10923.0603739797,9.97110526315799
10924.4080167246,10.3903398692812
10925.7556594695,9.17989473684043
10927.1033022143,9.82007894736848
10928.4509449592,9.85103289473676
10929.7985877041,9.03305228758111
10932.4938731939,9.04728947368439
10935.1891586837,10.5276973684216
10937.8844441735,11.4174407894735
10940.5797296633,11.0367843137257
10945.9703006429,12.2007647058822
10948.6655861327,12.64352631579
10951.3608716225,11.9374144736828
10956.751442602,10.7363684210531
10962.1420135816,9.81310457516325
10967.5325845612,10.1432434210527
10972.9231555408,10.2016666666667
10978.3137265204,10.7139473684216
10983.7042974999,10.2473986928109
10986.3995829897,10.1469473684207
10989.0948684795,11.5384901960789
10994.4854394591,12.2442499999999
10999.8760104387,11.636039215686
11002.5712959285,13.0314671052631
11005.2665814183,14.3385490196072
11007.9618669081,14.9202105263157
11010.6571523979,14.9342763157886
11012.0047951428,12.5054078947354
11013.3524378876,12.4130915032677
11014.7000806325,12.8241960784306
11016.0477233774,15.011177631579
11017.3953661223,14.9570328947368
11018.7430088672,12.9160526315786
11020.0906516121,12.218549019608
11021.438294357,11.8492368421053
11024.1335798468,10.2506013071896
11026.8288653366,10.7600394736846
11029.5241508264,12.0623333333339
11032.2194363162,12.3914539473684
11034.914721806,13.0437647058829
11037.6100072958,11.386894736842
11040.3052927855,9.35635294117546
11043.0005782753,11.5042171052642
11048.3911492549,12.5935555555556
11053.7817202345,11.5791842105266
11056.4770057243,12.4008881578946
11059.1722912141,14.9075986842119
11061.8675767039,15.0220130718945
11064.5628621937,14.2571830065365
11067.2581476835,12.4591381578947
11069.9534331732,11.5570921052628
11072.648718663,12.0384078947379
11075.3440041528,13.9357647058824
11078.0392896426,13.7948815789475
11080.7345751324,13.5041644736843
11083.4298606222,16.0520263157895
11086.125146112,15.8245424836598
11088.8204316018,13.9763881578938
11091.5157170916,12.4173986928107
11094.2110025814,11.1689868421054
11096.9062880712,11.0381633986928
11099.6015735609,10.9585131578957
11102.2968590507,12.1010065359474
11104.9921445405,13.1206315789468
11107.6874300303,13.3267960526315
11110.3827155201,13.040342105263
11113.0780010099,12.2901960784315
11115.7732864997,12.4429607843149
11118.4685719895,14.3420460526319
11121.1638574793,14.6855592105261
11123.8591429691,13.866640522876
11126.5544284588,13.5058431372551
11129.2497139486,13.9885263157897
11131.9449994384,14.7831907894735
11134.6402849282,14.342157894737
11137.335570418,12.9319803921567
11140.0308559078,11.475157894736
11142.7261413976,12.6508104575164
11145.4214268874,13.3710526315783
11148.1167123772,14.2292156862745
11150.811997867,14.6864013157895
11153.5072833568,13.8582941176455
11156.2025688465,11.3987894736834
11166.9837108057,8.61673684210527
11177.7648527649,8.80809868421046
11188.545994724,9.73186928104568
11199.3271366832,11.5826578947378
11210.1082786424,12.2712171052623
11220.8894206015,11.8786644736839
11231.6705625607,10.9293529411765
11237.0611335403,11.8539999999999
11242.4517045198,10.1100986842096
11247.8422754994,9.01067105263121
11253.232846479,10.176842105262
11258.6234174586,12.3919999999999
11264.0139884382,11.9935986842106
11269.4045594177,12.0960784313715
11274.7951303973,10.9953026315795
11285.5762723565,10.6945032679741
11296.3574143156,11.9692631578947
11307.1385562748,11.6385620915033
11317.919698234,9.95131578947296
11328.7008401931,9.58785620915047
11334.0914111727,11.3322828947357
11339.4819821523,12.5222026143791
11344.8725531319,12.7147236842105
11350.2631241115,12.3322171052623
11355.653695091,11.1791973684206
11361.0442660706,8.45121568627662
11366.4348370502,9.66584313725493
11371.8254080298,8.92187500000006
11377.2159790094,10.2313092105267
11382.6065499889,11.6411842105257
11387.9971209685,10.4306601307195
11393.3876919481,10.213302631579
11396.0829774379,10.7631960784314
11398.7782629277,9.35571052631585
11401.4735484175,9.61210457516356
11402.8211911624,11.6896447368406
11404.1688339073,9.99064052287582
11406.8641193971,9.47021052631574
11409.5594048869,11.0713725490214
11412.2546903766,11.7572368421062
11414.9499758664,11.7380000000012
11417.6452613562,10.4217894736843
11420.340546846,10.7683486842106
11423.0358323358,10.8731842105262
11425.7311178256,9.86222222222126
11428.4264033154,10.9146470588221
11431.1216888052,12.9373421052631
11433.816974295,12.3330855263158
11436.5122597848,11.5671578947375
11439.2075452746,12.0604771241824
11441.9028307643,10.7252434210534
11444.5981162541,9.91033552631578
11447.2934017439,12.5895263157896
11448.6410444888,13.5437058823529
11449.9886872337,11.4343157894717
11451.3363299786,10.2497254901956
11452.6839727235,12.4796842105266
11455.3792582133,13.960137254902
11458.0745437031,12.816197368421
11460.7698291929,13.5439934640538
11463.4651146827,15.1829736842099
11468.8556856622,15.3411776315788
11474.2462566418,14.5676973684211
11479.6368276214,14.107418300653
11485.027398601,12.35411764706
11490.4179695806,13.7508223684208
11495.8085405602,14.3712499999999
11501.1991115397,14.2250784313725
11503.8943970295,14.2371960784311
11506.5896825193,12.7775065789459
11511.9802534989,13.4002499999991
11517.3708244785,13.9991052631579
11522.7613954581,12.5338300653589
11525.4566809478,11.0130986842105
11528.1519664376,10.9083725490199
11530.8472519274,12.0292368421043
11533.5425374172,12.9751699346405
11536.237822907,14.4241315789471
11538.9331083968,13.1086470588232
11541.6283938866,11.4919210526299
11544.3236793764,10.0414407894731
11547.0189648662,10.9825592105266
11549.714250356,12.2191764705889
11552.4095358458,13.2496842105263
11555.1048213355,13.4391907894707
11557.8001068253,10.8068815789479
11560.4953923151,10.4442679738562
11563.1906778049,12.1766535947712
11565.8859632947,11.957144736842
11568.5812487845,9.36971052631343
11571.2765342743,9.52138157894727
11576.6671052539,10.5853267973854
11582.0576762335,12.3861052631582
11587.448247213,12.2103202614379
11592.8388181926,11.8114210526306
11598.2293891722,11.8949999999996
11603.6199601518,12.6593815789466
11609.0105311314,14.362
11614.4011021109,15.1927368421056
11619.7916730905,14.574836601306
11630.5728150497,14.2620657894742
11641.9863332729,13.5643986928105
11649.8946128022,12.9404736842103
11657.8028923316,10.5245263157888
11665.7111718609,10.5654407894759
11681.5277309196,13.18802614379
11697.3442899783,13.3567777777782
11705.2525695076,11.8458684210522
11713.160849037,11.6454342105265
11721.0691285663,13.8796052631589
11728.9774080957,14.786862745098
11736.885687625,13.0066973684207
11744.7939671543,12.8368823529413
11748.748106919,13.5303421052634
11752.7022466837,13.5387516339863
11760.610526213,12.6169473684213
11768.5188057424,11.1860326797386
11776.4270852717,11.4394210526318
11784.3353648011,13.7883333333343
11788.2895045657,14.1640460526312
11792.2436443304,13.9028758169935
11796.1977840951,14.8722631578943
11800.1519238597,16.300006578947
11804.1060636244,14.9361578947364
11808.0602033891,12.5921176470568
11812.0143431538,11.0459607843135
11815.9684829184,11.3464407894737
11819.9226226831,10.7213815789472
11823.8767624478,11.6272631578948
11827.8309022124,12.2947124183016
11831.7850419771,12.4974144736846
11835.7391817418,14.4311315789464
11839.6933215065,13.1351052631578
11843.6474612711,11.8711699346397
11847.6016010358,13.138526315792
11851.5557408005,13.273830065359
11855.5098805651,12.8369736842114
11859.4640203298,13.0251764705889
11863.4181600945,11.5307697368425
11867.3722998591,12.2606862745096
11871.3264396238,12.1348947368421
11879.2347191532,11.9004671052632
11887.1429986825,11.8845921052633
11891.0971384472,13.5260980392166
11895.0512782118,12.3784379084963
11902.9595577412,10.8555394736846
11910.8678372705,10.8898552631573
11926.6843963292,12.5047516339874
11942.5009553879,12.4484901960782
11958.3175144466,11.7895921052626
11974.1340735053,11.7059736842105
11982.0423530346,12.419684210526
11989.950632564,14.0813333333335
11997.8589120933,14.0123092105259
12005.7671916226,13.0976274509802
12013.675471152,12.9559210526315
12021.5837506813,12.5146666666668
12029.4920302107,12.5535460526321
12037.40030974,13.8429607843142
12045.3085892693,14.2803421052629
12053.2168687987,14.2278421052629
12061.125148328,15.4846644736843
12069.0334278574,13.3540065359469
12076.9417073867,12.040894736842
12084.8499869161,12.718513157897
12092.7582664454,14.0845723684214
12100.6665459747,13.7479411764705
12108.5748255041,12.0422745098033
12116.4831050334,11.2714013157896
12124.3913845628,11.2857105263157
12132.2996640921,12.602
12140.2079436215,12.8899999999999
12148.1162231508,13.3861842105264
12156.0245026801,14.0629084967325
12163.9327822095,14.9196447368422
12171.8410617388,14.5756209150328
12179.7493412682,13.398092105263
12187.6576207975,15.02945751634
12195.5659003269,15.9872105263156
12203.4741798562,15.8585882352941
12211.3824593855,12.9656644736843
12219.2907389149,11.0268627450984
12235.1072979736,9.98494736842105
12250.9238570322,11.8706052631598
12266.7404160909,14.5635855263162
12282.5569751496,15.7497385620913
12290.465254679,14.4099607843138
12298.3735342083,12.3047171052623
12306.2818137376,9.29057236842014
12314.190093267,9.64590789473861
12322.0983727963,12.3153660130718
12330.0066523257,13.4559802631578
12337.914931855,11.6091568627451
12345.8232113844,10.8978421052616
12353.7314909137,10.0403725490204
12361.639770443,11.3143026315788
12369.5480499724,13.3309607843136
12377.4563295017,14.0249342105263
12381.4104692664,13.672562091503
12385.3646090311,11.4939078947361
12389.3187487957,10.4522745098041
12393.2728885604,10.5841578947368
12397.2270283251,10.18325
12399.2040982074,9.99682236842131
12401.1811680898,10.6574705882357
12403.1582379721,9.19895424836607
12405.1353078544,8.542125
12407.1123777367,9.112322368421
12409.0894476191,11.2579999999997
12413.0435873838,12.0185294117673
12415.0206572661,13.8318750000003
12416.9977271484,12.86175
12418.9747970307,9.42200000000022
12420.9518669131,10.4031045751636
12424.9060066778,10.6976250000002
12428.8601464425,9.87971241830063
12432.8142862071,10.547
12440.7225657365,10.5869934640523
12448.6308452658,10.6251250000005
12456.5391247952,11.3633660130722
12464.4474043245,11.46275
12472.3556838538,11.5719934210526
12480.2639633832,10.6266249999997
12484.2181031479,9.1093333333323
12488.1722429125,7.82800000000015
12492.1263826772,8.44352631578888
12496.0805224419,10.281125
12500.0346622065,12.9893006535949
12503.9888019712,11.9857254901955
12507.9429417359,10.452328947367
12511.8970815005,10.5148749999999
12519.8053610299,9.55884210526312
12523.7595007946,9.47863398692815
12527.7136405592,10.5493157894743
12535.6219200886,11.6456535947699
12543.5301996179,10.8157631578942
12551.4384791473,11.3343725490196
12559.3467586766,11.4549276315788
12567.2550382059,10.2859411764712
12575.1633177353,12.3957368421072
12583.0715972646,12.9154836601309
12590.979876794,13.0059605263157
12594.9340165586,11.7970522875817
12598.8881563233,9.53615789473503
12602.842296088,9.69527631579061
12606.7964358527,11.6850460526311
12610.7505756173,11.6517581699345
12614.704715382,12.3245163398694
12618.6588551467,13.4531842105269
12622.6129949113,13.0240657894726
12626.567134676,10.9163684210531
12630.5212744407,11.0637843137258
12634.4754142054,12.9695592105264
12638.42955397,14.134999999999
12646.3378334994,13.4728947368432
12654.2461130287,14.9303202614373
12662.1543925581,15.0643815789473
12670.0626720874,14.1452745098039
12677.9709516167,13.7026973684205
12685.8792311461,12.0812026143778
12693.7875106754,11.2209934210523
12701.6957902048,12.4124444444446
12705.6499299694,12.1438684210525
12709.6040697341,12.5923289473682
12713.5582094988,11.5505526315779
12717.5123492634,8.87076470588376
12721.4664890281,7.84047058823567
12723.4435589105,10.3737039473688
12725.4206287928,11.3897631578949
12727.3976986752,10.9075263157904
12729.3747685575,11.6752222222224
12731.3518384398,11.7569539473684
12733.3289083221,9.9577499999997
12737.2830480868,10.204986842104
12741.2371878515,9.97636601307458
12745.1913276161,11.6171052631576
12749.1454673808,14.8603790849672
12757.0537469102,15.3773947368424
12764.9620264395,14.6833921568623
12772.8703059688,13.7095789473684
12776.8244457335,14.4534901960777
12780.7785854982,14.4506315789473
12784.7327252629,10.9876184210516
12788.6868650275,8.76196052631666
12792.6410047922,10.2335555555564
12796.5951445569,14.23288888889
12798.5722144392,12.219
12800.5492843215,10.615046052631
12802.5263542039,12.774294117648
12804.5034240862,13.6577058823545
12806.4804939686,13.9312631578953
12808.4575638509,13.2411118421052
12810.4346337332,12.0482631578949
12812.4117036156,12.344725490196
12816.3658433802,11.4989013157887
12820.3199831449,10.06894117647
12828.2282626742,12.2820657894735
12836.1365422036,14.5590261437913
12840.0906819683,13.2830789473683
12844.0448217329,12.6115163398681
12851.9531012623,13.2215789473677
12859.0171465765,12.5781381578942
12870.3687863914,13.6326118421049
12876.0446062988,14.2501503267981
12881.7204262063,13.9574473684201
12887.3962461137,14.8711447368423
12893.0720660212,15.2893881578948
12898.7478859286,14.409078431372
12904.4237058361,12.7311176470585
12910.0995257435,12.0992171052633
12915.775345651,12.3756601307189
12921.4511655584,12.4465789473679
12927.1269854658,15.010307189543
12932.8028053733,15.7604013157895
12938.4786252807,15.3278888888865
12944.1544451882,14.0781578947363
12949.8302650956,14.5947647058825
12955.5060850031,18.7543815789471
12961.1819049105,18.3435555555557
12972.5335447254,16.7586710526291
12978.2093646329,14.618803921569
12983.8851845403,14.7506052631577
12989.5610044478,14.8150588235289
12995.2368243552,12.9252368421047
13000.9126442627,12.9082302631594
13006.5884641701,15.3722302631574
13012.2642840776,14.662986928105
13017.940103985,12.6995032679738
13023.6159238925,13.09002631579
13029.2917437999,13.8565986842107
13032.1296537537,14.1979473684209
13034.9675637074,15.3904183006532
13037.8054736611,16.440927631579
13040.6433836148,16.9723986928101
13043.4812935686,15.668657894736
13046.3192035223,12.1303333333344
13049.157113476,11.0944407894736
13051.9950234297,12.2783529411772
13054.8329333835,13.5031578947368
13057.6708433372,13.7003921568629
13060.5087532909,15.6500065789474
13063.3466632446,14.7814248366017
13066.1845731984,13.7950789473683
13069.0224831521,11.4012368421046
13071.8603931058,9.05997368420817
13074.6983030595,7.74337908496728
13077.5362130133,7.03448366013066
13080.374122967,7.38698684210531
13083.2120329207,9.02532894736933
13086.0499428744,10.0074210526317
13088.8878528282,10.331294117647
13091.7257627819,11.740881578947
13094.5636727356,11.1868157894732
13097.4015826893,9.36847368420969
13103.0774025968,9.4996143790861
13108.7532225042,9.58919736842125
13114.4290424117,10.3548692810457
13120.1048623191,11.7794342105268
13125.7806822266,15.7927189542505
13128.6185921803,15.4967894736836
13131.456502134,12.8539346405236
13134.2944120878,11.2695263157894
13137.1323220415,12.556625
13139.9702319952,13.669565789474
13143.4028453066,12.9139607843128
13146.9480596706,11.3856470588233
13150.4932740347,12.6808026315789
13154.0384883988,13.5961315789477
13157.5837027628,11.648692810456
13161.1289171269,12.5838888888894
13164.674131491,13.5475065789471
13168.219345855,15.2566381578944
13171.7645602191,13.2509078947369
13178.8549889472,13.9222483660124
13185.9454176754,13.7266776315792
13193.0358464035,11.0686666666667
13200.1262751317,11.1793684210526
13207.2167038598,13.3061176470587
13214.3071325879,12.4110789473692
13221.3975613161,12.8967058823521
13235.5784187723,12.7236447368418
13242.6688475005,11.1820000000001
13249.7592762286,10.4691973684213
13256.8497049568,11.4802745098038
13263.9401336849,12.5473684210534
13271.030562413,10.88659868421
13285.2114198693,11.341302631579
13292.3018485974,10.6056535947713
13299.3922773256,11.300666666666
13306.4827060537,10.9967631578953
13313.5731347819,13.0281118421048
13320.66356351,15.2086842105263
13327.7539922381,14.1232352941177
13341.9348496944,12.5023026315785
13356.1157071507,14.5373725490197
13370.296564607,14.7372631578947
13377.3869933351,13.4895816993464
13384.4774220632,12.4009934640523
13398.6582795195,12.243157894737
13412.8391369758,12.5563157894736
13427.0199944321,13.5957124182998
13434.1104231602,10.4830328947369
13441.2008518883,8.75022222222224
13448.2912806165,10.2818552631591
13455.3817093446,12.7228223684217
13462.4721380728,12.641098684211
13476.652995529,11.8939803921569
13490.8338529853,10.1238039215686
13505.0147104416,11.8630131578945
13519.1955678979,11.7014013157896
13533.3764253542,8.88746052631603
13540.4668540823,8.86024183006538
13547.5572828104,10.418605263158
13554.6477115386,13.6137843137266
13561.7381402667,14.8149210526309
13575.918997723,12.9784444444458
13590.0998551793,11.9571052631579
13597.1902839074,13.2532875816994
13604.2807126355,13.0965263157889
13618.4615700918,13.9427647058836
13625.5519988199,13.5943684210519
13632.6424275481,14.4189411764706
13639.7328562762,14.9144210526316
13646.8232850044,14.4740065789472
13653.9137137325,13.398276315789
13661.0041424606,13.9306666666659
13668.0945711888,13.8981764705882
13675.1849999169,12.9253157894736
13689.3658573732,12.9382039473688
13703.5467148295,13.5205263157899
13717.7275722857,14.1223267973854
13731.908429742,12.7268881578951
13746.0892871983,11.4124078947368
13760.2701446546,12.8401710526326
13774.4510021108,15.7730000000008
13788.6318595671,14.4540921052644
13802.8127170234,13.5672745098039
13816.9935744797,13.8341578947369
13831.1744319359,15.7656993464056
13845.3552893922,13.5242960526329
13854.8615586741,13.3938366013092
13864.2471693225,11.5978947368421
13873.632779971,9.94965789473714
13883.0183906195,11.3295789473684
13892.404001268,11.0143725490192
13901.7896119165,9.68628104575018
13911.1752225649,11.9794013157895
13920.5608332134,13.516263157895
13929.9464438619,12.9992352941174
13939.3320545104,14.8158823529403
13948.7176651589,13.5117894736848
13958.1032758073,11.3472499999999
13967.4888864558,11.2718421052634
13976.8744971043,12.2756535947713
13986.2601077528,11.8887894736836
13995.6457184013,11.4895620915031
14005.0313290497,11.507907894737
14014.4169396982,11.1571503267974
14019.1097450225,11.5284013157896
14023.8025503467,12.3582810457523
14033.1881609952,12.2871842105267
14042.5737716437,13.0290855263164
14051.9593822921,11.6057763157894
14061.3449929406,10.3149411764702
14070.7306035891,11.4686973684227
14075.4234089133,12.8754802631563
14080.1162142376,15.13325
14089.501824886,15.142091503268
14098.8874355345,15.69751633987
14108.273046183,17.1655394736843
14117.6586568315,15.0030592105278
14127.04426748,12.3971578947367
14136.4298781284,13.5433464052293
14145.8154887769,15.578190789474
14155.2010994254,15.5650588235303
14159.8939047496,16.0460263157899
14164.5867100739,16.4212352941178
14169.2795153981,15.1095986842104
14173.9723207224,14.7393333333333
14178.6651260466,15.3439210526323
14183.3579313708,15.306888888889
14188.0507366951,15.2771052631586
14192.7435420193,12.5701895424833
14197.4363473436,11.8708421052631
14202.1291526678,14.4885855263195
14206.821957992,16.5663947368427
14211.5147633163,15.6483529411766
14216.2075686405,14.7511699346404
14220.9003739648,13.6771118421047
14225.593179289,11.0483684210507
14230.2859846132,9.92255263157863
14234.9787899375,11.2796862745096
14239.6715952617,13.6144407894744
14244.364400586,12.9995490196078
14249.0572059102,12.473052631578
14253.7500112344,12.6914575163392
14258.4428165587,13.4730394736842
14267.8284272072,17.0607320261435
14277.2140378556,16.5
14286.5996485041,13.7639999999967
14295.9852591526,12.9815986842106
14305.3708698011,13.3363398692807
14314.7564804496,13.6517236842105
14324.142091098,13.0851315789464
14333.5277017465,11.4040394736845
14342.913312395,12.1186470588233
14352.2989230435,12.4887647058816
14361.684533692,14.6786644736842
14371.0701443404,15.5351315789478
14375.7629496647,13.7338026315789
14380.4557549889,13.0245555555563
14385.1485603132,11.9526447368419
14389.8413656374,10.6802434210521
14394.5341709616,12.1581052631579
14399.2269762859,12.505647058824
14403.9197816101,12.5705986842106
14408.6125869344,14.6430653594766
14413.3053922586,16.3838421052632
14417.9981975828,16.6531176470587
14422.6910029071,15.1114407894732
14427.3838082313,13.6097058823534
14432.0766135556,13.5124999999997
14436.7694188798,14.5465921052622
14441.462224204,12.4673355263155
14446.1550295283,11.4952156862737
14451.085297975,12.8294313725486
14456.3788716914,14.7627697368416
14461.6724454077,16.3383355263158
14466.966019124,14.3996928104565
14472.2595928403,12.6512745098044
14477.5531665566,13.3547697368421
14482.8467402729,13.8890789473683
14488.1403139892,12.0339473684211
14498.7274614219,12.0685098039215
14509.3146088545,12.6046907894741
14519.9017562871,14.1929607843139
14530.4889037198,13.539
14541.0760511524,13.391156862745
14551.663198585,13.3975131578938
14562.2503460176,11.6686862745096
14572.8374934503,12.0321052631577
14583.4246408829,12.664822368421
14594.0117883155,11.9756644736842
14604.5989357482,12.0982222222238
14615.1860831808,11.5426315789465
14625.7732306134,12.9564276315791
14636.360378046,12.9889407894734
14646.9475254787,13.3749411764705
14657.5346729113,13.2580392156865
14668.1218203439,14.7375592105277
14678.7089677766,15.0512105263162
14689.2961152092,13.3658684210528
14699.8832626418,12.9861111111113
14710.4704100744,14.9204276315799
14715.7639837908,14.6130392156856
14721.0575575071,13.1108421052633
14723.7043443652,12.3528954248366
14726.3511312234,16.1427434210526
14728.9979180815,15.8557908496722
14731.6447049397,12.3290526315767
14734.2914917979,11.7473529411764
14736.938278656,12.7351644736842
14739.5850655142,12.3995686274507
14742.2318523723,13.8457368421065
14744.8786392305,13.7367368421044
14747.5254260886,11.9159736842113
14752.818999805,12.1149803921567
14758.1125735213,13.3974248366013
14763.4061472376,13.0757565789471
14768.6997209539,13.5786184210532
14773.9932946702,15.9282368421054
14779.2868683865,14.7589999999999
14784.5804421028,13.755710526316
14789.8740158192,13.4404575163395
14795.1675895355,13.171894736843
14800.4611632518,14.2723529411764
14805.7547369681,13.0743618421054
14811.0483106844,10.6669607843138
14816.3418844007,12.014986842106
14821.635458117,13.6902352941186
14826.9290318334,12.7616710526316
14832.2226055497,12.7173333333333
14842.8097529823,13.5942368421052
14853.3969004149,14.5901249999982
14858.6904741312,11.7126184210515
14863.9840478476,10.1469738562093
14874.5711952802,13.6575098039215
14885.1583427128,14.008
14890.4519164291,11.7684605263136
14901.0390638618,13.0939999999994
14906.3326375781,12.5188039215683
14911.6262112944,12.48525
14916.9197850107,14.3851578947367
14922.213358727,14.6054999999998
14927.5069324433,13.655045751633
14932.8005061596,12.899375
14938.094079876,10.7738300653595
14943.3876535923,11.383
14953.9748010249,12.8844836601312
14959.2683747412,12.0879999999982
14964.5619484575,9.92753594771251
14969.8555221738,9.664
14975.1490958902,9.19192763157917
14980.4426696065,11.3085000000009
14986.0967666482,13.1359019607856
14991.7513083145,12.4530000000009
14997.4058499808,11.0258618421052
15000.233120814,10.188625
15003.0603916471,10.7624117647065
15008.7149333134,11.5869607843143
15014.3694749798,12.6038815789472
15020.0240166461,12.431375
15025.6785583124,12.5742105263157
15031.3330999787,11.7978104575168
15036.987641645,12.194322368421
15042.6421833113,12.386111111112
15048.2967249776,11.6226973684211
15053.951266644,13.7692941176473
15059.6058083103,15.5558881578931
15065.2603499766,12.8552549019589
15070.9148916429,12.0715263157888
15076.5694333092,11.3040457516338
15082.2239749755,12.4069210526317
15087.8785166418,14.3609346405239
15093.5330583082,15.0695394736842
15099.1875999745,10.8754342105272
15104.8421416408,9.81040131578955
15110.4966833071,10.1801045751634
15116.1512249734,13.465130718954
15121.8057666397,13.5666776315806
15127.460308306,14.179210526316
15133.1148499724,13.8615921052631
15138.7693916387,13.1500980392156
15144.423933305,13.8040197368432
15150.0784749713,13.7694705882346
15155.7330166376,12.2470000000006
15161.3875583039,10.630111111111
15167.0420999702,10.4380460526316
15172.6966416366,11.9261372549028
15178.3511833029,13.7950263157898
15184.0057249692,14.1274836601306
15189.6602666355,12.063131578947
15195.3148083018,9.69577777777756
15200.9693499681,8.94568421052617
15206.6238916344,10.3634868421047
15212.2784333007,9.85970394736844
15217.9329749671,9.37290196078428
15223.5875166334,10.4284705882353
15229.2420582997,10.7275921052635
15234.896599966,11.5038486842111
15240.5511416323,12.0037368421051
15246.2056832986,12.5679934640524
15251.8602249649,13.1895328947369
15257.5147666313,12.932519736842
15263.1693082976,10.9179868421037
15274.4783916302,10.5382222222217
15285.7874749628,12.433888157895
15297.0965582955,13.3401307189542
15308.4056416281,13.5181052631581
15319.7147249607,14.0766274509809
15331.0238082933,13.3824276315795
15342.332891626,12.1549411764707
15347.9874332923,12.1274078947369
15353.6419749586,10.8849210526311
15359.2965166249,9.68705921052595
15364.9510582912,9.33815032679747
15370.6055999575,9.6289150326795
15376.2601416238,8.56188157894725
15381.9146832902,9.09092105263185
15387.5692249565,9.63864705882372
15393.2237666228,10.4194117647065
15398.8783082891,9.7033355263158
15404.5328499554,10.0041315789474
15410.1873916217,11.8099999999997
15415.841933288,10.5344509803905
15421.4964749544,8.47022368421122
15427.1510166207,10.2969999999998
15432.805558287,10.4273421052629
15438.4600999533,8.67315686274447
15444.1146416196,8.58064473684272
15449.7691832859,8.9746209150328
15455.4237249522,8.95668421052634
15461.0782666186,10.0510986842112
15466.7328082849,11.1789276315786
15472.3873499512,10.0718888888884
15478.0418916175,10.2994473684209
15483.6964332838,12.9203552631579
15489.3509749501,12.3724934210524
15495.0055166164,10.2465490196071
15500.6600582828,9.9386470588227
15506.3145999491,10.0415657894732
15511.9691416154,10.0169144736841
15517.6236832817,10.2517631578945
15523.278224948,10.3894379084972
15528.9327666143,10.7190657894733
15534.5873082806,11.0754444444445
15540.241849947,11.3278421052631
15545.8963916133,11.703
15551.5509332796,11.937315789474
15557.2054749459,12.5719803921568
15562.8600166122,13.1657105263155
15568.5145582785,13.5072352941176
15571.3418291117,15.0895460526316
15574.1690999448,14.4191960784309
15576.996370778,12.7458421052617
15579.8236416111,13.2714539473681
15582.6509124443,13.2228552631578
15585.4781832775,12.1246862745096
15588.3054541106,12.0715032679756
15591.290065657,15.1508815789466
15594.8540602398,15.4322697368418
15598.4180548225,13.3809999999997
15605.5460439881,14.8462614379086
15612.6740331536,14.9120394736842
15619.8020223191,15.7900980392157
15623.3660169018,15.9238421052631
15626.9300114846,14.6196666666672
15630.4940060674,12.7798881578942
15634.0580006501,13.3802941176477
15637.6219952329,14.7115789473688
15641.1859898156,14.5748692810458
15648.3139789811,12.839842105263
15655.4419681467,14.3320915032681
15659.0059627294,16.7185526315802
15662.5699573122,16.2759013157895
15666.1339518949,15.180453947369
15669.6979464777,12.6643202614383
15673.2619410605,13.0336797385624
15676.8259356432,14.7377763157909
15680.389930226,15.7007763157887
15683.9539248087,17.3873947368424
15691.0819139742,15.7536470588238
15698.2099031397,14.0398881578943
15701.7738977225,14.5733355263163
15705.3378923053,15.2212368421047
15708.901886888,14.1554771241832
15712.4658814708,14.613164473684
15716.0298760535,13.8237189542477
15719.5938706363,13.0216052631581
15723.1578652191,15.0053660130732
15726.7218598018,19.2186249999995
15730.2858543846,22.1276666666663
15733.8498489673,22.6223157894734
15737.4138435501,19.5631315789458
15740.9778381328,17.3651381578949
15744.5418327156,17.8017647058823
15748.1058272984,16.3239607843142
15751.6698218811,13.4125723684208
15755.2338164639,12.3261118421052
15758.7978110466,11.3299150326791
15762.3618056294,12.3496209150326
15765.9258002121,13.9102499999998
15769.4897947949,14.4950460526315
15773.0537893777,14.5249078947373
15776.6177839604,15.4513921568631
15783.7457731259,16.8220131578944
15798.001751457,14.8996209150331
15812.257729788,13.7311578947373
15826.513708119,15.7695686274519
15840.76968645,19.6065460526314
15855.0256647811,19.4120588235294
15869.2816431121,19.6463815789473
15883.5376214431,20.5103421052632
15897.7935997742,20.4255921052633
15912.0495781052,20.4644575163398
15926.3055564362,17.8500789473688
15940.5615347673,14.3871644736843
15954.8175130983,14.4038355263164
15969.0734914293,14.6562156862742
15983.3294697603,11.9009999999991
15997.5854480914,10.3777171052635
16011.8414264224,9.97578947368421
16015.4054210052,12.4552631578949
16018.9694155879,15.4615294117667
16022.5334101707,15.6424605263146
16026.0974047534,13.9075098039218
16029.6613993362,11.6028157894737
16033.225393919,12.4403071895425
16040.3533830845,14.2750592105297
16047.48137225,18.1696078431358
16054.6093614155,16.6269736842106
16061.737350581,14.038294117647
16065.3013451638,15.8293749999999
16068.8653397465,15.4648496732026
16072.4293343293,19.3239605263188
16075.993328912,20.5639342105263
16079.5573234948,18.2177647058822
16083.1213180776,15.9070526315789
16086.6853126603,15.3478039215682
16090.2493072431,14.9134736842105
16093.8133018258,16.2552697368418
16097.3772964086,19.4511578947369
16100.9412909913,21.0342549019608
16104.5052855741,19.4995460526301
16108.0692801569,17.8106470588232
16111.6332747396,17.7246315789468
16115.1972693224,18.0260849673202
16118.7612639051,19.0497894736843
16125.8892530706,20.1862287581709
16133.0172422362,20.9278421052629
16140.1452314017,19.2025686274521
16147.2732205672,17.9094605263156
16154.4012097327,16.3715294117648
16161.5291988982,15.3947368421036
16168.6571880637,15.2561381578937
16175.7851772292,14.8943092105258
16182.9131663948,16.3593333333334
16190.0411555603,16.6453006535948
16197.1691447258,16.1173289473678
16204.2971338913,13.9716249999986
16211.4251230568,12.5387894736842
16218.5531122223,12.9877843137256
16225.6811013879,15.7071513157898
16232.8090905534,18.077730263159
16247.0650688844,17.7997763157863
16254.1930580499,14.218000000001
16261.3210472154,12.3979342105263
16264.8850417982,13.8869411764706
16268.4490363809,13.9039999999995
16282.705014712,12.8961895424831
16296.960993043,12.9535723684206
16311.216971374,13.7132287581699
16339.7289280361,13.3221184210526
16368.2408846982,11.5198026315791
16396.7528413602,11.9719013157893
16411.0088196912,13.661215686273
16425.2647980223,14.9430130718953
16432.3927871878,14.1471776315789
16439.5207763533,13.6491973684208
16446.6487655188,14.1683725490202
16453.7767546843,13.0782156862744
16472.5016329545,13.975894736842
16491.4036126993,17.4883289473688
16510.3055924441,18.4633157894734
16519.7565823165,17.2411830065349
16529.2075721889,17.0088881578946
16538.6585620613,16.480588235294
16548.1095519337,15.5772368421051
16557.5605418061,15.86891503268
16567.0115316785,13.668532894736
16576.4625215509,11.9392941176484
16585.9135114233,11.5817894736842
16604.8154911681,12.5411578947373
16614.2664810405,13.6870592105256
16623.7174709129,13.3672941176481
16642.6194506577,13.1038947368425
16661.5214304025,14.4931184210526
16680.4234101473,14.856052631579
16699.3253898921,13.5512614379081
16715.2323541138,11.8853267973864
16731.0085001689,12.7116447368419
16746.784646224,13.0005394736842
16754.6727192515,14.1170263157898
16762.5607922791,15.1533790849674
16778.3369383342,12.7996710526288
16794.1130843893,11.9542156862739
16802.0011574168,13.8721052631575
16809.8892304444,14.9097058823528
16817.7773034719,14.0522631578949
16825.6653764995,15.3490000000019
16833.553449527,16.625
16841.4415225546,15.4770392156868
16849.3295955821,14.0353157894737
16857.2176686097,14.9876078431377
16865.1057416372,16.2160526315795
16872.9938146648,15.5919934210536
16888.7699607199,13.6139210526316
16904.546106775,13.1696209150325
16920.32225283,13.4496928104575
16936.0983988851,13.2842828947366
16951.8745449402,14.6430855263148
16967.6506909953,17.3264999999997
16983.4268370504,17.9739019607841
16999.2029831055,15.2730855263146
17014.9791291606,12.7678684210525
17022.8672021882,12.5422105263156
17030.7552752157,14.1134575163392
17038.6433482433,13.1579013157889
17045.8223714836,13.7005947712413
17051.956157851,13.250157894738
17058.0899442185,11.6110000000008
17064.2237305859,11.8478552631581
17070.3575169534,11.6493398692814
17076.4913033208,12.8707631578951
17082.6250896883,13.3419605263163
17088.7588760557,13.9210657894738
17094.8926624232,16.1986470588224
17101.0264487906,17.7451372549019
17107.1602351581,16.0746842105247
17113.2940215256,12.0793947368399
17119.427807893,10.9317894736838
17125.5615942605,13.3127320261427
17137.8291669954,15.5238815789474
17143.9629533628,16.7846381578952
17150.0967397303,14.4389473684202
17156.2305260977,12.3942352941182
17162.3643124652,13.0078749999995
17168.4980988327,13.5791045751633
17174.6318852001,12.0599868421042
17180.7656715676,12.2101176470596
17186.899457935,15.2410197368414
17193.0332443025,17.8235294117643
17199.1670306699,17.3514736842101
17211.4346034048,17.1204999999994
17217.5683897723,15.9174407894734
17223.7021761397,15.8404575163398
17235.9697488746,17.6269738562087
17254.371107977,18.928875
17278.9062534468,17.9648881578942
17303.4413989166,15.5222352941166
17327.9765443864,14.5750261437908
17334.1103307539,15.2305921052629
17346.3779034888,16.8265131578952
17352.5116898563,16.2976184210525
17358.6454762237,14.7748431372536
17364.7792625912,13.3250592105264
17370.9130489586,14.8491764705881
17377.0468353261,16.083157894737
17380.1137285098,15.7839738562083
17383.1806216935,17.0148486842089
17389.314408061,14.7026405228756
17395.4481944284,14.283513157895
17398.5150876122,14.6280592105268
17401.5819807959,11.1988881578941
17404.6488739796,10.4486993464053
17407.7157671633,12.1742631578943
17413.8495535308,14.0268947368418
17419.9833398983,14.7794999999998
17426.1171262657,14.7599411764708
17432.2509126332,14.3212352941198
17438.3846990006,17.7049407894736
17444.5184853681,17.813
17450.6522717355,16.0785000000001
17456.786058103,15.60688888889
17469.0781147139,16.4746447368419
17481.4038585355,16.1077777777781
17493.7296023572,14.4545000000001
17506.0553461789,13.9502745098039
17518.3810900005,12.6901513157883
17530.7068338222,10.827503267974
17543.0325776438,10.6269473684213
17555.3583214655,10.5975294117647
17567.6840652871,11.9008223684211
17580.0098091088,13.5098235294123
17592.3355529305,14.6110526315794
17598.4984248413,13.9340986842105
17604.6612967521,13.5114934210527
17610.8241686629,12.9495620915033
17616.9870405738,13.0073071895421
17623.1499124846,12.766546052632
17629.3127843954,13.0780921052632
17635.4756563063,15.1751052631578
17641.6385282171,15.1422026143788
17647.8014001279,13.769131578947
17653.9642720387,13.2050000000015
17660.1271439496,16.2108947368413
17666.2900158604,17.9582549019607
17672.4528877712,18.1152565789474
17678.6157596821,14.9404313725471
17684.7786315929,11.6622236842093
17690.9415035037,10.2452875816994
17697.1043754146,10.5351699346404
17703.2672473254,12.285
17709.4301192362,13.0078684210531
17715.592991147,12.6314999999999
17721.7558630579,11.9680986842111
17727.9187349687,11.1910718954248
17734.0816068795,11.9931699346405
17740.2444787904,11.2848750000004
17746.4073507012,11.1137894736838
17752.570222612,14.8129999999971
17758.7330945228,15.3166862745098
17764.8959664337,13.38225
17771.0588383445,12.3072828947365
17777.2217102553,13.0917500000004
17789.547454077,13.0729411764708
17801.8731978987,14.41575
17815.2740572792,13.1894836601308
17829.839619622,11.5859999999993
17844.4051819648,11.2427777777784
17858.9707443076,11.8211250000002
17873.5363066504,11.6401307189542
17880.8190878218,12.48225
17888.1018689932,14.2161578947377
17895.3846501646,14.679624999999
17902.667431336,12.8618431372559
17909.9502125074,10.305
17917.2329936788,11.0377171052633
17924.5157748502,13.9696250000012
17931.7985560216,16.574078431374
17939.081337193,15.9738562091514
17946.3641183644,13.3680592105262
17953.6468995358,12.4085
17960.9296807072,13.1700526315795
17968.2124618786,15.2576405228759
17975.49524305,16.1594342105256
17982.7780242214,14.3155424836601
17990.0608053928,14.066605263158
17997.3435865642,14.7563137254904
18004.6263677356,14.263789473682
18011.909148907,11.4910784313728
18019.1919300784,10.0122631578946
18026.4747112498,9.5230522875817
18033.7574924212,9.1358947368423
18041.0402735926,9.43767320261419
18048.323054764,9.54164473684197
18055.6058359354,9.01684210526295
18062.8886171068,7.14608552631567
18070.1713982782,7.57959477124283
18077.4541794496,9.79988235294148
18084.736960621,10.2055131578946
18092.0197417924,9.80210526315794
18099.3025229638,11.1341710526314
18106.5853041352,11.4759019607855
18113.8680853066,12.7781315789472
18121.150866478,11.9615882352946
18128.4336476494,11.9875263157898
18142.9992099922,13.8039281045753
18157.564772335,13.4022171052631
18172.1303346778,10.4148431372536
18186.6958970206,8.69234210526379
18201.2614593634,8.88333986928115
18215.8270217062,11.8360789473687
18223.1098028776,12.2519999999992
18230.392584049,11.1631052631574
18237.6753652204,9.27210526315686
18244.9581463918,11.4693092105261
18252.2409275632,13.9644705882358
18259.5237087346,15.0134117647054
18266.806489906,13.0720592105257
18274.0892710774,11.235355263159
18281.3720522488,10.7707368421053
18295.9376145916,11.6375947712422
18310.5031769344,14.436078947369
18325.0687392772,14.893309210526
18332.3515204486,14.5921710526321
18339.63430162,14.8097777777777
18346.1386146043,15.9180131578949
18358.8457436801,17.6862483660122
18365.199308218,14.5089736842078
18371.5528727559,11.2261764705893
18384.2600018317,11.4784934210526
18390.6135663696,10.8480980392154
18403.3206954454,9.40994736842081
18416.0278245212,10.3268092105265
18428.734953597,10.4332894736843
18441.4420826728,10.4880196078432
18454.1492117486,10.9967189542488
18460.5027762865,12.6435328947368
18466.8563408244,13.1845424836608
18473.2099053623,13.5920394736841
18479.5634699002,15.4548039215683
18485.9170344381,15.9680131578945
18492.270598976,14.7301052631577
18504.9777280519,13.8143684210518
18517.6848571277,12.6545490196083
18530.3919862035,12.6839342105264
18543.0991152793,12.4273529411766
18555.8062443551,12.0330789473678
18568.5133734309,11.5844640522882
18579.749264754,11.9128355263155
18588.4548874226,12.8386535947711
18597.1605100913,13.9851578947371
18601.5133214257,14.6930197368422
18605.86613276,14.5621644736835
18610.2189440944,13.6330000000003
18614.5717554287,12.3112894736847
18618.924566763,10.303578947368
18623.2773780974,9.24463815789456
18627.6301894317,10.8016274509824
18631.9830007661,13.9159411764705
18636.3358121004,13.1869934210525
18640.6886234347,9.67119078947265
18645.0414347691,10.1528815789475
18649.3942461034,10.6395098039218
18653.7470574378,10.924447368421
18658.0998687721,11.0232222222215
18662.4526801065,13.6881578947375
18666.8054914408,15.631581699347
18671.1583027751,15.5812236842106
18675.5111141095,15.6623790849673
18679.8639254438,15.2209473684213
18684.2167367782,13.0851372549011
18688.5695481125,10.8058552631575
18692.9223594468,10.0372745098039
18697.2751707812,11.1896842105259
18701.6279821155,11.4520855263157
18705.9807934499,12.4450394736842
18710.3336047842,13.0883986928108
18714.6864161185,13.2741568627454
18719.0392274529,14.7270855263152
18727.7448501216,16.4410394736839
18736.4504727903,15.7488421052623
18740.8032841246,14.0916405228758
18745.1560954589,13.6921907894732
18749.5089067933,13.1271307189549
18753.8617181276,11.2191710526316
18765.1097324958,12.098666666667
18777.0407907476,11.7497302631575
18788.9718489995,9.87711764705757
18800.9029072513,9.0557631578945
18812.8339655031,11.2573464052283
18824.7650237549,12.4091513157889
18836.6960820068,10.4934771241821
18848.6271402586,10.7801184210532
18860.5581985104,15.6934473684205
18872.4892567623,17.3872697368425
18878.4547858882,13.9133333333321
18881.4375504511,12.6454509803924
18884.4203150141,13.1701381578949
18887.403079577,12.4163355263161
18890.38584414,10.8049473684211
18893.368608703,11.1550000000008
18896.3513732659,12.6756184210531
18899.3341378289,13.3663750000002
18902.3169023918,12.5783421052634
18914.2479606437,11.7602287581699
18926.1790188955,11.6550657894736
18938.1100771473,13.509052287582
18950.0411353991,13.9566842105263
18961.972193651,12.8645686274512
18967.9377227769,11.0614671052632
18973.9032519028,11.5285294117649
18976.8860164658,13.1623684210532
18979.8687810287,12.4163618421041
18982.8515455917,9.86646052631627
18985.8343101546,8.78745098039208
18988.8170747176,11.5379411764714
18991.7998392805,13.8211184210541
18994.7826038435,14.7361842105259
18997.7653684065,16.8730326797382
19000.7481329694,15.7746470588236
19003.7308975324,13.8162894736834
19006.7136620953,12.219506578947
19009.6964266583,13.2076184210552
19015.6619557842,15.8610261437908
19021.6274849101,15.7192105263158
19027.593014036,13.3178039215687
19033.5585431619,13.0616315789483
19039.5240722879,13.9327254901961
19045.4896014138,13.9596513157898
19051.4551305397,11.1880000000002
19057.4206596656,12.2889868421063
19060.4034242286,17.5338684210537
19063.3861887915,18.6513157894731
19066.3689533545,16.4117254901969
19069.3517179174,16.1869736842105
19072.3344824804,15.1842039473686
19075.3172470433,16.3019868421058
19078.3000116063,18.0202091503278
19081.2827761693,19.5746666666669
19084.2655407322,17.2761710526316
19087.2483052952,15.8277631578949
19093.2138344211,17.9775263157898
19099.179363547,17.3811176470574
19105.1433249787,15.0087960526319
19111.1050230291,15.2745098039214
19117.0667210795,17.3407763157896
19123.0284191298,17.6880849673203
19128.9901171802,15.0589013157884
19134.9518152306,13.0878692810465
19140.9135132809,13.0065526315789
19146.8752113313,14.2994052287582
19149.8560603565,14.6944671052639
19152.8369093817,14.9635751633981
19155.8177584069,13.7365131578948
19158.798607432,11.3709605263158
19164.7603054824,11.8653092105263
19170.7220035328,12.0090392156864
19176.6837015831,13.8448431372551
19182.6453996335,14.6433223684206
19185.6262486587,13.6648157894738
19188.6070976839,14.5085
19191.587946709,15.1933202614387
19194.5687957342,16.684447368422
19200.5304937846,16.1269150326798
19206.492191835,15.244447368421
19209.4730408601,15.4788169934641
19212.4538898853,17.9973092105282
19215.4347389105,15.7338692810451
19218.4155879357,14.4278815789477
19221.3964369609,14.4831176470589
19224.3772859861,14.9016907894734
19230.3389840364,13.376529411764
19236.3006820868,12.0001578947359
19242.2623801372,11.6686907894737
19245.2432291624,12.5236447368422
19248.2240781875,15.3278888888891
19251.2049272127,16.6541960784305
19254.1857762379,15.5838092105261
19257.1666252631,14.5992565789476
19260.1474742883,14.8712105263156
19266.1091723386,13.2866666666667
19272.070870389,15.2228552631592
19278.0325684394,17.4491118421065
19283.9942664897,17.5942894736856
19289.9559645401,16.2804117647061
19295.9176625905,17.9234342105264
19301.8793606409,19.0020196078405
19307.8410586912,15.3098421052613
19319.764454792,11.3662810457536
19331.6878508927,14.6185000000001
19343.6112469934,17.8733267973862
19349.5729450438,19.1384868421038
19352.553794069,20.0123552631577
19355.5346430942,19.8691842105263
19361.4963411445,19.7414117647058
19367.4580391949,18.0686143790849
19373.4197372453,17.3730723684206
19376.4005862704,18.2042631578968
19379.3814352956,20.6973725490186
19385.343133346,21.2802745098035
19391.3048313964,18.7053355263156
19397.2665294467,16.4038223684193
19403.2282274971,16.4478421052626
19409.1899255475,16.6450196078425
19415.1516235978,18.850782894737
19418.132472623,17.1525294117644
19421.1133216482,14.5677499999989
19424.0941706734,14.2853071895436
19427.0750196986,17.6397105263157
19433.3254533811,17.5414379084966
19440.0720550475,15.6077631578943
19443.4453558806,16.5818815789481
19445.1320062972,20.0316973684237
19446.8186567138,20.7169411764715
19450.191957547,18.0231052631575
19453.5652583802,19.6507894736852
19460.3118600465,23.231072368422
19473.8050633793,19.9701699346362
19477.1783642124,14.7917320261445
19480.5516650456,14.7405065789472
19483.9249658788,17.1808750000004
19487.298266712,16.7168815789469
19494.0448683783,14.9335555555539
19500.7914700447,13.8103881578949
19507.538071711,13.514431372549
19514.2846733774,14.1163947368427
19517.6579742106,15.6602941176472
19521.0312750438,15.9485526315791
19527.7778767101,16.5729999999993
19534.5244783765,17.7307631578947
19541.2710800429,15.3624640522867
19544.644380876,12.3662960526313
19548.0176817092,11.8609477124181
19554.7642833756,11.4534736842107
19568.2574867083,10.5721842105267
19575.0040883746,9.95201973684242
19581.750690041,11.4271830065363
19588.4972917074,12.9363137254917
19591.8705925405,14.3180394736841
19595.2438933737,16.707815789474
19601.9904950401,15.9248684210521
19608.7370967064,13.6392156862738
19622.2303000392,12.3704671052632
19635.7235033719,11.4130588235289
19639.0968042051,11.8452763157898
19642.4701050382,12.4280326797397
19649.2167067046,14.0677039473686
19655.963308371,18.1256797385626
19659.3366092041,19.6268947368413
19662.7099100373,18.2885555555564
19669.4565117037,16.3095228758163
19676.20311337,16.2418421052643
19682.9497150364,16.3911973684197
19689.6963167028,15.4285460526324
19696.4429183691,13.7047631578947
19703.1895200355,14.3184117647059
19709.9361217018,17.0010196078423
19716.6827233682,14.922519736842
19723.4293250346,14.5046710526318
19730.1759267009,17.8534605263159
19736.9225283673,17.1520522875813
19743.6691300336,15.6006578947362
19750.4157317,13.3483881578928
19757.1623333664,13.5817368421051
19763.9089350327,16.0048300653584
19772.319646998,17.5362565789474
19780.9329356394,16.7639477124177
19789.5462242808,14.5403026315776
19793.8528686016,15.5134705882347
19798.1595129223,16.8008815789469
19802.466157243,18.1833921568624
19806.7728015637,16.3911315789466
19815.3860902052,14.5243684210534
19823.9993788466,16.5468026315783
19832.612667488,18.5490261437906
19841.2259561295,17.4595359477126
19849.8392447709,17.2479802631568
19858.4525334124,15.780677631579
19867.0658220538,13.9674967320266
19875.6791106952,16.4504575163404
19884.2923993367,15.8057763157898
19892.9056879781,15.0691644736835
19901.5189766196,15.5144736842108
19910.132265261,17.1989607843131
19918.7455539024,19.5231513157892
19927.3588425439,19.7444509803921
19935.9721311853,19.5043157894736
19944.5854198268,18.9246470588232
19953.1987084682,16.4543289473689
19961.8119971096,14.1970130718957
19966.1186414304,12.3685921052627
19970.4252857511,14.945052631579
19974.7319300718,15.3914210526326
19979.0385743925,14.8117189542489
19983.3452187132,13.8199473684211
19987.651863034,14.0051578947369
19996.2651516754,15.3684539473685
20004.8784403168,15.4317647058823
20013.4917289583,16.4524117647054
20022.1050175997,19.9959276315785
20026.4116619204,21.7613881578949
20030.7183062412,18.8801842105254
20035.0249505619,16.187666666665
20039.3315948826,15.8214934210521
20043.6382392033,16.6754444444438
20047.944883524,19.2131184210525
20052.2515278448,18.0332287581694
20056.5581721655,16.4588618421058
20065.1714608069,17.5941241830064
20069.4781051277,17.9866842105263
20073.7847494484,19.0683529411764
20078.0913937691,18.327019736842
20082.3980380898,16.8818627450967
20086.7046824105,13.9964868421058
20091.0113267313,12.4395921052631
20099.7036574858,14.6365592105268
20108.5671146763,16.8256405228766
20126.2940290574,15.9914575163408
20135.1574862479,17.1565000000003
20144.0209434384,17.0367960526315
20152.8844006289,14.5904605263158
20161.7478578195,14.4867058823519
20170.61131501,14.0370328947374
20179.4747722005,15.3632810457514
20183.9065007958,17.837789473684
20188.338229391,19.1997647058824
20197.2016865815,21.9709671052651
20214.9286009626,21.8434117647073
20223.7920581531,22.3315657894746
20241.5189725341,22.7439019607843
20259.2458869152,22.1450986842105
20268.1093441057,22.4477058823535
20276.9728012962,24.0957368421063
20285.8362584867,27.5550000000004
20294.6997156773,26.7810921052632
20303.5631728678,24.3667254901962
20307.994901463,21.3453921568624
20312.4266300583,20.7228749999996
20316.8583586536,21.8170784313711
20321.2900872488,20.063
20339.0170016299,16.2363725490198
20347.8804588204,10.717499999999
20356.7439160109,9.17124342105211
20365.6073732014,9.63050000000032
20370.0391017967,8.59256862745097
20372.2549660943,8.8415
20374.4708303919,9.70735947712494
20378.9025589872,10.2109999999994
20383.3342875825,9.11884967320322
20392.197744773,10.885125
20401.0612019635,10.9806274509804
20405.4929305588,8.72149999999818
20409.924659154,8.84251315789646
20414.3563877493,11.1477499999996
20418.7881163445,10.5660588235294
20427.6515735351,6.344
20436.5150307256,6.29759868421066
20440.9467593208,7.25000000000077
20445.3784879161,7.76784967320252
20449.8102165114,8.15726143790853
20454.2419451066,9.45621052631589
20456.4578094042,10.9401250000007
20458.6736737019,10.9851315789463
20460.8895379995,9.62291503268013
20463.1054022971,11.2628223684209
20467.5371308924,12.5190718954249
20471.9688594877,12.9732368421046
20476.4005880829,11.7967058823526
20480.8323166782,11.6690263157888
20485.2640452734,12.8126078431373
20489.6957738687,12.1431052631578
20494.127502464,11.773
20498.5592310592,12.490217105264
20502.9909596545,13.6939999999995
20507.4226882497,16.2176973684211
20509.6385525474,19.637980263158
20511.854416845,21.3639013157904
20516.2861454403,22.3324640522878
20520.7178740355,21.3856666666678
20525.1496026308,19.1977828947372
20529.581331226,19.3042236842106
20534.0130598213,20.8558947368424
20538.4447884166,21.5984901960779
20542.8765170118,23.7088486842086
20545.0923813094,23.4117647058824
20547.3082456071,23.2690526315786
20551.7399742023,23.1096993464055
20556.1717027976,22.6315789473675
20558.3875670952,21.1921437908509
20560.6034313929,20.987539473684
20565.0351599881,19.0783202614373
20569.4668885834,20.2996249999998
20573.8986171786,20.9412222222238
20578.3303457739,22.6551578947362
20582.7620743692,23.1466315789476
20584.9779386668,22.594
20587.1938029644,20.6091176470583
20589.4096672621,20.4344117647045
20591.6255315597,19.6129276315787
20593.8413958573,20.266
20596.0572601549,22.5878947368421
20600.4889887502,23.3091633986931
20604.9207173455,23.7207697368419
20609.3524459407,22.1805328947367
20613.784174536,18.8504473684207
20618.2159031312,18.3066274509806
20622.6476317265,18.5112894736842
20627.0793603218,18.288274509804
20631.511088917,18.2576052631583
20649.2380032981,17.225745098039
20653.6697318933,17.5298552631587
20658.1014604886,21.5234117647064
20666.9649176791,21.4962894736838
20675.8283748696,18.9328486842095
20684.6918320601,15.6467302631577
20693.5552892507,15.2373006535948
20702.4187464412,15.6809542483665
20706.8504750364,16.9391052631574
20711.2822036317,16.1248366013071
20715.713932227,13.0200657894727
20720.1456608222,16.1147254901964
20724.5773894175,17.7224934210531
20729.0091180127,16.6658235294111
20737.8725752033,15.8090263157896
20747.0850765374,15.0649411764702
20756.3786818031,12.8890328947362
20765.6722870688,13.121789473684
20774.9658923344,12.9280394736844
20784.2594976001,12.8169738562091
20793.5531028658,15.2539342105262
20802.8467081315,14.4582483660127
20807.4935107643,12.8835789473681
20812.1403133971,12.7666907894742
20816.78711603,13.7013618421059
20819.1105173464,12.760450980392
20821.4339186628,12.9724736842106
20823.7573199792,12.284486842105
20826.0807212956,10.3959013157888
20828.404122612,10.2814901960775
20830.7275239285,9.27123529411802
20833.0509252449,9.53631578947329
20835.3743265613,11.2406052631587
20837.6977278778,10.6899605263161
20840.0211291942,11.0871764705884
20844.667931827,11.1736118421054
20849.3147344598,11.2811578947366
20853.9615370927,11.0573157894738
20858.6083397255,11.8116143790853
20863.2551423584,13.5492156862738
20867.9019449912,14.2199736842105
20872.548747624,14.5732368421055
20877.1955502569,14.6895294117647
20886.4891555225,13.1770657894729
20895.7827607882,11.0428823529423
20905.0763660539,10.4152894736841
20909.7231686867,12.2008750000002
20914.3699713196,13.9495789473695
20919.0167739524,14.1513725490191
20923.6635765852,15.1448562091502
20928.3103792181,15.7066118421056
20932.9571818509,14.7502171052625
20942.2507871166,12.2389473684206
20951.5443923823,12.0807712418308
20960.8379976479,11.8154802631596
20970.1316029136,10.9011437908496
20979.4252081793,11.0713947368427
20988.7188134449,12.3043333333337
21007.3060239763,10.3409342105253
21025.8932345077,11.3222894736841
21035.1868397733,13.0097894736854
