"AGE","GR"
2540.71712388369,44.95540099
2542.64620643095,43.36154336
2544.57528897821,41.88180061
2546.50437152547,42.25945115
2548.43345407272,43.16816505
2550.36253661998,44.12855357
2552.29161916724,44.91021653
2554.2207017145,47.75553513
2556.14978426176,50.63940066
2558.07886680902,51.09429058
2560.00794935628,50.8317357
2561.93703190354,50.08371877
2563.86611445079,48.749946
2565.79519699805,46.40127173
2567.72427954531,46.25815526
2568.68882081894,48.44807396
2569.65336209257,52.93228546
2570.6179033662,60.14955737
2571.58244463983,66.73794789
2572.54698591346,70.67708711
2573.51152718709,70.05941257
2574.47606846072,67.68257801
2575.44060973435,65.43948863
2576.40515100798,65.1207656
2577.3696922816,62.69886996
2578.33423355523,60.23565085
2579.29877482886,56.22205602
2580.26331610249,52.84213086
2581.22785737612,51.54370826
2582.19239864975,51.38165476
2583.15693992338,53.26917634
2584.12148119701,54.46298167
2585.08602247064,55.28319756
2587.0151050179,57.01993444
2587.97964629153,58.82839233
2588.94418756516,59.71414727
2589.90872883879,60.93846549
2590.87327011242,62.01981543
2591.83781138604,61.98312627
2592.80235265967,61.93791466
2593.7668939333,60.48714612
2594.73143520693,58.94090462
2596.66051775419,57.37735397
2597.62505902782,55.88161636
2598.58960030145,56.41407782
2599.55414157508,57.57036873
2600.51868284871,58.76926968
2602.44776539597,60.497707
2603.4123066696,61.94717813
2604.37684794323,61.96309394
2608.23501303774,61.88356079
2612.09317813226,60.75146537
2615.95134322678,62.12243101
2619.80950832129,62.01123798
2623.66767341581,62.79963901
2627.52583851033,63.10322209
2631.38400360485,63.14016582
2635.24216869936,63.25361036
2639.10033379388,61.918947
2642.9584988884,59.63962288
2646.81666398292,57.81175238
2650.67482907743,57.55349899
2654.53299417195,57.52472362
2658.39115926647,58.56069251
2662.24932436098,61.38560386
2666.1074894555,62.87735917
2669.96565455002,64.46439906
2673.82381964454,66.82725557
2677.68198473905,68.0409335
2681.54014983357,69.92383742
2685.39831492809,70.03552245
2689.25648002261,68.95673136
2691.18556256986,67.07348648
2693.11464511712,66.51792611
2696.97281021164,65.86300637
2700.83097530616,66.35072479
2708.54730549519,67.70591071
2712.40547058971,67.6095532
2714.33455313697,67.60675755
2715.2990944106,67.62924403
2716.26363568423,67.60062027
2717.22817695786,68.80259376
2718.19271823149,68.64281343
2719.15725950511,67.26112833
2720.1477604149,64.09649378
2721.31787624054,63.06985136
2722.48799206618,62.08801035
2723.65810789182,61.69534902
2724.82822371746,59.768662
2727.16845536873,57.85231081
2728.33857119437,57.57209389
2729.50868702001,57.54761361
2730.67880284565,57.55457036
2731.84891867129,57.57746883
2733.01903449693,59.34693574
2734.18915032256,63.0664769299979
2736.52938197384,68.27265583
2738.86961362512,73.19099229
2741.20984527639,77.93013682
2743.55007692767,81.9569523
2745.89030857895,85.429419939998
2748.23054023022,86.72299151
2752.91100353278,86.68554648
2757.59146683533,86.07521834
2762.27193013788,82.5507722
2766.95239344044,77.5680957900028
2771.63285674299,72.82005744
2776.31332004554,69.39431929
2780.9937833481,66.32553598
2785.67424665065,64.64693738
2790.3547099532,64.1927428400002
2795.03517325575,66.34509904
2799.71563655831,70.09537582
2804.39609986086,76.41552131
2809.07656316341,84.01607845
2813.75702646597,88.2311134099976
2818.43748976852,89.53954626
2820.7777214198,90.02327928
2823.11795307107,90.57466798
2825.45818472235,89.90358646
2827.79841637363,89.2146726300004
2830.1386480249,86.29447216
2832.47887967618,84.72871352
2834.81911132746,83.25792899
2835.98922715309,82.57169399
2838.32945880437,82.1869743400002
2840.66969045565,81.65022749
2843.00992210692,80.5177449
2846.52026958384,78.67465911
2848.86050123512,78.22166172
2849.44555914793,77.0875623900006
2850.03061706075,74.29800322
2850.61567497357,70.04892532
2851.20073288639,67.56172971
2852.37084871203,66.13025356
2853.54096453767,64.330099750001
2854.71108036331,61.88028307
2855.88119618895,63.26805724
2858.22142784022,66.05854416
2860.5616594915,68.18330412
2864.07200696841,69.3534744799993
2866.41223861969,71.8682316
2868.75247027097,73.69969222
2871.09270192224,72.29028843
2873.43293357352,70.20511074
2876.94328105044,68.8775055900008
2879.28351270171,67.49697438
2881.62374435299,67.6061504
2886.30420765554,67.49271081
2890.9846709581,70.08169521
2893.32490260937,74.6681522899974
2895.66513426065,80.39908245
2898.00536591193,86.87317415
2902.68582921448,93.3030357
2907.36629251703,97.52872278
2912.04675581958,99.5261138199989
2916.72721912214,99.26856228
2921.40768242469,98.20213436
2924.91802990161,96.7211587
2927.25826155288,95.34802587
2929.59849320416,92.4065814000017
2930.7686090298,90.68389076
2933.10884068107,88.35301145
2935.44907233235,85.91516213
2937.78930398363,83.80553358
2940.1295356349,84.5282820799996
2942.46976728618,85.50864621
2943.63988311182,82.53019362
2944.80999893746,80.2613892
2945.98011476309,78.87931847
2947.15023058873,78.2892626400003
2948.32034641437,77.74401511
2949.49046224001,80.05074921
2950.66057806565,81.98429853
2951.24563597847,83.80329417
2951.83069389129,85.9818870899988
2953.00080971692,85.11742594
2954.17092554256,82.77432697
2956.51115719384,81.56668753
2957.68127301948,80.3706388
2958.85138884512,79.9865805800002
2960.02150467075,78.74737322
2961.19162049639,77.64839354
2961.77667840921,77.97069739
2962.36173632203,79.68332192
2962.94679423485,80.9614016899993
2963.53185214767,81.6157855
2964.11691006049,81.56109876
2964.70196797331,82.00282874
2965.28702588613,83.11119644
2965.87208379895,84.9814945399989
2967.04219962458,87.72422702
2968.21231545022,90.40219526
2969.38243127586,93.73571604
2970.5525471015,96.16058406
2971.72266292714,98.3147120599988
2972.89277875278,97.33524515
2974.06289457841,95.24350118
2974.64795249123,90.88565392
2975.23301040405,85.03009116
2977.57324205533,79.699447630003
2978.15829996815,75.59311285
2978.74335788097,71.28531395
2979.32841579379,68.46639214
2979.91347370661,66.70744746
2981.08358953224,65.3501242600008
2982.25370535788,64.1184846
2984.59393700916,61.44535046
2986.93416866043,58.07899625
2989.27440031171,54.82721529
2991.61463196299,50.2792563100026
2993.95486361426,44.60108855
2998.63532691682,37.91812336
3003.31579021937,36.42811177
3007.99625352192,36.58193175
3011.50660099884,38.9139820999987
3013.84683265012,42.14306238
3016.18706430139,46.14764118
3018.52729595267,50.92272736
3020.86752760395,52.73531875
3023.20775925522,52.3893774700002
3025.5479909065,52.58994024
3027.88822255777,54.0889001
3030.22845420905,59.40116019
3031.39857003469,64.15790028
3032.56868586033,70.3243031399965
3033.73880168597,75.32463233
3036.07903333724,77.45294436
3038.41926498852,75.73820305
3040.7594966398,72.12586076
3043.09972829107,67.8608507200024
3045.43995994235,63.73580914
3047.78019159363,59.05370422
3050.1204232449,56.68096316
3051.29053907054,57.67828452
3052.46065489618,59.6965222999989
3053.045712809,63.76785112
3053.63077072182,68.15936665
3054.80088654746,72.84004222
3057.14111819873,77.44371881
3059.48134985001,78.7040823599993
3060.65146567565,77.84595601
3061.82158150129,76.00653703
3063.57675523974,74.4566321
3065.3319289782,72.93816014
3067.67216062948,70.2718143400015
3070.01239228075,67.19741143
3072.35262393203,64.68741276
3074.69285558331,61.69829935
3078.20320306022,57.38973872
3082.88366636277,53.3462292800023
3085.22389801405,49.79083345
3087.56412966533,48.40385863
3089.90436131661,49.43716107
3092.24459296788,49.81003168
3094.58482461916,50.1838290899998
3096.92505627044,50.13187113
3098.09517209607,50.82002179
3099.26528792171,50.68282137
3100.43540374735,51.84377838
3101.60551957299,53.0487821299993
3102.77563539863,53.40828998
3103.94575122426,54.73832779
3105.1158670499,56.93021354
3106.28598287554,58.76028056
3107.45609870118,60.6106888099989
3108.62621452682,61.84173438
3109.79633035246,63.06795853
3110.96644617809,63.74720796
3111.55150409091,63.25801616
3112.13656200373,61.465176110001
3112.72161991655,58.31742019
3113.30667782937,54.81029685
3113.89173574219,54.86415219
3114.47679365501,57.92858348
3115.06185156783,59.4989750599991
3115.64690948065,59.65020091
3116.23196739347,59.69584363
3116.81702530629,58.79514338
3117.40208321911,58.58678541
3117.98714113192,57.5704448400006
3118.57219904474,58.61468392
3119.15725695756,59.66045896
3119.74231487038,59.6116146
3120.3273727832,59.45614183
3120.91243069602,57.617595860001
3121.49748860884,54.04201792
3122.08254652166,50.4211662
3122.66760443448,47.2739449
3123.2526623473,44.04187894
3123.83772026012,42.9370398500006
3125.00783608575,43.94660412
3126.17795191139,44.2657563
3127.34806773703,46.17592568
3129.68829938831,47.68559479
3132.02853103958,49.2246541399991
3134.36876269086,52.01919412
3135.5388785165,54.44363718
3136.70899434214,56.95287444
3137.87911016778,58.54603382
3139.04922599341,59.8777166899992
3141.38945764469,61.28134667
3143.72968929597,62.59146993
3146.06992094724,63.1493256
3148.41015259852,64.57860383
3150.7503842498,66.408691619999
3153.09061590107,71.11375569
3155.43084755235,77.72729274
3157.77107920363,86.34793028
3160.1113108549,93.5334771
3162.45154250618,97.044797729998
3163.62165833182,94.53218627
3164.79177415746,81.71923855
3165.96188998309,65.80464895
3166.54694789591,50.51633235
3167.13200580873,42.2486064900047
3168.30212163437,41.49968559
3169.47223746001,44.58423396
3171.81246911129,48.4801452
3174.15270076256,50.93105226
3175.3228165882,52.719298889999
3176.49293241384,54.82439138
3177.66304823948,53.2405099
3178.83316406512,48.56209531
3180.00327989075,44.90195144
3181.17339571639,44.0432785800005
3182.34351154203,42.69518683
3183.51362736767,45.03453601
3184.68374319331,48.82062548
3185.85385901894,52.99293939
3187.02397484458,58.5832060099968
3188.19409067022,64.97606687
3192.87455397277,71.18355579
3197.55501727533,75.95730402
3202.23548057788,78.87488772
3206.91594388043,79.4540295099997
3211.59640718299,78.65291028
3216.27687048554,77.45770704
3220.95733378809,76.89900014
3225.63779709065,76.94690902
3229.14814456756,76.7271800700001
3231.48837621884,75.74645033
3232.65849204448,73.24481891
3233.82860787011,73.07257909
3234.41366578293,73.04214505
3234.99872369575,72.4645153800003
3236.16883952139,70.55775163
3237.33895534703,69.57450552
3238.50907117267,72.14889923
3239.67918699831,75.49600848
3243.18953447522,77.66664281
3244.35965030086,80.76906602
3245.5297661265,83.60695203
3249.04011360341,89.14344385
3251.38034525469,94.03491091
3256.06080855724,99.09157495
3265.42173516235,99.86570004
3268.93208263926,99.12930617
3270.1021984649,95.01956238
3271.27231429054,89.80166584
3272.44243011618,83.58864376
3273.027488029,77.45698199
3274.19760385464,73.71515313
3275.36771968028,70.46623081
3277.70795133155,67.68709302
3280.04818298283,66.56811942
3281.80335672128,70.3193385
3284.14358837256,74.69189832
3288.82405167512,80.46048391
3293.50451497767,85.87714482
3312.60261338121,91.32862329
3317.83997895648,96.81060562
3323.07734453175,99.7215552
3328.31471010701,99.84932212
3333.55207568228,98.60174603
3338.78944125755,93.07629953
3349.26417240809,87.37680823
3359.73890355862,84.79830089
3370.21363470915,80.29903197
3380.68836585969,75.40497543
3388.54441422259,71.8942003
3392.47243840404,73.49560938
3396.40046258549,79.17008778
3399.01914537312,83.74179172
3401.63782816076,85.40803145
3404.25651094839,86.38564203
3406.87519373602,87.70517437
3412.11255931129,86.99889987
3414.73124209893,86.44836725
3417.34992488656,86.81412926
3418.65926628038,90.54398945
3419.96860767419,95.49433614
3422.58729046183,98.29460765
3425.20597324946,97.73929756
3427.8246560371,90.98903554
3430.44333882473,84.71677332
3433.06202161236,81.85565552
3435.68070439999,79.569369
3438.29938718763,80.22914246
3440.91806997526,80.78992415
3443.53675276289,82.08812503
3446.15543555053,81.06089645
3448.77411833816,79.71314478
3451.3928011258,76.87823768
3454.01148391343,72.79263115
3456.63016670106,69.8774618
3457.93950809488,68.63167783
3459.2488494887,68.21777582
3460.55819088252,69.96392567
3461.86753227633,73.13904804
3463.17687367015,76.16855223
3464.48621506397,77.57458958
3469.72358063923,78.37123308
3474.9609462145,79.82280969
3480.19831178977,79.76764132
3485.43567736503,78.53483367
3490.6730429403,78.68504137
3495.91040851557,79.72006143
3501.14777409084,78.82510635
3503.76645687847,75.03521744
3506.3851396661,71.00662591
3509.00382245374,67.0773361
3510.31316384756,63.04921155
3511.62250524137,59.32587035
3514.241188029,57.22959661
3516.85987081664,57.37527172
3519.47855360427,59.30572339
3522.0972363919,62.73355534
3524.71591917954,66.94227337
3527.33460196717,70.30506329
3532.57196754244,74.18710171
3543.04669869298,78.69605611
3548.28406426824,85.75437819
3558.75879541878,90.63736229
3563.99616099404,92.88224341
3574.47089214458,94.44671582
3578.39891632603,95.38888877
3582.32694050748,95.28229378
3584.94562329511,92.46237599
3587.56430608275,87.96212261
3592.80167165801,82.62538572
3595.42035444565,77.69831554
3600.65772002091,74.02050024
3605.62387006436,71.13598164
3609.27428697695,69.76677002
3612.92470388954,69.89250641
3614.74991234583,70.82193199
3616.57512080213,69.19240464
3620.22553771471,65.66683709
3623.8759546273,61.47059854
3627.52637153989,58.2364096
3631.17678845248,59.54459184
3634.82720536507,63.1144316
3636.65241382136,69.51517698
3637.5650180495,77.47858635
3638.47762227765,85.42935389
3639.3902265058,90.38935792
3640.30283073395,91.95901148
3643.95324764654,97.4553222
3647.60366455912,102.0359458
3651.25408147171,102.7616735
3654.9044983843,99.53336412
3656.72970684059,91.15657107
3660.38012375318,78.17711837
3662.20533220948,69.03740766
3664.03054066577,62.9947007
3665.85574912207,60.73620567
3667.68095757836,57.56671028
3669.50616603465,56.35898423
3671.33137449095,56.58300718
3673.15658294724,57.54152354
3674.98179140354,60.24330618
3678.63220831613,65.28169561
3682.28262522871,72.062139
3685.9330421413,76.23734177
3689.58345905389,76.39717088
3693.23387596648,76.35516231
3696.88429287907,78.1272838
3700.53470979166,79.855664
3704.18512670424,78.47401517
3707.83554361683,74.86564836
3711.48596052942,71.2386394
3715.13637744201,69.6731909
3722.43721126718,68.99179791
3729.73804509236,67.50866967
3735.21367046124,67.50759303
3742.51450428642,67.54236781
3751.64054656789,68.54390742
3758.94138039307,68.83422039
3766.24221421824,69.14966614
3769.89263113083,68.66714805
3773.54304804342,69.17268594
3777.19346495601,69.69734542
3779.0186734123,70.41182135
3780.8438818686,70.98953986
3782.66909032489,72.42188048
3786.31950723748,74.65546708
3789.96992415007,77.64965906
3793.62034106265,79.56861826
3797.27075797524,80.11429199
3800.92117488783,80.85478539
3806.39680025671,80.13608455
3813.69763408189,79.80154383
3820.99846790707,79.22414138
3828.29930173224,79.13915123
3835.60013555742,79.78029595
3842.9009693826,79.72484042
3850.20180320777,79.64217988
3857.50263703295,80.87533894
3864.80347085813,80.86465267
3872.1043046833,79.98533597
3877.57993005218,78.21578314
3881.23034696477,75.43494168
3884.88076387736,73.97067082
3888.53118078995,71.6954312
3892.18159770254,69.88942519
3895.83201461513,66.79777927
3899.48243152772,63.74451214
3903.1328484403,60.03622653
3906.78326535289,57.4587808
3910.43368226548,55.56393631
3914.08409917807,53.91307506
3915.90930763436,52.87547327
3917.73451609066,54.83470458
3921.38493300324,57.59990652
3926.86055837213,61.64320248
3934.1613921973,66.19840334
3941.46222602248,67.46832566
3948.76305984766,67.74799549
3956.06389367283,66.51164436
3963.36472749801,63.22401134
3970.66556132319,60.49604688
3976.14118669207,58.49798478
3979.79160360466,58.90034195
3983.44202051725,60.55608875
3987.09243742983,63.56935651
3990.74285434242,65.72932591
3994.39327125501,67.77880163
3996.2184797113,68.65574669
3998.0436881676,66.78581246
3999.86889662389,66.34848271
4001.69410508019,67.15120529
4003.51931353648,68.69938718
4005.34452199277,68.60860247
4007.16973044907,69.98635104
4008.99493890536,72.10213281
4012.64535581795,71.91064576
4016.29577273054,73.05888129
4019.94618964313,74.89581537
4023.59660655572,76.8527317
4027.2470234683,76.31180857
4030.89744038089,76.39596481
4036.37306574977,76.24615337
4050.97473340013,77.31105993
4065.57640105048,75.91107082
4072.87723487566,72.89444176
4080.17806870083,70.44333591
4087.47890252601,68.24798171
4092.95452789489,65.70596229
4096.60494480748,65.25464784
4098.43015326377,65.13592928
4100.25536172007,66.61807399
4102.08057017636,67.454536
4103.90577863266,68.40822134
4105.73098708895,68.56998327
4107.55619554525,68.62192089
4109.38140400154,67.8045355
4111.20661245783,66.26611398
4113.03182091413,65.0923677
4114.85702937042,62.94705715
4115.76963359857,61.89796432
4116.68223782672,62.21633987
4117.59484205486,63.00714803
4118.50744628301,63.96450352
4119.42005051116,65.61610816
4120.33265473931,70.16516479
4121.24525896746,76.82823481
4122.1578631956,83.56167026
4122.61416530967,86.43357306
4123.07046742375,84.95318999
4123.52676953782,82.44685346
4123.98307165189,79.30973735
4124.89567588004,77.79443544
4125.80828010819,76.27407126
4127.63348856448,74.93834172
4128.54609279263,74.02799974
4129.45869702078,75.95471834
4131.28390547707,79.28226239
4133.10911393336,81.16185231
4136.75953084595,83.53626462
4140.40994775854,86.29841547
4144.06036467113,88.25378873
4147.71078158372,88.70710354
4151.3611984963,87.80048135
4155.01161540889,87.55127191
4158.66203232148,87.54240229
4160.48724077778,87.52641412
4164.13765769036,87.56633414
4167.78807460295,86.04681735
4171.43849151554,84.21995492
4175.08890842813,80.05012963
4178.73932534072,76.48503581
4182.38974225331,72.21064465
4196.99140990366,68.71493544
4211.59307755401,63.50519563
4226.19474520436,60.23470545
4240.79641285472,57.59686767
4249.92245513619,56.2082557
4257.22328896136,56.34284432
4264.52412278654,56.84268599
4271.82495661172,58.04555737
4279.12579043689,59.37003891
4286.42662426207,61.01101368
4293.72745808725,62.48247905
4301.02829191242,63.89784446
4304.67870882501,65.42528839
4308.3291257376,66.81567316
4311.97954265019,69.2334071
4315.62995956278,71.55727519
4319.28037647536,72.89086183
4321.10558493166,74.20348331
4322.93079338795,75.35481073
4324.75600184425,76.30959195
4326.58121030054,77.40877978
4328.40641875684,74.8310171
4330.23162721313,72.24528991
4333.88204412572,68.29633329
4337.53246103831,65.53841539
4341.18287795089,65.16996936
4343.00808640719,67.04518957
4344.83329486348,68.39608054
4346.65850331978,70.15261081
4350.30892023236,74.57005693
4353.95933714495,81.75096813
4357.60975405754,89.53155307
4361.26017097013,91.61488641
4364.91058788272,87.7320668
4368.56100479531,81.5903031
4372.21142170789,76.12066795
4375.86183862048,71.34554141
4379.51225553307,65.82604405
4383.16267244566,61.53165293
4386.81308935825,59.59792631
4390.46350627084,59.68151036
4394.11392318342,60.07770811
4397.76434009601,62.6053431
4401.4147570086,65.30072148
4405.06517392119,67.31697081
4408.71559083378,69.16601001
4412.36600774637,70.97109052
4416.01642465895,72.69649378
4419.66684157154,73.52652357
4423.31725848413,75.28365001
4426.96767539672,77.80347659
4430.61809230931,80.0813065
4437.91892613448,80.41652904
4445.21975995966,79.71422626
4452.52059378484,78.29316372
4459.82142761001,75.92130853
4467.12226143519,75.26891513
4474.42309526037,75.2333467
4481.72392908554,75.05483989
4489.02476291072,72.66194747
4492.67517982331,70.84578389
4496.32559673589,69.0062877
4503.62643056107,65.73733948
4510.92726438625,62.22793588
4518.22809821142,59.1633084
4525.5289320366,57.61443276
4532.82976586178,57.62283524
4540.13059968695,59.06139146
4547.43143351213,60.40852588
4554.73226733731,62.53827954
4558.3826842499,65.1974747
4562.03310116248,68.07573098
4565.68351807507,70.25250462
4569.33393498766,71.56722857
4572.98435190025,71.98205622
4576.63476881284,73.43989588
4580.28518572542,76.40260317
4583.93560263801,79.36833052
4587.5860195506,82.92666864
4591.23643646319,87.48880442
4594.88685337578,92.62930704
4598.53727028837,99.73207642
4602.18768720095,102.6023665
4605.83810411354,101.0655243
4609.48852102613,98.41611299
4613.13893793872,94.18100864
4616.78935485131,86.41030981
4620.4397717639,78.55015124
4622.26498022019,73.54511826
4624.09018867648,72.29707086
4625.91539713278,72.25864143
4627.74060558907,73.52468576
4629.56581404537,75.38823537
4631.39102250166,75.08175518
4633.21623095795,72.26043896
4635.04143941425,68.64067767
4636.86664787054,65.64899723
4638.69185632684,62.7163138
4640.51706478313,60.91846804
4642.34227323943,59.70404461
4644.16748169572,58.53438013
4645.99269015201,58.02860202
4649.6431070646,58.94909324
4653.29352397719,62.87041574
4656.94394088978,68.38346742
4660.59435780237,72.95332502
4667.89519162754,78.04601791
4675.19602545272,81.94352067
4682.4968592779,85.09649383
4689.79769310307,87.58397103
4697.09852692825,87.67299908
4704.39936075343,86.12751077
4711.7001945786,82.28435395
4719.00102840378,78.95147826
4726.30186222896,75.706143
4733.60269605413,73.94339402
4740.90352987931,71.27738756
4748.20436370449,69.16437297
4755.50519752966,67.56253721
4762.80603135484,65.51411236
4770.10686518001,61.1632858
4784.70853283037,55.59623689
4799.31020048072,52.3230778
4813.91186813107,51.36654585
4828.51353578143,52.06533509
4835.8143696066,54.18304353
4843.11520343178,58.20422229
4850.41603725696,61.94144535
4857.71687108213,63.54191691
4865.01770490731,65.32693487
4872.31853873249,67.0973062
4879.61937255766,69.86117118
4886.92020638284,73.0396137
4894.22104020802,77.69069486
4901.52187403319,81.87678952
4916.12354168354,85.43675037
4930.7252093339,86.50064603
4945.32687698425,85.64452438
4954.45291926572,84.03481093
4961.7537530909,81.76772231
4969.05458691608,78.88344408
4972.70500382866,74.56788862
4976.35542074125,69.26245282
4978.18062919755,63.73291718
4980.00583765384,60.30095099
4981.83104611013,59.64432917
4983.65625456643,60.51634441
4985.48146302272,63.37823407
4987.30667147902,64.10061504
4989.13187993531,65.3981219
4990.9570883916,68.54419806
4994.60750530419,71.23757854
4998.25792221678,73.06645968
5001.90833912937,73.7404555
5005.55875604196,74.1518503
5007.38396449825,74.2792715
5009.20917295455,72.98894625
5011.03438141084,73.14515257
5012.85958986713,75.00336574
5014.68479832343,76.52395949
5016.51000677972,76.42598064
5018.33521523602,76.38512166
5020.16042369231,76.13579559
5021.9856321486,73.72254495
5023.8108406049,72.47916201
5027.46125751749,71.94319964
5034.76209134266,70.69178724
5042.06292516784,67.52137311
5049.36375899302,65.82309716
5056.66459281819,63.93466766
5063.96542664337,62.70047829
5071.26626046855,62.89485935
5078.56709429372,63.97740657
5085.8679281189,67.14098299
5093.16876194408,69.78933124
5100.46959576925,71.74022263
5107.77042959443,74.21109725
5115.07126341961,74.60201869
5122.37209724478,74.12109686
5129.67293106996,74.19911315
5136.97376489513,74.19848545
5144.27459872031,74.20311995
5151.57543254549,74.11462362
5158.87626637066,75.77870993
5162.52668328325,77.56727114
5166.17710019584,77.12266756
5169.82751710843,76.85269202
5173.47793402102,76.41664743
5177.12835093361,76.38498123
5180.77876784619,76.23632388
5182.60397630249,73.42376426
5184.42918475878,69.67581535
5186.25439321508,65.10174801
5188.07960167137,59.23932758
5189.90481012766,53.75418262
5191.73001858396,49.76202381
5193.55522704025,48.49805494
5195.38043549655,48.67203527
5197.20564395284,50.55538489
5199.03085240913,53.54028817
5200.85606086543,55.28354825
5202.68126932172,56.76456703
5206.33168623431,58.75287999
5209.9821031469,60.81394928
5213.63252005949,61.50180483
5217.28293697208,62.07714033
5220.93335388466,63.16331386
5224.58377079725,61.81523407
5228.23418770984,61.91888279
5233.70981307872,61.9218466
5248.31148072908,61.90435641
5262.91314837943,61.93743097
5277.51481602978,60.16314211
5282.99044139866,57.61579416
5286.64085831125,54.96442142
5290.29127522384,51.83046428
5293.94169213643,49.41883843
5297.59210904902,45.81396396
5301.24252596161,41.34895486
5304.8929428742,37.39434048
5308.54335978678,34.49200209
5312.19377669937,34.80949888
5315.84419361196,37.66321451
5319.49461052455,40.70101356
5321.31981898084,43.70695025
5322.23242320899,46.54788919
5323.14502743714,47.79263006
5324.05763166528,49.09212357
5324.97023589343,47.47567393
5325.88284012158,45.45089755
5326.79544434972,44.09562385
5327.70804857787,44.04744636
5328.62065280602,44.7720329
5329.53325703417,46.54746624
5330.44586126231,48.88754187
5331.35846549046,49.08094999
5332.27106971861,46.5059352
5334.0962781749,43.47806243
5335.92148663119,40.32371792
5337.74669508749,38.12694521
5339.57190354378,37.37787071
5341.39711200008,36.43718945
5343.22232045637,35.8472342
5345.04752891266,35.15320553
5346.87273736896,35.13901115
5348.69794582525,35.14452039
5350.52315428155,35.14518423
5352.34836273784,35.14517455
5354.17357119413,35.14517618
5355.99877965043,35.14503043
5357.82398810672,35.14322681
5359.64919656302,35.1418567
5361.47440501931,35.26117062
5363.29961347561,33.90110025
5365.1248219319,34.05272057
5366.95003038819,33.48660077
5368.77523884449,32.88600214
5372.42565575708,32.43837045
5376.07607266967,32.32752899
5379.72648958225,32.95376962
5383.37690649484,34.28700291
5387.02732340743,35.46961548
5390.67774032002,37.31065813
5394.32815723261,40.92272284
5397.06596991705,44.45391766
5398.89117837335,47.24255187
5400.71638682964,47.31170662
5402.54159528593,47.96253495
5404.36680374222,47.40878299
5406.19201219852,46.50017552
5408.01722065481,44.65418447
5409.38612699703,42.79296338
5410.29873122518,41.73701787
5411.21133545332,43.27872962
5412.12393968147,45.37385826
5413.03654390962,48.15803404
5413.94914813777,50.94549587
5414.86175236591,53.01810909
5415.77435659407,55.22372083
5416.68696082221,54.02434941
5417.59956505036,49.57483278
5418.5121692785,46.9285618
5419.42477350665,50.4623927
5420.79367984887,60.61777811
5422.61888830516,73.13308518
5424.44409676146,82.0134608
5426.26930521775,87.05631368
5428.09451367405,89.72647934
5429.91972213035,89.54603596
5431.74493058663,85.67473534
5433.57013904293,81.67694194
5435.39534749923,82.75621483
5437.22055595552,84.52078278
5439.04576441182,86.09535526
5440.8709728681,88.18629392
5442.6961813244,92.05328996
5444.52138978069,95.29415961
5446.34659823699,97.52592691
5448.17180669329,98.89000104
5449.99701514958,98.15545052
5451.82222360588,95.41217915
5453.64743206217,92.44581001
5455.47264051846,90.30541288
5457.29784897476,85.90452017
5459.12305743105,81.39552187
5460.94826588734,79.30013446
5462.77347434363,76.02219205
5465.51128702808,72.15991263
5469.16170394067,70.37482871
5472.81212085325,69.68744378
5476.46253776584,69.74534788
5480.11295467843,68.90051589
5483.76337159102,68.35396219
5486.50118427546,66.96905608
5488.32639273175,64.45577393
5490.15160118804,62.86444639
5491.97680964434,61.47491504
5494.71462232878,59.77179445
5498.36503924137,57.33062816
5502.01545615396,56.27504152
5505.66587306655,56.07047178
5511.14149843543,54.13759429
5514.79191534802,52.66618452
5518.44233226061,49.93785054
5520.2675407169,48.11419779
5522.0927491732,47.000755
5523.91795762949,44.48155893
5524.83056185764,43.11718486
5525.74316608579,42.53114539
5527.56837454208,42.95752299
5529.39358299837,42.95715637
5531.21879145467,42.94162789
5533.04399991096,43.02539722
5534.86920836726,41.55002138
5536.69441682355,40.0536852
5538.51962527984,37.32677284
5540.34483373614,34.93868579
5542.17004219243,32.35745255
5543.08264642058,31.85372365
5543.99525064873,30.33130411
5544.90785487688,29.53067109
5545.82045910502,29.03569439
5546.73306333317,27.81881408
5547.64566756131,27.3027543
5548.55827178946,27.24036639
5549.47087601761,28.46216831
5550.38348024576,28.30969845
5551.2960844739,29.68985597
5552.20868870205,29.51322594
5553.1212929302,31.29491117
5554.03389715834,33.11269719
5554.94650138649,34.04862139
5555.40280350056,33.67278289
5555.85910561463,31.75759995
5556.77170984278,30.45335482
5557.68431407093,27.49699949
5558.59691829908,25.18446136
5559.50952252723,24.52938099
5560.42212675537,24.01081918
5561.33473098352,24.00990733
5563.15993943982,24.43739865
5564.98514789611,25.08545592
5567.72296058055,25.86291651
5571.37337749314,27.05458996
5575.02379440573,28.93120993
5578.67421131831,30.51541648
5580.49941977461,30.62851545
5581.41202400276,31.65627891
5582.3246282309,32.27570575
5584.1498366872,32.95869678
5585.97504514349,33.98993665
5587.80025359978,35.25022385
5589.62546205608,35.17690579
5591.45067051237,34.02675387
5592.36327474052,32.68793136
5593.27587896867,30.35549658
5594.18848319682,29.3115965
5595.10108742496,29.04825561
5596.01369165311,29.62596043
5596.92629588126,29.88371929
5597.83890010941,31.22962352
5598.75150433755,32.55599278
5599.6641085657,33.11246932
5600.57671279384,33.97724327
5601.48931702199,35.05991362
5602.40192125014,34.01030821
5604.22712970643,34.0667514
5606.05233816273,34.42635262
5607.87754661902,35.13659387
5609.70275507531,36.24014119
5611.52796353161,37.49094493
5612.44056775976,37.36728698
5614.26577621605,37.36117464
5616.09098467235,37.33190912
5617.91619312864,36.4634769
5619.74140158493,35.06059826
5621.56661004123,35.14628081
5622.47921426937,36.36274999
5624.30442272567,36.35814765
5626.12963118196,37.35589811
5627.95483963825,37.89058863
5629.78004809455,39.10691159
5631.60525655084,40.12928961
5635.25567346343,39.50912517
5637.08088191972,39.5926664
5638.90609037602,38.50361132
5640.73129883231,37.04719549
5644.3817157449,35.23254642
5648.03213265749,34.25326531
5649.85734111379,34.01289123
5651.68254957008,34.83869242
5652.59515379823,36.34869364
5653.50775802637,36.26257391
5654.42036225452,36.23433313
5656.24557071082,36.0245367
5658.07077916711,34.12268771
5659.89598762341,32.57831643
5661.72119607969,31.75879618
5664.45900876414,31.81979721
5668.10942567673,32.12405177
5671.75984258932,34.65200626
5675.4102595019,37.24486181
5677.2354679582,39.349624
5679.06067641449,41.23608284
5680.88588487079,42.61874965
5682.71109332708,41.66789113
5683.62369755522,40.42057284
5684.53630178337,37.50645867
5685.44890601152,34.48836668
5686.36151023967,33.09694276
5687.27411446781,31.35226376
5688.18671869596,30.68193912
5689.09932292411,31.26860725
5690.01192715226,33.27673941
5690.92453138041,37.44710205
5691.83713560855,41.55663137
5692.7497398367,44.14561987
5694.57494829299,43.65953779
5696.40015674928,42.57858377
5698.22536520558,41.30257964
5700.96317789002,39.45994282
5706.4388032589,38.51843159
5712.82703285593,37.48830941
5716.47744976852,36.90793697
5722.86567936555,36.3708089
5730.9434132401,37.36744865
5740.86228704933,37.83967554
5750.78116085855,36.82792309
5760.70003466777,34.97662495
5770.61890847699,34.03915763
5780.53778228622,33.10378568
5785.49721919083,31.80101609
5790.45665609544,30.51404209
5795.41609300005,29.1376085
5800.37552990466,28.37645676
5804.09510758312,28.44679778
5812.77412216619,27.23835752
5822.69299597541,27.26054356
5832.61186978463,28.37409051
5842.53074359386,28.9901322
5852.44961740308,29.51309745
5862.3684912123,30.46062614
5867.32792811691,30.56561498
5869.80764656922,31.81949347
5872.28736502152,32.75590155
5874.76708347383,32.92683539
5877.24680192613,32.41790315
5879.72652037844,31.50505147
5882.20623883075,30.59554533
5884.68595728305,29.66798102
5887.16567573536,29.95251701
5889.64539418766,31.849471
5892.12511263997,32.91441301
5894.60483109227,33.50030885
5897.08454954458,33.99585762
5899.56426799689,34.01412736
5900.80412722304,34.02772994
5902.04398644919,34.03640026
5903.28384567535,34.13015965
5904.5237049015,32.87597196
5905.76356412765,32.96257245
5907.0034233538,33.2047287
5908.24328257995,34.55542618
5909.48314180611,36.96153877
5910.72300103226,39.9875498
5911.96286025841,43.68723363
5913.20271948457,49.10214884
5914.44257871072,59.73150782
5915.68243793687,74.4903032
5916.92229716302,86.52263903
5918.16215638918,96.27256718
5919.40201561533,104.9120804
5920.64187484148,109.8553945
5921.88173406764,112.5967045
5923.12159329379,110.8211372
5924.36145251994,100.3044496
5925.6013117461,87.20084265
5926.84117097225,75.79202203
5928.0810301984,62.15388724
5929.32088942455,49.41435742
5930.56074865071,40.5497869
5931.80060787686,37.10525113
5933.04046710301,35.39768996
5934.28032632916,35.22497393
5935.52018555531,37.07950504
5936.76004478147,38.69767813
5937.99990400762,40.15908234
5939.23976323377,41.41958763
5940.47962245992,42.56400456
5941.71948168608,42.49851266
5942.95934091224,41.79664739
5944.19920013839,41.81897539
5945.43905936454,42.58404884
5946.05898897762,45.12838831
5946.67891859069,46.30263233
5947.29884820377,45.01909528
5947.91877781684,42.95830591
5948.53870742992,40.28345368
5949.158637043,37.4000807
5949.77856665607,33.03946622
5950.39849626915,29.27604731
5951.01842588222,28.40467377
5951.6383554953,29.04078428
5952.25828510838,31.80544172
5952.87821472146,34.61625798
5953.49814433453,38.28212446
5954.11807394761,41.60481339
5955.35793317376,44.94531671
5957.83765162607,47.62473007
5960.31737007837,48.98205343
5962.79708853068,47.9478567
5965.27680698299,47.48508438
5967.75652543529,45.99592945
5970.2362438876,43.13906989
5972.7159623399,39.77158881
5975.19568079221,37.11589512
5977.67539924451,35.84166489
5980.15511769682,34.18725095
5982.63483614913,31.12801632
5985.11455460143,29.68460448
5987.59427305373,29.57793593
5990.07399150604,29.56626045
5992.55370995835,29.56639259
5995.03342841065,29.56664294
5997.51314686295,29.56590216
5999.99286531526,29.55569022
6002.47258376757,29.54200458
6004.95230221988,28.59495011
6007.43202067218,28.82762677
6009.91173912448,29.54653091
6012.39145757679,30.66759057
6014.8711760291,31.90966001
6018.59075370755,31.76750377
6023.55019061217,31.31689558
6028.50962751678,30.07012105
6030.98934596908,29.56420723
6033.46906442139,29.89012135
6035.94878287369,31.23280581
6037.18864209984,32.50877911
6038.428501326,32.70458824
6039.66836055215,30.87237707
6040.9082197783,28.4094411
6042.14807900446,26.65514131
6043.38793823061,26.98713614
6044.62779745677,28.95681327
6045.86765668292,32.34856048
6047.10751590907,34.18825372
6048.34737513522,35.22862321
6049.58723436138,34.15654001
6050.82709358753,33.09104467
6052.06695281368,29.93699587
6053.30681203983,27.2891722
6054.54667126599,25.2368784
6055.78653049214,23.98483079
6057.02638971829,24.26132902
6059.50610817059,25.90471314
6061.9858266229,28.80465401
6064.4655450752,30.70202438
6066.32533391444,31.78293655
6067.56519314059,30.36606421
6068.80505236675,28.27117408
6070.0449115929,27.34404062
6071.28477081905,27.03776612
6072.5246300452,25.3154046
6073.76448927135,24.00530184
6075.00434849751,23.88197334
6076.24420772366,25.19997632
6077.48406694981,24.99888705
6078.72392617597,26.47060728
6079.96378540212,27.93140966
6081.20364462827,29.22962303
6082.44350385442,29.28614206
6083.68336308058,27.42374602
6084.30329269365,26.25062281
6084.92322230673,24.98233108
6085.54315191981,23.16119721
6086.16308153289,22.16665772
6086.78301114596,20.60758503
6088.02287037211,20.56719099
6089.26272959826,22.14994196
6091.12251843749,23.91270126
6092.36237766364,26.41871964
6093.6022368898,27.55462567
6094.84209611595,28.47014266
6096.08195534211,28.0720904
6097.32181456826,26.2006533
6098.56167379441,25.39699883
6099.80153302056,25.05584606
6101.04139224672,26.19232408
6102.28125147287,26.1466654
6103.52111069902,26.43404745
6104.76096992517,27.24803234
6106.00082915133,26.95759926
6107.24068837748,26.46695886
6108.48054760363,24.97415405
6109.72040682978,24.93369172
6110.96026605593,26.15264323
6112.20012528209,27.85638794
6113.43998450825,28.99403562
6114.6798437344,29.07939743
6115.91970296055,29.46417973
6117.1595621867,30.03111632
6118.39942141285,30.59969324
6119.63928063901,29.17587228
6121.49906947824,27.48521131
6123.97878793054,27.24393686
6125.83857676977,26.68008469
6127.07843599592,26.86861123
6128.31829522208,27.2228209
6129.55815444823,28.47940611
6130.79801367438,28.38190361
6132.03787290053,28.34559749
6133.27773212669,27.88413805
6134.51759135284,27.25214014
6135.75745057899,26.22353369
6136.99730980515,25.80651921
6138.2371690313,25.05683068
6139.47702825745,23.90247564
6140.7168874836,22.51205967
6141.95674670976,21.66307969
6143.19660593591,21.58104832
6144.43646516206,22.85611272
6145.67632438822,23.14833491
6146.91618361437,23.92395205
6148.15604284053,24.46572182
6149.39590206668,24.12859143
6150.63576129283,23.99325579
6151.87562051898,22.90702236
6153.11547974514,22.25306001
6154.35533897129,22.32664504
6155.59519819744,23.68367706
6156.83505742359,23.82539202
6158.07491664974,25.03049668
6159.31477587589,26.462321
6160.55463510205,27.99308556
6161.7944943282,29.3232072
6163.03435355435,30.66851538
6164.27421278051,30.55577502
6166.13400161974,29.59541768
6168.61372007205,29.90980189
6171.09343852435,30.5924468
6173.57315697665,30.73162818
6176.05287542896,29.44305056
6178.53259388127,28.44251799
6181.01231233357,27.85583999
6183.49203078587,26.6532527
6184.73189001203,25.19246075
6185.97174923818,24.79071776
6188.45146769048,25.0522998
6190.9311861428,25.02051034
6193.4109045951,25.03511672
6195.8906230474,25.0281405
6198.37034149971,24.72528198
6199.61020072586,24.51513538
6200.85005995201,23.97201584
6202.08991917817,24.79133772
6204.56963763047,25.03371367
6207.04935608278,24.9303117
6209.52907453509,26.38317325
6212.00879298739,27.25101569
6216.968229892,27.9041997
6221.92766679661,28.34045365
6225.64724447507,28.40465188
6228.12696292738,27.47748299
6230.60668137969,27.19316736
6233.08639983199,26.07620007
6235.67045930801,26.13295465
6238.39778544177,26.15096088
6241.16403720954,26.75789499
6245.31341486119,28.74266901
6248.07966662895,30.92247147
6250.84591839671,33.79426557
6253.61217016448,34.50786881
6256.37842193224,32.70071765
6259.14467370001,30.85380059
6261.91092546777,27.82463417
6263.9856142936,25.66951307
6265.36874017748,23.61367753
6266.75186606136,22.7800639
6267.4434290033,22.65625963
6268.13499194524,24.67582925
6268.82655488719,26.46887262
6269.51811782913,27.46112783
6270.20968077107,28.38122854
6271.59280665495,29.33032464
6272.97593253883,29.4402263
6274.35905842272,30.00003777
6275.7421843066,30.00094753
6277.12531019048,30.7795319
6278.50843607436,31.70725544
6279.89156195824,32.3819074
6281.27468784213,31.69762023
6282.65781372601,31.71965547
6284.04093960989,31.71104562
6285.42406549377,31.70915366
6286.80719137766,31.68908158
6288.19031726154,31.60134745
6289.57344314542,29.22604525
6290.9565690293,27.42457373
6292.33969491318,24.99538211
6293.72282079706,24.28641927
6295.10594668095,24.25566115
6296.48907256483,25.55378961
6297.87219844872,27.39930199
6299.2553243326,28.44858186
6300.63845021648,27.40502809
6302.02157610037,27.25228975
6303.40470198425,27.88012678
6304.78782786813,30.52571741
6306.17095375201,33.53439565
6307.55407963589,36.68248323
6308.93720551977,37.27306987
6310.32033140365,37.131545
6311.70345728754,34.71306963
6313.08658317142,32.88458979
6314.4697090553,30.3612552
6315.85283493918,27.17544923
6317.23596082307,23.91256931
6318.61908670695,22.81628103
6320.00221259083,21.61652448
6321.38533847471,21.70618297
6322.7684643586,21.6216633
6324.15159024248,22.80433802
6325.53471612636,23.98597895
6326.91784201024,24.3298407
6328.30096789413,24.2240177
6329.68409377801,23.90926591
6331.06721966189,21.40005712
6332.45034554578,20.22910936
6333.83347142966,20.4362075
6335.21659731354,22.43184747
6336.59972319742,25.75642149
6337.9828490813,27.06509132
6339.36597496519,27.3105999
6340.74910084907,25.48450035
6342.13222673295,20.24745494
6343.51535261683,17.24585384
6344.89847850072,16.11816448
6346.2816043846,16.4045685
6347.66473026848,17.42412547
6349.04785615236,18.79533214
6350.43098203624,20.57904118
6351.81410792012,21.74993708
6353.19723380401,23.21887994
6354.58035968789,23.97268964
6355.96348557178,23.91897504
6357.34661145566,23.86945879
6358.72973733954,24.57496843
6360.11286322342,25.9769257
6361.4959891073,27.01143776
6364.26224087507,26.61719759
6367.02849264283,24.84344955
6372.56099617836,22.27559134
6378.09349971389,22.22688465
6383.62600324942,23.12183949
6389.15850678495,23.97421043
6394.69101032048,23.5016944
6397.45726208825,21.99755495
6400.22351385601,20.52629801
6402.98976562377,20.59940722
6405.75601739154,20.58560866
6408.52226915931,20.58355911
6414.05477269484,20.58895333
6418.20415034648,20.62043598
6420.97040211424,20.04619078
6423.73665388201,20.66810085
6425.11977976589,20.63703414
6426.50290564978,21.22970646
6427.88603153366,20.62584799
6429.26915741754,19.46445954
6430.65228330142,18.77052487
6432.0354091853,18.50705539
6433.41853506919,19.37283207
6434.80166095307,20.57748023
6436.18478683695,21.83096472
6437.56791272084,22.71535467
6438.25947566278,22.77563578
6438.95103860472,22.78933403
6439.64260154666,20.8534232
6440.3341644886,20.65025255
6441.02572743054,20.03433977
6441.71729037248,20.65864528
6442.40885331442,20.63063107
6443.10041625637,19.62536833
6443.79197919831,19.03148433
6444.48354214025,18.35785336
6445.17510508219,19.11450675
6445.86666802413,20.3135489
6447.24979390801,22.18301884
6448.63291979189,23.52794107
6450.01604567578,21.95358347
6451.39917155966,19.15399066
6452.78229744354,18.55861015
6454.16542332743,19.55136599
6454.85698626936,20.67780377
6455.54854921131,19.67204961
6456.24011215325,18.36500758
6456.93167509519,18.33908707
6457.62323803713,18.18964628
6458.31480097907,16.66116004
6459.00636392101,18.43273926
6459.69792686295,19.60354273
6461.08105274683,19.67185028
6462.46417863071,20.64723651
6463.8473045146,21.68962072
6465.23043039848,20.80846122
6466.61355628236,19.18651079
6467.99668216625,17.39185467
6469.37980805013,15.59971088
6470.76293393401,13.84227233
6472.14605981789,14.30006716
6473.52918570177,16.38070903
6474.91231158566,19.48652435
6476.29543746954,21.78627117
6477.67856335342,19.79182462
6479.06168923731,18.43982084
6480.44481512119,18.26427487
6481.82794100507,19.51831484
6482.51950394701,20.36037608
6483.21106688895,20.55669226
6483.90262983089,20.5901841
6484.59419277284,21.84343282
6485.28575571478,23.60595207
6485.97731865672,23.47020131
6486.66888159866,21.04657193
6487.3604445406,19.34825404
6488.05200748254,20.79032672
6488.74357042448,22.5500069
6489.43513336642,22.79649075
6490.12669630836,23.51760839
6491.50982219225,25.4379675
6492.20138513419,26.1464377
6492.89294807613,25.50711916
6493.58451101807,25.05069271
6494.27607396001,25.40773104
6494.96763690196,28.13111035
6495.6591998439,28.8612924
6496.35076278584,27.10878762
6497.04232572778,24.95836782
6498.42545161166,27.18929713
6499.80857749554,29.59139792
6501.19170337942,31.21065234
6502.57482926331,29.10998048
6503.95795514719,29.09381823
6505.34108103107,30.57269755
6506.72420691496,29.08555339
6508.10733279884,27.60791331
6510.8735845666,26.15459385
6513.63983633436,25.49204366
6516.40608810213,24.20756559
6519.1723398699,23.7922597
6521.93859163766,25.92309781
6524.70484340543,27.37195078
6527.47109517319,28.46293486
6530.23734694095,27.4725177
6531.62047282483,25.0219767
6533.00359870872,22.29434757
6534.3867245926,20.57297016
6535.76985047648,19.55951895
6538.53610224425,19.25997449
6544.06860577978,18.29719127
6549.60110931531,19.273791
6552.36736108307,19.60764825
6555.13361285084,20.59189767
6556.51673873472,20.46848146
6557.8998646186,21.91542311
6560.66611638637,22.77959721
6563.43236815413,22.83886022
6568.96487168966,22.13271814
6574.49737522519,21.68384765
6585.56238229625,21.76432507
6588.32863406401,20.50672052
6591.09488583178,19.52320642
6593.86113759954,18.15743027
6599.39364113507,19.43298015
6600.77676701896,19.97933861
6602.15989290284,21.82766824
6603.54301878672,23.0509908
6604.9261446706,26.15521248
6605.61770761254,28.49425489
6606.30927055448,29.5410224
6607.69239643837,29.59628482
6609.07552232225,27.878746
6610.45864820613,25.6739939
6611.84177409002,25.28343548
6613.2248999739,26.09406153
6614.60802585778,27.3421185
6615.99115174166,27.88769671
6617.37427762554,28.42191335
6618.75740350943,28.71192961
6621.52365527719,30.0304769
6624.28990704495,30.38293422
6625.67303292884,28.66075903
6627.05615881272,26.84637142
6628.4392846966,24.8295033
6629.82241058048,22.1121522
6632.58866234825,19.78965733
6635.35491411602,19.48914374
6638.12116588378,19.4678869
6639.50429176766,18.26403578
6640.88741765154,18.31012714
6642.27054353543,19.29315321
6643.65366941931,21.71427151
6645.03679530319,24.15676383
6646.41992118707,24.96486428
6647.80304707095,26.26436306
6649.18617295484,26.14204253
6650.56929883872,24.90080824
6651.9524247226,23.19985986
6652.64398766454,21.78185062
6653.33555060648,22.56040193
6654.02711354843,24.73782459
6654.71867649037,26.62372493
6656.10180237425,27.31665056
6657.48492825813,27.2638547
6658.86805414202,26.93463742
6660.2511800259,26.19155037
6661.63430590978,24.60565365
6663.01743179366,21.84630382
6665.78368356142,19.890154
6668.54993532919,19.36607828
6671.31618709696,20.69832664
6674.08243886472,20.58670272
6676.84869063249,20.58220884
6679.61494240025,20.58356522
6680.99806828413,20.58330611
6682.38119416801,20.5694778
6683.7643200519,20.49629603
6685.14744593578,19.61015115
6689.29682358742,18.3113998
6694.82932712296,17.77984374
6700.36183065849,17.4003309
6705.89433419402,17.35567998
6711.42683772955,16.14296919
6721.10871891672,17.10451923
6732.17372598778,17.20899368
6743.23873305884,17.74633601
6754.3037401299,17.84153926
6763.98562131707,17.20902846
6768.13499896872,17.291637
6773.66750250425,16.41011587
6777.81688015589,16.13189497
6780.58313192366,14.96357711
6783.34938369143,15.27571676
6786.11563545919,16.10040305
6787.49876134308,17.61375026
6788.19032428502,18.4712818
6788.88188722696,18.45827142
6790.26501311084,17.9292779
6793.0312648786,17.23094821
6795.79751664637,16.16574215
6797.18064253025,14.92426888
6798.56376841413,14.9479859
6799.94689429802,17.06174958
6801.3300201819,18.55567405
6802.71314606578,20.35602838
6804.09627194966,22.2571248
6805.47939783355,22.82512982
6806.86252371743,23.01681732
6809.62877548519,22.82372164
6812.39502725296,22.81966572
6817.92753078849,23.44166715
6823.46003432402,24.81420198
6828.99253785955,27.56645794
6834.52504139508,30.66083228
6845.59004846613,32.34860213
6856.6550555372,33.93064059
6864.95381084049,32.42069854
6870.48631437602,30.65671574
6876.01881791155,29.45325019
6881.55132144708,28.78985597
6887.0838249826,28.27232671
6892.61632851814,29.56543785
6895.3825802859,30.12869219
6898.14883205367,29.81103184
6900.91508382143,28.56850301
6903.68133558919,27.27577638
6906.44758735696,25.4182467
6909.21383912472,24.3889839
6911.98009089249,22.9312066
6917.51259442802,23.20371068
6923.04509796355,22.13840523
6928.57760149908,21.32753923
6934.11010503461,19.46135616
6939.64260857014,16.69033365
6945.17511210567,16.02857108
6950.7076156412,17.59993465
6956.24011917672,18.37254797
6959.00637094449,18.17772062
6961.77262271225,16.56754037
6963.15574859613,16.08329846
6963.84731153807,17.0336161
6964.53887448002,19.49575192
6965.9220003639,20.40349089
6967.30512624778,20.45978537
6970.07137801555,19.52194673
6972.83762978331,18.6147646
6975.60388155108,17.70075165
6978.37013331884,17.19637823
6979.75325920272,18.21319844
6981.13638508661,20.05724467
6982.51951097049,21.39488718
6983.90263685437,21.74335765
6985.28576273826,20.63332632
6986.66888862214,20.13203186
6988.05201450602,17.55259661
6989.4351403899,15.83950723
6990.12670333184,13.38975181
6990.81826627378,11.66189673
6991.50982921573,10.89090767
6992.20139215767,10.59824029
6993.58451804155,10.57694446
6994.96764392543,11.19151033
6997.73389569319,12.39589438
6999.11702157708,14.72921387
7000.50014746096,17.3045384
7003.26639922872,18.44289869
7004.6495251126,19.6521161
7006.03265099649,18.30683132
7007.41577688037,17.28479223
7008.79890276426,16.14074856
7010.18202864814,15.62349217
7011.56515453202,16.1761755
7012.9482804159,16.70676711
7014.33140629978,17.32976949
7017.09765806755,18.30670112
7019.86390983531,19.50768582
7022.63016160308,20.58129821
7025.39641337084,20.9768114
7028.16266513861,20.51255047
7030.92891690637,20.58809985
7033.69516867414,20.58281107
7039.22767220967,20.57562093
7044.7601757452,20.6868435
7050.29267928073,19.3265779
7053.05893104849,19.45620871
7055.82518281626,18.24145891
7058.59143458402,18.06797707
7061.35768635179,17.26735863
7064.12393811955,15.42681421
7066.89018988731,15.05998262
7069.65644165508,14.50297102
7072.42269342284,14.98880024
7075.18894519061,16.15091007
7077.95519695837,17.1807378
7080.72144872614,19.21586896
7083.4877004939,21.07162359
7086.25395226167,21.74114834
7089.02020402943,21.77419777
7091.7864557972,22.32000747
7094.55270756496,21.62182663
7097.31895933273,21.6585694
7100.08521110049,19.67689595
7102.85146286826,19.18753994
7105.61771463602,18.31785028
7108.38396640378,19.86417189
7111.15021817155,20.81708653
7113.91646993931,21.70648258
7116.68272170708,21.18977767
7119.44897347485,20.57196084
7122.21522524261,19.57254363
7124.98147701037,19.48570086
7127.05616583619,19.4675172
7128.43929172008,19.07035475
7129.82241760396,19.55097422
7131.20554348784,19.38553874
7132.58866937173,20.66655608
7133.97179525561,20.49581645
7135.35492113949,19.41758065
7136.73804702337,19.60589576
7138.12117290726,20.58258672
7139.50429879114,20.94841904
7140.88742467502,21.24438695
7141.57898761696,21.71076979
7142.2705505589,21.7006741
7142.96211350085,21.69716586
7143.65367644279,21.68559417
7144.34523938473,21.53509187
7145.72836526861,20.57847017
7147.11149115249,20.7154729
7149.87774292026,19.39023231
7152.64399468802,18.96869319
7155.41024645579,19.21643538
7158.17649822355,19.41025338
7160.94274999132,18.43525677
7162.3258758752,18.37078461
7163.70900175908,18.35905079
7165.09212764296,18.32654552
7166.47525352684,18.06584831
7167.16681646879,18.39593731
7167.85837941073,18.11096509
7168.54994235267,17.30222837
7169.24150529461,16.26800794
7169.93306823655,16.31384515
7170.62463117849,14.9889619
7171.31619412044,14.63856101
7172.00775706238,13.4637057
7172.69932000432,12.82484869
7173.39088294626,12.93212438
7174.0824458882,11.56639274
7174.77400883014,12.20955481
7175.46557177208,12.828292
7176.15713471402,13.55205788
7176.84869765596,15.38649238
7177.5402605979,17.05426325
7178.23182353984,17.28120053
7178.92338648178,17.1746879
7179.61494942373,18.61407142
7180.30651236567,20.0072989
7180.99807530761,21.92236362
7181.68963824955,22.30640692
7182.03541972052,21.78233052
7182.38120119149,22.59020179
7182.72698266246,23.47897527
7183.07276413343,23.6788181
7183.4185456044,22.06963646
7183.76432707537,21.18260712
7184.11010854635,21.79820729
7184.45589001731,21.74681137
7184.80167148829,21.73302645
7185.14745295926,21.51983656
7185.8390159012,20.59749884
7187.22214178508,20.67021957
7188.60526766896,19.79892693
7189.98839355285,19.50885466
7191.37151943673,18.50916932
7192.75464532061,18.16889744
7194.1377712045,16.76941824
7194.82933414644,16.02352524
7195.52089708838,17.45100362
7196.90402297226,19.72707334
7198.28714885614,21.66175089
7199.67027474002,22.87079029
7201.0534006239,22.11907646
7203.81965239167,19.86750544
7206.58590415943,16.28897449
7209.3521559272,12.87024961
7210.04371886914,11.72325429
7210.73528181108,13.56618399
7213.50153357885,17.19358523
7214.88465946273,20.1632013
7216.26778534661,21.95277814
7217.65091123049,23.69075847
7219.03403711437,23.46054921
7219.72560005631,20.647212
7220.41716299826,19.41527165
7221.80028888214,18.44756116
7223.18341476602,18.40737278
7227.33279241767,18.39559869
7232.8652959532,18.4101677
7238.39779948873,18.57854186
7243.93030302426,18.95596557
7249.46280655979,17.68624327
7254.99531009532,16.59163776
7260.52781363085,15.70814835
7266.06031716638,14.09719758
7271.59282070191,13.88771172
7277.12532423744,13.29607217
7282.65782777297,13.98018986
7288.19033130849,14.52398173
7293.72283484402,16.60113708
7299.25533837955,17.36434557
7304.78784191508,16.7668297
7310.32034545061,15.3083373
7315.85284898614,13.20958204
7321.38535252167,11.3572802
7326.9178560572,10.74270661
7332.45035959273,11.7289325
7337.98286312826,13.0377681
7346.28161843156,14.06445079
7354.58037373485,15.53644537
7365.64538080591,17.34484319
7376.71038787697,19.11586001
7387.77539494803,19.54573496
7393.30789848355,18.44432077
7398.84040201908,17.24923427
7404.37290555461,15.92085784
7409.90540909014,15.01988794
7415.43791262567,15.05163383
7418.20416439344,15.0517028
7420.9704161612,15.05125764
7423.73666792897,15.05122599
7426.50291969673,15.05137284
7429.2691714645,15.05170863
7432.03542323226,15.04336076
7433.41854911614,14.96181268
7434.80167500003,16.16723362
7437.56792676779,16.14554113
7440.33417853555,16.18688788
7443.10043030332,15.68710837
7448.63293383885,14.99897362
7454.16543737438,14.99847363
7459.69794090991,14.06049057
7465.23044444544,13.20398798
7470.76294798097,11.68034807
7476.2954515165,10.42972879
7481.82795505202,9.525179394
7487.36045858756,8.408467551
7492.89296212309,9.277111191
7498.42546565862,10.19984101
7503.95796919414,12.04149599
7509.49047272967,13.66094569
7515.0229762652,14.51608187
7520.55547980073,14.12590184
7526.08798333626,13.17761481
7531.62048687179,12.80782015
7537.15299040732,13.98011654
7542.68549394285,15.7588913
7548.21799747838,16.64500218
7553.75050101391,16.29081993
7556.51675278167,14.41342388
7559.28300454944,13.9153234
7564.81550808497,13.92388611
7567.58175985274,13.94184539
7570.3480116205,13.09297135
7571.73113750438,11.54589976
7574.49738927215,10.17731089
7575.88051515603,9.480425371
7581.41301869156,9.589057451
7586.94552222709,10.55079561
7595.24427753038,11.95853924
7604.92615871756,13.39147816
7610.45866225309,13.95764916
7613.22491402085,13.93830408
7615.99116578861,13.93620339
7618.75741755638,13.93605028
7621.52366932414,13.93532434
7622.90679520803,13.94667364
7625.67304697579,14.11701363
7627.05617285967,15.07050897
7628.43929874356,16.36192785
7631.20555051132,17.31139477
7632.5886763952,17.27977546
7633.97180227909,17.27175635
7635.35492816297,17.23577416
7636.73805404685,18.24197468
7638.12117993073,18.59669423
7639.50430581462,18.92351692
7640.8874316985,17.98343463
7642.27055758238,16.92246602
7643.65368346626,15.62959723
7645.03680935014,15.04136481
7646.41993523403,15.252107
7647.80306111791,16.20620081
7649.18618700179,16.27172758
7650.56931288568,14.95535812
7651.95243876956,14.09438642
7652.6440017115,13.17567487
7653.33556465344,12.26872466
7654.02712759538,11.63721202
7654.71869053732,12.51664811
7656.10181642121,14.3257337
7657.48494230509,16.76457982
7658.86806818897,18.45791861
7660.25119407285,18.38288569
7661.63431995673,18.38500444
7664.4005717245,18.38977213
7667.16682349226,17.40633166
7669.93307526003,17.18023674
7672.69932702779,16.21365135
7675.46557879556,15.30398493
7678.23183056333,14.38499562
7680.99808233109,13.91754004
7683.76433409885,13.93350255
7686.53058586662,13.93710579
7689.29683763438,13.90262574
7692.06308940215,14.8096593
7694.82934116991,16.65567739
7697.59559293768,18.2346277800001
7700.36184470544,18.34078327
7703.1280964732,19.36617546
7705.89434824097,19.67457207
7707.27747412485,20.63776651
7708.66060000874,20.9611366700022
7710.04372589262,22.87030684
7711.4268517765,25.05332816
7712.80997766039,26.31281498
7714.19310354427,25.42120466
7715.57622942815,23.5756625899982
7716.95935531203,21.98072821
7718.34248119591,21.1162974
7719.7256070798,20.21139775
7722.49185884756,19.31022998
7725.25811061532,18.3949234400001
7728.02436238309,18.51126765
7730.79061415085,17.05937497
7733.55686591862,16.2704497
7736.32311768638,14.96514875
7739.08936945415,15.0910067800012
7741.85562122191,16.11870858
7744.62187298968,15.18794199
7747.38812475744,13.34916708
7750.15437652521,12.75015299
7752.92062829297,13.546481440001
7755.68688006074,14.46179408
7758.4531318285,14.16745339
7761.21938359627,13.92990245
7763.98563536403,14.37993275
7766.75188713179,15.5286904700014
7769.51813889956,16.75616883
7772.28439066732,17.42674462
7775.05064243509,16.02797651
7777.81689420285,16.68504642
7780.58314597062,18.5970181900004
7783.34939773838,18.97599276
7786.11564950615,18.02450058
7787.49877539003,17.24069402
7788.88190127391,17.24195349
7790.26502715779,16.6663745100012
7791.64815304168,17.74639039
7793.03127892556,21.1482013
7794.41440480944,23.60311484
7795.79753069333,24.59601338
7797.18065657721,23.6259870799975
7798.56378246109,21.43547204
7799.94690834497,19.99902638
7801.33003422886,20.10066499
7802.71316011274,20.31180355
7804.09628599662,20.0587513199989
7805.4794118805,19.06273164
7806.86253776438,19.68136182
7808.24566364827,20.5864997
7809.62878953215,20.37336921
7811.01191541603,19.47944996
7813.77816718379,19.51835418
7816.54441895156,19.54580531
7817.92754483544,18.91909981
7819.31067071933,18.48541846
7820.69379660321,17.1622473700001
7822.07692248709,17.28405585
7823.46004837098,17.24812582
7824.84317425486,17.09171018
7826.22630013874,16.56129481
7827.60942602262,17.482129920001
7830.37567779039,18.358753
7831.06724073233,16.8683707
7831.75880367427,16.33614736
7832.45036661621,18.9179791
7833.14192955815,18.6821028199982
7833.83349250009,17.05689246
7834.52505544203,17.2300794
7835.21661838397,17.83278075
7835.90818132591,17.74700176
7836.59974426785,17.2363171300012
7837.29130720979,18.27115071
7837.98287015173,18.95555375
7838.67443309368,17.69207098
7839.36599603562,16.64875447
7840.05755897756,17.6810313300019
7841.44068486144,19.32048115
7842.82381074533,19.50673542
7844.20693662921,19.48655101
7845.59006251309,20.53482559
7846.97318839697,21.7685872200028
7848.35631428085,24.21606016
7849.73944016474,25.0022221
7851.12256604862,24.04069714
7852.5056919325,22.43821783
7853.88881781638,22.2287059999994
7855.27194370026,21.71597411
7856.65506958415,21.73416193
7858.03819546803,21.73725107
7859.42132135191,21.86625928
7860.8044472358,20.5821480399988
7862.18757311968,19.56226061
7863.57069900356,17.9639459
7864.95382488744,17.37322499
7866.33695077133,18.74928852
7867.72007665521,20.6043100300013
7869.10320253909,21.75073471
7870.48632842298,21.8492464
7871.17789136492,20.50559204
7871.86945430686,20.6272491
7872.5610172488,20.6368416800001
7873.25258019074,20.69191406
7873.94414313268,22.13393456
7874.63570607462,23.96940567
7875.32726901656,25.81912642
7876.0188319585,28.25342447
7876.71039490044,28.25630072
7877.40195784238,27.31391269
7878.09352078432,27.33113406
7878.78508372627,27.36731311
7880.16820961015,26.3338395399977
7881.55133549403,24.27458568
7882.93446137791,21.53876331
7884.3175872618,22.46822908
7885.70071314568,24.64538291
7887.08383902956,25.5844603599967
7888.46696491344,22.69525958
7889.85009079732,19.57189198
7890.54165373926,18.91757739
7891.23321668121,19.33698383
7891.92477962315,17.6219326399984
7892.61634256509,16.21527147
7893.30790550703,16.07963026
7893.99946844897,13.85739004
7895.38259433285,13.23395111
7896.0741572748,15.6549449600024
7896.76572021674,17.79868632
7897.45728315868,18.44688042
7898.14884610062,18.52111071
7899.5319719845,18.4848517
7900.22353492644,18.42232942
7900.91509786838,18.41531793
7901.60666081032,17.59855144
7902.29822375227,16.60406387
7902.98978669421,15.05764343
7903.68134963615,16.2233126200028
7904.37291257809,18.68984032
7905.06447552003,20.98245397
7905.75603846197,22.87211382
7906.44760140392,23.99124521
7907.13916434586,23.9555317699998
7907.8307272878,23.80949933
7908.52229022974,22.85076038
7909.21385317168,23.14105745
7909.90541611362,24.83306965
7910.59697905556,26.6781615699993
7911.2885419975,26.04621227
7911.98010493945,22.6183077
7912.67166788139,20.76740903
7913.36323082333,21.71715081
7914.05479376527,25.7345147900021
7914.74635670721,27.55966631
7915.43791964915,27.69231908
7916.12948259109,27.30885844
7917.51260847497,27.30256112
7918.89573435886,27.2616777699988
7920.27886024274,26.17358449
7921.66198612662,27.55293785
7923.0451120105,29.65905642
7924.42823789438,31.53771319
7925.81136377827,30.5983930099951
7927.19448966215,26.30545294
7928.57761554603,22.32150157
7929.96074142991,20.53473655
7931.34386731379,21.06359271
7932.72699319768,22.8735660900013
7933.41855613962,23.98427149
7934.11011908156,24.04881435
7934.80168202351,22.37834269
7935.49324496545,21.18652498
7936.18480790739,19.2542637599996
7936.87637084933,18.89448218
7937.56793379127,20.43450305
7938.25949673321,22.63877851
7938.95105967515,23.28433076
7939.6426226171,21.7567120000009
7940.33418555904,22.50849828
7941.02574850098,24.00602954
7941.71731144292,27.38007721
7942.40887438486,31.72544271
7943.1004373268,31.8930105199955
7943.79200026874,27.95183178
7944.48356321068,24.79387445
7945.17512615262,22.87307909
7945.86668909456,24.07525735
7946.5582520365,26.2282275599996
7947.24981497844,25.83914265
7947.94137792038,24.97043838
7948.63294086233,26.14854131
7949.32450380427,27.36673088
7950.01606674621,28.3993247599984
7950.70762968815,26.95043037
7951.39919263009,25.05491783
7952.09075557203,24.5557587
7952.78231851397,25.95882769
7953.47388145592,26.2480366699987
7954.16544439786,25.10952847
7954.8570073398,24.10696422
7955.54857028174,24.64757916
7956.24013322368,26.09219235
7956.93169616562,26.17999707
7957.62325910756,26.22443643
7959.00638499144,27.63824953
7960.38951087533,27.52331272
7963.15576264309,25.63681924
7965.92201441086,25.373109370001
7967.30514029474,26.29090922
7968.68826617862,25.21188808
7970.07139206251,23.08062539
7971.45451794639,20.93954994
7972.83764383027,19.1103608099988
7974.22076971415,18.07696035
7975.60389559803,20.09877095
7976.29545853997,20.64857751
7976.98702148192,20.60234262
7977.33280295288,21.1295087800007
7977.67858442386,21.78086202
7978.02436589482,21.75395948
7978.3701473658,21.35307773
7978.71592883677,19.77527098
7979.06171030774,18.9290529000005
7979.40749177871,19.33268911
7979.75327324968,20.37106816
7980.44483619162,22.2655261
7981.13639913356,23.56281367
7981.82796207551,24.0067325899984
7982.51952501745,22.59829302
7983.21108795939,19.61608227
7983.90265090133,16.64041611
7985.28577678521,17.8136116
7986.66890266909,21.110883350002
7988.05202855297,22.84470252
7989.43515443686,22.16805659
7990.81828032074,21.02173664
7992.20140620462,21.06710998
7993.5845320885,23.0728711600031
7994.96765797239,25.76549927
7996.35078385627,26.68661828
7999.11703562403,25.81278969
8001.8832873918,23.96413362
8004.64953915956,23.4616870700023
8007.41579092733,25.51249826
8010.18204269509,29.77573262
8012.94829446286,34.3435268
8015.71454623062,37.99964147
8018.48079799839,36.0675134299957
8019.86392388227,32.27471096
8021.24704976615,28.32441935
8021.93861270809,24.95616802
8022.63017565003,23.96532163
8024.01330153392,23.9303146800014
8026.77955330168,25.19011347
8029.54580506945,25.10399239
8032.31205683721,24.68712623
8033.69518272109,23.09312746
8035.07830860497,22.2221282299983
8037.84456037274,20.71475266
8040.61081214051,20.71611675
8043.37706390827,22.78846566
8046.14331567604,24.77311924
8048.9095674438,22.423528889998
8050.29269332769,20.63875704
8051.67581921157,21.93206321
8053.05894509545,23.99677998
8055.82519686321,22.15929049
8058.59144863097,20.1652963299993
8061.35770039874,19.51014235
8064.1239521665,19.32651038
8066.89020393427,21.36459217
8069.65645570203,23.70851685
8072.4227074698,26.7714692600034
8075.18895923756,29.80094898
8076.57208512144,31.36623827
8077.95521100533,29.64425167
8079.33833688921,27.84254855
8080.72146277309,25.9171022899996
8082.10458865697,25.55180246
8083.48771454085,27.67101042
8084.17927748279,30.27743269
8084.87084042474,29.83226616
8085.21662189571,27.5911964799978
8085.56240336668,25.68346246
8086.25396630862,26.79453826
8086.94552925057,27.03422797
8087.63709219251,25.23413873
8088.32865513445,24.5015805200007
8089.02021807639,25.11726785
8089.71178101833,25.01348671
8090.40334396027,24.05943789
8091.09490690221,23.15394552
8091.44068837318,22.245353809999
8091.78646984415,21.39358468
8092.13225131513,19.78414729
8092.4780327861,19.50782453
8092.82381425707,19.19073794
8093.16959572804,18.1458971399989
8093.86115866998,17.19716867
8094.55272161192,19.08838096
8095.9358474958,23.15389746
8097.31897337968,27.16876293
8098.70209926356,30.6702192700006
8101.46835103133,31.21559707
8104.23460279909,29.60327755
8108.38398045074,28.63437466
8113.91648398627,30.51099216
8116.68273575403,32.7312231
8119.4489875218,32.72403257
8122.21523928956,29.93518859
8123.59836517345,26.38620623
8124.98149105733,23.39427142
8126.36461694121,24.6760360000017
8127.7477428251,26.15848741
8129.13086870898,25.15310614
8130.51399459286,23.99418858
8131.89712047674,22.76396818
8134.66337224451,22.8185694900002
8136.04649812839,23.0052879
8137.42962401227,24.24950365
8140.19587578004,24.3858869
8142.96212754779,25.27368554
8145.72837931556,25.2353446399999
8147.11150519944,25.15963087
8147.80306814139,23.1545512
8148.49463108333,22.81862166
8149.18619402527,22.45009141
8149.87775696721,22.0312846099996
8150.56931990915,21.6574085
8151.26088285109,19.76418013
8152.64400873497,17.58230593
8153.33557167691,16.86926307
8154.02713461886,17.42228684
8155.41026050274,17.37723601
8156.79338638662,17.35854449
8158.17651227051,15.54827516
8159.55963815439,13.06630996
8160.94276403827,11.2685146799985
8162.32588992215,9.966975625
8163.70901580604,9.491265376
8165.09214168992,8.495474181
8167.85839345768,8.926148917
8170.62464522545,9.51829288900045
8173.39089699321,9.916590694
8178.92340052874,10.85821754
8181.68965229651,11.75749416
8183.07277818039,13.57233975
8184.45590406427,15.3114736200014
8185.83902994816,16.57488597
8187.22215583204,19.7428507
8188.60528171592,21.49136617
8189.9884075998,23.98281971
8190.67997054174,24.4922861000009
8191.37153348368,25.25051673
8192.06309642562,25.41137006
8192.75465936757,23.19680068
8193.44622230951,21.48845375
8194.13778525145,18.9130156299995
8194.82934819339,18.498443
8195.52091113533,19.41416478
8196.21247407727,19.59857305
8197.59559996115,19.63305606
8198.97872584504,20.4323742500006
8200.36185172892,21.00533848
8201.7449776128,21.91840139
8203.12810349669,22.50383296
8204.51122938057,22.98246707
8205.89435526445,23.00869647
8207.27748114833,23.0060889
8208.66060703221,23.00559612
8210.04373291609,22.99326782
8212.11842174192,22.88235866
8213.5015476258,21.9077181299983
8214.88467350968,20.43244588
8216.26779939356,18.49419519
8217.65092527745,20.42619074
8219.03405116133,22.82583282
8219.72561410327,22.9972695699979
8220.41717704521,21.13448661
8221.10873998715,20.47841183
8221.80030292909,19.1019469
8223.18342881298,17.35885057
8224.56655469686,15.0158397000002
8225.94968058074,15.16107692
8227.33280646462,15.14218112
8228.71593234851,15.11737919
8230.09905823239,14.11072961
8231.48218411627,13.8592082099996
8232.86531000016,13.46372145
8234.24843588404,14.06053342
8237.0146876518,13.96760404
8239.78093941957,15.06108544
8242.54719118733,15.5852003200022
8245.3134429551,17.47816976
8247.38813178092,18.84342936
8248.7712576648,20.06325223
8250.15438354868,20.74025666
8251.53750943256,19.6453518899982
8252.92063531644,18.10057581
8253.61219825839,17.43583429
8254.30376120033,16.16306023
8254.99532414227,16.28408146
8255.68688708421,15.81256108
8256.37845002615,15.78429501
8257.07001296809,15.14413607
8258.45313885198,14.36899421
8259.83626473586,14.07629048
8261.21939061975,13.993348780002
8262.60251650363,15.77038987
8263.98564238751,17.42877269
8265.36876827139,18.31921837
8266.75189415528,17.96938645
8268.13502003916,17.3617388799977
8270.20970886498,15.33525379
8272.97596063275,14.80585645
8275.74221240051,14.04441475
8278.50846416827,12.79990864
8281.27471593604,12.89349231
8282.65784181992,12.92934436
8284.0409677038,13.46280396
8285.42409358768,14.09113687
8286.80721947157,15.57775378
8288.19034535545,17.4674158800025
8289.57347123933,19.62409703
8290.95659712322,23.28082532
8292.3397230071,26.82067797
8293.72284889098,29.58484407
8295.10597477486,30.6091488400003
8296.48910065874,30.87440154
8297.87222654262,30.06653972
8299.2553524265,28.38706921
8300.63847831039,26.90666358
8302.02160419427,23.7880585299968
8303.40473007815,20.96780124
8304.09629302009,19.64840867
8304.78785596203,20.82806932
8306.17098184592,21.99380775
8308.93723361369,22.0294240299987
8311.70348538145,20.87858223
8314.46973714922,19.63092005
8317.23598891698,19.64038817
8320.00224068474,19.60738235
8322.76849245252,20.1620024300014
8325.58645983701,21.40433113
8328.40915059972,22.59578277
8331.23184136243,22.09418078
8334.05453212514,20.89597427
8336.87722288784,19.0063281999974
8339.69991365055,16.68564474
8341.1112590319,16.5807098
8341.81693172258,18.4850558
8342.52260441326,19.53271849
8343.22827710393,18.1930408699991
8343.93394979461,17.40760848
8344.63962248528,16.71428425
8345.34529517596,17.42047432
8346.75664055731,17.41636632
8348.16798593867,17.7702547300009
8349.57933132003,18.51866312
8350.99067670138,18.48988449
8352.40202208273,18.27570598
8353.81336746408,17.39019025
8355.22471284544,18.1361190900025
8356.6360582268,20.30858906
8358.04740360815,20.40246559
8359.4587489895,18.3917173
8360.87009437085,16.82599689
8362.28143975221,16.1878104500009
8363.69278513356,17.0153855
8365.10413051491,17.41885668
8366.51547589626,18.01884506
8367.92682127762,18.59130621
8369.33816665897,20.9562264500031
8370.74951204033,23.69159284
8372.16085742168,26.43085641
8373.57220280304,28.30132982
8374.98354818439,28.28286906
8376.39489356574,27.4916717900007
8377.8062389471,28.11541972
8379.21758432845,28.5416137
8380.6289297098,27.14771018
8382.04027509116,25.12414218
8383.45162047252,22.3438873099983
8384.86296585387,20.8471494
8386.27431123522,20.61292041
8387.68565661657,20.18091993
8390.50834737928,20.80446204
8393.33103814199,20.7521851600001
8396.15372890469,20.83448227
8397.56507428604,19.28929561
8398.9764196674,18.41658467
8400.38776504875,16.96509114
8401.79911043011,16.2143396300001
8403.21045581146,16.27507363
8406.03314657417,16.96183506
8408.85583733687,18.26644917
8413.08987348094,20.71209894
8415.91256424364,21.3257402700007
8418.73525500635,21.95039124
8420.1466003877,23.85428962
8421.55794576906,25.46280744
8422.96929115041,27.52500444
8424.38063653176,32.061604710006
8425.79198191311,37.36761642
8427.20332729447,39.88501151
8428.61467267583,38.11131914
8430.02601805718,36.33833645
8431.43736343853,35.8810646300014
8432.84870881989,37.12912481
8434.26005420124,39.32998527
8435.6713995826,42.13873862
8437.08274496395,44.01570156
8438.4940903453,44.2860625000014
8439.90543572665,45.55623144
8441.31678110801,45.45615705
8444.13947187072,45.44922009
8446.96216263342,45.45879607
8449.78485339613,44.7841807299954
8452.60754415884,40.78100028
8458.25292568425,34.53419197
8463.89830720967,29.8042061
8466.72099797237,27.78662744
8469.54368873508,28.897997790002
8472.36637949778,30.66430783
8475.1890702605,32.18223707
8480.83445178591,30.80718727
8486.47983331132,30.86271305
8489.30252407403,30.6815837899996
8492.12521483674,30.2961489
8494.94790559944,29.94391666
8500.59328712486,29.75787583
8506.23866865028,29.711834
8509.06135941298,28.9914902099975
8510.47270479434,26.79929219
8511.88405017569,25.31653947
8513.29539555705,25.22665771
8514.7067409384,25.24074026
8516.11808631975,22.8066606999981
8517.5294317011,21.17736901
8518.94077708245,22.3126377
8520.35212246381,24.12973723
8521.76346784516,25.89653937
8523.17481322652,27.6832989800023
8524.58615860788,29.70654485
8525.99750398923,33.76000652
8527.40884937058,37.81908689
8528.82019475193,40.78342752
8530.23154013328,44.7258378300026
8531.64288551464,46.99868896
8533.05423089599,47.6611211
8534.46557627735,47.68899169
8535.8769216587,47.50612793
8537.28826704005,46.5539600799977
8540.11095780276,44.49248278
8542.93364856547,41.54366147
8545.75633932818,39.31022856
8548.57903009088,38.02044947
8551.4017208536,37.6307552399999
8554.2244116163,37.51064927
8557.047102379,38.9176399
8559.86979314171,37.48241983
8562.69248390441,35.64685044
8565.51517466712,33.6278534099975
8568.33786542984,31.45940912
8571.16055619254,28.64764451
8573.98324695525,28.57363846
8576.80593771796,29.55435007
8579.62862848067,31.185752710001
8582.45131924337,32.08792898
8585.27401000608,34.03321265
8588.09670076878,34.14315543
8590.91939153148,35.36018918
8593.7420822942,37.775583570002
8595.15342767555,39.49735881
8596.56477305691,39.84665398
8599.38746381961,39.88045149
8602.21015458232,40.00772588
8605.03284534503,42.430657220002
8607.85553610773,44.21167244
8610.67822687044,46.03315659
8613.50091763315,47.47835548
8616.32360839586,46.32799769
8619.14629915857,45.0137423099972
8621.96898992127,42.54424456
8624.79168068398,40.77169926
8627.61437144668,38.82717213
8630.43706220939,38.11993243
8633.2597529721,35.8630030699969
8636.08244373481,33.16657041
8638.90513449752,31.98000565
8641.72782526022,31.98308279
8644.55051602293,31.98547989
8647.37320678564,31.9968621099999
8648.78455216699,31.88991497
8650.19589754834,33.11502648
8653.01858831105,34.28562446
8655.84127907376,34.21156701
8658.66396983647,34.2635620799993
8661.48666059917,33.67786677
8664.30935136189,32.11340407
8667.13204212459,30.02502578
8669.95473288729,28.72666977
8672.77742365,27.3856319700001
8675.6001144127,27.48016452
8678.42280517541,27.87619381
8681.24549593812,28.63520998
8684.06818670083,28.61377484
8686.89087746355,27.4962959799983
8689.71356822624,26.02195141
8692.53625898896,24.74867482
8695.35894975166,24.05026619
8698.18164051437,24.83505641
8701.00433127707,26.5916643500038
8703.82702203977,29.92999431
8706.64971280249,32.59829079
8709.4724035652,35.13856957
8712.2950943279,34.57115096
8715.11778509062,34.2071378999993
8717.94047585332,33.57377564
8720.76316661603,32.97950948
8723.58585737873,31.57972888
8726.40854814144,29.01655689
8729.23123890414,26.3295192499999
8732.05392966684,26.28322669
8734.87662042956,27.67589867
8737.69931119227,29.65071374
8739.11065657362,31.58931533
8740.52200195497,32.0087088199989
8741.93334733633,31.01546455
8743.34469271769,30.89214212
8744.75603809904,30.86042382
8746.16738348039,30.89148185
8748.9900742431,31.2216714100009
8751.81276500581,31.9853046
8757.45814653122,31.46346224
8763.10352805663,28.95918314
8765.92621881934,28.50878244
8767.3375642007,30.8869515400019
8768.74890958205,32.54934659
8770.1602549634,29.67346206
8771.57160034476,27.47137653
8772.98294572611,25.24929004
8774.39429110746,23.3245957499997
8777.21698187017,23.04166009
8780.03967263288,22.95088003
8782.86236339558,24.70327098
8785.68505415829,26.43374321
8788.50774492099,26.3703888000002
8791.3304356837,26.53651472
8794.15312644641,27.50099973
8796.97581720912,27.49522605
8799.79850797183,27.56746821
8802.62119873453,26.4278104799993
8805.44388949724,25.78135368
8808.26658025995,25.2656579
8811.08927102265,25.33202562
8813.91196178536,23.79800914
8816.73465254807,22.9457651999987
8819.55734331077,21.81407069
8822.38003407348,21.86315557
8825.20272483619,22.37461603
8828.0254155989,24.98553069
8830.84810636161,29.043945920003
8833.67079712431,31.71456609
8835.08214250566,33.5773312
8836.49348788702,35.38509148
8839.31617864973,35.44387257
8840.72752403108,34.0211377299978
8842.13886941243,32.04541655
8843.55021479379,29.97181041
8844.96156017514,28.54193199
8846.3729055565,28.14361685
8847.78425093785,26.8841809200002
8849.1955963192,27.05877592
8850.60694170056,28.83475604
8851.31261439123,31.37165864
8852.01828708191,32.54262869
8853.42963246327,33.2334295799982
8854.84097784462,31.64636857
8856.25232322597,30.38528706
8857.66366860733,28.64494066
8859.07501398868,26.17100258
8860.48635937003,24.7103864500007
8861.89770475138,25.32211439
8863.30905013273,25.25150894
8866.13174089544,25.15231296
8868.95443165816,26.69981193
8870.36577703951,28.5530564499998
8871.77712242086,28.36568897
8873.18846780221,26.67211488
8874.59981318356,24.23531948
8876.01115856492,23.81228853
8877.42250394627,25.3754575800062
8878.83384932763,30.81716131
8881.65654009033,34.85403858
8884.47923085304,35.43783169
8887.30192161575,32.9200283
8890.12461237845,31.8087506299979
8892.94730314116,29.92596457
8895.76999390387,28.02633972
8898.59268466658,27.50958958
8901.41537542929,27.36660746
8904.23806619199,28.6339912399975
8907.0607569547,26.45572285
8908.47210233605,22.62254919
8909.88344771741,18.79360712
8911.29479309876,17.52170303
8912.70613848011,17.3156657400014
8914.11748386147,18.58048518
8915.52882924282,18.51204026
8916.94017462418,18.68449512
8918.35152000553,19.63344046
8919.76286538689,20.9535601299983
8921.17421076824,19.45558508
8922.58555614959,18.13368145
8923.99690153094,15.52693993
8925.4082469123,15.03386046
8926.81959229365,14.3632630700009
8928.23093767501,15.16660453
8929.64228305636,15.13823773
8931.05362843771,13.17376818
8932.46497381906,12.84671847
8933.87631920041,14.4115851000032
8935.28766458177,17.25379083
8936.69900996312,18.5723839
8938.11035534448,17.55808211
8939.52170072584,16.9690549
8940.93304610719,16.2820877999999
8942.34439148854,16.23595729
8943.75573686989,17.17981227
8945.16708225125,18.47190713
8946.5784276326,18.49627573
8947.98977301395,17.16113311
8949.40111839531,17.13273394
8950.81246377666,19.24657439
8952.22380915801,21.38771089
8953.63515453937,21.62214435
8955.04649992072,18.9844691599982
8956.45784530207,17.4173294
8957.86919068343,15.4851064
8959.28053606478,15.09060892
8960.69188144613,14.08659735
8962.10322682749,14.3193105500004
8963.51457220885,14.62670172
8964.9259175902,15.15135399
8966.33726297155,16.0558168
8967.74860835291,15.15631321
8969.15995373427,14.9301647599982
8970.57129911562,13.30985812
8971.98264449697,11.90050527
8973.39398987832,12.40647535
8974.80533525967,12.99100791
8975.51100795035,14.4817728400008
8976.21668064102,15.19600444
8976.9223533317,15.14613346
8977.62802602238,15.94419873
8978.33369871306,16.5792699
8979.03937140374,16.3797849399982
8979.74504409441,14.83076
8980.45071678509,13.39171831
8981.15638947577,12.81873243
8981.86206216644,13.2966814
8982.56773485712,12.9117579699999
8983.97908023847,12.84674566
8985.39042561982,13.56208746
8986.80177100117,12.92909101
8988.21311638253,12.87455566
8989.62446176389,13.6001964800005
8991.03580714524,14.05012914
8991.74147983592,14.19254525
8992.4471525266,15.79711486
8993.15282521727,17.66344082
8993.85849790795,18.6371256299986
8994.56417059862,17.41666783
8995.2698432893,16.74148808
8995.97551597998,16.30119938
8996.68118867065,16.26942227
8997.38686136133,16.27332783
8998.09253405201,16.27756607
8998.79820674269,15.94917408
8999.50387943337,14.39118514
9000.20955212404,12.91033763
9000.91522481471,13.8938046900001
9001.62089750539,14.02474994
9002.32657019606,14.00203341
9003.03224288674,14.92474447
9003.73791557742,15.13406342
9004.44358826809,15.5138792700004
9005.14926095877,15.89630071
9005.85493364945,15.14972751
9006.56060634013,15.92529067
9007.26627903081,16.5057731
9007.97195172148,17.4331045099987
9008.67762441216,16.24770218
9009.38329710284,14.27631541
9010.08896979352,11.37138526
9010.79464248419,10.44380227
9011.50031517487,9.52932179499991
9012.20598786554,9.453537985
9012.91166055622,11.02731582
9013.61733324689,12.81841084
9014.32300593757,14.19971196
9015.02867862824,12.6667200999984
9015.73435131892,11.29370284
9016.4400240096,10.09507019
9017.14569670028,10.17813238
9017.85136939096,12.01174326
9018.55704208163,13.8617589800014
9019.26271477231,15.13635971
9019.96838746299,14.78888637
9020.67406015367,14.5014808
9021.37973284434,14.00671106
9022.08540553502,13.9940746000008
9022.79107822569,14.68974498
9023.49675091637,16.19347547
9024.20242360705,16.24637826
9024.90809629772,16.27963727
9025.6137689884,14.3505291199996
9026.31944167908,13.97833724
9027.02511436976,13.67086403
9027.73078706043,12.82987467
9028.43645975111,12.82174803
9029.14213244179,14.9063517600015
9029.84780513247,16.22193496
9030.55347782314,16.28666571
9031.25915051382,14.5273636
9031.9648232045,13.97186535
9032.67049589517,13.038347059999
9033.37616858585,12.17738521
9034.08184127653,10.67399986
9035.49318665788,10.60284228
9036.19885934855,11.30404239
9037.61020472991,11.8492294599985
9039.02155011126,10.50947986
9040.43289549262,10.62205171
9041.84424087397,10.57659523
9043.961258946,11.35636676
9046.7839497087,12.8126898100013
9049.60664047142,13.9955747
9052.42933123412,14.62086239
9053.84067661547,14.03979034
9055.25202199683,14.05256876
9056.66336737818,13.4037778600021
9057.36904006886,15.21171282
9058.07471275954,18.20730619
9058.78038545022,20.12833003
9059.48605814089,18.81181265
9060.89740352224,17.5429963699968
9062.3087489036,14.74789805
9063.72009428495,11.56985241
9065.1314396663,10.53355838
9066.54278504765,9.983411502
9067.95413042901,10.5561427900013
9068.65980311969,11.73867769
9069.36547581037,10.51850069
9070.07114850104,10.5839365
9070.77682119172,11.13900548
9071.48249388239,12.0715743400011
9072.18816657307,13.07023803
9072.89383926375,14.0180609
9073.59951195442,14.02241184
9074.3051846451,13.35908319
9075.01085733577,12.9388600399984
9075.71653002645,11.51527944
9076.42220271713,13.36765221
9077.12787540781,14.94111976
9077.83354809849,15.08864294
9078.53922078916,15.0901457899998
9079.24489347984,14.8879491
9079.95056617052,13.97741022
9080.65623886119,13.1474273
9081.36191155187,13.38009968
9082.06758424255,12.8538884200002
9082.77325693323,12.99773479
9083.47892962391,11.53330359
9084.18460231458,10.66673518
9084.89027500525,10.86396325
9086.30162038661,11.7227227499988
9087.71296576796,10.68620632
9088.41863845864,10.53639044
9089.12431114932,11.77178135
9089.82998383999,11.69735598
9090.53565653067,11.5073870999978
9091.24132922135,9.542328067
9091.94700191202,9.481972344
9092.65267460269,10.20194045
9093.35834729337,10.63770506
9094.06401998405,10.61551764
9094.76969267472,10.59742159
9095.4753653654,9.655394987
9096.18103805608,8.721330867
9096.88671074676,8.384717556
9097.59238343743,8.37505000499995
9098.29805612811,8.327564329
9098.65089247345,9.406325181
9099.00372881879,10.03073321
9099.35656516413,10.63264413
9099.70940150947,9.72046566400089
9100.0622378548,10.50397908
9100.41507420014,12.31697208
9100.76791054549,14.1781745
9101.12074689082,12.49271072
9101.47358323616,11.7298719900002
9101.8264195815,11.9452342
9102.17925592684,12.74746277
9102.53209227218,11.713752
9102.88492861752,12.18378874
9103.23776496286,12.85130154
9103.59060130819,12.87477162
9103.94343765353,12.95571621
9104.29627399887,14.46655144
9104.64911034421,16.51139673
9105.00194668955,19.977934470002
9105.35478303489,21.76097359
9105.70761938022,21.58231035
9106.06045572556,20.62099607
9106.4132920709,18.38335997
9106.76612841624,15.5880719399976
9107.11896476157,13.45710114
9107.47180110691,11.66158249
9107.82463745225,11.00809809
9108.17747379759,10.61316806
9108.53031014293,10.62089379
9108.88314648826,10.62383889
9109.2359828336,10.61737173
9109.58881917894,10.54995326
9109.94165552428,11.7583752
9110.29449186962,13.6440160900001
9110.64732821496,13.73900912
9111.0001645603,11.84297077
9111.35300090564,9.903641923
9111.70583725098,9.376481043
9112.05867359631,8.36355688300056
9112.41150994165,8.860272264
9112.76434628699,9.535307805
9113.11718263233,10.72623779
9113.47001897767,10.82586581
9113.82285532301,10.6556049300001
9114.17569166834,10.77570374
9114.52852801368,9.502304584
9114.88136435902,10.09131185
9115.23420070436,10.01814101
9115.5870370497,10.6521169699999
9115.93987339503,10.58402678
9116.29270974037,10.26142082
9116.64554608571,9.500308602
9116.99838243105,9.407119771
9117.35121877639,10.9354498200015
9117.70405512172,12.23173212
9118.05689146706,12.95631512
9118.76256415774,12.24153134
9119.46823684842,10.83396211
9119.82107319376,10.64569967
9120.1739095391,10.62034012
9120.52674588443,11.38973592
9120.87958222977,11.84836999
9121.23241857511,12.31025197
9121.58525492045,12.2387788500007
9122.29092761113,12.865266
9122.9966003018,13.78210351
9123.70227299247,13.94256732
9124.40794568315,13.97349296
9125.8192910645,14.3189484500009
9127.23063644586,15.13967097
9128.64198182722,15.09553363
9130.05332720857,15.09888477
9131.46467258993,15.11328451
9132.87601797128,14.6604193699993
9134.28736335263,14.03014039
9135.69870873398,12.76976538
9137.11005411533,11.976191
9138.52139949669,10.51088907
9139.93274487805,10.6279990700009
9141.3440902594,11.37751692
9142.75543564075,12.0470158
9144.1667810221,13.89669103
9145.57812640346,15.20647725
9146.98947178481,15.10182896
9148.40081716617,15.09416691
9149.81216254752,15.07981802
9151.22350792887,15.08679391
9152.63485331023,12.87200828
9154.04619869158,11.0181315799984
9155.45754407293,9.626294462
9156.86888945428,8.277905571
9158.28023483564,9.131563595
9159.691580217,12.85497059
9161.10292559835,16.3831348400031
9162.51427097971,19.07432971
9163.92561636106,19.89136756
9165.33696174241,20.38466394
9166.74830712376,19.59903531
9168.15965250512,16.9392444599962
9169.57099788647,13.55049437
9170.98234326782,11.74404908
9172.39368864917,12.62461945
9173.80503403053,12.85826174
9175.21637941189,12.7897582100021
9176.62772479324,14.60661211
9178.03907017459,16.21536558
9178.74474286527,14.75815287
9179.45041555594,11.40211675
9180.15608824662,12.135208330002
9180.8617609373,13.9345009
9181.56743362798,16.45690831
9182.27310631865,18.80056578
9182.97877900933,19.60747892
9183.68445170001,16.1597749599988
9184.39012439069,15.09605422
9185.09579708136,15.36223564
9185.80146977204,16.26763513
9186.50714246271,14.1457882
9187.21281515339,12.0132899499983
9187.91848784407,10.53828887
9189.32983322542,11.67837903
9190.74117860678,12.92179972
9192.15252398813,13.93025501
9193.56386936948,15.2182604199999
9194.97521475084,15.10055719
9196.38656013219,13.68065379
9197.79790551354,10.17598852
9199.2092508949,8.850138444
9200.62059627625,10.8294567200032
9202.03194165761,13.60477197
9203.44328703896,15.28922289
9204.85463242031,13.89941492
9206.26597780166,13.4278668
9207.67732318301,12.8722963699991
9209.08866856437,12.12438118
9210.50001394572,11.73245476
9211.91135932708,11.74790881
9213.32270470843,11.77732987
9214.73405008978,13.1329527300019
9216.14539547114,14.81713491
9217.55674085249,15.07579176
9217.90957719783,13.69499355
9218.26241354317,11.57732653
9218.61524988851,11.74873088
9218.96808623385,11.74539895
9219.32092257919,11.74526642
9219.67375892452,11.71306655
9220.02659526986,12.68919835
9220.3794316152,11.678038229999
9220.73226796054,10.76507401
9221.08510430587,10.68395202
9221.43794065122,12.8141143
9221.79077699655,12.94554342
9222.14361334189,11.65052744
9222.49644968723,11.67906281
9222.84928603257,13.22510619
9223.20212237791,13.37289785
9223.55495872325,12.83065079
9223.90779506859,12.87467023
9224.26063141393,12.85569234
9224.61346775927,14.67018093
9224.96630410461,16.32050962
9225.31914044994,15.75070936
9225.67197679528,13.8921619599987
9226.02481314062,12.71510492
9226.37764948596,11.69405391
9226.7304858313,11.76615236
9227.08332217663,11.15883283
9227.43615852197,10.9268625600011
9227.78899486731,11.85736011
9228.14183121265,10.66959082
9228.49466755799,9.90159409
9228.84750390332,10.70247038
9229.20034024866,11.5175801900012
9229.553176594,12.57238869
9229.90601293934,12.87033107
9230.25884928468,12.01642922
9230.61168563001,11.43772039
9230.96452197535,10.6152454600001
9231.31735832069,10.67349838
9231.67019466603,9.998524465
9232.02303101137,10.49549214
9232.37586735671,12.26418866
9232.72870370205,14.0352470399995
9233.08154004739,13.60737434
9233.43437639272,11.6902761
9233.78721273806,9.50968918
9234.1400490834,7.592116365
9234.49288542874,7.30923983999987
9234.84572177407,7.196243947
9235.19855811941,8.379362311
9235.55139446475,9.575491691
9235.90423081009,9.910568512
9237.31557619144,10.9982760700021
9238.72692157279,12.87392351
9240.13826695415,13.21342301
9241.5496123355,13.2561169
9242.96095771686,12.85161433
9244.37230309822,12.8250276099999
9245.78364847957,12.69467338
9247.19499386092,11.69842251
9248.60633924227,11.74046811
9250.01768462362,11.75611667
9251.42903000498,10.9389302899999
9252.84037538634,10.82810918
9254.25172076769,11.18259503
9255.66306614904,10.84703695
9256.36873883972,10.64091397
9257.07441153039,10.6023917100013
9257.42724787573,11.74878753
9257.78008422107,12.97445459
9258.13292056641,13.70867441
9258.48575691175,12.10826951
9258.83859325709,10.6239789600011
9259.19142960242,11.61324303
9259.54426594776,11.73304234
9259.8971022931,11.74199976
9260.24993863844,11.73373945
9260.60277498378,11.7082196200011
9260.95561132912,12.65091618
9261.30844767446,12.83401769
9261.66128401979,12.86615647
9262.01412036513,12.13708084
9262.36695671047,11.0815771899983
9262.71979305581,9.55143112
9263.07262940115,9.229151023
9263.42546574648,9.044489787
9263.77830209182,9.525020071
9264.13113843716,9.50897532399999
9264.4839747825,9.504978451
9264.83681112784,9.516128625
9265.18964747318,9.632467643
9265.54248381852,10.6183577
9265.89532016386,11.176970430002
9266.24815650919,12.9366143
9266.60099285453,12.84305823
9266.95382919987,12.59106017
9267.65950189054,12.31293971
9268.36517458122,12.2437713200008
9269.77651996257,12.9201839
9270.48219265325,12.86013737
9270.83502899859,12.848076
9271.18786534393,12.76883121
9271.54070168927,11.7568519599993
9271.89353803461,11.13246014
9272.24637437995,10.50503037
9272.59921072529,9.543331258
9272.95204707062,8.151196933
9273.30488341596,9.51930396300119
9273.6577197613,10.56180988
9274.01055610664,12.61180539
9274.36339245198,14.45987082
9274.71622879732,16.29549121
9275.06906514265,18.1797421100027
9275.42190148799,20.5845693
9275.77473783333,20.7669802
9276.12757417867,19.50977454
9276.480410524,17.87523312
9276.83324686934,14.9278224699964
9277.18608321468,11.78829904
9277.53891956002,10.5104069
9277.89175590536,11.33653523
9278.24459225069,11.75411859
9278.59742859603,11.74491239
9278.95026494137,11.74193129
9279.30310128671,11.74181179
9279.65593763205,11.74226457
9280.36161032273,11.74188038
9281.06728301341,11.7095238099997
9281.77295570408,11.48268232
9282.47862839476,10.60098377
9283.18430108544,10.62757064
9283.88997377611,10.67566149
9284.59564646679,11.6414717000013
9285.30131915746,12.77459627
9286.00699184814,14.02219636
9286.71266453882,14.84029611
9287.41833722949,12.77830458
9288.12400992017,10.1162628799995
9289.53535530153,9.686495968
9290.94670068288,11.35019276
9292.35804606424,11.75318275
9293.76939144559,11.74468368
9295.18073682695,11.74316974
9296.59208220829,11.70991742
9298.00342758964,11.37851696
9299.414772971,10.62748883
9302.23746373371,10.00538151
9305.06015449641,10.0312509700006
9306.47149987777,10.57079831
9307.88284525912,10.82284883
9309.29419064048,11.75623874
9310.70553602183,12.1220148
9313.52822678455,12.9277822099999
9316.35091754725,12.86667989
9319.17360830995,14.06393601
9321.99629907265,13.97954163
9324.43717519211,14.0013561
9326.66736969913,13.106705199999
9328.89756420616,12.18735216
9331.12775871316,11.83099046
9335.5881477272,10.62011767
9340.04853674124,9.500659851
9344.50892575527,11.4221214600021
9348.96931476931,13.23105002
9353.42970378335,14.51750565
9355.65989829036,14.20870414
9357.89009279738,14.00297882
9360.1202873044,13.8873813100015
9361.23538455791,15.20544249
9361.79293318466,15.08054153
9362.35048181142,13.75217709
9362.90803043818,11.87173127
9363.46557906493,10.6463615999986
9364.02312769169,9.41031211
9364.58067631844,9.448941242
9365.1382249452,10.47429275
9365.41699925858,11.38644765
9365.69577357195,12.9694650500006
9366.25332219871,13.4967309
9366.81087082546,12.89546647
9367.36841945221,11.73355724
9367.92596807897,11.65476758
9368.48351670572,13.0562664600011
9369.04106533247,14.00650741
9369.59861395922,12.88861599
9370.15616258598,11.80234769
9370.71371121273,12.83154871
9371.27125983949,14.2083334399984
9371.82880846624,12.82979413
9372.386357093,12.88745107
9372.94390571975,12.93516709
9373.50145434651,11.79267126
9374.61655160002,10.1848240399993
9375.73164885353,9.551411633
9376.84674610704,9.438450917
9377.96184336055,11.27194967
9379.07694061406,11.80156239
9380.19203786757,12.9632713000003
9381.30713512107,13.24050052
9381.86468374783,13.97547987
9382.42223237458,14.64036796
9382.70100668796,13.85093607
9382.97978100134,12.8763720600009
9383.53732962809,13.71223575
9384.09487825485,14.57776683
9384.6524268816,14.13031132
9385.20997550836,13.19419384
9385.76752413511,12.8726278900014
9386.32507276187,14.06204366
9386.88262138862,13.99063668
9387.44017001538,13.96383274
9387.99771864213,13.40421659
9388.55526726889,13.0284320500011
9389.11281589564,14.03042433
9389.67036452239,14.08632174
9390.22791314915,12.82547749
9390.78546177591,12.88648173
9391.34301040266,12.9330435000023
9391.90055902941,14.9896436
9392.45810765616,17.48144587
9393.01565628292,18.46987162
9393.57320490967,18.8527195
9394.13075353642,20.4056365900017
9394.68830216318,21.93280971
9395.24585078993,22.95887016
9395.80339941669,22.73888635
9396.36094804345,22.36889964
9396.9184966702,21.4947101199981
9397.47604529696,19.8192955
9398.03359392371,18.53940351
9398.59114255047,16.70383363
9399.14869117722,15.54912886
9399.70623980398,13.6400640299989
9400.26378843073,12.70600688
9400.82133705748,14.56883106
9401.37888568424,16.08190803
9401.936434311,16.19153301
9402.49398293775,16.2552993999979
9403.0515315645,14.36925213
9403.60908019126,13.94042625
9404.16662881801,12.92227635
9404.72417744476,12.79929616
9405.00295175814,14.0622673900011
9405.28172607152,15.04638443
9405.5605003849,16.46510399
9405.83927469828,17.30843852
9406.11804901165,16.80107918
9406.39682332503,14.1748801799974
9406.67559763841,11.86224895
9406.95437195179,12.19838013
9407.23314626517,14.09963345
9407.51192057854,15.12534573
9407.79069489192,14.7963097499978
9408.0694692053,12.87943359
9408.62701783205,11.70892814
9409.1845664588,10.98851848
9409.74211508556,11.0647347
9410.29966371231,12.9087551500013
9410.85721233907,14.02401215
9411.41476096582,13.15875807
9411.97230959257,11.22607742
9412.52985821933,10.62108477
9413.08740684609,11.6653322000024
9413.64495547284,13.75112512
9414.20250409959,15.02042856
9414.76005272635,16.224864
9415.3176013531,17.56673461
9415.87514997986,18.6071300899972
9416.43269860662,16.18273862
9416.99024723337,15.08048589
9417.54779586012,15.21456229
9418.10534448688,13.78734165
9418.66289311363,11.8398468299974
9419.22044174039,9.511548139
9419.77799036714,10.78813757
9420.33553899389,12.0894506
9420.89308762065,13.6985717
9421.4506362474,14.5275556299992
9422.00818487416,13.81989025
9422.56573350091,15.14822971
9423.12328212766,16.19686397
9423.68083075442,17.40673424
9424.23837938118,17.3941456399998
9424.79592800793,17.252331
9425.35347663469,16.12342973
9425.91102526144,15.62251343
9426.4685738882,16.62852421
9427.02612251495,17.2257966700006
9427.58367114171,17.78843384
9428.14121976846,17.21696756
9428.69876839522,17.24133599
9429.25631702197,17.24794028
9429.81386564873,17.9240047400022
9430.37141427548,19.84559134
9430.92896290224,20.59620755
9431.48651152899,20.1042219
9432.04406015575,18.30459104
9432.6016087825,18.3515566099995
9433.15915740925,17.94960278
9433.43793172263,16.67521272
9433.71670603601,15.42145968
9434.27425466276,13.72391271
9434.83180328951,12.3216505699983
9435.38935191627,10.80820308
9435.66812622964,10.07661609
9435.94690054302,10.5308853
9436.22567485639,12.25802383
9436.50444916977,13.3868201300016
9436.78322348315,14.77839291
9437.06199779653,15.12354375
9437.34077210991,16.13802518
9437.61954642328,17.03919931
9438.17709505004,20.0303954100047
9438.73464367679,24.18541789
9439.29219230355,26.29016082
9439.8497409303,26.17768641
9440.12851524368,25.43504006
9440.40728955706,22.8638463999987
9440.68606387044,21.71019687
9440.96483818382,20.58668097
9441.52238681057,19.04253215
9442.07993543732,16.84458203
9442.63748406408,14.2108261400011
9442.91625837746,15.15408555
9443.19503269084,16.32356834
9443.47380700421,18.49456899
9443.75258131759,18.35413652
9444.03135563097,16.5345603199982
9444.31012994435,14.93533242
9444.58890425772,15.03055849
9444.8676785711,15.02770972
9445.42522719785,15.02555746
9445.98277582461,15.0337007800001
9446.54032445136,15.13091517
9447.09787307811,13.88974059
9448.21297033162,13.23258161
9449.32806758513,11.27476351
9450.44316483864,11.0648344800024
9451.55826209215,13.13440344
9452.67335934566,15.8451225
9453.78845659917,17.1766027
9454.90355385268,16.7733809
9456.01865110619,16.1909987800001
9457.1337483597,16.278697
9458.24884561321,15.72447102
9459.36394286672,13.3793459
9460.47904012022,12.06177471
9461.59413737373,12.4999539200015
9462.70923462724,13.85207656
9463.82433188075,13.38114573
9464.93942913426,12.81553897
9466.05452638777,13.02076801
9467.16962364128,16.0987523600019
9468.28472089479,17.79962567
9469.3998181483,19.09860441
9470.51491540181,19.4510588
9471.63001265531,19.48365022
9472.18756128207,17.8784044899965
9472.74510990882,14.8114075
9473.30265853558,12.71861279
9473.86020716234,15.16061012
9474.41775578909,17.83547446
9474.97530441584,20.3217489100003
9475.5328530426,20.56480719
9476.09040166935,20.61308974
9476.64795029611,19.65972488
9477.20549892286,19.37651459
9477.76304754962,17.480018459998
9478.32059617637,15.69422078
9478.87814480312,13.88789019
9479.43569342988,12.16836692
9479.99324205664,11.74077946
9480.55079068339,11.6631719900007
9481.6658879369,12.2951989
9482.78098519041,12.25060844
9483.89608244392,12.21278677
9485.01117969743,13.20065305
9486.12627695093,15.6707727400026
9487.24137420444,17.96723757
9488.35647145795,18.38529212
9489.47156871146,17.3107674
9490.58666596497,15.51999686
9491.70176321848,13.8279424200002
9492.81686047199,13.96562217
9493.9319577255,13.35407808
9495.04705497901,12.76860829
9496.16215223252,12.82490655
9497.27724948602,12.9879197700004
9498.39234673953,13.35665014
9499.50744399304,12.99770775
9500.62254124655,12.73775181
9501.73763850006,14.25827909
9502.85273575357,16.6076667200043
9503.96783300708,20.41673312
9505.08293026059,25.03989858
9507.31312476761,29.04726744
9509.54331927463,28.92392241
9511.77351378164,25.559422839998
9514.00370828866,23.76391701
9516.23390279568,22.4123444
9518.4640973027,19.68055327
9522.92448631674,17.71463952
9525.15468082375,16.4057144299979
9527.38487533077,14.53544519
9531.84526434481,13.33648836
9536.30565335884,12.7304671
9537.42075061235,13.63622101
9538.53584786586,15.5239716900014
9539.65094511937,16.7928995
9540.76604237288,17.23063254
9541.88113962639,17.2508404
9542.43868825315,17.18582081
9542.9962368799,18.4693725500027
9543.27501119328,20.86336729
9543.55378550665,21.64294057
9543.83255982003,20.08987718
9544.11133413341,17.98506655
9544.39010844679,16.1291562400017
9544.66888276016,17.64005556
9544.94765707354,18.25739165
9545.22643138692,15.94522718
9545.78398001368,12.59201961
9546.34152864043,11.541433650002
9546.89907726719,13.32694225
9547.45662589394,14.58216793
9548.57172314744,14.76449587
9549.68682040095,13.95415649
9550.80191765446,12.5629538500016
9551.91701490797,13.95549074
9552.47456353472,14.66955747
9553.03211216148,16.37765915
9553.58966078823,17.25347205
9554.14720941499,17.1984045700009
9554.42598372837,17.98784033
9554.70475804174,18.37933187
9554.98353235512,18.56881337
9555.2623066685,19.37463175
9555.81985529525,18.3820445399981
9556.37740392201,16.69442451
9556.93495254876,16.14331521
9557.49250117552,16.12750483
9558.05004980228,16.0773935
9558.60759842903,17.163781760001
9559.16514705579,18.05759146
9559.72269568254,19.72090962
9560.2802443093,20.53397053
9560.83779293605,21.87378854
9561.39534156281,21.1220227099985
9561.95289018956,19.75855439
9562.51043881632,19.44410853
9563.06798744307,20.52310347
9563.62553606982,22.65132433
9564.18308469657,24.6439285200005
9564.74063332332,25.0409595
9565.29818195008,24.6788456
9565.85573057683,22.13452487
9566.41327920359,20.76855905
9566.97082783034,19.0003368599993
9567.5283764571,18.37653673
9568.08592508386,16.56012153
9568.64347371061,14.76951149
9569.20102233737,12.96991788
9569.75857096412,11.4527345400023
9570.31611959087,13.51395784
9570.87366821763,15.68122855
9571.43121684438,18.52996857
9571.98876547114,19.47863657
9572.54631409789,18.8859907099981
9573.10386272465,17.17990723
9573.6614113514,17.23008694
9574.21895997816,18.0836909
9574.77650860491,18.90858606
9575.33405723166,17.6274277499964
9575.89160585841,14.50190866
9576.44915448517,12.79688127
9577.00670311193,15.12457595
9577.56425173868,16.46294815
9578.12180036543,17.1968140100026
9578.67934899219,19.47317599
9579.23689761895,22.46686691
9579.7944462457,23.3569497
9580.35199487246,21.74577703
9580.90954349921,19.9721658399983
9581.46709212597,18.49773506
9582.02464075272,18.67905966
9582.58218937948,19.50330802
9583.13973800623,18.36005539
9583.69728663299,15.7225889599963
9584.25483525974,12.49216412
9584.8123838865,10.80801488
9585.36993251325,10.59515311
9585.92748114,11.92903055
9586.48502976675,14.0897416000029
9587.04257839351,16.64523601
9587.60012702026,18.3775781
9588.15767564701,19.59411699
9588.71522427377,19.44684642
9589.27277290052,18.9459743599994
9589.83032152728,18.3755812
9590.38787015404,18.47314013
9590.94541878079,17.14856446
9591.50296740755,17.24872185
9592.0605160343,19.2025130900006
9592.61806466105,19.68901367
9593.17561328781,20.65047753
9593.73316191457,19.81913462
9594.29071054132,18.30173052
9594.84825916807,18.3458015900011
9595.40580779483,19.29147153
9596.52090504834,21.73977003
9597.63600230185,24.03965201
9598.75109955536,26.29208645
9599.86619680887,26.1899558599979
9600.98129406238,24.30316239
9602.09639131589,23.80442277
9602.65393994264,22.77115706
9603.21148856939,22.92698552
9603.76903719615,25.1404088500041
9604.3265858229,28.77243125
9604.88413444966,31.16251787
9605.44168307641,30.09680306
9605.99923170317,28.01505499
9606.55678032992,26.1229318699995
9607.11432895668,25.64317616
9607.67187758343,26.20814152
9608.22942621019,26.10718373
9608.78697483694,24.59739947
9609.34452346369,23.6130888099979
9609.90207209045,21.73857815
9610.4596207172,20.80561934
9611.01716934396,20.7431998
9611.57471797071,23.10775272
9612.13226659747,25.8614614400023
9612.68981522423,27.89854982
9613.24736385098,28.80111636
9613.80491247774,29.90643697
9614.36246110449,30.61449373
9614.92000973124,29.4542190099971
9615.47755835799,26.90305919
9616.03510698475,26.13903163
9616.5926556115,26.17845915
9617.15020423825,25.45828627
9617.70775286501,21.8498832999962
9618.26530149176,18.54924532
9618.82285011852,18.36634945
9619.93794737203,18.09911148
9621.05304462554,16.47590929
9622.16814187905,16.5073296800041
9623.28323913256,20.11390436
9624.39833638607,23.06098145
9624.95588501283,22.89805428
9625.51343363958,22.48773349
9626.07098226633,20.5700875800002
9626.62853089309,20.72648034
9627.18607951984,19.37431959
9627.74362814659,19.45957092
9628.30117677335,21.89194873
9628.8587254001,23.3662029399973
9629.41627402685,21.02439978
9629.97382265361,18.28309916
9630.53137128036,18.40877047
9631.08891990712,19.70692586
9631.64646853387,20.7487206300011
9632.20401716063,21.68870721
9632.76156578738,21.58395042
9633.31911441414,22.97095117
9633.87666304089,24.30645
9634.43421166765,24.9390913399974
9634.99176029441,22.63975168
9635.54930892116,20.36148765
9636.10685754791,17.73529164
9636.66440617467,15.59986917
9637.77950342817,15.0320165000003
9638.89460068168,15.26822935
9639.45214930844,16.07405687
9640.00969793519,16.79246126
9640.56724656195,16.05116712
9641.12479518871,15.0946877699989
9641.68234381546,14.14220947
9642.23989244222,15.58465974
9642.79744106897,16.94314684
9643.35498969572,17.47180661
9643.91253832247,18.4313887199977
9644.47008694923,16.37193679
9645.02763557599,14.34078129
9645.58518420274,14.28092668
9646.14273282949,16.24678454
9646.70028145625,18.3895118300011
9647.81537870976,19.3600567
9648.93047596327,19.72433749
9650.04557321678,21.12189385
9651.16067047029,22.36263954
9652.2757677238,22.7555528099984
9653.39086497731,21.32860543
9654.50596223081,20.09657478
9655.62105948432,19.49746471
9656.73615673783,18.79136162
9657.85125399134,17.18947081
9658.96635124485,17.21526484
9660.08144849836,20.07359014
9661.19654575187,25.01021411
9662.31164300538,26.24953472
9663.42674025889,24.4002460999994
9664.5418375124,23.8672154
9665.6569347659,22.79576011
9666.77203201941,22.09797139
9667.32958064617,20.60827033
9667.88712927292,20.5705378600008
9668.44467789967,21.31066676
9669.00222652643,21.71779753
9669.55977515319,21.74416405
9670.11732377994,21.05365018
9670.67487240669,18.7212632899987
9671.23242103345,17.58656889
9671.78996966021,17.25213363
9672.34751828696,18.19386654
9672.90506691372,20.99700709
9673.46261554047,23.8051614399995
9674.57771279398,23.40889955
9675.69281004749,21.54573957
9676.807907301,19.75301787
9677.92300455451,18.26145402
9679.03810180801,18.3564581699989
9681.26829631503,17.39412296
9683.49849082205,17.31966627
9684.61358807556,19.3323208
9685.72868532907,20.69557343
9686.84378258258,19.8915647999974
9687.95887983609,17.58461754
9689.0739770896,16.0636093
9690.18907434311,16.14201876
9691.30417159662,15.97149303
9692.41926885013,18.0646748500016
9693.53436610363,19.43764871
9694.64946335714,19.71614495
9695.76456061065,20.62140613
9696.87965786416,20.61167748
9697.99475511767,19.5351055099987
9699.10985237118,18.36047291
9700.22494962469,17.96142684
9701.3400468782,17.87246457
9702.45514413171,17.25794416
9703.57024138522,16.5609931799994
9704.68533863872,16.03287687
9705.80043589223,16.07069921
9706.91553314574,16.51342577
9708.03063039925,19.07927979
9709.14572765276,20.5044278500001
9710.26082490627,20.55291238
9711.37592215978,21.14438271
9712.49101941329,23.30405761
9713.6061166668,25.16889296
9714.72121392031,24.054446309999
9715.83631117381,23.14547802
9716.39385980057,21.51998149
9716.95140842732,20.54855666
9717.50895705408,20.57837558
9718.06650568083,20.5870863800008
9718.62405430758,21.33187138
9719.18160293434,22.69372604
9719.73915156109,23.97773398
9720.29670018785,22.90065552
9720.8542488146,20.4808066100002
9721.41179744136,20.63730591
9721.96934606812,21.09165469
9722.52689469487,21.11459303
9723.08444332163,19.77210127
9723.64199194838,19.4219712200018
9724.19954057513,21.01835147
9724.75708920189,23.46200319
9725.31463782865,25.17784818
9725.8721864554,23.6766109
9726.42973508215,21.7524962599987
9726.98728370891,20.5795582
9727.54483233566,20.56607369
9728.10238096242,20.25187637
9728.65992958917,19.46920226
9729.21747821593,19.3582656000016
9729.77502684268,20.73025717
9730.33257546944,19.68317566
9730.89012409619,18.27908201
9731.44767272294,18.36161963
9732.00522134969,18.3750173000001
9732.56276997645,18.48635048
9733.12031860321,20.02250849
9733.67786722996,21.74722582
9734.23541585672,24.05883016
9734.79296448347,23.9659822499977
9735.35051311022,21.92768695
9735.90806173698,20.61447431
9736.46561036374,21.94574349
9737.02315899049,23.2879697
9737.58070761725,22.2478091099979
9738.138256244,20.41880642
9738.69580487076,18.61581244
9739.25335349751,16.80625927
9739.81090212427,15.11505444
9740.36845075102,16.3680818500011
9740.92599937777,17.29515254
9741.48354800453,17.35717737
9742.04109663128,16.11144204
9742.59864525804,16.11831205
9743.15619388479,16.9167073100004
9743.71374251155,17.23412471
9744.2712911383,17.80417132
9744.82883976506,18.41503488
9745.38638839181,18.35918653
9745.94393701856,18.36422027
9746.50148564531,18.36545858
9747.05903427207,18.36231641
9747.61658289883,18.33604242
9748.17413152558,18.40472428
9748.73168015233,16.2468873300001
9749.28922877909,16.3402063
9749.56800309247,17.28795652
9749.84677740584,17.25702909
9750.12555171922,17.24291208
9750.4043260326,17.6566432900014
9750.96187465936,18.85704879
9751.51942328611,18.38292577
9752.07697191286,17.14172585
9752.63452053962,16.05640429
9753.74961779313,17.1412217000001
9754.86471504664,17.19248523
9755.97981230014,17.14299149
9757.09490955365,16.10293004
9758.21000680716,16.45335208
9759.32510406067,18.3743884800009
9760.44020131418,19.19542839
9761.55529856769,20.67470322
9762.6703958212,20.64099341
9763.78549307471,19.13553283
9764.90059032822,18.3484342399995
9766.01568758173,17.90253347
9767.13078483524,17.59474994
9768.24588208875,17.2427716
9768.8034307155,16.58571517
9769.36097934226,17.2422789100012
9769.91852796901,18.28303487
9770.47607659576,19.17838178
9771.03362522251,20.87019661
9771.59117384927,23.57251487
9772.14872247603,27.0174732300016
9772.70627110278,28.39486775
9773.26381972953,28.09748755
9773.82136835629,25.43196924
9774.37891698304,22.34075903
9774.9364656098,19.8245335299997
9775.49401423655,19.57924042
9776.05156286331,20.46073791
9776.60911149006,22.03931176
9777.16666011682,22.91839442
9777.72420874358,23.9530405899995
9778.28175737033,23.48471483
9778.83930599708,20.63449277
9779.39685462384,17.30509959
9779.9544032506,15.67029941
9780.51195187735,18.1032740300039
9781.06950050411,21.54418807
9781.62704913086,22.83233625
9782.18459775761,22.81614824
9782.74214638437,22.84111216
9783.29969501112,22.8212138500014
9783.85724363787,24.02678779
9784.41479226463,23.99884609
9784.97234089138,22.91732857
9785.52988951814,21.4377008
9786.08743814489,19.2612820499974
9786.64498677165,16.95464816
9787.2025353984,15.73240628
9787.76008402515,16.16639427
9788.31763265191,18.58815896
9788.87518127866,20.1991975000017
9789.43272990542,21.65918979
9789.99027853217,20.59004538
9790.54782715893,18.0623051
9791.10537578569,15.67036516
9791.66292441244,16.3850971800017
9792.22047303919,17.89918911
9792.77802166595,20.41501253
9793.3355702927,19.80315001
9793.89311891945,19.46174456
9794.45066754621,20.4022749800004
9795.00821617296,20.72099808
9795.56576479972,19.46230815
9796.12331342647,17.46187777
9796.68086205323,16.20916384
9797.23841067999,16.2609243900001
9797.79595930674,16.36287654
9798.35350793349,17.4240383
9798.91105656024,17.51104308
9799.468605187,18.46856111
9800.02615381375,17.1818184300019
9800.58370244051,18.87177023
9801.14125106726,19.60529349
9801.69879969402,19.12735041
9802.25634832078,16.49501655
9802.81389694753,14.2284520899983
9803.37144557428,12.76477887
9803.92899420104,13.50624631
9804.48654282779,16.27739276
9805.04409145455,18.936382
9805.6016400813,19.6107809600001
9806.15918870805,19.66204246
9806.71673733481,18.97473059
9807.27428596156,19.4946471
9807.83183458832,20.45205273
9808.38938321508,20.7106265000002
9808.94693184183,20.8464395
9809.50448046858,19.56362119
9809.78325478196,18.5074696
9810.06202909533,18.50629815
9810.34080340871,18.4687993500005
9810.61957772209,18.90671858
9811.17712634884,20.52249379
9811.7346749756,20.70041948
9812.29222360235,18.94831003
9812.84977222911,17.3060524700001
9813.40796124017,17.35726002
9813.96615025123,18.85896052
9814.52433926228,19.54319856
9815.08252827334,18.57644388
9815.65793659557,17.010078079999
9816.23334491781,16.12833526
9816.80875324005,16.43391791
9817.38416156228,19.20062234
9817.95956988452,21.31577628
9818.53497820676,22.7902228999979
9819.11038652899,20.9763188
9819.68579485123,19.1303268
9820.26120317346,18.47896044
9820.8366114957,18.61496456
9821.41201981794,19.7429024899983
9821.98742814017,18.27521089
9822.5628364624,19.63753584
9823.13824478464,21.21664155
9823.42594894576,23.93566841
9823.71365310687,25.1577825100003
9824.00135726799,25.45967467
9824.28906142911,25.0870378
9824.86446975134,23.08056826
9825.43987807358,22.97579555
9826.01528639582,22.9441612499985
9826.59069471805,21.63335589
9827.16610304028,19.79654991
9827.74151136252,17.95773273
9828.31691968476,17.37720389
9828.89232800699,16.6492834099995
9829.46773632923,16.20625357
9830.04314465146,15.71364544
9830.6185529737,15.1433429
9831.19396129594,14.99594463
9831.76936961818,16.2732000200012
9832.34477794041,17.35188133
9832.92018626265,17.37314221
9833.49559458488,16.58159877
9834.07100290711,14.20813408
9834.64641122935,12.7782119500009
9835.79722787382,13.57741474
9836.94804451829,14.96124581
9837.52345284053,16.53668406
9838.09886116276,17.37649323
9838.67426948499,18.5898328600002
9839.24967780723,18.76044301
9840.4004944517,19.60728564
9841.55131109617,19.03340356
9842.70212774065,17.74511505
9843.27753606288,14.8124929499986
9843.85294438511,13.54108388
9845.00376102958,12.90195004
9846.15457767405,13.74828798
9847.30539431853,15.23258095
9848.456210963,15.099667000001
9849.60702760747,16.0143289
9850.75784425194,16.05300902
9851.90866089641,15.16419258
9854.21029418535,13.76298636
9856.51192747429,15.1464946400009
9858.81356076323,15.91721162
9861.11519405218,16.18965619
9862.26601069665,16.26530976
9863.41682734112,14.48096085
9864.56764398559,12.8513325199989
9865.71846063006,11.90337104
9866.86927727453,11.67715895
9868.020093919,12.91712685
9869.17091056347,13.7398777
9870.32172720794,14.3104106800015
9871.47254385241,15.66842238
9872.62336049688,17.49885793
9873.77417714135,19.29936233
9874.92499378583,18.59591358
9876.0758104303,18.2924065799989
9877.22662707477,17.33733543
9878.37744371924,17.35515535
9879.52826036371,17.19893812
9880.67907700818,16.23650466
9881.82989365265,16.9877488700004
9882.98071029712,17.31484787
9884.13152694159,17.42283658
9885.28234358606,16.09758155
9886.43316023053,16.08709736
9887.58397687501,15.4990145400013
9888.73479351948,16.67299047
9889.88561016395,17.93349762
9891.03642680842,19.29221116
9892.18724345289,19.5822891
9893.33806009736,19.5799161700008
9894.48887674183,20.28196971
9895.6396933863,19.60372496
9896.79051003077,18.63580579
9897.94132667524,18.00855947
9898.22903083636,17.9909831299997
9898.51673499748,17.70480586
9899.09214331972,16.28494146
9899.66755164195,15.10546716
9900.24295996419,15.10098099
9900.53066412531,15.0619657599984
9900.81836828642,13.64201445
9901.10607244754,11.94349706
9901.39377660866,12.40831671
9901.68148076978,14.31371006
9901.96918493089,15.5158130200008
9902.54459325313,16.24622035
9903.12000157537,16.36682365
9903.6954098976,15.01053202
9904.27081821983,15.15651692
9904.84622654207,14.2245777099997
9905.4216348643,13.98111493
9905.99704318654,14.87377907
9906.57245150877,15.08741725
9907.14785983101,15.1205995
9907.72326815324,15.1717066199992
9908.29867647548,14.42444921
9908.87408479772,13.02871469
9909.44949311995,11.66856196
9910.02490144218,11.72224175
9910.60030976442,12.6784294300004
9911.17571808665,13.02393171
9911.75112640889,14.01479929
9912.32653473112,15.24974073
9912.90194305336,16.96143803
9913.47735137559,18.4197294800001
9914.05275969783,18.49523322
9914.62816802007,18.67749215
9915.2035763423,18.68585901
9915.77898466454,18.06430506
9916.35439298678,17.3884570600013
9916.92980130901,18.52977237
9917.50520963125,21.60113538
9918.08061795348,22.39617574
9918.3683221146,21.60849224
9918.65602627572,19.3433240099974
9919.23143459795,17.05264074
9919.80684292019,16.25307679
9920.38225124243,16.31070576
9920.95765956466,17.39736985
9921.5330678869,16.9931803199992
9922.10847620913,16.25464151
9923.2592928536,15.01707418
9924.41010949807,15.10730274
9925.56092614254,15.15063824
9926.13633446478,14.2446850899998
9926.71174278701,14.0410431
9927.28715110925,15.03691668
9927.86255943149,15.28007603
9929.01337607596,16.23879148
9930.16419272043,17.7424440500009
9931.3150093649,18.51273869
9932.46582600937,18.92639934
9933.0412343316,20.4463204
9933.61664265384,21.97760455
9934.19205097607,22.1001048999972
9934.76745929831,19.64431048
9935.34286762054,18.49160184
9935.91827594278,20.04814316
9936.49368426501,21.0795529
9937.06909258725,21.3512980399987
9937.64450090948,20.20028709
9938.21990923172,18.44539673
9938.79531755396,20.3452268
9939.37072587619,22.94071333
9939.94613419843,24.0811796699985
9940.52154252066,22.73107122
9941.0969508429,21.70933046
9941.67235916514,20.24037454
9942.24776748738,18.70292501
9942.82317580961,18.8434083700026
9943.39858413184,21.12671251
9943.97399245407,22.70109268
9944.54940077631,21.28660359
9945.12480909855,22.9898143
9946.27562574302,25.8145372500018
9947.42644238749,27.43835382
9948.57725903196,27.56641519
9949.72807567643,25.2735337
9950.8788923209,21.61196815
9952.02970896537,19.5060284300002
9953.18052560984,19.68474459
9954.33134225431,20.78827131
9955.48215889878,20.75261497
9956.63297554326,20.71546156
9957.78379218773,21.9843204899991
9958.9346088322,21.16887985
9960.08542547667,19.71799802
9961.23624212114,18.60564389
9962.38705876561,16.11395879
9964.68869205455,15.1119575000013
9966.99032534349,16.29338047
9969.29195863244,17.3810545499988
9971.59359192137,18.20681732
9972.74440856585,19.80384844
9973.89522521032,20.68622256
9975.0460418548,20.67983646
9976.19685849926,20.5880451100001
9977.34767514373,19.44404568
9978.4984917882,20.73001438
9979.64930843267,21.8691927300004
9980.80012507713,22.18669801
9981.95094172161,23.3253550399987
9983.10175836608,24.05384439
9984.25257501055,25.41211679
9985.40339165503,23.8957981199969
9986.5542082995,21.13963465
9987.70502494397,18.506719630003
9988.85584158844,17.39228654
9990.00665823291,19.50592609
9991.15747487738,24.5556632700039
9992.30829152185,27.98473847
9993.45910816632,27.4773649900006
9994.60992481079,26.16641835
9995.76074145526,27.29554496
9996.91155809973,26.9608438199978
9998.06237474421,25.05052352
9999.21319138868,22.6426237200027
10000.3640080331,21.84513891
10001.5148246776,21.28633074
10002.6656413221,21.28983565
10003.8164579666,21.25411721
10004.967274611,21.7808129199994
10006.1180912555,21.71503984
10007.2689078999,23.03788313
10008.4197245444,22.866752690002
10009.5705411889,24.60634349
10010.7213578334,25.1986578199993
10011.8721744779,25.33585671
10013.0229911223,24.04176894
10014.1738077668,23.0258727100009
10015.3246244113,23.81980224
10016.4754410558,25.4141143399982
10017.6262577002,26.36038206
10019.9278909892,26.33414221
10022.2295242781,26.3288094099992
10024.531157567,25.58270897
10026.832790856,24.4459706600013
10029.1344241449,24.12016657
10031.4360574339,22.74746876
10032.5868740783,19.8425087899985
10033.7376907228,18.51431439
10034.8885073673,19.4398104599989
10035.4639156895,21.90049722
10036.0393240117,21.46914741
10037.1901406562,20.69053201
10038.3409573007,20.69881488
10039.4917739452,22.5727176999979
10040.6425905896,23.7016617
10041.7934072341,25.62365157
10042.9442238786,25.0716070899967
10044.0950405231,22.19180189
10045.2458571675,19.6424391200029
10046.3966738119,19.82176097
10047.5474904564,19.61392295
10048.6983071009,18.3767947699989
10049.8491237454,17.39440352
10050.9999403899,16.3389291100012
10051.5753487121,15.72230815
10052.1507570343,15.14846338
10052.7261653565,14.9997846600014
10053.3015736788,16.27146388
10053.876982001,17.3667147299988
10054.4523903233,17.21683786
10055.6032069678,18.61369473
10056.7540236122,21.0268123500029
10057.3294319344,23.56632321
10057.9048402567,25.3722017499979
10058.1925444178,27.16286454
10058.480248579,28.51889264
10058.7679527401,26.8465674099974
10059.0556569012,24.56991069
10059.3433610623,23.2410383800015
10059.6310652234,21.87397877
10059.9187693845,22.69311988
10060.2064735457,24.8338752100016
10060.4941777068,26.27184782
10060.7818818679,26.3389651799999
10061.069586029,26.36791338
10061.3572901901,27.56809494
10062.5081068345,26.7469977599983
10063.658923479,25.23579279
10064.8097401235,25.1191932900001
10065.960556768,26.50082708
10067.1113734124,27.31141295
10068.2621900569,29.1708162400006
10069.4130067014,29.66638966
10070.5638233459,29.7746608999999
10071.7146399904,28.14339769
10072.8654566348,26.35493463
10074.0162732793,25.2037147499983
10075.1670899237,23.67263318
10076.3179065682,21.8424845300021
10077.4687232127,22.94881861
10078.6195398572,24.86562371
10079.7703565016,27.815999880001
10080.9211731461,28.68786847
10082.0719897906,27.4400339200014
10083.2228064351,26.2225452
10084.3736230795,24.33955054
10086.6752563685,22.9839062699999
10088.9768896574,22.85436635
10091.2785229463,24.1564871099985
10093.5801562353,24.1046329
10095.8817895242,23.24422848
10098.1834228132,22.96299763
10100.4850561021,22.95737715
10102.786689391,22.94822749
10105.08832268,23.42438016
10107.3899559689,26.13377055
10109.6915892579,28.8588228700027
10111.9932225468,31.21045589
10114.2948558358,30.9456160900003
10116.5964891247,29.04530088
10117.7473057692,26.20411699
10118.8981224136,25.19664562
10120.0489390581,25.16854997
10121.1997557026,26.7193513199982
10122.3505723471,27.65470624
10123.5013889915,28.67673164
10124.652205636,27.127294739999
10125.8030222805,26.28318556
10128.1046555694,27.120209179999
10130.4062888584,28.23153467
10132.7079221473,31.30575968
10135.0095554362,33.4409425300022
10137.3111887252,35.33205175
10139.6128220141,35.36137356
10141.9144553031,34.16346546
10144.216088592,32.9972029
10146.5177218809,32.1938650499997
10148.8193551699,31.94966273
10151.1209884588,31.92235588
10153.4226217478,30.67704166
10154.5734383923,28.75338386
10155.7242550367,25.9139469799973
10156.8750716812,23.51877388
10158.0258883256,21.1841187300027
10160.3275216146,20.68267252
10164.9307881925,21.87352533
10169.5340547704,24.0897754200001
10174.1373213482,24.18720692
10178.7405879261,22.8478322700015
10185.6454877929,22.9608195
10190.2487543708,24.48166
10194.8520209487,25.1334225099984
10199.4552875266,23.70396873
10204.0585541045,23.7783968599999
10207.5110040379,27.54565389
10209.8126373268,29.07841705
10212.1142706158,27.5922580799986
10214.4159039047,26.35134763
10216.7175371937,27.202424399999
10219.0191704826,29.31992447
10222.471620416,31.15540911
10227.0748869939,32.8211754800002
10231.6781535718,33.03767227
10236.2814201497,30.8540070000025
10240.8846867275,29.67666817
10245.4879533054,29.68711096
10250.0912198833,28.2700809299961
10252.3928531723,24.88130065
10254.6944864612,23.0701332000021
10259.2977530391,22.8894859
10263.901019617,24.17711658
10266.2026529059,25.0535221399997
10268.5042861948,24.79261054
10270.8059194838,24.6270061700002
10271.381327806,27.37618678
10271.9567361282,30.13805136
10272.5321444505,31.8956227899998
10273.1075527727,31.71837912
10274.2583694172,30.0714302900019
10275.4091860617,28.74092167
10276.5600027061,27.35367032
10277.7108193506,26.8633156299985
10278.8616359951,25.55967116
10281.1632692841,28.0450283999972
10283.4649025729,31.27146432
10286.9173525064,31.14644045
10291.5206190843,29.6070926400001
10293.8222523732,29.693256
10296.1238856621,29.68154983
10300.72715224,29.67902162
10303.028785529,29.80202161
10305.3304188179,28.4748678900031
10307.6320521069,31.20547316
10309.9336853958,33.7496973299971
10314.5369519737,33.96308496
10319.1402185516,33.08791036
10323.7434851294,31.6631571899984
10328.3467517073,30.2129673
10332.9500182852,31.6659256499983
10337.5532848631,31.79560175
10342.156551441,30.28648515
10346.7598180189,29.8578405500017
10351.3630845967,31.36143699
10355.9663511746,30.3515396500011
10360.5696177525,28.58983783
10365.1728843304,26.79867197
10369.7761509083,26.2109488100019
10374.3794174862,27.86082898
10378.982684064,32.9816702699942
10383.5859506419,37.35263914
10392.7924837977,37.62254074
10397.3957503756,34.8310010999997
10401.9990169535,34.60052489
10406.6022835313,35.7839966299987
10411.2055501092,33.43948451
10415.8088166871,31.80607119
10420.412083265,32.4888549800007
10425.0153498429,33.10541988
10427.3169831318,33.3070640599998
10429.6186164208,37.23481894
10434.2218829986,40.50892492
10436.5235162876,40.8584108700005
10437.674332932,41.26123994
10438.8251495765,43.030882679998
10441.1267828655,44.21860006
10441.7021911877,41.06000368
10442.27759951,37.3490543899976
10443.4284161544,35.27397329
10444.5792327989,34.6561462300007
10445.7300494434,34.19377102
10446.3054577656,36.54715647
10446.8808660878,39.8761184800031
10447.4562744101,42.62887773
10448.0316827323,46.141792329996
10449.1824993768,50.71911475
10450.3333160212,51.6320541
10451.4841326657,46.1575388899948
10452.6349493102,41.60002886
10454.9365825991,41.3306626100003
10457.2382158881,42.55686588
10459.539849177,43.11778054
10461.8414824659,42.7198701800001
10464.1431157549,42.76250066
10466.4447490438,43.1226935099996
10468.7463823328,42.84431965
10471.0480156217,42.02008696
10473.3496489107,41.0011934799998
10475.6512821996,40.80655291
10477.9529154885,38.5518832800026
10480.2545487775,38.63246257
10482.5561820664,38.22385424
10484.8578153554,38.087969370004
10487.1594486443,41.56042725
10489.4610819332,44.5559701099966
10491.7627152222,42.91195753
10494.0643485111,37.77173684
10496.3659818001,32.660046199998
10498.667615089,30.9364034
10500.969248378,29.1043765200021
10503.2708816669,29.15166173
10505.5725149558,31.42491126
10507.8741482448,32.7070506900028
10510.1757815337,35.1338321
10512.4774148227,37.5212831399973
10514.7790481116,35.44966777
10519.3823146895,32.12760597
10523.9855812674,32.1052097800018
10528.5888478453,33.66347569
10533.1921144231,35.9764185499974
10537.795381001,36.26679941
10542.3986475789,34.77683066
10547.0019141568,34.0975912600005
10551.6051807347,34.51786267
10556.2084473126,36.283663319998
10560.8117138904,38.81147298
10565.4149804683,42.1058438
10570.0182470462,42.7063061199973
10572.3198803351,40.33491041
10574.6215136241,37.4709103100033
10576.923146913,37.83325955
10579.224780202,37.29023686
10581.5264134909,36.5431941399992
10583.8280467799,35.86598769
10588.4313133577,33.5246442100027
10591.8837632912,32.70181652
10592.4591716134,34.68658722
10593.0345799356,36.1564432399989
10593.6099882579,35.19138016
10594.1853965801,33.3542331300021
10594.7608049023,30.8599946
10595.3362132246,31.77640128
10597.6378465135,34.4353139000016
10599.9394798024,35.81186867
10601.0902964469,34.3032098900017
10602.2411130914,32.90445491
10602.8165214136,32.84831923
10603.3919297359,32.8344893199986
10603.9673380581,31.62519797
10604.5427463803,29.2139524500027
10605.1181547025,28.930605
10605.6935630248,29.6781235
10606.268971347,28.3226150800027
10606.8443796693,30.71363859
10607.4197879915,35.4832869499946
10607.9951963138,35.52016328
10609.1460129582,31.63063899
10610.2968296027,27.6953005200001
10611.4476462472,27.75145484
10612.5984628917,30.4757436899969
10613.7492795361,33.22170444
10614.9000961806,35.38479346
10616.050912825,38.7225511700022
10617.2017294695,40.6862941
10618.352546114,40.2916094900004
10619.5033627585,38.46846388
10620.6541794029,38.40425714
10621.8049960474,39.0710816000004
10622.9558126919,39.44074539
10624.1066293364,38.0133991300016
10625.2574459808,37.26066573
10626.4082626253,38.01716549
10627.5590792697,39.62496764
10628.7098959142,39.63055549
10629.8607125587,38.4231404500014
10631.0115292032,38.02443833
10632.1623458476,38.46798203
10633.3131624921,38.4882824799987
10634.4639791366,37.30113829
10635.614795781,36.1215768300013
10636.7656124255,35.85829856
10639.0672457145,34.13917714
10640.2180623589,31.72864895
10641.3688790034,31.74687319
10642.5196956478,34.377288479997
10643.6705122923,37.18722154
10644.8213289368,37.25584259
10645.9721455813,37.2584384800015
10647.1229622257,38.56940793
10648.2737788702,40.6665073499976
10649.4245955147,43.45644
10650.5754121592,44.91958978
10652.8770454481,44.6291038499958
10655.178678737,40.91625467
10659.7819453149,34.6879698400071
10664.3852118928,32.89603306
10668.9884784707,34.25302491
10673.5917450486,35.9241976500003
10678.1950116265,36.16446099
10680.4966449154,34.2315042000022
10682.7982782043,34.05985519
10685.0999114933,36.00758879
10687.4015447822,40.6156442400036
10692.0048113601,43.75007096
10696.608077938,45.1323020499984
10701.2113445159,44.71354111
10705.8146110938,42.79464242
10710.4178776716,39.7397935099949
10712.7195109606,35.28116553
10715.0211442495,31.774384800004
10717.3227775385,33.19365876
10719.6244108274,35.95829504
10724.2276774053,38.2999583400018
10728.8309439832,39.89201046
10733.4342105611,42.3626180199972
10738.0374771389,42.92657336
10742.6407437168,41.96150456
10747.2440102947,40.65047682
10751.8472768726,40.61847938
10756.4505434505,40.4561687500002
10761.0538100284,39.43921055
10765.6570766062,39.9115667
10770.2603431841,38.8966015799979
10774.863609762,37.01131811
10779.4668763399,36.092149190001
10784.2531712554,37.2634465
10789.643742235,38.45139149
10795.0343132146,39.1994334699988
10800.4248841942,38.15315085
10805.8154551738,35.4237362700031
10808.5107406636,32.75221777
10811.2060261534,33.6818648
10813.9013116431,33.3833355799988
10816.5965971329,32.28268273
10819.2918826227,35.9757115399958
10820.6395253676,41.74725195
10821.9871681125,49.9733618
10823.3348108574,58.0931856800051
10824.6824536023,62.56230566
10826.0300963472,62.2438330900004
10827.3777390921,57.92046014
10828.725381837,53.99433289
10830.0730245819,54.6736115200021
10832.7683100717,56.48587356
10835.4635955615,55.8446430100007
10838.1588810513,51.25468073
10840.8541665411,44.53390352
10843.5494520308,38.9116817099982
10846.2447375206,37.34855906
10848.9400230104,39.5815767699975
10851.6353085002,42.99453977
10854.33059399,43.11635021
10857.0258794798,39.2317722499964
10859.7211649696,36.08807316
10862.4164504594,34.367198030002
10865.1117359492,34.03982257
10870.5023069287,32.58928516
10875.8928779083,31.1365598999993
10881.2834488879,30.51212069
10886.6740198675,32.1256930099982
10892.0645908471,33.34362533
10894.7598763369,34.84884304
10897.4551618267,35.5737690399968
10898.8028045715,32.75258577
10900.1504473164,29.2798457000039
10901.4980900613,27.25453564
10902.8457328062,29.56262148
10904.1933755511,35.7621382500061
10905.541018296,41.14844831
10906.8886610409,39.391862080002
10908.2363037858,37.69056807
10908.9101251583,37.27615759
10909.5839465307,36.9663627299964
10910.2577679031,33.76747215
10910.9315892756,31.084929160003
10911.605410648,33.50022852
10912.2792320205,35.06501576
10912.953053393,34.7560574699988
10913.6268747654,33.68652773
10914.3006961378,30.8713020900032
10914.9745175103,28.04028735
10915.6483388828,27.29966936
10916.3221602552,27.2433070599996
10916.9959816276,26.90673021
10917.6698030001,26.1700285200008
10918.3436243725,25.55242664
10919.017445745,25.58172612
10919.6912671175,26.0882033400015
10920.3650884899,27.36611917
10921.0389098623,31.5365003499953
10921.7127312348,37.0310268
10922.3865526073,41.55449404
10923.0603739797,43.9786161100011
10923.7341953521,44.92427872
10924.4080167246,46.1194524799986
10925.081838097,48.91169388
10925.7556594695,49.72822325
10926.4294808419,47.6571727299964
10927.1033022143,44.48371957
10927.7771235867,42.750979460002
10928.4509449592,44.00396003
10929.1247663317,49.64395484
10929.7985877041,54.4386854600003
10931.146230449,54.73634987
10932.4938731939,50.1152137100052
10933.8415159388,44.07440455
10935.1891586837,41.76762536
10937.8844441735,41.3275364899992
10939.2320869184,40.64333399
10940.5797296633,41.2570307699993
10941.9273724082,43.92174305
10943.2750151531,46.14617403
10944.622657898,45.6060280999996
10945.9703006429,45.22773354
10947.3179433878,47.1622614999978
10948.6655861327,47.01815578
10950.0132288776,43.89263779
10951.3608716225,42.8697762099991
10952.7085143674,42.09402282
10954.0561571123,41.7620096700004
10955.4037998571,42.38146826
10956.751442602,42.83475009
10959.4467280918,40.5092793399983
10962.1420135816,39.02111339
10967.5325845612,41.2965342999974
10978.3137265204,42.75132652
10989.0948684795,42.76318528
11010.6571523979,44.4436471000015
11021.438294357,45.77627007
11026.8288653366,44.1251607900019
11032.2194363162,41.28895994
11037.6100072958,41.35919855
11056.4770057243,42.9135717199999
11078.0392896426,42.83003056
11088.8204316018,42.6033689800003
11099.6015735609,40.66212939
11110.3827155201,40.66106537
11121.1638574793,40.64359805
11131.9449994384,40.64083897
11142.7261413976,40.62312764
11153.5072833568,40.58860589
11161.5931398261,38.27764951
11166.9837108057,36.2855817799961
11172.3742817853,32.87018026
11180.4601382547,32.83776939
11188.545994724,33.52552049
11193.9365657036,34.91936831
11199.3271366832,37.0247726800016
11204.7177076628,38.39691101
11210.1082786424,36.8104119000018
11215.4988496219,31.92914975
11220.8894206015,28.3957361
11226.2799915811,28.7316423800009
11231.6705625607,29.5361264
11242.4517045198,29.9438315999995
11253.232846479,33.06163593
11264.0139884382,37.60949049
11274.7951303973,39.3662135500016
11285.5762723565,40.76838299
11296.3574143156,40.0655570100008
11307.1385562748,37.67178202
11317.919698234,36.08412029
11326.0055547033,36.2314968599976
11331.3961256829,34.15073084
11342.1772676421,32.8742370200015
11352.9584096013,34.24624938
11363.7395515604,35.83853476
11374.5206935196,34.5149179500024
11385.3018354787,36.67181331
11396.0829774379,39.9803321799962
11406.8641193971,41.15017545
11417.6452613562,43.62026085
11428.4264033154,43.5555360099931
11439.2075452746,37.52128655
11449.9886872337,32.4236513700058
11460.7698291929,32.34798519
11471.550971152,34.07243197
11476.9415421316,36.3018846300005
11482.3321131112,36.71198338
11487.7226840908,36.67310196
11493.1132550704,37.36488214
11498.5038260499,37.15217086
11503.8943970295,40.5893743500033
11509.2849680091,43.51551438
11514.6755389887,45.1155397799982
11520.0661099683,43.89656003
11525.4566809478,43.44333257
11530.8472519274,43.1032350299997
11536.237822907,42.82830866
11541.6283938866,41.3856885400016
11544.3236793764,40.96641306
11547.0189648662,43.51876432
11552.4095358458,44.0968058399983
11557.8001068253,42.61129532
11563.1906778049,41.772397540001
11568.5812487845,40.57696353
11573.9718197641,38.7415779
11579.3623907437,39.3659563899996
11584.7529617232,38.98719934
11587.448247213,38.4806197500006
11590.1435327028,41.09502985
11592.8388181926,44.52257517
11595.5341036824,45.1043289799975
11598.2293891722,42.91164048
11600.924674662,41.8284517800012
11603.6199601518,42.80267569
11606.3152456416,43.77718429
11609.0105311314,44.0843641500037
11611.7058166211,47.33457431
11614.4011021109,51.1920400799956
11619.7916730905,54.00459706
11625.1822440701,53.73933371
11630.5728150497,51.072801309996
11633.2681005395,47.51777077
11638.658671519,45.6894572000021
11645.9404730376,47.3911375
11653.8487525669,46.94069551
11661.7570320962,45.0739402399962
11669.6653116256,41.71248712
11677.5735911549,39.7090134300023
11681.5277309196,38.03788798
11685.4818706843,37.29456605
11689.4360104489,37.7072007400028
11693.3901502136,40.14071756
11695.367220096,38.7103982500016
11697.3442899783,36.33730449
11699.3213598607,36.77413401
11701.298429743,37.0508925299981
11705.2525695076,35.41252671
11713.160849037,35.0108083500005
11721.0691285663,37.6714696
11728.9774080957,40.2916536
11736.885687625,39.8750036299961
11744.7939671543,36.4228146
11752.7022466837,35.6692475100009
11760.610526213,37.89400901
11768.5188057424,39.68000578
11776.4270852717,38.46346358
11784.3353648011,38.48675152
11796.1977840951,37.7391700200009
11812.0143431538,36.88358469
11827.8309022124,35.13099121
11843.6474612711,33.3390642199995
11859.4640203298,32.85720451
11875.2805793885,33.1906829299996
11891.0971384472,37.16625572
11906.9136975059,43.32677097
11922.7302565645,47.613783160001
11938.5468156232,48.53166756
11954.3633746819,46.813869000002
11962.2716542113,45.05843284
11970.1799337406,44.98625582
11985.9964927993,46.1991614199988
12001.813051858,45.09816756
12017.6296109167,46.5553645699983
12033.4461699753,50.10790035
12049.262729034,52.71426145
12065.0792880927,53.5693694499993
12080.8958471514,52.90972526
12088.8041266807,52.90258552
12096.7124062101,53.11115281
12100.6665459747,52.89873137
12104.6206857394,52.0621864899982
12108.5748255041,50.5212792
12112.5289652688,51.6226915999988
12116.4831050334,51.9078612
12120.4372447981,49.2262262
12124.3913845628,45.7979609699989
12128.3455243274,44.81091491
12132.2996640921,45.0997727999997
12140.2079436215,46.50228879
12148.1162231508,50.53247394
12156.0245026801,51.8533371199964
12163.9327822095,48.68794812
12167.8869219742,45.5448256400036
12171.8410617388,47.43871942
12175.7952015035,50.92791321
12179.7493412682,51.7647968799967
12183.7034810328,48.86269059
12187.6576207975,44.8009930200046
12191.6117605622,40.20921612
12195.5659003269,39.37552533
12199.5200400915,41.491652750003
12203.4741798562,44.17370298
12207.4283196209,45.3307070699987
12211.3824593855,43.33998764
12215.3365991502,39.38857596
12219.2907389149,37.5349576399979
12223.2448786795,35.70952569
12227.1990184442,35.4383811000003
12231.1531582089,39.49835424
12235.1072979736,43.59952939
12239.0614377382,44.821131939997
12243.0155775029,42.21607912
12246.9697172676,41.5488625100008
12250.9238570322,41.76538709
12254.8779967969,41.23454215
12258.8321365616,40.2033575300015
12262.7862763263,41.52565882
12266.7404160909,44.177156419997
12270.6945558556,47.14422755
12274.6486956203,47.8760679
12278.6028353849,46.9803897299969
12282.5569751496,44.23662533
12286.5111149143,39.6515125700052
12290.465254679,35.86086691
12294.4193944436,36.48891447
12298.3735342083,39.2532051000027
12306.2818137376,41.64397078
12314.190093267,40.4333259200014
12322.0983727963,35.82020442
12330.0066523257,32.48559075
12337.914931855,36.0856715000065
12339.8920017374,41.81105788
12341.8690716197,45.1199512899962
12343.8461415021,42.09902902
12345.8232113844,37.32928879
12347.8002812667,32.4941917199946
12349.777351149,27.73881698
12351.7544210313,26.0656839500019
12353.7314909137,26.71689148
12355.708560796,26.33049942
12357.6856306784,24.1765311399962
12359.6627005607,20.86917873
12361.639770443,18.4263508600028
12363.6168403254,16.0741382
12365.5939102077,15.37167994
12367.5709800901,13.5212432199979
12369.5480499724,11.68600494
12371.5251198547,11.69892131
12373.5021897371,12.7082227
12375.4792596194,16.90628787
12377.4563295017,23.2139791400063
12381.4104692664,28.74037256
12385.3646090311,30.6322176099979
12389.3187487957,28.85031274
12393.2728885604,26.11944337
12397.2270283251,23.8049420200032
12401.1811680898,26.61590858
12405.1353078544,27.8914102199986
12409.0894476191,24.25999909
12413.0435873838,22.06653519
12416.9977271484,21.4495994400028
12420.9518669131,23.93869418
12424.9060066778,25.0628981799987
12428.8601464425,25.04622829
12432.8142862071,25.05114554
12440.7225657365,25.0566336000001
12448.6308452658,25.17317044
12456.5391247952,23.8608996100015
12472.3556838538,23.85202622
12488.1722429125,26.59637572
12511.8970815005,30.2452230000059
12535.6219200886,35.43801519
12551.4384791473,38.110893529997
12567.2550382059,38.4645747
12583.0715972646,36.08586925
12606.7964358527,33.6169405999969
12638.42955397,30.89493042
12670.0626720874,29.3933501300017
12689.8333709108,29.42632145
12705.6499299694,26.69706115
12721.4664890281,23.3946843699994
12729.3747685575,22.82246727
12737.2830480868,22.84298231
12745.1913276161,21.96861355
12749.1454673808,19.56924281
12753.0996071455,19.4075484600015
12757.0537469102,20.68454529
12761.0078866748,19.4152610500014
12764.9620264395,17.58076448
12768.9161662042,17.2443984
12772.8703059688,18.6991970100017
12776.8244457335,20.19487379
12780.7785854982,21.6059724699984
12784.7327252629,21.78685464
12788.6868650275,20.50695633
12792.6410047922,21.4805894300002
12796.5951445569,21.68299426
12800.5492843215,21.7128957
12808.4575638509,21.71732467
12816.3658433802,21.74104114
12832.1824024389,21.2152185000002
12847.9989614976,21.42183564
12861.8550565302,21.5868095999998
12873.2066963451,20.5926653
12881.7204262063,19.91936292
12887.3962461137,21.1810859400043
12893.0720660212,24.93504409
12898.7478859286,26.0072976799988
12904.4237058361,23.50287756
12910.0995257435,22.22179679
12915.775345651,21.7379945099999
12921.4511655584,21.65713726
12927.1269854658,22.3161169099993
12935.640715327,22.25865421
12946.9923551419,21.66302496
12958.3439949568,21.6444166700012
12964.0198148643,22.74366709
12969.6956347717,23.9924122799986
12972.5335447254,25.23141992
12975.3714546792,26.1381191
12978.2093646329,27.8339125600013
12981.0472745866,28.9913309
12983.8851845403,30.5956607199982
12986.7230944941,28.88826745
12989.5610044478,25.20982573
12992.3989144015,23.8532814500064
12995.2368243552,29.47121051
12998.074734309,33.1661687099958
13000.9126442627,32.79303078
13003.7505542164,32.27905942
13006.5884641701,33.7117431900004
13009.4263741239,34.02570798
13012.2642840776,32.3920103600019
13015.1021940313,29.74446226
13017.940103985,26.43391243
13020.7780139388,24.2243732599981
13023.6159238925,22.55656689
13026.4538338462,21.696261130001
13029.2917437999,21.61482129
13032.1296537537,23.05344539
13034.9675637074,24.4568510900015
13037.8054736611,25.7340773
13040.6433836148,27.9915426099974
13043.4812935686,31.88082968
13046.3192035223,34.50537785
13047.7381584992,36.1355959000001
13049.157113476,36.23210556
13051.9950234297,35.1942641300012
13054.8329333835,35.27270376
13057.6708433372,35.27529602
13063.3466632446,37.3202880400017
13066.1845731984,38.79629374
13069.0224831521,37.077598220002
13071.8603931058,34.0949449
13074.6983030595,30.47693905
13077.5362130133,29.6347457500003
13080.374122967,29.86535773
13083.2120329207,30.1830597899996
13086.0499428744,29.57378626
13091.7257627819,29.22126916
13097.4015826893,26.9165805799966
13103.0774025968,23.95702154
13105.9153125505,24.857951279999
13108.7532225042,27.20165955
13120.1048623191,27.18555379
13131.456502134,25.5895974099977
13143.4028453066,23.57590607
13157.5837027628,23.8021148599997
13171.7645602191,25.69665648
13185.9454176754,28.22972795
13193.0358464035,28.51577551
13200.1262751317,28.51836755
13207.2167038598,28.1793552500004
13214.3071325879,29.26495097
13221.3975613161,32.7550368
13228.4879900442,38.0557701
13235.5784187723,38.03797477
13242.6688475005,34.0294208700046
13249.7592762286,30.26103346
13256.8497049568,28.55600033
13263.9401336849,28.7441379500019
13271.030562413,30.40637165
13278.1209911412,33.966426109996
13285.2114198693,39.27790803
13288.7566342334,42.5485564
13292.3018485974,43.164067549998
13294.0744557794,41.37623352
13295.8470629615,37.6793206900042
13297.6196701436,32.84823017
13299.3922773256,28.10985471
13301.1648845076,24.862892909999
13302.9374916897,23.98709637
13304.7100988717,24.6451796599993
13306.4827060537,25.98621603
13308.2553132357,27.29180185
13310.0279204178,30.0945997900031
13311.8005275999,32.81513159
13313.5731347819,34.1478181699985
13315.3457419639,32.76025377
13317.1183491459,28.78548328
13318.8909563279,26.2331212799999
13320.66356351,26.15239462
13322.436170692,28.2478657899976
13324.2087778741,29.63366684
13325.9813850561,29.79936871
13327.7539922381,27.7627136299984
13331.2992066022,26.38470367
13334.8444209663,27.3089346799989
13338.3896353303,29.70623409
13341.9348496944,30.57245737
13345.4800640585,30.3186626600005
13349.0252784226,30.76925782
13352.5704927866,32.0235316099986
13356.1157071507,32.82699175
13359.6609215148,30.90510044
13363.2061358788,28.0627917499992
13366.7513502429,27.40152383
13370.296564607,28.3371063099989
13373.841778971,28.86055784
13377.3869933351,30.80865466
13384.4774220632,31.9847484399989
13391.5678507914,31.01174415
13398.6582795195,29.6991674400015
13405.7487082477,29.35643189
13409.2939226117,29.63558287
13412.8391369758,29.650318
13416.3843513399,29.62319969
13419.9295657039,29.6018628
13423.474780068,28.4569127
13427.0199944321,28.52886797
13430.5652087961,28.5215033700013
13434.1104231602,29.69761467
13437.6556375243,32.4640736599968
13441.2008518883,35.24457792
13444.7460662524,35.04319122
13448.2912806165,34.0991702600002
13451.8364949806,34.27432018
13455.3817093446,31.9265753800027
13458.9269237087,30.79090202
13462.4721380728,29.57354272
13466.0173524368,29.7027607899988
13469.5625668009,28.63176002
13473.107781165,28.0460336700007
13476.652995529,26.75737694
13480.1982098931,24.90153712
13483.7434242572,23.2660784399983
13487.2886386212,21.81023567
13490.8338529853,20.7067819800013
13494.3790673494,20.18880499
13497.9242817135,21.17664066
13501.4694960775,22.9131727100028
13505.0147104416,25.37211448
13508.5599248057,27.2650965999978
13512.1051391697,27.82781437
13515.6503535338,28.53109723
13519.1955678979,27.8012327799986
13522.7407822619,26.60113866
13526.285996626,24.6760518900022
13529.8312109901,23.45416283
13531.6038181721,22.33172338
13533.3764253542,22.8705336700005
13535.1490325362,23.30288649
13536.9216397182,25.2219777299978
13538.6942469003,26.16242433
13540.4668540823,26.29415548
13542.2394612643,25.7931597099969
13544.0120684464,23.09456445
13545.7846756284,20.5192748900029
13547.5572828104,22.09547711
13549.3298899924,23.82293981
13551.1024971745,24.0465958500001
13552.8751043566,24.14649435
13554.6477115386,22.5160302600019
13558.1929259026,20.72631534
13561.7381402667,19.47121172
13565.2833546308,20.3636462400021
13568.8285689948,22.24481845
13572.3737833589,22.7940113499994
13575.918997723,21.1560788
13579.464212087,20.57410044
13583.0094264511,21.9359813399999
13586.5546408152,21.81832281
13590.0998551793,21.83699562
13593.6450695433,20.87979744
13597.1902839074,18.51365144
13600.7354982715,18.3649791700015
13604.2807126355,19.66216756
13607.8259269996,19.5639603400001
13611.3711413637,19.55025383
13618.4615700918,19.55104049
13625.5519988199,18.4876950799984
13632.6424275481,17.10562364
13639.7328562762,16.255930230001
13643.2780706403,16.49098418
13646.8232850044,17.37863902
13650.3684993684,17.3201486000014
13657.4589280966,18.54442487
13664.5493568247,21.3500009699968
13668.0945711888,22.83362308
13671.6397855528,22.92155132
13675.1849999169,22.9452895000007
13678.730214281,23.58496083
13682.275428645,24.9045894099985
13685.8206430091,30.00754977
13689.3658573732,39.1915433
13691.1384645553,49.1907419100065
13692.9110717373,54.87598846
13694.6836789193,57.4186329399971
13696.4562861013,56.54910345
13698.2288932833,50.80659869
13700.0015004654,44.6744734299959
13701.7741076475,41.06531821
13703.5467148295,40.218136730001
13707.0919291935,40.87609798
13710.6371435576,40.79266121
13714.1823579217,40.2947323499974
13717.7275722857,38.02957175
13721.2727866498,35.4996087600029
13724.8180010139,35.2121445
13728.363215378,36.23006498
13731.908429742,38.1438367000005
13735.4536441061,38.54450582
13738.9988584702,37.1814918900015
13742.5440728342,35.29127649
13746.0892871983,34.08604271
13749.6345015624,33.2928199900013
13753.1797159264,34.45511978
13756.7249302905,35.2617316799991
13760.2701446546,35.33694008
13763.8153590186,33.86652073
13767.3605733827,33.0070887800007
13770.9057877468,33.64413963
13774.4510021108,35.8846130999975
13777.9962164749,36.71951877
13781.541430839,34.15443884
13785.0866452031,30.8814110799962
13788.6318595671,27.53337985
13795.7222882953,24.913585160003
13802.8127170234,25.53916182
13809.9031457515,27.8527508
13816.9935744797,30.9496840000043
13824.0840032078,34.69050154
13831.1744319359,37.5790384099967
13838.2648606641,38.61966958
13845.3552893922,35.72373468
13850.1687533498,30.9131773999975
13854.8615586741,28.68611869
13859.5543639983,28.4556781700003
13864.2471693225,29.70032905
13866.5935719847,30.43495897
13868.9399746468,32.3546425700014
13871.2863773089,33.57542282
13873.632779971,35.1248516699982
13875.9791826331,35.13903497
13878.3255852953,34.1528624
13880.6719879574,34.0167249700015
13883.0183906195,35.30905627
13885.3647932816,35.6936374599996
13887.7111959437,35.85744452
13890.0575986059,34.6281869
13892.404001268,31.221147229995
13894.7504039301,26.83105624
13897.0968065922,24.175723770003
13899.4432092543,22.90752949
13904.1360145786,22.22896474
13908.8288199028,22.2243949400008
13913.5216252271,22.8985669
13918.2144305513,24.1487077899986
13922.9072358755,25.60055815
13927.6000411998,26.60543318
13929.9464438619,28.4947658400011
13932.292846524,29.48136947
13934.6392491861,29.8049853999996
13936.9856518483,31.67096327
13939.3320545104,34.04775613
13941.6784571725,37.1049244700015
13944.0248598346,38.38768126
13946.3712624967,39.8284727099984
13948.7176651589,39.7192542
13951.064067821,39.72143586
13955.7568731452,39.7402509399995
13960.4496784695,39.25597143
13965.1424837937,36.9594911600026
13967.4888864558,33.9146284
13969.8352891179,31.54236028
13972.1816917801,30.6970637900007
13974.5280944422,31.3376199
13976.8744971043,33.9241031100025
13979.2208997664,36.14133514
13981.5673024285,39.54645924
13983.9137050907,41.7691887400007
13986.2601077528,42.37811092
13988.6065104149,40.5114616899978
13990.952913077,38.61746174
13993.2993157391,34.59523953
13995.6457184013,33.2745508499985
13997.9921210634,31.9155883
14000.3385237255,32.9479837500017
14002.6849263876,34.44724553
14005.0313290497,36.03686842
14007.3777317119,37.7309908900034
14009.724134374,40.72301935
14012.0705370361,40.8195507499986
14014.4169396982,39.59685175
14016.7633423603,37.29728613
14019.1097450225,38.0210111100014
14021.4561476846,39.27244623
14022.6293490156,39.4487255499968
14023.8025503467,36.65995234
14024.9757516777,33.27773692
14026.1489530088,30.608508969999
14028.4953556709,29.71973569
14030.8417583331,28.4185978300001
14032.0149596642,28.52634819
14033.1881609952,30.96704865
14034.3613623263,34.612550530002
14035.5345636573,36.33471052
14036.7077649884,36.2447185900015
14037.8809663194,37.55447882
14039.0541676505,37.46186929
14040.2273689815,37.4210529100014
14042.5737716437,38.62607976
14044.9201743058,40.7705335100002
14047.2665769679,40.93286107
14049.61297963,42.3428458
14051.9593822921,45.4948374300011
14054.3057849543,46.49843083
14056.6521876164,45.5187444799983
14058.9985902785,44.01530273
14061.3449929406,39.5847644
14063.6913956027,36.3307747400009
14066.0377982649,37.14161598
14068.384200927,40.6201412300047
14070.7306035891,44.7753707
14071.9038049201,45.22850604
14073.0770062512,43.9398237299962
14074.2502075823,40.57596394
14075.4234089133,37.9004838099981
14076.5966102444,36.24521923
14077.7698115755,37.24816127
14078.9430129066,39.114772580002
14080.1162142376,40.90995982
14081.2894155687,42.5795034699972
14082.4626168997,40.0808181
14083.6358182308,36.04715948
14084.8090195618,34.1172107800005
14087.1554222239,34.57003733
14088.3286235549,33.5643014799975
14089.501824886,31.3373536
14090.6750262171,30.52818522
14091.8482275482,33.4514367000042
14094.1946302103,37.12582193
14096.5410328724,40.6950095800016
14098.8874355345,42.0865261
14101.2338381967,42.85498772
14103.5802408588,39.3819081999959
14104.7534421898,35.76513107
14105.9266435209,32.4358081099981
14108.273046183,30.76258548
14110.6194488451,32.36549998
14115.3122541694,31.713510439996
14117.6586568315,28.20743235
14122.3514621557,26.2804332500023
14127.04426748,28.2753928
14131.7370728042,31.97843803
14136.4298781284,34.3697593200009
14141.1226834527,35.18977836
14143.4690861148,33.6375416099975
14144.6422874459,31.41094951
14145.8154887769,30.81115005
14146.4020894424,30.6897521800019
14146.9886901079,32.36386876
14147.5752907735,34.108953709998
14148.161891439,32.37701028
14149.3350927701,28.69319887
14150.5082941012,27.976863820001
14151.6814954323,28.84990347
14152.8546967633,30.5442106100032
14154.0278980944,33.33145883
14155.2010994254,34.9250737
14156.3743007565,36.437395749999
14157.5475020875,35.5723567
14158.7207034186,33.6541344399993
14159.8939047496,33.00627191
14161.0671060807,33.39543811
14162.2403074118,32.7594376699978
14163.4135087428,30.85136851
14164.5867100739,30.7828411099999
14166.933112736,30.73393642
14169.2795153981,29.65747458
14171.6259180602,31.3149806700006
14173.9723207224,31.88477714
14176.3187233845,32.1284640600028
14178.6651260466,34.6293335
14181.0115287087,36.84409229
14182.1847300398,37.6464413999985
14183.3579313708,36.34631435
14184.5311327019,37.2954430700028
14185.704334033,39.72267266
14188.0507366951,40.83420333
14189.2239380262,39.9148295399993
14190.3971393572,39.27175752
14190.9837400227,39.7172761899993
14191.5703406883,39.08368075
14192.1569413538,38.62983907
14192.7435420193,38.5737648599995
14193.9167433503,38.11168439
14195.0899446814,37.4989081999996
14196.2631460125,37.17481881
14197.4363473436,35.62122903
14198.0229480091,34.1381834600028
14198.6095486747,36.57872507
14199.7827500057,39.4927124900037
14202.1291526678,42.74111018
14204.4755553299,45.12562391
14206.821957992,45.2655693099966
14209.1683606542,42.2616121
14211.5147633163,37.011211779998
14213.8611659784,35.25174295
14216.2075686405,34.15834985
14218.5539713026,32.8909232300001
14220.9003739648,33.01423466
14223.2467766269,33.00130495
14225.593179289,32.97665289
14227.9395819511,31.56044935
14230.2859846132,30.4730190800003
14232.6323872754,30.77274093
14234.9787899375,31.6035695399986
14237.3251925996,30.40110279
14238.4983939306,28.64352099
14239.6715952617,27.0385400399999
14240.2581959272,26.9189725
14240.8447965928,27.8446222200024
14241.4313972583,29.99366165
14242.0179979238,33.08901871
14242.6045985894,35.4668837100019
14243.1911992549,37.15888573
14244.364400586,37.5159587299978
14245.5376019171,35.61891525
14246.7108032481,35.26195398
14247.8840045791,35.5615649300036
14250.2304072412,38.71116318
14252.5768099034,39.7587932599986
14254.9232125655,38.57430027
14257.2696152276,36.68434809
14259.6160178897,36.3538174500013
14261.9624205519,37.53731076
14264.308823214,39.2866700500017
14266.6552258761,40.74106942
14269.0016285383,39.74896031
14271.3480312003,37.9230011399979
14273.6944338624,36.0756573
14276.0408365246,35.3310347100018
14278.3872391867,36.91515022
14280.7336418489,38.77342193
14283.0800445109,39.7681811699994
14285.426447173,39.26563611
14287.7728498351,37.5077143499972
14291.2924538284,35.00369566
14293.6388564905,34.92134226
14295.9852591526,37.1154678600043
14298.3316618147,40.873912
14300.6780644768,42.7643321100003
14303.024467139,43.05133482
14305.3708698011,43.07681867
14307.7172724632,43.0480680799999
14308.8904737943,42.93953307
14310.0636751253,41.8111648000016
14311.2368764564,43.19487011
14312.4100777874,43.08956754
14313.5832791185,42.2740740599996
14314.7564804496,41.89920033
14315.9296817807,40.3382996699991
14317.1028831117,39.57713647
14318.2760844428,40.95309254
14319.4492857738,40.3629219300003
14320.6224871048,40.63317506
14321.7956884359,43.1431873899995
14322.9688897669,42.71758851
14324.142091098,40.86641373
14325.3152924291,38.0983221799969
14326.4884937602,35.3940294
14327.6616950912,32.8253865899985
14328.8348964223,31.49244559
14330.0080977533,30.76185647
14331.1812990844,30.8333475700023
14332.3545004155,32.842878
14333.5277017465,33.3523140100009
14334.7009030776,34.12883681
14335.8741044086,31.94118783
14337.0473057397,29.9883716800002
14338.2205070708,30.13548008
14339.3937084019,31.3876015200006
14340.5669097329,31.90099184
14341.740111064,30.98940235
14342.913312395,30.7399466400013
14344.086513726,31.92762406
14345.2597150571,34.333752090002
14346.4329163882,36.12553921
14347.6061177192,37.93144731
14348.7793190503,41.1692689000043
14349.9525203814,44.97022514
14351.1257217124,47.2926011100001
14352.2989230435,47.38416035
14353.4721243745,45.19668825
14354.6453257056,41.9287300899973
14355.8185270367,39.51692608
14356.9917283677,40.7671078200022
14358.1649296988,42.68947943
14359.3381310298,43.08928296
14360.5113323609,42.2109511099984
14361.684533692,40.82080073
14362.8577350231,40.2860093100006
14364.0309363541,40.85264948
14366.3773390162,41.76548827
14368.7237416783,43.584724690002
14371.0701443404,45.38312572
14373.4165470026,45.9634633399993
14375.7629496647,45.36399299
14378.1093523268,45.09603135
14379.2825536579,44.11215697
14380.4557549889,44.07109251
14381.6289563199,44.5403302500009
14382.802157651,45.31694403
14383.9753589821,43.89304459
14385.1485603132,41.5054036699969
14386.3217616443,38.79232534
14387.4949629753,35.8979189499991
14388.6681643063,35.1408906
14389.8413656374,34.14801622
14390.4279663029,32.522191609998
14391.0145669685,30.73567508
14391.601167634,29.5657838499999
14392.1877682995,29.48024374
14392.774368965,29.57263353
14393.3609696306,31.7559993600016
14393.9475702961,33.2001256
14394.5341709616,33.3382548299983
14395.1207716271,31.83010719
14395.7073722927,31.26326021
14396.8805736238,28.1304183199995
14398.0537749548,27.70163454
14399.2269762859,29.2495448700018
14400.4001776169,30.81082189
14401.573378948,27.84195592
14402.7465802791,28.9875385900046
14403.9197816101,33.02184992
14405.0929829412,35.0658720699979
14406.2661842722,33.18017377
14407.4393856033,30.4377266
14408.6125869344,29.3516682699992
14409.7857882654,28.62877429
14410.9589895965,28.1964418400017
14412.1321909275,29.66212115
14413.3053922586,32.01459085
14413.8919929241,35.6625438700039
14414.4785935897,39.05298196
14415.0651942552,40.4484546100001
14415.6517949207,40.5565958
14416.2383955862,39.21454031
14416.8249962518,39.3546515999987
14417.4115969173,38.24927021
14417.9981975828,35.7269237499991
14418.5847982484,34.91791535
14419.1713989139,34.18331474
14421.517801576,32.0405685099976
14423.8642042381,29.89154583
14426.2106069003,28.1808534300001
14428.5570095623,28.25657347
14430.9034122245,28.21354059
14433.2498148867,28.9528015000005
14435.5962175487,29.37810369
14437.9426202109,29.3745011
14440.289022873,29.38312653
14442.6354255351,28.52598081
14444.9818281972,28.2064378600013
14447.3282308593,29.34162122
14449.7933650827,29.2268192200016
14452.4086914041,30.62376871
14455.0554782623,29.49401723
14457.7022651204,28.1147173699968
14460.3490519786,25.31401121
14462.9958388368,24.7004088900024
14465.6426256949,26.78181902
14468.289412553,29.91136461
14470.9361994112,32.1641980300006
14473.5829862694,32.67833443
14476.2297731276,32.1948397600002
14478.8765599857,32.38261192
14481.5233468439,33.30103848
14482.8467402729,32.085358979996
14484.170133702,28.59868186
14485.4935271311,27.1425879200008
14488.1403139892,27.80844215
14489.4637074183,29.72821712
14490.7871008474,30.4301917700014
14493.4338877056,31.68523454
14498.7274614219,31.5506651400011
14504.0210351382,32.48776617
14507.9912154254,32.68323342
14510.6380022836,32.7180629700012
14513.2847891418,33.78667652
14515.9315759999,35.2910348300014
14518.578362858,36.52688326
14521.2251497162,37.28891015
14522.5485431453,35.968459099999
14523.8719365743,35.07445153
14525.1953300034,34.5784535599978
14525.857026718,32.67181278
14526.5187234325,31.95238303
14527.1804201471,30.8748560699989
14527.8421168616,29.94132986
14528.5038135762,30.3677268999987
14529.1655102907,29.24196087
14530.4889037198,29.47191524
14531.8122971488,28.3395187000012
14533.1356905779,29.38331837
14535.7824774361,29.2450638600015
14538.4292642942,30.59566129
14541.0760511524,30.46371521
14543.7228380105,29.7646438799994
14546.3696248687,29.2056114
14549.0164117269,27.7542180399988
14551.663198585,26.67233986
14556.9567723013,24.86045095
14562.2503460176,25.8200408100006
14567.543919734,26.34484087
14572.8374934503,27.6983644899995
14578.1310671666,27.23334053
14583.4246408829,28.44589055
14588.7182145992,29.7621240900021
14591.3650014574,31.63699073
14594.0117883155,32.8161029800012
14596.6585751737,33.84805814
14599.3053620318,33.78593479
14601.95214889,33.7902394399978
14604.5989357482,31.87570595
14605.9223291772,31.6605300799988
14607.2457226063,30.57400513
14608.5691160354,31.08637576
14609.8925094645,31.5724031699996
14611.2159028936,31.18381468
14612.5392963226,29.0005054199972
14613.8626897517,26.53502778
14615.1860831808,23.91360857
14616.5094766098,23.2980892300018
14617.8328700389,24.84247116
14619.156263468,26.9308227800022
14620.4796568971,28.90689107
14621.8030503262,30.2765662
14623.1264437553,29.9572080999993
14624.4498371844,29.33090154
14625.7732306134,28.1417929000011
14627.0966240425,29.12019504
14627.758320757,30.94295112
14628.4200174716,33.5980613700028
14629.0817141861,36.09511284
14629.7434109006,36.5239849499994
14630.0742592579,36.02742066
14630.4051076152,34.82796515
14630.7359559724,34.0272816599982
14631.0668043297,32.43088056
14631.397652687,31.6204058499988
14631.7285010443,30.5392999
14632.0593494015,29.47237535
14632.3901977588,30.4305432400013
14632.7210461161,31.55982983
14633.0518944733,29.1533487499963
14633.3827428306,25.86168739
14633.7135911879,23.99684295
14634.0444395452,25.4583152000024
14634.3752879024,27.54281564
14634.7061362597,30.2355051400015
14635.0369846169,31.54386654
14635.6986813315,31.57325933
14636.360378046,31.5890013599998
14637.0220747606,31.43726001
14637.6837714751,33.6990796300026
14638.3454681897,36.01991563
14639.0071649042,37.90038269
14639.6688616188,38.1852987300006
14640.3305583333,38.68995549
14640.9922550478,38.8335657199986
14641.6539517624,37.55860702
14642.3156484769,35.71435
14642.9773451914,34.095003439999
14643.639041906,33.23802418
14644.3007386205,32.6230822599969
14644.9624353351,29.87297688
14645.6241320496,26.68717523
14646.2858287641,27.4227101600033
14646.9475254787,30.32454802
14647.6092221932,31.7727669999985
14648.2709189077,30.41933972
14649.5943123368,28.23855208
14650.9177057659,27.9837581499982
14652.241099195,26.40087777
14653.5644926241,28.1466100300041
14654.2261893386,31.73907767
14654.8878860531,35.79854955
14655.5495827676,35.2861262499968
14656.2112794822,32.5033665
14656.8729761967,30.4483741400023
14657.5346729113,32.45579025
14658.1963696258,36.78219007
14658.8580663404,37.1515030199984
14659.5197630549,35.71086109
14660.1814597695,32.0975027599959
14660.843156484,28.50503508
14661.5048531985,26.16424806
14662.1665499131,26.6837836599996
14662.8282466276,26.30427494
14663.4899433422,25.7080593899991
14664.1516400567,24.93113972
14664.482488414,25.65208342
14664.8133367712,26.2680978400037
14665.1441851285,29.53475903
14665.4750334858,34.393785689999
14666.1367302003,33.52585888
14666.7984269149,28.91273004
14667.4601236294,25.295642529999
14668.1218203439,24.37727077
14668.7835170585,26.5594942000023
14669.445213773,28.57574969
14670.1069104876,29.37339922
14670.7686072021,28.9524215699971
14671.4303039166,26.42697678
14672.0920006311,24.1407828400001
14673.4153940602,24.23524758
14676.0621809184,25.48933804
14678.7089677766,25.47841661
14681.3557546347,25.47480806
14684.0025414929,25.5175004699994
14689.2961152092,24.99088164
14694.5896889255,23.72624396
14699.8832626418,24.215022390002
14705.1768363581,25.95169892
14710.4704100744,27.7421792800005
14715.7639837908,28.22676188
14721.0575575071,28.94714501
14726.3511312234,30.41936434
14728.9979180815,30.41470672
14731.6447049397,31.2088941900017
14734.2914917979,32.67435683
14736.938278656,31.82671395
14739.5850655142,32.2490431600034
14742.2318523723,35.26082623
14744.8786392305,35.1555955499985
14745.540335945,33.80530078
14746.2020326596,33.80285538
14746.8637293741,33.7989887299996
14747.5254260886,33.45869125
14748.1871228032,30.1589640499978
14748.8488195177,28.21036149
14749.5105162323,28.61745778
14750.1722129468,29.2877925099982
14751.4956063759,27.74197418
14752.818999805,25.2232367799996
14754.1423932341,24.86956058
14755.4657866631,23.86944237
14756.7891800922,23.8629156400001
14758.1125735213,23.91414859
14759.4359669503,25.0167243900003
14760.7593603794,25.25060916
14762.0827538085,27.14152986
14763.4061472376,29.0341152100003
14766.0529340957,29.29875209
14768.6997209539,30.2970953200014
14771.3465078121,31.55677695
14773.9932946702,32.79237945
14776.6400815284,31.8187988199987
14779.2868683865,30.63388306
14781.9336552447,29.3614991899999
14784.5804421028,29.29100551
14787.227228961,30.92589879
14789.8740158192,33.1524366100005
14792.5208026773,33.6165204
14795.1675895355,31.9159029199964
14797.8143763936,28.76923616
14800.4611632518,25.43961377
14803.1079501099,24.9606917000017
14805.7547369681,26.48453366
14808.4015238263,26.4404396499995
14811.0483106844,26.03175532
14812.3717041135,26.04123756
14813.6950975426,26.0651536999994
14815.0184909716,25.5269829
14816.3418844007,26.1169145399999
14817.6652778298,26.04593293
14818.9886712589,25.69655682
14820.312064688,24.8673215500006
14821.635458117,25.43608658
14822.9588515461,27.0843989899984
14824.2822449752,25.71239749
14825.6056384043,23.04331686
14826.9290318334,19.6593552299977
14828.2524252624,17.67914239
14829.5758186915,16.2891917600007
14830.8992121206,16.88056104
14832.2226055497,17.17862835
14833.5459989788,17.2964708299985
14834.8693924078,15.9675405
14836.1927858369,16.4043298300049
14837.516179266,20.70301786
14838.839572695,25.7977878
14840.1629661241,28.4614713300024
14841.4863595532,30.54186545
14842.8097529823,31.5715407000001
14844.1331464114,31.69784304
14845.4565398405,30.54982895
14846.7799332696,32.558612190002
14848.1033266986,34.32991099
14849.4267201277,36.0679509499999
14850.7501135568,36.0025968
14852.0735069859,36.04341632
14853.3969004149,35.4504846699994
14854.720293844,34.88635619
14856.0436872731,35.014620410001
14857.3670807022,35.92174116
14858.6904741312,37.29283091
14860.0138675603,35.7710963499974
14861.3372609894,33.4507896
14862.6606544185,32.9282833600036
14863.9840478476,36.08706877
14865.3074412766,39.75211648
14866.6308347057,41.5703651500006
14867.9542281348,42.10563098
14869.2776215639,40.122513019997
14870.601014993,37.50955027
14871.924408422,36.97750177
14873.2478018511,39.1022517299969
14874.5711952802,36.41201309
14875.8945887092,32.2384951999972
14877.2179821383,29.75870983
14878.5413755674,30.43837193
14879.8647689965,29.5922983899976
14881.1881624256,27.50779859
14882.5115558547,28.4165709200041
14883.8349492838,32.03208398
14885.1583427128,34.96002668
14886.4817361419,34.7518257200028
14887.805129571,37.18991407
14889.128523,39.2904351700015
14890.4519164291,40.5640035
14891.7753098582,39.7255836
14893.0987032873,37.2692302099993
14894.4220967163,36.60538689
14895.7454901454,35.9263651599997
14897.0688835745,35.67922925
14898.3922770036,37.30588066
14901.0390638618,39.3209453000003
14903.6858507199,39.58532872
14906.3326375781,37.4430589599979
14908.9794244362,35.57811648
14911.6262112944,36.41538206
14914.2729981525,40.2092577900044
14916.9197850107,44.04937249
14919.5665718689,43.7184516499944
14922.213358727,38.765301
14924.8601455852,35.15686439
14927.5069324433,35.169081140001
14930.1537193015,36.04064283
14932.8005061596,36.1446581399986
14935.4472930178,34.87339362
14938.094079876,33.60218891
14940.7408667341,32.2663619699992
14943.3876535923,31.5934084
14946.0344404504,32.4319155000017
14948.6812273086,33.92920931
14951.3280141667,33.69754539
14953.9748010249,36.8721629300045
14956.6215878831,40.7907881
14959.2683747412,41.2157516199968
14961.9151615994,38.40659565
14964.5619484575,35.40176904
14965.8853418866,35.220090280001
14967.2087353157,36.05624242
14968.5321287447,36.0031914199994
14969.8555221738,35.51825569
14971.1789156029,32.93090193
14972.502309032,30.1716008799993
14973.8257024611,29.54888897
14975.1490958902,30.5232242200001
14976.4724893193,30.64750438
14977.7958827483,30.48222256
14979.1192761774,33.6853576600035
14980.4426696065,36.7641814
14981.8560827107,38.9313685300005
14983.269495815,39.34995306
14986.0967666482,39.34694563
14987.5104020648,39.356585889999
14988.9240374814,38.49991779
14990.337672898,38.25467829
14991.7513083145,38.23164401
14993.1649437311,38.8749887
14994.5785791477,40.0246478300001
14995.9922145642,40.10215102
14997.4058499808,35.4448885299954
14998.8194853974,31.44003494
15000.233120814,31.26892919
15001.6467562305,34.5315236700017
15003.0603916471,36.01238945
15004.4740270637,34.6372305899977
15005.8876624803,32.58767692
15007.3012978968,31.7053888
15008.7149333134,32.1820697100006
15011.5422041466,32.67613957
15014.3694749798,32.3570509199969
15017.1967458129,29.58596975
15020.0240166461,26.55811811
15022.8512874792,24.1217532600001
15025.6785583124,24.18601632
15027.092193729,26.950203070003
15028.5058291455,29.57002815
15029.9194645621,29.48781375
15031.3330999787,31.3356806700017
15032.7467353953,32.81608745
15034.1603708119,32.1012450699998
15035.5740062284,31.88915871
15036.987641645,34.00356526
15038.4012770616,37.5564631200022
15039.8149124782,39.49381818
15041.2285478947,38.5796824199962
15042.6421833113,35.2145988
15044.0558187279,34.0307477
15045.4694541445,35.0012606600012
15046.883089561,36.09362676
15048.2967249776,36.3362102800009
15049.7103603942,37.1407948
15051.1239958108,36.01753657
15052.5376312274,33.5013784199986
15053.951266644,32.23263201
15055.3649020606,31.7100208500019
15056.7785374771,33.36780255
15058.1921728937,36.15991617
15059.6058083103,36.9152808599965
15061.0194437268,33.8658839
15062.4330791434,30.8587436299981
15063.84671456,29.20165321
15065.2603499766,28.28620802
15066.6739853931,29.314374860002
15068.0876208097,31.11447733
15070.9148916429,31.7058788699984
15073.7421624761,30.33368187
15075.1557978926,30.47597078
15076.5694333092,28.991012759998
15077.9830687258,27.24479101
15079.3967041424,25.9999390599999
15080.810339559,25.8987929
15082.2239749755,27.95101207
15083.6376103921,30.5425843800034
15085.0512458087,33.5113613
15086.4648812253,32.1133968099984
15087.8785166418,30.70103641
15089.2921520584,29.19523822
15090.705787475,30.3986418200002
15092.1194228916,30.54315518
15093.5330583082,29.2093622699999
15094.9466937248,29.10455884
15096.3603291413,32.71768849
15097.7739645579,36.6226784499999
15099.1875999745,36.49045791
15100.6012353911,33.7736841099987
15102.0148708076,32.66833658
15104.8421416408,32.67077992
15107.6694124739,32.6464996500011
15110.4966833071,33.62021434
15113.3239541403,33.7856394299993
15116.1512249734,33.17144969
15118.9784958066,30.07721125
15121.8057666397,26.5254668299982
15124.6330374729,24.94200598
15127.460308306,25.1054720200026
15130.2875791392,27.40625122
15133.1148499724,29.29282762
15135.9421208055,27.4562629299977
15138.7693916387,25.40544108
15141.5966624718,25.6158686900018
15144.423933305,27.20965421
15147.2512041381,27.16893525
15150.0784749713,25.9535226500002
15152.9057458045,26.09967789
15155.7330166376,24.6350913999978
15158.5602874708,22.72427702
15161.3875583039,21.5699093
15164.2148291371,22.4222384100013
15167.0420999702,23.53099142
15169.8693708034,26.5675750600025
15172.6966416366,28.78074734
15175.5239124697,32.56225776
15178.3511833029,34.2111455900006
15181.178454136,34.74237425
15184.0057249692,33.0907906199983
15186.8329958023,31.62341108
15189.6602666355,32.56401695
15192.4875374686,34.3711064500048
15195.3148083018,38.61226612
15198.142079135,41.1719294099987
15200.9693499681,40.02361935
15203.7966208013,38.32125595
15206.6238916344,35.2101246199981
15209.4511624676,33.53879859
15212.2784333007,30.8405814099976
15215.1057041339,28.75830886
15217.9329749671,27.04740919
15220.7602458002,27.1923498899988
15223.5875166334,26.14421923
15226.4147874665,24.2435609199995
15229.2420582997,23.84249878
15232.0693291328,23.81817815
15234.896599966,23.78635313
15237.7238707992,23.76581522
15240.5511416323,21.65480682
15243.3784124655,21.6277107
15246.2056832986,21.57332432
15249.0329541318,23.2287313900045
15251.8602249649,27.18400521
15254.6874957981,31.1625907100033
15257.5147666313,34.03890443
15260.3420374644,32.54200395
15263.1693082976,29.2934326499974
15265.9965791307,26.98289703
15267.4102145473,27.6655798200038
15268.8238499639,31.02327374
15271.651120797,34.08099293
15274.4783916302,34.9816570299995
15277.3056624634,34.53939676
15280.1329332965,35.5786212400028
15282.9602041297,38.03478203
15285.7874749628,37.95126471
15288.614745796,35.483166669998
15291.4420166291,33.70338109
15294.2692874623,32.0073218300012
15297.0965582955,33.0762632
15299.9238291286,34.8947623
15302.7510999618,36.7083457300016
15305.5783707949,38.15535433
15308.4056416281,38.21860393
15311.2329124612,38.228177
15314.0601832944,38.25730995
15316.8874541276,38.4572521100018
15319.7147249607,40.03231229
15322.5419957939,41.2031117700029
15325.369266627,43.77543715
15328.1965374602,47.02159025
15331.0238082933,49.7645061000021
15333.8510791265,51.6467231
15336.6783499597,50.160528419998
15339.5056207928,48.36294812
15342.332891626,44.39573822
15345.1601624591,39.895925829995
15347.9874332923,35.52784551
15350.8147041254,33.9290751599999
15353.6419749586,33.80534482
15356.4692457918,35.1107093
15359.2965166249,35.0679439499976
15362.1237874581,32.97980057
15364.9510582912,29.9196340999981
15367.7783291244,28.23275395
15370.6055999575,29.24116399
15373.4328707907,30.5678530399998
15374.8465062073,30.42241763
15376.2601416238,28.2066911600007
15377.6737770404,28.8065704
15379.087412457,31.06582203
15380.5010478736,33.489219900002
15381.9146832902,35.20599882
15384.7419541233,33.4497458099956
15387.5692249565,29.54022848
15390.3964957896,27.94654679
15393.2237666228,30.6282290100042
15396.0510374559,34.31365696
15398.8783082891,34.8713538399981
15401.7055791223,33.21886274
15404.5328499554,31.78733455
15407.3601207886,31.9776206400028
15410.1873916217,34.47485447
15413.0146624549,36.265577690002
15415.841933288,38.02023941
15418.6692041212,38.36680171
15421.4964749544,38.2521718100015
15424.3237457875,39.55172489
15427.1510166207,39.4948011899989
15429.9782874538,38.54560668
15432.805558287,36.08958285
15435.6328291201,35.1016307699986
15438.4600999533,33.86610954
15441.2873707865,32.8756748099999
15444.1146416196,32.82433991
15445.5282770362,32.75451718
15446.9419124528,31.4180164199972
15447.6487301611,28.95185781
15448.3555478694,27.2104858400004
15449.0623655776,27.53176294
15449.7691832859,30.12816884
15450.4760009942,34.3039179900062
15451.1828187025,39.74615238
15451.8896364108,44.281914090001
15452.5964541191,45.12807875
15453.3032718274,43.46343522
15454.0100895356,41.0641057299981
15454.7169072439,39.40563912
15455.4237249522,37.3055155999968
15456.1305426605,34.50923047
15456.8373603688,33.15263491
15457.5441780771,35.4390728700031
15458.2509957854,38.14908078
15458.9578134937,39.6703981699985
15459.664631202,38.32406389
15460.3714489103,37.55099242
15461.0782666186,36.4673657899996
15461.7850843269,36.13986428
15462.4919020352,34.8895784499978
15463.1987197434,32.96872914
15463.9055374517,33.21849853
15465.3191728683,35.673673740001
15466.7328082849,36.52306122
15468.1464437015,33.2726869199985
15469.560079118,31.9191628
15472.3873499512,35.11712695
15473.8009853678,39.0366662300009
15475.2146207843,39.8204671
15476.6282562009,37.914673809997
15478.0418916175,35.24496245
15479.4555270341,32.66615526
15480.8691624507,33.6781917500021
15482.2827978673,35.51934664
15483.6964332838,36.6798855999995
15485.1100687004,36.22040544
15486.523704117,34.96636897
15487.9373395335,33.986530349998
15489.3509749501,32.18826318
15490.7646103667,30.4581597000012
15492.1782457833,31.53730352
15495.0055166164,32.91779635
15497.8327874496,35.7509274800019
15500.6600582828,37.41442036
15503.4873291159,35.6558066199993
15506.3145999491,35.03680221
15507.7282353656,33.1609291
15509.1418707822,32.0606044500006
15510.5555061988,32.62006484
15511.9691416154,34.644193840003
15513.3827770319,37.32465929
15514.7964124485,37.31651779
15516.2100478651,35.6617059799986
15517.6236832817,34.47021678
15519.0373186983,33.1498498799996
15520.4509541148,32.8350064
15521.8645895314,32.78589657
15523.278224948,32.2215842399994
15524.6918603646,31.71358954
15526.1054957812,31.68761459
15527.5191311978,31.68039234
15528.9327666143,31.68102634
15530.3464020309,30.8291367199983
15531.7600374475,29.35036007
15533.173672864,29.9433848300033
15534.5873082806,32.87013612
15536.0009436972,36.41730303
15537.4145791138,37.7598926399986
15538.8282145304,36.54255119
15540.241849947,34.3818004599973
15541.6554853635,32.03427582
15543.0691207801,30.63952055
15544.4827561967,31.1529674799986
15545.8963916133,29.96172804
15547.3100270299,29.0358024000022
15548.7236624464,30.98205159
15550.137297863,31.56599594
15551.5509332796,29.9400826699994
15554.3782041127,29.4541235
15557.2054749459,29.5097777699987
15560.0327457791,28.39846021
15562.8600166122,25.35717842
15565.6872874454,24.5877359000027
15568.5145582785,26.99498296
15571.3418291117,29.1219697299983
15572.7554645283,27.62126058
15574.1690999448,24.79963426
15575.5827353614,23.8743128300038
15576.996370778,27.25941545
15578.4100061946,29.2523463799977
15579.8236416111,27.21020553
15581.2372770277,23.53126671
15582.6509124443,23.0503376000011
15584.0645478609,24.05328423
15585.4781832775,25.4933127100012
15586.8918186941,26.57843516
15588.3054541106,27.81480591
15589.7977598838,29.0385209300018
15591.290065657,30.64302582
15593.0720629484,31.0753375800006
15594.8540602398,31.63743628
15596.6360575312,33.02958204
15598.4180548225,34.772952810003
15600.2000521139,37.40847371
15601.9820494053,40.7607563400049
15603.7640466967,45.03025962
15605.5460439881,46.95454423
15607.3280412795,46.7629198699969
15609.1100385708,44.00730382
15610.8920358622,42.0367152199979
15612.6740331536,40.1949832
15614.4560304449,38.0352232
15616.2380277363,37.1977734799987
15618.0200250277,36.01163514
15619.8020223191,36.7498298799999
15621.5840196104,36.69390491
15623.3660169018,36.33166019
15625.1480141932,36.0492293499994
15626.9300114846,35.5317145
15628.712008776,36.2678066200033
15630.4940060674,39.13350083
15632.2760033588,40.86076908
15634.0580006501,41.4243475699978
15635.8399979415,39.47217189
15637.6219952329,39.4073003100018
15639.4039925243,40.97460694
15641.1859898156,41.66341303
15642.967987107,43.2052387600001
15644.7499843984,43.29999485
15646.5319816898,42.4929804299978
15648.3139789811,40.51957165
15650.0959762725,39.45060264
15651.8779735639,39.3910115700016
15652.7689722096,40.79926824
15653.6599708553,41.7175364999962
15654.550969501,38.37926216
15655.4419681467,31.53452732
15656.3329667924,27.0094164999995
15657.2239654381,26.55449225
15658.1149640837,27.8324333200008
15659.0059627294,28.49368157
15660.7879600208,27.02906948
15662.5699573122,28.8375118500021
15664.3519546035,30.69135832
15666.1339518949,31.7374602199994
15667.9159491863,31.24790401
15669.6979464777,30.56084294
15671.4799437691,30.6428926700021
15673.2619410605,32.46604461
15675.0439383518,35.0537440700031
15676.8259356432,37.79002461
15678.6079329346,39.12533021
15680.389930226,38.7279434399996
15682.1719275174,38.35002035
15683.9539248087,38.1774750199973
15685.7359221001,35.77534571
15687.5179193915,31.01012751
15689.2999166828,29.4897347800025
15691.0819139742,31.71341301
15692.8639112656,35.7042442100042
15694.645908557,39.41494693
15696.4279058483,38.58885032
15698.2099031397,34.5811455599971
15701.7738977225,32.07060658
15703.5558950139,31.4345563500032
15705.3378923053,34.20796066
15707.1198895966,37.85709538
15708.901886888,36.8336626599949
15710.6838841794,32.38351743
15712.4658814708,27.4075945199969
15714.2478787622,24.67462809
15716.0298760535,22.87271156
15717.8118733449,24.7765796500027
15719.5938706363,27.16758183
15721.3758679277,29.5263860199999
15723.1578652191,29.40469211
15724.9398625104,30.30989608
15726.7218598018,32.7382939700021
15728.5038570932,34.60064501
15730.2858543846,35.6985440200006
15732.067851676,36.22940377
15733.8498489673,34.68372602
15735.6318462587,33.8113386199988
15737.4138435501,32.7445908
15738.3048421958,32.7784521600006
15739.1958408415,33.34243886
15740.0868394871,36.38665876
15740.9778381328,39.0860646900016
15741.8688367785,40.50442844
15742.7598354242,41.1442275599998
15743.6508340699,40.99685229
15744.5418327156,36.98236482
15745.4328313613,32.4124217999979
15746.323830007,30.59064961
15747.2148286527,33.2662640700036
15748.1058272984,36.46706682
15748.9968259441,36.2772816
15749.8878245897,32.728183229996
15750.7788232354,29.18916355
15751.6698218811,28.7169217600023
15752.5608205268,30.70584581
15753.4518191725,32.84333078
15754.3428178182,35.0227831700033
15755.2338164639,37.907001
15756.1248151096,40.5638524299982
15757.0158137552,39.02151265
15757.9068124009,34.04272815
15758.7978110466,31.7580558000019
15759.6888096923,33.43326915
15760.579808338,33.9223739199991
15761.4708069837,33.12941305
15762.3618056294,33.07798261
15763.2528042751,35.5076462800028
15764.1438029207,38.01038214
15765.0348015664,38.1980082699978
15765.9258002121,36.24228027
15766.8167988578,36.12374652
15767.7077975035,36.7668454500006
15768.5987961492,37.28262749
15769.4897947949,37.3273337899987
15770.3807934406,36.15672312
15771.2717920863,35.85277871
15772.162790732,37.7591600400031
15773.0537893777,40.47752823
15773.9447880234,42.3539774400005
15774.8357866691,42.80357645
15775.7267853147,42.49068217
15776.6177839604,39.7631934799958
15777.5087826061,36.1113307
15778.3997812518,33.7291466999992
15779.2907798975,33.03146883
15780.1817785432,34.35724756
15781.0727771889,37.6913595700021
15781.9637758346,39.5800892
15782.8547744802,38.2115495999968
15783.7457731259,35.41657095
15784.6367717716,33.94454018
15785.5277704173,35.0876805199997
15786.418769063,34.80797197
15787.3097677087,32.8473092300002
15788.2007663544,33.01424432
15789.0917650001,35.42822506
15789.9827636457,39.0414467500035
15790.8737622914,42.13417447
15791.7647609371,41.5846202199961
15792.6557595828,38.14624657
15793.5467582285,38.11497916
15794.4377568742,39.9850520800018
15795.3287555199,41.56099603
15796.2197541656,41.7158313599991
15797.1107528113,40.89194341
15798.001751457,36.54569906
15798.8927501027,31.459382409999
15799.7837487484,30.58849375
15800.674747394,30.9487430900008
15801.5657460397,31.69509693
15802.4567446854,31.77073769
15803.3477433311,31.1721574600012
15804.2387419768,32.20700706
15805.1297406225,32.0502133499982
15806.0207392682,30.44017477
15806.9117379138,30.54609857
15807.8027365595,29.1719754499991
15808.6937352052,28.3514396
15809.5847338509,28.335628340001
15810.4757324966,29.21287422
15811.3667311423,30.52908491
15812.257729788,31.2500105500042
15813.1487284337,34.93702729
15814.0397270793,39.8499768700044
15814.930725725,43.69029071
15815.8217243707,41.60366246
15816.7127230164,38.2485778999976
15817.6037216621,36.16512406
15818.4947203078,34.9976689800014
15819.3857189535,36.1914524
15820.2767175992,37.22478208
15821.1677162449,38.5622001100031
15822.0587148906,41.32522151
15822.9497135363,43.3678887499969
15823.840712182,40.64845966
15824.7317108277,37.5408219
15825.6227094733,36.6467379500019
15826.513708119,38.34133068
15827.4047067647,37.1763671699995
15828.2957054104,36.72949052
15829.1867040561,37.26335128
15830.0777027018,38.5572408400043
15830.9687013475,42.31035055
15831.8596999931,42.9272107599967
15832.7506986388,40.04716735
15833.6416972845,38.44532824
15834.5326959302,39.0118093199989
15835.4236945759,38.04213403
15836.3146932216,35.14895199
15837.2056918673,35.17557822
15838.096690513,37.569953
15838.9876891587,39.172107550001
15839.8786878043,40.03319115
15840.76968645,38.9971641200007
15841.6606850957,39.58773436
15842.5516837414,38.50638617
15843.4426823871,35.7945910899969
15844.3336810328,33.06033515
15846.1156783242,31.2313338999993
15847.8976756156,30.61851931
15849.6796729069,29.42777637
15851.4616701983,28.1402489599986
15853.2436674897,26.91783768
15855.0256647811,26.1040656800012
15856.8076620725,27.16013563
15858.5896593638,30.33571978
15862.1536539466,31.661997719999
15865.7176485294,30.75819353
15869.2816431121,31.828058920002
15872.8456376949,33.59800177
15876.4096322776,30.02820061
15879.9736268604,25.6383048499985
15883.5376214431,24.32436428
15887.1016160259,25.9420535300025
15890.6656106087,28.18430494
15894.2296051914,29.53835376
15897.7935997742,29.4002781399979
15901.3575943569,27.58063997
15904.9215889397,25.1035682799986
15908.4855835224,23.90567379
15912.0495781052,25.8284574
15915.613572688,26.0959077700001
15917.3955699793,26.2029574
15919.1775672707,24.9109283100001
15920.9595645621,25.01995052
15922.7415618535,24.95512934
15924.5235591449,25.4379300799995
15926.3055564362,25.02751839
15928.0875537276,26.0209177000004
15929.869551019,26.39287791
15931.6515483103,27.26417978
15933.4335456017,27.2272452799999
15935.2155428931,27.12838379
15936.9975401845,25.2596740899983
15938.7795374759,23.77515026
15940.5615347673,24.49504844
15942.3435320587,25.2996269100028
15944.12552935,27.73323491
15945.9075266414,28.3226813900014
15947.6895239328,29.53096612
15949.4715212241,30.16259438
15951.2535185155,30.6169642700005
15953.0355158069,31.04402551
15954.8175130983,31.6164926799988
15956.5995103896,30.54502393
15958.381507681,30.91097123
15960.1635049724,31.7041595099983
15961.9455022638,30.22998076
15962.8365009095,27.4970011299985
15963.7274995552,26.21905823
15964.6184982009,25.6852728
15965.5094968466,27.3011171699998
15967.291494138,27.14031338
15969.0734914293,28.7571479400021
15970.8554887207,30.57797857
15972.6374860121,29.62416294
15974.4194833034,29.6444944100023
15976.2014805948,31.67141306
15977.9834778862,29.9946174299981
15979.7654751776,28.29483918
15981.547472469,28.37398017
15983.3294697603,28.4263000999986
15985.1114670517,27.21353068
15986.8934643431,26.0853588100002
15988.6754616345,26.25303165
15990.4574589259,27.14545105
15991.3484575716,29.5618619500019
15992.2394562172,31.26629359
15993.1304548629,32.1178300000008
15994.0214535086,32.85708664
15994.9124521543,32.81528488
15995.8034508,32.0257562599998
15996.6944494457,31.82073162
15997.5854480914,33.2823476300018
15998.4764467371,34.89134105
15999.3674453827,35.13579414
16000.2584440284,35.098307020001
16001.1494426741,35.93918342
16002.0404413198,36.2054287500011
16002.9314399655,37.17598132
16003.8224386112,39.38376874
16004.7134372569,41.1090262600026
16005.6044359026,43.35964545
16006.4954345483,43.9580287200016
16007.386433194,45.38528834
16008.2774318397,47.99754621
16009.1684304854,51.305775640003
16010.059429131,53.93164945
16010.9504277767,56.0322654000008
16011.8414264224,56.71498253
16012.7324250681,55.99150254
16013.6234237138,57.3341094300005
16014.5144223595,57.80623849
16015.4054210052,57.3850753000019
16016.2964196509,59.06696599
16017.1874182966,59.13294173
16018.0784169422,57.1921718399975
16018.9694155879,55.03611619
16019.8604142336,54.5429614199952
16020.7514128793,50.35955201
16021.642411525,45.38070514
16022.5334101707,39.6478110599983
16023.4244088164,38.15083353
16024.315407462,35.854539809996
16025.2064061077,32.35198677
16026.0974047534,29.39032471
16026.9884033991,28.3321335600004
16027.8794020448,28.65003484
16028.7704006905,29.5037169899995
16029.6613993362,29.09992924
16030.5523979819,30.81436437
16031.4433966276,32.2080788899984
16032.3343952733,30.80378283
16033.225393919,27.0714351099985
16034.1163925647,25.71060823
16035.0073912103,28.85887737
16035.898389856,26.7829416799954
16036.7893885017,22.72308339
16037.6803871474,22.4339135500021
16038.5713857931,24.3158777
16039.4623844388,26.43549931
16040.3533830845,32.1569194500089
16041.2443817302,39.96123427
16042.1353803759,44.4929484800006
16043.0263790215,45.03651316
16043.9173776672,46.85475897
16044.8083763129,51.3932681300029
16045.6993749586,53.93597974
16046.5903736043,53.9789188299992
16047.48137225,53.29529842
16049.2633695413,52.34038427
16051.0453668327,52.0736656899989
16052.8273641241,51.11662579
16054.6093614155,47.4758028599962
16056.3913587069,44.11619787
16058.1733559983,44.89199043
16059.9553532897,47.2737096800027
16061.737350581,49.62313581
16062.6283492267,48.6748653399973
16063.5193478724,46.32669062
16064.4103465181,46.15109144
16065.3013451638,46.0997926300009
16066.1923438095,46.91531388
16067.0833424551,47.7948118200008
16067.9743411008,48.50763711
16068.8653397465,45.01678503
16069.7563383922,40.2553111799939
16070.6473370379,34.87271216
16071.5383356836,31.797125359997
16072.4293343293,29.14755587
16073.320332975,27.35307887
16074.2113316207,27.2759070800016
16075.1023302663,28.68300456
16075.993328912,26.9659272699968
16076.8843275577,24.14356989
16077.7753262034,22.85176554
16078.6663248491,23.7620805500022
16079.5573234948,25.66041901
16080.4483221405,26.2009283099984
16081.3393207862,24.76422447
16082.2303194319,23.17459729
16083.1213180776,20.1977887999988
16084.0123167233,19.16032764
16084.9033153689,19.6102168399999
16085.7943140146,19.53504714
16086.6853126603,19.44058205
16088.4673099517,20.7171197099999
16090.2493072431,20.65043035
16092.0313045344,20.7009883699993
16093.8133018258,20.11976474
16095.5952991172,20.48527093
16097.3772964086,20.7892285199999
16099.1592936999,20.73624772
16100.9412909913,20.4695895699989
16102.7232882827,19.52442352
16104.5052855741,19.55865531
16106.2872828655,19.6318447400024
16108.0692801569,21.7831904
16109.8512774482,23.1285403499976
16111.6332747396,20.99941649
16113.415272031,19.64464246
16115.1972693224,19.6817430899984
16116.9792666138,18.3169901
16118.7612639051,17.0501400199981
16120.5432611965,15.3642019
16122.3252584879,15.10706646
16125.8892530706,17.906036740002
16129.4532476534,19.64314416
16133.0172422362,19.504215450002
16136.5812368189,21.30155708
16140.1452314017,23.13160621
16143.7092259844,23.699967109997
16145.4912232758,21.0471733
16147.2732205672,18.3331255299995
16149.0552178586,17.93332165
16150.83721515,20.74168293
16152.6192124414,24.4909547500008
16154.4012097327,25.21724552
16156.1832070241,23.6653307199979
16157.9652043155,21.8098147
16159.7472016068,21.78905514
16161.5291988982,21.7862931299999
16163.3111961896,21.69027222
16165.093193481,23.2908692200021
16166.8751907724,25.11711458
16168.6571880637,25.13314876
16170.4391853551,24.2492157799973
16172.2211826465,21.86117819
16173.1121812922,21.80305099
16174.0031799378,21.78796163
16174.8941785835,21.70111859
16175.7851772292,23.4049885400007
16176.6761758749,24.01572349
16177.5671745206,22.7596711599989
16178.4581731663,21.83498387
16179.349171812,23.30490522
16180.2401704577,26.1149733800016
16181.1311691034,27.50415157
16182.0221677491,28.573506689999
16182.9131663948,27.65986845
16183.8041650405,27.36980994
16184.6951636862,27.330515130001
16185.5861623318,28.21337586
16186.4771609775,30.0672400300021
16187.3681596232,31.88552946
16188.2591582689,33.70092969
16189.1501569146,32.8365857099959
16190.0411555603,29.25504377
16190.932154206,24.9928018999977
16191.8231528516,22.98646355
16192.7141514973,22.91153876
16193.605150143,22.8909407000016
16194.4961487887,24.27983885
16195.3871474344,27.6901798000011
16196.2781460801,28.65759521
16197.1691447258,25.46262421
16198.0601433715,22.2119569499995
16198.9511420172,21.80728512
16199.8421406629,20.7948917399961
16200.7331393086,17.34672058
16201.6241379543,17.39471217
16202.5151365999,17.5865998200032
16203.4061352456,20.40385448
16204.2971338913,23.8465472200015
16205.188132537,25.13205618
16206.0791311827,23.32356925
16206.9701298284,21.433533710001
16207.8611284741,22.34304124
16208.7521271198,24.6112771900005
16209.6431257654,25.07122121
16210.5341244111,25.61682253
16211.4251230568,26.3410973699992
16212.3161217025,25.62380443
16213.2071203482,24.21738827
16214.0981189939,24.17869396
16214.9891176396,25.72271462
16215.8801162853,26.016144729997
16216.771114931,23.38710272
16217.6621135766,20.196760770001
16218.5531122223,21.09603778
16220.3351095137,25.38949855
16222.1171068051,25.3807023899962
16223.8991040965,22.04374518
16225.6811013879,20.6857489200026
16227.4630986793,23.00459225
16229.2450959706,24.02397708
16231.027093262,24.0374513499996
16232.8090905534,23.71144582
16234.5910878447,24.8211501400033
16236.3730851361,27.71735443
16238.1550824275,28.61437431
16239.9370797189,27.31598297
16241.7190770102,27.35774068
16243.5010743016,27.0425163899985
16245.283071593,25.70522667
16247.0650688844,25.11599834
16248.8470661758,25.2987463700022
16250.6290634672,27.2534612
16252.4110607586,28.3028457299987
16254.1930580499,27.16084172
16255.9750553413,24.91355832
16257.7570526327,22.7640134000002
16259.539049924,22.90084317
16261.3210472154,24.1393187400002
16263.1030445068,24.27675842
16264.8850417982,25.15748044
16266.6670390896,25.146572400001
16268.4490363809,25.99263675
16270.2310336723,30.2956647900031
16272.0130309637,33.00965182
16273.7950282551,32.93865828
16275.5770255465,34.9927295900036
16279.1410201292,38.18458604
16282.705014712,41.3021366599999
16286.2690092947,41.20160661
16289.8330038775,38.15740961
16293.3969984603,33.6177390999948
16296.960993043,29.06016685
16300.5249876258,27.36475849
16304.0889822085,27.33152721
16307.6529767913,26.97083172
16311.216971374,24.5831962200009
16314.7809659568,25.3466292
16318.3449605395,27.4921645799999
16321.9089551223,27.44101726
16325.4729497051,26.15633889
16332.6009388706,26.3118553400017
16339.7289280361,27.7871796
16346.8569172016,29.6899523000012
16353.9849063671,30.72642308
16361.1128955326,31.0253612
16368.2408846982,31.9557004600015
16375.3688738637,33.26593218
16382.4968630292,36.3915940200019
16389.6248521947,38.08120768
16396.7528413602,38.63182011
16403.8808305257,36.8833789099993
16411.0088196912,36.30155146
16418.1368088568,35.1162644400003
16425.2647980223,35.3643205
16432.3927871878,37.37036996
16439.5207763533,36.2669585699978
16446.6487655188,34.35220884
16453.7767546843,31.0468477099983
16463.0506430821,29.58572104
16472.5016329545,33.09143804
16481.9526228269,40.712467260005
16491.4036126993,45.1439647
16500.8546025717,46.3362275900001
16510.3055924441,46.46190554
16519.7565823165,45.13805043
16529.2075721889,42.9235373799953
16538.6585620613,38.80941707
16548.1095519337,35.203527070004
16557.5605418061,38.70428316
16567.0115316785,43.88562325
16576.4625215509,45.820133739998
16585.9135114233,44.04076316
16595.3645012957,41.4133392099941
16604.8154911681,36.24894598
16614.2664810405,32.60016946
16623.7174709129,31.8702111400015
16633.1684607853,33.2321905
16642.6194506577,34.4387986000009
16652.0704405301,35.20664984
16659.1586829344,33.87043569
16663.8841778706,35.3519828400019
16668.6096728068,37.04151586
16675.6979152111,41.6952997700028
16685.1489050835,44.12651536
16694.5998949559,39.90711209
16699.3253898921,34.9446141299965
16703.4002445725,31.82940688
16707.3442810863,28.73344327
16711.2883176,28.758127
16715.2323541138,29.60467979
16719.1763906276,28.8757776699968
16723.1204271413,26.03588474
16727.0644636551,25.0923467400016
16731.0085001689,26.5213896
16734.9525366827,29.06002562
16738.8965731964,30.3559715200012
16742.8406097102,31.45052515
16744.8126279671,31.84363865
16746.784646224,31.86389856
16748.7566644809,31.06198017
16750.7286827378,27.7943795299972
16754.6727192515,25.33737656
16758.6167557653,25.1475968800015
16760.5887740222,26.50025576
16762.5607922791,27.6794487
16770.4488653066,29.514747220004
16778.3369383342,33.02810585
16786.2250113617,37.9954731100035
16794.1130843893,41.05710268
16802.0011574168,43.81457518
16809.8892304444,45.8734603900005
16813.8332669582,46.34713098
16817.7773034719,47.2886074600015
16821.7213399857,48.59126334
16823.6933582426,45.48871793
16825.6653764995,41.4947890999969
16827.6373947564,38.73797486
16829.6094130133,36.8427244499974
16833.553449527,35.69210946
16837.4974860408,36.97194099
16839.4695042977,38.91779751
16841.4415225546,40.77441417
16845.3855590683,40.5109533299941
16849.3295955821,37.93336172
16853.2736320959,35.25550028
16857.2176686097,35.78657978
16861.1617051234,36.28236685
16865.1057416372,36.3153023500003
16869.049778151,36.4471546
16872.9938146648,38.02032937
16876.9378511785,39.52749943
16878.9098694354,39.48797999
16880.8818876923,36.4388433199982
16884.8259242061,35.6707632
16888.7699607199,37.18717989
16892.7139972336,38.61238481
16896.6580337474,38.91472226
16904.546106775,40.7962379600003
16912.4341798025,40.90886793
16920.32225283,38.66492712
16928.2103258576,36.90418041
16936.0983988851,35.64790762
16943.9864719127,34.4328592899968
16951.8745449402,33.02222341
16959.7626179678,32.03321535
16967.6506909953,28.90732856
16975.5387640229,26.30623399
16983.4268370504,24.3095967500006
16991.314910078,24.55220127
16999.2029831055,26.40370236
17003.1470196193,27.36729113
17007.0910561331,25.30913816
17011.0350926468,25.6358867600043
17014.9791291606,27.50790052
17016.9511474175,29.18109908
17018.9231656744,33.33027853
17020.8951839313,36.30808012
17022.8672021882,36.0070739099987
17024.8392204451,35.4429926
17026.8112387019,38.79594681
17028.7832569588,43.8588358
17030.7552752157,45.32421183
17032.7272934726,45.4713997899967
17034.6993117295,44.01800189
17036.6713299864,44.11667169
17038.6433482433,42.5115498
17040.6153665001,39.75086266
17042.587384757,40.0626811500085
17045.8223714836,43.78655191
17048.8892646673,45.12700815
17051.956157851,43.15522772
17055.0230510347,43.3446425
17058.0899442185,42.3628327499907
17059.6233908104,38.25877051
17061.1568374022,31.25773342
17064.2237305859,25.82034449
17067.2906237697,24.5198078
17068.8240703616,25.4147616299998
17070.3575169534,25.34103141
17071.8909635452,24.22926445
17073.4244101371,25.28865331
17074.9578567289,27.69239237
17076.4913033208,28.7395212099995
17078.0247499127,28.49838221
17079.5581965046,29.17210668
17081.0916430964,29.39735572
17082.6250896883,27.50610763
17084.1585362802,25.4346176399953
17085.691982872,23.36201757
17087.2254294639,22.88095196
17088.7588760557,22.91173757
17090.2923226476,22.33314553
17091.8257692395,19.8095456299994
17093.3592158313,19.55944236
17094.8926624232,19.57458799
17095.6593857191,18.75844551
17096.4261090151,17.25016411
17097.192832311,17.2322670600033
17097.9595556069,18.69625575
17098.7262789028,20.15059777
17099.4930021987,21.85402059
17100.2597254947,25.12720047
17101.0264487906,27.8056713300039
17102.5598953825,29.52586308
17104.0933419744,32.67872237
17105.6267885662,34.4254735
17107.1602351581,35.14962797
17108.6936817499,32.2530609799904
17109.4604050459,28.04269273
17110.2271283418,27.55704392
17110.9938516377,28.46989739
17111.7605749337,26.67584129
17112.5272982296,23.6399713299968
17113.2940215256,22.22801655
17114.8274681175,24.01870237
17116.3609147093,25.14432204
17117.8943613011,25.24126283
17119.427807893,23.8961076000003
17120.9612544849,24.01705479
17122.4947010767,23.98630302
17124.0281476686,23.79614192
17125.5615942605,22.85053982
17127.0950408523,22.3868436299972
17128.6284874442,21.16821876
17130.161934036,20.22273254
17131.6953806279,19.05977955
17133.2288272197,18.99380055
17134.7622738116,20.5715126900019
17136.2957204035,21.42751061
17137.8291669954,19.6068642
17139.3626135872,17.85131086
17140.8960601791,16.12683339
17142.4295067709,16.5359873800057
17143.9629533628,19.02678282
17145.4963999547,19.53778624
17147.0298465466,20.27087232
17150.0967397303,22.47305494
17153.163632914,23.5517671399952
17156.2305260977,21.445201
17159.2974192815,19.49220921
17162.3643124652,19.53105364
17165.4312056489,19.08358064
17168.4980988327,17.7834133799969
17171.5649920164,16.41476282
17174.6318852001,18.34947775
17177.6987783838,17.94703134
17180.7656715676,16.35166611
17183.8325647513,16.173188070002
17186.899457935,17.05876067
17189.9663511187,19.58842421
17193.0332443025,20.67756888
17199.1670306699,20.77173984
17202.2339238536,19.4185361000003
17205.3008170374,19.55491839
17211.4346034048,18.64327278
17217.5683897723,17.74670462
17223.7021761397,16.79850125
17229.8359625072,16.7001208300014
17232.9028556909,17.30857504
17235.9697488746,16.31656809
17239.0366420584,16.73441604
17242.1035352421,18.99658213
17245.1704284258,18.8944012799975
17248.2373216095,17.79632062
17251.3042147933,18.86375524
17254.371107977,21.03723625
17257.4380011607,21.62310529
17260.5048943445,20.6115249499999
17263.5717875282,20.57739506
17266.6386807119,21.82378056
17269.7055738956,24.02545151
17272.7724670794,26.02000787
17275.8393602631,27.3596675799969
17278.9062534468,25.98794985
17281.9731466305,22.45203812
17285.0400398143,20.09560086
17288.106932998,21.10003625
17291.1738261817,22.9322180499998
17294.2407193655,22.83273079
17297.3076125492,23.60100819
17300.3745057329,25.09922627
17303.4413989166,25.11593881
17306.5082921004,25.1699375199979
17309.5751852841,24.22987653
17312.6420784678,22.40677138
17315.7089716515,20.61535248
17318.7758648353,21.01116479
17321.842758019,22.7403909300029
17324.9096512027,24.02884114
17327.9765443864,21.46543325
17329.5099909783,22.08923629
17331.0434375702,25.43741719
17332.5768841621,27.1820037799989
17334.1103307539,26.69501064
17335.6437773458,24.70993178
17337.1772239376,25.2147451
17338.7106705295,25.13261562
17340.2441171214,23.5122101399953
17341.7775637133,21.45250206
17343.3110103051,20.64610195
17344.8444568969,20.6661925
17346.3779034888,20.69645632
17347.9113500806,19.7843335699973
17349.4447966725,18.59899095
17352.5116898563,16.7139184
17355.57858304,15.14301043
17358.6454762237,15.8474058
17364.7792625912,16.2133145100012
17370.9130489586,16.75361616
17377.0468353261,17.82548338
17383.1806216935,16.88512689
17389.314408061,16.54744038
17395.4481944284,18.5081666200027
17401.5819807959,19.71375612
17407.7157671633,18.19840724
17413.8495535308,17.32396001
17419.9833398983,16.78129922
17426.1171262657,15.0082660700002
17432.2509126332,15.0870996
17438.3846990006,15.08023472
17444.5184853681,15.07652797
17450.6522717355,15.15138487
17456.786058103,14.6416693300022
17469.0781147139,15.60948189
17481.4038585355,18.69281798
17493.7296023572,19.5917041
17499.892474268,19.52278862
17506.0553461789,20.5399300299975
17512.2182180897,19.43865204
17518.3810900005,18.22207004
17524.5439619113,16.86693401
17530.7068338222,17.3129972
17536.869705733,17.131486789995
17543.0325776438,14.9410124
17549.1954495547,15.04239397
17555.3583214655,16.8767272
17561.5211933763,17.20775838
17567.6840652871,17.5278706400063
17573.846937198,20.30576039
17580.0098091088,21.79127799
17586.1726810196,21.17798922
17589.254116975,18.79588653
17592.3355529305,16.8709959499989
17593.8762709082,16.37627621
17594.646629897,18.83478243
17595.4169888859,22.00691004
17596.1873478747,24.09759209
17596.9577068636,24.5777345499979
17597.7280658524,23.63601464
17598.4984248413,21.77131217
17599.2687838301,20.12146942
17600.039142819,20.91060736
17600.8095018078,24.4308922900042
17601.5798607967,26.28841585
17603.1205787744,23.04766287
17604.6612967521,18.8648473
17606.2020147298,19.08709408
17607.7427327075,22.5807069600083
17609.2834506852,26.21009452
17610.8241686629,28.54177306
17612.3648866406,30.81220977
17613.9056046184,28.71154231
17615.4463225961,25.8469618899984
17616.9870405738,25.14533992
17618.5277585515,25.5140541
17620.0684765292,26.30024701
17621.6091945069,26.25225659
17623.1499124846,25.5030645799991
17624.6906304623,25.10504549
17626.23134844,26.13985026
17627.7720664177,25.4046607
17629.3127843954,23.20839852
17630.8535023731,21.699685790003
17632.3942203509,23.00568301
17633.9349383286,24.58428996
17635.4756563063,25.96325764
17637.016374284,26.869562605
17638.5570922617,29.5352495700043
17640.0978102394,31.43046403
17641.6385282171,31.87768262
17643.1792461948,30.58052325
17644.7199641725,30.67681962
17646.2606821502,31.0330712300063
17647.8014001279,33.80684622
17649.3421181056,37.46859409
17650.8828360833,40.6485499
17652.423554061,44.7347716
17653.9642720387,46.3124667399975
17655.5049900164,45.21057074
17657.0457079942,42.671647
17658.5864259719,41.92037387
17660.1271439496,40.71495285
17661.6678619273,39.5743567299994
17663.208579905,39.31563375
17664.7492978827,38.76243352
17666.2900158604,40.16280496
17669.3714518158,39.56870722
17672.4528877712,37.5659520199904
17673.993605749,33.33321038
17675.5343237267,28.30839493
17677.0750417044,22.50261638
17678.6157596821,18.25863119
17680.1564776598,16.062911399999
17681.6971956375,15.62770923
17683.2379136152,14.90529728
17684.7786315929,16.22258865
17686.3193495706,17.21211166
17687.8600675483,17.8817192700015
17689.400785526,18.55941151
17690.9415035037,20.61902407
17692.4822214814,20.55373594
17694.0229394591,18.37001951
17695.5636574369,16.4810300399994
17697.1043754146,16.21038939
17698.6450933923,16.17212954
17700.18581137,17.60394196
17701.7265293477,19.57871725
17703.2672473254,19.5891115399959
17704.8079653031,17.7864203
17706.3486832808,17.24245391
17707.1190422697,16.86508634
17707.8894012585,17.98949164
17708.6597602473,18.9736325999986
17709.4301192362,18.36612848
17710.200478225,18.4831952
17710.9708372139,19.81099086
17711.7411962027,22.77843623
17712.5115551916,22.8618965000017
17713.2819141805,23.60365364
17714.0522731693,25.02131208
17714.8226321582,24.006721
17715.592991147,21.8592836
17716.3633501359,21.9570834900043
17717.1337091248,23.85926526
17717.9040681136,25.54129992
17718.6744271025,25.07599498
17719.4447860913,24.74473004
17720.2151450802,24.2754729900058
17720.985504069,26.83579488
17721.7558630579,29.47216896
17722.5262220467,24.95501725
17723.2965810356,20.78568759
17724.0669400244,21.8894292800025
17724.8372990133,22.98409973
17725.6076580021,23.43042568
17726.378016991,24.48972826
17727.1483759798,25.0442033
17727.9187349687,22.3203866899923
17728.6890939576,18.94424195
17729.4594529464,19.45905277
17730.2298119353,21.36528339
17731.0001709241,21.68293258
17731.770529913,20.2822957699959
17732.5408889018,18.4910098
17733.3112478906,20.24499537
17734.0816068795,21.65324715
17734.8519658684,21.60777377
17735.6223248572,20.6509159300003
17736.3926838461,20.76729867
17737.163042835,19.3709191
17738.7037608127,20.52011984
17740.2444787904,21.5640508
17741.7851967681,21.1461607800011
17743.3259147458,21.63139312
17744.8666327235,22.80636435
17746.4073507012,26.84066352
17747.1777096901,30.72356882
17747.9480686789,32.2656503499932
17748.7184276678,29.27145056
17749.4887866566,23.7632645
17750.2591456454,19.75083529
17751.0295046343,18.33234167
17751.7998636231,17.9352482299985
17752.570222612,17.29150188
17753.3405816008,16.29846068
17754.1109405897,16.19258346
17754.8812995785,16.18148583
17755.6516585674,16.1847173
17756.4220175562,16.19932017
17757.1923765451,15.74049763
17757.9627355339,14.9841179
17758.7330945228,15.68541805
17759.5034535117,16.20966797
17760.2738125005,16.21266188
17761.8145304783,16.1630567
17764.8959664337,18.81853526
17767.9774023891,23.08728641
17774.1402742999,28.605951910007
17780.3031462108,31.6892812
17786.4660181216,31.05180456
17792.6288900324,26.93177531
17798.7917619432,22.5968555
17804.9546338541,21.766410400003
17808.0360698095,23.06525959
17811.6326666935,24.23343946
17815.2740572792,26.13432352
17818.9154478649,26.7020615
17822.5568384506,23.6299090199968
17826.1982290363,22.2321306
17829.839619622,24.60886369
17833.4810102077,27.39928113
17837.1224007934,30.11198479
17840.7637913791,33.5326969400037
17842.5844866719,35.17094874
17844.4051819648,33.25498147
17845.3155296112,33.7144597
17846.2258772576,34.70256323
17847.1362249041,33.0209410799945
17848.0465725505,30.60317639
17848.9569201969,29.38516278
17849.8672678434,27.58109336
17850.7776154898,25.13608335
17851.6879631362,25.1511421200001
17852.5983107826,25.17580898
17853.5086584291,26.63111703
17854.4190060755,28.76300354
17855.3293537219,30.19195175
17856.2397013683,30.71970384
17857.1500490147,30.72424971
17858.0603966612,30.69642157
17858.9707443076,33.16878506
17859.881091954,34.05806337
17860.7914396005,34.0962291699971
17862.6121348933,32.81091369
17864.4328301862,32.90822095
17866.253525479,30.61584934
17868.0742207719,27.56542215
17869.8949160647,24.4842650399941
17871.7156113576,21.88858846
17873.5363066504,23.09577052
17875.3570019433,24.49436054
17877.1776972361,26.03361248
17878.9983925289,27.3575736499999
17880.8190878218,27.30041181
17882.6397831146,29.64421489
17884.4604784075,33.66213308
17888.1018689932,36.48233178
17891.7432595789,39.9921776100103
17895.3846501646,44.53986767
17899.0260407503,48.11912034
17902.667431336,44.99787164
17906.3088219217,37.91145676
17909.9502125074,34.0483608199947
17913.5916030931,31.73687292
17915.412298386,30.75566379
17917.2329936788,31.58855748
17919.0536889717,34.03992944
17920.8743842645,32.7108403299936
17922.6950795574,29.88833116
17924.5157748502,29.98906056
17926.3364701431,33.85898064
17928.1571654359,36.92583345
17929.9778607287,38.4158556499975
17931.7985560216,37.33401887
17933.6192513144,36.24416113
17935.4399466073,36.18324955
17937.2606419002,37.59535026
17939.081337193,38.9664878800038
17940.9020324859,40.65399989
17942.7227277787,39.34802074
17944.5434230715,38.79200939
17946.3641183644,42.16304213
17950.0055089501,43.5007649399989
17953.6468995358,43.03503873
17957.2882901215,41.65184636
17960.9296807072,39.68839894
17964.5710712929,34.96613731
17968.2124618786,32.2672337000044
17971.8538524643,34.18330247
17975.49524305,38.87375149
17979.1366336357,40.70724061
17982.7780242214,39.33543557
17986.4194148071,38.4322450200014
17990.0608053928,39.05738357
17993.7021959785,40.2527953
17997.3435865642,41.93097741
18000.9849771499,41.84920999
18004.6263677356,42.0465006400037
18006.4470630285,43.69060327
18008.2677583213,45.22986054
18010.0884536142,43.88512373
18011.909148907,45.24394966
18015.5505394927,48.063769749997
18017.3712347855,46.76646832
18019.1919300784,36.27883975
18020.1022777248,25.32351625
18021.0126253712,21.01891658
18021.9229730177,20.6230820900029
18022.8333206641,21.90010785
18023.7436683105,24.07253326
18024.6540159569,25.19252408
18025.5643636034,24.10165774
18026.4747112498,21.2648664499959
18028.2954065427,19.45347918
18030.1161018355,17.6799854
18031.0264494819,17.26970947
18031.9367971284,16.85457546
18033.7574924212,14.9445663099973
18035.5781877141,13.7530253
18037.3988830069,16.09206024
18039.2195782998,17.84900547
18041.0402735926,19.20383293
18042.8609688854,18.8081938099979
18044.6816641783,17.86457674
18046.5023594712,18.4867837
18047.4127071176,18.43666266
18048.323054764,17.91341829
18049.2334024104,18.4966860099998
18050.1437500568,18.41982167
18051.0540977033,17.64200925
18051.9644453497,17.23467036
18052.8747929961,16.16806304
18053.7851406425,18.0382069600009
18054.695488289,18.43975952
18055.6058359354,17.45584175
18056.5161835818,16.87148694
18057.4265312283,16.21160617
18058.3368788747,17.1408804799996
18059.2472265211,16.94651776
18060.1575741675,16.19212361
18061.067921814,15.89044918
18061.9782694604,16.11866585
18062.8886171068,17.1341200899991
18063.7989647532,16.75710216
18064.7093123997,16.21155955
18065.6196600461,17.89457449
18066.5300076925,20.49820472
18067.4403553389,19.5389197199987
18068.3507029854,18.9881915
18069.2610506318,16.31841744
18070.1713982782,14.01748594
18071.0817459246,13.82770904
18071.9920935711,15.0272535799974
18072.9024412175,13.87076193
18073.8127888639,13.85465476
18074.7231365103,15.08554343
18075.6334841568,16.00932208
18076.5438318032,16.0829009700027
18077.4541794496,17.27936148
18078.364527096,16.05580974
18079.2748747424,16.21765119
18080.1852223889,17.62134436
18081.0955700353,18.017712139997
18082.0059176817,16.70512568
18082.9162653282,14.38610113
18083.8266129746,14.30210589
18084.736960621,15.0864838
18085.6473082674,13.9056765799958
18086.5576559138,12.07227134
18087.4680035603,12.58881802
18088.3783512067,14.06059283
18089.2886988531,13.30133846
18090.1990464995,11.8206144200005
18091.109394146,12.02822846
18092.0197417924,13.92487474
18092.9300894388,15.10447802
18093.8404370852,15.85634886
18094.7507847317,17.754933810003
18095.6611323781,19.08284434
18096.5714800245,18.21537971
18097.481827671,17.28166869
18098.3921753174,17.62858786
18099.3025229638,19.5464885600037
18100.2128706102,21.15560682
18101.1232182567,20.64110216
18102.0335659031,19.63013596
18102.9439135495,18.48923242
18104.7646088424,15.932225099998
18106.5853041352,15.03246486
18108.4059994281,15.05109216
18110.2266947209,15.05261519
18113.8680853066,16.14334967
18115.6887805995,18.0045702599962
18117.5094758923,16.31528888
18119.3301711852,12.91442507
18121.150866478,10.98412276
18122.9715617708,11.02188749
18124.7922570637,11.6891139900029
18126.6129523566,12.97772219
18128.4336476494,15.31632418
18130.2543429423,16.8808094
18132.0750382351,16.18888856
18132.9853858815,16.0789835700031
18133.895733528,17.4438324
18134.8060811744,16.36845703
18135.7164288208,15.01093976
18136.6267764672,15.16613446
18137.5371241137,16.2187818399992
18139.3578194065,15.85485411
18141.1785146994,13.93755539
18142.9992099922,12.82771561
18144.8199052851,12.24213867
18146.6406005779,11.775750330001
18148.4612958708,12.23535898
18150.2819911636,14.11523971
18152.1026864565,16.00375013
18153.9233817493,15.81444188
18157.564772335,13.9365331400031
18159.3854676278,15.30789193
18161.2061629207,16.4044996
18163.0268582135,16.21262004
18164.8475535064,16.15290722
18166.6682487992,16.8635685100012
18168.4889440921,17.40410949
18170.3096393849,16.08838198
18172.1303346778,16.22652209
18173.9510299706,18.17429325
18175.7717252635,18.1252385799945
18177.5924205564,15.68960735
18179.4131158492,12.60266227
18183.0545064349,11.66264449
18186.6958970206,12.17225903
18190.3372876063,12.7598408500028
18193.978678192,13.99834035
18195.7993734849,14.70650549
18197.6200687777,16.4453897
18198.5304164241,17.30211768
18199.4407640706,20.3789535100084
18200.351111717,24.09251317
18201.2614593634,26.20591631
18203.0821546563,25.75264369
18204.9028499491,23.94044736
18206.7235452419,23.9361059400009
18208.5442405348,24.31192983
18210.3649358276,21.72221809
18212.1856311205,20.48040571
18215.8270217062,19.5771335
18223.1098028776,18.4629853499988
18230.392584049,17.92636643
18237.6753652204,16.11557702
18244.9581463918,16.19030468
18252.2409275632,16.19014875
18259.5237087346,16.1962538599982
18263.1650993203,15.3973909
18266.806489906,14.25361863
18270.4478804917,15.00638679
18274.0892710774,17.75689987
18277.7306616631,19.6085358799989
18281.3720522488,19.12897435
18285.0134428345,16.61776841
18288.6548334202,16.22634372
18292.2962240059,17.19971957
18295.9376145916,17.28522222
18299.5790051773,17.29771069
18303.220395763,17.31806905
18306.8617863487,17.45168256
18310.5031769344,17.36380457
18317.7859581058,15.8349362799983
18325.0687392772,15.09889834
18332.3515204486,15.02069153
18334.1722157415,15.87408446
18335.9929110343,16.15464437
18336.9032586807,14.7823962399952
18337.8136063272,12.68746295
18338.7239539736,12.79218563
18339.63430162,14.05329347
18340.4661842988,13.93829852
18341.2980669777,14.3969791400026
18342.1299496566,15.55777814
18342.9618323354,16.79338368
18346.1386146043,16.49909053
18349.3153968733,16.0466621
18352.4921791422,16.1124993200072
18358.8457436801,19.25842264
18365.199308218,19.47364569
18368.376090487,17.59000449
18371.5528727559,16.67642892
18374.7296550249,16.6525284399981
18377.9064372938,15.83376204
18381.0832195628,14.23457901
18384.2600018317,13.9445904
18387.4367841007,15.29534434
18390.6135663696,18.2400950400041
18396.9671309075,20.03729968
18403.3206954454,19.52037375
18409.6742599833,18.98971705
18416.0278245212,19.56718663
18419.2046067902,19.56115537
18422.3813890591,19.55121725
18425.5581713281,20.69857448
18428.734953597,20.38860172
18431.911735866,19.45737335
18435.0885181349,20.5404432599961
18438.2653004039,18.84701802
18441.4420826728,17.88630011
18444.6188649418,18.51640655
18447.7956472107,17.79891563
18450.9724294797,15.9234644599979
18454.1492117486,15.00996066
18457.3259940176,15.57931083
18460.5027762865,17.16079021
18462.091167421,17.30383815
18463.6795585555,16.8838442899963
18465.26794969,15.27314388
18466.8563408244,15.09412392
18468.4447319589,16.40878311
18470.0331230934,18.14084272
18471.6215142278,18.4118910799983
18473.2099053623,17.66949732
18474.7982964968,17.07128858
18476.3866876313,16.61085197
18477.9750787658,18.68311118
18479.5634699002,20.7127262699981
18481.1518610347,19.89769004
18482.7402521692,17.61313772
18484.3286433036,16.18182319
18485.9170344381,17.74153836
18487.5054255726,18.6380819099996
18489.0938167071,18.45853179
18490.6822078415,18.4824504
18492.270598976,17.77918428
18493.8589901105,16.32234084
18495.447381245,15.7367831799985
18497.0357723795,15.06097799
18498.6241635139,16.16133509
18500.2125546484,18.10619213
18501.8009457829,17.91068437
18503.3893369174,16.3708426800002
18504.9777280519,16.45322915
18506.5661191864,18.3735458
18508.1545103208,17.89942076
18509.7429014552,17.31218801
18511.3312925897,17.3010603000002
18512.9196837242,17.38214039
18514.5080748587,16.19479406
18516.0964659932,16.19874599
18517.6848571277,16.13148185
18519.2732482622,17.1625595400025
18520.8616393966,18.27567133
18522.4500305311,20.75193861
18524.0384216656,19.91340985
18525.6268128001,16.4910725
18527.2152039345,15.6379391900036
18528.803595069,17.1986167
18530.3919862035,17.33255705
18531.980377338,16.7494123
18533.5687684724,17.33681999
18535.1571596069,17.1657544899974
18536.7455507414,16.03480822
18538.3339418758,17.41468503
18539.9223330103,17.30973706
18541.5107241448,16.54575393
18543.0991152793,15.4384808599991
18544.6875064137,15.06137771
18546.2758975482,15.10610709
18547.8642886827,15.31811775
18549.4526798172,17.27884801
18551.0410709517,17.2661181599999
18552.6294620861,17.22601718
18554.2178532206,16.11884625
18555.8062443551,16.24932228
18557.3946354896,18.37420592
18558.983026624,19.6026409199977
18560.5714177585,18.59780817
18562.159808893,17.20852516
18563.7482000274,19.28449891
18565.3365911619,20.65500088
18566.9249822964,20.6719852200009
18568.5133734309,21.0498458
18570.1017645654,21.7595938
18571.6901556998,21.73250175
18573.2785468343,22.58485808
18574.8669379688,24.4588568200016
18575.5434182483,25.14417284
18576.2198985278,25.1239074
18576.8963788073,24.70691503
18577.5728590868,24.05083164
18578.1169605036,22.8491533099998
18578.6610619204,22.7570116
18579.2051633372,25.08327713
18579.749264754,27.83118625
18580.2933661708,27.37119413
18580.8374675876,24.8239541499979
18581.3815690043,23.88230584
18581.9256704211,25.35902792
18582.4697718379,27.52579324
18583.0138732547,29.862215375
18583.5579746715,31.4359541400027
18584.1020760883,32.6056887
18585.1902789219,33.94711121
18586.2784817555,35.3547854
18586.8225831723,33.81750292
18587.3666845891,31.3582865499997
18588.4548874226,31.23254703
18589.5430902562,31.20704067
18590.087191673,32.19800804
18590.6312930898,32.36407377
18591.1753945066,31.3750179799916
18591.7194959234,27.67679357
18592.2635973402,24.74603395
18592.807698757,23.60859809
18593.3518001738,26.72783925
18593.8959015906,27.8012246899963
18594.4400030074,26.18599761
18594.9841044242,22.56248917
18596.0723072577,22.57021499
18597.1605100913,24.25868915
18598.2487129249,23.7003527699988
18599.3369157585,23.17192905
18600.4251185921,24.98063514
18601.5133214257,25.50838329
18602.0574228425,26.34337446
18602.6015242593,26.6123815100002
18603.145625676,26.6988444
18603.6897270928,25.19848497
18604.2338285096,23.63183033
18604.7779299264,23.3332131
18605.3220313432,21.8437537499966
18605.86613276,20.34277395
18606.4102341768,19.86904576
18606.9543355936,20.202494
18607.4984370104,20.99750201
18608.0425384272,20.9678275999996
18608.586639844,20.80369653
18609.1307412608,19.36314146
18609.6748426776,18.66373143
18610.2189440944,18.70297837
18610.7630455112,19.4693804900037
18611.3071469279,21.08168066
18611.8512483447,20.98813529
18612.3953497615,20.69299316
18612.9394511783,19.81274827
18613.4835525951,19.874990010001
18614.0276540119,20.3309708
18614.5717554287,22.28112621
18615.1158568455,23.01115276
18615.6599582623,19.1462377
18616.2040596791,14.7465545399964
18616.7481610959,13.1821978
18617.2922625127,15.8687669
18617.8363639294,19.5852616
18618.3804653462,22.91775364
18618.924566763,22.5424578300018
18620.0127695966,23.34912091
18621.1009724302,26.25045692
18623.2773780974,27.79997696
18625.4537837646,25.74946499
18627.6301894317,23.5374673199958
18629.8065950989,21.69143611
18631.9830007661,19.1274261
18634.1594064332,18.84046522
18636.3358121004,20.84395672
18638.5122177676,21.0674056499972
18640.6886234347,19.829837
18642.8650291019,19.75377855
18645.0414347691,21.08361578
18647.2178404363,21.49715166
18648.3060432699,22.1279533899996
18649.3942461034,21.95604532
18650.482448937,21.30400743
18651.5706517706,23.96856795
18652.6588546042,26.69385656
18653.7470574378,27.5672389199975
18655.9234631049,26.45960453
18658.0998687721,27.23064146
18660.2762744393,26.60006358
18662.4526801065,26.65567235
18664.6290857736,26.686014790001
18666.8054914408,27.13947222
18668.981897108,28.4338223
18671.1583027751,29.98865953
18673.3347084423,28.79233792
18675.5111141095,26.1318532799964
18679.8639254438,24.56994939
18684.2167367782,23.64145107
18688.5695481125,24.15129755
18692.9223594468,27.09322615
18695.098765114,30.7666723300011
18697.2751707812,31.27129408
18698.3633736148,29.31303689
18699.4515764484,26.11406694
18700.539779282,25.45042813
18701.6279821155,25.1209524099933
18702.7161849491,22.18973826
18703.8043877827,22.39749944
18704.8925906163,22.61226083
18705.9807934499,20.53068854
18707.0689962834,22.1494691000077
18708.157199117,25.5346439
18709.2454019506,26.49135481
18710.3336047842,23.98073508
18711.4218076178,23.67878662
18712.5100104514,26.2535615800008
18713.598213285,26.61754764
18714.6864161185,25.19106387
18716.8628217857,24.02243702
18719.0392274529,22.10807779
18721.2156331201,20.8351141899953
18723.3920387872,18.76033154
18725.5684444544,18.05497581
18727.7448501216,20.34277601
18729.9212557887,20.32441441
18732.0976614559,21.2534378400064
18734.2740671231,24.04740211
18736.4504727903,25.54004422
18738.6268784574,25.03850816
18740.8032841246,25.32177577
18742.9796897918,23.8732019299957
18745.1560954589,21.9805379
18747.3325011261,21.71663191
18749.5089067933,23.24036402
18751.6853124605,22.21553448
18753.8617181276,21.015788580005
18756.1614388069,23.2042697
18759.1442033699,26.41029462
18762.1269679328,27.22780726
18765.1097324958,26.62006788
18768.0924970588,26.7853739700056
18771.0752616217,29.22729367
18774.0580261847,30.96111846
18777.0407907476,31.18223746
18780.0235553106,31.76820707
18783.0063198735,29.5004168399912
18785.9890844365,25.63749561
18788.9718489995,21.48324527
18791.9546135624,21.11363166
18794.9373781254,21.96869012
18797.9201426883,22.8582677099968
18800.9029072513,21.46717203
18803.8856718142,20.02956185
18806.8684363772,18.46262453
18809.8512009402,17.59064413
18812.8339655031,17.5165963600037
18815.8167300661,19.12927407
18818.799494629,21.43840133
18820.2908769105,22.0222506
18821.782259192,19.66066678
18823.2736414734,18.6134869800044
18824.7650237549,20.54914837
18825.5107148957,22.12759293
18826.2564060364,22.13133258
18827.0020971772,19.38736266
18827.7477883179,17.1349410199997
18830.7305528809,16.98130194
18833.7133174438,18.3163444
18836.6960820068,21.46994063
18838.1874642883,26.24647048
18838.933155429,26.6433148599925
18839.6788465697,23.35611751
18840.4245377105,22.09335733
18841.1702288512,22.19678443
18841.915919992,19.70501247
18842.6616111327,18.6918294300001
18843.4073022734,18.72393322
18844.1529934142,18.70014258
18844.8986845549,18.69334899
18845.6443756956,16.83026989
18847.1357579771,15.2042688300014
18848.6271402586,15.81466819
18850.1185225401,17.30002739
18851.6099048216,18.7419402
18853.1012871031,17.66682695
18854.5926693845,18.0855298500014
18856.084051666,18.72273684
18856.4568972364,17.93935986
18856.8297428068,16.70256383
18857.2025883771,15.32568151
18857.5754339475,15.2353265500034
18858.3211250882,16.74009478
18859.066816229,17.61351614
18859.8125073697,17.50406921
18860.5581985104,15.25782951
18861.3038896511,14.8632097900012
18862.0495807919,15.39950367
18862.7952719327,15.3134594
18863.5409630734,15.0143442
18865.0323453549,14.04034271
18866.5237276363,13.5914283799995
18868.0151099178,13.36717483
18869.5064921993,13.12470241
18870.9978744808,15.0330764
18872.4892567623,16.95883913
18873.9806390438,17.0321269399949
18875.4720213252,14.78497704
18878.4547858882,14.61847427
18881.4375504511,17.95710469
18884.4203150141,19.12198683
18887.403079577,18.0412559000018
18890.38584414,18.8227684
18893.368608703,20.98735064
18896.3513732659,23.25813844
18899.3341378289,21.67262273
18900.8255201104,21.7660203500045
18902.3169023918,23.72370504
18903.8082846733,24.41762795
18905.2996669548,24.35380744
18906.7910492363,23.02176101
18908.2824315177,20.5000288499959
18909.7738137992,18.70643177
18911.2651960807,18.7136795
18912.7565783622,18.49276313
18914.2479606437,16.55749134
18914.9936517844,14.9821723799981
18915.7393429251,14.15132733
18916.4850340659,14.13369939
18917.2307252066,14.75414775
18917.9764163474,15.32411134
18918.7221074881,16.0933295600006
18919.4677986289,16.35029148
18920.2134897696,17.51773263
18920.9591809103,18.7608625
18921.7048720511,19.87874165
18922.4505631918,19.85242683
18923.1962543325,19.8536641
18923.9419454732,19.85313151
18924.687636614,19.93008954
18925.4333277548,19.38832108
18926.1790188955,19.8714872000015
18926.9247100362,20.53107006
18927.6704011769,20.97685855
18928.4160923177,20.57912939
18929.1617834584,18.93119318
18930.6531657399,18.7266029699999
18932.1445480214,18.67553165
18932.8902391622,19.51241804
18933.6359303029,20.38679251
18934.3816214437,23.10840991
18935.1273125844,25.5750894099966
18935.8730037251,24.07506003
18936.6186948659,20.93348165
18937.3643860066,22.84743435
18938.1100771473,24.81173724
18938.8557682881,23.2004283999937
18939.6014594288,20.44598917
18940.3471505696,18.61192155
18941.0928417103,18.72242327
18941.838532851,18.67159948
18942.5842239918,20.6861422000064
18943.3299151325,23.48562845
18944.0756062732,25.55855822
18944.821297414,23.84797741
18945.5669885547,23.83891012
18946.3126796954,27.8650630600102
18947.0583708362,32.34476325
18947.8040619769,30.95540071
18948.5497531176,28.07207617
18949.2954442584,30.34729409
18950.0411353991,32.3677833199961
18950.7868265399,30.6627915
18951.5325176806,30.08985339
18952.2782088214,31.40728709
18953.0238999621,28.83290433
18954.5152822436,25.7168958299939
18956.0066645251,23.04460239
18957.4980468065,23.11263546
18958.989429088,21.66774065
18960.4808113695,19.62789914
18961.972193651,18.7440603800027
18963.4635759325,19.93496516
18964.9549582139,22.22908913
18967.9377227769,19.93124109
18970.9204873398,20.13948042
18973.9032519028,20.9516857099979
18976.8860164658,20.00971412
18979.8687810287,18.60961524
18982.8515455917,18.71425053
18985.8343101546,18.84071767
18988.8170747176,17.4669611900003
18991.7998392805,17.58822995
18994.7826038435,17.54394947
18996.273986125,18.30012779
18997.7653684065,18.7326742
18999.2567506879,18.6800646700015
19000.7481329694,19.34012999
19002.2395152509,20.33482838
19003.7308975324,19.4552049
19005.2222798139,18.16889743
19006.7136620953,17.4322418900033
19008.2050443768,18.88726319
19009.6964266583,19.88486371
19011.1878089398,18.70199245
19012.6791912212,17.51796958
19014.1705735027,17.6025555499999
19015.6619557842,17.56144424
19017.1533380657,18.14450354
19018.6447203472,20.26026759
19020.1361026287,23.82164264
19021.6274849101,27.5135416300047
19023.1188671916,29.58104009
19024.6102494731,25.77502418
19026.1016317546,21.61674109
19027.593014036,19.81937956
19029.0843963175,19.2763927199937
19030.575778599,16.52615126
19031.3214697397,14.05166546
19032.0671608805,14.17529309
19032.8128520212,13.64754042
19033.5585431619,12.4520241100009
19034.3042343027,12.86367516
19035.0499254434,14.69111386
19035.7956165842,15.90278577
19036.5413077249,16.3754329
19037.2869988656,17.7961151000031
19038.0326900064,19.17028797
19038.7783811471,20.73291089
19039.5240722879,21.49035894
19040.2697634286,19.06812195
19041.0154545694,16.2087962199981
19042.5068368508,15.36458781
19043.9982191323,16.56880577
19045.4896014138,15.6816073
19046.9809836952,15.30306765
19048.4723659767,14.7921496599959
19049.9637482582,13.00029434
19051.4551305397,12.57907526
19052.9465128212,12.56104589
19054.4378951026,11.91204206
19055.9292773841,12.9422052800003
19057.4206596656,13.05809346
19060.4034242286,13.01677312
19063.3861887915,14.43112593
19066.3689533545,16.55065263
19069.3517179174,14.517583789992
19075.3172470433,11.01935228
19081.2827761693,9.687385188
19087.2483052952,11.67089342
19090.2310698581,12.84107869
19096.1965989841,14.1730979799987
19100.6707458285,13.59655441
19103.6527265444,11.82116295
19106.6337494913,12.35362375
19109.6145985165,13.99812934
19112.5954475417,13.4366570299965
19115.5762965669,11.90014404
19117.0667210795,11.49000995
19118.5571455921,11.90817786
19120.0475701046,13.15285428
19121.5379946172,13.1085091399976
19123.0284191298,12.0552851
19124.5188436424,11.26015785
19126.009268155,11.94079402
19127.4996926676,12.0140527
19128.9901171802,10.6485318200003
19130.4805416928,10.77598514
19131.9709662054,11.53218997
19133.461390718,11.88949642
19134.9518152306,11.89199833
19136.4422397431,12.8374872900005
19137.9326642557,13.052758
19139.4230887683,12.63873773
19140.1683010246,11.83250915
19140.9135132809,12.50160187
19141.6587255372,13.1233553699981
19142.4039377935,12.2798781
19143.1491500498,11.911427
19143.8943623061,12.16025013
19145.3847868187,13.07155687
19146.8752113313,13.1230661899961
19148.3656358439,11.42800243
19149.8560603565,9.617112058
19151.3464848691,9.669316087
19152.8369093817,9.717156941
19155.8177584069,8.5710216680011
19158.798607432,9.056473853
19160.2890319446,10.80213883
19164.7603054824,11.75949762
19170.7220035328,12.36638333
19176.6837015831,13.026939280001
19182.6453996335,13.4827603
19188.6070976839,13.76849212
19194.5687957342,14.18770316
19200.5304937846,14.18590858
19206.492191835,14.1801619
19212.4538898853,14.19953594
19218.4155879357,12.98428471
19224.3772859861,13.08832178
19230.3389840364,13.0343859
19236.3006820868,13.04664228
19242.2623801372,13.04755027
19248.2240781875,13.01403232
19254.1857762379,12.82182391
19260.1474742883,11.92003826
19266.1091723386,11.2840214500002
19278.0325684394,11.35693155
19286.9751155149,10.88699918
19292.9368135653,10.49554895
19297.4080871031,8.513465025
19300.3889361283,8.56253828300047
19304.860209666,8.769063159
19310.8219077164,9.600847455
19316.7836057668,10.90107307
19322.7453038171,10.78645944
19328.7070018675,10.7487775599991
19331.6878508927,10.36913181
19334.6686999179,9.648248884
19336.1591244305,11.2152147
19337.6495489431,13.91224703
19339.1399734557,16.3301353499997
19340.6303979682,16.19290726
19342.1208224808,14.51508059
19343.6112469934,11.75836831
19346.5920960186,8.100695695
19349.5729450438,5.67207094800663
19355.5346430942,8.587863151
19361.4963411445,13.07237383
19367.4580391949,15.25187212
19373.4197372453,14.68345307
19379.3814352956,14.2618733000022
19385.343133346,15.24543521
19391.3048313964,15.34010704
19397.2665294467,14.7092843
19403.2282274971,12.10789917
19409.1899255475,9.41936839400416
19415.1516235978,11.25060654
19421.1133216482,11.91804231
19433.3254533811,12.81839854
19446.8186567138,16.23561736
19460.3118600465,17.08096938
19473.8050633793,17.09010338
19480.5516650456,19.69530621
19487.298266712,18.96652543
19494.0448683783,20.29954487
19500.7914700447,28.1870642600255
19507.538071711,39.40364455
19510.9113725442,47.75679639
19514.2846733774,50.44696082
19527.7778767101,52.26488667
19534.5244783765,50.71634530999
19541.2710800429,46.33286761
19554.7642833756,45.35211339
19561.5108850419,47.05457168
19568.2574867083,43.64411884
19569.9441371249,41.4548743199979
19571.6307875415,40.52241118
19573.3174379581,41.07871608
19575.0040883746,45.47297803
19578.3773892078,48.5284617
19581.750690041,51.0469083900111
19588.4972917074,55.94540065
19595.2438933737,62.14880477
19601.9904950401,64.72824484
19608.7370967064,61.34150551
19612.1103975396,55.6831454799903
19615.4836983728,51.40494561
19622.2303000392,50.23121117
19625.6036008723,51.63988199
19635.7235033719,51.82812477
19640.7834546217,48.6955538599902
19644.1567554548,44.39047926
19647.530056288,45.02158459
19652.5900075378,48.63561427
19659.3366092041,52.58168995
19666.0832108705,51.7248677799972
19672.8298125369,50.50129848
19679.5764142032,52.70660292
19686.3230158696,55.1965086
19689.6963167028,54.06354857
19693.0696175359,49.7470848399938
19696.4429183691,47.01720142
19699.8162192023,48.69081646
19703.1895200355,46.67229981
19706.5628208687,44.23163474
19709.9361217018,46.3584200900044
19713.309422535,48.27601126
19716.6827233682,48.2290564
19720.0560242014,46.9845463
19723.4293250346,45.79551084
19726.8026258677,43.7950536799992
19730.1759267009,43.43684341
19736.9225283673,43.77757059
19740.2958292005,46.72845933
19743.6691300336,47.06221495
19747.0424308668,46.0770884299829
19750.4157317,38.53255499
19753.7890325332,28.86026494
19757.1623333664,21.52681648
19760.5356341995,16.489318
19763.9089350327,13.6072699300042
19765.9609688549,15.4512398
19768.0130026772,16.50765912
19770.1663248376,15.89598714
19772.319646998,14.46491441
19774.4729691584,15.5234230600021
19776.6262913187,16.44047643
19778.779613479,14.27388138
19780.9329356394,10.54529382
19785.2395799601,8.908308135
19789.5462242808,12.6353792600117
19793.8528686016,17.77734122
19798.1595129223,20.85761129
19802.466157243,19.99179986
19806.7728015637,19.89549735
19811.0794458844,23.1448608400041
19815.3860902052,24.93426629
19819.6927345259,19.09504082
19823.9993788466,13.86422295
19828.3060231673,14.7142588
19832.612667488,16.5012727799923
19836.9193118088,13.12718112
19841.2259561295,11.30051342
19849.8392447709,14.28550117
19858.4525334124,15.21582134
19862.7591777331,15.8444616299995
19867.0658220538,15.62354422
19871.3724663745,14.23330785
19875.6791106952,12.41991661
19879.985755016,12.27292216
19884.2923993367,14.414423600002
19888.5990436574,15.29201166
19892.9056879781,14.15243023
19897.2123322988,9.379079229
19901.5189766196,5.208270088
19905.8256209403,9.22999220601839
19910.132265261,17.31759246
19914.4389095817,18.11463951
19918.7455539024,16.49758335
19923.0521982232,20.33670793
19927.3588425439,25.0830872299991
19931.6654868646,24.69563932
19935.9721311853,20.54736454
19940.278775506,17.10060653
19944.5854198268,17.4841872
19948.8920641475,17.1986581999981
19953.1987084682,16.34801541
19961.8119971096,16.26755079
19970.4252857511,18.6501225
19979.0385743925,20.32143941
19987.651863034,17.5029690899936
19996.2651516754,14.68925026
20004.8784403168,14.67036308
20013.4917289583,15.36269508
20022.1050175997,13.78878328
20030.7183062412,9.82568749399996
20035.0249505619,9.805783528
20039.3315948826,12.07424072
20047.944883524,15.60758358
20056.5581721655,21.17124692
20065.1714608069,28.8704400300193
20073.7847494484,37.33753734
20082.3980380898,41.427423
20091.0113267313,35.69640356
20099.7036574858,23.699634
20108.5671146763,14.1052759599958
20117.4305718669,12.2672103
20126.2940290574,13.73054233
20135.1574862479,12.36357467
20144.0209434384,11.22063938
20152.8844006289,12.4070769600065
20157.3161292242,15.25799392
20161.7478578195,14.14000227
20166.1795864147,17.45943345
20170.61131501,20.7799701
20175.0430436052,20.5300100799942
20179.4747722005,17.982279
20183.9065007958,18.07851306
20188.338229391,21.28930517
20192.7699579863,20.90549454
20197.2016865815,20.8839189399998
20201.6334151768,20.80097796
20206.0651437721,17.39515277
20210.4968723673,14.73431433
20214.9286009626,17.19924552
20219.3603295578,22.7328903300095
20223.7920581531,26.93268652
20228.2237867484,26.57949887
20232.6555153436,23.28001329
20237.0872439389,20.03437319
20241.5189725341,19.75295196
20245.9507011294,19.74426389
20254.8141583199,19.72414557
20263.6776155104,18.69062956
20272.541072701,19.55244231
20281.4045298915,21.442862929996
20290.267987082,19.70410309
20299.1314442725,14.662264
20307.994901463,12.54047587
20316.8583586536,11.83733624
20325.7218158441,11.1087756699945
20334.5852730346,8.708201364
20343.4487302251,8.325259802
20352.3121874156,11.87605279
20361.1756446062,13.9844058
20370.0391017967,13.8581486699978
20378.9025589872,12.89699874
20387.7660161777,14.2321066
20396.6294733682,13.34420485
20405.4929305588,10.89185698
20414.3563877493,9.79998093600215
20423.2198449398,10.74641155
20432.0833021303,11.02722438
20440.9467593208,11.89416293
20445.3784879161,11.84742467
20449.8102165114,11.732005270003
20454.2419451066,13.06209142
20458.6736737019,13.04762088
20463.1054022971,11.40884736
20467.5371308924,12.47844246
20471.9688594877,14.9194495599976
20476.4005880829,13.87139772
20480.8323166782,12.45682702
20485.2640452734,11.94259305
20489.6957738687,9.31994482
20494.127502464,8.28161955800725
20502.9909596545,11.47178854
20511.854416845,11.18180163
20520.7178740355,8.641098235
20534.0130598213,9.481257732
20551.7399742023,12.9155298200003
20565.0351599881,13.06124939
20573.8986171786,9.664928729
20582.7620743692,8.83583721
20587.1938029644,11.78165894
20596.0572601549,14.7854634100008
20604.9207173455,15.13698142
20613.784174536,16.45744078
20618.2159031312,16.92080158
20622.6476317265,17.82301413
20627.0793603218,18.65796841
20631.511088917,18.67052126
20635.9428175123,16.61260159
20638.1586818099,14.46602996
20640.3745461075,13.2241902
20642.5904104051,16.0319107300085
20644.8062747028,19.76317398
20649.2380032981,19.78036065
20653.6697318933,16.34345594
20658.1014604886,12.60631384
20662.5331890838,12.0911374000022
20666.9649176791,13.054379
20671.3966462744,11.67264856
20675.8283748696,9.476072691
20678.0442391672,11.34143469
20680.2601034649,11.6154898999945
20684.6918320601,9.203285943
20693.5552892507,7.882313904
20702.4187464412,9.639873055
20711.2822036317,12.2179474
20720.1456608222,15.5036962500037
20737.8725752033,17.12270973
20756.3786818031,15.12427241
20765.6722870688,12.0984502
20774.9658923344,12.27305807
20784.2594976001,14.6189605000013
20793.5531028658,15.18684948
20798.1999054986,16.64255226
20802.8467081315,19.98751924
20807.4935107643,20.80792989
20812.1403133971,17.8816917799924
20816.78711603,14.54635102
20821.4339186628,13.85482134
20826.0807212956,14.69148177
20830.7275239285,13.3930485
20835.3743265613,13.0094601900064
20840.0211291942,15.83084523
20844.667931827,19.94320778
20849.3147344598,23.90341626
20853.9615370927,25.00446926
20858.6083397255,22.6148464199986
20863.2551423584,21.99731488
20867.9019449912,23.81875735
20872.548747624,25.50905474
20877.1955502569,24.90319956
20881.8423528897,25.2796931500042
20886.4891555225,27.12236375
20891.1359581554,25.31452418
20895.7827607882,21.39428642
20900.429563421,19.75458425
20905.0763660539,21.0621434100004
20909.7231686867,21.25684703
20914.3699713196,21.81021233
20916.693372636,24.07246008
20919.0167739524,19.65423953
20921.3401752688,14.3312370899985
20923.6635765852,13.69333983
20925.9869779016,14.69469838
20928.3103792181,18.2850803
20929.4720798763,20.48700055
20930.6337805345,20.9535016299975
20931.7954811927,19.87379977
20932.9571818509,21.68957765
20934.1188825091,24.45953985
20935.2805831673,26.80502299
20936.4422838255,24.7726398099944
20937.6039844837,22.30830482
20938.7656851419,17.73950045
20939.9273858002,14.17122241
20941.0890864584,14.37587719
20942.2507871166,15.16358521
20943.4124877748,15.17620218
20944.574188433,14.64796829
20945.7358890912,14.0914315
20946.8975897494,13.99418426
20948.0592904076,16.5200151300084
20949.2209910659,20.20988007
20950.3826917241,20.31004566
20951.5443923823,17.15808184
20952.7060930405,18.01454708
20953.8677936987,25.0372525600031
20955.0294943569,26.3908897
20956.1911950151,22.24536382
20957.3528956733,18.84100843
20958.5145963315,18.61916807
20959.0954466606,19.7867262100059
20959.6762969897,22.37421962
20960.2571473188,22.74644959
20960.8379976479,19.80098853
20961.418847977,16.82203112
20961.9996983061,16.274819000004
20962.5805486352,18.0284141
20963.1613989644,18.62258468
20963.7422492935,19.85874769
20964.3230996226,19.81493376
20964.9039499517,18.7669199599947
20965.4848002808,16.44173403
20966.646500939,17.8462569
20967.8082015972,23.19184109
20968.9699022554,29.8063619
20970.1316029136,30.4794977099985
20971.2933035718,29.79773595
20972.45500423,28.82617108
20973.6167048882,27.32869358
20974.7784055464,22.46734119
20977.1018068628,18.4982603700013
20979.4252081793,19.08213341
20984.0720108121,18.77319545
20988.7188134449,17.48262502
20993.3656160778,18.30679417
20995.6890173942,17.6104330699946
20998.0124187106,15.2524969
21000.3358200271,17.56048545
21002.6592213435,21.2487898
21004.9826226599,23.07361742
21007.3060239763,24.1576275000027
21008.4677246345,25.36541804
21009.6294252927,21.51047339
21010.7911259509,15.41471905
21011.9528266091,10.81658333
21013.1145272673,11.1582861800109
21014.2762279255,15.96906335
21016.599629242,18.16849937
21018.9230305584,17.31265554
21021.2464318748,19.31245395
21023.5698331912,19.0406420199934
21025.8932345077,16.1281871
21030.5400371405,14.10533118
21032.8634384569,15.32074201
21035.1868397733,17.19922382
21039.8336424062,21.4850648500174
21044.480445039,29.1226306
21049.1272476718,37.62319686
21053.7740503047,37.86431415
21063.0676555703,28.8459627
21072.361260836,22.043487889998
21077.0080634689,21.1568338
21081.6548661017,26.1890464
21086.3016687345,34.56667701
21090.9484713674,37.8877218
21095.5952740002,35.3467134099983
21100.242076633,34.58187289
21104.8888792659,31.52672666
21109.5356818987,27.63540951
21114.1824845316,29.52029719
21118.8292871644,36.3745217600058
21123.4760897972,38.91746481
21128.1228924301,36.64407269
21130.4462937465,32.80663701
21132.7696950629,26.54078332
21135.0930963793,24.8673124900066
21137.4164976957,27.75374567
21139.7398990122,33.63291332
21142.0633003286,40.08456858
21144.386701645,46.07703335
21146.7101029614,47.3775955499871
21149.0335042778,41.71980291
21151.3569055942,31.79179603
21153.6803069106,28.48573143
21156.0037082271,32.86639978
21158.3271095435,35.0590167100093
21160.6505108599,39.14560782
21162.9739121764,42.7977595
21165.2973134928,41.63430171
21167.6207148092,39.28639235
21169.9441161256,38.0015021799919
21172.267517442,34.44797568
21174.5909187584,32.86427507
21176.9143200749,39.55030796
21179.2377213913,50.46819733
21181.5611227077,56.5053108399806
21183.8845240241,47.9528785
21186.2079253406,38.59262387
21188.531326657,37.49110104
21190.8547279734,41.13838102
21193.1781292898,44.0476137699929
21195.5015306062,40.92505698
21197.8249319226,36.74344465
21200.148333239,37.80461095
21202.4717345555,33.9826219
21207.1185371883,30.9871705200275
21211.7653398211,43.08249103
21216.412142454,63.15616558
21221.0589450868,77.32330635
21223.3823464032,75.53182292
21225.7057477196,63.0218969199799
21228.0291490361,54.16747651
21230.3525503525,49.55565344
21231.5142510107,43.57083681
21232.6759516689,30.76084726
21233.8376523271,20.6547071199955
21234.9993529853,18.68316733
21236.1610536435,17.2691334
21237.3227543017,17.19400298
21238.48445496,21.55530517
21239.6461556182,25.7973531600005
21240.8078562764,25.99708612
21241.9695569346,28.09822784
21243.1312575928,27.13037777
21244.292958251,23.31148512
21245.4546589092,20.474136239998
21246.6163595674,19.58492421
21247.7780602256,21.52869874
21248.9397608838,22.86720847
21251.2631622002,18.91465036
21253.5865635167,16.8706331900078
21255.9099648331,20.31110001
21258.2333661495,20.53633501
21260.5567674659,15.25489942
21262.8801687823,12.16470483
21265.2035700987,13.6190338300059
21267.5269714152,16.22583945
21269.8503727316,19.00235126
21272.173774048,20.86075781
21274.4971753644,21.26009294
21276.8205766809,20.8200450999994
21279.1439779973,20.54578391
21281.4673793137,17.32083236
21283.7907806301,17.66800915
21286.1141819465,23.18662232
21288.4375832629,27.4847448700004
21290.7609845794,27.65677305
21293.0843858958,29.61438921
21295.4077872122,31.03496749
21296.5694878704,31.4449937
21297.7311885286,33.8036519499953
21298.8928891868,31.75048205
21300.054589845,24.827777
21301.2162905032,24.7472141
21302.3779911615,28.22046436
21304.7013924779,26.2428972299932
21307.0247937943,23.23852608
21309.3481951107,21.50582397
21311.6715964271,21.05576609
21313.9949977435,22.83068724
21316.31839906,23.9738488399958
21318.6418003764,22.13630039
21320.9652016928,20.29619201
21323.2886030092,20.36649176
21325.6120043256,23.20490136
21327.9354056421,25.9040288799985
21330.2588069585,25.24412296
21332.5822082749,21.75894302
21334.9056095913,20.30541732
21337.2290109077,21.8452571
21339.5524122242,20.7757727399922
21341.8758135406,17.35154005
21344.199214857,20.97819905
21346.5226161734,27.98957
21348.8460174899,27.41771266
21353.4928201227,21.3500706299923
21358.1396227555,17.98432198
21362.7864253883,20.00938047
21367.4332280212,17.31305055
21372.080030654,13.11367505
21376.7268332868,13.8927945500141
21381.3736359197,20.10876419
21386.0204385525,25.59922663
21390.6672411853,25.26823821
21395.3140438182,24.26252566
21399.9608464511,24.2792784799933
21404.6076490839,21.33867315
21409.2544517167,21.64939375
21413.9012543495,23.84137674
21418.5480569824,27.05236929
21423.1948596152,28.3839887799964
21424.3565602734,26.8000963
21425.5182609316,25.10234414
21426.6799615898,19.20141657
21427.8416622481,13.12013389
21429.0033629063,10.6104049600119
21430.1650635645,15.86236981
21431.3267642227,15.25341397
21432.4884648809,11.06492406
21433.6501655391,11.56141971
21434.8118661973,17.6077413700119
21435.9735668555,22.82814702
21437.1352675137,20.07053577
21438.296968172,19.03665
21439.4586688302,21.59358121
21440.6203694884,23.7140066499948
21441.7820701466,21.41749416
21442.9437708048,16.59278987
21444.105471463,12.01686892
21445.2671721212,10.4341856
21446.4288727794,14.0710390800127
21447.5905734376,19.65883302
21448.7522740958,21.91728992
21449.913974754,20.21500354
21451.0756754122,16.30852643
21452.2373760705,17.4921058300064
21453.3990767287,20.31821068
21454.5607773869,18.08374375
21455.7224780451,13.80747223
21456.8841787033,11.99255523
21458.0458793615,11.5378210300036
21459.2075800197,13.12956685
21460.3692806779,18.29920397
21461.5309813361,20.61504106
21462.6926819943,19.30114488
21463.8543826525,16.3015977699898
21465.0160833108,11.82492789
21466.177783969,8.061729564
21467.3394846272,9.684507098
21468.5011852854,17.3478253
21469.6628859436,23.7642334699983
21470.8245866018,23.02840984
21471.98628726,18.74511717
21473.1479879182,12.82760383
21474.3096885764,9.934053459
21474.8905389056,10.004864890007
21475.4713892347,13.10143509
21476.0522395638,17.71358085
21476.6330898929,20.55085702
21477.7947905511,20.83756328
21478.9564912093,20.885793509997
21480.1181918675,19.57791151
21481.2798925257,19.38512665
21483.6032938421,21.77360306
21485.9266951585,22.33629322
21487.0883958167,16.179971359977
21488.250096475,6.061185724
21490.5734977914,2.754862644
21492.8968991078,5.674475264
21495.2203004242,11.40708776
21497.5437017406,12.7571883699947
21502.1905043735,10.43348198
21506.8373070063,5.518131648
21511.4841096392,2.100574245
21516.130912272,5.730368689
21520.7777149048,15.5909661300133
