"AGE","GR"
441.197749462188,3.585123072
442.753268244249,5.362751001
444.308787026311,7.595475008
445.864305808373,9.094274978
447.419824590435,5.463606089
448.975343372497,6.261571138
450.530862154559,8.625020409
452.086380936621,5.152473938
453.641899718683,4.025964816
455.197418500745,3.600663141
456.752937282806,4.220621475
458.308456064868,3.558895681
459.86397484693,5.751462772
461.419493628992,7.585739708
462.975012411054,7.459050314
464.336091345358,7.883452618
465.113850736389,7.831042148
465.89161012742,7.790340487
466.669369518451,8.242927213
467.447128909482,8.46458399
468.224888300513,8.549472967
469.002647691544,7.813123653
469.780407082575,7.786516347
470.558166473606,8.24221775
471.335925864637,8.258843225
472.113685255668,7.787813185
472.891444646699,7.858644742
473.669204037729,7.33663996
474.641403276518,8.265390938
476.19692205858,8.761411611
477.169121297369,9.852814079
477.9468806884,8.275765932
478.724640079431,7.640336315
479.502399470462,7.448138411
480.280158861493,8.118991283
481.057918252524,8.243575576
481.835677643554,7.740321777
482.613437034585,7.815697683
483.97451596889,9.005965822
485.530034750951,8.744336279
487.085553533013,8.558172036
488.641072315075,8.286594482
490.196591097137,7.923279842
491.168790335926,6.877826888
492.52986927023,8.950839187
494.085388052292,8.171532606
495.446466986596,7.681619799
496.224226377627,7.424455996
497.001985768658,7.441757512
497.779745159689,7.411919527
498.55750455072,7.889566693
499.335263941751,8.286275172
500.113023332782,7.820679436
500.890782723813,7.473495846
501.668542114844,7.464408651
502.446301505875,7.468023535
503.224060896906,6.955367342
504.001820287937,16.1862062
504.779579678967,12.59408124
505.557339069998,12.66092642
506.335098461029,12.90532141
507.11285785206,11.91691076
507.890617243091,11.88255294
508.668376634122,12.36273274
509.446136025153,12.43948832
510.223895416184,11.7699252
511.001654807215,13.58795359
511.779414198246,14.04566148
512.557173589277,12.94673759
513.334932980308,12.86931731
514.112692371339,10.58117096
514.89045176237,13.11363608
515.668211153401,11.4532177
516.445970544432,10.08009238
517.223729935463,9.289131181
518.001489326494,9.404928941
518.779248717525,9.55874969
519.16812841304,8.274405164
519.557008108555,9.559734871
519.945887804071,9.497414804
520.723647195102,9.351140396
521.306966738375,10.80621255
522.084726129406,9.887784155
522.862485520437,9.301717386
523.640244911468,9.538825419
524.418004302499,8.332248859
525.19576369353,8.858880117
525.973523084561,9.4518521
526.751282475592,10.81181684
527.529041866623,10.21343428
528.306801257653,9.200239905
529.084560648684,6.213259469
529.862320039715,7.307512456
530.640079430746,9.221634537
531.223398974019,5.349825474
531.612278669535,10.1281721886741
532.001158365051,11.2432709561784
532.390038060566,11.2317354539683
532.778917756081,11.2201999517582
533.167797451597,11.2086644463073
533.556677147113,11.1971289376551
533.945556842628,11.185593433683
534.334436538143,11.1740579331999
534.723316233659,9.95898494641122
535.112195929174,8.07485286269909
535.50107562469,8.19213017260499
535.889955320205,9.11689320018094
536.278835015721,7.84414241749664
536.667714711236,7.49038708083981
537.056594406752,7.47885157828435
537.445474102267,9.95898547553911
537.834353797783,11.0298642835943
538.417673341056,11.0587028968758
539.000992884329,11.0471673914884
539.389872579844,10.9779545013396
539.77875227536,10.0301204606042
540.167631970875,9.20533196486067
540.556511666391,9.19379646230522
540.945391361906,9.06500251034497
541.52871090518,8.47076421
542.30647029621,8.943832456
543.473109382757,10.3584552180001
545.028628164819,11.77307798
546.584146946881,9.073690703
548.139665728943,11.09765951
549.695184511005,9.59789861050011
551.250703293066,8.098137711
552.806222075128,7.936304434
553.583981466159,8.163845403
555.139500248221,7.883352527
556.695019030283,9.785970827
557.861658116829,8.586581074
558.444977660103,8.976934096
559.028297203376,8.39624
559.417176898891,7.833812845
559.611616746649,6.377959037
559.806056594407,6.3090100855
560.000496442164,6.240061134
560.38937613768,6.61218652650003
560.778255833195,6.984311919
561.167135528711,7.232376561
561.556015224226,7.507458765
562.1393347675,6.86818262
562.917094158531,7.19000599850002
563.694853549561,7.511829377
564.472612940593,8.737694528
565.250372331623,13.26141008
566.41701141817,11.04156337
567.972530200232,11.69781437
569.139169286778,12.36294423
569.916928677809,12.36190569
570.69468806884,12.37114739
571.472447459871,12.9627547
572.250206850902,12.89625888
573.027966241933,13.44834841
573.416845937448,13.43868598
573.805725632964,10.94165034
574.194605328479,11.91258361
574.583485023995,12.19828985
574.97236471951,14.67857669
575.361244415026,14.4687333
576.139003806057,14.10928545
576.916763197088,14.32077557
577.305642892603,13.86031408
577.694522588119,12.81224976
578.083402283634,12.93203659
578.472281979149,12.91299056
578.861161674665,10.46964387
579.25004137018,12.34703296
579.638921065696,11.86460502
580.027800761211,14.38688032
580.805560152242,14.69138097
581.583319543273,14.69008361
582.361078934304,14.68635325
583.138838325335,14.71371696
583.527718020851,13.6723246
583.916597716366,12.94797763
584.305477411881,12.12296065
584.694357107397,10.52859627
585.083236802912,10.59110603
585.860996193943,10.5859848
586.638755584974,10.95608455
587.416514976005,14.82455395
588.194274367036,16.4800363
588.972033758067,14.98349216
589.749793149098,14.70684039
590.527552540129,12.01569447
591.30531193116,12.31462311
592.083071322191,12.90127461
592.860830713222,10.9950559
593.638590104253,9.098172379
594.416349495284,11.40606984
595.971868277346,11.19100262
597.527387059407,11.03166863
599.082905841469,10.87233464
600.638424623531,10.56433559
602.193943405593,11.35141335
603.749462187655,14.4878439
605.304980969717,11.79429153
606.082740360748,10.5407882
606.860499751779,10.65551439
607.63825914281,10.88310102
608.416018533841,8.497858566
609.193777924872,9.38623807015844
609.971537315903,9.99743655280639
610.749296706934,9.98590104985317
611.527056097965,10.6818765414309
612.304815488995,12.5429376204598
613.082574880026,12.7275060516365
613.860334271058,10.8433734965
614.638093662088,8.959240939755
615.415853053119,9.14380936896783
616.19361244415,11.0048704487861
616.971371835181,11.1183029945989
617.749131226212,10.1704689548997
618.526890617243,9.87054601251565
619.304650008274,9.85901050996019
620.082409399305,10.3011488720791
620.860168790336,10.88513673
621.637928181367,10.373641263937
622.415687572398,9.86214579787391
623.193446963429,11.4893617673714
623.97120635446,11.5970264018001
624.748965745491,11.5624204994412
625.526725136522,8.01076675957771
626.304484527553,9.24762897779329
627.082243918583,10.4844911956644
627.860003309614,11.5393488843721
629.026642396161,11.3586261145071
630.582161178223,10.4107920737717
632.137679960285,10.1666241792163
633.693198742346,11.4932068659166
634.470958133378,11.4816713654335
635.248717524408,11.47013586311
636.026476915439,10.3627277144044
636.80423630647,7.54229650260166
637.581995697501,6.87516025465242
638.359755088532,9.66290665133344
639.137514479563,9.42835238610181
639.526394175079,8.84388620291557
639.915273870594,9.02076379589182
640.304153566109,8.07293000275789
640.693033261625,9.00538307679048
641.081912957141,10.3322601663719
641.470792652656,11.4348733
641.859672348171,12.91752648
642.248552043687,13.191166675
642.637431739202,13.46480687
643.026311434718,12.41323952
643.415191130233,12.87583484
643.998510673507,14.94915631
644.387390369022,14.18874351
644.776270064538,12.93879463
645.165149760053,12.89833604
645.554029455568,12.82855979
645.942909151084,9.26108680513388
646.331788846599,8.31325301199995
646.720668542115,7.89893611143509
647.303988085388,9.29184840505265
648.081747476419,11.1029228776185
648.85950686745,12.9659061772998
649.637266258481,12.9543706768167
650.415025649512,11.8123561077564
651.192785040543,10.0157011461511
651.970544431574,9.53601637508396
652.748303822605,9.29377082706541
653.526063213636,9.28223532450995
654.303822604666,10.351191795073
655.081581995697,11.3528582169284
655.859341386728,11.8094719758722
656.63710077776,10.0320428252062
657.41486016879,9.89553958920274
658.192619559821,10.8203023751533
658.970378950852,10.2723660715082
659.748138341883,9.32453203491739
660.525897732914,10.7818509536845
660.914777428429,11.8085106198774
661.303657123945,10.9991029115222
661.692536819461,10.9510381963218
662.470296210492,10.9395026928415
663.248055601523,10.9279671892261
664.025814992553,10.9164316835621
664.414694688069,10.7780057239421
664.803574383584,9.83017168735121
664.998014231342,9.1145956282305
665.1924540791,9.29785689
665.581333774615,10.08158362
665.97021347013,11.66254093
666.359093165646,10.2484354
666.747972861162,9.398972451
667.136852556677,9.418094671
667.525732252192,9.399731198
667.720172099951,9.416750367
667.914611947708,11.04782723
668.692371338739,10.7664701354997
669.081251034255,10.7549346350165
669.47013072977,10.158933649695
670.247890120801,9.2110998539707
671.025649511832,8.91309920577411
671.803408902863,8.90156370126664
672.581168293894,10.3204307574479
673.358927684925,10.6857216072118
673.74780738044,9.11304821779611
674.136687075956,10.4819280834625
674.525566771471,10.6511150944522
674.914446466987,12.3968214204018
675.303326162502,12.4352730031668
676.081085553533,12.4237375026837
676.858844944564,12.2058886697166
677.636604335595,9.55027655
678.414363726626,8.524619835
679.969882508688,9.815381875
681.525401290749,8.78676269299994
683.080920072811,8.385484429
684.636438854874,7.368832469
686.191957636935,7.771142444
687.747476418997,8.827776788
688.525235810028,8.579743182
689.302995201059,8.614436215
690.275194439848,8.61453309
691.636273374152,8.575760561
693.191792156214,9.008727954
694.747310938276,8.38912092099988
696.302829720337,7.547328777
697.858348502399,7.77782979
699.413867284462,8.104987324
700.969386066523,9.407280473
702.524904848585,8.36778795999989
704.080423630647,7.566433211
705.635942412709,7.685951003
706.802581499255,7.996197918
707.580340890286,8.566744252
708.358100281317,8.62829864999994
709.135859672348,8.201513802
709.913619063379,8.200316199
710.69137845441,8.733683503
711.469137845441,7.679491856
712.246897236472,8.50521434100002
713.024656627503,8.614601869
713.802416018534,8.623121422
714.191295714049,8.659228424
714.96905510508,8.712083304
715.357934800596,13.0627291099999
716.135694191627,12.3724728
716.524573887142,11.28197435
716.913453582658,13.17847365
717.302333278173,12.68381207
718.080092669204,14.5233038199998
718.857852060235,12.93772396
719.24673175575,13.03918786
719.635611451266,11.66786575
720.024491146782,11.27997272
720.413370842297,8.29018200668909
720.802250537812,8.27864650004712
721.580009928843,8.26711099581043
721.968889624359,9.66675210337503
722.357769319874,8.57472462949491
722.74664901539,6.69059254700166
723.135528710905,8.02102050442984
723.329968558663,9.88208168217048
723.52440840642,10.0051268886334
723.913288101936,9.99359138815024
724.302167797451,9.04768003853517
725.079927188483,8.16329146129339
725.857686579514,8.15175595899698
726.246566275029,8.26903356655218
726.635445970545,9.19379635431609
727.413205361575,11.8173350500001
728.190964752606,12.41427437
728.968724143637,13.04430506
729.746483534668,9.832767839
730.135363230184,10.97779517
730.524242925699,7.82823701900063
731.30200231673,12.2793116
732.079761707761,8.490471384
732.857521098792,8.223263381
733.635280489823,8.701280483
734.413039880854,9.06945787950003
735.190799271885,9.437635276
735.968558662915,10.279839333
736.746318053947,11.12204339
737.524077444978,4.993876411
738.301836836009,3.93870273100003
739.079596227039,4.143718926
739.468475922555,7.38646224807301
739.85735561807,12.6044601891477
740.246235313586,12.9120738957436
740.635115009101,12.4323892463447
741.023994704617,9.751345394643
741.412874400133,9.67059728199526
742.190633791163,9.65906177943981
742.968393182194,9.64752627688435
743.551712725467,9.63599077398529
743.940592420983,9.62445526844165
744.523911964256,11.02579964
745.301671355287,9.60138426089479
746.079430746318,9.58984875757848
746.857190137349,9.57831325203484
747.63494952838,9.87054615218603
748.412708919411,10.7953089422812
749.190468310442,11.3509356611242
749.968227701473,10.5357603527735
750.745987092504,9.52063573585214
751.523746483535,9.5091002303085
752.301505874566,9.80455963939496
753.079265265597,10.36804912
753.857024656628,9.47449372124928
754.634784047658,10.6588055652429
755.412543438689,10.6280439602357
756.19030282972,9.68021016710198
756.968062220751,9.26199573854379
757.745821611782,9.026660914
758.523581002813,8.81660403599996
759.301340393844,8.571170961
760.079099784875,9.175208931
760.856859175906,8.13097616
761.634618566937,7.443556598
762.412377957968,7.6336797860001
763.190137348999,8.302802171
763.96789674003,7.747278317
764.745656131061,7.440155928
765.134535826576,7.607279565
765.523415522092,7.45304529399997
766.301174913122,7.231634131
767.078934304153,7.049438059
767.856693695185,7.318673974
769.023332781731,7.933319228
770.578851563793,8.80487749599987
772.912129736886,7.862096358
776.023167301009,7.694927619
779.134204865133,8.260993747
782.245242429257,8.233511486
785.356279993381,8.21282076399995
786.911798775443,7.843346491
790.022836339567,8.673484427
790.800595730597,8.360179378
791.578355121628,7.797680834
792.356114512659,7.85735727199999
793.13387390369,7.801691891
793.911633294721,7.965889556
794.689392685752,12.45717966
795.467152076783,12.79706647
795.856031772299,13.0211789499995
796.244911467814,9.685858467
796.63379116333,10.5228637325
797.41155055436,12.14560368
798.189309945391,11.7363985
798.967069336422,12.8834446600005
799.744828727453,16.10788004
800.522588118484,12.99164697
801.300347509515,10.79942614
802.078106900546,11.21422539
802.855866291577,12.70229554
803.244745987093,12.72380809
803.633625682608,15.32070908
804.411385073639,11.57922403
804.800264769154,12.4528282
804.994704616912,13.8960875899999
805.18914446467,13.10860492
805.383584312428,12.1755876
805.578024160185,11.60874394
805.772464007943,14.70833869
805.966903855701,15.6458356999995
806.161343703459,11.95564871
806.355783551216,15.59566411
806.744663246732,15.47966409
807.133542942247,14.05487279
807.522422637763,13.3488779700001
807.911302333278,13.87992974
808.689061724309,11.92280294
809.46682111534,14.86829718
810.244580506371,15.59904618
811.022339897402,12.86113226
811.800099288433,12.83152051
812.966738374979,12.79127586
813.355618070495,12.8124653
814.133377461526,12.79347993
815.688896243588,12.8541438
816.466655634619,12.5498978
817.24441502565,12.88786825
817.633294721165,11.52919578
818.022174416681,11.96833943
818.411054112196,11.4363753500006
818.799933807711,15.62987934
819.577693198742,15.33992812
820.355452589773,14.89296413
821.133211980804,13.30703527
821.910971371835,14.6854467200001
822.688730762866,15.41514481
823.466490153897,15.56758344
824.244249544928,13.67277091
825.022008935959,15.37149101
825.79976832699,12.69265149
826.577527718021,12.58341599
827.355287109052,12.89399767
827.744166804567,14.85311958
828.133046500083,12.01709908
828.910805891114,11.95997991
830.466324673176,11.95051713
831.632963759722,11.95149818
832.410723150753,11.95303667
833.188482541784,11.95479252
833.966241932815,13.1718991400003
835.132881019361,15.41676161
836.688399801423,12.96130671
838.243918583485,10.85762746
839.799437365547,10.22064571
841.354956147609,9.67109037199985
842.910474929671,8.596416503
844.465993711733,10.05331564
845.632632798279,10.24805129
846.41039218931,10.25329034
847.188151580341,10.23549277
848.354790666887,10.27645264
849.521429753434,10.09296544
850.299189144465,10.63369684
851.076948535496,11.6962423
852.243587622042,12.03270372
853.799106404104,11.98674842
855.354625186166,11.54622381
856.910143968228,10.06016255
857.687903359259,6.83724256
858.46566275029,8.623768561
859.24342214132,8.621769482
860.798940923382,8.47835344
861.576700314413,8.947006535
862.354459705444,10.05637401
863.132219096475,10.30308869
864.687737878538,10.14933762
867.02101605163,10.24806673
869.354294224723,13.04665722
870.132053615754,13.50539931
870.909813006785,10.8499267999996
872.465331788847,7.832811893
874.020850570908,10.93698698
874.215290418666,13.02801531
874.409730266424,13.41662568
874.604170114182,13.6780453400001
874.798609961939,14.42522726
875.187489657455,15.14468709
876.354128744001,11.40973175
877.131888135032,15.31916223
877.520767830548,10.0729670199999
878.687406917094,9.085777185
879.465166308125,11.04644374
880.242925699156,14.75359637
881.798444481218,13.4210135
883.35396326328,12.5888511200004
884.909482045342,15.36316225
886.465000827404,12.60382566
887.242760218435,12.9259405
888.020519609466,12.55229463
888.798279000497,14.11976237
889.576038391527,14.29707051
890.353797782558,11.91521692
891.131557173589,12.55209692
891.90931656462,13.57855196
892.687075955651,13.6773067499999
893.464835346682,12.75730534
894.242594737713,12.9741174
895.020354128744,13.5803558
895.798113519775,14.55126862
896.575872910806,13.8879878699997
897.353632301837,11.4424474
898.131391692868,13.27361252
898.909151083898,13.74530683
899.686910474929,12.92307596
900.464669865961,12.0042977700005
901.242429256991,15.61168157
902.020188648022,15.22733047
902.797948039054,15.65381041
903.575707430085,13.90539652
904.353466821115,14.3551329099999
905.131226212146,13.36337677
905.908985603177,11.35479146
906.686744994208,15.24208503
907.464504385239,12.84084163
908.24226377627,12.72479361
909.020023167301,12.51217464
909.797782558332,15.00837801
910.517654528478,12.75926734
911.21718767507,13.81991085
911.916720821662,13.6926985099999
912.616253968254,13.08822882
914.015320261438,12.5822151
914.71485340803,15.23534645
915.414386554622,15.30399104
916.113919701214,13.54702332
916.813452847806,13.72726496
917.512985994398,13.45895606
918.21251914099,12.12838721
918.912052287582,11.02539688
919.611585434174,13.0316495700001
919.96135200747,13.68751594
920.311118580766,14.41768036
920.660885154061,14.51675628
921.010651727357,13.57554639
921.360418300653,12.5730385499999
921.710184873949,12.08208367
922.059951447245,13.170062
922.409718020542,14.23083515
922.584601307189,14.10294145
922.759484593838,12.94927977
922.934367880486,12.77102191
923.109251167133,13.55666649
923.284134453781,15.31846957
923.45901774043,12.58437001
923.633901027077,12.88113233
923.808784313725,12.80046646
923.983667600374,12.73035621
924.158550887022,13.30527143
924.33343417367,13.74999764
924.508317460318,13.1184133599997
924.683200746966,11.3547463
924.858084033614,13.67055343
925.032967320262,13.5516285099999
925.20785060691,12.71030307
925.382733893557,13.0499698
925.557617180206,13.94393376
925.907383753501,15.38169107
926.082267040149,13.1887904999998
926.257150326798,11.61251965
926.432033613445,13.43447787
926.606916900093,14.49844478
926.781800186741,14.49533032
926.956683473389,14.6608391200001
927.131566760037,15.25773707
927.306450046685,14.32276528
927.481333333333,14.9747431
927.656216619981,15.36762678
927.831099906629,15.5911053299997
928.005983193277,13.29779804
928.180866479925,11.93584879
928.355749766573,12.82910989
928.530633053221,13.62266226
928.705516339869,12.6684978800001
929.405049486461,13.098978
930.104582633053,13.74313733
932.902715219421,13.63416542
935.700847805789,13.68434952
938.498980392157,13.2141332699996
941.297112978525,10.50993326
944.095245564893,10.20904436
946.543611577965,12.07829497
947.592911297852,12.71574141
949.341744164332,11.84458523
951.090577030812,12.01713356
953.189176470588,11.7795852
954.588242763772,12.99669712
955.987309056956,13.91248803
958.785441643324,13.7332388199999
961.583574229692,12.83552776
962.982640522875,12.79237018
964.38170681606,11.87342625
965.431006535948,12.10875764
966.13053968254,13.1669906000001
966.830072829132,13.72551737
967.529605975724,13.64823643
968.229139122316,13.64473055
968.75378898226,13.71692494
968.841230625583,12.9360698599999
968.928672268907,11.95846427
969.103555555555,11.9678997
969.278438842204,11.8788342
969.453322128851,12.41053444
969.628205415499,13.8756601099999
969.803088702147,13.46790019
969.977971988795,14.65332976
970.152855275443,15.84988176
970.502621848739,11.78759833
970.852388422035,10.1213097700005
971.027271708683,13.77107823
971.202154995331,14.50477314
971.377038281979,14.54886341
971.726804855275,14.288323
972.076571428571,13.1869663899999
972.776104575163,12.7070943
973.475637721755,13.24109357
974.175170868348,15.09698236
974.874704014939,15.39840282
975.574237161531,15.36654085
976.273770308123,15.36857976
976.973303454715,15.33945629
977.672836601307,15.55434069
978.372369747899,16.64805332
979.071902894491,17.1817206599999
979.771436041083,16.66217407
980.121202614379,14.93644683
980.470969187675,13.72894521
980.820735760971,13.63693316
981.170502334267,14.5717203100001
981.520268907563,15.42798746
981.870035480859,15.26458856
982.219802054155,15.85881022
982.569568627451,15.1762951
982.919335200747,12.87829857
983.269101774043,12.88239597
983.618868347339,12.40154006
983.968634920635,14.35508631
984.056076563959,14.50446132
984.143518207283,13.61753244
984.230959850607,13.67644827
984.318401493931,13.65481204
984.493284780579,13.65652569
984.668168067227,13.67701338
984.843051353875,13.5900240200001
984.930492997199,14.25442682
985.017934640523,15.27668344
985.192817927171,15.39453188
985.367701213819,14.52106771
985.542584500467,15.47503882
985.717467787115,15.17494241
985.892351073763,14.12873949
986.067234360411,13.53732031
986.242117647059,14.08502593
986.417000933707,15.2744579499999
986.591884220355,14.68973138
986.766767507003,14.45754573
986.854209150327,15.37722259
986.941650793651,15.35268556
987.029092436975,15.37658871
987.116534080299,15.3398401
987.203975723623,15.48661286
987.291417366947,14.86198805
987.378859010271,18.57366601
987.466300653595,19.8364792700008
987.641183940243,22.74890531
987.816067226891,21.1797939
987.990950513539,16.06189954
988.165833800187,16.0933136
988.515600373483,14.02809276
988.865366946779,13.95676175
989.215133520075,14.57921447
989.564900093371,14.60192842
989.914666666666,13.81460511
990.264433239963,14.2884503200003
990.614199813258,15.34146231
990.963966386554,15.37079156
991.313732959851,15.24206415
991.663499533147,13.06494624
992.013266106443,12.2523839800007
992.363032679739,14.61920365
992.712799253034,15.56866283
993.06256582633,14.4730542
993.412332399627,11.43171875
993.762098972923,12.7939548399993
994.111865546218,10.26142574
994.461632119515,12.25643791
994.811398692811,14.65973679
995.510931839402,14.55384611
996.210464985994,13.9477819099995
996.735114845938,12.09612122
997.084881419234,12.49522282
997.43464799253,12.77663047
997.784414565826,13.53625661
998.134181139122,13.6733801999997
998.658830999066,12.69587552
999.008597572362,10.15580564
999.358364145658,11.39054866
999.708130718954,12.28438229
1000.05789729225,12.9199950599999
1000.40766386555,12.62874488
1000.75743043884,13.93906479
1000.93231372549,15.27554739
1001.10719701214,15.41268244
1001.28208029879,14.5127817599997
1001.45696358543,13.56174216
1001.63184687208,12.70559317
1001.80673015873,13.07461755
1001.98161344538,13.72433281
1002.15649673203,13.68501835
1002.33138001867,13.70474493
1002.50626330532,13.10129332
1002.68114659197,11.98055843
1002.85602987862,12.75128904
1003.03091316527,13.68601428
1003.38067973856,13.56257529
1003.73044631186,12.53043855
1004.08021288515,11.83292995
1004.42997945845,12.2939577
1004.6048627451,13.3972503800001
1004.77974603175,13.68403241
1004.95462931839,13.70571
1005.12951260504,12.90803993
1005.30439589169,11.94755666
1005.47927917834,13.1273299900002
1005.65416246499,13.79448548
1005.82904575163,11.98843662
1006.00392903828,15.92401594
1006.17881232493,15.24799134
1006.35369561158,15.3355216100001
1006.70346218487,15.56253754
1007.05322875817,13.74776483
1007.40299533147,14.52579303
1007.75276190476,11.32801169
1007.92764519141,12.387096667195
1008.10252847806,16.0272947559092
1008.27741176471,17.0692307711972
1008.45229505135,17.7730139145023
1008.627178338,19.5113392598078
1008.80206162465,18.8409300199037
1008.9769449113,18.17052078
1009.15182819795,15.70593393
1009.32671148459,16.26036212
1009.50159477124,16.17199364
1009.67647805789,16.2587652799999
1009.85136134454,16.06788624
1010.20112791783,14.54224693
1010.55089449113,13.45989692
1010.90066106443,14.16721893
1011.25042763772,15.2890796499998
1011.60019421102,14.67776463
1011.94996078431,13.65932738
1012.29972735761,14.61228711
1012.64949393091,15.40715127
1012.9992605042,15.4023783699999
1013.3490270775,15.05688743
1013.69879365079,14.36387244
1014.04856022409,14.98001348
1014.39832679739,16.06110819
1014.74809337068,16.23123621
1015.09785994398,16.24036264
1015.44762651727,15.32124125
1015.79739309057,14.54299973
1016.14715966387,15.6288698
1016.49692623716,16.3927373199998
1016.84669281046,15.5260691
1017.19645938375,13.7997844
1017.54622595705,14.14063354
1017.89599253035,15.24619249
1018.24575910364,15.39738413
1018.59552567694,15.36035728
1018.94529225023,16.2031685
1019.29505882353,15.2725118
1019.64482539683,15.39700795
1019.99459197012,15.35840114
1020.34435854342,15.36880448
1020.69412511671,15.36606541
1021.04389169001,15.36751708
1021.39365826331,15.36468789
1021.7434248366,15.36990138
1022.0931914099,15.37945241
1022.44295798319,15.2018721
1022.79272455649,16.52470448
1023.14249112979,18.27818274
1023.49225770308,15.6015630300005
1023.84202427638,17.52920209
1024.19179084967,15.79634627
1024.54155742297,14.88170648
1024.89132399626,12.00211754
1025.24109056956,14.52049286
1025.59085714286,14.38962116
1025.94062371615,13.64181328
1026.29039028945,13.4282572
1026.64015686275,12.70428693
1026.98992343604,12.85251219
1027.33969000934,12.70875523
1027.68945658263,13.47140676
1028.03922315593,13.68540318
1028.38898972922,13.65708744
1028.73875630252,13.65598944
1029.08852287582,13.69004141
1029.43828944911,13.44840487
1029.78805602241,12.73694505
1030.13782259571,12.72342991
1030.487589169,13.4054947299999
1030.8373557423,13.11567248
1031.18712231559,12.69456732
1031.53688888889,13.59439396
1032.23642203548,13.6460315
1032.93595518207,12.8342850299998
1033.63548832866,12.21286695
1034.33502147526,10.7227977
1035.03455462185,13.35688768
1035.38432119514,14.61566906
1035.73408776844,15.44686586
1036.08385434174,15.50579491
1036.43362091503,14.66622442
1036.60850420168,13.67701027
1036.78338748833,12.62532479
1036.95827077498,13.11176239
1037.13315406162,13.1747268165258
1037.30803734827,13.2376912430517
1037.48292063492,13.2461538455025
1037.65780392157,13.2307692336047
1037.83268720822,13.215384621384
1038.00757049486,13.2000000028031
1038.18245378151,13.1846153842222
1038.35733706816,13.1692307668065
1038.53222035481,13.1538461511314
1038.70710364146,13.1384615354562
1038.8819869281,13.1230769248183
1039.05687021475,13.9066831805977
1039.2317535014,15.4302479677485
1039.40663678805,13.494132668591
1039.5815200747,13.0615384582341
1039.75640336134,13.0461538425589
1039.93128664799,13.0307692277892
1040.10616993464,13.0153846187972
1040.28105322129,18.66579289
1040.45593650794,20.6152060199996
1040.63081979458,19.32326591
1040.98058636788,16.83965657
1041.33035294118,12.46402159
1041.50523622782,15.12502443
1041.68011951447,15.4356651699998
1041.85500280112,14.59910409
1042.02988608777,12.73353335
1042.37965266106,12.11151739
1042.72941923436,13.86209109
1042.90430252101,13.4376379699997
1043.07918580766,12.44796303
1043.42895238095,11.85141039
1043.77871895425,13.66713671
1044.12848552754,14.77741016
1044.47825210084,12.9723008699997
1044.82801867414,11.95575917
1045.00290196078,12.12063769
1045.17778524743,13.48771385
1045.52755182073,11.91111751
1046.22708496732,13.2920970800001
1046.92661811391,13.75262221
1047.27638468721,13.25079675
1047.6261512605,11.8751252
1047.9759178338,14.09479813
1048.3256844071,15.3822847099997
1048.67545098039,14.45933828
1049.02521755369,13.54735152
1049.37498412698,12.44900391
1049.72475070028,12.43819929
1050.07451727358,14.0249565999996
1050.42428384687,12.57450025
1050.77405042017,12.1968561
1051.12381699346,14.966921
1051.47358356676,15.45304053
1051.82335014006,14.50970099
1052.17311671335,14.55551471
1052.52288328665,14.25260814
1052.6977665733,14.19114199
1052.87264985994,14.88199268
1053.04753314659,13.3481495500003
1053.22241643324,14.30913374
1053.39729971989,14.43147601
1053.57218300654,14.82942408
1053.74706629318,11.09006673
1053.92194957983,15.5587357799999
1054.09683286648,15.26152543
1054.27171615313,15.37683878
1054.44659943978,15.4974167
1054.62148272642,14.53240783
1054.97124929972,13.53001358
1055.32101587302,13.62259637
1055.67078244631,14.30575458
1056.02054901961,15.31804977
1056.54519887955,15.35508402
1057.0698487395,13.2245115199991
1057.76938188609,10.00855183
1058.46891503268,10.09796708
1059.16844817927,10.818931
1059.86798132586,12.9157681
1060.56751447246,14.275313359999
1061.26704761905,10.92553864
1061.96658076564,10.08298027
1062.66611391223,11.8904295
1063.36564705882,13.64336486
1064.06518020542,12.9542462600005
1064.76471335201,14.76591736
1065.4642464986,14.17931004
1066.16377964519,13.26959773
1066.86331279178,12.11856514
1067.56284593838,12.5621825100001
1068.26237908497,12.79869678
1068.96191223156,12.88818137
1069.66144537815,10.15903215
1070.36097852474,8.479366001
1071.06051167134,8.48614885300015
1071.76004481793,9.018530764
1072.45957796452,10.88736769
1072.98422782446,13.62975063
1073.33399439776,10.03863371
1073.68376097105,9.3294536839998
1074.03352754435,8.624520189
1074.55817740429,10.75197312
1075.25771055089,14.66444208
1075.95724369748,12.93444875
1077.00654341737,10.1236385199998
1078.40560971055,9.278644056
1079.10514285714,10.601766
1079.80467600373,13.00946696
1080.50420915033,14.03285331
1081.20374229692,14.56491271
1081.90327544351,14.53884917
1082.25304201681,13.64314621
1082.6028085901,13.57539225
1083.30234173669,12.72225905
1084.00187488329,12.7965779700001
1084.70140802988,13.04968281
1086.10047432306,14.65229284
1087.49954061625,16.05976555
1088.89860690943,16.28509661
1090.29767320261,15.5104794499995
1091.6967394958,13.66399031
1093.09580578898,12.8976638
1094.49487208217,14.79438483
1095.89393837535,15.57553643
1096.59347152194,14.3344245399995
1097.29300466853,12.47192419
1097.64277124183,13.4164856
1097.99253781513,13.70513866
1098.69207096172,13.63108785
1099.39160410831,13.6924368199998
1100.0911372549,12.81978366
1101.49020354809,13.66125182
1102.18973669468,13.20890952
1102.88926984127,12.67627736
1103.58880298786,12.6553461000002
1104.28833613445,13.3542547
1104.98786928105,13.68039035
1105.68740242764,13.74479455
1106.38693557423,12.82304635
1107.08646872082,13.66593271
1107.78600186741,13.64209596
1108.48553501401,13.66587554
1109.1850681606,13.66032836
1109.88460130719,13.64435096
1110.58413445378,13.69616387
1111.28366760037,13.71050885
1111.98320074697,13.06707345
1112.68273389356,12.03336195
1114.08180018674,11.93414511
1114.78133333333,12.8794635300002
1115.13109990663,13.69970657
1115.30598319328,13.70699163
1115.48086647992,13.28308624
1116.18039962652,13.12398726
1116.53016619981,13.8059391499998
1116.87993277311,13.14944233
1117.2296993464,12.23966256
1117.5794659197,11.92715358
1118.27899906629,13.68254603
1118.97853221289,13.6827780099999
1120.37759850607,13.24423248
1121.07713165266,12.31445338
1121.77666479925,13.82644012
1123.17573109244,14.0114108
1124.22503081232,15.1057450400003
1124.74968067227,15.99342241
1125.09944724556,15.89373489
1125.62409710551,15.764688755
1126.3236302521,15.63564262
1127.02316339869,15.3931242000002
1127.72269654528,16.09565186
1129.47152941176,15.42146458
1132.26966199813,14.25177195
1133.49384500467,11.79766777
1134.19337815126,13.7674720500005
1134.89291129785,15.36208736
1136.46686087768,15.32890878
1138.21569374416,16.22519194
1139.96452661064,15.17486608
1142.76265919701,14.5578300100001
1145.56079178338,15.07543281
1148.35892436975,15.45960396
1150.45752380952,15.41170297
1152.206356676,15.3535904
1153.25565639589,15.35048594
1154.65472268908,15.41426982
1155.70402240896,14.5212196
1156.40355555556,14.57895629
1157.45285527544,15.47122593
1158.15238842204,15.1087974299981
1159.55145471522,14.42983489
1161.650054155,14.52394699
1162.34958730159,14.54789441
1163.04912044818,14.37666882
1163.39888702148,15.4019752099997
1164.09842016807,13.71195016
1164.79795331466,14.55870703
1165.49748646125,14.37630449
1166.19701960784,13.63297479
1166.89655275444,13.3859090900409
1167.59608590103,12.72613334
1168.29561904762,12.76758024
1168.99515219421,13.29298215
1169.6946853408,14.4829019
1170.39421848739,13.727126820002
1171.09375163399,13.65914189
1171.79328478058,12.73643608
1172.49281792717,12.97772699
1173.19235107376,13.74989702
1173.89188422035,13.6001935200008
1174.59141736695,13.82271051
1175.29095051354,12.8259081
1175.99048366013,14.56950836
1176.69001680672,13.92655349
1177.38954995331,14.4606666666669
1178.08908309991,14.4491644736843
1179.48814939309,15.1950263157896
1180.18768253968,15.8993947368421
1180.88721568627,16.1236405228758
1181.93651540616,14.8016666666665
1183.33558169935,13.7958289473685
1184.73464799253,13.5011578947368
1185.43418113912,13.4254473684213
1186.13371428571,14.8045098039215
1186.83324743231,14.1581578947366
1187.5327805789,12.6093529411767
1188.93184687208,12.3953026315793
1190.33091316527,13.9237254901961
1191.72997945845,16.264907894737
1193.12904575163,14.9987058823526
1194.52811204482,12.1002960526322
1195.40252847806,12.1815882352944
1195.75229505135,12.9450263157896
1196.97647805789,13.483137254902
1198.37554435107,14.0935328947369
1199.07507749767,14.6712894736843
1199.77461064426,13.7208684210527
1201.17367693744,15.2031241830068
1202.57274323063,16.7126862745099
1203.97180952381,16.7106315789478
1205.37087581699,15.4851052631583
1207.81924183007,14.7257697368413
1210.61737441643,12.3818823529412
1212.01644070962,13.6260657894738
1213.4155070028,16.0571764705881
1214.81457329598,15.2499210526317
1216.21363958917,13.7721372549017
1217.61270588235,13.0457894736841
1219.01177217554,12.9592614379086
1220.41083846872,13.1148815789479
1221.8099047619,12.8464052287583
1223.20897105509,13.309434210526
1224.60803734827,11.9322222222222
1226.00710364146,12.0815526315789
1227.05640336134,12.4710000000009
1227.75593650794,14.4035263157895
1228.45546965453,14.7039803921569
1229.15500280112,13.8388823529413
1229.85453594771,13.1206184210527
1230.5540690943,14.0260789473686
1231.2536022409,16.9557500000001
1232.30290196078,13.8697843137254
1233.70196825397,11.7524210526312
1235.10103454715,13.4578421052629
1237.19963398693,14.8130789473689
1237.89916713352,15.3952875816995
1239.2982334267,15.7720657894739
1239.9977665733,14.7701111111111
1241.39683286648,14.6812434210527
1242.09636601307,15.7786078431378
1242.79589915966,16.4244210526317
1243.49543230626,13.1971764705879
1244.19496545285,11.5190789473684
1244.89449859944,12.8096710526318
1246.29356489262,15.415855263158
1247.69263118581,16.7621241830064
1250.49076377218,16.3859869281046
1252.58936321195,15.6809210526318
1256.7865620915,16.3342105263158
1260.28422782446,17.1594052287585
1261.1586442577,16.9013071895428
1261.85817740429,15.4349999999998
1262.55771055089,13.9945394736843
1263.25724369748,13.9157368421053
1263.95677684407,13.7769411764705
1265.18095985061,13.3591578947368
1265.8804929972,13.9769803921568
1266.58002614379,13.8889868421055
1267.27955929038,14.0066666666666
1267.97909243697,14.0683815789469
1268.67862558357,13.008908496732
1269.37815873016,13.165980263158
1269.72792530345,13.616263157895
1270.07769187675,15.597
1270.42745845005,15.7411176470592
1270.77722502334,14.2125065789473
1271.47675816993,13.8144210526313
1271.82652474323,12.0123815789473
1272.17629131653,10.4375098039215
1272.52605788982,11.2416666666669
1272.87582446312,11.8265789473684
1273.22559103641,10.7938421052631
1273.57535760971,12.2243486842109
1273.92512418301,14.354797385621
1274.2748907563,15.3476973684214
1274.97442390289,13.2030849673199
1275.67395704949,13.5452499999994
1276.72325676937,12.9709869281047
1277.42278991597,13.1052105263161
1278.12232306256,15.8442287581701
1278.82185620915,16.7316578947368
1279.52138935574,14.9767450980388
1280.22092250233,13.8784868421052
1280.92045564893,14.0329411764706
1281.61998879552,13.9418223684208
1282.31952194211,14.1637894736842
1283.0190550887,14.5730000000001
1283.71858823529,13.5768954248364
1284.41812138189,11.672790849673
1285.11765452848,10.4598552631581
1285.81718767507,10.7241447368421
1286.51672082166,11.5339539473683
1287.21625396825,11.1810130718955
1287.91578711485,10.9483157894736
1288.61532026144,10.2187647058824
1289.31485340803,10.4214342105263
1290.01438655462,11.7007058823534
1290.71391970121,12.1999999999999
1291.41345284781,14.0796862745098
1292.81251914099,13.7427171052629
1294.21158543417,14.0613137254901
1295.61065172736,13.7748421052633
1297.00971802054,14.9026732026144
1298.40878431372,15.9914473684212
1299.80785060691,18.5718947368422
1301.20691690009,18.9561710526315
1302.60598319328,18.3786928104573
1303.48039962652,18.2636209150329
1304.17993277311,19.3247105263158
1305.40411577964,20.091657894737
1306.27853221289,18.5283618421055
1307.50271521942,15.5159999999996
1309.2515480859,14.7998157894738
1312.04968067227,15.5026710526317
1314.84781325864,15.6130460526314
1317.645945845,17.1292745098036
1320.44407843137,19.328210526316
1323.24221101774,19.2095816993467
1326.04034360411,19.1598157894735
1328.83847619048,19.9766470588243
1331.63660877684,18.8545394736842
1336.53334080299,20.0931372549022
1342.12960597572,18.5279342105258
1347.02633800187,19.7269736842105
1349.47470401494,18.9931578947379
1350.52400373483,18.7618823529413
1351.92307002801,17.1775686274508
1353.32213632119,17.221460526316
1354.72120261438,19.1409473684212
1356.81980205415,18.7423464052285
1359.61793464052,16.7814967320262
1362.41606722689,16.9730000000002
1364.16490009337,18.767368421053
1365.91373295985,18.2576907894736
1368.71186554622,15.6827124183
1371.50999813259,15.2127631578947
1374.30813071895,16.4551241830071
1377.10626330532,18.4814605263159
1378.8550961718,19.6671764705883
1380.60392903828,20.433157894737
1383.40206162465,20.1433333333334
1386.20019421102,19.6429671052633
1388.99832679739,19.8444473684212
1391.79645938375,22.0076052631578
1394.59459197012,20.898660130719
1397.39272455649,18.1599671052623
1399.84109056956,17.7997894736843
1401.58992343604,18.5994210526318
1404.38805602241,18.1163333333333
1407.18618860878,16.9657647058824
1409.98432119514,18.1464868421058
1412.78245378151,21.0708684210533
1415.58058636788,21.5100789473683
1418.37871895425,19.7319803921568
1421.17685154062,18.5581315789474
1423.97498412698,19.0102156862744
1426.77311671335,18.2563486842103
1428.52194957983,16.1417254901959
1429.92101587302,16.714105263158
1431.3200821662,19.2131764705883
1432.71914845938,21.2552434210531
1433.76844817927,22.285183006536
1435.16751447246,22.1914210526313
1436.56658076564,19.9586732026142
1437.96564705882,19.109
1438.66518020542,19.9098552631581
1439.36471335201,20.4725921052631
1440.0642464986,20.3156470588235
1440.76377964519,20.7176666666668
1441.46331279178,22.359394736842
1442.16284593838,25.8235000000013
1442.86237908497,26.8715855263156
1443.56191223156,24.8157450980389
1444.26144537815,22.8870921052631
1445.66051167133,24.7730392156862
1447.05957796452,24.1668421052632
1448.4586442577,23.4427647058822
1449.85771055089,24.7040526315792
1451.25677684407,25.0626209150328
1452.65584313725,25.5892039473684
1454.05490943044,24.1814117647056
1455.45397572362,22.5154342105259
1456.85304201681,20.3988431372548
1458.25210830999,19.3474144736842
1459.65117460317,18.6779736842105
1461.05024089636,18.7962894736841
1462.44930718954,18.8419150326798
1463.84837348273,17.9168888888887
1465.24743977591,17.3446315789474
1466.64650606909,19.7362368421053
1468.04557236228,21.3120657894732
1469.44463865546,18.2805294117643
1470.49393837535,16.4003684210526
1471.19347152194,16.5962105263159
1471.89300466853,16.6747500000001
1472.59253781513,14.5721176470586
1473.29207096172,12.5959999999997
1473.81672082166,16.2824313725495
1474.16648739496,20.098355263158
1474.51625396825,22.3398692810457
1475.21578711485,21.2739736842102
1475.91532026144,20.6650000000002
1476.61485340803,20.4508881578946
1477.48926984127,21.1479210526317
1478.88833613445,19.8716184210526
1480.63716900093,21.2450849673203
1485.53390102708,22.4076013071891
1489.03156676004,19.9622631578947
1491.82969934641,19.7318947368421
1494.62783193277,19.9370588235294
1496.02689822596,19.3869215686274
1497.42596451914,19.4813684210527
1500.22409710551,20.9400263157897
1503.02222969188,20.3821907894737
1504.77106255836,20.6470196078432
1506.17012885154,21.1488684210528
1507.56919514472,23.5563464052292
1508.96826143791,25.8046578947369
1510.7667740113,27.5257973856209
1513.66733898305,28.3357763157895
1515.4801920904,27.6503725490192
1516.93047457627,25.5639999999997
1518.38075706215,25.594
1519.83103954802,25.7146315789474
1522.36903389831,25.7412156862746
1525.26959887006,24.0113223684208
1528.17016384181,20.8087499999998
1531.07072881356,18.1193947368418
1532.52101129944,13.7910065359478
1533.97129378531,12.6718300653595
1535.42157627119,12.6680000000001
1536.14671751412,11.1450526315785
1536.87185875706,11.3215
1537.597,12.0094183006536
1538.32214124294,13.0235000000001
1538.68471186441,11.3466209150321
1539.04728248588,10.0008750000001
1539.40985310734,12.3609607843138
1539.77242372881,13.477
1540.13499435028,14.3973921568627
1541.22270621469,14.4801249999999
1544.12327118644,14.4783790849673
1551.37468361582,14.9727500000002
1557.17581355932,15.9341045751634
1565.87750847458,16.590125
1577.47976836158,18.6673421052632
1584.73118079096,18.6564999999998
1589.68268168462,16.4645620915032
1591.24526738492,16.186705882353
1592.80785308521,17.2193289473684
1594.3704387855,16.0862499999996
1595.9330244858,15.0866315789473
1598.66754946131,15.5857058823531
1603.35530656219,16.6511052631579
1612.73082076396,17.078
1620.54374926543,16.8852763157897
1631.48184916748,18.174366013072
1643.98253476983,17.1864999999999
1656.48322037218,17.8708104575164
1669.74847022429,19.0089210526315
1681.64452590874,19.8733202614379
1689.57522969838,17.7202105263157
1697.50593348801,16.5977777777777
1705.43663727765,16.2053552631579
1709.40198917247,16.6866184210528
1716.3413549884,17.2462500000007
1720.30670688322,18.5877450980392
1723.28072080433,19.8052941176469
1725.26339675174,17.7998421052632
1727.24607269915,16.5469473684211
1728.73307965971,16.5439346405229
1729.72441763341,15.6106405228759
1731.21142459397,15.4978421052631
1735.17677648879,16.7490657894738
1739.63779737046,17.6200789473685
1741.12480433101,17.3004444444445
1742.11614230472,18.3457894736843
1742.61181129157,16.9813006535947
1743.60314926527,16.3406315789474
1744.09881825213,19.0244313725484
1744.59448723898,20.8180657894736
1746.08149419954,20.4632352941176
1748.06417014695,19.7504210526315
1750.04684609435,22.1279473684212
1752.02952204176,21.4095263157894
1754.01219798917,19.4819803921562
1756.98621191029,19.0419605263159
1760.9515638051,20.2200131578947
1763.92557772622,21.3963421052631
1765.90825367363,18.9540522875821
1768.88226759474,18.6793725490199
1769.87360556845,20.8039473684212
1771.85628151585,21.3899210526316
1773.83895746326,20.7307105263159
1775.82163341067,18.9021372549021
1776.81297138438,16.4533552631575
1778.79564733179,15.5524705882355
1780.7783232792,16.9988289473684
1782.7609992266,17.8901437908496
1786.72635112142,16.6025789473685
1789.70036504254,16.7617320261444
1790.69170301624,18.6711513157895
1791.68304098995,19.9212418300653
1792.67437896365,17.6864342105263
1793.66571693736,16.7915424836603
1794.81988653234,15.1475065789471
1797.76039554613,14.4033684210526
1800.70090455992,15.492105263158
1803.6414135737,17.1671372549019
1806.58192258749,17.4484117647062
1808.05217709438,14.8641315789473
1809.52243160127,15.2249342105265
1810.99268610817,17.2580657894737
1812.46294061506,18.4619869281046
1815.40344962884,20.2744210526311
1819.81421314952,21.264758169935
1824.2249766702,22.4526447368421
1830.10599469777,23.4821437908496
1838.92752173913,25.3895526315789
1850.68955779427,25.6806013071897
1858.04083032874,23.6959999999997
1861.71646659597,22.801862745098
1863.92184835631,22.3858157894737
1865.3921028632,23.7243333333333
1865.94344830329,25.5398092105262
1866.49479374337,27.5024473684209
1868.33261187699,26.7572763157896
1872.74337539767,26.9783267973856
1883.03515694592,28.0312222222222
1890.38642948038,27.9323684210528
1896.26744750795,24.4827894736833
1902.14846553552,22.2796118421051
1906.5592290562,20.7265947712418
1915.38075609756,23.2061315789475
1924.20228313892,25.5393552631577
1938.90482820785,23.8414802631584
1959.48839130435,25.9079411764705
1972.72068186638,24.3102631578947
1978.60169989396,17.914705882353
1980.07195440085,14.3630065789479
1982.27733616119,12.6071895424836
1987.42322693531,12.3796973684212
1991.83399045599,13.4178954248366
1994.77449946978,15.1676842105261
2000.65551749735,17.8519473684205
2009.47704453871,20.2614210526318
2012.41755355249,21.0017908496732
2015.35806256628,23.3852810457516
2017.19588069989,22.8940394736844
2018.66613520679,21.2647631578949
2020.13638971368,21.7313137254903
2021.9742078473,22.9906470588236
2023.44446235419,23.4300000000001
2024.91471686108,23.3640789473684
2026.38497136798,21.7413947368421
2027.85522587487,22.7026470588237
2029.32548038176,24.8676973684211
2030.79573488865,26.4142810457516
2032.26598939555,26.951289473684
2034.47137115589,28.3455098039215
2037.41188016967,30.7635789473685
2038.88213467656,32.4387843137257
2040.35238918346,34.5366184210526
2041.82264369035,35.0224342105266
2043.29289819724,31.5323947368428
2044.76315270414,28.453
2046.23340721103,29.0518881578948
2047.70366171792,29.5530789473678
2050.64417073171,25.1721842105265
2053.58467974549,22.2009346405233
2056.52518875928,21.2239411764707
2059.46569777307,23.5774473684217
2062.40620678685,27.1682368421054
2065.34671580064,25.1967894736848
2068.28722481442,19.5810130718955
2071.22773382821,16.6471052631577
2074.75583697813,16.8681372549022
2078.3717415507,19.8554013157894
2081.08366998012,20.3079607843136
2082.8916222664,18.3830526315796
2084.69957455268,15.884235294118
2086.50752683897,18.2307105263159
2088.31547912525,23.4367516339881
2089.21945526839,25.8732631578943
2090.12343141153,30.9338758169931
2091.02740755467,33.1500592105265
2091.93138369781,27.2920131578935
2092.83535984096,23.4975
2094.64331212724,29.0304248366004
2096.45126441352,38.8059738562086
2098.2592166998,41.5182105263149
2100.06716898608,35.819526315789
2101.87512127237,31.7467302631579
2103.68307355865,32.8877647058824
2105.49102584493,33.9750789473685
2107.29897813121,34.4770784313723
2110.91488270378,31.467322368421
2118.14669184891,25.2387712418294
2125.37850099404,23.2305000000001
2132.61031013916,25.5756405228765
2138.03416699801,28.3400131578948
2141.65007157058,30.0037450980396
2145.26597614314,31.5438026315788
2148.88188071571,37.3551176470583
2150.68983300199,40.4615986842107
2152.49778528827,35.2419473684198
2154.30573757455,31.3427368421052
2156.11368986084,32.085450980392
2157.92164214712,34.0616862745094
2161.53754671968,42.5030263157915
2163.23914285714,52.5811842105277
2164.02225974026,55.8112828947369
2164.80537662338,51.0801568627446
2166.37161038961,42.9327368421054
2167.93784415584,38.822368421052
2171.07031168831,37.2694078947364
2174.20277922078,29.4511764705873
2177.33524675325,22.6996973684213
2180.46771428572,25.1664444444444
2186.73264935065,25.7945131578949
2192.99758441558,25.3906078431369
2199.26251948052,23.7154210526315
2202.39498701299,21.5239411764706
2205.52745454546,21.3930855263158
2208.65992207792,23.5639868421039
2211.79238961039,20.8089605263158
2213.35862337662,18.9417189542476
2215.70797402597,19.9705424836602
2217.27420779221,18.0690789473684
2218.84044155844,15.5710526315785
2219.62355844156,14.3898039215684
2220.40667532468,14.0777385620915
2221.18979220779,13.2277368421052
2221.97290909091,12.9711842105263
2222.75602597403,12.326519736842
2224.32225974026,12.5196470588237
2225.88849350649,12.1948421052631
2227.45472727273,12.8286666666667
2228.23784415585,15.5141776315791
2229.02096103896,18.9986666666675
2229.80407792208,16.0369078947367
2230.58719480519,13.2953856209146
2231.37031168831,13.4527960526317
2232.15342857143,14.0384210526316
2232.93654545455,14.3102631578947
2233.71966233766,14.1259150326797
2234.50277922078,12.2031710526315
2235.2858961039,13.0398421052632
2236.06901298701,14.0618815789472
2236.85212987013,13.7352941176466
2237.63524675325,14.2155490196077
2238.41836363636,12.9229999999999
2239.20148051948,10.5211052631579
2239.9845974026,11.1197105263159
2241.55083116883,12.6374183006541
2243.11706493507,13.4046315789473
2244.6832987013,12.2935555555555
2246.24953246753,11.5734999999999
2247.81576623377,11.2749934640523
2249.382,11.1457894736844
2250.55667532468,12.380934640523
2251.33979220779,13.0418684210527
2251.73135064935,13.7589607843138
2252.51446753247,15.1234078947367
2253.29758441559,15.967823529412
2254.0807012987,17.2609210526317
2255.25537662338,17.0183684210534
2256.82161038961,19.5386315789474
2258.38784415584,23.9194575163405
2259.95407792208,23.4778366013072
2262.69498701299,22.9403684210523
2265.82745454546,22.1199736842105
2268.95992207792,22.8263421052632
2272.09238961039,23.1870849673202
2274.05018181818,23.8598947368422
2276.00797402597,23.8803071895425
2280.70667532468,23.6008815789471
2286.64808294931,23.5256470588236
2292.38264516129,24.5407763157896
2298.11720737327,27.1164901960782
2303.85176958525,25.3206578947365
2309.58633179724,24.5907581699346
2315.32089400922,25.5445263157899
2321.0554562212,26.1641960784313
2326.79001843318,24.0257828947366
2332.52458064516,20.7241842105264
2338.25914285714,19.9303684210522
2343.99370506913,17.5206405228756
2349.72826728111,15.1458627450978
2355.46282949309,17.2521578947377
2361.19739170507,19.8300000000004
2366.93195391705,18.4106381578948
2372.66651612903,17.8803333333333
2378.93652795031,17.4066973684213
2386.26944720497,16.3338157894733
2393.60236645963,17.5754736842102
2400.93528571429,16.9121895424837
2408.26820496894,16.9173157894736
2415.6011242236,20.0303333333332
2422.93404347826,22.1555000000003
2430.26696273292,22.2365032679737
2437.59988198758,23.2198947368426
2444.93280124224,26.5556928104578
2452.26572049689,32.0686381578943
2457.76540993789,38.0169473684214
2459.59863975155,38.5183947368418
2461.43186956522,35.4488823529405
2463.26509937888,31.5551568627454
2466.93155900621,26.5978684210522
2470.59801863354,21.5941973684202
2474.26447826087,19.3360392156859
2477.9309378882,24.185620915033
2483.43062732919,34.0458947368435
2487.09708695652,42.0051578947363
2490.76354658385,38.0153223684191
2496.26323602485,29.2624052287567
2505.42938509317,21.1157894736828
2512.76230434783,18.4093006535948
2520.09522360249,19.9010065789473
2527.42814285714,21.9180000000004
2534.7610621118,25.6178684210539
2547.59367080745,28.9843725490197
2555.05524454829,28.0624407894737
2563.08359345794,24.4605657894736
2567.09776791277,22.4049736842102
2571.1119423676,21.937274509804
2575.12611682243,22.016
2579.14029127726,20.821
2587.16864018692,22.2535789473684
2597.20407632399,23.7571111111112
2605.23242523365,21.0617516339868
2609.24659968847,20.3191842105266
2613.2607741433,23.1360394736842
2621.28912305296,22.8511907894738
2629.31747196262,24.2788235294121
2637.34582087227,24.8712105263159
2643.36708255452,23.0061960784314
2647.38125700935,23.8974934210532
2655.409605919,27.4841307189545
2663.43795482866,26.3127105263137
2671.46630373832,19.639366013071
2679.49465264798,14.4489999999995
2687.52300155763,13.0071699346404
2695.55135046729,15.4096842105264
2697.55843769471,18.1300915032685
2700.56906853583,19.5223092105266
2701.57261214953,20.9075789473688
2703.57969937695,23.0531842105264
2707.59387383178,23.2947058823529
2711.60804828661,24.3496274509797
2715.62222274143,21.976710526315
2717.62930996885,19.3019999999999
2719.63639719626,21.089328947369
2721.64348442368,25.1498496732029
2723.65057165109,29.6055921052649
2725.65765887851,30.0827581699346
2727.66474610592,28.9519276315787
2729.67183333333,30.786535947713
2731.67892056075,31.6101052631578
2733.68600778816,28.487379084967
2735.69309501558,27.5205723684213
2737.70018224299,29.8218823529416
2739.70726947041,27.0480394736841
2743.72144392523,24.7772745098041
2747.73561838006,22.8227434210525
2749.74270560748,19.5508947368418
2751.74979283489,18.4069736842105
2753.75688006231,18.8503921568628
2755.76396728972,18.5415555555556
2759.77814174455,19.2092631578949
2761.78522897196,20.0754342105264
2763.79231619938,18.4376907894737
2765.29763161994,18.8912483660134
2766.30117523365,21.7195263157897
2767.30471884735,23.5637894736843
2768.05737655763,23.1152500000001
2768.55914836449,24.2370196078435
2769.06092017134,24.7581578947368
2769.56269197819,25.2079215686277
2770.31534968847,24.8362302631589
2771.82066510904,25.7349542483659
2773.82775233645,28.0190000000001
2775.83483956386,28.2362222222222
2777.84192679128,27.5093289473683
2779.84901401869,25.5475394736841
2781.85610124611,25.036092105263
2785.87027570094,25.656254901961
2789.88445015576,28.1406928104575
2795.90571183801,27.4425263157894
2803.93406074766,25.3697368421048
2810.95886604361,24.7487058823529
2816.84588134136,23.3595882352935
2821.38328460877,21.7489078947369
2824.40822012038,23.0006315789476
2827.43315563199,24.227269736842
2830.45809114359,24.9200653594776
2831.9705588994,25.5742894736842
2834.99549441101,29.3338169934639
2835.75172828891,29.9906973684213
2836.50796216681,32.4899607843141
2838.02042992261,33.278802631578
2839.53289767842,29.4172418300645
2841.04536543422,28.152907894737
2842.55783319003,29.984
2844.07030094583,29.5445263157885
2845.58276870164,27.3000784313722
2847.09523645744,25.9191578947366
2848.60770421324,25.5975000000001
2854.65757523646,26.9808421052633
2856.92627687016,26.9157777777776
2859.19497850387,28.2613660130718
2863.73238177128,29.3435000000005
2869.7822527945,29.5966052631576
2875.83212381772,29.4437499999999
2881.88199484093,27.0912810457508
2887.93186586415,24.1677499999994
2900.03160791058,22.6954575163402
2912.13134995701,24.3123750000002
2921.20615649183,24.813294117647
2927.25602751505,22.7809999999999
2933.30589853826,21.9280196078425
2939.35576956148,20.9215000000001
2951.45551160791,20.3351176470588
2963.55525365434,23.4380000000002
2975.65499570078,24.9875490196076
2983.21733447979,24.652625
2986.2422699914,25.4045263157896
2989.26720550301,27.0235000000003
2993.80460877042,25.0147058823528
3002.87941530525,23.1037516339857
3014.97915735168,21.1684078947373
3024.0539638865,21.3557499999997
3030.10383490972,22.9604605263157
3033.12877042133,22.764980392157
3039.17864144454,24.6486315789477
3045.22851246776,26.2030000000018
3051.27838349097,31.7634407894742
3057.32825451419,34.5940980392159
3061.8656577816,32.9454736842104
3064.89059329321,32.2158888888887
3067.91552880482,33.0141381578953
3070.94046431642,35.2606339869283
3073.96539982803,33.9310789473682
3078.50280309544,31.9963398692809
3081.52773860705,32.9342828947376
3084.55267411866,34.4223157894736
3087.57760963027,33.3555131578945
3093.62748065348,30.7742941176468
3099.6773516767,30.1394705882353
3105.72722269991,30.0304736842107
3111.77709372313,28.7465789473677
3117.82696474634,26.1374575163396
3123.87683576956,26.8413398692813
3129.92670679278,31.1220263157895
3135.97657781599,33.167407894737
3142.02644883921,32.0691842105258
3148.07631986242,30.4291111111111
3152.61372312984,30.1102368421052
3155.63865864145,29.6029411764708
3160.17606190886,31.1651315789473
3165.62047900467,31.3416862745099
3175.39155209953,31.0171447368426
3185.1626251944,33.9877450980395
3194.93369828927,33.1274276315788
3204.70477138414,27.4746315789458
3214.475844479,20.9119473684204
3224.24691757387,18.8021503267972
3234.01799066874,20.0204144736845
3243.78906376361,18.8592368421052
3253.56013685848,20.406
3263.33120995334,22.697490196079
3273.10228304821,24.7408235294125
3277.98781959565,28.4236578947369
3285.3161244168,30.6103157894739
3290.20166096423,27.8617171052629
3295.08719751166,26.0211372549015
3299.9727340591,23.8681447368419
3304.85827060653,22.7544705882352
3309.74380715397,22.4104013157895
3312.18657542768,24.1185947712424
3314.6293437014,25.4567894736839
3319.51488024883,23.5502679738557
3322.9508079034,22.623230263158
3326.1701273326,25.8821699346403
3329.3894467618,30.6333552631588
3331.8039363337,34.6092156862754
3334.2184259056,37.4521315789477
3337.4377453348,36.3994210526315
3340.657064764,30.3497368421049
3343.8763841932,23.251803921567
3348.70536333699,22.2657058823531
3353.53434248079,23.7682105263161
3356.75366190999,24.3010657894736
3359.97298133919,23.719427631579
3363.19230076839,21.1563856209141
3364.80196048299,19.5432105263158
3366.41162019758,19.1082222222224
3368.02127991218,19.1414605263157
3369.63093962678,18.960385620915
3371.24059934138,20.0985263157897
3372.85025905598,21.162477124183
3374.45991877058,21.0885131578948
3376.06957848518,19.9011568627451
3379.28889791438,19.0244210526316
3382.50821734358,18.9514117647056
3385.72753677278,19.3459013157897
3388.94685620198,18.2901315789477
3392.16617563118,22.7523289473686
3395.38549506037,25.6336601307189
3401.82413391877,25.609
3408.26277277717,26.234263157895
3410.67726234907,26.0344210526313
3412.28692206367,23.0718157894736
3414.70141163556,20.5303202614379
3417.92073106476,17.9769342105259
3421.14005049396,14.9391052631571
3427.57868935236,12.6654736842105
3434.01732821076,12.8916274509804
3440.45596706916,14.5989210526316
3446.89460592755,16.385941176471
3453.33324478595,18.2922500000004
3459.77188364435,19.9074836601308
3462.99120307354,22.0288289473685
3466.21052250274,23.2322156862745
3467.9598290788,24.071677631579
3469.78768701443,23.8002631578947
3471.61554495006,22.9989473684207
3472.52947391787,22.2828431372549
3473.44340288568,19.8105032679739
3474.3573318535,21.719
3474.8142963374,23.1550526315795
3475.27126082131,24.3040980392157
3475.72822530522,22.966294117647
3475.95670754717,21.2608157894738
3476.18518978912,20.7388421052633
3476.41367203108,20.8308355263162
3476.64215427303,23.6086732026146
3476.87063651498,26.5510394736843
3477.09911875694,26.3878692810457
3478.92697669256,23.3791118421043
3479.84090566038,19.1662483660126
3480.75483462819,18.4422631578946
3482.58269256382,18.1518954248367
3486.23840843507,17.9294473684211
3487.15233740289,18.4343157894737
3488.0662663707,20.34405263158
3489.89412430633,25.4946666666671
3493.54984017758,32.53665131579
3497.20555604884,32.1033684210526
3500.86127192009,31.1558157894731
3504.51698779134,30.3076209150327
3506.34484572697,29.9127058823529
3508.1727036626,29.9033947368421
3510.00056159822,30.7958289473684
3511.82841953385,30.499677631579
3513.65627746948,30.3802483660129
3517.31199334073,30.4736315789474
3520.96770921199,29.8448039215688
3528.2791409545,30.8312302631579
3535.590572697,29.90931372549
3542.90200443951,28.0843289473683
3550.21343618202,27.1091764705881
3557.52486792453,26.671177631579
3568.49201553829,26.3256535947713
3571.23380244173,29.0097105263157
3573.06166037736,28.7377385620915
3575.8034472808,25.1754144736836
3579.45916315205,25.4510131578947
3582.20095005549,26.4613684210526
3584.02880799112,26.9506993464051
3585.85666592675,27.2458562091503
3588.59845283019,27.5391578947369
3592.25416870144,27.3791578947367
3594.08202663707,29.5485986842107
3595.9098845727,28.3671764705887
3597.73774250833,28.6786973684209
3599.56560044395,29.0251372549021
3601.39345837958,29.5374407894737
3603.22131631521,31.8194901960781
3605.04917425083,30.2488947368414
3608.70489012209,30.9667516339867
3614.18846392897,33.3742236842111
3621.49989567148,39.6512352941174
3626.98346947836,42.6831710526316
3630.63918534961,42.2257581699347
3633.86023430963,43.7184210526319
3636.95144769875,46.5853157894737
3640.04266108787,47.2302631578948
3643.13387447699,45.3700980392159
3646.22508786611,39.3346078431368
3649.31630125523,37.6090526315789
3652.40751464436,37.9230657894738
3655.49872803347,34.187875
3658.58994142259,34.7138169934641
3661.68115481171,35.7880000000006
3664.77236820084,32.5514736842095
3667.86358158996,31.0387631578945
3670.95479497908,29.152679738562
3677.13722175732,27.8632368421054
3683.31964853557,26.1441111111106
3689.50207531381,23.7017828947365
3700.32132217573,20.6233921568627
3719.18184,19.7873684210527
3742.50984,21.1534117647059
3754.17384,20.5000394736839
3760.00584,21.911513157895
3765.74842758621,24.2402631578946
3771.33877241379,23.9412418300654
3776.92911724138,23.610339869281
3788.10980689655,23.5059210526313
3796.49532413793,20.3605263157888
3804.88084137931,17.1965032679738
3816.06153103448,13.1195947712418
3827.24222068965,12.5632368421051
3838.42291034483,13.5189736842107
3844.01325517241,14.6834736842104
3846.80842758621,13.3438823529412
3849.6036,11.9158947368421
3852.3987724138,13.6576862745098
3855.19394482759,13.9617499999999
3857.98911724138,11.0371111111108
3860.78428965517,10.6167368421053
3863.57946206897,11.7250130718954
3869.16980689655,12.8372565789473
3871.96497931035,13.3781315789475
3877.55532413793,14.231842105263
3883.14566896552,14.1600326797386
3888.7360137931,13.8136710526316
3894.32635862069,13.6162763157898
3905.50704827586,12.7186447368423
3916.68773793104,12.7646862745098
3927.86842758621,13.2622745098039
3930.6636,13.6854736842105
3933.45877241379,13.5326315789474
3939.04911724138,15.571546052632
3944.63946206897,18.0348823529413
3950.22980689655,17.1349078947368
3955.82015172414,15.5509542483661
3961.41049655172,19.5118684210522
3968.4716612529,22.623366013072
3971.92595359629,24.5313684210526
3977.10739211137,24.7231437908499
3990.92456148492,26.1173947368421
4001.28743851508,24.9965294117645
4015.10460788863,23.1330394736842
4025.46748491879,23.5092352941178
4035.83036194896,25.3086381578949
4045.78842349727,22.4853684210525
4058.57421584699,20.6469473684212
4071.36000819672,20.8105032679742
4082.54757650273,21.276627450981
4088.9404726776,25.4526710526322
4095.33336885246,29.4400789473685
4098.52981693989,31.5602171052635
4103.32448907104,28.8460457516334
4106.52093715847,27.8684210526316
4108.11916120218,28.2108366013069
4109.7173852459,24.3840855263161
4111.31560928962,17.584058823529
4114.51205737705,13.3425394736837
4116.11028142077,11.3253333333335
4119.3067295082,13.1523684210527
4120.90495355191,13.8376732026144
4122.50317759563,14.7861052631579
4124.10140163934,15.1272352941179
4127.29784972678,13.9018749999997
4130.49429781421,13.8138421052631
4138.48541803279,14.1512105263158
4143.28009016394,18.0527124183001
4156.06588251366,23.0038823529421
4169.2071,26.6087894736842
4172.7621,28.7875789473687
4175.42835,28.9523421052632
4177.20585,29.427
4178.0946,34.0058289473693
4178.98335,38.395328947369
4181.6496,33.0910526315789
4183.4271,30.0548366013069
4185.2046,29.1360526315789
4187.87085,26.6163986928095
4189.64835,21.731631578947
4191.42585,18.3638300653589
4193.20335,17.1933289473684
4194.98085,16.788751633987
4195.8696,16.149092105263
4197.6471,14.739815789474
4200.31335,16.3019210526317
4203.86835,18.6091764705881
4207.42335,19.9286862745096
4210.97835,22.378131578948
4212.75585,24.5993289473687
4218.08835,24.3224967320262
4221.64335,22.6735424836601
4228.75335,21.0683157894735
4233.75815938303,21.8280526315793
4238.73091002571,22.5437368421053
4241.21728534704,22.8216993464054
4246.19003598972,21.6947368421059
4251.16278663239,18.5786993464039
4253.64916195373,14.1204868421048
4256.13553727506,13.9236470588238
4258.6219125964,13.6518947368426
4261.10828791774,15.7470392156855
4262.35147557841,17.1620723684211
4263.59466323907,18.3462236842096
4264.83785089974,16.7429342105273
4267.32422622108,17.5150261437906
4268.56741388175,20.4133289473671
4272.29697686375,20.1539999999999
4277.26972750643,19.5141052631572
4281.62088431877,20.3528888888897
4285.97204113111,19.5786405228764
4290.94479177378,20.6458289473685
4294.67435475578,21.700065789474
4297.16073007712,22.2917763157895
4299.64710539846,21.3587254901951
4302.13348071979,19.8189473684209
4304.61985604113,19.2173529411756
4307.10623136247,20.4849934210527
4308.34941902314,19.9616078431377
4309.5926066838,20.537131578947
4310.83579434447,18.8113790849661
4312.07898200514,15.918848684211
4313.32216966581,14.0529738562095
4314.56535732648,13.7019473684203
4315.80854498715,13.7200849673212
4317.05173264781,14.9064605263159
4318.29492030848,15.0830000000001
4319.53810796915,15.5140000000001
4320.78129562982,17.0617647058828
4322.02448329049,15.6541568627435
4323.26767095116,12.3421315789473
4324.51085861183,12.8300263157891
4325.75404627249,15.7487565789474
4326.99723393316,15.0068758169929
4328.24042159383,14.7070394736845
4329.4836092545,14.6714248366018
4330.72679691517,15.9694605263157
4331.96998457584,15.9228627450981
4333.2131722365,16.2380000000002
4334.45635989717,14.9855163398692
4335.69954755784,14.9042565789474
4336.94273521851,15.5527647058822
4338.18592287918,16.0950394736843
4339.42911053985,15.7039215686275
4341.29389203085,17.2023026315799
4343.15867352185,18.457447368421
4344.40186118252,18.5594473684212
4345.64504884319,17.8035163398694
4346.88823650386,15.3440915032679
4348.13142416452,15.3343421052633
4349.37461182519,15.0648815789472
4350.61779948586,14.8619144736843
4351.86098714653,14.834444444444
4353.1041748072,15.6070526315785
4354.34736246787,15.1552105263158
4356.8337377892,13.2980723684211
4357.45533161954,13.8745882352941
4358.07692544987,15.2204605263156
4360.56330077121,15.2597450980389
4365.53605141388,15.1168552631582
4374.34285986251,14.5318169934642
4386.09293918562,16.6501052631575
4397.84301850873,21.159888888888
4409.59309783183,26.9946513157911
4416.30742887361,31.0116184210532
4419.6645943945,31.1583026315787
4426.37892543628,28.6177320261441
4433.09325647805,29.1396013071892
4439.80758751983,30.6140526315786
4453.23624960338,28.2597894736835
4460.78987202538,22.6957647058828
4464.14703754627,20.5951372549024
4467.50420306716,17.8633157894737
4471.70065996827,17.8683552631579
4475.05782548916,18.4002828947377
4480.09357377049,20.1607908496731
4493.52223585404,21.8963684210523
4506.9508979376,22.8775163398694
4520.37956002115,23.2403486842112
4533.80822210471,26.3785751634002
4540.52255314648,31.5227763157895
4545.55830142782,29.2219215686276
4548.91546694871,25.4398421052635
4552.27263246959,25.516
4555.62979799048,23.3473684210521
4560.66554627181,21.5675098039217
4567.37987731359,20.7254539473684
4572.41562559492,21.4065
4580.80853939714,22.7521710526323
4594.2372014807,24.9818758169946
4604.30869804336,24.241091503268
4611.02302908514,23.5155000000005
4617.73736012692,24.1536578947367
4621.09452564781,24.6813750000001
4624.45169116869,26.274816993465
4631.16602221047,27.29675
4634.52318773136,30.4458758169935
4637.88035325225,30.37325
4641.23751877314,32.3627843137256
4644.59468429402,41.2190000000058
4647.95184981491,49.8904117647058
4651.3090153358,51.7497500000001
4654.66618085669,52.0943464052288
4658.02334637758,47.3832499999992
4659.70192913802,40.7233529411718
4661.38051189847,36.33225
4664.73767741936,34.4113421052633
4669.77342570069,32.6405
4678.16633950291,28.2632745098038
4691.58767176187,24.5799411764704
4704.59748672566,24.6533289473685
4711.10239420756,26.5624999999996
4724.11220917136,25.7791644736842
4737.12202413516,26.0063137254902
4750.13183909896,26.7260526315792
4763.14165406275,27.063
4776.15146902655,26.3095263157896
4789.16128399035,25.4631503267973
4802.17109895414,21.1076052631576
4815.18091391794,21.4735424836598
4821.68582139984,25.2773552631585
4828.19072888174,32.6920849673174
4834.69563636364,43.1869736842108
4837.94809010459,47.1323202614381
4841.20054384553,46.4710592105246
4844.45299758649,46.6348684210531
4847.70545132744,50.8902894736827
4850.95790506838,52.5909999999999
4854.21035880933,50.7631176470587
4857.46281255028,49.5264736842106
4860.71526629123,51.6564210526318
4863.96772003218,54.3633594771231
4867.22017377313,55.5487385620913
4873.72508125503,54.6280921052632
4880.22998873693,54.2788157894733
4886.73489621883,58.2143552631584
4889.98734995977,63.2915555555527
4893.23980370072,65.391447368421
4894.65886003373,65.410901960784
4896.03845531197,61.1314934210509
4897.41805059022,55.1667647058813
4898.79764586847,54.790868421051
4899.48744350759,56.847176470588
4899.83234232715,55.9438092105263
4900.17724114671,53.5310000000007
4900.86703878583,54.8831578947365
4901.55683642496,51.6235816993478
4902.9364317032,49.1986907894734
4904.31602698145,53.2901578947379
4905.00582462057,61.256894736847
4905.6956222597,65.2365751633989
4906.04052107926,66.4968235294136
4906.38541989882,62.711710526316
4907.07521753794,60.3078157894734
4907.76501517707,60.9136513157901
4908.45481281619,61.6372549019605
4909.14461045531,59.519947368422
4909.83440809444,56.4280588235293
4910.52420573356,55.3887302631577
4911.21400337268,53.9231568627447
4912.59359865093,50.9656842105257
4913.28339629005,49.1823267973849
4915.35278920742,50.8136447368421
4916.04258684654,51.8656013071898
4917.42218212479,51.3717236842104
4918.80177740304,51.5452352941178
4920.18137268128,49.1702565789488
4921.56096795953,45.8828421052638
4922.94056323777,45.4584473684216
4925.00995615514,46.6708431372549
4929.14874198988,44.1195294117647
4934.66712310287,44.8393552631572
4940.18550421585,47.5561315789476
4945.70388532884,49.2426710526313
4951.22226644182,48.4775098039216
4956.74064755481,48.2782631578947
4962.25902866779,49.5441372549012
4967.77740978078,51.4375460526313
4969.15700505902,54.7103398692822
4970.53660033727,58.8657105263168
4971.91619561552,58.1639869281039
4973.29579089376,55.0992894736852
4974.67538617201,53.5302549019605
4976.38022047244,55.7139473684215
4978.36211023622,57.6438823529416
4980.344,59.1118421052634
4982.32588976378,57.5885657894741
4984.30777952756,53.354723684211
4986.28966929134,48.2555098039208
4988.27155905512,40.5592222222221
4990.2534488189,38.9260526315777
4994.21722834646,39.9639473684193
4998.18100787402,42.9922434210516
5004.12667716535,47.3434575163412
5008.09045669291,50.1282894736845
5014.03612598425,47.074999999999
5019.98179527559,40.6882631578953
5023.94557480315,39.2720588235294
5026.91840944882,41.0536842105271
5029.89124409449,43.8513529411778
5032.86407874016,45.6438223684209
5034.84596850394,42.0743464052297
5037.81880314961,40.1275131578938
5041.78258267717,43.6803594771244
5045.74636220473,47.9857697368441
5049.71014173228,45.6217368421041
5054.66486614173,40.9687894736863
5056.64675590551,35.7470522875825
5060.61053543307,33.0165947712406
5065.56525984252,29.726026315789
5073.49281889764,31.31727631579
5085.38415748032,31.9164313725492
5100.24833070866,29.4128823529416
5105.20305511811,27.4974210526324
5109.16683464567,28.9097894736845
5113.13061417323,29.4332302631582
5119.07628346457,25.1499281045762
5127.00384251969,22.9785921052633
5134.9314015748,24.1696862745119
5150.78651968504,27.7181315789468
5165.16220487805,27.0101437908496
5170.30610731707,26.4598421052627
5173.39244878049,27.0333333333339
5177.50757073171,23.9320986842098
5181.62269268293,21.4710657894755
5185.73781463415,25.7673421052631
5188.82415609756,27.0990000000003
5190.88171707317,25.231993421053
5196.02561951219,21.9737894736849
5204.25586341463,22.4992631578944
5212.48610731707,23.4070718954246
5220.71635121951,25.8456732026139
5228.94659512195,26.6536578947371
5237.17683902439,24.5145789473678
5249.52220487805,21.3965065789485
5265.98269268293,23.6787058823531
5278.32805853658,27.417157894736
5286.55830243902,28.4849281045753
5294.78854634146,28.1153223684216
5300.96122926829,27.5059803921559
5309.19147317073,29.8884342105267
5315.36415609756,27.8164117647057
5317.42171707317,27.5022368421055
5321.53683902439,25.3599542483649
5327.70952195122,26.79147368421
5335.93976585366,26.0498366013072
5344.1700097561,23.7421644736847
5352.40025365854,20.0000263157896
5356.51537560975,18.8842763157894
5360.63049756097,20.5631045751648
5365.05296296296,22.4946535947712
5368.5437037037,23.1324210526316
5373.19802469136,23.3787368421052
5377.85234567901,23.4753750000004
5382.50666666667,24.636882352942
5387.16098765432,25.5603421052631
5392.97888888889,28.122745098039
5402.2875308642,29.8236184210524
5411.59617283951,31.5821045751638
5430.21345679012,29.304315789472
5452.96582396088,27.885248366013
5488.9677799511,27.4670526315788
5524.96973594132,27.2477647058824
5533.01909448819,26.2375
5538.9688976378,25.0094836601295
5541.9437992126,23.9128289473684
5544.32372047244,24.7018421052631
5546.70364173228,25.8797368421053
5549.08356299213,24.7669607843132
5552.05846456693,25.9910588235304
5554.43838582677,26.9744473684211
5558.00826771654,26.3359605263158
5562.76811023622,26.8567828947368
5572.28779527559,27.5083202614378
5581.80748031496,26.3699473684202
5591.12027924845,26.0605263157895
5594.93973037776,25.1451710526316
5596.84945594242,24.0658758169935
5598.75918150708,23.4832105263158
5602.57863263639,25.239555555557
5606.3980837657,27.8354736842105
5610.21753489502,28.9521568627451
5614.03698602433,31.1257368421053
5621.67588828296,30.1204117647059
5631.22451610624,27.7807236842083
5635.04396723555,27.1863552631578
5638.86341836487,26.4348157894731
5642.68286949418,27.4593986928105
5645.54745784117,25.3554379084967
5647.45718340582,25.4155789473688
5648.88947757932,28.5714999999998
5649.84434036165,31.6643594771242
5650.79920314397,32.7057450980392
5651.7540659263,30.4449078947356
5652.70892870863,27.1226447368403
5653.66379149096,25.7304539473683
5655.09608566445,24.2664117647059
5656.05094844678,22.9917368421052
5657.96067401144,22.9367647058824
5660.82526235842,25.2859671052659
5662.73498792308,27.0732222222222
5664.64471348774,26.0034736842105
5666.55443905239,24.3861307189542
5668.46416461705,23.669697368421
5670.37389018171,21.8733947368426
5672.28361574636,22.5076052631579
5674.19334131102,22.2128039215688
5675.14820409335,21.273125
5676.10306687567,21.0968026315794
5677.057929658,22.7687763157904
5678.4902238315,21.7010980392155
5680.39994939615,20.079470588236
5682.30967496081,20.9051052631583
5683.26453774314,24.4703684210527
5684.69683191663,24.4473749999992
5688.51628304594,23.2769607843136
5696.15518530457,23.6878026315789
5709.52326425717,23.6293464052287
5724.80106877442,23.1597697368421
5740.07887329168,23.6286405228761
5747.71777555031,23.2317368421053
5750.58236389729,23.6605163398693
5753.44695224428,23.4562039473684
5759.17612893824,21.979607843137
5766.81503119687,22.7482368421055
5774.4539334555,23.8160000000002
5782.09283571413,25.1992894736837
5789.73173797275,26.8820526315787
5795.46091466673,25.167842105263
5798.32550301371,22.3906862745079
5800.23522857837,23.752882352941
5802.14495414302,23.4302236842102
5805.96440527234,22.9104868421051
5809.78385640165,21.8655526315785
5813.60330753096,19.5565228758169
5820.28734700726,19.6335789473685
5825.06166091891,21.268346405229
5826.97138648356,20.8966513157895
5828.88111204822,20.9322352941176
5830.79083761287,21.0841315789476
5832.70056317753,21.8092549019607
5834.61028874219,23.3994802631561
5838.4297398715,24.5134901960784
5842.24919100082,24.1122105263152
5846.06864213013,22.6641111111119
5847.97836769479,25.8847500000006
5849.88809325944,28.7770921052627
5853.70754438876,30.1832105263159
5857.52699551807,30.7673790849674
5859.43672108273,29.3205098039211
5861.34644664738,28.4619210526313
5864.21103499437,26.138263157896
5866.12076055903,24.5349802631577
5869.94021168834,24.5890000000005
5872.32736864416,26.6363157894746
5874.71452559998,27.362052631579
5878.5339767293,26.3349210526321
5883.30829064094,24.5363856209148
5892.85691846422,23.727894736842
5908.13472298148,25.3697712418313
5913.86389967544,27.7366381578947
5918.63821358709,25.1295359477137
5922.4576647164,18.823486842105
5926.27711584571,17.7391176470587
5932.96115532201,17.6018618421053
5940.60005758064,16.9328157894741
5946.32923427461,19.3505789473668
5952.05841096858,23.1786470588237
5959.69731322721,23.3170392156859
5963.51676435652,21.2597894736829
5971.15566661515,20.4777236842108
5978.79456887378,20.5901699346406
5986.4334711324,21.8597254901957
5991.20778504404,20.4698421052629
5995.02723617336,19.6649999999999
5997.89182452035,18.4543881578943
5999.801550085,17.7664379084965
6001.71127564966,18.9768289473687
6002.18870704082,19.6756405228756
6002.66613843199,18.6833552631575
6004.57586399664,19.2437647058828
6006.4855895613,20.4935263157888
6011.25990347294,21.615549019608
6015.07935460226,21.0867236842106
6017.94394294924,21.0946578947374
6019.8536685139,22.344
6021.76339407855,22.9044575163395
6023.67311964321,23.0100855263157
6025.58284520787,24.276894736842
6027.49257077253,24.4088421052634
6029.40229633718,24.255111111111
6031.31202190184,23.8717581699346
6033.2217474665,23.8353947368421
6035.13147303115,22.2968552631572
6037.04119859581,21.4600197368423
6038.95092416046,22.5014313725497
6040.86064972512,23.1086842105264
6042.77037528978,21.020862745098
6044.68010085444,21.5088552631584
6046.58982641909,22.3516470588236
6048.49955198375,21.5502894736843
6050.40927754841,22.0728169934638
6052.31900311307,22.1719539473683
6054.22872867772,21.8614575163398
6056.13845424237,21.3358421052631
6058.04817980703,19.524241830064
6059.95790537169,17.4533947368424
6062.82249371868,16.5681052631579
6066.64194484799,16.4383026315787
6074.28084710662,16.5969411764708
6078.10029823593,17.9492156862741
6085.73920049456,17.3740263157894
6088.60378884154,15.6749736842099
6091.46837718853,15.7618289473686
6099.10727944715,16.6484183006544
6103.8815933588,17.5911447368421
6105.79131892345,17.2775359477125
6107.70104448811,17.4540986842105
6109.61077005277,18.543640522876
6111.52049561742,18.0934210526313
6114.38508396441,15.8672745098034
6118.20453509372,16.6765986842099
6122.02398622304,18.6310588235293
6125.84343735235,19.1024342105246
6129.66288848166,16.3333921568626
6135.39206517563,14.9439539473678
6143.03096743426,14.8820789473685
6147.8052813459,14.0122631578946
6151.62473247522,12.478823529411
6155.44418360453,12.1884836601312
6159.26363473384,13.1213289473685
6162.12822308083,12.7491973684212
6167.8573997748,11.4281973684211
6173.58657646877,10.4629542483648
6177.40602759808,9.6829473684217
6181.2254787274,9.80463157894723
6185.04492985671,11.6333486842107
6188.86438098602,11.5834117647057
6192.68383211534,13.4053947368428
6196.50328324465,14.8412352941173
6200.32273437396,13.9594999999998
6203.18732272095,12.4170980392158
6205.09704828561,11.8541052631579
6207.00677385026,11.9860000000008
6209.87136219725,13.715736842106
6212.73595054423,13.3135263157894
6214.64567610889,14.271710526316
6216.55540167355,13.8816666666666
6218.4651272382,12.7923202614382
6220.37485280286,13.6225789473691
6222.28457836752,13.6522105263155
6224.19430393217,13.258
6226.10402949683,11.7725294117648
6228.01375506149,11.5406184210527
6229.92348062615,12.6647236842112
6231.8332061908,14.4096118421053
6234.69779453779,14.5324183006536
6238.5172456671,13.8178684210527
6242.33669679641,13.4738888888882
6245.2012851434,12.3275065789472
6247.11101070805,12.5065294117647
6249.97559905504,13.8404736842104
6253.79505018436,14.714522875817
6257.61450131367,13.9877828947366
6261.43395244298,12.68
6265.25340357229,12.6525789473684
6269.07285470161,13.4008823529411
6272.89230583092,15.3713618421051
6276.71175696024,14.4942500000003
6280.53120808955,14.198157894735
6284.35065921886,13.5512352941176
6288.17011034818,11.7962352941176
6291.98956147749,13.3085
6295.80901260681,13.5125263157896
6299.62846373612,12.2755000000004
6301.53818930078,12.586431372549
6303.44791486543,11.7737500000002
6305.35764043009,11.5213398692812
6307.26736599474,9.83987499999985
6309.1770915594,8.74143137254816
6312.99654268871,9.727
6316.81599381803,10.718568627451
6320.63544494734,9.892625
6322.545170512,9.75515686274512
6324.45489607666,10.9450000000004
6326.36462164131,11.1665490196078
6328.27434720597,10.848375
6330.18407277063,11.9004210526316
6332.09379833528,10.8749999999994
6334.00352389994,9.59719607843093
6335.9132494646,9.98669281045755
6337.82297502926,11.7411052631578
6339.73270059391,12.836
6343.55215172322,12.8547565789473
6347.37160285254,12.2197254901957
6351.19105398185,11.7294736842105
6355.01050511117,12.164
6358.82995624048,10.45675
6362.64940736979,9.62352287581689
6366.46885849911,8.21244736842021
6368.37858406376,8.39411764705887
6370.28830962842,9.97782894736815
6372.19803519308,9.79408496732016
6374.10776075773,9.39081578947392
6376.01748632239,11.6316666666689
6377.92721188705,12.789697368421
6379.8369374517,12.0636710526321
6383.65638858102,11.7507763157896
6387.47583971033,12.7973137254902
6391.29529083964,11.9077647058804
6395.11474196896,10.0826842105265
6398.93419309827,10.9981052631578
6402.75364422758,12.4362222222224
6406.5730953569,13.2255424836604
6410.39254648621,15.1784473684217
6414.21199761553,13.8793157894735
6418.03144874484,13.7816644736842
6421.85089987415,14.341777777778
6424.71548822114,13.8848947368419
6426.62521378579,12.5324640522867
6427.58007656812,11.9531447368422
6429.48980213278,11.3833725490202
6431.39952769744,11.5993815789472
6433.30925326209,10.4539999999999
6435.21897882675,10.3446052631579
6436.17384160908,10.5237368421056
6437.12870439141,12.0070000000002
6438.08356717374,12.0325686274509
6439.03842995606,12.6975526315791
6439.99329273839,12.6180394736838
6440.94815552072,13.6380657894737
6441.90301830305,13.134405228758
6442.85788108538,10.7121633986923
6443.33531247654,9.05386842105282
6443.8127438677,9.19689473684209
6444.29017525887,11.0780986842105
6444.76760665003,10.9176078431373
6445.2450380412,10.9436184210526
6445.72246943236,10.1062941176471
6446.19990082353,10.183072368421
6446.67733221469,10.098816993464
6447.63219499702,9.65342105263128
6448.58705777935,8.71435947712424
6449.54192056168,8.90942763157896
6450.496783344,8.68316339869292
6451.45164612633,9.58350000000026
6452.40650890866,10.1934901960784
6453.36137169099,7.8036776315785
6454.31623447332,7.1134736842106
6458.13568560264,8.0184736842104
6461.95513673195,8.13103921568611
6463.8648622966,8.21894117647081
6465.77458786126,9.5984999999999
6467.68431342592,10.5832631578948
6469.59403899057,10.1312105263158
6471.50376455523,9.8616732026142
6473.41349011989,10.0627368421055
6475.32321568454,9.50289542483712
6477.2329412492,11.5425789473684
6478.18780403153,11.9413398692808
6479.14266681386,11.9473684210526
6480.09752959618,12.4549673202614
6481.05239237851,12.1404605263158
6482.00725516084,11.7794117647058
6483.9169807255,12.5988684210525
6485.34927489899,13.6722941176475
6486.30413768132,14.2163881578947
6487.25900046365,12.7828815789475
6488.21386324598,11.7942499999996
6489.64615741947,10.767026143791
6492.51074576645,9.70488888888924
6496.33019689577,10.7448421052632
6500.14964802508,10.7977368421053
6502.05937358974,10.853039473685
6503.01423637206,12.656
6504.92396193672,13.3793947368423
6506.83368750138,13.2405789473683
6508.74341306604,13.3860065789476
6510.6531386307,11.7839803921565
6512.56286419535,11.1868157894738
6514.47258976,11.8773529411765
6516.38231532466,11.7186644736841
6518.29204088932,12.0831895424835
6520.20176645398,13.7180657894735
6522.11149201863,12.4870457516346
6524.02121758329,11.297019736842
6526.88580593028,12.9037368421054
6530.70525705959,13.668
6534.5247081889,13.7366209150323
6538.34415931822,14.1471895424845
6542.16361044753,11.9329868421053
6545.98306157684,11.7526710526314
6549.80251270616,11.8466274509803
6553.62196383547,11.5597647058826
6557.44141496478,12.1970526315789
6561.2608660941,12.0550789473683
6564.12545444108,12.131789473684
6566.03518000574,12.4225032679736
6568.89976835273,12.6566578947367
6574.6289450467,13.0618431372551
6578.44839617601,12.5468684210526
6581.312984523,12.7043986928106
6583.22271008765,13.2450526315787
6585.13243565231,14.3137581699345
6587.04216121697,13.4758618421055
6588.95188678162,12.6462763157894
6590.86161234628,13.6276184210532
6592.77133791093,15.0049999999998
6594.68106347559,14.2623486842101
6597.54565182258,14.035157894737
6601.36510295189,14.5041578947372
6605.1845540812,13.2501830065348
6608.04914242819,12.7747450980397
6609.95886799285,11.3935000000001
6611.8685935575,11.7631710526315
6613.77831912216,12.611269736842
6615.68804468682,13.7266209150324
6617.59777025147,13.097052631579
6619.50749581613,14.3586732026139
6621.41722138079,14.2980723684206
6623.32694694545,14.6800392156865
6625.2366725101,15.0394078947361
6627.14639807476,13.3195882352944
6629.05612363942,12.0511513157892
6630.96584920407,10.2138562091505
6632.87557476873,11.9195789473685
6634.78530033338,14.8504575163413
6636.69502589804,14.8581973684213
6639.55961424502,15.4694078947368
6641.46933980968,15.2178289473685
6645.288790939,13.4768627450983
6649.10824206831,12.2552287581704
6652.92769319762,13.291947368421
6660.56659545625,14.1593157894739
6668.20549771488,14.0348750000001
6672.02494884419,13.5281764705883
6673.93467440885,13.1354210526314
6675.8443999735,12.6625294117649
6677.75412553816,12.6163223684214
6681.57357666748,14.1810326797385
6685.39302779679,15.307842105263
6688.25761614378,13.1757189542478
6689.68991031727,12.5342565789474
6691.12220449076,12.8832549019608
6694.94165562007,12.1731973684211
6698.76110674939,11.8091241830065
6706.40000900801,14.4405328947384
6717.85836239595,16.0570526315789
6725.49726465458,16.5953157894737
6733.13616691321,17.4170392156862
6740.77506917184,18.7396274509804
6748.41397143046,17.5623815789469
6756.05287368909,17.1412631578946
6763.69177594772,17.1304342105263
6771.33067820634,18.1035490196079
6782.78903159429,17.6685
6790.42793385291,16.4021842105253
6798.06683611154,16.1594342105264
6805.70573837017,14.7088496732029
6813.34464062879,14.3103421052632
6820.98354288742,15.5871111111112
6828.62244514605,13.9424802631574
6836.26134740468,12.1229411764706
6843.9002496633,12.9408947368421
6851.53915192193,12.4498235294118
6859.17805418056,12.1747894736842
6864.90723087453,12.8717368421062
6868.72668200384,13.6974078947369
6872.54613313316,14.174568627451
6885.91421208575,13.6224509803922
6901.19201660301,13.3437894736842
6931.74762563752,13.6312894736847
6950.84488128408,14.2790326797386
6962.30323467202,13.5139673202613
6977.58103918928,13.1584736842105
6992.85884370653,12.835052631579
7008.13664822379,12.341717105263
7023.41445274104,11.5429411764706
7046.33115951692,12.0986315789474
7057.78951290486,11.901137254902
7065.42841516349,11.7325328947368
7073.06731742212,12.0195555555559
7080.70621968075,14.1458289473684
7092.16457306869,14.3254509803922
7103.62292645663,13.1687697368423
7111.26182871525,11.9877631578949
7118.90073097388,14.0270526315793
7126.53963323251,14.5334509803921
7134.17853549113,13.7692763157895
7141.81743774976,14.068855263158
7149.45634000839,15.0819473684211
7157.09524226702,15.5076274509804
7164.73414452564,15.5673137254901
7172.37304678427,13.8272105263156
7176.19249791358,13.2562631578947
7183.83140017221,13.0608684210527
7195.28975356015,13.2349150326795
7202.92865581878,13.1561447368421
7210.56755807741,12.1181241830065
7218.20646033603,11.6775000000002
7233.48426485329,10.6138104575162
7248.76206937054,10.0911842105265
7260.22042275848,11.6954379084968
7267.85932501711,12.0175592105263
7279.31767840505,10.817745098039
7302.23438518093,12.7273684210529
7317.51218969819,15.1138235294119
7332.78999421544,15.4618815789474
7348.0677987327,14.3697368421048
7355.70670099132,12.7249999999999
7370.98450550858,13.2120849673203
7386.26231002583,14.3850392156863
7401.54011454309,14.3544999999999
7412.99846793103,13.6285657894736
7420.63737018965,14.0085526315788
7428.27627244828,13.5741895424838
7434.00544914225,12.856684210526
7437.82490027157,12.4208039215688
7441.64435140088,13.2635855263156
7445.46380253019,12.9061176470588
7449.28325365951,12.1518552631577
7453.10270478881,14.5486274509808
7456.92215591813,15.2219868421052
7460.74160704745,14.1740588235291
7464.56105817676,14.4184736842103
7470.29023487072,14.7174640522875
7477.92913712935,12.806453947368
7485.56803938799,11.5188421052629
7491.29721608196,11.5273947368424
7495.11666721127,13.0215882352942
7498.93611834058,12.6160784313723
7502.7555694699,11.3499999999998
7506.57502059921,12.3425
7512.30419729318,13.1937039473685
7518.03337398715,13.5939999999999
7521.85282511646,12.966631578947
7525.67227624578,13.2652236842107
7529.49172737509,13.4547105263163
7533.31117850441,13.8857712418296
7537.13062963372,13.2538947368421
7540.95008076303,12.0725359477126
7542.85980632769,12.8138881578948
7544.76953189235,13.8730130718956
7546.679257457,12.7331447368416
7548.58898302166,11.3450784313725
7550.49870858631,11.8351381578948
7552.40843415097,13.1187894736834
7554.31815971563,11.1235263157895
7558.13761084494,11.0814705882353
7560.0473364096,12.1593529411762
7561.95706197426,12.5674605263156
7565.77651310357,13.6526842105269
7568.64110145055,12.864078431372
7575.32514092685,12.4361045751627
7584.87376875014,12.9142105263144
7600.15157326739,14.4354736842105
7609.70020109068,14.2546315789467
7623.06828004327,12.6756078431373
7634.52663343121,12.6963289473684
7642.16553568984,13.0783986928104
7645.98498681916,13.4155921052632
7646.93984960148,14.7579411764712
7647.89471238381,15.1108947368421
7648.84957516614,14.8051568627448
7649.80443794847,14.0935592105264
7650.7593007308,15.5917105263155
7651.71416351312,14.4782236842102
7653.62388907778,11.3790392156859
7657.4433402071,10.3066907894738
7661.26279133641,10.342736842105
7665.08224246572,11.164526315789
7668.90169359504,12.8171111111121
7672.72114472435,13.047130718954
7676.54059585366,13.469276315789
7691.81840037092,12.7053947368422
7707.09620488817,12.9261776315796
7722.37400940543,15.8373725490212
7730.01291166405,17.7075526315789
7735.74208835802,16.372411764705
7741.471265052,14.4392565789471
7749.11016731062,15.8073725490199
7754.83934400459,14.7954736842107
7757.70393235158,14.7653137254903
7759.61365791623,12.8657368421047
7761.52338348089,10.4140718954253
7763.43310904555,11.8524736842117
7765.3428346102,14.4962287581704
7767.25256017486,14.7247500000001
7770.11714852185,13.967184210526
7773.93659965116,13.748789473684
7777.75605078047,12.9318823529407
7781.57550190979,11.601176470588
7785.3949530391,11.3904210526316
7791.12412973307,12.7293421052638
7798.7630319917,12.582414473684
7802.58248312101,13.6332156862745
7806.40193425033,14.2411447368422
7814.04083650895,14.2371633986933
7817.86028763827,12.3290592105258
7821.67973876758,11.1444379084969
7825.49918989689,10.8594210526316
7829.31864102621,11.7013464052284
7833.13809215552,10.6172434210528
7836.95754328483,10.2941764705882
7840.77699441415,9.7820263157891
7844.59644554346,10.0669999999997
7848.41589667278,8.68690131578921
7852.23534780209,8.57599999999992
7856.0547989314,10.5342631578956
7859.87425006071,11.8536535947711
7863.69370119003,11.511450980392
7867.51315231934,11.627999999999
7871.33260344866,9.99426315789494
7875.15205457796,8.59294078947431
7877.06178014263,9.72843137254897
7878.97150570728,9.9241052631579
7880.88123127194,10.4775789473687
7882.7909568366,10.1297105263159
7884.70068240126,9.48221568627437
7886.61040796591,10.2374473684209
7890.42985909522,10.652294117647
7894.24931022454,10.36184868421
7898.06876135385,11.0098954248365
7901.88821248316,10.2608947368424
7905.70766361248,10.4051111111112
7909.52711474179,9.60571052631559
7913.34656587111,10.7009605263163
7917.16601700042,12.1566315789471
7919.07574256508,12.8584509803919
7920.98546812973,12.9140522875817
7922.89519369439,12.9245263157895
7924.80491925905,13.0727368421054
7926.71464482371,12.3992941176471
7928.62437038836,12.3899215686268
7930.53409595302,12.0050921052631
7932.44382151767,11.5985921052633
7934.35354708233,9.92761842105202
7936.26327264699,9.8442614379084
7938.17299821164,11.8054210526324
7940.0827237763,11.9056274509806
7941.99244934096,10.269467105263
7945.81190047027,9.6064444444441
7949.63135159958,10.6609868421052
7953.4508027289,11.5719346405231
7959.17997942287,12.7450921052631
7966.8188816815,12.93
7972.54805837547,13.2387368421049
7979.23209785176,13.3590784313725
7981.14182341642,13.4283289473683
7987.82586289272,15.02925
7991.64531402203,17.9501184210524
7993.55503958669,20.8006209150339
7995.46476515135,19.2846928104575
7996.41962793367,18.0394999999995
7997.37449071601,18.4086052631578
7998.32935349833,19.3477499999999
7999.28421628066,18.2258758169925
8000.23907906299,16.31075
8001.19394184532,15.8196013071895
8002.14880462765,16.215875
8003.10366740998,16.1288039215686
8006.92311853929,17.1089999999985
8012.65229523326,15.640862745098
8016.47174636257,15.7127499999992
8024.1106486212,19.3298366013075
8027.93009975051,19.3125
8031.74955087983,17.7023464052277
8035.56900200914,17.82425
8043.20790426777,17.429631578947
8050.8468065264,15.6445
8054.66625765571,15.2985490196079
8058.48570878502,15.8101372549011
8062.30515991433,15.3205657894738
8064.214885479,15.49975
8066.12461104365,14.1964868421051
8068.03433660831,11.9665098039215
8069.94406217296,12.2371578947375
8071.85378773762,12.773
8073.76351330228,13.6941907894733
8075.67323886694,13.9056732026145
8077.58296443159,14.4935789473684
8079.49268999625,14.9635032679735
8081.4024155609,13.5992368421051
8083.31214112557,12.8648039215686
8085.22186669022,11.9518157894737
8087.13159225487,12.4350980392157
8089.04131781953,12.8470131578952
8090.95104338419,13.5047105263158
8092.86076894884,14.2980526315795
8094.77049451351,15.2895098039216
8096.68022007816,14.2382941176469
8098.58994564281,12.2533684210523
8100.49967120747,12.6428947368422
8102.40939677213,12.4340849673202
8104.31912233678,14.1619281045753
8106.22884790144,15.9209868421055
8108.1385734661,15.9035131578943
8110.04829903076,17.0057368421053
8111.95802459541,18.6893333333338
8113.86775016007,18.0373157894736
8117.68720128938,18.266294117647
8121.5066524187,18.1278750000004
8127.23582911267,18.622274509804
8134.87473137129,17.4648289473682
8142.51363362992,16.4846666666666
8148.24281032389,16.1678947368421
8152.06226145321,16.9826315789469
8155.88171258252,15.6804736842107
8159.70116371183,16.539183006536
8163.52061484114,19.2485197368425
8167.34006597046,16.5058026315786
8171.15951709977,14.3527894736832
8174.97896822908,13.9590261437909
8177.84355657607,17.2310130718957
8179.75328214073,17.2950789473686
8181.66300770539,14.496184210526
8183.57273327004,15.6742171052638
8185.4824588347,18.3441764705888
8187.39218439935,18.3647763157891
8189.30190996401,18.0611176470584
8191.21163552867,16.0518355263157
8194.07622387565,16.1103529411766
8203.62485169893,15.3727368421052
8206.48944004592,15.1133333333333
8208.39916561058,15.3546644736842
8210.30889117524,14.968450980392
8212.21861673989,14.7651578947371
8214.12834230455,15.427274509804
8216.03806786921,15.5669078947368
8218.90265621619,15.3222368421052
8222.72210734551,15.4903421052631
8230.36100960413,17.6621568627458
8237.99991186276,17.9705294117645
8243.72908855673,16.3390394736835
8247.54853968604,15.8944473684211
8251.36799081536,15.3306447368423
8255.18744194467,15.6213856209149
8259.00689307398,17.6977894736846
8262.8263442033,17.2153333333331
8266.64579533261,16.1244013157896
8270.46524646193,16.86683006536
8274.28469759124,18.6549342105267
8278.10414872055,17.8833529411765
8281.92359984987,16.8900065789468
8285.74305097918,16.8619215686272
8291.47222767315,17.453
8299.11112993178,17.3931568627451
8306.75003219041,15.36434868421
8318.20838557835,15.1855657894726
8325.84728783697,13.349947368421
8333.4861900956,14.1954967320263
8341.12509235423,18.0431111111113
8352.58344574217,18.5357894736842
8364.04179913011,17.399526315789
8369.77097582407,15.6065921052637
8373.59042695339,14.0018823529411
8379.31960364736,13.4903026315787
8383.13905477668,15.1781315789479
8386.95850590599,18.3216842105268
8390.77795703531,19.0540784313726
8398.41685929393,18.1173421052629
8402.23631042325,16.3822941176478
8406.05576155256,17.9627434210526
8407.96548711722,19.4043660130727
8409.87521268187,17.677263157895
8410.8300754642,17.2176535947716
8412.73980102886,18.1233486842107
8414.64952659351,17.5241578947371
8416.55925215817,16.5048947368421
8418.46897772283,17.2808169934637
8420.37870328749,17.0134183006533
8422.28842885214,16.2295131578946
8425.15301719913,15.5378026315788
8426.58531137262,15.2279019607843
8428.01760554611,15.1599411764698
8429.4498997196,17.1949473684211
8430.40476250193,16.7486315789471
8431.83705667542,15.3626842105263
8433.74678224008,16.2366535947718
8435.65650780474,17.0867236842104
8436.61137058707,17.1127647058821
8437.56623336939,16.5442499999999
8439.47595893405,15.2940653594774
8441.38568449871,15.9111578947376
8444.2502728457,17.8302287581696
8448.06972397501,19.004407894737
8455.70862623363,19.0072763157902
8463.34752849226,19.9450263157895
8470.98643075089,17.6253333333321
8478.62533300953,14.7446447368427
8486.26423526814,13.7453947368421
8493.90313752676,14.3611578947366
8499.63231422075,13.1319542483662
8503.45176535006,11.8398888888887
8507.27121647937,12.9365526315785
8513.00039317334,14.7839868421056
8520.63929543197,15.5117828947369
8528.27819769059,15.6655490196078
8539.73655107853,15.146684210526
8555.01435559579,12.9356797385623
8562.65325785442,12.8258750000002
8570.29216011304,13.5456274509802
8576.02133680701,13.1545263157898
8581.75051350098,12.1628823529423
8589.38941575961,15.3847039473679
8597.02831801824,16.5706535947712
8604.66722027687,16.2152631578935
8612.30612253549,15.8090718954245
8619.94502479411,15.2982828947362
8623.76447592343,14.310552631579
8627.58392705275,14.1151315789473
8631.40337818206,14.5047058823533
8635.22282931137,12.7161307189541
8646.68118269931,13.6677894736842
8661.95898721657,14.5167368421051
8677.23679173382,14.6293815789474
8684.87569399245,13.7369999999995
8692.51459625108,13.9731184210525
8700.15349850971,14.8639215686276
8707.79240076833,15.2731578947368
8715.43130302696,17.4572091503265
8723.07020528558,19.8078157894745
8730.70910754421,19.1220784313728
8738.34800980284,17.7751907894736
8745.98691206147,16.0952026143792
8753.62581432009,14.3493684210526
8761.26471657872,14.0620065359481
8768.90361883735,14.8894276315789
8776.54252109598,15.5148421052631
8784.1814233546,15.3764210526315
8791.82032561323,14.8585882352942
8799.45922787186,13.7393529411757
8809.00785569514,12.906947368421
8818.55648351842,13.1972105263158
8826.19538577705,14.6522368421059
8833.83428803568,15.2690588235294
8837.65373916499,14.8805526315789
8841.47319029431,13.5133684210528
8845.29264142362,13.080828947368
8849.11209255293,11.3487581699346
8852.93154368225,12.9825789473683
8856.75099481156,14.1008888888894
8860.57044594088,14.0400986842106
8864.38989707019,13.0290784313725
8868.2093481995,12.2467894736844
8872.02879932882,13.0453529411764
8873.93852489347,13.633
8879.66770158744,14.4082894736842
8883.48715271676,14.3263026315789
8884.91944689025,13.8849477124179
8885.87430967258,13.7122483660131
8886.8291724549,12.2000000000002
8888.2614666284,12.5651315789474
8890.17119219306,14.5845294117648
8894.94550610469,13.2774575163405
8900.67468279867,13.7100921052631
8904.49413392798,14.0414210526319
8906.8812908838,14.5525789473685
8907.83615366613,15.3091176470588
8908.79101644846,14.457526315789
8910.22331062195,13.8880784313725
8914.04276175127,15.1470263157903
8915.95248731592,16.5432222222222
8917.86221288058,16.9717368421051
8919.77193844524,15.4451960784313
8921.68166400989,16.7665723684211
8922.63652679222,17.845447368421
8923.59138957455,16.9752105263157
8925.50111513921,17.1542352941177
8927.41084070386,17.3677499999998
8929.32056626852,16.2016184210523
8930.27542905085,15.2195789473691
8931.23029183318,17.6394901960786
8932.1851546155,17.1893921568627
8933.14001739783,16.0105789473675
8935.04974296249,15.905052631579
8936.95946852715,15.5000723684209
8940.77891965646,14.8017385620914
8944.59837078577,14.2577894736842
8948.41782191509,14.0030065359464
8952.2372730444,12.4747697368421
8956.05672417372,12.2380130718954
8959.87617530303,13.2442105263157
8962.74076365001,12.7421568627451
8967.51507756166,13.2920789473689
8975.15397982028,13.8633529411765
8982.79288207891,14.6534999999999
8990.43178433754,14.6033529411765
8998.07068659616,15.8647960526317
9005.70958885479,15.9961578947369
9013.34849111342,15.0569473684208
9024.80684450136,14.3267908496733
9032.44574675999,13.0440261437908
9040.08464901861,13.092855263158
9055.36245353587,13.5752894736844
9068.73053248846,13.5158684210525
9076.36943474709,13.1862222222224
9080.18888587641,14.009
9084.00833700572,14.397091503268
9087.82778813503,14.6599539473681
9091.64723926434,14.6463529411766
9095.46669039366,13.9316973684208
9099.28614152298,13.5420588235294
9103.10559265229,12.8498157894735
9106.9250437816,12.9333856209152
9110.74449491091,12.7731052631583
9116.47367160488,14.5724052287583
9124.11257386351,16.5289013157896
9129.84175055748,17.1008289473687
9133.66120168679,17.8179999999997
9137.48065281611,16.8808431372547
9143.20982951008,16.5062156862742
9148.93900620405,15.846736842105
9152.75845733336,15.6480789473681
9156.57790846268,16.2655855263156
9160.39735959199,15.8646666666669
9164.2168107213,16.5836842105263
9168.03626185062,15.294736842105
9171.85571297993,14.6578223684213
9174.72030132692,15.2072418300653
9176.63002689157,14.6565263157894
9178.53975245623,13.9182679738561
9180.44947802089,14.0605921052631
9182.35920358554,12.8353921568621
9184.2689291502,14.9840131578956
9186.17865471486,17.239640522876
9188.08838027951,16.4088618421048
9189.99810584417,14.8190263157889
9191.90783140883,16.8948157894741
9193.81755697348,17.8152352941176
9197.6370081028,15.6173725490192
9201.45645923211,14.1863289473685
9205.27591036142,15.469
9207.18563592608,16.8378496732029
9209.09536149074,17.0206993464055
9211.0050870554,17.6737368421054
9212.91481262005,17.8346315789473
9214.82453818471,18.4969605263156
9216.73426374937,20.2072287581707
9220.55371487868,21.5475921052633
9222.46344044333,21.6675555555549
9222.9408718345,18.318894736841
9223.41830322567,16.8631764705883
9224.37316600799,18.0663157894743
9225.32802879032,19.2903921568624
9226.28289157265,19.2932105263159
9227.23775435498,20.9737236842107
9228.19261713731,20.5467500000004
9229.14747991963,18.9433921568627
9230.10234270196,18.6241513157894
9231.05720548429,18.0924210526308
9232.01206826662,16.3799999999998
9232.96693104895,15.6635555555557
9233.92179383128,16.0404771241823
9234.87665661361,13.8657368421047
9235.83151939593,13.0255657894736
9236.78638217826,16.9514407894749
9237.74124496059,18.9148039215686
9238.69610774292,17.0258684210518
9239.65097052525,16.1535882352946
9240.60583330758,18.643447368421
9241.5606960899,19.9925620915029
9242.51555887223,18.870842105264
9244.42528443689,16.7755032679745
9246.33501000155,18.2598552631581
9248.2447355662,19.7275620915039
9249.19959834853,18.6729473684206
9250.15446113086,17.1969411764709
9251.10932391319,16.9135065789474
9252.06418669552,17.191631578946
9253.01904947785,14.5056184210526
9253.97391226017,13.8116470588234
9254.9287750425,16.687607843137
9255.88363782483,17.8187368421054
9257.79336338949,16.5568684210518
9259.70308895414,16.6933421052631
9261.6128145188,17.4731699346409
9263.52254008346,17.1468421052634
9265.43226564811,15.72560130719
9267.34199121277,16.5710723684206
9269.25171677743,16.1996405228759
9271.16144234209,16.2524736842105
9273.07116790674,17.5221895424835
9274.9808934714,17.1595789473682
9276.89061903605,17.0606470588238
9278.80034460071,15.2760657894735
9280.71007016537,16.2197058823524
9282.61979573002,17.4982565789468
9284.52952129468,17.9246842105276
9286.43924685934,19.0628684210518
9288.348972424,16.9361045751628
9290.25869798865,17.1540261437907
9292.16842355331,17.0173947368421
9294.07814911797,15.2270394736834
9295.98787468262,15.1678552631582
9297.89760024728,15.4146862745097
9299.80732581194,14.5356315789472
9301.71705137659,14.9183157894736
9303.62677694125,15.7689144736831
9305.53650250591,15.1437843137263
9307.44622807056,16.4772236842104
9309.35595363522,17.1600196078418
9311.26567919988,14.4792960526318
9313.17540476454,14.7211895424842
9315.08513032919,16.9920263157901
9316.99485589385,19.3925555555561
9318.9045814585,20.5811118421048
9320.81430702316,18.9071973684212
9322.72403258782,17.4108026315791
9324.63375815247,18.1489607843137
9326.54348371713,17.286483660131
9328.45320928179,15.8654736842109
9330.36293484645,16.418
9332.2726604111,17.7800000000008
9334.18238597576,19.1784313725489
9336.09211154042,19.0510789473684
9338.00183710507,18.5957763157892
9339.91156266973,18.9247039473685
9341.82128823439,18.2645816993463
9345.6407393637,19.2214210526325
9349.46019049301,20.1638235294118
9353.27964162233,18.8585197368397
9357.09909275164,14.4028758169936
9360.91854388095,13.4444078947368
9368.55744613958,15.8182941176481
9376.19634839821,16.4351381578948
9383.83525065684,16.5309999999984
9387.65470178615,13.7148947368423
9391.47415291546,11.9067843137253
9395.29360404478,13.4011250000012
9399.11305517409,14.783
9402.9325063034,13.6576578947368
9406.75195743272,12.3718888888889
9410.57140856203,11.7945098039215
9414.39085969134,11.8910000000008
9418.21031082066,13.7874736842104
9422.02976194997,15.8593750000007
9425.84921307929,16.9810196078431
9433.48811533791,15.81425
9441.12701759654,16.218379084966
9448.76591985517,14.51275
9456.40482211379,14.5994901960784
9464.04372437242,15.094
9471.68262663105,15.1689411764703
9479.32152888968,15.2578750000014
9483.14098001899,16.202137254902
9486.9604311483,18.5154999999994
9490.77988227762,17.9704248366013
9494.59933340693,16.275125
9498.41878453624,14.9218684210528
9502.23823566556,16.18
9506.05768679487,18.1777647058831
9509.87713792418,18.6852614379085
9513.6965890535,16.6749868421051
9521.33549131213,17.1602500000006
9528.97439357075,18.704197368421
9536.61329582938,17.8460980392151
9544.252198088,16.1983157894736
9551.89110034663,16.922
9559.53000260526,16.7769802631575
9567.16890486389,16.6374117647059
9578.62725825183,17.7131710526324
9593.90506276908,17.4588692810457
9601.5439650277,17.4190000000001
9616.82176954496,18.156
9632.09957406223,17.4406052631576
9647.37737857947,15.0745294117652
9662.65518309674,15.2302894736842
9670.29408535535,16.0004078947369
9677.93298761399,16.2935657894741
9685.57188987261,17.5715686274511
9693.21079213123,17.3148235294118
9700.84969438986,17.0444736842104
9704.66914551917,17.2685789473685
9708.48859664849,19.1617843137269
9712.30804777781,20.5589019607841
9716.12749890712,18.243289473683
9723.76640116574,16.2314605263157
9731.40530342437,16.9587960526315
9739.044205683,16.6598888888888
9742.86365681231,16.114894736842
9746.68310794163,16.1912222222221
9750.50255907094,15.5606118421052
9758.14146132957,15.4172941176471
9769.59981471751,15.3920131578943
9784.87761923476,14.8198039215686
9792.51652149339,15.0765986842106
9800.15542375201,17.2545789473691
9807.79432601064,20.0706315789475
9823.0721305279,18.5584705882334
9838.34993504515,14.1484407894731
9853.62773956241,13.026539473685
9868.90554407966,15.8653157894741
9884.18334859691,18.3119281045755
9899.46115311417,18.8553725490196
9914.73895763142,19.9492631578952
9930.01676214868,20.6807368421052
9945.29456666593,20.1410723684207
9956.75292005387,19.3594901960786
9960.57237118319,19.7628421052632
9968.21127344181,18.9416470588235
9983.48907795907,18.9621578947368
9998.76688247632,19.8185947712422
10014.0446869936,17.7206315789474
10029.3224915108,17.5443006535945
10044.6002960281,18.8183815789479
10059.8781005453,19.547614379085
10075.1559050626,20.2161842105267
10090.4337095798,21.0654052287581
10105.7115140971,21.417973684211
10120.9893186144,19.8440000000001
10136.2671231316,20.5648157894739
10151.5449276489,22.1840784313728
10166.8227321661,21.0095882352937
10174.4616344247,19.2497236842097
10182.1005366834,19.7724605263161
10189.739438942,19.6130065789475
10197.3783412006,19.0676666666661
10205.0172434593,18.9086842105267
10212.6561457179,20.1004967320267
10220.2950479765,21.4469013157891
10227.9339502351,19.5466862745093
10235.5728524938,18.244486842105
10243.2117547524,20.8608300653601
10250.850657011,22.3714210526316
10258.4895592696,18.759352941175
10273.7673637869,16.1486578947368
10289.0451683042,17.7808431372549
10304.3229728214,19.4504013157896
10319.6007773387,20.4126052631571
10334.8785818559,18.6671052631576
10350.1563863732,18.2220392156863
10365.4341908904,20.2261111111112
10380.7119954077,19.9655263157889
10395.9897999249,19.0612631578947
10411.2676044422,20.037440789474
10426.5454089594,20.5656797385618
10434.1843112181,20.6806315789475
10441.8232134767,19.5654999999996
10449.4621157353,19.0972368421049
10457.101017994,20.0736862745107
10464.7399202526,20.6644473684209
10472.3788225112,21.185117647059
10480.0177247698,20.5241907894737
10487.6566270285,20.3443464052287
10495.2955292871,22.9268684210529
10502.9344315457,23.3005620915032
10510.5733338043,21.2098092105257
10518.212236063,20.0129473684204
10525.8511383216,18.9090000000001
10533.4900405802,19.4055882352942
10541.1289428389,17.7960980392153
10548.7678450975,16.4474210526316
10556.4067473561,16.5464605263162
10564.0456496147,18.239333333334
10571.6845518734,19.1231764705887
10575.5040030027,19.5658421052629
10579.323454132,16.811105263157
10583.1429052613,15.69757236842
10586.9623563906,15.0419738562101
10590.7818075199,16.02775
10594.6012586492,17.8362810457513
10598.4207097786,17.8483618421054
10602.2401609079,18.5875163398693
10606.0596120372,20.5606842105265
10609.8790631665,21.1526601307193
10613.6985142958,21.7958815789475
10617.5179654251,20.3771315789477
10625.1568676837,18.2478552631575
10628.9763188131,17.4006666666664
10632.7957699424,18.8730000000008
10636.6152210717,19.1119999999997
10640.434672201,18.2425263157893
10644.2541233303,17.378470588235
10648.0735744596,16.3503986928103
10649.9833000243,16.1009078947368
10651.8930255889,17.3366973684217
10655.7124767183,17.4623750000001
10659.5319278476,16.0548235294108
10663.3513789769,14.0586315789466
10670.9902812355,13.8018692810461
10678.6291834941,14.9852302631587
10686.2680857528,15.8193137254902
10701.54589027,17.1736842105268
10709.1847925286,18.3826470588241
10713.004243658,19.1821973684211
10714.9139692226,19.5224248366015
10716.8236947873,21.1559473684211
10720.6431459166,20.9201699346399
10724.4625970459,19.7130986842101
10732.1014993045,20.5408552631579
10747.3793038218,20.2867236842096
10762.657108339,18.5088431372551
10793.2127173735,17.6575294117649
10816.1294241494,17.0922105263147
10831.4072286667,17.5072105263164
10850.5044843133,17.3108947368436
10854.3239354426,18.9747647058825
10858.1433865719,21.1845789473701
10865.7822888305,22.943000000001
10873.4211910891,24.2006907894735
10877.2406422184,23.3964117647058
10879.1503677831,22.7664473684211
10881.0600933478,23.8402091503265
10882.9698189124,22.9882894736837
10884.8795444771,20.4846928104576
10886.7892700417,21.1427894736837
10888.6989956064,20.8515816993463
10890.608721171,18.5573289473668
10892.5184467357,18.6980000000002
10894.4281723004,18.8997368421053
10896.337897865,17.9926470588228
10900.1573489943,17.2968431372548
10903.9768001236,18.9522500000007
10907.796251253,19.8596184210521
10915.4351535116,18.7087039473684
10923.0740557702,18.3142026143789
10930.7129580288,17.9350789473684
10934.5324091581,15.5534736842091
10938.3518602875,16.215605263159
10942.1713114168,17.8269411764706
10945.9907625461,17.6341842105259
10949.8102136754,15.2386666666667
10951.7199392401,15.8472894736846
10953.6296648047,19.0123137254926
10955.5393903694,19.6417368421053
10957.449115934,20.819941176471
10961.2685670633,21.5497697368421
10968.907469322,19.3916315789474
10984.1852738392,18.95672368421
10999.4630783565,21.0588431372549
11014.7408828737,21.1741699346412
11030.018687391,20.8412894736841
11045.2964919082,19.453789473685
11060.5742964255,18.9287777777769
11068.2131986841,18.4333921568627
11075.8521009428,17.5282631578938
11083.4910032014,18.6201315789473
11091.12990546,17.2167105263168
11098.7688077186,20.4630588235286
11106.4077099773,19.9477894736842
11114.0466122359,16.9371764705887
11121.6855144945,17.1750197368421
11129.3244167531,18.8684444444447
11136.9633190118,20.6805789473714
11144.6022212704,23.6178562091503
11152.241123529,23.086157894737
11159.8800257877,21.149710526316
11167.5189280463,22.4261052631577
11175.1578303049,23.5879215686294
11182.7967325635,22.4883157894736
11190.4356348222,20.923894736841
11198.0745370808,18.5111973684211
11205.7134393394,18.8898431372549
11213.352341598,20.0600196078435
11220.9912438567,20.7857368421054
11228.6301461153,21.6016315789477
11236.2690483739,21.8758618421054
11243.9079506325,22.9860261437908
11251.5468528912,21.3519210526302
11259.1857551498,19.570908496732
11266.8246574084,18.7497894736841
11274.4635596671,18.9412941176471
11282.1024619257,18.7023684210527
11289.7413641843,19.0059477124177
11297.3802664429,18.1761184210526
11305.0191687016,20.0856078431377
11312.6580709602,19.5905263157898
11320.2969732188,21.5476470588235
11327.9358754774,21.9413815789478
11335.5747777361,20.70347368421
11343.2136799947,17.9687368421047
11350.8525822533,16.9358300653594
11358.491484512,17.4867777777779
11366.1303867706,18.238736842105
11373.7692890292,18.4301315789474
11381.4081912878,18.8859868421052
11389.0470935465,18.9335424836602
11396.6859958051,20.5493947368424
11404.3248980637,19.4974901960789
11411.9638003223,19.0249605263152
11419.602702581,17.4680000000001
11427.2416048396,16.2907631578945
11434.8805070982,16.4868823529413
11442.5194093569,17.5802236842111
11450.1583116155,19.4518235294122
11457.7972138741,19.6019999999998
11465.4361161327,18.9000718954248
11473.0750183914,19.4444473684212
11480.71392065,19.9541973684204
11488.3528229086,18.1243289473683
11495.9917251672,18.8482941176474
11503.6306274259,19.7913660130717
11511.2695296845,18.6248421052629
11518.9084319431,17.8975789473684
11526.5473342018,18.0635131578945
11534.1862364604,17.0419999999998
11541.825138719,16.4579868421053
11549.4640409776,17.099105263158
11557.1029432363,17.296703947368
11564.7418454949,15.5622875816988
11572.3807477535,16.0214736842109
11580.0196500121,16.5139215686276
11587.6585522708,15.833671052631
11595.2974545294,14.36731372549
11602.936356788,14.5614605263163
11610.5752590467,17.3594640522882
11614.394710176,20.0630789473686
11618.2141613053,21.1876052631571
11622.0336124346,18.5895789473676
11625.8530635639,16.5912941176466
11633.4919658225,17.5346274509809
11641.1308680812,19.1373815789474
11656.4086725984,18.5932499999999
11671.6864771157,16.1563921568619
11686.9642816329,17.4736993464054
11702.2420861502,18.741578947369
11717.5198906674,17.980684210526
11732.7976951847,16.3996381578944
11748.0754997019,16.3509673202619
11755.7144019606,19.463881578948
11763.3533042192,22.1403333333338
11778.6311087365,21.9867039473686
11786.2700109951,19.7888823529411
11793.9089132537,18.9509736842115
11801.5478155123,20.3003725490189
11809.186717771,17.3638618421044
11816.8256200296,14.3506842105265
11820.6450711589,14.0763421052635
11824.4645222882,15.4948562091507
11832.1034245468,17.0529078947372
11839.7423268055,17.5871052631584
11847.3812290641,18.7666315789474
11851.2006801934,18.0348888888885
11858.839582452,16.2874640522873
11862.6590335814,15.68975
11866.4784847107,15.9035263157896
11870.29793584,15.2041644736842
11874.1173869693,14.6461176470582
11877.9368380986,15.2985789473692
11885.5757403572,18.5849803921576
11893.2146426159,19.9239736842099
11900.8535448745,17.2452549019615
11908.4924471331,15.6359342105272
11916.1313493917,17.855346405229
11923.7702516504,18.4848881578948
11931.409153909,16.5211895424826
11939.0480561676,13.9249473684211
11954.3258606849,13.7876078431376
11969.6036652021,15.3746447368427
11984.8814697194,15.835605263158
12000.1592742366,15.2461973684212
12015.4370787539,14.0192352941181
12030.7148832711,15.4893529411765
12045.9926877884,15.9462105263163
12068.9093945643,15.3898947368417
12091.8261013402,15.600118421053
12107.1039058574,15.9647908496734
12137.6595148919,14.8835789473682
12168.2151239264,14.3818104575168
12194.9512818316,15.0567434210526
12210.2290863489,13.7338300653592
12225.5068908661,12.9746315789475
12240.7846953834,14.4481111111114
12254.152774336,15.0272500000001
12261.7916765946,15.671294117647
12275.1597555472,16.7538552631583
12282.7986578058,16.8873137254905
12294.2570111938,16.1479013157894
12301.8959134524,15.6959736842104
12313.3542668404,15.0468421052631
12320.993169099,14.5906339869281
12328.6320713576,17.0276143790852
12338.1806991809,15.3389999999998
12347.7293270042,11.5915394736822
12357.2779548275,11.5632039473684
12363.0071315214,12.7549477124203
12370.6460337801,15.5347894736841
12376.375210474,16.7108947368426
12380.1946616033,14.9202039473688
12384.0141127327,15.0741568627452
12389.7432894266,15.6507105263162
12397.3821916853,14.1667647058822
12405.0210939439,15.0206381578949
12412.6599962025,16.0824705882358
12424.1183495904,15.4842105263159
12435.5767029784,14.4021111111109
12443.215605237,14.2284013157895
12450.8545074956,14.5356842105263
12462.3128608836,14.500157894737
12477.5906654008,16.4135490196075
12492.8684699181,17.6682549019619
12508.1462744353,18.6379473684213
12519.6046278233,16.5451052631578
12527.2435300819,14.8718235294107
12534.8824323405,13.8834117647059
12542.5213345992,12.5970789473678
12557.7991391164,13.5353289473681
12573.0769436337,14.4285263157897
12584.5352970216,16.9598235294115
12599.8131015389,17.6351315789473
12615.0909060561,15.5081568627436
12630.3687105734,13.2283815789474
12645.6465150906,13.154614379085
12653.2854173493,15.4526052631572
12660.9243196079,14.4499673202614
12664.7437707372,13.2091776315782
12668.5632218665,14.813
12672.3826729958,15.3805789473686
12676.2021241251,15.2631176470581
12683.8410263838,13.7856118421054
12687.6604775131,14.3554999999992
12695.2993797717,14.3249605263157
12702.9382820303,15.5718562091503
12710.577184289,14.3934771241826
12718.2160865476,13.6565
12725.8549888062,15.3957105263171
12737.3133421942,16.53725
12748.7716955821,15.0260326797382
12756.4105978407,14.3727500000001
12764.0495000994,14.1611111111111
12769.7786767933,13.9581250000001
12773.5981279226,14.5744117647059
12775.5078534873,18.109
12777.417579052,18.01937254902
12779.3273046166,17.246125
12783.1467557459,16.6188562091504
12786.9662068752,13.65075
12794.6051091339,11.5257254901961
12796.5148346985,11.9522500000007
12800.3342858278,13.916105263158
12804.1537369571,14.9180000000001
12807.9731880865,15.3193137254902
12811.7926392158,12.6045359477121
12817.5218159097,10.2860921052629
12825.1607181684,11.1755
12832.799620427,12.2340263157892
12848.0774249443,9.5324509803921
12851.8968760736,11.0537894736844
12855.7163272029,14.4840000000008
12859.5357783322,15.6340065789474
12867.1746805908,16.5934379084976
12870.9941317201,17.4773684210527
12874.8135828494,15.983431372549
12878.6330339788,15.8127960526318
12884.3622106727,15.9681895424837
12886.2719362374,14.9089999999998
12888.181661802,13.9667124183006
12890.0913873667,13.0774802631578
12892.0011129314,13.88227631579
12893.910838496,14.629
12895.8205640607,13.7072941176469
12897.7302896253,14.4908235294119
12899.64001519,17.4433684210531
12903.4594663193,19.8842631578952
12907.2789174486,18.7123986928102
12911.0983685779,16.4172614379077
12914.9178197072,15.5867236842107
12918.7372708366,15.4610789473684
12922.5567219659,17.3864078947361
12926.3761730952,15.9842222222223
12930.1956242245,16.682105263158
12934.0150753538,18.3381895424839
12937.8345264831,19.0416907894732
12941.6539776124,20.856686274513
12945.4734287418,22.285618421053
12949.2928798711,23.3046078431359
12953.1123310004,20.4212105263155
12956.9317821297,19.7145263157895
12960.751233259,20.198315789474
12964.5706843883,19.1534640522872
12968.3901355176,18.2204407894737
12972.2095866469,17.5799210526314
12979.8484889056,16.868894736842
12985.5776655995,15.3596601307177
12989.3971167289,15.0403464052284
12993.2165678582,12.6778947368418
12997.0360189875,12.6892631578948
13004.6749212461,14.290421052632
13008.4943723754,15.4200392156857
13023.7721768927,16.0337236842109
13035.2305302806,17.0990588235298
13042.8694325392,18.3130855263157
13050.5083347979,16.7304117647054
13061.9666881858,15.6641052631576
13069.6055904444,15.549464052288
13084.8833949617,16.4524999999999
13092.5222972203,16.3125816993464
13123.0779062548,14.7863421052633
13153.6335152893,15.7184509803928
13184.1891243238,19.1777565789482
13214.7447333584,20.7155263157895
13245.3003423929,19.0848684210529
13260.5781469101,17.4213137254901
13275.8559514274,17.4142941176471
13291.1337559446,17.5518289473685
13306.4115604619,17.8566578947369
13314.0504627205,16.5311052631574
13321.6893649791,15.1749477124184
13329.3282672378,16.3957368421057
13336.9671694964,16.9435751633983
13344.606071755,15.0764013157892
13352.2449740136,14.2151437908496
13359.8838762723,14.8334078947371
13367.5227785309,13.8192810457509
13375.1616807895,12.8886184210527
13382.8005830482,14.1965294117652
13390.4394853068,16.0859736842107
13398.0783875654,15.3130784313724
13405.717289824,15.8447960526319
13413.3561920827,16.389065789474
13420.9950943413,17.2835394736844
13428.6339965999,17.3038954248365
13436.2728988585,16.1664444444445
13443.9118011172,15.7893684210522
13451.5507033758,17.2397894736845
13459.1896056344,16.4080131578953
13466.8285078931,17.2231830065361
13474.4674101517,17.3927236842112
13482.1063124103,16.2108157894731
13489.7452146689,14.7311184210522
13497.3841169276,14.815627450981
13505.0230191862,16.6555526315794
13512.6619214448,15.8468823529415
13520.3008237034,16.532927631579
13527.9397259621,15.5700653594767
13535.5786282207,13.9319342105255
13543.2175304793,13.1366732026144
13550.856432738,13.7978815789473
13554.6758838673,13.0992631578944
13558.4953349966,12.2717368421049
13562.3147861259,14.1014183006549
13566.1342372552,15.8861568627446
13569.9536883845,16.2471052631565
13573.7731395138,14.9489342105266
13577.5925906431,14.8817450980391
13581.4120417725,13.154352941176
13583.3217673371,11.998394736842
13585.2314929018,13.3351052631586
13587.1412184664,14.2282039473699
13589.0509440311,17.6690130718957
13592.8703951604,18.7366184210527
13596.6898462897,17.3470849673206
13600.509297419,16.7038684210532
13611.967650807,16.0152156862737
13619.6065530656,16.012789473684
13627.2454553242,15.968326797386
13638.7038087122,16.8534473684209
13653.9816132294,16.8712894736842
13669.2594177467,16.7532894736842
13684.5372222639,16.5263333333333
13699.8150267812,18.1073881578955
13707.4539290398,18.2792105263158
13715.0928312984,18.5222894736837
13718.9122824278,16.5937058823521
13726.5511846864,17.1925098039215
13734.190086945,19.500276315791
13741.8289892036,18.8164605263164
13749.4678914623,16.4749999999991
13757.1067937209,14.9587189542482
13764.7456959795,13.5387894736836
13772.3845982381,12.7348954248367
13776.2040493675,14.2609539473678
13783.8429516261,16.9719607843142
13791.4818538847,18.5465394736827
13795.301305014,16.0898235294118
13799.1207561433,16.8842960526319
13806.759658402,19.5890196078428
13822.0374629192,17.9079473684203
13837.3152674365,16.9716405228758
13852.5930719537,18.9994999999996
13860.2319742124,19.3683289473677
13875.5097787296,17.6548684210529
13890.7875832469,16.0509150326792
13898.4264855055,15.6956993464045
13906.0653877641,14.4818421052631
13913.7042900227,13.9676315789471
13915.6140155874,13.5693092105263
13917.5237411521,13.9970000000006
13921.3431922814,16.3979868421068
13925.1626434107,17.3196666666666
13927.0723689753,16.9053092105246
13928.98209454,14.5784379084968
13930.8918201047,11.85542105263
13934.711271234,15.8334575163418
13938.5307223633,19.020171052632
13944.2598990573,17.7755424836588
13951.8988013159,17.9815
13959.5377035745,18.3552156862746
13967.1766058331,18.4736907894737
13974.8155080918,17.7827894736841
13982.4544103504,16.4827894736837
13986.2738614797,17.8603333333332
13993.9127637383,19.6366666666659
14001.551665997,17.4021315789453
14009.1905682556,14.8404868421054
14016.8294705142,13.4515789473689
14024.4683727728,13.9993986928105
14032.1072750315,14.9820526315797
14039.7461772901,15.2888157894735
14047.3850795487,13.2481447368417
14055.0239818073,12.3807254901968
14062.662884066,14.0606184210526
14070.3017863246,14.4247777777778
14077.9406885832,14.0922565789472
14085.5795908419,15.621137254902
14093.2184931005,15.3305263157895
14100.8573953591,14.4320000000001
14108.4962976177,13.4365328947369
14116.1351998764,15.1228552631577
14123.774102135,15.0822105263158
14131.4130043936,14.7819542483656
14139.0519066522,15.9693202614379
14146.6908089109,15.7368684210526
14154.3297111695,15.6908157894736
14161.9686134281,17.0020653594772
14169.6075156868,16.188
14177.2464179454,16.0162894736842
14192.5242224626,17.1681447368421
14207.8020269799,16.263677631579
14223.0798314971,16.9085882352942
14238.3576360144,17.6350526315791
14260.1324590164,15.6155294117647
14282.6898360656,15.6609802631581
14296.7881967213,17.7172222222241
14308.0668852459,18.5862368421053
14319.3455737705,18.9290196078426
14330.6242622951,17.5722171052631
14341.9029508197,16.6149736842106
14353.1816393443,17.6636578947375
14364.4603278689,18.1670849673203
14375.7390163934,18.4132500000002
14387.017704918,19.9682894736843
14406.7554098361,19.2369736842096
14429.3127868852,15.711941176468
14451.8701639344,14.8199019607844
14474.4275409836,15.8602631578951
14496.9849180328,16.4057894736842
14519.542295082,16.1766907894737
14542.0996721311,16.1162222222221
14564.6570491803,16.7193421052633
14587.2144262295,16.7647516339873
14609.7718032787,17.4132368421053
14632.3291803279,17.4579281045751
14654.8865573771,17.6171842105261
14674.6242622951,17.3229019607843
14685.9029508197,16.7834802631574
14697.1816393443,17.0409215686276
14711.28,17.1802105263159
14733.8373770492,16.4412941176456
14742.2963934426,15.766
14753.5750819672,15.9793157894746
14764.8537704918,18.093
14776.1324590164,18.9117058823531
14787.411147541,18.047477124182
14798.6898360656,17.5099736842107
14812.7881967213,18.0524868421053
14829.7062295082,19.4987105263158
14840.9849180328,19.7496928104576
14852.2636065574,20.2796578947372
14869.1816393443,18.8125816993464
14891.7390163934,18.4195328947363
14908.6570491803,17.530294117647
14917.1160655738,14.7817763157889
14922.7554098361,15.310117647059
14931.2144262295,15.6335328947369
14936.8537704918,15.7150784313725
14942.4931147541,16.7787894736847
14948.1324590164,18.1861045751631
14953.7718032787,17.7615197368424
14965.0504918033,16.0282763157897
14976.3291803279,16.0227499999993
14987.6078688525,17.0890326797391
14998.8865573771,17.2194967320261
15010.1652459016,15.8548157894722
15025.673442623,16.6412894736849
15041.1816393443,18.1481315789477
15063.7390163934,18.6666666666662
15086.2963934426,17.4562894736842
15108.8537704918,17.7692763157897
15131.411147541,18.3634407894737
15153.9685245902,18.9636143790852
15169.4767213115,18.779842105263
15180.7554098361,19.3399803921569
15192.0340983607,19.8634078947372
15203.3127868852,20.4389934640524
15214.5914754098,18.385315789473
15225.8701639344,16.7114183006534
15244.1980327869,17.6568223684215
15278.0340983607,18.4829210526313
15300.5914754098,17.2312105263153
15323.148852459,15.3941176470585
15365.4439344262,15.6150980392153
15389.411147541,14.8982894736848
15402.0996721311,15.9419605263156
15414.7881967213,17.4701372549025
15424.6570491803,15.7629281045751
15430.2963934426,16.114052631579
15438.7554098361,18.4106842105269
15458.4931147541,19.4144868421043
15469.7718032787,18.5044248366018
15478.2308196721,17.5547236842099
15483.8701639344,17.5968235294113
15489.5095081967,16.125
15495.148852459,17.5465882352949
15500.7881967213,17.5142105263166
15509.2472131148,18.6482352941169
15520.5259016394,16.9654671052631
15531.8045901639,14.3821184210536
15537.4439344262,16.8209342105266
15543.0832786885,18.2487058823536
15554.3619672131,18.515842105263
15565.6406557377,19.7257368421052
15582.5586885246,19.48047368421
15591.017704918,18.4029999999998
15599.4767213115,19.102529411765
15605.1160655738,19.6924078947367
15610.7554098361,17.7261315789469
15616.3947540984,16.4964605263157
15622.0340983607,17.6691176470601
15627.6734426229,21.8392631578956
15633.3127868853,24.8766470588228
15643.1816393443,22.0134210526316
15655.8701639344,20.6436339869283
15681.2472131148,21.6558026315789
15720.7226229508,21.6256405228758
15753.148852459,20.6565460526309
15765.8373770492,20.5543137254901
15788.3947540984,19.0582631578951
15810.9521311475,18.9483856209145
15833.5095081967,16.7532368421046
15856.0668852459,16.2073815789472
15878.6242622951,17.5402894736844
15901.1816393443,19.2368823529413
15929.3783606557,20.9387254901958
15935.017704918,20.809552631579
15943.4767213115,22.0848947368426
15954.7554098361,20.2212171052635
15960.3947540984,17.8161764705877
15971.673442623,19.6641184210545
15982.9521311475,20.9586797385613
15994.2308196721,17.9615855263141
16005.5095081967,15.8480065359477
16016.7881967213,15.6636315789472
16028.0668852459,14.6027385620916
16042.1652459016,16.3035657894742
16053.4439344262,17.406
16063.3127868852,18.0114078947368
16073.1816393443,18.5106078431374
16084.4603278689,20.2857368421063
16095.7390163934,19.5041842105262
16107.017704918,20.0390263157886
16129.5750819672,19.792267973856
16171.8701639344,20.0935032679744
16197.2472131148,20.7482894736837
16211.3455737705,20.7214868421055
16233.9029508197,19.5510065789477
16259.28,19.9058758169936
16295.9357377049,18.3291052631574
16324.1324590164,18.2372105263161
16338.2308196721,18.05225
16363.6078688525,18.8720784313732
16403.0832786885,18.3248947368423
16431.28,19.1106862745077
16453.8373770492,16.5666578947375
16476.3947540984,15.5642026143793
16498.9521311475,17.8010789473684
16515.8701639344,18.3351111111109
16549.7062295082,19.3707434210529
16583.542295082,18.8008421052627
16600.4603278689,18.5634736842107
16620.1980327869,21.2829934640542
16639.9357377049,23.1169346405231
16659.6734426229,21.308684210526
16696.3291803279,18.4383684210511
16741.4439344262,16.117411764706
16775.28,14.7289607843155
16797.8373770492,16.9453947368421
16820.3947540984,18.5342236842114
16842.9521311475,18.070467105264
16859.8701639344,19.7783529411764
16871.148852459,22.0072631578957
16882.4275409836,23.167450980392
16893.7062295082,24.6049802631581
16910.6242622951,23.6765882352929
16936.0013114754,22.3829210526316
16950.0996721311,21.2832549019599
16972.6570491803,18.5127434210528
16995.2144262295,14.984
17017.7718032787,17.4249473684225
17034.6898360656,19.3825490196078
17045.9685245902,19.846980263158
17054.4275409836,18.426
17060.0668852459,18.6444868421049
17065.7062295082,19.3602483660141
17074.1652459016,18.5642614379085
17085.4439344262,17.5389999999995
17091.0832786885,16.7787368421053
17093.9029508197,17.0215
17096.7226229508,17.1378431372548
17102.3619672131,17.67975
17108.0013114754,14.7333790849667
17113.6406557377,13.96125
17124.9193442623,14.9868627450981
17136.1980327869,15.4919999999992
17153.1160655738,14.5648039215686
17164.3947540984,14.915625
17186.9521311475,15.1026862745098
17209.5095081967,14.8615
17232.0668852459,14.8964901960782
17248.9849180328,17.227375
17260.2636065574,20.5046052631582
17282.8209836066,20.6095
17305.3783606557,19.2242352941176
17327.9357377049,20.4782875816993
17350.4931147541,19.691592105263
17367.411147541,17.8399999999993
17378.6898360656,17.5830592105264
17389.9685245902,18.6276470588236
17401.2472131148,20.6084210526326
17412.5259016393,20
17423.8045901639,18.2922105263156
17435.0832786885,19.0021503267976
17446.3619672131,19.4415394736842
17457.6406557377,18.1753137254887
17463.28,17.0976118421053
17474.5586885246,15.9264248366011
17485.8373770492,18.0754736842106
17497.1160655738,19.4083333333335
17505.5750819672,19.3455526315782
17511.2144262295,18.3059210526317
17516.8537704918,19.061552631579
17522.4931147541,18.1904117647057
17528.1324590164,17.029294117647
17533.7718032787,17.4875263157909
17542.2308196721,20.1762105263159
17564.7881967213,22.4249281045755
17576.0668852459,21.989450980392
17598.6242622951,20.4312105263156
17621.1816393443,18.68544736842
17643.7390163934,22.7372894736841
17666.2963934426,23.3401111111114
17688.8537704918,21.2209999999998
17702.9521311475,21.9894705882352
17714.2308196721,22.4305986842117
17725.5095081967,22.472607843137
17736.7881967213,23.2243157894731
17748.0668852459,22.3850196078435
17759.3455737705,24.7162697368423
17770.6242622951,32.4884736842111
17781.9029508197,34.819105263158
17793.1816393443,32.4241111111103
17804.4603278689,28.8734999999997
17835.4767213115,26.1874736842102
17846.7554098361,25.204394736842
17880.5914754098,23.0504640522871
17897.5095081967,21.9769607843136
17920.0668852459,22.0288684210525
17948.2636065574,22.8949210526317
17982.0996721311,20.2142631578949
17996.1980327869,18.967823529411
18015.9357377049,18.0306973684212
18061.0504918033,18.3935882352944
18106.1652459016,19.6230328947368
18151.28,17.6348823529405
18196.3947540984,16.5617368421051
18224.5914754098,16.4174052287586
18247.148852459,17.1219342105263
18292.2636065574,17.9546993464056
18337.3783606557,17.3911973684206
18371.2144262295,17.3093660130721
18388.1324590164,17.6697565789474
18396.5914754098,21.1569999999999
18405.0504918033,22.9617105263164
18416.3291803279,23.8377647058823
18427.6078688525,23.295411764705
18438.8865573771,21.040815789474
18450.1652459016,23.7257894736844
18461.4439344262,27.9130460526316
18472.7226229508,26.4820718954238
18481.1816393443,22.5922631578944
18486.8209836066,22.1834575163401
18495.28,22.953
18506.5586885246,22.0381176470584
18517.8373770492,18.8032105263149
18529.1160655738,18.731156862745
18540.3947540984,20.1553289473692
18551.673442623,19.8317058823525
18562.9521311475,18.9368684210521
18574.2308196721,18.5429607843143
18585.5095081967,17.8827171052628
18593.9685245902,17.6629736842104
18599.6078688525,18.0239999999999
18605.2472131148,18.8211045751635
18619.3455737705,17.5135555555557
18641.9029508197,16.9078947368413
18664.4603278689,15.0993684210524
18687.017704918,13.3969407894737
18709.5750819672,13.6755228758173
18726.4931147541,14.0378684210525
18740.5914754098,15.6493815789479
18760.3291803279,15.4929013157899
18771.6078688525,15.9659215686274
18782.886557377,15.9722631578948
18799.8045901639,16.4531176470592
18811.0832786885,16.6598815789473
18828.0013114754,16.2099411764706
18839.28,14.2566710526313
18850.5586885246,14.429189542483
18861.8373770492,12.6561315789469
18873.1160655738,12.0303157894746
18884.3947540984,14.9209473684221
18895.673442623,17.7439673202609
18906.9521311475,17.0751241830066
18918.2308196721,17.0505394736838
18929.5095081967,17.5113026315792
18940.7881967213,17.4634117647056
18952.0668852459,17.5566470588237
18963.3455737705,16.8433157894739
18974.6242622951,18.2848947368426
18980.2636065574,18.9042960526316
18985.9029508197,18.1113398692805
18991.542295082,17.1571710526317
18997.1816393443,16.5104444444434
19002.8209836066,14.4296842105263
19008.4603278689,14.1414313725489
19014.0996721311,15.4752105263159
19019.7390163934,15.6476862745098
19031.017704918,14.5697697368417
19042.2963934426,13.6753947368422
19053.5750819672,14.8877368421052
19064.8537704918,16.7399999999999
19076.1324590164,18.7848355263152
19098.6898360656,17.2147105263172
19121.2472131148,18.7511052631577
19135.3455737705,20.8965816993459
19149.4439344262,21.627104575164
19169.1816393443,22.9275131578946
19174.8209836066,24.3615921052636
19180.4603278689,24.3360263157895
19186.0996721312,22.6566274509798
19194.5586885246,19.9348421052626
19205.8373770492,19.0204640522873
19217.1160655738,20.2854802631579
19234.0340983607,19.9386470588232
19256.5914754098,19.4206973684208
19279.148852459,20.8281176470587
19301.7062295082,20.220105263158
19324.2636065574,17.9003660130706
19346.8209836066,19.0386315789488
19369.3783606557,20.6900326797385
19391.9357377049,20.3493815789472
19414.4931147541,20.4893947368417
19437.0504918033,23.5394736842107
19459.6078688525,25.0357516339877
19493.4439344262,25.3249869281044
19516.0013114754,28.2868947368431
19538.5586885246,27.9129473684214
19561.1160655738,27.2841578947369
19589.3127868852,28.2715882352955
19628.7881967213,30.760539473684
19651.3455737705,33.5220784313729
19656.9849180328,33.3328552631581
19668.2636065574,30.6071503267966
19679.542295082,28.3851052631569
19690.8209836066,26.9218692810457
19707.7390163934,25.0146052631567
19719.017704918,24.5653594771242
19730.2963934426,21.9184210526316
19741.5750819672,20.1223660130698
19764.1324590164,18.1137697368422
19786.6898360656,17.4260526315801
19797.9685245902,19.4252105263156
19814.8865573771,19.7119803921566
19837.4439344262,18.2366274509783
19860.0013114754,15.138552631579
19882.5586885246,13.9600657894731
19899.4767213115,15.7784342105263
19910.7554098361,16.0764248366015
19927.673442623,16.2053421052625
19950.2308196721,17.5339999999998
19961.5095081967,17.315513157894
19969.9685245902,15.2207189542484
19978.4275409836,12.0301184210527
19989.7062295082,10.7796666666661
20000.9849180328,11.1870526315789
20017.9029508197,13.0541372549027
20026.3619672131,14.0421052631579
20032.0013114754,14.6997647058828
20040.4603278689,15.0470197368417
20051.7390163934,16.5185263157894
20068.6570491803,15.4657368421053
20079.9357377049,14.6464248366013
20088.3947540984,14.9072156862745
20094.0340983607,15.4550526315796
20102.4931147541,16.1793947368421
20113.7718032787,17.6565294117658
20119.411147541,19.1077058823529
20125.0504918033,19.9901710526318
20141.9685245902,20.4004473684212
20158.886557377,20.1261513157895
20181.4439344262,19.600352941176
20204.0013114754,19.0914736842105
20226.5586885246,19.086588235294
20249.1160655738,18.5059539473698
20271.673442623,19.2034444444444
20288.5914754098,19.4387236842087
20299.8701639344,16.7240065359477
20311.148852459,16.1124736842105
20322.4275409836,18.9350263157915
20333.7062295082,21.4447368421053
20344.9849180328,20.6928104575152
20356.2636065574,17.5667631578946
20367.542295082,13.7869473684204
20378.8209836066,11.477144736841
20390.0996721311,11.9192352941178
20401.3783606557,12.0961176470592
20412.6570491803,12.3746315789472
20418.2963934426,12.1135789473684
20429.5750819672,12.2680789473706
20440.8537704918,13.8210326797384
20452.1324590164,13.7907236842111
20463.411147541,14.1449542483661
20474.6898360656,16.1117302631578
20497.2472131148,15.5024640522875
20508.5259016393,14.9826315789475
20519.8045901639,17.6015882352954
20531.0832786885,20.6965394736843
20542.3619672131,22.3692941176473
20553.6406557377,20.2471578947373
20564.9193442623,20.1131176470587
20576.1980327869,19.2864999999999
20587.4767213115,18.1052631578944
20604.3947540984,16.806052631579
20626.9521311475,16.6812091503265
20649.5095081967,18.0394052287583
20672.0668852459,20.1352368421069
20694.6242622951,23.146710526316
20717.1816393443,24.0369144736834
20739.7390163934,19.7677450980384
20762.2963934426,17.1936842105259
20784.8537704918,16.0331699346404
20796.1324590164,14.7226973684209
20801.7718032787,14.8184705882355
20807.411147541,15.0110789473683
20813.0504918033,14.0316470588233
20818.6898360656,12.3822697368419
20829.9685245902,11.001222222222
20835.6078688525,11.2283684210526
20841.2472131148,10.7329607843134
20846.8865573771,9.22692763157866
20852.5259016393,10.6904868421055
20858.1652459016,10.9164078947367
20863.8045901639,9.5388039215683
20869.4439344262,9.69973202614621
20875.0832786885,12.4797105263161
20880.7226229508,13.6297631578949
20886.3619672131,12.7239342105264
20892.0013114754,12.6643333333331
20897.6406557377,12.5482236842111
20903.28,13.8785000000002
20908.9193442623,14.3793618421051
20920.1980327869,13.7024248366011
20931.4767213115,13.4082105263158
20942.7554098361,15.4802941176471
20954.0340983607,16.8103881578954
20976.5914754098,16.7681830065355
20999.148852459,17.6255263157902
21021.7062295082,20.3790849673206
21044.2636065574,20.8963881578945
21055.542295082,18.0137894736839
21061.1816393443,18.0526052631586
21066.8209836066,20.5839411764707
21072.4603278689,20.3579019607836
21083.7390163934,17.0868815789458
21089.3783606557,16.9066973684217
21095.017704918,18.0195620915034
21106.2963934426,17.5629542483654
21111.9357377049,14.9077894736834
21117.5750819672,14.559210526316
