DEPT,GR
102.108,5.5361
102.2604,6.4137
102.4128,7.7803
102.5652,8.5125
102.7176,8.7025
102.87,8.1796
103.0224,7.2425
103.1748,5.9794
103.3272,5.3155
103.4796,5.7262
103.632,5.9755
103.7844,5.7054
103.9368,5.0073
104.0892,4.6629
104.2416,5.2669
104.394,6.3179
104.5464,7.0125
104.6988,6.6134
104.8512,5.6834
105.0036,5.8019
105.156,6.4961
105.3084,7.165
105.4608,7.4098
105.6132,7.162
105.7656,6.0433
105.918,5.0549
106.0704,5.7034
106.2228,6.7328
106.3752,7.1
106.5276,6.8077
106.68,6.2247
106.8324,6.4358
106.9848,7.1741
107.1372,7.7476
107.2896,7.4038
107.442,6.6329
107.5944,5.9886
107.7468,5.4938
107.8992,5.7857
108.0516,5.9307
108.204,5.0109
108.3564,4.1809
108.5088,3.8588
108.6612,4.368
108.8136,5.3111
108.966,6.0219
109.1184,6.1982
109.2708,5.9186
109.4232,5.6432
109.5756,6.0489
109.728,6.5989
109.8804,6.9121
110.0328,6.6866
110.1852,6.5733
110.3376,6.7913
110.49,7.1477
110.6424,7.4723
110.7948,7.7786
110.9472,6.9885
111.0996,5.7898
111.252,4.6376
111.4044,4.3482
111.5568,4.591
111.7092,4.7217
111.8616,5.0501
112.014,5.2268
112.1664,5.964
112.3188,6.4856
112.4712,5.8297
112.6236,4.9523
112.776,4.2143
112.9284,3.7613
113.0808,3.839
113.2332,4.0831
113.3856,4.6083
113.538,5.2179
113.6904,5.5383
113.8428,5.6971
113.9952,5.8393
114.1476,6.1197
114.3,6.3434
114.4524,5.9947
114.6048,5.8914
114.7572,6.5133
114.9096,7.3831
115.062,7.4617
115.2144,7.3511
115.3668,6.9349
115.5192,6.7374
115.6716,6.8788
115.824,6.3695
115.9764,5.9799
116.1288,6.0196
116.2812,6.4306
116.4336,6.6792
116.586,6.5687
116.7384,6.576
116.8908,6.3881
117.0432,5.5514
117.1956,4.5602
117.348,3.8558
117.5004,3.9922
117.6528,4.9647
117.8052,6.1601
117.9576,6.4448
118.11,6.4205
118.2624,6.7941
118.4148,7.0075
118.5672,7.5091
118.7196,7.7984
118.872,8.7863
119.0244,10.2598
119.1768,10.5934
119.3292,10.0349
119.4816,8.9175
119.634,7.6405
119.7864,6.2344
119.9388,5.4794
120.0912,5.8637
120.2436,6.2706
120.396,6.2496
120.5484,5.9797
120.7008,5.7976
120.8532,6.4486
121.0056,7.2001
121.158,7.2499
121.3104,6.331
121.4628,5.4805
121.6152,5.3701
121.7676,5.4828
121.92,5.775
122.0724,6.6749
122.2248,7.4926
122.3772,7.547
122.5296,7.668
122.682,8.6829
122.8344,9.2627
122.9868,8.6945
123.1392,7.5495
123.2916,7.4357
123.444,8.256
123.5964,8.1196
123.7488,6.8694
123.9012,5.6924
124.0536,6.2887
124.206,7.2428
124.3584,7.052
124.5108,6.7462
124.6632,6.5905
124.8156,6.5326
124.968,6.4218
125.1204,5.804
125.2728,5.816
125.4252,6.627
125.5776,6.8912
125.73,6.3401
125.8824,5.566
126.0348,5.1546
126.1872,5.4465
126.3396,6.2272
126.492,6.309
126.6444,5.6847
126.7968,5.1382
126.9492,4.9623
127.1016,5.5578
127.254,5.413
127.4064,5.2903
127.5588,5.1949
127.7112,5.1156
127.8636,5.7308
128.016,6.8407
128.1684,7.1843
128.3208,7.0306
128.4732,7.2666
128.6256,8.0998
128.778,8.3452
128.9304,8.4168
129.0828,8.7805
129.2352,8.9523
129.3876,9.158
129.54,9.1978
129.6924,8.2468
129.8448,7.0911
129.9972,5.9637
130.1496,6.3358
130.302,6.673
130.4544,5.8812
130.6068,5.1339
130.7592,5.3414
130.9116,6.4631
131.064,7.4038
131.2164,7.0126
131.3688,5.6323
131.5212,4.4607
131.6736,4.8941
131.826,6.0256
131.9784,5.7676
132.1308,5.2252
132.2832,5.647
132.4356,7.4208
132.588,8.4244
132.7404,8.3194
132.8928,7.7879
133.0452,6.9579
133.1976,6.5682
133.35,6.9704
133.5024,7.5102
133.6548,8.3262
133.8072,8.6969
133.9596,8.7787
134.112,9.6171
134.2644,9.9508
134.4168,9.4074
134.5692,7.8974
134.7216,5.2856
134.874,4.1141
135.0264,4.4847
135.1788,5.3852
135.3312,6.1407
135.4836,6.4461
135.636,6.1474
135.7884,6.1777
135.9408,6.7623
136.0932,7.2554
136.2456,7.557
136.398,7.1031
136.5504,6.4098
136.7028,6.1978
136.8552,6.3223
137.0076,6.914
137.16,7.2364
137.3124,7.6443
137.4648,7.699
137.6172,7.4139
137.7696,6.6437
137.922,6.1372
138.0744,6.1973
138.2268,6.6946
138.3792,7.0707
138.5316,6.9622
138.684,6.5147
138.8364,5.7825
138.9888,5.651
139.1412,6.0915
139.2936,6.3551
139.446,6.4509
139.5984,6.4516
139.7508,6.6817
139.9032,7.8472
140.0556,7.7034
140.208,7.5783
140.3604,9.0521
140.5128,9.641
140.6652,9.2833
140.8176,8.7647
140.97,8.262
141.1224,7.6505
141.2748,7.1422
141.4272,7.3903
141.5796,8.5417
141.732,8.7597
141.8844,8.5829
142.0368,8.2433
142.1892,7.8542
142.3416,6.9876
142.494,6.2346
142.6464,6.3899
142.7988,6.7199
142.9512,6.6965
143.1036,6.1838
143.256,5.6518
143.4084,5.5221
143.5608,5.8843
143.7132,6.8085
143.8656,7.6172
144.018,6.5586
144.1704,5.0245
144.3228,3.9971
144.4752,4.9545
144.6276,6.1617
144.78,6.7658
144.9324,6.9706
145.0848,8.3258
145.2372,8.5675
145.3896,7.8936
145.542,7.2724
145.6944,7.7472
145.8468,7.7575
145.9992,7.5779
146.1516,7.3928
146.304,7.6606
146.4564,8.6302
146.6088,8.4449
146.7612,7.7744
146.9136,6.5741
147.066,6.3536
147.2184,5.9011
147.3708,5.3342
147.5232,4.9928
147.6756,5.3835
147.828,5.4741
147.9804,6.1931
148.1328,7.0197
148.2852,8.013
148.4376,8.8892
148.59,8.8863
148.7424,8.3939
148.8948,8.5495
149.0472,9.3474
149.1996,9.9553
149.352,9.6119
149.5044,9.0518
149.6568,8.5501
149.8092,8.7166
149.9616,8.9157
150.114,8.6412
150.2664,7.7829
150.4188,7.154
150.5712,6.6604
150.7236,6.2631
150.876,5.5324
151.0284,4.8359
151.1808,4.3141
151.3332,4.9323
151.4856,5.84
151.638,6.7208
151.7904,7.5036
151.9428,7.2933
152.0952,6.6288
152.2476,6.0179
152.4,6.4064
152.5524,6.4689
152.7048,5.8683
152.8572,6.0882
153.0096,7.0731
153.162,8.3718
153.3144,8.6317
153.4668,7.7456
153.6192,6.7126
153.7716,6.4455
153.924,6.1555
154.0764,6.0091
154.2288,6.9882
154.3812,8.4103
154.5336,9.2359
154.686,8.0318
154.8384,6.0455
154.9908,6.019
155.1432,6.2906
155.2956,5.9124
155.448,5.1041
155.6004,4.0862
155.7528,3.8748
155.9052,3.811
156.0576,4.4971
156.21,6.0037
156.3624,7.5976
156.5148,7.7415
156.6672,8.22
156.8196,8.975
156.972,9.0034
157.1244,8.1002
157.2768,7.1924
157.4292,6.8305
157.5816,7.4652
157.734,8.9985
157.8864,10.368
158.0388,9.7703
158.1912,8.2929
158.3436,7.5799
158.496,8.3263
158.6484,8.7726
158.8008,8.5248
158.9532,8.0791
159.1056,7.7928
159.258,8.4522
159.4104,9.6645
159.5628,10.144
159.7152,9.855
159.8676,9.1664
160.02,8.4949
160.1724,8.8087
160.3248,8.9935
160.4772,8.9581
160.6296,8.1487
160.782,8.1089
160.9344,8.9816
161.0868,9.5262
161.2392,8.9762
161.3916,8.3242
161.544,8.4541
161.6964,8.5744
161.8488,8.0559
162.0012,7.4218
162.1536,6.569
162.306,5.3982
162.4584,4.3787
162.6108,4.2501
162.7632,5.9161
162.9156,7.5449
163.068,8.5193
163.2204,8.6457
163.3728,7.9709
163.5252,7.2816
163.6776,7.1272
163.83,7.6165
163.9824,8.1192
164.1348,8.7258
164.2872,8.9426
164.4396,9.0088
164.592,8.8458
164.7444,9.1408
164.8968,9.3126
165.0492,8.906
165.2016,8.1691
165.354,7.5337
165.5064,7.4432
165.6588,8.164
165.8112,8.5949
165.9636,8.445
166.116,7.9333
166.2684,6.9302
166.4208,7.2676
166.5732,7.9918
166.7256,7.8781
166.878,7.3192
167.0304,6.7412
167.1828,6.9717
167.3352,7.8461
167.4876,8.277
167.64,8.284
167.7924,7.94
167.9448,7.4325
168.0972,6.9355
168.2496,6.5411
168.402,5.3587
168.5544,5.1319
168.7068,5.8367
168.8592,6.3506
169.0116,6.2778
169.164,5.3568
169.3164,4.3924
169.4688,4.5388
169.6212,5.4239
169.7736,6.3363
169.926,6.5139
170.0784,6.2317
170.2308,5.9873
170.3832,4.9807
170.5356,4.8005
170.688,4.4557
170.8404,4.0305
170.9928,3.7251
171.1452,3.6416
171.2976,4.4314
171.45,5.7437
171.6024,6.7271
171.7548,7.1415
171.9072,6.6368
172.0596,6.4262
172.212,7.0274
172.3644,7.0449
172.5168,6.6536
172.6692,6.1784
172.8216,5.9197
172.974,6.1668
173.1264,6.6796
173.2788,7.3636
173.4312,8.2265
173.5836,7.9912
173.736,7.5189
173.8884,7.5241
174.0408,7.7814
174.1932,8.0325
174.3456,8.0869
174.498,7.4691
174.6504,6.8086
174.8028,6.6259
174.9552,6.7505
175.1076,6.1206
175.26,6.6127
175.4124,7.1043
175.5648,7.067
175.7172,6.5035
175.8696,6.9543
176.022,8.0524
176.1744,9.1803
176.3268,9.7355
176.4792,9.7061
176.6316,9.5846
176.784,9.2517
176.9364,8.5068
177.0888,8.3834
177.2412,8.5486
177.3936,8.2087
177.546,7.3374
177.6984,6.4803
177.8508,6.469
178.0032,7.1228
178.1556,7.5318
178.308,7.9543
178.4604,8.8766
178.6128,8.6651
178.7652,7.4853
178.9176,6.7057
179.07,6.0866
179.2224,6.391
179.3748,8.013
179.5272,9.2051
179.6796,8.5911
179.832,7.3039
179.9844,7.2316
180.1368,8.1465
180.2892,8.8364
180.4416,8.5478
180.594,9.0115
180.7464,10.1431
180.8988,11.3874
181.0512,12.7
181.2036,12.5129
181.356,12.0542
181.5084,11.2052
181.6608,10.468
181.8132,10.9351
181.9656,11.8074
182.118,11.6915
182.2704,12.1299
182.4228,13.3685
182.5752,13.5764
182.7276,12.5038
182.88,11.119
183.0324,8.875
183.1848,7.6802
183.3372,8.4764
183.4896,9.899
183.642,9.3914
183.7944,8.3183
183.9468,7.9368
184.0992,9.4755
184.2516,10.8243
184.404,10.7976
184.5564,10.8015
184.7088,10.0601
184.8612,9.4138
185.0136,9.0438
185.166,9.1796
185.3184,9.1624
185.4708,8.6096
185.6232,7.9875
185.7756,7.4784
185.928,7.157
186.0804,7.8242
186.2328,8.6352
186.3852,9.5577
186.5376,10.129
186.69,10.8647
186.8424,10.1808
186.9948,9.5744
187.1472,10.2871
187.2996,11.0869
187.452,10.6885
187.6044,9.5305
187.7568,8.5608
187.9092,7.7527
188.0616,7.1071
188.214,6.7193
188.3664,6.5338
188.5188,6.6161
188.6712,7.1343
188.8236,7.8238
188.976,8.4079
189.1284,8.0131
189.2808,6.9677
189.4332,5.5963
189.5856,5.0129
189.738,5.6093
189.8904,6.4271
190.0428,7.3195
190.1952,6.9044
190.3476,5.9213
190.5,5.5063
190.6524,5.4605
190.8048,6.3126
190.9572,5.9735
191.1096,5.7936
191.262,5.9776
191.4144,6.1715
191.5668,6.8754
191.7192,7.4982
191.8716,8.9615
192.024,9.8903
192.1764,9.4425
192.3288,8.9677
192.4812,8.8586
192.6336,9.3558
192.786,9.8752
192.9384,9.9585
193.0908,9.6221
193.2432,9.5596
193.3956,9.9154
193.548,9.4901
193.7004,7.8253
193.8528,6.3749
194.0052,6.3015
194.1576,7.3215
194.31,9.0136
194.4624,10.2476
194.6148,9.8812
194.7672,8.5996
194.9196,6.7891
195.072,6.5763
195.2244,7.0989
195.3768,7.3965
195.5292,7.272
195.6816,7.6168
195.834,8.0086
195.9864,8.4337
196.1388,8.8277
196.2912,8.8924
196.4436,9.1974
196.596,9.2039
196.7484,8.8614
196.9008,8.5168
197.0532,8.6902
197.2056,8.2499
197.358,7.0734
197.5104,6.7393
197.6628,7.1116
197.8152,8.3664
197.9676,9.9407
198.12,10.089
198.2724,9.2069
198.4248,9.1392
198.5772,9.6939
198.7296,10.525
198.882,10.223
199.0344,9.8018
199.1868,9.1344
199.3392,8.7188
199.4916,8.4739
199.644,9.3228
199.7964,10.2644
199.9488,10.9588
200.1012,11.6193
200.2536,11.308
200.406,9.8354
200.5584,7.9442
200.7108,6.6434
200.8632,6.6641
201.0156,7.9567
201.168,8.7794
201.3204,9.2805
201.4728,9.3724
201.6252,8.7303
201.7776,7.635
201.93,6.8826
202.0824,6.5239
202.2348,6.958
202.3872,8.3707
202.5396,9.1834
202.692,8.7171
202.8444,8.3548
202.9968,8.7613
203.1492,9.8769
203.3016,10.771
203.454,10.8916
203.6064,9.8285
203.7588,9.0937
203.9112,8.3241
204.0636,8.3954
204.216,9.055
204.3684,9.9635
204.5208,10.0991
204.6732,9.7465
204.8256,9.3596
204.978,9.7131
205.1304,10.2706
205.2828,10.2039
205.4352,9.2968
205.5876,9.6055
205.74,9.6916
205.8924,8.6088
206.0448,7.1246
206.1972,6.7315
206.3496,7.8891
206.502,9.5818
206.6544,10.5846
206.8068,10.2198
206.9592,8.407
207.1116,6.9561
207.264,6.0513
207.4164,5.2135
207.5688,5.0358
207.7212,5.0654
207.8736,5.1324
208.026,5.4294
208.1784,6.0647
208.3308,6.3315
208.4832,6.6798
208.6356,7.0897
208.788,7.4396
208.9404,6.8618
209.0928,6.1476
209.2452,5.7239
209.3976,6.2111
209.55,7.0133
209.7024,7.8275
209.8548,8.312
210.0072,8.7549
210.1596,9.2331
210.312,9.2769
210.4644,8.5451
210.6168,8.9952
210.7692,9.0976
210.9216,8.407
211.074,6.5651
211.2264,5.0976
211.3788,5.5242
211.5312,7.036
211.6836,8.0249
211.836,7.7339
211.9884,7.3399
212.1408,7.2744
212.2932,7.4002
212.4456,7.4083
212.598,7.4641
212.7504,7.7498
212.9028,8.1778
213.0552,8.4289
213.2076,7.7433
213.36,6.7962
213.5124,5.9919
213.6648,5.6887
213.8172,6.0677
213.9696,6.9416
214.122,7.3185
214.2744,7.3187
214.4268,6.9784
214.5792,6.7888
214.7316,6.8068
214.884,7.2906
215.0364,8.1661
215.1888,8.2362
215.3412,8.1849
215.4936,7.6257
215.646,8.039
215.7984,9.1431
215.9508,9.4635
216.1032,9.0209
216.2556,8.283
216.408,7.4265
216.5604,6.3345
216.7128,5.5813
216.8652,4.9967
217.0176,4.7802
217.17,4.8017
217.3224,5.1981
217.4748,6.137
217.6272,7.3767
217.7796,8.0202
217.932,8.1385
218.0844,7.8491
218.2368,7.4673
218.3892,7.8004
218.5416,7.3866
218.694,6.6373
218.8464,6.3775
218.9988,6.8051
219.1512,8.6619
219.3036,10.0036
219.456,9.3345
219.6084,7.319
219.7608,6.2643
219.9132,6.4949
220.0656,7.7507
220.218,7.6552
220.3704,8.165
220.5228,9.0145
220.6752,9.1151
220.8276,8.7451
220.98,7.7357
221.1324,6.6151
221.2848,6.287
221.4372,7.4232
221.5896,8.696
221.742,8.211
221.8944,7.2539
222.0468,6.283
222.1992,6.8599
222.3516,8.3609
222.504,8.7123
222.6564,8.5232
222.8088,7.7692
222.9612,7.6129
223.1136,7.9036
223.266,7.4891
223.4184,7.36
223.5708,7.183
223.7232,7.2618
223.8756,8.2058
224.028,8.6768
224.1804,8.5696
224.3328,8.4961
224.4852,8.4339
224.6376,8.4425
224.79,7.8923
224.9424,6.9127
225.0948,5.8549
225.2472,6.1162
225.3996,6.7901
225.552,7.487
225.7044,8.3389
225.8568,9.2693
226.0092,9.1925
226.1616,9.5682
226.314,10.2944
226.4664,10.4033
226.6188,10.0924
226.7712,9.2861
226.9236,8.8777
227.076,9.3397
227.2284,10.2167
227.3808,10.8077
227.5332,10.2783
227.6856,9.4751
227.838,9.28
227.9904,9.3203
228.1428,9.0685
228.2952,7.1523
228.4476,7.15
228.6,7.5739
228.7524,6.8115
228.9048,6.163
229.0572,7.0692
229.2096,7.369
229.362,6.6564
229.5144,6.7903
229.6668,7.7385
229.8192,7.7678
229.9716,7.4915
230.124,7.0594
230.2764,6.4828
230.4288,5.9805
230.5812,5.5532
230.7336,5.3711
230.886,5.5679
231.0384,6.1414
231.1908,7.0718
231.3432,7.3177
231.4956,7.2401
231.648,6.9315
231.8004,6.452
231.9528,5.9804
232.1052,5.5653
232.2576,5.5266
232.41,5.5349
232.5624,6.0463
232.7148,6.9302
232.8672,7.7767
233.0196,7.5407
233.172,7.2454
233.3244,7.7468
233.4768,8.4216
233.6292,8.7649
233.7816,8.4316
233.934,8.0739
234.0864,7.7988
234.2388,7.7315
234.3912,7.8578
234.5436,8.0249
234.696,8.4193
234.8484,8.7914
235.0008,9.4447
235.1532,9.5005
235.3056,8.8927
235.458,8.0011
235.6104,7.3867
235.7628,6.5918
235.9152,5.9391
236.0676,6.0754
236.22,6.9149
236.3724,7.4941
236.5248,8.0873
236.6772,8.4235
236.8296,9.0956
236.982,9.6133
237.1344,10.1055
237.2868,9.6827
237.4392,8.2903
237.5916,7.2993
237.744,7.0757
237.8964,7.9523
238.0488,8.9612
238.2012,9.1004
238.3536,8.5363
238.506,7.8943
238.6584,7.3666
238.8108,7.2651
238.9632,7.5499
239.1156,8.1102
239.268,7.6483
239.4204,7.1559
239.5728,6.4382
239.7252,5.8391
239.8776,5.4705
240.03,5.5428
240.1824,6.9025
240.3348,8.2777
240.4872,8.7597
240.6396,8.6803
240.792,7.8439
240.9444,6.8177
241.0968,6.2169
241.2492,6.2053
241.4016,7.1928
241.554,7.9005
241.7064,7.8746
241.8588,7.6565
242.0112,7.9774
242.1636,7.4272
242.316,6.5185
242.4684,6.097
242.6208,6.4708
242.7732,7.292
242.9256,8.2125
243.078,8.4314
243.2304,7.7405
243.3828,6.9056
243.5352,7.3355
243.6876,8.6683
243.84,9.5856
243.9924,9.4057
244.1448,8.5891
244.2972,7.0172
244.4496,5.7572
244.602,5.5948
244.7544,6.3884
244.9068,7.1056
245.0592,7.0912
245.2116,6.2325
245.364,5.7173
245.5164,6.5731
245.6688,6.6911
245.8212,6.1782
245.9736,6.8419
246.126,8.4744
246.2784,9.3455
246.4308,9.0061
246.5832,8.5887
246.7356,8.0758
246.888,7.5099
247.0404,7.4345
247.1928,7.913
247.3452,7.7859
247.4976,6.9655
247.65,7.128
247.8024,8.6883
247.9548,9.9003
248.1072,10.0325
248.2596,9.7581
248.412,9.438
248.5644,9.1327
248.7168,8.7608
248.8692,8.4636
249.0216,8.3565
249.174,9.1697
249.3264,9.1621
249.4788,9.6094
249.6312,11.031
249.7836,12.253
249.936,13.0296
250.0884,13.2037
250.2408,13.6435
250.3932,12.9153
250.5456,12.0976
250.698,12.3007
250.8504,12.6608
251.0028,12.3749
251.1552,11.1674
251.3076,9.7906
251.46,9.7565
251.6124,9.4666
251.7648,9.0073
251.9172,9.6428
252.0696,10.1167
252.222,10.0217
252.3744,8.1344
252.5268,7.4329
252.6792,7.2972
252.8316,6.5949
252.984,5.8009
253.1364,5.4202
253.2888,5.8321
253.4412,6.8982
253.5936,7.469
253.746,6.5932
253.8984,6.0959
254.0508,6.7061
254.2032,6.9261
254.3556,6.7256
254.508,7.3544
254.6604,8.4953
254.8128,8.0518
254.9652,7.1072
255.1176,7.1279
255.27,8.3539
255.4224,9.754
255.5748,9.4436
255.7272,8.3485
255.8796,7.1697
256.032,7.0601
256.1844,8.2268
256.3368,9.5234
256.4892,10.513
256.6416,10.8094
256.794,10.1303
256.9464,8.8284
257.0988,6.7991
257.2512,5.5396
257.4036,6.3622
257.556,7.8972
257.7084,8.1326
257.8608,7.6087
258.0132,6.941
258.1656,6.2841
258.318,5.624
258.4704,5.7341
258.6228,6.8614
258.7752,7.8944
258.9276,8.9264
259.08,9.8033
259.2324,10.2286
259.3848,9.7952
259.5372,8.9382
259.6896,8.7972
259.842,8.3928
259.9944,7.4968
260.1468,6.5541
260.2992,5.5319
260.4516,5.1901
260.604,6.1588
260.7564,6.8585
260.9088,7.4314
261.0612,6.769
261.2136,7.3702
261.366,8.8001
261.5184,9.1656
261.6708,8.6173
261.8232,8.1787
261.9756,7.783
262.128,7.8581
262.2804,8.5422
262.4328,10.1224
262.5852,11.3662
262.7376,11.8659
262.89,11.4499
263.0424,10.7364
263.1948,10.1055
263.3472,9.8257
263.4996,10.3392
263.652,11.1259
263.8044,12.6906
263.9568,13.5014
264.1092,13.2301
264.2616,12.1616
264.414,12.2748
264.5664,12.5003
264.7188,12.0345
264.8712,10.6298
265.0236,9.2903
265.176,9.7685
265.3284,11.1162
265.4808,11.8701
265.6332,11.2135
265.7856,10.6415
265.938,10.2265
266.0904,10.6766
266.2428,11.8161
266.3952,13.4483
266.5476,13.8051
266.7,13.3527
266.8524,13.136
267.0048,13.8112
267.1572,14.0524
267.3096,13.7595
267.462,13.6596
267.6144,13.2603
267.7668,12.0164
267.9192,12.1485
268.0716,11.6657
268.224,10.4234
268.3764,9.9519
268.5288,9.8063
268.6812,10.6096
268.8336,11.824
268.986,11.9134
269.1384,11.3246
269.2908,11.1019
269.4432,11.7455
269.5956,11.9465
269.748,11.5307
269.9004,10.9315
270.0528,10.4929
270.2052,9.891
270.3576,8.3902
270.51,7.8423
270.6624,8.5636
270.8148,10.2701
270.9672,12.943
271.1196,13.5101
271.272,13.1107
271.4244,13.6698
271.5768,14.551
271.7292,14.5072
271.8816,13.4958
272.034,11.6264
272.1864,9.6794
272.3388,9.9715
272.4912,10.7759
272.6436,9.9287
272.796,9.3978
272.9484,10.9069
273.1008,13.6482
273.2532,14.26
273.4056,12.4698
273.558,11.2662
273.7104,12.2704
273.8628,13.036
274.0152,12.7864
274.1676,12.08
274.32,11.0172
274.4724,9.8071
274.6248,8.172
274.7772,7.0003
274.9296,6.9239
275.082,7.9836
275.2344,9.9077
275.3868,10.9649
275.5392,12.2711
275.6916,12.4214
275.844,10.8275
275.9964,9.0017
276.1488,7.4562
276.3012,6.9133
276.4536,8.4745
276.606,10.0061
276.7584,11.6935
276.9108,12.0719
277.0632,12.1616
277.2156,11.5549
277.368,10.3779
277.5204,9.7683
277.6728,9.4595
277.8252,10.0985
277.9776,11.5055
278.13,11.8777
278.2824,11.7241
278.4348,10.7584
278.5872,9.4085
278.7396,8.9068
278.892,10.0071
279.0444,11.7665
279.1968,12.3273
279.3492,11.9494
279.5016,11.0524
279.654,10.2026
279.8064,9.8321
279.9588,10.4533
280.1112,11.5062
280.2636,12.4238
280.416,12.1382
280.5684,11.6358
280.7208,11.0777
280.8732,11.5647
281.0256,11.3347
281.178,10.3467
281.3304,10.0449
281.4828,10.6055
281.6352,10.991
281.7876,10.7763
281.94,10.6706
282.0924,10.9905
282.2448,12.1414
282.3972,11.6576
282.5496,9.4891
282.702,8.0042
282.8544,7.6154
283.0068,8.075
283.1592,8.8083
283.3116,9.1253
283.464,8.1285
283.6164,7.8345
283.7688,8.5468
283.9212,9.7939
284.0736,11.2541
284.226,11.7053
284.3784,10.2685
284.5308,9.8947
284.6832,10.2312
284.8356,10.3464
284.988,10.0853
285.1404,8.821
285.2928,7.4227
285.4452,6.2244
285.5976,6.9155
285.75,8.3655
285.9024,9.4503
286.0548,10.5897
286.2072,11.3018
286.3596,11.784
286.512,11.6425
286.6644,11.1445
286.8168,10.7096
286.9692,10.3806
287.1216,10.601
287.274,10.5544
287.4264,9.7948
287.5788,8.9718
287.7312,8.6976
287.8836,8.8862
288.036,9.7973
288.1884,10.1569
288.3408,9.8039
288.4932,9.2242
288.6456,8.7233
288.798,8.4243
288.9504,8.598
289.1028,9.949
289.2552,10.2544
289.4076,9.8628
289.56,9.2844
289.7124,9.5186
289.8648,10.7827
290.0172,11.8805
290.1696,12.5023
290.322,12.1637
290.4744,10.6938
290.6268,9.051
290.7792,8.8641
290.9316,9.5075
291.084,10.0387
291.2364,10.5054
291.3888,9.7378
291.5412,9.4718
291.6936,10.3707
291.846,11.3842
291.9984,11.7815
292.1508,11.2404
292.3032,10.0976
292.4556,10.161
292.608,10.5441
292.7604,10.3046
292.9128,8.6742
293.0652,7.2544
293.2176,6.3448
293.37,6.6255
293.5224,8.1644
293.6748,9.8828
293.8272,10.2779
293.9796,9.9906
294.132,9.0262
294.2844,8.516
294.4368,7.7959
294.5892,7.3838
294.7416,7.1437
294.894,8.0696
295.0464,9.1262
295.1988,10.2618
295.3512,11.4196
295.5036,11.9053
295.656,11.4481
295.8084,10.7545
295.9608,10.8171
296.1132,11.2051
296.2656,11.5035
296.418,11.2963
296.5704,10.6253
296.7228,10.1724
296.8752,9.413
297.0276,8.5917
297.18,8.5696
297.3324,9.0655
297.4848,9.0541
297.6372,8.7833
297.7896,7.8949
297.942,7.4008
298.0944,7.8271
298.2468,8.6888
298.3992,8.5106
298.5516,8.3705
298.704,8.0245
298.8564,8.8054
299.0088,9.1183
299.1612,8.8503
299.3136,8.7966
299.466,9.3365
299.6184,10.2867
299.7708,10.3869
299.9232,10.0433
300.0756,9.3097
300.228,8.8047
300.3804,9.125
300.5328,9.327
300.6852,9.173
300.8376,8.7052
300.99,8.8747
301.1424,9.4117
301.2948,9.6316
301.4472,9.6657
301.5996,10.3038
301.752,11.7013
301.9044,12.7978
302.0568,12.4959
302.2092,10.8534
302.3616,9.296
302.514,9.2725
302.6664,9.9101
302.8188,10.1936
302.9712,9.4495
303.1236,8.1968
303.276,7.55
303.4284,7.9623
303.5808,9.2094
303.7332,10.4153
303.8856,11.2713
304.038,11.8788
304.1904,12.4418
304.3428,13.0151
304.4952,12.222
304.6476,11.0241
304.8,10.4846
304.9524,10.1997
305.1048,10.7479
305.2572,12.2379
305.4096,13.6944
305.562,13.4188
305.7144,13.6791
305.8668,14.3566
306.0192,14.5756
306.1716,14.066
306.324,13.2705
306.4764,12.8559
306.6288,12.6013
306.7812,12.4638
306.9336,12.2695
307.086,11.6744
307.2384,10.8307
307.3908,9.4272
307.5432,8.7494
307.6956,8.6594
307.848,9.9223
308.0004,9.7877
308.1528,9.2764
308.3052,8.6482
308.4576,9.28
308.61,10.0863
308.7624,11.1488
308.9148,11.5719
309.0672,10.8887
309.2196,9.8256
309.372,9.9497
309.5244,11.1986
309.6768,11.7418
309.8292,11.3518
309.9816,11.969
310.134,13.3394
310.2864,14.3751
310.4388,14.6193
310.5912,13.1288
310.7436,11.4303
310.896,10.4103
311.0484,9.6747
311.2008,9.8618
311.3532,10.7652
311.5056,11.5126
311.658,12.0997
311.8104,12.3769
311.9628,11.5436
312.1152,10.8977
312.2676,10.6506
312.42,11.1378
312.5724,11.6351
312.7248,12.7879
312.8772,12.9443
313.0296,12.8401
313.182,12.6955
313.3344,12.4016
313.4868,12.2944
313.6392,12.4712
313.7916,12.7449
313.944,12.965
314.0964,13.0081
314.2488,12.9606
314.4012,12.7456
314.5536,11.6697
314.706,10.1866
314.8584,8.8157
315.0108,8.3863
315.1632,9.3373
315.3156,10.3699
315.468,11.0775
315.6204,11.0525
315.7728,10.5688
315.9252,10.6996
316.0776,10.676
316.23,9.961
316.3824,8.9326
316.5348,8.2841
316.6872,9.7594
316.8396,10.789
316.992,10.3551
317.1444,8.8199
317.2968,8.3906
317.4492,9.1931
317.6016,10.313
317.754,11.7709
317.9064,12.5076
318.0588,12.7571
318.2112,11.7068
318.3636,10.3891
318.516,10.3511
318.6684,10.2465
318.8208,10.4193
318.9732,10.8186
319.1256,11.1729
319.278,11.6215
319.4304,11.8115
319.5828,11.2984
319.7352,9.9691
319.8876,8.5001
320.04,9.082
320.1924,10.3768
320.3448,11.1987
320.4972,10.9736
320.6496,10.5463
320.802,10.6349
320.9544,11.4144
321.1068,12.4933
321.2592,12.8623
321.4116,13.306
321.564,14.2552
321.7164,14.3736
321.8688,13.683
322.0212,12.3901
322.1736,10.9985
322.326,9.3688
322.4784,8.6344
322.6308,9.3148
322.7832,10.9289
322.9356,13.4848
323.088,14.2969
323.2404,13.015
323.3928,10.3146
323.5452,8.3148
323.6976,8.0697
323.85,9.5009
324.0024,10.7328
324.1548,10.9995
324.3072,9.386
324.4596,8.9511
324.612,9.7475
324.7644,10.2612
324.9168,9.1848
325.0692,8.2263
325.2216,7.8169
325.374,9.0789
325.5264,10.4537
325.6788,10.2534
325.8312,10.0273
325.9836,9.6528
326.136,10.2846
326.2884,11.1787
326.4408,11.0927
326.5932,10.3773
326.7456,9.4932
326.898,8.8107
327.0504,8.7417
327.2028,9.8417
327.3552,10.012
327.5076,9.6857
327.66,9.2249
327.8124,8.2771
327.9648,8.2008
328.1172,8.6592
328.2696,9.2985
328.422,10.3165
328.5744,10.5749
328.7268,10.772
328.8792,10.751
329.0316,9.8595
329.184,9.273
329.3364,9.0599
329.4888,9.0307
329.6412,9.333
329.7936,9.7556
329.946,10.6479
330.0984,11.3689
330.2508,11.0079
330.4032,10.2585
330.5556,9.8085
330.708,10.0126
330.8604,10.7956
331.0128,12.4001
331.1652,13.3664
331.3176,12.7076
331.47,11.953
331.6224,12.0139
331.7748,13.1793
331.9272,13.1895
332.0796,12.7384
332.232,11.9657
332.3844,10.8653
332.5368,9.9846
332.6892,10.1594
332.8416,11.4687
332.994,12.1683
333.1464,12.3976
333.2988,12.3386
333.4512,11.8859
333.6036,11.9417
333.756,12.6771
333.9084,12.9448
334.0608,12.6941
334.2132,12.2477
334.3656,12.6619
334.518,13.6589
334.6704,13.7924
334.8228,13.7689
334.9752,13.0833
335.1276,12.2384
335.28,11.5705
335.4324,11.4863
335.5848,11.2339
335.7372,11.1916
335.8896,11.1556
336.042,11.8936
336.1944,13.3127
336.3468,14.0391
336.4992,13.2289
336.6516,11.7041
336.804,12.8694
336.9564,13.2251
337.1088,12.9163
337.2612,12.6229
337.4136,12.7861
337.566,14.4076
337.7184,14.9276
337.8708,14.835
338.0232,13.5284
338.1756,11.1448
338.328,9.8556
338.4804,9.7033
338.6328,11.3086
338.7852,12.5673
338.9376,12.1107
339.09,11.7664
339.2424,12.2286
339.3948,13.4021
339.5472,15.2182
339.6996,14.9523
339.852,14.5864
340.0044,15.3283
340.1568,16.2771
340.3092,16.2588
340.4616,15.8186
340.614,14.478
340.7664,14.1067
340.9188,14.7595
341.0712,15.3298
341.2236,15.1729
341.376,15.3102
341.5284,15.9088
341.6808,15.3908
341.8332,14.4028
341.9856,13.9254
342.138,14.9538
342.2904,16.3386
342.4428,16.7404
342.5952,16.1171
342.7476,15.5776
342.9,15.8051
343.0524,16.4635
343.2048,16.4588
343.3572,14.9308
343.5096,13.3295
343.662,11.564
343.8144,10.8408
343.9668,11.6893
344.1192,13.3955
344.2716,13.6028
344.424,12.4862
344.5764,11.27
344.7288,10.5153
344.8812,10.6059
345.0336,10.8597
345.186,12.0067
345.3384,12.4345
345.4908,12.4049
345.6432,12.4232
345.7956,12.7433
345.948,12.7054
346.1004,11.3696
346.2528,10.0645
346.4052,9.4156
346.5576,8.9635
346.71,9.2922
346.8624,9.7215
347.0148,10.418
347.1672,10.7774
347.3196,10.1157
347.472,9.9318
347.6244,10.1193
347.7768,11.1155
347.9292,12.4351
348.0816,13.2347
348.234,13.0221
348.3864,11.6833
348.5388,10.3938
348.6912,10.0186
348.8436,11.1391
348.996,11.5633
349.1484,10.8108
349.3008,10.45
349.4532,11.3279
349.6056,12.2704
349.758,13.2309
349.9104,13.8238
350.0628,13.6032
350.2152,12.9535
350.3676,12.125
350.52,11.8095
350.6724,11.7818
350.8248,12.3457
350.9772,13.4355
351.1296,14.3382
351.282,14.0789
351.4344,13.1164
351.5868,13.0708
351.7392,13.1991
351.8916,13.189
352.044,12.5246
352.1964,11.3488
352.3488,10.3881
352.5012,9.5011
352.6536,9.9188
352.806,11.2372
352.9584,11.5623
353.1108,11.2562
353.2632,12.0045
353.4156,12.8444
353.568,12.4952
353.7204,11.5883
353.8728,11.2977
354.0252,12.8619
354.1776,14.3085
354.33,13.791
354.4824,12.3395
354.6348,10.5792
354.7872,10.1259
354.9396,10.6536
355.092,11.1555
355.2444,11.5293
355.3968,11.3135
355.5492,10.9542
355.7016,11.0176
355.854,11.5696
356.0064,12.6028
356.1588,12.115
356.3112,12.0913
356.4636,12.6751
356.616,12.2463
356.7684,11.7443
356.9208,10.2714
357.0732,9.4048
357.2256,9.5135
357.378,11.1816
357.5304,11.6065
357.6828,11.0909
357.8352,9.8882
357.9876,9.2714
358.14,9.3969
358.2924,9.8247
358.4448,10.2558
358.5972,10.1382
358.7496,10.0062
358.902,10.5687
359.0544,10.954
359.2068,11.901
359.3592,13.4665
359.5116,15.1837
359.664,15.4661
359.8164,14.4396
359.9688,13.0016
360.1212,11.2439
360.2736,10.047
360.426,9.6863
360.5784,10.9388
360.7308,11.377
360.8832,11.6784
361.0356,11.5522
361.188,11.4513
361.3404,11.682
361.4928,11.9161
361.6452,12.2421
361.7976,12.0525
361.95,11.2099
362.1024,10.4375
362.2548,10.1098
362.4072,10.4473
362.5596,9.7587
362.712,8.9689
362.8644,9.6884
363.0168,10.5614
363.1692,11.0417
363.3216,10.6984
363.474,11.0237
363.6264,11.7164
363.7788,11.1053
363.9312,10.5391
364.0836,10.5198
364.236,11.6469
364.3884,12.7302
364.5408,12.5005
364.6932,11.9933
364.8456,10.9603
364.998,10.5838
365.1504,10.9539
365.3028,11.0873
365.4552,10.5105
365.6076,9.7243
365.76,9.1389
365.9124,8.7338
366.0648,8.8909
366.2172,10.1407
366.3696,10.4926
366.522,10.0609
366.6744,8.9294
366.8268,8.3902
366.9792,8.1777
367.1316,8.5316
367.284,9.5653
367.4364,10.7136
367.5888,11.4358
367.7412,11.6971
367.8936,11.1705
368.046,10.2728
368.1984,10.1192
368.3508,11.129
368.5032,11.3899
368.6556,10.7071
368.808,11.0702
368.9604,13.0619
369.1128,15.1165
369.2652,16.2677
369.4176,15.4139
369.57,13.2004
369.7224,10.966
369.8748,9.3551
370.0272,8.9945
370.1796,10.4433
370.332,10.5152
370.4844,10.3007
370.6368,10.6679
370.7892,11.1276
370.9416,11.2997
371.094,11.2125
371.2464,10.2192
371.3988,8.8399
371.5512,8.6955
371.7036,10.5765
371.856,12.9143
372.0084,14.6609
372.1608,14.3088
372.3132,13.3897
372.4656,12.992
372.618,14.0571
372.7704,14.8873
372.9228,14.6745
373.0752,14.7651
373.2276,15.0492
373.38,15.1051
373.5324,14.6181
373.6848,13.3264
373.8372,11.5647
373.9896,10.5259
374.142,11.635
374.2944,12.3065
374.4468,11.7521
374.5992,10.4603
374.7516,9.6564
374.904,9.542
375.0564,9.8671
375.2088,10.0233
375.3612,10.4941
375.5136,11.6353
375.666,12.2221
375.8184,11.0221
375.9708,10.1018
376.1232,10.9302
376.2756,13.6703
376.428,16.6508
376.5804,17.1972
376.7328,15.0633
376.8852,12.8162
377.0376,10.4082
377.19,9.66
377.3424,9.2905
377.4948,9.1962
377.6472,10.5768
377.7996,12.0018
377.952,11.8088
378.1044,10.7202
378.2568,10.598
378.4092,11.9815
378.5616,12.4155
378.714,11.9616
378.8664,10.8063
379.0188,9.4323
379.1712,8.6013
379.3236,8.3675
379.476,9.7208
379.6284,11.6587
379.7808,13.7923
379.9332,14.5768
380.0856,13.8791
380.238,12.7492
380.3904,12.47
380.5428,12.7911
380.6952,11.6409
380.8476,10.0411
381,9.2552
381.1524,11.2717
381.3048,13.2991
381.4572,13.6516
381.6096,13.1211
381.762,12.534
381.9144,12.921
382.0668,13.8416
382.2192,14.0503
382.3716,13.3539
382.524,12.7799
382.6764,13.1908
382.8288,14.7581
382.9812,15.1247
383.1336,14.8619
383.286,14.8781
383.4384,13.4287
383.5908,12.2877
383.7432,11.6035
383.8956,10.5362
384.048,9.8122
384.2004,9.9257
384.3528,10.3452
384.5052,11.0121
384.6576,11.391
384.81,13.7072
384.9624,15.7779
385.1148,17.4394
385.2672,16.4984
385.4196,14.5974
385.572,13.4395
385.7244,13.207
385.8768,13.9038
386.0292,15.46
386.1816,17.3821
386.334,18.7235
386.4864,18.7296
386.6388,17.1045
386.7912,14.8826
386.9436,12.5724
387.096,10.0169
387.2484,9.3487
387.4008,9.3108
387.5532,9.2682
387.7056,10.3252
387.858,13.0694
388.0104,13.8734
388.1628,13.6396
388.3152,12.6151
388.4676,11.6252
388.62,10.77
388.7724,10.7852
388.9248,11.2348
389.0772,11.2007
389.2296,10.5818
389.382,10.9631
389.5344,11.5652
389.6868,11.9992
389.8392,11.566
389.9916,11.5644
390.144,12.7569
390.2964,14.4089
390.4488,15.6264
390.6012,15.4223
390.7536,14.3259
390.906,12.7449
391.0584,11.3109
391.2108,9.3189
391.3632,8.6067
391.5156,9.8646
391.668,12.2707
391.8204,13.228
391.9728,12.5192
392.1252,11.8487
392.2776,10.9348
392.43,9.5696
392.5824,8.8662
392.7348,10.1046
392.8872,12.5413
393.0396,13.7145
393.192,13.0748
393.3444,12.5325
393.4968,11.7077
393.6492,11.2861
393.8016,11.0801
393.954,9.9593
394.1064,10.2007
394.2588,10.9218
394.4112,11.4914
394.5636,11.2756
394.716,10.4404
394.8684,9.2481
395.0208,8.6791
395.1732,9.0675
395.3256,9.9335
395.478,11.6536
395.6304,12.7284
395.7828,12.9356
395.9352,11.8924
396.0876,10.7205
396.24,10.0812
396.3924,9.631
396.5448,9.3363
396.6972,10.1794
396.8496,11.0442
397.002,11.9342
397.1544,11.882
397.3068,11.6846
397.4592,11.2554
397.6116,10.6761
397.764,10.697
397.9164,11.2815
398.0688,11.8612
398.2212,11.9173
398.3736,12.0985
398.526,12.8122
398.6784,14.4895
398.8308,15.5532
398.9832,15.6077
399.1356,14.5458
399.288,12.9278
399.4404,11.8723
399.5928,11.9704
399.7452,12.1556
399.8976,12.1225
400.05,11.4202
400.2024,11.0785
400.3548,11.8712
400.5072,13.4364
400.6596,14.1686
400.812,13.6306
400.9644,13.7117
401.1168,14.7127
401.2692,15.2781
401.4216,15.1191
401.574,14.6505
401.7264,14.0773
401.8788,13.5492
402.0312,13.0432
402.1836,13.2312
402.336,14.484
402.4884,14.6689
402.6408,13.6994
402.7932,12.4156
402.9456,11.7226
403.098,12.0442
403.2504,13.3849
403.4028,14.8832
403.5552,17.6541
403.7076,20.1734
403.86,20.8151
404.0124,21.0343
404.1648,22.6563
404.3172,25.4402
404.4696,27.75
404.622,28.7609
404.7744,28.9075
404.9268,27.2784
405.0792,25.5649
405.2316,24.842
405.384,24.5697
405.5364,23.9218
405.6888,22.3747
405.8412,20.3284
405.9936,18.5688
406.146,18.7928
406.2984,21.267
406.4508,22.6474
406.6032,22.5009
406.7556,21.1824
406.908,20.4708
407.0604,21.2772
407.2128,21.7927
407.3652,21.6996
407.5176,21.1663
407.67,20.0149
407.8224,17.971
407.9748,16.0447
408.1272,15.0619
408.2796,15.4323
408.432,15.8888
408.5844,18.0933
408.7368,20.0342
408.8892,20.8456
409.0416,21.1741
409.194,22.1498
409.3464,21.8598
409.4988,19.8133
409.6512,17.2557
409.8036,15.384
409.956,16.3356
410.1084,17.2793
410.2608,16.4145
410.4132,17.1377
410.5656,18.1429
410.718,17.5468
410.8704,16.0788
411.0228,15.8634
411.1752,15.3565
411.3276,14.6065
411.48,15.2322
411.6324,15.7967
411.7848,15.3555
411.9372,14.6066
412.0896,14.2477
412.242,15.1206
412.3944,16.3026
412.5468,17.6079
412.6992,18.401
412.8516,18.1528
413.004,17.0095
413.1564,15.4473
413.3088,14.4101
413.4612,14.6987
413.6136,16.0866
413.766,16.0816
413.9184,16.3916
414.0708,16.8673
414.2232,17.3538
414.3756,17.5675
414.528,17.5978
414.6804,17.5199
414.8328,16.9144
414.9852,16.6563
415.1376,17.1968
415.29,19.5632
415.4424,22.508
415.5948,23.3843
415.7472,21.7591
415.8996,20.2073
416.052,19.4263
416.2044,20.4111
416.3568,21.6837
416.5092,23.836
416.6616,24.6536
416.814,24.5706
416.9664,23.2016
417.1188,21.6313
417.2712,20.5806
417.4236,21.8145
417.576,23.7905
417.7284,24.813
417.8808,25.0295
418.0332,24.566
418.1856,23.7697
418.338,23.2979
418.4904,23.7446
418.6428,23.8059
418.7952,23.1385
418.9476,21.3026
419.1,18.7694
419.2524,18.1186
419.4048,17.9436
419.5572,17.205
419.7096,16.6235
419.862,16.4539
420.0144,16.6952
420.1668,17.754
420.3192,19.5483
420.4716,21.8877
420.624,24.2776
420.7764,26.8221
420.9288,28.8462
421.0812,30.2531
421.2336,30.0318
421.386,29.1928
421.5384,29.0528
421.6908,28.7618
421.8432,28.7845
421.9956,28.8978
422.148,29.0732
422.3004,29.0759
422.4528,28.9535
422.6052,28.8126
422.7576,27.9077
422.91,26.1674
423.0624,25.5862
423.2148,24.4238
423.3672,21.1683
423.5196,19.6531
423.672,21.1598
423.8244,24.9259
423.9768,29.5748
424.1292,30.7168
424.2816,29.4599
424.434,26.8799
424.5864,24.841
424.7388,23.8053
424.8912,23.9239
425.0436,24.4924
425.196,24.5626
425.3484,23.4702
425.5008,21.4056
425.6532,19.5385
425.8056,20.1816
425.958,22.8814
426.1104,24.4998
426.2628,24.5992
426.4152,24.5944
426.5676,24.8093
426.72,25.8313
426.8724,25.4474
427.0248,23.577
427.1772,22.2655
427.3296,23.2458
427.482,24.3726
427.6344,24.2363
427.7868,23.3965
427.9392,23.1441
428.0916,23.0363
428.244,23.4552
428.3964,25.9986
428.5488,28.3715
428.7012,29.0612
428.8536,28.3029
429.006,28.0162
429.1584,29.1833
429.3108,33.886
429.4632,39.0857
429.6156,40.2153
429.768,38.8502
429.9204,36.1601
430.0728,33.8587
430.2252,32.5617
430.3776,31.5811
430.53,31.3786
430.6824,30.4204
430.8348,28.0474
430.9872,24.9004
431.1396,23.9903
431.292,24.6903
431.4444,24.835
431.5968,23.2504
431.7492,21.8059
431.9016,21.914
432.054,22.37
432.2064,21.9826
432.3588,20.7316
432.5112,20.7046
432.6636,22.9979
432.816,25.3053
432.9684,26.0086
433.1208,25.0741
433.2732,24.5347
433.4256,24.2938
433.578,23.4862
433.7304,22.5518
433.8828,22.5002
434.0352,23.7269
434.1876,26.116
434.34,26.5774
434.4924,25.0293
434.6448,23.1594
434.7972,22.9996
434.9496,25.849
435.102,28.9684
435.2544,28.9906
435.4068,27.8948
435.5592,26.5527
435.7116,24.9224
435.864,23.3873
436.0164,22.2546
436.1688,22.1927
436.3212,23.9537
436.4736,25.756
436.626,25.9879
436.7784,25.3972
436.9308,23.2959
437.0832,20.1409
437.2356,18.5319
437.388,18.9749
437.5404,22.3361
437.6928,22.8497
437.8452,22.2589
437.9976,20.9574
438.15,20.0762
438.3024,19.7261
438.4548,19.9756
438.6072,20.6807
438.7596,20.6746
438.912,20.173
439.0644,18.3775
439.2168,17.3737
439.3692,17.0406
439.5216,17.2146
439.674,17.8914
439.8264,19.336
439.9788,21.475
440.1312,24.2774
440.2836,24.3537
440.436,22.5627
440.5884,22.3664
440.7408,23.929
440.8932,24.6063
441.0456,23.7909
441.198,21.6661
441.3504,19.8738
441.5028,19.1829
441.6552,18.872
441.8076,19.0581
441.96,19.6454
442.1124,20.1464
442.2648,19.6697
442.4172,18.1769
442.5696,17.221
442.722,17.7286
442.8744,18.0997
443.0268,17.8371
443.1792,17.0824
443.3316,16.946
443.484,18.3318
443.6364,20.3453
443.7888,20.3993
443.9412,20.7254
444.0936,21.2829
444.246,21.0179
444.3984,19.8838
444.5508,19.4105
444.7032,19.9088
444.8556,20.2947
445.008,19.3004
445.1604,18.1304
445.3128,18.2944
445.4652,19.8053
445.6176,20.5727
445.77,20.3224
445.9224,20.5708
446.0748,21.8486
446.2272,23.0898
446.3796,23.4215
446.532,23.1514
446.6844,22.4478
446.8368,21.5356
446.9892,20.7339
447.1416,20.579
447.294,20.4304
447.4464,19.7201
447.5988,18.4328
447.7512,17.7008
447.9036,18.6688
448.056,20.0538
448.2084,21.3068
448.3608,21.1618
448.5132,20.8258
448.6656,20.9364
448.818,22.4408
448.9704,23.9191
449.1228,23.5803
449.2752,20.8772
449.4276,16.8533
449.58,15.4177
449.7324,17.2118
449.8848,19.9592
450.0372,19.9699
450.1896,18.566
450.342,18.0311
450.4944,17.9319
450.6468,18.2794
450.7992,19.0388
450.9516,20.3223
451.104,20.4451
451.2564,19.6106
451.4088,18.8454
451.5612,18.428
451.7136,18.4852
451.866,18.1862
452.0184,18.8562
452.1708,20.1718
452.3232,20.0803
452.4756,19.6357
452.628,19.5559
452.7804,20.396
452.9328,21.7945
453.0852,22.1559
453.2376,21.082
453.39,19.5015
453.5424,17.7803
453.6948,17.5249
453.8472,18.8181
453.9996,20.7895
454.152,22.3701
454.3044,22.3211
454.4568,22.4341
454.6092,22.3553
454.7616,22.589
454.914,22.5419
455.0664,22.5014
455.2188,21.7535
455.3712,20.612
455.5236,18.4039
455.676,16.1729
455.8284,14.815
455.9808,14.4822
456.1332,15.6806
456.2856,17.7335
456.438,19.8465
456.5904,21.6592
456.7428,22.8082
456.8952,22.9145
457.0476,21.5196
457.2,18.1421
457.3524,17.2871
457.5048,18.605
457.6572,18.6169
457.8096,17.0338
457.962,15.374
458.1144,14.9694
458.2668,15.8631
458.4192,16.5393
458.5716,16.7241
458.724,16.5
458.8764,16.1212
459.0288,16.1151
459.1812,16.0523
459.3336,16.1813
459.486,17.479
459.6384,19.0219
459.7908,20.7142
459.9432,22.4714
460.0956,22.0898
460.248,21.1568
460.4004,22.3892
460.5528,22.8901
460.7052,21.8755
460.8576,19.5626
461.01,18.4654
461.1624,18.4697
461.3148,18.9883
461.4672,19.6654
461.6196,21.4035
461.772,22.9603
461.9244,22.8581
462.0768,22.6607
462.2292,22.5657
462.3816,22.4052
462.534,20.6506
462.6864,19.3161
462.8388,19.195
462.9912,19.5902
463.1436,21.5519
463.296,23.3073
463.4484,23.4861
463.6008,23.2748
463.7532,23.992
463.9056,26.0841
464.058,27.3534
464.2104,26.8817
464.3628,25.0219
464.5152,22.198
464.6676,20.0051
464.82,20.8353
464.9724,22.7055
465.1248,22.6395
465.2772,21.8114
465.4296,20.526
465.582,19.4002
465.7344,18.6976
465.8868,18.8716
466.0392,19.3613
466.1916,19.6153
466.344,19.3037
466.4964,19.1162
466.6488,18.9953
466.8012,18.8729
466.9536,19.607
467.106,21.3816
467.2584,22.8821
467.4108,23.7861
467.5632,23.9669
467.7156,24.0156
467.868,24.1622
468.0204,27.0816
468.1728,30.1307
468.3252,30.154
468.4776,28.6104
468.63,27.3625
468.7824,27.4305
468.9348,27.073
469.0872,25.0173
469.2396,22.9102
469.392,22.8747
469.5444,25.5515
469.6968,25.8912
469.8492,23.8958
470.0016,22.0363
470.154,21.3045
470.3064,21.7756
470.4588,24.0646
470.6112,26.6466
470.7636,28.3038
470.916,29.4036
471.0684,29.53
471.2208,29.2142
471.3732,27.2026
471.5256,24.8475
471.678,22.254
471.8304,21.592
471.9828,21.6385
472.1352,20.826
472.2876,19.6611
472.44,19.6853
472.5924,19.4139
472.7448,19.3088
472.8972,20.3274
473.0496,21.8593
473.202,22.1935
473.3544,21.4827
473.5068,20.4416
473.6592,20.148
473.8116,21.1224
473.964,20.9592
474.1164,19.4706
474.2688,17.2804
474.4212,15.8016
474.5736,16.4863
474.726,17.3573
474.8784,17.8059
475.0308,17.8186
475.1832,16.2923
475.3356,14.8548
475.488,15.3129
475.6404,17.8824
475.7928,20.9701
475.9452,21.0162
476.0976,19.6845
476.25,20.3076
476.4024,20.9902
476.5548,20.9051
476.7072,21.6889
476.8596,23.728
477.012,24.6203
477.1644,22.5381
477.3168,20.4098
477.4692,19.0031
477.6216,19.4145
477.774,22.0104
477.9264,25.6885
478.0788,27.7081
478.2312,26.8967
478.3836,24.3808
478.536,22.2409
478.6884,20.9331
478.8408,21.2209
478.9932,22.2373
479.1456,22.2079
479.298,21.6841
479.4504,21.073
479.6028,19.7428
479.7552,17.1739
479.9076,15.4486
480.06,14.6004
480.2124,16.0969
480.3648,19.8991
480.5172,21.4551
480.6696,22.2602
480.822,21.8584
480.9744,20.027
481.1268,17.775
481.2792,17.0083
481.4316,19.7619
481.584,21.0691
481.7364,20.8062
481.8888,19.5993
482.0412,18.7798
482.1936,18.772
482.346,19.1163
482.4984,19.6744
482.6508,20.312
482.8032,19.9454
482.9556,19.0115
483.108,18.8451
483.2604,20.1569
483.4128,22.5063
483.5652,23.7773
483.7176,24.1579
483.87,23.4348
484.0224,21.6284
484.1748,20.0183
484.3272,20.0069
484.4796,19.5934
484.632,18.602
484.7844,18.5952
484.9368,19.4868
485.0892,20.8185
485.2416,20.9919
485.394,20.4338
485.5464,18.9868
485.6988,18.2304
485.8512,18.5763
486.0036,20.3575
486.156,23.3028
486.3084,24.1783
486.4608,22.8835
486.6132,19.1993
486.7656,17.4781
486.918,18.759
487.0704,18.7415
487.2228,19.1535
487.3752,21.5047
487.5276,22.2146
487.68,21.75
487.8324,21.2532
487.9848,20.8149
488.1372,20.9293
488.2896,20.9729
488.442,20.4793
488.5944,21.5439
488.7468,23.0763
488.8992,23.5234
489.0516,23.2159
489.204,22.0927
489.3564,21.2392
489.5088,21.0337
489.6612,20.9432
489.8136,21.3081
489.966,22.9051
490.1184,24.1085
490.2708,23.4399
490.4232,21.4547
490.5756,19.7431
490.728,20.069
490.8804,20.0351
491.0328,19.0655
491.1852,17.8124
491.3376,17.0652
491.49,16.5802
491.6424,16.5495
491.7948,17.2494
491.9472,17.556
492.0996,17.1588
492.252,16.4757
492.4044,16.463
492.5568,17.1178
492.7092,16.9499
492.8616,17.1707
493.014,18.6777
493.1664,20.1363
493.3188,20.3945
493.4712,19.732
493.6236,19.8261
493.776,19.9605
493.9284,19.9467
494.0808,18.7315
494.2332,17.8876
494.3856,18.1337
494.538,20.2022
494.6904,21.968
494.8428,21.8728
494.9952,20.4309
495.1476,19.2253
495.3,19.5346
495.4524,21.2797
495.6048,22.9537
495.7572,23.0147
495.9096,21.575
496.062,21.0683
496.2144,22.1518
496.3668,22.8271
496.5192,21.2467
496.6716,18.4716
496.824,15.8719
496.9764,15.7114
497.1288,17.0446
497.2812,19.336
497.4336,20.1871
497.586,19.8846
497.7384,19.2868
497.8908,19.5397
498.0432,20.7549
498.1956,22.4534
498.348,22.9393
498.5004,22.7673
498.6528,22.3509
498.8052,21.7796
498.9576,20.9538
499.11,20.0449
499.2624,19.8323
499.4148,20.1913
499.5672,19.4606
499.7196,18.6751
499.872,17.9164
500.0244,17.8214
500.1768,16.7338
500.3292,17.1773
500.4816,17.9671
500.634,17.7316
500.7864,18.259
500.9388,19.3118
501.0912,20.4326
501.2436,19.5733
501.396,18.463
501.5484,18.8363
501.7008,20.8111
501.8532,23.7135
502.0056,24.597
502.158,23.7455
502.3104,21.4326
502.4628,18.3156
502.6152,17.0699
502.7676,17.3358
502.92,18.4567
503.0724,19.6068
503.2248,20.4262
503.3772,21.0203
503.5296,20.8299
503.682,20.5935
503.8344,20.0104
503.9868,19.8769
504.1392,19.9371
504.2916,20.1715
504.444,20.3598
504.5964,19.7932
504.7488,19.0983
504.9012,18.4733
505.0536,18.5314
505.206,18.5746
505.3584,17.6925
505.5108,15.923
505.6632,16.0387
505.8156,17.965
505.968,18.9213
506.1204,18.7642
506.2728,17.7821
506.4252,17.0863
506.5776,17.365
506.73,19.1778
506.8824,20.7323
507.0348,21.2926
507.1872,21.1765
507.3396,20.3946
507.492,19.3373
507.6444,17.9781
507.7968,17.8308
507.9492,18.5373
508.1016,18.6247
508.254,18.1481
508.4064,17.7194
508.5588,18.0279
508.7112,19.5085
508.8636,21.2736
509.016,22.6152
509.1684,22.7445
509.3208,22.6552
509.4732,21.8657
509.6256,20.9955
509.778,19.8822
509.9304,18.9851
510.0828,18.5774
510.2352,18.7231
510.3876,20.0143
510.54,19.9988
510.6924,19.8435
510.8448,18.8007
510.9972,18.8325
511.1496,19.8356
511.302,20.9239
511.4544,20.2704
511.6068,19.1139
511.7592,19.1491
511.9116,19.4281
512.064,19.2389
512.2164,18.2936
512.3688,17.6524
512.5212,18.9114
512.6736,21.329
512.826,23.9742
512.9784,26.3064
513.1308,25.927
513.2832,24.9274
513.4356,24.0615
513.588,23.9203
513.7404,23.9197
513.8928,23.6924
514.0452,23.1602
514.1976,22.4048
514.35,21.1177
514.5024,19.6855
514.6548,19.6433
514.8072,21.3571
514.9596,23.0405
515.112,23.7103
515.2644,24.2939
515.4168,24.251
515.5692,22.8242
515.7216,20.678
515.874,19.6832
516.0264,20.3875
516.1788,20.7393
516.3312,20.0547
516.4836,20.5085
516.636,22.0287
516.7884,22.0187
516.9408,21.5238
517.0932,20.5635
517.2456,19.9971
517.398,19.6507
517.5504,20.1108
517.7028,20.6585
517.8552,22.1891
518.0076,23.0649
518.16,23.5734
518.3124,22.8846
518.4648,21.062
518.6172,20.3068
518.7696,21.0037
518.922,21.5836
519.0744,21.2458
519.2268,20.1739
519.3792,19.7954
519.5316,19.8521
519.684,19.9126
519.8364,20.03
519.9888,19.5298
520.1412,18.3701
520.2936,18.0065
520.446,18.2002
520.5984,19.0059
520.7508,19.2524
520.9032,19.0042
521.0556,18.2714
521.208,17.4561
521.3604,17.2964
521.5128,17.452
521.6652,17.2754
521.8176,17.5587
521.97,19.3681
522.1224,23.1383
522.2748,24.5138
522.4272,23.252
522.5796,20.4854
522.732,19.2991
522.8844,19.921
523.0368,20.6508
523.1892,19.8881
523.3416,19.4043
523.494,20.8667
523.6464,22.5215
523.7988,22.8663
523.9512,22.1398
524.1036,20.8699
524.256,22.1189
524.4084,22.3875
524.5608,21.7602
524.7132,20.6021
524.8656,19.517
525.018,19.8079
525.1704,20.2091
525.3228,19.2763
525.4752,17.4952
525.6276,17.113
525.78,17.8099
525.9324,17.6685
526.0848,16.3242
526.2372,15.1734
526.3896,15.0808
526.542,15.3382
526.6944,15.933
526.8468,16.4894
526.9992,16.6602
527.1516,17.5424
527.304,19.4271
527.4564,20.0302
527.6088,19.8307
527.7612,18.782
527.9136,18.8359
528.066,19.4051
528.2184,19.1374
528.3708,18.4667
528.5232,18.0706
528.6756,18.6055
528.828,20.7572
528.9804,20.9093
529.1328,20.2426
529.2852,19.0469
529.4376,18.3963
529.59,18.4695
529.7424,19.389
529.8948,21.0856
530.0472,22.6252
530.1996,23.4536
530.352,23.2085
530.5044,21.7999
530.6568,20.3998
530.8092,19.2342
530.9616,19.3901
531.114,21.2193
531.2664,23.2784
531.4188,23.5396
531.5712,23.1158
531.7236,23.3901
531.876,22.6472
532.0284,20.2028
532.1808,18.0395
532.3332,16.9054
532.4856,16.8674
532.638,17.2449
532.7904,17.7324
532.9428,17.4264
533.0952,16.2711
533.2476,15.6579
533.4,16.784
533.5524,17.727
533.7048,18.3298
533.8572,17.807
534.0096,16.9979
534.162,16.0853
534.3144,16.1184
534.4668,16.9969
534.6192,18.2554
534.7716,20.0243
534.924,21.7447
535.0764,21.8791
535.2288,19.8799
535.3812,18.5883
535.5336,19.1585
535.686,20.1495
535.8384,19.6231
535.9908,18.8924
536.1432,19.0879
536.2956,20.7509
536.448,22.4496
536.6004,22.2849
536.7528,21.932
536.9052,21.8367
537.0576,22.283
537.21,23.0287
537.3624,25.0411
537.5148,25.1621
537.6672,24.4721
537.8196,23.2257
537.972,22.9599
538.1244,23.6465
538.2768,23.4828
538.4292,21.9199
538.5816,19.2227
538.734,17.0906
538.8864,18.4247
539.0388,19.7943
539.1912,21.0083
539.3436,22.6979
539.496,24.8556
539.6484,25.1098
539.8008,24.5924
539.9532,24.1468
540.1056,22.9803
540.258,21.304
540.4104,19.9524
540.5628,20.1725
540.7152,20.7297
540.8676,20.1003
541.02,19.516
541.1724,19.0557
541.3248,18.8673
541.4772,19.2177
541.6296,19.3255
541.782,20.0155
541.9344,20.9085
542.0868,22.177
542.2392,24.9644
542.3916,26.548
542.544,26.047
542.6964,24.049
542.8488,22.8171
543.0012,23.0008
543.1536,23.0508
543.306,21.9184
543.4584,20.4421
543.6108,20.8816
543.7632,22.682
543.9156,24.2563
544.068,24.3286
544.2204,23.5045
544.3728,22.1293
544.5252,21.0341
544.6776,20.4143
544.83,20.5471
544.9824,21.9674
545.1348,23.0588
545.2872,23.6457
545.4396,24.5396
545.592,27.0045
545.7444,27.3219
545.8968,26.6964
546.0492,26.1505
546.2016,26.4603
546.354,26.8557
546.5064,26.7763
546.6588,25.8666
546.8112,23.7354
546.9636,22.2906
547.116,21.9631
547.2684,22.4562
547.4208,23.6539
547.5732,23.8583
547.7256,23.3481
547.878,22.5964
548.0304,22.5083
548.1828,23.0307
548.3352,24.4056
548.4876,25.4179
548.64,25.1822
548.7924,25.8669
548.9448,28.5158
549.0972,30.3816
549.2496,30.202
549.402,28.3323
549.5544,25.6903
549.7068,25.063
549.8592,25.251
550.0116,25.3684
550.164,25.1754
550.3164,23.7372
550.4688,22.2925
550.6212,19.7585
550.7736,17.6227
550.926,17.2255
551.0784,18.93
551.2308,21.2544
551.3832,22.4583
551.5356,22.5661
551.688,23.2199
551.8404,24.1662
551.9928,23.7411
552.1452,22.4166
552.2976,22.283
552.45,21.9951
552.6024,20.5933
552.7548,19.6455
552.9072,19.9301
553.0596,20.4471
553.212,20.5182
553.3644,21.2369
553.5168,23.8198
553.6692,26.2172
553.8216,27.6156
553.974,27.4491
554.1264,25.9811
554.2788,24.3053
554.4312,24.4282
554.5836,25.8315
554.736,25.5309
554.8884,24.6917
555.0408,24.2784
555.1932,24.959
555.3456,27.8148
555.498,28.6504
555.6504,27.925
555.8028,27.5986
555.9552,28.0289
556.1076,29.1483
556.26,28.5811
556.4124,26.9001
556.5648,23.998
556.7172,21.293
556.8696,19.3874
557.022,18.5374
557.1744,18.8427
557.3268,19.3399
557.4792,20.7518
557.6316,21.9291
557.784,22.2516
557.9364,22.8642
558.0888,23.7971
558.2412,23.8479
558.3936,22.6629
558.546,22.5355
558.6984,22.9561
558.8508,22.0644
559.0032,21.2918
559.1556,22.1617
559.308,23.0725
559.4604,21.9264
559.6128,20.4514
559.7652,20.3187
559.9176,21.749
560.07,23.3968
560.2224,24.2781
560.3748,24.463
560.5272,24.3566
560.6796,23.1395
560.832,21.777
560.9844,20.8591
561.1368,21.5566
561.2892,21.5879
561.4416,21.2243
561.594,20.8237
561.7464,21.748
561.8988,22.8323
562.0512,23.3948
562.2036,23.3631
562.356,22.2283
562.5084,21.5152
562.6608,22.1645
562.8132,23.3616
562.9656,22.6221
563.118,20.8606
563.2704,20.4026
563.4228,21.0725
563.5752,20.7322
563.7276,19.7746
563.88,19.6337
564.0324,22.3521
564.1848,25.4286
564.3372,25.5003
564.4896,23.9255
564.642,20.3284
564.7944,18.717
564.9468,19.0365
565.0992,19.2858
565.2516,18.7672
565.404,17.8054
565.5564,17.0322
565.7088,18.6472
565.8612,19.295
566.0136,19.1814
566.166,19.2517
566.3184,20.1183
566.4708,23.007
566.6232,25.0993
566.7756,25.4597
566.928,25.099
567.0804,24.0456
567.2328,22.2211
567.3852,20.5348
567.5376,19.577
567.69,19.7425
567.8424,21.6971
567.9948,21.1339
568.1472,20.458
568.2996,20.4165
568.452,20.7336
568.6044,20.2429
568.7568,19.8324
568.9092,19.553
569.0616,19.6814
569.214,20.3968
569.3664,21.4574
569.5188,20.799
569.6712,19.6148
569.8236,19.246
569.976,19.9609
570.1284,22.1453
570.2808,22.1499
570.4332,22.2318
570.5856,22.3954
570.738,23.4021
570.8904,22.665
571.0428,22.3956
571.1952,23.6955
571.3476,23.8691
571.5,22.9205
571.6524,22.2455
571.8048,21.6888
571.9572,21.5028
572.1096,21.5934
572.262,22.8123
572.4144,25.1343
572.5668,25.0487
572.7192,21.7265
572.8716,18.9796
573.024,18.3943
573.1764,18.7134
573.3288,18.0894
573.4812,16.8105
573.6336,16.6311
573.786,17.9473
573.9384,19.318
574.0908,20.203
574.2432,20.454
574.3956,20.158
574.548,18.6695
574.7004,17.183
574.8528,16.0268
575.0052,16.6346
575.1576,18.439
575.31,21.0343
575.4624,21.3791
575.6148,20.1842
575.7672,19.7299
575.9196,20.2867
576.072,21.2594
576.2244,21.42
576.3768,20.7359
576.5292,19.962
576.6816,18.5582
576.834,18.1613
576.9864,18.2794
577.1388,20.3191
577.2912,22.47
577.4436,23.6659
577.596,23.9686
577.7484,23.9092
577.9008,23.2513
578.0532,21.2946
578.2056,19.4367
578.358,19.1455
578.5104,18.9186
578.6628,17.5524
578.8152,16.6951
578.9676,17.2771
579.12,18.9086
579.2724,21.2269
579.4248,22.3651
579.5772,22.4023
579.7296,22.8044
579.882,23.7698
580.0344,26.5358
580.1868,27.3289
580.3392,25.5564
580.4916,23.0234
580.644,21.2687
580.7964,19.7395
580.9488,18.9801
581.1012,19.3937
581.2536,20.3251
581.406,21.1824
581.5584,21.6335
581.7108,21.6872
581.8632,21.2728
582.0156,20.7551
582.168,21.1833
582.3204,23.4787
582.4728,27.2485
582.6252,28.0634
582.7776,26.6429
582.93,23.8958
583.0824,19.5866
583.2348,19.3663
583.3872,20.7952
583.5396,21.8718
583.692,22.2847
583.8444,22.5849
583.9968,23.8359
584.1492,23.9446
584.3016,22.9984
584.454,21.1908
584.6064,19.1388
584.7588,17.836
584.9112,18.0194
585.0636,19.4144
585.216,19.6471
585.3684,19.7745
585.5208,20.4989
585.6732,22.2964
585.8256,23.7618
585.978,23.393
586.1304,22.1234
586.2828,21.437
586.4352,22.7158
586.5876,22.5681
586.74,22.3716
586.8924,23.0299
587.0448,25.5537
587.1972,27.6654
587.3496,27.5695
587.502,25.6789
587.6544,23.3341
587.8068,21.025
587.9592,20.0311
588.1116,20.8078
588.264,22.9805
588.4164,25.5878
588.5688,26.7278
588.7212,25.694
588.8736,23.6373
589.026,23.4009
589.1784,23.661
589.3308,23.2953
589.4832,22.1281
589.6356,21.8321
589.788,24.0083
589.9404,26.2096
590.0928,28.9517
590.2452,29.7098
590.3976,29.2228
590.55,27.8091
590.7024,25.6257
590.8548,24.3988
591.0072,24.7114
591.1596,25.6594
591.312,26.6973
591.4644,26.8809
591.6168,26.3928
591.7692,25.0765
591.9216,23.4633
592.074,21.3035
592.2264,20.9735
592.3788,23.5816
592.5312,29.001
592.6836,32.2779
592.836,31.5684
592.9884,29.3897
593.1408,27.617
593.2932,25.7064
593.4456,24.0394
593.598,22.6952
593.7504,22.7182
593.9028,24.4219
594.0552,27.2419
594.2076,27.7035
594.36,26.1015
594.5124,23.7856
594.6648,23.483
594.8172,24.3558
594.9696,24.6995
595.122,24.4907
595.2744,23.7593
595.4268,23.3487
595.5792,23.7037
595.7316,24.0157
595.884,23.848
596.0364,23.6482
596.1888,25.2148
596.3412,28.3844
596.4936,29.588
596.646,28.7635
596.7984,25.5494
596.9508,24.8139
597.1032,24.3371
597.2556,23.425
597.408,21.9032
597.5604,20.8223
597.7128,21.4722
597.8652,23.1481
598.0176,25.9808
598.17,27.0003
598.3224,26.0656
598.4748,25.5546
598.6272,25.7134
598.7796,27.8483
598.932,29.8213
599.0844,28.3743
599.2368,25.5109
599.3892,23.4543
599.5416,22.3916
599.694,22.459
599.8464,24.3199
599.9988,26.0626
600.1512,26.4463
600.3036,26.6061
600.456,28.6528
600.6084,31.1069
600.7608,32.1557
600.9132,31.3083
601.0656,30.3134
601.218,29.5226
601.3704,27.8748
601.5228,25.6496
601.6752,25.018
601.8276,27.2333
601.98,30.8879
602.1324,32.9976
602.2848,32.9821
602.4372,31.6995
602.5896,30.8296
602.742,30.7242
602.8944,31.6854
603.0468,32.9969
603.1992,32.6916
603.3516,31.6755
603.504,31.0816
603.6564,32.716
603.8088,32.7068
603.9612,29.5417
604.1136,26.6315
604.266,27.9616
604.4184,31.4795
604.5708,34.0076
604.7232,34.1694
604.8756,33.0334
605.028,31.961
605.1804,31.6936
605.3328,31.6574
605.4852,30.5584
605.6376,27.1901
605.79,25.9097
605.9424,26.6173
606.0948,26.7857
606.2472,26.0602
606.3996,25.0648
606.552,24.9035
606.7044,25.5474
606.8568,27.0734
607.0092,28.3565
607.1616,28.6317
607.314,28.2055
607.4664,26.8487
607.6188,24.7438
607.7712,22.9305
607.9236,23.153
608.076,23.2334
608.2284,23.2444
608.3808,25.2635
608.5332,26.1777
608.6856,26.5827
608.838,26.2144
608.9904,25.4199
609.1428,25.1789
609.2952,26.5769
609.4476,28.6297
609.6,28.8308
609.7524,28.1625
609.9048,27.2698
610.0572,26.4914
610.2096,25.7925
610.362,25.6785
610.5144,26.6323
610.6668,30.5325
610.8192,33.1862
610.9716,34.5352
611.124,34.4125
611.2764,32.5853
611.4288,29.9598
611.5812,28.8042
611.7336,29.479
611.886,30.0509
612.0384,30.5018
612.1908,30.6647
612.3432,29.6036
612.4956,25.6195
612.648,23.5849
612.8004,22.6555
612.9528,22.3434
613.1052,22.5377
613.2576,23.5614
613.41,24.137
613.5624,24.1589
613.7148,23.6281
613.8672,22.9984
614.0196,21.8721
614.172,20.8941
614.3244,20.9635
614.4768,22.2279
614.6292,23.6924
614.7816,24.0534
614.934,24.3418
615.0864,25.2719
615.2388,25.7483
615.3912,25.9422
615.5436,27.3265
615.696,28.7484
615.8484,28.4981
616.0008,27.1241
616.1532,25.6375
616.3056,25.1439
616.458,25.5585
616.6104,26.5841
616.7628,28.1693
616.9152,29.5121
617.0676,29.0484
617.22,28.2654
617.3724,29.1961
617.5248,31.2664
617.6772,30.8918
617.8296,29.325
617.982,27.5413
618.1344,26.655
618.2868,26.3964
618.4392,29.1557
618.5916,32.3011
618.744,33.9152
618.8964,33.3126
619.0488,31.656
619.2012,30.6412
619.3536,30.2969
619.506,30.0564
619.6584,29.9917
619.8108,30.7555
619.9632,31.3396
620.1156,30.674
620.268,29.6382
620.4204,29.2877
620.5728,31.3151
620.7252,33.4814
620.8776,35.3306
621.03,36.3616
621.1824,34.6189
621.3348,31.8177
621.4872,27.9529
621.6396,26.2367
621.792,25.5729
621.9444,24.4113
622.0968,23.7116
622.2492,24.9661
622.4016,27.157
622.554,27.5102
622.7064,27.9268
622.8588,28.0589
623.0112,27.4963
623.1636,26.0349
623.316,24.5475
623.4684,25.1697
623.6208,27.7984
623.7732,29.6756
623.9256,30.3001
624.078,29.4414
624.2304,28.3868
624.3828,28.0553
624.5352,28.2271
624.6876,28.6013
624.84,29.068
624.9924,29.6053
625.1448,31.5501
625.2972,34.2425
625.4496,36.0344
625.602,35.937
625.7544,34.4854
625.9068,33.5314
626.0592,33.8417
626.2116,33.8419
626.364,32.9107
626.5164,31.2968
626.6688,29.1978
626.8212,27.0222
626.9736,26.2773
627.126,27.9383
627.2784,30.3676
627.4308,31.5479
627.5832,30.6137
627.7356,28.7874
627.888,28.32
628.0404,28.7135
628.1928,30.2579
628.3452,30.7878
628.4976,31.0556
628.65,31.5123
628.8024,32.9288
628.9548,34.5658
629.1072,34.8973
629.2596,34.579
629.412,32.7277
629.5644,30.6986
629.7168,29.8813
629.8692,30.3206
630.0216,31.0016
630.174,30.0833
630.3264,29.8894
630.4788,31.447
630.6312,32.1995
630.7836,31.891
630.936,31.9114
631.0884,32.5927
631.2408,33.2135
631.3932,33.2436
631.5456,33.2036
631.698,32.409
631.8504,31.0469
632.0028,29.5303
632.1552,29.0531
632.3076,29.4918
632.46,30.1397
632.6124,31.2725
632.7648,31.5677
632.9172,30.376
633.0696,27.6544
633.222,25.2157
633.3744,25.1957
633.5268,27.4402
633.6792,29.5482
633.8316,29.5089
633.984,28.1956
634.1364,26.9651
634.2888,25.4994
634.4412,24.0856
634.5936,24.7948
634.746,26.8241
634.8984,29.4038
635.0508,31.1421
635.2032,32.2509
635.3556,32.0703
635.508,30.4887
635.6604,28.5668
635.8128,27.9649
635.9652,28.417
636.1176,28.162
636.27,27.1952
636.4224,27.6687
636.5748,27.4607
636.7272,27.1833
636.8796,27.1226
637.032,29.1177
637.1844,30.5612
637.3368,29.6691
637.4892,27.0148
637.6416,25.3905
637.794,25.7733
637.9464,27.7828
638.0988,28.4735
638.2512,27.9715
638.4036,26.4716
638.556,25.7786
638.7084,28.3563
638.8608,30.3796
639.0132,30.566
639.1656,30.7073
639.318,30.9971
639.4704,33.1748
639.6228,34.3464
639.7752,34.2009
639.9276,33.3456
640.08,32.0279
640.2324,30.805
640.3848,27.8688
640.5372,25.8822
640.6896,26.9799
640.842,29.452
640.9944,31.8298
641.1468,32.1791
641.2992,32.3479
641.4516,32.2375
641.604,30.7424
641.7564,28.67
641.9088,27.503
642.0612,27.497
642.2136,28.6253
642.366,29.7344
642.5184,29.9358
642.6708,29.7982
642.8232,29.3475
642.9756,28.6258
643.128,27.8591
643.2804,27.3246
643.4328,27.3147
643.5852,27.82
643.7376,29.0112
643.89,30.9652
644.0424,33.6613
644.1948,35.1354
644.3472,34.6207
644.4996,33.5562
644.652,32.3205
644.8044,31.5147
644.9568,31.394
645.1092,30.1152
645.2616,29.1759
645.414,29.8272
645.5664,32.1877
645.7188,31.9585
645.8712,30.5112
646.0236,28.7466
646.176,27.9486
646.3284,29.4884
646.4808,29.8853
646.6332,29.6383
646.7856,28.1529
646.938,26.8763
647.0904,27.2755
647.2428,30.327
647.3952,32.4019
647.5476,32.0489
647.7,30.1945
647.8524,28.6559
648.0048,29.132
648.1572,30.3682
648.3096,30.6105
648.462,28.7941
648.6144,26.7368
648.7668,26.6158
648.9192,28.3354
649.0716,30.4311
649.224,31.4455
649.3764,31.0969
649.5288,31.6894
649.6812,31.6347
649.8336,30.1764
649.986,30.2827
650.1384,28.0762
650.2908,26.8726
650.4432,26.9359
650.5956,27.3201
650.748,26.1108
650.9004,24.2043
651.0528,22.5516
651.2052,22.869
651.3576,24.1544
651.51,26.2861
651.6624,28.6395
651.8148,30.0765
651.9672,28.7157
652.1196,26.9773
652.272,26.0626
652.4244,27.2594
652.5768,29.5983
652.7292,30.9358
652.8816,30.3841
653.034,29.6946
653.1864,29.3495
653.3388,29.2843
653.4912,29.6841
653.6436,30.4071
653.796,30.5492
653.9484,30.4387
654.1008,30.7645
654.2532,31.3825
654.4056,33.571
654.558,35.3915
654.7104,36.1719
654.8628,35.1903
655.0152,33.1371
655.1676,29.9429
655.32,28.5196
655.4724,27.8842
655.6248,28.5358
655.7772,31.7022
655.9296,33.7551
656.082,33.9182
656.2344,31.5532
656.3868,29.9046
656.5392,29.9229
656.6916,32.0291
656.844,32.1586
656.9964,30.3885
657.1488,29.1063
657.3012,28.9221
657.4536,29.9127
657.606,30.2888
657.7584,30.1091
657.9108,28.9633
658.0632,27.2784
658.2156,26.3543
658.368,26.5486
658.5204,26.3385
658.6728,24.3669
658.8252,23.4305
658.9776,24.4842
659.13,25.6107
659.2824,24.9426
659.4348,22.8491
659.5872,20.2855
659.7396,18.3382
659.892,17.6711
660.0444,17.9911
660.1968,19.3911
660.3492,20.9991
660.5016,22.0384
660.654,22.0136
660.8064,22.2935
660.9588,23.2527
661.1112,23.5158
661.2636,23.0078
661.416,22.0788
661.5684,21.9117
661.7208,23.0455
661.8732,25.5927
662.0256,25.9192
662.178,25.0427
662.3304,25.0805
662.4828,25.9426
662.6352,25.6516
662.7876,24.9836
662.94,25.4038
663.0924,26.1112
663.2448,26.1027
663.3972,25.0677
663.5496,23.9158
663.702,23.6839
663.8544,24.9298
664.0068,25.9388
664.1592,25.9085
664.3116,23.2522
664.464,20.4643
664.6164,18.9021
664.7688,18.7956
664.9212,21.5311
665.0736,24.6167
665.226,26.1442
665.3784,24.9961
665.5308,24.293
665.6832,25.0347
665.8356,25.7629
665.988,26.0814
666.1404,25.3638
666.2928,24.1436
666.4452,23.1348
666.5976,24.0044
666.75,24.8618
666.9024,24.7687
667.0548,23.9507
667.2072,22.5605
667.3596,21.3119
667.512,21.0196
667.6644,21.4511
667.8168,22.2043
667.9692,21.6377
668.1216,20.9244
668.274,21.5118
668.4264,23.2916
668.5788,24.5246
668.7312,24.6009
668.8836,24.8319
669.036,26.1523
669.1884,28.9719
669.3408,30.2342
669.4932,30.0756
669.6456,30.8569
669.798,32.7361
669.9504,35.8535
670.1028,38.8554
670.2552,41.2393
670.4076,41.9149
670.56,39.8348
670.7124,36.6849
670.8648,33.8096
671.0172,31.599
671.1696,31.0801
671.322,31.0798
671.4744,29.2659
671.6268,27.7479
671.7792,27.5512
671.9316,28.5925
672.084,29.5777
672.2364,30.1054
672.3888,32.3959
672.5412,35.7647
672.6936,36.9244
672.846,36.3868
672.9984,35.2435
673.1508,34.2427
673.3032,33.6818
673.4556,34.1003
673.608,35.9389
673.7604,36.6929
673.9128,35.8425
674.0652,34.2624
674.2176,34.3053
674.37,33.5394
674.5224,31.1359
674.6748,28.2505
674.8272,27.091
674.9796,28.4383
675.132,30.9331
675.2844,33.4038
675.4368,33.6174
675.5892,33.2248
675.7416,33.6274
675.894,34.3437
676.0464,36.0847
676.1988,38.4511
676.3512,40.0607
676.5036,40.7603
676.656,41.3576
676.8084,42.0038
676.9608,43.642
677.1132,43.1636
677.2656,41.288
677.418,37.5159
677.5704,34.163
677.7228,31.6931
677.8752,31.1558
678.0276,31.1559
678.18,31.7333
678.3324,31.7305
678.4848,31.1404
678.6372,31.473
678.7896,34.7807
678.942,41.0956
679.0944,45.2657
679.2468,45.7304
679.3992,42.1342
679.5516,37.2674
679.704,34.3699
679.8564,33.2468
680.0088,32.15
680.1612,30.0715
680.3136,26.9528
680.466,23.0177
680.6184,21.1175
680.7708,20.4757
680.9232,19.7137
681.0756,17.9172
681.228,16.4841
681.3804,16.5498
681.5328,16.9921
681.6852,16.8142
681.8376,16.08
681.99,15.2292
682.1424,15.0819
682.2948,15.2053
682.4472,15.0828
682.5996,14.3695
682.752,13.4219
682.9044,12.655
683.0568,12.646
683.2092,13.343
683.3616,13.5714
683.514,13.577
683.6664,13.7044
683.8188,14.1308
683.9712,13.7854
684.1236,13.0987
684.276,12.9569
684.4284,13.9391
684.5808,14.6173
684.7332,14.5212
684.8856,13.1785
685.038,12.5322
685.1904,13.918
685.3428,16.5178
685.4952,16.3065
685.6476,14.5155
685.8,11.8891
685.9524,12.0273
686.1048,13.8115
686.2572,16.0224
686.4096,16.2024
686.562,14.9799
686.7144,14.0494
686.8668,14.5354
687.0192,15.4917
687.1716,16.2607
687.324,16.375
687.4764,16.0985
687.6288,15.4516
687.7812,15.139
687.9336,15.3982
688.086,16.4334
688.2384,17.1476
688.3908,17.1768
688.5432,16.8751
688.6956,15.5568
688.848,14.2788
689.0004,13.3754
689.1528,13.3248
689.3052,14.0363
689.4576,14.2462
689.61,14.104
689.7624,14.1958
689.9148,14.6671
690.0672,14.9192
690.2196,14.7634
690.372,14.6103
690.5244,15.3221
690.6768,15.8948
690.8292,15.7029
690.9816,15.2332
691.134,14.8129
691.2864,14.5532
691.4388,14.8242
691.5912,15.5911
691.7436,16.6715
691.896,18.0712
692.0484,18.8693
692.2008,18.9925
692.3532,18.8996
692.5056,18.7833
692.658,18.1554
692.8104,17.333
692.9628,16.7434
693.1152,16.5487
693.2676,17.4617
693.42,18.7152
693.5724,19.3066
693.7248,18.1685
693.8772,17.7029
694.0296,19.2491
694.182,20.6928
694.3344,19.9403
694.4868,18.8882
694.6392,17.8715
694.7916,17.6058
694.944,17.8924
695.0964,17.5446
695.2488,17.1965
695.4012,17.8636
695.5536,17.9812
695.706,17.8029
695.8584,18.1897
696.0108,18.9982
696.1632,19.4223
696.3156,19.5891
696.468,19.6526
696.6204,19.28
696.7728,18.5557
696.9252,17.1907
697.0776,16.3067
697.23,16.3746
697.3824,17.0391
697.5348,17.5028
697.6872,17.594
697.8396,17.6468
697.992,18.0277
698.1444,19.339
698.2968,21.5266
698.4492,23.6679
698.6016,24.0417
698.754,23.2082
698.9064,22.7853
699.0588,24.0638
699.2112,24.3309
699.3636,23.0944
699.516,21.2531
699.6684,20.4304
699.8208,21.0229
699.9732,21.9479
700.1256,22.5288
700.278,22.7007
700.4304,23.1614
700.5828,24.3594
700.7352,24.5159
700.8876,23.4878
701.04,22.5911
701.1924,23.1986
701.3448,25.3027
701.4972,26.8997
701.6496,26.8048
701.802,24.2938
701.9544,21.4677
702.1068,20.6062
702.2592,21.3764
702.4116,23.9083
702.564,22.8911
702.7164,20.4996
702.8688,18.3283
703.0212,16.1737
703.1736,14.7228
703.326,14.7726
703.4784,15.2392
703.6308,15.2951
703.7832,14.684
703.9356,14.7937
704.088,16.3743
704.2404,16.281
704.3928,15.4471
704.5452,15.5228
704.6976,16.8835
704.85,17.699
705.0024,17.1841
705.1548,16.5054
705.3072,17.553
705.4596,18.5822
705.612,18.1161
705.7644,16.4734
705.9168,14.7913
706.0692,14.7728
706.2216,15.8476
706.374,15.7347
706.5264,14.2612
706.6788,12.0901
706.8312,11.5799
706.9836,12.7323
707.136,14.2748
707.2884,14.9792
707.4408,15.4027
707.5932,16.4916
707.7456,16.9512
707.898,17.0168
708.0504,16.5675
708.2028,15.4542
708.3552,14.3956
708.5076,14.5113
708.66,15.7617
708.8124,16.1347
708.9648,16.293
709.1172,17.5162
709.2696,19.6031
709.422,19.5666
709.5744,18.3014
709.7268,17.7432
709.8792,18.455
710.0316,19.3086
710.184,18.6069
710.3364,17.1371
710.4888,17.2652
710.6412,18.4979
710.7936,19.6706
710.946,20.3499
711.0984,20.6974
711.2508,20.5198
711.4032,20.0129
711.5556,18.7951
711.708,16.6926
711.8604,13.9937
712.0128,12.7459
712.1652,12.2161
712.3176,11.8467
712.47,11.9628
712.6224,12.9541
712.7748,14.4418
712.9272,15.7206
713.0796,16.0968
713.232,15.6895
713.3844,15.8549
713.5368,16.3786
713.6892,17.255
713.8416,17.3045
713.994,17.0212
714.1464,15.987
714.2988,14.3661
714.4512,12.8016
714.6036,12.1215
714.756,12.5253
714.9084,13.7477
715.0608,14.4717
715.2132,14.4036
715.3656,14.7198
715.518,15.9499
715.6704,16.4837
715.8228,15.3921
715.9752,14.2746
716.1276,14.0841
716.28,14.8018
716.4324,14.404
716.5848,13.1873
716.7372,12.7832
716.8896,13.3236
717.042,13.7308
717.1944,13.6278
717.3468,13.3944
717.4992,13.3928
717.6516,13.9545
717.804,13.7711
717.9564,13.7835
718.1088,13.487
718.2612,14.9374
718.4136,15.1256
718.566,14.6667
718.7184,14.9797
718.8708,15.5807
719.0232,16.1763
719.1756,16.1401
719.328,15.8605
719.4804,15.3332
719.6328,14.9685
719.7852,15.1756
719.9376,15.5427
720.09,15.926
720.2424,17.325
720.3948,18.5072
720.5472,18.2123
720.6996,16.4336
720.852,14.8917
721.0044,15.0041
721.1568,16.1924
721.3092,16.0737
721.4616,16.437
721.614,17.5165
721.7664,17.9589
721.9188,16.6557
722.0712,14.6544
722.2236,13.25
722.376,14.5032
722.5284,14.7013
722.6808,13.3134
722.8332,12.5777
722.9856,13.5224
723.138,15.5511
723.2904,17.5063
723.4428,17.5866
723.5952,17.3222
723.7476,15.7388
723.9,14.9264
724.0524,14.5702
724.2048,15.2575
724.3572,16.7679
724.5096,17.4595
724.662,17.4907
724.8144,16.7446
724.9668,15.8036
725.1192,15.4163
725.2716,16.3677
725.424,16.8046
725.5764,16.954
725.7288,17.8668
725.8812,17.948
726.0336,16.844
726.186,15.2037
726.3384,15.7062
726.4908,16.3237
726.6432,15.9162
726.7956,15.0266
726.948,14.9592
727.1004,14.8963
727.2528,15.678
727.4052,18.322
727.5576,19.351
727.71,20.2913
727.8624,22.8812
728.0148,25.2423
728.1672,26.097
728.3196,25.0437
728.472,22.8784
728.6244,20.5353
728.7768,18.9054
728.9292,17.9879
729.0816,17.414
729.234,17.1859
729.3864,16.962
729.5388,16.935
729.6912,16.8802
729.8436,17.4393
729.996,17.775
730.1484,17.6856
730.3008,17.6416
730.4532,18.4697
730.6056,20.1165
730.758,21.7451
730.9104,21.4616
731.0628,21.1343
731.2152,22.5431
731.3676,22.6447
731.52,22.3494
731.6724,21.8313
731.8248,21.4884
731.9772,21.3604
732.1296,21.3401
732.282,21.7261
732.4344,22.5575
732.5868,23.6966
732.7392,23.8733
732.8916,22.1476
733.044,20.4529
733.1964,19.0744
733.3488,18.5843
733.5012,21.2629
733.6536,23.7642
733.806,24.5974
733.9584,24.3581
734.1108,21.9931
734.2632,19.301
734.4156,16.6337
734.568,15.3364
734.7204,15.5998
734.8728,16.132
735.0252,16.5923
735.1776,15.2042
735.33,13.984
735.4824,13.559
735.6348,14.2697
735.7872,14.5925
735.9396,14.7391
736.092,15.5733
736.2444,16.7185
736.3968,17.6139
736.5492,17.5782
736.7016,17.1044
736.854,17.261
737.0064,19.0272
737.1588,20.6008
737.3112,20.5451
737.4636,19.3345
737.616,17.9032
737.7684,16.4612
737.9208,15.0735
738.0732,14.1075
738.2256,13.8396
738.378,14.3063
738.5304,15.2648
738.6828,16.4041
738.8352,16.055
738.9876,14.8482
739.14,13.9835
739.2924,13.3647
739.4448,13.1509
739.5972,13.6379
739.7496,14.3416
739.902,15.4995
740.0544,17.6386
740.2068,20.1285
740.3592,22.676
740.5116,21.6992
740.664,19.5293
740.8164,18.8943
740.9688,19.5468
741.1212,20.2074
741.2736,20.437
741.426,20.9375
741.5784,22.6818
741.7308,24.434
741.8832,25.0171
742.0356,24.9185
742.188,25.5262
742.3404,27.7908
742.4928,29.735
742.6452,29.4463
742.7976,27.5067
742.95,25.8966
743.1024,25.3571
743.2548,23.5181
743.4072,20.4472
743.5596,17.3388
743.712,15.9631
743.8644,16.9194
744.0168,19.3047
744.1692,22.02
744.3216,24.551
744.474,24.8318
744.6264,23.689
744.7788,19.7264
744.9312,15.648
745.0836,15.8044
745.236,17.3912
745.3884,17.2092
745.5408,15.3631
745.6932,13.2848
745.8456,12.2427
745.998,11.6429
746.1504,11.2539
746.3028,11.1709
746.4552,11.3232
746.6076,11.0157
746.76,9.9414
746.9124,9.1687
747.0648,10.6197
747.2172,13.0201
747.3696,14.8545
747.522,15.7972
747.6744,16.0287
747.8268,16.0172
747.9792,15.5872
748.1316,14.7368
748.284,14.1362
748.4364,14.5256
748.5888,14.8133
748.7412,14.5393
748.8936,13.5432
749.046,13.7622
749.1984,14.0253
749.3508,13.3595
749.5032,13.2512
749.6556,14.0381
749.808,13.8153
749.9604,11.4489
750.1128,9.5353
750.2652,10.0511
750.4176,12.2632
750.57,14.7614
750.7224,15.7882
750.8748,16.0366
751.0272,17.3181
751.1796,17.7727
751.332,16.7598
751.4844,15.6491
751.6368,15.8659
751.7892,16.5759
751.9416,17.9634
752.094,19.4689
752.2464,20.4587
752.3988,20.1789
752.5512,18.8086
752.7036,16.0352
752.856,13.9987
753.0084,13.7827
753.1608,14.5018
753.3132,17.7077
753.4656,19.6969
753.618,19.1873
753.7704,16.2581
753.9228,13.4058
754.0752,12.776
754.2276,14.8553
754.38,16.9652
754.5324,16.6683
754.6848,15.2551
754.8372,15.151
754.9896,15.3646
755.142,15.0498
755.2944,13.8772
755.4468,12.4791
755.5992,11.7334
755.7516,12.7211
755.904,13.5712
756.0564,13.1873
756.2088,12.5709
756.3612,11.8812
756.5136,12.2938
756.666,14.3865
756.8184,15.1554
756.9708,14.3048
757.1232,13.5385
757.2756,13.6376
757.428,15.4164
757.5804,16.895
757.7328,17.002
757.8852,17.5347
758.0376,18.3591
758.19,18.3675
758.3424,17.4137
758.4948,17.3217
758.6472,17.871
758.7996,18.0226
758.952,18.4089
759.1044,19.8671
759.2568,21.259
759.4092,21.173
759.5616,19.5932
759.714,17.657
759.8664,16.6952
760.0188,17.2347
760.1712,18.94
760.3236,20.7198
760.476,21.0429
760.6284,20.3764
760.7808,19.745
760.9332,20.3282
761.0856,21.2596
761.238,21.6213
761.3904,22.3223
761.5428,23.7768
761.6952,24.9233
761.8476,24.5313
762,22.9138
762.1524,20.1933
762.3048,17.3863
762.4572,16.4074
762.6096,17.7177
762.762,19.4838
762.9144,19.5014
763.0668,19.5375
763.2192,19.7916
763.3716,20.2342
763.524,20.2226
763.6764,19.23
763.8288,18.2755
763.9812,17.7212
764.1336,17.4497
764.286,18.6329
764.4384,19.6814
764.5908,20.0717
764.7432,20.6221
764.8956,19.6352
765.048,18.0645
765.2004,16.3716
765.3528,14.805
765.5052,15.6661
765.6576,16.823
765.81,17.0454
765.9624,16.366
766.1148,15.5356
766.2672,15.7338
766.4196,16.6449
766.572,16.9438
766.7244,16.1025
766.8768,15.7269
767.0292,15.9837
767.1816,17.6938
767.334,18.1981
767.4864,17.505
767.6388,16.1244
767.7912,14.5353
767.9436,13.2852
768.096,12.4278
768.2484,12.5441
768.4008,15.1899
768.5532,17.8728
768.7056,19.4656
768.858,19.6225
769.0104,19.0338
769.1628,18.2023
769.3152,17.4368
769.4676,16.7882
769.62,16.5537
769.7724,17.1732
769.9248,19.4731
770.0772,22.383
770.2296,23.0176
770.382,22.2641
770.5344,20.3964
770.6868,19.5689
770.8392,19.7146
770.9916,19.4215
771.144,17.9051
771.2964,15.6481
771.4488,14.331
771.6012,14.4233
771.7536,14.7568
771.906,14.695
772.0584,15.0508
772.2108,14.7998
772.3632,13.4252
772.5156,11.1036
772.668,9.4833
772.8204,9.0178
772.9728,9.3654
773.1252,9.6496
773.2776,9.8521
773.43,9.8159
773.5824,9.9216
773.7348,10.121
773.8872,10.0884
774.0396,9.0343
774.192,8.7969
774.3444,9.0129
774.4968,8.6962
774.6492,8.3789
774.8016,8.5429
774.954,10.8927
775.1064,12.7663
775.2588,12.9649
775.4112,12.3131
775.5636,11.974
775.716,12.0795
775.8684,12.4219
776.0208,12.3337
776.1732,11.3929
776.3256,10.5088
776.478,9.8947
776.6304,9.3292
776.7828,9.7735
776.9352,11.2032
777.0876,11.7737
777.24,11.7934
777.3924,11.4831
777.5448,11.0357
777.6972,10.3781
777.8496,9.6305
778.002,9.1279
778.1544,9.4939
778.3068,11.0817
778.4592,11.2227
778.6116,10.6779
778.764,10.4336
778.9164,10.5148
779.0688,10.9375
779.2212,11.0781
779.3736,10.8375
779.526,10.5193
779.6784,10.345
779.8308,10.492
779.9832,10.9768
780.1356,12.0965
780.288,13.1446
780.4404,13.7454
780.5928,13.2382
780.7452,12.9616
780.8976,12.9328
781.05,13.7412
781.2024,14.6498
781.3548,14.4063
781.5072,13.3158
781.6596,12.2735
781.812,11.9633
781.9644,12.2532
782.1168,13.1561
782.2692,14.4505
782.4216,14.979
782.574,13.9955
782.7264,13.6057
782.8788,14.4348
783.0312,15.911
783.1836,16.3007
783.336,15.3416
783.4884,12.5992
783.6408,10.4745
783.7932,9.5634
783.9456,10.1499
784.098,12.4161
784.2504,13.4362
784.4028,13.2725
784.5552,13.1065
784.7076,14.2458
784.86,13.89
785.0124,12.8228
785.1648,11.9392
785.3172,10.8942
785.4696,10.4919
785.622,11.819
785.7744,12.5836
785.9268,13.3853
786.0792,12.6005
786.2316,12.1456
786.384,11.7157
786.5364,11.77
786.6888,11.9349
786.8412,11.6558
786.9936,11.4093
787.146,11.2962
787.2984,11.283
787.4508,11.0813
787.6032,10.6516
787.7556,11.0403
787.908,13.1504
788.0604,15.1634
788.2128,15.408
788.3652,15.4631
788.5176,16.1103
788.67,16.1804
788.8224,15.835
788.9748,14.7956
789.1272,13.735
789.2796,13.0684
789.432,12.8632
789.5844,13.2749
789.7368,13.8526
789.8892,14.5779
790.0416,15.136
790.194,15.5062
790.3464,15.1672
790.4988,14.7393
790.6512,14.781
790.8036,14.3131
790.956,12.9732
791.1084,11.8132
791.2608,11.6321
791.4132,11.8914
791.5656,12.4409
791.718,13.1817
791.8704,13.8576
792.0228,14.2647
792.1752,14.4442
792.3276,14.3523
792.48,13.9467
792.6324,13.9665
792.7848,14.2336
792.9372,14.4349
793.0896,14.6426
793.242,14.7584
793.3944,14.7636
793.5468,14.8206
793.6992,14.8846
793.8516,14.8155
794.004,14.7702
794.1564,14.3243
794.3088,14.2136
794.4612,14.3782
794.6136,13.702
794.766,12.5812
794.9184,11.689
795.0708,11.0612
795.2232,11.6918
795.3756,12.2449
795.528,13.0841
795.6804,13.8822
795.8328,14.1215
795.9852,14.3678
796.1376,14.7231
796.29,15.3758
796.4424,15.456
796.5948,15.0853
796.7472,14.7715
796.8996,14.9663
797.052,15.054
797.2044,15.4629
797.3568,16.3574
797.5092,17.5633
797.6616,18.0361
797.814,16.8894
797.9664,15.1944
798.1188,14.9795
798.2712,14.9764
798.4236,14.1708
798.576,13.3832
798.7284,13.6822
798.8808,14.8121
799.0332,15.5311
799.1856,14.735
799.338,13.7693
799.4904,13.6759
799.6428,14.1178
799.7952,14.3383
799.9476,14.5698
800.1,14.53
800.2524,14.8324
800.4048,15.1221
800.5572,15.0175
800.7096,14.2214
800.862,13.112
801.0144,11.8424
801.1668,10.2868
801.3192,9.612
801.4716,9.8636
801.624,10.2359
801.7764,11.6116
801.9288,13.6297
802.0812,15.1465
802.2336,15.448
802.386,15.4816
802.5384,15.4489
802.6908,15.5236
802.8432,14.8731
802.9956,13.8744
803.148,12.0343
803.3004,11.5742
803.4528,12.2421
803.6052,12.748
803.7576,13.6988
803.91,14.5714
804.0624,13.7982
804.2148,12.297
804.3672,11.4734
804.5196,13.1531
804.672,14.9465
804.8244,14.5162
804.9768,13.4075
805.1292,13.0774
805.2816,13.0356
805.434,12.2154
805.5864,10.6255
805.7388,10.3997
805.8912,10.7667
806.0436,12.022
806.196,12.4296
806.3484,12.5793
806.5008,12.8569
806.6532,12.4765
806.8056,10.6986
806.958,9.8713
807.1104,10.5634
807.2628,11.8025
807.4152,11.4769
807.5676,10.6779
807.72,10.115
807.8724,10.1542
808.0248,10.279
808.1772,10.4283
808.3296,10.3805
808.482,10.4293
808.6344,10.8329
808.7868,11.2336
808.9392,11.6115
809.0916,12.5421
809.244,13.9123
809.3964,14.3199
809.5488,13.8095
809.7012,13.0195
809.8536,12.0819
810.006,11.5294
810.1584,11.5765
810.3108,11.2112
810.4632,10.2524
810.6156,9.1216
810.768,9.3459
810.9204,10.0865
811.0728,10.91
811.2252,10.7533
811.3776,9.9169
811.53,8.9908
811.6824,7.9224
811.8348,6.9866
811.9872,6.5719
812.1396,7.4116
812.292,9.1657
812.4444,10.3456
812.5968,10.4449
812.7492,10.1347
812.9016,10.173
813.054,11.3811
813.2064,12.7178
813.3588,14.1577
813.5112,14.5222
813.6636,14.0829
813.816,13.2548
813.9684,12.9585
814.1208,13.3554
814.2732,13.942
814.4256,13.9553
814.578,13.2214
814.7304,12.0716
814.8828,11.0627
815.0352,10.3082
815.1876,10.0125
815.34,10.5687
815.4924,11.9101
815.6448,12.7204
815.7972,12.6366
815.9496,12.1071
816.102,11.3404
816.2544,11.5075
816.4068,11.9354
816.5592,11.1343
816.7116,9.8344
816.864,9.2859
817.0164,9.7727
817.1688,12.2217
817.3212,14.3294
817.4736,14.977
817.626,14.9678
817.7784,14.3075
817.9308,12.6393
818.0832,10.6526
818.2356,9.5378
818.388,10.8316
818.5404,13.323
818.6928,14.5502
818.8452,14.4309
818.9976,12.4424
819.15,11.1029
819.3024,10.4846
819.4548,10.0233
819.6072,9.2906
819.7596,10.3866
819.912,11.9523
820.0644,13.6513
820.2168,12.6188
820.3692,11.8766
820.5216,11.6439
820.674,11.9105
820.8264,13.411
820.9788,15.051
821.1312,16.2416
821.2836,15.5061
821.436,14.2204
821.5884,13.3999
821.7408,13.7541
821.8932,14.086
822.0456,13.6931
822.198,12.4606
822.3504,12.0607
822.5028,12.9209
822.6552,13.49
822.8076,13.1747
822.96,12.3473
823.1124,11.8418
823.2648,11.4719
823.4172,11.3225
823.5696,11.8487
823.722,12.0814
823.8744,11.3223
824.0268,10.2207
824.1792,9.3052
824.3316,10.427
824.484,12.6771
824.6364,13.2418
824.7888,12.3394
824.9412,11.6206
825.0936,11.6218
825.246,12.6012
825.3984,13.6031
825.5508,13.2889
825.7032,12.066
825.8556,10.9596
826.008,11.2289
826.1604,12.2712
826.3128,12.3405
826.4652,11.3501
826.6176,10.6636
826.77,10.8865
826.9224,11.8189
827.0748,12.5487
827.2272,12.5114
827.3796,12.2588
827.532,12.1429
827.6844,11.7677
827.8368,11.9575
827.9892,12.4511
828.1416,12.8088
828.294,12.4711
828.4464,11.9669
828.5988,11.4375
828.7512,10.943
828.9036,10.397
829.056,9.0505
829.2084,9.2799
829.3608,9.4546
829.5132,9.3593
829.6656,8.7936
829.818,8.5217
829.9704,9.0345
830.1228,10.0184
830.2752,11.2705
830.4276,12.1406
830.58,12.7642
830.7324,12.4935
830.8848,11.9877
831.0372,11.312
831.1896,10.8253
831.342,10.7727
831.4944,12.5737
831.6468,13.8305
831.7992,14.4521
831.9516,14.5218
832.104,13.9096
832.2564,12.8933
832.4088,12.9591
832.5612,13.8708
832.7136,14.3356
832.866,14.3836
833.0184,13.4344
833.1708,13.0507
833.3232,13.0694
833.4756,12.3107
833.628,10.961
833.7804,10.0439
833.9328,9.9383
834.0852,10.2417
834.2376,10.2844
834.39,9.9514
834.5424,9.1899
834.6948,9.112
834.8472,9.9001
834.9996,11.2467
835.152,12.8902
835.3044,14.1511
835.4568,14.5153
835.6092,13.8489
835.7616,12.7424
835.914,11.5901
836.0664,10.6462
836.2188,10.3059
836.3712,10.6229
836.5236,11.3597
836.676,11.8638
836.8284,12.0503
836.9808,11.3798
837.1332,10.3664
837.2856,9.8127
837.438,10.5838
837.5904,11.7781
837.7428,14.4229
837.8952,15.9479
838.0476,14.9003
838.2,13.4835
838.3524,12.1529
838.5048,11.2064
838.6572,10.7562
838.8096,10.751
838.962,11.3973
839.1144,11.6437
839.2668,11.0811
839.4192,10.6817
839.5716,10.6011
839.724,11.3399
839.8764,13.019
840.0288,14.517
840.1812,14.8334
840.3336,14.0224
840.486,12.9189
840.6384,11.2788
840.7908,10.4258
840.9432,11.5043
841.0956,13.9953
841.248,15.1101
841.4004,14.9646
841.5528,13.7967
841.7052,12.6484
841.8576,11.8033
842.01,11.789
842.1624,10.9121
842.3148,10.0514
842.4672,10.4841
842.6196,12.2622
842.772,12.9068
842.9244,12.0086
843.0768,10.5658
843.2292,9.9109
843.3816,9.7942
843.534,10.6913
843.6864,10.1483
843.8388,10.8687
843.9912,12.5483
844.1436,14.9443
844.296,15.3086
844.4484,14.1784
844.6008,12.5869
844.7532,12.2908
844.9056,14.1647
845.058,15.7115
845.2104,14.8859
845.3628,13.3392
845.5152,12.6914
845.6676,13.0262
845.82,12.1638
845.9724,11.5656
846.1248,11.8053
846.2772,13.336
846.4296,14.1733
846.582,14.259
846.7344,14.0945
846.8868,12.8183
847.0392,10.8623
847.1916,9.2193
847.344,8.6719
847.4964,9.604
847.6488,9.9587
847.8012,10.0386
847.9536,9.9617
848.106,10.3985
848.2584,10.9943
848.4108,11.3732
848.5632,11.7914
848.7156,11.2835
848.868,10.1154
849.0204,9.0903
849.1728,9.295
849.3252,11.225
849.4776,11.8031
849.63,10.6486
849.7824,9.0878
849.9348,7.3616
850.0872,6.9032
850.2396,8.1176
850.392,8.649
850.5444,8.456
850.6968,7.7669
850.8492,8.5436
851.0016,9.5492
851.154,9.7341
851.3064,9.4846
851.4588,9.381
851.6112,10.0589
851.7636,11.6426
851.916,11.3895
852.0684,9.9757
852.2208,8.9428
852.3732,8.7949
852.5256,9.6438
852.678,9.9778
852.8304,9.6351
852.9828,9.1807
853.1352,8.9385
853.2876,9.5466
853.44,10.2155
853.5924,10.9248
853.7448,11.5252
853.8972,11.8997
854.0496,11.8254
854.202,11.7839
854.3544,11.4384
854.5068,10.6243
854.6592,9.3023
854.8116,8.0024
854.964,7.9528
855.1164,9.1694
855.2688,11.1194
855.4212,12.9848
855.5736,13.8436
855.726,13.6933
855.8784,12.8227
856.0308,11.3781
856.1832,10.4002
856.3356,10.4342
856.488,10.1306
856.6404,9.4427
856.7928,8.521
856.9452,8.0712
857.0976,8.0185
857.25,8.8954
857.4024,11.2202
857.5548,11.8049
857.7072,11.4531
857.8596,11.5255
858.012,12.0577
858.1644,12.629
858.3168,12.4982
858.4692,11.2117
858.6216,9.3718
858.774,8.847
858.9264,9.4375
859.0788,9.1306
859.2312,7.9172
859.3836,7.2546
859.536,7.685
859.6884,9.6856
859.8408,11.6968
859.9932,12.2564
860.1456,12.9139
860.298,13.3477
860.4504,12.9982
860.6028,12.3879
860.7552,11.6093
860.9076,10.9527
861.06,10.1573
861.2124,9.3547
861.3648,8.8363
861.5172,8.8691
861.6696,10.8694
861.822,12.8149
861.9744,13.3592
862.1268,13.2104
862.2792,12.2644
862.4316,10.8553
862.584,10.5319
862.7364,10.5025
862.8888,9.7158
863.0412,9.0534
863.1936,8.5458
863.346,9.7937
863.4984,10.3358
863.6508,10.4978
863.8032,10.6113
863.9556,10.8839
864.108,11.379
864.2604,12.0959
864.4128,12.5702
864.5652,12.469
864.7176,11.8003
864.87,10.7468
865.0224,9.7417
865.1748,8.0658
865.3272,7.7663
865.4796,8.3199
865.632,9.1198
865.7844,10.0098
865.9368,10.7143
866.0892,11.0416
866.2416,11.4298
866.394,12.1507
866.5464,13.0985
866.6988,13.2854
866.8512,12.9664
867.0036,11.5039
867.156,9.862
867.3084,9.4255
867.4608,9.1056
867.6132,7.7921
867.7656,6.8368
867.918,6.2579
868.0704,7.281
868.2228,8.3246
868.3752,8.7502
868.5276,9.1166
868.68,9.6303
868.8324,10.353
868.9848,10.0651
869.1372,9.357
869.2896,9.8634
869.442,9.588
869.5944,9.0318
869.7468,9.0706
869.8992,9.4182
870.0516,9.3528
870.204,9.0766
870.3564,8.9915
870.5088,8.9873
870.6612,8.9831
870.8136,9.1521
870.966,9.8467
871.1184,11.1726
871.2708,10.994
871.4232,9.693
871.5756,9.4724
871.728,10.3041
871.8804,10.8987
872.0328,10.1467
872.1852,9.2178
872.3376,8.1156
872.49,7.7332
872.6424,8.1994
872.7948,8.7296
872.9472,9.7963
873.0996,9.4125
873.252,8.307
873.4044,7.4228
873.5568,7.9604
873.7092,9.1291
873.8616,8.7743
874.014,8.0652
874.1664,8.3138
874.3188,9.0171
874.4712,10.0302
874.6236,10.0706
874.776,10.4226
874.9284,10.6847
875.0808,10.8369
875.2332,9.8543
875.3856,8.9653
875.538,8.0486
875.6904,7.3699
875.8428,6.9391
875.9952,7.5871
876.1476,8.5849
876.3,9.894
876.4524,10.823
876.6048,11.2192
876.7572,11.0694
876.9096,11.2501
877.062,11.1522
877.2144,10.5632
877.3668,9.5519
877.5192,8.147
877.6716,7.0639
877.824,7.169
877.9764,7.4129
878.1288,7.2909
878.2812,7.3408
878.4336,8.2303
878.586,9.6246
878.7384,11.0348
878.8908,12.0311
879.0432,12.0738
879.1956,11.7564
879.348,11.317
879.5004,10.408
879.6528,9.4776
879.8052,8.896
879.9576,8.7234
880.11,9.5006
880.2624,10.0335
880.4148,8.7523
880.5672,7.1908
880.7196,6.6062
880.872,7.6559
881.0244,7.9089
881.1768,7.8621
881.3292,8.9527
881.4816,10.4088
881.634,11.5112
881.7864,12.0867
881.9388,11.8939
882.0912,10.8771
882.2436,9.8605
882.396,9.0083
882.5484,9.1084
882.7008,9.7566
882.8532,10.0347
883.0056,9.62
883.158,8.6323
883.3104,7.6431
883.4628,7.2611
883.6152,7.9934
883.7676,9.3004
883.92,10.1877
884.0724,10.5865
884.2248,10.6528
884.3772,10.2054
884.5296,9.914
884.682,10.223
884.8344,10.9905
884.9868,11.3381
885.1392,11.5691
885.2916,11.4
885.444,10.8686
885.5964,10.1824
885.7488,8.9864
885.9012,7.9583
886.0536,7.658
886.206,7.489
886.3584,7.6749
886.5108,8.7357
886.6632,10.2932
886.8156,11.2868
886.968,11.5566
887.1204,12.0048
887.2728,12.3791
887.4252,12.0636
887.5776,11.0285
887.73,10.9064
887.8824,10.1215
888.0348,9.2112
888.1872,8.6014
888.3396,8.5597
888.492,8.4848
888.6444,8.1109
888.7968,7.7808
888.9492,7.9976
889.1016,9.2822
889.254,10.9736
889.4064,11.3968
889.5588,11.2807
889.7112,10.8981
889.8636,9.7204
890.016,8.0874
890.1684,8.0186
890.3208,9.2939
890.4732,8.8295
890.6256,8.0927
890.778,8.4148
890.9304,10.0605
891.0828,12.0424
891.2352,13.4947
891.3876,13.0413
891.54,11.8045
891.6924,10.9875
891.8448,11.4037
891.9972,11.7425
892.1496,11.266
892.302,9.9757
892.4544,9.1633
892.6068,9.7809
892.7592,11.5141
892.9116,11.4772
893.064,10.5114
893.2164,9.435
893.3688,9.1364
893.5212,9.1657
893.6736,8.8346
893.826,8.9732
893.9784,10.0675
894.1308,10.5605
894.2832,9.8772
894.4356,8.9753
894.588,8.9271
894.7404,9.4101
894.8928,10.5206
895.0452,11.4376
895.1976,11.5943
895.35,11.2491
895.5024,10.4207
895.6548,9.2405
895.8072,9.3143
895.9596,10.6455
896.112,11.3976
896.2644,11.4188
896.4168,10.632
896.5692,9.8971
896.7216,9.1692
896.874,8.9806
897.0264,10.3922
897.1788,11.1244
897.3312,11.1013
897.4836,10.5839
897.636,9.8777
897.7884,9.3788
897.9408,9.8042
898.0932,11.0567
898.2456,11.2919
898.398,10.8255
898.5504,9.9007
898.7028,10.6935
898.8552,12.2015
899.0076,13.0419
899.16,12.6502
899.3124,11.6816
899.4648,11.6355
899.6172,11.9237
899.7696,11.749
899.922,10.8067
900.0744,9.1778
900.2268,7.6031
900.3792,7.2578
900.5316,8.2656
900.684,8.992
900.8364,8.6171
900.9888,8.684
901.1412,9.7886
901.2936,9.7693
901.446,9.1116
901.5984,8.411
901.7508,8.5504
901.9032,9.1841
902.0556,9.8891
902.208,9.9367
902.3604,9.251
902.5128,9.1471
902.6652,10.523
902.8176,11.3115
902.97,11.1141
903.1224,10.4753
903.2748,10.1168
903.4272,10.1161
903.5796,10.2294
903.732,10.6843
903.8844,11.9508
904.0368,12.8025
904.1892,12.7151
904.3416,11.5669
904.494,10.5727
904.6464,9.8408
904.7988,9.6568
904.9512,9.8328
905.1036,10.2374
905.256,11.6029
905.4084,13.1224
905.5608,13.8323
905.7132,12.707
905.8656,10.8372
906.018,10.8681
906.1704,10.9594
906.3228,10.6329
906.4752,9.6
906.6276,7.8253
906.78,7.5607
906.9324,8.0509
907.0848,9.1554
907.2372,9.7509
907.3896,9.5816
907.542,9.4981
907.6944,10.2622
907.8468,11.9375
907.9992,13.1292
908.1516,13.3695
908.304,12.6027
908.4564,11.2564
908.6088,10.5066
908.7612,10.556
908.9136,10.6561
909.066,10.8205
909.2184,11.8617
909.3708,14.0439
909.5232,15.6211
909.6756,15.173
909.828,14.2632
909.9804,12.8983
910.1328,11.2459
910.2852,10.8283
910.4376,11.6054
910.59,12.0699
910.7424,10.6669
910.8948,9.8311
911.0472,10.2437
911.1996,11.1122
911.352,11.6735
911.5044,10.8389
911.6568,11.1486
911.8092,11.7493
911.9616,12.7752
912.114,12.8583
912.2664,12.2982
912.4188,11.4566
912.5712,11.4034
912.7236,11.8816
912.876,11.9964
913.0284,10.4724
913.1808,9.2053
913.3332,9.1976
913.4856,10.7821
913.638,12.8735
913.7904,14.0969
913.9428,13.3299
914.0952,12.0759
914.2476,11.2779
914.4,10.6177
914.5524,9.9746
914.7048,10.3516
914.8572,12.186
915.0096,13.1279
915.162,12.3804
915.3144,10.3668
915.4668,9.2851
915.6192,9.4477
915.7716,10.2377
915.924,11.015
916.0764,10.6692
916.2288,10.3324
916.3812,10.7484
916.5336,11.5384
916.686,12.4012
916.8384,12.6731
916.9908,12.019
917.1432,10.6799
917.2956,9.6317
917.448,10.5023
917.6004,10.7797
917.7528,11.8887
917.9052,13.4143
918.0576,13.3156
918.21,10.9786
918.3624,9.036
918.5148,8.25
918.6672,9.5376
918.8196,11.0435
918.972,11.1182
919.1244,11.2338
919.2768,12.0287
919.4292,12.3973
919.5816,11.9531
919.734,11.1263
919.8864,10.6506
920.0388,10.5354
920.1912,10.6113
920.3436,10.0856
920.496,9.6862
920.6484,9.9283
920.8008,10.8782
920.9532,10.9898
921.1056,10.2718
921.258,9.4389
921.4104,9.7617
921.5628,11.4392
921.7152,12.1258
921.8676,11.8793
922.02,11.3126
922.1724,12.1054
922.3248,13.1
922.4772,13.0925
922.6296,13.112
922.782,12.9534
922.9344,13.1291
923.0868,12.579
923.2392,11.5927
923.3916,11.1777
923.544,13.0085
923.6964,13.8355
923.8488,13.6664
924.0012,13.7061
924.1536,14.2024
924.306,14.8229
924.4584,15.6798
924.6108,17.2164
924.7632,18.6735
924.9156,19.7081
925.068,20.3575
925.2204,20.0753
925.3728,18.1841
925.5252,16.2827
925.6776,15.5748
925.83,15.2337
925.9824,15.7237
926.1348,16.5428
926.2872,17.1863
926.4396,17.9572
926.592,18.7221
926.7444,18.9181
926.8968,18.8973
927.0492,18.5456
927.2016,17.8276
927.354,16.874
927.5064,15.4929
927.6588,13.4986
927.8112,13.2744
927.9636,13.1345
928.116,12.6184
928.2684,13.0198
928.4208,13.9192
928.5732,15.021
928.7256,15.8245
928.878,16.0153
929.0304,14.9868
929.1828,13.8544
929.3352,13.3765
929.4876,13.6133
929.64,13.4409
929.7924,12.0448
929.9448,9.8138
930.0972,8.6206
930.2496,9.2421
930.402,11.0207
930.5544,13.4242
930.7068,13.9207
930.8592,13.7853
931.0116,13.2416
931.164,12.0588
931.3164,10.6118
931.4688,10.0801
931.6212,9.8107
931.7736,9.5009
931.926,9.0747
932.0784,8.7476
932.2308,9.747
932.3832,10.7108
932.5356,9.9252
932.688,9.6436
932.8404,10.6531
932.9928,11.8756
933.1452,11.6392
933.2976,10.4514
933.45,9.1413
933.6024,9.0622
933.7548,9.4361
933.9072,9.3539
934.0596,9.4509
934.212,9.8911
934.3644,10.5502
934.5168,10.5413
934.6692,10.2229
934.8216,10.1688
934.974,10.6443
935.1264,11.3712
935.2788,11.3796
935.4312,10.968
935.5836,10.1515
935.736,10.0479
935.8884,11.0169
936.0408,11.7703
936.1932,11.0513
936.3456,9.8329
936.498,9.0057
936.6504,9.0564
936.8028,9.028
936.9552,8.9945
937.1076,9.7361
937.26,10.831
937.4124,11.576
937.5648,11.5658
937.7172,11.3321
937.8696,10.8919
938.022,10.4568
938.1744,10.5284
938.3268,11.1657
938.4792,12.2508
938.6316,12.2269
938.784,10.9637
938.9364,10.2262
939.0888,10.0909
939.2412,10.4562
939.3936,11.2066
939.546,12.2038
939.6984,12.4061
939.8508,12.6652
940.0032,13.8315
940.1556,14.3658
940.308,13.7749
940.4604,12.7739
940.6128,12.5366
940.7652,12.0256
940.9176,11.339
941.07,10.336
941.2224,11.1271
941.3748,11.1701
941.5272,11.0793
941.6796,11.2734
941.832,11.61
941.9844,12.6645
942.1368,14.1815
942.2892,17.4871
942.4416,19.4872
942.594,19.3139
942.7464,16.9143
942.8988,14.3565
943.0512,13.8579
943.2036,14.9831
943.356,16.6314
943.5084,17.323
943.6608,17.0307
943.8132,16.0569
943.9656,14.8599
944.118,13.6743
944.2704,13.9757
944.4228,15.1083
944.5752,14.9963
944.7276,14.6435
944.88,15.1473
945.0324,16.8106
945.1848,17.3732
945.3372,16.8886
945.4896,16.3701
945.642,15.7665
945.7944,14.416
945.9468,12.8208
946.0992,12.2463
946.2516,12.959
946.404,14.0197
946.5564,13.2408
946.7088,13.2121
946.8612,14.0978
947.0136,14.51
947.166,13.6817
947.3184,12.0362
947.4708,10.8923
947.6232,12.0283
947.7756,13.964
947.928,14.9339
948.0804,14.5624
948.2328,13.9139
948.3852,13.0003
948.5376,12.1835
948.69,12.0972
948.8424,13.9354
948.9948,14.68
949.1472,13.7328
949.2996,13.207
949.452,14.4424
949.6044,16.4197
949.7568,16.3652
949.9092,16.5765
950.0616,16.8536
950.214,17.3383
950.3664,18.0454
950.5188,19.0643
950.6712,19.5398
950.8236,18.5534
950.976,16.5219
951.1284,13.9132
951.2808,11.77
951.4332,10.9664
951.5856,12.2123
951.738,13.4421
951.8904,13.0802
952.0428,12.4859
952.1952,12.6687
952.3476,12.675
952.5,13.0118
952.6524,12.9793
952.8048,12.4793
952.9572,11.6865
953.1096,10.9582
953.262,10.2666
953.4144,9.6278
953.5668,9.2281
953.7192,10.6851
953.8716,11.5045
954.024,11.4446
954.1764,10.7462
954.3288,10.2516
954.4812,10.3485
954.6336,11.037
954.786,11.3786
954.9384,11.2544
955.0908,10.9243
955.2432,11.2689
955.3956,11.8446
955.548,11.8683
955.7004,11.4686
955.8528,10.8701
956.0052,10.5193
956.1576,10.3703
956.31,9.8637
956.4624,9.5153
956.6148,9.2874
956.7672,9.9646
956.9196,10.8306
957.072,11.3164
957.2244,10.8957
957.3768,10.8759
957.5292,10.8716
957.6816,10.3839
957.834,9.7845
957.9864,9.0096
958.1388,8.2281
958.2912,8.2224
958.4436,10.0731
958.596,11.9307
958.7484,13.0933
958.9008,13.1712
959.0532,12.0997
959.2056,11.2983
959.358,10.9476
959.5104,10.8967
959.6628,11.3199
959.8152,12.1526
959.9676,12.4791
960.12,12.4344
960.2724,12.4357
960.4248,11.9467
960.5772,11.1629
960.7296,10.5896
960.882,10.7429
961.0344,11.389
961.1868,12.0082
961.3392,12.5177
961.4916,13.115
961.644,13.2442
961.7964,12.9234
961.9488,12.1416
962.1012,11.2606
962.2536,10.3919
962.406,9.4147
962.5584,9.2412
962.7108,9.853
962.8632,10.5472
963.0156,10.8604
963.168,10.685
963.3204,10.6637
963.4728,11.1755
963.6252,12.1971
963.7776,13.4053
963.93,14.3425
964.0824,13.7308
964.2348,12.2675
964.3872,11.8746
964.5396,12.592
964.692,12.5568
964.8444,11.6313
964.9968,10.4846
965.1492,10.2403
965.3016,10.0779
965.454,10.5922
965.6064,10.8982
965.7588,10.3835
965.9112,10.0125
966.0636,10.1678
966.216,9.9227
966.3684,9.3466
966.5208,9.5079
966.6732,10.2722
966.8256,11.0897
966.978,10.8536
967.1304,10.6317
967.2828,11.1677
967.4352,12.2795
967.5876,12.2999
967.74,10.0895
967.8924,8.2539
968.0448,7.7142
968.1972,8.8384
968.3496,9.6324
968.502,9.2324
968.6544,8.7092
968.8068,8.952
968.9592,9.8267
969.1116,10.3718
969.264,10.5234
969.4164,10.4693
969.5688,9.9534
969.7212,9.0456
969.8736,8.5851
970.026,8.6812
970.1784,9.7617
970.3308,10.1367
970.4832,9.6043
970.6356,8.8943
970.788,8.7923
970.9404,10.1362
971.0928,11.4534
971.2452,10.8133
971.3976,9.919
971.55,10.2054
971.7024,11.7389
971.8548,12.0792
972.0072,11.8937
972.1596,11.7321
972.312,12.4403
972.4644,12.063
972.6168,11.5063
972.7692,11.7209
972.9216,11.0827
973.074,10.2462
973.2264,9.4953
973.3788,8.8451
973.5312,9.9336
973.6836,11.7189
973.836,12.3332
973.9884,12.5603
974.1408,13.0796
974.2932,13.6073
974.4456,13.5977
974.598,13.0976
974.7504,12.4813
974.9028,12.2389
975.0552,13.0317
975.2076,12.7247
975.36,11.4537
975.5124,9.8974
975.6648,9.1224
975.8172,9.9554
975.9696,10.0923
976.122,10.0917
976.2744,10.8085
976.4268,12.4274
976.5792,12.7359
976.7316,12.9329
976.884,13.0713
977.0364,12.8257
977.1888,11.977
977.3412,11.2119
977.4936,11.015
977.646,12.1849
977.7984,13.2421
977.9508,14.096
978.1032,14.1894
978.2556,13.1383
978.408,11.7627
978.5604,11.2491
978.7128,11.4942
978.8652,12.2176
979.0176,12.0859
979.17,11.7574
979.3224,11.686
979.4748,11.9293
979.6272,12.2796
979.7796,12.0082
979.932,11.394
980.0844,10.5198
980.2368,10.0119
980.3892,10.5006
980.5416,13.3423
980.694,15.121
980.8464,13.7503
980.9988,12.4125
981.1512,12.0552
981.3036,12.8033
981.456,14.3993
981.6084,15.6089
981.7608,15.3699
981.9132,14.3348
982.0656,13.3088
982.218,12.77
982.3704,12.757
982.5228,13.0443
982.6752,13.7665
982.8276,15.4882
982.98,16.9747
983.1324,17.7735
983.2848,17.366
983.4372,15.8866
983.5896,14.9822
983.742,13.6598
983.8944,12.2675
984.0468,11.0489
984.1992,10.7312
984.3516,12.3223
984.504,12.8931
984.6564,12.0891
984.8088,11.4185
984.9612,11.7952
985.1136,11.3635
985.266,10.404
985.4184,10.9432
985.5708,12.5117
985.7232,13.7021
985.8756,13.4865
986.028,12.8
986.1804,13.02
986.3328,12.772
986.4852,12.0662
986.6376,11.8773
986.79,12.4368
986.9424,12.8702
987.0948,12.6069
987.2472,12.1717
987.3996,12.7096
987.552,14.0432
987.7044,14.1679
987.8568,13.5067
988.0092,12.7446
988.1616,12.5647
988.314,13.0689
988.4664,13.0626
988.6188,12.4339
988.7712,12.0247
988.9236,12.7228
989.076,13.0605
989.2284,12.1108
989.3808,11.0571
989.5332,10.5953
989.6856,11.448
989.838,12.3961
989.9904,12.4149
990.1428,11.5929
990.2952,10.7984
990.4476,11.1707
990.6,12.7383
990.7524,13.6041
990.9048,12.2033
991.0572,10.1626
991.2096,9.377
991.362,9.9303
991.5144,10.819
991.6668,11.7406
991.8192,11.2377
991.9716,10.7981
992.124,11.0826
992.2764,12.2887
992.4288,13.6141
992.5812,13.1919
992.7336,11.995
992.886,11.0491
993.0384,10.3677
993.1908,10.2192
993.3432,10.423
993.4956,10.1803
993.648,10.2346
993.8004,10.5529
993.9528,11.4443
994.1052,11.9086
994.2576,11.8838
994.41,11.9846
994.5624,12.5085
994.7148,12.8365
994.8672,12.4405
995.0196,11.4281
995.172,9.7977
995.3244,8.7194
995.4768,8.7571
995.6292,9.7225
995.7816,11.0853
995.934,11.8954
996.0864,11.9105
996.2388,11.586
996.3912,11.2547
996.5436,11.0023
996.696,10.7809
996.8484,10.4932
997.0008,10.8247
997.1532,11.9473
997.3056,12.8387
997.458,12.7546
997.6104,11.7621
997.7628,11.2279
997.9152,11.1842
998.0676,11.4684
998.22,12.0168
998.3724,12.3921
998.5248,12.3495
998.6772,12.1031
998.8296,10.9389
998.982,9.7958
999.1344,8.8001
999.2868,8.3473
999.4392,10.0373
999.5916,11.9967
999.744,12.4715
999.8964,12.3686
1000.0488,12.9651
1000.2012,12.9212
1000.3536,12.7881
1000.506,12.7227
1000.6584,12.5185
1000.8108,12.1548
1000.9632,11.5158
1001.1156,11.5006
1001.268,12.1183
1001.4204,14.1945
1001.5728,15.9108
1001.7252,17.4171
1001.8776,16.8774
1002.03,14.4613
1002.1824,11.8435
1002.3348,10.1743
1002.4872,10.4158
1002.6396,11.1388
1002.792,11.835
1002.9444,12.7522
1003.0968,12.9977
1003.2492,12.6285
1003.4016,11.5193
1003.554,10.3389
1003.7064,9.6393
1003.8588,10.4972
1004.0112,11.4232
1004.1636,11.7116
1004.316,11.225
1004.4684,10.105
1004.6208,9.5938
1004.7732,9.9109
1004.9256,10.3743
1005.078,11.1682
1005.2304,12.395
1005.3828,14.0566
1005.5352,13.2851
1005.6876,11.5079
1005.84,9.9252
1005.9924,9.6176
1006.1448,10.4138
1006.2972,11.9575
1006.4496,12.4042
1006.602,11.7071
1006.7544,11.0526
1006.9068,11.7033
1007.0592,14.1055
1007.2116,15.7706
1007.364,14.9543
1007.5164,11.5505
1007.6688,9.1309
1007.8212,8.3143
1007.9736,8.1913
1008.126,8.5596
1008.2784,9.2732
1008.4308,10.3282
1008.5832,11.5616
1008.7356,12.4336
1008.888,12.18
1009.0404,12.1458
1009.1928,12.4495
1009.3452,12.5363
1009.4976,11.9593
1009.65,11.618
1009.8024,11.9142
1009.9548,12.7267
1010.1072,14.2677
1010.2596,15.5161
1010.412,15.8681
1010.5644,14.8463
1010.7168,11.3425
1010.8692,9.3361
1011.0216,9.5606
1011.174,11.0487
1011.3264,12.3678
1011.4788,12.6454
1011.6312,11.9806
1011.7836,10.519
1011.936,9.4995
1012.0884,9.6762
1012.2408,10.5945
1012.3932,12.4337
1012.5456,12.45
1012.698,11.5225
1012.8504,11.1596
1013.0028,12.2063
1013.1552,14.0403
1013.3076,14.5919
1013.46,13.4952
1013.6124,12.6449
1013.7648,13.0268
1013.9172,13.3588
1014.0696,13.0337
1014.222,12.067
1014.3744,10.3364
1014.5268,9.0392
1014.6792,8.74
1014.8316,9.2058
1014.984,9.973
1015.1364,10.7297
1015.2888,11.5977
1015.4412,12.1081
1015.5936,12.2162
1015.746,11.8252
1015.8984,11.269
1016.0508,10.6371
1016.2032,10.0151
1016.3556,9.4922
1016.508,9.4612
1016.6604,10.8642
1016.8128,10.9342
1016.9652,11.3222
1017.1176,11.6339
1017.27,11.4744
1017.4224,10.7736
1017.5748,9.2751
1017.7272,8.4746
1017.8796,8.3514
1018.032,9.0879
1018.1844,10.1364
1018.3368,9.7465
1018.4892,8.195
1018.6416,8.1465
1018.794,9.9487
1018.9464,11.6381
1019.0988,11.3319
1019.2512,10.0361
1019.4036,8.9074
1019.556,8.4467
1019.7084,8.892
1019.8608,9.4857
1020.0132,9.8728
1020.1656,9.8539
1020.318,9.8364
1020.4704,9.4083
1020.6228,9.0234
1020.7752,9.0061
1020.9276,9.4792
1021.08,10.4124
1021.2324,10.9246
1021.3848,10.5747
1021.5372,9.8206
1021.6896,8.7024
1021.842,8.1754
1021.9944,8.5938
1022.1468,9.3323
1022.2992,9.8172
1022.4516,9.5334
1022.604,9.4425
1022.7564,9.6461
1022.9088,9.9298
1023.0612,10.3308
1023.2136,10.5411
1023.366,10.7193
1023.5184,10.635
1023.6708,10.2848
1023.8232,10.0225
1023.9756,9.3944
1024.128,9.094
1024.2804,8.7492
1024.4328,8.1654
1024.5852,8.2775
1024.7376,9.085
1024.89,11.6659
1025.0424,13.1988
1025.1948,12.554
1025.3472,10.9472
1025.4996,9.6975
1025.652,8.352
1025.8044,7.521
1025.9568,7.7202
1026.1092,9.4495
1026.2616,10.3305
1026.414,9.8413
1026.5664,8.5405
1026.7188,8.9119
1026.8712,9.5271
1027.0236,9.572
1027.176,8.8957
1027.3284,7.9027
1027.4808,7.5856
1027.6332,9.0001
1027.7856,9.6633
1027.938,8.7925
1028.0904,7.4814
1028.2428,7.8546
1028.3952,9.0763
1028.5476,9.217
1028.7,8.6812
1028.8524,8.588
1029.0048,8.8437
1029.1572,9.775
1029.3096,10.0667
1029.462,9.504
1029.6144,9.0116
1029.7668,8.9302
1029.9192,9.5867
1030.0716,10.464
1030.224,11.0572
1030.3764,11.3949
1030.5288,11.6578
1030.6812,11.581
1030.8336,11.3282
1030.986,10.5845
1031.1384,9.6872
1031.2908,8.6507
1031.4432,7.4946
1031.5956,7.0022
1031.748,7.8315
1031.9004,8.4368
1032.0528,8.3431
1032.2052,8.1182
1032.3576,7.9574
1032.51,8.2838
1032.6624,8.9429
1032.8148,10.1316
1032.9672,10.9408
1033.1196,10.8226
1033.272,10.0905
1033.4244,8.7822
1033.5768,8.3101
1033.7292,9.2972
1033.8816,9.3965
1034.034,9.378
1034.1864,8.7217
1034.3388,7.8437
1034.4912,7.9315
1034.6436,8.5288
1034.796,8.1542
1034.9484,8.0246
1035.1008,8.4726
1035.2532,8.8083
1035.4056,7.2857
1035.558,5.976
1035.7104,5.7439
1035.8628,6.548
1036.0152,7.0064
1036.1676,7.1321
1036.32,8.5861
1036.4724,9.5254
1036.6248,10.1916
1036.7772,10.7005
1036.9296,11.3313
1037.082,11.8255
1037.2344,12.5894
1037.3868,13.0445
1037.5392,12.2946
1037.6916,11.8956
1037.844,12.9736
1037.9964,14.3302
1038.1488,14.3211
1038.3012,13.0922
1038.4536,13.0053
1038.606,12.3032
1038.7584,10.4909
1038.9108,8.7729
1039.0632,8.6531
1039.2156,8.517
1039.368,7.3868
1039.5204,7.4858
1039.6728,8.4246
1039.8252,8.7489
1039.9776,8.7752
1040.13,8.8374
1040.2824,9.4316
1040.4348,9.5686
1040.5872,9.4323
1040.7396,9.7779
1040.892,10.9353
1041.0444,11.7047
1041.1968,11.8868
1041.3492,11.3638
1041.5016,10.5675
1041.654,10.3139
1041.8064,11.9125
1041.9588,12.3237
1042.1112,12.7183
1042.2636,14.4063
1042.416,16.6088
1042.5684,16.0819
1042.7208,13.6926
1042.8732,12.6041
1043.0256,13.0331
1043.178,13.0921
1043.3304,11.7526
1043.4828,12.2851
1043.6352,14.1107
1043.7876,14.6392
1043.94,13.924
1044.0924,13.013
1044.2448,13.0729
1044.3972,13.9673
1044.5496,14.5585
1044.702,14.7889
1044.8544,14.3811
1045.0068,13.6075
1045.1592,11.8666
1045.3116,10.8744
1045.464,10.6324
1045.6164,11.089
1045.7688,12.4737
1045.9212,13.643
1046.0736,13.7324
1046.226,12.3233
1046.3784,12.2554
1046.5308,12.4491
1046.6832,12.3602
1046.8356,11.5392
1046.988,10.4135
1047.1404,9.1543
1047.2928,8.3267
1047.4452,8.5805
1047.5976,8.8962
1047.75,8.4391
1047.9024,8.4529
1048.0548,8.9199
1048.2072,9.9562
1048.3596,11.1194
1048.512,11.7055
1048.6644,11.7933
1048.8168,11.5939
1048.9692,11.0947
1049.1216,10.412
1049.274,10.4943
1049.4264,10.9734
1049.5788,10.784
1049.7312,9.1694
1049.8836,8.2004
1050.036,9.1437
1050.1884,11.2019
1050.3408,13.2953
1050.4932,13.4969
1050.6456,13.4188
1050.798,13.8719
1050.9504,13.4211
1051.1028,12.2373
1051.2552,11.0808
1051.4076,11.7444
1051.56,12.5084
1051.7124,12.0553
1051.8648,11.4491
1052.0172,12.1585
1052.1696,12.5464
1052.322,11.717
1052.4744,9.4056
1052.6268,8.2438
1052.7792,8.6599
1052.9316,9.9816
1053.084,11.7284
1053.2364,12.2871
1053.3888,12.2732
1053.5412,12.2553
1053.6936,12.1225
1053.846,12.1505
1053.9984,11.7894
1054.1508,11.3672
1054.3032,11.7065
1054.4556,11.5243
1054.608,10.5391
1054.7604,9.3827
1054.9128,8.7069
1055.0652,8.8818
1055.2176,10.5836
1055.37,13.1532
1055.5224,14.1327
1055.6748,13.8287
1055.8272,13.7491
1055.9796,14.3887
1056.132,14.4886
1056.2844,14.1862
1056.4368,12.0345
1056.5892,9.8111
1056.7416,9.2502
1056.894,9.9181
1057.0464,10.2787
1057.1988,10.5681
1057.3512,11.3435
1057.5036,11.1195
1057.656,10.6831
1057.8084,10.475
1057.9608,10.836
1058.1132,11.5738
1058.2656,11.6629
1058.418,10.7273
1058.5704,9.922
1058.7228,9.1685
1058.8752,9.0142
1059.0276,9.0476
1059.18,9.2735
1059.3324,9.7226
1059.4848,10.6769
1059.6372,11.7181
1059.7896,13.0466
1059.942,14.6189
1060.0944,15.3595
1060.2468,14.8588
1060.3992,13.0597
1060.5516,11.4644
1060.704,11.9154
1060.8564,12.1874
1061.0088,11.4735
1061.1612,10.1855
1061.3136,9.2125
1061.466,9.4748
1061.6184,10.186
1061.7708,11.2518
1061.9232,13.0793
1062.0756,13.7233
1062.228,12.9605
1062.3804,11.7298
1062.5328,10.7018
1062.6852,11.9696
1062.8376,12.0009
1062.99,11.2306
1063.1424,10.5231
1063.2948,10.3587
1063.4472,10.0033
1063.5996,12.0494
1063.752,13.1172
1063.9044,13.1018
1064.0568,12.9891
1064.2092,12.7613
1064.3616,12.6982
1064.514,14.4624
1064.6664,14.8035
1064.8188,14.5635
1064.9712,13.675
1065.1236,13.1508
1065.276,13.4214
1065.4284,12.8838
1065.5808,12.2012
1065.7332,11.7731
1065.8856,11.8635
1066.038,13.6885
1066.1904,14.6522
1066.3428,14.5671
1066.4952,13.3573
1066.6476,11.4588
1066.8,10.7639
1066.9524,11.5067
1067.1048,13.1197
1067.2572,13.7648
1067.4096,14.1311
1067.562,14.6783
1067.7144,15.2296
1067.8668,15.6415
1068.0192,15.3827
1068.1716,14.6826
1068.324,13.5145
1068.4764,11.9578
1068.6288,11.4623
1068.7812,12.3099
1068.9336,13.8954
1069.086,14.9714
1069.2384,15.0015
1069.3908,14.1572
1069.5432,13.1496
1069.6956,12.672
1069.848,12.1319
1070.0004,10.4898
1070.1528,9.1466
1070.3052,8.5305
1070.4576,8.492
1070.61,9.2725
1070.7624,10.5278
1070.9148,11.2083
1071.0672,11.3058
1071.2196,10.1943
1071.372,9.0778
1071.5244,9.3427
1071.6768,10.2408
1071.8292,10.9361
1071.9816,11.1374
1072.134,10.777
1072.2864,10.1299
1072.4388,9.4549
1072.5912,9.4047
1072.7436,11.7269
1072.896,13.5061
1073.0484,13.087
1073.2008,11.4827
1073.3532,9.908
1073.5056,10.8482
1073.658,11.3106
1073.8104,11.7078
1073.9628,12.0254
1074.1152,13.1597
1074.2676,14.1227
1074.42,14.2808
1074.5724,14.1486
1074.7248,13.9144
1074.8772,13.3873
1075.0296,12.6481
1075.182,11.6905
1075.3344,11.0078
1075.4868,11.7401
1075.6392,13.3618
1075.7916,15.7922
1075.944,15.8417
1076.0964,14.9079
1076.2488,13.589
1076.4012,12.5604
1076.5536,13.0747
1076.706,14.6255
1076.8584,14.972
1077.0108,14.13
1077.1632,13.0388
1077.3156,12.4584
1077.468,12.0916
1077.6204,12.2022
1077.7728,12.8088
1077.9252,13.5458
1078.0776,13.4203
1078.23,12.7367
1078.3824,13.0351
1078.5348,14.3636
1078.6872,14.6827
1078.8396,13.813
1078.992,12.6095
1079.1444,11.8831
1079.2968,11.732
1079.4492,12.1043
1079.6016,12.6121
1079.754,14.1854
1079.9064,14.3773
1080.0588,14.2754
1080.2112,14.1274
1080.3636,15.0708
1080.516,14.9762
1080.6684,13.7265
1080.8208,12.1022
1080.9732,11.2222
1081.1256,10.9166
1081.278,11.1252
1081.4304,11.891
1081.5828,13.6427
1081.7352,16.0969
1081.8876,16.1446
1082.04,15.3563
1082.1924,14.9578
1082.3448,14.5019
1082.4972,12.6645
1082.6496,10.6803
1082.802,9.9752
1082.9544,11.0873
1083.1068,13.3883
1083.2592,14.7972
1083.4116,14.1581
1083.564,14.0345
1083.7164,14.639
1083.8688,14.9891
1084.0212,14.381
1084.1736,13.1535
1084.326,12.0955
1084.4784,12.0005
1084.6308,12.3817
1084.7832,12.7522
1084.9356,13.2131
1085.088,13.7752
1085.2404,13.5726
1085.3928,13.2659
1085.5452,12.6209
1085.6976,11.8006
1085.85,11.3011
1086.0024,10.8084
1086.1548,10.8613
1086.3072,11.7145
1086.4596,13.0035
1086.612,13.3035
1086.7644,12.9843
1086.9168,12.5377
1087.0692,12.0318
1087.2216,11.5298
1087.374,11.2465
1087.5264,11.5798
1087.6788,12.2993
1087.8312,12.8182
1087.9836,12.6859
1088.136,12.4322
1088.2884,12.5336
1088.4408,12.6925
1088.5932,14.4539
1088.7456,15.7726
1088.898,15.7121
1089.0504,15.4031
1089.2028,16.3147
1089.3552,16.391
1089.5076,15.7664
1089.66,14.7273
1089.8124,14.9837
1089.9648,15.2034
1090.1172,14.1442
1090.2696,12.4485
1090.422,11.204
1090.5744,11.5609
1090.7268,14.0955
1090.8792,16.7042
1091.0316,16.5736
1091.184,15.1178
1091.3364,13.0938
1091.4888,13.1243
1091.6412,14.2375
1091.7936,14.3709
1091.946,13.9926
1092.0984,13.7914
1092.2508,14.0743
1092.4032,13.5842
1092.5556,13.5578
1092.708,15.661
1092.8604,17.9875
1093.0128,18.4188
1093.1652,18.2304
1093.3176,16.5156
1093.47,15.1479
1093.6224,14.8822
1093.7748,15.5253
1093.9272,17.0533
1094.0796,17.26
1094.232,16.6814
1094.3844,15.5664
1094.5368,14.4557
1094.6892,14.2477
1094.8416,15.6397
1094.994,18.2971
1095.1464,20.1721
1095.2988,20.2457
1095.4512,19.0296
1095.6036,16.5951
1095.756,14.0644
1095.9084,13.5034
1096.0608,14.1297
1096.2132,13.8074
1096.3656,14.3018
1096.518,14.6207
1096.6704,13.7932
1096.8228,11.7511
1096.9752,10.4686
1097.1276,10.8326
1097.28,12.3903
1097.4324,14.2325
1097.5848,15.3576
1097.7372,15.8031
1097.8896,14.9252
1098.042,13.5069
1098.1944,11.4892
1098.3468,9.2458
1098.4992,7.7041
1098.6516,7.8637
1098.804,9.4963
1098.9564,12.1962
1099.1088,15.122
1099.2612,15.2822
1099.4136,15.1966
1099.566,16.4036
1099.7184,18.5514
1099.8708,20.1118
1100.0232,20.5592
1100.1756,19.9519
1100.328,18.8576
1100.4804,18.8509
1100.6328,19.4487
1100.7852,19.5838
1100.9376,19.3311
1101.09,18.7853
1101.2424,17.8662
1101.3948,17.1823
1101.5472,16.4755
1101.6996,16.0476
1101.852,15.5906
1102.0044,15.5006
1102.1568,15.8063
1102.3092,16.8698
1102.4616,16.7684
1102.614,17.6418
1102.7664,18.159
1102.9188,18.1217
1103.0712,17.5953
1103.2236,17.4769
1103.376,17.9405
1103.5284,18.8815
1103.6808,19.9937
1103.8332,20.32
1103.9856,20.7863
1104.138,21.0743
1104.2904,20.2766
1104.4428,18.7028
1104.5952,17.4251
1104.7476,18.3769
1104.9,19.0172
1105.0524,18.2628
1105.2048,16.184
1105.3572,14.8185
1105.5096,14.8455
1105.662,16.7218
1105.8144,17.1317
1105.9668,16.5456
1106.1192,15.2349
1106.2716,13.8292
1106.424,14.7264
1106.5764,15.6182
1106.7288,15.4857
1106.8812,14.9622
1107.0336,14.2735
1107.186,14.4544
1107.3384,15.6504
1107.4908,16.4363
1107.6432,16.9601
1107.7956,17.151
1107.948,16.8245
1108.1004,15.859
1108.2528,14.7229
1108.4052,13.8694
1108.5576,13.6717
1108.71,14.5608
1108.8624,15.9795
1109.0148,17.1854
1109.1672,17.4687
1109.3196,16.6606
1109.472,15.6001
1109.6244,15.2834
1109.7768,15.2657
1109.9292,15.2495
1110.0816,15.0328
1110.234,14.235
1110.3864,13.8472
1110.5388,13.524
1110.6912,13.432
1110.8436,13.529
1110.996,13.5114
1111.1484,13.6389
1111.3008,13.9017
1111.4532,13.6064
1111.6056,12.4501
1111.758,11.0905
1111.9104,10.9255
1112.0628,11.3961
1112.2152,11.708
1112.3676,11.9991
1112.52,11.88
1112.6724,11.6673
1112.8248,11.2913
1112.9772,11.1569
1113.1296,12.2371
1113.282,14.5635
1113.4344,15.9164
1113.5868,16.9158
1113.7392,17.0047
1113.8916,16.6173
1114.044,16.138
1114.1964,15.8416
1114.3488,17.1501
1114.5012,19.4469
1114.6536,20.6561
1114.806,20.6572
1114.9584,19.9779
1115.1108,19.3841
1115.2632,19.5632
1115.4156,21.3697
1115.568,22.9008
1115.7204,23.988
1115.8728,24.1372
1116.0252,24.1647
1116.1776,23.6153
1116.33,22.358
1116.4824,20.8359
1116.6348,19.6578
1116.7872,18.8127
1116.9396,18.8328
1117.092,19.4862
1117.2444,21.5514
1117.3968,22.6193
1117.5492,21.7271
1117.7016,18.3594
1117.854,15.2739
1118.0064,14.533
1118.1588,15.5485
1118.3112,15.4979
1118.4636,14.4217
1118.616,14.3421
1118.7684,15.9696
1118.9208,17.2358
1119.0732,16.3384
1119.2256,15.671
1119.378,16.3634
1119.5304,16.8022
1119.6828,15.183
1119.8352,13.0966
1119.9876,12.0428
1120.14,11.9943
1120.2924,13.3525
1120.4448,14.5303
1120.5972,14.9084
1120.7496,14.7272
1120.902,14.5226
1121.0544,14.3635
1121.2068,13.9496
1121.3592,13.9118
1121.5116,13.9167
1121.664,14.012
1121.8164,14.6759
1121.9688,17.5221
1122.1212,18.2746
1122.2736,16.7212
1122.426,14.2301
1122.5784,13.3441
1122.7308,13.6209
1122.8832,15.1836
1123.0356,15.707
1123.188,15.2957
1123.3404,15.02
1123.4928,15.0297
1123.6452,15.9286
1123.7976,15.7819
1123.95,15.8818
1124.1024,17.222
1124.2548,18.6733
1124.4072,18.7934
1124.5596,18.8327
1124.712,19.0474
1124.8644,19.1669
1125.0168,18.563
1125.1692,19.0669
1125.3216,19.856
1125.474,20.6482
1125.6264,20.6367
1125.7788,19.0751
1125.9312,17.0198
1126.0836,15.4459
1126.236,15.1276
1126.3884,16.2866
1126.5408,17.2143
1126.6932,15.9629
1126.8456,15.7987
1126.998,16.5911
1127.1504,17.3876
1127.3028,17.2872
1127.4552,16.5746
1127.6076,16.8777
1127.76,18.2647
1127.9124,20.0413
1128.0648,20.916
1128.2172,20.7785
1128.3696,19.5999
1128.522,17.8833
1128.6744,16.0478
1128.8268,14.6759
1128.9792,14.421
1129.1316,14.9629
1129.284,15.9188
1129.4364,17.4343
1129.5888,18.9555
1129.7412,19.8222
1129.8936,20.1223
1130.046,19.9903
1130.1984,19.5737
1130.3508,18.6888
1130.5032,17.5099
1130.6556,16.0686
1130.808,15.7608
1130.9604,15.6251
1131.1128,15.1192
1131.2652,15.4875
1131.4176,15.8442
1131.57,15.3234
1131.7224,14.6839
1131.8748,14.9756
1132.0272,16.9
1132.1796,18.6433
1132.332,19.0459
1132.4844,19.347
1132.6368,20.9851
1132.7892,23.2506
1132.9416,24.9857
1133.094,26.0404
1133.2464,27.2263
1133.3988,27.5021
1133.5512,24.7346
1133.7036,20.5617
1133.856,17.2548
1134.0084,15.5836
1134.1608,14.1205
1134.3132,12.5978
1134.4656,12.5718
1134.618,13.8016
1134.7704,14.9899
1134.9228,15.1172
1135.0752,15.6883
1135.2276,17.0072
1135.38,18.0523
1135.5324,18.0862
1135.6848,19.0263
1135.8372,19.8655
1135.9896,19.4532
1136.142,17.769
1136.2944,16.4497
1136.4468,16.4364
1136.5992,16.4062
1136.7516,14.6917
1136.904,12.9742
1137.0564,12.1591
1137.2088,12.4572
1137.3612,12.9046
1137.5136,13.3993
1137.666,13.5536
1137.8184,13.2129
1137.9708,12.1835
1138.1232,13.0706
1138.2756,14.4805
1138.428,14.1788
1138.5804,13.3317
1138.7328,13.1999
1138.8852,13.1143
1139.0376,13.0145
1139.19,12.4125
1139.3424,12.3677
1139.4948,12.8033
1139.6472,12.7634
1139.7996,12.456
1139.952,11.8151
1140.1044,11.0849
1140.2568,10.2301
1140.4092,9.7193
1140.5616,10.8063
1140.714,11.6963
1140.8664,11.3292
1141.0188,10.1636
1141.1712,9.9006
1141.3236,10.2531
1141.476,10.5499
1141.6284,10.5278
1141.7808,10.9475
1141.9332,11.711
1142.0856,11.9892
1142.238,11.968
1142.3904,11.4674
1142.5428,11.2289
1142.6952,11.7078
1142.8476,12.5165
1143,12.4964
1143.1524,11.6541
1143.3048,12.4625
1143.4572,12.7527
1143.6096,12.0396
1143.762,11.535
1143.9144,12.2299
1144.0668,14.387
1144.2192,16.1892
1144.3716,17.5845
1144.524,17.7277
1144.6764,16.6152
1144.8288,14.3632
1144.9812,12.2338
1145.1336,11.5864
1145.286,12.159
1145.4384,12.8854
1145.5908,13.1382
1145.7432,12.9592
1145.8956,12.3444
1146.048,10.897
1146.2004,9.4918
1146.3528,9.9519
1146.5052,11.4043
1146.6576,13.1212
1146.81,14.78
1146.9624,15.7598
1147.1148,15.8751
1147.2672,14.9876
1147.4196,14.5038
1147.572,14.5365
1147.7244,14.9099
1147.8768,15.0371
1148.0292,14.8412
1148.1816,13.8381
1148.334,12.074
1148.4864,10.2103
1148.6388,8.9173
1148.7912,8.7994
1148.9436,9.0593
1149.096,9.9803
1149.2484,10.8265
1149.4008,11.7506
1149.5532,12.176
1149.7056,12.1615
1149.858,11.7033
1150.0104,10.4974
1150.1628,9.2183
1150.3152,8.804
1150.4676,9.8634
1150.62,11.4408
1150.7724,12.8595
1150.9248,12.986
1151.0772,12.4613
1151.2296,11.6869
1151.382,11.6353
1151.5344,11.9104
1151.6868,12.4329
1151.8392,13.6939
1151.9916,15.5449
1152.144,16.8397
1152.2964,16.7554
1152.4488,15.6999
1152.6012,14.0012
1152.7536,11.5167
1152.906,9.7
1153.0584,9.0239
1153.2108,9.2685
1153.3632,9.5358
1153.5156,9.1873
1153.668,9.0404
1153.8204,9.3195
1153.9728,9.4773
1154.1252,9.1002
1154.2776,8.9086
1154.43,9.3554
1154.5824,11.0879
1154.7348,11.7224
1154.8872,11.6722
1155.0396,10.9678
1155.192,10.0552
1155.3444,9.2135
1155.4968,8.8656
1155.6492,8.8113
1155.8016,8.9523
1155.954,9.058
1156.1064,9.1815
1156.2588,10.3165
1156.4112,10.6809
1156.5636,10.3917
1156.716,9.6278
1156.8684,9.6387
1157.0208,10.1189
1157.1732,10.5549
1157.3256,10.8995
1157.478,11.121
1157.6304,10.9792
1157.7828,10.4203
1157.9352,9.522
1158.0876,8.5011
1158.24,9.0944
1158.3924,10.2583
1158.5448,10.2078
1158.6972,10.112
1158.8496,10.348
1159.002,10.7419
1159.1544,10.4478
1159.3068,8.6964
1159.4592,7.5958
1159.6116,7.6206
1159.764,9.1337
1159.9164,10.8055
1160.0688,11.4743
1160.2212,10.7263
1160.3736,9.879
1160.526,9.742
1160.6784,9.969
1160.8308,9.8176
1160.9832,9.0382
1161.1356,9.0135
1161.288,10.1797
1161.4404,11.7276
1161.5928,12.5902
1161.7452,12.6019
1161.8976,11.8054
1162.05,10.7184
1162.2024,9.9971
1162.3548,10.266
1162.5072,10.3253
1162.6596,9.0642
1162.812,8.5944
1162.9644,8.9513
1163.1168,10.5022
1163.2692,11.2307
1163.4216,11.4083
1163.574,11.3652
1163.7264,10.6932
1163.8788,9.5399
1164.0312,9.5376
1164.1836,10.1804
1164.336,10.1256
1164.4884,8.9605
1164.6408,7.5162
1164.7932,6.1934
1164.9456,5.8423
1165.098,6.5578
1165.2504,9.3549
1165.4028,11.4984
1165.5552,10.528
1165.7076,8.2335
1165.86,7.0651
1166.0124,7.2187
1166.1648,7.612
1166.3172,8.308
1166.4696,8.6015
1166.622,8.3988
1166.7744,8.5483
1166.9268,8.0876
1167.0792,8.2114
1167.2316,9.1019
1167.384,9.2536
1167.5364,8.6189
1167.6888,7.7681
1167.8412,7.3993
1167.9936,7.7555
1168.146,9.2351
1168.2984,9.6737
1168.4508,8.8294
1168.6032,8.1251
1168.7556,8.0904
1168.908,9.4468
1169.0604,10.8291
1169.2128,11.9353
1169.3652,12.3698
1169.5176,11.4649
1169.67,10.1469
1169.8224,9.1617
1169.9748,8.1657
1170.1272,7.2803
1170.2796,7.3573
1170.432,9.3859
1170.5844,11.4062
1170.7368,12.733
1170.8892,12.6316
1171.0416,12.4688
1171.194,12.9863
1171.3464,15.5119
1171.4988,17.8404
1171.6512,18.6643
1171.8036,18.671
1171.956,18.3434
1172.1084,17.984
1172.2608,18.2105
1172.4132,18.5149
1172.5656,18.4467
1172.718,17.522
1172.8704,16.5933
1173.0228,15.0778
1173.1752,13.5952
1173.3276,13.3804
1173.48,14.2192
1173.6324,15.3962
1173.7848,15.4287
1173.9372,15.4842
1174.0896,14.8
1174.242,13.9476
1174.3944,12.8165
1174.5468,11.5399
1174.6992,10.449
1174.8516,10.0112
1175.004,9.9277
1175.1564,11.3168
1175.3088,14.5694
1175.4612,17.7127
1175.6136,17.2687
1175.766,15.3104
1175.9184,13.5776
1176.0708,13.9277
1176.2232,15.6749
1176.3756,17.6141
1176.528,17.4958
1176.6804,16.9428
1176.8328,16.456
1176.9852,16.68
1177.1376,17.9784
1177.29,18.0812
1177.4424,18.44
1177.5948,20.0557
1177.7472,22.3321
1177.8996,24.0888
1178.052,24.2837
1178.2044,23.8461
1178.3568,22.7211
1178.5092,19.9897
1178.6616,17.1058
1178.814,16.1514
1178.9664,18.7962
1179.1188,20.8395
1179.2712,20.9945
1179.4236,20.0719
1179.576,18.3229
1179.7284,16.9382
1179.8808,16.5201
1180.0332,17.0335
1180.1856,17.1986
1180.338,16.6165
1180.4904,15.7576
1180.6428,15.4985
1180.7952,14.3423
1180.9476,13.2136
1181.1,13.151
1181.2524,14.5001
1181.4048,15.0401
1181.5572,14.6259
1181.7096,13.651
1181.862,12.6757
1182.0144,12.5125
1182.1668,13.0143
1182.3192,13.0002
1182.4716,12.5977
1182.624,12.0346
1182.7764,11.4758
1182.9288,11.8794
1183.0812,12.9374
1183.2336,13.0542
1183.386,13.2148
1183.5384,13.8593
1183.6908,14.4732
1183.8432,14.591
1183.9956,14.2058
1184.148,13.3946
1184.3004,12.5465
1184.4528,13.7211
1184.6052,14.288
1184.7576,13.2514
1184.91,11.6648
1185.0624,11.6325
1185.2148,12.9591
1185.3672,13.0734
1185.5196,11.945
1185.672,11.5541
1185.8244,11.9925
1185.9768,13.3779
1186.1292,14.5252
1186.2816,14.7165
1186.434,14.0315
1186.5864,12.9858
1186.7388,11.9591
1186.8912,11.3216
1187.0436,11.1425
1187.196,11.7839
1187.3484,12.0068
1187.5008,12.879
1187.6532,15.0026
1187.8056,16.6291
1187.958,17.141
1188.1104,16.7488
1188.2628,15.8552
1188.4152,14.5307
1188.5676,13.3915
1188.72,13.7507
1188.8724,14.1188
1189.0248,13.4787
1189.1772,12.5099
1189.3296,11.3619
1189.482,11.1102
1189.6344,11.6731
1189.7868,10.9395
1189.9392,10.4463
1190.0916,11.1416
1190.244,12.2027
1190.3964,12.1889
1190.5488,12.3195
1190.7012,13.552
1190.8536,15.0986
1191.006,16.9014
1191.1584,16.1111
1191.3108,14.3353
1191.4632,12.8628
1191.6156,13.6974
1191.768,15.319
1191.9204,15.7722
1192.0728,14.1957
1192.2252,13.03
1192.3776,12.6587
1192.53,13.6499
1192.6824,14.8379
1192.8348,14.1306
1192.9872,12.3643
1193.1396,11.6897
1193.292,12.1379
1193.4444,14.2059
1193.5968,14.474
1193.7492,13.4244
1193.9016,13.7843
1194.054,14.8363
1194.2064,15.4001
1194.3588,14.7628
1194.5112,13.1848
1194.6636,11.6787
1194.816,11.535
1194.9684,11.9439
1195.1208,12.1643
1195.2732,12.5763
1195.4256,13.8441
1195.578,15.2353
1195.7304,16.3431
1195.8828,16.6331
1196.0352,16.3447
1196.1876,15.0151
1196.34,13.272
1196.4924,13.1593
1196.6448,15.1804
1196.7972,17.1181
1196.9496,17.2454
1197.102,16.7483
1197.2544,16.1538
1197.4068,15.2427
1197.5592,13.8193
1197.7116,12.1098
1197.864,11.1647
1198.0164,10.9543
1198.1688,11.5156
1198.3212,12.3482
1198.4736,12.0815
1198.626,12.6252
1198.7784,13.3905
1198.9308,14.9417
1199.0832,15.2452
1199.2356,15.4174
1199.388,15.0593
1199.5404,14.5824
1199.6928,14.1001
1199.8452,13.7126
1199.9976,13.5358
1200.15,13.4516
1200.3024,12.8378
1200.4548,12.2908
1200.6072,11.5324
1200.7596,11.4359
1200.912,11.6668
1201.0644,12.5108
1201.2168,13.6861
1201.3692,15.0641
1201.5216,15.1492
1201.674,13.9302
1201.8264,11.9445
1201.9788,10.3118
1202.1312,9.7354
1202.2836,10.2924
1202.436,11.5472
1202.5884,12.2256
1202.7408,12.562
1202.8932,12.8521
1203.0456,13.3418
1203.198,13.5273
1203.3504,12.5511
1203.5028,11.5576
1203.6552,10.6561
1203.8076,10.4341
1203.96,12.1033
1204.1124,13.8475
1204.2648,14.5776
1204.4172,13.5837
1204.5696,11.7863
1204.722,11.0813
1204.8744,11.7905
1205.0268,12.374
1205.1792,12.1517
1205.3316,11.6963
1205.484,11.5074
1205.6364,11.2971
1205.7888,10.5835
1205.9412,9.6062
1206.0936,9.8527
1206.246,11.9002
1206.3984,13.7309
1206.5508,14.0851
1206.7032,12.9982
1206.8556,12.0995
1207.008,13.0662
1207.1604,15.3459
1207.3128,16.627
1207.4652,15.2505
1207.6176,14.1743
1207.77,14.1185
1207.9224,14.0993
1208.0748,12.9229
1208.2272,11.9895
1208.3796,11.0026
1208.532,10.1899
1208.6844,10.6327
1208.8368,11.2034
1208.9892,11.5722
1209.1416,11.9735
1209.294,12.1811
1209.4464,12.2155
1209.5988,11.9159
1209.7512,10.9272
1209.9036,10.1736
1210.056,10.1424
1210.2084,10.8318
1210.3608,11.7626
1210.5132,12.4587
1210.6656,12.0254
1210.818,11.2179
1210.9704,11.4811
1211.1228,11.9712
1211.2752,11.7366
1211.4276,11.136
1211.58,11.3246
1211.7324,12.3333
1211.8848,12.8497
1212.0372,13.3549
1212.1896,14.1532
1212.342,14.8301
1212.4944,14.759
1212.6468,13.585
1212.7992,12.4336
1212.9516,11.1689
1213.104,10.6645
1213.2564,11.6203
1213.4088,12.6791
1213.5612,12.1281
1213.7136,10.9423
1213.866,9.7085
1214.0184,9.4777
1214.1708,9.5153
1214.3232,8.5399
1214.4756,8.307
1214.628,8.7517
1214.7804,9.3192
1214.9328,9.5273
1215.0852,8.5893
1215.2376,7.494
1215.39,8.3319
1215.5424,9.5532
1215.6948,9.7383
1215.8472,8.877
1215.9996,8.606
1216.152,8.9294
1216.3044,9.6059
1216.4568,10.0988
1216.6092,10.2442
1216.7616,10.9668
1216.914,11.0789
1217.0664,10.4759
1217.2188,9.7842
1217.3712,9.4837
1217.5236,9.5671
1217.676,9.6331
1217.8284,9.3768
1217.9808,8.7116
1218.1332,8.2309
1218.2856,8.5876
1218.438,9.5691
1218.5904,10.5355
1218.7428,10.6528
1218.8952,10.3484
1219.0476,9.9917
1219.2,10.3472
1219.3524,11.5007
1219.5048,12.9334
1219.6572,12.9597
1219.8096,11.9398
1219.962,10.7712
1220.1144,10.4825
1220.2668,10.9462
1220.4192,11.4494
1220.5716,11.9695
1220.724,12.3413
1220.8764,12.1013
1221.0288,11.4725
1221.1812,11.3626
1221.3336,12.6676
1221.486,14.461
1221.6384,14.9722
1221.7908,14.0604
1221.9432,12.6345
1222.0956,11.4734
1222.248,10.874
1222.4004,10.5566
1222.5528,10.2821
1222.7052,10.0079
1222.8576,9.7124
1223.01,9.8431
1223.1624,10.7852
1223.3148,11.0634
1223.4672,11.0587
1223.6196,11.3903
1223.772,12.5548
1223.9244,12.5928
1224.0768,11.5215
1224.2292,11.3888
1224.3816,11.2194
1224.534,11.4495
1224.6864,11.9162
1224.8388,11.4428
1224.9912,10.6457
1225.1436,10.638
1225.296,11.464
1225.4484,11.964
1225.6008,10.9517
1225.7532,8.408
1225.9056,7.2205
1226.058,7.7082
1226.2104,8.7175
1226.3628,8.7213
1226.5152,8.0342
1226.6676,8.0617
1226.82,9.6945
1226.9724,11.596
1227.1248,11.8287
1227.2772,10.4584
1227.4296,9.5143
1227.582,10.4356
1227.7344,11.3401
1227.8868,10.6975
1228.0392,9.9099
1228.1916,10.6301
1228.344,11.5821
1228.4964,11.9785
1228.6488,11.2983
1228.8012,10.6301
1228.9536,11.1605
1229.106,11.9357
1229.2584,12.5463
1229.4108,11.9073
1229.5632,10.9929
1229.7156,11.5072
1229.868,12.71
1230.0204,12.5817
1230.1728,11.6455
1230.3252,11.0694
1230.4776,10.3908
1230.63,10.1845
1230.7824,10.3641
1230.9348,11.3103
1231.0872,12.862
1231.2396,15.3102
1231.392,17.1469
1231.5444,17.1718
1231.6968,15.6543
1231.8492,13.7976
1232.0016,12.896
1232.154,14.0878
1232.3064,14.6669
1232.4588,14.9048
1232.6112,15.2852
1232.7636,16.0214
1232.916,18.4814
1233.0684,20.4613
1233.2208,20.7418
1233.3732,19.5742
1233.5256,17.6569
1233.678,16.0767
1233.8304,15.1435
1233.9828,14.5812
1234.1352,13.954
1234.2876,13.4756
1234.44,12.8221
1234.5924,12.9366
1234.7448,14.0318
1234.8972,14.0398
1235.0496,13.3398
1235.202,11.0946
1235.3544,9.8828
1235.5068,8.5948
1235.6592,8.4802
1235.8116,8.6836
1235.964,8.9418
1236.1164,9.0077
1236.2688,9.3996
1236.4212,11.0286
1236.5736,12.6747
1236.726,12.4562
1236.8784,11.0878
1237.0308,10.0625
1237.1832,10.2362
1237.3356,10.4411
1237.488,10.8177
1237.6404,11.7071
1237.7928,12.5652
1237.9452,12.7464
1238.0976,12.5246
1238.25,12.3552
1238.4024,12.3958
1238.5548,13.0001
1238.7072,13.471
1238.8596,12.8862
1239.012,12.0971
1239.1644,12.4464
1239.3168,14.3397
1239.4692,15.6087
1239.6216,15.771
1239.774,14.0289
1239.9264,11.755
1240.0788,11.4624
1240.2312,12.0642
1240.3836,11.7846
1240.536,10.8843
1240.6884,11.0389
1240.8408,12.6389
1240.9932,13.547
1241.1456,13.737
1241.298,12.9381
1241.4504,12.3647
1241.6028,12.1368
1241.7552,12.2736
1241.9076,12.5931
1242.06,12.9468
1242.2124,13.6663
1242.3648,14.1374
1242.5172,13.8579
1242.6696,13.4918
1242.822,13.0464
1242.9744,12.9191
1243.1268,13.1497
1243.2792,13.6235
1243.4316,14.3404
1243.584,14.9625
1243.7364,15.0732
1243.8888,13.9451
1244.0412,12.7183
1244.1936,12.0589
1244.346,12.6759
1244.4984,13.5842
1244.6508,13.5483
1244.8032,12.9653
1244.9556,12.3101
1245.108,11.916
1245.2604,11.536
1245.4128,11.1297
1245.5652,11.9989
1245.7176,13.5299
1245.87,13.8412
1246.0224,13.6764
1246.1748,12.9655
1246.3272,12.1385
1246.4796,11.7768
1246.632,11.7518
1246.7844,11.9103
1246.9368,12.2587
1247.0892,12.5205
1247.2416,12.5753
1247.394,11.8648
1247.5464,11.4278
1247.6988,12.6083
1247.8512,14.0683
1248.0036,14.5561
1248.156,15.0359
1248.3084,16.4834
1248.4608,17.1776
1248.6132,16.3111
1248.7656,14.7575
1248.918,14.1117
1249.0704,12.6869
1249.2228,10.9359
1249.3752,9.8457
1249.5276,10.2753
1249.68,11.775
1249.8324,12.6999
1249.9848,12.8508
1250.1372,12.3715
1250.2896,11.9305
1250.442,13.0624
1250.5944,15.1775
1250.7468,15.6293
1250.8992,15.7144
1251.0516,16.4252
1251.204,18.1422
1251.3564,19.3023
1251.5088,18.7218
1251.6612,18.0918
1251.8136,17.4718
1251.966,17.1427
1252.1184,16.7208
1252.2708,15.7204
1252.4232,14.2305
1252.5756,12.8428
1252.728,12.202
1252.8804,12.9781
1253.0328,14.2843
1253.1852,15.012
1253.3376,14.8406
1253.49,14.0261
1253.6424,13.1712
1253.7948,12.4951
1253.9472,11.8852
1254.0996,11.5869
1254.252,12.2269
1254.4044,11.9109
1254.5568,11.7559
1254.7092,12.5478
1254.8616,13.9843
1255.014,15.065
1255.1664,15.5389
1255.3188,15.533
1255.4712,15.6017
1255.6236,16.1384
1255.776,16.7128
1255.9284,16.3835
1256.0808,15.3655
1256.2332,13.8079
1256.3856,12.2434
1256.538,11.5122
1256.6904,11.3802
1256.8428,12.0185
1256.9952,13.6273
1257.1476,14.9769
1257.3,14.8884
1257.4524,14.0129
1257.6048,13.0266
1257.7572,11.9212
1257.9096,11.1052
1258.062,12.1963
1258.2144,14.1831
1258.3668,14.1798
1258.5192,13.1583
1258.6716,11.9642
1258.824,10.9888
1258.9764,10.3634
1259.1288,10.0084
1259.2812,10.276
1259.4336,10.3299
1259.586,10.3959
1259.7384,10.2886
1259.8908,9.9791
1260.0432,9.3866
1260.1956,9.1488
1260.348,8.9847
1260.5004,9.5456
1260.6528,10.3986
1260.8052,12.4208
1260.9576,14.5686
1261.11,15.3632
1261.2624,14.2257
1261.4148,12.1385
1261.5672,11.9265
1261.7196,11.3315
1261.872,10.7038
1262.0244,10.4403
1262.1768,11.0862
1262.3292,11.9106
1262.4816,12.5153
1262.634,12.7514
1262.7864,12.4941
1262.9388,11.9657
1263.0912,11.692
1263.2436,11.3317
1263.396,11.5141
1263.5484,13.0891
1263.7008,14.2081
1263.8532,14.4559
1264.0056,14.1081
1264.158,14.0231
1264.3104,13.9466
1264.4628,13.4775
1264.6152,12.4641
1264.7676,12.0008
1264.92,11.7179
1265.0724,11.8309
1265.2248,12.1676
1265.3772,12.4806
1265.5296,12.5937
1265.682,11.9572
1265.8344,11.3042
1265.9868,10.7917
1266.1392,10.7587
1266.2916,11.2809
1266.444,12.3095
1266.5964,12.9379
1266.7488,13.2865
1266.9012,12.909
1267.0536,11.9801
1267.206,11.3733
1267.3584,12.2285
1267.5108,15.4484
1267.6632,17.7746
1267.8156,17.6684
1267.968,16.2398
1268.1204,14.6385
1268.2728,13.2209
1268.4252,12.2298
1268.5776,11.8594
1268.73,11.3676
1268.8824,10.8303
1269.0348,10.1584
1269.1872,9.8746
1269.3396,10.8244
1269.492,12.1586
1269.6444,13.5887
1269.7968,14.6957
1269.9492,15.7695
1270.1016,16.1781
1270.254,16.3773
1270.4064,16.6785
1270.5588,17.2172
1270.7112,17.1832
1270.8636,16.5757
1271.016,15.5453
1271.1684,14.127
1271.3208,13.2353
1271.4732,11.4578
1271.6256,9.8203
1271.778,8.8293
1271.9304,8.9771
1272.0828,9.3306
1272.2352,9.7068
1272.3876,9.7052
1272.54,9.3606
1272.6924,9.1389
1272.8448,10.1021
1272.9972,10.6513
1273.1496,10.6535
1273.302,10.6003
1273.4544,11.2588
1273.6068,12.7081
1273.7592,13.2639
1273.9116,12.204
1274.064,10.2876
1274.2164,9.4477
1274.3688,9.4102
1274.5212,9.2134
1274.6736,8.5013
1274.826,7.6553
1274.9784,8.4454
1275.1308,9.1286
1275.2832,9.0711
1275.4356,9.1905
1275.588,8.694
1275.7404,10.3268
1275.8928,11.375
1276.0452,11.6421
1276.1976,10.7342
1276.35,9.2981
1276.5024,8.1613
1276.6548,7.6285
1276.8072,7.1291
1276.9596,7.8991
1277.112,9.867
1277.2644,11.3777
1277.4168,11.0729
1277.5692,9.7971
1277.7216,9.0033
1277.874,9.4228
1278.0264,9.8962
1278.1788,9.6531
1278.3312,9.3491
1278.4836,10.307
1278.636,10.4908
1278.7884,10.1833
1278.9408,10.0446
1279.0932,10.3962
1279.2456,10.6988
1279.398,10.5342
1279.5504,9.9068
1279.7028,8.6699
1279.8552,8.6024
1280.0076,10.3961
1280.16,10.8596
1280.3124,10.4445
1280.4648,9.7179
1280.6172,9.4105
1280.7696,9.6411
1280.922,9.2688
1281.0744,8.2242
1281.2268,7.855
1281.3792,8.415
1281.5316,8.8418
1281.684,8.88
1281.8364,8.762
1281.9888,9.2173
1282.1412,10.339
1282.2936,11.5612
1282.446,11.8497
1282.5984,11.4838
1282.7508,10.5023
1282.9032,9.865
1283.0556,9.7155
1283.208,9.6838
1283.3604,9.9162
1283.5128,9.8646
1283.6652,9.7444
1283.8176,10.6361
1283.97,11.7118
1284.1224,11.9332
1284.2748,11.3253
1284.4272,11.129
1284.5796,10.8442
1284.732,10.2419
1284.8844,8.7523
1285.0368,8.1201
1285.1892,7.8846
1285.3416,8.6425
1285.494,10.1554
1285.6464,11.1452
1285.7988,11.8379
1285.9512,12.05
1286.1036,11.5788
1286.256,10.2931
1286.4084,9.366
1286.5608,9.9315
1286.7132,10.9225
1286.8656,10.6727
1287.018,10.1848
1287.1704,10.2354
1287.3228,10.5265
1287.4752,10.5687
1287.6276,10.6215
1287.78,9.9887
1287.9324,9.1397
1288.0848,8.8774
1288.2372,9.1107
1288.3896,9.045
1288.542,8.5604
1288.6944,8.5922
1288.8468,9.3095
1288.9992,10.4796
1289.1516,10.3241
1289.304,9.8537
1289.4564,8.6764
1289.6088,7.2118
1289.7612,6.4639
1289.9136,5.9554
1290.066,6.2536
1290.2184,6.9612
1290.3708,7.4889
1290.5232,8.2923
1290.6756,9.1263
1290.828,9.2211
1290.9804,8.5128
1291.1328,7.7464
1291.2852,7.7792
1291.4376,8.3873
1291.59,8.8923
1291.7424,8.6307
1291.8948,7.6289
1292.0472,6.7857
1292.1996,6.3561
1292.352,6.4221
1292.5044,6.9079
1292.6568,7.7855
1292.8092,9.2899
1292.9616,9.5805
1293.114,8.8676
1293.2664,7.6654
1293.4188,6.6616
1293.5712,6.1645
1293.7236,5.77
1293.876,5.5293
1294.0284,5.407
1294.1808,5.3829
1294.3332,5.4478
1294.4856,5.5815
1294.638,5.7688
1294.7904,6.8901
1294.9428,7.2385
1295.0952,7.4221
1295.2476,7.7984
1295.4,8.5695
1295.5524,8.9447
1295.7048,8.9567
1295.8572,8.8817
1296.0096,8.8769
1296.162,8.8911
1296.3144,9.0561
1296.4668,9.1336
1296.6192,9.2116
1296.7716,9.3245
1296.924,9.3906
1297.0764,9.4493
1297.2288,9.642
1297.3812,10.6394
1297.5336,10.9252
1297.686,10.7217
1297.8384,10.4376
1297.9908,10.136
1298.1432,10.4823
1298.2956,11.2983
1298.448,11.993
1298.6004,12.0931
1298.7528,11.8356
1298.9052,11.3259
1299.0576,11.2323
1299.21,11.3678
1299.3624,11.7242
1299.5148,12.0295
1299.6672,12.2728
1299.8196,12.4094
1299.972,12.3812
1300.1244,11.702
1300.2768,10.5093
1300.4292,8.8804
1300.5816,7.9365
1300.734,7.3936
1300.8864,7.2479
1301.0388,7.3368
1301.1912,8.5549
1301.3436,10.5882
1301.496,11.1587
1301.6484,9.8621
1301.8008,7.4859
1301.9532,6.6846
1302.1056,7.3997
1302.258,8.5571
1302.4104,7.9088
1302.5628,6.359
1302.7152,6.1805
1302.8676,8.0483
1303.02,9.411
1303.1724,10.0593
1303.3248,10.0921
1303.4772,9.8609
1303.6296,9.4333
1303.782,9.0587
1303.9344,8.7118
1304.0868,8.2952
1304.2392,8.1588
1304.3916,8.385
1304.544,8.4323
1304.6964,8.388
1304.8488,8.4228
1305.0012,8.4883
1305.1536,8.3728
1305.306,8.1737
1305.4584,8.1222
1305.6108,8.1647
1305.7632,8.113
1305.9156,7.8731
1306.068,7.798
1306.2204,7.6758
1306.3728,7.4358
1306.5252,7.6523
1306.6776,8.5663
1306.83,9.1634
1306.9824,8.6985
1307.1348,8.0508
1307.2872,7.9493
1307.4396,8.3389
1307.592,8.1239
1307.7444,7.3068
1307.8968,7.0084
1308.0492,7.5371
1308.2016,8.5602
1308.354,9.5175
1308.5064,9.2225
1308.6588,8.7265
1308.8112,8.0735
1308.9636,7.8991
1309.116,7.7769
1309.2684,7.9303
1309.4208,8.7462
1309.5732,10.1146
1309.7256,11.7218
1309.878,12.5304
1310.0304,12.2021
1310.1828,11.1651
1310.3352,9.9028
1310.4876,8.8952
1310.64,7.7812
1310.7924,7.1437
1310.9448,7.4594
1311.0972,8.6082
1311.2496,9.9363
1311.402,9.9669
1311.5544,9.4194
1311.7068,8.71
1311.8592,8.2178
1312.0116,7.8265
1312.164,8.8446
1312.3164,10.6812
1312.4688,11.6055
1312.6212,10.5101
1312.7736,8.995
1312.926,8.6975
1313.0784,9.971
1313.2308,11.8875
1313.3832,12.3778
1313.5356,11.9523
1313.688,10.9269
1313.8404,9.988
1313.9928,9.0841
1314.1452,8.6463
1314.2976,8.7931
1314.45,9.0751
1314.6024,9.2655
1314.7548,9.0075
1314.9072,8.697
1315.0596,8.2438
1315.212,8.0257
1315.3644,7.942
1315.5168,8.0588
1315.6692,8.7806
1315.8216,9.2787
1315.974,9.0774
1316.1264,8.6267
1316.2788,9.2124
1316.4312,10.3833
1316.5836,11.3025
1316.736,11.3025
1316.8884,10.568
1317.0408,9.9659
1317.1932,9.8685
1317.3456,8.2148
1317.498,7.6563
1317.6504,7.6705
1317.8028,8.7415
1317.9552,9.4642
1318.1076,9.2645
1318.26,8.2577
1318.4124,8.8794
1318.5648,10.0491
1318.7172,10.2593
1318.8696,9.7778
1319.022,9.1268
1319.1744,8.3524
1319.3268,7.6488
1319.4792,7.2595
1319.6316,7.5538
1319.784,8.4517
1319.9364,9.8284
1320.0888,10.7215
1320.2412,10.8248
1320.3936,10.1761
1320.546,9.7821
1320.6984,9.9109
1320.8508,9.3237
1321.0032,7.7561
1321.1556,6.8134
1321.308,7.5557
1321.4604,7.0728
1321.6128,6.4268
1321.7652,5.8851
1321.9176,6.3969
1322.07,6.465
1322.2224,6.6543
1322.3748,7.8748
1322.5272,9.9533
1322.6796,11.3578
1322.832,11.8613
1322.9844,12.2917
1323.1368,11.8402
1323.2892,10.9784
1323.4416,10.2971
1323.594,10.2915
1323.7464,10.0891
1323.8988,9.4404
1324.0512,8.574
1324.2036,7.6775
1324.356,6.7462
1324.5084,6.9987
1324.6608,8.006
1324.8132,9.0267
1324.9656,9.7649
1325.118,9.7287
1325.2704,9.2386
1325.4228,8.3414
1325.5752,8.3288
1325.7276,9.4429
1325.88,10.6749
1326.0324,10.9167
1326.1848,9.7563
1326.3372,8.8395
1326.4896,9.0827
1326.642,9.8189
1326.7944,9.3134
1326.9468,9.5993
1327.0992,10.1797
1327.2516,10.3272
1327.404,9.5521
1327.5564,9.0127
1327.7088,9.5613
1327.8612,11.182
1328.0136,13.0227
1328.166,12.6892
1328.3184,10.7584
1328.4708,9.4968
1328.6232,8.6472
1328.7756,8.1523
1328.928,9.3369
1329.0804,10.5004
1329.2328,11.1569
1329.3852,11.2907
1329.5376,11.0014
1329.69,9.0473
1329.8424,7.8318
1329.9948,7.2926
1330.1472,8.1727
1330.2996,9.2639
1330.452,9.4642
1330.6044,8.4497
1330.7568,8.0199
1330.9092,7.7361
1331.0616,8.3251
1331.214,10.4213
1331.3664,10.7542
1331.5188,9.5619
1331.6712,8.7515
1331.8236,9.4589
1331.976,10.6701
1332.1284,10.952
1332.2808,10.4736
1332.4332,10.6566
1332.5856,10.88
1332.738,10.6267
1332.8904,9.9013
1333.0428,9.0264
1333.1952,9.4132
1333.3476,9.6187
1333.5,8.8928
1333.6524,8.078
1333.8048,8.5572
1333.9572,8.5447
1334.1096,8.6311
1334.262,9.0964
1334.4144,10.5649
1334.5668,11.283
1334.7192,11.3727
1334.8716,11.1358
1335.024,12.6562
1335.1764,13.1013
1335.3288,11.9852
1335.4812,11.8744
1335.6336,12.9964
1335.786,15.8764
1335.9384,20.2001
1336.0908,24.6326
1336.2432,25.1594
1336.3956,23.9157
1336.548,23.4683
1336.7004,23.9337
1336.8528,22.8661
1337.0052,20.9959
1337.1576,18.7623
1337.31,15.4495
1337.4624,13.6675
1337.6148,13.4896
1337.7672,12.9582
1337.9196,11.1606
1338.072,9.5455
1338.2244,7.7952
1338.3768,7.0331
1338.5292,6.6306
1338.6816,6.6272
1338.834,6.869
1338.9864,7.0531
1339.1388,7.9093
1339.2912,8.8804
1339.4436,8.7252
1339.596,8.6375
1339.7484,8.1663
1339.9008,8.4478
1340.0532,9.4174
1340.2056,8.8114
1340.358,7.8212
1340.5104,7.3543
1340.6628,7.9677
1340.8152,10.197
1340.9676,11.8734
1341.12,12.9855
1341.2724,13.5233
1341.4248,13.2901
1341.5772,12.7435
1341.7296,11.5897
1341.882,10.2314
1342.0344,9.0354
1342.1868,7.8553
1342.3392,6.3644
1342.4916,5.8311
1342.644,6.7955
1342.7964,7.6581
1342.9488,7.9959
1343.1012,8.0212
1343.2536,8.294
1343.406,8.7094
1343.5584,9.1477
1343.7108,9.4019
1343.8632,8.8405
1344.0156,8.1402
1344.168,8.6599
1344.3204,8.9931
1344.4728,7.9881
1344.6252,6.9527
1344.7776,6.4895
1344.93,6.8173
1345.0824,8.1245
1345.2348,10.0539
1345.3872,10.5477
1345.5396,10.5894
1345.692,10.4207
1345.8444,9.6807
1345.9968,8.2856
1346.1492,7.209
1346.3016,6.8375
1346.454,7.0664
1346.6064,8.0742
1346.7588,8.583
1346.9112,8.4935
1347.0636,8.3752
1347.216,8.3395
1347.3684,8.9762
1347.5208,9.9073
1347.6732,10.2864
1347.8256,10.0983
1347.978,8.5818
1348.1304,8.7838
1348.2828,9.2364
1348.4352,7.8798
1348.5876,7.2724
1348.74,7.9498
1348.8924,10.0417
1349.0448,11.5783
1349.1972,11.9868
1349.3496,11.3884
1349.502,11.1448
1349.6544,12.4364
1349.8068,13.3931
1349.9592,12.926
1350.1116,11.1173
1350.264,9.1114
1350.4164,7.1569
1350.5688,7.6395
1350.7212,8.8687
1350.8736,9.315
1351.026,8.9059
1351.1784,8.7782
1351.3308,9.4472
1351.4832,9.211
1351.6356,7.4274
1351.788,6.0313
1351.9404,5.7189
1352.0928,6.9411
1352.2452,8.3005
1352.3976,9.6062
1352.55,10.7817
1352.7024,11.4496
1352.8548,11.2027
1353.0072,10.3721
1353.1596,9.5353
1353.312,8.6626
1353.4644,8.0842
1353.6168,7.6991
1353.7692,7.3478
1353.9216,6.9879
1354.074,6.6274
1354.2264,6.7484
1354.3788,7.3862
1354.5312,8.5705
1354.6836,10.1057
1354.836,11.6284
1354.9884,11.1891
1355.1408,9.4242
1355.2932,7.057
1355.4456,6.462
1355.598,7.3165
1355.7504,8.0783
1355.9028,8.2856
1356.0552,7.2827
1356.2076,6.7462
1356.36,8.0642
1356.5124,9.846
1356.6648,11.4699
1356.8172,12.6987
1356.9696,11.9597
1357.122,10.3905
1357.2744,10.5816
1357.4268,10.9516
1357.5792,11.0422
1357.7316,10.3741
1357.884,9.5923
1358.0364,8.3756
1358.1888,7.3853
1358.3412,7.5456
1358.4936,7.7372
1358.646,7.7001
1358.7984,7.7658
1358.9508,8.4894
1359.1032,9.0677
1359.2556,9.116
1359.408,8.8896
1359.5604,8.1386
1359.7128,7.6664
1359.8652,7.5187
1360.0176,7.6784
1360.17,8.1827
1360.3224,7.8429
1360.4748,6.7167
1360.6272,6.0947
1360.7796,6.7508
1360.932,8.8025
1361.0844,9.5967
1361.2368,9.4458
1361.3892,9.2082
1361.5416,8.7526
1361.694,8.2823
1361.8464,8.0381
1361.9988,8.3831
1362.1512,9.4255
1362.3036,10.1823
1362.456,10.2745
1362.6084,9.5909
1362.7608,8.505
1362.9132,7.2529
1363.0656,7.9571
1363.218,9.2475
1363.3704,9.9614
1363.5228,8.4414
1363.6752,7.0428
1363.8276,6.2288
1363.98,6.5596
1364.1324,6.2794
1364.2848,6.7085
1364.4372,8.1338
1364.5896,9.5145
1364.742,10.6132
1364.8944,11.4503
1365.0468,11.9801
1365.1992,11.4288
1365.3516,10.4153
1365.504,8.6921
1365.6564,8.0184
1365.8088,8.6716
1365.9612,8.6838
1366.1136,7.8963
1366.266,6.8324
1366.4184,5.9679
1366.5708,6.2218
1366.7232,8.3782
1366.8756,9.4336
1367.028,9.3008
1367.1804,8.4007
1367.3328,7.7208
1367.4852,7.9175
1367.6376,9.2758
1367.79,10.0383
1367.9424,9.8998
1368.0948,9.8522
1368.2472,10.2535
1368.3996,11.0335
1368.552,11.3907
1368.7044,11.2626
1368.8568,9.9579
1369.0092,9.3402
1369.1616,9.66
1369.314,10.4093
1369.4664,10.3499
1369.6188,9.6706
1369.7712,9.6011
1369.9236,11.1961
1370.076,11.596
1370.2284,11.103
1370.3808,11.3441
1370.5332,12.6472
1370.6856,11.9534
1370.838,11.118
1370.9904,10.6569
1371.1428,10.9546
1371.2952,11.2797
1371.4476,11.2343
1371.6,10.5619
1371.7524,9.6956
1371.9048,8.8607
1372.0572,7.6433
1372.2096,7.5507
1372.362,8.8221
1372.5144,10.0452
1372.6668,9.1339
1372.8192,7.6217
1372.9716,7.2347
1373.124,7.5406
1373.2764,7.5723
1373.4288,7.4385
1373.5812,7.2123
1373.7336,6.5726
1373.886,5.5886
1374.0384,5.4105
1374.1908,5.6262
1374.3432,5.9182
1374.4956,6.8309
1374.648,8.9824
1374.8004,10.4476
1374.9528,11.4249
1375.1052,11.4308
1375.2576,10.1029
1375.41,7.8572
1375.5624,5.553
1375.7148,5.3712
1375.8672,6.1873
1376.0196,6.1149
1376.172,7.0964
1376.3244,9.0284
1376.4768,9.2263
1376.6292,8.3972
1376.7816,6.6622
1376.934,6.0117
1377.0864,6.5406
1377.2388,7.3575
1377.3912,8.0625
1377.5436,8.8684
1377.696,10.6253
1377.8484,10.3835
1378.0008,9.7969
1378.1532,9.3901
1378.3056,9.4221
1378.458,10.9172
1378.6104,13.0834
1378.7628,13.5348
1378.9152,13.1841
1379.0676,12.1823
1379.22,12.0909
1379.3724,11.9315
1379.5248,10.9461
1379.6772,10.0421
1379.8296,10.3258
1379.982,10.2602
1380.1344,9.4366
1380.2868,8.1705
1380.4392,7.4866
1380.5916,7.3762
1380.744,7.3749
1380.8964,8.1606
1381.0488,9.3402
1381.2012,9.8262
1381.3536,9.0358
1381.506,8.9579
1381.6584,9.2429
1381.8108,8.9721
1381.9632,7.6855
1382.1156,6.5113
1382.268,6.6652
1382.4204,8.5272
1382.5728,9.7122
1382.7252,9.7783
1382.8776,8.5194
1383.03,7.6192
1383.1824,7.6132
1383.3348,8.582
1383.4872,9.3041
1383.6396,8.8032
1383.792,8.2757
1383.9444,7.719
1384.0968,8.2104
1384.2492,9.76
1384.4016,11.2114
1384.554,11.7255
1384.7064,10.9525
1384.8588,9.002
1385.0112,8.9853
1385.1636,9.9832
1385.316,12.0348
1385.4684,13.1997
1385.6208,12.4649
1385.7732,11.7762
1385.9256,11.9435
1386.078,12.8012
1386.2304,12.4408
1386.3828,11.5321
1386.5352,9.8289
1386.6876,9.6337
1386.84,9.4678
1386.9924,8.4032
1387.1448,7.666
1387.2972,7.548
1387.4496,7.9773
1387.602,8.7671
1387.7544,10.2365
1387.9068,10.8059
1388.0592,10.5463
1388.2116,10.1537
1388.364,9.4657
1388.5164,8.9615
1388.6688,8.4356
1388.8212,9.2947
1388.9736,9.8023
1389.126,9.3443
1389.2784,8.189
1389.4308,8.7948
1389.5832,9.5528
1389.7356,8.8551
1389.888,8.0504
1390.0404,8.6482
1390.1928,8.8594
1390.3452,8.0263
1390.4976,8.2696
1390.65,8.8887
1390.8024,8.364
1390.9548,7.5298
1391.1072,7.6468
1391.2596,8.6221
1391.412,9.6136
1391.5644,9.7639
1391.7168,10.0409
1391.8692,10.7976
1392.0216,11.3912
1392.174,10.4259
1392.3264,9.7793
1392.4788,10.5816
1392.6312,11.2511
1392.7836,10.6298
1392.936,9.6172
1393.0884,9.1233
1393.2408,9.6129
1393.3932,10.595
1393.5456,12.3651
1393.698,13.4762
1393.8504,14.2276
1394.0028,14.0409
1394.1552,12.704
1394.3076,11.3944
1394.46,10.4029
1394.6124,10.1537
1394.7648,10.6382
1394.9172,12.3376
1395.0696,12.6746
1395.222,11.6276
1395.3744,10.7046
1395.5268,10.6955
1395.6792,10.5356
1395.8316,9.7434
1395.984,8.7524
1396.1364,8.9157
1396.2888,9.5382
1396.4412,10.0024
1396.5936,10.7628
1396.746,10.8145
1396.8984,10.6003
1397.0508,10.1979
1397.2032,9.8299
1397.3556,10.4192
1397.508,11.6367
1397.6604,13.1822
1397.8128,14.143
1397.9652,13.6921
1398.1176,12.8912
1398.27,12.7386
1398.4224,14.3022
1398.5748,15.0513
1398.7272,14.6727
1398.8796,13.2686
1399.032,12.4897
1399.1844,12.307
1399.3368,12.0448
1399.4892,12.0821
1399.6416,13.1435
1399.794,14.3553
1399.9464,13.9627
1400.0988,12.7699
1400.2512,11.5318
1400.4036,10.9612
1400.556,10.8303
1400.7084,11.3754
1400.8608,12.7514
1401.0132,13.067
1401.1656,12.3292
1401.318,10.9933
1401.4704,9.6079
1401.6228,8.7815
1401.7752,8.2424
1401.9276,8.6559
1402.08,9.5553
1402.2324,9.9419
1402.3848,9.3969
1402.5372,10.3142
1402.6896,10.5731
1402.842,10.2781
1402.9944,9.6561
1403.1468,9.6713
1403.2992,10.4864
1403.4516,10.0448
1403.604,9.4673
1403.7564,8.9508
1403.9088,8.4131
1404.0612,8.1615
1404.2136,8.5242
1404.366,9.5382
1404.5184,10.0798
1404.6708,10.0984
1404.8232,8.9683
1404.9756,8.1194
1405.128,7.9952
1405.2804,8.8189
1405.4328,9.1573
1405.5852,8.7467
1405.7376,8.8434
1405.89,9.5627
1406.0424,8.5862
1406.1948,6.936
1406.3472,5.8709
1406.4996,6.4658
1406.652,9.0219
1406.8044,9.6317
1406.9568,10.4594
1407.1092,10.9061
1407.2616,11.5573
1407.414,11.1471
1407.5664,10.2429
1407.7188,9.7444
1407.8712,9.8809
1408.0236,10.4524
1408.176,11.2311
1408.3284,11.6656
1408.4808,11.3067
1408.6332,10.7772
1408.7856,10.0803
1408.938,9.9878
1409.0904,10.4262
1409.2428,10.9269
1409.3952,11.8588
1409.5476,12.2779
1409.7,11.9717
1409.8524,10.8552
1410.0048,10.9743
1410.1572,11.1311
1410.3096,11.1926
1410.462,9.8245
1410.6144,8.7918
1410.7668,8.5998
1410.9192,9.1194
1411.0716,10.1983
1411.224,11.858
1411.3764,12.732
1411.5288,12.6061
1411.6812,12.0794
1411.8336,11.6659
1411.986,11.5861
1412.1384,11.6559
1412.2908,11.6332
1412.4432,11.6568
1412.5956,11.714
1412.748,11.7756
1412.9004,11.8458
1413.0528,11.5175
1413.2052,10.6617
1413.3576,9.665
1413.51,8.7739
1413.6624,9.3411
1413.8148,9.9691
1413.9672,10.4564
1414.1196,10.264
1414.272,9.5033
1414.4244,8.7225
1414.5768,8.5768
1414.7292,9.1744
1414.8816,11.224
1415.034,12.8569
1415.1864,13.5124
1415.3388,12.7447
1415.4912,11.9399
1415.6436,11.9178
1415.796,12.3637
1415.9484,12.3279
1416.1008,11.6765
1416.2532,11.3981
1416.4056,11.7415
1416.558,12.9256
1416.7104,12.8572
1416.8628,12.2842
1417.0152,10.7841
1417.1676,9.7645
1417.32,10.2715
1417.4724,9.8758
1417.6248,8.8786
1417.7772,7.6609
1417.9296,7.8373
1418.082,9.1996
1418.2344,11.2737
1418.3868,13.3507
1418.5392,14.2683
1418.6916,14.3633
1418.844,13.5052
1418.9964,11.7356
1419.1488,10.4126
1419.3012,10.1666
1419.4536,10.7635
1419.606,11.216
1419.7584,11.135
1419.9108,10.6978
1420.0632,10.3918
1420.2156,10.1772
1420.368,10.0872
1420.5204,10.1542
1420.6728,10.5343
1420.8252,12.349
1420.9776,13.6221
1421.13,13.7847
1421.2824,12.9557
1421.4348,12.1447
1421.5872,13.1111
1421.7396,13.5647
1421.892,13.317
1422.0444,13.1406
1422.1968,13.4781
1422.3492,14.2802
1422.5016,14.6917
1422.654,14.5985
1422.8064,14.9277
1422.9588,15.2442
1423.1112,16.4111
1423.2636,18.1904
1423.416,18.3453
1423.5684,16.6204
1423.7208,14.2547
1423.8732,12.3206
1424.0256,11.3439
1424.178,10.6106
1424.3304,10.2739
1424.4828,11.0762
1424.6352,11.2607
1424.7876,11.1868
1424.94,11.0564
1425.0924,11.9572
1425.2448,11.9866
1425.3972,11.5817
1425.5496,10.4388
1425.702,9.6352
1425.8544,9.4269
1426.0068,9.4787
1426.1592,9.8656
1426.3116,10.8774
1426.464,13.1588
1426.6164,14.5099
1426.7688,14.8347
1426.9212,15.3139
1427.0736,17.0134
1427.226,17.7743
1427.3784,16.7129
1427.5308,14.6385
1427.6832,13.0816
1427.8356,13.9584
1427.988,14.9289
1428.1404,14.5354
1428.2928,14.2555
1428.4452,15.2642
1428.5976,15.47
1428.75,14.7923
1428.9024,13.4298
1429.0548,12.6971
1429.2072,14.4004
1429.3596,15.2265
1429.512,15.0158
1429.6644,13.8472
1429.8168,13.4949
1429.9692,14.0954
1430.1216,14.5256
1430.274,14.4928
1430.4264,14.2663
1430.5788,13.8592
1430.7312,13.5738
1430.8836,13.2549
1431.036,13.0252
1431.1884,13.5452
1431.3408,14.7632
1431.4932,14.7966
1431.6456,12.8025
1431.798,10.97
1431.9504,9.405
1432.1028,9.8397
1432.2552,8.9931
1432.4076,7.9362
1432.56,8.0178
1432.7124,8.7924
1432.8648,8.4879
1433.0172,8.1592
1433.1696,8.407
1433.322,8.7511
1433.4744,10.245
1433.6268,11.52
1433.7792,13.309
1433.9316,13.9671
1434.084,13.295
1434.2364,10.2406
1434.3888,8.7373
1434.5412,8.1212
1434.6936,9.9192
1434.846,10.5291
1434.9984,10.7292
1435.1508,8.8595
1435.3032,8.6826
1435.4556,8.9873
1435.608,9.7434
1435.7604,9.2015
1435.9128,8.6203
1436.0652,9.03
1436.2176,7.9554
1436.37,6.806
1436.5224,7.0857
1436.6748,8.9575
1436.8272,12.2461
1436.9796,13.2079
1437.132,12.6278
1437.2844,12.5802
1437.4368,13.1432
1437.5892,13.497
1437.7416,12.1479
1437.894,11.8989
1438.0464,12.3579
1438.1988,14.1499
1438.3512,15.9176
1438.5036,16.9368
1438.656,17.3824
1438.8084,16.7937
1438.9608,16.1227
1439.1132,16.0066
1439.2656,16.5768
1439.418,15.3807
1439.5704,14.8387
1439.7228,15.0193
1439.8752,15.1908
1440.0276,15.2262
1440.18,14.9975
1440.3324,14.1676
1440.4848,12.3983
1440.6372,9.6994
1440.7896,9.0865
1440.942,9.6442
1441.0944,10.2976
1441.2468,11.1424
1441.3992,11.5932
1441.5516,11.0576
1441.704,10.7218
1441.8564,12.3206
1442.0088,14.0312
1442.1612,14.485
1442.3136,14.5333
1442.466,13.9446
1442.6184,13.2638
1442.7708,13.3576
1442.9232,13.6125
1443.0756,13.8393
1443.228,14.1751
1443.3804,14.6778
1443.5328,15.1196
1443.6852,16.1574
1443.8376,17.5333
1443.99,17.9743
1444.1424,16.7876
1444.2948,14.768
1444.4472,13.0236
1444.5996,12.6512
1444.752,14.6802
1444.9044,15.3108
1445.0568,15.3756
1445.2092,15.0447
1445.3616,13.9306
1445.514,12.6504
1445.6664,12.4613
1445.8188,12.6647
1445.9712,12.7712
1446.1236,12.192
1446.276,11.8104
1446.4284,12.554
1446.5808,13.7719
1446.7332,14.226
1446.8856,14.6997
1447.038,14.9971
1447.1904,15.8844
1447.3428,16.7568
1447.4952,16.7219
1447.6476,16.4195
1447.8,16.1834
1447.9524,15.8985
1448.1048,16.3224
1448.2572,15.4456
1448.4096,13.5081
1448.562,11.8852
1448.7144,12.147
1448.8668,13.055
1449.0192,12.6589
1449.1716,11.3206
1449.324,10.33
1449.4764,10.6001
1449.6288,11.9995
1449.7812,14.4197
1449.9336,16.6512
1450.086,17.711
1450.2384,17.4415
1450.3908,16.5358
1450.5432,15.5685
1450.6956,14.0906
1450.848,12.1378
1451.0004,11.408
1451.1528,11.3326
1451.3052,12.2608
1451.4576,12.6957
1451.61,12.9858
1451.7624,12.7346
1451.9148,12.5963
1452.0672,12.4036
1452.2196,13.62
1452.372,14.9981
1452.5244,15.42
1452.6768,15.2416
1452.8292,15.0302
1452.9816,14.635
1453.134,13.77
1453.2864,13.9109
1453.4388,14.6888
1453.5912,15.2186
1453.7436,14.3331
1453.896,13.2422
1454.0484,12.2052
1454.2008,11.7854
1454.3532,12.2303
1454.5056,12.4911
1454.658,11.7366
1454.8104,9.9402
1454.9628,8.7134
1455.1152,7.9768
1455.2676,8.7063
1455.42,9.8088
1455.5724,10.0226
1455.7248,10.3466
1455.8772,10.4173
1456.0296,10.8449
1456.182,11.7466
1456.3344,12.4609
1456.4868,12.0743
1456.6392,11.3543
1456.7916,10.8694
1456.944,11.3062
1457.0964,13.2264
1457.2488,14.2788
1457.4012,14.4615
1457.5536,14.7959
1457.706,16.4584
1457.8584,19.7312
1458.0108,20.0894
1458.1632,17.7698
1458.3156,15.2635
1458.468,13.753
1458.6204,12.9405
1458.7728,12.7746
1458.9252,13.0514
1459.0776,13.596
1459.23,13.4996
1459.3824,12.1294
1459.5348,12.1164
1459.6872,12.9208
1459.8396,14.1252
1459.992,14.4477
1460.1444,13.9826
1460.2968,13.8073
1460.4492,14.1154
1460.6016,13.5883
1460.754,12.3482
1460.9064,12.5212
1461.0588,13.5222
1461.2112,14.8171
1461.3636,16.0855
1461.516,16.5862
1461.6684,15.5742
1461.8208,14.7315
1461.9732,14.3503
1462.1256,14.032
1462.278,13.5845
1462.4304,13.4815
1462.5828,14.2607
1462.7352,15.3622
1462.8876,15.2684
1463.04,15.1911
1463.1924,15.7893
1463.3448,15.9472
1463.4972,15.6854
1463.6496,15.5729
1463.802,16.5834
1463.9544,16.339
1464.1068,15.691
1464.2592,16.5492
1464.4116,17.0437
1464.564,16.3197
1464.7164,14.6613
1464.8688,14.984
1465.0212,15.2679
1465.1736,15.2798
1465.326,14.2404
1465.4784,13.1778
1465.6308,13.6583
1465.7832,15.4087
1465.9356,16.2523
1466.088,15.3021
1466.2404,13.5591
1466.3928,13.4156
1466.5452,14.9404
1466.6976,15.3169
1466.85,15.0945
1467.0024,15.0697
1467.1548,14.9906
1467.3072,13.9938
1467.4596,12.8369
1467.612,13.0754
1467.7644,14.7984
1467.9168,15.2174
1468.0692,14.8567
1468.2216,14.1523
1468.374,12.9853
1468.5264,12.5198
1468.6788,12.2361
1468.8312,13.0905
1468.9836,14.343
1469.136,14.9827
1469.2884,14.6485
1469.4408,13.7559
1469.5932,13.1439
1469.7456,13.4113
1469.898,14.7345
1470.0504,14.6481
1470.2028,13.6456
1470.3552,13.0296
1470.5076,14.4345
1470.66,16.6736
1470.8124,17.4399
1470.9648,16.8919
1471.1172,15.0186
1471.2696,13.9336
1471.422,15.1991
1471.5744,15.4847
1471.7268,15.1521
1471.8792,15.1762
1472.0316,15.9596
1472.184,17.6707
1472.3364,17.7135
1472.4888,16.5856
1472.6412,14.6839
1472.7936,13.1848
1472.946,13.3567
1473.0984,14.2793
1473.2508,15.9145
1473.4032,17.4081
1473.5556,17.9973
1473.708,16.9571
1473.8604,15.3668
1474.0128,13.9145
1474.1652,14.206
1474.3176,15.0522
1474.47,15.4674
1474.6224,14.4075
1474.7748,14.3356
1474.9272,15.3614
1475.0796,17.0005
1475.232,17.0612
1475.3844,16.8803
1475.5368,16.3485
1475.6892,15.2533
1475.8416,13.8333
1475.994,12.4213
1476.1464,11.3984
1476.2988,11.0081
1476.4512,11.1384
1476.6036,12.7925
1476.756,15.0457
1476.9084,15.9539
1477.0608,15.7905
1477.2132,15.134
1477.3656,14.1872
1477.518,13.9338
1477.6704,14.5666
1477.8228,14.7992
1477.9752,13.9075
1478.1276,12.9395
1478.28,13.0945
1478.4324,15.3334
1478.5848,17.7484
1478.7372,18.5109
1478.8896,18.2147
1479.042,16.5564
1479.1944,15.3014
1479.3468,15.3152
1479.4992,14.6146
1479.6516,12.6902
1479.804,12.1884
1479.9564,12.8365
1480.1088,14.139
1480.2612,14.5431
1480.4136,14.4497
1480.566,14.6781
1480.7184,15.2116
1480.8708,14.9434
1481.0232,14.5645
1481.1756,12.8967
1481.328,11.6903
1481.4804,11.087
1481.6328,11.5265
1481.7852,12.5417
1481.9376,14.229
1482.09,15.8347
1482.2424,17.207
1482.3948,17.5259
1482.5472,16.9777
1482.6996,15.8367
1482.852,14.702
1483.0044,13.9218
1483.1568,13.9804
1483.3092,14.1995
1483.4616,14.6304
1483.614,15.1978
1483.7664,16.2438
1483.9188,17.1946
1484.0712,17.3211
1484.2236,16.9297
1484.376,16.6829
1484.5284,17.8608
1484.6808,19.1089
1484.8332,19.1059
1484.9856,17.9497
1485.138,15.6187
1485.2904,14.1484
1485.4428,13.8911
1485.5952,15.5061
1485.7476,16.8261
1485.9,16.4516
1486.0524,15.4831
1486.2048,15.1276
1486.3572,16.7827
1486.5096,19.0969
1486.662,19.4487
1486.8144,20.3367
1486.9668,22.3724
1487.1192,22.3443
1487.2716,20.9054
1487.424,18.5745
1487.5764,17.4375
1487.7288,16.6858
1487.8812,15.9741
1488.0336,16.2641
1488.186,17.1329
1488.3384,16.6306
1488.4908,16.2389
1488.6432,16.4502
1488.7956,16.9906
1488.948,17.6618
1489.1004,17.5101
1489.2528,17.0224
1489.4052,15.9485
1489.5576,13.2708
1489.71,12.4459
1489.8624,12.742
1490.0148,12.11
1490.1672,12.7441
1490.3196,13.9251
1490.472,16.4569
1490.6244,19.2013
1490.7768,21.3688
1490.9292,22.4218
1491.0816,20.4824
1491.234,17.9367
1491.3864,17.0012
1491.5388,17.4704
1491.6912,17.0393
1491.8436,15.2793
1491.996,14.2698
1492.1484,15.1272
1492.3008,15.9077
1492.4532,15.4916
1492.6056,15.7288
1492.758,16.343
1492.9104,17.1356
1493.0628,18.04
1493.2152,19.1077
1493.3676,19.5625
1493.52,17.5492
1493.6724,15.3224
1493.8248,14.339
1493.9772,14.5227
1494.1296,16.5096
1494.282,17.6286
1494.4344,17.2205
1494.5868,16.5908
1494.7392,17.0372
1494.8916,18.2467
1495.044,19.5523
1495.1964,19.5927
1495.3488,19.5282
1495.5012,19.3306
1495.6536,18.7905
1495.806,17.7101
1495.9584,16.5894
1496.1108,16.1157
1496.2632,16.4741
1496.4156,16.6833
1496.568,16.1157
1496.7204,14.7716
1496.8728,12.947
1497.0252,13.5088
1497.1776,15.7774
1497.33,18.8948
1497.4824,19.8979
1497.6348,19.1895
1497.7872,18.2545
1497.9396,18.4349
1498.092,19.8754
1498.2444,20.1823
1498.3968,19.3838
1498.5492,17.9326
1498.7016,17.8345
1498.854,19.1513
1499.0064,19.5482
1499.1588,18.5453
1499.3112,18.5626
1499.4636,20.3662
1499.616,21.2732
1499.7684,19.7053
1499.9208,17.0135
1500.0732,15.599
1500.2256,16.3374
1500.378,18.1639
1500.5304,19.097
1500.6828,17.0792
1500.8352,14.3291
1500.9876,11.6171
1501.14,11.2807
1501.2924,12.7878
1501.4448,15.7175
1501.5972,17.3856
1501.7496,17.2445
1501.902,16.3544
1502.0544,16.014
1502.2068,17.3586
1502.3592,19.0653
1502.5116,19.4447
1502.664,19.4505
1502.8164,20.2208
1502.9688,22.3897
1503.1212,23.8227
1503.2736,22.908
1503.426,18.3507
1503.5784,17.267
1503.7308,17.9388
1503.8832,18.5304
1504.0356,17.6477
1504.188,15.6215
1504.3404,14.6289
1504.4928,14.7208
1504.6452,16.103
1504.7976,17.3886
1504.95,17.0022
1505.1024,16.0111
1505.2548,17.0245
1505.4072,17.647
1505.5596,17.1926
1505.712,16.7639
1505.8644,16.8121
1506.0168,17.3923
1506.1692,18.2058
1506.3216,18.4583
1506.474,17.9965
1506.6264,17.1842
1506.7788,16.3651
1506.9312,16.4577
1507.0836,17.4552
1507.236,17.8807
1507.3884,18.0928
1507.5408,19.206
1507.6932,21.1351
1507.8456,22.8194
1507.998,23.2476
1508.1504,22.6078
1508.3028,21.2519
1508.4552,18.5506
1508.6076,16.0902
1508.76,13.7775
1508.9124,12.8107
1509.0648,13.7007
1509.2172,17.4621
1509.3696,20.8424
1509.522,23.1692
1509.6744,22.5467
1509.8268,18.4979
1509.9792,14.78
1510.1316,12.7083
1510.284,14.0107
1510.4364,16.5603
1510.5888,17.3479
1510.7412,16.9871
1510.8936,16.8573
1511.046,17.9921
1511.1984,18.679
1511.3508,18.0049
1511.5032,16.9822
1511.6556,16.6903
1511.808,18.3629
1511.9604,18.8771
1512.1128,17.3643
1512.2652,15.1257
1512.4176,15.178
1512.57,17.5341
1512.7224,18.5559
1512.8748,18.2811
1513.0272,18.0266
1513.1796,18.8563
1513.332,19.1931
1513.4844,18.58
1513.6368,17.1224
1513.7892,16.7457
1513.9416,16.9868
1514.094,16.3174
1514.2464,15.0506
1514.3988,14.7379
1514.5512,14.944
1514.7036,15.4787
1514.856,15.2464
1515.0084,15.5297
1515.1608,16.7799
1515.3132,16.5758
1515.4656,15.445
1515.618,15.3115
1515.7704,16.3742
1515.9228,16.6946
1516.0752,15.4237
1516.2276,14.1184
1516.38,13.5051
1516.5324,14.0546
1516.6848,15.3417
1516.8372,15.7564
1516.9896,16.6073
1517.142,18.5122
1517.2944,20.6274
1517.4468,22.2491
1517.5992,22.4534
1517.7516,22.349
1517.904,22.4437
1518.0564,22.9884
1518.2088,23.284
1518.3612,22.8637
1518.5136,22.3632
1518.666,22.0497
1518.8184,22.4137
1518.9708,23.1417
1519.1232,25.1262
1519.2756,26.7834
1519.428,27.0262
1519.5804,27.1783
1519.7328,27.6381
1519.8852,29.372
1520.0376,30.2743
1520.19,29.2828
1520.3424,26.4338
1520.4948,25.3572
1520.6472,24.9682
1520.7996,22.7959
1520.952,19.9308
1521.1044,19.533
1521.2568,21.9857
1521.4092,23.5433
1521.5616,24.0017
1521.714,23.3269
1521.8664,22.8562
1522.0188,22.8139
1522.1712,24.5555
1522.3236,27.2428
1522.476,28.5066
1522.6284,27.2401
1522.7808,23.8805
1522.9332,21.3576
1523.0856,21.2977
1523.238,23.752
1523.3904,25.0098
1523.5428,24.5158
1523.6952,24.5971
1523.8476,27.8698
1524,28.7484
1524.1524,27.4073
1524.3048,24.6733
1524.4572,22.9573
1524.6096,21.5888
1524.762,20.8381
1524.9144,19.9848
1525.0668,21.1266
1525.2192,23.6692
1525.3716,25.5234
1525.524,26.1942
1525.6764,24.7948
1525.8288,23.6186
1525.9812,24.0672
1526.1336,24.3363
1526.286,22.7486
1526.4384,21.2498
1526.5908,21.1418
1526.7432,22.3064
1526.8956,23.8844
1527.048,24.1354
1527.2004,23.935
1527.3528,23.2921
1527.5052,21.5127
1527.6576,21.4879
1527.81,22.8571
1527.9624,23.2753
1528.1148,22.8046
1528.2672,21.6348
1528.4196,19.6212
1528.572,18.2704
1528.7244,18.776
1528.8768,21.2405
1529.0292,24.1401
1529.1816,26.676
1529.334,27.6797
1529.4864,27.7343
1529.6388,27.0863
1529.7912,26.0615
1529.9436,24.6375
1530.096,22.3488
1530.2484,19.4446
1530.4008,18.2029
1530.5532,18.7486
1530.7056,19.4094
1530.858,18.7036
1531.0104,18.8575
1531.1628,19.1587
1531.3152,18.2579
1531.4676,17.7843
1531.62,18.3185
1531.7724,20.4394
1531.9248,22.7084
1532.0772,24.6858
1532.2296,25.406
1532.382,25.2736
1532.5344,24.819
1532.6868,24.3101
1532.8392,24.3501
1532.9916,25.2739
1533.144,26.3799
1533.2964,26.3361
1533.4488,25.613
1533.6012,23.7769
1533.7536,22.8342
1533.906,23.5613
1534.0584,25.5312
1534.2108,27.9006
1534.3632,26.8719
1534.5156,23.6301
1534.668,20.1253
1534.8204,20.3434
1534.9728,21.7704
1535.1252,24.644
1535.2776,26.9827
1535.43,26.6025
1535.5824,24.3061
1535.7348,24.0684
1535.8872,26.1741
1536.0396,27.45
1536.192,26.5611
1536.3444,24.909
1536.4968,25.0499
1536.6492,25.4828
1536.8016,24.7101
1536.954,24.2744
1537.1064,25.0441
1537.2588,25.9397
1537.4112,25.9967
1537.5636,25.5549
1537.716,24.1948
1537.8684,22.3965
1538.0208,20.5664
1538.1732,18.8281
1538.3256,18.6535
1538.478,19.9602
1538.6304,20.7438
1538.7828,20.3995
1538.9352,21.1122
1539.0876,23.2644
1539.24,24.2248
1539.3924,23.1841
1539.5448,21.5008
1539.6972,21.6434
1539.8496,21.8609
1540.002,21.6454
1540.1544,21.4509
1540.3068,21.0836
1540.4592,20.7042
1540.6116,20.1821
1540.764,19.595
1540.9164,19.2667
1541.0688,20.0771
1541.2212,20.8251
1541.3736,20.414
1541.526,19.4961
1541.6784,19.4857
1541.8308,21.5253
1541.9832,24.3634
1542.1356,26.9437
1542.288,29.9914
1542.4404,32.2237
1542.5928,30.3377
1542.7452,25.5789
1542.8976,22.4383
1543.05,22.1593
1543.2024,24.7438
1543.3548,26.5695
1543.5072,27.3214
1543.6596,28.1919
1543.812,29.3989
1543.9644,28.3033
1544.1168,28.0835
1544.2692,29.5626
1544.4216,29.1604
1544.574,26.5113
1544.7264,23.4211
1544.8788,21.5951
1545.0312,21.9185
1545.1836,21.6569
1545.336,20.4201
1545.4884,19.6122
1545.6408,20.5229
1545.7932,23.1087
1545.9456,24.4988
1546.098,24.157
1546.2504,22.135
1546.4028,19.7999
1546.5552,18.7875
1546.7076,18.7787
1546.86,18.6669
1547.0124,18.4426
1547.1648,17.594
1547.3172,15.8583
1547.4696,15.0626
1547.622,15.2739
1547.7744,16.1852
1547.9268,16.1881
1548.0792,15.6821
1548.2316,14.7007
1548.384,14.0808
1548.5364,13.894
1548.6888,15.9804
1548.8412,19.6548
1548.9936,22.3699
1549.146,23.6705
1549.2984,22.9923
1549.4508,19.8609
1549.6032,17.7444
1549.7556,17.1951
1549.908,18.4666
1550.0604,18.6408
1550.2128,17.2889
1550.3652,15.8253
1550.5176,14.6213
1550.67,14.0626
1550.8224,14.4069
1550.9748,15.2621
1551.1272,17.2173
1551.2796,17.9682
1551.432,18.3905
1551.5844,18.6902
1551.7368,18.7916
1551.8892,17.7787
1552.0416,14.8617
1552.194,13.2544
1552.3464,13.9736
1552.4988,16.128
1552.6512,18.6605
1552.8036,20.2275
1552.956,21.3145
1553.1084,21.5819
1553.2608,21.0867
1553.4132,19.6128
1553.5656,18.1802
1553.718,16.8195
1553.8704,15.7775
1554.0228,16.7976
1554.1752,18.1672
1554.3276,22.2193
1554.48,24.6632
1554.6324,24.8215
1554.7848,21.8448
1554.9372,19.7601
1555.0896,20.0139
1555.242,21.7281
1555.3944,20.416
1555.5468,20.0127
1555.6992,21.8108
1555.8516,24.1225
1556.004,25.0111
1556.1564,24.0834
1556.3088,21.8038
1556.4612,21.374
1556.6136,22.6418
1556.766,21.896
1556.9184,20.1084
1557.0708,20.277
1557.2232,21.7376
1557.3756,22.0006
1557.528,20.3925
1557.6804,17.7205
1557.8328,15.4852
1557.9852,14.8922
1558.1376,17.0559
1558.29,20.2638
1558.4424,23.1686
1558.5948,24.2252
1558.7472,24.2146
1558.8996,24.2257
1559.052,24.1581
1559.2044,24.3485
1559.3568,24.1183
1559.5092,24.0467
1559.6616,23.2159
1559.814,19.9912
1559.9664,16.9331
1560.1188,16.0858
1560.2712,17.3648
1560.4236,18.8413
1560.576,19.069
1560.7284,19.3643
1560.8808,20.179
1561.0332,22.3521
1561.1856,26.6021
1561.338,28.9211
1561.4904,28.3728
1561.6428,26.3122
1561.7952,25.1606
1561.9476,25.2006
1562.1,26.767
1562.2524,27.7373
1562.4048,27.0399
1562.5572,24.9916
1562.7096,22.3
1562.862,19.6198
1563.0144,17.0596
1563.1668,15.7399
1563.3192,16.3057
1563.4716,17.8514
1563.624,19.3025
1563.7764,18.3774
1563.9288,15.8855
1564.0812,14.9919
1564.2336,15.0458
1564.386,16.2566
1564.5384,18.302
1564.6908,19.5134
1564.8432,18.893
1564.9956,17.6444
1565.148,17.0834
1565.3004,17.3409
1565.4528,18.0795
1565.6052,17.7838
1565.7576,16.8236
1565.91,15.8963
1566.0624,16.0735
1566.2148,17.2298
1566.3672,19.1534
1566.5196,18.9702
1566.672,17.6587
1566.8244,17.3448
1566.9768,18.3651
1567.1292,21.673
1567.2816,24.3363
1567.434,24.7573
1567.5864,24.4499
1567.7388,23.0854
1567.8912,23.2785
1568.0436,23.9277
1568.196,23.4645
1568.3484,21.8188
1568.5008,20.5207
1568.6532,21.6298
1568.8056,22.6483
1568.958,22.6078
1569.1104,21.2115
1569.2628,18.9044
1569.4152,18.0718
1569.5676,18.2968
1569.72,19.0163
1569.8724,19.8333
1570.0248,19.8353
1570.1772,19.5047
1570.3296,19.0123
1570.482,18.2793
1570.6344,17.5152
1570.7868,17.8746
1570.9392,19.4324
1571.0916,21.7964
1571.244,23.7679
1571.3964,24.5656
1571.5488,24.8702
1571.7012,23.4571
1571.8536,22.0162
1572.006,20.9921
1572.1584,20.6094
1572.3108,20.9653
1572.4632,22.5942
1572.6156,23.7561
1572.768,24.416
1572.9204,23.9374
1573.0728,22.8469
1573.2252,20.4877
1573.3776,17.7901
1573.53,16.6245
1573.6824,16.2981
1573.8348,16.744
1573.9872,17.714
1574.1396,19.4814
1574.292,19.9999
1574.4444,20.1265
1574.5968,20.3215
1574.7492,19.6015
1574.9016,17.6712
1575.054,16.679
1575.2064,17.3052
1575.3588,19.3623
1575.5112,21.4539
1575.6636,21.8423
1575.816,21.0445
1575.9684,18.7804
1576.1208,17.1435
1576.2732,16.3895
1576.4256,16.7425
1576.578,17.772
1576.7304,18.9817
1576.8828,19.8269
1577.0352,20.4047
1577.1876,20.3216
1577.34,19.4253
1577.4924,19.2996
1577.6448,20.0279
1577.7972,20.6477
1577.9496,19.8574
1578.102,19.8093
1578.2544,21.15
1578.4068,22.398
1578.5592,21.6121
1578.7116,19.9872
1578.864,18.5725
1579.0164,17.5293
1579.1688,16.8997
1579.3212,17.1675
1579.4736,18.3749
1579.626,19.2095
1579.7784,20.0008
1579.9308,20.968
1580.0832,23.2229
1580.2356,24.2362
1580.388,24.6013
1580.5404,23.1924
1580.6928,21.0193
1580.8452,20.4541
1580.9976,21.6521
1581.15,23.3826
1581.3024,23.4325
1581.4548,22.3477
1581.6072,21.6653
1581.7596,21.4747
1581.912,21.0517
1582.0644,20.656
1582.2168,20.4254
1582.3692,20.662
1582.5216,20.5023
1582.674,19.4973
1582.8264,19.3794
1582.9788,19.6566
1583.1312,19.042
1583.2836,19.1064
1583.436,20.7846
1583.5884,22.0042
1583.7408,21.9734
1583.8932,21.5079
1584.0456,21.5784
1584.198,21.0323
1584.3504,19.3146
1584.5028,19.304
1584.6552,20.9777
1584.8076,24.1357
1584.96,25.124
1585.1124,24.7939
1585.2648,23.1782
1585.4172,22.2635
1585.5696,22.4251
1585.722,23.0169
1585.8744,25.3347
1586.0268,27.5488
1586.1792,29.0408
1586.3316,29.5974
1586.484,28.7067
1586.6364,26.9358
1586.7888,26.5138
1586.9412,25.5311
1587.0936,25.2031
1587.246,26.9888
1587.3984,28.8402
1587.5508,29.7527
1587.7032,28.8492
1587.8556,27.6318
1588.008,26.9322
1588.1604,26.9565
1588.3128,28.9462
1588.4652,31.2822
1588.6176,31.2812
1588.77,31.0499
1588.9224,29.4656
1589.0748,27.356
1589.2272,25.056
1589.3796,23.7614
1589.532,23.8537
1589.6844,24.766
1589.8368,26.1006
1589.9892,27.724
1590.1416,28.8918
1590.294,29.6867
1590.4464,29.568
1590.5988,28.6845
1590.7512,27.3082
1590.9036,25.1942
1591.056,22.9898
1591.2084,21.4138
1591.3608,21.3898
1591.5132,22.8368
1591.6656,26.1436
1591.818,27.4671
1591.9704,26.7486
1592.1228,24.2655
1592.2752,22.249
1592.4276,20.4999
1592.58,19.8058
1592.7324,20.9072
1592.8848,22.7293
1593.0372,22.714
1593.1896,21.7
1593.342,21.2833
1593.4944,22.1976
1593.6468,23.4576
1593.7992,23.4481
1593.9516,22.2973
1594.104,22.1629
1594.2564,24.1263
1594.4088,26.2651
1594.5612,26.5173
1594.7136,25.0777
1594.866,25.1813
1595.0184,25.5481
1595.1708,25.9225
1595.3232,25.2279
1595.4756,24.5395
1595.628,24.9083
1595.7804,25.795
1595.9328,27.1805
1596.0852,26.8572
1596.2376,26.4692
1596.39,26.8312
1596.5424,28.0402
1596.6948,28.2837
1596.8472,27.0339
1596.9996,24.6173
1597.152,21.9419
1597.3044,20.1675
1597.4568,19.2445
1597.6092,20.3185
1597.7616,20.7247
1597.914,20.1734
1598.0664,18.8773
1598.2188,18.2427
1598.3712,18.9168
1598.5236,21.3225
1598.676,21.6624
1598.8284,21.4759
1598.9808,21.0045
1599.1332,21.1273
1599.2856,22.0769
1599.438,23.7717
1599.5904,25.1502
1599.7428,25.0715
1599.8952,24.454
1600.0476,24.0661
1600.2,24.0379
1600.3524,24.079
1600.5048,23.2516
1600.6572,23.4626
1600.8096,24.7646
1600.962,27.0905
1601.1144,30.3571
1601.2668,33.2241
1601.4192,35.0199
1601.5716,34.8603
1601.724,34.221
1601.8764,32.3182
1602.0288,29.9548
1602.1812,25.9335
1602.3336,22.7988
1602.486,20.2248
1602.6384,17.7342
1602.7908,16.5304
1602.9432,18.1705
1603.0956,20.4352
1603.248,24.9412
1603.4004,26.0382
1603.5528,24.8154
1603.7052,23.9908
1603.8576,24.1107
1604.01,22.8198
1604.1624,21.5541
1604.3148,20.3034
1604.4672,20.9191
1604.6196,22.3568
1604.772,23.0808
1604.9244,23.6073
1605.0768,22.575
1605.2292,21.3341
1605.3816,21.8137
1605.534,24.1573
1605.6864,25.8352
1605.8388,25.6238
1605.9912,25.4806
1606.1436,27.0654
1606.296,28.9742
1606.4484,31.2546
1606.6008,31.5287
1606.7532,29.5328
1606.9056,26.4393
1607.058,23.4836
1607.2104,22.611
1607.3628,23.0471
1607.5152,22.8457
1607.6676,21.6051
1607.82,21.629
1607.9724,22.7782
1608.1248,24.392
1608.2772,25.7729
1608.4296,25.5877
1608.582,24.5988
1608.7344,23.0014
1608.8868,20.7171
1609.0392,20.0149
1609.1916,22.0915
1609.344,25.4782
1609.4964,28.5206
1609.6488,27.9512
1609.8012,24.4984
1609.9536,21.2979
1610.106,18.5886
1610.2584,16.2542
1610.4108,15.7304
1610.5632,16.7067
1610.7156,18.2652
1610.868,21.6461
1611.0204,24.9921
1611.1728,27.0106
1611.3252,27.2517
1611.4776,26.6869
1611.63,27.3069
1611.7824,27.8412
1611.9348,27.9451
1612.0872,27.4528
1612.2396,26.7663
1612.392,24.3363
1612.5444,20.5027
1612.6968,18.3539
1612.8492,18.1363
1613.0016,19.148
1613.154,18.7814
1613.3064,20.565
1613.4588,22.6033
1613.6112,24.0085
1613.7636,23.8484
1613.916,24.236
1614.0684,24.719
1614.2208,25.4968
1614.3732,25.8766
1614.5256,24.907
1614.678,22.4732
1614.8304,18.8013
1614.9828,18.8237
1615.1352,19.1665
1615.2876,19.1418
1615.44,17.4242
1615.5924,17.5034
1615.7448,19.5213
1615.8972,22.0924
1616.0496,24.6013
1616.202,26.3487
1616.3544,27.8462
1616.5068,27.1245
1616.6592,25.7182
1616.8116,26.253
1616.964,27.8002
1617.1164,26.2801
1617.2688,23.5079
1617.4212,18.1851
1617.5736,17.3292
1617.726,18.5238
1617.8784,19.3174
1618.0308,18.6757
1618.1832,18.7855
1618.3356,21.0458
1618.488,25.7225
1618.6404,28.9064
1618.7928,29.4119
1618.9452,28.4946
1619.0976,26.3598
1619.25,25.3133
1619.4024,25.409
1619.5548,25.8592
1619.7072,26.0113
1619.8596,24.671
1620.012,23.1424
1620.1644,21.4124
1620.3168,20.2288
1620.4692,20.1709
1620.6216,20.3467
1620.774,20.8903
1620.9264,22.4907
1621.0788,22.9805
1621.2312,22.4851
1621.3836,20.4517
1621.536,19.1354
1621.6884,20.6449
1621.8408,21.8819
1621.9932,21.4238
1622.1456,19.8732
1622.298,19.113
1622.4504,20.001
1622.6028,20.6711
1622.7552,20.129
1622.9076,20.327
1623.06,20.9636
1623.2124,20.7118
1623.3648,19.3116
1623.5172,19.3501
1623.6696,20.8853
1623.822,21.7703
1623.9744,21.5266
1624.1268,21.3022
1624.2792,22.1534
1624.4316,23.3694
1624.584,22.6859
1624.7364,20.8163
1624.8888,18.8148
1625.0412,17.5274
1625.1936,17.6375
1625.346,18.6717
1625.4984,20.3381
1625.6508,23.2618
1625.8032,26.9346
1625.9556,27.8294
1626.108,28.7867
1626.2604,27.0334
1626.4128,23.4256
1626.5652,20.333
1626.7176,20.0389
1626.87,21.8979
1627.0224,26.4297
1627.1748,30.0343
1627.3272,31.6799
1627.4796,30.045
1627.632,26.0611
1627.7844,24.7728
1627.9368,23.7808
1628.0892,22.7714
1628.2416,21.1934
1628.394,19.1173
1628.5464,18.0789
1628.6988,17.4584
1628.8512,17.6591
1629.0036,19.5303
1629.156,20.0009
1629.3084,21.1388
1629.4608,22.7012
1629.6132,26.7924
1629.7656,26.5126
1629.918,25.0086
1630.0704,22.9603
1630.2228,22.6736
1630.3752,24.8984
1630.5276,27.8964
1630.68,28.5495
1630.8324,28.5515
1630.9848,28.5538
1631.1372,28.0477
1631.2896,27.6785
1631.442,27.1534
1631.5944,26.264
1631.7468,26.4513
1631.8992,27.3858
1632.0516,27.862
1632.204,26.7984
1632.3564,23.7397
1632.5088,20.1643
1632.6612,19.1839
1632.8136,19.6273
1632.966,20.6811
1633.1184,22.5881
1633.2708,25.5757
1633.4232,26.3051
1633.5756,25.114
1633.728,23.5997
1633.8804,24.5466
1634.0328,26.7253
1634.1852,27.3191
1634.3376,26.3106
1634.49,25.533
1634.6424,24.7138
1634.7948,24.0623
1634.9472,24.9906
1635.0996,25.8085
1635.252,25.3435
1635.4044,23.2981
1635.5568,24.6691
1635.7092,26.4842
1635.8616,26.5291
1636.014,24.3204
1636.1664,21.5929
1636.3188,21.7481
1636.4712,23.936
1636.6236,24.6276
1636.776,24.2744
1636.9284,23.8179
1637.0808,23.8049
1637.2332,25.0078
1637.3856,26.1928
1637.538,25.9603
1637.6904,26.0707
1637.8428,28.0994
1637.9952,30.1798
1638.1476,31.5939
1638.3,29.9199
1638.4524,27.1013
1638.6048,24.7537
1638.7572,25.2279
1638.9096,27.1578
1639.062,29.5655
1639.2144,29.9136
1639.3668,29.143
1639.5192,26.7488
1639.6716,24.0713
1639.824,20.9599
1639.9764,20.1882
1640.1288,20.6184
1640.2812,22.564
1640.4336,24.6619
1640.586,26.3347
1640.7384,26.0032
1640.8908,24.2115
1641.0432,22.4827
1641.1956,22.2537
1641.348,24.277
1641.5004,27.7951
1641.6528,29.8999
1641.8052,30.0901
1641.9576,30.2101
1642.11,30.3299
1642.2624,30.3788
1642.4148,30.7043
1642.5672,31.1478
1642.7196,31.1148
1642.872,29.8821
1643.0244,26.7865
1643.1768,23.9282
1643.3292,20.3661
1643.4816,18.3431
1643.634,17.7795
1643.7864,21.3504
1643.9388,28.2426
1644.0912,32.9962
1644.2436,33.4676
1644.396,31.1551
1644.5484,28.7548
1644.7008,26.6329
1644.8532,26.021
1645.0056,25.8732
1645.158,25.8753
1645.3104,26.0656
1645.4628,26.5092
1645.6152,26.9643
1645.7676,26.5228
1645.92,24.6449
1646.0724,21.344
1646.2248,20.3343
1646.3772,21.5475
1646.5296,24.2745
1646.682,24.5408
1646.8344,24.8146
1646.9868,25.1554
1647.1392,25.241
1647.2916,24.2943
1647.444,22.3875
1647.5964,21.0936
1647.7488,21.6443
1647.9012,24.5669
1648.0536,28.3406
1648.206,29.012
1648.3584,27.3775
1648.5108,23.4418
1648.6632,19.5279
1648.8156,17.2911
1648.968,14.578
1649.1204,13.1934
1649.2728,11.3969
1649.4252,12.5092
1649.5776,14.0322
1649.73,18.61
1649.8824,19.6923
1650.0348,19.489
1650.1872,18.3918
1650.3396,17.6363
1650.492,17.7168
1650.6444,18.4881
1650.7968,18.4899
1650.9492,18.1502
1651.1016,17.4442
1651.254,17.6367
1651.4064,19.626
1651.5588,22.7903
1651.7112,25.928
1651.8636,26.6969
1652.016,24.9407
1652.1684,22.0477
1652.3208,17.9453
1652.4732,15.9933
1652.6256,16.4206
1652.778,16.3745
1652.9304,15.6536
1653.0828,15.7477
1653.2352,17.2838
1653.3876,19.2326
1653.54,20.1143
1653.6924,20.2793
1653.8448,18.6064
1653.9972,16.173
1654.1496,14.1204
1654.302,14.0384
1654.4544,15.0178
1654.6068,16.3201
1654.7592,16.8621
1654.9116,16.6583
1655.064,16.2534
1655.2164,15.4544
1655.3688,15.0573
1655.5212,15.8315
1655.6736,17.1749
1655.826,18.5783
1655.9784,18.6834
1656.1308,17.2435
1656.2832,15.3937
1656.4356,13.5663
1656.588,12.7732
1656.7404,13.793
1656.8928,16.1179
1657.0452,18.1795
1657.1976,18.6914
1657.35,17.1195
1657.5024,14.9437
1657.6548,14.1332
1657.8072,14.8643
1657.9596,14.4739
1658.112,14.5252
1658.2644,15.0281
1658.4168,15.6456
1658.5692,16.4323
1658.7216,16.086
1658.874,15.9697
1659.0264,16.0949
1659.1788,15.2588
1659.3312,14.0893
1659.4836,14.3048
1659.636,15.2032
1659.7884,17.7528
1659.9408,19.7374
1660.0932,19.9374
1660.2456,19.2
1660.398,18.7411
1660.5504,19.1356
1660.7028,20.7291
1660.8552,21.6195
1661.0076,21.3988
1661.16,19.816
1661.3124,17.3502
1661.4648,16.4902
1661.6172,17.486
1661.7696,21.2736
1661.922,23.9634
1662.0744,27.0034
1662.2268,29.472
1662.3792,29.8797
1662.5316,30.6898
1662.684,31.7368
1662.8364,30.0364
1662.9888,26.2541
1663.1412,21.9566
1663.2936,18.0096
1663.446,16.4676
1663.5984,17.754
1663.7508,19.0214
1663.9032,20.3136
1664.0556,20.5102
1664.208,20.3918
1664.3604,20.0954
1664.5128,19.5333
1664.6652,18.8812
1664.8176,17.7462
1664.97,16.7174
1665.1224,15.6994
1665.2748,16.5628
1665.4272,18.466
1665.5796,18.6954
1665.732,18.8623
1665.8844,19.0512
1666.0368,18.1703
1666.1892,16.4823
1666.3416,16.0835
1666.494,16.6278
1666.6464,16.0503
1666.7988,14.4438
1666.9512,12.6178
1667.1036,12.0844
1667.256,13.2161
1667.4084,15.3203
1667.5608,16.2748
1667.7132,16.3024
1667.8656,14.9254
1668.018,12.2802
1668.1704,12.0848
1668.3228,12.6365
1668.4752,12.7565
1668.6276,11.8526
1668.78,10.4689
1668.9324,9.7836
1669.0848,10.3426
1669.2372,11.995
1669.3896,15.7328
1669.542,16.6945
1669.6944,15.8196
1669.8468,14.9895
1669.9992,15.0967
1670.1516,15.0028
1670.304,14.1499
1670.4564,13.1251
1670.6088,11.9498
1670.7612,10.8969
1670.9136,10.3016
1671.066,10.3316
1671.2184,11.7971
1671.3708,12.3731
1671.5232,11.8184
1671.6756,10.6367
1671.828,10.4019
1671.9804,10.8763
1672.1328,11.938
1672.2852,12.1368
1672.4376,11.4119
1672.59,10.6128
1672.7424,10.7227
1672.8948,11.2745
1673.0472,11.3711
1673.1996,10.1778
1673.352,9.2935
1673.5044,9.5089
1673.6568,11.208
1673.8092,11.4076
1673.9616,11.9777
1674.114,13.2331
1674.2664,14.7207
1674.4188,14.8985
1674.5712,14.1815
1674.7236,13.8673
1674.876,14.7795
1675.0284,15.5311
1675.1808,14.3876
1675.3332,12.7088
1675.4856,12.6534
1675.638,14.4101
1675.7904,15.0675
1675.9428,15.12
1676.0952,15.7798
1676.2476,16.9838
1676.4,16.5337
1676.5524,14.975
1676.7048,14.2359
1676.8572,13.9653
1677.0096,12.6127
1677.162,12.1199
1677.3144,13.5581
1677.4668,15.094
1677.6192,15.6379
1677.7716,14.8681
1677.924,12.945
1678.0764,10.9849
1678.2288,10.9184
1678.3812,11.4726
1678.5336,13.3264
1678.686,16.6786
1678.8384,17.6025
1678.9908,15.6824
1679.1432,13.4729
1679.2956,12.5503
1679.448,12.5944
1679.6004,11.5537
1679.7528,10.5404
1679.9052,9.8828
1680.0576,9.926
1680.21,9.6944
1680.3624,9.8142
1680.5148,11.4722
1680.6672,14.9625
1680.8196,19.5372
1680.972,21.5928
1681.1244,22.2624
1681.2768,20.508
1681.4292,18.926
1681.5816,18.6294
1681.734,18.0076
1681.8864,16.7699
1682.0388,15.1333
1682.1912,13.0434
1682.3436,10.6071
1682.496,9.5721
1682.6484,9.2216
1682.8008,10.9018
1682.9532,10.7735
1683.1056,10.5584
1683.258,11.2019
1683.4104,13.8575
1683.5628,15.7257
1683.7152,15.5631
1683.8676,14.4928
1684.02,13.7516
1684.1724,14.0081
1684.3248,13.448
1684.4772,12.7903
1684.6296,12.8633
1684.782,14.6963
1684.9344,15.6516
1685.0868,14.9366
1685.2392,13.3098
1685.3916,11.6494
1685.544,10.782
1685.6964,11.2746
1685.8488,12.3012
1686.0012,14.0533
1686.1536,15.0161
1686.306,15.938
1686.4584,16.7494
1686.6108,16.0109
1686.7632,15.5224
1686.9156,17.1052
1687.068,18.2273
1687.2204,17.8423
1687.3728,16.3
1687.5252,14.731
1687.6776,14.9726
1687.83,16.5427
1687.9824,17.7425
1688.1348,17.3019
1688.2872,14.1643
1688.4396,13.2418
1688.592,13.8598
1688.7444,13.8577
1688.8968,13.0411
1689.0492,11.5034
1689.2016,10.8314
1689.354,11.8328
1689.5064,14.6909
1689.6588,17.7628
1689.8112,18.1972
1689.9636,17.8679
1690.116,16.6507
1690.2684,17.6491
1690.4208,18.9745
1690.5732,19.034
1690.7256,16.8632
1690.878,12.6591
1691.0304,11.9086
1691.1828,12.4661
1691.3352,12.4432
1691.4876,12.1108
1691.64,12.5146
1691.7924,12.5255
1691.9448,13.2921
1692.0972,13.5553
1692.2496,13.7332
1692.402,14.8434
1692.5544,16.131
1692.7068,17.0419
1692.8592,16.9346
1693.0116,15.8111
1693.164,14.4175
1693.3164,13.3564
1693.4688,12.466
1693.6212,12.754
1693.7736,13.532
1693.926,13.3271
1694.0784,12.3
1694.2308,11.9266
1694.3832,12.5465
1694.5356,13.8732
1694.688,15.2245
1694.8404,16.835
1694.9928,17.2913
1695.1452,17.3678
1695.2976,18.7213
1695.45,19.3431
1695.6024,18.3043
1695.7548,17.9667
1695.9072,18.0415
1696.0596,19.7314
1696.212,20.3685
1696.3644,19.8258
1696.5168,18.5114
1696.6692,17.3851
1696.8216,18.4358
1696.974,18.1663
1697.1264,17.6673
1697.2788,15.3962
1697.4312,14.757
1697.5836,14.8743
1697.736,14.4822
1697.8884,13.5239
1698.0408,12.6725
1698.1932,12.6057
1698.3456,11.9769
1698.498,11.6585
1698.6504,11.9242
1698.8028,13.3982
1698.9552,14.8371
1699.1076,16.0816
1699.26,16.5885
1699.4124,16.882
1699.5648,16.657
1699.7172,15.1546
1699.8696,14.087
1700.022,14.6158
1700.1744,15.666
1700.3268,16.2275
1700.4792,15.623
1700.6316,14.7262
1700.784,14.3901
1700.9364,14.6201
1701.0888,14.8033
1701.2412,14.9684
1701.3936,14.4767
1701.546,12.7157
1701.6984,11.0511
1701.8508,11.172
1702.0032,11.0564
1702.1556,10.5442
1702.308,9.0758
1702.4604,8.0775
1702.6128,8.3007
1702.7652,9.458
1702.9176,10.5864
1703.07,11.0274
1703.2224,10.6331
1703.3748,10.1066
1703.5272,9.7733
1703.6796,9.7614
1703.832,9.5987
1703.9844,9.4557
1704.1368,9.5345
1704.2892,9.8213
1704.4416,10.2776
1704.594,10.8456
1704.7464,12.4131
1704.8988,12.7642
1705.0512,11.9578
1705.2036,10.6206
1705.356,10.92
1705.5084,11.5995
1705.6608,11.3742
1705.8132,9.1229
1705.9656,8.7066
1706.118,9.8597
1706.2704,11.6309
1706.4228,11.6229
1706.5752,11.2214
1706.7276,10.7831
1706.88,10.3663
1707.0324,10.1108
1707.1848,9.9906
1707.3372,10.0006
1707.4896,10.2374
1707.642,11.1788
1707.7944,13.0574
1707.9468,13.5781
1708.0992,12.0674
1708.2516,10.4761
1708.404,10.6977
1708.5564,11.6542
1708.7088,11.6834
1708.8612,11.1043
1709.0136,11.4443
1709.166,12.9346
1709.3184,14.0814
1709.4708,13.5168
1709.6232,12.1744
1709.7756,10.5565
1709.928,9.448
1710.0804,9.7021
1710.2328,10.4584
1710.3852,10.9365
1710.5376,10.58
1710.69,9.737
1710.8424,9.2018
1710.9948,9.6439
1711.1472,11.7259
1711.2996,14.0101
1711.452,15.1925
1711.6044,15.4976
1711.7568,14.9239
1711.9092,13.8012
1712.0616,11.9125
1712.214,10.3908
1712.3664,10.5214
1712.5188,11.8617
1712.6712,11.9343
1712.8236,12.0776
1712.976,12.9821
1713.1284,13.6691
1713.2808,13.23
1713.4332,12.4593
1713.5856,11.5936
1713.738,10.7605
1713.8904,10.3227
1714.0428,10.0425
1714.1952,10.7586
1714.3476,11.8646
1714.5,11.8881
1714.6524,11.8918
1714.8048,12.7754
1714.9572,13.7664
1715.1096,13.2841
1715.262,12.8648
1715.4144,13.5639
1715.5668,14.3116
1715.7192,14.8486
1715.8716,14.2352
1716.024,13.2324
1716.1764,12.7219
1716.3288,14.432
1716.4812,14.9771
1716.6336,14.2853
1716.786,12.9169
1716.9384,11.1947
1717.0908,10.254
1717.2432,10.645
1717.3956,11.7364
1717.548,14.1403
1717.7004,17.3849
1717.8528,20.1103
1718.0052,20.8723
1718.1576,21.0264
1718.31,20.7835
1718.4624,20.4422
1718.6148,20.2739
1718.7672,19.8183
1718.9196,18.9199
1719.072,18.0978
1719.2244,17.7727
1719.3768,18.5096
1719.5292,19.8583
1719.6816,21.788
1719.834,23.6871
1719.9864,23.7284
1720.1388,22.539
1720.2912,21.3689
1720.4436,19.8081
1720.596,18.9895
1720.7484,19.2824
1720.9008,19.6286
1721.0532,19.5385
1721.2056,19.0489
1721.358,18.166
1721.5104,17.1643
1721.6628,15.5914
1721.8152,13.7299
1721.9676,11.9748
1722.12,10.2006
1722.2724,9.6776
1722.4248,10.6254
1722.5772,11.9195
1722.7296,12.4281
1722.882,12.6555
1723.0344,13.1486
1723.1868,13.6445
1723.3392,13.9797
1723.4916,14.1797
1723.644,14.5881
1723.7964,16.1407
1723.9488,17.3802
1724.1012,17.7887
1724.2536,17.5852
1724.406,17.8211
1724.5584,18.531
1724.7108,19.1059
1724.8632,19.0917
1725.0156,17.9942
1725.168,15.9749
1725.3204,14.1927
1725.4728,13.5704
1725.6252,13.8215
1725.7776,14.4933
1725.93,16.3007
1726.0824,19.2453
1726.2348,21.2233
1726.3872,22.4199
1726.5396,23.0394
1726.692,23.1223
1726.8444,22.9331
1726.9968,22.5077
1727.1492,21.4275
1727.3016,19.7512
1727.454,18.6645
1727.6064,18.8271
1727.7588,19.4709
1727.9112,21.0786
1728.0636,21.5341
1728.216,20.829
1728.3684,20.0382
1728.5208,20.868
1728.6732,22.1672
1728.8256,21.7733
1728.978,20.5892
1729.1304,19.3278
1729.2828,19.7595
1729.4352,20.4682
1729.5876,20.4765
1729.74,19.6145
1729.8924,18.5183
1730.0448,17.048
1730.1972,17.3403
1730.3496,18.1769
1730.502,18.2207
1730.6544,16.5802
1730.8068,15.1099
1730.9592,14.1003
1731.1116,14.0266
1731.264,14.1699
1731.4164,13.6898
1731.5688,13.8681
1731.7212,13.9593
1731.8736,15.9168
1732.026,18.1637
1732.1784,19.8447
1732.3308,20.6817
1732.4832,20.323
1732.6356,19.0343
1732.788,17.5362
1732.9404,16.0011
1733.0928,15.7434
1733.2452,15.2977
1733.3976,14.0536
1733.55,13.2065
1733.7024,13.9211
1733.8548,14.67
1734.0072,14.631
1734.1596,13.2148
1734.312,12.941
1734.4644,13.7942
1734.6168,15.4124
1734.7692,17.1028
1734.9216,17.3629
1735.074,16.8579
1735.2264,15.8114
1735.3788,15.5924
1735.5312,16.3988
1735.6836,20.5245
1735.836,21.3575
1735.9884,19.4693
1736.1408,17.2722
1736.2932,16.3111
1736.4456,17.3504
1736.598,18.0576
1736.7504,17.7074
1736.9028,16.9512
1737.0552,15.948
1737.2076,14.5362
1737.36,14.6753
1737.5124,15.6742
1737.6648,15.7419
1737.8172,15.0347
1737.9696,14.6463
1738.122,15.6529
1738.2744,15.8242
1738.4268,15.6728
1738.5792,15.7357
1738.7316,16.0792
1738.884,17.1873
1739.0364,18.7757
1739.1888,20.8338
1739.3412,21.3699
1739.4936,20.6247
1739.646,19.3895
1739.7984,18.2929
1739.9508,17.4987
1740.1032,17.0939
1740.2556,17.5367
1740.408,18.2247
1740.5604,18.944
1740.7128,18.3115
1740.8652,17.6657
1741.0176,16.986
1741.17,16.1474
1741.3224,15.2376
1741.4748,14.4958
1741.6272,13.3967
1741.7796,14.3847
1741.932,17.0776
1742.0844,19.4409
1742.2368,19.5094
1742.3892,18.079
1742.5416,16.189
1742.694,14.833
1742.8464,14.4282
1742.9988,13.8643
1743.1512,13.2983
1743.3036,12.9152
1743.456,12.4984
1743.6084,12.2811
1743.7608,13.2238
1743.9132,14.6622
1744.0656,13.2469
1744.218,10.8668
1744.3704,9.565
1744.5228,10.2795
1744.6752,12.2821
1744.8276,14.3475
1744.98,15.2713
1745.1324,15.4295
1745.2848,14.7191
1745.4372,14.9439
1745.5896,15.4368
1745.742,15.5916
1745.8944,14.779
1746.0468,13.9336
1746.1992,13.3416
1746.3516,13.7952
1746.504,16.519
1746.6564,19.4781
1746.8088,20.1907
1746.9612,18.6682
1747.1136,17.4135
1747.266,16.958
1747.4184,15.9434
1747.5708,14.0762
1747.7232,12.7136
1747.8756,12.0464
1748.028,12.3342
1748.1804,14.5167
1748.3328,17.3619
1748.4852,17.849
1748.6376,17.84
1748.79,18.3202
1748.9424,18.7704
1749.0948,18.0346
1749.2472,18.4288
1749.3996,19.5535
1749.552,19.1806
1749.7044,17.5523
1749.8568,16.2722
1750.0092,17.0432
1750.1616,18.2493
1750.314,19.2602
1750.4664,18.3389
1750.6188,15.7883
1750.7712,14.555
1750.9236,13.9083
1751.076,13.9506
1751.2284,15.3949
1751.3808,16.5629
1751.5332,17.1089
1751.6856,16.8238
1751.838,16.7459
1751.9904,17.4946
1752.1428,18.4073
1752.2952,18.8525
1752.4476,19.6679
1752.6,20.8686
1752.7524,21.6246
1752.9048,21.4992
1753.0572,21.2218
1753.2096,21.7353
1753.362,22.8766
1753.5144,23.6222
1753.6668,24.0895
1753.8192,24.1142
1753.9716,22.9781
1754.124,20.8328
1754.2764,19.9759
1754.4288,21.9694
1754.5812,23.5818
1754.7336,22.9181
1754.886,21.8586
1755.0384,21.823
1755.1908,21.8365
1755.3432,19.7904
1755.4956,17.785
1755.648,17.2521
1755.8004,17.9769
1755.9528,17.8408
1756.1052,16.0034
1756.2576,15.2042
1756.41,16.1113
1756.5624,16.163
1756.7148,16.1679
1756.8672,16.8707
1757.0196,17.8614
1757.172,18.776
1757.3244,18.0893
1757.4768,16.0617
1757.6292,13.2821
1757.7816,12.1773
1757.934,13.0258
1758.0864,16.0065
1758.2388,18.5583
1758.3912,19.4387
1758.5436,18.6462
1758.696,17.3736
1758.8484,16.5535
1759.0008,16.3884
1759.1532,17.1855
1759.3056,18.1971
1759.458,19.3869
1759.6104,20.1572
1759.7628,20.4931
1759.9152,20.2605
1760.0676,18.7033
1760.22,16.6173
1760.3724,14.4292
1760.5248,13.45
1760.6772,13.2831
1760.8296,12.9434
1760.982,14.0369
1761.1344,15.4867
1761.2868,16.7202
1761.4392,18.3811
1761.5916,19.6354
1761.744,19.8097
1761.8964,18.8983
1762.0488,17.9862
1762.2012,17.3237
1762.3536,17.2058
1762.506,18.0434
1762.6584,19.6362
1762.8108,19.8626
1762.9632,18.3587
1763.1156,16.9981
1763.268,17.4741
1763.4204,17.8884
1763.5728,17.5558
1763.7252,17.8695
1763.8776,19.2147
1764.03,19.9466
1764.1824,18.5489
1764.3348,15.8453
1764.4872,14.0708
1764.6396,13.9078
1764.792,16.2099
1764.9444,18.636
1765.0968,20.0589
1765.2492,21.5371
1765.4016,24.3697
1765.554,25.0989
1765.7064,25.5684
1765.8588,26.5673
1766.0112,27.5516
1766.1636,26.9426
1766.316,24.3164
1766.4684,19.8838
1766.6208,16.6173
1766.7732,14.6539
1766.9256,14.163
1767.078,14.1105
1767.2304,14.3929
1767.3828,16.568
1767.5352,20.6146
1767.6876,25.2403
1767.84,27.3683
1767.9924,24.2838
1768.1448,19.2305
1768.2972,17.8826
1768.4496,19.2157
1768.602,20.7321
1768.7544,19.7955
1768.9068,17.6788
1769.0592,15.6556
1769.2116,14.8584
1769.364,15.5322
1769.5164,17.9133
1769.6688,20.8722
1769.8212,22.2566
1769.9736,21.9987
1770.126,21.8554
1770.2784,23.7856
1770.4308,24.9875
1770.5832,24.3882
1770.7356,23.1462
1770.888,21.5115
1771.0404,19.4138
1771.1928,17.2628
1771.3452,16.1007
1771.4976,16.1804
1771.65,16.6205
1771.8024,17.1042
1771.9548,17.5821
1772.1072,18.1556
1772.2596,18.6361
1772.412,18.583
1772.5644,18.2683
1772.7168,18.9339
1772.8692,19.655
1773.0216,20.8374
1773.174,22.0374
1773.3264,22.6501
1773.4788,22.9736
1773.6312,21.2998
1773.7836,18.9307
1773.936,17.1378
1774.0884,15.7912
1774.2408,15.3381
1774.3932,15.4503
1774.5456,15.0735
1774.698,14.3464
1774.8504,14.3091
1775.0028,15.7819
1775.1552,18.7601
1775.3076,22.1495
1775.46,22.597
1775.6124,23.1786
1775.7648,23.9386
1775.9172,24.9766
1776.0696,25.1513
1776.222,24.4487
1776.3744,20.9615
1776.5268,17.247
1776.6792,14.563
1776.8316,13.3113
1776.984,13.6065
1777.1364,14.8871
1777.2888,15.3553
1777.4412,15.8029
1777.5936,16.7685
1777.746,17.6384
1777.8984,18.8999
1778.0508,20.769
1778.2032,23.3408
1778.3556,25.1876
1778.508,25.1231
1778.6604,24.6512
1778.8128,23.7997
1778.9652,22.9637
1779.1176,22.2088
1779.27,22.4045
1779.4224,23.101
1779.5748,23.4148
1779.7272,23.3388
1779.8796,22.999
1780.032,22.4742
1780.1844,20.1749
1780.3368,16.983
1780.4892,14.4185
1780.6416,12.5212
1780.794,11.7499
1780.9464,11.6937
1781.0988,13.2052
1781.2512,15.4314
1781.4036,18.5132
1781.556,20.2347
1781.7084,20.0723
1781.8608,18.8282
1782.0132,17.5684
1782.1656,16.3795
1782.318,15.122
1782.4704,13.8192
1782.6228,13.8567
1782.7752,15.8265
1782.9276,17.5943
1783.08,15.3928
1783.2324,12.2016
1783.3848,11.3123
1783.5372,12.6781
1783.6896,15.3133
1783.842,18.4133
1783.9944,20.6431
1784.1468,21.3904
1784.2992,19.8994
1784.4516,17.9142
1784.604,18.2155
1784.7564,18.3219
1784.9088,16.5047
1785.0612,14.354
1785.2136,13.844
1785.366,15.4121
1785.5184,15.3285
1785.6708,14.3093
1785.8232,14.9604
1785.9756,16.5368
1786.128,17.1824
1786.2804,16.0047
1786.4328,15.2594
1786.5852,16.1084
1786.7376,16.7876
1786.89,16.5905
1787.0424,15.5836
1787.1948,14.3036
1787.3472,13.4876
1787.4996,12.9937
1787.652,12.5211
1787.8044,12.6269
1787.9568,14.1503
1788.1092,16.6882
1788.2616,19.9684
1788.414,23.2083
1788.5664,25.0179
1788.7188,26.3687
1788.8712,27.3148
1789.0236,26.7595
1789.176,25.7617
1789.3284,24.8365
1789.4808,24.2517
1789.6332,23.2854
1789.7856,21.065
1789.938,17.1694
1790.0904,14.3785
1790.2428,14.6967
1790.3952,15.7933
1790.5476,17.0657
1790.7,18.8844
1790.8524,21.217
1791.0048,23.2718
1791.1572,25.7776
1791.3096,26.3397
1791.462,24.6887
1791.6144,21.0197
1791.7668,15.3123
1791.9192,11.3692
1792.0716,11.2957
1792.224,12.3999
1792.3764,13.1015
1792.5288,12.082
1792.6812,12.1244
1792.8336,12.7444
1792.986,14.3299
1793.1384,15.7408
1793.2908,16.8114
1793.4432,16.3682
1793.5956,15.4478
1793.748,15.4168
1793.9004,15.5287
1794.0528,14.5243
1794.2052,13.4924
1794.3576,14.206
1794.51,16.0572
1794.6624,18.8585
1794.8148,20.5745
1794.9672,20.112
1795.1196,19.9139
1795.272,20.0283
1795.4244,20.1364
1795.5768,19.2506
1795.7292,18.1018
1795.8816,18.0965
1796.034,17.5363
1796.1864,16.4707
1796.3388,15.0871
1796.4912,15.0659
1796.6436,16.0362
1796.796,17.2156
1796.9484,17.5925
1797.1008,17.4163
1797.2532,17.3898
1797.4056,17.5516
1797.558,18.7248
1797.7104,19.7862
1797.8628,20.3157
1798.0152,22.0105
1798.1676,23.3087
1798.32,22.6658
1798.4724,19.9718
1798.6248,17.144
1798.7772,13.5751
1798.9296,13.4032
1799.082,14.043
1799.2344,13.6864
1799.3868,12.3252
1799.5392,12.0531
1799.6916,12.4038
1799.844,13.9811
1799.9964,14.798
1800.1488,15.4856
1800.3012,15.6018
1800.4536,15.0471
1800.606,13.8005
1800.7584,12.6479
1800.9108,13.8097
1801.0632,14.9902
1801.2156,14.2073
1801.368,13.7072
1801.5204,15.0279
1801.6728,17.8733
1801.8252,20.9265
1801.9776,22.1868
1802.13,22.5479
1802.2824,22.7751
1802.4348,23.8497
1802.5872,25.1033
1802.7396,25.1278
1802.892,23.5971
1803.0444,21.0644
1803.1968,18.2066
1803.3492,15.3898
1803.5016,12.809
1803.654,11.4815
1803.8064,11.3641
1803.9588,10.2052
1804.1112,9.6771
1804.2636,10.8593
1804.416,11.6117
1804.5684,11.9113
1804.7208,13.3834
1804.8732,15.1162
1805.0256,15.0798
1805.178,13.6877
1805.3304,12.2253
1805.4828,12.9608
1805.6352,13.4299
1805.7876,13.1171
1805.94,12.1747
1806.0924,11.4416
1806.2448,11.9218
1806.3972,12.8496
1806.5496,14.0963
1806.702,15.1425
1806.8544,15.4716
1807.0068,15.3663
1807.1592,15.0352
1807.3116,14.5326
1807.464,14.003
1807.6164,13.6012
1807.7688,14.4076
1807.9212,16.8848
1808.0736,18.9172
1808.226,19.3094
1808.3784,17.8699
1808.5308,14.8047
1808.6832,13.2347
1808.8356,14.9473
1808.988,15.256
1809.1404,13.9259
1809.2928,13.5062
1809.4452,14.9577
1809.5976,17.031
1809.75,18.1903
1809.9024,17.9303
1810.0548,16.6711
1810.2072,14.5008
1810.3596,14.0247
1810.512,16.1143
1810.6644,19.508
1810.8168,19.7488
1810.9692,16.2813
1811.1216,13.6256
1811.274,11.8908
1811.4264,11.3216
1811.5788,13.3976
1811.7312,15.7627
1811.8836,16.9448
1812.036,16.9466
1812.1884,16.4412
1812.3408,15.413
1812.4932,14.0577
1812.6456,12.4246
1812.798,12.5206
1812.9504,13.4668
1813.1028,13.1223
1813.2552,13.5796
1813.4076,15.1299
1813.56,15.8045
1813.7124,15.3607
1813.8648,14.4509
1814.0172,13.325
1814.1696,14.0897
1814.322,14.0445
1814.4744,13.7326
1814.6268,14.1139
1814.7792,14.3591
1814.9316,13.6891
1815.084,12.568
1815.2364,11.4801
1815.3888,11.2106
1815.5412,11.7336
1815.6936,12.6276
1815.846,13.5115
1815.9984,14.8178
1816.1508,15.6253
1816.3032,15.4786
1816.4556,15.2198
1816.608,16.3959
1816.7604,17.7918
1816.9128,17.6412
1817.0652,16.7784
1817.2176,15.4108
1817.37,13.7926
1817.5224,11.6446
1817.6748,11.6333
1817.8272,13.9956
1817.9796,15.6603
1818.132,16.3034
1818.2844,17.8153
1818.4368,19.7162
1818.5892,22.2003
1818.7416,22.5418
1818.894,21.2887
1819.0464,19.1039
1819.1988,16.9106
1819.3512,15.0992
1819.5036,14.801
1819.656,15.1487
1819.8084,16.5127
1819.9608,18.1183
1820.1132,18.8985
1820.2656,18.3702
1820.418,16.4935
1820.5704,14.5518
1820.7228,14.149
1820.8752,15.3515
1821.0276,17.5736
1821.18,17.8505
1821.3324,18.0924
1821.4848,19.5218
1821.6372,18.921
1821.7896,16.6996
1821.942,14.6102
1822.0944,13.0345
1822.2468,12.4885
1822.3992,12.6134
1822.5516,13.3971
1822.704,14.407
1822.8564,15.4939
1823.0088,16.1124
1823.1612,15.6249
1823.3136,14.875
1823.466,14.6578
1823.6184,15.3373
1823.7708,18.3976
1823.9232,21.8181
1824.0756,22.9522
1824.228,22.3351
1824.3804,19.7971
1824.5328,16.2373
1824.6852,13.0327
1824.8376,11.692
1824.99,12.1534
1825.1424,13.3129
1825.2948,14.0611
1825.4472,13.6145
1825.5996,12.5253
1825.752,12.2696
1825.9044,13.6904
1826.0568,14.2601
1826.2092,14.0878
1826.3616,13.8436
1826.514,15.8866
1826.6664,19.8386
1826.8188,24.8674
1826.9712,27.8528
1827.1236,28.1398
1827.276,25.4188
1827.4284,20.1023
1827.5808,15.7028
1827.7332,14.0472
1827.8856,14.3538
1828.038,14.8017
1828.1904,14.3462
1828.3428,12.6463
1828.4952,12.1713
1828.6476,12.9876
1828.8,15.7824
1828.9524,20.2775
1829.1048,24.109
1829.2572,26.8951
1829.4096,27.9686
1829.562,25.8915
1829.7144,19.8735
1829.8668,16.2072
1830.0192,15.7435
1830.1716,16.9483
1830.324,17.405
1830.4764,16.6906
1830.6288,15.3886
1830.7812,15.1322
1830.9336,16.6081
1831.086,18.079
1831.2384,17.3147
1831.3908,16.3256
1831.5432,16.7392
1831.6956,20.4188
1831.848,26.1207
1832.0004,29.427
1832.1528,29.8388
1832.3052,26.3181
1832.4576,21.1214
1832.61,17.5949
1832.7624,15.5323
1832.9148,14.3912
1833.0672,14.2369
1833.2196,15.5826
1833.372,17.3294
1833.5244,17.3127
1833.6768,15.1178
1833.8292,12.9219
1833.9816,11.9507
1834.134,12.3808
1834.2864,14.0446
1834.4388,17.6353
1834.5912,21.5306
1834.7436,24.5054
1834.896,24.373
1835.0484,21.7392
1835.2008,17.2868
1835.3532,13.8625
1835.5056,11.9851
1835.658,11.2939
1835.8104,11.5006
1835.9628,12.2409
1836.1152,13.186
1836.2676,15.4492
1836.42,19.3815
1836.5724,21.2753
1836.7248,21.3752
1836.8772,18.9079
1837.0296,14.0483
1837.182,11.3764
1837.3344,10.4515
1837.4868,11.5326
1837.6392,12.7227
1837.7916,12.6385
1837.944,12.5861
1838.0964,12.353
1838.2488,11.8061
1838.4012,12.1455
1838.5536,14.4226
1838.706,17.1503
1838.8584,18.3726
1839.0108,17.9601
1839.1632,17.1056
1839.3156,13.7493
1839.468,10.5614
1839.6204,9.4399
1839.7728,9.0427
1839.9252,8.9264
1840.0776,10.5767
1840.23,12.9511
1840.3824,14.8754
1840.5348,14.1396
1840.6872,12.195
1840.8396,11.281
1840.992,11.2421
1841.1444,12.1038
1841.2968,12.9116
1841.4492,13.5942
1841.6016,14.2637
1841.754,14.7877
1841.9064,14.8725
1842.0588,14.4767
1842.2112,13.1228
1842.3636,11.3282
1842.516,10.5678
1842.6684,12.0782
1842.8208,17.0996
1842.9732,18.7689
1843.1256,19.0489
1843.278,18.2459
1843.4304,16.9229
1843.5828,14.5941
1843.7352,10.8908
1843.8876,8.3607
1844.04,7.1422
1844.1924,7.1202
1844.3448,8.3774
1844.4972,10.688
1844.6496,11.8223
1844.802,12.0182
1844.9544,11.9585
1845.1068,12.1081
1845.2592,13.2202
1845.4116,14.5246
1845.564,17.1639
1845.7164,20.1067
1845.8688,21.3934
1846.0212,21.5397
1846.1736,19.868
1846.326,16.5924
1846.4784,14.162
1846.6308,13.102
1846.7832,13.4873
1846.9356,15.6694
1847.088,17.174
1847.2404,17.5711
1847.3928,17.3591
1847.5452,16.4923
1847.6976,15.5306
1847.85,14.138
1848.0024,12.7744
1848.1548,12.2015
1848.3072,12.4999
1848.4596,13.2931
1848.612,13.9222
1848.7644,14.4169
1848.9168,14.3377
1849.0692,13.9187
1849.2216,13.0482
1849.374,14.0911
1849.5264,16.9847
1849.6788,18.9173
1849.8312,19.0297
1849.9836,18.1016
1850.136,17.7821
1850.2884,17.8401
1850.4408,17.1978
1850.5932,15.7807
1850.7456,13.8724
1850.898,13.1062
1851.0504,14.2583
1851.2028,14.9259
1851.3552,14.818
1851.5076,14.4535
1851.66,14.098
1851.8124,13.2863
1851.9648,12.5576
1852.1172,12.114
1852.2696,12.0075
1852.422,11.6513
1852.5744,10.8801
1852.7268,10.3589
1852.8792,10.3615
1853.0316,9.3322
1853.184,9.0207
1853.3364,10.2589
1853.4888,12.1255
1853.6412,14.116
1853.7936,14.7553
1853.946,15.1443
1854.0984,14.5567
1854.2508,12.9544
1854.4032,11.5117
1854.5556,11.0151
1854.708,11.1389
1854.8604,11.7471
1855.0128,12.4389
1855.1652,12.9684
1855.3176,12.8494
1855.47,10.1222
1855.6224,8.9313
1855.7748,9.517
1855.9272,10.8578
1856.0796,10.6437
1856.232,9.531
1856.3844,8.6085
1856.5368,8.5399
1856.6892,10.0905
1856.8416,12.2282
1856.994,14.7389
1857.1464,15.9911
1857.2988,15.9094
1857.4512,14.3769
1857.6036,12.3894
1857.756,10.7745
1857.9084,10.6619
1858.0608,12.7933
1858.2132,13.9401
1858.3656,14.6115
1858.518,14.6297
1858.6704,13.474
1858.8228,11.5238
1858.9752,10.4667
1859.1276,11.8264
1859.28,13.6542
1859.4324,15.493
1859.5848,15.5389
1859.7372,13.9245
1859.8896,12.5074
1860.042,12.4664
1860.1944,13.2985
1860.3468,14.0048
1860.4992,13.8987
1860.6516,14.9119
1860.804,16.7563
1860.9564,18.1657
1861.1088,18.6994
1861.2612,18.2422
1861.4136,17.2879
1861.566,15.9173
1861.7184,15.305
1861.8708,15.1323
1862.0232,15.4626
1862.1756,15.1461
1862.328,14.0809
1862.4804,12.9415
1862.6328,12.4768
1862.7852,12.595
1862.9376,13.8165
1863.09,16.8808
1863.2424,18.7721
1863.3948,18.5436
1863.5472,16.9879
1863.6996,16.1566
1863.852,15.7815
1864.0044,15.4011
1864.1568,13.8945
1864.3092,11.2657
1864.4616,9.4532
1864.614,9.429
1864.7664,11.0045
1864.9188,12.7483
1865.0712,14.0128
1865.2236,13.8424
1865.376,12.8312
1865.5284,11.7232
1865.6808,10.9061
1865.8332,10.677
1865.9856,11.815
1866.138,11.6291
1866.2904,12.1137
1866.4428,14.2674
1866.5952,15.5706
1866.7476,15.1743
1866.9,14.262
1867.0524,14.3364
1867.2048,14.0632
1867.3572,12.7745
1867.5096,11.2955
1867.662,10.6069
1867.8144,10.3777
1867.9668,10.5049
1868.1192,10.8113
1868.2716,11.6632
1868.424,12.9653
1868.5764,13.585
1868.7288,13.7915
1868.8812,13.6361
1869.0336,12.5094
1869.186,11.2183
1869.3384,9.9161
1869.4908,9.4014
1869.6432,9.3906
1869.7956,9.6027
1869.948,10.1931
1870.1004,11.4767
1870.2528,14.3338
1870.4052,16.3047
1870.5576,16.1972
1870.71,15.3081
1870.8624,15.4515
1871.0148,14.6483
1871.1672,12.8387
1871.3196,10.6559
1871.472,9.1356
1871.6244,8.5806
1871.7768,8.5802
1871.9292,8.5603
1872.0816,8.6651
1872.234,10.1293
1872.3864,12.3614
1872.5388,12.8347
1872.6912,12.4106
1872.8436,12.7313
1872.996,13.7067
1873.1484,14.317
1873.3008,14.0984
1873.4532,14.5019
1873.6056,15.4473
1873.758,15.4073
1873.9104,15.0856
1874.0628,13.8649
1874.2152,11.9661
1874.3676,10.5018
1874.52,9.5876
1874.6724,11.3715
1874.8248,14.2229
1874.9772,16.465
1875.1296,15.211
1875.282,12.7877
1875.4344,11.381
1875.5868,11.1515
1875.7392,11.5394
1875.8916,11.9398
1876.044,12.7821
1876.1964,15.0971
1876.3488,15.6926
1876.5012,15.1827
1876.6536,14.5853
1876.806,14.1106
1876.9584,12.7437
1877.1108,11.2689
1877.2632,10.3615
1877.4156,12.281
1877.568,14.6625
1877.7204,15.9173
1877.8728,17.0561
1878.0252,18.6126
1878.1776,21.2924
1878.33,23.5722
1878.4824,22.6286
1878.6348,18.8067
1878.7872,15.2597
1878.9396,12.0799
1879.092,9.5248
1879.2444,8.5656
1879.3968,10.3373
1879.5492,11.9689
1879.7016,11.1795
1879.854,10.4532
1880.0064,11.0914
1880.1588,10.7731
1880.3112,10.7269
1880.4636,12.5933
1880.616,13.7157
1880.7684,13.0237
1880.9208,11.2748
1881.0732,10.3055
1881.2256,10.5699
1881.378,12.1852
1881.5304,14.7486
1881.6828,15.4361
1881.8352,14.9305
1881.9876,13.8838
1882.14,12.6297
1882.2924,11.2462
1882.4448,10.7397
1882.5972,12.2539
1882.7496,14.9351
1882.902,16.6178
1883.0544,16.9915
1883.2068,16.1942
1883.3592,13.3348
1883.5116,10.3504
1883.664,8.7461
1883.8164,8.8619
1883.9688,9.6649
1884.1212,9.9919
1884.2736,9.4553
1884.426,8.9918
1884.5784,9.4477
1884.7308,10.5836
1884.8832,12.5982
1885.0356,14.2807
1885.188,13.7936
1885.3404,12.4927
1885.4928,10.4904
1885.6452,9.0242
1885.7976,9.8405
1885.95,12.5877
1886.1024,14.8994
1886.2548,15.431
1886.4072,14.0741
1886.5596,11.4896
1886.712,9.2834
1886.8644,8.7378
1887.0168,9.0122
1887.1692,9.5175
1887.3216,10.8579
1887.474,13.6185
1887.6264,15.2396
1887.7788,15.0772
1887.9312,12.4866
1888.0836,10.8869
1888.236,10.2985
1888.3884,10.3306
1888.5408,10.9899
1888.6932,11.4144
1888.8456,11.5394
1888.998,11.2799
1889.1504,10.4265
1889.3028,9.7922
1889.4552,9.638
1889.6076,10.4693
1889.76,12.2689
1889.9124,15.3989
1890.0648,18.3845
1890.2172,19.5361
1890.3696,17.7054
1890.522,15.3896
1890.6744,15.1712
1890.8268,15.3622
1890.9792,17.1844
1891.1316,17.7065
1891.284,17.5864
1891.4364,15.979
1891.5888,13.3991
1891.7412,10.3326
1891.8936,7.7396
1892.046,6.5632
1892.1984,8.2264
1892.3508,10.6696
1892.5032,12.678
1892.6556,14.684
1892.808,15.4204
1892.9604,15.6066
1893.1128,15.044
1893.2652,14.2395
1893.4176,13.8735
1893.57,13.508
1893.7224,12.7627
1893.8748,11.9087
1894.0272,10.7191
1894.1796,9.9112
1894.332,10.1771
1894.4844,12.583
1894.6368,13.5309
1894.7892,13.2065
1894.9416,12.1272
1895.094,11.4099
1895.2464,10.8543
1895.3988,10.5161
1895.5512,10.7304
1895.7036,11.3285
1895.856,10.7093
1896.0084,10.7868
1896.1608,11.7167
1896.3132,13.3306
1896.4656,14.9472
1896.618,16.6402
1896.7704,17.9254
1896.9228,19.3792
1897.0752,19.596
1897.2276,17.9272
1897.38,14.8643
1897.5324,13.4693
1897.6848,15.237
1897.8372,17.3125
1897.9896,17.2411
1898.142,15.2242
1898.2944,14.0869
1898.4468,14.0886
1898.5992,15.7648
1898.7516,18.5067
1898.904,18.5542
1899.0564,17.2183
1899.2088,15.4935
1899.3612,13.773
1899.5136,13.0737
1899.666,13.4272
1899.8184,13.9175
1899.9708,13.3597
1900.1232,13.1759
1900.2756,14.0912
1900.428,15.8623
1900.5804,17.2991
1900.7328,17.8047
1900.8852,17.7009
1901.0376,17.2525
1901.19,16.1568
1901.3424,15.2027
1901.4948,14.0799
1901.6472,13.1383
1901.7996,13.1403
1901.952,13.6702
1902.1044,14.3695
1902.2568,14.1806
1902.4092,13.1941
1902.5616,10.8376
1902.714,9.4168
1902.8664,10.4404
1903.0188,12.6186
1903.1712,14.1891
1903.3236,14.1895
1903.476,12.4986
1903.6284,11.6293
1903.7808,12.0438
1903.9332,12.7868
1904.0856,13.1856
1904.238,12.8945
1904.3904,11.7014
1904.5428,11.3214
1904.6952,11.4895
1904.8476,12.5727
1905,13.511
1905.1524,13.652
1905.3048,13.2697
1905.4572,12.356
1905.6096,11.8657
1905.762,10.6595
1905.9144,9.8188
1906.0668,9.522
1906.2192,9.2217
1906.3716,9.1744
1906.524,9.0027
1906.6764,9.5859
1906.8288,11.1615
1906.9812,14.1603
1907.1336,17.0451
1907.286,15.7931
1907.4384,13.7645
1907.5908,13.2379
1907.7432,14.4736
1907.8956,17.3936
1908.048,18.788
1908.2004,18.3586
1908.3528,15.9557
1908.5052,14.558
1908.6576,15.12
1908.81,16.4626
1908.9624,15.9423
1909.1148,13.2291
1909.2672,10.7324
1909.4196,10.37
1909.572,11.2159
1909.7244,11.8164
1909.8768,11.2349
1910.0292,10.4865
1910.1816,11.5804
1910.334,13.3651
1910.4864,16.5697
1910.6388,18.1482
1910.7912,16.7729
1910.9436,13.5922
1911.096,11.6165
1911.2484,10.1724
1911.4008,9.7537
1911.5532,11.0611
1911.7056,12.3331
1911.858,13.638
1912.0104,15.584
1912.1628,18.4344
1912.3152,20.1635
1912.4676,18.9997
1912.62,14.9669
1912.7724,11.015
1912.9248,7.9225
1913.0772,7.772
1913.2296,8.6732
1913.382,12.2006
1913.5344,16.4022
1913.6868,18.1035
1913.8392,18.5571
1913.9916,18.042
1914.144,16.7068
1914.2964,14.8746
1914.4488,13.4872
1914.6012,14.7849
1914.7536,15.1544
1914.906,14.7794
1915.0584,14.5214
1915.2108,15.07
1915.3632,14.9909
1915.5156,14.2443
1915.668,13.7683
1915.8204,13.5848
1915.9728,14.3333
1916.1252,14.5963
1916.2776,14.0747
1916.43,12.8201
1916.5824,11.166
1916.7348,9.8947
1916.8872,9.6965
1917.0396,9.3737
1917.192,9.5026
1917.3444,10.393
1917.4968,12.2541
1917.6492,12.3245
1917.8016,11.8508
1917.954,11.249
1918.1064,11.5613
1918.2588,12.1906
1918.4112,11.9492
1918.5636,11.7515
1918.716,11.5301
1918.8684,11.9661
1919.0208,12.0165
1919.1732,11.2815
1919.3256,10.0448
1919.478,9.7384
1919.6304,10.0303
1919.7828,10.8307
1919.9352,11.7226
1920.0876,12.4461
1920.24,12.5243
1920.3924,11.4281
1920.5448,10.8908
1920.6972,11.0705
1920.8496,11.5134
1921.002,11.357
1921.1544,9.9492
1921.3068,8.8556
1921.4592,8.3783
1921.6116,9.0289
1921.764,9.6871
1921.9164,9.2763
1922.0688,8.423
1922.2212,8.3109
1922.3736,9.0222
1922.526,10.2976
1922.6784,11.9182
1922.8308,13.9108
1922.9832,13.9861
1923.1356,13.4854
1923.288,14.0655
1923.4404,14.9502
1923.5928,15.4214
1923.7452,14.7302
1923.8976,12.8588
1924.05,12.1797
1924.2024,12.3006
1924.3548,12.484
1924.5072,12.8187
1924.6596,12.6717
1924.812,11.9816
1924.9644,11.1661
1925.1168,10.767
1925.2692,10.6935
1925.4216,11.6277
1925.574,14.0613
1925.7264,17.4606
1925.8788,19.1158
1926.0312,19.1487
1926.1836,17.6357
1926.336,15.3509
1926.4884,13.4095
1926.6408,12.4667
1926.7932,12.1745
1926.9456,11.6815
1927.098,10.8832
1927.2504,10.2547
1927.4028,10.1337
1927.5552,10.2405
1927.7076,10.2998
1927.86,9.7659
1928.0124,9.4622
1928.1648,10.4484
1928.3172,11.991
1928.4696,11.8901
1928.622,11.4052
1928.7744,13.8056
1928.9268,16.4689
1929.0792,17.5434
1929.2316,16.5748
1929.384,15.0226
1929.5364,13.4875
1929.6888,13.0808
1929.8412,14.8708
1929.9936,16.927
1930.146,18.8205
1930.2984,19.4501
1930.4508,19.1528
1930.6032,18.3566
1930.7556,17.1059
1930.908,15.9474
1931.0604,16.1945
1931.2128,15.71
1931.3652,14.5746
1931.5176,13.9791
1931.67,15.03
1931.8224,17.056
1931.9748,17.9123
1932.1272,17.4237
1932.2796,15.9451
1932.432,13.6698
1932.5844,11.6115
1932.7368,10.3467
1932.8892,9.8311
1933.0416,10.1788
1933.194,11.278
1933.3464,12.2056
1933.4988,12.3067
1933.6512,11.8072
1933.8036,10.997
1933.956,11.4758
1934.1084,12.3316
1934.2608,13.9332
1934.4132,16.3682
1934.5656,18.1681
1934.718,19.1228
1934.8704,19.4145
1935.0228,18.3074
1935.1752,17.1533
1935.3276,16.1633
1935.48,15.4541
1935.6324,15.1022
1935.7848,15.2117
1935.9372,15.8781
1936.0896,16.4677
1936.242,15.6115
1936.3944,12.2351
1936.5468,10.6862
1936.6992,11.136
1936.8516,12.4568
1937.004,13.9385
1937.1564,15.2886
1937.3088,17.2241
1937.4612,18.719
1937.6136,20.2905
1937.766,20.8459
1937.9184,19.9604
1938.0708,18.5624
1938.2232,17.2753
1938.3756,15.8267
1938.528,13.1489
1938.6804,10.2335
1938.8328,9.1507
1938.9852,10.0712
1939.1376,11.2583
1939.29,12.1286
1939.4424,11.9824
1939.5948,10.9979
1939.7472,11.0691
1939.8996,11.8534
1940.052,12.6703
1940.2044,13.2329
1940.3568,13.1896
1940.5092,11.7607
1940.6616,9.9535
1940.814,8.0499
1940.9664,9.0843
1941.1188,11.4914
1941.2712,14.0597
1941.4236,14.3141
1941.576,14.0075
1941.7284,14.149
1941.8808,14.7353
1942.0332,15.6554
1942.1856,16.2514
1942.338,16.5412
1942.4904,16.77
1942.6428,16.8322
1942.7952,16.3865
1942.9476,15.3807
1943.1,14.626
1943.2524,15.2805
1943.4048,17.2481
1943.5572,19.4495
1943.7096,20.8404
1943.862,20.3467
1944.0144,19.7503
1944.1668,20.2429
1944.3192,21.2966
1944.4716,22.2025
1944.624,21.7469
1944.7764,20.7426
1944.9288,19.4337
1945.0812,18.6276
1945.2336,19.0169
1945.386,20.9603
1945.5384,24.366
1945.6908,25.2987
1945.8432,24.771
1945.9956,25.2748
1946.148,28.218
1946.3004,29.4797
1946.4528,30.3388
1946.6052,31.5739
1946.7576,32.0918
1946.91,29.6331
1947.0624,24.5165
1947.2148,20.6446
1947.3672,19.7868
1947.5196,21.0549
1947.672,23.8141
1947.8244,24.7133
1947.9768,24.5237
1948.1292,25.6495
1948.2816,28.1257
1948.434,27.8007
1948.5864,26.8705
1948.7388,26.6196
1948.8912,27.6029
1949.0436,28.0558
1949.196,27.7852
1949.3484,26.6139
1949.5008,24.9729
1949.6532,24.7749
1949.8056,26.318
1949.958,29.3088
1950.1104,32.2008
1950.2628,33.4523
1950.4152,33.1095
1950.5676,29.6553
1950.72,25.9523
1950.8724,22.8401
1951.0248,20.6169
1951.1772,20.7795
1951.3296,22.9862
1951.482,24.6653
1951.6344,24.442
1951.7868,23.0384
1951.9392,24.2871
1952.0916,26.8224
1952.244,29.7395
1952.3964,28.8252
1952.5488,26.4101
1952.7012,24.0627
1952.8536,22.3738
1953.006,21.6922
1953.1584,21.6988
1953.3108,20.9184
1953.4632,20.2268
1953.6156,20.1468
1953.768,20.404
1953.9204,21.2364
1954.0728,22.3574
1954.2252,22.6085
1954.3776,21.4808
1954.53,20.9462
1954.6824,22.0052
1954.8348,25.6063
1954.9872,27.8015
1955.1396,28.2111
1955.292,26.6462
1955.4444,25.1214
1955.5968,23.5827
1955.7492,22.0292
1955.9016,21.2648
1956.054,21.1759
1956.2064,23.329
1956.3588,29.9183
1956.5112,33.6998
1956.6636,34.478
1956.816,32.255
1956.9684,29.0814
1957.1208,28.836
1957.2732,30.7801
1957.4256,33.0882
1957.578,33.6923
1957.7304,33.5744
1957.8828,32.04
1958.0352,29.4786
1958.1876,27.2191
1958.34,26.3897
1958.4924,28.1985
1958.6448,28.2147
1958.7972,26.5704
1958.9496,23.9784
1959.102,23.2454
1959.2544,24.0639
1959.4068,26.2445
1959.5592,26.6159
1959.7116,26.2218
1959.864,27.3067
1960.0164,29.4594
1960.1688,30.0817
1960.3212,29.4736
1960.4736,27.3799
1960.626,25.2966
1960.7784,22.6197
1960.9308,20.5
1961.0832,20.4132
1961.2356,24.1371
1961.388,29.1738
1961.5404,30.4314
1961.6928,28.4335
1961.8452,24.4597
1961.9976,21.134
1962.15,18.6275
1962.3024,16.9332
1962.4548,15.7126
1962.6072,14.9846
1962.7596,14.7599
1962.912,14.5397
1963.0644,13.6012
1963.2168,11.8171
1963.3692,11.1546
1963.5216,12.3375
1963.674,13.3901
1963.8264,13.5182
1963.9788,12.9388
1964.1312,12.9716
1964.2836,12.8877
1964.436,11.715
1964.5884,10.08
1964.7408,9.4323
1964.8932,10.3369
1965.0456,11.7672
1965.198,12.1867
1965.3504,11.5025
1965.5028,9.9621
1965.6552,8.9829
1965.8076,8.7884
1965.96,10.4388
1966.1124,10.783
1966.2648,10.0149
1966.4172,10.0135
1966.5696,11.1047
1966.722,12.1238
1966.8744,13.008
1967.0268,13
1967.1792,12.8841
1967.3316,12.4637
1967.484,11.3177
1967.6364,10.2083
1967.7888,10.1318
1967.9412,11.3567
1968.0936,12.2019
1968.246,12.6081
1968.3984,13.2646
1968.5508,13.1731
1968.7032,11.7195
1968.8556,10.3721
1969.008,10.1818
1969.1604,10.9919
1969.3128,13.1491
1969.4652,15.166
1969.6176,15.1354
1969.77,12.6492
1969.9224,10.8972
1970.0748,10.771
1970.2272,12.3669
1970.3796,14.5181
1970.532,14.7874
1970.6844,13.5042
1970.8368,13.8806
1970.9892,13.6997
1971.1416,12.2945
1971.294,12.2417
1971.4464,13.7138
1971.5988,17.0123
1971.7512,17.7347
1971.9036,16.4067
1972.056,14.144
1972.2084,11.242
1972.3608,10.7591
1972.5132,11.0482
1972.6656,12.5143
1972.818,13.0172
1972.9704,13.401
1973.1228,12.6344
1973.2752,12.3636
1973.4276,13.338
1973.58,14.6192
1973.7324,14.3552
1973.8848,13.0523
1974.0372,11.0548
1974.1896,9.447
1974.342,8.3318
1974.4944,7.6713
1974.6468,8.0824
1974.7992,9.0511
1974.9516,9.7322
1975.104,9.9398
1975.2564,9.8262
1975.4088,9.7814
1975.5612,10.0372
1975.7136,10.5468
1975.866,12.0458
1976.0184,13.3512
1976.1708,13.0437
1976.3232,12.645
1976.4756,12.0168
1976.628,11.0481
1976.7804,10.6271
1976.9328,10.9905
1977.0852,11.3614
1977.2376,11.2768
1977.39,10.4796
1977.5424,9.9314
1977.6948,10.7132
1977.8472,10.8285
1977.9996,11.0193
1978.152,12.8825
1978.3044,14.752
1978.4568,15.4334
1978.6092,14.596
1978.7616,12.848
1978.914,11.0851
1979.0664,10.8506
1979.2188,10.5405
1979.3712,10.1264
1979.5236,10.241
1979.676,11.9657
1979.8284,12.6647
1979.9808,12.3881
1980.1332,11.5229
1980.2856,11.7203
1980.438,12.2363
1980.5904,12.0911
1980.7428,11.4504
1980.8952,10.7228
1981.0476,10.5731
1981.2,10.9334
1981.3524,11.9245
1981.5048,12.2525
1981.6572,11.7292
1981.8096,10.7824
1981.962,10.281
1982.1144,10.1649
1982.2668,10.9658
1982.4192,13.2728
1982.5716,13.194
1982.724,11.0367
1982.8764,8.7463
1983.0288,8.4595
1983.1812,9.2804
1983.3336,9.5636
1983.486,8.3253
1983.6384,7.18
1983.7908,6.9685
1983.9432,7.4212
1984.0956,8.0634
1984.248,8.2574
1984.4004,9.7929
1984.5528,10.6588
1984.7052,10.6375
1984.8576,10.2731
1985.01,9.6132
1985.1624,9.1861
1985.3148,9.4365
1985.4672,9.9697
1985.6196,9.9354
1985.772,9.4253
1985.9244,8.6538
1986.0768,8.1166
1986.2292,8.0283
1986.3816,8.5919
1986.534,9.7198
1986.6864,9.8171
1986.8388,8.952
1986.9912,7.9791
1987.1436,7.3615
1987.296,7.2545
1987.4484,8.2839
1987.6008,10.3353
1987.7532,10.9985
1987.9056,10.6765
1988.058,11.1338
1988.2104,12.0721
1988.3628,12.177
1988.5152,11.1497
1988.6676,9.507
1988.82,8.4631
1988.9724,8.29
1989.1248,8.7293
1989.2772,9.6004
1989.4296,9.4717
1989.582,9.189
1989.7344,8.4386
1989.8868,8.0622
1990.0392,7.9527
1990.1916,8.1906
1990.344,8.188
1990.4964,7.8731
1990.6488,7.8411
1990.8012,8.1956
1990.9536,9.9191
1991.106,10.0186
1991.2584,9.3287
1991.4108,7.8224
1991.5632,7.5046
1991.7156,7.8266
1991.868,9.1832
1992.0204,10.3617
1992.1728,11.8508
1992.3252,10.8791
1992.4776,9.6771
1992.63,8.9494
1992.7824,8.7243
1992.9348,9.323
1993.0872,10.7367
1993.2396,11.4087
1993.392,10.5669
1993.5444,9.2944
1993.6968,9.4447
1993.8492,9.4703
1994.0016,8.3883
1994.154,6.8735
1994.3064,5.7492
1994.4588,5.337
1994.6112,5.7743
1994.7636,6.9185
1994.916,8.961
1995.0684,9.5887
1995.2208,8.9331
1995.3732,8.714
1995.5256,8.6477
1995.678,9.3656
1995.8304,11.0438
1995.9828,12.4412
1996.1352,12.7218
1996.2876,11.3284
1996.44,9.9196
1996.5924,8.9978
1996.7448,8.8684
1996.8972,9.1336
1997.0496,9.2599
1997.202,9.0736
1997.3544,8.4774
1997.5068,7.4811
1997.6592,7.0598
1997.8116,7.5244
1997.964,8.6265
1998.1164,9.4725
1998.2688,9.754
1998.4212,9.4132
1998.5736,8.4685
1998.726,8.3742
1998.8784,8.6748
1999.0308,9.2927
1999.1832,9.3625
1999.3356,8.9015
1999.488,8.5897
1999.6404,8.8973
1999.7928,9.2297
1999.9452,9.3033
2000.0976,9.3433
2000.25,9.1621
2000.4024,8.7058
2000.5548,7.7749
2000.7072,7.0649
2000.8596,8.6672
2001.012,9.7599
2001.1644,10.0991
2001.3168,10.172
2001.4692,11.1078
2001.6216,13.3454
2001.774,14.3479
2001.9264,13.6306
2002.0788,11.6643
2002.2312,10.6576
2002.3836,10.8396
2002.536,10.1018
2002.6884,8.8874
2002.8408,7.9598
2002.9932,7.7907
2003.1456,7.7701
2003.298,7.3201
2003.4504,7.213
2003.6028,8.4128
2003.7552,9.6507
2003.9076,10.2582
2004.06,9.9645
2004.2124,9.7914
2004.3648,10.4968
2004.5172,11.6736
2004.6696,11.7983
2004.822,10.7974
2004.9744,9.261
2005.1268,9.9083
2005.2792,11.1613
2005.4316,11.0585
2005.584,9.7075
2005.7364,8.7872
2005.8888,9.422
2006.0412,9.4593
2006.1936,9.1071
2006.346,9.9368
2006.4984,11.501
2006.6508,12.1978
2006.8032,11.9845
2006.9556,11.5351
2007.108,10.5324
2007.2604,9.5041
2007.4128,9.9348
2007.5652,10.384
2007.7176,10.3365
2007.87,9.465
2008.0224,8.0175
2008.1748,6.7102
2008.3272,6.7927
2008.4796,8.5015
2008.632,10.0761
2008.7844,11.2528
2008.9368,11.3437
2009.0892,10.4018
2009.2416,9.6788
2009.394,10.2501
2009.5464,10.7672
2009.6988,9.9291
2009.8512,8.8025
2010.0036,8.1355
2010.156,9.1987
2010.3084,8.8992
2010.4608,8.5657
2010.6132,9.1483
2010.7656,9.711
2010.918,9.6157
2011.0704,9.6452
2011.2228,10.0886
2011.3752,11.2309
2011.5276,10.9743
2011.68,9.5214
2011.8324,9.4027
2011.9848,10.9217
2012.1372,13.5588
2012.2896,15.0014
2012.442,13.8525
2012.5944,11.3159
2012.7468,7.805
2012.8992,7.1257
2013.0516,7.5346
2013.204,9.2692
2013.3564,10.9963
2013.5088,12.6643
2013.6612,13.2368
2013.8136,12.0975
2013.966,9.8283
2014.1184,8.3898
2014.2708,9.0804
2014.4232,9.5923
2014.5756,9.0997
2014.728,8.32
2014.8804,7.6684
2015.0328,8.5709
2015.1852,11.1874
2015.3376,13.2075
2015.49,13.1442
2015.6424,12.3617
2015.7948,11.4901
2015.9472,10.8294
2016.0996,10.7895
2016.252,11.5403
2016.4044,12.9354
2016.5568,14.3114
2016.7092,15.4136
2016.8616,16.521
2017.014,17.0973
2017.1664,17.1008
2017.3188,16.653
2017.4712,15.905
2017.6236,14.8469
2017.776,13.5453
2017.9284,13.0545
2018.0808,15.1072
2018.2332,18.4579
2018.3856,20.6881
2018.538,20.0546
2018.6904,17.2301
2018.8428,14.1344
2018.9952,11.8756
2019.1476,10.7506
2019.3,10.3722
2019.4524,10.8915
2019.6048,11.9145
2019.7572,14.0895
2019.9096,17.626
2020.062,20.8799
2020.2144,20.5475
2020.3668,17.5574
2020.5192,14.5302
2020.6716,12.4759
2020.824,11.9111
2020.9764,13.2414
2021.1288,15.6197
2021.2812,16.4606
2021.4336,14.2724
2021.586,11.2524
2021.7384,10.2603
2021.8908,11.847
2022.0432,13.8769
2022.1956,15.0994
2022.348,17.6955
2022.5004,19.8742
2022.6528,20.1682
2022.8052,17.9142
2022.9576,13.5131
2023.11,10.6548
2023.2624,8.8327
2023.4148,8.3557
2023.5672,10.0974
2023.7196,14.4465
2023.872,16.9262
2024.0244,17.9343
2024.1768,17.6196
2024.3292,15.8982
2024.4816,13.261
2024.634,10.769
2024.7864,10.033
2024.9388,10.514
2025.0912,11.5699
2025.2436,11.4598
2025.396,11.9439
2025.5484,12.9506
2025.7008,14.6417
2025.8532,16.1111
2026.0056,15.3724
2026.158,14.2479
2026.3104,12.627
2026.4628,11.1065
2026.6152,10.2227
2026.7676,10.1327
2026.92,11.0163
2027.0724,12.5928
2027.2248,13.5256
2027.3772,13.5347
2027.5296,13.3936
2027.682,13.7764
2027.8344,13.6788
2027.9868,12.4042
2028.1392,10.8338
2028.2916,10.609
2028.444,11.3822
2028.5964,12.6335
2028.7488,13.8082
2028.9012,14.5318
2029.0536,14.2347
2029.206,13.181
2029.3584,12.1593
2029.5108,11.5828
2029.6632,11.916
2029.8156,12.5751
2029.968,12.7039
2030.1204,11.9772
2030.2728,11.4026
2030.4252,12.3373
2030.5776,12.9305
2030.73,14.2596
2030.8824,13.7312
2031.0348,11.8793
2031.1872,10.9844
2031.3396,11.2124
2031.492,11.7225
2031.6444,11.7218
2031.7968,11.2971
2031.9492,10.9434
2032.1016,12.2479
2032.254,12.8508
2032.4064,12.5732
2032.5588,11.6636
2032.7112,11.5531
2032.8636,12.7735
2033.016,14.5129
2033.1684,16.2243
2033.3208,17.0924
2033.4732,16.5816
2033.6256,14.1062
2033.778,10.9853
2033.9304,9.4867
2034.0828,9.5799
2034.2352,10.7935
2034.3876,12.8351
2034.54,14.6169
2034.6924,15.2949
2034.8448,14.6358
2034.9972,12.8746
2035.1496,11.3473
2035.302,11.0048
2035.4544,12.4032
2035.6068,13.9784
2035.7592,14.5008
2035.9116,13.5092
2036.064,13.0128
2036.2164,12.5153
2036.3688,12.0499
2036.5212,12.057
2036.6736,12.1093
2036.826,12.676
2036.9784,14.592
2037.1308,15.5603
2037.2832,15.0752
2037.4356,13.2711
2037.588,12.4512
2037.7404,11.8525
2037.8928,11.2931
2038.0452,10.8736
2038.1976,11.3675
2038.35,12.445
2038.5024,12.6684
2038.6548,12.3277
2038.8072,13.012
2038.9596,14.5732
2039.112,15.8074
2039.2644,15.4723
2039.4168,13.997
2039.5692,13.3557
2039.7216,12.5727
2039.874,12.1221
2040.0264,11.9399
2040.1788,11.6274
2040.3312,11.1637
2040.4836,11.1279
2040.636,11.5724
2040.7884,12.8314
2040.9408,13.9988
2041.0932,13.9296
2041.2456,13.3915
2041.398,13.6501
2041.5504,14.5183
2041.7028,14.6654
2041.8552,13.9162
2042.0076,11.9183
2042.16,10.3597
2042.3124,10.4812
2042.4648,11.6091
2042.6172,11.7548
2042.7696,11.807
2042.922,12.1502
2043.0744,12.3187
2043.2268,12.3489
2043.3792,11.5665
2043.5316,10.82
2043.684,10.86
2043.8364,11.3963
2043.9888,12.0412
2044.1412,12.5939
2044.2936,13.0332
2044.446,13.8489
2044.5984,14.6348
2044.7508,15.0889
2044.9032,14.3777
2045.0556,12.9167
2045.208,10.616
2045.3604,10.1256
2045.5128,11.0837
2045.6652,11.5214
2045.8176,11.5931
2045.97,11.4767
2046.1224,11.0699
2046.2748,10.6687
2046.4272,10.7915
2046.5796,11.8687
2046.732,13.3466
2046.8844,14.2939
2047.0368,14.1992
2047.1892,13.5938
2047.3416,12.7439
2047.494,12.1234
2047.6464,12.3888
2047.7988,12.7375
2047.9512,12.5707
2048.1036,11.8088
2048.256,10.6377
2048.4084,10.3974
2048.5608,11.0569
2048.7132,11.3565
2048.8656,10.6636
2049.018,10.4656
2049.1704,10.5809
2049.3228,10.7467
2049.4752,11.1279
2049.6276,10.8929
2049.78,9.4101
2049.9324,8.2509
2050.0848,8.3491
2050.2372,9.5078
2050.3896,10.8207
2050.542,11.8563
2050.6944,11.8492
2050.8468,12.748
2050.9992,13.3608
2051.1516,13.7752
2051.304,13.4671
2051.4564,11.4241
2051.6088,10.4493
2051.7612,10.5815
2051.9136,10.7942
2052.066,10.6072
2052.2184,10.3725
2052.3708,9.6489
2052.5232,9.0293
2052.6756,8.4737
2052.828,8.238
2052.9804,8.4441
2053.1328,9.7853
2053.2852,11.539
2053.4376,12.476
2053.59,12.5948
2053.7424,12.0602
2053.8948,11.3781
2054.0472,11.2465
2054.1996,11.9222
2054.352,13.678
2054.5044,14.7768
2054.6568,14.6128
2054.8092,13.8162
2054.9616,12.5686
2055.114,11.4494
2055.2664,10.8909
2055.4188,10.9963
2055.5712,12.5793
2055.7236,13.5052
2055.876,13.2183
2056.0284,12.2806
2056.1808,12.1089
2056.3332,11.9634
2056.4856,11.5757
2056.638,11.0472
2056.7904,10.7619
2056.9428,12.1407
2057.0952,13.9313
2057.2476,14.4814
2057.4,13.674
2057.5524,11.5881
2057.7048,11.2629
2057.8572,13.1295
2058.0096,15.1272
2058.162,16.1113
2058.3144,15.62
2058.4668,14.1676
2058.6192,13.3866
2058.7716,13.1777
2058.924,13.4753
2059.0764,13.9429
2059.2288,14.7259
2059.3812,14.9215
2059.5336,14.3904
2059.686,13.4509
2059.8384,12.9494
2059.9908,12.9507
2060.1432,13.1277
2060.2956,12.6003
2060.448,13.2123
2060.6004,14.4268
2060.7528,14.9792
2060.9052,14.3167
2061.0576,13.1213
2061.21,12.5369
2061.3624,12.8064
2061.5148,12.6117
2061.6672,12.4967
2061.8196,12.1184
2061.972,12.3915
2062.1244,13.2551
2062.2768,13.4367
2062.4292,12.9889
2062.5816,12.7834
2062.734,13.655
2062.8864,13.7922
2063.0388,13.1785
2063.1912,12.083
2063.3436,11.4248
2063.496,11.6168
2063.6484,11.3762
2063.8008,10.4051
2063.9532,9.6929
2064.1056,9.8387
2064.258,10.7725
2064.4104,13.6274
2064.5628,14.9719
2064.7152,15.1278
2064.8676,15.2375
2065.02,15.2467
2065.1724,14.9702
2065.3248,14.8965
2065.4772,14.8516
2065.6296,14.9165
2065.782,15.4083
2065.9344,16.4032
2066.0868,18.1519
2066.2392,18.6186
2066.3916,17.6104
2066.544,16.6159
2066.6964,16.0846
2066.8488,16.3874
2067.0012,17.9754
2067.1536,18.9059
2067.306,19.3345
2067.4584,18.8347
2067.6108,17.822
2067.7632,16.7286
2067.9156,15.6288
2068.068,16.0894
2068.2204,18.4152
2068.3728,18.5342
2068.5252,19.2262
2068.6776,19.5803
2068.83,19.6246
2068.9824,18.7834
2069.1348,16.9556
2069.2872,15.7118
2069.4396,17.4789
2069.592,19.1715
2069.7444,19.0727
2069.8968,18.2688
2070.0492,18.5956
2070.2016,17.8016
2070.354,17.217
2070.5064,16.8515
2070.6588,16.6091
2070.8112,16.3791
2070.9636,16.453
2071.116,16.6102
2071.2684,17.575
2071.4208,19.2085
2071.5732,19.9793
2071.7256,19.6137
2071.878,17.9522
2072.0304,16.855
2072.1828,16.9974
2072.3352,17.0287
2072.4876,16.6779
2072.64,16.5409
2072.7924,17.1668
2072.9448,17.4031
2073.0972,16.8049
2073.2496,15.3099
2073.402,14.6309
2073.5544,17.551
2073.7068,21.0133
2073.8592,23.1906
2074.0116,23.7737
2074.164,21.6438
2074.3164,19.9889
2074.4688,19.8812
2074.6212,19.8434
2074.7736,19.2857
2074.926,18.4843
2075.0784,17.5278
2075.2308,17.0213
2075.3832,17.2357
2075.5356,17.9994
2075.688,18.5771
2075.8404,18.0997
2075.9928,17.1418
2076.1452,16.5838
2076.2976,18.0553
2076.45,19.2716
2076.6024,19.6471
2076.7548,19.7142
2076.9072,19.3127
2077.0596,18.6703
2077.212,17.4356
2077.3644,16.4291
2077.5168,17.2812
2077.6692,18.4835
2077.8216,18.5133
2077.974,17.2119
2078.1264,15.7296
2078.2788,15.1438
2078.4312,14.9204
2078.5836,15.072
2078.736,16.5117
2078.8884,19.7761
2079.0408,20.6259
2079.1932,19.418
2079.3456,17.8889
2079.498,17.4074
2079.6504,17.7385
2079.8028,18.2797
2079.9552,19.1409
2080.1076,20.2683
2080.26,21.2855
2080.4124,22.0667
2080.5648,21.7846
2080.7172,20.3525
2080.8696,18.8195
2081.022,16.9319
2081.1744,16.1505
2081.3268,17.9901
2081.4792,21.6286
2081.6316,22.8772
2081.784,23.1567
2081.9364,22.5071
2082.0888,21.5113
2082.2412,20.8862
2082.3936,21.2603
2082.546,21.549
2082.6984,21.7506
2082.8508,21.6531
2083.0032,21.0263
2083.1556,19.9883
2083.308,18.6588
2083.4604,18.3793
2083.6128,17.9575
2083.7652,17.4959
2083.9176,17.4891
2084.07,18.765
2084.2224,20.4958
2084.3748,20.9251
2084.5272,20.0756
2084.6796,18.4183
2084.832,18.4568
2084.9844,19.5075
2085.1368,20.1328
2085.2892,19.297
2085.4416,17.1625
2085.594,17.429
2085.7464,18.0294
2085.8988,18.0038
2086.0512,16.9276
2086.2036,15.6944
2086.356,15.1247
2086.5084,14.8283
2086.6608,14.5944
2086.8132,14.3461
2086.9656,15.6403
2087.118,18.5008
2087.2704,19.6783
2087.4228,18.0091
2087.5752,14.5286
2087.7276,14.3691
2087.88,16.5857
2088.0324,16.9833
2088.1848,15.6501
2088.3372,14.4304
2088.4896,13.7149
2088.642,14.6341
2088.7944,16.3055
2088.9468,18.2303
2089.0992,19.8779
2089.2516,20.6353
2089.404,20.8953
2089.5564,21.1316
2089.7088,21.2839
2089.8612,20.899
2090.0136,19.1846
2090.166,17.421
2090.3184,15.9545
2090.4708,16.3775
2090.6232,18.3884
2090.7756,22.059
2090.928,25.1601
2091.0804,26.4689
2091.2328,27.1065
2091.3852,27.1414
2091.5376,24.7328
2091.69,22.1189
2091.8424,17.146
2091.9948,17.953
2092.1472,19.2657
2092.2996,20.5948
2092.452,22.5434
2092.6044,23.4837
2092.7568,23.0742
2092.9092,21.4515
2093.0616,19.8051
2093.214,19.0926
2093.3664,19.2175
2093.5188,20.8274
2093.6712,23.0265
2093.8236,26.4983
2093.976,29.3923
2094.1284,29.2255
2094.2808,26.9411
2094.4332,25.4305
2094.5856,24.8614
2094.738,24.9465
2094.8904,26.4073
2095.0428,28.8866
2095.1952,31.6872
2095.3476,34.6683
2095.5,34.6156
2095.6524,32.3514
2095.8048,29.3227
2095.9572,26.1641
2096.1096,25.8411
2096.262,29.1587
2096.4144,35.5775
2096.5668,37.6246
2096.7192,34.1191
2096.8716,32.9012
2097.024,32.6007
2097.1764,31.9548
2097.3288,30.506
2097.4812,28.5116
2097.6336,28.1939
2097.786,30.7166
2097.9384,32.2438
2098.0908,31.2235
2098.2432,29.5017
2098.3956,30.1724
2098.548,32.4507
2098.7004,32.4482
2098.8528,31.0803
2099.0052,30.5894
2099.1576,30.8896
2099.31,34.3705
2099.4624,36.4034
2099.6148,39.1259
2099.7672,38.6659
2099.9196,36.2624
2100.072,33.0126
2100.2244,30.212
2100.3768,28.8034
2100.5292,29.7273
2100.6816,32.8836
2100.834,34.8978
2100.9864,34.172
2101.1388,33.1342
2101.2912,32.9616
2101.4436,33.1947
2101.596,32.9098
2101.7484,31.2689
2101.9008,29.8049
2102.0532,30.0012
2102.2056,32.2258
2102.358,32.7831
2102.5104,32.0234
2102.6628,31.355
2102.8152,31.3706
2102.9676,31.3741
2103.12,30.7751
2103.2724,29.9385
2103.4248,29.6038
2103.5772,28.1201
2103.7296,25.9326
2103.882,25.9098
2104.0344,27.6938
2104.1868,31.6966
2104.3392,32.6633
2104.4916,31.8829
2104.644,30.3325
2104.7964,28.9138
2104.9488,28.2604
2105.1012,28.3398
2105.2536,29.6773
2105.406,31.5534
2105.5584,32.3301
2105.7108,31.3031
2105.8632,29.9632
2106.0156,30.2008
2106.168,30.7456
2106.3204,29.086
2106.4728,26.3403
2106.6252,23.4126
2106.7776,21.8295
2106.93,22.2496
2107.0824,25.0138
2107.2348,26.1459
2107.3872,26.1052
2107.5396,26.0519
2107.692,27.5374
2107.8444,30.4923
2107.9968,30.7884
2108.1492,28.7221
2108.3016,24.4397
2108.454,22.8637
2108.6064,24.3334
2108.7588,27.455
2108.9112,29.7367
2109.0636,30.3857
2109.216,30.0947
2109.3684,30.4666
2109.5208,31.7552
2109.6732,31.6282
2109.8256,30.3038
2109.978,27.8377
2110.1304,26.8869
2110.2828,26.6864
2110.4352,26.5432
2110.5876,25.652
2110.74,23.9505
2110.8924,22.7892
2111.0448,23.7446
2111.1972,26.4669
2111.3496,30.0899
2111.502,31.2831
2111.6544,30.8181
2111.8068,29.0571
2111.9592,29.3222
2112.1116,30.9803
2112.264,31.48
2112.4164,30.3466
2112.5688,29.0206
2112.7212,28.6918
2112.8736,30.0526
2113.026,31.3064
2113.1784,32.1617
2113.3308,32.0384
2113.4832,31.0515
2113.6356,29.7395
2113.788,29.5037
2113.9404,30.2382
2114.0928,31.2557
2114.2452,31.3286
2114.3976,30.1454
2114.55,28.3466
2114.7024,26.8725
2114.8548,26.4897
2115.0072,27.6057
2115.1596,29.1826
2115.312,29.8125
2115.4644,29.3333
2115.6168,28.3054
2115.7692,27.6268
2115.9216,27.866
2116.074,28.5572
2116.2264,29.5004
2116.3788,30.7222
2116.5312,31.3163
2116.6836,31.0126
2116.836,30.0819
2116.9884,29.1125
2117.1408,28.131
2117.2932,27.3247
2117.4456,27.0649
2117.598,27.1942
2117.7504,27.6421
2117.9028,28.5652
2118.0552,29.0749
2118.2076,28.9453
2118.36,29.4527
2118.5124,32.5962
2118.6648,36.7378
2118.8172,37.4382
2118.9696,35.7815
2119.122,34.8659
2119.2744,36.3872
2119.4268,38.572
2119.5792,38.5285
2119.7316,37.0512
2119.884,36.2014
2120.0364,36.897
2120.1888,37.761
2120.3412,36.1023
2120.4936,34.0063
2120.646,32.4654
2120.7984,31.4974
2120.9508,32.5751
2121.1032,35.633
2121.2556,38.2598
2121.408,39.2249
2121.5604,39.185
2121.7128,38.5046
2121.8652,37.6836
2122.0176,36.3277
2122.17,35.084
2122.3224,34.2379
2122.4748,34.4406
2122.6272,35.8874
2122.7796,37.7312
2122.932,39.0539
2123.0844,39.5707
2123.2368,39.44
2123.3892,37.679
2123.5416,36.4674
2123.694,36.0927
2123.8464,37.9759
2123.9988,39.8497
2124.1512,39.0905
2124.3036,37.773
2124.456,36.1456
2124.6084,34.4722
2124.7608,33.4634
2124.9132,32.8996
2125.0656,33.637
2125.218,34.7907
2125.3704,34.8279
2125.5228,34.2575
2125.6752,33.6592
2125.8276,33.7125
2125.98,35.1217
2126.1324,37.2534
2126.2848,37.8714
2126.4372,36.3294
2126.5896,35.2804
2126.742,37.2759
2126.8944,41.5205
2127.0468,45.531
2127.1992,47.3073
2127.3516,47.3661
2127.504,46.2571
2127.6564,43.7399
2127.8088,41.7575
2127.9612,41.1584
2128.1136,42.266
2128.266,44.5108
2128.4184,45.1304
2128.5708,43.9303
2128.7232,42.2078
2128.8756,41.5332
2129.028,40.5134
2129.1804,37.6953
2129.3328,36.7072
2129.4852,35.8622
2129.6376,33.937
2129.79,30.5874
2129.9424,27.2016
2130.0948,24.3233
2130.2472,22.1405
2130.3996,20.2883
2130.552,20.9068
2130.7044,25.5178
2130.8568,27.4296
2131.0092,26.8125
2131.1616,25.9592
2131.314,26.5885
2131.4664,29.0135
2131.6188,28.7201
2131.7712,27.3641
2131.9236,25.9499
2132.076,25.9044
2132.2284,27.6502
2132.3808,28.3168
2132.5332,27.8295
2132.6856,27.7148
2132.838,28.8192
2132.9904,29.562
2133.1428,28.7544
2133.2952,26.2789
2133.4476,24.3359
2133.6,24.5714
2133.7524,26.6658
2133.9048,29.9906
2134.0572,31.4592
2134.2096,31.5528
2134.362,29.9792
2134.5144,28.6036
2134.6668,29.5712
2134.8192,29.4832
2134.9716,28.2778
2135.124,27.6649
2135.2764,26.9234
2135.4288,25.7917
2135.5812,24.3219
2135.7336,25.0015
2135.886,26.8052
2136.0384,27.1031
2136.1908,26.1669
2136.3432,25.007
2136.4956,24.6804
2136.648,25.0272
2136.8004,25.3569
2136.9528,25.4879
2137.1052,24.3784
2137.2576,23.2778
2137.41,25.1788
2137.5624,27.1947
2137.7148,29.3342
2137.8672,27.7095
2138.0196,25.5254
2138.172,25.6857
2138.3244,28.579
2138.4768,30.614
2138.6292,31.422
2138.7816,30.9499
2138.934,30.1178
2139.0864,28.9666
2139.2388,27.6451
2139.3912,26.4914
2139.5436,24.1691
2139.696,23.3783
2139.8484,24.1839
2140.0008,25.2422
2140.1532,25.7161
2140.3056,26.2493
2140.458,28.1432
2140.6104,28.5162
2140.7628,27.5281
2140.9152,27.0164
2141.0676,28.3505
2141.22,31.8518
2141.3724,34.2709
2141.5248,33.3136
2141.6772,30.075
2141.8296,27.9564
2141.982,28.1856
2142.1344,29.0862
2142.2868,29.4981
2142.4392,28.765
2142.5916,27.7493
2142.744,27.2841
2142.8964,27.6469
2143.0488,28.3669
2143.2012,29.881
2143.3536,34.1074
2143.506,38.3785
2143.6584,38.0727
2143.8108,35.2807
2143.9632,33.6931
2144.1156,34.429
2144.268,36.9898
2144.4204,38.153
2144.5728,38.9052
2144.7252,40.0415
2144.8776,40.329
2145.03,39.6263
2145.1824,39.4704
2145.3348,41.0297
2145.4872,41.5276
2145.6396,40.9668
2145.792,40.1192
2145.9444,40.266
2146.0968,40.2698
2146.2492,39.2064
2146.4016,38.579
2146.554,39.6362
2146.7064,40.8697
2146.8588,42.0461
2147.0112,41.4829
2147.1636,39.2755
2147.316,38.6469
2147.4684,38.9684
2147.6208,40.2413
2147.7732,40.1729
2147.9256,38.211
2148.078,35.2699
2148.2304,33.3755
2148.3828,34.2016
2148.5352,36.3294
2148.6876,37.5327
2148.84,38.5191
2148.9924,37.7162
2149.1448,35.7864
2149.2972,33.7109
2149.4496,31.709
2149.602,30.2185
2149.7544,29.4288
2149.9068,29.4123
2150.0592,29.6139
2150.2116,29.6171
2150.364,29.1732
2150.5164,29.0701
2150.6688,29.6106
2150.8212,29.9992
2150.9736,29.3551
2151.126,28.9985
2151.2784,30.7223
2151.4308,34.6224
2151.5832,37.6545
2151.7356,35.8685
2151.888,32.3036
2152.0404,29.8945
2152.1928,29.9149
2152.3452,29.5885
2152.4976,26.9546
2152.65,25.9884
2152.8024,26.5245
2152.9548,28.477
2153.1072,29.3932
2153.2596,29.4117
2153.412,29.2818
2153.5644,28.3676
2153.7168,25.1007
2153.8692,24.4093
2154.0216,27.284
2154.174,32.6588
2154.3264,36.424
2154.4788,35.9745
2154.6312,33.9867
2154.7836,33.1029
2154.936,33.3514
2155.0884,33.6814
2155.2408,33.6952
2155.3932,33.599
2155.5456,32.3374
2155.698,30.0479
2155.8504,30.0879
2156.0028,33.559
2156.1552,34.138
2156.3076,31.437
2156.46,28.4456
2156.6124,27.0212
2156.7648,29.6367
2156.9172,32.6288
2157.0696,35.0979
2157.222,34.579
2157.3744,33.2736
2157.5268,32.4249
2157.6792,33.9821
2157.8316,34.8751
2157.984,35.0577
2158.1364,35.5114
2158.2888,37.6788
2158.4412,39.7571
2158.5936,39.5411
2158.746,37.4453
2158.8984,34.6627
2159.0508,34.3168
2159.2032,33.4625
2159.3556,32.3429
2159.508,32.1627
2159.6604,32.2382
2159.8128,33.0125
2159.9652,32.5217
2160.1176,31.4587
2160.27,31.05
2160.4224,31.3308
2160.5748,30.4038
2160.7272,28.0889
2160.8796,25.5001
2161.032,24.6219
2161.1844,25.5426
2161.3368,27.3714
2161.4892,27.6185
2161.6416,27.6409
2161.794,28.1374
2161.9464,28.7884
2162.0988,29.466
2162.2512,28.501
2162.4036,27.1067
2162.556,25.6518
2162.7084,24.8222
2162.8608,25.4633
2163.0132,26.4586
2163.1656,27.4522
2163.318,26.5
2163.4704,25.1762
2163.6228,24.185
2163.7752,25.5156
2163.9276,28.5091
2164.08,30.747
2164.2324,31.4982
2164.3848,30.4854
2164.5372,28.5256
2164.6896,26.354
2164.842,25.2678
2164.9944,24.6253
2165.1468,24.2387
2165.2992,23.3334
2165.4516,22.7399
2165.604,23.3977
2165.7564,25.0367
2165.9088,27.4495
2166.0612,29.9284
2166.2136,29.828
2166.366,27.8779
2166.5184,25.6952
2166.6708,24.4204
2166.8232,23.7803
2166.9756,24.1716
2167.128,25.4185
2167.2804,27.4329
2167.4328,29.257
2167.5852,30.1166
2167.7376,30.2439
2167.89,30.1294
2168.0424,30.007
2168.1948,29.6655
2168.3472,29.5134
2168.4996,30.4993
2168.652,31.7753
2168.8044,31.505
2168.9568,29.9012
2169.1092,28.4685
2169.2616,27.9575
2169.414,28.916
2169.5664,29.3418
2169.7188,29.1905
2169.8712,29.2679
2170.0236,31.0778
2170.176,31.7316
2170.3284,31.0341
2170.4808,30.7956
2170.6332,32.1655
2170.7856,33.4966
2170.938,33.3175
2171.0904,32.1784
2171.2428,30.8142
2171.3952,30.7732
2171.5476,32.0432
2171.7,33.6632
2171.8524,34.2108
2172.0048,33.5032
2172.1572,32.4299
2172.3096,31.0077
2172.462,29.5897
2172.6144,28.442
2172.7668,28.2129
2172.9192,30.4623
2173.0716,33.0653
2173.224,35.6729
2173.3764,35.0093
2173.5288,30.9751
2173.6812,25.8378
2173.8336,24.7045
2173.986,27.2548
2174.1384,30.392
2174.2908,31.2284
2174.4432,30.4342
2174.5956,29.1314
2174.748,28.5451
2174.9004,29.7105
2175.0528,31.2288
2175.2052,32.2773
2175.3576,32.2346
2175.51,31.7873
2175.6624,30.7816
2175.8148,29.3582
2175.9672,25.8443
2176.1196,23.319
2176.272,23.1732
2176.4244,24.4565
2176.5768,24.4571
2176.7292,23.9989
2176.8816,24.2734
2177.034,26.3822
2177.1864,29.3331
2177.3388,30.2432
2177.4912,31.2749
2177.6436,34.1784
2177.796,38.9581
2177.9484,39.7733
2178.1008,38.9978
2178.2532,36.8595
2178.4056,36.0201
2178.558,37.1908
2178.7104,37.7667
2178.8628,37.3426
2179.0152,35.8967
2179.1676,35.4718
2179.32,35.0625
2179.4724,33.0124
2179.6248,30.6808
2179.7772,29.0263
2179.9296,29.0224
2180.082,29.7114
2180.2344,32.0183
2180.3868,33.0501
2180.5392,33.5842
2180.6916,34.0458
2180.844,34.1301
2180.9964,33.5706
2181.1488,32.5002
2181.3012,30.5198
2181.4536,28.1941
2181.606,26.8882
2181.7584,26.6834
2181.9108,27.0187
2182.0632,27.472
2182.2156,27.595
2182.368,28.4849
2182.5204,29.7446
2182.6728,29.5702
2182.8252,28.7405
2182.9776,28.1711
2183.13,27.4116
2183.2824,26.9275
2183.4348,27.2529
2183.5872,28.4743
2183.7396,31.7845
2183.892,34.46
2184.0444,34.5186
2184.1968,32.7976
2184.3492,29.9253
2184.5016,27.5416
2184.654,27.365
2184.8064,29.1614
2184.9588,30.2406
2185.1112,30.3763
2185.2636,30.2358
2185.416,29.9673
2185.5684,29.8515
2185.7208,30.5335
2185.8732,30.5849
2186.0256,29.7084
2186.178,28.438
2186.3304,27.0996
2186.4828,26.9697
2186.6352,28.1781
2186.7876,31.033
2186.94,33.4444
2187.0924,33.4654
2187.2448,31.3895
2187.3972,27.5034
2187.5496,25.2304
2187.702,24.6926
2187.8544,26.0244
2188.0068,27.1438
2188.1592,27.0307
2188.3116,26.7608
2188.464,26.7527
2188.6164,27.7767
2188.7688,30.7866
2188.9212,32.7725
2189.0736,30.9626
2189.226,29.626
2189.3784,29.8809
2189.5308,31.5285
2189.6832,31.5551
2189.8356,29.7218
2189.988,28.3926
2190.1404,28.6701
2190.2928,29.7294
2190.4452,30.1271
2190.5976,29.2962
2190.75,27.7509
2190.9024,26.8066
2191.0548,26.9183
2191.2072,26.758
2191.3596,25.4357
2191.512,24.7612
2191.6644,25.1368
2191.8168,27.5982
2191.9692,31.2976
2192.1216,33.2785
2192.274,32.9422
2192.4264,31.1965
2192.5788,28.2356
2192.7312,26.9722
2192.8836,29.2066
2193.036,31.6731
2193.1884,31.2058
2193.3408,29.0051
2193.4932,28.0372
2193.6456,29.7966
2193.798,32.4514
2193.9504,33.7857
2194.1028,33.7127
2194.2552,33.4393
2194.4076,32.0525
2194.56,29.2631
2194.7124,24.2984
2194.8648,23.7151
2195.0172,27.376
2195.1696,30.7569
2195.322,30.0903
2195.4744,27.2488
2195.6268,26.3654
2195.7792,27.9335
2195.9316,31.6202
2196.084,33.8265
2196.2364,34.4373
2196.3888,34.919
2196.5412,34.1483
2196.6936,32.3602
2196.846,30.4596
2196.9984,29.9878
2197.1508,31.5653
2197.3032,33.5027
2197.4556,34.5185
2197.608,35.0153
2197.7604,35.0656
2197.9128,34.5424
2198.0652,32.2669
2198.2176,28.9991
2198.37,27.3083
2198.5224,27.0838
2198.6748,29.656
2198.8272,34.2131
2198.9796,35.8817
2199.132,36.7643
2199.2844,36.0364
2199.4368,34.1141
2199.5892,32.1007
2199.7416,31.815
2199.894,31.9358
2200.0464,31.1129
2200.1988,31.0509
2200.3512,32.5756
2200.5036,35.4749
2200.656,35.4944
2200.8084,32.9716
2200.9608,30.9271
2201.1132,29.6537
2201.2656,29.1403
2201.418,28.8807
2201.5704,29.7467
2201.7228,33.1927
2201.8752,34.3644
2202.0276,34.5192
2202.18,32.3756
2202.3324,30.8496
2202.4848,30.0685
2202.6372,30.5431
2202.7896,31.1693
2202.942,31.7814
2203.0944,32.6685
2203.2468,36.1388
2203.3992,40.3221
2203.5516,40.4287
2203.704,37.0631
2203.8564,31.9566
2204.0088,28.9619
2204.1612,28.5013
2204.3136,29.073
2204.466,28.4855
2204.6184,27.9755
2204.7708,29.1801
2204.9232,31.4282
2205.0756,31.1465
2205.228,30.2517
2205.3804,29.9765
2205.5328,30.562
2205.6852,31.4682
2205.8376,31.5439
2205.99,31.759
2206.1424,32.4457
2206.2948,33.0496
2206.4472,31.7789
2206.5996,30.3092
2206.752,30.1658
2206.9044,32.8532
2207.0568,34.6579
2207.2092,34.8115
2207.3616,34.3809
2207.514,34.5625
2207.6664,37.374
2207.8188,37.5094
2207.9712,35.5141
2208.1236,31.7604
2208.276,29.6392
2208.4284,29.8327
2208.5808,30.4247
2208.7332,31.3864
2208.8856,33.3075
2209.038,35.983
2209.1904,36.0803
2209.3428,34.418
2209.4952,33.0019
2209.6476,31.9286
2209.8,32.0855
2209.9524,32.9302
2210.1048,33.2402
2210.2572,32.1679
2210.4096,29.4536
2210.562,29.0671
2210.7144,31.1066
2210.8668,34.8323
2211.0192,37.0501
2211.1716,37.8457
2211.324,38.3806
2211.4764,38.7183
2211.6288,39.1684
2211.7812,39.1496
2211.9336,39.1546
2212.086,39.0892
2212.2384,39.3845
2212.3908,37.9444
2212.5432,34.022
2212.6956,30.2413
2212.848,30.1587
2213.0004,32.6014
2213.1528,33.8092
2213.3052,33.0584
2213.4576,32.8128
2213.61,33.837
2213.7624,34.2031
2213.9148,33.4305
2214.0672,33.024
2214.2196,34.1913
2214.372,36.7507
2214.5244,39.9965
2214.6768,40.2809
2214.8292,38.9377
2214.9816,36.9078
2215.134,34.6935
2215.2864,33.0409
2215.4388,31.4803
2215.5912,31.0585
2215.7436,33.5002
2215.896,37.0123
2216.0484,39.23
2216.2008,38.7354
2216.3532,37.424
2216.5056,33.9165
2216.658,32.5524
2216.8104,33.6529
2216.9628,36.1504
2217.1152,37.5919
2217.2676,39.0167
2217.42,38.4961
2217.5724,36.6691
2217.7248,33.164
2217.8772,31.4244
2218.0296,34.5573
2218.182,37.2672
2218.3344,36.4674
2218.4868,35.8178
2218.6392,35.6849
2218.7916,36.6466
2218.944,37.4266
2219.0964,38.0645
2219.2488,38.7144
2219.4012,38.5317
2219.5536,37.7244
2219.706,36.9675
2219.8584,36.6714
2220.0108,36.508
2220.1632,37.2059
2220.3156,39.845
2220.468,41.9442
2220.6204,42.328
2220.7728,42.8583
2220.9252,42.3841
2221.0776,40.4101
2221.23,37.9051
2221.3824,37.9458
2221.5348,40.9592
2221.6872,42.9357
2221.8396,42.4643
2221.992,40.6506
2222.1444,39.146
2222.2968,37.2298
2222.4492,35.6709
2222.6016,35.7232
2222.754,36.7388
2222.9064,38.4894
2223.0588,40.0485
2223.2112,40.4339
2223.3636,39.6499
2223.516,38.4103
2223.6684,38.2274
2223.8208,38.5645
2223.9732,39.6782
2224.1256,39.8329
2224.278,37.9813
2224.4304,35.7969
2224.5828,35.4702
2224.7352,36.0092
2224.8876,36.5956
2225.04,36.3769
2225.1924,36.9936
2225.3448,39.1046
2225.4972,39.0944
2225.6496,37.8646
2225.802,37.0643
2225.9544,38.771
2226.1068,41.9872
2226.2592,42.7609
2226.4116,41.1442
2226.564,39.5738
2226.7164,37.9555
2226.8688,37.7926
2227.0212,38.5271
2227.1736,39.3549
2227.326,37.8542
2227.4784,35.3626
2227.6308,34.0972
2227.7832,33.042
2227.9356,31.9366
2228.088,33.6796
2228.2404,38.442
2228.3928,40.9711
2228.5452,41.4636
2228.6976,39.9655
2228.85,34.7812
2229.0024,34.449
2229.1548,33.8232
2229.3072,35.2109
2229.4596,35.5406
2229.612,34.7321
2229.7644,35.3218
2229.9168,36.5249
2230.0692,37.0648
2230.2216,36.7926
2230.374,38.217
2230.5264,39.5838
2230.6788,39.3553
2230.8312,36.3719
2230.9836,34.76
2231.136,34.3674
2231.2884,36.4297
2231.4408,38.1981
2231.5932,38.9138
2231.7456,37.9808
2231.898,36.9843
2232.0504,36.8413
2232.2028,36.5118
2232.3552,36.5525
2232.5076,37.3131
2232.66,40
2232.8124,40.6243
2232.9648,39.2732
2233.1172,35.7512
2233.2696,33.6626
2233.422,33.1188
2233.5744,34.6049
2233.7268,37.4241
2233.8792,37.6724
2234.0316,37.757
2234.184,39.0953
2234.3364,40.079
2234.4888,39.8511
2234.6412,39.0149
2234.7936,39.225
2234.946,40.0001
2235.0984,40.1005
2235.2508,39.1154
2235.4032,37.8383
2235.5556,36.4751
2235.708,36.1104
2235.8604,36.3036
2236.0128,36.8237
2236.1652,38.6108
2236.3176,41.5957
2236.47,44.8146
2236.6224,43.9482
2236.7748,40.6839
2236.9272,37.1685
2237.0796,37.0323
2237.232,41.2961
2237.3844,44.3038
2237.5368,43.3719
2237.6892,41.7251
2237.8416,42.0265
2237.994,44.5066
2238.1464,47.1216
2238.2988,47.7911
2238.4512,47.3537
2238.6036,45.2882
2238.756,40.7136
2238.9084,34.2919
2239.0608,30.6476
2239.2132,28.6546
2239.3656,29.7436
2239.518,33.9602
2239.6704,39.8912
2239.8228,42.7899
2239.9752,42.8118
2240.1276,41.3451
2240.28,37.8776
2240.4324,34.6489
2240.5848,32.4161
2240.7372,32.4026
2240.8896,33.2901
2241.042,33.0721
2241.1944,33.1646
2241.3468,33.7968
2241.4992,35.042
2241.6516,37.0419
2241.804,38.1516
2241.9564,38.7873
2242.1088,39.1783
2242.2612,38.6599
2242.4136,37.0041
2242.566,32.4368
2242.7184,29.4868
2242.8708,29.0936
2243.0232,31.9799
2243.1756,36.666
2243.328,40.8838
2243.4804,42.3335
2243.6328,42.0897
2243.7852,39.9329
2243.9376,35.5062
2244.09,31.7437
2244.2424,29.4392
2244.3948,27.2999
2244.5472,26.2674
2244.6996,26.38
2244.852,29.012
2245.0044,32.3886
2245.1568,33.6228
2245.3092,32.3969
2245.4616,30.2542
2245.614,29.6892
2245.7664,30.0701
2245.9188,31.5582
2246.0712,31.7979
2246.2236,30.4725
2246.376,28.7875
2246.5284,27.0112
2246.6808,27.2045
2246.8332,31.4433
2246.9856,33.4003
2247.138,33.2074
2247.2904,31.3931
2247.4428,29.6611
2247.5952,31.6839
2247.7476,34.549
2247.9,34.1486
2248.0524,31.0091
2248.2048,27.655
2248.3572,25.2807
2248.5096,23.6116
2248.662,23.041
2248.8144,23.7411
2248.9668,26.6915
2249.1192,33.2388
2249.2716,36.2072
2249.424,35.8716
2249.5764,35.5626
2249.7288,36.3613
2249.8812,37.6534
2250.0336,38.5359
2250.186,38.7808
2250.3384,38.1655
2250.4908,36.8161
2250.6432,35.2887
2250.7956,34.0799
2250.948,32.4012
2251.1004,30.9501
2251.2528,29.9409
2251.4052,29.5084
2251.5576,30.7425
2251.71,33.3112
2251.8624,33.8458
2252.0148,31.6662
2252.1672,29.0066
2252.3196,28.9868
2252.472,32.1491
2252.6244,36.0531
2252.7768,37.6961
2252.9292,36.5277
2253.0816,35.1171
2253.234,34.6221
2253.3864,34.5571
2253.5388,34.8307
2253.6912,35.8165
2253.8436,38.1504
2253.996,39.2314
2254.1484,37.755
2254.3008,34.4364
2254.4532,32.9227
2254.6056,33.3914
2254.758,34.8805
2254.9104,34.5691
2255.0628,34.072
2255.2152,33.961
2255.3676,34.5793
2255.52,35.692
2255.6724,37.1176
2255.8248,37.463
2255.9772,36.2647
2256.1296,34.926
2256.282,34.1141
2256.4344,34.1175
2256.5868,35.2405
2256.7392,37.0629
2256.8916,38.6014
2257.044,39.5965
2257.1964,40.3567
2257.3488,40.8506
2257.5012,39.4853
2257.6536,38.2154
2257.806,37.6274
2257.9584,37.5078
2258.1108,37.4659
2258.2632,36.7787
2258.4156,36.985
2258.568,38.4488
2258.7204,40.3053
2258.8728,40.8605
2259.0252,40.7345
2259.1776,40.6509
2259.33,41.1996
2259.4824,42.2857
2259.6348,42.1708
2259.7872,41.6371
2259.9396,41.7538
2260.092,43.0452
2260.2444,44.3901
2260.3968,42.186
2260.5492,38.8849
2260.7016,38.0419
2260.854,38.3476
2261.0064,40.6349
2261.1588,43.4298
2261.3112,44.7923
2261.4636,44.7501
2261.616,44.4307
2261.7684,43.8426
2261.9208,42.6846
2262.0732,42.0221
2262.2256,41.9063
2262.378,54.8682
2262.5304,54.0527
2262.6828,53.9908
2262.8352,52.5015
2262.9876,51.2216
2263.14,50.3648
2263.2924,50.9482
2263.4448,55.3052
2263.5972,58.7056
2263.7496,57.7532
2263.902,55.7364
2264.0544,54.7514
2264.2068,54.8518
2264.3592,53.1822
2264.5116,52.0865
2264.664,53.0643
2264.8164,54.6316
2264.9688,56.0649
2265.1212,56.5036
2265.2736,55.289
2265.426,54.3907
2265.5784,53.9868
2265.7308,53.24
2265.8832,53.9812
2266.0356,55.9985
2266.188,58.1562
2266.3404,58.62
2266.4928,58.0702
2266.6452,57.6538
2266.7976,57.4142
2266.95,56.6406
2267.1024,54.9183
2267.2548,52.7602
2267.4072,54.0131
2267.5596,53.285
2267.712,52.1027
2267.8644,52.1734
2268.0168,53.2392
2268.1692,53.8128
2268.3216,54.0842
2268.474,54.7861
2268.6264,53.7798
2268.7788,52.6598
2268.9312,52.7014
2269.0836,53.8867
2269.236,55.2741
2269.3884,57.24
2269.5408,59.4646
2269.6932,59.6157
2269.8456,59.2101
2269.998,58.5825
2270.1504,59.3841
2270.3028,57.2956
2270.4552,55.3616
2270.6076,53.8772
2270.76,56.4224
2270.9124,61.1889
2271.0648,68.6813
2271.2172,71.9021
2271.3696,70.7782
2271.522,67.7679
2271.6744,67.9566
2271.8268,69.8724
2271.9792,73.362
2272.1316,72.8043
2272.284,71.6352
2272.4364,72.9872
2272.5888,75.3474
2272.7412,80.8297
2272.8936,81.5502
2273.046,79.6358
2273.1984,79.9506
2273.3508,80.8714
2273.5032,81.7385
2273.6556,81.8068
2273.808,81.2116
2273.9604,78.8277
2274.1128,76.2943
2274.2652,78.6989
2274.4176,78.8992
2274.57,78.0429
2274.7224,76.8677
2274.8748,75.4577
2275.0272,74.5837
2275.1796,75.2126
2275.332,76.1231
2275.4844,76.792
2275.6368,75.9659
2275.7892,73.8611
2275.9416,73.6546
2276.094,74.5027
2276.2464,75.4546
2276.3988,76.7618
2276.5512,77.889
2276.7036,77.8949
2276.856,72.2768
2277.0084,68.4169
2277.1608,68.4806
2277.3132,71.1975
2277.4656,74.0084
2277.618,73.0038
2277.7704,72.3137
2277.9228,73.018
2278.0752,75.1912
2278.2276,75.4902
2278.38,73.7623
2278.5324,71.6755
2278.6848,69.6817
2278.8372,70.064
2278.9896,70.5035
2279.142,71.7431
2279.2944,75.0044
2279.4468,78.3597
2279.5992,80.2261
2279.7516,79.4105
2279.904,79.0451
2280.0564,79.7683
2280.2088,77.3118
2280.3612,75.8249
2280.5136,74.8496
2280.666,76.0194
2280.8184,77.9109
2280.9708,77.6885
2281.1232,77.9216
2281.2756,80.0085
2281.428,80.5603
2281.5804,79.9963
2281.7328,80.873
2281.8852,81.9341
2282.0376,80.3627
2282.19,78.7827
2282.3424,79.5339
2282.4948,80.469
2282.6472,79.5943
2282.7996,78.4015
2282.952,76.9589
2283.1044,75.386
2283.2568,72.6633
2283.4092,70.6404
2283.5616,69.3109
2283.714,68.915
2283.8664,68.1465
2284.0188,71.5792
2284.1712,74.2258
2284.3236,75.6747
2284.476,75.2395
2284.6284,77.9019
2284.7808,80.3568
2284.9332,82.0242
2285.0856,81.7735
2285.238,81.1225
2285.3904,79.1378
2285.5428,77.6118
2285.6952,75.5951
2285.8476,74.5445
2286,73.4111
2286.1524,72.7685
2286.3048,71.9311
2286.4572,70.8563
2286.6096,71.9299
2286.762,74.1119
2286.9144,76.9255
2287.0668,76.9398
2287.2192,74.0093
2287.3716,71.276
2287.524,71.9909
2287.6764,74.4925
2287.8288,76.6078
2287.9812,76.092
2288.1336,75.2968
2288.286,75.8667
2288.4384,76.69
2288.5908,77.7358
2288.7432,79.0969
2288.8956,81.2836
2289.048,82.7729
2289.2004,81.0629
2289.3528,77.0166
2289.5052,76.1462
2289.6576,79.2038
2289.81,82.1105
2289.9624,83.8095
2290.1148,85.07
2290.2672,87.1406
2290.4196,88.3066
2290.572,87.298
2290.7244,87.5398
2290.8768,87.4893
2291.0292,87.5519
2291.1816,84.4101
2291.334,83.0946
2291.4864,84.1141
2291.6388,87.8289
2291.7912,90.5666
2291.9436,93.5446
2292.096,94.2013
2292.2484,94.3623
2292.4008,92.513
2292.5532,88.9263
2292.7056,83.9733
2292.858,83.0695
2293.0104,84.1055
2293.1628,85.1605
2293.3152,86.5118
2293.4676,86.5048
2293.62,83.027
2293.7724,78.9073
2293.9248,76.1245
2294.0772,76.2931
2294.2296,76.2074
2294.382,74.3057
2294.5344,69.3025
2294.6868,64.627
2294.8392,64.2383
2294.9916,67.5646
2295.144,72.0775
2295.2964,74.9352
2295.4488,73.9661
2295.6012,72.4006
2295.7536,71.2227
2295.906,70.7349
2296.0584,69.3529
2296.2108,67.2946
2296.3632,64.027
2296.5156,64.2667
2296.668,65.3693
2296.8204,68.5502
2296.9728,69.5373
2297.1252,68.97
2297.2776,66.4362
2297.43,62.4192
2297.5824,61.3391
2297.7348,63.5139
2297.8872,65.449
2298.0396,64.0319
2298.192,62.1096
2298.3444,61.4703
2298.4968,63.9427
2298.6492,66.8141
2298.8016,69.0689
2298.954,68.0668
2299.1064,66.9348
2299.2588,66.5288
2299.4112,66.3111
2299.5636,65.2902
2299.716,64.5251
2299.8684,65.3392
2300.0208,64.4249
2300.1732,64.0339
2300.3256,63.6129
2300.478,64.6998
2300.6304,66.6307
2300.7828,66.5526
2300.9352,66.4497
2301.0876,64.74
2301.24,64.9698
2301.3924,65.5287
2301.5448,66.3843
2301.6972,65.7802
2301.8496,65.3498
2302.002,64.8335
2302.1544,64.4509
2302.3068,64.4782
2302.4592,65.4104
2302.6116,70.5904
2302.764,72.1144
2302.9164,69.9311
2303.0688,65.1838
2303.2212,62.2491
2303.3736,63.8791
2303.526,67.6113
2303.6784,69.6473
2303.8308,67.6802
2303.9832,65.8666
2304.1356,65.4348
2304.288,67.4464
2304.4404,67.5783
2304.5928,66.7018
2304.7452,66.9767
2304.8976,67.521
2305.05,67.3437
2305.2024,65.7543
2305.3548,63.4826
2305.5072,63.6381
2305.6596,65.151
2305.812,64.9308
2305.9644,63.932
2306.1168,63.863
2306.2692,65.0051
2306.4216,67.0693
2306.574,67.8761
2306.7264,68.7379
2306.8788,68.0585
2307.0312,66.2518
2307.1836,62.765
2307.336,63.2598
2307.4884,63.8822
2307.6408,64.3016
2307.7932,64.4403
2307.9456,65.1534
2308.098,67.127
2308.2504,68.1846
2308.4028,67.4066
2308.5552,64.7682
2308.7076,63.4451
2308.86,64.7687
2309.0124,64.3788
2309.1648,62.6195
2309.3172,60.4946
2309.4696,60.7905
2309.622,64.2728
2309.7744,65.6444
2309.9268,65.3915
2310.0792,65.765
2310.2316,66.7226
2310.384,67.2001
2310.5364,67.9285
2310.6888,69.226
2310.8412,69.8465
2310.9936,69.7952
2311.146,71.4587
2311.2984,72.6147
2311.4508,73.9421
2311.6032,73.5349
2311.7556,73.3661
2311.908,73.1662
2312.0604,73.3167
2312.2128,74.1033
2312.3652,74.6943
2312.5176,76.0136
2312.67,78.3136
2312.8224,80.0708
2312.9748,82.9429
2313.1272,84.1532
2313.2796,83.4951
2313.432,83.1587
2313.5844,83.7497
2313.7368,83.3849
2313.8892,80.0079
2314.0416,76.7127
2314.194,77.7184
2314.3464,80.1215
2314.4988,83.9763
2314.6512,87.0352
2314.8036,87.4337
2314.956,87.5922
2315.1084,87.8352
2315.2608,88.2887
2315.4132,88.7421
2315.5656,88.7623
2315.718,88.4081
2315.8704,86.9919
2316.0228,83.2172
2316.1752,78.7395
2316.3276,78.8351
2316.48,80.3527
2316.6324,83.8663
2316.7848,86.6525
2316.9372,87.8496
2317.0896,87.5364
2317.242,87.6062
2317.3944,87.9462
2317.5468,87.6265
2317.6992,86.9121
2317.8516,85.928
2318.004,84.4121
2318.1564,82.7647
2318.3088,81.2724
2318.4612,78.5026
2318.6136,78.1419
2318.766,79.6334
2318.9184,80.6262
2319.0708,82.5684
2319.2232,82.1247
2319.3756,80.8748
2319.528,80.7276
2319.6804,81.1936
2319.8328,83.0462
2319.9852,83.7347
2320.1376,82.3778
2320.29,81.6074
2320.4424,80.7453
2320.5948,80.4596
2320.7472,81.7067
2320.8996,80.8212
2321.052,80.1728
2321.2044,79.1519
2321.3568,81.1189
2321.5092,84.3793
2321.6616,87.6385
2321.814,87.2976
2321.9664,84.9824
2322.1188,81.7347
2322.2712,80.2677
2322.4236,81.7106
2322.576,83.0519
2322.7284,81.7638
2322.8808,79.5307
2323.0332,78.5333
2323.1856,77.0885
2323.338,76.5533
2323.4904,75.5961
2323.6428,74.3136
2323.7952,72.9367
2323.9476,73.2421
2324.1,74.6288
2324.2524,75.494
2324.4048,77.6803
2324.5572,79.3247
2324.7096,82.0564
2324.862,82.2412
2325.0144,83.7979
2325.1668,88.0297
2325.3192,90.0946
2325.4716,92.8972
2325.624,90.3134
2325.7764,85.7856
2325.9288,79.6118
2326.0812,77.1001
2326.2336,76.5658
2326.386,76.7234
2326.5384,77.4602
2326.6908,79.2932
2326.8432,80.5883
2326.9956,82.002
2327.148,81.9926
2327.3004,83.4845
2327.4528,84.9866
2327.6052,87.8362
2327.7576,88.8147
2327.91,88.1761
2328.0624,87.0875
2328.2148,85.2871
2328.3672,82.9833
2328.5196,81.1272
2328.672,79.6955
2328.8244,80.2215
2328.9768,80.5084
2329.1292,79.4147
2329.2816,78.4182
2329.434,77.0647
2329.5864,75.5293
2329.7388,73.9477
2329.8912,74.8431
2330.0436,77.024
2330.196,78.5025
2330.3484,77.1871
2330.5008,74.7301
2330.6532,70.5965
2330.8056,70.7718
2330.958,73.6816
2331.1104,74.7698
2331.2628,76.7672
2331.4152,79.7925
2331.5676,83.1049
2331.72,84.3769
2331.8724,82.03
2332.0248,78.7093
2332.1772,77.763
2332.3296,75.9385
2332.482,74.6933
2332.6344,72.6218
2332.7868,70.3848
2332.9392,72.3699
2333.0916,76.0483
2333.244,76.7608
2333.3964,75.6882
2333.5488,75.1926
2333.7012,74.9253
2333.8536,76.318
2334.006,78.4521
2334.1584,78.553
2334.3108,78.368
2334.4632,78.7448
2334.6156,79.8106
2334.768,80.3089
2334.9204,81.1023
2335.0728,80.8552
2335.2252,79.5115
2335.3776,77.3199
2335.53,73.1624
2335.6824,70.993
2335.8348,71.0402
2335.9872,71.9353
2336.1396,73.6292
2336.292,75.5302
2336.4444,76.21
2336.5968,74.7264
2336.7492,73.4375
2336.9016,72.1684
2337.054,74.2271
2337.2064,78.4834
2337.3588,81.1781
2337.5112,80.4563
2337.6636,78.1911
2337.816,76.7858
2337.9684,77.2773
2338.1208,77.6059
2338.2732,77.8956
2338.4256,77.8009
2338.578,77.9206
2338.7304,76.9902
2338.8828,74.5647
2339.0352,73.1769
2339.1876,73.1737
2339.34,74.8767
2339.4924,78.7517
2339.6448,82.284
2339.7972,85.3012
2339.9496,88.1598
2340.102,88.5896
2340.2544,84.3896
2340.4068,80.0231
2340.5592,77.35
2340.7116,76.458
2340.864,75.6093
2341.0164,76.3986
2341.1688,77.5884
2341.3212,77.4952
2341.4736,76.5505
2341.626,75.7893
2341.7784,75.1346
2341.9308,73.941
2342.0832,73.7007
2342.2356,75.1507
2342.388,76.0257
2342.5404,76.1836
2342.6928,76.0867
2342.8452,77.3822
2342.9976,78.9921
2343.15,80.2723
2343.3024,80.7501
2343.4548,78.1704
2343.6072,76.6402
2343.7596,75.2841
2343.912,74.0244
2344.0644,75.4428
2344.2168,76.2463
2344.3692,75.7777
2344.5216,73.4471
2344.674,71.9273
2344.8264,74.6526
2344.9788,77.5448
2345.1312,78.6433
2345.2836,76.85
2345.436,74.2533
2345.5884,73.4567
2345.7408,75.203
2345.8932,77.8892
2346.0456,79.7291
2346.198,78.561
2346.3504,77.5259
2346.5028,75.3624
2346.6552,73.13
2346.8076,73.05
2346.96,74.1252
2347.1124,75.5364
2347.2648,76.7431
2347.4172,77.3364
2347.5696,77.5376
2347.722,77.0909
2347.8744,76.5535
2348.0268,74.0856
2348.1792,72.3282
2348.3316,73.421
2348.484,75.9118
2348.6364,77.286
2348.7888,75.7019
2348.9412,75.4335
2349.0936,77.2424
2349.246,78.9116
2349.3984,79.5803
2349.5508,79.8588
2349.7032,81.4491
2349.8556,84.6436
2350.008,87.9481
2350.1604,88.7531
2350.3128,87.5637
2350.4652,85.6302
2350.6176,82.1143
2350.77,75.8254
2350.9224,69.527
2351.0748,69.6045
2351.2272,71.1997
2351.3796,73.5392
2351.532,76.2529
2351.6844,78.4246
2351.8368,81.9663
2351.9892,84.5857
2352.1416,86.5776
2352.294,86.5386
2352.4464,85.7197
2352.5988,84.4891
2352.7512,82.5751
2352.9036,80.8643
2353.056,79.5688
2353.2084,79.517
2353.3608,80.0838
2353.5132,80.3682
2353.6656,79.2137
2353.818,78.4139
2353.9704,78.2696
2354.1228,78.7828
2354.2752,79.686
2354.4276,78.8666
2354.58,77.5131
2354.7324,75.9916
2354.8848,75.8559
2355.0372,77.3099
2355.1896,79.1526
2355.342,82.7019
2355.4944,85.9008
2355.6468,83.4838
2355.7992,79.1341
2355.9516,77.5162
2356.104,78.9866
2356.2564,80.4433
2356.4088,80.2132
2356.5612,78.5454
2356.7136,78.3665
2356.866,78.7822
2357.0184,79.2207
2357.1708,78.2529
2357.3232,77.0813
2357.4756,73.903
2357.628,72.0747
2357.7804,73.1668
2357.9328,75.6171
2358.0852,76.6011
2358.2376,77.8558
2358.39,78.5396
2358.5424,79.4748
2358.6948,81.8314
2358.8472,84.549
2358.9996,84.2068
2359.152,81.234
2359.3044,77.1338
2359.4568,74.09
2359.6092,74.9946
2359.7616,76.7202
2359.914,77.3635
2360.0664,77.9857
2360.2188,80.0504
2360.3712,81.8801
2360.5236,81.6597
2360.676,80.4175
2360.8284,81.2353
2360.9808,81.4114
2361.1332,81.127
2361.2856,79.4866
2361.438,78.673
2361.5904,79.0791
2361.7428,79.7077
2361.8952,78.1147
2362.0476,77.6207
2362.2,78.4092
2362.3524,78.4272
2362.5048,78.0214
2362.6572,78.0125
2362.8096,78.9655
2362.962,79.6162
2363.1144,77.2445
2363.2668,75.1961
2363.4192,74.5493
2363.5716,77.0219
2363.724,80.7477
2363.8764,82.3335
2364.0288,84.8588
2364.1812,86.4107
2364.3336,85.6092
2364.486,84.7295
2364.6384,85.565
2364.7908,88.9606
2364.9432,89.5397
2365.0956,88.0879
2365.248,88.5846
2365.4004,92.2673
2365.5528,96.2999
2365.7052,96.4049
2365.8576,94.4268
2366.01,92.5543
2366.1624,96.3397
2366.3148,100.9566
2366.4672,103.1723
2366.6196,103.2165
2366.772,101.8524
2366.9244,99.6359
2367.0768,96.2429
2367.2292,90.3672
2367.3816,86.4631
2367.534,84.046
2367.6864,82.9693
2367.8388,83.2931
2367.9912,83.206
2368.1436,82.7643
2368.296,81.8199
2368.4484,81.16
2368.6008,79.9873
2368.7532,79.8478
2368.9056,82.3907
2369.058,86.1955
2369.2104,88.801
2369.3628,89.2028
2369.5152,87.8815
2369.6676,84.9401
2369.82,84.0953
2369.9724,84.4971
2370.1248,82.8041
2370.2772,79.6663
2370.4296,76.5156
2370.582,75.1346
2370.7344,76.7433
2370.8868,79.1295
2371.0392,81.475
2371.1916,80.7069
2371.344,79.537
2371.4964,78.2423
2371.6488,79.3573
2371.8012,81.8179
2371.9536,85.0069
2372.106,86.7631
2372.2584,86.7324
2372.4108,85.0619
2372.5632,81.2616
2372.7156,78.3567
2372.868,76.4249
2373.0204,73.104
2373.1728,72.0247
2373.3252,72.9227
2373.4776,76.2656
2373.63,79.7266
2373.7824,83.9366
2373.9348,87.6315
2374.0872,89.0152
2374.2396,88.9046
2374.392,87.4697
2374.5444,86.5818
2374.6968,83.2105
2374.8492,77.2797
2375.0016,74.5102
2375.154,75.6457
2375.3064,77.872
2375.4588,80.402
2375.6112,83.7751
2375.7636,86.8886
2375.916,88.1814
2376.0684,86.2941
2376.2208,83.8647
2376.3732,80.7619
2376.5256,79.0802
2376.678,77.4725
2376.8304,75.7965
2376.9828,76.4686
2377.1352,78.6986
2377.2876,81.1216
2377.44,82.4997
2377.5924,83.9188
2377.7448,84.6609
2377.8972,84.3761
2378.0496,82.9404
2378.202,80.9924
2378.3544,81.2455
2378.5068,82.8651
2378.6592,82.4707
2378.8116,81.9295
2378.964,79.8524
2379.1164,78.6635
2379.2688,76.9818
2379.4212,75.8756
2379.5736,77.5424
2379.726,77.9947
2379.8784,76.3346
2380.0308,72.9755
2380.1832,70.4027
2380.3356,70.6025
2380.488,71.498
2380.6404,73.1982
2380.7928,76.5006
2380.9452,78.4413
2381.0976,79.1945
2381.25,75.2539
2381.4024,74.081
2381.5548,73.7397
2381.7072,74.5854
2381.8596,74.0323
2382.012,74.2465
2382.1644,79.7133
2382.3168,83.9011
2382.4692,86.0068
2382.6216,84.79
2382.774,81.296
2382.9264,80.3471
2383.0788,79.8546
2383.2312,78.7321
2383.3836,77.9888
2383.536,76.2626
2383.6884,72.6279
2383.8408,69.3714
2383.9932,66.7251
2384.1456,65.518
2384.298,68.4133
2384.4504,72.9796
2384.6028,78.4784
2384.7552,80.6099
2384.9076,80.0398
2385.06,80.1909
2385.2124,80.6514
2385.3648,81.7116
2385.5172,82.3277
2385.6696,83.1184
2385.822,84.0256
2385.9744,82.472
2386.1268,80.3519
2386.2792,78.7327
2386.4316,78.3789
2386.584,79.6698
2386.7364,80.8672
2386.8888,80.2532
2387.0412,78.5802
2387.1936,75.8314
2387.346,75.9179
2387.4984,80.2919
2387.6508,82.5578
2387.8032,82.2579
2387.9556,79.3436
2388.108,78.7184
2388.2604,79.348
2388.4128,79.1301
2388.5652,78.5666
2388.7176,78.9986
2388.87,80.9384
2389.0224,82.2462
2389.1748,82.655
2389.3272,80.6999
2389.4796,79.2579
2389.632,78.6766
2389.7844,79.012
2389.9368,78.0909
2390.0892,76.7041
2390.2416,76.3562
2390.394,76.1832
2390.5464,74.8283
2390.6988,73.2165
2390.8512,71.4889
2391.0036,69.9463
2391.156,70.7248
2391.3084,71.3756
2391.4608,71.9115
2391.6132,72.7938
2391.7656,74.1479
2391.918,75.6813
2392.0704,75.906
2392.2228,76.3258
2392.3752,78.3088
2392.5276,80.6121
2392.68,81.9803
2392.8324,82.6022
2392.9848,80.8668
2393.1372,79.0466
2393.2896,77.7146
2393.442,76.6602
2393.5944,75.1706
2393.7468,74.3607
2393.8992,73.3891
2394.0516,75.4996
2394.204,80.6311
2394.3564,83.6397
2394.5088,79.2615
2394.6612,78.7922
2394.8136,76.7385
2394.966,73.4076
2395.1184,72.0238
2395.2708,73.7319
2395.4232,74.1595
2395.5756,74.5656
2395.728,74.0608
2395.8804,72.879
2396.0328,73.1691
2396.1852,74.8739
2396.3376,77.2163
2396.49,78.0685
2396.6424,75.6462
2396.7948,73.9294
2396.9472,72.7062
2397.0996,75.5589
2397.252,79.0546
2397.4044,79.7228
2397.5568,79.3019
2397.7092,79.3307
2397.8616,80.8778
2398.014,81.7449
2398.1664,81.3783
2398.3188,79.1704
2398.4712,74.628
2398.6236,72.6051
2398.776,73.2205
2398.9284,75.007
2399.0808,75.8331
2399.2332,76.1425
2399.3856,74.6458
2399.538,73.2207
2399.6904,72.2044
2399.8428,70.4393
2399.9952,68.9003
2400.1476,69.5725
2400.3,72.5596
2400.4524,74.3994
2400.6048,74.5581
2400.7572,74.8855
2400.9096,76.0026
2401.062,78.8085
2401.2144,80.5629
2401.3668,81.3261
2401.5192,81.0421
2401.6716,79.9847
2401.824,77.3021
2401.9764,75.6529
2402.1288,74.7277
2402.2812,77.4696
2402.4336,79.9491
2402.586,79.042
2402.7384,76.7878
2402.8908,75.5497
2403.0432,75.7006
2403.1956,75.456
2403.348,75.1678
2403.5004,75.3876
2403.6528,75.2261
2403.8052,75.657
2403.9576,77.0559
2404.11,77.2979
2404.2624,76.2763
2404.4148,74.4599
2404.5672,73.9165
2404.7196,75.0472
2404.872,75.9027
2405.0244,76.2093
2405.1768,76.5225
2405.3292,76.997
2405.4816,78.0706
2405.634,78.7087
2405.7864,80.3509
2405.9388,84.3994
2406.0912,85.0938
2406.2436,82.772
2406.396,79.6441
2406.5484,79.3349
2406.7008,78.5927
2406.8532,76.0283
2407.0056,74.9425
2407.158,75.3363
2407.3104,76.871
2407.4628,78.0595
2407.6152,79.347
2407.7676,78.9158
2407.92,78.063
2408.0724,78.932
2408.2248,79.5513
2408.3772,79.4668
2408.5296,77.7738
2408.682,75.5085
2408.8344,73.3399
2408.9868,71.3265
2409.1392,69.7827
2409.2916,69.5286
2409.444,69.7136
2409.5964,71.4365
2409.7488,71.8671
2409.9012,71.9675
2410.0536,73.4944
2410.206,76.2347
2410.3584,81.2754
2410.5108,85.4674
2410.6632,85.3918
2410.8156,83.8416
2410.968,84.4474
2411.1204,85.2417
2411.2728,84.6317
2411.4252,83.3944
2411.5776,79.2411
2411.73,77.6683
2411.8824,76.9657
2412.0348,75.719
2412.1872,74.8461
2412.3396,75.3318
2412.492,77.3475
2412.6444,79.06
2412.7968,79.0917
2412.9492,80.2928
2413.1016,81.6382
2413.254,81.8988
2413.4064,80.8865
2413.5588,78.819
2413.7112,77.375
2413.8636,78.2539
2414.016,79.2312
2414.1684,80.5912
2414.3208,82.0718
2414.4732,83.679
2414.6256,84.6747
2414.778,85.9408
2414.9304,86.7925
2415.0828,87.2174
2415.2352,87.5327
2415.3876,88.6436
2415.54,87.4468
2415.6924,81.3374
2415.8448,75.4483
2415.9972,73.8317
2416.1496,75.565
2416.302,76.494
2416.4544,76.1018
2416.6068,75.8693
2416.7592,75.4986
2416.9116,76.1055
2417.064,77.0221
2417.2164,78.3253
2417.3688,80.3669
2417.5212,81.8004
2417.6736,81.6898
2417.826,83.2593
2417.9784,85.9742
2418.1308,87.2636
2418.2832,86.4685
2418.4356,83.9082
2418.588,81.449
2418.7404,78.0106
2418.8928,75.4386
2419.0452,75.3317
2419.1976,75.9522
2419.35,75.715
2419.5024,74.6822
2419.6548,74.2264
2419.8072,74.6811
2419.9596,76.7393
2420.112,79.4032
2420.2644,82.2633
2420.4168,83.2024
2420.5692,85.7102
2420.7216,84.2828
2420.874,81.6022
2421.0264,80.5541
2421.1788,80.736
2421.3312,81.6373
2421.4836,81.1051
2421.636,80.7471
2421.7884,79.461
2421.9408,77.5917
2422.0932,73.7961
2422.2456,70.4243
2422.398,70.529
2422.5504,74.1817
2422.7028,79.4871
2422.8552,81.3404
2423.0076,81.358
2423.16,83.3859
2423.3124,86.4279
2423.4648,87.1872
2423.6172,85.3083
2423.7696,81.3155
2423.922,78.9641
2424.0744,79.2176
2424.2268,79.0638
2424.3792,78.539
2424.5316,78.3806
2424.684,80.165
2424.8364,81.992
2424.9888,82.4036
2425.1412,79.9022
2425.2936,78.1629
2425.446,77.225
2425.5984,77.0071
2425.7508,76.8809
2425.9032,76.1313
2426.0556,76.9234
2426.208,78.5205
2426.3604,80.1925
2426.5128,80.8012
2426.6652,80.582
2426.8176,79.564
2426.97,77.7836
2427.1224,77.3662
2427.2748,76.6054
2427.4272,76.3074
2427.5796,76.3918
2427.732,75.995
2427.8844,77.3013
2428.0368,77.966
2428.1892,77.888
2428.3416,77.9671
2428.494,75.9903
2428.6464,75.2833
2428.7988,76.2555
2428.9512,79.4241
2429.1036,81.9297
2429.256,81.4991
2429.4084,80.6621
2429.5608,78.6216
2429.7132,78.8748
2429.8656,79.2846
2430.018,79.8944
2430.1704,81.3288
2430.3228,83.2147
2430.4752,82.5568
2430.6276,78.4352
2430.78,75.6842
2430.9324,74.6046
2431.0848,73.7405
2431.2372,72.8108
2431.3896,72.1753
2431.542,71.7051
2431.6944,72.2674
2431.8468,73.8277
2431.9992,76.293
2432.1516,78.409
2432.304,78.7934
2432.4564,79.0627
2432.6088,79.1489
2432.7612,79.3799
2432.9136,79.9469
2433.066,80.0427
2433.2184,80.4452
2433.3708,81.0247
2433.5232,81.4486
2433.6756,82.0964
2433.828,81.7314
2433.9804,80.8666
2434.1328,79.5026
2434.2852,78.4207
2434.4376,75.2894
2434.59,72.6319
2434.7424,73.1126
2434.8948,74.5575
2435.0472,76.1375
2435.1996,77.9442
2435.352,79.4897
2435.5044,78.7125
2435.6568,76.5015
2435.8092,74.0788
2435.9616,72.6658
2436.114,72.3994
2436.2664,74.4544
2436.4188,77.7024
2436.5712,78.4827
2436.7236,77.9126
2436.876,76.7227
2437.0284,76.6889
2437.1808,77.1379
2437.3332,77.3595
2437.4856,76.6336
2437.638,75.6185
2437.7904,75.2605
2437.9428,75.3628
2438.0952,75.9454
2438.2476,76.8655
2438.4,78.1393
2438.5524,79.6968
2438.7048,79.0082
2438.8572,78.5867
2439.0096,79.9229
2439.162,81.1989
2439.3144,81.5262
2439.4668,81.9991
2439.6192,81.6653
2439.7716,80.4811
2439.924,79.4784
2440.0764,81.6906
2440.2288,83.8064
2440.3812,84.8624
2440.5336,84.7252
2440.686,84.2891
2440.8384,84.448
2440.9908,85.8671
2441.1432,89.0962
2441.2956,91.2091
2441.448,91.4702
2441.6004,89.1978
2441.7528,87.1426
2441.9052,86.6966
2442.0576,87.9198
2442.21,88.6547
2442.3624,88.9704
2442.5148,89.1647
2442.6672,89.2251
2442.8196,88.8344
2442.972,86.2208
2443.1244,83.4485
2443.2768,81.5507
2443.4292,81.6246
2443.5816,82.1769
2443.734,82.7822
2443.8864,83.5665
2444.0388,86.1422
2444.1912,88.4548
2444.3436,88.6375
2444.496,86.8825
2444.6484,83.8158
2444.8008,80.4039
2444.9532,79.41
2445.1056,80.0776
2445.258,82.642
2445.4104,83.379
2445.5628,82.4136
2445.7152,80.0915
2445.8676,80.0956
2446.02,82.7721
2446.1724,83.8072
2446.3248,82.3378
2446.4772,79.74
2446.6296,79.066
2446.782,78.3463
2446.9344,77.0662
2447.0868,75.1297
2447.2392,74.1218
2447.3916,76.0075
2447.544,78.8457
2447.6964,83.254
2447.8488,86.9638
2448.0012,88.7318
2448.1536,89.0361
2448.306,87.9385
2448.4584,84.6144
2448.6108,80.8947
2448.7632,77.4792
2448.9156,79.0926
2449.068,84.6992
2449.2204,90.8255
2449.3728,92.3465
2449.5252,91.1093
2449.6776,87.3261
2449.83,84.5197
2449.9824,80.896
2450.1348,78.8801
2450.2872,76.6006
2450.4396,75.0776
2450.592,76.3941
2450.7444,80.9245
2450.8968,83.0307
2451.0492,81.7138
2451.2016,78.7856
2451.354,75.1017
2451.5064,75.6649
2451.6588,81.2437
2451.8112,84.1833
2451.9636,83.7587
2452.116,81.1301
2452.2684,80.075
2452.4208,82.0537
2452.5732,83.4524
2452.7256,82.9838
2452.878,82.0751
2453.0304,80.7771
2453.1828,79.8039
2453.3352,78.6689
2453.4876,77.0807
2453.64,78.6108
2453.7924,79.3976
2453.9448,79.3294
2454.0972,78.341
2454.2496,76.8133
2454.402,77.8798
2454.5544,79.7381
2454.7068,81.3821
2454.8592,79.9858
2455.0116,77.9312
2455.164,77.0101
2455.3164,78.1605
2455.4688,79.3804
2455.6212,77.3537
2455.7736,72.6451
2455.926,72.0013
2456.0784,75.7714
2456.2308,79.8599
2456.3832,82.0961
2456.5356,82.7054
2456.688,82.723
2456.8404,82.0624
2456.9928,80.386
2457.1452,78.891
2457.2976,77.9256
2457.45,78.8474
2457.6024,80.9424
2457.7548,83.3433
2457.9072,85.7298
2458.0596,86.0791
2458.212,85.1538
2458.3644,83.5421
2458.5168,82.1186
2458.6692,79.4519
2458.8216,76.8203
2458.974,76.9553
2459.1264,78.593
2459.2788,79.8546
2459.4312,80.4984
2459.5836,79.3152
2459.736,78.467
2459.8884,79.817
2460.0408,80.5683
2460.1932,80.32
2460.3456,80.4765
2460.498,80.7711
2460.6504,81.2445
2460.8028,79.3939
2460.9552,78.2342
2461.1076,77.6818
2461.26,76.8472
2461.4124,75.9777
2461.5648,75.2781
2461.7172,75.1969
2461.8696,75.9661
2462.022,76.7279
2462.1744,76.8639
2462.3268,75.9309
2462.4792,75.5195
2462.6316,77.3928
2462.784,79.7343
2462.9364,79.1737
2463.0888,77.2434
2463.2412,76.1647
2463.3936,77.6122
2463.546,79.4068
2463.6984,79.1266
2463.8508,77.4349
2464.0032,75.0425
2464.1556,73.8868
2464.308,74.3641
2464.4604,74.8163
2464.6128,75.9578
2464.7652,77.5903
2464.9176,78.935
2465.07,80.0281
2465.2224,80.3028
2465.3748,79.8856
2465.5272,79.2082
2465.6796,78.0653
2465.832,77.2159
2465.9844,76.2489
2466.1368,75.4002
2466.2892,75.6826
2466.4416,75.9903
2466.594,75.0177
2466.7464,74.0046
2466.8988,73.5573
2467.0512,74.5293
2467.2036,76.6298
2467.356,78.4675
2467.5084,79.0846
2467.6608,77.8646
2467.8132,76.3974
2467.9656,75.4581
2468.118,75.0836
2468.2704,74.4164
2468.4228,73.6014
2468.5752,75.0456
2468.7276,80.6126
2468.88,81.9923
2469.0324,81.3366
2469.1848,80.4747
2469.3372,80.9117
2469.4896,79.4134
2469.642,76.8659
2469.7944,73.6682
2469.9468,75.0363
2470.0992,77.8417
2470.2516,79.2383
2470.404,79.1387
2470.5564,78.4505
2470.7088,77.8252
2470.8612,77.4195
2471.0136,76.7931
2471.166,76.5024
2471.3184,77.222
2471.4708,77.7214
2471.6232,77.111
2471.7756,76.7013
2471.928,78.5018
2472.0804,81.0471
2472.2328,82.4676
2472.3852,83.28
2472.5376,83.0813
2472.69,81.4389
2472.8424,79.4204
2472.9948,77.3502
2473.1472,74.6714
2473.2996,72.3556
2473.452,70.6531
2473.6044,70.8333
2473.7568,75.4437
2473.9092,80.3719
2474.0616,84.6294
2474.214,84.6323
2474.3664,84.6708
2474.5188,84.6675
2474.6712,84.3835
2474.8236,84.1073
2474.976,85.5275
2475.1284,87.6624
2475.2808,86.2927
2475.4332,82.8078
2475.5856,80.9655
2475.738,80.1053
2475.8904,78.6984
2476.0428,75.0911
2476.1952,73.9187
2476.3476,77.7827
2476.5,82.4546
2476.6524,84.1365
2476.8048,83.0533
2476.9572,81.1864
2477.1096,80.2983
2477.262,80.6306
2477.4144,81.1775
2477.5668,81.9217
2477.7192,82.644
2477.8716,80.8082
2478.024,80.5047
2478.1764,80.9526
2478.3288,81.871
2478.4812,82.0361
2478.6336,81.5731
2478.786,79.9836
2478.9384,80.1826
2479.0908,83.0613
2479.2432,84.7685
2479.3956,85.7666
2479.548,86.387
2479.7004,84.5217
2479.8528,81.1967
2480.0052,74.8883
2480.1576,85.2496
2480.31,128.0873
2480.4624,138.7682
2480.6148,131.4297
2480.7672,100.9338
2480.9196,75.0636
2481.072,71.4663
2481.2244,74.6981
2481.3768,75.9075
2481.5292,74.2179
2481.6816,73.29
2481.834,74.6195
2481.9864,76.503
2482.1388,78.0232
2482.2912,79.8804
2482.4436,80.9083
2482.596,79.7764
2482.7484,75.5761
2482.9008,68.0269
2483.0532,63.8795
2483.2056,69.2065
2483.358,75.3387
2483.5104,78.9346
2483.6628,78.3164
2483.8152,76.5471
2483.9676,75.6501
2484.12,76.3445
2484.2724,77.3145
2484.4248,78.4455
2484.5772,79.5241
2484.7296,80.2036
2484.882,78.6605
2485.0344,76.5634
2485.1868,74.8549
2485.3392,72.765
2485.4916,70.7383
2485.644,70.1017
2485.7964,73.0621
2485.9488,78.3702
2486.1012,82.8006
2486.2536,84.7538
2486.406,84.2765
2486.5584,81.6969
2486.7108,78.6009
2486.8632,76.889
2487.0156,77.6026
2487.168,79.2505
2487.3204,78.5715
2487.4728,75.8363
2487.6252,73.991
2487.7776,73.036
2487.93,72.5103
2488.0824,74.6566
2488.2348,77.3254
2488.3872,78.236
2488.5396,77.0527
2488.692,74.7211
2488.8444,77.4701
2488.9968,79.1521
2489.1492,79.398
2489.3016,79.1661
2489.454,77.6483
2489.6064,74.7844
2489.7588,72.3443
2489.9112,72.7402
2490.0636,74.4394
2490.216,75.5479
2490.3684,75.6173
2490.5208,77.7631
2490.6732,82.6957
2490.8256,84.1607
2490.978,83.0217
2491.1304,79.7484
2491.2828,76.0187
2491.4352,75.5519
2491.5876,75.4571
2491.74,76.1268
2491.8924,76.5115
2492.0448,75.7978
2492.1972,75.5282
2492.3496,77.0086
2492.502,78.1091
2492.6544,77.1574
2492.8068,75.9026
2492.9592,75.6164
2493.1116,77.0583
2493.264,77.8702
2493.4164,76.9903
2493.5688,75.7179
2493.7212,75.2279
2493.8736,74.8173
2494.026,74.3677
2494.1784,75.0656
2494.3308,76.2287
2494.4832,77.5939
2494.6356,77.5113
2494.788,77.4234
2494.9404,76.9787
2495.0928,76.4858
2495.2452,75.735
2495.3976,76.6354
2495.55,77.1584
2495.7024,75.7659
2495.8548,72.4683
2496.0072,69.0488
2496.1596,69.902
2496.312,73.0849
2496.4644,76.0837
2496.6168,76.3288
2496.7692,74.2271
2496.9216,72.4208
2497.074,73.6999
2497.2264,76.4499
2497.3788,78.6327
2497.5312,81.6575
2497.6836,81.7872
2497.836,81.0507
2497.9884,78.6349
2498.1408,77.5847
2498.2932,76.0172
2498.4456,74.2132
2498.598,71.4598
2498.7504,70.6104
2498.9028,73.4072
2499.0552,74.8553
2499.2076,73.8142
2499.36,70.3403
2499.5124,69.5864
2499.6648,70.7557
2499.8172,71.6008
2499.9696,71.9798
2500.122,72.0164
2500.2744,72.1732
2500.4268,72.9475
2500.5792,75.3161
2500.7316,76.8692
2500.884,76.9695
2501.0364,75.5075
2501.1888,74.0412
2501.3412,73.554
2501.4936,73.7673
2501.646,74.0159
2501.7984,75.1824
2501.9508,76.4273
2502.1032,78.1429
2502.2556,79.0493
2502.408,77.2578
2502.5604,74.0476
2502.7128,70.2803
2502.8652,70.6667
2503.0176,72.7419
2503.17,73.4752
2503.3224,72.5398
2503.4748,70.2787
2503.6272,68.6412
2503.7796,68.2735
2503.932,69.7476
2504.0844,71.7479
2504.2368,74.4981
2504.3892,76.7582
2504.5416,76.8564
2504.694,76.147
2504.8464,74.7195
2504.9988,74.8294
2505.1512,74.7938
2505.3036,74.4991
2505.456,73.4326
2505.6084,72.4149
2505.7608,72.8859
2505.9132,74.4783
2506.0656,76.1761
2506.218,76.7886
2506.3704,74.9421
2506.5228,70.1779
2506.6752,68.2345
2506.8276,69.8279
2506.98,70.6236
2507.1324,71.1571
2507.2848,72.1875
2507.4372,72.9837
2507.5896,73.1449
2507.742,70.6096
2507.8944,69.4992
2508.0468,69.374
2508.1992,68.8055
2508.3516,68.2669
2508.504,68.0511
2508.6564,67.5369
2508.8088,69.3051
2508.9612,71.3154
2509.1136,72.9299
2509.266,74.5919
2509.4184,75.6011
2509.5708,77.8893
2509.7232,77.8377
2509.8756,75.5612
2510.028,72.8764
2510.1804,71.0654
2510.3328,72.6535
2510.4852,75.2668
2510.6376,74.8812
2510.79,72.819
2510.9424,70.5086
2511.0948,69.2326
2511.2472,70.3565
2511.3996,72.034
2511.552,72.5724
2511.7044,72.1948
2511.8568,72.991
2512.0092,74.0497
2512.1616,75.13
2512.314,75.6926
2512.4664,75.2352
2512.6188,73.6467
2512.7712,71.9716
2512.9236,72.7913
2513.076,74.214
2513.2284,75.5712
2513.3808,76.1807
2513.5332,76.2699
2513.6856,76.286
2513.838,74.8133
2513.9904,72.0134
2514.1428,70.3662
2514.2952,71.1917
2514.4476,72.9365
2514.6,73.1478
2514.7524,72.656
2514.9048,73.4234
2515.0572,74.4764
2515.2096,74.7027
2515.362,75.8587
2515.5144,77.6168
2515.6668,79.2442
2515.8192,78.4814
2515.9716,76.529
2516.124,75.7626
2516.2764,75.2815
2516.4288,73.9752
2516.5812,72.5222
2516.7336,71.4405
2516.886,70.7417
2517.0384,69.7668
2517.1908,70.3915
2517.3432,72.7648
2517.4956,73.3889
2517.648,73.9574
2517.8004,75.3749
2517.9528,76.8855
2518.1052,78.507
2518.2576,78.1025
2518.41,77.6893
2518.5624,77.2365
2518.7148,77.9137
2518.8672,78.0343
2519.0196,76.3156
2519.172,75.1903
2519.3244,75.068
2519.4768,76.1315
2519.6292,76.4984
2519.7816,76.1781
2519.934,74.8779
2520.0864,72.5185
2520.2388,69.8762
2520.3912,67.0155
2520.5436,67.4047
2520.696,70.5523
2520.8484,72.5011
2521.0008,71.8087
2521.1532,69.7574
2521.3056,68.6055
2521.458,68.0567
2521.6104,69.4859
2521.7628,70.7519
2521.9152,72.2553
2522.0676,71.7319
2522.22,71.486
2522.3724,72.1795
2522.5248,70.8002
2522.6772,68.2988
2522.8296,67.1628
2522.982,68.2875
2523.1344,71.8294
2523.2868,74.2035
2523.4392,74.2829
2523.5916,76.0165
2523.744,77.7942
2523.8964,77.5495
2524.0488,75.9496
2524.2012,74.7902
2524.3536,72.8654
2524.506,71.4512
2524.6584,71.4029
2524.8108,71.7471
2524.9632,71.1296
2525.1156,70.5595
2525.268,70.153
2525.4204,70.0388
2525.5728,69.893
2525.7252,68.8233
2525.8776,69.8682
2526.03,71.2013
2526.1824,71.3601
2526.3348,70.735
2526.4872,70.6377
2526.6396,70.1108
2526.792,70.0203
2526.9444,68.2559
2527.0968,65.8069
2527.2492,65.9944
2527.4016,67.9348
2527.554,68.3683
2527.7064,68.0915
2527.8588,69.4948
2528.0112,71.686
2528.1636,75.0472
2528.316,77.3915
2528.4684,78.2185
2528.6208,77.3036
2528.7732,75.6846
2528.9256,72.9123
2529.078,70.6171
2529.2304,71.1336
2529.3828,73.931
2529.5352,77.5363
2529.6876,79.3914
2529.84,78.3146
2529.9924,77.997
2530.1448,79.9989
2530.2972,80.7838
2530.4496,81.6641
2530.602,80.8498
2530.7544,79.7537
2530.9068,78.1978
2531.0592,77.1429
2531.2116,76.0588
2531.364,75.6818
2531.5164,75.3704
2531.6688,74.7481
2531.8212,75.5381
2531.9736,76.0627
2532.126,76.8127
2532.2784,76.9512
2532.4308,73.6535
2532.5832,69.4527
2532.7356,67.9813
2532.888,68.6951
2533.0404,70.5884
2533.1928,71.4824
2533.3452,71.3801
2533.4976,70.9152
2533.65,71.2144
2533.8024,73.1611
2533.9548,76.3405
2534.1072,78.0446
2534.2596,77.3229
2534.412,75.9815
2534.5644,75.7328
2534.7168,75.5782
2534.8692,75.8317
2535.0216,75.74
2535.174,74.4377
2535.3264,70.8991
2535.4788,66.0113
2535.6312,63.9496
2535.7836,63.3814
2535.936,63.2495
2536.0884,64.52
2536.2408,66.7785
2536.3932,66.8759
2536.5456,60.7569
2536.698,61.4224
2536.8504,65.7089
2537.0028,67.1659
2537.1552,65.7359
2537.3076,64.6474
2537.46,63.8288
2537.6124,62.909
2537.7648,61.9789
2537.9172,60.7786
2538.0696,59.6021
2538.222,57.0622
2538.3744,51.3799
2538.5268,49.469
2538.6792,49.9156
2538.8316,53.7854
2538.984,56.7497
2539.1364,55.7479
2539.2888,52.1745
2539.4412,51.9243
2539.5936,56.9258
2539.746,63.3663
2539.8984,66.8821
2540.0508,64.5763
2540.2032,55.6025
2540.3556,50.3059
2540.508,48.3381
2540.6604,50.4356
2540.8128,55.9395
2540.9652,61.4413
2541.1176,63.2232
2541.27,63.3008
2541.4224,62.3561
2541.5748,60.9534
2541.7272,59.5198
2541.8796,57.6252
2542.032,56.4139
2542.1844,55.859
2542.3368,55.6426
2542.4892,55.3608
2542.6416,56.298
2542.794,57.2063
2542.9464,57.2032
2543.0988,56.5658
2543.2512,56.3461
2543.4036,58.1847
2543.556,61.4378
2543.7084,64.0226
2543.8608,65.8393
2544.0132,66.6437
2544.1656,65.6185
2544.318,61.917
2544.4704,56.6375
2544.6228,54.7227
2544.7752,58.3381
2544.9276,63.723
2545.08,66.3017
2545.2324,66.3514
2545.3848,64.5219
2545.5372,61.2771
2545.6896,59.2069
2545.842,59.2454
2545.9944,61.1556
2546.1468,61.0952
2546.2992,61.8188
2546.4516,64.0505
2546.604,66.7205
2546.7564,67.993
2546.9088,69.192
2547.0612,69.5448
2547.2136,69.61
2547.366,68.4312
2547.5184,66.7133
2547.6708,65.8855
2547.8232,66.3178
2547.9756,68.3492
2548.128,70.5694
2548.2804,72.3227
2548.4328,72.2263
2548.5852,71.2209
2548.7376,69.9067
2548.89,69.8244
2549.0424,70.8921
2549.1948,70.5918
2549.3472,70.051
2549.4996,70.7451
2549.652,71.3831
2549.8044,68.4056
2549.9568,64.9806
2550.1092,64.4186
2550.2616,65.6209
2550.414,68.8297
2550.5664,72.7765
2550.7188,74.4674
2550.8712,75.7083
2551.0236,76.6938
2551.176,76.6035
2551.3284,76.0715
2551.4808,75.7602
2551.6332,75.5745
2551.7856,74.9568
2551.938,73.4209
2552.0904,73.1356
2552.2428,75.1371
2552.3952,77.1247
2552.5476,76.9207
2552.7,73.9544
2552.8524,70.8983
2553.0048,69.9229
2553.1572,69.425
2553.3096,67.6695
2553.462,65.4723
2553.6144,64.7984
2553.7668,65.5865
2553.9192,67.48
2554.0716,69.4802
2554.224,70.7616
2554.3764,72.5441
2554.5288,72.1871
2554.6812,70.191
2554.8336,68.5582
2554.986,67.9754
2555.1384,68.6729
2555.2908,69.3603
2555.4432,68.2057
2555.5956,67.1386
2555.748,68.0989
2555.9004,71.2718
2556.0528,76.1691
2556.2052,79.8062
2556.3576,81.3497
2556.51,81.8739
2556.6624,81.8936
2556.8148,80.9335
2556.9672,78.565
2557.1196,75.8004
2557.272,72.9245
2557.4244,70.1511
2557.5768,66.0174
2557.7292,64.5387
2557.8816,66.1826
2558.034,69.243
2558.1864,72.567
2558.3388,75.4987
2558.4912,77.1442
2558.6436,76.4988
2558.796,73.7883
2558.9484,70.4012
2559.1008,68.6987
2559.2532,69.3668
2559.4056,70.9757
2559.558,73.1128
2559.7104,74.461
2559.8628,76.2754
2560.0152,74.5819
2560.1676,72.3302
2560.32,69.713
2560.4724,67.5327
2560.6248,68.7997
2560.7772,70.5163
2560.9296,72.1409
2561.082,71.8631
2561.2344,71.122
2561.3868,72.1807
2561.5392,74.8985
2561.6916,76.0773
2561.844,75.727
2561.9964,75.5803
2562.1488,74.9717
2562.3012,73.3605
2562.4536,70.8931
2562.606,68.5636
2562.7584,66.356
2562.9108,64.6755
2563.0632,63.8321
2563.2156,64.5344
2563.368,67.4341
2563.5204,71.1694
2563.6728,72.5428
2563.8252,72.7118
2563.9776,71.4821
2564.13,68.5816
2564.2824,67.1846
2564.4348,68.9242
2564.5872,72.1932
2564.7396,74.1196
2564.892,74.1205
2565.0444,73.8392
2565.1968,73.6549
2565.3492,73.2681
2565.5016,73.9137
2565.654,76.2351
2565.8064,76.002
2565.9588,73.7288
2566.1112,72.8503
2566.2636,73.9431
2566.416,74.595
2566.5684,74.2959
2566.7208,72.6036
2566.8732,70.4363
2567.0256,68.9798
2567.178,68.8254
2567.3304,69.429
2567.4828,71.5291
2567.6352,72.72
2567.7876,72.7731
2567.94,72.569
2568.0924,72.7761
2568.2448,74.578
2568.3972,76.401
2568.5496,76.4042
2568.702,74.0311
2568.8544,71.0232
2569.0068,70.3593
2569.1592,70.6442
2569.3116,69.5875
2569.464,68.6931
2569.6164,68.8459
2569.7688,69.6485
2569.9212,70.7298
2570.0736,72.3626
2570.226,73.7283
2570.3784,74.8056
2570.5308,74.6792
2570.6832,73.043
2570.8356,72.5516
2570.988,72.2405
2571.1404,71.7234
2571.2928,70.7087
2571.4452,71.3974
2571.5976,72.1543
2571.75,71.1732
2571.9024,68.9144
2572.0548,68.703
2572.2072,69.8129
2572.3596,69.8283
2572.512,68.1979
2572.6644,67.7889
2572.8168,69.492
2572.9692,71.2635
2573.1216,73.6705
2573.274,74.0951
2573.4264,73.1613
2573.5788,71.8627
2573.7312,71.3506
2573.8836,73.8344
2574.036,76.2457
2574.1884,77.3035
2574.3408,77.2109
2574.4932,76.8074
2574.6456,76.1469
2574.798,74.1634
2574.9504,72.479
2575.1028,71.5316
2575.2552,73.4757
2575.4076,74.2018
2575.56,72.8123
2575.7124,69.1033
2575.8648,68.3345
2576.0172,70.2743
2576.1696,77.415
2576.322,82.3521
2576.4744,82.9675
2576.6268,76.5495
2576.7792,72.7587
2576.9316,72.1768
2577.084,73.0728
2577.2364,75.2893
2577.3888,77.3279
2577.5412,78.0327
2577.6936,76.6095
2577.846,74.4681
2577.9984,73.269
2578.1508,72.983
2578.3032,73.322
2578.4556,73.2356
2578.608,72.8918
2578.7604,71.7575
2578.9128,69.6252
2579.0652,68.2905
2579.2176,69.6624
2579.37,69.5732
2579.5224,67.9163
2579.6748,67.7153
2579.8272,70.2727
2579.9796,73.824
2580.132,76.1092
2580.2844,76.5254
2580.4368,75.521
2580.5892,73.9695
2580.7416,71.5711
2580.894,70.0352
2581.0464,69.5164
2581.1988,70.376
2581.3512,72.8829
2581.5036,74.2746
2581.656,72.4729
2581.8084,70.6916
2581.9608,72.2497
2582.1132,76.5886
2582.2656,78.3285
2582.418,77.5073
2582.5704,75.2934
2582.7228,73.6788
2582.8752,75.1287
2583.0276,77.4656
2583.18,77.4674
2583.3324,75.2311
2583.4848,71.4038
2583.6372,70.1811
2583.7896,70.1834
2583.942,71.5049
2584.0944,73.534
2584.2468,74.9847
2584.3992,74.6795
2584.5516,73.3526
2584.704,71.9734
2584.8564,70.6552
2585.0088,69.3747
2585.1612,69.4574
2585.3136,71.8103
2585.466,75.7444
2585.6184,78.8293
2585.7708,78.9948
2585.9232,78.8438
2586.0756,78.3722
2586.228,76.1103
2586.3804,71.6572
2586.5328,66.9475
2586.6852,66.6909
2586.8376,68.4909
2586.99,71.252
2587.1424,75.2227
2587.2948,78.425
2587.4472,79.9153
2587.5996,78.9402
2587.752,75.9587
2587.9044,73.7182
2588.0568,73.5396
2588.2092,73.4961
2588.3616,73.4454
2588.514,74.3984
2588.6664,74.3883
2588.8188,73.0319
2588.9712,71.3956
2589.1236,72.001
2589.276,72.9993
2589.4284,73.1632
2589.5808,73.0838
2589.7332,74.8809
2589.8856,76.4732
2590.038,76.5217
2590.1904,76.1566
2590.3428,75.1851
2590.4952,72.5942
2590.6476,69.3547
2590.8,68.1897
2590.9524,69.2254
2591.1048,69.1195
2591.2572,67.4353
2591.4096,66.9789
2591.562,67.874
2591.7144,69.9363
2591.8668,72.1321
2592.0192,73.0896
2592.1716,73.3565
2592.324,73.0631
2592.4764,72.2013
2592.6288,71.5543
2592.7812,72.0016
2592.9336,72.3338
2593.086,71.1633
2593.2384,70.2306
2593.3908,70.1377
2593.5432,71.2572
2593.6956,72.074
2593.848,73.7099
2594.0004,77.319
2594.1528,80.4796
2594.3052,79.4462
2594.4576,74.7713
2594.61,72.2463
2594.7624,73.4863
2594.9148,76.7962
2595.0672,76.9745
2595.2196,75.6267
2595.372,73.864
2595.5244,72.5248
2595.6768,73.4925
2595.8292,76.5183
2595.9816,77.1479
2596.134,76.7698
2596.2864,75.4248
2596.4388,73.3798
2596.5912,73.018
2596.7436,74.7584
2596.896,80.0068
2597.0484,81.492
2597.2008,80.7531
2597.3532,79.8974
2597.5056,80.4127
2597.658,80.4742
2597.8104,79.2294
2597.9628,76.6026
2598.1152,74.03
2598.2676,72.8634
2598.42,74.1998
2598.5724,75.0821
2598.7248,74.9643
2598.8772,75.1236
2599.0296,75.471
2599.182,75.4699
2599.3344,75.5385
2599.4868,75.8811
2599.6392,76.4213
2599.7916,76.0745
2599.944,74.9009
2600.0964,75.1426
2600.2488,75.7723
2600.4012,75.7121
2600.5536,75.9626
2600.706,77.2458
2600.8584,78.8719
2601.0108,78.9001
2601.1632,78.3123
2601.3156,77.9529
2601.468,78.4377
2601.6204,78.2627
2601.7728,76.6979
2601.9252,74.3244
2602.0776,71.326
2602.23,70.8179
2602.3824,70.0733
2602.5348,68.9646
2602.6872,69.2312
2602.8396,72.0321
2602.992,74.5259
2603.1444,74.9719
2603.2968,74.8572
2603.4492,75.1794
2603.6016,76.7603
2603.754,78.1427
2603.9064,79.8258
2604.0588,81.1018
2604.2112,81.9823
2604.3636,82.2357
2604.516,82.0936
2604.6684,81.5805
2604.8208,79.5494
2604.9732,75.1346
2605.1256,70.2301
2605.278,66.9021
2605.4304,65.7191
2605.5828,65.4477
2605.7352,66.0734
2605.8876,68.8352
2606.04,72.6116
2606.1924,76.469
2606.3448,79.6426
2606.4972,80.8457
2606.6496,79.5211
2606.802,76.1065
2606.9544,74.8242
2607.1068,72.5117
2607.2592,70.3001
2607.4116,69.7704
2607.564,68.2399
2607.7164,65.5362
2607.8688,64.8578
2608.0212,65.5882
2608.1736,66.4069
2608.326,68.4509
2608.4784,73.8253
2608.6308,78.8975
2608.7832,81.5824
2608.9356,82.0238
2609.088,81.1695
2609.2404,80.0338
2609.3928,78.1436
2609.5452,75.5143
2609.6976,73.0169
2609.85,70.6694
2610.0024,68.7146
2610.1548,67.4686
2610.3072,67.4377
2610.4596,67.3295
2610.612,67.4309
2610.7644,66.1055
2610.9168,65.8484
2611.0692,66.7454
2611.2216,68.7619
2611.374,79.5403
2611.5264,83.4794
2611.6788,85.5556
2611.8312,84.7029
2611.9836,84.0706
2612.136,84.705
2612.2884,84.6853
2612.4408,82.6809
2612.5932,78.471
2612.7456,74.0505
2612.898,71.3854
2613.0504,70.7344
2613.2028,72.9021
2613.3552,73.7546
2613.5076,71.8832
2613.66,69.2541
2613.8124,69.3397
2613.9648,73.6886
2614.1172,75.4086
2614.2696,74.6398
2614.422,71.0111
2614.5744,68.105
2614.7268,68.1839
2614.8792,70.7304
2615.0316,72.5925
2615.184,73.0989
2615.3364,73.164
2615.4888,72.9469
2615.6412,71.0408
2615.7936,68.3322
2615.946,68.9508
2616.0984,74.2891
2616.2508,77.5231
2616.4032,77.3206
2616.5556,73.6038
2616.708,70.6485
2616.8604,70.0216
2617.0128,71.366
2617.1652,75.2802
2617.3176,78.7024
2617.47,81.7333
2617.6224,82.2954
2617.7748,82.1306
2617.9272,84.3452
2618.0796,85.5048
2618.232,85.755
2618.3844,85.3836
2618.5368,84.68
2618.6892,82.6252
2618.8416,77.304
2618.994,71.9251
2619.1464,69.1093
2619.2988,68.7614
2619.4512,71.1881
2619.6036,75.3325
2619.756,78.2115
2619.9084,78.557
2620.0608,76.0959
2620.2132,72.8578
2620.3656,71.7088
2620.518,73.1568
2620.6704,75.5532
2620.8228,75.9808
2620.9752,75.4823
2621.1276,76.9868
2621.28,80.8432
2621.4324,83.1386
2621.5848,84.8465
2621.7372,85.4666
2621.8896,84.5481
2622.042,81.9938
2622.1944,77.5658
2622.3468,73.0651
2622.4992,70.8431
2622.6516,70.2646
2622.804,71.8168
2622.9564,72.3083
2623.1088,71.5769
2623.2612,71.7861
2623.4136,74.9064
2623.566,78.3086
2623.7184,81.1365
2623.8708,83.0674
2624.0232,83.0178
2624.1756,80.8929
2624.328,77.5376
2624.4804,74.7013
2624.6328,73.4535
2624.7852,73.2038
2624.9376,72.7596
2625.09,74.4524
2625.2424,78.5157
2625.3948,87.4952
2625.5472,89.8039
2625.6996,88.4096
2625.852,87.8669
2626.0044,89.7001
2626.1568,90.8694
2626.3092,89.7678
2626.4616,87.6755
2626.614,86.4224
2626.7664,83.3396
2626.9188,83.3808
2627.0712,84.1945
2627.2236,84.8212
2627.376,85.4686
2627.5284,85.3242
2627.6808,84.0754
2627.8332,82.7751
2627.9856,82.7776
2628.138,82.4489
2628.2904,81.6276
2628.4428,81.3072
2628.5952,82.6867
2628.7476,83.7309
2628.9,83.3133
2629.0524,82.0422
2629.2048,82.7609
2629.3572,86.7724
2629.5096,93.3417
2629.662,97.3585
2629.8144,99.7423
2629.9668,102.3332
2630.1192,105.4347
2630.2716,107.2202
2630.424,106.7192
2630.5764,105.2651
2630.7288,103.5746
2630.8812,103.0521
2631.0336,105.0619
2631.186,108.8532
2631.3384,110.1978
2631.4908,110.2803
2631.6432,109.3642
2631.7956,108.8466
2631.948,110.5587
2632.1004,113.7215
2632.2528,114.6129
2632.4052,111.8027
2632.5576,103.4196
2632.71,101.3645
2632.8624,104.204
2633.0148,106.2861
2633.1672,104.599
2633.3196,101.6386
2633.472,101.8243
2633.6244,104.326
2633.7768,105.7357
2633.9292,105.9675
2634.0816,107.7938
2634.234,110.1412
2634.3864,111.9205
2634.5388,112.1099
2634.6912,110.6792
2634.8436,107.8208
2634.996,104.5554
2635.1484,102.14
2635.3008,104.3301
2635.4532,107.1813
2635.6056,109.1212
2635.758,109.0255
2635.9104,107.5688
2636.0628,104.6439
2636.2152,100.9188
2636.3676,101.8873
2636.52,105.0421
2636.6724,107.258
2636.8248,107.3936
2636.9772,105.8832
2637.1296,104.7575
2637.282,103.866
2637.4344,102.0931
2637.5868,99.5002
2637.7392,97.9884
2637.8916,98.4733
2638.044,101.1218
2638.1964,105.9449
2638.3488,110.0277
2638.5012,111.9998
2638.6536,111.9354
2638.806,109.9783
2638.9584,107.2734
2639.1108,102.5888
2639.2632,99.6833
2639.4156,99.4751
2639.568,102.7821
2639.7204,107.9606
2639.8728,111.659
2640.0252,111.6914
2640.1776,108.8823
2640.33,102.8797
2640.4824,97.1817
2640.6348,97.5408
2640.7872,101.1106
2640.9396,104.3812
2641.092,106.6486
2641.2444,107.0597
2641.3968,106.2801
2641.5492,105.7747
2641.7016,106.7392
2641.854,108.4989
2642.0064,108.7579
2642.1588,106.8864
2642.3112,104.3156
2642.4636,102.7395
2642.616,101.2455
2642.7684,99.6386
2642.9208,97.7605
2643.0732,98.3866
2643.2256,102.167
2643.378,106.3541
2643.5304,107.5177
2643.6828,105.4613
2643.8352,101.9982
2643.9876,100.5676
2644.14,100.5534
2644.2924,98.7061
2644.4448,96.5924
2644.5972,98.387
2644.7496,99.6079
2644.902,98.7958
2645.0544,95.63
2645.2068,92.5157
2645.3592,92.8114
2645.5116,96.5149
2645.664,100.9085
2645.8164,102.5276
2645.9688,101.7624
2646.1212,101.0728
2646.2736,102.709
2646.426,106.3533
2646.5784,108.3315
2646.7308,107.5423
2646.8832,107.6805
2647.0356,107.0281
2647.188,105.2553
2647.3404,103.5741
2647.4928,104.325
2647.6452,107.4077
2647.7976,110.2881
2647.95,111.4503
2648.1024,110.336
2648.2548,107.2849
2648.4072,102.3799
2648.5596,101.8773
2648.712,103.838
2648.8644,105.0391
2649.0168,105.7619
2649.1692,106.7224
2649.3216,109.6266
2649.474,110.9711
2649.6264,110.1168
2649.7788,108.9803
2649.9312,108.8671
2650.0836,109.3086
2650.236,110.6235
2650.3884,111.6635
2650.5408,113.6832
2650.6932,114.3465
2650.8456,114.8532
2650.998,113.894
2651.1504,112.0765
2651.3028,109.1023
2651.4552,106.0009
2651.6076,102.8648
2651.76,100.5399
2651.9124,102.931
2652.0648,107.9881
2652.2172,111.1053
2652.3696,109.9598
2652.522,107.8103
2652.6744,106.8138
2652.8268,105.7223
2652.9792,103.9531
2653.1316,102.5626
2653.284,102.9621
2653.4364,105.294
2653.5888,109.5703
2653.7412,111.9165
2653.8936,112.2908
2654.046,111.7352
2654.1984,112.0719
2654.3508,113.3846
2654.5032,114.533
2654.6556,114.2278
2654.808,113.0073
2654.9604,111.7243
2655.1128,111.1675
2655.2652,110.8755
2655.4176,111.0227
2655.57,111.41
2655.7224,111.3895
2655.8748,110.5817
2656.0272,109.3486
2656.1796,108.1042
2656.332,107.8965
2656.4844,107.3463
2656.6368,105.2231
2656.7892,97.5065
2656.9416,89.1165
2657.094,83.6182
2657.2464,79.6488
2657.3988,78.3548
2657.5512,78.3115
2657.7036,79.0645
2657.856,80.9663
2658.0084,84.6316
2658.1608,87.8496
2658.3132,87.9298
2658.4656,86.4184
2658.618,84.1476
2658.7704,83.5974
2658.9228,85.2221
2659.0752,85.3298
2659.2276,84.3722
2659.38,85.0781
2659.5324,85.8183
2659.6848,84.7793
2659.8372,82.9552
2659.9896,83.3996
2660.142,85.0903
2660.2944,86.9035
2660.4468,88.3593
2660.5992,89.4503
2660.7516,90.2329
2660.904,88.2286
2661.0564,87.8579
2661.2088,87.9547
2661.3612,86.2865
2661.5136,84.2149
2661.666,83.4831
2661.8184,83.031
2661.9708,81.7358
2662.1232,77.6251
2662.2756,69.6508
2662.428,64.3039
2662.5804,61.405
2662.7328,63.2383
2662.8852,68.0932
2663.0376,76.5436
2663.19,81.01
2663.3424,81.5178
2663.4948,80.636
2663.6472,79.6596
2663.7996,80.0036
2663.952,81.5138
2664.1044,81.9774
2664.2568,81.8244
2664.4092,82.2047
2664.5616,86.6507
2664.714,89.0844
2664.8664,89.4601
2665.0188,89.4013
2665.1712,90.1892
2665.3236,88.9699
2665.476,84.4827
2665.6284,80.6747
2665.7808,80.51
2665.9332,81.9196
2666.0856,82.1146
2666.238,80.8523
2666.3904,80.4667
2666.5428,82.2591
2666.6952,87.0145
2666.8476,92.7038
2667,92.651
2667.1524,88.757
2667.3048,85.2837
2667.4572,81.5332
2667.6096,79.3303
2667.762,77.1526
2667.9144,76.3712
2668.0668,76.0238
2668.2192,75.4091
2668.3716,74.8592
2668.524,74.8527
2668.6764,76.6335
2668.8288,81.6106
2668.9812,87.9264
2669.1336,92.0299
2669.286,94.496
2669.4384,95.297
2669.5908,95.2563
2669.7432,94.1367
2669.8956,92.163
2670.048,91.599
2670.2004,90.2404
2670.3528,87.7422
2670.5052,86.5711
2670.6576,86.2406
2670.81,85.4859
2670.9624,83.3385
2671.1148,82.1675
2671.2672,82.904
2671.4196,84.426
2671.572,84.8292
2671.7244,84.1471
2671.8768,83.4768
2672.0292,82.0873
2672.1816,78.6269
2672.334,77.232
2672.4864,77.9794
2672.6388,79.3336
2672.7912,79.3141
2672.9436,77.8973
2673.096,76.0427
2673.2484,73.4941
2673.4008,70.7374
2673.5532,69.3347
2673.7056,69.798
2673.858,74.2381
2674.0104,75.048
2674.1628,73.9645
2674.3152,70.8644
2674.4676,69.0158
2674.62,68.369
2674.7724,69.6975
2674.9248,71.8428
2675.0772,75.42
2675.2296,76.8776
2675.382,77.2768
2675.5344,79.5951
2675.6868,83.3978
2675.8392,83.1983
2675.9916,80.7405
2676.144,76.1557
2676.2964,75.3424
2676.4488,75.7385
2676.6012,74.9029
2676.7536,72.6927
2676.906,70.0962
2677.0584,69.5135
2677.2108,69.2855
2677.3632,69.7213
2677.5156,71.9946
2677.668,76.1653
2677.8204,78.997
2677.9728,78.9452
2678.1252,77.5794
2678.2776,75.4304
2678.43,74.127
2678.5824,74.6871
2678.7348,76.5784
2678.8872,78.8149
2679.0396,80.8047
2679.192,82.5173
2679.3444,83.2427
2679.4968,82.3122
2679.6492,81.1823
2679.8016,81.9922
2679.954,82.9458
2680.1064,82.1601
2680.2588,80.3633
2680.4112,79.1705
2680.5636,79.0929
2680.716,78.0763
2680.8684,76.5633
2681.0208,75.0492
2681.1732,73.5328
2681.3256,71.0124
2681.478,70.8324
2681.6304,68.0002
2681.7828,65.8618
2681.9352,65.4824
2682.0876,66.569
2682.24,66.1138
2682.3924,64.4864
2682.5448,63.5702
2682.6972,67.8589
2682.8496,75.4213
2683.002,88.8929
2683.1544,99.9366
2683.3068,108.7023
2683.4592,111.7934
2683.6116,113.952
2683.764,116.6147
2683.9164,120.595
2684.0688,121.2763
2684.2212,119.7722
2684.3736,117.4305
2684.526,117.2129
2684.6784,117.3731
2684.8308,116.9326
2684.9832,113.6532
2685.1356,109.6386
2685.288,109.4788
2685.4404,110.8141
2685.5928,112.213
2685.7452,114.058
2685.8976,114.7021
2686.05,112.7338
2686.2024,110.1091
2686.3548,108.4632
2686.5072,107.2828
2686.6596,105.6266
2686.812,103.8639
2686.9644,102.4775
2687.1168,102.8346
2687.2692,105.6058
2687.4216,109.7082
2687.574,113.7881
2687.7264,115.6393
2687.8788,115.4322
2688.0312,114.17
2688.1836,113.7837
2688.336,114.8024
2688.4884,114.7791
2688.6408,113.3574
2688.7932,110.4356
2688.9456,110.2927
2689.098,110.2985
2689.2504,105.5505
2689.4028,100.9603
2689.5552,98.7695
2689.7076,99.3638
2689.86,100.7504
2690.0124,100.3196
2690.1648,97.1061
2690.3172,91.747
2690.4696,84.5564
2690.622,79.9654
2690.7744,76.4929
2690.9268,75.4687
2691.0792,77.1088
2691.2316,87.0464
2691.384,98.7352
2691.5364,110.1029
2691.6888,117.7605
2691.8412,120.3218
2691.9936,117.0034
2692.146,114.098
2692.2984,116.1036
2692.4508,123.1496
2692.6032,127.1059
2692.7556,126.6307
2692.908,123.8671
2693.0604,119.8789
2693.2128,116.4011
2693.3652,114.5573
2693.5176,113.1477
2693.67,111.5124
2693.8224,107.9229
2693.9748,105.3451
2694.1272,106.4049
2694.2796,109.8269
2694.432,110.8475
2694.5844,109.7437
2694.7368,108.723
2694.8892,109.6544
2695.0416,110.5495
2695.194,109.9765
2695.3464,109.6754
2695.4988,111.5609
2695.6512,115.9872
2695.8036,115.1446
2695.956,111.0415
2696.1084,109.2675
2696.2608,109.4558
2696.4132,111.0022
2696.5656,112.8521
2696.718,114.1439
2696.8704,113.5523
2697.0228,109.2994
2697.1752,104.7445
2697.3276,104.6991
2697.48,107.526
2697.6324,112.3427
2697.7848,116.2351
2697.9372,116.751
2698.0896,113.6268
2698.242,110.7451
2698.3944,110.5273
2698.5468,111.1533
2698.6992,110.958
2698.8516,110.6467
2699.004,111.9305
2699.1564,113.8475
2699.3088,115.2053
2699.4612,115.366
2699.6136,114.8943
2699.766,114.7466
2699.9184,114.5569
2700.0708,112.9067
2700.2232,110.8384
2700.3756,110.7794
2700.528,114.2014
2700.6804,119.0286
2700.8328,120.6037
2700.9852,120.2973
2701.1376,120.0034
2701.29,120.0536
2701.4424,120.1825
2701.5948,120.1868
2701.7472,119.7271
2701.8996,118.0009
2702.052,114.2939
2702.2044,110.4472
2702.3568,110.6842
2702.5092,119.5406
2702.6616,123.1534
2702.814,119.9944
2702.9664,117.1173
2703.1188,117.4103
2703.2712,118.3168
2703.4236,117.7394
2703.576,114.8744
2703.7284,113.8886
2703.8808,114.7402
2704.0332,114.1955
2704.1856,112.284
2704.338,111.1942
2704.4904,113.5125
2704.6428,117.3148
2704.7952,117.7271
2704.9476,116.4518
2705.1,115.3007
2705.2524,115.2979
2705.4048,116.2929
2705.5572,116.7424
2705.7096,117.2867
2705.862,118.0992
2706.0144,118.5572
2706.1668,118.6414
2706.3192,118.7337
2706.4716,118.0468
2706.624,116.355
2706.7764,115.4584
2706.9288,118.5041
2707.0812,117.1584
2707.2336,113.5314
2707.386,111.1791
2707.5384,113.3521
2707.6908,117.4686
2707.8432,117.4616
2707.9956,115.1054
2708.148,111.1753
2708.3004,109.5387
2708.4528,111.3423
2708.6052,113.1219
2708.7576,111.0335
2708.91,107.8871
2709.0624,105.9703
2709.2148,106.8072
2709.3672,110.2301
2709.5196,112.7489
2709.672,112.939
2709.8244,111.0878
2709.9768,108.523
2710.1292,106.9145
2710.2816,107.1577
2710.434,109.4217
2710.5864,111.8334
2710.7388,112.1415
2710.8912,111.8438
2711.0436,112.4628
2711.196,112.4186
2711.3484,110.9053
2711.5008,107.9129
2711.6532,107.0846
2711.8056,107.6273
2711.958,109.0871
2712.1104,110.9361
2712.2628,112.5617
2712.4152,112.7489
2712.5676,111.8052
2712.72,111.7217
2712.8724,111.5687
2713.0248,111.9065
2713.1772,112.5121
2713.3296,115.6746
2713.482,118.2203
2713.6344,119.2395
2713.7868,117.8883
2713.9392,115.2338
2714.0916,112.823
2714.244,112.4765
2714.3964,114.5801
2714.5488,118.075
2714.7012,118.6516
2714.8536,117.621
2715.006,118.493
2715.1584,119.1843
2715.3108,117.5409
2715.4632,113.8465
2715.6156,112.346
2715.768,112.6253
2715.9204,113.8622
2716.0728,114.1278
2716.2252,113.9755
2716.3776,113.2467
2716.53,112.6028
2716.6824,113.2632
2716.8348,117.0932
2716.9872,119.3359
2717.1396,120.2697
2717.292,120.0433
2717.4444,118.1453
2717.5968,115.1025
2717.7492,113.5997
2717.9016,113.6593
2718.054,115.28
2718.2064,117.6717
2718.3588,118.6677
2718.5112,117.4148
2718.6636,115.1654
2718.816,113.3822
2718.9684,115.4595
2719.1208,118.5492
2719.2732,119.015
2719.4256,116.2074
2719.578,110.1837
2719.7304,107.5921
2719.8828,109.2653
2720.0352,115.4203
2720.1876,117.0282
2720.34,116.1492
2720.4924,116.8443
2720.6448,117.194
2720.7972,118.1366
2720.9496,118.8289
2721.102,119.6389
2721.2544,119.7727
2721.4068,118.2357
2721.5592,115.0107
2721.7116,115.0265
2721.864,119.8869
2722.0164,122.7835
2722.1688,122.3921
2722.3212,117.907
2722.4736,113.3973
2722.626,111.1718
2722.7784,109.5339
2722.9308,107.4165
2723.0832,104.2679
2723.2356,102.0495
2723.388,102.3687
2723.5404,103.1271
2723.6928,104.314
2723.8452,105.4966
2723.9976,106.5212
2724.15,106.1264
2724.3024,104.4376
2724.4548,103.1215
2724.6072,101.4473
2724.7596,98.9187
2724.912,96.824
2725.0644,97.2198
2725.2168,98.5931
2725.3692,99.0278
2725.5216,97.6192
2725.674,94.6557
2725.8264,92.6436
2725.9788,92.0625
2726.1312,94.4827
2726.2836,99.2705
2726.436,102.2659
2726.5884,101.7255
2726.7408,98.6175
2726.8932,93.7825
2727.0456,93.1191
2727.198,93.0348
2727.3504,91.6928
2727.5028,90.4418
2727.6552,90.9015
2727.8076,93.8655
2727.96,97.8285
2728.1124,100.3171
2728.2648,101.1231
2728.4172,100.9083
2728.5696,99.9058
2728.722,97.1367
2728.8744,90.2799
2729.0268,85.9923
2729.1792,84.5325
2729.3316,85.6145
2729.484,89.0844
2729.6364,92.3494
2729.7888,93.7274
2729.9412,94.7909
2730.0936,97.7682
2730.246,101.5424
2730.3984,102.571
2730.5508,101.9162
2730.7032,101.8717
2730.8556,103.135
2731.008,104.9833
2731.1604,107.3871
2731.3128,105.732
2731.4652,98.0582
2731.6176,93.5253
2731.77,91.9097
2731.9224,92.6969
2732.0748,95.0426
2732.2272,95.2917
2732.3796,94.8262
2732.532,94.831
2732.6844,95.6812
2732.8368,98.6007
2732.9892,105.2011
2733.1416,111.743
2733.294,115.0291
2733.4464,116.0268
2733.5988,115.0632
2733.7512,112.7416
2733.9036,110.2043
2734.056,109.8026
2734.2084,112.7281
2734.3608,114.5284
2734.5132,114.7884
2734.6656,114.3172
2734.818,114.278
2734.9704,113.4508
2735.1228,110.5563
2735.2752,106.5299
2735.4276,104.9992
2735.58,106.2748
2735.7324,110.7948
2735.8848,113.7695
2736.0372,114.7124
2736.1896,114.9271
2736.342,114.6172
2736.4944,113.7305
2736.6468,112.5971
2736.7992,110.9402
2736.9516,109.2432
2737.104,108.2749
2737.2564,110.0547
2737.4088,114.35
2737.5612,119.0179
2737.7136,122.2642
2737.866,123.2553
2738.0184,122.1908
2738.1708,119.0222
2738.3232,114.7725
2738.4756,112.3299
2738.628,112.446
2738.7804,115.6055
2738.9328,118.7461
2739.0852,120.3044
2739.2376,119.4223
2739.39,115.7853
2739.5424,111.04
2739.6948,110.2686
2739.8472,113.0254
2739.9996,117.2896
2740.152,119.3621
2740.3044,119.4737
2740.4568,118.0316
2740.6092,114.0769
2740.7616,112.1545
2740.914,110.2188
2741.0664,107.4369
2741.2188,103.0813
2741.3712,100.7348
2741.5236,99.8808
2741.676,98.8001
2741.8284,95.0912
2741.9808,94.4748
2742.1332,95.3721
2742.2856,95.1352
2742.438,93.6809
2742.5904,94.5771
2742.7428,98.7464
2742.8952,103.484
2743.0476,106.32
2743.2,107.3436
2743.3524,107.9622
2743.5048,108.2324
2743.6572,110.1708
2743.8096,113.1442
2743.962,113.0501
2744.1144,109.6139
2744.2668,107.8962
2744.4192,112.3845
2744.5716,115.3158
2744.724,114.4902
2744.8764,111.4484
2745.0288,110.6864
2745.1812,112.5274
2745.3336,112.6587
2745.486,110.6427
2745.6384,108.5345
2745.7908,107.0986
2745.9432,105.9204
2746.0956,105.2053
2746.248,105.5239
2746.4004,106.8278
2746.5528,109.6083
2746.7052,112.0956
2746.8576,114.9629
2747.01,116.8611
2747.1624,116.7777
2747.3148,114.6991
2747.4672,112.0066
2747.6196,110.1527
2747.772,110.4771
2747.9244,114.1505
2748.0768,116.552
2748.2292,116.4768
2748.3816,113.8742
2748.534,109.4595
2748.6864,107.8868
2748.8388,107.8447
2748.9912,108.9674
2749.1436,109.2779
2749.296,107.7736
2749.4484,105.8811
2749.6008,107.5211
2749.7532,112.4507
2749.9056,117.6942
2750.058,118.4482
2750.2104,117.1976
2750.3628,116.8643
2750.5152,116.3112
2750.6676,110.6962
2750.82,104.309
2750.9724,99.8463
2751.1248,99.4079
2751.2772,106.4564
2751.4296,116.1778
2751.582,120.5372
2751.7344,121.5824
2751.8868,119.5293
2752.0392,118.1157
2752.1916,116.4994
2752.344,113.9864
2752.4964,110.0442
2752.6488,106.9789
2752.8012,105.4734
2752.9536,104.5465
2753.106,106.0065
2753.2584,109.6706
2753.4108,113.4613
2753.5632,114.8074
2753.7156,115.9597
2753.868,117.2672
2754.0204,116.6437
2754.1728,113.1232
2754.3252,107.0868
2754.4776,98.3822
2754.63,92.7903
2754.7824,89.2448
2754.9348,89.3954
2755.0872,91.2776
2755.2396,93.3436
2755.392,94.3662
2755.5444,95.6611
2755.6968,97.684
2755.8492,101.8843
2756.0016,109.2391
2756.154,114.5837
2756.3064,115.8881
2756.4588,111.9552
2756.6112,104.6489
2756.7636,95.5326
2756.916,93.1424
2757.0684,96.2577
2757.2208,100.5486
2757.3732,106.7966
2757.5256,112.4294
2757.678,115.5466
2757.8304,114.7414
2757.9828,113.8639
2758.1352,117.2098
2758.2876,125.2359
2758.44,129.4077
2758.5924,128.0771
2758.7448,123.7896
2758.8972,119.7038
2759.0496,118.9393
2759.202,118.2625
2759.3544,116.286
2759.5068,115.0706
2759.6592,114.7275
2759.8116,112.8177
2759.964,109.9528
2760.1164,107.814
2760.2688,107.8424
2760.4212,111.1938
2760.5736,118.0079
2760.726,119.921
2760.8784,118.0405
2761.0308,117.0437
2761.1832,116.6945
2761.3356,116.3271
2761.488,116.4466
2761.6404,117.0933
2761.7928,116.9459
2761.9452,114.5995
2762.0976,113.1586
2762.25,113.773
2762.4024,114.0422
2762.5548,113.156
2762.7072,111.8375
2762.8596,111.2345
2763.012,110.6584
2763.1644,110.455
2763.3168,111.9727
2763.4692,113.6991
2763.6216,115.2697
2763.774,116.3146
2763.9264,116.6026
2764.0788,115.8784
2764.2312,115.4669
2764.3836,117.1729
2764.536,118.322
2764.6884,118.4065
2764.8408,116.2359
2764.9932,112.6853
2765.1456,109.295
2765.298,107.5076
2765.4504,107.2504
2765.6028,109.5768
2765.7552,113.5213
2765.9076,113.7648
2766.06,109.2649
2766.2124,100.6204
2766.3648,97.9825
2766.5172,99.8319
2766.6696,102.8814
2766.822,106.0604
2766.9744,109.4503
2767.1268,112.3874
2767.2792,114.3593
2767.4316,114.6517
2767.584,113.6664
2767.7364,113.0785
2767.8888,113.717
2768.0412,114.2022
2768.1936,113.7736
2768.346,113.0283
2768.4984,112.9793
2768.6508,113.7006
2768.8032,115.4971
2768.9556,119.3271
2769.108,122.4304
2769.2604,123.0914
2769.4128,122.0938
2769.5652,118.4004
2769.7176,113.2793
2769.87,111.632
2770.0224,111.8899
2770.1748,114.3641
2770.3272,116.109
2770.4796,115.677
2770.632,114.5729
2770.7844,113.1161
2770.9368,112.4827
2771.0892,111.8154
2771.2416,111.6441
2771.394,113.5806
2771.5464,115.108
2771.6988,115.7044
2771.8512,113.3203
2772.0036,108.086
2772.156,108.9603
2772.3084,111.2181
2772.4608,111.6778
2772.6132,111.4918
2772.7656,111.9958
2772.918,113.652
2773.0704,113.4957
2773.2228,113.8185
2773.3752,113.8234
2773.5276,112.3957
2773.68,108.9152
2773.8324,108.8807
2773.9848,110.8406
2774.1372,112.1396
2774.2896,112.8702
2774.442,113.5748
2774.5944,114.7336
2774.7468,116.2537
2774.8992,117.6598
2775.0516,117.9417
2775.204,117.8509
2775.3564,117.1479
2775.5088,116.1751
2775.6612,115.0143
2775.8136,113.6505
2775.966,113.8167
2776.1184,116.1875
2776.2708,119.2882
2776.4232,120.9137
2776.5756,120.6264
2776.728,117.7409
2776.8804,111.8789
2777.0328,109.856
2777.1852,108.9321
2777.3376,108.9383
2777.49,109.7652
2777.6424,112.1598
2777.7948,112.9379
2777.9472,113.2571
2778.0996,113.5994
2778.252,116.641
2778.4044,119.2677
2778.5568,117.8732
2778.7092,111.4376
2778.8616,102.1573
2779.014,97.8765
2779.1664,98.4326
2779.3188,102.1125
2779.4712,106.0486
2779.6236,105.9815
2779.776,104.0971
2779.9284,103.2095
2780.0808,103.1479
2780.2332,102.4073
2780.3856,101.5935
2780.538,102.1909
2780.6904,103.6559
2780.8428,103.4286
2780.9952,102.1722
2781.1476,102.7671
2781.3,107.8772
2781.4524,114.5895
2781.6048,116.3454
2781.7572,114.828
2781.9096,112.2452
2782.062,112.1122
2782.2144,114.0018
2782.3668,114.0499
2782.5192,112.5235
2782.6716,110.2405
2782.824,108.0599
2782.9764,107.1398
2783.1288,108.3058
2783.2812,110.9659
2783.4336,114.3715
2783.586,117.2008
2783.7384,119.918
2783.8908,121.7336
2784.0432,121.7643
2784.1956,120.6275
2784.348,120.4808
2784.5004,120.3442
2784.6528,118.7728
2784.8052,114.2478
2784.9576,111.1815
2785.11,111.0067
2785.2624,113.7855
2785.4148,117.2147
2785.5672,116.814
2785.7196,114.1177
2785.872,111.2818
2786.0244,110.0173
2786.1768,110.0487
2786.3292,111.3976
2786.4816,112.83
2786.634,114.9639
2786.7864,116.2153
2786.9388,118.4737
2787.0912,121.9333
2787.2436,122.9865
2787.396,121.715
2787.5484,117.3827
2787.7008,116.6096
2787.8532,117.8643
2788.0056,118.0815
2788.158,115.699
2788.3104,112.2332
2788.4628,111.2966
2788.6152,112.2231
2788.7676,111.0627
2788.92,110.354
2789.0724,112.3938
2789.2248,114.7338
2789.3772,118.4993
2789.5296,118.5712
2789.682,116.6803
2789.8344,112.8213
2789.9868,107.588
2790.1392,104.3164
2790.2916,105.7929
2790.444,113.0771
2790.5964,114.6671
2790.7488,111.0399
2790.9012,109.8332
2791.0536,111.5535
2791.206,116.2216
2791.3584,118.2102
2791.5108,118.6369
2791.6632,118.3061
2791.8156,117.1521
2791.968,113.976
2792.1204,110.0736
2792.2728,108.3305
2792.4252,108.0913
2792.5776,108.5201
2792.73,109.0254
2792.8824,109.1686
2793.0348,108.3853
2793.1872,105.8568
2793.3396,100.174
2793.492,96.0468
2793.6444,95.6048
2793.7968,97.344
2793.9492,98.4078
2794.1016,97.4153
2794.254,96.4146
2794.4064,96.0446
2794.5588,95.8073
2794.7112,96.888
2794.8636,100.9655
2795.016,104.4319
2795.1684,105.7199
2795.3208,106.2381
2795.4732,106.9039
2795.6256,106.511
2795.778,104.5885
2795.9304,103.6463
2796.0828,103.2813
2796.2352,103.6679
2796.3876,103.6776
2796.54,103.7101
2796.6924,103.7833
2796.8448,102.9203
2796.9972,101.7254
2797.1496,102.6775
2797.302,104.6822
2797.4544,104.9539
2797.6068,102.1187
2797.7592,99.9824
2797.9116,97.9219
2798.064,97.7673
2798.2164,98.1216
2798.3688,98.0643
2798.5212,97.3127
2798.6736,96.3329
2798.826,95.6112
2798.9784,95.8117
2799.1308,97.643
2799.2832,99.7538
2799.4356,101.0033
2799.588,102.5516
2799.7404,103.6816
2799.8928,103.5855
2800.0452,102.4512
2800.1976,101.4525
2800.35,100.8726
2800.5024,99.1861
2800.6548,94.8229
2800.8072,90.3626
2800.9596,87.2926
2801.112,87.1782
2801.2644,89.9499
2801.4168,94.9707
2801.5692,100.5289
2801.7216,104.7621
2801.874,109.0966
2802.0264,110.6363
2802.1788,111.066
2802.3312,110.3587
2802.4836,108.3628
2802.636,106.3085
2802.7884,106.0924
2802.9408,108.8145
2803.0932,111.528
2803.2456,111.9096
2803.398,110.2261
2803.5504,106.3989
2803.7028,100.1942
2803.8552,96.2055
2804.0076,92.9032
2804.16,90.829
2804.3124,90.4331
2804.4648,91.602
2804.6172,93.4699
2804.7696,94.5889
2804.922,95.4524
2805.0744,97.2321
2805.2268,99.6171
2805.3792,102.4693
2805.5316,104.6009
2805.684,106.9992
2805.8364,107.1435
2805.9888,106.7455
2806.1412,107.9153
2806.2936,109.0739
2806.446,107.5858
2806.5984,105.5326
2806.7508,105.5402
2806.9032,112.8635
2807.0556,121.199
2807.208,127.2687
2807.3604,128.6188
2807.5128,127.5363
2807.6652,123.4447
2807.8176,119.1665
2807.97,115.7202
2808.1224,112.3799
2808.2748,109.8202
2808.4272,110.4948
2808.5796,111.7958
2808.732,111.748
2808.8844,111.1799
2809.0368,111.51
2809.1892,112.6778
2809.3416,112.292
2809.494,111.5167
2809.6464,111.9656
2809.7988,115.1476
2809.9512,118.621
2810.1036,119.281
2810.256,117.9422
2810.4084,114.0857
2810.5608,110.1336
2810.7132,109.2707
2810.8656,109.9683
2811.018,111.267
2811.1704,111.9051
2811.3228,111.7398
2811.4752,110.2401
2811.6276,108.82
2811.78,107.4862
2811.9324,107.2594
2812.0848,107.6334
2812.2372,107.2425
2812.3896,105.6317
2812.542,101.6745
2812.6944,96.6494
2812.8468,93.1571
2812.9992,91.8856
2813.1516,91.6419
2813.304,91.0916
2813.4564,91.8769
2813.6088,95.4861
2813.7612,98.5509
2813.9136,99.958
2814.066,99.0592
2814.2184,96.3992
2814.3708,94.0095
2814.5232,94.7617
2814.6756,95.1266
2814.828,94.4335
2814.9804,94.7263
2815.1328,96.799
2815.2852,99.2781
2815.4376,101.7065
2815.59,102.3117
2815.7424,100.7602
2815.8948,97.3448
2816.0472,95.4786
2816.1996,96.7762
2816.352,99.0568
2816.5044,101.235
2816.6568,102.0603
2816.8092,102.3264
2816.9616,102.6458
2817.114,102.6144
2817.2664,101.0716
2817.4188,98.6839
2817.5712,98.2791
2817.7236,99.0519
2817.876,100.5145
2818.0284,101.0874
2818.1808,100.033
2818.3332,96.0912
2818.4856,89.5884
2818.638,87.8777
2818.7904,90.1144
2818.9428,94.0624
2819.0952,95.1304
2819.2476,96.2359
2819.4,97.1172
2819.5524,97.5711
2819.7048,96.6016
2819.8572,94.4618
2820.0096,94.3586
2820.162,94.3951
2820.3144,93.0207
2820.4668,92.4958
2820.6192,94.5919
2820.7716,97.3106
2820.924,98.8152
2821.0764,98.0426
2821.2288,93.0559
2821.3812,91.11
2821.5336,91.5418
2821.686,95.8727
2821.8384,98.4429
2821.9908,99.6405
2822.1432,99.896
2822.2956,100.1938
2822.448,100.2845
2822.6004,98.9364
2822.7528,95.2112
2822.9052,93.2329
2823.0576,92.826
2823.21,94.3161
2823.3624,95.1356
2823.5148,95.2321
2823.6672,94.5364
2823.8196,94.1281
2823.972,95.2249
2824.1244,97.1391
2824.2768,98.2628
2824.4292,98.0711
2824.5816,97.9827
2824.734,99.539
2824.8864,103.2321
2825.0388,105.4669
2825.1912,106.2683
2825.3436,107.3792
2825.496,108.3383
2825.6484,108.7672
2825.8008,105.8696
2825.9532,104.401
2826.1056,104.5244
2826.258,104.9627
2826.4104,104.4412
2826.5628,103.5464
2826.7152,102.7389
2826.8676,107.2063
2827.02,110.0708
2827.1724,108.3058
2827.3248,104.0036
2827.4772,102.1429
2827.6296,104.4887
2827.782,106.2027
2827.9344,105.5705
2828.0868,104.0825
2828.2392,101.6569
2828.3916,99.327
2828.544,97.7962
2828.6964,97.2284
2828.8488,97.118
2829.0012,96.7585
2829.1536,95.3799
2829.306,93.5064
2829.4584,92.9313
2829.6108,93.9763
2829.7632,95.8823
2829.9156,99.6253
2830.068,103.1301
2830.2204,105.9559
2830.3728,106.8055
2830.5252,103.8233
2830.6776,99.2565
2830.83,96.1604
2830.9824,94.3256
2831.1348,93.7551
2831.2872,93.8922
2831.4396,94.2361
2831.592,94.4454
2831.7444,93.6472
2831.8968,91.7996
2832.0492,91.2274
2832.2016,92.1652
2832.354,93.0521
2832.5064,92.4171
2832.6588,90.7487
2832.8112,91.5697
2832.9636,95.6564
2833.116,99.825
2833.2684,103.7238
2833.4208,104.7361
2833.5732,105.0706
2833.7256,103.4208
2833.878,102.3668
2834.0304,101.3053
2834.1828,101.305
2834.3352,102.114
2834.4876,104.4469
2834.64,108.1072
2834.7924,108.9299
2834.9448,106.7095
2835.0972,103.7444
2835.2496,100.4623
2835.402,98.6035
2835.5544,97.6114
2835.7068,96.9613
2835.8592,98.4362
2836.0116,101.4641
2836.164,102.9054
2836.3164,102.1328
2836.4688,100.3996
2836.6212,98.9574
2836.7736,99.3297
2836.926,102.1243
2837.0784,104.346
2837.2308,103.8754
2837.3832,101.8246
2837.5356,99.5853
2837.688,99.169
2837.8404,101.5953
2837.9928,102.4712
2838.1452,101.5927
2838.2976,100.4519
2838.45,100.5711
2838.6024,101.747
2838.7548,101.4615
2838.9072,99.1793
2839.0596,97.0326
2839.212,97.8186
2839.3644,98.8438
2839.5168,97.7633
2839.6692,95.8481
2839.8216,95.8019
2839.974,99.4134
2840.1264,102.753
2840.2788,102.143
2840.4312,98.4948
2840.5836,93.3374
2840.736,91.418
2840.8884,92.3154
2841.0408,93.7409
2841.1932,93.9271
2841.3456,92.8319
2841.498,91.4023
2841.6504,90.8809
2841.8028,92.3546
2841.9552,93.2792
2842.1076,92.9911
2842.26,92.3452
2842.4124,92.4361
2842.5648,92.7035
2842.7172,92.9403
2842.8696,93.4524
2843.022,94.5173
2843.1744,94.6291
2843.3268,92.9931
2843.4792,91.1245
2843.6316,90.2156
2843.784,91.2953
2843.9364,94.2769
2844.0888,94.8577
2844.2412,93.415
2844.3936,90.4677
2844.546,86.3452
2844.6984,85.258
2844.8508,86.377
2845.0032,89.8114
2845.1556,93.7339
2845.308,95.2529
2845.4604,95.8555
2845.6128,95.5284
2845.7652,93.635
2845.9176,86.8143
2846.07,84.888
2846.2224,87.8744
2846.3748,92.2685
2846.5272,94.8726
2846.6796,95.7051
2846.832,94.5805
2846.9844,92.1389
2847.1368,90.407
2847.2892,89.6476
2847.4416,88.7211
2847.594,87.264
2847.7464,84.6109
2847.8988,82.1249
2848.0512,81.0135
2848.2036,83.2618
2848.356,86.0392
2848.5084,87.6016
2848.6608,87.5001
2848.8132,86.6876
2848.9656,85.095
2849.118,82.8495
2849.2704,79.7912
2849.4228,74.3961
2849.5752,72.5987
2849.7276,70.0396
2849.88,70.347
2850.0324,73.0578
2850.1848,78.1744
2850.3372,78.9247
2850.4896,78.189
2850.642,78.1391
2850.7944,79.2544
2850.9468,78.898
2851.0992,76.2279
2851.2516,73.9271
2851.404,74.1542
2851.5564,74.0546
2851.7088,72.4686
2851.8612,69.1711
2852.0136,67.2126
2852.166,66.4419
2852.3184,65.7382
2852.4708,63.7068
2852.6232,59.8688
2852.7756,58.2675
2852.928,59.167
2853.0804,59.4282
2853.2328,58.5468
2853.3852,58.6725
2853.5376,63.3207
2853.69,75.1905
2853.8424,86.2224
2853.9948,94.0637
2854.1472,96.0335
2854.2996,98.0943
2854.452,99.1234
2854.6044,98.1308
2854.7568,94.5749
2854.9092,90.8892
2855.0616,90.694
2855.214,93.7268
2855.3664,93.4021
2855.5188,89.4217
2855.6712,83.5571
2855.8236,82.4132
2855.976,82.0975
2856.1284,80.3875
2856.2808,75.863
2856.4332,73.5527
2856.5856,73.4395
2856.738,75.1781
2856.8904,76.6274
2857.0428,76.803
2857.1952,76.8547
2857.3476,77.0527
2857.5,76.6435
2857.6524,75.5287
2857.8048,73.7176
2857.9572,73.3702
2858.1096,74.8658
2858.262,78.9687
2858.4144,81.7756
2858.5668,82.3343
2858.7192,80.0369
2858.8716,76.5924
2859.024,74.9925
2859.1764,76.2843
2859.3288,77.0502
2859.4812,75.6123
2859.6336,72.1567
2859.786,67.6605
2859.9384,66.1669
2860.0908,66.1801
2860.2432,66.6532
2860.3956,66.8356
2860.548,68.0218
2860.7004,67.9085
2860.8528,67.2231
2861.0052,66.6987
2861.1576,66.8688
2861.31,67.8072
2861.4624,67.6525
2861.6148,66.3986
2861.7672,62.803
2861.9196,59.3976
2862.072,56.7197
2862.2244,55.6177
2862.3768,55.3689
2862.5292,56.0077
2862.6816,57.2154
2862.834,58.508
2862.9864,59.6957
2863.1388,59.8621
2863.2912,59.8953
2863.4436,59.7463
2863.596,59.7358
2863.7484,59.9436
2863.9008,60.548
2864.0532,63.1066
2864.2056,67.8879
2864.358,77.4395
2864.5104,86.2811
2864.6628,89.5427
2864.8152,89.8453
2864.9676,89.8068
2865.12,90.1442
2865.2724,92.0542
2865.4248,92.3802
2865.5772,90.8213
2865.7296,89.5086
2865.882,90.1155
2866.0344,89.6399
2866.1868,86.3371
2866.3392,82.8903
2866.4916,81.9333
2866.644,81.4865
2866.7964,81.1423
2866.9488,80.4095
2867.1012,79.7843
2867.2536,78.948
2867.406,77.8597
2867.5584,77.1584
2867.7108,76.3206
2867.8632,74.9081
2868.0156,73.5062
2868.168,73.4052
2868.3204,74.3947
2868.4728,75.5282
2868.6252,73.7456
2868.7776,66.4982
2868.93,64.4925
2869.0824,65.418
2869.2348,68.5593
2869.3872,69.5176
2869.5396,69.4351
2869.692,70.1528
2869.8444,73.1563
2869.9968,73.8199
2870.1492,72.3071
2870.3016,66.2746
2870.454,62.1914
2870.6064,60.1351
2870.7588,59.2818
2870.9112,59.4084
2871.0636,59.3044
2871.216,60.172
2871.3684,62.2491
2871.5208,63.6261
2871.6732,63.5277
2871.8256,62.2108
2871.978,61.943
2872.1304,62.4704
2872.2828,62.162
2872.4352,60.3964
2872.5876,60.2751
2872.74,63.543
2872.8924,63.7976
2873.0448,63.8496
2873.1972,61.6083
2873.3496,60.0228
2873.502,61.7753
2873.6544,61.8533
2873.8068,60.0118
2873.9592,55.1166
2874.1116,51.0113
2874.264,49.9252
2874.4164,50.2904
2874.5688,53.466
2874.7212,58.813
2874.8736,61.2999
2875.026,60.909
2875.1784,58.5375
2875.3308,55.5527
2875.4832,53.9149
2875.6356,54.5028
2875.788,57.5387
2875.9404,62.7819
2876.0928,68.367
2876.2452,70.5867
2876.3976,69.6073
2876.55,65.9025
2876.7024,63.7011
2876.8548,63.3597
2877.0072,64.2878
2877.1596,66.7435
2877.312,70.5594
2877.4644,71.8252
2877.6168,70.1576
2877.7692,66.0125
2877.9216,61.9097
2878.074,59.7708
2878.2264,58.5738
2878.3788,58.3006
2878.5312,58.7472
2878.6836,59.6719
2878.836,61.1389
2878.9884,62.4367
2879.1408,63.9026
2879.2932,65.0583
2879.4456,65.4404
2879.598,65.2107
2879.7504,62.6299
2879.9028,56.5024
2880.0552,50.1873
2880.2076,45.6067
2880.36,44.7638
2880.5124,47.2886
2880.6648,52.9936
2880.8172,54.9825
2880.9696,54.0106
2881.122,52.8814
2881.2744,53.2233
2881.4268,54.497
2881.5792,54.0491
2881.7316,52.8135
2881.884,53.86
2882.0364,56.0833
2882.1888,57.3894
2882.3412,57.5727
2882.4936,56.6038
2882.646,56.1787
2882.7984,55.7297
2882.9508,54.0018
2883.1032,53.395
2883.2556,52.326
2883.408,51.9981
2883.5604,52.3781
2883.7128,54.9909
2883.8652,56.7437
2884.0176,56.3906
2884.17,55.2394
2884.3224,54.8379
2884.4748,57.5838
2884.6272,58.7716
2884.7796,57.3046
2884.932,54.8547
2885.0844,54.5823
2885.2368,56.6793
2885.3892,60.3766
2885.5416,62.1412
2885.694,61.9274
2885.8464,59.1867
2885.9988,55.8626
2886.1512,54.0702
2886.3036,53.3084
2886.456,53.6806
2886.6084,55.1369
2886.7608,57.2922
2886.9132,58.7736
2887.0656,58.2403
2887.218,55.7479
2887.3704,50.7075
2887.5228,48.4036
2887.6752,49.6581
2887.8276,50.5548
2887.98,50.3525
2888.1324,50.4622
2888.2848,52.5255
2888.4372,53.261
2888.5896,51.3206
2888.742,49.3315
2888.8944,48.7258
2889.0468,50.3748
2889.1992,50.9459
2889.3516,50.0549
2889.504,50.1208
2889.6564,50.5108
2889.8088,50.3783
2889.9612,49.3478
2890.1136,48.9781
2890.266,48.8446
2890.4184,48.7096
2890.5708,48.9229
2890.7232,49.3513
2890.8756,48.6959
2891.028,47.0265
2891.1804,45.141
2891.3328,43.7443
2891.4852,42.5899
2891.6376,43.2518
2891.79,46.3448
2891.9424,49.4524
2892.0948,49.8031
2892.2472,48.6861
2892.3996,48.0964
2892.552,47.4305
2892.7044,46.7985
2892.8568,46.5925
2893.0092,46.6464
2893.1616,46.8841
2893.314,46.765
2893.4664,46.2734
2893.6188,45.3204
2893.7712,44.2606
2893.9236,42.9007
2894.076,41.8047
2894.2284,40.8919
2894.3808,40.5495
2894.5332,40.6577
2894.6856,43.2078
2894.838,46.419
2894.9904,50.3235
2895.1428,53.0587
2895.2952,54.3325
2895.4476,54.2963
2895.6,52.9777
2895.7524,49.8208
2895.9048,47.9103
2896.0572,47.1207
2896.2096,47.3425
2896.362,48.0853
2896.5144,49.5909
2896.6668,53.0577
2896.8192,55.5992
2896.9716,56.3922
2897.124,55.3614
2897.2764,54.1052
2897.4288,53.6112
2897.5812,55.0375
2897.7336,57.3954
2897.886,56.8386
2898.0384,53.9586
2898.1908,51.1913
2898.3432,50.8308
2898.4956,50.6
2898.648,49.5892
2898.8004,49.9693
2898.9528,52.174
2899.1052,54.4585
2899.2576,55.867
2899.41,56.6808
2899.5624,58.6423
2899.7148,59.3152
2899.8672,57.4205
2900.0196,53.9514
2900.172,51.1714
2900.3244,50.9645
2900.4768,52.266
2900.6292,53.117
2900.7816,53.7144
2900.934,53.7553
2901.0864,53.6162
2901.2388,53.4391
2901.3912,52.9556
2901.5436,52.0521
2901.696,50.9793
2901.8484,49.8096
2902.0008,49.1778
2902.1532,49.7633
2902.3056,52.2964
2902.458,52.9808
2902.6104,50.7867
2902.7628,46.8113
2902.9152,45.1388
2903.0676,46.225
2903.22,48.454
2903.3724,49.1621
2903.5248,49.2477
2903.6772,47.9015
2903.8296,47.3289
2903.982,47.4009
2904.1344,47.4552
2904.2868,47.1885
2904.4392,46.4015
2904.5916,45.4831
2904.744,44.8773
2904.8964,44.4604
2905.0488,45.2386
2905.2012,46.3755
2905.3536,47.0713
2905.506,46.9056
2905.6584,47.4574
2905.8108,48.297
2905.9632,47.9203
2906.1156,45.6916
2906.268,43.477
2906.4204,42.7478
2906.5728,42.6086
2906.7252,42.9553
2906.8776,43.7805
2907.03,44.692
2907.1824,45.6445
2907.3348,46.4731
2907.4872,46.8553
2907.6396,46.6957
2907.792,45.5264
2907.9444,45.298
2908.0968,46.109
2908.2492,49.6257
2908.4016,52.0916
2908.554,52.9764
2908.7064,52.5728
2908.8588,50.1162
2909.0112,46.5117
2909.1636,44.4841
2909.316,43.9569
2909.4684,45.1141
2909.6208,48.6553
2909.7732,51.5874
2909.9256,52.043
2910.078,51.1452
2910.2304,49.2475
2910.3828,46.8845
2910.5352,45.161
2910.6876,44.2868
2910.84,45.0536
2910.9924,47.6009
2911.1448,48.4985
2911.2972,47.9888
2911.4496,47.0892
2911.602,45.6766
2911.7544,44.7655
2911.9068,45.2999
2912.0592,45.7117
2912.2116,44.4908
2912.364,43.422
2912.5164,41.9709
2912.6688,44.5539
2912.8212,48.1263
2912.9736,49.8892
2913.126,48.7207
2913.2784,48.1833
2913.4308,49.9044
2913.5832,50.5728
2913.7356,49.8959
2913.888,49.0482
2914.0404,47.8692
2914.1928,47.1314
2914.3452,47.1905
2914.4976,48.4603
2914.65,48.7169
2914.8024,47.4647
2914.9548,46.2119
2915.1072,46.8627
2915.2596,48.2467
2915.412,47.9704
2915.5644,46.2198
2915.7168,45.6951
2915.8692,46.8612
2916.0216,49.9165
2916.174,54.323
2916.3264,57.9081
2916.4788,57.5636
2916.6312,52.727
2916.7836,48.7736
2916.936,47.4793
2917.0884,46.5597
2917.2408,44.1052
2917.3932,42.8045
2917.5456,43.5177
2917.698,46.4947
2917.8504,49.2646
2918.0028,49.4562
2918.1552,48.7432
2918.3076,48.4031
2918.46,49.2895
2918.6124,51.4498
2918.7648,52.1593
2918.9172,50.4425
2919.0696,47.235
2919.222,44.4759
2919.3744,44.0612
2919.5268,47.1344
2919.6792,47.801
2919.8316,48.024
2919.984,49.1342
2920.1364,52.9979
2920.2888,53.8827
2920.4412,53.6917
2920.5936,53.3897
2920.746,53.3807
2920.8984,53.1637
2921.0508,52.8258
2921.2032,54.4453
2921.3556,54.785
2921.508,54.159
2921.6604,53.2891
2921.8128,52.9703
2921.9652,53.3159
2922.1176,54.1499
2922.27,53.9215
2922.4224,52.684
2922.5748,51.9891
2922.7272,53.2781
2922.8796,53.0489
2923.032,52.1733
2923.1844,50.8742
2923.3368,50.3446
2923.4892,50.362
2923.6416,50.4216
2923.794,49.8476
2923.9464,49.7448
2924.0988,51.5717
2924.2512,51.886
2924.4036,52.9621
2924.556,50.9083
2924.7084,48.2639
2924.8608,47.2513
2925.0132,49.3557
2925.1656,52.4866
2925.318,54.6605
2925.4704,54.7663
2925.6228,53.6484
2925.7752,53.0286
2925.9276,54.842
2926.08,56.4977
2926.2324,55.7988
2926.3848,53.5921
2926.5372,49.4045
2926.6896,46.5839
2926.842,44.6979
2926.9944,44.5418
2927.1468,45.188
2927.2992,48.0867
2927.4516,50.41
2927.604,50.7117
2927.7564,49.9722
2927.9088,49.4999
2928.0612,49.3414
2928.2136,49.7936
2928.366,50.1287
2928.5184,50.2748
2928.6708,50.5784
2928.8232,50.538
2928.9756,50.2431
2929.128,49.281
2929.2804,48.78
2929.4328,50.3554
2929.5852,51.9588
2929.7376,51.491
2929.89,51.1833
2930.0424,51.1579
2930.1948,50.6111
2930.3472,49.2524
2930.4996,47.782
2930.652,47.0014
2930.8044,46.1472
2930.9568,46.2123
2931.1092,48.9795
2931.2616,52.4328
2931.414,54.0606
2931.5664,53.6835
2931.7188,52.7687
2931.8712,51.6512
2932.0236,51.0295
2932.176,50.0028
2932.3284,48.7421
2932.4808,46.6408
2932.6332,46.4731
2932.7856,45.6303
2932.938,43.8516
2933.0904,44.9322
2933.2428,47.5974
2933.3952,49.6016
2933.5476,51.136
2933.7,51.9868
2933.8524,52.1606
2934.0048,51.0027
2934.1572,49.3469
2934.3096,49.7287
2934.462,50.8442
2934.6144,50.112
2934.7668,48.5148
2934.9192,48.9877
2935.0716,52.6397
2935.224,56.1245
2935.3764,56.0422
2935.5288,53.8765
2935.6812,51.7137
2935.8336,50.9601
2935.986,50.8715
2936.1384,49.5985
2936.2908,49.2098
2936.4432,50.7813
2936.5956,51.9691
2936.748,50.1035
2936.9004,49.4413
2937.0528,50.1646
2937.2052,51.374
2937.3576,52.9711
2937.51,52.7076
2937.6624,51.6127
2937.8148,50.6831
2937.9672,50.7017
2938.1196,51.7169
2938.272,52.234
2938.4244,51.623
2938.5768,49.2969
2938.7292,46.3057
2938.8816,44.0704
2939.034,43.7995
2939.1864,45.2994
2939.3388,47.8193
2939.4912,49.6809
2939.6436,49.8377
2939.796,49.1761
2939.9484,49.4835
2940.1008,49.4972
2940.2532,48.5249
2940.4056,46.7988
2940.558,45.9853
2940.7104,46.5523
2940.8628,48.1572
2941.0152,48.9986
2941.1676,48.118
2941.32,46.0776
2941.4724,45.3882
2941.6248,46.131
2941.7772,48.3491
2941.9296,48.4485
2942.082,46.491
2942.2344,44.3693
2942.3868,44.4391
2942.5392,44.874
2942.6916,45.472
2942.844,45.9425
2942.9964,46.2242
2943.1488,45.8996
2943.3012,45.889
2943.4536,45.1554
2943.606,45.4359
2943.7584,47.3648
2943.9108,49.1342
2944.0632,49.9797
2944.2156,49.9064
2944.368,49.2913
2944.5204,48.9123
2944.6728,49.4514
2944.8252,50.5546
2944.9776,50.572
2945.13,50.0382
2945.2824,48.5101
2945.4348,47.2943
2945.5872,47.0091
2945.7396,46.4413
2945.892,46.6249
2946.0444,47.1349
2946.1968,47.7962
2946.3492,47.7548
2946.5016,45.5747
2946.654,43.117
2946.8064,41.8113
2946.9588,43.201
2947.1112,46.2102
2947.2636,48.3663
2947.416,49.0247
2947.5684,47.9099
2947.7208,45.7122
2947.8732,43.2033
2948.0256,41.8251
2948.178,42.5834
2948.3304,44.417
2948.4828,46.1625
2948.6352,46.2401
2948.7876,45.6018
2948.94,46.1111
2949.0924,47.4206
2949.2448,48.1573
2949.3972,48.8244
2949.5496,48.6509
2949.702,47.804
2949.8544,48.1782
2950.0068,50.0773
2950.1592,50.2782
2950.3116,49.8596
2950.464,49.3299
2950.6164,48.3359
2950.7688,47.1724
2950.9212,45.4863
2951.0736,43.8492
2951.226,42.5324
2951.3784,42.6984
2951.5308,44.6666
2951.6832,46.2213
2951.8356,47.1167
2951.988,47.037
2952.1404,46.6035
2952.2928,45.8127
2952.4452,44.5732
2952.5976,43.6504
2952.75,44.0769
2952.9024,46.8064
2953.0548,49.2875
2953.2072,49.5013
2953.3596,48.7686
2953.512,49.4842
2953.6644,51.5878
2953.8168,53.3852
2953.9692,54.4496
2954.1216,54.255
2954.274,51.7583
2954.4264,48.9159
2954.5788,48.9906
2954.7312,53.0493
2954.8836,54.6585
2955.036,54.7109
2955.1884,54.143
2955.3408,52.4525
2955.4932,50.2055
2955.6456,48.5911
2955.798,48.6933
2955.9504,50.1483
2956.1028,52.1259
2956.2552,53.4373
2956.4076,53.674
2956.56,52.6716
2956.7124,52.2085
2956.8648,52.9065
2957.0172,55.1486
2957.1696,56.2678
2957.322,57.1879
2957.4744,57.1225
2957.6268,55.5103
2957.7792,53.6061
2957.9316,53.4844
2958.084,53.5572
2958.2364,54.0951
2958.3888,51.7164
2958.5412,48.5243
2958.6936,47.4017
2958.846,48.0262
2958.9984,50.2555
2959.1508,51.0586
2959.3032,52.0698
2959.4556,54.4948
2959.608,56.6899
2959.7604,56.6115
2959.9128,54.3496
2960.0652,53.5733
2960.2176,52.9546
2960.37,50.8304
2960.5224,48.7097
2960.6748,48.4593
2960.8272,50.6955
2960.9796,53.825
2961.132,55.4176
2961.2844,55.1771
2961.4368,54.5099
2961.5892,52.5885
2961.7416,50.7962
2961.894,49.426
2962.0464,49.0436
2962.1988,50.3038
2962.3512,53.4368
2962.5036,56.8496
2962.656,57.9153
2962.8084,56.1924
2962.9608,55.6272
2963.1132,55.635
2963.2656,54.7099
2963.418,52.7811
2963.5704,49.1538
2963.7228,46.8032
2963.8752,46.9316
2964.0276,48.0568
2964.18,49.3996
2964.3324,50.0155
2964.4848,48.9273
2964.6372,46.5575
2964.7896,45.4318
2964.942,45.6235
2965.0944,47.0863
2965.2468,50.2512
2965.3992,49.3886
2965.5516,50.821
2965.704,51.5313
2965.8564,51.5187
2966.0088,49.9417
2966.1612,47.3843
2966.3136,46.8853
2966.466,50.4485
2966.6184,52.2884
2966.7708,51.3527
2966.9232,50.9549
2967.0756,52.9916
2967.228,53.9458
2967.3804,52.7352
2967.5328,50.0622
2967.6852,47.4112
2967.8376,47.3349
2967.99,47.9512
2968.1424,47.6146
2968.2948,46.114
2968.4472,45.8134
2968.5996,49.4366
2968.752,53.3854
2968.9044,54.7162
2969.0568,53.5206
2969.2092,50.4322
2969.3616,47.6447
2969.514,45.528
2969.6664,45.1406
2969.8188,46.323
2969.9712,48.4689
2970.1236,49.2599
2970.276,48.472
2970.4284,48.7134
2970.5808,49.8075
2970.7332,51.1065
2970.8856,51.2238
2971.038,50.1063
2971.1904,48.1241
2971.3428,46.854
2971.4952,47.1986
2971.6476,49.3858
2971.8,52.0452
2971.9524,52.5417
2972.1048,51.4357
2972.2572,50.1637
2972.4096,49.8763
2972.562,52.0591
2972.7144,53.0111
2972.8668,52.0444
2973.0192,50.2343
2973.1716,49.9144
2973.324,52.0419
2973.4764,55.3494
2973.6288,57.0917
2973.7812,56.4238
2973.9336,53.3729
2974.086,50.2743
2974.2384,47.6014
2974.3908,46.7755
2974.5432,46.3386
2974.6956,46.5048
2974.848,48.1732
2975.0004,50.7789
2975.1528,53.9767
2975.3052,54.4881
2975.4576,52.1895
2975.61,50.7144
2975.7624,49.6293
2975.9148,50.6168
2976.0672,51.9941
2976.2196,51.1838
2976.372,49.699
2976.5244,47.5063
2976.6768,46.622
2976.8292,46.9328
2976.9816,47.2211
2977.134,46.0719
2977.2864,45.9744
2977.4388,47.2276
2977.5912,49.7044
2977.7436,51.2975
2977.896,51.4496
2978.0484,50.9682
2978.2008,50.8985
2978.3532,51.7054
2978.5056,52.6072
2978.658,53.2075
2978.8104,53.8009
2978.9628,54.2067
2979.1152,54.5249
2979.2676,54.4712
2979.42,54.4609
2979.5724,53.9454
2979.7248,53.1156
2979.8772,52.6706
2980.0296,52.6607
2980.182,51.8888
2980.3344,50.0106
2980.4868,48.579
2980.6392,49.1875
2980.7916,51.2158
2980.944,52.7441
2981.0964,54.3477
2981.2488,55.1504
2981.4012,55.4533
2981.5536,54.409
2981.706,53.1291
2981.8584,53.0755
2982.0108,53.6771
2982.1632,53.862
2982.3156,53.6823
2982.468,53.3547
2982.6204,52.5517
2982.7728,51.398
2982.9252,49.6043
2983.0776,48.0189
2983.23,46.3729
2983.3824,45.7407
2983.5348,46.1865
2983.6872,47.1869
2983.8396,47.9878
2983.992,50.3083
2984.1444,53.7991
2984.2968,54.3785
2984.4492,52.0703
2984.6016,49.235
2984.754,49.3904
2984.9064,52.7385
2985.0588,54.5321
2985.2112,55.3789
2985.3636,55.5044
2985.516,55.0228
2985.6684,54.1722
2985.8208,53.608
2985.9732,53.9262
2986.1256,56.3051
2986.278,58.1046
2986.4304,58.2741
2986.5828,57.6137
2986.7352,57.0605
2986.8876,57.6725
2987.04,58.7028
2987.1924,57.8494
2987.3448,55.8543
2987.4972,55.0464
2987.6496,55.9654
2987.802,59.4843
2987.9544,61.0514
2988.1068,61.9133
2988.2592,62.0714
2988.4116,61.672
2988.564,60.3509
2988.7164,57.5306
2988.8688,53.8461
2989.0212,51.0718
2989.1736,50.1097
2989.326,50.4543
2989.4784,51.1978
2989.6308,52.244
2989.7832,54.0849
2989.9356,55.5718
2990.088,56.9699
2990.2404,56.8368
2990.3928,56.1727
2990.5452,56.51
2990.6976,57.9404
2990.85,57.967
2991.0024,57.6424
2991.1548,57.9748
2991.3072,59.2004
2991.4596,60.0911
2991.612,59.5909
2991.7644,58.3713
2991.9168,57.5791
2992.0692,57.8586
2992.2216,59.0842
2992.374,59.0289
2992.5264,58.1079
2992.6788,56.8349
2992.8312,55.8692
2992.9836,55.1424
2993.136,54.6028
2993.2884,54.1786
2993.4408,54.4804
2993.5932,56.1155
2993.7456,58.9863
2993.898,58.8415
2994.0504,56.4427
2994.2028,54.9768
2994.3552,54.0846
2994.5076,53.9268
2994.66,54.4581
2994.8124,55.0104
2994.9648,55.4971
2995.1172,58.5324
2995.2696,63.2087
2995.422,67.6209
2995.5744,70.7137
2995.7268,70.1386
2995.8792,67.1036
2996.0316,63.7184
2996.184,63.0717
2996.3364,63.4282
2996.4888,63.4305
2996.6412,63.074
2996.7936,63.1283
2996.946,64.3385
2997.0984,65.1925
2997.2508,65.3165
2997.4032,63.6933
2997.5556,60.2907
2997.708,58.8406
2997.8604,59.2892
2998.0128,59.0025
2998.1652,56.8515
2998.3176,54.1628
2998.47,53.6953
2998.6224,55.4987
2998.7748,56.9456
2998.9272,56.9348
2999.0796,57.6738
2999.232,59.5984
2999.3844,62.8946
2999.5368,65.4873
2999.6892,67.0388
2999.8416,67.2309
2999.994,66.7537
3000.1464,65.0051
3000.2988,62.8647
3000.4512,61.9462
3000.6036,62.8086
3000.756,66.4601
3000.9084,67.251
3001.0608,66.3304
3001.2132,63.7977
3001.3656,61.9453
3001.518,64.473
3001.6704,65.5098
3001.8228,63.8461
3001.9752,60.8383
3002.1276,61.0477
3002.28,63.4467
3002.4324,64.3417
3002.5848,65.3028
3002.7372,66.8811
3002.8896,70.3378
3003.042,75.3146
3003.1944,80.9181
3003.3468,83.0158
3003.4992,82.5749
3003.6516,79.0329
3003.804,76.7886
3003.9564,76.2554
3004.1088,75.3661
3004.2612,72.6442
3004.4136,69.8705
3004.566,68.8804
3004.7184,70.3501
3004.8708,71.3989
3005.0232,70.6053
3005.1756,68.7971
3005.328,67.7193
3005.4804,68.8918
3005.6328,71.5225
3005.7852,73.0841
3005.9376,72.5893
3006.09,68.1505
3006.2424,67.0581
3006.3948,68.7384
3006.5472,72.3869
3006.6996,76.4733
3006.852,77.3519
3007.0044,77.2089
3007.1568,72.9613
3007.3092,64.162
3007.4616,62.7477
3007.614,63.9619
3007.7664,66.9572
3007.9188,69.5688
3008.0712,71.9865
3008.2236,74.0122
3008.376,74.5529
3008.5284,74.5317
3008.6808,73.6852
3008.8332,71.9557
3008.9856,69.752
3009.138,67.7617
3009.2904,65.5448
3009.4428,63.8003
3009.5952,62.5487
3009.7476,62.4799
3009.9,65.1299
3010.0524,69.8125
3010.2048,74.3069
3010.3572,76.3661
3010.5096,74.9608
3010.662,71.6898
3010.8144,68.5328
3010.9668,67.9619
3011.1192,69.4315
3011.2716,68.8582
3011.424,65.6821
3011.5764,64.8055
3011.7288,65.4778
3011.8812,66.0518
3012.0336,64.8883
3012.186,61.7343
3012.3384,60.8918
3012.4908,61.9716
3012.6432,65.154
3012.7956,67.8989
3012.948,68.4828
3013.1004,66.9523
3013.2528,65.3
3013.4052,65.3091
3013.5576,66.5109
3013.71,66.3006
3013.8624,64.7969
3014.0148,63.8271
3014.1672,64.4528
3014.3196,65.1556
3014.472,65.0477
3014.6244,63.3594
3014.7768,61.2859
3014.9292,60.4287
3015.0816,59.8621
3015.234,59.032
3015.3864,58.2389
3015.5388,58.1185
3015.6912,60.8573
3015.8436,65.8459
3015.996,66.6825
3016.1484,65.1016
3016.3008,60.7214
3016.4532,56.2428
3016.6056,54.0506
3016.758,52.6522
3016.9104,51.8268
3017.0628,52.1383
3017.2152,56.4236
3017.3676,61.897
3017.52,62.8249
3017.6724,62.1284
3017.8248,60.7469
3017.9772,60.096
3018.1296,59.4465
3018.282,57.6546
3018.4344,56.1339
3018.5868,56.1272
3018.7392,56.5156
3018.8916,58.5415
3019.044,58.5248
3019.1964,57.3186
3019.3488,56.8399
3019.5012,58.1476
3019.6536,59.3902
3019.806,59.2825
3019.9584,58.8006
3020.1108,59.2201
3020.2632,60.7803
3020.4156,61.9503
3020.568,62.628
3020.7204,62.8652
3020.8728,62.9347
3021.0252,63.3302
3021.1776,63.2283
3021.33,61.9235
3021.4824,58.3201
3021.6348,54.4409
3021.7872,53.0469
3021.9396,53.1405
3022.092,53.5716
3022.2444,54.5699
3022.3968,56.3698
3022.5492,56.5848
3022.7016,56.1763
3022.854,55.7198
3023.0064,55.1161
3023.1588,53.9141
3023.3112,53.6673
3023.4636,54.7529
3023.616,54.5513
3023.7684,52.5691
3023.9208,50.0641
3024.0732,48.898
3024.2256,49.612
3024.378,51.7051
3024.5304,53.6384
3024.6828,55.6351
3024.8352,57.2787
3024.9876,58.7154
3025.14,60.1138
3025.2924,60.044
3025.4448,59.37
3025.5972,57.663
3025.7496,55.1985
3025.902,52.6103
3026.0544,49.7975
3026.2068,47.7926
3026.3592,46.6723
3026.5116,47.2388
3026.664,50.0132
3026.8164,57.4854
3026.9688,63.194
3027.1212,63.3074
3027.2736,62.2533
3027.426,61.0416
3027.5784,60.2225
3027.7308,59.5528
3027.8832,60.6215
3028.0356,63.9557
3028.188,64.1561
3028.3404,64.165
3028.4928,64.9259
3028.6452,66.7637
3028.7976,71.5319
3028.95,75.8785
3029.1024,79.1375
3029.2548,80.7872
3029.4072,78.7563
3029.5596,74.7746
3029.712,70.7488
3029.8644,68.4331
3030.0168,71.5216
3030.1692,73.5271
3030.3216,72.9466
3030.474,70.3756
3030.6264,68.0948
3030.7788,66.5202
3030.9312,66.7637
3031.0836,68.5858
3031.236,70.7122
3031.3884,72.5168
3031.5408,73.0891
3031.6932,72.3897
3031.8456,71.9483
3031.998,72.656
3032.1504,75.3399
3032.3028,76.3144
3032.4552,75.2616
3032.6076,72.6164
3032.76,70.4749
3032.9124,71.3605
3033.0648,74.9498
3033.2172,78.1646
3033.3696,78.811
3033.522,76.6077
3033.6744,73.6688
3033.8268,71.5957
3033.9792,70.243
3034.1316,67.8206
3034.284,66.2356
3034.4364,66.0572
3034.5888,71.0122
3034.7412,74.6826
3034.8936,75.5181
3035.046,74.7291
3035.1984,73.6713
3035.3508,72.6072
3035.5032,71.3888
3035.6556,70.5788
3035.808,69.9671
3035.9604,69.4849
3036.1128,69.5559
3036.2652,69.9403
3036.4176,70.0764
3036.57,70.0643
3036.7224,69.4887
3036.8748,68.6897
3037.0272,69.6085
3037.1796,74.6692
3037.332,76.9363
3037.4844,76.3995
3037.6368,72.3192
3037.7892,67.7127
3037.9416,66.9381
3038.094,68.844
3038.2464,68.8485
3038.3988,68.7668
3038.5512,69.5233
3038.7036,73.6381
3038.856,77.8032
3039.0084,78.0945
3039.1608,75.9685
3039.3132,73.2789
3039.4656,71.5386
3039.618,71.123
3039.7704,71.5673
3039.9228,71.8058
3040.0752,72.0137
3040.2276,71.853
3040.38,70.9061
3040.5324,68.2786
3040.6848,63.5465
3040.8372,60.46
3040.9896,59.9176
3041.142,61.8769
3041.2944,65.7308
3041.4468,68.3606
3041.5992,69.5812
3041.7516,70.1222
3041.904,69.5572
3042.0564,68.2769
3042.2088,65.403
3042.3612,60.8195
3042.5136,55.0156
3042.666,53.0658
3042.8184,54.8878
3042.9708,61.1337
3043.1232,70.0478
3043.2756,72.7425
3043.428,70.3296
3043.5804,65.5394
3043.7328,64.6898
3043.8852,68.8688
3044.0376,69.5752
3044.19,67.0824
3044.3424,62.7149
3044.4948,59.4267
3044.6472,59.0609
3044.7996,59.9303
3044.952,62.1405
3045.1044,64.6908
3045.2568,66.5843
3045.4092,67.5762
3045.5616,67.1367
3045.714,65.9525
3045.8664,63.9309
3046.0188,61.1151
3046.1712,58.115
3046.3236,55.7754
3046.476,54.2247
3046.6284,53.0647
3046.7808,52.6755
3046.9332,52.5081
3047.0856,54.7951
3047.238,59.7078
3047.3904,65.6185
3047.5428,67.3635
3047.6952,65.5993
3047.8476,62.3821
3048,59.4717
3048.1524,58.9381
3048.3048,60.0706
3048.4572,61.4568
3048.6096,60.5896
3048.762,57.4125
3048.9144,49.5385
3049.0668,46.2953
3049.2192,45.5427
3049.3716,47.4476
3049.524,50.202
3049.6764,53.0192
3049.8288,53.814
3049.9812,53.507
3050.1336,52.6508
3050.286,54.723
3050.4384,61.1309
3050.5908,66.9406
3050.7432,68.3668
3050.8956,66.7995
3051.048,65.4354
3051.2004,64.3189
3051.3528,63.6567
3051.5052,62.8349
3051.6576,62.5327
3051.81,63.5883
3051.9624,66.7486
3052.1148,70.8763
3052.2672,73.7037
3052.4196,75.746
3052.572,76.668
3052.7244,75.4332
3052.8768,72.8507
3053.0292,71.6334
3053.1816,72.8042
3053.334,76.0906
3053.4864,78.4839
3053.6388,78.6766
3053.7912,77.0487
3053.9436,74.9136
3054.096,75.0557
3054.2484,76.9913
3054.4008,78.9264
3054.5532,79.694
3054.7056,79.0124
3054.858,76.9576
3055.0104,74.1751
3055.1628,71.3577
3055.3152,68.3343
3055.4676,68.8024
3055.62,71.8279
3055.7724,75.7317
3055.9248,78.2535
3056.0772,77.8123
3056.2296,78.0505
3056.382,77.9279
3056.5344,76.1845
3056.6868,73.9606
3056.8392,73.1335
3056.9916,74.2711
3057.144,75.3866
3057.2964,75.8113
3057.4488,76.404
3057.6012,77.0808
3057.7536,79.8785
3057.906,85.032
3058.0584,90.6099
3058.2108,90.4051
3058.3632,86.7038
3058.5156,78.6454
3058.668,67.6947
3058.8204,65.15
3058.9728,66.6796
3059.1252,68.7235
3059.2776,70.5476
3059.43,71.1228
3059.5824,70.7156
3059.7348,72.2608
3059.8872,79.066
3060.0396,81.0074
3060.192,87.104
3060.3444,93.8225
3060.4968,99.0324
3060.6492,99.261
3060.8016,95.9574
3060.954,93.0064
3061.1064,92.2372
3061.2588,91.6704
3061.4112,89.7121
3061.5636,89.1517
3061.716,90.7748
3061.8684,96.8006
3062.0208,103.2025
3062.1732,105.1443
3062.3256,104.4343
3062.478,102.1794
3062.6304,99.968
3062.7828,99.5502
3062.9352,99.2011
3063.0876,96.8451
3063.24,88.5387
3063.3924,79.3326
3063.5448,73.2121
3063.6972,72.1538
3063.8496,74.2637
3064.002,79.093
3064.1544,79.5079
3064.3068,76.3717
3064.4592,70.2164
3064.6116,69.8784
3064.764,73.0843
3064.9164,72.7
3065.0688,70.1045
3065.2212,68.7557
3065.3736,69.6919
3065.526,71.8083
3065.6784,72.5908
3065.8308,72.5853
3065.9832,71.9559
3066.1356,72.5168
3066.288,74.0698
3066.4404,74.8687
3066.5928,73.7103
3066.7452,71.6534
3066.8976,69.5445
3067.05,69.2296
3067.2024,70.9875
3067.3548,73.9555
3067.5072,77.2377
3067.6596,77.4387
3067.812,75.2673
3067.9644,72.816
3068.1168,70.6453
3068.2692,69.6305
3068.4216,70.2675
3068.574,74.7028
3068.7264,78.6308
3068.8788,78.6695
3069.0312,76.675
3069.1836,72.7429
3069.336,69.9366
3069.4884,68.33
3069.6408,67.9165
3069.7932,67.9621
3069.9456,67.6923
3070.098,67.067
3070.2504,66.5116
3070.4028,68.1875
3070.5552,71.0646
3070.7076,72.7795
3070.86,73.1468
3071.0124,73.1494
3071.1648,74.2289
3071.3172,74.4075
3071.4696,74.5396
3071.622,75.236
3071.7744,77.3331
3071.9268,78.08
3072.0792,78.0044
3072.2316,78.7041
3072.384,80.5065
3072.5364,80.3899
3072.6888,79.6172
3072.8412,79.6042
3072.9936,80.5016
3073.146,82.0514
3073.2984,84.4999
3073.4508,88.6725
3073.6032,92.1532
3073.7556,91.9211
3073.908,88.453
3074.0604,83.1211
3074.2128,83.5112
3074.3652,87.5513
3074.5176,90.9526
3074.67,89.7421
3074.8224,85.6394
3074.9748,83.8359
3075.1272,82.7641
3075.2796,81.6379
3075.432,81.0416
3075.5844,82.119
3075.7368,84.9326
3075.8892,85.9943
3076.0416,85.714
3076.194,84.7598
3076.3464,83.336
3076.4988,82.1492
3076.6512,81.0209
3076.8036,80.3195
3076.956,80.0423
3077.1084,80.8139
3077.2608,82.0815
3077.4132,80.9977
3077.5656,76.9623
3077.718,72.1854
3077.8704,68.6783
3078.0228,66.8911
3078.1752,66.0194
3078.3276,66.0006
3078.48,67.1539
3078.6324,69.8948
3078.7848,71.5385
3078.9372,70.6277
3079.0896,68.8894
3079.242,67.481
3079.3944,68.4422
3079.5468,76.5006
3079.6992,81.5262
3079.8516,82.0438
3080.004,79.064
3080.1564,73.3014
3080.3088,72.3515
3080.4612,72.7054
3080.6136,74.9701
3080.766,76.5412
3080.9184,77.0724
3081.0708,77.1395
3081.2232,77.1468
3081.3756,75.672
3081.528,72.6752
3081.6804,71.1272
3081.8328,71.3824
3081.9852,74.5526
3082.1376,78.2599
3082.29,78.652
3082.4424,77.3318
3082.5948,76.1483
3082.7472,75.8987
3082.8996,76.3696
3083.052,76.1076
3083.2044,76.4086
3083.3568,77.9339
3083.5092,80.9187
3083.6616,84.7266
3083.814,87.0183
3083.9664,87.6746
3084.1188,86.5931
3084.2712,84.1803
3084.4236,81.4746
3084.576,79.6575
3084.7284,78.3485
3084.8808,77.6678
3085.0332,77.6457
3085.1856,81.0832
3085.338,83.5029
3085.4904,82.66
3085.6428,80.0901
3085.7952,77.27
3085.9476,77.5759
3086.1,80.6396
3086.2524,82.4626
3086.4048,81.4777
3086.5572,79.2019
3086.7096,76.3691
3086.862,73.8647
3087.0144,72.1384
3087.1668,72.0699
3087.3192,73.3425
3087.4716,74.4032
3087.624,76.0685
3087.7764,76.1927
3087.9288,73.596
3088.0812,69.0311
3088.2336,68.1124
3088.386,67.8234
3088.5384,66.2021
3088.6908,63.9975
3088.8432,64.0578
3088.9956,67.0549
3089.148,68.1836
3089.3004,67.3334
3089.4528,64.802
3089.6052,64.5746
3089.7576,65.7494
3089.91,64.7603
3090.0624,63.972
3090.2148,65.4229
3090.3672,71.0984
3090.5196,74.87
3090.672,73.8845
3090.8244,69.2661
3090.9768,69.4251
3091.1292,63.7736
3091.2816,61.9925
3091.434,61.8414
3091.5864,62.1579
3091.7388,62.8496
3091.8912,64.1056
3092.0436,67.5466
3092.196,75.089
3092.3484,80.8863
3092.5008,84.262
3092.6532,86.9465
3092.8056,89.1038
3092.958,88.6257
3093.1104,85.3466
3093.2628,79.5801
3093.4152,75.5582
3093.5676,73.1521
3093.72,71.912
3093.8724,71.6725
3094.0248,72.2388
3094.1772,72.9512
3094.3296,73.0191
3094.482,71.9967
3094.6344,70.0078
3094.7868,67.86
3094.9392,65.565
3095.0916,64.5212
3095.244,64.4089
3095.3964,65.4692
3095.5488,68.0299
3095.7012,68.1769
3095.8536,67.2693
3096.006,67.3496
3096.1584,69.0915
3096.3108,71.3062
3096.4632,70.7705
3096.6156,68.8492
3096.768,67.7723
3096.9204,67.7524
3097.0728,67.4256
3097.2252,66.6652
3097.3776,64.1857
3097.53,62.0353
3097.6824,61.8695
3097.8348,66.1804
3097.9872,69.8685
3098.1396,71.5714
3098.292,69.7942
3098.4444,65.7033
3098.5968,62.5082
3098.7492,60.157
3098.9016,58.9854
3099.054,61.5367
3099.2064,65.4415
3099.3588,65.3805
3099.5112,64.3404
3099.6636,64.5536
3099.816,67.4851
3099.9684,72.9267
3100.1208,76.6809
3100.2732,74.9553
3100.4256,71.8048
3100.578,74.6386
3100.7304,83.6105
3100.8828,91.1839
3101.0352,94.2149
3101.1876,93.842
3101.34,91.8668
3101.4924,88.9314
3101.6448,86.6991
3101.7972,88.0361
3101.9496,91.1134
3102.102,91.3065
3102.2544,84.0878
3102.4068,73.1797
3102.5592,69.4095
3102.7116,70.0525
3102.864,71.3886
3103.0164,71.3166
3103.1688,69.133
3103.3212,65.5241
3103.4736,61.4048
3103.626,58.3375
3103.7784,55.711
3103.9308,53.1381
3104.0832,52.1437
3104.2356,53.0153
3104.388,57.1639
3104.5404,63.7291
3104.6928,71.5434
3104.8452,77.3534
3104.9976,78.8751
3105.15,76.1358
3105.3024,70.6484
3105.4548,64.7448
3105.6072,63.4461
3105.7596,63.2551
3105.912,62.1771
3106.0644,60.0072
3106.2168,56.9304
3106.3692,53.7986
3106.5216,53.5284
3106.674,56.1296
3106.8264,61.6789
3106.9788,67.0465
3107.1312,71.0127
3107.2836,74.4394
3107.436,74.5884
3107.5884,72.9342
3107.7408,72.2674
3107.8932,74.4614
3108.0456,78.4388
3108.198,80.7633
3108.3504,79.8949
3108.5028,77.369
3108.6552,73.4632
3108.8076,72.5031
3108.96,72.6377
3109.1124,73.8715
3109.2648,75.4808
3109.4172,80.2902
3109.5696,84.0498
3109.722,84.7012
3109.8744,82.4498
3110.0268,79.7063
3110.1792,80.1276
3110.3316,82.2058
3110.484,82.0175
3110.6364,77.9776
3110.7888,74.5508
3110.9412,71.9639
3111.0936,68.4843
3111.246,64.47
3111.3984,62.0977
3111.5508,64.8526
3111.7032,67.9899
3111.8556,72.352
3112.008,75.6279
3112.1604,76.9735
3112.3128,78.0605
3112.4652,78.4779
3112.6176,77.9291
3112.77,76.4744
3112.9224,75.6598
3113.0748,76.306
3113.2272,77.0691
3113.3796,76.3037
3113.532,74.6208
3113.6844,73.3572
3113.8368,73.3115
3113.9892,74.597
3114.1416,77.5168
3114.294,78.7486
3114.4464,77.8098
3114.5988,77.4093
3114.7512,77.6006
3114.9036,76.7805
3115.056,73.5161
3115.2084,67.5174
3115.3608,65.1708
3115.5132,64.0235
3115.6656,65.0972
3115.818,66.1161
3115.9704,64.9736
3116.1228,64.6972
3116.2752,65.6661
3116.4276,67.3777
3116.58,69.0263
3116.7324,69.9335
3116.8848,70.2613
3117.0372,70.0758
3117.1896,68.8258
3117.342,67.7583
3117.4944,67.266
3117.6468,67.5095
3117.7992,68.9614
3117.9516,71.2161
3118.104,73.992
3118.2564,77.6988
3118.4088,79.172
3118.5612,78.2866
3118.7136,75.9062
3118.866,72.8179
3119.0184,69.1893
3119.1708,66.2937
3119.3232,64.8808
3119.4756,64.5993
3119.628,65.0179
3119.7804,66.7936
3119.9328,67.7648
3120.0852,68.368
3120.2376,69.2056
3120.39,69.2003
3120.5424,69.6499
3120.6948,70.6569
3120.8472,72.8055
3120.9996,73.6697
3121.152,73.1894
3121.3044,72.3656
3121.4568,72.116
3121.6092,72.4937
3121.7616,73.2512
3121.914,73.5919
3122.0664,72.3126
3122.2188,70.4643
3122.3712,69.3035
3122.5236,69.0735
3122.676,70.4432
3122.8284,71.4432
3122.9808,71.8544
3123.1332,70.9181
3123.2856,69.1709
3123.438,67.1962
3123.5904,66.7994
3123.7428,67.503
3123.8952,70.7623
3124.0476,73.8964
3124.2,76.6261
3124.3524,77.1678
3124.5048,76.7537
3124.6572,75.5736
3124.8096,73.6044
3124.962,71.5211
3125.1144,70.5137
3125.2668,71.7557
3125.4192,76.8213
3125.5716,81.952
3125.724,83.0994
3125.8764,81.3493
3126.0288,77.1991
3126.1812,74.2129
3126.3336,72.7844
3126.486,72.6456
3126.6384,73.268
3126.7908,75.9979
3126.9432,80.4372
3127.0956,83.9743
3127.248,84.3976
3127.4004,81.5077
3127.5528,77.4301
3127.7052,74.8974
3127.8576,75.4564
3128.01,75.7923
3128.1624,75.0346
3128.3148,73.4742
3128.4672,73.2893
3128.6196,76.4002
3128.772,79.2887
3128.9244,79.0186
3129.0768,78.0148
3129.2292,77.7306
3129.3816,79.4097
3129.534,82.887
3129.6864,84.6979
3129.8388,81.1278
3129.9912,76.8528
3130.1436,74.7197
3130.296,73.3216
3130.4484,71.6008
3130.6008,68.5619
3130.7532,65.685
3130.9056,66.2649
3131.058,68.053
3131.2104,67.1592
3131.3628,66.0965
3131.5152,66.5261
3131.6676,69.1434
3131.82,70.8836
3131.9724,69.9639
3132.1248,66.7288
3132.2772,66.2594
3132.4296,67.8466
3132.582,70.1171
3132.7344,70.4614
3132.8868,68.5649
3133.0392,65.1186
3133.1916,60.0948
3133.344,59.3791
3133.4964,60.5622
3133.6488,62.771
3133.8012,63.8747
3133.9536,65.8709
3134.106,67.0662
3134.2584,67.4289
3134.4108,65.3007
3134.5632,63.3765
3134.7156,64.0402
3134.868,63.8379
3135.0204,62.6006
3135.1728,60.1601
3135.3252,58.2983
3135.4776,57.2095
3135.63,56.3975
3135.7824,55.2568
3135.9348,54.5871
3136.0872,56.3306
3136.2396,57.7448
3136.392,58.4832
3136.5444,59.1133
3136.6968,60.0452
3136.8492,62.3632
3137.0016,62.1919
3137.154,61.1548
3137.3064,59.6657
3137.4588,57.702
3137.6112,55.3159
3137.7636,52.6717
3137.916,51.6957
3138.0684,52.1173
3138.2208,52.7277
3138.3732,52.8659
3138.5256,53.4438
3138.678,54.1696
3138.8304,55.5637
3138.9828,57.0412
3139.1352,60.1755
3139.2876,62.2892
3139.44,62.4352
3139.5924,61.2177
3139.7448,58.8405
3139.8972,56.3419
3140.0496,57.0554
3140.202,61.2511
3140.3544,66.7952
3140.5068,69.3687
3140.6592,70.5596
3140.8116,73.5442
3140.964,77.6978
3141.1164,81.1251
3141.2688,82.6777
3141.4212,82.2741
3141.5736,80.2792
3141.726,73.5397
3141.8784,68.6339
3142.0308,67.4315
3142.1832,66.4849
3142.3356,64.5044
3142.488,61.6831
3142.6404,58.3941
3142.7928,54.8519
3142.9452,52.4959
3143.0976,52.6948
3143.25,54.9164
3143.4024,57.1905
3143.5548,58.9777
3143.7072,59.39
3143.8596,57.9863
3144.012,55.5133
3144.1644,55.4516
3144.3168,55.776
3144.4692,54.7042
3144.6216,51.6994
3144.774,47.9537
3144.9264,46.3465
3145.0788,46.4214
3145.2312,46.6904
3145.3836,48.5939
3145.536,52.4923
3145.6884,56.6514
3145.8408,57.0821
3145.9932,56.9128
3146.1456,57.6017
3146.298,57.1091
3146.4504,53.6851
3146.6028,48.3105
3146.7552,46.2221
3146.9076,46.2873
3147.06,48.5045
3147.2124,51.0659
3147.3648,51.3354
3147.5172,48.1073
3147.6696,45.4083
3147.822,46.0031
3147.9744,49.733
3148.1268,51.1804
3148.2792,51.0995
3148.4316,50.3197
3148.584,49.8385
3148.7364,49.6354
3148.8888,48.6399
3149.0412,46.2404
3149.1936,45.6836
3149.346,46.1634
3149.4984,48.0027
3149.6508,49.2725
3149.8032,48.7453
3149.9556,47.4431
3150.108,47.1442
3150.2604,48.6116
3150.4128,49.9319
3150.5652,50.0169
3150.7176,50.7689
3150.87,52.2201
3151.0224,56.5443
3151.1748,60.7736
3151.3272,69.7996
3151.4796,75.6845
3151.632,74.6282
3151.7844,68.1337
3151.9368,58.418
3152.0892,52.8369
3152.2416,50.1001
3152.394,48.5829
3152.5464,48.3062
3152.6988,50.0689
3152.8512,51.1053
3153.0036,52.8409
3153.156,56.1762
3153.3084,59.342
3153.4608,60.1598
3153.6132,59.9353
3153.7656,58.0014
3153.918,55.8905
3154.0704,53.7025
3154.2228,51.7748
3154.3752,49.9438
3154.5276,48.4316
3154.68,46.8523
3154.8324,45.3868
3154.9848,44.9228
3155.1372,46.3634
3155.2896,48.4024
3155.442,49.0591
3155.5944,48.726
3155.7468,47.8053
3155.8992,46.9455
3156.0516,46.432
3156.204,47.0924
3156.3564,49.565
3156.5088,52.8101
3156.6612,53.2425
3156.8136,52.2535
3156.966,51.0178
3157.1184,50.9066
3157.2708,50.6498
3157.4232,49.4633
3157.5756,48.7842
3157.728,50.5275
3157.8804,55.1216
3158.0328,59.1441
3158.1852,61.1125
3158.3376,61.88
3158.49,63.0426
3158.6424,65.3814
3158.7948,66.8594
3158.9472,67.278
3159.0996,67.6542
3159.252,70.6525
3159.4044,77.3668
3159.5568,87.8023
3159.7092,95.1405
3159.8616,96.7171
3160.014,93.4443
3160.1664,87.7074
3160.3188,84.0964
3160.4712,83.7958
3160.6236,86.6833
3160.776,85.7554
3160.9284,81.2102
3161.0808,73.6975
3161.2332,71.1434
3161.3856,74.4582
3161.538,81.5319
3161.6904,85.4815
3161.8428,86.4261
3161.9952,84.6212
3162.1476,82.426
3162.3,80.2731
3162.4524,78.0971
3162.6048,76.7001
3162.7572,76.5736
3162.9096,77.5317
3163.062,77.659
3163.2144,74.9718
3163.3668,74.1058
3163.5192,75.1853
3163.6716,78.9608
3163.824,80.9804
3163.9764,81.3331
3164.1288,81.321
3164.2812,81.1684
3164.4336,81.4582
3164.586,82.7758
3164.7384,84.655
3164.8908,84.3693
3165.0432,85.6091
3165.1956,87.5575
3165.348,94.2037
3165.5004,97.4629
3165.6528,97.4939
3165.8052,96.3744
3165.9576,95.6549
3166.11,96.0631
3166.2624,97.6797
3166.4148,100.3943
3166.5672,102.4472
3166.7196,103.7802
3166.872,103.5424
3167.0244,102.4614
3167.1768,102.0252
3167.3292,103.0739
3167.4816,104.5685
3167.634,105.2246
3167.7864,105.131
3167.9388,104.7599
3168.0912,104.2419
3168.2436,103.9523
3168.396,103.7435
3168.5484,103.8381
3168.7008,105.0221
3168.8532,107.4426
3169.0056,108.8437
3169.158,108.682
3169.3104,107.0983
3169.4628,104.8041
3169.6152,102.526
3169.7676,101.7273
3169.92,102.049
3170.0724,102.3266
3170.2248,102.6575
3170.3772,102.7843
3170.5296,102.9118
3170.682,102.5167
3170.8344,101.8605
3170.9868,100.6519
3171.1392,100.31
3171.2916,103.457
3171.444,106.5503
3171.5964,106.3564
3171.7488,104.1993
3171.9012,103.0927
3172.0536,105.9898
3172.206,109.6955
3172.3584,111.9465
3172.5108,112.1809
3172.6632,111.2639
3172.8156,108.9592
3172.968,103.1126
3173.1204,99.3826
3173.2728,96.5953
3173.4252,94.3105
3173.5776,93.4168
3173.73,93.9728
3173.8824,96.717
3174.0348,97.2634
3174.1872,97.0955
3174.3396,97.1759
3174.492,97.8969
3174.6444,99.0863
3174.7968,100.5842
3174.9492,103.6887
3175.1016,108.3862
3175.254,112.3734
3175.4064,112.3401
3175.5588,108.9795
3175.7112,104.2976
3175.8636,101.1797
3176.016,97.178
3176.1684,94.1584
3176.3208,94.6795
3176.4732,100.975
3176.6256,105.0814
3176.778,106.7323
3176.9304,107.5408
3177.0828,107.1813
3177.2352,101.9226
3177.3876,98.1055
3177.54,95.0154
3177.6924,94.5609
3177.8448,97.9098
3177.9972,102.2972
3178.1496,103.1814
3178.302,104.8629
3178.4544,105.7225
3178.6068,105.4318
3178.7592,105.1699
3178.9116,103.639
3179.064,101.4006
3179.2164,99.0083
3179.3688,96.2673
3179.5212,94.9166
3179.6736,96.1383
3179.826,98.4804
3179.9784,101.1155
3180.1308,101.5981
3180.2832,100.2296
3180.4356,97.0542
3180.588,96.0878
3180.7404,98.8137
3180.8928,103.8135
3181.0452,108.5129
3181.1976,110.9525
3181.35,111.8558
3181.5024,112.193
3181.6548,113.4235
3181.8072,114.4738
3181.9596,115.6791
3182.112,116.7052
3182.2644,117.0408
3182.4168,116.2107
3182.5692,113.3399
3182.7216,110.6088
3182.874,108.2327
3183.0264,106.3145
3183.1788,105.4841
3183.3312,105.4145
3183.4836,108.662
3183.636,110.0367
3183.7884,109.6695
3183.9408,107.5967
3184.0932,107.8982
3184.2456,108.8372
3184.398,110.0384
3184.5504,110.069
3184.7028,109.6784
3184.8552,108.6516
3185.0076,107.8338
3185.16,107.5039
3185.3124,107.6239
3185.4648,109.3577
3185.6172,114.0869
3185.7696,118.3122
3185.922,118.8087
3186.0744,116.4336
3186.2268,114.5866
3186.3792,114.0123
3186.5316,114.4315
3186.684,115.2353
3186.8364,115.8222
3186.9888,115.1206
3187.1412,112.6643
3187.2936,109.6486
3187.446,108.0159
3187.5984,109.0034
3187.7508,111.615
3187.9032,114.4468
3188.0556,116.1237
3188.208,116.2574
3188.3604,115.3082
3188.5128,114.8752
3188.6652,114.6724
3188.8176,112.693
3188.97,109.7141
3189.1224,110.0227
3189.2748,114.218
3189.4272,117.2421
3189.5796,116.59
3189.732,113.5842
3189.8844,111.2748
3190.0368,111.3882
3190.1892,115.7662
3190.3416,119.6128
3190.494,120.0916
3190.6464,118.9803
3190.7988,116.8722
3190.9512,116.1169
3191.1036,118.5177
3191.256,122.8861
3191.4084,125.2947
3191.5608,123.4944
3191.7132,118.9439
3191.8656,117.9477
3192.018,119.3435
3192.1704,119.5227
3192.3228,119.3957
3192.4752,120.7731
3192.6276,122.4262
3192.78,120.7835
3192.9324,118.3721
3193.0848,118.0319
3193.2372,117.7818
3193.3896,116.9852
3193.542,116.3849
3193.6944,118.471
3193.8468,119.2273
3193.9992,118.261
3194.1516,117.0434
3194.304,116.7019
3194.4564,115.194
3194.6088,111.855
3194.7612,109.9718
3194.9136,111.4332
3195.066,114.4595
3195.2184,117.1268
3195.3708,118.8134
3195.5232,119.7369
3195.6756,120.0598
3195.828,120.1653
3195.9804,120.2553
3196.1328,120.7859
3196.2852,121.0063
3196.4376,120.7391
3196.59,120.2293
3196.7424,119.9258
3196.8948,120.3594
3197.0472,120.8386
3197.1996,120.8551
3197.352,120.1619
3197.5044,118.6442
3197.6568,115.9463
3197.8092,112.1092
3197.9616,110.9837
3198.114,112.9097
3198.2664,115.0814
3198.4188,115.9212
3198.5712,114.4881
3198.7236,111.5077
3198.876,111.323
3199.0284,112.8559
3199.1808,116.2436
3199.3332,117.2874
3199.4856,116.2206
3199.638,115.2188
3199.7904,116.5693
3199.9428,118.124
3200.0952,118.2215
3200.2476,119.2712
3200.4,122.2777
3200.5524,126.6076
3200.7048,127.9992
3200.8572,125.6702
3201.0096,115.9212
3201.162,103.892
3201.3144,99.7804
3201.4668,99.8998
3201.6192,109.6854
3201.7716,120.4195
3201.924,130.2617
3202.0764,133.2808
3202.2288,132.9291
3202.3812,131.4544
3202.5336,129.8747
3202.686,128.9352
3202.8384,129.4443
3202.9908,131.6781
3203.1432,131.8476
3203.2956,129.488
3203.448,127.5314
3203.6004,128.2572
3203.7528,130.6015
3203.9052,130.4668
3204.0576,128.7731
3204.21,126.1191
3204.3624,123.4835
3204.5148,122.7829
3204.6672,123.9932
3204.8196,125.918
3204.972,125.1037
3205.1244,122.9572
3205.2768,121.4046
3205.4292,121.6179
3205.5816,123.5942
3205.734,125.6244
3205.8864,127.4151
3206.0388,128.1926
3206.1912,127.4572
3206.3436,122.594
3206.496,119.3494
3206.6484,119.8487
3206.8008,125.0564
3206.9532,130.2161
3207.1056,133.0696
3207.258,133.004
3207.4104,131.5611
3207.5628,128.0644
3207.7152,124.903
3207.8676,122.9654
3208.02,122.8689
3208.1724,124.792
3208.3248,127.1474
3208.4772,127.6313
3208.6296,126.467
3208.782,125.2333
3208.9344,125.5059
3209.0868,126.8073
3209.2392,126.8204
3209.3916,126.2546
3209.544,125.4247
3209.6964,124.6547
3209.8488,122.7754
3210.0012,122.1123
3210.1536,122.3329
3210.306,122.2859
3210.4584,121.6362
3210.6108,121.2365
3210.7632,119.6753
3210.9156,117.0985
3211.068,113.4282
3211.2204,111.9052
3211.3728,113.1502
3211.5252,113.5006
3211.6776,112.9323
3211.83,114.3932
3211.9824,116.2451
3212.1348,114.9781
3212.2872,109.4817
3212.4396,99.8833
3212.592,91.65
3212.7444,88.503
3212.8968,91.5695
3213.0492,105.1499
3213.2016,113.2113
3213.354,116.9372
3213.5064,117.442
3213.6588,116.3977
3213.8112,114.6434
3213.9636,112.6508
3214.116,110.8291
3214.2684,110.9874
3214.4208,115.1538
3214.5732,116.8497
3214.7256,115.4263
3214.878,112.458
3215.0304,110.8057
3215.1828,110.4894
3215.3352,110.6023
3215.4876,110.8147
3215.64,111.7037
3215.7924,113.3934
3215.9448,114.658
3216.0972,115.1532
3216.2496,114.2898
3216.402,112.9356
3216.5544,111.9071
3216.7068,111.5648
3216.8592,111.6059
3217.0116,112.0224
3217.164,112.4827
3217.3164,112.6549
3217.4688,112.0971
3217.6212,110.53
3217.7736,108.0075
3217.926,105.3611
3218.0784,104.5839
3218.2308,106.1205
3218.3832,109.1194
3218.5356,110.3077
3218.688,110.1374
3218.8404,107.9643
3218.9928,104.3601
3219.1452,104.4116
3219.2976,108.0876
3219.45,110.8058
3219.6024,111.1696
3219.7548,110.9666
3219.9072,110.9014
3220.0596,110.2817
3220.212,109.4106
3220.3644,108.1179
3220.5168,104.9352
3220.6692,100.5211
3220.8216,95.8698
3220.974,90.4045
3221.1264,88.5124
3221.2788,91.8739
3221.4312,97.7037
3221.5836,104.7979
3221.736,106.0982
3221.8884,105.089
3222.0408,103.679
3222.1932,103.4371
3222.3456,104.8835
3222.498,107.3746
3222.6504,108.7594
3222.8028,108.4631
3222.9552,107.4069
3223.1076,107.5779
3223.26,108.3712
3223.4124,108.6318
3223.5648,108.1345
3223.7172,106.5351
3223.8696,104.8752
3224.022,104.4758
3224.1744,103.5132
3224.3268,100.6673
3224.4792,97.4515
3224.6316,95.5894
3224.784,98.4376
3224.9364,103.997
3225.0888,107.7772
3225.2412,107.5395
3225.3936,106.9568
3225.546,107.851
3225.6984,111.7304
3225.8508,115.5323
3226.0032,117.4589
3226.1556,117.6012
3226.308,117.4264
3226.4604,118.1393
3226.6128,118.9919
3226.7652,118.6216
3226.9176,117.2149
3227.07,116.5538
3227.2224,116.7207
3227.3748,117.4408
3227.5272,118.5862
3227.6796,119.5444
3227.832,118.4812
3227.9844,115.8542
3228.1368,111.1905
3228.2892,109.7231
3228.4416,109.8864
3228.594,109.1172
3228.7464,106.3766
3228.8988,101.697
3229.0512,98.7709
3229.2036,99.1527
3229.356,99.8677
3229.5084,100.8135
3229.6608,101.2925
3229.8132,101.3001
3229.9656,103.1061
3230.118,105.915
3230.2704,108.5415
3230.4228,108.7415
3230.5752,106.7011
3230.7276,104.5857
3230.88,103.8381
3231.0324,104.0499
3231.1848,104.4722
3231.3372,104.3902
3231.4896,104.392
3231.642,103.8996
3231.7944,102.9843
3231.9468,102.7791
3232.0992,102.5309
3232.2516,101.7305
3232.404,100.9654
3232.5564,101.1051
3232.7088,101.4793
3232.8612,101.8222
3233.0136,104.0045
3233.166,105.4297
3233.3184,104.2891
3233.4708,102.5284
3233.6232,102.5167
3233.7756,103.8655
3233.928,104.1492
3234.0804,103.766
3234.2328,102.374
3234.3852,100.1375
3234.5376,98.0544
3234.69,98.7651
3234.8424,102.3188
3234.9948,106.8632
3235.1472,110.3631
3235.2996,111.4059
3235.452,111.7528
3235.6044,110.5157
3235.7568,107.5839
3235.9092,103.3726
3236.0616,97.8383
3236.214,95.8236
3236.3664,95.5778
3236.5188,98.2601
3236.6712,102.3969
3236.8236,100.4074
3236.976,93.8269
3237.1284,91.0473
3237.2808,89.936
3237.4332,88.4832
3237.5856,85.2042
3237.738,83.536
3237.8904,82.6578
3238.0428,82.1179
3238.1952,81.6039
3238.3476,81.1814
3238.5,81.5351
3238.6524,82.9654
3238.8048,87.3881
3238.9572,91.6012
3239.1096,93.187
3239.262,93.614
3239.4144,94.3585
3239.5668,97.8968
3239.7192,103.042
3239.8716,107.245
3240.024,107.3863
3240.1764,103.9782
3240.3288,98.38
3240.4812,96.8479
3240.6336,96.8144
3240.786,96.8504
3240.9384,97.4911
3241.0908,98.9657
3241.2432,100.9578
3241.3956,101.9064
3241.548,101.9192
3241.7004,102.0896
3241.8528,101.5111
3242.0052,98.8154
3242.1576,95.2065
3242.31,93.6268
3242.4624,93.6818
3242.6148,95.2316
3242.7672,96.581
3242.9196,97.9774
3243.072,99.6265
3243.2244,101.3997
3243.3768,102.5807
3243.5292,101.1147
3243.6816,100.872
3243.834,103.2316
3243.9864,104.8643
3244.1388,104.1299
3244.2912,100.317
3244.4436,97.2421
3244.596,98.2854
3244.7484,97.6092
3244.9008,94.7862
3245.0532,91.8223
3245.2056,90.9304
3245.358,96.3168
3245.5104,99.1555
3245.6628,98.5404
3245.8152,97.2031
3245.9676,97.9438
3246.12,99.2928
3246.2724,99.4742
3246.4248,99.3345
3246.5772,98.738
3246.7296,97.3247
3246.882,96.5923
3247.0344,97.5245
3247.1868,101.0062
3247.3392,105.1096
3247.4916,105.8919
3247.644,104.9746
3247.7964,103.5307
3247.9488,102.4286
3248.1012,103.2517
3248.2536,108.0312
3248.406,113.263
3248.5584,114.8139
3248.7108,115.3853
3248.8632,116.4602
3249.0156,117.4259
3249.168,116.6065
3249.3204,113.3853
3249.4728,110.8689
3249.6252,109.536
3249.7776,109.0434
3249.93,110.0202
3250.0824,112.1918
3250.2348,113.1337
3250.3872,112.9039
3250.5396,111.3409
3250.692,108.6932
3250.8444,105.8197
3250.9968,104.7529
3251.1492,105.0699
3251.3016,106.4093
3251.454,107.7446
3251.6064,108.1309
3251.7588,107.8173
3251.9112,107.8498
3252.0636,108.1565
3252.216,108.0293
3252.3684,106.2697
3252.5208,105.822
3252.6732,106.0011
3252.8256,105.3201
3252.978,103.8567
3253.1304,103.8717
3253.2828,106.3038
3253.4352,110.8619
3253.5876,114.2927
3253.74,115.3557
3253.8924,115.0549
3254.0448,114.8013
3254.1972,114.0743
3254.3496,111.425
3254.502,105.3301
3254.6544,101.3257
3254.8068,99.9106
3254.9592,102.9932
3255.1116,107.7864
3255.264,108.9566
3255.4164,108.2606
3255.5688,105.7313
3255.7212,104.2902
3255.8736,104.0468
3256.026,104.5055
3256.1784,105.7692
3256.3308,107.393
3256.4832,109.0104
3256.6356,111.2209
3256.788,112.8029
3256.9404,114.0915
3257.0928,114.5069
3257.2452,114.078
3257.3976,112.9897
3257.55,111.6237
3257.7024,109.9499
3257.8548,107.3411
3258.0072,104.7534
3258.1596,102.2049
3258.312,100.5393
3258.4644,100.514
3258.6168,103.6183
3258.7692,107.8014
3258.9216,109.6643
3259.074,109.5836
3259.2264,109.4049
3259.3788,109.9485
3259.5312,109.493
3259.6836,105.9797
3259.836,103.4511
3259.9884,104.4835
3260.1408,107.9506
3260.2932,108.1531
3260.4456,105.5417
3260.598,103.6707
3260.7504,102.6177
3260.9028,102.1026
3261.0552,102.1011
3261.2076,102.806
3261.36,103.9845
3261.5124,106.5543
3261.6648,109.9369
3261.8172,112.8034
3261.9696,112.5495
3262.122,111.3747
3262.2744,111.351
3262.4268,112.8917
3262.5792,115.4602
3262.7316,115.2678
3262.884,111.3231
3263.0364,106.8797
3263.1888,105.0167
3263.3412,104.7026
3263.4936,106.9193
3263.646,110.2551
3263.7984,111.4585
3263.9508,110.6671
3264.1032,109.2617
3264.2556,107.8413
3264.408,106.8855
3264.5604,106.8216
3264.7128,108.0516
3264.8652,109.5013
3265.0176,109.6484
3265.17,109.8971
3265.3224,110.2091
3265.4748,109.3123
3265.6272,107.4377
3265.7796,106.4484
3265.932,108.4097
3266.0844,112.5308
3266.2368,115.8291
3266.3892,116.3011
3266.5416,115.643
3266.694,114.2876
3266.8464,112.9821
3266.9988,110.226
3267.1512,107.1104
3267.3036,103.9743
3267.456,101.9973
3267.6084,102.2009
3267.7608,103.7001
3267.9132,103.996
3268.0656,101.7896
3268.218,99.7026
3268.3704,99.1963
3268.5228,99.5794
3268.6752,100.5564
3268.8276,100.2054
3268.98,100.663
3269.1324,99.4848
3269.2848,98.911
3269.4372,100.5811
3269.5896,106.513
3269.742,110.7095
3269.8944,111.6436
3270.0468,110.5404
3270.1992,109.0428
3270.3516,108.9195
3270.504,109.0061
3270.6564,108.5631
3270.8088,105.6894
3270.9612,102.6947
3271.1136,101.228
3271.266,102.3052
3271.4184,106.9678
3271.5708,113.3673
3271.7232,117.7196
3271.8756,120.1073
3272.028,120.6585
3272.1804,122.1206
3272.3328,125.1027
3272.4852,128.9196
3272.6376,132.3097
3272.79,133.2961
3272.9424,131.5186
3273.0948,129.4999
3273.2472,125.6507
3273.3996,121.6609
3273.552,121.0255
3273.7044,121.5969
3273.8568,122.5125
3274.0092,122.6178
3274.1616,121.8705
3274.314,121.3886
3274.4664,120.8198
3274.6188,120.598
3274.7712,120.7021
3274.9236,120.7454
3275.076,121.6119
3275.2284,120.8242
3275.3808,119.5398
3275.5332,119.4212
3275.6856,120.0312
3275.838,121.389
3275.9904,123.0444
3276.1428,125.8783
3276.2952,130.7869
3276.4476,132.2381
3276.6,130.2203
3276.7524,127.1001
3276.9048,127.2674
3277.0572,129.7834
3277.2096,129.1644
3277.362,125.9724
3277.5144,123.4785
3277.6668,125.8526
3277.8192,127.1234
3277.9716,126.6343
3278.124,126.6905
3278.2764,132.9841
3278.4288,138.0794
3278.5812,138.5019
3278.7336,138.5287
3278.886,141.1124
3279.0384,141.5641
3279.1908,140.6754
3279.3432,138.7941
3279.4956,139.0243
3279.648,138.8388
3279.8004,136.0028
3279.9528,130.9325
3280.1052,128.5066
3280.2576,127.2273
3280.41,126.0894
3280.5624,124.974
3280.7148,123.6995
3280.8672,122.3121
3281.0196,120.8627
3281.172,119.7147
3281.3244,120.6833
3281.4768,122.57
3281.6292,123.6457
3281.7816,124.223
3281.934,124.1004
3282.0864,121.6679
3282.2388,118.0558
3282.3912,116.3183
3282.5436,118.0029
3282.696,121.5729
3282.8484,122.8519
3283.0008,121.8857
3283.1532,120.7349
3283.3056,120.8551
3283.458,120.7234
3283.6104,119.027
3283.7628,114.3246
3283.9152,112.696
3284.0676,114.31
3284.22,118.065
3284.3724,121.6735
3284.5248,123.2746
3284.6772,123.9775
3284.8296,124.2642
3284.982,123.4059
3285.1344,119.7859
3285.2868,115.641
3285.4392,113.7691
3285.5916,113.3408
3285.744,114.4642
3285.8964,118.0267
3286.0488,119.0959
3286.2012,116.2815
3286.3536,112.1655
3286.506,110.9788
3286.6584,112.2383
3286.8108,117.5429
3286.9632,120.2386
3287.1156,121.0137
3287.268,119.9424
3287.4204,118.2544
3287.5728,118.0505
3287.7252,120.7734
3287.8776,131.1496
3288.03,139.1395
3288.1824,141.7678
3288.3348,140.2446
3288.4872,132.3783
3288.6396,127.7502
3288.792,124.6664
3288.9444,123.1441
3289.0968,123.1661
3289.2492,124.0171
3289.4016,124.9783
3289.554,125.3483
3289.7064,124.9077
3289.8588,123.6371
3290.0112,123.1739
3290.1636,126.4254
3290.316,130.5855
3290.4684,132.967
3290.6208,132.8529
3290.7732,132.7491
3290.9256,132.7608
3291.078,133.1986
3291.2304,133.6617
3291.3828,134.9097
3291.5352,135.2173
3291.6876,135.4076
3291.84,136.4359
3291.9924,137.7135
3292.1448,136.8841
3292.2972,134.9085
3292.4496,130.7265
3292.602,128.9064
3292.7544,130.8712
3292.9068,137.6123
3293.0592,140.8778
3293.2116,141.1229
3293.364,140.2344
3293.5164,141.0575
3293.6688,143.0917
3293.8212,143.1873
3293.9736,141.2232
3294.126,135.293
3294.2784,129.9822
3294.4308,127.8235
3294.5832,127.0491
3294.7356,127.7757
3294.888,130.7686
3295.0404,134.0789
3295.1928,135.0747
3295.3452,135.0868
3295.4976,135.467
3295.65,136.6056
3295.8024,138.3384
3295.9548,140.0056
3296.1072,141.9549
3296.2596,143.532
3296.412,144.2893
3296.5644,144.1966
3296.7168,142.5346
3296.8692,141.055
3297.0216,139.612
3297.174,137.5481
3297.3264,134.7567
3297.4788,131.3048
3297.6312,130.0841
3297.7836,131.8976
3297.936,135.1467
3298.0884,136.6089
3298.2408,141.5555
3298.3932,150.7323
3298.5456,160.6687
3298.698,173.263
3298.8504,180.9353
3299.0028,180.7855
3299.1552,171.3971
3299.3076,157.0243
3299.46,151.9185
3299.6124,150.4682
3299.7648,149.7495
3299.9172,148.8147
3300.0696,145.1757
3300.222,141.3189
3300.3744,142.2259
3300.5268,147.5863
3300.6792,150.3831
3300.8316,149.8366
3300.984,147.6545
3301.1364,145.0215
3301.2888,142.2454
3301.4412,138.9235
3301.5936,134.9783
3301.746,127.5949
3301.8984,121.8981
3302.0508,122.4756
3302.2032,128.9384
3302.3556,141.7274
3302.508,144.8172
3302.6604,144.3734
3302.8128,143.9016
3302.9652,147.9147
3303.1176,150.3016
3303.27,149.7089
3303.4224,146.2686
3303.5748,144.7239
3303.7272,147.0625
3303.8796,151.698
3304.032,151.9729
3304.1844,147.9748
3304.3368,145.6861
3304.4892,146.137
3304.6416,147.5969
3304.794,149.2189
3304.9464,150.8071
3305.0988,152.0637
3305.2512,152.9247
3305.4036,151.7074
3305.556,149.9488
3305.7084,147.0701
3305.8608,145.1105
3306.0132,145.5979
3306.1656,147.6492
3306.318,151.1819
3306.4704,154.1597
3306.6228,154.9447
3306.7752,153.3727
3306.9276,151.0892
3307.08,149.1608
3307.2324,147.3358
3307.3848,145.8188
3307.5372,144.2337
3307.6896,143.0939
3307.842,144.6037
3307.9944,147.9822
3308.1468,148.5707
3308.2992,146.9192
3308.4516,144.7731
3308.604,143.302
3308.7564,140.3398
3308.9088,131.0304
3309.0612,114.4496
3309.2136,109.2178
3309.366,114.7685
3309.5184,128.4785
3309.6708,142.9059
3309.8232,147.6734
3309.9756,148.453
3310.128,149.6288
3310.2804,154.278
3310.4328,158.7549
3310.5852,159.0799
3310.7376,150.9924
3310.89,144.9536
3311.0424,144.5492
3311.1948,148.9067
3311.3472,153.1622
3311.4996,153.0484
3311.652,149.6138
3311.8044,146.8195
3311.9568,146.2443
3312.1092,147.938
3312.2616,149.1941
3312.414,148.9309
3312.5664,146.7406
3312.7188,143.6042
3312.8712,143.7638
3313.0236,146.8735
3313.176,150.6675
3313.3284,153.0764
3313.4808,154.7828
3313.6332,154.8648
3313.7856,152.9322
3313.938,148.4866
3314.0904,146.8363
3314.2428,148.9568
3314.3952,151.0665
3314.5476,151.8293
3314.7,154.4999
3314.8524,157.5229
3315.0048,159.71
3315.1572,159.3069
3315.3096,155.724
3315.462,153.3727
3315.6144,153.2267
3315.7668,156.9347
3315.9192,157.7682
3316.0716,156.2247
3316.224,152.7183
3316.3764,151.972
3316.5288,152.785
3316.6812,153.5898
3316.8336,154.2084
3316.986,152.7144
3317.1384,150.3532
3317.2908,149.7498
3317.4432,150.9519
3317.5956,153.2138
3317.748,154.5809
3317.9004,156.1357
3318.0528,157.04
3318.2052,157.0244
3318.3576,155.895
3318.51,149.363
3318.6624,141.1022
3318.8148,132.1135
3318.9672,130.7103
3319.1196,136.3046
3319.272,141.0639
3319.4244,145.5587
3319.5768,147.9021
3319.7292,149.125
3319.8816,146.7756
3320.034,144.4629
3320.1864,146.158
3320.3388,147.981
3320.4912,147.9538
3320.6436,145.7485
3320.796,142.6707
3320.9484,139.4526
3321.1008,137.6745
3321.2532,138.6572
3321.4056,139.9638
3321.558,139.8484
3321.7104,138.7483
3321.8628,138.0947
3322.0152,136.9438
3322.1676,135.5595
3322.32,133.8771
3322.4724,134.3055
3322.6248,134.5973
3322.7772,132.4231
3322.9296,131.1909
3323.082,131.3506
3323.2344,131.5148
3323.3868,130.8812
3323.5392,128.2649
3323.6916,125.6672
3323.844,124.9473
3323.9964,127.7194
3324.1488,134.4174
3324.3012,137.213
3324.4536,138.1868
3324.606,140.3598
3324.7584,146.4643
3324.9108,148.5865
3325.0632,147.1794
3325.2156,144.6473
3325.368,143.7429
3325.5204,143.2973
3325.6728,142.7619
3325.8252,144.0465
3325.9776,145.5749
3326.13,146.0816
3326.2824,145.3811
3326.4348,143.7268
3326.5872,142.2751
3326.7396,141.3705
3326.892,139.8935
3327.0444,135.2222
3327.1968,130.4653
3327.3492,128.5358
3327.5016,124.7615
3327.654,120.8788
3327.8064,118.8743
3327.9588,119.8883
3328.1112,124.9308
3328.2636,131.0259
3328.416,131.463
3328.5684,129.4448
3328.7208,125.6923
3328.8732,123.5984
3329.0256,124.8397
3329.178,127.4904
3329.3304,130.597
3329.4828,131.1522
3329.6352,130.2738
3329.7876,129.071
3329.94,127.9504
3330.0924,129.0903
3330.2448,132.393
3330.3972,134.9217
3330.5496,134.2598
3330.702,135.4307
3330.8544,141.7478
3331.0068,146.7795
3331.1592,146.1556
3331.3116,142.8708
3331.464,140.1625
3331.6164,139.9664
3331.7688,141.2188
3331.9212,140.4942
3332.0736,139.0544
3332.226,138.7548
3332.3784,139.5283
3332.5308,142.2378
3332.6832,146.5468
3332.8356,149.8526
3332.988,150.6233
3333.1404,150.2934
3333.2928,148.2755
3333.4452,144.6268
3333.5976,139.564
3333.75,133.6301
3333.9024,132.3102
3334.0548,135.8057
3334.2072,140.9019
3334.3596,142.9571
3334.512,144.0985
3334.6644,144.8601
3334.8168,143.5419
3334.9692,136.3377
3335.1216,129.5685
3335.274,127.3328
3335.4264,131.7326
3335.5788,140.3283
3335.7312,145.0291
3335.8836,148.1654
3336.036,151.872
3336.1884,153.0432
3336.3408,151.5248
3336.4932,147.8862
3336.6456,144.2476
3336.798,139.6626
3336.9504,135.0359
3337.1028,127.5806
3337.2552,120.6779
3337.4076,116.8355
3337.56,119.8462
3337.7124,131.7598
3337.8648,141.6817
3338.0172,142.7332
3338.1696,139.1888
3338.322,135.4357
3338.4744,133.2658
3338.6268,133.3658
3338.7792,137.071
3338.9316,137.8288
3339.084,135.3133
3339.2364,129.3183
3339.3888,123.4461
3339.5412,120.1065
3339.6936,118.6897
3339.846,121.5338
3339.9984,126.665
3340.1508,133.502
3340.3032,137.0209
3340.4556,140.7641
3340.608,142.1552
3340.7604,141.6676
3340.9128,140.5598
3341.0652,139.8171
3341.2176,140.2257
3341.37,141.7405
3341.5224,142.9927
3341.6748,142.1527
3341.8272,138.9124
3341.9796,132.4388
3342.132,128.588
3342.2844,128.1407
3342.4368,131.9869
3342.5892,137.7776
3342.7416,139.0224
3342.894,138.2081
3343.0464,137.5978
3343.1988,138.8296
3343.3512,138.862
3343.5036,134.5731
3343.656,126.6972
3343.8084,123.7665
3343.9608,124.5618
3344.1132,130.2427
3344.2656,139.9413
3344.418,141.6784
3344.5704,140.2286
3344.7228,140.0334
3344.8752,142.235
3345.0276,144.9906
3345.18,146.0326
3345.3324,145.9998
3345.4848,144.2754
3345.6372,140.8761
3345.7896,140.0106
3345.942,140.1777
3346.0944,140.1184
3346.2468,139.0796
3346.3992,137.0811
3346.5516,135.9804
3346.704,135.7839
3346.8564,137.4451
3347.0088,140.6095
3347.1612,145.5141
3347.3136,151.0358
3347.466,155.1733
3347.6184,154.9654
3347.7708,150.9066
3347.9232,143.9371
3348.0756,140.2499
3348.228,136.9883
3348.3804,133.7963
3348.5328,130.5799
3348.6852,130.0441
3348.8376,135.8044
3348.99,141.069
3349.1424,144.621
3349.2948,145.8374
3349.4472,146.8719
3349.5996,149.5237
3349.752,153.1262
3349.9044,153.8525
3350.0568,152.2783
3350.2092,148.444
3350.3616,142.7171
3350.514,138.1264
3350.6664,134.6198
3350.8188,132.5402
3350.9712,131.4982
3351.1236,134.8515
3351.276,140.8056
3351.4284,145.2966
3351.5808,146.3877
3351.7332,144.4628
3351.8856,139.2181
3352.038,134.8725
3352.1904,133.2814
3352.3428,133.5301
3352.4952,134.773
3352.6476,137.7632
3352.8,137.8686
3352.9524,134.7011
3353.1048,133.5311
3353.2572,135.6628
3353.4096,140.3172
3353.562,143.3061
3353.7144,143.6956
3353.8668,143.3701
3354.0192,146.185
3354.1716,149.0363
3354.324,149.1997
3354.4764,146.2736
3354.6288,139.5533
3354.7812,135.5384
3354.9336,132.0022
3355.086,129.7614
3355.2384,129.1057
3355.3908,130.5709
3355.5432,132.3893
3355.6956,132.3247
3355.848,132.8265
3356.0004,132.7525
3356.1528,137.1127
3356.3052,140.2215
3356.4576,139.7482
3356.61,135.3762
3356.7624,134.097
3356.9148,137.3888
3357.0672,141.8278
3357.2196,142.6329
3357.372,142.6344
3357.5244,142.8588
3357.6768,142.0125
3357.8292,140.196
3357.9816,138.3116
3358.134,136.1137
3358.2864,135.0854
3358.4388,135.0191
3358.5912,134.8674
3358.7436,135.9627
3358.896,137.7157
3359.0484,139.8514
3359.2008,142.2691
3359.3532,146.3119
3359.5056,149.862
3359.658,150.4844
3359.8104,147.4577
3359.9628,144.9028
3360.1152,144.8899
3360.2676,146.4007
3360.42,146.7321
3360.5724,146.2876
3360.7248,145.0356
3360.8772,143.8711
3361.0296,141.1434
3361.182,133.7704
3361.3344,128.5916
3361.4868,127.0103
3361.6392,127.4423
3361.7916,129.036
3361.944,131.4535
3362.0964,134.838
3362.2488,137.8956
3362.4012,137.8318
3362.5536,135.7091
3362.706,133.9689
3362.8584,132.3845
3363.0108,131.2882
3363.1632,132.0779
3363.3156,135.9458
3363.468,139.5799
3363.6204,141.8348
3363.7728,143.5263
3363.9252,144.2646
3364.0776,143.0488
3364.23,139.0555
3364.3824,133.5946
3364.5348,132.5587
3364.6872,133.9675
3364.8396,136.7147
3364.992,136.6764
3365.1444,135.8584
3365.2968,135.3412
3365.4492,135.9562
3365.6016,137.3443
3365.754,141.6078
3365.9064,144.744
3366.0588,145.6001
3366.2112,144.7411
3366.3636,141.8418
3366.516,136.3909
3366.6684,132.5862
3366.8208,130.4929
3366.9732,131.3309
3367.1256,134.4272
3367.278,136.9345
3367.4304,137.615
3367.5828,136.8445
3367.7352,137.4503
3367.8876,139.1754
3368.04,139.8567
3368.1924,140.6324
3368.3448,143.6067
3368.4972,146.5476
3368.6496,146.3151
3368.802,144.3447
3368.9544,142.7108
3369.1068,141.5734
3369.2592,140.0693
3369.4116,139.8327
3369.564,142.0832
3369.7164,144.9843
3369.8688,144.6581
3370.0212,142.9876
3370.1736,143.0319
3370.326,143.6938
3370.4784,144.2204
3370.6308,144.5542
3370.7832,144.5334
3370.9356,143.5242
3371.088,141.7699
3371.2404,138.3704
3371.3928,135.9716
3371.5452,135.91
3371.6976,138.2229
3371.85,138.6366
3372.0024,138.614
3372.1548,140.7617
3372.3072,143.0009
3372.4596,142.0771
3372.612,138.9724
3372.7644,137.5729
3372.9168,136.2928
3373.0692,135.7023
3373.2216,137.1691
3373.374,139.8632
3373.5264,139.9668
3373.6788,138.4909
3373.8312,136.7379
3373.9836,135.3898
3374.136,135.858
3374.2884,138.4397
3374.4408,138.6974
3374.5932,136.2592
3374.7456,133.2162
3374.898,131.8351
3375.0504,132.6351
3375.2028,135.7514
3375.3552,136.3886
3375.5076,136.162
3375.66,135.6544
3375.8124,135.2625
3375.9648,133.8583
3376.1172,133.2374
3376.2696,134.8009
3376.422,135.9254
3376.5744,134.7781
3376.7268,131.8646
3376.8792,127.9607
3377.0316,126.8088
3377.184,127.8566
3377.3364,129.6591
3377.4888,131.8184
3377.6412,132.7454
3377.7936,133.2562
3377.946,133.3419
3378.0984,134.6771
3378.2508,137.741
3378.4032,140.6646
3378.5556,140.9787
3378.708,138.512
3378.8604,136.1556
3379.0128,136.069
3379.1652,137.2799
3379.3176,141.0765
3379.47,143.6659
3379.6224,144.0445
3379.7748,142.2414
3379.9272,138.6677
3380.0796,136.8964
3380.232,137.5088
3380.3844,139.979
3380.5368,142.3351
3380.6892,143.3628
3380.8416,143.4971
3380.994,144.9628
3381.1464,146.9849
3381.2988,147.5089
3381.4512,145.8973
3381.6036,142.5542
3381.756,139.5498
3381.9084,139.7547
3382.0608,142.6765
3382.2132,144.5177
3382.3656,144.5789
3382.518,143.7469
3382.6704,143.18
3382.8228,143.4953
3382.9752,144.2117
3383.1276,144.6034
3383.28,144.0182
3383.4324,143.3857
3383.5848,142.7624
3383.7372,139.4823
3383.8896,131.7415
3384.042,127.4037
3384.1944,125.7833
3384.3468,133.5663
3384.4992,142.6735
3384.6516,147.862
3384.804,149.504
3384.9564,147.7847
3385.1088,141.2261
3385.2612,134.3165
3385.4136,130.6377
3385.566,129.6305
3385.7184,132.2215
3385.8708,136.889
3386.0232,139.8423
3386.1756,138.7865
3386.328,135.3975
3386.4804,132.3591
3386.6328,129.9214
3386.7852,128.1976
3386.9376,127.2163
3387.09,128.5107
3387.2424,133.9711
3387.3948,139.2761
3387.5472,140.9056
3387.6996,139.5223
3387.852,136.2933
3388.0044,135.6561
3388.1568,137.4819
3388.3092,138.0124
3388.4616,136.8312
3388.614,133.817
3388.7664,133.2765
3388.9188,136.7427
3389.0712,141.7358
3389.2236,142.2384
3389.376,139.9456
3389.5284,136.9644
3389.6808,136.7764
3389.8332,137.586
3389.9856,137.7256
3390.138,137.6975
3390.2904,139.951
3390.4428,143.5066
3390.5952,143.2852
3390.7476,141.3919
3390.9,139.5861
3391.0524,140.004
3391.2048,141.5326
3391.3572,141.3731
3391.5096,139.6295
3391.662,140.0101
3391.8144,143.16
3391.9668,145.1236
3392.1192,145.7493
3392.2716,145.2991
3392.424,144.6368
3392.5764,144.734
3392.7288,144.8097
3392.8812,144.3778
3393.0336,142.8978
3393.186,141.8614
3393.3384,141.8005
3393.4908,141.8881
3393.6432,143.6688
3393.7956,144.7113
3393.948,148.1072
3394.1004,147.7604
3394.2528,141.0061
3394.4052,138.7328
3394.5576,135.5664
3394.71,135.4894
3394.8624,139.7669
3395.0148,143.5992
3395.1672,145.0716
3395.3196,145.0528
3395.472,144.3752
3395.6244,142.662
3395.7768,138.6516
3395.9292,133.4697
3396.0816,131.1315
3396.234,131.5518
3396.3864,133.6944
3396.5388,134.4251
3396.6912,134.7649
3396.8436,138.832
3396.996,147.3522
3397.1484,150.4877
3397.3008,149.0068
3397.4532,146.5365
3397.6056,145.768
3397.758,148.8291
3397.9104,151.4232
3398.0628,150.6376
3398.2152,148.158
3398.3676,146.8904
3398.52,146.9007
3398.6724,146.1959
3398.8248,144.8096
3398.9772,144.9808
3399.1296,145.4128
3399.282,145.7859
3399.4344,143.2745
3399.5868,142.8995
3399.7392,146.6166
3399.8916,149.3979
3400.044,149.03
3400.1964,145.8612
3400.3488,144.3933
3400.5012,145.2297
3400.6536,149.2292
3400.806,150.3592
3400.9584,148.8528
3401.1108,146.7507
3401.2632,146.6522
3401.4156,146.8569
3401.568,146.0148
3401.7204,143.627
3401.8728,141.5452
3402.0252,144.0524
3402.1776,153.3734
3402.33,156.0668
3402.4824,154.494
3402.6348,146.5648
3402.7872,138.7336
3402.9396,138.1122
3403.092,139.2343
3403.2444,141.1371
3403.3968,143.1795
3403.5492,146.3483
3403.7016,150.0269
3403.854,152.353
3404.0064,151.3436
3404.1588,150.0139
3404.3112,149.3692
3404.4636,149.7191
3404.616,150.8106
3404.7684,152.636
3404.9208,154.792
3405.0732,155.7569
3405.2256,155.1871
3405.378,152.7097
3405.5304,151.0186
3405.6828,152.5829
3405.8352,157.7143
3405.9876,162.3965
3406.14,161.3753
3406.2924,157.8367
3406.4448,153.7265
3406.5972,150.3563
3406.7496,148.387
3406.902,148.9324
3407.0544,151.8342
3407.2068,153.9951
3407.3592,154.1319
3407.5116,153.4651
3407.664,152.3681
3407.8164,151.6362
3407.9688,150.5444
3408.1212,147.6756
3408.2736,145.5005
3408.426,146.2978
3408.5784,147.4422
3408.7308,147.5214
3408.8832,148.4683
3409.0356,151.4132
3409.188,153.8247
3409.3404,153.9733
3409.4928,152.7741
3409.6452,152.2551
3409.7976,153.2823
3409.95,156.2676
3410.1024,158.8372
3410.2548,158.6631
3410.4072,152.9173
3410.5596,146.178
3410.712,143.0849
3410.8644,142.1407
3411.0168,144.2219
3411.1692,149.5661
3411.3216,151.3622
3411.474,150.6017
3411.6264,146.4621
3411.7788,142.8167
3411.9312,144.2979
3412.0836,149.6757
3412.236,151.83
3412.3884,151.0122
3412.5408,148.706
3412.6932,147.169
3412.8456,146.4772
3412.998,146.9703
3413.1504,148.3099
3413.3028,148.9278
3413.4552,148.5926
3413.6076,148.2603
3413.76,146.6588
3413.9124,144.524
3414.0648,141.4213
3414.2172,139.1676
3414.3696,139.6426
3414.522,143.1043
3414.6744,143.694
3414.8268,142.1513
3414.9792,140.4622
3415.1316,140.0684
3415.284,139.9214
3415.4364,139.0699
3415.5888,135.9985
3415.7412,134.0116
3415.8936,134.7493
3416.046,137.8988
3416.1984,138.359
3416.3508,137.4289
3416.5032,136.2139
3416.6556,135.6122
3416.808,135.5508
3416.9604,136.4415
3417.1128,139.9571
3417.2652,142.4783
3417.4176,143.0553
3417.57,146.7522
3417.7224,150.6718
3417.8748,152.1533
3418.0272,151.6102
3418.1796,150.7208
3418.332,150.0791
3418.4844,150.2732
3418.6368,151.2686
3418.7892,152.9325
3418.9416,154.6037
3419.094,154.8192
3419.2464,152.6623
3419.3988,148.7728
3419.5512,145.231
3419.7036,143.9815
3419.856,145.0816
3420.0084,145.9337
3420.1608,145.9169
3420.3132,145.5386
3420.4656,144.0212
3420.618,141.104
3420.7704,138.7933
3420.9228,139.232
3421.0752,139.5068
3421.2276,138.3865
3421.38,137.7122
3421.5324,141.7742
3421.6848,150.4627
3421.8372,154.7908
3421.9896,152.7164
3422.142,148.1888
3422.2944,147.1531
3422.4468,146.102
3422.5992,140.3139
3422.7516,138.0714
3422.904,137.887
3423.0564,140.3863
3423.2088,142.4551
3423.3612,144.1951
3423.5136,144.6658
3423.666,143.0379
3423.8184,140.7052
3423.9708,138.6215
3424.1232,138.4197
3424.2756,140.3112
3424.428,146.0038
3424.5804,150.6727
3424.7328,150.7308
3424.8852,146.9603
3425.0376,139.6262
3425.19,137.0659
3425.3424,140.0543
3425.4948,143.3189
3425.6472,142.9485
3425.7996,141.6698
3425.952,142.211
3426.1044,146.0842
3426.2568,150.8643
3426.4092,152.1667
3426.5616,149.9205
3426.714,144.3824
3426.8664,142.3139
3427.0188,144.1228
3427.1712,145.7371
3427.3236,145.838
3427.476,144.5061
3427.6284,142.3036
3427.7808,141.0333
3427.9332,141.485
3428.0856,143.7127
3428.238,144.3439
3428.3904,143.2362
3428.5428,140.4365
3428.6952,134.9694
3428.8476,130.3479
3429,124.6758
3429.1524,120.8867
3429.3048,121.2914
3429.4572,128.4358
3429.6096,135.4775
3429.762,138.2111
3429.9144,139.7276
3430.0668,140.9652
3430.2192,140.6794
3430.3716,137.459
3430.524,134.4506
3430.6764,132.8898
3430.8288,132.9921
3430.9812,134.8197
3431.1336,135.9162
3431.286,135.2863
3431.4384,133.0498
3431.5908,129.707
3431.7432,127.7351
3431.8956,126.7948
3432.048,127.1199
3432.2004,128.3384
3432.3528,130.9574
3432.5052,133.2834
3432.6576,135.0213
3432.81,138.0867
3432.9624,141.4598
3433.1148,142.2176
3433.2672,141.9919
3433.4196,143.8702
3433.572,146.3966
3433.7244,146.3146
3433.8768,141.6672
3434.0292,136.2438
3434.1816,133.2847
3434.334,132.0884
3434.4864,131.5856
3434.6388,135.519
3434.7912,141.2164
3434.9436,145.6177
3435.096,148.3991
3435.2484,149.9892
3435.4008,149.3259
3435.5532,146.2
3435.7056,142.2035
3435.858,141.1505
3436.0104,142.6579
3436.1628,145.5507
3436.3152,146.7727
3436.4676,147.5391
3436.62,149.1574
3436.7724,150.065
3436.9248,148.5109
3437.0772,146.1601
3437.2296,144.2313
3437.382,145.4364
3437.5344,151.3359
3437.6868,155.9045
3437.8392,157.0004
3437.9916,152.9942
3438.144,145.8586
3438.2964,144.6836
3438.4488,146.4747
3438.6012,150.7724
3438.7536,154.1032
3438.906,154.5485
3439.0584,154.1523
3439.2108,154.5118
3439.3632,153.2594
3439.5156,150.4853
3439.668,149.515
3439.8204,151.3485
3439.9728,157.1457
3440.1252,161.6852
3440.2776,164.0468
3440.43,164.4594
3440.5824,163.4037
3440.7348,157.8882
3440.8872,151.3958
3441.0396,150.1584
3441.192,154.2051
3441.3444,160.7208
3441.4968,162.9322
3441.6492,163.0258
3441.8016,161.2861
3441.954,156.8106
3442.1064,151.563
3442.2588,148.5571
3442.4112,148.6225
3442.5636,149.2668
3442.716,147.2534
3442.8684,140.3858
3443.0208,133.4305
3443.1732,126.6559
3443.3256,130.2246
3443.478,138.4808
3443.6304,144.3256
3443.7828,146.2968
3443.9352,146.7701
3444.0876,146.3423
3444.24,145.672
3444.3924,146.6383
3444.5448,147.2082
3444.6972,146.4001
3444.8496,144.3973
3445.002,144.5306
3445.1544,146.8786
3445.3068,148.8784
3445.4592,147.5832
3445.6116,146.5149
3445.764,148.289
3445.9164,150.2833
3446.0688,148.5898
3446.2212,145.441
3446.3736,144.4958
3446.526,143.7446
3446.6784,141.9516
3446.8308,140.7283
3446.9832,142.0241
3447.1356,146.3783
3447.288,148.6419
3447.4404,148.6552
3447.5928,148.7884
3447.7452,150.3045
3447.8976,150.7021
3448.05,149.937
3448.2024,146.9886
3448.3548,143.252
3448.5072,140.7805
3448.6596,144.3447
3448.812,151.1348
3448.9644,164.7285
3449.1168,171.2605
3449.2692,167.7877
3449.4216,159.1899
3449.574,150.0949
3449.7264,145.5675
3449.8788,144.2237
3450.0312,143.886
3450.1836,144.104
3450.336,143.9612
3450.4884,143.5111
3450.6408,143.0405
3450.7932,142.1131
3450.9456,141.1652
3451.098,139.1467
3451.2504,136.1138
3451.4028,132.2102
3451.5552,130.0358
3451.7076,130.0775
3451.86,131.4438
3452.0124,131.2472
3452.1648,130.4648
3452.3172,130.9418
3452.4696,132.7372
3452.622,137.5361
3452.7744,140.7541
3452.9268,142.0372
3453.0792,141.4159
3453.2316,140.6479
3453.384,139.3824
3453.5364,136.9753
3453.6888,132.7343
3453.8412,122.4681
3453.9936,105.346
3454.146,94.8725
3454.2984,87.193
3454.4508,80.7575
3454.6032,77.9537
3454.7556,78.11
3454.908,81.4996
3455.0604,88.2345
3455.2128,91.9409
3455.3652,96.876
3455.5176,105.3636
3455.67,115.1897
3455.8224,122.282
3455.9748,123.5481
3456.1272,118.1252
3456.2796,107.7503
3456.432,96.9871
3456.5844,85.5108
3456.7368,82.7186
3456.8892,82.0972
3457.0416,82.6486
3457.194,84.772
3457.3464,88.924
3457.4988,92.2971
3457.6512,91.0894
3457.8036,86.2617
3457.956,79.085
3458.1084,76.0711
3458.2608,74.9091
3458.4132,77.9078
3458.5656,85.9581
3458.718,96.0695
3458.8704,114.7587
3459.0228,127.3805
3459.1752,131.642
3459.3276,131.8425
3459.48,129.8132
3459.6324,127.0836
3459.7848,127.1745
3459.9372,132.3434
3460.0896,134.1527
3460.242,132.155
3460.3944,127.1145
3460.5468,122.1538
3460.6992,117.6905
3460.8516,116.4455
3461.004,119.2003
3461.1564,123.1724
3461.3088,125.9529
3461.4612,127.2009
3461.6136,129.4469
3461.766,133.6569
3461.9184,136.6382
3462.0708,136.6168
3462.2232,134.0987
3462.3756,128.8071
3462.528,121.9791
3462.6804,114.4501
3462.8328,107.6046
3462.9852,102.163
3463.1376,96.8811
3463.29,88.7126
3463.4424,80.8726
3463.5948,75.538
3463.7472,70.6497
3463.8996,68.1803
3464.052,67.6768
3464.2044,68.5314
3464.3568,69.6135
3464.5092,69.1227
3464.6616,66.5848
3464.814,63.7626
3464.9664,62.7248
3465.1188,63.7847
3465.2712,65.4562
3465.4236,65.7209
3465.576,66.3833
3465.7284,67.5938
3465.8808,69.9061
3466.0332,74.269
3466.1856,79.926
3466.338,75.2994
3466.4904,74.7776
3466.6428,74.0272
3466.7952,73.5413
3466.9476,71.9696
3467.1,68.3243
3467.2524,66.5574
3467.4048,66.4711
3467.5572,67.731
3467.7096,71.6662
3467.862,81.1645
3468.0144,90.4011
3468.1668,94.3667
3468.3192,96.8124
3468.4716,101.9635
3468.624,108.4804
3468.7764,106.5797
3468.9288,92.8525
3469.0812,74.6547
3469.2336,65.2668
3469.386,61.3594
3469.5384,58.9831
3469.6908,56.7919
3469.8432,55.139
3469.9956,54.2234
3470.148,55.2519
3470.3004,58.1494
3470.4528,60.5521
3470.6052,62.7147
3470.7576,61.7005
3470.91,57.8407
3471.0624,55.9375
3471.2148,56.667
3471.3672,57.4598
3471.5196,58.4901
3471.672,58.1867
3471.8244,57.4332
3471.9768,56.6196
3472.1292,58.2496
3472.2816,59.7914
3472.434,60.4155
3472.5864,59.4942
3472.7388,58.5123
3472.8912,57.3822
3473.0436,56.4736
3473.196,56.4261
3473.3484,57.4814
3473.5008,59.2976
3473.6532,61.1436
3473.8056,61.1068
3473.958,60.7318
3474.1104,59.982
3474.2628,59.8769
3474.4152,60.2251
3474.5676,59.6609
3474.72,59.1116
3474.8724,59.9257
3475.0248,61.1768
3475.1772,61.2442
3475.3296,60.3955
3475.482,59.1424
3475.6344,58.0691
3475.7868,57.3065
3475.9392,57.2227
3476.0916,58.1789
3476.244,58.8177
3476.3964,58.8734
3476.5488,57.4273
3476.7012,56.7866
3476.8536,58.5913
3477.006,62.1401
3477.1584,63.9086
3477.3108,63.6688
3477.4632,62.2959
3477.6156,59.7917
3477.768,57.707
3477.9204,56.2411
3478.0728,55.0133
3478.2252,54.172
3478.3776,54.1496
3478.53,54.4348
3478.6824,56.1095
3478.8348,57.7871
3478.9872,57.8597
3479.1396,57.7408
3479.292,58.0065
3479.4444,59.9623
3479.5968,61.009
3479.7492,60.3108
3479.9016,58.0943
3480.054,57.7882
3480.2064,59.3871
3480.3588,59.2919
3480.5112,57.9751
3480.6636,56.2316
3480.816,55.6911
3480.9684,55.5899
3481.1208,55.625
3481.2732,56.0668
3481.4256,56.5609
3481.578,56.154
3481.7304,54.4371
3481.8828,53.2239
3482.0352,54.1618
3482.1876,55.909
3482.34,55.9869
3482.4924,56.1492
3482.6448,58.3851
3482.7972,59.3678
3482.9496,59.5445
3483.102,58.9916
3483.2544,58.0579
3483.4068,56.6639
3483.5592,55.3072
3483.7116,54.9968
3483.864,57.7233
3484.0164,60.7526
3484.1688,63.2703
3484.3212,66.5908
3484.4736,68.5523
3484.626,69.1396
3484.7784,69.0565
3484.9308,66.9016
3485.0832,63.806
3485.2356,60.7434
3485.388,59.5806
3485.5404,59.8111
3485.6928,61.3791
3485.8452,63.0197
3485.9976,63.046
3486.15,61.6774
3486.3024,61.0259
3486.4548,62.6942
3486.6072,66.082
3486.7596,67.7772
3486.912,67.1846
3487.0644,66.6452
3487.2168,67.3981
3487.3692,68.7203
3487.5216,67.9436
3487.674,65.479
3487.8264,61.886
3487.9788,59.7977
3488.1312,60.6975
3488.2836,64.5928
3488.436,65.8682
3488.5884,65.962
3488.7408,65.7232
3488.8932,65.0649
3489.0456,63.7204
3489.198,62.6677
3489.3504,62.3823
3489.5028,63.0824
3489.6552,64.0091
3489.8076,63.8559
3489.96,62.7207
3490.1124,62.3733
3490.2648,62.7393
3490.4172,62.4063
3490.5696,61.3336
3490.722,60.2434
3490.8744,60.3315
3491.0268,61.5436
3491.1792,62.0207
3491.3316,62.1482
3491.484,61.7398
3491.6364,61.223
3491.7888,60.2218
3491.9412,58.7339
3492.0936,56.8383
3492.246,56.7406
3492.3984,58.2745
3492.5508,60.1061
3492.7032,61.8251
3492.8556,61.9647
3493.008,61.0923
3493.1604,59.7416
3493.3128,59.1326
3493.4652,60.7239
3493.6176,62.7782
3493.77,63.314
3493.9224,62.3986
3494.0748,61.6448
3494.2272,61.432
3494.3796,62.3098
3494.532,63.3079
3494.6844,64.5245
3494.8368,64.7704
3494.9892,63.472
3495.1416,61.5597
3495.294,60.9792
3495.4464,61.947
3495.5988,63.2201
3495.7512,63.6148
3495.9036,63.9732
3496.056,63.0532
3496.2084,60.7207
3496.3608,59.3282
3496.5132,60.4704
3496.6656,64.8614
3496.818,67.1257
3496.9704,67.6487
3497.1228,65.7486
3497.2752,62.1234
3497.4276,58.9231
3497.58,57.514
3497.7324,57.7637
3497.8848,58.6783
3498.0372,59.4504
3498.1896,59.7933
3498.342,58.904
3498.4944,57.6853
3498.6468,56.2459
3498.7992,56.7082
3498.9516,56.8741
3499.104,55.7383
3499.2564,53.9807
3499.4088,53.499
3499.5612,55.3392
3499.7136,59.4517
3499.866,61.3135
3500.0184,60.4204
3500.1708,57.6977
3500.3232,56.0602
3500.4756,56.4722
3500.628,57.0889
3500.7804,56.6977
3500.9328,56.5865
3501.0852,57.8205
3501.2376,58.3831
3501.39,57.7006
3501.5424,57.514
3501.6948,59.2561
3501.8472,60.1195
3501.9996,60.2848
3502.152,60.7941
3502.3044,65.8724
3502.4568,68.4299
3502.6092,68.1049
3502.7616,65.593
3502.914,62.4974
3503.0664,61.6913
3503.2188,61.0557
3503.3712,59.0237
3503.5236,54.8979
3503.676,53.1308
3503.8284,53.7899
3503.9808,54.9133
3504.1332,57.0115
3504.2856,58.4137
3504.438,58.9532
3504.5904,60.0804
3504.7428,59.2604
3504.8952,58.2488
3505.0476,59.6246
3505.2,62.3098
3505.3524,62.5176
3505.5048,60.3602
3505.6572,57.7063
3505.8096,55.7816
3505.962,55.0168
3506.1144,54.2126
3506.2668,54.467
3506.4192,55.5258
3506.5716,57.7412
3506.724,60.037
3506.8764,61.939
3507.0288,63.3929
3507.1812,63.708
3507.3336,62.8562
3507.486,61.311
3507.6384,60.1346
3507.7908,60.3723
3507.9432,61.618
3508.0956,62.2543
3508.248,60.6775
3508.4004,58.7036
3508.5528,57.9323
3508.7052,58.2502
3508.8576,59.067
3509.01,59.3543
3509.1624,57.9734
3509.3148,55.7611
3509.4672,55.295
3509.6196,57.5133
3509.772,60.4719
3509.9244,61.9581
3510.0768,63.4193
3510.2292,64.4713
3510.3816,64.6631
3510.534,63.6353
3510.6864,61.9426
3510.8388,60.7221
3510.9912,61.4957
3511.1436,68.0816
3511.296,86.5591
3511.4484,104.3297
3511.6008,112.9228
3511.7532,116.1743
3511.9056,114.889
3512.058,111.7914
3512.2104,109.5711
3512.3628,107.4322
3512.5152,106.0264
3512.6676,105.2033
3512.82,105.1615
3512.9724,106.1791
3513.1248,107.4177
3513.2772,106.6509
3513.4296,103.2834
3513.582,96.559
3513.7344,90.5204
3513.8868,86.8691
3514.0392,87.3519
3514.1916,87.0621
3514.344,84.2759
3514.4964,81.0774
3514.6488,79.4312
3514.8012,77.4475
3514.9536,75.7564
3515.106,72.1258
3515.2584,71.1424
3515.4108,72.3741
3515.5632,76.6355
3515.7156,77.8842
3515.868,76.5941
3516.0204,72.673
3516.1728,68.5878
3516.3252,66.8604
3516.4776,66.7492
3516.63,68.4155
3516.7824,71.3
3516.9348,71.9833
3517.0872,72.0885
3517.2396,73.8913
3517.392,78.7345
3517.5444,81.007
3517.6968,80.1458
3517.8492,79.2607
3518.0016,80.4535
3518.154,84.7824
3518.3064,90.8127
3518.4588,94.9312
3518.6112,96.5324
3518.7636,97.4645
3518.916,100.8797
3519.0684,104.8598
3519.2208,105.0219
3519.3732,102.9165
3519.5256,97.5624
3519.678,94.63
3519.8304,90.968
3519.9828,90.3537
3520.1352,92.1793
3520.2876,94.3742
3520.44,93.7851
3520.5924,90.8463
3520.7448,87.2896
3520.8972,87.0012
3521.0496,90.4353
3521.202,93.1804
3521.3544,94.1008
3521.5068,97.6452
3521.6592,103.4709
3521.8116,105.0517
3521.964,102.7808
3522.1164,97.9748
3522.2688,92.7694
3522.4212,88.5892
3522.5736,89.3969
3522.726,94.3773
3522.8784,97.6928
3523.0308,99.0972
3523.1832,100.2369
3523.3356,100.9259
3523.488,99.4238
3523.6404,95.5832
3523.7928,91.5297
3523.9452,89.5736
3524.0976,87.7299
3524.25,83.8922
3524.4024,76.7384
3524.5548,72.931
3524.7072,71.4247
3524.8596,71.966
3525.012,71.5729
3525.1644,70.0707
3525.3168,69.1029
3525.4692,69.0032
3525.6216,69.1882
3525.774,69.8354
3525.9264,70.7327
3526.0788,71.3165
3526.2312,71.6457
3526.3836,69.6822
3526.536,68.3419
3526.6884,67.8293
3526.8408,69.1908
3526.9932,71.4436
3527.1456,72.2656
3527.298,73.619
3527.4504,74.6501
3527.6028,76.2471
3527.7552,77.7618
3527.9076,78.71
3528.06,80.241
3528.2124,82.5373
3528.3648,84.4018
3528.5172,85.4049
3528.6696,90.8875
3528.822,95.7711
3528.9744,94.4184
3529.1268,86.0406
3529.2792,78.0948
3529.4316,75.8047
3529.584,78.7915
3529.7364,84.8653
3529.8888,91.6978
3530.0412,93.8407
3530.1936,91.9409
3530.346,87.1393
3530.4984,77.0464
3530.6508,72.3151
3530.8032,70.2501
3530.9556,70.1218
3531.108,70.98
3531.2604,70.9857
3531.4128,69.4071
3531.5652,67.7925
3531.7176,66.9927
3531.87,67.0363
3532.0224,68.6163
3532.1748,69.8532
3532.3272,69.9557
3532.4796,68.4334
3532.632,66.9441
3532.7844,69.1646
3532.9368,72.5818
3533.0892,72.3731
3533.2416,70.0961
3533.394,68.1985
3533.5464,66.7433
3533.6988,67.4062
3533.8512,71.6347
3534.0036,77.0881
3534.156,78.8044
3534.3084,75.417
3534.4608,71.8885
3534.6132,70.5147
3534.7656,72.0693
3534.918,73.7008
3535.0704,73.8478
3535.2228,72.951
3535.3752,71.1078
3535.5276,71.5292
3535.68,73.5738
3535.8324,76.0561
3535.9848,77.3882
3536.1372,78.1793
3536.2896,78.9144
3536.442,79.0169
3536.5944,78.5396
3536.7468,75.4998
3536.8992,73.2191
3537.0516,73.5966
3537.204,75.8566
3537.3564,76.98
3537.5088,76.8532
3537.6612,77.8588
3537.8136,80.492
3537.966,81.1491
3538.1184,80
3538.2708,77.2047
3538.4232,73.0602
3538.5756,71.3082
3538.728,69.9569
3538.8804,69.5035
3539.0328,69.2845
3539.1852,69.1807
3539.3376,69.6889
3539.49,70.4352
3539.6424,69.3648
3539.7948,66.3403
3539.9472,64.574
3540.0996,65.2976
3540.252,69.4863
3540.4044,72.8941
3540.5568,73.5655
3540.7092,73.3527
3540.8616,73.4865
3541.014,73.7048
3541.1664,73.3153
3541.3188,72.1914
3541.4712,71.3143
3541.6236,70.7908
3541.776,69.0462
3541.9284,65.7444
3542.0808,63.7858
3542.2332,63.0476
3542.3856,63.1931
3542.538,63.2762
3542.6904,63.1458
3542.8428,63.489
3542.9952,64.7025
3543.1476,66.319
3543.3,66.9694
3543.4524,67.0158
3543.6048,66.4916
3543.7572,65.863
3543.9096,65.4896
3544.062,65.8465
3544.2144,65.507
3544.3668,66.2583
3544.5192,67.2938
3544.6716,67.3809
3544.824,67.1097
3544.9764,66.346
3545.1288,65.1664
3545.2812,64.2483
3545.4336,63.577
3545.586,63.8095
3545.7384,66.193
3545.8908,69.6996
3546.0432,70.6347
3546.1956,69.4279
3546.348,67.685
3546.5004,66.1677
3546.6528,65.2374
3546.8052,64.8282
3546.9576,65.1483
3547.11,65.7266
3547.2624,66.585
3547.4148,68.9334
3547.5672,70.7084
3547.7196,70.4517
3547.872,69.2929
3548.0244,68.5573
3548.1768,69.7563
3548.3292,71.5329
3548.4816,71.8724
3548.634,71.2415
3548.7864,71.2213
3548.9388,72.1882
3549.0912,72.5942
3549.2436,71.3714
3549.396,68.5524
3549.5484,66.6451
3549.7008,66.2899
3549.8532,65.6919
3550.0056,63.9302
3550.158,63.2356
3550.3104,64.6666
3550.4628,65.43
3550.6152,66.4006
3550.7676,69.4529
3550.92,72.3098
3551.0724,73.4734
3551.2248,71.9639
3551.3772,67.9325
3551.5296,64.8439
3551.682,63.6999
3551.8344,63.4678
3551.9868,63.7533
3552.1392,63.7715
3552.2916,63.325
3552.444,61.8561
3552.5964,58.7536
3552.7488,57.4956
3552.9012,57.2539
3553.0536,58.0236
3553.206,61.1651
3553.3584,72.7166
3553.5108,85.0695
3553.6632,102.076
3553.8156,104.8156
3553.968,91.427
3554.1204,86.8882
3554.2728,87.7517
3554.4252,95.772
3554.5776,106.3556
3554.73,112.6775
3554.8824,114.5774
3555.0348,113.1688
3555.1872,109.6264
3555.3396,102.717
3555.492,97.0185
3555.6444,94.4314
3555.7968,97.935
3555.9492,104.3043
3556.1016,115.722
3556.254,122.1651
3556.4064,126.0304
3556.5588,128.3275
3556.7112,126.7558
3556.8636,121.8363
3557.016,117.2314
3557.1684,115.1825
3557.3208,114.9445
3557.4732,115.6453
3557.6256,115.8281
3557.778,114.8657
3557.9304,111.2558
3558.0828,108.4062
3558.2352,107.9689
3558.3876,113.4049
3558.54,121.0605
3558.6924,122.635
3558.8448,119.1053
3558.9972,113.9531
3559.1496,109.4835
3559.302,108.6245
3559.4544,109.984
3559.6068,111.7126
3559.7592,112.8956
3559.9116,113.7602
3560.064,114.0986
3560.2164,114.0149
3560.3688,113.1239
3560.5212,110.1589
3560.6736,104.9983
3560.826,101.7999
3560.9784,98.4136
3561.1308,98.5867
3561.2832,99.5786
3561.4356,97.4984
3561.588,93.8353
3561.7404,92.2271
3561.8928,91.6918
3562.0452,90.2258
3562.1976,87.3482
3562.35,87.2398
3562.5024,86.7412
3562.6548,84.5069
3562.8072,83.6435
3562.9596,83.4535
3563.112,83.2362
3563.2644,82.2722
3563.4168,82.0879
3563.5692,82.4777
3563.7216,82.8938
3563.874,83.1551
3564.0264,83.9988
3564.1788,87.5404
3564.3312,92.0833
3564.4836,96.1103
3564.636,95.783
3564.7884,89.755
3564.9408,82.0457
3565.0932,81.2462
3565.2456,81.6357
3565.398,82.1358
3565.5504,81.6594
3565.7028,80.18
3565.8552,76.8098
3566.0076,73.6104
3566.16,73.3844
3566.3124,74.8521
3566.4648,76.8585
3566.6172,79.7622
3566.7696,83.4426
3566.922,84.4305
3567.0744,84.5946
3567.2268,84.8068
3567.3792,85.0792
3567.5316,85.0872
3567.684,84.9876
3567.8364,84.3242
3567.9888,82.9047
3568.1412,80.2801
3568.2936,78.1515
3568.446,78.5718
3568.5984,79.9732
3568.7508,80.737
3568.9032,80.3626
3569.0556,79.2628
3569.208,77.7294
3569.3604,76.7046
3569.5128,77.227
3569.6652,79.3856
3569.8176,80.4646
3569.97,80.2145
3570.1224,79.2637
3570.2748,79.5523
3570.4272,80.6064
3570.5796,81.3955
3570.732,81.993
3570.8844,81.5642
3571.0368,79.7072
3571.1892,77.3895
3571.3416,76.8497
3571.494,77.3906
3571.6464,79.7494
3571.7988,84.2061
3571.9512,86.1771
3572.1036,85.8489
3572.256,84.3407
3572.4084,82.6223
3572.5608,81.8369
3572.7132,82.5379
3572.8656,84.3333
3573.018,86.1816
3573.1704,86.6608
3573.3228,83.6999
3573.4752,77.3748
3573.6276,76.0015
3573.78,74.9072
3573.9324,71.9848
3574.0848,66.1656
3574.2372,65.7487
3574.3896,66.2562
3574.542,66.3602
3574.6944,64.6241
3574.8468,62.6632
3574.9992,61.441
3575.1516,61.2363
3575.304,61.0597
3575.4564,62.032
3575.6088,63.3471
3575.7612,65.1351
3575.9136,66.2206
3576.066,65.7846
3576.2184,64.199
3576.3708,63.6035
3576.5232,63.6081
3576.6756,61.7613
3576.828,58.98
3576.9804,56.8019
3577.1328,56.194
3577.2852,57.3055
3577.4376,61.4375
3577.59,66.5792
3577.7424,70.9673
3577.8948,73.3364
3578.0472,73.9435
3578.1996,75.7388
3578.352,78.3248
3578.5044,78.2579
3578.6568,75.4914
3578.8092,72.0193
3578.9616,69.982
3579.114,69.029
3579.2664,68.5018
3579.4188,68.3632
3579.5712,68.6901
3579.7236,70.8519
3579.876,71.7545
3580.0284,72.3176
3580.1808,73.0144
3580.3332,74.8715
3580.4856,77.7956
3580.638,78.3674
3580.7904,76.8637
3580.9428,75.1912
3581.0952,73.0094
3581.2476,71.7236
3581.4,71.4511
3581.5524,70.6495
3581.7048,67.9848
3581.8572,65.5183
3582.0096,65.6962
3582.162,68.7878
3582.3144,68.755
3582.4668,69.1804
3582.6192,68.4218
3582.7716,66.9193
3582.924,65.0494
3583.0764,63.9358
3583.2288,63.1333
3583.3812,63.8191
3583.5336,66.0536
3583.686,68.9005
3583.8384,71.0994
3583.9908,72.1821
3584.1432,74.0375
3584.2956,75.8541
3584.448,76.1989
3584.6004,75.562
3584.7528,74.5437
3584.9052,73.3991
3585.0576,73.3429
3585.21,74.165
3585.3624,75.7516
3585.5148,76.6567
3585.6672,77.1299
3585.8196,77.2306
3585.972,76.6184
3586.1244,75.2704
3586.2768,75.1511
3586.4292,75.7468
3586.5816,75.2177
3586.734,73.4158
3586.8864,72.1093
3587.0388,71.2858
3587.1912,70.9682
3587.3436,71.1322
3587.496,71.6647
3587.6484,71.9621
3587.8008,71.408
3587.9532,70.341
3588.1056,70.235
3588.258,72.3093
3588.4104,74.9452
3588.5628,77.1171
3588.7152,77.9404
3588.8676,77.7721
3589.02,76.6344
3589.1724,73.9995
3589.3248,70.4644
3589.4772,69.2889
3589.6296,69.9659
3589.782,71.5837
3589.9344,73.1608
3590.0868,73.9862
3590.2392,75.205
3590.3916,76.6533
3590.544,77.0178
3590.6964,76.1439
3590.8488,75.9136
3591.0012,76.4233
3591.1536,76.1486
3591.306,73.1669
3591.4584,70.9662
3591.6108,72.2083
3591.7632,76.4886
3591.9156,77.4735
3592.068,74.9645
3592.2204,70.637
3592.3728,69.046
3592.5252,69.1818
3592.6776,69.5336
3592.83,69.975
3592.9824,70.1766
3593.1348,70.2735
3593.2872,70.3413
3593.4396,70.0144
3593.592,68.7391
3593.7444,66.6605
3593.8968,65.4812
3594.0492,65.701
3594.2016,66.7753
3594.354,67.5561
3594.5064,67.9398
3594.6588,67.3715
3594.8112,65.8289
3594.9636,65.239
3595.116,65.4256
3595.2684,65.9109
3595.4208,66.6893
3595.5732,67.3479
3595.7256,67.7099
3595.878,67.4584
3596.0304,66.7862
3596.1828,66.7205
3596.3352,67.9792
3596.4876,69.098
3596.64,69.223
3596.7924,68.4119
3596.9448,66.9006
3597.0972,64.0937
3597.2496,61.1808
3597.402,60.2498
3597.5544,62.5265
3597.7068,66.8945
3597.8592,70.8794
3598.0116,71.974
3598.164,70.8364
3598.3164,68.4528
3598.4688,65.7205
3598.6212,64.1952
3598.7736,63.0975
3598.926,63.1566
3599.0784,64.6193
3599.2308,67.5889
3599.3832,68.7615
3599.5356,67.4964
3599.688,65.8181
3599.8404,65.1357
3599.9928,64.8939
3600.1452,65.3761
3600.2976,64.7838
3600.45,63.2572
3600.6024,63.2529
3600.7548,64.5401
3600.9072,65.3661
3601.0596,66.1057
3601.212,65.1367
3601.3644,63.4427
3601.5168,62.7921
3601.6692,63.0112
3601.8216,63.3718
3601.974,63.3015
3602.1264,63.2843
3602.2788,61.0867
3602.4312,57.8852
3602.5836,57.1455
3602.736,58.0725
3602.8884,59.3188
3603.0408,60.8031
3603.1932,61.9362
3603.3456,62.9835
3603.498,63.6673
3603.6504,63.1708
3603.8028,60.4494
3603.9552,58.4146
3604.1076,57.541
3604.26,57.2927
3604.4124,56.906
3604.5648,56.3857
3604.7172,55.5698
3604.8696,55.2819
3605.022,56.2031
3605.1744,56.4502
3605.3268,55.7107
3605.4792,53.3718
3605.6316,53.2822
3605.784,56.8719
3605.9364,60.4894
3606.0888,61.9376
3606.2412,61.0618
3606.3936,60.102
3606.546,61.1244
3606.6984,61.4997
3606.8508,61.1943
3607.0032,59.7172
3607.1556,58.4151
3607.308,57.8941
3607.4604,57.9874
3607.6128,58.8324
3607.7652,59.9325
3607.9176,61.523
3608.07,62.9988
3608.2224,64.6142
3608.3748,65.698
3608.5272,66.0628
3608.6796,65.3126
3608.832,63.2047
3608.9844,60.4046
3609.1368,59.5874
3609.2892,60.5307
3609.4416,61.0464
3609.594,60.8541
3609.7464,58.8429
3609.8988,57.2322
3610.0512,57.045
3610.2036,57.5943
3610.356,57.5469
3610.5084,56.9734
3610.6608,56.3814
3610.8132,56.4943
3610.9656,58.4061
3611.118,61.1441
3611.2704,62.4819
3611.4228,61.399
3611.5752,60.4115
3611.7276,61.2198
3611.88,62.9351
3612.0324,62.8137
3612.1848,62.0109
3612.3372,63.7516
3612.4896,67.8572
3612.642,69.1753
3612.7944,71.1702
3612.9468,72.1163
3613.0992,72.6342
3613.2516,73.3538
3613.404,74.3997
3613.5564,74.7976
3613.7088,74.4431
3613.8612,74.4016
3614.0136,74.2839
3614.166,73.5275
3614.3184,71.8453
3614.4708,71.629
3614.6232,72.1237
3614.7756,72.0379
3614.928,71.3053
3615.0804,69.7245
3615.2328,67.7172
3615.3852,67.4138
3615.5376,68.5151
3615.69,73.0065
3615.8424,75.8041
3615.9948,72.7122
3616.1472,70.8468
3616.2996,69.2004
3616.452,68.0828
3616.6044,67.1521
3616.7568,67.7836
3616.9092,70.1211
3617.0616,71.5796
3617.214,71.1451
3617.3664,70.5953
3617.5188,69.357
3617.6712,67.747
3617.8236,66.4753
3617.976,66.6109
3618.1284,68.8981
3618.2808,70.4981
3618.4332,70.6348
3618.5856,69.6463
3618.738,68.4763
3618.8904,67.8385
3619.0428,69.5314
3619.1952,70.9156
3619.3476,71.5967
3619.5,69.6386
3619.6524,67.0846
3619.8048,67.2816
3619.9572,67.0113
3620.1096,65.5076
3620.262,65.2073
3620.4144,65.6363
3620.5668,65.6572
3620.7192,64.5163
3620.8716,62.6661
3621.024,61.7588
3621.1764,62.4415
3621.3288,62.9094
3621.4812,62.8385
3621.6336,61.5726
3621.786,59.5644
3621.9384,59.0751
3622.0908,61.9663
3622.2432,64.9181
3622.3956,65.3422
3622.548,63.929
3622.7004,61.7605
3622.8528,62.3833
3623.0052,63.2573
3623.1576,62.8837
3623.31,61.9839
3623.4624,61.6921
3623.6148,62.0197
3623.7672,63.0779
3623.9196,64.5865
3624.072,65.3944
3624.2244,65.5071
3624.3768,63.9638
3624.5292,61.9287
3624.6816,61.364
3624.834,63.1543
3624.9864,65.1197
3625.1388,66.7073
3625.2912,70.449
3625.4436,75.8645
3625.596,79.4116
3625.7484,87.1247
3625.9008,90.0356
3626.0532,90.1128
3626.2056,89.4091
3626.358,87.687
3626.5104,86.5555
3626.6628,85.8727
3626.8152,86.6387
3626.9676,91.7212
3627.12,99.4321
3627.2724,100.8567
3627.4248,98.1641
3627.5772,95.1639
3627.7296,93.6868
3627.882,92.8038
3628.0344,91.9374
3628.1868,90.9837
3628.3392,90.1163
3628.4916,89.2483
3628.644,89.3189
3628.7964,89.3843
3628.9488,88.9311
3629.1012,87.059
3629.2536,83.0391
3629.406,80.6187
3629.5584,82.1646
3629.7108,82.6355
3629.8632,81.3181
3630.0156,79.08
3630.168,79.1806
3630.3204,81.4387
3630.4728,83.1365
3630.6252,83.302
3630.7776,82.2025
3630.93,80.3679
3631.0824,79.5916
3631.2348,81.1506
3631.3872,83.237
3631.5396,84.1433
3631.692,83.5707
3631.8444,82.4093
3631.9968,84.557
3632.1492,88.5539
3632.3016,91.5453
3632.454,91.3758
3632.6064,90.0671
3632.7588,89.4523
3632.9112,88.6338
3633.0636,86.9356
3633.216,85.3272
3633.3684,85.7126
3633.5208,87.1707
3633.6732,88.5964
3633.8256,88.793
3633.978,87.5509
3634.1304,84.6306
3634.2828,83.163
3634.4352,84.2054
3634.5876,88.0456
3634.74,89.7918
3634.8924,87.9199
3635.0448,82.6298
3635.1972,79.8733
3635.3496,79.2856
3635.502,79.5121
3635.6544,78.772
3635.8068,76.736
3635.9592,76.0496
3636.1116,77.3867
3636.264,80.28
3636.4164,81.8462
3636.5688,81.6003
3636.7212,79.804
3636.8736,76.822
3637.026,75.5118
3637.1784,75.0519
3637.3308,74.7466
3637.4832,73.7785
3637.6356,71.4983
3637.788,67.3023
3637.9404,61.9622
3638.0928,60.3804
3638.2452,60.7288
3638.3976,61.8198
3638.55,62.2819
3638.7024,63.2649
3638.8548,65.3098
3639.0072,66.9885
3639.1596,66.5719
3639.312,64.6114
3639.4644,62.4671
3639.6168,59.2512
3639.7692,58.3414
3639.9216,60.0091
3640.074,60.8084
3640.2264,59.74
3640.3788,57.7988
3640.5312,56.8347
3640.6836,58.2302
3640.836,62.8178
3640.9884,65.5222
3641.1408,67.5717
3641.2932,73.9978
3641.4456,81.3229
3641.598,91.0688
3641.7504,96.7936
3641.9028,96.8686
3642.0552,96.2925
3642.2076,98.781
3642.36,102.8526
3642.5124,106.3589
3642.6648,107.4036
3642.8172,104.2184
3642.9696,101.5957
3643.122,101.3956
3643.2744,104.1795
3643.4268,106.8367
3643.5792,106.6942
3643.7316,105.957
3643.884,105.606
3644.0364,106.4057
3644.1888,109.1233
3644.3412,113.3271
3644.4936,114.0117
3644.646,110.9412
3644.7984,109.3394
3644.9508,111.5254
3645.1032,116.4525
3645.2556,117.8984
3645.408,118.8102
3645.5604,117.4775
3645.7128,113.9542
3645.8652,109.1147
3646.0176,107.9267
3646.17,109.4125
3646.3224,110.6496
3646.4748,110.2625
3646.6272,108.3744
3646.7796,104.1144
3646.932,99.5505
3647.0844,97.3094
3647.2368,94.9141
3647.3892,93.5204
3647.5416,94.5715
3647.694,99.3096
3647.8464,104.8731
3647.9988,106.6482
3648.1512,101.3422
3648.3036,93.8505
3648.456,85.5002
3648.6084,79.6387
3648.7608,78.8734
3648.9132,85.1606
3649.0656,94.1586
3649.218,106.5932
3649.3704,114.1887
3649.5228,119.6671
3649.6752,122.525
3649.8276,122.7805
3649.98,120.6872
3650.1324,115.7475
3650.2848,115.1098
3650.4372,117.6696
3650.5896,123.3487
3650.742,124.1406
3650.8944,122.7488
3651.0468,120.0231
3651.1992,118.4867
3651.3516,118.9398
3651.504,122.4724
3651.6564,127.151
3651.8088,128.7992
3651.9612,127.2742
3652.1136,122.2014
3652.266,115.5961
3652.4184,113.1594
3652.5708,112.4919
3652.7232,112.405
3652.8756,112.3609
3653.028,111.3681
3653.1804,108.5581
3653.3328,107.154
3653.4852,106.7564
3653.6376,108.2187
3653.79,110.3641
3653.9424,112.5946
3654.0948,116.8764
3654.2472,121.3493
3654.3996,124.6892
3654.552,125.7764
3654.7044,124.0924
3654.8568,120.3408
3655.0092,112.9885
3655.1616,106.6233
3655.314,97.6104
3655.4664,95.0098
3655.6188,96.2274
3655.7712,99.2162
3655.9236,105.379
3656.076,111.1954
3656.2284,117.1123
3656.3808,118.5988
3656.5332,117.9104
3656.6856,113.6795
3656.838,110.5665
3656.9904,110.3059
3657.1428,111.5435
3657.2952,112.8112
3657.4476,114.6896
3657.6,115.778
3657.7524,115.6894
3657.9048,113.5204
3658.0572,111.3766
3658.2096,111.4797
3658.362,111.9107
3658.5144,111.0388
3658.6668,109.4121
3658.8192,108.6016
3658.9716,108.6781
3659.124,110.6126
3659.2764,113.9056
3659.4288,117.979
3659.5812,121.5664
3659.7336,122.8311
3659.886,121.8832
3660.0384,119.9715
3660.1908,119.97
3660.3432,123.0291
3660.4956,125.7521
3660.648,126.8571
3660.8004,125.8344
3660.9528,124.8898
3661.1052,126.6596
3661.2576,129.5565
3661.41,129.9145
3661.5624,126.7515
3661.7148,121.0213
3661.8672,120.0073
3662.0196,127.7209
3662.172,130.5237
3662.3244,132.0774
3662.4768,128.0493
3662.6292,123.0019
3662.7816,118.8889
3662.934,116.3601
3663.0864,115.2014
3663.2388,114.3096
3663.3912,114.2225
3663.5436,116.0694
3663.696,119.1669
3663.8484,120.275
3664.0008,118.1755
3664.1532,117.8096
3664.3056,120.5159
3664.458,121.8881
3664.6104,121.0754
3664.7628,119.6067
3664.9152,119.6704
3665.0676,118.9352
3665.22,117.4317
3665.3724,117.9262
3665.5248,120.685
3665.6772,124.7352
3665.8296,127.0446
3665.982,127.4899
3666.1344,126.6831
3666.2868,124.8444
3666.4392,122.7676
3666.5916,121.5195
3666.744,120.586
3666.8964,120.3653
3667.0488,122.2704
3667.2012,124.7323
3667.3536,125.6272
3667.506,123.6956
3667.6584,118.637
3667.8108,113.3488
3667.9632,112.2535
3668.1156,112.3206
3668.268,111.5685
3668.4204,109.2206
3668.5728,108.1781
3668.7252,107.5449
3668.8776,107.1203
3669.03,108.6293
3669.1824,115.9806
3669.3348,121.8198
3669.4872,121.9544
3669.6396,119.8444
3669.792,118.1474
3669.9444,117.7482
3670.0968,119.6571
3670.2492,123.8312
3670.4016,125.1638
3670.554,123.5873
3670.7064,115.6969
3670.8588,112.58
3671.0112,114.0197
3671.1636,119.5463
3671.316,123.4609
3671.4684,125.1261
3671.6208,121.7243
3671.7732,121.3748
3671.9256,122.9427
3672.078,123.3851
3672.2304,121.5512
3672.3828,118.8735
3672.5352,117.8978
3672.6876,118.725
3672.84,117.4333
3672.9924,117.2447
3673.1448,120.3616
3673.2972,128.324
3673.4496,133.9219
3673.602,137.4912
3673.7544,137.5826
3673.9068,134.4056
3674.0592,127.0605
3674.2116,114.5625
3674.364,107.8239
3674.5164,105.5862
3674.6688,107.6721
3674.8212,110.6834
3674.9736,110.0531
3675.126,108.7094
3675.2784,108.3666
3675.4308,108.6742
3675.5832,109.1108
3675.7356,109.5517
3675.888,110.5157
3676.0404,111.6486
3676.1928,114.0575
3676.3452,115.8311
3676.4976,116.6707
3676.65,116.4177
3676.8024,115.9166
3676.9548,115.1141
3677.1072,114.3213
3677.2596,113.8023
3677.412,114.0413
3677.5644,114.9423
3677.7168,115.2625
3677.8692,113.8883
3678.0216,110.6486
3678.174,106.9472
3678.3264,105.4301
3678.4788,104.7399
3678.6312,106.508
3678.7836,110.5796
3678.936,113.8654
3679.0884,113.2627
3679.2408,109.628
3679.3932,105.4456
3679.5456,105.4793
3679.698,108.5349
3679.8504,109.5871
3680.0028,110.3434
3680.1552,115.1287
3680.3076,123.8506
3680.46,128.595
3680.6124,128.4726
3680.7648,126.1527
3680.9172,123.381
3681.0696,119.0946
3681.222,114.7075
3681.3744,110.1176
3681.5268,106.7152
3681.6792,104.5003
3681.8316,103.9534
3681.984,103.277
3682.1364,100.3128
3682.2888,97.5196
3682.4412,98.2363
3682.5936,100.706
3682.746,103.5467
3682.8984,103.9856
3683.0508,102.151
3683.2032,99.0712
3683.3556,95.3219
3683.508,93.4268
3683.6604,91.9037
3683.8128,92.3414
3683.9652,94.7379
3684.1176,98.8683
3684.27,102.9318
3684.4224,105.206
3684.5748,104.4757
3684.7272,102.5311
3684.8796,101.7501
3685.032,103.3391
3685.1844,105.4574
3685.3368,107.5449
3685.4892,108.7294
3685.6416,109.2367
3685.794,109.4401
3685.9464,109.1745
3686.0988,106.0326
3686.2512,103.113
3686.4036,101.9
3686.556,104.3226
3686.7084,105.3738
3686.8608,105.9622
3687.0132,105.7297
3687.1656,105.0346
3687.318,103.441
3687.4704,101.676
3687.6228,100.8933
3687.7752,101.4808
3687.9276,103.8468
3688.08,106.4828
3688.2324,109.9961
3688.3848,113.282
3688.5372,116.9628
3688.6896,121.6306
3688.842,126.6449
3688.9944,132.5882
3689.1468,135.9061
3689.2992,135.2497
3689.4516,131.7657
3689.604,126.8281
3689.7564,123.017
3689.9088,122.0829
3690.0612,121.1524
3690.2136,118.6364
3690.366,113.9532
3690.5184,108.9626
3690.6708,105.8472
3690.8232,105.4128
3690.9756,106.9191
3691.128,109.8273
3691.2804,113.9449
3691.4328,118.2028
3691.5852,116.8567
3691.7376,114.9176
3691.89,116.095
3692.0424,116.5307
3692.1948,114.8455
3692.3472,112.7985
3692.4996,112.5751
3692.652,113.7482
3692.8044,115.3591
3692.9568,115.5388
3693.1092,116.2389
3693.2616,114.1637
3693.414,110.5573
3693.5664,110.1463
3693.7188,113.4922
3693.8712,117.0091
3694.0236,118.6632
3694.176,120.3962
3694.3284,122.3785
3694.4808,123.3865
3694.6332,123.9368
3694.7856,123.8172
3694.938,123.7264
3695.0904,123.6118
3695.2428,122.9334
3695.3952,120.3681
3695.5476,115.3706
3695.7,114.7254
3695.8524,116.524
3696.0048,120.7072
3696.1572,122.9583
3696.3096,125.1728
3696.462,125.4401
3696.6144,123.6482
3696.7668,121.0894
3696.9192,122.164
3697.0716,128.076
3697.224,133.362
3697.3764,136.9177
3697.5288,139.7279
3697.6812,141.1978
3697.8336,141.0372
3697.986,139.3678
3698.1384,137.1249
3698.2908,133.8544
3698.4432,130.2538
3698.5956,126.5348
3698.748,123.7359
3698.9004,123.4027
3699.0528,124.4846
3699.2052,124.6312
3699.3576,123.744
3699.51,122.0151
3699.6624,121.8629
3699.8148,124.3029
3699.9672,127.5928
3700.1196,128.8251
3700.272,127.1837
3700.4244,124.4494
3700.5768,124.438
3700.7292,123.8713
3700.8816,121.327
3701.034,118.9933
3701.1864,119.5497
3701.3388,120.1461
3701.4912,119.1582
3701.6436,116.0232
3701.796,112.3444
3701.9484,110.9666
3702.1008,113.4158
3702.2532,117.4656
3702.4056,120.8228
3702.558,122.1234
3702.7104,121.858
3702.8628,120.5832
3703.0152,119.5405
3703.1676,119.4666
3703.32,120.3523
3703.4724,120.7044
3703.6248,119.9017
3703.7772,118.841
3703.9296,120.3213
3704.082,123.9373
3704.2344,126.5232
3704.3868,126.4715
3704.5392,120.8028
3704.6916,118.4
3704.844,119.6988
3704.9964,123.7659
3705.1488,124.1941
3705.3012,121.5972
3705.4536,118.8646
3705.606,116.8004
3705.7584,117.5018
3705.9108,121.464
3706.0632,121.1956
3706.2156,123.2235
3706.368,123.5993
3706.5204,119.4013
3706.6728,112.7289
3706.8252,110.1471
3706.9776,113.315
3707.13,119.4893
3707.2824,121.6877
3707.4348,121.4576
3707.5872,123.4754
3707.7396,125.7341
3707.892,127.3019
3708.0444,126.6712
3708.1968,107.9137
3708.3492,51.0952
3708.5016,38.9905
3708.654,48.5251
3708.8064,83.4497
3708.9588,112.6343
3709.1112,116.148
3709.2636,116.9129
3709.416,118.8094
3709.5684,120.1304
3709.7208,119.5015
3709.8732,116.9893
3710.0256,114.8631
3710.178,114.4816
3710.3304,114.6851
3710.4828,115.1993
3710.6352,115.985
3710.7876,117.5153
3710.94,119.2297
3711.0924,120.8522
3711.2448,121.324
3711.3972,119.9745
3711.5496,118.8561
3711.702,118.5618
3711.8544,119.2665
3712.0068,119.8558
3712.1592,118.9254
3712.3116,117.9965
3712.464,117.4739
3712.6164,117.4028
3712.7688,117.9176
3712.9212,118.1069
3713.0736,115.5063
3713.226,112.1863
3713.3784,110.7772
3713.5308,110.9877
3713.6832,114.5438
3713.8356,115.1651
3713.988,115.3942
3714.1404,117.6825
3714.2928,120.9143
3714.4452,122.5896
3714.5976,121.4134
3714.75,119.621
3714.9024,120.1568
3715.0548,123.2518
3715.2072,127.6893
3715.3596,130.6614
3715.512,131.4318
3715.6644,130.9369
3715.8168,127.7876
3715.9692,127.0229
3716.1216,127.8518
3716.274,128.162
3716.4264,127.3048
3716.5788,126.2489
3716.7312,126.3148
3716.8836,125.6293
3717.036,124.0495
3717.1884,122.4318
3717.3408,122.879
3717.4932,123.9378
3717.6456,123.6402
3717.798,121.4697
3717.9504,119.1441
3718.1028,118.4261
3718.2552,118.8664
3718.4076,119.1026
3718.56,119.6485
3718.7124,120.3038
3718.8648,121.2031
3719.0172,122.2739
3719.1696,122.7432
3719.322,123.272
3719.4744,123.6633
3719.6268,123.6016
3719.7792,122.1209
3719.9316,119.3875
3720.084,116.3056
3720.2364,115.4906
3720.3888,114.0533
3720.5412,110.5707
3720.6936,109.4665
3720.846,112.3899
3720.9984,116.208
3721.1508,122.3661
3721.3032,124.5477
3721.4556,126.119
3721.608,126.5129
3721.7604,125.356
3721.9128,122.4904
3722.0652,121.1345
3722.2176,122.0777
3722.37,123.7262
3722.5224,125.0003
3722.6748,125.5284
3722.8272,124.5058
3722.9796,119.7775
3723.132,116.2103
3723.2844,114.5323
3723.4368,113.3262
3723.5892,112.1376
3723.7416,111.499
3723.894,113.6436
3724.0464,117.3594
3724.1988,121.0263
3724.3512,122.2704
3724.5036,122.9129
3724.656,122.4897
3724.8084,119.6025
3724.9608,115.5826
3725.1132,115.6178
3725.2656,118.7563
3725.418,120.316
3725.5704,120.6435
3725.7228,119.5007
3725.8752,116.8867
3726.0276,115.1771
3726.18,114.1577
3726.3324,114.0855
3726.4848,114.2767
3726.6372,114.5319
3726.7896,115.3481
3726.942,117.2838
3727.0944,117.7638
3727.2468,117.5368
3727.3992,118.8545
3727.5516,120.0613
3727.704,119.303
3727.8564,114.916
3728.0088,111.4486
3728.1612,112.3339
3728.3136,115.5381
3728.466,115.6423
3728.6184,113.1022
3728.7708,111.0286
3728.9232,112.0354
3729.0756,114.2635
3729.228,114.5417
3729.3804,113.3471
3729.5328,113.8984
3729.6852,114.1373
3729.8376,112.6277
3729.99,113.0319
3730.1424,116.1324
3730.2948,120.2481
3730.4472,119.6702
3730.5996,113.9436
3730.752,107.4057
3730.9044,100.3925
3731.0568,95.9229
3731.2092,93.1156
3731.3616,92.5919
3731.514,95.7011
3731.6664,99.2646
3731.8188,100.8424
3731.9712,99.9092
3732.1236,100.3668
3732.276,98.8897
3732.4284,96.0937
3732.5808,95.4048
3732.7332,98.3325
3732.8856,103.0134
3733.038,105.4927
3733.1904,106.7157
3733.3428,107.6004
3733.4952,108.8346
3733.6476,109.1124
3733.8,106.907
3733.9524,102.9695
3734.1048,100.8206
3734.2572,100.9317
3734.4096,102.3129
3734.562,104.2372
3734.7144,107.1869
3734.8668,110.7733
3735.0192,111.4961
3735.1716,111.9351
3735.324,112.5253
3735.4764,112.726
3735.6288,112.2261
3735.7812,109.7552
3735.9336,106.4889
3736.086,100.9823
3736.2384,97.9864
3736.3908,97.3256
3736.5432,101.0003
3736.6956,106.5495
3736.848,108.1457
3737.0004,106.1228
3737.1528,103.9232
3737.3052,106.5727
3737.4576,108.5826
3737.61,108.5874
3737.7624,108.235
3737.9148,109.01
3738.0672,111.938
3738.2196,115.4988
3738.372,118.1085
3738.5244,118.236
3738.6768,116.6433
3738.8292,112.2218
3738.9816,106.7416
3739.134,103.1271
3739.2864,104.1978
3739.4388,106.5665
3739.5912,105.5971
3739.7436,102.2093
3739.896,100.3456
3740.0484,100.8381
3740.2008,106.0167
3740.3532,113.7246
3740.5056,116.8012
3740.658,116.4973
3740.8104,113.2122
3740.9628,109.5792
3741.1152,105.9875
3741.2676,102.4941
3741.42,99.4788
3741.5724,100.3196
3741.7248,104.0607
3741.8772,108.294
3742.0296,109.492
3742.182,108.2884
3742.3344,106.4566
3742.4868,106.7607
3742.6392,107.1942
3742.7916,107.8268
3742.944,108.6697
3743.0964,110.3971
3743.2488,113.5151
3743.4012,116.3776
3743.5536,118.4538
3743.706,120.2238
3743.8584,121.3197
3744.0108,118.5471
3744.1632,117.6943
3744.3156,111.9391
3744.468,102.7086
3744.6204,100.7651
3744.7728,102.5279
3744.9252,105.4612
3745.0776,107.1787
3745.23,108.6129
3745.3824,111.5237
3745.5348,112.2536
3745.6872,111.6049
3745.8396,111.4109
3745.992,111.7089
3746.1444,112.5482
3746.2968,113.8531
3746.4492,115.4008
3746.6016,114.3399
3746.754,111.4581
3746.9064,107.3362
3747.0588,105.3772
3747.2112,104.7321
3747.3636,103.9873
3747.516,103.9003
3747.6684,105.3834
3747.8208,106.8042
3747.9732,105.8462
3748.1256,102.6304
3748.278,100.8008
3748.4304,102.7755
3748.5828,102.3294
3748.7352,99.4541
3748.8876,95.5092
3749.04,92.5093
3749.1924,92.1427
3749.3448,95.4512
3749.4972,99.622
3749.6496,103.0323
3749.802,104.4965
3749.9544,102.7689
3750.1068,99.8002
3750.2592,98.0192
3750.4116,98.9468
3750.564,101.3824
3750.7164,102.6913
3750.8688,102.1218
3751.0212,98.1753
3751.1736,92.1348
3751.326,86.4257
3751.4784,84.9877
3751.6308,86.5874
3751.7832,90.9813
3751.9356,96.7534
3752.088,102.5968
3752.2404,107.0459
3752.3928,109.9759
3752.5452,111.5445
3752.6976,109.7181
3752.85,111.2169
3753.0024,113.7678
3753.1548,116.3395
3753.3072,117.7779
3753.4596,119.0124
3753.612,119.468
3753.7644,118.4412
3753.9168,118.2169
3754.0692,118.584
3754.2216,119.1959
3754.374,119.4981
3754.5264,121.0398
3754.6788,122.5562
3754.8312,123.596
3754.9836,119.6567
3755.136,115.725
3755.2884,115.1401
3755.4408,117.594
3755.5932,120.0906
3755.7456,120.3797
3755.898,117.5725
3756.0504,117.2695
3756.2028,118.417
3756.3552,119.6114
3756.5076,118.9594
3756.66,120.5014
3756.8124,124.2965
3756.9648,124.1327
3757.1172,120.1506
3757.2696,113.0999
3757.422,109.5043
3757.5744,115.3658
3757.7268,118.3359
3757.8792,122.3103
3758.0316,123.1781
3758.184,123.8134
3758.3364,125.6876
3758.4888,128.1269
3758.6412,129.1966
3758.7936,128.2623
3758.946,125.3376
3759.0984,123.3701
3759.2508,121.0049
3759.4032,121.5274
3759.5556,122.0583
3759.708,121.8425
3759.8604,120.4715
3760.0128,118.5951
3760.1652,115.8403
3760.3176,113.0749
3760.47,112.7883
3760.6224,115.6604
3760.7748,122.729
3760.9272,125.9683
3761.0796,126.2381
3761.232,123.3538
3761.3844,120.7779
3761.5368,120.2208
3761.6892,120.8597
3761.8416,121.2223
3761.994,121.2929
3762.1464,120.7177
3762.2988,120.3992
3762.4512,120.3308
3762.6036,120.4135
3762.756,119.355
3762.9084,118.2456
3763.0608,118.7074
3763.2132,121.5019
3763.3656,128.8519
3763.518,133.5478
3763.6704,142.6646
3763.8228,144.5241
3763.9752,145.4001
3764.1276,146.7216
3764.28,147.861
3764.4324,148.7117
3764.5848,148.9985
3764.7372,147.4998
3764.8896,145.2805
3765.042,143.1598
3765.1944,140.4764
3765.3468,138.8205
3765.4992,139.4064
3765.6516,141.0513
3765.804,143.1169
3765.9564,144.4159
3766.1088,144.8679
3766.2612,144.165
3766.4136,144.1117
3766.566,143.7047
3766.7184,140.8477
3766.8708,129.9644
3767.0232,117.717
3767.1756,110.1522
3767.328,107.153
3767.4804,107.0492
3767.6328,105.6582
3767.7852,105.5577
3767.9376,106.85
3768.09,107.5874
3768.2424,106.9283
3768.3948,106.1628
3768.5472,106.5759
3768.6996,108.3689
3768.852,110.1634
3769.0044,110.549
3769.1568,114.8919
3769.3092,123.4083
3769.4616,131.6734
3769.614,144.7919
3769.7664,153.113
3769.9188,150.8228
3770.0712,138.3754
3770.2236,134.7927
3770.376,130.3234
3770.5284,127.9341
3770.6808,129.6926
3770.8332,130.1376
3770.9856,122.6329
3771.138,111.1862
3771.2904,101.0811
3771.4428,90.3967
3771.5952,76.0369
3771.7476,68.1421
3771.9,66.989
3772.0524,65.21
3772.2048,62.4274
3772.3572,61.7931
3772.5096,62.7158
3772.662,66.4898
3772.8144,70.9773
3772.9668,77.3011
3773.1192,86.3917
3773.2716,93.9069
3773.424,101.3954
3773.5764,109.504
3773.7288,123.3311
3773.8812,135.7618
3774.0336,143.5874
3774.186,144.6134
3774.3384,144.3803
3774.4908,142.2556
3774.6432,137.085
3774.7956,132.645
3774.948,127.0953
3775.1004,125.4226
3775.2528,126.7721
3775.4052,132.1365
3775.5576,138.0584
3775.71,141.0033
3775.8624,142.7763
3776.0148,143.0739
3776.1672,142.2366
3776.3196,139.1325
3776.472,133.4558
3776.6244,131.2864
3776.7768,128.5367
3776.9292,124.8611
3777.0816,128.097
3777.234,128.664
3777.3864,128.4444
3777.5388,129.2867
3777.6912,129.7645
3777.8436,131.4129
3777.996,133.2126
3778.1484,135.1388
3778.3008,136.1563
3778.4532,135.7301
3778.6056,137.1012
3778.758,139.7577
3778.9104,140.7699
3779.0628,138.5056
3779.2152,136.9307
3779.3676,140.6548
3779.52,143.6734
3779.6724,142.3123
3779.8248,140.3904
3779.9772,140.0493
3780.1296,139.1408
3780.282,137.1896
3780.4344,132.7757
3780.5868,130.7821
3780.7392,130.4568
3780.8916,131.424
3781.044,130.0169
3781.1964,129.7133
3781.3488,130.6394
3781.5012,130.5861
3781.6536,131.6463
3781.806,132.4329
3781.9584,131.586
3782.1108,129.4437
3782.2632,127.2226
3782.4156,125.7457
3782.568,124.6881
3782.7204,124.6742
3782.8728,126.2447
3783.0252,129.5402
3783.1776,131.7335
3783.33,133.1675
3783.4824,132.4273
3783.6348,129.6746
3783.7872,126.8262
3783.9396,125.8033
3784.092,126.6613
3784.2444,126.1704
3784.3968,125.4254
3784.5492,125.7065
3784.7016,126.283
3784.854,126.6628
3785.0064,126.0052
3785.1588,123.0649
3785.3112,118.6328
3785.4636,119.961
3785.616,122.124
3785.7684,123.5309
3785.9208,123.3988
3786.0732,121.218
3786.2256,116.1331
3786.378,114.8972
3786.5304,114.7032
3786.6828,114.3823
3786.8352,115.3897
3786.9876,117.5651
3787.14,121.3995
3787.2924,125.0354
3787.4448,129.1079
3787.5972,135.3199
3787.7496,140.4629
3787.902,141.8113
3788.0544,142.8915
3788.2068,143.0301
3788.3592,139.3075
3788.5116,135.2202
3788.664,135.0916
3788.8164,137.0277
3788.9688,137.5395
3789.1212,136.6109
3789.2736,135.1073
3789.426,134.5072
3789.5784,134.9077
3789.7308,134.5223
3789.8832,133.6218
3790.0356,129.0432
3790.188,126.0214
3790.3404,121.5003
3790.4928,119.6412
3790.6452,119.5258
3790.7976,120.5563
3790.95,121.3274
3791.1024,120.7628
3791.2548,121.1176
3791.4072,122.1702
3791.5596,121.8166
3791.712,119.404
3791.8644,119.3245
3792.0168,119.3796
3792.1692,118.5204
3792.3216,118.7492
3792.474,122.265
3792.6264,125.6077
3792.7788,128.0476
3792.9312,128.6271
3793.0836,126.939
3793.236,126.8703
3793.3884,129.5918
3793.5408,131.9653
3793.6932,132.7504
3793.8456,132.4535
3793.998,131.3517
3794.1504,129.3686
3794.3028,127.5853
3794.4552,126.7434
3794.6076,126.8148
3794.76,127.7408
3794.9124,130.0378
3795.0648,130.6759
3795.2172,132.0335
3795.3696,133.4599
3795.522,133.0783
3795.6744,130.4908
3795.8268,128.2011
3795.9792,124.1766
3796.1316,124.3103
3796.284,123.9647
3796.4364,122.8692
3796.5888,122.104
3796.7412,121.773
3796.8936,121.5307
3797.046,121.2114
3797.1984,120.3905
3797.3508,120.051
3797.5032,119.656
3797.6556,120.8827
3797.808,126.3712
3797.9604,133.3522
3798.1128,137.6493
3798.2652,136.6469
3798.4176,130.1104
3798.57,124.2553
3798.7224,122.6535
3798.8748,122.7414
3799.0272,123.7237
3799.1796,123.3582
3799.332,124.1782
3799.4844,126.299
3799.6368,127.5269
3799.7892,126.0323
3799.9416,124.7584
3800.094,126.3725
3800.2464,129.3443
3800.3988,130.4064
3800.5512,128.5546
3800.7036,125.8681
3800.856,126.0669
3801.0084,127.5993
3801.1608,128.5138
3801.3132,128.5602
3801.4656,129.3377
3801.618,129.6037
3801.7704,129.7257
3801.9228,129.4222
3802.0752,128.0804
3802.2276,124.4777
3802.38,123.8602
3802.5324,125.7769
3802.6848,128.8014
3802.8372,130.2682
3802.9896,129.8479
3803.142,127.4919
3803.2944,123.9147
3803.4468,122.4506
3803.5992,122.9017
3803.7516,124.8379
3803.904,126.9076
3804.0564,128.6393
3804.2088,132.6164
3804.3612,138.2165
3804.5136,142.5686
3804.666,144.3938
3804.8184,143.9627
3804.9708,142.1955
3805.1232,143.6033
3805.2756,146.0434
3805.428,147.6406
3805.5804,147.4361
3805.7328,143.4934
3805.8852,135.7587
3806.0376,130.9563
3806.19,127.9824
3806.3424,128.7741
3806.4948,126.2108
3806.6472,123.7922
3806.7996,125.0934
3806.952,126.9829
3807.1044,129.212
3807.2568,131.7409
3807.4092,135.2409
3807.5616,139.5495
3807.714,141.4047
3807.8664,141.5891
3808.0188,140.6318
3808.1712,140.4552
3808.3236,142.1246
3808.476,144.566
3808.6284,147.9896
3808.7808,150.8235
3808.9332,151.3901
3809.0856,141.4556
3809.238,125.5602
3809.3904,106.4809
3809.5428,80.2221
3809.6952,66.6343
3809.8476,59.4174
3810,52.1598
3810.1524,52.5111
3810.3048,53.4174
3810.4572,52.9264
3810.6096,52.1788
3810.762,52.646
3810.9144,60.7759
3811.0668,68.7374
3811.2192,75.2292
3811.3716,74.8871
3811.524,69.8585
3811.6764,59.5355
3811.8288,57.229
3811.9812,59.5639
3812.1336,60.5388
3812.286,63.2262
3812.4384,64.1315
3812.5908,64.159
3812.7432,61.1551
3812.8956,57.4094
3813.048,53.1344
3813.2004,51.1773
3813.3528,51.5804
3813.5052,53.4256
3813.6576,56.5852
3813.81,60.3627
3813.9624,67.8782
3814.1148,70.6605
3814.2672,68.6628
3814.4196,62.4821
3814.572,54.6449
3814.7244,52.3665
3814.8768,52.7311
3815.0292,54.7846
3815.1816,58.8574
3815.334,63.1755
3815.4864,69.1335
3815.6388,76.0821
3815.7912,86.2599
3815.9436,89.0385
3816.096,87.7743
3816.2484,80.5425
3816.4008,75.6492
3816.5532,71.9982
3816.7056,67.1045
3816.858,61.0195
3817.0104,58.0554
3817.1628,58.6646
3817.3152,59.299
3817.4676,59.2432
3817.62,58.4484
3817.7724,57.5352
3817.9248,57.7173
3818.0772,59.1474
3818.2296,59.0299
3818.382,57.3662
3818.5344,54.9414
3818.6868,51.9203
3818.8392,51.7176
3818.9916,55.4357
3819.144,57.4457
3819.2964,58.401
3819.4488,58.9292
3819.6012,59.0927
3819.7536,59.5959
3819.906,58.8468
3820.0584,57.1721
3820.2108,54.6118
3820.3632,52.4604
3820.5156,51.7757
3820.668,51.754
3820.8204,52.746
3820.9728,58.4643
3821.1252,62.4124
3821.2776,69.2814
3821.43,72.2101
3821.5824,69.4973
3821.7348,60.8165
3821.8872,54.3033
3822.0396,52.0679
3822.192,53.2295
3822.3444,54.5155
3822.4968,54.5517
3822.6492,54.062
3822.8016,54.4974
3822.954,56.1309
3823.1064,57.0403
3823.2588,56.616
3823.4112,56.0627
3823.5636,56.0056
3823.716,54.5444
3823.8684,52.756
3824.0208,50.6629
3824.1732,49.6756
3824.3256,50.0392
3824.478,50.2751
3824.6304,50.3213
3824.7828,49.5187
3824.9352,49.3617
3825.0876,50.7775
3825.24,53.3492
3825.3924,55.2
3825.5448,55.5596
3825.6972,54.9137
3825.8496,52.9671
3826.002,51.3216
3826.1544,51.4279
3826.3068,53.6214
3826.4592,57.6164
3826.6116,62.1454
3826.764,65.5738
3826.9164,67.5191
3827.0688,68.2509
3827.2212,68.6488
3827.3736,68.9065
3827.526,63.8538
3827.6784,58.9164
3827.8308,55.4322
3827.9832,56.6655
3828.1356,56.3313
3828.288,55.4104
3828.4404,53.7231
3828.5928,53.6889
3828.7452,54.1389
3828.8976,53.8243
3829.05,53.4644
3829.2024,53.6142
3829.3548,54.2227
3829.5072,55.3056
3829.6596,56.514
3829.812,59.8123
3829.9644,63.5412
3830.1168,68.5066
3830.2692,69.3382
3830.4216,69.5372
3830.574,71.4417
3830.7264,73.4131
3830.8788,74.4328
3831.0312,72.8161
3831.1836,66.1318
3831.336,57.7865
3831.4884,49.9539
3831.6408,47.4632
3831.7932,47.5072
3831.9456,47.8872
3832.098,47.2508
3832.2504,45.848
3832.4028,45.3311
3832.5552,45.8941
3832.7076,47.1546
3832.86,49.0643
3833.0124,49.9038
3833.1648,49.7871
3833.3172,50.0675
3833.4696,50.9367
3833.622,52.846
3833.7744,55.5219
3833.9268,56.5658
3834.0792,55.671
3834.2316,55.7872
3834.384,56.9975
3834.5364,58.9354
3834.6888,60.4913
3834.8412,61.47
3834.9936,62.3412
3835.146,61.6722
3835.2984,58.3497
3835.4508,54.3059
3835.6032,52.4791
3835.7556,51.3301
3835.908,50.6554
3836.0604,50.6574
3836.2128,49.2113
3836.3652,47.9666
3836.5176,47.7799
3836.67,48.8558
3836.8224,49.0459
3836.9748,49.6922
3837.1272,49.9958
3837.2796,49.7231
3837.432,47.2545
3837.5844,44.0325
3837.7368,44.8272
3837.8892,50.9114
3838.0416,52.9729
3838.194,52.3159
3838.3464,50.1455
3838.4988,48.7116
3838.6512,48.2841
3838.8036,47.6887
3838.956,46.9584
3839.1084,45.9175
3839.2608,44.814
3839.4132,43.7723
3839.5656,63.7197
3839.718,201.3049
3839.8704,200.2187
3840.0228,190.3716
3840.1752,150.6657
3840.3276,46.2082
3840.48,45.7978
3840.6324,47.2323
3840.7848,50.4295
3840.9372,53.6465
3841.0896,55.6083
3841.242,55.4509
3841.3944,53.7056
3841.5468,51.5559
3841.6992,51.9724
3841.8516,54.0362
3842.004,55.3736
3842.1564,54.4963
3842.3088,52.0813
3842.4612,49.3062
3842.6136,47.8585
3842.766,47.385
3842.9184,47.4837
3843.0708,47.7394
3843.2232,48.8392
3843.3756,50.8032
3843.528,53.0354
3843.6804,54.9676
3843.8328,55.9406
3843.9852,55.8645
3844.1376,54.2851
3844.29,52.4775
3844.4424,52.1947
3844.5948,54.2382
3844.7472,55.6765
3844.8996,55.5699
3845.052,56.0703
3845.2044,58.0222
3845.3568,58.9601
3845.5092,58.5008
3845.6616,56.6705
3845.814,54.9984
3845.9664,53.6648
3846.1188,54.5678
3846.2712,57.8898
3846.4236,59.5876
3846.576,58.9087
3846.7284,57.2292
3846.8808,57.5944
3847.0332,62.2647
3847.1856,64.8172
3847.338,65.3106
3847.4904,61.2894
3847.6428,59.1392
3847.7952,55.9127
3847.9476,53.0355
3848.1,48.1169
3848.2524,47.1274
3848.4048,48.631
3848.5572,48.082
3848.7096,47.9249
3848.862,49.1272
3849.0144,51.6249
3849.1668,51.2374
3849.3192,49.979
3849.4716,49.8289
3849.624,50.6865
3849.7764,51.3529
3849.9288,50.289
3850.0812,49.0794
3850.2336,48.8189
3850.386,49.6807
3850.5384,55.3674
3850.6908,62.4015
3850.8432,62.5033
3850.9956,55.6114
3851.148,50.056
3851.3004,48.0737
3851.4528,48.674
3851.6052,50.0729
3851.7576,51.1671
3851.91,51.474
3852.0624,51.3232
3852.2148,50.4801
3852.3672,49.4889
3852.5196,49.8214
3852.672,50.5942
3852.8244,50.9636
3852.9768,50.5036
3853.1292,49.7128
3853.2816,49.0958
3853.434,49.2491
3853.5864,49.8879
3853.7388,52.3588
3853.8912,53.3438
3854.0436,53.466
3854.196,52.5459
3854.3484,51.9329
3854.5008,51.4022
3854.6532,51.1138
3854.8056,51.1019
3854.958,50.1801
3855.1104,49.4237
3855.2628,49.8006
3855.4152,50.4363
3855.5676,49.3022
3855.72,49.2147
3855.8724,49.7412
3856.0248,50.0606
3856.1772,50.192
3856.3296,49.7573
3856.482,48.5822
3856.6344,47.4405
3856.7868,46.4451
3856.9392,45.3208
3857.0916,45.484
3857.244,46.7458
3857.3964,50.7489
3857.5488,52.6136
3857.7012,52.4542
3857.8536,50.3368
3858.006,45.8838
3858.1584,42.5043
3858.3108,41.4561
3858.4632,42.7622
3858.6156,45.433
3858.768,47.9973
3858.9204,48.2278
3859.0728,46.7278
3859.2252,45.4279
3859.3776,45.888
3859.53,45.4404
3859.6824,46.137
3859.8348,50.2019
3859.9872,67.4422
3860.1396,82.9861
3860.292,102.3391
3860.4444,111.1296
3860.5968,107.5987
3860.7492,94.3209
3860.9016,80.5511
3861.054,76.5407
3861.2064,83.9589
3861.3588,90.4471
3861.5112,108.7152
3861.6636,118.8744
3861.816,121.6523
3861.9684,125.1464
3862.1208,129.4272
3862.2732,140.6942
3862.4256,154.3612
3862.578,166.5582
3862.7304,164.5067
3862.8828,152.9215
3863.0352,142.1756
3863.1876,137.1449
3863.34,138.8031
3863.4924,140.7255
3863.6448,140.882
3863.7972,137.348
3863.9496,137.169
3864.102,138.7771
3864.2544,139.1152
3864.4068,136.5193
3864.5592,125.9837
3864.7116,117.4802
3864.864,110.6169
3865.0164,110.4921
3865.1688,113.966
3865.3212,118.5294
3865.4736,122.4194
3865.626,129.3218
3865.7784,132.5992
3865.9308,134.7242
3866.0832,135.791
3866.2356,138.5141
3866.388,140.0256
3866.5404,139.4837
3866.6928,137.9534
3866.8452,136.2405
3866.9976,134.8848
3867.15,134.0498
3867.3024,135.6019
3867.4548,140.8525
3867.6072,143.7802
3867.7596,143.5936
3867.912,141.5564
3868.0644,133.9259
3868.2168,131.8182
3868.3692,131.0487
3868.5216,133.7858
3868.674,136.3994
3868.8264,136.7531
3868.9788,133.1638
3869.1312,121.6134
3869.2836,107.4628
3869.436,98.3549
3869.5884,98.2141
3869.7408,108.8664
3869.8932,118.9756
3870.0456,127.7276
3870.198,129.6315
3870.3504,136.7099
3870.5028,143.0486
3870.6552,146.2934
3870.8076,144.0707
3870.96,136.0833
3871.1124,129.6235
3871.2648,127.4053
3871.4172,126.5687
3871.5696,132.752
3871.722,135.4576
3871.8744,134.1198
3872.0268,129.911
3872.1792,126.2731
3872.3316,119.1481
3872.484,102.6917
3872.6364,93.8464
3872.7888,86.1972
3872.9412,85.6899
3873.0936,85.464
3873.246,84.0529
3873.3984,84.0833
3873.5508,85.7338
3873.7032,93.028
3873.8556,99.0848
3874.008,109.0124
3874.1604,117.3326
3874.3128,128.5164
3874.4652,135.1576
3874.6176,140.7851
3874.77,144.6111
3874.9224,154.4567
3875.0748,160.7505
3875.2272,163.9995
3875.3796,162.4134
3875.532,158.6371
3875.6844,146.1462
3875.8368,131.3502
3875.9892,116.2652
3876.1416,109.3921
3876.294,109.2052
3876.4464,113.1956
3876.5988,118.5388
3876.7512,122.7474
3876.9036,126.0846
3877.056,128.3751
3877.2084,128.9565
3877.3608,127.1926
3877.5132,123.5837
3877.6656,120.9969
3877.818,123.8072
3877.9704,130.1467
3878.1228,132.3532
3878.2752,126.5445
3878.4276,118.8276
3878.58,111.4182
3878.7324,122.5986
3878.8848,129.2076
3879.0372,140.4279
3879.1896,151.8822
3879.342,161.9431
3879.4944,167.5926
3879.6468,167.0629
3879.7992,156.0714
3879.9516,140.9835
3880.104,135.0302
3880.2564,132.3035
3880.4088,135.0388
3880.5612,139.0026
3880.7136,140.3633
3880.866,139.9256
3881.0184,143.5228
3881.1708,150.2855
3881.3232,156.5615
3881.4756,156.8527
3881.628,154.0822
3881.7804,149.3316
3881.9328,146.157
3882.0852,147.0917
3882.2376,154.1216
3882.39,161.069
3882.5424,163.5745
3882.6948,162.0947
3882.8472,153.7265
3882.9996,140.8334
3883.152,131.9528
3883.3044,129.8147
3883.4568,138.0042
3883.6092,144.8837
3883.7616,141.9314
3883.914,133.2612
3884.0664,119.7627
3884.2188,112.6645
3884.3712,112.1239
3884.5236,119.1841
3884.676,124.9959
3884.8284,133.0718
3884.9808,144.2264
3885.1332,154.1608
3885.2856,154.8862
3885.438,152.716
3885.5904,152.0551
3885.7428,154.4931
3885.8952,159.4384
3886.0476,166.3468
3886.2,167.224
3886.3524,164.4063
3886.5048,156.439
3886.6572,140.2924
3886.8096,133.0987
3886.962,131.3486
3887.1144,135.0621
3887.2668,137.3884
3887.4192,138.4814
3887.5716,139.4373
3887.724,139.9571
3887.8764,139.9638
3888.0288,137.2192
3888.1812,133.9129
3888.3336,135.4329
3888.486,140.3555
3888.6384,144.9466
3888.7908,145.1047
3888.9432,141.5556
3889.0956,139.9931
3889.248,139.4233
3889.4004,139.0031
3889.5528,136.1225
3889.7052,131.7297
3889.8576,128.0588
3890.01,127.6906
3890.1624,132.8602
3890.3148,136.4217
3890.4672,136.3052
3890.6196,133.4695
3890.772,131.4168
3890.9244,131.5139
3891.0768,131.3447
3891.2292,132.1022
3891.3816,134.4747
3891.534,135.69
3891.6864,135.3595
3891.8388,129.397
3891.9912,124.2312
3892.1436,124.6961
3892.296,133.0779
3892.4484,147.5339
3892.6008,155.0488
3892.7532,153.4234
3892.9056,145.554
3893.058,136.415
3893.2104,130.9106
3893.3628,139.9614
3893.5152,145.6702
3893.6676,145.7142
3893.82,137.5288
3893.9724,120.5859
3894.1248,113.5516
3894.2772,109.9682
3894.4296,109.7605
3894.582,112.7165
3894.7344,118.7463
3894.8868,125.4239
3895.0392,126.1265
3895.1916,126.6125
3895.344,130.1224
3895.4964,134.1019
3895.6488,139.2584
3895.8012,145.0826
3895.9536,152.2764
3896.106,159.213
3896.2584,161.6117
3896.4108,155.9499
3896.5632,149.0289
3896.7156,144.6327
3896.868,137.8433
3897.0204,133.6467
3897.1728,131.0003
3897.3252,135.4588
3897.4776,139.3431
3897.63,146.7259
3897.7824,149.2234
3897.9348,146.7075
3898.0872,144.589
3898.2396,140.7758
3898.392,139.0528
3898.5444,137.2419
3898.6968,134.5106
3898.8492,130.7725
3899.0016,128.8059
3899.154,128.5661
3899.3064,127.3282
3899.4588,125.8548
3899.6112,127.6136
3899.7636,133.7563
3899.916,138.2947
3900.0684,144.3941
3900.2208,148.546
3900.3732,148.7582
3900.5256,147.9389
3900.678,147.356
3900.8304,146.9676
3900.9828,146.7426
3901.1352,148.1604
3901.2876,151.3134
3901.44,153.2758
3901.5924,153.379
3901.7448,151.771
3901.8972,148.4448
3902.0496,146.5667
3902.202,145.9431
3902.3544,146.8607
3902.5068,148.8867
3902.6592,148.1048
3902.8116,143.5233
3902.964,141.9819
3903.1164,146.1416
3903.2688,155.5161
3903.4212,158.8647
3903.5736,160.1089
3903.726,159.1967
3903.8784,155.1227
3904.0308,153.7699
3904.1832,157.7604
3904.3356,158.9134
3904.488,158.6712
3904.6404,154.8126
3904.7928,149.0989
3904.9452,148.2679
3905.0976,148.3196
3905.25,148.0583
3905.4024,146.4816
3905.5548,146.0114
3905.7072,147.1617
3905.8596,148.3927
3906.012,147.6277
3906.1644,145.6729
3906.3168,141.5178
3906.4692,138.8037
3906.6216,141.3804
3906.774,147.3765
3906.9264,149.4653
3907.0788,149.9464
3907.2312,149.8858
3907.3836,149.7988
3907.536,144.6537
3907.6884,138.5748
3907.8408,131.2828
3907.9932,127.5786
3908.1456,127.3968
3908.298,128.0029
3908.4504,126.5136
3908.6028,125.9669
3908.7552,125.0044
3908.9076,122.6879
3909.06,119.3225
3909.2124,119.3022
3909.3648,124.3747
3909.5172,129.6386
3909.6696,136.1462
3909.822,137.9883
3909.9744,135.7726
3910.1268,129.5339
3910.2792,125.0826
3910.4316,124.2209
3910.584,124.9474
3910.7364,126.5512
3910.8888,133.7469
3911.0412,148.4284
3911.1936,159.6844
3911.346,185.5677
3911.4984,195.6776
3911.6508,183.9455
3911.8032,163.4335
3911.9556,150.058
3912.108,148.1193
3912.2604,151.4228
3912.4128,155.7505
3912.5652,157.3781
3912.7176,156.9893
3912.87,155.2556
3913.0224,154.297
3913.1748,153.6307
3913.3272,151.2996
3913.4796,150.8538
3913.632,149.8959
3913.7844,147.1295
3913.9368,143.2219
3914.0892,139.4768
3914.2416,141.6448
3914.394,148.2681
3914.5464,152.4114
3914.6988,152.3731
3914.8512,149.5234
3915.0036,149.3736
3915.156,150.0106
3915.3084,150.2009
3915.4608,149.0647
3915.6132,152.4197
3915.7656,161.7178
3915.918,165.9948
3916.0704,165.4934
3916.2228,165.3642
3916.3752,166.8237
3916.5276,166.5261
3916.68,160.2309
3916.8324,142.1174
3916.9848,132.8424
3917.1372,125.5717
3917.2896,122.9096
3917.442,132.5283
3917.5944,142.5065
3917.7468,148.8596
3917.8992,156.4595
3918.0516,159.7908
3918.204,160.3848
3918.3564,157.8105
3918.5088,157.056
3918.6612,158.5661
3918.8136,166.3571
3918.966,176.6674
3919.1184,178.1854
3919.2708,173.0707
3919.4232,157.5086
3919.5756,149.7705
3919.728,142.0066
3919.8804,137.5178
3920.0328,132.7856
3920.1852,129.0743
3920.3376,128.3781
3920.49,137.2957
3920.6424,143.8834
3920.7948,148.1345
3920.9472,150.9289
3921.0996,156.5899
3921.252,158.4681
3921.4044,150.2121
3921.5568,125.9179
3921.7092,108.3892
3921.8616,77.2603
3922.014,68.9775
3922.1664,69.4821
3922.3188,71.067
3922.4712,70.8135
3922.6236,68.5922
3922.776,68.8766
3922.9284,69.8313
3923.0808,72.0317
3923.2332,72.0605
3923.3856,70.9904
3923.538,70.0982
3923.6904,70.2186
3923.8428,68.1629
3923.9952,65.6105
3924.1476,64.2706
3924.3,63.3692
3924.4524,65.0231
3924.6048,68.9434
3924.7572,73.3236
3924.9096,76.3359
3925.062,77.201
3925.2144,76.8331
3925.3668,45.286
3925.5192,46.5208
3925.6716,49.5734
3925.824,51.9867
3925.9764,53.7335
3926.1288,54.5051
3926.2812,54.3207
3926.4336,51.9505
3926.586,49.9937
3926.7384,50.4182
3926.8908,54.998
3927.0432,62.8364
3927.1956,72.7433
3927.348,81.2601
3927.5004,81.8157
3927.6528,76.1384
3927.8052,73.2465
3927.9576,74.951
3928.11,80.8083
3928.2624,87.2965
3928.4148,90.8867
3928.5672,89.8007
3928.7196,82.7973
3928.872,80.7304
3929.0244,83.5634
3929.1768,90.9147
3929.3292,97.5691
3929.4816,102.9599
3929.634,107.0132
3929.7864,110.0166
3929.9388,110.3527
3930.0912,106.8952
3930.2436,98.171
3930.396,91.1008
3930.5484,89.0397
3930.7008,88.7216
3930.8532,92.7222
3931.0056,105.0607
3931.158,113.2648
3931.3104,110.3659
3931.4628,88.0938
3931.6152,58.2077
3931.7676,49.102
3931.92,44.3383
3932.0724,41.4752
3932.2248,39.7035
3932.3772,39.0251
3932.5296,39.4068
3932.682,40.3074
3932.8344,41.304
3932.9868,41.6902
3933.1392,40.5794
3933.2916,39.4564
3933.444,40.399
3933.5964,41.2782
3933.7488,41.0511
3933.9012,39.9597
3934.0536,38.497
3934.206,42.1003
3934.3584,57.9566
3934.5108,101.1638
3934.6632,145.5655
3934.8156,174.5686
3934.968,170.2537
3935.1204,133.2657
3935.2728,107.595
3935.4252,85.0742
3935.5776,78.5552
3935.73,72.1273
3935.8824,73.5211
3936.0348,80.3603
3936.1872,80.1309
3936.3396,71.7598
3936.492,57.9107
3936.6444,45.7784
3936.7968,42.9939
3936.9492,42.2651
3937.1016,42.786
3937.254,44.7482
3937.4064,46.1247
3937.5588,45.3724
3937.7112,42.506
3937.8636,40.5282
3938.016,39.105
3938.1684,39.421
3938.3208,40.2427
3938.4732,42.4205
3938.6256,46.9001
3938.778,52.4356
3938.9304,57.9459
3939.0828,65.7498
3939.2352,78.0415
3939.3876,93.0059
3939.54,118.0941
3939.6924,132.7056
3939.8448,129.1108
3939.9972,110.0849
3940.1496,90.6952
3940.302,76.7668
3940.4544,70.1935
3940.6068,71.4977
3940.7592,73.8568
3940.9116,75.4944
3941.064,80.505
3941.2164,91.1716
3941.3688,114.0908
3941.5212,133.1935
3941.6736,141.453
3941.826,134.7932
3941.9784,108.8366
3942.1308,81.6178
3942.2832,68.7355
3942.4356,54.3296
3942.588,47.7006
3942.7404,45.1129
3942.8928,45.535
3943.0452,46.8058
3943.1976,46.6695
3943.35,44.9927
3943.5024,43.5158
3943.6548,43.2457
3943.8072,43.7516
3943.9596,44.3487
3944.112,44.2122
3944.2644,43.7964
3944.4168,44.8104
3944.5692,45.5729
3944.7216,44.6466
3944.874,42.2713
3945.0264,40.7141
3945.1788,42.5081
3945.3312,46.0589
3945.4836,46.9183
3945.636,45.7705
3945.7884,43.8515
3945.9408,43.2268
3946.0932,43.1239
3946.2456,43.0519
3946.398,42.8955
3946.5504,41.6608
3946.7028,40.2832
3946.8552,40.2323
3947.0076,42.1006
3947.16,43.2799
3947.3124,43.3007
3947.4648,42.5312
3947.6172,40.9623
3947.7696,38.7485
3947.922,35.8862
3948.0744,34.279
3948.2268,35.0766
3948.3792,36.5087
3948.5316,38.3287
3948.684,43.9707
3948.8364,54.2263
3948.9888,64.3698
3949.1412,79.7331
3949.2936,90.9417
3949.446,103.1027
3949.5984,111.2375
3949.7508,113.2541
3949.9032,108.9516
3950.0556,90.4985
3950.208,75.9353
3950.3604,57.4025
3950.5128,46.5843
3950.6652,42.2308
3950.8176,40.3275
3950.97,40.5996
3951.1224,42.2748
3951.2748,42.9037
3951.4272,42.442
3951.5796,41.6605
3951.732,40.8496
3951.8844,40.2754
3952.0368,40.171
3952.1892,40.0678
3952.3416,39.9025
3952.494,40.2259
3952.6464,40.9914
3952.7988,42.0001
3952.9512,43.1786
3953.1036,44.7729
3953.256,45.477
3953.4084,45.2636
3953.5608,44.6734
3953.7132,43.792
3953.8656,43.876
3954.018,43.7736
3954.1704,43.6707
3954.3228,43.3621
3954.4752,43.4341
3954.6276,44.4781
3954.78,45.5163
3954.9324,46.5614
3955.0848,47.246
3955.2372,47.766
3955.3896,47.413
3955.542,47.2474
3955.6944,48.2965
3955.8468,48.1327
3955.9992,46.7987
3956.1516,44.9308
3956.304,43.297
3956.4564,42.1815
3956.6088,41.9658
3956.7612,44.2374
3956.9136,49.3045
3957.066,53.6843
3957.2184,55.2791
3957.3708,55.3941
3957.5232,54.5536
3957.6756,53.223
3957.828,51.5708
3957.9804,49.3078
3958.1328,45.595
3958.2852,43.9775
3958.4376,43.9774
3958.59,45.9068
3958.7424,48.4713
3958.8948,49.7657
3959.0472,48.7861
3959.1996,46.664
3959.352,45.1268
3959.5044,46.0201
3959.6568,47.5634
3959.8092,47.8429
3959.9616,45.6943
3960.114,39.6859
3960.2664,35.2249
3960.4188,33.4829
3960.5712,33.7364
3960.7236,36.5429
3960.876,38.9715
3961.0284,38.9928
3961.1808,37.3784
3961.3332,35.4429
3961.4856,35.2808
3961.638,37.2015
3961.7904,40.4832
3961.9428,41.9531
3962.0952,41.9259
3962.2476,41.1585
3962.4,40.6472
3962.5524,40.1083
3962.7048,39.6632
3962.8572,39.2889
3963.0096,38.7006
3963.162,38.0167
3963.3144,37.3453
3963.4668,36.7638
3963.6192,36.7546
3963.7716,37.2538
3963.924,37.8857
3964.0764,38.2599
3964.2288,37.6238
3964.3812,36.8595
3964.5336,36.9268
3964.686,38.6361
3964.8384,40.2361
3964.9908,40.3313
3965.1432,39.9009
3965.2956,39.9326
3965.448,41.7167
3965.6004,44.9465
3965.7528,46.9423
3965.9052,46.902
3966.0576,46.2138
3966.21,44.9032
3966.3624,43.5221
3966.5148,42.514
3966.6672,42.3459
3966.8196,46.7798
3966.972,49.7035
3967.1244,50.0351
3967.2768,48.7592
3967.4292,46.3877
3967.5816,43.6487
3967.734,41.5254
3967.8864,40.6263
3968.0388,41.9613
3968.1912,42.8341
3968.3436,42.7274
3968.496,42.0087
3968.6484,41.215
3968.8008,40.5419
3968.9532,40.1869
3969.1056,40.0217
3969.258,40.1707
3969.4104,40.6142
3969.5628,41.5588
3969.7152,42.6761
3969.8676,43.6034
3970.02,43.3952
3970.1724,42.9562
3970.3248,42.3879
3970.4772,43.6467
3970.6296,44.7819
3970.782,44.756
3970.9344,43.9563
3971.0868,42.394
3971.2392,39.7798
3971.3916,37.2764
3971.544,35.0181
3971.6964,34.2054
3971.8488,35.4825
3972.0012,37.5889
3972.1536,37.8315
3972.306,36.118
3972.4584,33.5525
3972.6108,32.3365
3972.7632,33.6812
3972.9156,36.5733
3973.068,38.0977
3973.2204,38.0834
3973.3728,37.3302
3973.5252,36.3246
3973.6776,36.0325
3973.83,37.0167
3973.9824,38.2765
3974.1348,39.7246
3974.2872,40.1794
3974.4396,40.3271
3974.592,39.988
3974.7444,39.2766
3974.8968,37.7998
3975.0492,36.7484
3975.2016,36.6385
3975.354,38.0144
3975.5064,39.0874
3975.6588,39.2321
3975.8112,40.2907
3975.9636,45.3452
3976.116,63.9117
3976.2684,85.1708
3976.4208,116.9707
3976.5732,148.2869
3976.7256,162.4926
3976.878,166.3543
3977.0304,166.7488
3977.1828,167.0356
3977.3352,171.5887
3977.4876,173.8803
3977.64,169.2164
3977.7924,162.3033
3977.9448,152.4713
3978.0972,144.1252
3978.2496,139.846
3978.402,136.8358
3978.5544,134.0056
3978.7068,131.9348
3978.8592,132.3619
3979.0116,134.5717
3979.164,136.4334
3979.3164,137.5954
3979.4688,137.4175
3979.6212,135.3371
3979.7736,133.7697
3979.926,133.2749
3980.0784,133.2668
3980.2308,133.1349
3980.3832,132.0926
3980.5356,133.3857
3980.688,139.004
3980.8404,141.9016
3980.9928,141.017
3981.1452,138.2697
3981.2976,137.7097
3981.45,137.4121
3981.6024,136.2148
3981.7548,134.2451
3981.9072,133.348
3982.0596,132.958
3982.212,132.2368
3982.3644,131.6138
3982.5168,131.3629
3982.6692,132.2774
3982.8216,134.0667
3982.974,136.7897
3983.1264,138.8231
3983.2788,139.5452
3983.4312,140.5387
3983.5836,144.306
3983.736,148.4779
3983.8884,152.8386
3984.0408,155.7049
3984.1932,154.5755
3984.3456,151.4533
3984.498,150.1182
3984.6504,150.5803
3984.8028,149.8345
3984.9552,146.4577
3985.1076,143.6061
3985.26,142.2344
3985.4124,142.7049
3985.5648,142.1105
3985.7172,141.5025
3985.8696,142.6139
3986.022,144.248
3986.1744,144.8025
3986.3268,143.7614
3986.4792,142.8369
3986.6316,143.362
3986.784,143.738
3986.9364,145.5806
3987.0888,148.81
3987.2412,152.0644
3987.3936,152.6993
3987.546,152.0333
3987.6984,149.3151
3987.8508,144.5926
3988.0032,142.2655
3988.1556,142.7747
3988.308,145.4918
3988.4604,148.2685
3988.6128,150.696
3988.7652,151.8116
3988.9176,151.8646
3989.07,148.2853
3989.2224,139.6522
3989.3748,124.6412
3989.5272,109.5108
3989.6796,107.8305
3989.832,109.8991
3989.9844,113.114
3990.1368,115.1792
3990.2892,116.9863
3990.4416,117.1205
3990.594,114.1878
3990.7464,108.9925
3990.8988,105.4504
3991.0512,104.5274
3991.2036,103.8053
3991.356,101.5308
3991.5084,98.7846
3991.6608,99.4588
3991.8132,103.7932
3991.9656,105.9011
3992.118,104.5235
3992.2704,102.3247
3992.4228,104.2341
3992.5752,111.7766
3992.7276,130.1141
3992.88,137.3481
3993.0324,140.739
3993.1848,135.6041
3993.3372,123.1449
3993.4896,107.9122
3993.642,105.3288
3993.7944,112.1082
3993.9468,122.4239
3994.0992,133.7005
3994.2516,143.6908
3994.404,149.4355
3994.5564,152.1382
3994.7088,153.739
3994.8612,157.2124
3995.0136,160.7603
3995.166,162.5017
3995.3184,164.3246
3995.4708,164.7811
3995.6232,163.3691
3995.7756,159.2079
3995.928,153.3898
3996.0804,149.0258
3996.2328,145.484
3996.3852,143.8107
3996.5376,145.1731
3996.69,146.9823
3996.8424,146.4174
3996.9948,143.8908
3997.1472,134.0686
3997.2996,117.9633
3997.452,102.965
3997.6044,99.5959
3997.7568,101.4233
3997.9092,108.2112
3998.0616,120.6675
3998.214,128.9303
3998.3664,130.7781
3998.5188,130.4099
3998.6712,128.9056
3998.8236,126.9073
3998.976,124.2221
3999.1284,119.4744
3999.2808,114.451
3999.4332,112.3423
3999.5856,114.0546
3999.738,121.5463
3999.8904,126.889
4000.0428,126.7943
4000.1952,124.6034
4000.3476,120.2052
4000.5,116.2505
4000.6524,116.8802
4000.8048,116.9274
4000.9572,115.9517
4001.1096,114.2436
4001.262,111.2049
4001.4144,107.2412
4001.5668,103.6569
4001.7192,102.2261
4001.8716,104.796
4002.024,111.758
4002.1764,120.5919
4002.3288,124.2767
4002.4812,125.8814
4002.6336,125.2549
4002.786,124.1503
4002.9384,122.9968
4003.0908,122.7226
4003.2432,124.5776
4003.3956,127.8864
4003.548,131.2688
4003.7004,131.607
4003.8528,130.9026
4004.0052,130.4762
4004.1576,131.685
4004.31,134.6464
4004.4624,137.4844
4004.6148,138.3972
4004.7672,137.5503
4004.9196,134.9445
4005.072,133.6368
4005.2244,134.352
4005.3768,136.0929
4005.5292,137.4127
4005.6816,136.9278
4005.834,134.3947
4005.9864,131.9713
4006.1388,130.7414
4006.2912,131.2348
4006.4436,132.8293
4006.596,134.7296
4006.7484,135.18
4006.9008,132.4069
4007.0532,118.226
4007.2056,92.7322
4007.358,72.0702
4007.5104,67.2868
4007.6628,72.5856
4007.8152,84.586
4007.9676,102.7773
4008.12,116.9985
4008.2724,122.875
4008.4248,124.6565
4008.5772,128.216
4008.7296,128.9385
4008.882,127.1451
4009.0344,123.5554
4009.1868,123.2314
4009.3392,124.4866
4009.4916,124.1028
4009.644,121.7158
4009.7964,115.0447
4009.9488,113.4312
4010.1012,114.7352
4010.2536,114.4062
4010.406,111.1531
4010.5584,109.6079
4010.7108,108.3356
4010.8632,115.1142
4011.0156,124.2207
4011.168,126.5701
4011.3204,126.5969
4011.4728,126.1462
4011.6252,125.9102
4011.7776,126.1569
4011.93,126.661
4012.0824,128.1698
4012.2348,129.5468
4012.3872,130.1287
4012.5396,131.8714
4012.692,134.9301
4012.8444,138.6386
4012.9968,138.5795
4013.1492,136.097
4013.3016,130.3313
4013.454,124.6583
4013.6064,120.9764
4013.7588,119.389
4013.9112,122.4661
4014.0636,124.2652
4014.216,130.2361
4014.3684,138.0927
4014.5208,143.1542
4014.6732,145.3876
4014.8256,144.0632
4014.978,138.5206
4015.1304,127.6097
4015.2828,122.2872
4015.4352,121.2257
4015.5876,122.2572
4015.74,124.5263
4015.8924,126.3321
4016.0448,127.4365
4016.1972,127.819
4016.3496,130.454
4016.502,132.6598
4016.6544,132.7372
4016.8068,131.6171
4016.9592,129.5051
4017.1116,127.1012
4017.264,124.3288
4017.4164,122.6004
4017.5688,121.5642
4017.7212,116.8597
4017.8736,114.9555
4018.026,115.8227
4018.1784,118.197
4018.3308,118.9834
4018.4832,119.2148
4018.6356,120.2461
4018.788,121.6091
4018.9404,121.025
4019.0928,116.3629
4019.2452,106.0843
4019.3976,100.2961
4019.55,96.7059
4019.7024,93.9372
4019.8548,93.0244
4020.0072,95.6275
4020.1596,101.6353
4020.312,109.952
4020.4644,118.1807
4020.6168,122.4576
4020.7692,122.653
4020.9216,121.9093
4021.074,122.3657
4021.2264,123.9462
4021.3788,124.437
4021.5312,123.0808
4021.6836,119.725
4021.836,112.0791
4021.9884,108.132
4022.1408,107.0612
4022.2932,107.9892
4022.4456,110.42
4022.598,113.6142
4022.7504,115.6348
4022.9028,115.6396
4023.0552,115.986
4023.2076,118.6288
4023.36,122.3431
4023.5124,125.1247
4023.6648,124.112
4023.8172,119.7326
4023.9696,112.3948
4024.122,99.9517
4024.2744,84.2689
4024.4268,71.8007
4024.5792,56.2277
4024.7316,45.879
4024.884,41.5432
4025.0364,39.4322
4025.1888,38.7489
4025.3412,38.9583
4025.4936,39.3917
4025.646,41.5617
4025.7984,45.6748
4025.9508,46.6344
4026.1032,42.5175
4026.2556,39.2073
4026.408,39.1059
4026.5604,41.7845
4026.7128,44.9119
4026.8652,44.3912
4027.0176,41.8193
4027.17,39.5661
4027.3224,40.1207
4027.4748,41.9954
4027.6272,43.7182
4027.7796,45.4481
4027.932,46.4249
4028.0844,46.5424
4028.2368,45.1748
4028.3892,43.0409
4028.5416,41.375
4028.694,41.537
4028.8464,42.7237
4028.9988,43.7613
4029.1512,44.4176
4029.3036,44.5669
4029.456,43.5375
4029.6084,43.0324
4029.7608,43.8475
4029.9132,44.777
4030.0656,44.2178
4030.218,42.8277
4030.3704,41.8381
4030.5228,40.8972
4030.6752,41.8073
4030.8276,46.1338
4030.98,48.042
4031.1324,46.7217
4031.2848,44.124
4031.4372,41.8615
4031.5896,39.2453
4031.742,37.8913
4031.8944,37.9097
4032.0468,39.0618
4032.1992,40.8775
4032.3516,41.3654
4032.504,40.8947
4032.6564,40.8545
4032.8088,42.5655
4032.9612,47.5982
4033.1136,56.373
4033.266,62.7321
4033.4184,63.6449
4033.5708,63.3964
4033.7232,64.1254
4033.8756,64.4917
4034.028,63.3386
4034.1804,62.0234
4034.3328,62.775
4034.4852,65.1337
4034.6376,66.0984
4034.79,66.604
4034.9424,66.5412
4035.0948,65.6832
4035.2472,64.1968
4035.3996,62.7185
4035.552,63.0761
4035.7044,65.621
4035.8568,67.3389
4036.0092,67.2434
4036.1616,67.057
4036.314,67.4206
4036.4664,68.1462
4036.6188,68.0329
4036.7712,67.533
4036.9236,65.418
4037.076,62.9365
4037.2284,62.7198
4037.3808,65.4355
4037.5332,70.5257
4037.6856,73.8736
4037.838,73.429
4037.9904,71.777
4038.1428,70.9581
4038.2952,72.2137
4038.4476,72.4629
4038.6,71.6848
4038.7524,70.7299
4038.9048,70.384
4039.0572,70.1085
4039.2096,69.1985
4039.362,68.0887
4039.5144,70.9772
4039.6668,77.901
4039.8192,78.8423
4039.9716,79.3453
4040.124,75.2941
4040.2764,68.9009
4040.4288,62.5491
4040.5812,61.1646
4040.7336,64.4565
4040.886,70.6998
4041.0384,75.1361
4041.1908,76.9253
4041.3432,77.4415
4041.4956,77.7814
4041.648,78.0028
4041.8004,78.1224
4041.9528,77.5485
4042.1052,76.4341
4042.2576,76.9336
4042.41,78.9886
4042.5624,81.5613
4042.7148,85.0027
4042.8672,90.0415
4043.0196,99.4603
4043.172,109.7316
4043.3244,117.5475
4043.4768,117.4146
4043.6292,114.9276
4043.7816,114.4227
4043.934,112.7369
4044.0864,109.7909
4044.2388,107.1949
4044.3912,106.4401
4044.5436,108.0531
4044.696,111.3967
4044.8484,113.8692
4045.0008,113.8437
4045.1532,111.7975
4045.3056,107.9017
4045.458,107.2463
4045.6104,106.5954
4045.7628,104.6955
4045.9152,101.9735
4046.0676,102.0671
4046.22,101.98
4046.3724,100.2568
4046.5248,96.3124
4046.6772,95.5991
4046.8296,98.9554
4046.982,101.9651
4047.1344,103.2229
4047.2868,103.0267
4047.4392,102.6723
4047.5916,102.594
4047.744,103.7495
4047.8964,105.7647
4048.0488,107.073
4048.2012,109.6491
4048.3536,113.5447
4048.506,115.4126
4048.6584,113.2578
4048.8108,109.3099
4048.9632,110.3983
4049.1156,116.5462
4049.268,120.1928
4049.4204,119.4746
4049.5728,117.5346
4049.7252,118.6092
4049.8776,123.743
4050.03,128.4493
4050.1824,130.0967
4050.3348,129.9871
4050.4872,130.6328
4050.6396,135.9083
4050.792,140.9068
4050.9444,139.9333
4051.0968,137.9391
4051.2492,136.3182
4051.4016,138.9628
4051.554,141.1559
4051.7064,141.9077
4051.8588,141.7476
4052.0112,139.7721
4052.1636,135.5908
4052.316,125.0385
4052.4684,121.2435
4052.6208,121.0983
4052.7732,124.3928
4052.9256,124.1921
4053.078,123.0449
4053.2304,127.4422
4053.3828,132.4509
4053.5352,140.6264
4053.6876,142.8219
4053.84,144.7551
4053.9924,145.2095
4054.1448,143.4401
4054.2972,140.7408
4054.4496,135.4971
4054.602,133.0834
4054.7544,132.1966
4054.9068,133.1788
4055.0592,134.496
4055.2116,134.1306
4055.364,132.923
4055.5164,130.9874
4055.6688,131.2496
4055.8212,135.0002
4055.9736,140.0389
4056.126,143.7287
4056.2784,145.7375
4056.4308,144.6939
4056.5832,139.5835
4056.7356,134.4926
4056.888,132.3014
4057.0404,127.6885
4057.1928,116.505
4057.3452,108.9245
4057.4976,105.645
4057.65,105.3466
4057.8024,111.0909
4057.9548,123.9528
4058.1072,130.5166
4058.2596,132.3603
4058.412,123.4043
4058.5644,102.1148
4058.7168,91.4739
4058.8692,87.0728
4059.0216,88.1648
4059.174,88.8571
4059.3264,86.6109
4059.4788,82.814
4059.6312,79.313
4059.7836,75.6538
4059.936,70.6447
4060.0884,66.4636
4060.2408,62.7709
4060.3932,59.8426
4060.5456,57.4304
4060.698,56.2386
4060.8504,57.3368
4061.0028,59.6411
4061.1552,62.0064
4061.3076,64.9368
4061.46,66.8129
4061.6124,68.1374
4061.7648,71.0071
4061.9172,77.5145
4062.0696,86.3266
4062.222,88.6396
4062.3744,85.4551
4062.5268,78.3514
4062.6792,70.5307
4062.8316,70.3829
4062.984,72.1104
4063.1364,72.1214
4063.2888,71.5669
4063.4412,70.526
4063.5936,69.4802
4063.746,65.5304
4063.8984,58.1684
4064.0508,51.989
4064.2032,49.6805
4064.3556,51.8206
4064.508,55.5559
4064.6604,55.6839
4064.8128,53.1678
4064.9652,50.0652
4065.1176,48.8157
4065.27,50.9737
4065.4224,56.3129
4065.5748,59.1501
4065.7272,60.1707
4065.8796,60.7355
4066.032,62.5088
4066.1844,66.3902
4066.3368,69.8179
4066.4892,70.2851
4066.6416,67.7556
4066.794,64.1792
4066.9464,60.8896
4067.0988,59.4611
4067.2512,59.1003
4067.4036,60.0571
4067.556,61.7218
4067.7084,64.3061
4067.8608,66.301
4068.0132,66.4616
4068.1656,65.6143
4068.318,66.7615
4068.4704,70.4931
4068.6228,72.4949
4068.7752,70.2499
4068.9276,65.1099
4069.08,61.0248
4069.2324,58.5931
4069.3848,56.2722
4069.5372,54.0694
4069.6896,53.0593
4069.842,53.3154
4069.9944,53.528
4070.1468,53.2315
4070.2992,52.3628
4070.4516,51.2158
4070.604,51.431
4070.7564,53.015
4070.9088,55.1188
4071.0612,56.595
4071.2136,57.8626
4071.366,57.7116
4071.5184,56.0475
4071.6708,50.0139
4071.8232,45.3563
4071.9756,43.4229
4072.128,43.7374
4072.2804,43.3577
4072.4328,41.5206
4072.5852,39.5911
4072.7376,39.3656
4072.89,40.646
4073.0424,42.4796
4073.1948,44.1531
4073.3472,45.6059
4073.4996,46.5722
4073.652,47.4142
4073.8044,46.8065
4073.9568,44.8705
4074.1092,42.6376
4074.2616,41.5417
4074.414,42.4682
4074.5664,44.3792
4074.7188,46.5412
4074.8712,47.9051
4075.0236,47.921
4075.176,46.7681
4075.3284,45.4035
4075.4808,44.279
4075.6332,44.1533
4075.7856,45.235
4075.938,49.2814
4076.0904,54.3342
4076.2428,60.8478
4076.3952,68.823
4076.5476,73.2783
4076.7,70.5516
4076.8524,64.2267
4077.0048,56.6432
4077.1572,53.2268
4077.3096,53.3138
4077.462,57.0126
4077.6144,58.6535
4077.7668,57.1154
4077.9192,53.6235
4078.0716,52.0629
4078.224,53.0367
4078.3764,53.4429
4078.5288,52.6374
4078.6812,51.7799
4078.8336,53.1734
4078.986,55.7864
4079.1384,56.453
4079.2908,57.728
4079.4432,60.6184
4079.5956,61.0567
4079.748,60.1378
4079.9004,57.8132
4080.0528,54.1365
4080.2052,51.176
4080.3576,50.5948
4080.51,52.5027
4080.6624,55.6311
4080.8148,53.4852
4080.9672,49.8695
4081.1196,46.8034
4081.272,44.4615
4081.4244,44.2973
4081.5768,45.0714
4081.7292,47.4357
4081.8816,52.964
4082.034,67.1334
4082.1864,87.9547
4082.3388,105.974
4082.4912,114.3815
4082.6436,119.2738
4082.796,123.4619
4082.9484,126.1735
4083.1008,127.1101
4083.2532,126.8999
4083.4056,127.7945
4083.558,128.3206
4083.7104,127.1461
4083.8628,124.9365
4084.0152,123.8357
4084.1676,121.0789
4084.32,115.9478
4084.4724,104.1881
4084.6248,101.1338
4084.7772,101.1792
4084.9296,99.7594
4085.082,96.0966
4085.2344,93.2324
4085.3868,91.036
4085.5392,90.3673
4085.6916,90.1659
4085.844,88.226
4085.9964,80.906
4086.1488,69.9078
4086.3012,62.2481
4086.4536,57.9835
4086.606,55.1963
4086.7584,55.539
4086.9108,55.3128
4087.0632,52.9404
4087.2156,48.6785
4087.368,47.409
4087.5204,46.9833
4087.6728,45.9436
4087.8252,43.942
4087.9776,43.1405
4088.13,43.8246
4088.2824,45.0521
4088.4348,44.6469
4088.5872,43.5595
4088.7396,41.8566
4088.892,41.3998
4089.0444,42.7776
4089.1968,49.63
4089.3492,57.6122
4089.5016,59.9213
4089.654,58.7795
4089.8064,52.2132
4089.9588,47.6964
4090.1112,44.8563
4090.2636,43.0903
4090.416,42.6998
4090.5684,43.0387
4090.7208,44.6702
4090.8732,48.2972
4091.0256,53.8018
4091.178,55.6659
4091.3304,56.561
4091.4828,56.4417
4091.6352,56.4967
4091.7876,56.5603
4091.94,56.9258
4092.0924,58.8454
4092.2448,61.5787
4092.3972,62.3319
4092.5496,62.0703
4092.702,61.7207
4092.8544,60.5984
4093.0068,56.9737
4093.1592,57.5659
4093.3116,73.1207
4093.464,96.8161
4093.6164,150.5605
4093.7688,170.5661
4093.9212,180.3516
4094.0736,182.5377
4094.226,182.7134
4094.3784,181.4849
4094.5308,175.7899
4094.6832,170.9376
4094.8356,167.3002
4094.988,168.9275
4095.1404,175.9144
4095.2928,183.0046
4095.4452,192.5738
4095.5976,194.538
4095.75,192.659
4095.9024,180.1374
4096.0548,171.3073
4096.2072,159.5137
4096.3596,152.5245
4096.512,143.6829
4096.6644,136.3646
4096.8168,130.8865
4096.9692,126.6942
4097.1216,124.5229
4097.274,128.1583
4097.4264,129.1272
4097.5788,126.53
4097.7312,121.9765
4097.8836,121.0349
4098.036,124.1599
4098.1884,126.6679
4098.3408,126.4564
4098.4932,125.6568
4098.6456,123.6823
4098.798,120.7638
4098.9504,117.605
4099.1028,119.113
4099.2552,122.2139
4099.4076,124.5597
4099.56,127.1423
4099.7124,130.3831
4099.8648,135.521
4100.0172,139.8096
4100.1696,143.4823
4100.322,145.7108
4100.4744,146.277
4100.6268,145.4708
4100.7792,143.7558
4100.9316,142.7454
4101.084,142.9977
4101.2364,142.7324
4101.3888,140.9754
4101.5412,136.1554
4101.6936,130.5274
4101.846,129.5674
4101.9984,131.4046
4102.1508,133.2053
4102.3032,134.0691
4102.4556,134.4171
4102.608,133.8904
4102.7604,131.9545
4102.9128,128.5456
4103.0652,126.795
4103.2176,126.7348
4103.37,125.8532
4103.5224,123.8624
4103.6748,120.7089
4103.8272,116.9192
4103.9796,115.6458
4104.132,118.2557
4104.2844,122.6318
4104.4368,124.2625
4104.5892,122.7838
4104.7416,118.9513
4104.894,115.5306
4105.0464,113.8951
4105.1988,112.9078
4105.3512,112.035
4105.5036,115.3602
4105.656,118.5053
4105.8084,128.968
4105.9608,130.4459
4106.1132,131.2386
4106.2656,131.5323
4106.418,129.7143
4106.5704,126.7595
4106.7228,126.9492
4106.8752,127.9572
4107.0276,126.4124
4107.18,123.4567
4107.3324,122.8846
4107.4848,124.2074
4107.6372,125.7709
4107.7896,126.3987
4107.942,126.9604
4108.0944,128.5551
4108.2468,130.2968
4108.3992,130.0398
4108.5516,128.5487
4108.704,128.8624
4108.8564,133.7224
4109.0088,138.4908
4109.1612,139.5176
4109.3136,138.4992
4109.466,136.9884
4109.6184,137.0844
4109.7708,138.0804
4109.9232,139.768
4110.0756,141.5693
4110.228,142.2537
4110.3804,141.6831
4110.5328,140.5693
4110.6852,140.7219
4110.8376,140.5737
4110.99,139.8868
4111.1424,139.546
4111.2948,140.0787
4111.4472,140.3422
4111.5996,139.0384
4111.752,137.5947
4111.9044,138.082
4112.0568,140.7425
4112.2092,144.5374
4112.3616,146.5525
4112.514,147.1341
4112.6664,145.9286
4112.8188,143.7574
4112.9712,142.2934
4113.1236,143.3274
4113.276,143.0587
4113.4284,142.8855
4113.5808,145.489
4113.7332,150.4323
4113.8856,155.0517
4114.038,155.0525
4114.1904,152.1528
4114.3428,144.0885
4114.4952,135.3812
4114.6476,130.7039
4114.8,130.1737
4114.9524,132.6581
4115.1048,135.8321
4115.2572,138.4897
4115.4096,139.6321
4115.562,140.7133
4115.7144,143.5363
4115.8668,148.2558
4116.0192,150.1868
4116.1716,147.3437
4116.324,139.8623
4116.4764,136.0708
4116.6288,136.7818
4116.7812,144.0689
4116.9336,149.6409
4117.086,147.6935
4117.2384,142.7012
4117.3908,134.8394
4117.5432,133.8504
4117.6956,133.8008
4117.848,132.8706
4118.0004,132.3165
4118.1528,133.1379
4118.3052,134.2863
4118.4576,135.2178
4118.61,134.3815
4118.7624,131.9706
4118.9148,129.9327
4119.0672,129.8985
4119.2196,130.7725
4119.372,130.6265
4119.5244,129.4334
4119.6768,128.7613
4119.8292,129.2795
4119.9816,132.4488
4120.134,133.9523
4120.2864,134.2044
4120.4388,134.7392
4120.5912,135.6206
4120.7436,135.4057
4120.896,133.6542
4121.0484,133.1304
4121.2008,135.4781
4121.3532,138.5919
4121.5056,139.6951
4121.658,140.5212
4121.8104,140.7337
4121.9628,139.051
4122.1152,134.6018
4122.2676,131.3501
4122.42,131.1644
4122.5724,134.5175
4122.7248,134.8558
4122.8772,131.6056
4123.0296,128.2242
4123.182,124.4369
4123.3344,123.7604
4123.4868,126.0265
4123.6392,128.4746
4123.7916,130.062
4123.944,130.1614
4124.0964,131.9488
4124.2488,137.0898
4124.4012,140.8782
4124.5536,144.0155
4124.706,148.4805
4124.8584,155.1053
4125.0108,160.9342
4125.1632,162.6001
4125.3156,162.11
4125.468,159.5108
4125.6204,155.7979
4125.7728,155.7476
4125.9252,158.7605
4126.0776,158.7657
4126.23,157.8631
4126.3824,157.8901
4126.5348,160.3013
4126.6872,163.4559
4126.8396,163.853
4126.992,163.7739
4127.1444,164.8069
4127.2968,164.2635
4127.4492,162.2854
4127.6016,156.1801
4127.754,154.1709
4127.9064,154.2962
4128.0588,155.7529
4128.2112,156.566
4128.3636,157.0003
4128.516,157.7118
4128.6684,158.9633
4128.8208,159.7872
4128.9732,159.7597
4129.1256,156.4348
4129.278,146.8631
4129.4304,144.4753
4129.5828,145.4654
4129.7352,145.6579
4129.8876,142.1764
4130.04,124.0436
4130.1924,111.2368
4130.3448,101.8864
4130.4972,90.4338
4130.6496,86.7193
4130.802,86.3814
4130.9544,85.3065
4131.1068,82.3798
4131.2592,78.5534
4131.4116,74.9733
4131.564,71.3272
4131.7164,67.4581
4131.8688,64.753
4132.0212,64.6762
4132.1736,65.6788
4132.326,66.1845
4132.4784,66.0366
4132.6308,64.7736
4132.7832,63.476
4132.9356,62.2711
4133.088,63.2208
4133.2404,67.5108
4133.3928,78.8943
4133.5452,94.9745
4133.6976,107.5509
4133.85,113.4103
4134.0024,114.9549
4134.1548,115.2662
4134.3072,114.3893
4134.4596,112.4303
4134.612,112.6866
4134.7644,117.5701
4134.9168,125.4889
4135.0692,132.7033
4135.2216,134.8142
4135.374,134.2443
4135.5264,132.3703
4135.6788,130.6916
4135.8312,129.6743
4135.9836,131.1002
4136.136,135.3137
4136.2884,137.6253
4136.4408,135.7119
4136.5932,133.6256
4136.7456,132.0962
4136.898,133.0952
4137.0504,138.155
4137.2028,144.0848
4137.3552,149.0057
4137.5076,152.8456
4137.66,154.8764
4137.8124,154.0606
4137.9648,151.2254
4138.1172,145.5629
4138.2696,137.806
4138.422,137.1072
4138.5744,142.3161
4138.7268,145.2895
4138.8792,144.2293
4139.0316,143.5723
4139.184,141.1619
4139.3364,137.5225
4139.4888,134.4274
4139.6412,132.901
4139.7936,130.6824
4139.946,127.8016
4140.0984,126.4232
4140.2508,125.6836
4140.4032,123.9188
4140.5556,120.3425
4140.708,115.5197
4140.8604,111.0186
4141.0128,103.0004
4141.1652,93.5046
4141.3176,85.8134
4141.47,80.5489
4141.6224,77.3008
4141.7748,76.4376
4141.9272,82.0815
4142.0796,93.0131
4142.232,108.7087
4142.3844,114.2167
4142.5368,120.1761
4142.6892,120.6882
4142.8416,119.2451
4142.994,118.5817
4143.1464,121.2281
4143.2988,127.556
4143.4512,130.3791
4143.6036,130.377
4143.756,129.6046
4143.9084,129.021
4144.0608,129.1495
4144.2132,129.8408
4144.3656,130.052
4144.518,129.826
4144.6704,130.7662
4144.8228,132.8186
4144.9752,133.6217
4145.1276,133.3947
4145.28,132.5643
4145.4324,131.9821
4145.5848,132.1503
4145.7372,133.0471
4145.8896,132.0518
4146.042,127.6834
4146.1944,111.1778
4146.3468,91.5366
4146.4992,82.8802
4146.6516,80.2861
4146.804,78.6891
4146.9564,77.4897
4147.1088,76.3609
4147.2612,75.7196
4147.4136,75.2031
4147.566,75.5996
4147.7184,77.2492
4147.8708,80.507
4148.0232,83.4906
4148.1756,84.317
4148.328,84.1001
4148.4804,84.3467
4148.6328,87.4139
4148.7852,95.3662
4148.9376,104.7971
4149.09,106.9073
4149.2424,107.3184
4149.3948,110.7629
4149.5472,124.0477
4149.6996,129.7257
4149.852,133.631
4150.0044,137.2591
4150.1568,140.3643
4150.3092,140.6848
4150.4616,139.2275
4150.614,138.4523
4150.7664,140.1611
4150.9188,140.9871
4151.0712,139.7867
4151.2236,135.4143
4151.376,132.1238
4151.5284,130.107
4151.6808,130.2785
4151.8332,130.3053
4151.9856,129.2617
4152.138,129.144
4152.2904,131.6557
4152.4428,132.7473
4152.5952,131.956
4152.7476,129.2885
4152.9,125.941
4153.0524,123.6247
4153.2048,123.1696
4153.3572,125.9461
4153.5096,129.0906
4153.662,129.501
4153.8144,132.0782
4153.9668,136.8918
4154.1192,137.8931
4154.2716,134.8136
4154.424,133.0623
4154.5764,135.3653
4154.7288,137.7655
4154.8812,140.533
4155.0336,141.1641
4155.186,140.7035
4155.3384,139.7786
4155.4908,139.015
4155.6432,138.4488
4155.7956,137.6533
4155.948,137.4472
4156.1004,135.6097
4156.2528,133.8333
4156.4052,133.3992
4156.5576,136.4457
4156.71,137.8576
4156.8624,136.0815
4157.0148,133.0322
4157.1672,131.5102
4157.3196,128.9823
4157.472,123.8468
4157.6244,116.7207
4157.7768,112.8403
4157.9292,113.9135
4158.0816,123.2051
4158.234,131.7424
4158.3864,131.4346
4158.5388,130.7046
4158.6912,134.1602
4158.8436,135.9118
4158.996,135.0974
4159.1484,133.1862
4159.3008,131.9586
4159.4532,132.8017
4159.6056,134.8521
4159.758,136.2795
4159.9104,136.2786
4160.0628,135.1976
4160.2152,134.1449
4160.3676,133.6535
4160.52,134.4201
4160.6724,134.2951
4160.8248,132.7852
4160.9772,131.5927
4161.1296,132.7389
4161.282,135.0006
4161.4344,136.1374
4161.5868,138.0043
4161.7392,144.0614
4161.8916,150.0313
4162.044,150.6098
4162.1964,145.2282
4162.3488,140.4546
4162.5012,141.0313
4162.6536,144.4296
4162.806,145.4876
4162.9584,143.8769
4163.1108,142.8337
4163.2632,143.9252
4163.4156,143.442
4163.568,140.4144
4163.7204,135.4629
4163.8728,130.8448
4164.0252,126.6843
4164.1776,123.7492
4164.33,123.1964
4164.4824,127.059
4164.6348,138.0845
4164.7872,148.2706
4164.9396,151.0265
4165.092,149.5777
4165.2444,145.5935
4165.3968,143.9109
4165.5492,142.1932
4165.7016,140.3448
4165.854,137.7343
4166.0064,135.3919
4166.1588,131.5826
4166.3112,121.8335
4166.4636,114.3144
4166.616,116.0299
4166.7684,124.0267
4166.9208,134.5766
4167.0732,136.3148
4167.2256,134.8951
4167.378,131.5637
4167.5304,128.5692
4167.6828,126.9265
4167.8352,127.8912
4167.9876,128.4378
4168.14,126.1907
4168.2924,115.8359
4168.4448,102.6892
4168.5972,95.5052
4168.7496,89.8859
4168.902,82.4037
4169.0544,72.8223
4169.2068,67.2359
4169.3592,68.3494
4169.5116,71.256
4169.664,74.4478
4169.8164,78.5418
4169.9688,81.2242
4170.1212,80.6993
4170.2736,77.1306
4170.426,73.7105
4170.5784,73.0019
4170.7308,71.8181
4170.8832,65.8615
4171.0356,54.3568
4171.188,46.9122
4171.3404,46.1685
4171.4928,46.7359
4171.6452,47.7979
4171.7976,48.5319
4171.95,49.4186
4172.1024,49.8354
4172.2548,49.0794
4172.4072,47.7694
4172.5596,45.0797
4172.712,44.1939
4172.8644,44.6791
4173.0168,44.1845
4173.1692,42.986
4173.3216,42.1165
4173.474,42.9207
4173.6264,45.8009
4173.7788,49.0855
4173.9312,51.014
4174.0836,51.6173
4174.236,52.4123
4174.3884,52.4738
4174.5408,52.0023
4174.6932,50.3464
4174.8456,48.0816
4174.998,45.9193
4175.1504,44.166
4175.3028,42.8088
4175.4552,43.6756
4175.6076,46.8018
4175.76,50.0856
4175.9124,52.6875
4176.0648,53.4205
4176.2172,52.0583
4176.3696,49.8107
4176.522,48.2047
4176.6744,47.6378
4176.8268,47.2479
4176.9792,46.9115
4177.1316,46.6241
4177.284,46.3869
4177.4364,46.0509
4177.5888,46.0473
4177.7412,46.1612
4177.8936,47.1371
4178.046,48.02
4178.1984,47.7359
4178.3508,45.8667
4178.5032,44.2615
4178.6556,43.738
4178.808,44.764
4178.9604,44.6098
4179.1128,43.5217
4179.2652,44.3371
4179.4176,51.1769
4179.57,78.3417
4179.7224,108.761
4179.8748,122.3575
4180.0272,130.0645
4180.1796,130.4285
4180.332,129.5498
4180.4844,128.2184
4180.6368,127.7432
4180.7892,128.9692
4180.9416,128.9468
4181.094,126.5879
4181.2464,123.9182
4181.3988,124.3988
4181.5512,129.9343
4181.7036,133.3387
4181.856,135.6185
4182.0084,137.1974
4182.1608,137.9966
4182.3132,136.6857
4182.4656,132.6761
4182.618,129.5482
4182.7704,129.6348
4182.9228,133.8792
4183.0752,137.9893
4183.2276,139.3974
4183.38,138.5966
4183.5324,136.0871
4183.6848,133.2305
4183.8372,132.4796
4183.9896,134.5685
4184.142,137.4302
4184.2944,142.5706
4184.4468,144.1758
4184.5992,141.7584
4184.7516,137.8738
4184.904,129.881
4185.0564,125.2132
4185.2088,123.8878
4185.3612,124.6702
4185.5136,128.466
4185.666,130.9926
4185.8184,130.4728
4185.9708,128.3247
4186.1232,128.3481
4186.2756,130.6711
4186.428,133.1431
4186.5804,134.3127
4186.7328,133.9932
4186.8852,132.7849
4187.0376,132.755
4187.19,133.7693
4187.3424,135.999
4187.4948,138.7284
4187.6472,141.1021
4187.7996,142.1322
4187.952,141.0105
4188.1044,138.4339
4188.2568,133.3854
4188.4092,131.3776
4188.5616,131.2394
4188.714,135.188
4188.8664,138.6619
4189.0188,139.5557
4189.1712,137.7776
4189.3236,132.0206
4189.476,124.7718
4189.6284,124.7376
4189.7808,125.8573
4189.9332,125.3259
4190.0856,124.6224
4190.238,124.8192
4190.3904,125.9482
4190.5428,126.3028
4190.6952,125.5875
4190.8476,125.2997
4191,126.44
4191.1524,127.8657
4191.3048,127.1037
4191.4572,124.9086
4191.6096,123.6295
4191.762,122.8283
4191.9144,122.3021
4192.0668,121.9818
4192.2192,122.7688
4192.3716,125.5198
4192.524,128.3602
4192.6764,129.255
4192.8288,128.1283
4192.9812,126.4361
4193.1336,127.1963
4193.286,128.5366
4193.4384,128.1483
4193.5908,125.9672
4193.7432,122.1798
4193.8956,120.7815
4194.048,121.853
4194.2004,122.4892
4194.3528,121.7172
4194.5052,120.9693
4194.6576,121.5217
4194.81,122.6663
4194.9624,123.7704
4195.1148,124.6638
4195.2672,125.3239
4195.4196,126.1777
4195.572,126.7619
4195.7244,126.5071
4195.8768,125.5841
4196.0292,124.7626
4196.1816,126.5024
4196.334,131.5923
4196.4864,135.3783
4196.6388,136.3685
4196.7912,136.0274
4196.9436,135.4424
4197.096,135.1823
4197.2484,135.1831
4197.4008,134.649
4197.5532,133.4346
4197.7056,131.0053
4197.858,128.1811
4198.0104,126.06
4198.1628,125.8344
4198.3152,128.5408
4198.4676,128.915
4198.62,126.0256
4198.7724,122.0169
4198.9248,122.0168
4199.0772,122.2245
4199.2296,121.9802
4199.382,121.4669
4199.5344,120.2767
4199.6868,118.4925
4199.8392,116.8022
4199.9916,116.6414
4200.144,119.4509
4200.2964,123.2062
4200.4488,124.559
4200.6012,125
4200.7536,125
4200.906,125
4201.0584,125
4201.2108,125
4201.3632,125
4201.5156,125
4201.668,125
4201.8204,125
4201.9728,125
4202.1252,121.7649
4202.2776,120.1532
4202.43,121.3664
4202.5824,123.8599
4202.7348,125.7535
4202.8872,126.64
4203.0396,124.675
4203.192,119.8084
4203.3444,115.2414
4203.4968,109.7654
4203.6492,111.7771
4203.8016,113.5658
4203.954,113.4286
4204.1064,112.1748
4204.2588,110.9278
4204.4112,110.2297
4204.5636,108.5912
4204.716,102.6378
4204.8684,95.5378
4205.0208,84.0429
4205.1732,80.3746
4205.3256,79.5624
4205.478,81.599
4205.6304,91.4947
4205.7828,93.3085
4205.9352,77.3955
4206.0876,64.4662
4206.24,58.2718
4206.3924,58.7598
4206.5448,65.5105
4206.6972,72.4961
4206.8496,74.8044
4207.002,75.2199
4207.1544,74.8525
4207.3068,75.7318
4207.4592,81.3206
4207.6116,85.5957
4207.764,85.5242
4207.9164,77.2544
4208.0688,69.3232
4208.2212,64.8872
4208.3736,60.1889
4208.526,54.6612
4208.6784,50.7859
4208.8308,51.3096
4208.9832,52.356
4209.1356,49.5991
4209.288,45.9462
4209.4404,43.0588
4209.5928,41.2467
4209.7452,42.8912
4209.8976,44.4599
4210.05,45.2139
4210.2024,44.1407
4210.3548,43.3189
4210.5072,44.9015
4210.6596,47.6705
4210.812,48.6043
4210.9644,50.8637
4211.1168,56.0799
4211.2692,59.9307
4211.4216,60.5975
4211.574,58.2043
4211.7264,59.7761
4211.8788,60.9943
4212.0312,58.6258
4212.1836,52.0926
4212.336,46.2596
4212.4884,44.1432
4212.6408,45.617
4212.7932,46.8936
4212.9456,46.959
4213.098,47.1409
4213.2504,48.5074
4213.4028,49.5633
4213.5552,49.4315
4213.7076,48.2334
4213.86,48.7315
4214.0124,47.8197
4214.1648,46.7927
4214.3172,46.0591
4214.4696,46.2888
4214.622,46.8022
4214.7744,48.1563
4214.9268,50.6858
4215.0792,52.1315
4215.2316,51.2425
4215.384,50.435
4215.5364,55.5577
4215.6888,57.9105
4215.8412,51.9337
4215.9936,40.0724
4216.146,36.4245
4216.2984,33.6904
4216.4508,32.3492
4216.6032,32.152
4216.7556,32.4604
4216.908,34.6853
4217.0604,36.2012
4217.2128,36.7422
4217.3652,34.6112
4217.5176,33.2
4217.67,33.5758
4217.8224,34.4396
4217.9748,35.1189
4218.1272,34.8699
4218.2796,35.221
4218.432,36.3952
4218.5844,37.3692
4218.7368,38.0686
4218.8892,38.1997
4219.0416,37.1049
4219.194,39.0481
4219.3464,40.3783
4219.4988,39.1402
4219.6512,39.9279
4219.8036,40.5912
4219.956,40.1865
4220.1084,38.1628
4220.2608,36.9786
4220.4132,36.5834
4220.5656,37.7248
4220.718,38.2003
4220.8704,34.671
4221.0228,32.8173
4221.1752,35.695
4221.3276,35.6199
4221.48,33.9046
4221.6324,33.385
4221.7848,33.8611
4221.9372,35.5166
4222.0896,42.4872
4222.242,49.2756
4222.3944,54.8912
4222.5468,72.1785
4222.6992,91.4485
4222.8516,100.485
4223.004,107.7062
4223.1564,110.6324
4223.3088,111.2744
4223.4612,113.9427
4223.6136,115.775
4223.766,116.475
4223.9184,113.8587
4224.0708,109.0941
4224.2232,105.791
4224.3756,104.3618
4224.528,108.0709
4224.6804,115.7298
4224.8328,121.2065
4224.9852,124.2243
4225.1376,123.3856
4225.29,123.3651
4225.4424,122.2719
4225.5948,119.538
4225.7472,117.2677
4225.8996,116.8726
4226.052,121.0603
4226.2044,122.9264
4226.3568,120.6548
4226.5092,124.2852
4226.6616,128.9564
4226.814,133.6257
4226.9664,133.4603
4227.1188,122.1204
4227.2712,116.3255
4227.4236,114.0902
4227.576,112.4047
4227.7284,110.0603
4227.8808,110.2891
4228.0332,113.6997
4228.1856,117.6935
4228.338,121.1765
4228.4904,123.2781
4228.6428,122.7362
4228.7952,117.7728
4228.9476,113.6515
4229.1,112.57
4229.2524,114.1997
4229.4048,116.1677
4229.5572,115.9135
4229.7096,114.9824
4229.862,116.2266
4230.0144,114.845
4230.1668,113.2452
4230.3192,113.5877
4230.4716,116.867
4230.624,119.6413
4230.7764,119.0637
4230.9288,115.8188
4231.0812,114.0965
4231.2336,113.7636
4231.386,116.1425
4231.5384,116.5809
4231.6908,116.3371
4231.8432,117.9486
4231.9956,121.3929
4232.148,124.3812
4232.3004,125.4618
4232.4528,122.144
4232.6052,114.6542
4232.7576,107.7416
4232.91,109.4018
4233.0624,113.31
4233.2148,120.0626
4233.3672,126.3945
4233.5196,132.1463
4233.672,132.6724
4233.8244,120.3636
4233.9768,114.5269
4234.1292,108.9867
4234.2816,107.838
4234.434,111.032
4234.5864,117.9323
4234.7388,125.0278
4234.8912,131.5558
4235.0436,137.4689
4235.196,140.9818
4235.3484,140.6832
4235.5008,137.6925
4235.6532,134.8218
4235.8056,133.3914
4235.958,132.7165
4236.1104,129.1219
4236.2628,127.0335
4236.4152,123.2767
4236.5676,117.5328
4236.72,116.5273
4236.8724,118.3732
4237.0248,118.2325
4237.1772,114.1272
4237.3296,109.6838
4237.482,108.3523
4237.6344,113.8371
4237.7868,130.2055
4237.9392,144.9549
4238.0916,158.4244
4238.244,163.6064
4238.3964,160.9104
4238.5488,153.4739
4238.7012,152.4547
4238.8536,156.4774
4239.006,163.0619
4239.1584,166.0154
4239.3108,147.4826
4239.4632,130.5148
4239.6156,116.3857
4239.768,102.7195
4239.9204,96.8187
4240.0728,97.5422
4240.2252,96.5307
4240.3776,101.8435
4240.53,107.692
4240.6824,118.1377
4240.8348,130.8359
4240.9872,137.4723
4241.1396,139.5627
4241.292,138.2366
4241.4444,137.9064
4241.5968,138.943
4241.7492,141.1537
4241.9016,140.9849
4242.054,138.5388
4242.2064,135.8805
4242.3588,133.6517
4242.5112,131.7956
4242.6636,132.4562
4242.816,132.6692
4242.9684,131.8519
4243.1208,131.4468
4243.2732,132.0738
4243.4256,134.8422
4243.578,137.882
4243.7304,139.162
4243.8828,138.6054
4244.0352,137.1364
4244.1876,136.3803
4244.34,138.7443
4244.4924,141.835
4244.6448,143.31
4244.7972,141.737
4244.9496,135.2753
4245.102,130.0929
4245.2544,126.4271
4245.4068,126.3261
4245.5592,125.7464
4245.7116,125.2265
4245.864,121.1319
4246.0164,115.5025
4246.1688,108.4594
4246.3212,105.1992
4246.4736,111.8303
4246.626,118.5353
4246.7784,121.4667
4246.9308,120.415
4247.0832,117.9089
4247.2356,118.6101
4247.388,121.1274
4247.5404,125.0018
4247.6928,126.8629
4247.8452,127.5196
4247.9976,131.4887
4248.15,132.5257
4248.3024,129.8046
4248.4548,125.7999
4248.6072,124.3719
4248.7596,127.787
4248.912,128.9021
4249.0644,128.4603
4249.2168,128.9173
4249.3692,126.0274
4249.5216,123.6146
4249.674,122.8896
4249.8264,122.1264
4249.9788,122.1398
4250.1312,123.658
4250.2836,128.6318
4250.436,131.4241
4250.5884,131.3138
4250.7408,133.2082
4250.8932,135.427
4251.0456,134.9167
4251.198,129.7179
4251.3504,126.0426
4251.5028,126.1189
4251.6552,130.3428
4251.8076,132.9131
4251.96,133.9255
4252.1124,132.9586
4252.2648,129.6062
4252.4172,126.3277
4252.5696,125.4781
4252.722,127.6694
4252.8744,128.9272
4253.0268,126.9082
4253.1792,123.2221
4253.3316,118.6418
4253.484,117.2603
4253.6364,114.9332
4253.7888,107.7358
4253.9412,100.317
4254.0936,93.4935
4254.246,88.0122
4254.3984,84.8382
4254.5508,83.2919
4254.7032,84.8335
4254.8556,84.4037
4255.008,81.9464
4255.1604,81.9427
4255.3128,84.2431
4255.4652,86.7885
4255.6176,86.4797
4255.77,85.2745
4255.9224,86.1176
4256.0748,92.8695
4256.2272,113.2354
4256.3796,129.551
4256.532,136.5632
4256.6844,135.878
4256.8368,130.9553
4256.9892,123.7287
4257.1416,118.657
4257.294,116.0727
4257.4464,117.3288
4257.5988,120.0343
4257.7512,120.62
4257.9036,125.244
4258.056,130.1567
4258.2084,133.917
4258.3608,133.8461
4258.5132,129.2639
4258.6656,128.8474
4258.818,128.4566
4258.9704,127.2532
4259.1228,126.1806
4259.2752,129.294
4259.4276,133.8226
4259.58,136.0624
4259.7324,134.8574
4259.8848,129.3186
4260.0372,124.8154
4260.1896,124.6198
4260.342,124.169
4260.4944,120.8014
4260.6468,118.3861
4260.7992,119.6331
4260.9516,123.5426
4261.104,127.0596
4261.2564,130.7222
4261.4088,133.4282
4261.5612,132.4063
4261.7136,129.2608
4261.866,128.8497
4262.0184,129.9707
4262.1708,128.5405
4262.3232,126.2382
4262.4756,126.6206
4262.628,127.3878
4262.7804,125.9693
4262.9328,123.8214
4263.0852,122.1386
4263.2376,120.7426
4263.39,121.2539
4263.5424,127.3955
4263.6948,133.977
4263.8472,138.0176
4263.9996,140.7186
4264.152,141.2934
4264.3044,134.0905
4264.4568,128.8595
4264.6092,130.7902
4264.7616,135.3641
4264.914,139.6454
4265.0664,140.971
4265.2188,137.3283
4265.3712,132.0446
4265.5236,130.552
4265.676,133.9926
4265.8284,137.4613
4265.9808,139.1444
4266.1332,139.4945
4266.2856,137.0707
4266.438,134.1764
4266.5904,131.26
4266.7428,129.5349
4266.8952,128.6348
4267.0476,132.1718
4267.2,137.3279
4267.3524,143.0312
4267.5048,149.098
4267.6572,150.9923
4267.8096,148.0129
4267.962,142.8018
4268.1144,139.074
4268.2668,136.6371
4268.4192,136.0226
4268.5716,139.3123
4268.724,142.6711
4268.8764,142.7593
4269.0288,141.5582
4269.1812,140.7705
4269.3336,139.3394
4269.486,136.9965
4269.6384,134.5344
4269.7908,132.5162
4269.9432,132.5679
4270.0956,136.6632
4270.248,138.8653
4270.4004,137.8795
4270.5528,135.5409
4270.7052,134.4162
4270.8576,136.3968
4271.01,139.0571
4271.1624,139.5251
4271.3148,133.2974
4271.4672,119.0257
4271.6196,109.8072
4271.772,101.817
4271.9244,97.6751
4272.0768,97.1704
4272.2292,98.5313
4272.3816,98.8637
4272.534,97.7836
4272.6864,95.5116
4272.8388,93.2917
4272.9912,91.62
4273.1436,90.8503
4273.296,94.02
4273.4484,96.7665
4273.6008,98.3491
4273.7532,97.4042
4273.9056,94.724
4274.058,94.7665
4274.2104,95.637
4274.3628,95.6501
4274.5152,93.882
4274.6676,92.1766
4274.82,90.9863
4274.9724,89.9816
4275.1248,88.724
4275.2772,87.3108
4275.4296,88.1547
4275.582,92.8927
4275.7344,97.9153
4275.8868,101.4492
4276.0392,100.886
4276.1916,96.7127
4276.344,96.7224
4276.4964,95.5053
4276.6488,90.6279
4276.8012,87.7185
4276.9536,89.0547
4277.106,93.994
4277.2584,97.0238
4277.4108,98.0351
4277.5632,95.7976
4277.7156,93.6446
4277.868,92.5237
4278.0204,92.2034
4278.1728,93.0791
4278.3252,94.9511
4278.4776,95.6109
4278.63,94.7436
4278.7824,91.8245
4278.9348,90.4959
4279.0872,92.2175
4279.2396,96.2727
4279.392,99.3316
4279.5444,100.3191
4279.6968,98.567
4279.8492,97.7952
4280.0016,98.0392
4280.154,99.7571
4280.3064,101.754
4280.4588,103.3261
4280.6112,104.1619
4280.7636,104.465
4280.916,106.0561
4281.0684,107.3087
4281.2208,106.4354
4281.3732,101.5079
4281.5256,97.1273
4281.678,96.2116
4281.8304,95.8739
4281.9828,94.355
4282.1352,95.0376
4282.2876,103.318
4282.44,112.7688
4282.5924,124.6573
4282.7448,135.2849
4282.8972,142.223
4283.0496,142.0066
4283.202,136.5498
4283.3544,131.7439
4283.5068,133.9787
4283.6592,133.4332
4283.8116,123.0013
4283.964,117.967
4284.1164,114.5757
4284.2688,113.9749
4284.4212,119.7242
4284.5736,125.5102
4284.726,130.5429
4284.8784,134.5589
4285.0308,136.6813
4285.1832,136.7508
4285.3356,135.5878
4285.488,135.8268
4285.6404,137.6771
4285.7928,139.6569
4285.9452,139.0711
4286.0976,133.6712
4286.25,129.4604
4286.4024,129.8514
4286.5548,133.6858
4286.7072,136.9982
4286.8596,138.3785
4287.012,136.5201
4287.1644,122.0193
4287.3168,97.5672
4287.4692,79.8725
4287.6216,65.8325
4287.774,66.564
4287.9264,72.2899
4288.0788,77.1968
4288.2312,78.1727
4288.3836,68.2151
4288.536,59.1262
4288.6884,55.5814
4288.8408,54.6221
4288.9932,53.8963
4289.1456,53.1209
4289.298,54.3988
4289.4504,63.8766
4289.6028,82.3724
4289.7552,103.6557
4289.9076,126.7521
4290.06,133.7931
4290.2124,137.3342
4290.3648,136.6011
4290.5172,134.403
4290.6696,133.8155
4290.822,130.6851
4290.9744,126.424
4291.1268,122.5766
4291.2792,122.7368
4291.4316,124.3261
4291.584,125.3612
4291.7364,126.9239
4291.8888,128.155
4292.0412,126.4314
4292.1936,121.0718
4292.346,116.2507
4292.4984,114.1466
4292.6508,116.2693
4292.8032,119.0594
4292.9556,117.9682
4293.108,118.9197
4293.2604,120.8391
4293.4128,121.2152
4293.5652,120.1982
4293.7176,121.0019
4293.87,122.0108
4294.0224,117.7636
4294.1748,113.0706
4294.3272,108.9676
4294.4796,104.9084
4294.632,99.6243
4294.7844,95.5148
4294.9368,98.7222
4295.0892,107.4907
4295.2416,119.596
4295.394,124.3009
4295.5464,124.8444
4295.6988,117.8751
4295.8512,109.6923
4296.0036,107.363
4296.156,106.6342
4296.3084,105.6508
4296.4608,104.8323
4296.6132,104.7221
4296.7656,105.0373
4296.918,105.8975
4297.0704,107.8949
4297.2228,110.3946
4297.3752,112.2343
4297.5276,111.8904
4297.68,111.4149
4297.8324,110.9155
4297.9848,110.3792
4298.1372,110.3823
4298.2896,115.9687
4298.442,122.308
4298.5944,127.2439
4298.7468,130.5151
4298.8992,130.2069
4299.0516,126.4913
4299.204,123.8303
4299.3564,125.0783
4299.5088,126.9199
4299.6612,126.6143
4299.8136,124.8555
4299.966,124.6359
4300.1184,129.768
4300.2708,135.9156
4300.4232,139.1671
4300.5756,140.1501
4300.728,140.8565
4300.8804,142.3956
4301.0328,143.8344
4301.1852,145.3874
4301.3376,145.5259
4301.49,139.8459
4301.6424,134.1309
4301.7948,130.078
4301.9472,127.3575
4302.0996,125.2645
4302.252,127.0272
4302.4044,128.7849
4302.5568,127.7445
4302.7092,126.0751
4302.8616,125.1223
4303.014,128.4665
4303.1664,135.583
4303.3188,140.3047
4303.4712,142.6934
4303.6236,141.558
4303.776,135.7255
4303.9284,127.4953
4304.0808,120.1042
4304.2332,119.3236
4304.3856,118.1743
4304.538,114.9875
4304.6904,112.6022
4304.8428,114.4661
4304.9952,119.586
4305.1476,123.5664
4305.3,127.4778
4305.4524,131.0194
4305.6048,133.9123
4305.7572,134.571
4305.9096,135.3447
4306.062,137.2703
4306.2144,132.951
4306.3668,126.4058
4306.5192,124.8418
4306.6716,128.1777
4306.824,130.8841
4306.9764,129.6022
4307.1288,123.4462
4307.2812,119.0072
4307.4336,116.8715
4307.586,118.0379
4307.7384,120.3799
4307.8908,119.3359
4308.0432,119.7238
4308.1956,124.7266
4308.348,129.3557
4308.5004,130.9917
4308.6528,127.3373
4308.8052,125.842
4308.9576,127.5381
4309.11,130.2677
4309.2624,132.7407
4309.4148,134.4679
4309.5672,131.3725
4309.7196,128.0946
4309.872,127.5199
4310.0244,129.3887
4310.1768,131.228
4310.3292,131.8287
4310.4816,132.0717
4310.634,133.2569
4310.7864,136.3318
4310.9388,139.0662
4311.0912,142.2146
4311.2436,153.5274
4311.396,154.8174
4311.5484,148.9412
4311.7008,136.2507
4311.8532,122.7515
4312.0056,113.9069
4312.158,106.9744
4312.3104,104.6008
4312.4628,106.8109
4312.6152,113.4027
4312.7676,118.3684
4312.92,122.13
4313.0724,123.8372
4313.2248,122.5837
4313.3772,123.5553
4313.5296,124.1316
4313.682,121.437
4313.8344,119.2221
4313.9868,117.3753
4314.1392,110.4278
4314.2916,105.6235
4314.444,104.801
4314.5964,107.0599
4314.7488,111.1021
4314.9012,113.463
4315.0536,112.1829
4315.206,110.5087
4315.3584,111.8535
4315.5108,113.4871
4315.6632,112.9981
4315.8156,108.9774
4315.968,107.9034
4316.1204,106.1188
4316.2728,104.2824
4316.4252,105.4196
4316.5776,106.6092
4316.73,103.2817
4316.8824,85.876
4317.0348,72.5948
4317.1872,59.3026
4317.3396,49.3466
4317.492,46.1167
4317.6444,44.8156
4317.7968,43.2555
4317.9492,41.0383
4318.1016,45.2196
4318.254,47.8353
4318.4064,51.0812
4318.5588,51.9389
4318.7112,49.414
4318.8636,46.353
4319.016,45.6311
4319.1684,46.7935
4319.3208,46.124
4319.4732,44.1689
4319.6256,43.0969
4319.778,44.1329
4319.9304,46.7249
4320.0828,50.2406
4320.2352,53.4858
4320.3876,55.5042
4320.54,56.3397
4320.6924,56.8572
4320.8448,53.7854
4320.9972,48.8098
4321.1496,45.1907
4321.302,41.9444
4321.4544,38.813
4321.6068,37.1425
4321.7592,35.306
4321.9116,33.6185
4322.064,32.3441
4322.2164,31.71
4322.3688,32.9771
4322.5212,34.6145
4322.6736,35.7987
4322.826,35.7037
4322.9784,34.318
4323.1308,34.3978
4323.2832,34.4172
4323.4356,33.7482
4323.588,34.1677
4323.7404,35.8764
4323.8928,36.9701
4324.0452,36.3735
4324.1976,35.8547
4324.35,35.9904
4324.5024,37.478
4324.6548,39.0086
4324.8072,40.0675
4324.9596,39.4073
4325.112,37.5372
4325.2644,36.1231
4325.4168,36.9366
4325.5692,37.249
4325.7216,36.3609
4325.874,35.8651
4326.0264,35.2603
4326.1788,34.1225
4326.3312,33.26
4326.4836,34.7973
4326.636,35.6682
4326.7884,34.8663
4326.9408,32.4836
4327.0932,30.5817
4327.2456,29.8417
4327.398,32.4131
4327.5504,35.3137
4327.7028,36.8156
4327.8552,37.0521
4328.0076,34.5769
4328.16,32.5513
4328.3124,31.5739
4328.4648,31.1118
4328.6172,31.8913
4328.7696,32.8139
4328.922,33.4041
4329.0744,33.764
4329.2268,33.3528
4329.3792,33.2446
4329.5316,36.993
4329.684,37.801
4329.8364,39.1535
4329.9888,41.3543
4330.1412,40.7503
4330.2936,40.5486
4330.446,42.3986
4330.5984,43.644
4330.7508,43.3103
4330.9032,41.151
4331.0556,38.654
4331.208,35.7382
4331.3604,33.0162
4331.5128,30.8575
4331.6652,31.8916
4331.8176,33.8693
4331.97,35.0624
4332.1224,35.9982
4332.2748,35.4037
4332.4272,36.162
4332.5796,37.6367
4332.732,37.4742
4332.8844,35.9563
4333.0368,35.5263
4333.1892,36.549
4333.3416,35.0169
4333.494,34.9015
4333.6464,35.9443
4333.7988,36.5258
4333.9512,35.4283
4334.1036,34.551
4334.256,35.8883
4334.4084,38.3723
4334.5608,38.4115
4334.7132,36.39
4334.8656,35.3018
4335.018,35.6253
4335.1704,33.3192
4335.3228,29.3922
4335.4752,27.8501
4335.6276,28.386
4335.78,30.274
4335.9324,32.8913
4336.0848,34.8199
4336.2372,36.4699
4336.3896,37.8329
4336.542,37.0765
4336.6944,37.1153
4336.8468,38.2565
4336.9992,39.9972
4337.1516,41.4593
4337.304,41.8169
4337.4564,40.8062
4337.6088,39.3457
4337.7612,37.632
4337.9136,36.5723
4338.066,36.5898
4338.2184,37.9966
4338.3708,39.3217
4338.5232,39.7853
4338.6756,39.3334
4338.828,38.0263
4338.9804,38.2594
4339.1328,40.9115
4339.2852,44.0238
4339.4376,46.1897
4339.59,47.2387
4339.7424,46.83
4339.8948,43.2264
4340.0472,41.0408
4340.1996,40.9409
4340.352,40.3176
4340.5044,38.5675
4340.6568,37.4872
4340.8092,37.9961
4340.9616,38.7725
4341.114,39.6946
4341.2664,41.4428
4341.4188,42.2594
4341.5712,40.9151
4341.7236,39.725
4341.876,38.7278
4342.0284,38.8537
4342.1808,40.3614
4342.3332,40.3361
4342.4856,39.851
4342.638,39.0899
4342.7904,39.3005
4342.9428,41.1915
4343.0952,42.4107
4343.2476,41.7597
4343.4,42.723
4343.5524,44.5963
4343.7048,45.9831
4343.8572,45.3462
4344.0096,42.7342
4344.162,40.0772
4344.3144,39.7278
4344.4668,39.2482
4344.6192,37.9068
4344.7716,36.2879
4344.924,34.7439
4345.0764,34.7199
4345.2288,36.8148
4345.3812,39.6847
4345.5336,41.3242
4345.686,40.9662
4345.8384,39.9195
4345.9908,38.9724
4346.1432,38.1077
4346.2956,36.7036
4346.448,34.8612
4346.6004,33.0526
4346.7528,32.3399
4346.9052,33.1888
4347.0576,36.5642
4347.21,39.2193
4347.3624,40.4211
4347.5148,39.0792
4347.6672,35.6776
4347.8196,33.2069
4347.972,31.9682
4348.1244,31.9891
4348.2768,34.4326
4348.4292,38.0303
4348.5816,39.9019
4348.734,39.8615
4348.8864,38.2634
4349.0388,39.2539
4349.1912,39.9747
4349.3436,39.1637
4349.496,38.001
4349.6484,36.9404
4349.8008,36.0019
4349.9532,35.6992
4350.1056,36.8843
4350.258,37.7818
4350.4104,37.9143
4350.5628,41.0186
4350.7152,41.9775
4350.8676,39.2915
4351.02,35.6018
4351.1724,33.499
4351.3248,32.9201
4351.4772,34.9594
4351.6296,36.5141
4351.782,37.2509
4351.9344,37.5043
4352.0868,42.9021
4352.2392,41.8149
4352.3916,41.6101
4352.544,41.6196
4352.6964,41.3532
4352.8488,41.1592
4353.0012,41.3264
4353.1536,41.6511
4353.306,41.6635
4353.4584,41.9346
4353.6108,42.5291
4353.7632,41.8113
4353.9156,40.1683
4354.068,39.6841
4354.2204,41.4037
4354.3728,42.4183
4354.5252,41.9124
4354.6776,40.9446
4354.83,41.0716
4354.9824,41.1274
4355.1348,38.9117
4355.2872,39.3789
4355.4396,41.3772
4355.592,41.9402
4355.7444,41.0652
4355.8968,40.4742
4356.0492,41.9389
4356.2016,43.7014
4356.354,43.7207
4356.5064,43.5795
4356.6588,43.9891
4356.8112,44.0039
4356.9636,42.9616
4357.116,41.6961
4357.2684,41.3341
4357.4208,41.8046
4357.5732,42.408
4357.7256,42.4292
4357.878,41.245
4358.0304,39.696
4358.1828,37.7063
4358.3352,36.2171
4358.4876,36.1729
4358.64,38.093
4358.7924,40.4933
4358.9448,42.2105
4359.0972,42.6339
4359.2496,42.6817
4359.402,44.7325
4359.5544,44.5192
4359.7068,41.9065
4359.8592,38.2022
4360.0116,37.2883
4360.164,37.4526
4360.3164,40.3753
4360.4688,43.0605
4360.6212,44.8288
4360.7736,46.756
4360.926,46.2886
4361.0784,42.5261
4361.2308,41.2694
4361.3832,42.4937
4361.5356,44.0993
4361.688,44.1258
4361.8404,42.4139
4361.9928,40.1706
4362.1452,38.3868
4362.2976,36.8643
4362.45,36.8305
4362.6024,38.6344
4362.7548,40.9038
4362.9072,42.6648
4363.0596,42.8072
4363.212,42.1449
4363.3644,41.028
4363.5168,40.1298
4363.6692,39.5349
4363.8216,38.6995
4363.974,37.3575
4364.1264,35.4093
4364.2788,34.4031
4364.4312,34.7542
4364.5836,34.9884
4364.736,34.9028
4364.8884,34.7194
4365.0408,34.6332
4365.1932,34.613
4365.3456,34.7086
4365.498,34.8318
4365.6504,34.9676
4365.8028,35.2841
4365.9552,35.6863
4366.1076,36.0519
4366.26,36.2445
4366.4124,36.2887
4366.5648,36.2959
4366.7172,-999.25
4366.8696,-999.25
4367.022,-999.25
4367.1744,-999.25
4367.3268,-999.25
4367.4792,-999.25
4367.6316,-999.25
4367.784,-999.25
4367.9364,-999.25
4368.0888,-999.25
4368.2412,-999.25
4368.3936,-999.25
4368.546,-999.25
4368.6984,-999.25
4368.8508,-999.25
4369.0032,-999.25
4369.1556,-999.25
4369.308,-999.25
4369.4604,-999.25
4369.6128,-999.25
4369.7652,-999.25
4369.9176,-999.25
4370.07,-999.25
4370.2224,-999.25
4370.3748,-999.25
4370.5272,-999.25
4370.6796,-999.25
4370.832,-999.25
4370.9844,-999.25
4371.1368,-999.25
