DEPT,GR
259,15.531
259.1,15.374
259.2,15.052
259.3,14.704
259.4,14.502
259.5,14.55
259.6,14.844
259.7,15.311
259.8,15.841
259.9,16.305
260,16.474
260.1,16.208
260.2,15.765
260.3,15.444
260.4,15.538
260.5,15.869
260.6,16
260.7,15.581
260.8,14.956
260.9,14.512
261,14.346
261.1,14.317
261.2,14.233
261.3,14.04
261.4,13.973
261.5,14.182
261.6,14.56
261.7,14.834
261.8,14.888
261.9,14.748
262,14.509
262.1,14.292
262.2,14.15
262.3,14.302
262.4,14.878
262.5,15.726
262.6,16.358
262.7,16.315
262.8,15.624
262.9,14.678
263,14.045
263.1,13.962
263.2,14.429
263.3,15.322
263.4,16.408
263.5,17.518
263.6,18.422
263.7,18.933
263.8,18.892
263.9,18.173
264,17.097
264.1,16.04
264.2,15.334
264.3,15.105
264.4,15.222
264.5,15.521
264.6,15.91
264.7,16.343
264.8,16.717
264.9,16.815
265,16.551
265.1,15.961
265.2,15.221
265.3,14.585
265.4,14.099
265.5,13.725
265.6,13.447
265.7,13.383
265.8,13.674
265.9,14.258
266,14.912
266.1,15.392
266.2,15.517
266.3,15.449
266.4,15.431
266.5,15.5
266.6,15.551
266.7,15.432
266.8,15.196
266.9,15.232
267,15.692
267.1,16.274
267.2,16.412
267.3,15.996
267.4,15.303
267.5,14.815
267.6,14.636
267.7,14.477
267.8,14.188
267.9,14.006
268,14.191
268.1,14.823
268.2,15.631
268.3,16.275
268.4,16.435
268.5,16.322
268.6,16.064
268.7,15.654
268.8,15.085
268.9,14.447
269,13.985
269.1,13.992
269.2,14.443
269.3,14.99
269.4,15.298
269.5,15.441
269.6,15.51
269.7,15.311
269.8,14.7
269.9,13.807
270,13.181
270.1,13.157
270.2,13.654
270.3,14.278
270.4,14.68
270.5,14.998
270.6,15.543
270.7,16.241
270.8,16.675
270.9,16.567
271,16.057
271.1,15.552
271.2,15.432
271.3,15.906
271.4,16.649
271.5,17.302
271.6,17.452
271.7,17.069
271.8,16.303
271.9,15.44
272,14.688
272.1,14.189
272.2,14.152
272.3,14.723
272.4,15.887
272.5,17.339
272.6,18.352
272.7,18.526
272.8,17.972
272.9,17.22
273,16.864
273.1,17.075
273.2,17.373
273.3,17.176
273.4,16.571
273.5,16.176
273.6,16.307
273.7,16.798
273.8,17.226
273.9,17.249
274,16.993
274.1,16.743
274.2,16.726
274.3,16.8
274.4,16.719
274.5,16.256
274.6,15.548
274.7,14.998
274.8,15.228
274.9,16.092
275,17.113
275.1,17.711
275.2,17.81
275.3,17.554
275.4,17.057
275.5,16.522
275.6,16.149
275.7,16.005
275.8,15.946
275.9,15.697
276,15.231
276.1,14.887
276.2,14.981
276.3,15.454
276.4,16.05
276.5,16.52
276.6,16.683
276.7,16.34
276.8,15.56
276.9,14.53
277,13.561
277.1,13.006
277.2,12.936
277.3,13.152
277.4,13.373
277.5,13.372
277.6,13.157
277.7,13.07
277.8,13.386
277.9,14.165
278,15.303
278.1,16.279
278.2,16.564
278.3,15.847
278.4,14.653
278.5,13.757
278.6,13.97
278.7,15.309
278.8,16.886
278.9,18.045
279,18.8
279.1,19.401
279.2,19.799
279.3,19.676
279.4,19.064
279.5,18.151
279.6,17.495
279.7,17.45
279.8,17.847
279.9,18.243
280,18.237
280.1,17.611
280.2,16.355
280.3,14.958
280.4,14.069
280.5,14.09
280.6,14.879
280.7,15.984
280.8,16.984
280.9,17.449
281,17.507
281.1,17.469
281.2,17.488
281.3,17.48
281.4,17.343
281.5,16.885
281.6,16.118
281.7,15.208
281.8,14.347
281.9,13.76
282,13.901
282.1,14.879
282.2,15.935
282.3,16.25
282.4,15.563
282.5,14.576
282.6,14.343
282.7,14.954
282.8,15.593
282.9,15.536
283,15.012
283.1,14.86
283.2,15.58
283.3,16.732
283.4,17.481
283.5,17.45
283.6,17.052
283.7,17.066
283.8,17.92
283.9,18.867
284,19.038
284.1,18.236
284.2,17.363
284.3,17.113
284.4,17.78
284.5,18.529
284.6,18.605
284.7,17.76
284.8,16.561
284.9,15.772
285,16.119
285.1,17.467
285.2,18.741
285.3,18.893
285.4,17.846
285.5,16.545
285.6,15.663
285.7,15.367
285.8,15.264
285.9,15.406
286,16.194
286.1,17.476
286.2,18.77
286.3,19.418
286.4,19.289
286.5,18.626
286.6,17.667
286.7,16.413
286.8,14.824
286.9,13.29
287,12.641
287.1,12.898
287.2,13.311
287.3,12.817
287.4,11.589
287.5,10.673
287.6,11.304
287.7,12.791
287.8,13.96
287.9,14.228
288,14.319
288.1,15.061
288.2,16.59
288.3,18.215
288.4,19.388
288.5,19.94
288.6,19.971
288.7,19.747
288.8,19.567
288.9,19.442
289,18.894
289.1,17.855
289.2,16.817
289.3,16.436
289.4,16.889
289.5,17.841
289.6,18.714
289.7,19.317
289.8,19.591
289.9,19.215
290,18.086
290.1,16.592
290.2,15.458
290.3,14.94
290.4,15.011
290.5,15.443
290.6,15.758
290.7,15.754
290.8,15.385
290.9,14.908
291,14.72
291.1,15.188
291.2,16.034
291.3,16.911
291.4,17.71
291.5,18.313
291.6,18.579
291.7,18.185
291.8,17.054
291.9,15.716
292,14.848
292.1,15.258
292.2,16.555
292.3,17.796
292.4,17.771
292.5,16.678
292.6,15.505
292.7,15.32
292.8,16.354
292.9,17.951
293,19.341
293.1,20.349
293.2,21.254
293.3,22.033
293.4,22.113
293.5,21.241
293.6,19.686
293.7,18.262
293.8,17.487
293.9,17.407
294,17.693
294.1,17.696
294.2,17.229
294.3,16.685
294.4,16.825
294.5,18.029
294.6,19.845
294.7,21.126
294.8,21.344
294.9,20.699
295,19.699
295.1,18.684
295.2,17.569
295.3,16.358
295.4,15.507
295.5,15.408
295.6,16.037
295.7,16.777
295.8,17.238
295.9,17.254
296,16.982
296.1,16.881
296.2,17.359
296.3,18.39
296.4,19.414
296.5,19.791
296.6,19.142
296.7,17.691
296.8,15.915
296.9,14.467
297,13.648
297.1,13.619
297.2,14.493
297.3,15.816
297.4,17.075
297.5,17.751
297.6,17.835
297.7,17.701
297.8,17.697
297.9,18.145
298,19.063
298.1,20.165
298.2,20.719
298.3,20.318
298.4,18.939
298.5,16.789
298.6,14.718
298.7,13.136
298.8,12.254
298.9,11.917
299,12.041
299.1,12.497
299.2,13.369
299.3,14.835
299.4,16.673
299.5,17.96
299.6,18.019
299.7,16.877
299.8,15.515
299.9,15.031
300,15.656
300.1,16.773
300.2,17.553
300.3,17.925
300.4,18.167
300.5,18.513
300.6,18.896
300.7,18.904
300.8,18.259
300.9,17.196
301,16.286
301.1,16.176
301.2,16.912
301.3,18.109
301.4,18.814
301.5,18.412
301.6,17.095
301.7,15.9
301.8,15.876
301.9,17.11
302,18.731
302.1,19.552
302.2,19.39
302.3,18.979
302.4,18.91
302.5,19.083
302.6,19.013
302.7,18.32
302.8,17.297
302.9,16.241
303,15.527
303.1,15.349
303.2,15.841
303.3,16.832
303.4,17.65
303.5,17.96
303.6,17.658
303.7,17.223
303.8,17.126
303.9,17.493
304,18.367
304.1,19.565
304.2,20.491
304.3,20.476
304.4,19.737
304.5,18.764
304.6,17.972
304.7,17.321
304.8,16.862
304.9,16.885
305,17.438
305.1,18.077
305.2,17.831
305.3,16.722
305.4,15.551
305.5,15.079
305.6,15.389
305.7,15.858
305.8,15.983
305.9,15.554
306,14.589
306.1,13.128
306.2,11.46
306.3,10.061
306.4,9.042
306.5,8.442
306.6,8.399
306.7,8.927
306.8,9.688
306.9,10.108
307,9.945
307.1,9.337
307.2,8.856
307.3,8.781
307.4,9.03
307.5,9.522
307.6,10.421
307.7,11.76
307.8,13.14
307.9,14.013
308,14.116
308.1,13.454
308.2,12.479
308.3,11.392
308.4,10.358
308.5,9.552
308.6,9.003
308.7,8.643
308.8,8.332
308.9,8.048
309,7.88
309.1,8.07
309.2,8.668
309.3,9.643
309.4,11.171
309.5,13.22
309.6,15.368
309.7,16.547
309.8,16.329
309.9,14.951
310,13.239
310.1,12.031
310.2,11.494
310.3,11.426
310.4,11.606
310.5,11.869
310.6,12.179
310.7,12.546
310.8,12.875
310.9,13.218
311,13.622
311.1,14.064
311.2,14.633
311.3,15.267
311.4,15.714
311.5,15.72
311.6,15.499
311.7,15.537
311.8,15.79
311.9,16.023
312,15.951
312.1,15.552
312.2,14.949
312.3,14.141
312.4,13.082
312.5,11.826
312.6,10.883
312.7,10.664
312.8,11.181
312.9,12.127
313,12.846
313.1,13.214
313.2,13.357
313.3,13.407
313.4,13.363
313.5,13.28
313.6,13.536
313.7,14.195
313.8,14.79
313.9,14.312
314,12.726
314.1,11.038
314.2,10.637
314.3,11.565
314.4,12.989
314.5,13.664
314.6,13.507
314.7,13
314.8,12.708
314.9,12.887
315,13.297
315.1,13.389
315.2,12.936
315.3,12.395
315.4,12.24
315.5,12.404
315.6,12.424
315.7,11.939
315.8,11.182
315.9,10.868
316,11.357
316.1,12.536
316.2,13.718
316.3,14.655
316.4,15.181
316.5,15.084
316.6,14.248
316.7,12.8
316.8,11.458
316.9,10.97
317,11.599
317.1,12.806
317.2,13.875
317.3,14.705
317.4,15.357
317.5,15.736
317.6,15.495
317.7,14.411
317.8,13.438
317.9,13.442
318,14.781
318.1,16.62
318.2,17.889
318.3,17.633
318.4,16.022
318.5,14.252
318.6,13.184
318.7,13.035
318.8,13.508
318.9,14.27
319,15.111
319.1,15.79
319.2,16.073
319.3,15.684
319.4,14.918
319.5,14.176
319.6,13.721
319.7,13.693
319.8,14.265
319.9,15.288
320,16.136
320.1,16.322
320.2,15.812
320.3,14.972
320.4,14.3
320.5,14.126
320.6,14.45
320.7,15.002
320.8,15.703
320.9,16.2
321,16.081
321.1,15.198
321.2,13.82
321.3,12.655
321.4,12.094
321.5,12.18
321.6,12.408
321.7,12.481
321.8,12.387
321.9,12.183
322,12.064
322.1,12.31
322.2,13.11
322.3,14.092
322.4,14.858
322.5,15.033
322.6,14.829
322.7,14.45
322.8,13.919
322.9,13.244
323,12.629
323.1,12.368
323.2,12.62
323.3,13.166
323.4,13.568
323.5,13.48
323.6,13.072
323.7,12.691
323.8,12.623
323.9,12.79
324,12.937
324.1,12.8
324.2,12.826
324.3,13.427
324.4,14.662
324.5,16.083
324.6,17.243
324.7,17.606
324.8,17.061
324.9,16.075
325,14.891
325.1,13.77
325.2,13.147
325.3,13.356
325.4,14.518
325.5,16.003
325.6,16.968
325.7,16.588
325.8,15.404
325.9,14.043
326,12.839
326.1,11.84
326.2,11.056
326.3,10.738
326.4,11.399
326.5,12.869
326.6,14.424
326.7,15.329
326.8,15.49
326.9,15.023
327,14.104
327.1,13.241
327.2,12.798
327.3,13.051
327.4,13.6
327.5,13.975
327.6,13.986
327.7,13.963
327.8,14.457
327.9,15.416
328,16.022
328.1,15.71
328.2,14.552
328.3,13.276
328.4,12.662
328.5,13.114
328.6,14.641
328.7,16.45
328.8,17.754
328.9,17.678
329,16.55
329.1,15.075
329.2,14.009
329.3,13.622
329.4,13.689
329.5,13.85
329.6,14.118
329.7,14.593
329.8,14.996
329.9,14.737
330,13.865
330.1,12.864
330.2,12.389
330.3,12.523
330.4,12.881
330.5,12.874
330.6,12.423
330.7,11.977
330.8,12.178
330.9,12.875
331,13.506
331.1,13.707
331.2,13.518
331.3,13.311
331.4,13.418
331.5,13.943
331.6,14.528
331.7,14.825
331.8,14.527
331.9,13.849
332,13.291
332.1,13.408
332.2,13.98
332.3,14.421
332.4,14.282
332.5,13.72
332.6,13.039
332.7,12.367
332.8,11.905
332.9,12.105
333,13.149
333.1,14.522
333.2,15.37
333.3,15.372
333.4,14.927
333.5,14.763
333.6,15.087
333.7,15.874
333.8,16.893
333.9,17.792
334,17.888
334.1,16.965
334.2,15.497
334.3,14.35
334.4,14.176
334.5,14.624
334.6,14.977
334.7,14.862
334.8,14.459
334.9,13.96
335,13.346
335.1,12.726
335.2,12.417
335.3,12.71
335.4,13.262
335.5,13.558
335.6,13.323
335.7,12.915
335.8,12.666
335.9,12.618
336,12.601
336.1,12.637
336.2,12.788
336.3,12.646
336.4,11.969
336.5,11.046
336.6,10.703
336.7,11.54
336.8,13.518
336.9,15.903
337,17.694
337.1,18.355
337.2,17.596
337.3,15.981
337.4,14.479
337.5,13.904
337.6,14.616
337.7,16.467
337.8,18.866
337.9,20.535
338,20.603
338.1,19.019
338.2,16.652
338.3,14.87
338.4,14.013
338.5,13.582
338.6,13.026
338.7,12.517
338.8,12.428
338.9,12.787
339,13.332
339.1,13.747
339.2,13.694
339.3,13.217
339.4,12.494
339.5,11.806
339.6,11.275
339.7,10.881
339.8,10.656
339.9,10.602
340,10.791
340.1,10.987
340.2,10.801
340.3,10.357
340.4,10.189
340.5,10.779
340.6,11.799
340.7,12.571
340.8,12.631
340.9,12.313
341,12.329
341.1,13.055
341.2,13.947
341.3,14.369
341.4,13.803
341.5,12.711
341.6,11.664
341.7,11.219
341.8,11.284
341.9,11.555
342,11.796
342.1,11.82
342.2,11.665
342.3,11.659
342.4,11.855
342.5,12.009
342.6,12.035
342.7,12.133
342.8,12.54
342.9,13.466
343,14.937
343.1,16.265
343.2,17.07
343.3,17.61
343.4,18.105
343.5,18.229
343.6,17.465
343.7,15.736
343.8,13.703
343.9,12.536
344,12.815
344.1,13.798
344.2,14.659
344.3,15.254
344.4,16.138
344.5,17.612
344.6,19.254
344.7,20.135
344.8,19.845
344.9,18.645
345,17.433
345.1,16.546
345.2,15.784
345.3,14.999
345.4,14.252
345.5,13.57
345.6,12.965
345.7,12.503
345.8,12.397
345.9,12.999
346,14.226
346.1,15.654
346.2,16.677
346.3,17.209
346.4,17.278
346.5,16.839
346.6,16.08
346.7,15.204
346.8,14.414
346.9,13.827
347,13.342
347.1,12.639
347.2,11.522
347.3,10.417
347.4,9.868
347.5,10.224
347.6,11.083
347.7,12.068
347.8,13.151
347.9,14.368
348,15.555
348.1,16.22
348.2,16.22
348.3,15.611
348.4,14.381
348.5,12.729
348.6,10.981
348.7,9.771
348.8,9.649
348.9,10.224
349,10.864
349.1,11.391
349.2,11.981
349.3,12.613
349.4,13.006
349.5,13.166
349.6,13.12
349.7,12.995
349.8,13.024
349.9,13.25
350,13.494
350.1,13.436
350.2,12.899
350.3,12.017
350.4,11.575
350.5,12.065
350.6,13.062
350.7,13.676
350.8,13.585
350.9,12.969
351,12.398
351.1,12.245
351.2,12.357
351.3,12.261
351.4,11.924
351.5,11.587
351.6,11.529
351.7,11.972
351.8,12.759
351.9,13.482
352,13.849
352.1,14.058
352.2,14.232
352.3,14.347
352.4,14.449
352.5,14.63
352.6,15.225
352.7,16.099
352.8,16.611
352.9,15.855
353,14.143
353.1,12.629
353.2,12.407
353.3,13.439
353.4,14.873
353.5,15.945
353.6,16.262
353.7,15.842
353.8,14.794
353.9,13.621
354,13.096
354.1,13.449
354.2,14.178
354.3,14.54
354.4,14.483
354.5,14.266
354.6,14.102
354.7,13.97
354.8,13.711
354.9,13.396
355,13.365
355.1,13.721
355.2,14.169
355.3,14.403
355.4,14.285
355.5,13.799
355.6,13.126
355.7,12.329
355.8,11.477
355.9,10.739
356,10.338
356.1,10.404
356.2,10.84
356.3,11.531
356.4,12.226
356.5,12.713
356.6,12.791
356.7,12.382
356.8,11.76
356.9,11.386
357,11.547
357.1,12.114
357.2,12.683
357.3,12.961
357.4,12.746
357.5,12.515
357.6,12.747
357.7,13.82
357.8,15.38
357.9,16.74
358,17.236
358.1,16.836
358.2,16.003
358.3,15.101
358.4,14.297
358.5,13.623
358.6,13.122
358.7,12.869
358.8,12.594
358.9,12.091
359,11.3
359.1,10.52
359.2,10.159
359.3,10.526
359.4,11.497
359.5,12.717
359.6,13.856
359.7,14.662
359.8,15.16
359.9,15.447
360,15.31
360.1,14.747
360.2,13.989
360.3,13.568
360.4,13.671
360.5,13.942
360.6,13.775
360.7,13.11
360.8,12.428
360.9,12.127
361,12.054
361.1,11.888
361.2,11.591
361.3,11.479
361.4,11.642
361.5,11.635
361.6,11.1
361.7,10.518
361.8,10.473
361.9,11.322
362,12.597
362.1,13.944
362.2,15.002
362.3,15.516
362.4,15.312
362.5,14.215
362.6,12.795
362.7,12.056
362.8,12.606
362.9,13.692
363,14.215
363.1,13.934
363.2,13.485
363.3,13.383
363.4,13.383
363.5,12.621
363.6,11.033
363.7,9.595
363.8,9.568
363.9,10.593
364,11.715
364.1,12.133
364.2,11.912
364.3,11.54
364.4,11.551
364.5,12.241
364.6,13.316
364.7,14.408
364.8,15.306
364.9,15.945
365,16.184
365.1,15.764
365.2,14.642
365.3,12.939
365.4,11.218
365.5,10.065
365.6,9.64
365.7,10.014
365.8,10.97
365.9,12.115
366,12.996
366.1,13.378
366.2,13.575
366.3,14.137
366.4,15.181
366.5,16.116
366.6,16.236
366.7,15.13
366.8,13.618
366.9,12.467
367,12.26
367.1,12.735
367.2,13.46
367.3,14.109
367.4,14.505
367.5,14.578
367.6,14.177
367.7,13.504
367.8,12.972
367.9,12.731
368,12.759
368.1,12.71
368.2,12.244
368.3,11.339
368.4,10.599
368.5,10.534
368.6,11.288
368.7,12.323
368.8,13.027
368.9,12.923
369,12.211
369.1,11.407
369.2,11.025
369.3,11.144
369.4,11.565
369.5,12.171
369.6,12.674
369.7,12.962
369.8,12.959
369.9,12.582
370,12.217
370.1,12.259
370.2,12.863
370.3,13.407
370.4,13.442
370.5,12.993
370.6,12.6
370.7,12.783
370.8,13.476
370.9,14.186
371,14.604
371.1,14.586
371.2,14.101
371.3,13.274
371.4,12.339
371.5,11.964
371.6,12.556
371.7,14
371.8,15.6
371.9,16.562
372,16.376
372.1,15.081
372.2,13.779
372.3,13.225
372.4,13.507
372.5,13.989
372.6,14.056
372.7,13.641
372.8,13.169
372.9,12.835
373,12.453
373.1,11.994
373.2,11.905
373.3,12.442
373.4,13.323
373.5,13.891
373.6,14.052
373.7,14.093
373.8,14.08
373.9,13.87
374,13.396
374.1,12.732
374.2,12.149
374.3,11.892
374.4,12.024
374.5,12.345
374.6,12.74
374.7,13.009
374.8,13.115
374.9,13.207
375,13.701
375.1,14.688
375.2,15.864
375.3,16.796
375.4,17.185
375.5,17.05
375.6,16.533
375.7,16.041
375.8,15.656
375.9,15.21
376,14.645
376.1,14.149
376.2,13.947
376.3,14.039
376.4,14.119
376.5,13.976
376.6,13.554
376.7,12.996
376.8,12.389
376.9,11.896
377,11.616
377.1,11.421
377.2,11.273
377.3,11.152
377.4,11.036
377.5,10.94
377.6,10.932
377.7,11.169
377.8,11.677
377.9,12.24
378,12.403
378.1,11.908
378.2,11.167
378.3,10.975
378.4,11.688
378.5,13.151
378.6,14.734
378.7,15.802
378.8,15.903
378.9,15.219
379,14.283
379.1,13.483
379.2,13.216
379.3,13.433
379.4,13.808
379.5,13.751
379.6,13.17
379.7,12.318
379.8,11.676
379.9,11.669
380,12.256
380.1,13.23
380.2,14.438
380.3,15.517
380.4,15.872
380.5,15.258
380.6,14.382
380.7,14.004
380.8,14.241
380.9,14.506
381,14.397
381.1,13.962
381.2,13.841
381.3,14.223
381.4,14.731
381.5,15.013
381.6,15.247
381.7,15.637
381.8,16.049
381.9,16.21
382,15.905
382.1,15.064
382.2,13.948
382.3,12.949
382.4,12.417
382.5,12.527
382.6,13.075
382.7,13.385
382.8,13.183
382.9,12.757
383,12.598
383.1,13.02
383.2,14.04
383.3,15.334
383.4,16.206
383.5,16.412
383.6,16.06
383.7,15.504
383.8,15.199
383.9,15.38
384,15.898
384.1,16.605
384.2,17.3
384.3,17.221
384.4,16.099
384.5,14.415
384.6,13.168
384.7,12.798
384.8,13.018
384.9,13.097
385,12.471
385.1,11.387
385.2,10.65
385.3,11.173
385.4,12.893
385.5,15.001
385.6,16.279
385.7,16.65
385.8,16.557
385.9,16.511
386,16.436
386.1,16.028
386.2,15.551
386.3,15.662
386.4,16.507
386.5,17.497
386.6,17.909
386.7,17.705
386.8,17.127
386.9,16.409
387,15.658
387.1,14.936
387.2,14.439
387.3,14.122
387.4,13.779
387.5,13.103
387.6,12.163
387.7,11.342
387.8,11.088
387.9,11.372
388,11.871
388.1,12.116
388.2,12.053
388.3,12.125
388.4,12.719
388.5,13.697
388.6,14.419
388.7,14.544
388.8,14.25
388.9,13.978
389,13.821
389.1,13.68
389.2,13.613
389.3,13.848
389.4,14.415
389.5,14.701
389.6,14.072
389.7,12.572
389.8,11.118
389.9,10.553
390,11.258
390.1,12.719
390.2,13.848
390.3,13.957
390.4,13.108
390.5,12.081
390.6,11.214
390.7,10.583
390.8,10.148
390.9,10.128
391,10.757
391.1,11.818
391.2,12.926
391.3,13.75
391.4,14.16
391.5,14.203
391.6,13.996
391.7,13.676
391.8,13.259
391.9,12.767
392,12.427
392.1,12.246
392.2,12.108
392.3,11.87
392.4,11.522
392.5,11.379
392.6,12.174
392.7,13.907
392.8,15.764
392.9,16.895
393,16.942
393.1,16.17
393.2,15.066
393.3,14.186
393.4,13.776
393.5,13.847
393.6,14.252
393.7,14.576
393.8,14.612
393.9,14.263
394,13.792
394.1,13.561
394.2,13.873
394.3,14.608
394.4,15.609
394.5,16.716
394.6,17.22
394.7,16.579
394.8,14.797
394.9,12.932
395,12.135
395.1,12.676
395.2,13.829
395.3,14.409
395.4,14.205
395.5,13.56
395.6,13.041
395.7,12.759
395.8,12.613
395.9,12.664
396,12.866
396.1,12.862
396.2,12.542
396.3,12.197
396.4,12.03
396.5,12.102
396.6,12.455
396.7,13.085
396.8,13.804
396.9,14.416
397,14.636
397.1,14.179
397.2,13.512
397.3,13.005
397.4,12.913
397.5,13.335
397.6,14.051
397.7,14.588
397.8,14.515
397.9,13.937
398,13.244
398.1,12.798
398.2,12.72
398.3,13.071
398.4,13.876
398.5,14.893
398.6,15.743
398.7,15.963
398.8,15.539
398.9,14.854
399,14.404
399.1,14.462
399.2,15.051
399.3,15.885
399.4,16.206
399.5,15.638
399.6,14.586
399.7,14.146
399.8,14.622
399.9,15.471
400,15.588
400.1,14.789
400.2,13.683
400.3,13.081
400.4,13.011
400.5,13.294
400.6,14.006
400.7,15.129
400.8,16.226
400.9,16.725
401,16.524
401.1,16.085
401.2,15.654
401.3,15.015
401.4,13.871
401.5,12.36
401.6,11.135
401.7,10.591
401.8,10.578
401.9,10.501
402,10.165
402.1,9.779
402.2,9.83
402.3,10.718
402.4,12.183
402.5,13.675
402.6,14.762
402.7,15.425
402.8,15.566
402.9,15.096
403,14.325
403.1,13.413
403.2,12.71
403.3,12.419
403.4,12.298
403.5,12.071
403.6,11.773
403.7,11.679
403.8,12.156
403.9,13.044
404,13.841
404.1,13.884
404.2,13.354
404.3,13.197
404.4,14.062
404.5,15.706
404.6,16.988
404.7,17.056
404.8,15.772
404.9,14.297
405,13.507
405.1,13.767
405.2,14.518
405.3,15.209
405.4,15.3
405.5,14.807
405.6,14.188
405.7,13.898
405.8,14
405.9,14.011
406,13.474
406.1,12.646
406.2,12.333
406.3,12.91
406.4,13.905
406.5,14.312
406.6,13.866
406.7,13.086
406.8,12.702
406.9,12.926
407,13.634
407.1,14.106
407.2,13.991
407.3,13.671
407.4,13.707
407.5,14.35
407.6,15.629
407.7,17.125
407.8,18.032
407.9,17.89
408,16.709
408.1,15.115
408.2,13.757
408.3,13.317
408.4,13.36
408.5,13.36
408.6,13.397
408.7,13.798
408.8,14.291
408.9,14.432
409,13.952
409.1,13.181
409.2,12.669
409.3,12.826
409.4,13.379
409.5,13.902
409.6,14.23
409.7,14.256
409.8,13.915
409.9,13.354
410,13.005
410.1,13.263
410.2,14.106
410.3,14.891
410.4,15.194
410.5,15.216
410.6,15.529
410.7,16.244
410.8,16.95
410.9,16.949
411,16.098
411.1,14.555
411.2,12.804
411.3,11.318
411.4,10.277
411.5,9.818
411.6,9.666
411.7,9.812
411.8,10.623
411.9,12.304
412,14.488
412.1,16.423
412.2,17.367
412.3,17.063
412.4,15.75
412.5,14.108
412.6,12.786
412.7,12.121
412.8,12.133
412.9,12.443
413,12.9
413.1,13.393
413.2,13.937
413.3,14.408
413.4,14.493
413.5,14.156
413.6,13.563
413.7,13.008
413.8,12.805
413.9,12.924
414,13.048
414.1,12.746
414.2,12.168
414.3,11.616
414.4,11.716
414.5,12.482
414.6,13.425
414.7,13.935
414.8,14.017
414.9,14.077
415,14.464
415.1,15.139
415.2,15.772
415.3,16.045
415.4,15.869
415.5,15.282
415.6,14.341
415.7,13.44
415.8,13.15
415.9,13.546
416,14.078
416.1,13.98
416.2,13.06
416.3,11.658
416.4,10.578
416.5,10.4
416.6,11.179
416.7,12.221
416.8,12.91
416.9,12.815
417,11.993
417.1,11.105
417.2,10.834
417.3,11.499
417.4,12.706
417.5,14.096
417.6,15.416
417.7,16.697
417.8,17.918
417.9,18.445
418,17.859
418.1,16.376
418.2,14.837
418.3,14.157
418.4,14.352
418.5,14.714
418.6,14.424
418.7,13.523
418.8,12.318
418.9,11.425
419,11.381
419.1,12.346
419.2,13.672
419.3,14.528
419.4,14.745
419.5,14.507
419.6,14.361
419.7,14.398
419.8,14.252
419.9,13.69
420,13.119
420.1,13.003
420.2,13.279
420.3,13.622
420.4,13.681
420.5,13.464
420.6,13.44
420.7,13.814
420.8,14.636
420.9,15.472
421,15.823
421.1,15.269
421.2,14.118
421.3,12.89
421.4,12.004
421.5,11.789
421.6,12.248
421.7,13.061
421.8,13.781
421.9,13.986
422,13.37
422.1,11.935
422.2,10.301
422.3,9.025
422.4,8.56
422.5,8.852
422.6,9.969
422.7,11.725
422.8,13.34
422.9,14.147
423,13.706
423.1,12.466
423.2,11.325
423.3,11.032
423.4,11.602
423.5,12.349
423.6,12.942
423.7,13.421
423.8,14.089
423.9,15.254
424,16.79
424.1,18.081
424.2,18.722
424.3,18.52
424.4,17.839
424.5,16.922
424.6,16.114
424.7,15.596
424.8,15.14
424.9,14.484
425,13.615
425.1,12.844
425.2,12.623
425.3,13.175
425.4,13.893
425.5,14.092
425.6,13.448
425.7,12.582
425.8,12.069
425.9,12.31
426,12.929
426.1,13.464
426.2,13.873
426.3,14.388
426.4,14.934
426.5,15.136
426.6,14.645
426.7,13.615
426.8,12.646
426.9,12.469
427,13.017
427.1,13.881
427.2,14.681
427.3,15.264
427.4,15.61
427.5,15.764
427.6,15.612
427.7,15.043
427.8,14.108
427.9,13.244
428,12.647
428.1,12.239
428.2,11.916
428.3,11.62
428.4,11.477
428.5,11.607
428.6,12.093
428.7,13.017
428.8,14.008
428.9,14.693
429,14.917
429.1,14.86
429.2,14.936
429.3,15.083
429.4,15.063
429.5,14.606
429.6,13.913
429.7,13.381
429.8,13.157
429.9,13.122
430,13.079
430.1,13.079
430.2,13.222
430.3,13.541
430.4,14.192
430.5,14.969
430.6,15.596
430.7,15.827
430.8,15.59
430.9,14.992
431,14.251
431.1,13.629
431.2,13.14
431.3,12.832
431.4,12.951
431.5,13.556
431.6,14.548
431.7,15.522
431.8,16.005
431.9,15.777
432,14.767
432.1,13.392
432.2,11.989
432.3,11.123
432.4,11.313
432.5,12.546
432.6,14.264
432.7,15.354
432.8,15.316
432.9,14.359
433,13.347
433.1,12.865
433.2,12.753
433.3,12.722
433.4,12.834
433.5,13.187
433.6,13.588
433.7,13.79
433.8,13.772
433.9,13.617
434,13.617
434.1,14.035
434.2,14.956
434.3,15.964
434.4,16.459
434.5,15.945
434.6,14.622
434.7,13.374
434.8,12.939
434.9,13.759
435,15.143
435.1,16.334
435.2,16.524
435.3,15.723
435.4,14.405
435.5,13.277
435.6,12.6
435.7,12.177
435.8,11.89
435.9,11.687
436,11.484
436.1,11.355
436.2,11.501
436.3,11.842
436.4,12.142
436.5,12.055
436.6,11.687
436.7,11.554
436.8,12.444
436.9,14.004
437,15.389
437.1,15.729
437.2,14.87
437.3,13.471
437.4,12.493
437.5,12.298
437.6,12.422
437.7,12.61
437.8,13.001
437.9,13.653
438,14.506
438.1,15.117
438.2,15.073
438.3,14.374
438.4,13.327
438.5,12.284
438.6,11.538
438.7,11.606
438.8,12.424
438.9,13.441
439,14.096
439.1,14.223
439.2,14.209
439.3,14.471
439.4,15.109
439.5,15.742
439.6,16.001
439.7,15.8
439.8,15.374
439.9,14.882
440,14.368
440.1,13.755
440.2,13.217
440.3,13.17
440.4,13.679
440.5,14.173
440.6,13.877
440.7,12.697
440.8,11.271
440.9,10.227
441,9.946
441.1,10.164
441.2,10.484
441.3,10.708
441.4,11.239
441.5,12.449
441.6,14.237
441.7,15.854
441.8,16.691
441.9,16.447
442,15.774
442.1,15.139
442.2,14.264
442.3,12.936
442.4,11.785
442.5,11.68
442.6,12.788
442.7,14.013
442.8,14.348
442.9,13.395
443,12.141
443.1,11.378
443.2,11.357
443.3,11.546
443.4,11.597
443.5,11.511
443.6,11.572
443.7,11.929
443.8,12.635
443.9,13.521
444,14.248
444.1,14.409
444.2,13.738
444.3,12.705
444.4,12.013
444.5,12.349
444.6,13.506
444.7,15.235
444.8,17.024
444.9,18.188
445,18.358
445.1,17.262
445.2,15.272
445.3,13.106
445.4,11.671
445.5,11.22
445.6,11.257
445.7,11.333
445.8,11.198
445.9,10.894
446,10.755
446.1,11.15
446.2,11.748
446.3,12.11
446.4,11.84
446.5,11.249
446.6,10.75
446.7,10.642
446.8,10.871
446.9,11.202
447,11.618
447.1,12.124
447.2,12.605
447.3,13.041
447.4,13.514
447.5,14.177
447.6,14.941
447.7,15.266
447.8,14.964
447.9,14.349
448,14.133
448.1,14.509
448.2,15.121
448.3,15.427
448.4,15.137
448.5,14.366
448.6,13.442
448.7,12.69
448.8,12.1
448.9,11.568
449,11.281
449.1,11.528
449.2,12.336
449.3,13.597
449.4,14.869
449.5,15.671
449.6,15.514
449.7,14.608
449.8,13.42
449.9,12.709
450,13.004
450.1,13.922
450.2,14.556
450.3,14.425
450.4,13.853
450.5,13.349
450.6,13.48
450.7,14.417
450.8,15.92
450.9,17.163
451,17.401
451.1,16.409
451.2,14.613
451.3,12.861
451.4,11.518
451.5,10.879
451.6,11.119
451.7,12.051
451.8,13.039
451.9,13.224
452,12.623
452.1,12.007
452.2,12.415
452.3,13.714
452.4,15.362
452.5,16.934
452.6,18.151
452.7,18.722
452.8,18.435
452.9,17.662
453,16.981
453.1,16.939
453.2,17.289
453.3,17.344
453.4,16.455
453.5,14.724
453.6,12.846
453.7,11.525
453.8,11.116
453.9,11.152
454,11.309
454.1,11.741
454.2,12.487
454.3,13.223
454.4,13.514
454.5,13.478
454.6,13.532
454.7,13.858
454.8,13.989
454.9,13.478
455,12.569
455.1,12.123
455.2,12.509
455.3,13.527
455.4,14.465
455.5,14.875
455.6,14.735
455.7,14.134
455.8,13.333
455.9,12.493
456,11.735
456.1,11.14
456.2,11.021
456.3,11.649
456.4,12.745
456.5,13.965
456.6,14.908
456.7,15.129
456.8,14.591
456.9,13.506
457,12.289
457.1,11.543
457.2,11.75
457.3,12.871
457.4,14.034
457.5,14.586
457.6,14.082
457.7,13.086
457.8,12.503
457.9,13.055
458,14.247
458.1,15.085
458.2,14.755
458.3,13.503
458.4,12.577
458.5,12.856
458.6,14.276
458.7,15.591
458.8,16.177
458.9,15.999
459,15.559
459.1,15.034
459.2,14.427
459.3,13.866
459.4,13.492
459.5,13.654
459.6,14.385
459.7,15.479
459.8,16.428
459.9,16.501
460,15.656
460.1,14.371
460.2,13.562
460.3,13.47
460.4,13.83
460.5,13.919
460.6,13.529
460.7,13.115
460.8,13.185
460.9,13.96
461,15.276
461.1,16.526
461.2,17.074
461.3,16.933
461.4,16.495
461.5,16.197
461.6,16.267
461.7,16.646
461.8,17.164
461.9,17.695
462,18.008
462.1,17.798
462.2,17.203
462.3,16.509
462.4,15.963
462.5,15.451
462.6,14.775
462.7,13.969
462.8,13.524
462.9,13.659
463,14.209
463.1,14.813
463.2,15.269
463.3,15.463
463.4,15.193
463.5,14.237
463.6,12.61
463.7,11.1
463.8,10.582
463.9,11.385
464,13.05
464.1,14.403
464.2,14.719
464.3,14.151
464.4,13.853
464.5,14.591
464.6,16.24
464.7,17.543
464.8,17.459
464.9,15.903
465,13.766
465.1,12.18
465.2,11.593
465.3,12.103
465.4,13.243
465.5,14.695
465.6,15.859
465.7,16.052
465.8,15.223
465.9,13.988
466,13.06
466.1,12.549
466.2,12.335
466.3,12.251
466.4,12.297
466.5,12.519
466.6,12.621
466.7,12.307
466.8,11.716
466.9,11.452
467,11.801
467.1,12.73
467.2,14.084
467.3,15.41
467.4,16.385
467.5,16.712
467.6,16.308
467.7,15.486
467.8,14.656
467.9,13.958
468,13.168
468.1,12.145
468.2,11.108
468.3,10.511
468.4,10.723
468.5,11.691
468.6,12.531
468.7,12.775
468.8,12.453
468.9,12.129
469,12.247
469.1,12.861
469.2,13.537
469.3,13.885
469.4,13.827
469.5,13.546
469.6,13.33
469.7,13.464
469.8,14.066
469.9,14.724
470,14.979
470.1,14.428
470.2,13.495
470.3,12.999
470.4,14.019
470.5,16.257
470.6,18.587
470.7,19.705
470.8,19.411
470.9,18.415
471,17.241
471.1,16.178
471.2,15.229
471.3,14.445
471.4,13.88
471.5,13.309
471.6,12.673
471.7,12.455
471.8,13.341
471.9,15.261
472,17.314
472.1,18.373
472.2,18.059
472.3,16.535
472.4,14.569
472.5,13.055
472.6,12.718
472.7,13.774
472.8,15.479
472.9,17.021
473,17.778
473.1,17.928
473.2,17.753
473.3,17.481
473.4,17.148
473.5,16.762
473.6,16.35
473.7,15.942
473.8,15.636
473.9,15.539
474,15.791
474.1,16.312
474.2,16.632
474.3,16.228
474.4,15.244
474.5,14.113
474.6,13.349
474.7,12.892
474.8,12.426
474.9,11.828
475,11.678
475.1,12.401
475.2,13.578
475.3,14.202
475.4,13.836
475.5,12.896
475.6,12.386
475.7,12.68
475.8,13.442
475.9,14.017
476,14.144
476.1,13.871
476.2,13.443
476.3,13.234
476.4,13.456
476.5,13.974
476.6,14.274
476.7,14
476.8,13.273
476.9,12.631
477,12.441
477.1,12.627
477.2,12.665
477.3,12.404
477.4,12.222
477.5,12.693
477.6,13.718
477.7,14.74
477.8,14.975
477.9,14.644
478,14.419
478.1,14.918
478.2,15.753
478.3,16.168
478.4,15.604
478.5,14.42
478.6,13.306
478.7,12.772
478.8,12.785
478.9,12.957
479,12.848
479.1,12.291
479.2,11.483
479.3,10.637
479.4,10.016
479.5,9.7
479.6,9.673
479.7,10.105
479.8,11.272
479.9,13.037
480,14.633
480.1,15.11
480.2,14.153
480.3,12.277
480.4,10.77
480.5,10.333
480.6,10.838
480.7,11.815
480.8,13.021
480.9,14.346
481,15.574
481.1,16.333
481.2,16.336
481.3,15.828
481.4,15.594
481.5,15.99
481.6,16.655
481.7,16.855
481.8,16.394
481.9,15.753
482,15.542
482.1,15.502
482.2,15.011
482.3,13.943
482.4,13.112
482.5,13.238
482.6,14.243
482.7,14.946
482.8,14.786
482.9,14.078
483,13.739
483.1,14.047
483.2,14.771
483.3,15.369
483.4,15.647
483.5,15.573
483.6,15.076
483.7,14.362
483.8,13.754
483.9,13.426
484,13.185
484.1,12.912
484.2,12.857
484.3,13.098
484.4,13.594
484.5,14.035
484.6,14.195
484.7,14.319
484.8,14.804
484.9,15.309
485,15.155
485.1,14.121
485.2,13.057
485.3,12.729
485.4,13.336
485.5,14.42
485.6,15.218
485.7,15.562
485.8,16
485.9,16.68
486,17.162
486.1,17.104
486.2,16.648
486.3,16.036
486.4,15.593
486.5,15.607
486.6,16.181
486.7,17.238
486.8,18.298
486.9,18.641
487,17.966
487.1,16.611
487.2,15.223
487.3,14.199
487.4,13.703
487.5,13.577
487.6,14.082
487.7,15.593
487.8,17.662
487.9,19.577
488,20.207
488.1,19.163
488.2,17.221
488.3,15.681
488.4,15.265
488.5,15.327
488.6,15.047
488.7,13.811
488.8,12.162
488.9,11.1
489,11.46
489.1,12.744
489.2,14.287
489.3,15.334
489.4,15.795
489.5,16.118
489.6,16.792
489.7,17.579
489.8,17.846
489.9,17.156
490,15.912
490.1,15.076
490.2,15.182
490.3,15.923
490.4,16.577
490.5,16.857
490.6,16.781
490.7,16.622
490.8,16.388
490.9,15.951
491,15.253
491.1,14.342
491.2,13.286
491.3,12.278
491.4,11.517
491.5,11.297
491.6,11.74
491.7,12.36
491.8,12.689
491.9,12.629
492,12.461
492.1,12.465
492.2,12.902
492.3,13.632
492.4,14.364
492.5,14.898
492.6,15.361
492.7,15.828
492.8,16.433
492.9,17.296
493,18.362
493.1,19.442
493.2,20.207
493.3,20.347
493.4,19.495
493.5,17.479
493.6,15.175
493.7,13.574
493.8,13.522
493.9,14.372
494,15.194
494.1,15.229
494.2,14.638
494.3,13.943
494.4,13.647
494.5,13.662
494.6,13.787
494.7,13.9
494.8,13.99
494.9,14.11
495,14.378
495.1,14.854
495.2,15.069
495.3,14.703
495.4,13.774
495.5,12.868
495.6,12.705
495.7,13.722
495.8,15.378
495.9,16.825
496,17.267
496.1,16.625
496.2,15.359
496.3,14.255
496.4,13.764
496.5,13.639
496.6,13.615
496.7,13.62
496.8,13.759
496.9,13.939
497,13.916
497.1,13.747
497.2,13.487
497.3,13.138
497.4,12.721
497.5,12.401
497.6,12.572
497.7,13.454
497.8,14.865
497.9,16.331
498,17.285
498.1,17.727
498.2,17.715
498.3,17.263
498.4,16.596
498.5,15.882
498.6,15.116
498.7,14.101
498.8,13.127
498.9,12.896
499,13.767
499.1,15.435
499.2,17.07
499.3,17.979
499.4,18.342
499.5,18.63
499.6,18.917
499.7,18.913
499.8,18.523
499.9,17.999
500,17.386
500.1,16.442
500.2,15.06
500.3,13.563
500.4,12.436
500.5,12.125
500.6,12.68
500.7,13.817
500.8,15.009
500.9,15.697
501,15.615
501.1,15.023
501.2,14.483
501.3,14.114
501.4,13.704
501.5,13.222
501.6,12.866
501.7,12.853
501.8,13.213
501.9,13.578
502,13.572
502.1,13.162
502.2,12.879
502.3,13.093
502.4,13.906
502.5,14.998
502.6,15.82
502.7,16.122
502.8,16.292
502.9,16.799
503,17.569
503.1,18.085
503.2,17.908
503.3,16.787
503.4,14.918
503.5,13.267
503.6,12.402
503.7,12.416
503.8,12.858
503.9,13.282
504,13.288
504.1,12.81
504.2,12.165
504.3,11.899
504.4,12.577
504.5,14.272
504.6,16.683
504.7,19.135
504.8,20.956
504.9,21.786
505,21.039
505.1,19.085
505.2,16.797
505.3,15.4
505.4,15.27
505.5,15.807
505.6,16.093
505.7,15.822
505.8,15.419
505.9,15.28
506,15.342
506.1,15.415
506.2,15.442
506.3,15.348
506.4,15.16
506.5,14.974
506.6,14.82
506.7,14.745
506.8,14.875
506.9,15.365
507,16.102
507.1,16.872
507.2,17.458
507.3,17.817
507.4,17.959
507.5,17.892
507.6,17.369
507.7,16.284
507.8,15.022
507.9,14.346
508,14.358
508.1,14.665
508.2,15.035
508.3,15.385
508.4,15.442
508.5,14.937
508.6,13.954
508.7,12.828
508.8,12.316
508.9,13.179
509,15.117
509.1,17.122
509.2,18.294
509.3,18.689
509.4,19.084
509.5,20.331
509.6,21.964
509.7,22.998
509.8,22.12
509.9,19.642
510,16.769
510.1,15.042
510.2,14.912
510.3,15.859
510.4,17.156
510.5,18.053
510.6,18.397
510.7,18.379
510.8,17.904
510.9,16.993
511,15.934
511.1,15.214
511.2,15.075
511.3,15.537
511.4,16.333
511.5,16.941
511.6,17.155
511.7,16.798
511.8,16.129
511.9,15.466
512,14.965
512.1,14.632
512.2,14.291
512.3,13.909
512.4,13.736
512.5,13.977
512.6,14.42
512.7,14.386
512.8,13.753
512.9,12.937
513,12.925
513.1,13.818
513.2,14.984
513.3,15.634
513.4,15.797
513.5,16.201
513.6,17.391
513.7,19.06
513.8,20.181
513.9,20.031
514,18.671
514.1,17.059
514.2,16.241
514.3,16.586
514.4,17.246
514.5,17.589
514.6,17.133
514.7,16.146
514.8,15.049
514.9,14.388
515,14.26
515.1,14.476
515.2,14.998
515.3,15.493
515.4,15.738
515.5,15.826
515.6,15.814
515.7,15.608
515.8,15.047
515.9,14.298
516,13.737
516.1,13.695
516.2,14.563
516.3,16
516.4,17.525
516.5,18.551
516.6,18.727
516.7,18.054
516.8,16.902
516.9,16.057
517,15.89
517.1,16.166
517.2,16.065
517.3,15.322
517.4,14.558
517.5,15.038
517.6,16.873
517.7,19.252
517.8,20.639
517.9,20.456
518,19.154
518.1,17.854
518.2,17.355
518.3,17.615
518.4,18.13
518.5,18.251
518.6,17.805
518.7,17.189
518.8,16.824
518.9,16.616
519,16.221
519.1,15.666
519.2,15.302
519.3,15.568
519.4,16.599
519.5,17.559
519.6,17.998
519.7,18.054
519.8,18.236
519.9,18.712
520,19.039
520.1,18.598
520.2,17.356
520.3,15.994
520.4,15.387
520.5,15.486
520.6,15.805
520.7,15.8
520.8,15.459
520.9,14.968
521,14.685
521.1,14.831
521.2,15.379
521.3,16.204
521.4,17.098
521.5,17.755
521.6,17.822
521.7,17.324
521.8,16.604
521.9,16.103
522,16.044
522.1,16.179
522.2,16.276
522.3,16.435
522.4,16.9
522.5,17.522
522.6,17.77
522.7,17.344
522.8,16.441
522.9,15.704
523,15.459
523.1,15.49
523.2,15.503
523.3,15.523
523.4,15.756
523.5,16.238
523.6,16.804
523.7,17.065
523.8,16.799
523.9,16.294
524,16.173
524.1,16.706
524.2,17.652
524.3,18.318
524.4,18.194
524.5,17.235
524.6,16.058
524.7,15.095
524.8,14.459
524.9,14.157
525,14.412
525.1,15.531
525.2,17.332
525.3,19.006
525.4,19.798
525.5,19.047
525.6,17.197
525.7,14.7
525.8,12.24
525.9,10.756
526,11.004
526.1,12.905
526.2,15.11
526.3,16.698
526.4,17.519
526.5,18.094
526.6,18.637
526.7,18.845
526.8,18.364
526.9,17.66
527,17.557
527.1,18.571
527.2,19.897
527.3,20.743
527.4,20.539
527.5,19.58
527.6,18.412
527.7,17.637
527.8,17.381
527.9,17.242
528,16.8
528.1,15.893
528.2,14.838
528.3,14.015
528.4,13.841
528.5,14.344
528.6,15.204
528.7,15.964
528.8,16.282
528.9,16.062
529,15.353
529.1,14.639
529.2,14.328
529.3,14.628
529.4,15.419
529.5,16.481
529.6,17.406
529.7,17.827
529.8,17.872
529.9,17.751
530,17.58
530.1,17.2
530.2,16.525
530.3,15.795
530.4,15.369
530.5,15.481
530.6,16.24
530.7,17.406
530.8,18.676
530.9,19.796
531,20.515
531.1,20.696
531.2,20.34
531.3,19.59
531.4,18.577
531.5,17.316
531.6,16.08
531.7,15.094
531.8,14.559
531.9,15.015
532,16.16
532.1,17.374
532.2,17.559
532.3,16.441
532.4,14.693
532.5,13.65
532.6,14.031
532.7,15.226
532.8,16.325
532.9,16.68
533,16.428
533.1,15.889
533.2,15.184
533.3,14.508
533.4,14.268
533.5,14.859
533.6,15.71
533.7,16.091
533.8,15.401
533.9,14.141
534,13.23
534.1,13.361
534.2,14.304
534.3,15.697
534.4,17.417
534.5,18.917
534.6,19.816
534.7,20.252
534.8,20.667
534.9,21.204
535,21.474
535.1,20.77
535.2,19.278
535.3,17.708
535.4,16.752
535.5,16.004
535.6,14.943
535.7,13.658
535.8,12.901
535.9,13.219
536,14.614
536.1,16.485
536.2,18.183
536.3,19.255
536.4,19.428
536.5,19.003
536.6,18.249
536.7,17.344
536.8,16.388
536.9,15.57
537,15.116
537.1,15.055
537.2,15.263
537.3,15.431
537.4,15.397
537.5,15.167
537.6,14.776
537.7,14.385
537.8,14.263
537.9,14.573
538,15.104
538.1,15.725
538.2,16.629
538.3,17.776
538.4,18.673
538.5,18.831
538.6,17.971
538.7,16.57
538.8,15.366
538.9,15.041
539,15.431
539.1,16.092
539.2,16.528
539.3,16.404
539.4,16.196
539.5,16.48
539.6,17.225
539.7,17.63
539.8,17.471
539.9,17.257
540,17.662
540.1,18.792
540.2,19.793
540.3,19.77
540.4,18.737
540.5,17.389
540.6,16.533
540.7,16.264
540.8,16.276
540.9,16.145
541,15.795
541.1,15.341
541.2,14.926
541.3,14.626
541.4,14.382
541.5,14.081
541.6,13.534
541.7,12.641
541.8,11.992
541.9,12.547
542,14.592
542.1,17.4
542.2,19.312
542.3,19.344
542.4,17.586
542.5,15.38
542.6,14.03
542.7,14.012
542.8,14.976
542.9,15.802
543,15.773
543.1,14.591
543.2,13.228
543.3,12.752
543.4,13.641
543.5,14.931
543.6,15.854
543.7,16.453
543.8,17.199
543.9,17.984
544,18.117
544.1,16.996
544.2,15.373
544.3,14.389
544.4,14.827
544.5,15.928
544.6,16.66
544.7,16.237
544.8,15.105
544.9,13.991
545,13.792
545.1,14.52
545.2,15.532
545.3,16.205
545.4,16.538
545.5,16.857
545.6,17.41
545.7,18.146
545.8,18.635
545.9,18.545
546,17.994
546.1,17.261
546.2,16.232
546.3,15.003
546.4,14.1
546.5,14.142
546.6,15.397
546.7,16.75
546.8,17.087
546.9,16.039
547,14.638
547.1,13.914
547.2,14.123
547.3,14.745
547.4,15.301
547.5,15.711
547.6,15.659
547.7,14.997
547.8,13.98
547.9,13.41
548,13.684
548.1,14.615
548.2,15.583
548.3,16.063
548.4,16.291
548.5,16.677
548.6,17.134
548.7,17.242
548.8,16.67
548.9,15.677
549,14.861
549.1,14.647
549.2,14.9
549.3,15.184
549.4,15.665
549.5,16.618
549.6,17.56
549.7,17.784
549.8,16.817
549.9,15.387
550,14.349
550.1,14.109
550.2,14.518
550.3,15.428
550.4,16.75
550.5,17.883
550.6,18.067
550.7,16.961
550.8,15.174
550.9,14.008
551,13.988
551.1,14.71
551.2,15.095
551.3,14.538
551.4,12.901
551.5,11.171
551.6,10.492
551.7,11.622
551.8,13.959
551.9,16.058
552,16.802
552.1,16.177
552.2,15.261
552.3,14.86
552.4,15.239
552.5,15.737
552.6,16.02
552.7,16.078
552.8,16.07
552.9,16.058
553,16.294
553.1,17.017
553.2,18.063
553.3,18.894
553.4,18.893
553.5,17.929
553.6,16.44
553.7,15.261
553.8,14.553
553.9,14.117
554,13.764
554.1,13.451
554.2,13.21
554.3,13.129
554.4,13.333
554.5,13.66
554.6,13.728
554.7,13.282
554.8,12.605
554.9,12.234
555,12.486
555.1,13.088
555.2,13.35
555.3,12.747
555.4,11.714
555.5,10.922
555.6,10.993
555.7,11.804
555.8,13.011
555.9,14.089
556,14.719
556.1,14.976
556.2,14.827
556.3,14.195
556.4,13.262
556.5,12.443
556.6,12.129
556.7,12.177
556.8,12.205
556.9,11.891
557,11.483
557.1,11.522
557.2,12.446
557.3,13.829
557.4,15.017
557.5,15.372
557.6,14.896
557.7,13.89
557.8,12.599
557.9,11.338
558,10.384
558.1,9.894
558.2,9.871
558.3,10.148
558.4,10.535
558.5,10.95
558.6,11.365
558.7,11.655
558.8,11.692
558.9,11.594
559,11.546
559.1,11.626
559.2,11.809
559.3,11.996
559.4,12.191
559.5,12.614
559.6,13.337
559.7,14.282
559.8,14.99
559.9,14.921
560,13.85
560.1,12.187
560.2,10.831
560.3,10.317
560.4,10.816
560.5,11.605
560.6,12.241
560.7,12.804
560.8,13.508
560.9,14.288
561,14.898
561.1,15.278
561.2,15.521
561.3,15.684
561.4,15.731
561.5,15.507
561.6,14.979
561.7,14.5
561.8,14.533
561.9,15.272
562,16.352
562.1,17.028
562.2,16.858
562.3,15.97
562.4,15.158
562.5,14.873
562.6,15.07
562.7,15.205
562.8,15.142
562.9,14.991
563,14.916
563.1,14.958
563.2,14.932
563.3,14.57
563.4,13.804
563.5,12.923
563.6,12.376
563.7,12.312
563.8,12.788
563.9,13.9
564,15.653
564.1,17.813
564.2,19.388
564.3,19.46
564.4,18.098
564.5,16.221
564.6,14.998
564.7,14.714
564.8,15.055
564.9,15.628
565,16.353
565.1,16.922
565.2,16.599
565.3,15.476
565.4,14.396
565.5,14.553
565.6,15.604
565.7,16.439
565.8,16.127
565.9,15.121
566,14.422
566.1,14.686
566.2,15.723
566.3,16.706
566.4,17.168
566.5,16.867
566.6,16.001
566.7,14.904
566.8,14.041
566.9,13.566
567,13.43
567.1,13.816
567.2,14.81
567.3,16.283
567.4,17.816
567.5,18.696
567.6,18.591
567.7,17.469
567.8,15.848
567.9,14.459
568,13.65
568.1,13.285
568.2,13
568.3,12.806
568.4,12.942
568.5,13.462
568.6,14.297
568.7,15.219
568.8,15.895
568.9,16.141
569,15.911
569.1,15.439
569.2,14.913
569.3,14.143
569.4,12.843
569.5,11.138
569.6,9.459
569.7,8.484
569.8,8.264
569.9,8.536
570,9.093
570.1,9.965
570.2,11.116
570.3,12.297
570.4,13.238
570.5,13.877
570.6,14.503
570.7,15.433
570.8,16.5
570.9,16.999
571,16.446
571.1,15.332
571.2,14.303
571.3,13.815
571.4,13.633
571.5,13.733
571.6,14.356
571.7,15.501
571.8,16.909
571.9,17.895
572,18.034
572.1,17.179
572.2,15.419
572.3,13.426
572.4,11.951
572.5,11.587
572.6,12.154
572.7,12.8
572.8,12.83
572.9,12.079
573,11.231
573.1,10.974
573.2,11.797
573.3,13.255
573.4,14.747
573.5,15.481
573.6,15.241
573.7,14.25
573.8,13.012
573.9,12.147
574,11.896
574.1,11.969
574.2,11.865
574.3,11.62
574.4,11.502
574.5,11.484
574.6,11.301
574.7,10.898
574.8,10.547
574.9,10.694
575,11.575
575.1,12.967
575.2,14.268
575.3,15.117
575.4,15.341
575.5,15.296
575.6,15.535
575.7,16.413
575.8,17.417
575.9,17.609
576,16.577
576.1,14.862
576.2,13.602
576.3,13.186
576.4,13.437
576.5,13.597
576.6,13.188
576.7,12.214
576.8,11.362
576.9,11.248
577,12.086
577.1,13.443
577.2,14.468
577.3,14.358
577.4,13.094
577.5,11.649
577.6,10.86
577.7,10.924
577.8,11.279
577.9,11.444
578,11.526
578.1,12.13
578.2,13.273
578.3,14.318
578.4,14.673
578.5,14.576
578.6,14.54
578.7,14.629
578.8,14.401
578.9,13.46
579,12.285
579.1,12.032
579.2,13.152
579.3,14.878
579.4,15.962
579.5,15.846
579.6,14.791
579.7,13.935
579.8,13.852
579.9,14.139
580,14.044
580.1,13.645
580.2,13.407
580.3,13.744
580.4,14.79
580.5,16.268
580.6,17.562
580.7,18.141
580.8,17.712
580.9,16.217
581,14.337
581.1,12.859
581.2,12.638
581.3,13.555
581.4,14.92
581.5,15.486
581.6,14.792
581.7,13.395
581.8,12.369
581.9,12.334
582,13.024
582.1,13.747
582.2,13.962
582.3,13.831
582.4,13.534
582.5,13.161
582.6,13.006
582.7,13.381
582.8,14.172
582.9,14.886
583,15.243
583.1,15.025
583.2,14.373
583.3,13.552
583.4,12.847
583.5,12.462
583.6,12.642
583.7,13.424
583.8,14.287
583.9,14.926
584,15.32
584.1,15.384
584.2,14.989
584.3,14.226
584.4,13.609
584.5,13.756
584.6,14.802
584.7,16.094
584.8,16.582
584.9,16.035
585,14.795
585.1,13.433
585.2,12.348
585.3,11.788
585.4,11.914
585.5,12.741
585.6,14.005
585.7,15.181
585.8,15.989
585.9,16.615
586,17.33
586.1,18.088
586.2,18.545
586.3,18.223
586.4,17.218
586.5,15.907
586.6,15.041
586.7,15.277
586.8,16.401
586.9,17.583
587,17.765
587.1,16.866
587.2,15.591
587.3,14.809
587.4,14.345
587.5,13.63
587.6,12.591
587.7,11.882
587.8,11.892
587.9,12.588
588,13.393
588.1,13.944
588.2,14.377
588.3,14.758
588.4,15.136
588.5,15.635
588.6,16.158
588.7,16.454
588.8,16.246
588.9,15.455
589,14.464
589.1,13.692
589.2,13.719
589.3,14.555
589.4,16.078
589.5,17.74
589.6,18.678
589.7,18.696
589.8,17.804
589.9,16.284
590,14.619
590.1,13.311
590.2,12.86
590.3,12.938
590.4,13.071
590.5,12.945
590.6,12.83
590.7,13.046
590.8,13.691
590.9,14.419
591,14.939
591.1,15.24
591.2,15.735
591.3,16.477
591.4,17.097
591.5,17.32
591.6,16.951
591.7,15.862
591.8,14.48
591.9,13.88
592,14.709
592.1,16.88
592.2,19.233
592.3,20.531
592.4,19.843
592.5,18.21
592.6,16.772
592.7,16.093
592.8,15.821
592.9,15.584
593,15.164
593.1,14.653
593.2,14.2
593.3,13.879
593.4,13.876
593.5,14.428
593.6,15.433
593.7,16.365
593.8,16.478
593.9,15.452
594,13.886
594.1,13.141
594.2,13.721
594.3,15.094
594.4,16.104
594.5,16.192
594.6,15.46
594.7,14.644
594.8,14.203
594.9,14.164
595,14.373
595.1,14.657
595.2,14.907
595.3,15.304
595.4,15.979
595.5,16.632
595.6,16.508
595.7,15.231
595.8,13.142
595.9,11.382
596,10.905
596.1,11.539
596.2,12.491
596.3,13.022
596.4,12.917
596.5,12.478
596.6,12.514
596.7,13.296
596.8,14.644
596.9,16.064
597,16.968
597.1,17.075
597.2,16.371
597.3,15.392
597.4,14.474
597.5,13.868
597.6,13.579
597.7,13.457
597.8,13.65
597.9,14.238
598,14.992
598.1,15.619
598.2,15.827
598.3,15.829
598.4,16.079
598.5,16.982
598.6,18.081
598.7,18.67
598.8,18.333
598.9,17.371
599,16.149
599.1,15.363
599.2,15.45
599.3,16.235
599.4,17.388
599.5,18.488
599.6,19.139
599.7,18.857
599.8,17.524
599.9,15.722
600,14.048
600.1,13.506
600.2,14.345
600.3,16.153
600.4,18.262
600.5,19.948
600.6,20.709
600.7,20.223
600.8,19.136
600.9,18.297
601,17.894
601.1,17.304
601.2,16.044
601.3,14.302
601.4,12.888
601.5,12.334
601.6,12.594
601.7,13.185
601.8,13.71
601.9,14.268
602,14.914
602.1,15.385
602.2,15.551
602.3,15.31
602.4,14.533
602.5,13.499
602.6,12.612
602.7,12
602.8,11.646
602.9,11.501
603,11.465
603.1,11.58
603.2,12.148
603.3,13.399
603.4,14.67
603.5,15.207
603.6,14.222
603.7,12.337
603.8,10.75
603.9,10.513
604,11.356
604.1,12.363
604.2,12.873
604.3,12.753
604.4,12.459
604.5,12.439
604.6,12.964
604.7,14.008
604.8,15.265
604.9,16.031
605,16.003
605.1,15.414
605.2,14.769
605.3,14.281
605.4,13.849
605.5,13.328
605.6,12.683
605.7,12.122
605.8,11.908
605.9,12.12
606,12.729
606.1,13.856
606.2,15.315
606.3,16.296
606.4,16.176
606.5,15.075
606.6,14.163
606.7,14.207
606.8,15.47
606.9,17.063
607,18.129
607.1,18.225
607.2,17.592
607.3,16.575
607.4,15.509
607.5,14.726
607.6,14.311
607.7,14.127
607.8,14.068
607.9,14.373
608,15.147
608.1,16.288
608.2,17.304
608.3,17.788
608.4,17.493
608.5,16.782
608.6,16.199
608.7,15.991
608.8,15.942
608.9,15.804
609,15.684
609.1,15.766
609.2,16.033
609.3,16.202
609.4,15.896
609.5,15.329
609.6,14.933
609.7,15.083
609.8,15.607
609.9,16.344
610,17.155
610.1,17.727
610.2,17.905
610.3,17.618
610.4,16.98
610.5,16.106
610.6,15.094
610.7,14.078
610.8,13.278
610.9,12.775
611,12.415
611.1,12.021
611.2,11.699
611.3,11.702
611.4,12.065
611.5,12.522
611.6,12.671
611.7,12.551
611.8,12.392
611.9,12.484
612,12.905
612.1,13.497
612.2,14.037
612.3,14.372
612.4,14.538
612.5,14.749
612.6,15.552
612.7,16.885
612.8,18.018
612.9,17.748
613,16.25
613.1,14.336
613.2,13.179
613.3,12.858
613.4,12.643
613.5,12.118
613.6,11.597
613.7,11.524
613.8,12.146
613.9,13.28
614,14.465
614.1,15.271
614.2,15.284
614.3,14.519
614.4,13.337
614.5,12.455
614.6,12.115
614.7,12.228
614.8,12.498
614.9,12.826
615,13.467
615.1,14.462
615.2,15.37
615.3,15.918
615.4,16.255
615.5,16.858
615.6,18.045
615.7,19.493
615.8,20.265
615.9,20.126
616,19.498
616.1,18.879
616.2,18.593
616.3,19.005
616.4,19.936
616.5,20.385
616.6,19.733
616.7,17.868
616.8,15.499
616.9,13.55
617,12.513
617.1,12.079
617.2,11.699
617.3,11.33
617.4,11.298
617.5,11.921
617.6,13.288
617.7,14.666
617.8,14.984
617.9,14.116
618,12.936
618.1,12.76
618.2,13.643
618.3,14.314
618.4,13.663
618.5,11.965
618.6,10.165
618.7,9.175
618.8,9.087
618.9,9.737
619,10.878
619.1,12.319
619.2,13.824
619.3,14.961
619.4,15.46
619.5,15.241
619.6,14.505
619.7,13.792
619.8,13.654
619.9,14.39
620,15.515
620.1,16.281
620.2,16.299
620.3,15.921
620.4,15.687
620.5,15.817
620.6,16.304
620.7,16.672
620.8,16.617
620.9,15.852
621,14.482
621.1,12.955
621.2,12.021
621.3,12.026
621.4,12.761
621.5,13.806
621.6,14.915
621.7,16.048
621.8,17.095
621.9,17.572
622,17.082
622.1,15.849
622.2,14.603
622.3,13.762
622.4,13.416
622.5,13.558
622.6,14.099
622.7,14.945
622.8,15.691
622.9,16.106
623,16.256
623.1,16.356
623.2,16.312
623.3,15.671
623.4,14.285
623.5,12.631
623.6,11.486
623.7,11.185
623.8,11.852
623.9,13.099
624,14.481
624.1,15.319
624.2,15.256
624.3,14.591
624.4,14.283
624.5,15.144
624.6,16.895
624.7,18.445
624.8,18.653
624.9,17.259
625,14.865
625.1,12.649
625.2,11.225
625.3,10.668
625.4,10.944
625.5,11.799
625.6,13.121
625.7,14.424
625.8,15.019
625.9,14.67
626,14.044
626.1,14.115
626.2,15.015
626.3,16.326
626.4,17.387
626.5,17.959
626.6,18.339
626.7,19.259
626.8,20.665
626.9,21.841
627,22.03
627.1,21.084
627.2,19.215
627.3,17.232
627.4,16.078
627.5,16.004
627.6,16.738
627.7,17.677
627.8,18.275
627.9,18.406
628,18.54
628.1,18.71
628.2,18.377
628.3,17.208
628.4,15.87
628.5,15.309
628.6,16.077
628.7,17.279
628.8,17.807
628.9,16.942
629,15.532
629.1,14.41
629.2,14.037
629.3,14.145
629.4,14.402
629.5,14.86
629.6,15.723
629.7,16.852
629.8,17.748
629.9,18.034
630,17.72
630.1,17.008
630.2,16.473
630.3,16.437
630.4,16.91
630.5,17.773
630.6,18.58
630.7,18.843
630.8,18.245
630.9,17.292
631,16.453
631.1,15.84
631.2,15.22
631.3,14.411
631.4,13.667
631.5,13.556
631.6,13.941
631.7,14.359
631.8,14.57
631.9,14.893
632,15.29
632.1,15.165
632.2,14.261
632.3,12.969
632.4,12.23
632.5,12.461
632.6,13.204
632.7,13.857
632.8,14.385
632.9,15.086
633,16.179
633.1,17.491
633.2,18.592
633.3,19.136
633.4,18.757
633.5,17.616
633.6,15.775
633.7,13.67
633.8,12.023
633.9,11.06
634,10.812
634.1,10.768
634.2,10.723
634.3,10.869
634.4,11.444
634.5,12.505
634.6,13.828
634.7,15.065
634.8,16.023
634.9,16.734
635,17.161
635.1,17.201
635.2,16.951
635.3,16.721
635.4,16.763
635.5,17.11
635.6,17.48
635.7,17.444
635.8,17.13
635.9,17.116
636,17.538
636.1,17.716
636.2,16.861
636.3,14.797
636.4,12.649
636.5,11.6
636.6,12.355
636.7,14.011
636.8,15.78
636.9,17.124
637,18.049
637.1,18.646
637.2,18.856
637.3,18.556
637.4,17.753
637.5,16.881
637.6,16.6
637.7,17.025
637.8,18.019
637.9,19.392
638,20.661
638.1,21.21
638.2,20.374
638.3,18.46
638.4,16.219
638.5,15.048
638.6,15.161
638.7,15.728
638.8,16.24
638.9,16.897
639,17.873
639.1,18.96
639.2,19.645
639.3,19.808
639.4,19.739
639.5,19.801
639.6,19.952
639.7,19.964
639.8,19.753
639.9,19.372
640,18.919
640.1,18.526
640.2,18.253
640.3,18.178
640.4,18.235
640.5,18.203
640.6,18.035
640.7,17.836
640.8,17.656
640.9,17.422
641,17.225
641.1,17.265
641.2,17.718
641.3,18.464
641.4,18.847
641.5,18.347
641.6,16.909
641.7,14.985
641.8,13.373
641.9,12.657
642,13.009
642.1,13.812
642.2,14.548
642.3,15.114
642.4,15.773
642.5,16.573
642.6,17.147
642.7,16.939
642.8,15.99
642.9,14.887
643,14.528
643.1,14.871
643.2,15.378
643.3,15.479
643.4,15.102
643.5,14.41
643.6,13.85
643.7,13.872
643.8,14.464
643.9,15.467
644,16.531
644.1,17.303
644.2,17.566
644.3,17.596
644.4,17.849
644.5,18.31
644.6,18.771
644.7,19.159
644.8,19.594
644.9,20.037
645,20.268
645.1,20.174
645.2,19.571
645.3,18.492
645.4,17.233
645.5,16.303
645.6,16.441
645.7,17.725
645.8,19.674
645.9,21.086
646,21.375
646.1,20.896
646.2,20.471
646.3,20.696
646.4,21.592
646.5,22.847
646.6,23.897
646.7,24.392
646.8,24.481
646.9,24.622
647,24.71
647.1,24.157
647.2,22.562
647.3,20.419
647.4,18.443
647.5,17.414
647.6,17.335
647.7,17.848
647.8,18.464
647.9,18.764
648,18.379
648.1,17.192
648.2,15.804
648.3,14.876
648.4,14.797
648.5,15.371
648.6,16.261
648.7,17.284
648.8,18.286
648.9,19.003
649,18.975
649.1,17.72
649.2,15.721
649.3,13.852
649.4,13.272
649.5,13.698
649.6,14.372
649.7,14.559
649.8,14.344
649.9,14.173
650,14.606
650.1,15.737
650.2,17.132
650.3,18.367
650.4,19.314
650.5,20.024
650.6,20.39
650.7,20.174
650.8,19.304
650.9,17.819
651,16.254
651.1,15.227
651.2,15.08
651.3,15.969
651.4,17.311
651.5,18.366
651.6,18.556
651.7,18.046
651.8,17.482
651.9,17.306
652,17.438
652.1,17.578
652.2,17.622
652.3,17.742
652.4,18.041
652.5,18.572
652.6,19.276
652.7,19.633
652.8,19.076
652.9,17.404
653,15.291
653.1,13.591
653.2,12.708
653.3,12.367
653.4,12.362
653.5,12.92
653.6,14.31
653.7,16.187
653.8,17.802
653.9,18.373
654,17.909
654.1,16.863
654.2,15.839
654.3,14.934
654.4,14.168
654.5,13.697
654.6,13.648
654.7,14.236
654.8,15.609
654.9,17.562
655,19.597
655.1,21.286
655.2,22.321
655.3,22.609
655.4,22.193
655.5,21.069
655.6,19.502
655.7,18.105
655.8,17.784
655.9,18.663
656,20.18
656.1,21.27
656.2,21.252
656.3,20.074
656.4,18.168
656.5,16.553
656.6,15.98
656.7,16.559
656.8,17.63
656.9,18.594
657,19.085
657.1,18.789
657.2,17.888
657.3,16.776
657.4,16.112
657.5,16.172
657.6,16.625
657.7,16.719
657.8,16.197
657.9,15.568
658,15.402
658.1,15.652
658.2,15.849
658.3,15.805
658.4,15.604
658.5,15.471
658.6,15.547
658.7,15.958
658.8,16.665
658.9,17.931
659,19.818
659.1,21.688
659.2,22.696
659.3,22.385
659.4,21.537
659.5,20.824
659.6,20.441
659.7,20.032
659.8,19.375
659.9,18.681
660,18.301
660.1,18.313
660.2,18.594
660.3,19.223
660.4,20.254
660.5,21.471
660.6,22.229
660.7,22.034
660.8,20.825
660.9,18.949
661,17.145
661.1,15.786
661.2,14.938
661.3,14.417
661.4,14.055
661.5,13.989
661.6,14.281
661.7,14.473
661.8,14.176
661.9,13.469
662,12.94
662.1,12.892
662.2,13.427
662.3,14.252
662.4,15.277
662.5,16.539
662.6,17.639
662.7,18.158
662.8,18.048
662.9,17.818
663,17.904
663.1,18.297
663.2,18.533
663.3,18.311
663.4,17.877
663.5,17.756
663.6,17.896
663.7,18.233
663.8,18.785
663.9,19.351
664,19.692
664.1,19.759
664.2,19.761
664.3,19.845
664.4,20.267
664.5,20.797
664.6,20.812
664.7,20.04
664.8,19.086
664.9,18.739
665,19.065
665.1,19.466
665.2,19.105
665.3,17.803
665.4,16.078
665.5,14.625
665.6,13.593
665.7,13.054
665.8,13.309
665.9,14.427
666,16.132
666.1,17.982
666.2,19.552
666.3,20.534
666.4,20.926
666.5,20.849
666.6,20.339
666.7,19.438
666.8,18.321
666.9,17.1
667,16.032
667.1,15.461
667.2,15.47
667.3,15.781
667.4,16.049
667.5,16.186
667.6,16.357
667.7,16.841
667.8,17.642
667.9,18.375
668,18.532
668.1,18.188
668.2,17.606
668.3,17.113
668.4,16.781
668.5,16.486
668.6,16.18
668.7,16.009
668.8,15.932
668.9,15.66
669,15.213
669.1,14.736
669.2,14.335
669.3,14.322
669.4,14.855
669.5,15.724
669.6,16.525
669.7,16.935
669.8,17.049
669.9,17.663
670,19.104
670.1,20.865
670.2,21.585
670.3,20.77
670.4,18.934
670.5,16.948
670.6,15.684
670.7,15.128
670.8,14.873
670.9,14.66
671,14.353
671.1,14.136
671.2,14.246
671.3,14.672
671.4,15.235
671.5,15.43
671.6,15.294
671.7,15.152
671.8,15.541
671.9,16.559
672,17.535
672.1,17.685
672.2,17.056
672.3,16.279
672.4,15.991
672.5,16.165
672.6,16.43
672.7,16.74
672.8,17.402
672.9,18.202
673,18.367
673.1,17.197
673.2,15.53
673.3,14.473
673.4,15.008
673.5,16.666
673.6,18.485
673.7,19.346
673.8,18.898
673.9,17.413
674,15.522
674.1,14.103
674.2,13.46
674.3,13.513
674.4,13.977
674.5,14.625
674.6,15.236
674.7,15.584
674.8,15.696
674.9,15.63
675,15.355
675.1,14.852
675.2,14.034
675.3,13.134
675.4,12.511
675.5,12.23
675.6,12.305
675.7,12.738
675.8,13.431
675.9,14.344
676,15.46
676.1,16.605
676.2,17.532
676.3,17.747
676.4,17.01
676.5,15.444
676.6,13.787
676.7,12.915
676.8,12.964
676.9,13.573
677,14.168
677.1,14.583
677.2,14.941
677.3,15.398
677.4,15.912
677.5,16.244
677.6,16.167
677.7,15.913
677.8,15.703
677.9,15.492
678,15.335
678.1,15.244
678.2,15.012
678.3,14.664
678.4,14.566
678.5,15.086
678.6,16.204
678.7,17.544
678.8,18.317
678.9,18.118
679,17.425
679.1,16.796
679.2,16.427
679.3,16.083
679.4,15.547
679.5,14.961
679.6,14.792
679.7,14.963
679.8,14.722
679.9,13.724
680,12.482
680.1,11.999
680.2,12.645
680.3,13.748
680.4,14.219
680.5,13.851
680.6,13.463
680.7,13.581
680.8,13.915
680.9,13.947
681,13.719
681.1,13.758
681.2,14.329
681.3,15.061
681.4,15.144
681.5,14.407
681.6,13.334
681.7,12.675
681.8,12.926
681.9,14.009
682,15.488
682.1,16.663
682.2,16.975
682.3,16.195
682.4,14.66
682.5,13.06
682.6,11.844
682.7,11.327
682.8,11.249
682.9,11.487
683,11.99
683.1,12.607
683.2,13.039
683.3,13.179
683.4,13.176
683.5,13.222
683.6,13.27
683.7,13.118
683.8,12.797
683.9,12.486
684,12.282
684.1,11.988
684.2,11.692
684.3,11.832
684.4,12.556
684.5,13.778
684.6,14.744
684.7,14.73
684.8,13.734
684.9,12.544
685,12.235
685.1,13.146
685.2,14.98
685.3,16.548
685.4,17.06
685.5,16.594
685.6,15.86
685.7,15.514
685.8,15.512
685.9,15.633
686,15.71
686.1,15.631
686.2,15.305
686.3,14.736
686.4,14.157
686.5,13.878
686.6,14.209
686.7,15.162
686.8,16.602
686.9,18.17
687,19.387
687.1,19.903
687.2,19.581
687.3,18.806
687.4,17.827
687.5,16.601
687.6,15.146
687.7,13.715
687.8,12.683
687.9,11.967
688,11.469
688.1,11.325
688.2,11.616
688.3,12.182
688.4,12.792
688.5,13.217
688.6,13.452
688.7,13.574
688.8,13.855
688.9,14.599
689,15.762
689.1,16.696
689.2,16.722
689.3,15.639
689.4,14.049
689.5,12.846
689.6,12.253
689.7,12.069
689.8,12.083
689.9,12.316
690,12.799
690.1,13.269
690.2,13.307
690.3,12.582
690.4,11.148
690.5,9.655
690.6,8.663
690.7,8.741
690.8,9.543
690.9,10.425
691,10.826
691.1,10.763
691.2,10.587
691.3,10.709
691.4,11.222
691.5,11.825
691.6,12.199
691.7,12.246
691.8,12.091
691.9,11.977
692,12.482
692.1,13.686
692.2,15.27
692.3,16.433
692.4,16.914
692.5,16.916
692.6,16.9
692.7,16.897
692.8,16.511
692.9,15.373
693,13.849
693.1,12.838
693.2,13.036
693.3,14.085
693.4,14.905
693.5,14.789
693.6,13.919
693.7,13.49
693.8,14.247
693.9,16.035
694,17.613
694.1,18.255
694.2,17.675
694.3,16.365
694.4,14.859
694.5,13.494
694.6,12.583
694.7,12.232
694.8,12.214
694.9,12.156
695,11.958
695.1,11.976
695.2,12.795
695.3,14.164
695.4,15.209
695.5,14.952
695.6,13.822
695.7,12.566
695.8,11.829
695.9,11.62
696,11.756
696.1,12.136
696.2,12.544
696.3,12.667
696.4,12.478
696.5,12.381
696.6,12.811
696.7,13.839
696.8,14.716
696.9,14.634
697,13.565
697.1,12.402
697.2,12.056
697.3,12.67
697.4,13.884
697.5,14.809
697.6,14.953
697.7,14.406
697.8,13.965
697.9,14.361
698,15.782
698.1,17.499
698.2,18.34
698.3,17.681
698.4,15.935
698.5,14.169
698.6,12.877
698.7,12.433
698.8,12.652
698.9,13.331
699,14.109
699.1,14.378
699.2,13.813
699.3,12.649
699.4,11.622
699.5,11.157
699.6,11.267
699.7,11.683
699.8,12.186
699.9,12.905
700,14.077
700.1,15.495
700.2,16.801
700.3,17.705
700.4,18.187
700.5,18.221
700.6,17.947
700.7,17.718
700.8,17.594
700.9,17.205
701,16.402
701.1,15.592
701.2,15.166
701.3,15.267
701.4,15.47
701.5,15.282
701.6,14.533
701.7,13.632
701.8,12.872
701.9,12.54
702,12.741
702.1,13.48
702.2,14.546
702.3,15.428
702.4,15.778
702.5,15.368
702.6,14.546
702.7,13.911
702.8,13.67
702.9,13.679
703,13.593
703.1,13.488
703.2,13.613
703.3,14.024
703.4,14.804
703.5,15.878
703.6,16.889
703.7,17.327
703.8,16.731
703.9,15.59
704,14.606
704.1,14.208
704.2,14.051
704.3,13.634
704.4,12.782
704.5,11.777
704.6,11.18
704.7,11.39
704.8,12.593
704.9,14.186
705,15.667
705.1,16.464
705.2,16.337
705.3,15.256
705.4,13.395
705.5,11.487
705.6,10.321
705.7,10.462
705.8,11.495
705.9,12.487
706,12.962
706.1,12.96
706.2,12.925
706.3,13.144
706.4,13.614
706.5,13.935
706.6,13.846
706.7,13.239
706.8,12.254
706.9,11.184
707,10.578
707.1,10.844
707.2,11.839
707.3,12.842
707.4,13.039
707.5,12.388
707.6,11.63
707.7,11.671
707.8,12.486
707.9,13.666
708,14.605
708.1,14.914
708.2,14.416
708.3,13.306
708.4,12.247
708.5,11.731
708.6,11.999
708.7,12.503
708.8,12.764
708.9,12.794
709,12.857
709.1,13.033
709.2,13.264
709.3,13.434
709.4,13.342
709.5,12.991
709.6,12.721
709.7,12.602
709.8,12.461
709.9,12.105
710,11.705
710.1,11.671
710.2,12.134
710.3,12.567
710.4,12.512
710.5,12.224
710.6,12.5
710.7,13.376
710.8,14.291
710.9,14.754
711,14.988
711.1,15.243
711.2,15.464
711.3,15.247
711.4,14.322
711.5,12.806
711.6,11.348
711.7,10.398
711.8,10.01
711.9,9.891
712,9.898
712.1,10.161
712.2,11
712.3,12.337
712.4,13.626
712.5,14.121
712.6,13.821
712.7,13.247
712.8,13.002
712.9,13.17
713,13.521
713.1,13.466
713.2,12.838
713.3,11.998
713.4,11.514
713.5,11.499
713.6,11.62
713.7,11.667
713.8,11.644
713.9,11.757
714,12.106
714.1,12.506
714.2,12.831
714.3,13.112
714.4,13.279
714.5,13.08
714.6,12.567
714.7,12.315
714.8,12.711
714.9,13.579
715,14.116
715.1,13.679
715.2,12.556
715.3,11.588
715.4,11.403
715.5,11.954
715.6,12.944
715.7,13.773
715.8,14.11
715.9,14.131
716,14.216
716.1,14.425
716.2,14.868
716.3,15.406
716.4,15.48
716.5,14.938
716.6,13.893
716.7,12.874
716.8,12.559
716.9,13.48
717,15.031
717.1,16.12
717.2,16.308
717.3,15.695
717.4,14.856
717.5,13.977
717.6,12.697
717.7,11.169
717.8,9.994
717.9,9.972
718,10.81
718.1,11.689
718.2,11.769
718.3,11.366
718.4,11.283
718.5,11.967
718.6,13.108
718.7,14.04
718.8,14.403
718.9,14.376
719,14.465
719.1,14.659
719.2,14.531
719.3,14.076
719.4,13.64
719.5,13.513
719.6,13.612
719.7,13.712
719.8,13.723
719.9,13.84
720,14.179
720.1,14.605
720.2,14.751
720.3,14.75
720.4,15.001
720.5,15.62
720.6,16.415
720.7,17.223
720.8,17.881
720.9,18.223
721,18.162
721.1,17.648
721.2,16.872
721.3,16.04
721.4,15.222
721.5,14.394
721.6,13.72
721.7,13.435
721.8,13.517
721.9,13.679
722,13.77
722.1,13.815
722.2,13.762
722.3,13.539
722.4,13.34
722.5,13.553
722.6,14.202
722.7,14.832
722.8,14.833
722.9,14.09
723,13.3
723.1,13.218
723.2,13.631
723.3,13.906
723.4,13.664
723.5,13.154
723.6,12.773
723.7,12.909
723.8,13.321
723.9,13.671
724,14.024
724.1,14.45
724.2,14.701
724.3,14.364
724.4,13.479
724.5,12.375
724.6,11.602
724.7,11.41
724.8,11.668
724.9,12.23
725,12.967
725.1,13.654
725.2,14.208
725.3,14.979
725.4,15.836
725.5,16.308
725.6,15.899
725.7,14.81
725.8,13.655
725.9,13.19
726,13.397
726.1,13.708
726.2,13.789
726.3,13.688
726.4,13.225
726.5,12.398
726.6,11.688
726.7,11.513
726.8,11.902
726.9,12.481
727,12.775
727.1,12.821
727.2,13.35
727.3,14.579
727.4,15.855
727.5,16.129
727.6,15.477
727.7,14.672
727.8,14.603
727.9,15.292
728,15.995
728.1,16.237
728.2,16.118
728.3,15.913
728.4,15.624
728.5,15.269
728.6,15.099
728.7,15.222
728.8,15.737
728.9,16.415
729,16.942
729.1,17.054
729.2,16.77
729.3,16.169
729.4,15.434
729.5,14.875
729.6,14.64
729.7,14.62
729.8,14.613
729.9,14.459
730,13.965
730.1,13.064
730.2,12.09
730.3,11.323
730.4,11.155
730.5,11.646
730.6,12.609
730.7,13.499
730.8,13.822
730.9,13.702
731,13.659
731.1,13.906
731.2,14.226
731.3,14.346
731.4,14.394
731.5,14.841
731.6,15.787
731.7,16.7
731.8,16.955
731.9,16.348
732,15.108
732.1,13.882
732.2,13.121
732.3,12.93
732.4,12.981
732.5,13.186
732.6,13.659
732.7,14.346
732.8,14.957
732.9,15.282
733,15.29
733.1,15.082
733.2,14.702
733.3,14.345
733.4,14.413
733.5,14.988
733.6,15.715
733.7,16.028
733.8,15.783
733.9,15.609
734,16.024
734.1,16.623
734.2,16.77
734.3,16.372
734.4,15.889
734.5,15.645
734.6,15.869
734.7,16.448
734.8,17.085
734.9,17.714
735,18.315
735.1,18.907
735.2,19.41
735.3,19.5
735.4,18.798
735.5,17.29
735.6,15.637
735.7,14.41
735.8,13.988
735.9,14.101
736,14.346
736.1,14.517
736.2,14.438
736.3,14.116
736.4,13.897
736.5,14.505
736.6,15.652
736.7,16.809
736.8,17.464
736.9,17.614
737,17.435
737.1,16.75
737.2,15.389
737.3,13.737
737.4,12.827
737.5,13.295
737.6,14.701
737.7,16.183
737.8,16.799
737.9,16.449
738,15.468
738.1,14.572
738.2,14.237
738.3,14.634
738.4,15.517
738.5,16.179
738.6,16.292
738.7,16.147
738.8,16.253
738.9,16.716
739,17.24
739.1,17.289
739.2,16.756
739.3,16.09
739.4,16.044
739.5,16.394
739.6,16.52
739.7,16.347
739.8,16.378
739.9,16.948
740,17.803
740.1,18.25
740.2,17.88
740.3,16.65
740.4,15.299
740.5,14.395
740.6,14.346
740.7,15.124
740.8,16.217
740.9,17.147
741,17.678
741.1,17.822
741.2,17.435
741.3,16.295
741.4,14.974
741.5,14.146
741.6,14.243
741.7,14.692
741.8,14.886
741.9,14.725
742,14.624
742.1,14.767
742.2,14.936
742.3,14.908
742.4,14.94
742.5,15.099
742.6,14.927
742.7,14.133
742.8,13.074
742.9,12.735
743,13.583
743.1,15.326
743.2,17.072
743.3,18.134
743.4,18.343
743.5,17.583
743.6,16.071
743.7,14.397
743.8,13.197
743.9,12.98
744,13.588
744.1,14.603
744.2,15.577
744.3,16.211
744.4,16.38
744.5,16.01
744.6,15.352
744.7,14.503
744.8,13.418
744.9,12.107
745,10.892
745.1,10.528
745.2,11.36
745.3,13.041
745.4,14.686
745.5,15.524
745.6,15.685
745.7,15.718
745.8,15.963
745.9,16.034
746,15.572
746.1,14.607
746.2,13.725
746.3,13.223
746.4,12.947
746.5,12.572
746.6,12.325
746.7,12.744
746.8,13.831
746.9,14.981
747,15.405
747.1,15.106
747.2,14.866
747.3,15.177
747.4,15.742
747.5,15.762
747.6,14.96
747.7,13.686
747.8,12.975
747.9,13.518
748,15.192
748.1,16.789
748.2,17.272
748.3,16.149
748.4,14.269
748.5,12.869
748.6,12.932
748.7,14.319
748.8,16.164
748.9,17.607
749,17.994
749.1,17.6
749.2,16.942
749.3,16.519
749.4,16.291
749.5,15.887
749.6,14.767
749.7,13.253
749.8,12.19
749.9,12.358
750,13.457
750.1,14.523
750.2,14.726
750.3,14.004
750.4,13.138
750.5,12.758
750.6,12.946
750.7,13.626
750.8,14.781
750.9,16.006
751,16.545
751.1,15.865
751.2,14.259
751.3,13
751.4,12.989
751.5,14.286
751.6,15.651
751.7,16.274
751.8,15.908
751.9,14.901
752,13.755
752.1,12.72
752.2,12.126
752.3,12.102
752.4,12.67
752.5,13.555
752.6,14.174
752.7,14.373
752.8,14.338
752.9,14.312
753,14.232
753.1,14.007
753.2,13.758
753.3,13.863
753.4,14.551
753.5,15.368
753.6,15.479
753.7,14.665
753.8,13.666
753.9,13.329
754,13.739
754.1,14.386
754.2,15.052
754.3,15.988
754.4,17.152
754.5,17.874
754.6,17.636
754.7,16.594
754.8,15.655
754.9,15.361
755,15.508
755.1,15.529
755.2,15.394
755.3,15.338
755.4,15.497
755.5,15.731
755.6,15.971
755.7,16.24
755.8,16.454
755.9,16.337
756,15.643
756.1,14.732
756.2,14.071
756.3,14.023
756.4,14.317
756.5,14.409
756.6,14.206
756.7,13.964
756.8,13.783
756.9,13.679
757,13.744
757.1,13.97
757.2,14.103
757.3,13.872
757.4,13.37
757.5,12.793
757.6,12.596
757.7,12.843
757.8,13.359
757.9,13.846
758,14.114
758.1,14.161
758.2,14.17
758.3,14.556
758.4,15.263
758.5,15.909
758.6,16.176
758.7,16.054
758.8,15.672
758.9,15.4
759,15.522
759.1,15.907
759.2,16.068
759.3,15.704
759.4,14.899
759.5,14.241
759.6,14.229
759.7,14.704
759.8,15.377
759.9,16.039
760,16.488
760.1,16.466
760.2,15.717
760.3,14.582
760.4,13.636
760.5,13.555
760.6,14.21
760.7,15.393
760.8,16.682
760.9,17.527
761,17.768
761.1,17.564
761.2,17.162
761.3,16.938
761.4,17.398
761.5,18.448
761.6,19.347
761.7,19.429
761.8,18.427
761.9,17.08
762,16.185
762.1,16.238
762.2,16.651
762.3,17.048
762.4,17.38
762.5,17.822
762.6,18.261
762.7,18.367
762.8,18.012
762.9,17.154
763,16.173
763.1,15.729
763.2,16.217
763.3,17.561
763.4,19.012
763.5,19.787
763.6,19.422
763.7,18.104
763.8,16.849
763.9,16.196
764,16.286
764.1,16.356
764.2,15.96
764.3,15.442
764.4,15.615
764.5,16.564
764.6,17.526
764.7,17.771
764.8,17.416
764.9,16.793
765,16.008
765.1,14.941
765.2,13.747
765.3,13.181
765.4,13.524
765.5,14.453
765.6,15.48
765.7,16.575
765.8,17.685
765.9,18.34
766,18.132
766.1,17.126
766.2,15.885
766.3,15.165
766.4,15.096
766.5,15.571
766.6,16.279
766.7,16.855
766.8,17.043
766.9,16.601
767,15.677
767.1,14.378
767.2,13.208
767.3,12.991
767.4,14.064
767.5,15.748
767.6,16.711
767.7,16.724
767.8,16.376
767.9,16.288
768,16.262
768.1,15.502
768.2,13.528
768.3,11.435
768.4,10.286
768.5,10.43
768.6,10.95
768.7,11.29
768.8,11.255
768.9,11.373
769,12.114
769.1,13.392
769.2,14.406
769.3,14.73
769.4,14.692
769.5,14.943
769.6,15.442
769.7,15.742
769.8,15.539
769.9,15.177
770,14.95
770.1,14.78
770.2,14.144
770.3,12.907
770.4,11.901
770.5,12.108
770.6,13.594
770.7,15.666
770.8,17.309
770.9,18.241
771,18.505
771.1,18.269
771.2,17.67
771.3,16.761
771.4,15.929
771.5,15.541
771.6,15.661
771.7,15.928
771.8,15.961
771.9,15.807
772,15.506
772.1,15.086
772.2,14.638
772.3,14.26
772.4,14.251
772.5,14.924
772.6,16.301
772.7,17.597
772.8,17.912
772.9,16.972
773,14.998
773.1,12.805
773.2,11.139
773.3,10.754
773.4,11.56
773.5,13.27
773.6,15.188
773.7,16.385
773.8,16.612
773.9,16.441
774,16.604
774.1,17.118
774.2,17.728
774.3,18.167
774.4,18.338
774.5,18.444
774.6,18.72
774.7,19.013
774.8,18.949
774.9,18.178
775,17.235
775.1,16.906
775.2,17.757
775.3,19.1
775.4,19.785
775.5,18.893
775.6,16.775
775.7,14.463
775.8,12.669
775.9,11.763
776,11.905
776.1,13.014
776.2,14.376
776.3,15.198
776.4,15.105
776.5,14.213
776.6,13.518
776.7,13.407
776.8,13.814
776.9,14.415
777,14.975
777.1,15.205
777.2,15.093
777.3,15.075
777.4,15.427
777.5,16.177
777.6,17.003
777.7,17.526
777.8,17.585
777.9,17.329
778,16.943
778.1,16.564
778.2,16.266
778.3,16.037
778.4,15.638
778.5,15.025
778.6,14.38
778.7,13.86
778.8,13.484
778.9,13.126
779,12.676
779.1,12.272
779.2,12.14
779.3,12.346
779.4,12.576
779.5,12.543
779.6,12.131
779.7,11.057
779.8,9.607
779.9,8.452
780,8.515
780.1,9.933
780.2,12.138
780.3,14.343
780.4,16.011
780.5,17.097
780.6,17.401
780.7,16.519
780.8,14.772
780.9,13.102
781,12.6
781.1,13.074
781.2,13.879
781.3,14.386
781.4,14.642
781.5,14.938
781.6,15.398
781.7,15.681
781.8,15.464
781.9,14.643
782,13.622
782.1,13.117
782.2,13.641
782.3,14.786
782.4,15.611
782.5,15.696
782.6,15.166
782.7,14.526
782.8,13.905
782.9,13.361
783,13.153
783.1,13.643
783.2,14.837
783.3,15.966
783.4,16.359
783.5,16.012
783.6,15.668
783.7,15.704
783.8,15.907
783.9,15.822
784,15.327
784.1,14.48
784.2,13.596
784.3,13.072
784.4,13.204
784.5,14.055
784.6,15.073
784.7,15.693
784.8,15.691
784.9,15.461
785,15.133
785.1,14.491
785.2,13.52
785.3,12.629
785.4,12.349
785.5,12.786
785.6,13.444
785.7,13.833
785.8,13.701
785.9,13.212
786,12.697
786.1,12.514
786.2,12.724
786.3,13.078
786.4,13.13
786.5,12.81
786.6,12.329
786.7,12.066
786.8,12.008
786.9,11.831
787,11.618
787.1,11.691
787.2,12.313
787.3,13.43
787.4,14.518
787.5,14.824
787.6,14.162
787.7,13.291
787.8,13.023
787.9,13.545
788,14.832
788.1,16.289
788.2,17.166
788.3,17.049
788.4,16.183
788.5,15.143
788.6,14.575
788.7,14.751
788.8,15.057
788.9,15.191
789,15.324
789.1,15.682
789.2,16.277
789.3,16.976
789.4,17.679
789.5,18.401
789.6,18.989
789.7,19.173
789.8,19.082
789.9,19.152
790,19.281
790.1,18.922
790.2,17.607
790.3,15.549
790.4,13.808
790.5,13.086
790.6,13.453
790.7,14.215
790.8,15.126
790.9,16.063
791,16.9
791.1,17.558
791.2,18.002
791.3,18.227
791.4,18.065
791.5,17.179
791.6,15.609
791.7,14.165
791.8,13.602
791.9,14.016
792,14.674
792.1,15.039
792.2,15.381
792.3,16.336
792.4,17.95
792.5,19.243
792.6,19.082
792.7,17.254
792.8,14.55
792.9,12.385
793,11.273
793.1,11.017
793.2,11.161
793.3,11.614
793.4,12.626
793.5,14.359
793.6,16.304
793.7,17.719
793.8,17.943
793.9,17.312
794,16.421
794.1,16.292
794.2,17.103
794.3,18.34
794.4,18.969
794.5,18.28
794.6,16.709
794.7,15.282
794.8,14.929
794.9,15.385
795,15.879
795.1,15.875
795.2,15.661
795.3,15.521
795.4,15.417
795.5,14.903
795.6,13.951
795.7,13.123
795.8,12.957
795.9,13.329
796,13.705
796.1,13.732
796.2,13.456
796.3,13.026
796.4,12.48
796.5,11.899
796.6,11.573
796.7,11.961
796.8,12.883
796.9,13.8
797,14.136
797.1,14.019
797.2,13.884
797.3,13.845
797.4,13.499
797.5,12.584
797.6,11.49
797.7,11.223
797.8,12.437
797.9,14.908
798,17.187
798.1,18.143
798.2,17.45
798.3,15.605
798.4,13.71
798.5,12.389
798.6,12.055
798.7,12.387
798.8,13.106
798.9,13.72
799,14.049
799.1,14.436
799.2,15.186
799.3,16.146
799.4,16.833
799.5,16.755
799.6,15.918
799.7,14.762
799.8,13.767
799.9,13.412
800,13.718
800.1,14.356
800.2,14.808
800.3,14.999
800.4,15.151
800.5,15.427
800.6,15.719
800.7,15.856
800.8,15.646
800.9,15.064
801,14.108
801.1,12.919
801.2,11.987
801.3,11.714
801.4,12.123
801.5,12.804
801.6,13.464
801.7,14.084
801.8,14.749
801.9,15.533
802,16.369
802.1,17.078
802.2,17.483
802.3,17.485
802.4,17.154
802.5,16.81
802.6,16.648
802.7,16.461
802.8,15.966
802.9,15.19
803,14.41
803.1,14.129
803.2,14.166
803.3,14.012
803.4,13.438
803.5,13.261
803.6,14.178
803.7,16.217
803.8,18.195
803.9,18.798
804,17.369
804.1,15.067
804.2,13.439
804.3,13.449
804.4,15.124
804.5,17.306
804.6,18.647
804.7,18.241
804.8,16.872
804.9,15.515
805,15.216
805.1,15.859
805.2,16.84
805.3,17.644
805.4,18.265
805.5,18.53
805.6,17.839
805.7,15.973
805.8,13.651
805.9,12.061
806,11.995
806.1,12.9
806.2,14.016
806.3,14.751
806.4,15.049
806.5,15.046
806.6,14.911
806.7,14.799
806.8,14.856
806.9,15.245
807,15.696
807.1,15.806
807.2,15.615
807.3,15.516
807.4,15.731
807.5,16.15
807.6,16.448
807.7,16.386
807.8,16.118
807.9,16.317
808,16.956
808.1,17.525
808.2,17.475
808.3,17.083
808.4,16.8
808.5,16.802
808.6,16.906
808.7,16.79
808.8,16.411
808.9,15.949
809,15.372
809.1,14.779
809.2,14.545
809.3,15.118
809.4,16.6
809.5,18.35
809.6,19.384
809.7,19.216
809.8,17.991
809.9,16.551
810,15.451
810.1,15.141
810.2,15.42
810.3,15.91
810.4,16.385
810.5,16.751
810.6,16.985
810.7,17.256
810.8,17.712
810.9,18.213
811,18.432
811.1,17.912
811.2,16.784
811.3,15.594
811.4,15.388
811.5,16.361
811.6,18.002
811.7,19.328
811.8,19.732
811.9,19.335
812,18.415
812.1,17.339
812.2,16.2
812.3,15.007
812.4,14.079
812.5,13.906
812.6,14.64
812.7,15.874
812.8,17.032
812.9,17.825
813,18.29
813.1,18.84
813.2,19.476
813.3,20.078
813.4,20.7
813.5,21.21
813.6,21.312
813.7,20.756
813.8,19.623
813.9,18.294
814,17.43
814.1,17.13
814.2,16.927
814.3,16.758
814.4,16.902
814.5,17.417
814.6,18.054
814.7,18.13
814.8,17.14
814.9,15.199
815,13.585
815.1,13.305
815.2,14.511
815.3,16.29
815.4,17.75
815.5,18.284
815.6,17.903
815.7,17.338
815.8,17.2
815.9,18.007
816,19.578
816.1,21.49
816.2,22.862
816.3,23.353
816.4,23.059
816.5,22.105
816.6,20.835
816.7,19.522
816.8,18.277
816.9,17.246
817,16.568
817.1,16.191
817.2,15.955
817.3,15.897
817.4,16.14
817.5,16.8
817.6,17.5
817.7,17.777
817.8,17.16
817.9,16.165
818,15.409
818.1,15.194
818.2,15.297
818.3,15.503
818.4,15.899
818.5,16.638
818.6,17.506
818.7,18.097
818.8,18.068
818.9,17.614
819,17.184
819.1,16.994
819.2,16.949
819.3,16.864
819.4,16.684
819.5,16.524
819.6,16.356
819.7,16.24
819.8,16.378
819.9,16.695
820,16.749
820.1,15.97
820.2,14.534
820.3,13.159
820.4,12.723
820.5,13.273
820.6,14.161
820.7,14.602
820.8,14.449
820.9,13.846
821,13.187
821.1,12.91
821.2,13.309
821.3,14.463
821.4,15.979
821.5,17.263
821.6,18.123
821.7,19.075
821.8,20.324
821.9,21.286
822,20.947
822.1,19.467
822.2,17.671
822.3,16.72
822.4,16.649
822.5,16.78
822.6,16.722
822.7,16.57
822.8,16.291
822.9,15.605
823,14.581
823.1,13.825
823.2,13.714
823.3,14.15
823.4,14.885
823.5,15.808
823.6,16.989
823.7,18.181
823.8,18.808
823.9,18.028
824,16.348
824.1,14.97
824.2,15.028
824.3,16.225
824.4,17.96
824.5,19.467
824.6,20.216
824.7,20.157
824.8,19.273
824.9,17.807
825,16.442
825.1,15.778
825.2,15.496
825.3,14.752
825.4,13.577
825.5,12.815
825.6,13.013
825.7,14.006
825.8,15.056
825.9,15.712
826,16.062
826.1,16.222
826.2,16.145
826.3,15.913
826.4,15.658
826.5,15.287
826.6,14.584
826.7,13.348
826.8,11.981
826.9,11.134
827,11.115
827.1,11.753
827.2,12.444
827.3,12.901
827.4,12.969
827.5,12.824
827.6,12.65
827.7,12.776
827.8,13.468
827.9,14.663
828,16.014
828.1,17.093
828.2,17.655
828.3,17.649
828.4,17.23
828.5,16.467
828.6,15.348
828.7,14.223
828.8,13.655
828.9,13.881
829,14.547
829.1,14.759
829.2,14.076
829.3,12.867
829.4,12.155
829.5,12.548
829.6,14.003
829.7,15.662
829.8,16.61
829.9,16.353
830,15.123
830.1,13.892
830.2,13.303
830.3,13.475
830.4,13.7
830.5,13.531
830.6,12.942
830.7,12.629
830.8,13.126
830.9,14.309
831,15.277
831.1,15.503
831.2,15.09
831.3,14.735
831.4,15.051
831.5,16.42
831.6,18.554
831.7,20.378
831.8,20.855
831.9,19.035
832,16.033
832.1,13.348
832.2,12.735
832.3,13.924
832.4,15.662
832.5,16.636
832.6,16.437
832.7,15.499
832.8,14.304
832.9,13.452
833,13.355
833.1,14.282
833.2,15.888
833.3,16.981
833.4,16.868
833.5,15.792
833.6,15.056
833.7,15.292
833.8,16.385
833.9,17.35
834,17.508
834.1,16.753
834.2,15.523
834.3,14.136
834.4,13.272
834.5,13.586
834.6,14.771
834.7,16.022
834.8,16.332
834.9,15.757
835,14.982
835.1,15.016
835.2,15.843
835.3,16.848
835.4,17.53
835.5,17.774
835.6,17.781
835.7,17.751
835.8,17.717
835.9,17.645
836,17.43
836.1,17.21
836.2,17.143
836.3,17.329
836.4,17.484
836.5,17.111
836.6,16.059
836.7,14.743
836.8,13.944
836.9,13.727
837,13.527
837.1,12.951
837.2,12.257
837.3,12.071
837.4,12.47
837.5,12.903
837.6,12.804
837.7,12.362
837.8,12.427
837.9,13.43
838,14.778
838.1,15.47
838.2,15.095
838.3,14.13
838.4,13.959
838.5,15.394
838.6,18.1
838.7,20.176
838.8,20.225
838.9,17.797
839,14.329
839.1,11.729
839.2,10.948
839.3,11.558
839.4,12.673
839.5,14.086
839.6,15.873
839.7,17.689
839.8,18.897
839.9,18.412
840,16.528
840.1,14.32
840.2,13.303
840.3,13.864
840.4,15.339
840.5,16.685
840.6,17.295
840.7,17.159
840.8,16.544
840.9,16.142
841,16.453
841.1,17.756
841.2,19.651
841.3,20.977
841.4,20.912
841.5,19.157
841.6,16.927
841.7,15.03
841.8,14.09
841.9,13.893
842,13.931
842.1,13.762
842.2,13.368
842.3,13.165
842.4,13.438
842.5,14.067
842.6,14.489
842.7,14.322
842.8,13.903
842.9,13.94
843,14.692
843.1,15.878
843.2,16.662
843.3,16.389
843.4,15.311
843.5,14.617
843.6,14.677
843.7,15.026
843.8,15.037
843.9,14.485
844,13.587
844.1,12.882
844.2,12.543
844.3,12.461
844.4,12.775
844.5,13.555
844.6,14.57
844.7,15.278
844.8,15.431
844.9,15.032
845,14.29
845.1,13.605
845.2,13.068
845.3,12.386
845.4,11.602
845.5,11.292
845.6,12.09
845.7,13.963
845.8,15.761
845.9,16.29
846,15.27
846.1,13.979
846.2,13.288
846.3,13.408
846.4,13.575
846.5,13.26
846.6,12.6
846.7,12.239
846.8,12.331
846.9,12.816
847,13.776
847.1,15.092
847.2,16.225
847.3,16.39
847.4,15.524
847.5,14.243
847.6,13.837
847.7,14.581
847.8,15.781
847.9,16.29
848,16.013
848.1,15.463
848.2,15.146
848.3,15.028
848.4,14.785
848.5,14.191
848.6,13.65
848.7,13.619
848.8,14.337
848.9,15.761
849,17.458
849.1,18.822
849.2,19.208
849.3,18.799
849.4,18.025
849.5,17.336
849.6,16.708
849.7,15.8
849.8,14.585
849.9,13.768
850,13.886
850.1,15.073
850.2,16.971
850.3,19.047
850.4,20.832
850.5,21.898
850.6,22.086
850.7,21.528
850.8,20.521
850.9,19.381
851,17.992
851.1,16.202
851.2,14.451
851.3,13.258
851.4,12.975
851.5,13.232
851.6,13.547
851.7,13.621
851.8,13.607
851.9,13.977
852,14.994
852.1,16.442
852.2,17.654
852.3,18.083
852.4,17.49
852.5,16.63
852.6,16.216
852.7,16.481
852.8,16.749
852.9,16.475
853,15.548
853.1,14.527
853.2,13.926
853.3,13.986
853.4,14.623
853.5,15.605
853.6,16.732
853.7,17.515
853.8,17.555
853.9,16.853
854,15.957
854.1,15.391
854.2,15.17
854.3,15.016
854.4,14.646
854.5,14.174
854.6,13.991
854.7,14.211
854.8,14.781
854.9,15.469
855,15.967
855.1,16.094
855.2,15.913
855.3,15.763
855.4,15.992
855.5,16.597
855.6,16.918
855.7,16.445
855.8,15.438
855.9,14.551
856,14.226
856.1,14.358
856.2,14.445
856.3,14.232
856.4,13.94
856.5,13.711
856.6,13.388
856.7,13.042
856.8,12.945
856.9,13.484
857,14.759
857.1,16.425
857.2,17.706
857.3,18.162
857.4,17.864
857.5,17.239
857.6,16.779
857.7,16.663
857.8,16.791
857.9,17.148
858,17.891
858.1,18.783
858.2,19.303
858.3,19.35
858.4,19.259
858.5,19.449
858.6,19.727
858.7,19.76
858.8,19.124
858.9,18.024
859,16.918
859.1,16.243
859.2,15.997
859.3,16.139
859.4,16.564
859.5,16.97
859.6,17.014
859.7,16.6
859.8,15.786
859.9,14.855
860,14.163
860.1,13.971
860.2,14.223
860.3,14.846
860.4,15.666
860.5,16.346
860.6,16.676
860.7,16.744
860.8,17.18
860.9,18.296
861,19.547
861.1,19.855
861.2,18.935
861.3,17.282
861.4,15.868
861.5,15.212
861.6,15.007
861.7,14.597
861.8,13.992
861.9,13.583
862,13.67
862.1,14.028
862.2,14.502
862.3,14.948
862.4,15.189
862.5,15.142
862.6,14.816
862.7,14.681
862.8,15.27
862.9,16.668
863,18.203
863.1,19.151
863.2,19.069
863.3,18.04
863.4,16.704
863.5,15.645
863.6,15.425
863.7,15.711
863.8,15.902
863.9,15.192
864,13.754
864.1,12.286
864.2,11.371
864.3,11.087
864.4,11.271
864.5,11.6
864.6,11.715
864.7,11.629
864.8,11.613
864.9,11.786
865,11.978
865.1,12.065
865.2,12.003
865.3,12.107
865.4,12.515
865.5,12.793
865.6,12.424
865.7,11.61
865.8,11.225
865.9,11.819
866,13.151
866.1,14.368
866.2,14.612
866.3,13.889
866.4,12.773
866.5,12.132
866.6,12.108
866.7,12.548
866.8,13.018
866.9,13.282
867,13.425
867.1,13.422
867.2,13.405
867.3,13.441
867.4,13.563
867.5,13.647
867.6,13.587
867.7,13.396
867.8,12.934
867.9,12.175
868,11.048
868.1,9.894
868.2,9.309
868.3,9.476
868.4,10.034
868.5,10.356
868.6,10.428
868.7,10.692
868.8,11.455
868.9,12.565
869,13.403
869.1,13.546
869.2,13.096
869.3,12.511
869.4,12.418
869.5,12.906
869.6,13.688
869.7,14.183
869.8,14.09
869.9,13.608
870,13.385
870.1,13.846
870.2,14.716
870.3,15.092
870.4,14.391
870.5,12.819
870.6,11.233
870.7,10.375
870.8,10.111
870.9,10.112
871,10.258
871.1,10.748
871.2,11.703
871.3,12.553
871.4,12.685
871.5,12.183
871.6,11.704
871.7,11.702
871.8,12.112
871.9,12.573
872,12.874
872.1,13.358
872.2,14.398
872.3,15.65
872.4,16.503
872.5,16.44
872.6,15.479
872.7,14.103
872.8,13.07
872.9,13.032
873,13.611
873.1,14.118
873.2,13.726
873.3,12.659
873.4,11.64
873.5,11.441
873.6,11.943
873.7,12.564
873.8,12.898
873.9,13.174
874,13.741
874.1,14.794
874.2,15.776
874.3,15.914
874.4,15.035
874.5,13.572
874.6,12.553
874.7,12.518
874.8,13.575
874.9,14.755
875,15.35
875.1,14.896
875.2,13.809
875.3,12.856
875.4,12.612
875.5,12.904
875.6,13.256
875.7,13.43
875.8,13.44
875.9,13.3
876,13.086
876.1,12.851
876.2,12.654
876.3,12.44
876.4,12.056
876.5,11.607
876.6,11.534
876.7,12.368
876.8,13.642
876.9,14.575
877,14.837
877.1,14.749
877.2,14.75
877.3,14.916
877.4,15.052
877.5,15.197
877.6,15.467
877.7,15.748
877.8,15.701
877.9,15.036
878,13.858
878.1,12.896
878.2,12.639
878.3,13.214
878.4,14.106
878.5,14.806
878.6,14.996
878.7,14.821
878.8,14.391
878.9,13.48
879,11.885
879.1,10.045
879.2,8.76
879.3,8.69
879.4,9.394
879.5,10.221
879.6,10.8
879.7,11.337
879.8,11.911
879.9,12.432
880,12.746
880.1,13.016
880.2,13.453
880.3,13.956
880.4,14.252
880.5,14.052
880.6,13.341
880.7,12.509
880.8,12.004
880.9,12.058
881,12.4
881.1,12.743
881.2,12.603
881.3,11.905
881.4,10.834
881.5,9.978
881.6,9.858
881.7,10.69
881.8,12.482
881.9,14.312
882,15.154
882.1,14.487
882.2,12.829
882.3,11.645
882.4,11.888
882.5,13.326
882.6,14.508
882.7,14.612
882.8,13.672
882.9,12.762
883,12.614
883.1,13.303
883.2,14.149
883.3,14.649
883.4,14.468
883.5,13.922
883.6,13.588
883.7,13.663
883.8,13.877
883.9,13.933
884,13.665
884.1,13.192
884.2,12.946
884.3,13.066
884.4,13.43
884.5,13.897
884.6,14.147
884.7,13.852
884.8,13.366
884.9,13.111
885,13.248
885.1,13.624
885.2,14.163
885.3,14.648
885.4,14.72
885.5,14.265
885.6,13.349
885.7,12.716
885.8,13.205
885.9,14.746
886,15.956
886.1,15.696
886.2,14.205
886.3,12.879
886.4,12.901
886.5,14.073
886.6,15.386
886.7,15.974
886.8,15.915
886.9,15.529
887,15.042
887.1,14.549
887.2,14.01
887.3,13.44
887.4,12.911
887.5,12.577
887.6,12.561
887.7,12.507
887.8,12.188
887.9,11.865
888,12.199
888.1,13.425
888.2,14.873
888.3,15.375
888.4,14.649
888.5,13.277
888.6,12.292
888.7,12.029
888.8,12.241
888.9,12.455
889,12.594
889.1,12.923
889.2,13.512
889.3,14.268
889.4,15.233
889.5,16.272
889.6,17.09
889.7,17.379
889.8,16.736
889.9,15.314
890,13.864
890.1,13.245
890.2,13.773
890.3,14.841
890.4,15.785
890.5,15.796
890.6,14.96
890.7,13.688
890.8,12.453
890.9,11.697
891,11.648
891.1,12.306
891.2,13.114
891.3,13.566
891.4,13.28
891.5,12.159
891.6,10.653
891.7,9.424
891.8,9.092
891.9,9.689
892,11.097
892.1,13.168
892.2,15.438
892.3,17.379
892.4,18.209
892.5,17.873
892.6,16.771
892.7,15.759
892.8,15.529
892.9,15.91
893,16.297
893.1,16.138
893.2,15.314
893.3,14.054
893.4,13.077
893.5,12.597
893.6,12.222
893.7,11.414
893.8,10.292
893.9,9.348
894,9.327
894.1,10.153
894.2,11.332
894.3,12.29
894.4,12.79
894.5,12.977
894.6,13.031
894.7,13.135
894.8,13.375
894.9,13.645
895,13.72
895.1,13.435
895.2,12.919
895.3,12.76
895.4,13.244
895.5,14.155
895.6,14.73
895.7,14.762
895.8,14.585
895.9,14.596
896,15.057
896.1,15.708
896.2,16.099
896.3,16.113
896.4,16.003
896.5,16.025
896.6,16.084
896.7,16.165
896.8,16.239
896.9,15.881
897,15.14
897.1,14.312
897.2,13.906
897.3,13.987
897.4,14.304
897.5,14.343
897.6,13.924
897.7,13.476
897.8,13.225
897.9,12.858
898,12.268
898.1,11.884
898.2,12.341
898.3,13.476
898.4,14.711
898.5,15.368
898.6,15.32
898.7,14.61
898.8,13.134
898.9,11.186
899,9.417
899.1,9.016
899.2,10.412
899.3,12.781
899.4,14.841
899.5,15.861
899.6,16.086
899.7,15.83
899.8,15.3
899.9,14.736
900,14.252
900.1,13.94
900.2,13.597
900.3,12.986
900.4,12.218
900.5,11.822
900.6,12.038
900.7,12.452
900.8,12.479
900.9,12.028
901,11.323
901.1,10.898
901.2,10.884
901.3,11.045
901.4,11.012
901.5,10.782
901.6,10.725
901.7,11.144
901.8,11.787
901.9,12.395
902,13.133
902.1,14.13
902.2,15.149
902.3,15.509
902.4,14.823
902.5,13.628
902.6,12.95
902.7,13.301
902.8,14.302
902.9,15.34
903,15.652
903.1,15.03
903.2,13.823
903.3,12.828
903.4,12.579
903.5,13.318
903.6,14.782
903.7,15.905
903.8,16.208
903.9,15.74
904,15.027
904.1,14.507
904.2,14.471
904.3,14.803
904.4,15.289
904.5,15.842
904.6,15.946
904.7,15.057
904.8,13.136
904.9,10.951
905,9.679
905.1,10.008
905.2,11.782
905.3,13.526
905.4,14.412
905.5,14.335
905.6,13.955
905.7,13.713
905.8,13.697
905.9,13.829
906,13.942
906.1,13.89
906.2,13.724
906.3,13.552
906.4,13.382
906.5,13.242
906.6,13.114
906.7,12.941
906.8,12.935
906.9,13.375
907,13.91
907.1,14.104
907.2,13.987
907.3,13.792
907.4,13.86
907.5,14.229
907.6,14.48
907.7,14.138
907.8,13.295
907.9,12.48
908,11.824
908.1,11.402
908.2,10.977
908.3,10.609
908.4,10.817
908.5,11.749
908.6,13.024
908.7,13.888
908.8,13.969
908.9,13.374
909,12.5
909.1,11.97
909.2,12.007
909.3,12.505
909.4,13.126
909.5,13.595
909.6,13.721
909.7,13.591
909.8,13.527
909.9,13.478
910,13.172
910.1,12.572
910.2,12.136
910.3,12.719
910.4,14.401
910.5,16.162
910.6,16.789
910.7,16.185
910.8,15.376
910.9,15.308
911,16.246
911.1,17.162
911.2,17.422
911.3,16.891
911.4,16.038
911.5,15.207
911.6,14.621
911.7,14.131
911.8,13.666
911.9,13.636
912,14.301
912.1,15.475
912.2,16.802
912.3,17.481
912.4,17.193
912.5,16.07
912.6,14.421
912.7,12.764
912.8,11.512
912.9,11.075
913,11.349
913.1,12.078
913.2,12.758
913.3,13.026
913.4,13.025
913.5,12.842
913.6,12.519
913.7,12.179
913.8,11.748
913.9,11.187
914,10.846
914.1,10.929
914.2,11.417
914.3,12.064
914.4,12.56
914.5,12.633
914.6,12.676
914.7,13.153
914.8,14.016
914.9,14.586
915,14.336
915.1,13.205
915.2,12.088
915.3,11.764
915.4,12.22
915.5,12.617
915.6,12.34
915.7,11.401
915.8,10.517
915.9,10.233
916,10.469
916.1,10.895
916.2,11.27
916.3,11.676
916.4,12.27
916.5,12.902
916.6,13.037
916.7,12.078
916.8,10.244
916.9,8.431
917,7.749
917.1,8.783
917.2,10.849
917.3,12.937
917.4,14.185
917.5,14.643
917.6,14.63
917.7,14.372
917.8,14.033
917.9,13.813
918,13.895
918.1,14.2
918.2,14.632
918.3,14.973
918.4,15.104
918.5,14.966
918.6,14.509
918.7,13.856
918.8,13.401
918.9,13.477
919,13.78
919.1,13.878
919.2,13.874
919.3,14.052
919.4,14.456
919.5,14.959
919.6,15.252
919.7,15.022
919.8,14.214
919.9,13.027
920,11.876
920.1,11.283
920.2,11.602
920.3,12.353
920.4,12.786
920.5,12.621
920.6,11.823
920.7,10.747
920.8,9.71
920.9,9.497
921,10.505
921.1,12.463
921.2,14.379
921.3,15.239
921.4,14.961
921.5,14.16
921.6,13.781
921.7,14.234
921.8,15.011
921.9,15.274
922,14.837
922.1,13.866
922.2,13.052
922.3,12.776
922.4,12.987
922.5,13.375
922.6,13.881
922.7,14.706
922.8,15.672
922.9,16.462
923,16.808
923.1,16.511
923.2,16.013
923.3,15.938
923.4,16.47
923.5,17.011
923.6,16.842
923.7,15.711
923.8,14.117
923.9,13.153
924,13.272
924.1,14.359
924.2,15.641
924.3,16.626
924.4,16.775
924.5,16.25
924.6,15.616
924.7,15.302
924.8,15.157
924.9,14.793
925,14.09
925.1,13.451
925.2,13.258
925.3,13.436
925.4,13.709
925.5,14.046
925.6,14.688
925.7,15.724
925.8,16.728
925.9,17.304
926,17.054
926.1,16.202
926.2,15.124
926.3,14.201
926.4,13.731
926.5,13.54
926.6,13.367
926.7,12.819
926.8,11.877
926.9,10.869
927,10.378
927.1,10.511
927.2,11.029
927.3,11.618
927.4,11.994
927.5,12.129
927.6,12.158
927.7,12.204
927.8,12.32
927.9,12.676
928,13.394
928.1,14.19
928.2,14.692
928.3,14.666
928.4,14.343
928.5,14.081
928.6,14.11
928.7,14.361
928.8,14.599
928.9,14.597
929,14.473
929.1,14.401
929.2,14.347
929.3,14.017
929.4,13.267
929.5,12.315
929.6,11.728
929.7,11.819
929.8,12.464
929.9,13.073
930,13.28
930.1,13.095
930.2,12.619
930.3,12.001
930.4,11.397
930.5,11.217
930.6,11.436
930.7,11.732
930.8,11.952
930.9,12.331
931,13.131
931.1,14.308
931.2,15.246
931.3,15.507
931.4,15.091
931.5,14.52
931.6,14.251
931.7,14.316
931.8,14.69
931.9,15.143
932,15.377
932.1,15.051
932.2,14.481
932.3,14.164
932.4,14.366
932.5,14.885
932.6,15.234
932.7,15.049
932.8,14.517
932.9,13.949
933,13.46
933.1,13.093
933.2,12.855
933.3,12.7
933.4,12.377
933.5,11.83
933.6,11.198
933.7,10.837
933.8,10.98
933.9,11.604
934,12.495
934.1,13.313
934.2,13.839
934.3,13.895
934.4,13.341
934.5,12.461
934.6,11.638
934.7,11.194
934.8,11.162
934.9,11.32
935,11.482
935.1,11.65
935.2,11.821
935.3,12
935.4,12.295
935.5,12.787
935.6,13.436
935.7,13.886
935.8,13.753
935.9,12.895
936,11.854
936.1,11.1
936.2,10.722
936.3,10.844
936.4,11.464
936.5,12.452
936.6,13.568
936.7,14.311
936.8,14.397
936.9,13.901
937,13.321
937.1,12.856
937.2,12.309
937.3,11.496
937.4,10.567
937.5,10.06
937.6,10.4
937.7,11.372
937.8,12.627
937.9,13.721
938,14.462
938.1,14.955
938.2,15.06
938.3,14.833
938.4,14.47
938.5,13.934
938.6,13.184
938.7,12.378
938.8,11.982
938.9,12.087
939,12.343
939.1,12.443
939.2,12.325
939.3,12.337
939.4,12.69
939.5,13.158
939.6,13.382
939.7,13.36
939.8,13.312
939.9,13.503
940,14.075
940.1,14.86
940.2,15.212
940.3,14.729
940.4,13.562
940.5,12.389
940.6,11.682
940.7,11.585
940.8,11.917
940.9,12.505
941,13.155
941.1,13.326
941.2,12.779
941.3,11.903
941.4,11.733
941.5,12.608
941.6,13.989
941.7,14.867
941.8,14.935
941.9,14.556
942,14.013
942.1,13.362
942.2,12.568
942.3,11.569
942.4,10.671
942.5,10.165
942.6,10.066
942.7,10.402
942.8,11.113
942.9,12.146
943,13.216
943.1,14.052
943.2,14.531
943.3,14.342
943.4,13.706
943.5,12.923
943.6,12.116
943.7,11.339
943.8,10.637
943.9,10.081
944,9.681
944.1,9.633
944.2,10.172
944.3,11.209
944.4,12.338
944.5,13.167
944.6,13.314
944.7,13.028
944.8,12.654
944.9,12.461
945,12.485
945.1,12.862
945.2,13.736
945.3,14.941
945.4,16.31
945.5,17.394
945.6,17.498
945.7,16.558
945.8,15.001
945.9,13.763
946,13.46
946.1,14.072
946.2,15.217
946.3,16.287
946.4,17.061
946.5,17.075
946.6,16.372
946.7,15.436
946.8,14.514
946.9,13.525
947,12.398
947.1,11.314
947.2,10.762
947.3,11.035
947.4,12.065
947.5,13.31
947.6,14.33
947.7,14.897
947.8,14.71
947.9,14.104
948,13.45
948.1,12.832
948.2,12.192
948.3,11.777
948.4,12.227
948.5,13.664
948.6,15.424
948.7,16.495
948.8,16.196
948.9,15.038
949,13.976
949.1,13.898
949.2,14.591
949.3,15.419
949.4,15.378
949.5,14.165
949.6,12.167
949.7,10.376
949.8,9.655
949.9,10.387
950,12.257
950.1,14.014
950.2,14.863
950.3,14.825
950.4,14.582
950.5,14.519
950.6,14.507
950.7,14.019
950.8,12.936
950.9,11.617
951,10.579
951.1,10.274
951.2,10.944
951.3,12.542
951.4,14.103
951.5,14.792
951.6,14.325
951.7,13.387
951.8,12.743
951.9,12.579
952,12.658
952.1,12.729
952.2,12.801
952.3,12.936
952.4,13.192
952.5,13.718
952.6,14.393
952.7,14.722
952.8,14.339
952.9,13.231
953,12.101
953.1,11.614
953.2,11.967
953.3,12.533
953.4,12.769
953.5,12.474
953.6,11.793
953.7,11.048
953.8,10.583
953.9,10.671
954,11.173
954.1,11.962
954.2,12.566
954.3,12.83
954.4,12.835
954.5,12.652
954.6,12.588
954.7,12.858
954.8,13.497
954.9,13.974
955,13.801
955.1,12.841
955.2,11.662
955.3,11.115
955.4,11.426
955.5,11.918
955.6,11.884
955.7,11.304
955.8,10.686
955.9,10.568
956,10.951
956.1,11.47
956.2,11.891
956.3,12.275
956.4,12.616
956.5,12.758
956.6,12.721
956.7,12.841
956.8,13.529
956.9,14.749
957,15.817
957.1,15.994
957.2,15.568
957.3,15.062
957.4,14.63
957.5,13.89
957.6,12.785
957.7,11.705
957.8,11.072
957.9,10.931
958,11.105
958.1,11.633
958.2,12.642
958.3,13.97
958.4,14.945
958.5,15.17
958.6,14.791
958.7,14.227
958.8,13.807
958.9,13.672
959,13.887
959.1,14.511
959.2,15.609
959.3,17.028
959.4,17.982
959.5,17.737
959.6,15.878
959.7,13.058
959.8,10.625
959.9,9.767
960,10.712
960.1,12.609
960.2,14.734
960.3,16.104
960.4,16.32
960.5,15.488
960.6,14.284
960.7,13.632
960.8,13.766
960.9,14.287
961,14.36
961.1,13.775
961.2,12.77
961.3,11.796
961.4,11.199
961.5,11.18
961.6,11.812
961.7,12.811
961.8,13.674
961.9,13.782
962,13.199
962.1,12.348
962.2,11.752
962.3,11.491
962.4,11.437
962.5,11.655
962.6,12.184
962.7,12.917
962.8,13.629
962.9,14.104
963,14.193
963.1,13.816
963.2,12.927
963.3,11.757
963.4,10.845
963.5,10.846
963.6,11.313
963.7,11.49
963.8,11.106
963.9,10.855
964,11.415
964.1,12.835
964.2,14.132
964.3,14.637
964.4,14.461
964.5,14.361
964.6,14.551
964.7,14.706
964.8,14.314
964.9,13.307
965,12.034
965.1,10.916
965.2,10.31
965.3,10.357
965.4,11.046
965.5,12.056
965.6,13.076
965.7,13.541
965.8,13.314
965.9,12.842
966,12.649
966.1,12.884
966.2,13.299
966.3,13.388
966.4,12.639
966.5,11.462
966.6,10.58
966.7,10.55
966.8,11.482
966.9,13.275
967,15.047
967.1,15.829
967.2,15.3
967.3,13.591
967.4,11.445
967.5,9.54
967.6,8.291
967.7,7.726
967.8,7.813
967.9,8.541
968,9.423
968.1,9.904
968.2,9.698
968.3,9.072
968.4,8.835
968.5,9.312
968.6,10.412
968.7,11.477
968.8,12.074
968.9,12.098
969,11.811
969.1,11.523
969.2,11.361
969.3,11.593
969.4,12.23
969.5,12.729
969.6,12.539
969.7,11.76
969.8,10.784
969.9,9.983
970,9.447
970.1,9.117
970.2,8.971
970.3,9.071
970.4,9.32
970.5,9.417
970.6,9.334
970.7,9.482
970.8,9.968
970.9,10.316
971,10.232
971.1,9.927
971.2,9.953
971.3,10.523
971.4,11.458
971.5,12.442
971.6,13.473
971.7,14.63
971.8,15.559
971.9,15.799
972,15.293
972.1,14.25
972.2,13.186
972.3,12.468
972.4,12.221
972.5,12.209
972.6,11.913
972.7,11.164
972.8,10.473
972.9,10.73
973,12.325
973.1,14.537
973.2,15.832
973.3,15.458
973.4,13.789
973.5,12.238
973.6,11.544
973.7,11.741
973.8,12.137
973.9,12.369
974,12.363
974.1,12.476
974.2,13.067
974.3,14.102
974.4,15.032
974.5,15.16
974.6,14.238
974.7,12.709
974.8,11.88
974.9,12.51
975,14.272
975.1,15.703
975.2,16.063
975.3,15.305
975.4,14.348
975.5,13.82
975.6,13.676
975.7,13.459
975.8,13.098
975.9,13.093
976,13.786
976.1,14.847
976.2,15.759
976.3,15.788
976.4,15.186
976.5,14.623
976.6,14.649
976.7,15.147
976.8,15.821
976.9,16.195
977,16.068
977.1,15.783
977.2,15.836
977.3,16.391
977.4,17.304
977.5,17.999
977.6,17.46
977.7,15.647
977.8,13.118
977.9,11.055
978,10.224
978.1,10.61
978.2,11.524
978.3,12.304
978.4,13.079
978.5,14.127
978.6,15.172
978.7,15.552
978.8,14.821
978.9,13.469
979,12.501
979.1,12.43
979.2,12.967
979.3,13.378
979.4,13.344
979.5,13.03
979.6,12.862
979.7,13.112
979.8,13.829
979.9,14.555
980,14.95
980.1,14.779
980.2,14.339
980.3,13.986
980.4,13.815
980.5,13.683
980.6,13.506
980.7,13.37
980.8,13.332
980.9,13.178
981,12.733
981.1,12.25
981.2,12.459
981.3,13.589
981.4,14.93
981.5,15.354
981.6,14.49
981.7,12.906
981.8,11.741
981.9,11.359
982,11.427
982.1,11.437
982.2,11.258
982.3,10.9
982.4,10.448
982.5,10.021
982.6,9.776
982.7,10.073
982.8,10.952
982.9,12.111
983,12.894
983.1,13.084
983.2,12.906
983.3,12.824
983.4,13.161
983.5,13.85
983.6,14.698
983.7,15.163
983.8,14.826
983.9,13.568
984,11.756
984.1,10.144
984.2,9.362
984.3,9.703
984.4,10.442
984.5,11.283
984.6,12.319
984.7,13.41
984.8,14.301
984.9,14.97
985,15.375
985.1,15.382
985.2,14.892
985.3,13.943
985.4,12.825
985.5,11.943
985.6,11.779
985.7,12.276
985.8,13.249
985.9,14.349
986,15.015
986.1,14.964
986.2,14.02
986.3,12.755
986.4,11.804
986.5,11.626
986.6,12.031
986.7,12.439
986.8,12.268
986.9,11.384
987,10.376
987.1,10
987.2,10.85
987.3,12.811
987.4,15.196
987.5,16.711
987.6,16.715
987.7,15.352
987.8,13.405
987.9,11.772
988,10.7
988.1,10.113
988.2,9.812
988.3,9.697
988.4,9.66
988.5,9.61
988.6,9.664
988.7,10.009
988.8,10.505
988.9,10.573
989,10.079
989.1,9.562
989.2,9.656
989.3,10.524
989.4,11.881
989.5,12.975
989.6,13.374
989.7,13.087
989.8,12.618
989.9,12.351
990,12.476
990.1,12.692
990.2,12.637
990.3,12.239
990.4,11.743
990.5,11.446
990.6,11.343
990.7,11.224
990.8,10.912
990.9,10.509
991,10.276
991.1,10.533
991.2,11.473
991.3,12.934
991.4,14.323
991.5,15.215
991.6,15.321
991.7,14.623
991.8,13.424
991.9,12.1
992,10.993
992.1,10.178
992.2,9.671
992.3,9.512
992.4,9.779
992.5,10.562
992.6,11.653
992.7,12.405
992.8,12.4
992.9,11.758
993,11.141
993.1,10.873
993.2,10.752
993.3,10.402
993.4,9.966
993.5,10.117
993.6,11.369
993.7,13.109
993.8,14.45
993.9,14.428
994,13.565
994.1,12.72
994.2,12.662
994.3,13.364
994.4,14.478
994.5,15.44
994.6,15.66
994.7,15.218
994.8,14.447
994.9,13.605
995,12.969
995.1,12.761
995.2,12.97
995.3,13.519
995.4,14.292
995.5,14.868
995.6,14.929
995.7,14.501
995.8,13.959
995.9,13.621
996,13.548
996.1,13.509
996.2,13.271
996.3,13.002
996.4,13.005
996.5,13.192
996.6,13.196
996.7,12.822
996.8,12.265
996.9,11.887
997,11.858
997.1,12.303
997.2,13.031
997.3,13.717
997.4,13.765
997.5,12.86
997.6,11.483
997.7,10.457
997.8,10.206
997.9,10.563
998,11.025
998.1,11.201
998.2,11.153
998.3,11.097
998.4,11.419
998.5,12.201
998.6,13.265
998.7,14.161
998.8,14.799
998.9,15.434
999,16.049
999.1,16.456
999.2,16.431
999.3,15.684
999.4,14.358
999.5,12.946
999.6,12.023
999.7,11.903
999.8,12.372
999.9,13.142
1000,13.855
1000.1,14.288
1000.2,14.148
1000.3,13.221
1000.4,12.124
1000.5,11.598
1000.6,12.25
1000.7,13.536
1000.8,14.586
1000.9,14.821
1001,14.31
1001.1,13.422
1001.2,12.509
1001.3,12.086
1001.4,12.359
1001.5,13.095
1001.6,13.593
1001.7,13.387
1001.8,12.434
1001.9,11.292
1002,10.745
1002.1,11.017
1002.2,11.889
1002.3,12.72
1002.4,13.071
1002.5,12.705
1002.6,11.899
1002.7,11.265
1002.8,11.227
1002.9,11.826
1003,12.569
1003.1,12.894
1003.2,12.484
1003.3,11.784
1003.4,11.399
1003.5,11.892
1003.6,13.02
1003.7,14.236
1003.8,14.849
1003.9,14.801
1004,14.453
1004.1,14.229
1004.2,14.294
1004.3,14.57
1004.4,14.921
1004.5,15.091
1004.6,14.914
1004.7,14.344
1004.8,13.595
1004.9,12.912
1005,12.359
1005.1,12.103
1005.2,12.246
1005.3,12.615
1005.4,12.643
1005.5,12.035
1005.6,11.104
1005.7,10.484
1005.8,10.545
1005.9,10.953
1006,11.209
1006.1,11.252
1006.2,11.399
1006.3,11.782
1006.4,12.205
1006.5,12.322
1006.6,12.066
1006.7,11.762
1006.8,11.865
1006.9,12.462
1007,13.253
1007.1,13.618
1007.2,13.401
1007.3,12.991
1007.4,12.964
1007.5,13.271
1007.6,13.523
1007.7,13.393
1007.8,12.869
1007.9,12.238
1008,11.966
1008.1,12.208
1008.2,12.959
1008.3,14.037
1008.4,15.203
1008.5,16.035
1008.6,16.178
1008.7,15.945
1008.8,15.726
1008.9,15.667
1009,15.524
1009.1,15.07
1009.2,14.138
1009.3,13.021
1009.4,12.333
1009.5,12.289
1009.6,12.843
1009.7,13.58
1009.8,14.244
1009.9,14.985
1010,16.036
1010.1,17.012
1010.2,16.92
1010.3,15.465
1010.4,13.375
1010.5,11.87
1010.6,11.561
1010.7,11.852
1010.8,11.939
1010.9,11.668
1011,11.403
1011.1,11.233
1011.2,11.183
1011.3,11.484
1011.4,12.394
1011.5,13.745
1011.6,14.709
1011.7,14.743
1011.8,13.772
1011.9,12.599
1012,12
1012.1,12.188
1012.2,12.539
1012.3,12.492
1012.4,11.862
1012.5,10.845
1012.6,9.872
1012.7,9.117
1012.8,8.48
1012.9,7.996
1013,8.137
1013.1,9.33
1013.2,11.02
1013.3,12.733
1013.4,14.052
1013.5,14.844
1013.6,15.17
1013.7,15.045
1013.8,14.506
1013.9,13.697
1014,12.878
1014.1,12.33
1014.2,12.144
1014.3,12.306
1014.4,12.625
1014.5,12.757
1014.6,12.609
1014.7,12.389
1014.8,12.402
1014.9,12.737
1015,13.236
1015.1,13.518
1015.2,13.37
1015.3,12.694
1015.4,11.843
1015.5,11.27
1015.6,11.203
1015.7,11.589
1015.8,12.106
1015.9,12.538
1016,12.858
1016.1,13.119
1016.2,13.178
1016.3,12.916
1016.4,12.622
1016.5,12.585
1016.6,12.861
1016.7,13.27
1016.8,13.814
1016.9,14.717
1017,16.025
1017.1,17.33
1017.2,18.061
1017.3,17.932
1017.4,17.173
1017.5,16.074
1017.6,15.086
1017.7,14.461
1017.8,14.254
1017.9,14.154
1018,13.742
1018.1,12.973
1018.2,12.104
1018.3,11.624
1018.4,11.884
1018.5,12.934
1018.6,14.268
1018.7,15.384
1018.8,16.095
1018.9,16.345
1019,16.133
1019.1,15.398
1019.2,14.099
1019.3,12.827
1019.4,12.092
1019.5,11.803
1019.6,11.543
1019.7,11.493
1019.8,12.193
1019.9,13.516
1020,14.863
1020.1,15.486
1020.2,15.033
1020.3,14.041
1020.4,13.162
1020.5,12.703
1020.6,12.465
1020.7,12.223
1020.8,11.924
1020.9,11.86
1021,12.221
1021.1,12.795
1021.2,12.99
1021.3,12.556
1021.4,11.595
1021.5,10.586
1021.6,9.969
1021.7,9.972
1021.8,10.505
1021.9,11.123
1022,11.36
1022.1,11.241
1022.2,11.277
1022.3,11.869
1022.4,13.222
1022.5,14.777
1022.6,15.957
1022.7,16.154
1022.8,15.539
1022.9,14.484
1023,13.276
1023.1,12.128
1023.2,11.096
1023.3,10.329
1023.4,10.36
1023.5,11.264
1023.6,12.507
1023.7,13.034
1023.8,12.525
1023.9,11.588
1024,11.2
1024.1,11.595
1024.2,12.392
1024.3,13.088
1024.4,13.491
1024.5,13.538
1024.6,13.121
1024.7,12.405
1024.8,11.862
1024.9,11.829
1025,12.038
1025.1,11.97
1025.2,11.741
1025.3,12.268
1025.4,13.732
1025.5,15.465
1025.6,16.246
1025.7,15.888
1025.8,15.03
1025.9,14.585
1026,14.75
1026.1,14.996
1026.2,14.672
1026.3,13.833
1026.4,13.023
1026.5,12.941
1026.6,13.751
1026.7,14.779
1026.8,15.374
1026.9,15.273
1027,14.862
1027.1,14.556
1027.2,14.441
1027.3,14.213
1027.4,13.786
1027.5,13.111
1027.6,12.27
1027.7,11.304
1027.8,10.267
1027.9,9.394
1028,8.964
1028.1,9.107
1028.2,9.57
1028.3,10.313
1028.4,11.512
1028.5,13.054
1028.6,14.481
1028.7,15.291
1028.8,15.16
1028.9,14.702
1029,14.307
1029.1,13.999
1029.2,13.736
1029.3,13.651
1029.4,13.824
1029.5,14.028
1029.6,14.015
1029.7,13.808
1029.8,13.821
1029.9,14.21
1030,14.62
1030.1,14.451
1030.2,13.583
1030.3,12.258
1030.4,11.114
1030.5,10.547
1030.6,10.637
1030.7,11.394
1030.8,12.466
1030.9,13.485
1031,13.924
1031.1,13.543
1031.2,12.59
1031.3,11.647
1031.4,11.324
1031.5,11.54
1031.6,11.94
1031.7,12.127
1031.8,12.133
1031.9,12.326
1032,13.094
1032.1,14.223
1032.2,15.192
1032.3,15.16
1032.4,14.21
1032.5,13.188
1032.6,13.098
1032.7,14.105
1032.8,15.473
1032.9,16.506
1033,16.667
1033.1,15.938
1033.2,14.449
1033.3,12.506
1033.4,11.053
1033.5,10.848
1033.6,12.14
1033.7,13.808
1033.8,14.804
1033.9,14.465
1034,13.242
1034.1,11.893
1034.2,11.183
1034.3,11.25
1034.4,11.673
1034.5,12.043
1034.6,12.197
1034.7,12.328
1034.8,12.49
1034.9,12.61
1035,12.501
1035.1,12.075
1035.2,11.748
1035.3,11.953
1035.4,12.931
1035.5,14.414
1035.6,15.474
1035.7,15.484
1035.8,14.344
1035.9,12.775
1036,11.494
1036.1,10.84
1036.2,10.852
1036.3,11.374
1036.4,12.21
1036.5,12.944
1036.6,13.141
1036.7,12.633
1036.8,11.516
1036.9,10.368
1037,9.715
1037.1,9.792
1037.2,10.481
1037.3,11.457
1037.4,12.112
1037.5,12.173
1037.6,11.839
1037.7,11.436
1037.8,11.184
1037.9,11.076
1038,11.059
1038.1,11.091
1038.2,11.341
1038.3,11.944
1038.4,12.931
1038.5,14.234
1038.6,15.775
1038.7,17.128
1038.8,17.66
1038.9,17.259
1039,16.323
1039.1,15.487
1039.2,15.081
1039.3,15.127
1039.4,15.23
1039.5,15.171
1039.6,15.103
1039.7,15.114
1039.8,15.087
1039.9,14.753
1040,13.74
1040.1,12.433
1040.2,11.627
1040.3,12.146
1040.4,13.645
1040.5,15.167
1040.6,15.503
1040.7,14.277
1040.8,12.378
1040.9,10.927
1041,10.578
1041.1,10.908
1041.2,11.255
1041.3,11.265
1041.4,11.364
1041.5,11.842
1041.6,12.435
1041.7,12.592
1041.8,12.277
1041.9,12.082
1042,12.546
1042.1,13.501
1042.2,14.203
1042.3,14.114
1042.4,13.435
1042.5,12.814
1042.6,13.008
1042.7,13.946
1042.8,15.204
1042.9,16.319
1043,17.024
1043.1,17.124
1043.2,16.598
1043.3,15.778
1043.4,14.815
1043.5,14.008
1043.6,13.523
1043.7,13.318
1043.8,13.385
1043.9,13.577
1044,13.548
1044.1,12.976
1044.2,12.014
1044.3,11.159
1044.4,10.89
1044.5,11.427
1044.6,12.158
1044.7,12.468
1044.8,12.162
1044.9,11.701
1045,11.447
1045.1,11.658
1045.2,12.004
1045.3,12.149
1045.4,11.95
1045.5,11.672
1045.6,11.63
1045.7,11.865
1045.8,12.289
1045.9,12.561
1046,12.505
1046.1,12.219
1046.2,11.881
1046.3,11.518
1046.4,10.994
1046.5,10.441
1046.6,10.063
1046.7,10.068
1046.8,10.241
1046.9,10.187
1047,9.739
1047.1,9.466
1047.2,9.941
1047.3,11.099
1047.4,12.131
1047.5,12.363
1047.6,11.909
1047.7,11.772
1047.8,12.527
1047.9,13.858
1048,14.778
1048.1,14.841
1048.2,14.467
1048.3,14.371
1048.4,14.661
1048.5,15.023
1048.6,15.312
1048.7,15.635
1048.8,16.005
1048.9,16.311
1049,16.395
1049.1,16.077
1049.2,15.304
1049.3,14.099
1049.4,12.903
1049.5,12.316
1049.6,12.794
1049.7,13.876
1049.8,14.964
1049.9,15.57
1050,15.688
1050.1,15.497
1050.2,15.153
1050.3,15.01
1050.4,15.277
1050.5,15.776
1050.6,16.102
1050.7,16.208
1050.8,16.16
1050.9,15.887
1051,15.351
1051.1,14.578
1051.2,13.845
1051.3,13.753
1051.4,14.502
1051.5,15.632
1051.6,16.372
1051.7,16.353
1051.8,15.728
1051.9,15.04
1052,14.602
1052.1,14.331
1052.2,13.943
1052.3,13.308
1052.4,12.548
1052.5,12.258
1052.6,12.76
1052.7,13.945
1052.8,15.195
1052.9,15.851
1053,15.757
1053.1,15.187
1053.2,14.566
1053.3,14.015
1053.4,13.611
1053.5,13.386
1053.6,13.248
1053.7,13.17
1053.8,13.039
1053.9,12.957
1054,13.006
1054.1,12.98
1054.2,12.741
1054.3,12.692
1054.4,13.442
1054.5,14.732
1054.6,15.861
1054.7,16.06
1054.8,15.446
1054.9,14.862
1055,14.853
1055.1,14.955
1055.2,14.549
1055.3,13.604
1055.4,12.476
1055.5,11.62
1055.6,11.302
1055.7,11.724
1055.8,12.538
1055.9,13.384
1056,13.718
1056.1,13.436
1056.2,12.91
1056.3,12.678
1056.4,12.876
1056.5,13.325
1056.6,13.803
1056.7,14.051
1056.8,13.98
1056.9,14.051
1057,14.831
1057.1,15.901
1057.2,16.476
1057.3,15.802
1057.4,14.354
1057.5,12.973
1057.6,12.585
1057.7,13.082
1057.8,13.803
1057.9,14.208
1058,14.277
1058.1,14.181
1058.2,14.121
1058.3,14.296
1058.4,14.557
1058.5,14.571
1058.6,14.185
1058.7,13.813
1058.8,13.898
1058.9,14.488
1059,15.056
1059.1,15.136
1059.2,14.67
1059.3,14.418
1059.4,14.951
1059.5,16.361
1059.6,18.031
1059.7,19.372
1059.8,19.787
1059.9,18.867
1060,16.971
1060.1,14.983
1060.2,14.089
1060.3,14.393
1060.4,15.261
1060.5,15.853
1060.6,15.907
1060.7,15.645
1060.8,15.549
1060.9,15.643
1061,15.659
1061.1,15.34
1061.2,14.773
1061.3,14.301
1061.4,14.37
1061.5,15.373
1061.6,16.915
1061.7,18.096
1061.8,17.949
1061.9,16.606
1062,14.91
1062.1,14.081
1062.2,14.165
1062.3,14.518
1062.4,14.584
1062.5,14.537
1062.6,14.813
1062.7,15.569
1062.8,16.346
1062.9,16.742
1063,16.785
1063.1,16.974
1063.2,17.302
1063.3,17.27
1063.4,16.369
1063.5,14.852
1063.6,13.367
1063.7,12.857
1063.8,13.389
1063.9,14.547
1064,15.71
1064.1,16.558
1064.2,17.035
1064.3,17.198
1064.4,17.219
1064.5,17.061
1064.6,16.563
1064.7,15.965
1064.8,15.688
1064.9,15.791
1065,15.919
1065.1,15.649
1065.2,14.843
1065.3,13.845
1065.4,13.208
1065.5,12.997
1065.6,13.086
1065.7,13.164
1065.8,13.061
1065.9,12.697
1066,12.403
1066.1,12.549
1066.2,13.358
1066.3,14.769
1066.4,16.29
1066.5,17.361
1066.6,17.726
1066.7,17.767
1066.8,17.872
1066.9,18.478
1067,19.35
1067.1,19.885
1067.2,19.601
1067.3,18.787
1067.4,17.705
1067.5,16.431
1067.6,15.082
1067.7,13.933
1067.8,13.23
1067.9,12.949
1068,12.827
1068.1,12.938
1068.2,13.637
1068.3,14.79
1068.4,15.918
1068.5,16.319
1068.6,16.05
1068.7,15.665
1068.8,15.698
1068.9,15.837
1069,15.823
1069.1,15.593
1069.2,15.021
1069.3,14.109
1069.4,13.122
1069.5,12.645
1069.6,12.899
1069.7,13.885
1069.8,15.286
1069.9,16.586
1070,17.593
1070.1,17.938
1070.2,17.556
1070.3,16.807
1070.4,16.582
1070.5,17.33
1070.6,18.557
1070.7,19.269
1070.8,18.79
1070.9,17.263
1071,15.333
1071.1,13.762
1071.2,12.767
1071.3,12.409
1071.4,12.753
1071.5,13.443
1071.6,14.139
1071.7,14.805
1071.8,15.613
1071.9,16.552
1072,17.16
1072.1,17.066
1072.2,16.471
1072.3,16.116
1072.4,16.414
1072.5,16.953
1072.6,17.104
1072.7,16.688
1072.8,16.108
1072.9,15.834
1073,16.056
1073.1,16.534
1073.2,17.13
1073.3,17.747
1073.4,18.193
1073.5,18.396
1073.6,18.32
1073.7,18.089
1073.8,17.785
1073.9,17.403
1074,17.093
1074.1,17.034
1074.2,17.245
1074.3,17.363
1074.4,17.032
1074.5,16.112
1074.6,14.872
1074.7,14.014
1074.8,13.818
1074.9,13.99
1075,13.987
1075.1,13.759
1075.2,13.75
1075.3,14.416
1075.4,15.831
1075.5,17.454
1075.6,18.493
1075.7,18.758
1075.8,18.453
1075.9,17.847
1076,17.232
1076.1,16.761
1076.2,16.807
1076.3,17.185
1076.4,17.29
1076.5,16.418
1076.6,14.991
1076.7,13.882
1076.8,13.849
1076.9,14.623
1077,15.279
1077.1,15.13
1077.2,14.535
1077.3,14.214
1077.4,14.632
1077.5,15.787
1077.6,17.224
1077.7,18.304
1077.8,18.666
1077.9,18.581
1078,18.267
1078.1,17.835
1078.2,17.201
1078.3,16.509
1078.4,16.022
1078.5,15.864
1078.6,15.973
1078.7,16.284
1078.8,16.828
1078.9,17.448
1079,17.827
1079.1,17.581
1079.2,16.784
1079.3,15.674
1079.4,14.405
1079.5,13.185
1079.6,12.221
1079.7,11.803
1079.8,11.938
1079.9,12.72
1080,14.224
1080.1,16.118
1080.2,17.726
1080.3,17.939
1080.4,16.518
1080.5,14.744
1080.6,13.871
1080.7,14.095
1080.8,14.487
1080.9,14.286
1081,13.4
1081.1,12.856
1081.2,13.254
1081.3,14.325
1081.4,15.281
1081.5,16.022
1081.6,16.395
1081.7,16.106
1081.8,15.029
1081.9,13.456
1082,12.511
1082.1,12.789
1082.2,13.911
1082.3,14.766
1082.4,14.874
1082.5,14.597
1082.6,14.623
1082.7,15.16
1082.8,16.002
1082.9,16.65
1083,16.876
1083.1,16.635
1083.2,15.994
1083.3,15.349
1083.4,14.886
1083.5,14.553
1083.6,14.211
1083.7,13.853
1083.8,13.572
1083.9,13.513
1084,13.848
1084.1,14.469
1084.2,15.11
1084.3,15.573
1084.4,15.601
1084.5,15.055
1084.6,14.263
1084.7,13.551
1084.8,13.248
1084.9,13.45
1085,14.172
1085.1,15.164
1085.2,16.085
1085.3,16.728
1085.4,16.897
1085.5,16.831
1085.6,16.972
1085.7,17.406
1085.8,17.602
1085.9,17.046
1086,15.664
1086.1,13.949
1086.2,12.768
1086.3,12.401
1086.4,12.444
1086.5,12.358
1086.6,12.116
1086.7,12.215
1086.8,13.065
1086.9,14.409
1087,15.576
1087.1,16.092
1087.2,16.331
1087.3,16.637
1087.4,17.059
1087.5,17.177
1087.6,16.776
1087.7,16.018
1087.8,15.325
1087.9,14.932
1088,14.752
1088.1,14.598
1088.2,14.513
1088.3,14.832
1088.4,15.634
1088.5,16.52
1088.6,17.023
1088.7,16.951
1088.8,16.732
1088.9,16.81
1089,17.078
1089.1,16.729
1089.2,15.41
1089.3,13.79
1089.4,12.931
1089.5,12.911
1089.6,13.145
1089.7,13.093
1089.8,12.748
1089.9,12.643
1090,13.185
1090.1,14.163
1090.2,15.246
1090.3,16.073
1090.4,16.476
1090.5,16.498
1090.6,16.519
1090.7,16.756
1090.8,17.033
1090.9,17.017
1091,16.621
1091.1,15.949
1091.2,15.026
1091.3,13.859
1091.4,12.825
1091.5,12.574
1091.6,13.24
1091.7,14.151
1091.8,14.575
1091.9,14.114
1092,13.262
1092.1,12.71
1092.2,12.779
1092.3,13.06
1092.4,13.259
1092.5,13.212
1092.6,12.946
1092.7,12.621
1092.8,12.564
1092.9,12.899
1093,13.55
1093.1,14.387
1093.2,15.099
1093.3,15.452
1093.4,15.354
1093.5,14.855
1093.6,14.387
1093.7,14.581
1093.8,15.759
1093.9,17.256
1094,18.358
1094.1,18.516
1094.2,18.341
1094.3,18.516
1094.4,18.981
1094.5,19.073
1094.6,18.694
1094.7,18.336
1094.8,18.477
1094.9,18.918
1095,18.85
1095.1,17.606
1095.2,15.789
1095.3,14.15
1095.4,13.19
1095.5,12.91
1095.6,13.371
1095.7,14.543
1095.8,15.801
1095.9,16.514
1096,16.272
1096.1,15.46
1096.2,14.531
1096.3,13.735
1096.4,13.111
1096.5,12.624
1096.6,12.481
1096.7,12.887
1096.8,13.576
1096.9,14.218
1097,14.561
1097.1,14.64
1097.2,14.531
1097.3,14.506
1097.4,14.695
1097.5,14.833
1097.6,14.485
1097.7,13.491
1097.8,12.16
1097.9,11.317
1098,11.807
1098.1,13.423
1098.2,15.294
1098.3,16.422
1098.4,16.646
1098.5,16.27
1098.6,15.771
1098.7,15.129
1098.8,13.907
1098.9,12.001
1099,10.378
1099.1,10.058
1099.2,11.56
1099.3,13.878
1099.4,15.769
1099.5,16.639
1099.6,16.742
1099.7,16.576
1099.8,16.296
1099.9,15.861
1100,15.63
1100.1,16.091
1100.2,17.192
1100.3,17.911
1100.4,17.644
1100.5,16.303
1100.6,14.794
1100.7,14.003
1100.8,14.369
1100.9,15.22
1101,15.826
1101.1,15.785
1101.2,15.154
1101.3,14.355
1101.4,13.751
1101.5,13.609
1101.6,13.859
1101.7,14.28
1101.8,14.527
1101.9,14.459
1102,14.098
1102.1,13.543
1102.2,12.947
1102.3,12.319
1102.4,11.876
1102.5,11.992
1102.6,12.752
1102.7,13.899
1102.8,15.095
1102.9,16.035
1103,16.366
1103.1,15.994
1103.2,15.405
1103.3,14.97
1103.4,14.728
1103.5,14.43
1103.6,13.967
1103.7,13.529
1103.8,13.517
1103.9,13.847
1104,14.076
1104.1,14.112
1104.2,14.32
1104.3,14.965
1104.4,15.738
1104.5,16.115
1104.6,15.772
1104.7,14.724
1104.8,13.638
1104.9,12.994
1105,12.973
1105.1,13.317
1105.2,13.637
1105.3,13.611
1105.4,13.434
1105.5,13.412
1105.6,13.731
1105.7,14.307
1105.8,14.938
1105.9,15.223
1106,15.077
1106.1,14.954
1106.2,14.913
1106.3,14.546
1106.4,13.558
1106.5,12.208
1106.6,11.518
1106.7,11.981
1106.8,13.344
1106.9,14.806
1107,15.797
1107.1,16.461
1107.2,16.986
1107.3,17.248
1107.4,16.956
1107.5,16.093
1107.6,14.946
1107.7,13.914
1107.8,13.605
1107.9,14.37
1108,15.459
1108.1,16.061
1108.2,15.367
1108.3,13.883
1108.4,12.468
1108.5,12.174
1108.6,12.819
1108.7,13.46
1108.8,13.455
1108.9,12.987
1109,12.711
1109.1,13.076
1109.2,13.807
1109.3,14.234
1109.4,13.971
1109.5,13.171
1109.6,12.337
1109.7,11.715
1109.8,11.605
1109.9,11.872
1110,12.202
1110.1,12.292
1110.2,12.212
1110.3,12.29
1110.4,12.563
1110.5,12.652
1110.6,12.345
1110.7,11.756
1110.8,11.436
1110.9,11.551
1111,12.002
1111.1,12.548
1111.2,12.966
1111.3,13.215
1111.4,13.277
1111.5,13.333
1111.6,13.326
1111.7,12.994
1111.8,12.368
1111.9,11.85
1112,11.931
1112.1,12.613
1112.2,13.353
1112.3,13.654
1112.4,13.724
1112.5,14.339
1112.6,15.938
1112.7,18.192
1112.8,19.997
1112.9,20.494
1113,19.291
1113.1,17.32
1113.2,15.336
1113.3,13.764
1113.4,12.49
1113.5,11.466
1113.6,10.819
1113.7,10.738
1113.8,11.182
1113.9,12.098
1114,13.119
1114.1,13.702
1114.2,13.611
1114.3,13.186
1114.4,13.209
1114.5,14.11
1114.6,15.661
1114.7,16.876
1114.8,17.11
1114.9,16.275
1115,15.034
1115.1,14.022
1115.2,13.848
1115.3,14.692
1115.4,15.926
1115.5,16.477
1115.6,15.537
1115.7,13.875
1115.8,12.821
1115.9,13.778
1116,16.375
1116.1,19.221
1116.2,20.412
1116.3,19.76
1116.4,17.913
1116.5,15.771
1116.6,14.079
1116.7,13.198
1116.8,13.101
1116.9,13.307
1117,13.397
1117.1,13.134
1117.2,12.663
1117.3,12.413
1117.4,12.617
1117.5,13.34
1117.6,14.426
1117.7,15.83
1117.8,17.394
1117.9,18.578
1118,18.987
1118.1,18.44
1118.2,17.365
1118.3,16.225
1118.4,15.399
1118.5,15.068
1118.6,15.206
1118.7,15.788
1118.8,16.375
1118.9,16.381
1119,15.501
1119.1,13.83
1119.2,12.007
1119.3,10.376
1119.4,9.062
1119.5,8.059
1119.6,7.809
1119.7,9.041
1119.8,11.27
1119.9,13.349
1120,14.126
1120.1,13.297
1120.2,11.614
1120.3,10.082
1120.4,9.482
1120.5,9.832
1120.6,10.973
1120.7,12.461
1120.8,13.514
1120.9,13.632
1121,12.825
1121.1,11.819
1121.2,11.199
1121.3,11.239
1121.4,11.432
1121.5,11.483
1121.6,11.585
1121.7,11.965
1121.8,12.416
1121.9,12.666
1122,12.707
1122.1,12.727
1122.2,12.973
1122.3,13.478
1122.4,13.821
1122.5,13.72
1122.6,13.23
1122.7,12.708
1122.8,12.264
1122.9,12.059
1123,12.094
1123.1,12.254
1123.2,12.508
1123.3,12.705
1123.4,12.741
1123.5,12.754
1123.6,13.069
1123.7,13.591
1123.8,13.878
1123.9,13.747
1124,13.585
1124.1,13.648
1124.2,13.773
1124.3,13.603
1124.4,13.185
1124.5,12.917
1124.6,13.071
1124.7,13.411
1124.8,13.512
1124.9,13.439
1125,13.58
1125.1,14.023
1125.2,14.425
1125.3,14.577
1125.4,14.574
1125.5,14.677
1125.6,15.024
1125.7,15.431
1125.8,15.452
1125.9,15.179
1126,15.078
1126.1,15.725
1126.2,16.759
1126.3,17.317
1126.4,16.621
1126.5,14.656
1126.6,12.389
1126.7,10.806
1126.8,10.334
1126.9,10.317
1127,10.303
1127.1,10.485
1127.2,11.135
1127.3,12.166
1127.4,13.02
1127.5,13.021
1127.6,12.163
1127.7,11.203
1127.8,11.031
1127.9,11.899
1128,13.519
1128.1,15.039
1128.2,15.696
1128.3,15.298
1128.4,14.532
1128.5,13.998
1128.6,13.882
1128.7,14.138
1128.8,14.373
1128.9,14.413
1129,14.049
1129.1,13.384
1129.2,12.752
1129.3,12.668
1129.4,13.247
1129.5,13.949
1129.6,14.131
1129.7,13.652
1129.8,12.89
1129.9,12.229
1130,11.989
1130.1,12.233
1130.2,12.928
1130.3,13.821
1130.4,14.584
1130.5,14.955
1130.6,14.705
1130.7,14.059
1130.8,13.166
1130.9,12.19
1131,11.457
1131.1,11.304
1131.2,11.892
1131.3,12.738
1131.4,13.236
1131.5,13.239
1131.6,13.345
1131.7,14.198
1131.8,15.768
1131.9,17.175
1132,17.494
1132.1,16.659
1132.2,15.455
1132.3,14.615
1132.4,14.079
1132.5,13.324
1132.6,12.166
1132.7,11.119
1132.8,10.964
1132.9,12.094
1133,13.938
1133.1,15.561
1133.2,16.292
1133.3,16.018
1133.4,14.879
1133.5,13.382
1133.6,12.267
1133.7,11.838
1133.8,11.8
1133.9,11.487
1134,10.654
1134.1,9.716
1134.2,9.664
1134.3,10.844
1134.4,12.791
1134.5,14.241
1134.6,14.293
1134.7,12.859
1134.8,10.864
1134.9,9.507
1135,9.407
1135.1,10.526
1135.2,11.763
1135.3,12.586
1135.4,12.897
1135.5,13.146
1135.6,13.534
1135.7,13.947
1135.8,14.161
1135.9,14.047
1136,13.759
1136.1,13.683
1136.2,13.809
1136.3,13.758
1136.4,13.096
1136.5,12.176
1136.6,11.64
1136.7,11.998
1136.8,12.845
1136.9,13.535
1137,13.695
1137.1,13.682
1137.2,13.57
1137.3,13.097
1137.4,12.097
1137.5,10.805
1137.6,9.733
1137.7,9.531
1137.8,10.284
1137.9,11.702
1138,13.291
1138.1,14.51
1138.2,15.037
1138.3,14.927
1138.4,14.822
1138.5,14.906
1138.6,15.154
1138.7,15.505
1138.8,15.707
1138.9,15.342
1139,14.428
1139.1,13.639
1139.2,13.531
1139.3,13.974
1139.4,14.365
1139.5,14.149
1139.6,13.302
1139.7,12.37
1139.8,11.683
1139.9,11.38
1140,11.397
1140.1,11.701
1140.2,12.011
1140.3,11.968
1140.4,11.553
1140.5,11.043
1140.6,10.779
1140.7,10.906
1140.8,11.325
1140.9,11.958
1141,12.773
1141.1,13.901
1141.2,15.338
1141.3,16.668
1141.4,17.389
1141.5,16.845
1141.6,15.467
1141.7,13.927
1141.8,13.115
1141.9,13.028
1142,13.243
1142.1,13.61
1142.2,14.297
1142.3,15.57
1142.4,17.171
1142.5,18.069
1142.6,17.403
1142.7,15.145
1142.8,12.544
1142.9,11.128
1143,11.419
1143.1,13.048
1143.2,14.784
1143.3,15.977
1143.4,16.154
1143.5,15.465
1143.6,14.321
1143.7,13.227
1143.8,12.608
1143.9,12.512
1144,12.657
1144.1,12.905
1144.2,13.279
1144.3,13.727
1144.4,14.236
1144.5,14.717
1144.6,14.957
1144.7,14.435
1144.8,13.2
1144.9,11.535
1145,10.276
1145.1,10.216
1145.2,11.137
1145.3,12.309
1145.4,13.22
1145.5,13.868
1145.6,14.223
1145.7,14.234
1145.8,13.845
1145.9,13.003
1146,12.017
1146.1,11.398
1146.2,11.526
1146.3,12.443
1146.4,13.53
1146.5,14.298
1146.6,14.342
1146.7,14.022
1146.8,13.909
1146.9,14.43
1147,15.136
1147.1,15.222
1147.2,14.241
1147.3,12.692
1147.4,11.548
1147.5,11.499
1147.6,12.597
1147.7,14.128
1147.8,15.564
1147.9,16.428
1148,16.674
1148.1,16.306
1148.2,15.559
1148.3,14.941
1148.4,14.532
1148.5,13.955
1148.6,12.746
1148.7,11.119
1148.8,9.783
1148.9,9.336
1149,9.673
1149.1,10.639
1149.2,12.154
1149.3,13.657
1149.4,14.543
1149.5,14.287
1149.6,13.411
1149.7,12.654
1149.8,12.653
1149.9,12.952
1150,12.836
1150.1,12.001
1150.2,10.92
1150.3,10.075
1150.4,9.974
1150.5,11.021
1150.6,12.603
1150.7,13.824
1150.8,14.108
1150.9,13.886
1151,13.694
1151.1,13.723
1151.2,13.448
1151.3,12.349
1151.4,10.685
1151.5,9.842
1151.6,10.564
1151.7,12.511
1151.8,14.679
1151.9,16.435
1152,17.437
1152.1,17.559
1152.2,16.746
1152.3,14.964
1152.4,12.797
1152.5,11.516
1152.6,11.716
1152.7,12.924
1152.8,14.103
1152.9,14.738
1153,14.812
1153.1,14.704
1153.2,14.512
1153.3,14.073
1153.4,13.298
1153.5,12.536
1153.6,12.343
1153.7,12.95
1153.8,13.835
1153.9,14.406
1154,14.307
1154.1,13.698
1154.2,12.721
1154.3,11.54
1154.4,10.676
1154.5,10.7
1154.6,11.816
1154.7,13.053
1154.8,13.396
1154.9,12.486
1155,11.105
1155.1,10.272
1155.2,10.598
1155.3,11.818
1155.4,12.983
1155.5,13.327
1155.6,12.705
1155.7,12.03
1155.8,11.906
1155.9,12.427
1156,12.937
1156.1,13.041
1156.2,12.753
1156.3,12.488
1156.4,12.428
1156.5,12.611
1156.6,13.031
1156.7,13.451
1156.8,13.511
1156.9,13.347
1157,13.437
1157.1,13.792
1157.2,13.974
1157.3,13.505
1157.4,12.333
1157.5,11.012
1157.6,10.299
1157.7,10.404
1157.8,11.14
1157.9,12.159
1158,13.388
1158.1,14.66
1158.2,15.489
1158.3,15.494
1158.4,14.783
1158.5,13.919
1158.6,13.328
1158.7,13.288
1158.8,13.886
1158.9,14.772
1159,15.501
1159.1,15.231
1159.2,13.798
1159.3,11.79
1159.4,10.444
1159.5,10.323
1159.6,11.148
1159.7,12.437
1159.8,13.498
1159.9,13.961
1160,13.726
1160.1,13.072
1160.2,12.444
1160.3,12.038
1160.4,11.804
1160.5,11.446
1160.6,10.983
1160.7,10.846
1160.8,11.268
1160.9,12.087
1161,12.72
1161.1,12.739
1161.2,12.339
1161.3,12.089
1161.4,12.46
1161.5,13.302
1161.6,14.17
1161.7,14.544
1161.8,14.381
1161.9,13.903
1162,13.523
1162.1,13.549
1162.2,13.983
1162.3,14.417
1162.4,14.354
1162.5,13.657
1162.6,12.607
1162.7,11.698
1162.8,11.138
1162.9,10.679
1163,10.056
1163.1,9.478
1163.2,9.377
1163.3,10
1163.4,10.936
1163.5,11.733
1163.6,12.119
1163.7,12.307
1163.8,12.625
1163.9,13.116
1164,13.345
1164.1,12.963
1164.2,12.077
1164.3,11.391
1164.4,11.301
1164.5,11.711
1164.6,12.112
1164.7,12.348
1164.8,12.625
1164.9,12.901
1165,12.834
1165.1,12.185
1165.2,11.342
1165.3,11.135
1165.4,11.976
1165.5,13.621
1165.6,15.052
1165.7,15.549
1165.8,14.584
1165.9,12.733
1166,11.034
1166.1,10.529
1166.2,11.535
1166.3,13.226
1166.4,14.665
1166.5,15.122
1166.6,14.682
1166.7,13.87
1166.8,13.433
1166.9,13.435
1167,13.575
1167.1,13.612
1167.2,13.495
1167.3,13.119
1167.4,12.48
1167.5,11.972
1167.6,11.989
1167.7,12.864
1167.8,14.049
1167.9,14.611
1168,14.012
1168.1,12.493
1168.2,11.11
1168.3,10.62
1168.4,11.27
1168.5,12.354
1168.6,13.311
1168.7,13.663
1168.8,13.36
1168.9,12.663
1169,12.088
1169.1,11.903
1169.2,12.009
1169.3,12.294
1169.4,12.694
1169.5,13.017
1169.6,13.059
1169.7,12.616
1169.8,11.666
1169.9,10.608
1170,10.374
1170.1,11.147
1170.2,12.506
1170.3,13.808
1170.4,14.635
1170.5,14.894
1170.6,14.808
1170.7,14.683
1170.8,14.579
1170.9,14.496
1171,14.259
1171.1,13.784
1171.2,13.294
1171.3,13.172
1171.4,13.313
1171.5,13.442
1171.6,13.423
1171.7,13.34
1171.8,13.342
1171.9,13.427
1172,13.259
1172.1,12.636
1172.2,11.688
1172.3,10.874
1172.4,10.511
1172.5,10.711
1172.6,11.212
1172.7,11.66
1172.8,11.904
1172.9,11.911
1173,11.742
1173.1,11.671
1173.2,12.186
1173.3,13.216
1173.4,14.363
1173.5,14.677
1173.6,13.871
1173.7,12.548
1173.8,11.573
1173.9,11.324
1174,11.565
1174.1,11.928
1174.2,12.254
1174.3,12.582
1174.4,12.957
1174.5,13.325
1174.6,13.517
1174.7,13.319
1174.8,12.334
1174.9,10.862
1175,9.251
1175.1,8.099
1175.2,7.837
1175.3,8.535
1175.4,10.101
1175.5,11.974
1175.6,13.416
1175.7,13.752
1175.8,12.906
1175.9,11.789
1176,11.457
1176.1,12.599
1176.2,14.376
1176.3,15.626
1176.4,15.428
1176.5,14.409
1176.6,13.611
1176.7,13.726
1176.8,14.25
1176.9,14.634
1177,14.417
1177.1,13.549
1177.2,12.286
1177.3,11.044
1177.4,10.348
1177.5,10.406
1177.6,11.198
1177.7,12.234
1177.8,12.994
1177.9,13.303
1178,13.043
1178.1,12.415
1178.2,11.685
1178.3,11.338
1178.4,11.481
1178.5,11.993
1178.6,12.659
1178.7,13.247
1178.8,13.723
1178.9,14.012
1179,13.967
1179.1,13.771
1179.2,13.809
1179.3,14.352
1179.4,15.088
1179.5,15.584
1179.6,15.341
1179.7,14.514
1179.8,13.505
1179.9,12.814
1180,12.674
1180.1,13.022
1180.2,13.694
1180.3,14.335
1180.4,14.739
1180.5,14.868
1180.6,14.817
1180.7,14.717
1180.8,14.526
1180.9,14.244
1181,13.921
1181.1,13.595
1181.2,13.332
1181.3,12.962
1181.4,12.337
1181.5,11.514
1181.6,10.853
1181.7,10.573
1181.8,10.843
1181.9,11.643
1182,12.734
1182.1,13.756
1182.2,14.227
1182.3,13.8
1182.4,12.577
1182.5,11.475
1182.6,11.315
1182.7,12.11
1182.8,13.209
1182.9,13.655
1183,13.093
1183.1,11.941
1183.2,11.233
1183.3,11.419
1183.4,12.461
1183.5,13.776
1183.6,14.864
1183.7,15.474
1183.8,15.596
1183.9,15.255
1184,14.405
1184.1,13.147
1184.2,11.952
1184.3,11.26
1184.4,11.49
1184.5,12.309
1184.6,13.329
1184.7,14.084
1184.8,14.469
1184.9,14.623
1185,14.632
1185.1,14.53
1185.2,14.418
1185.3,14.596
1185.4,15.204
1185.5,15.946
1185.6,16.391
1185.7,16.012
1185.8,15.045
1185.9,13.876
1186,12.974
1186.1,12.338
1186.2,11.995
1186.3,12.038
1186.4,12.32
1186.5,12.844
1186.6,13.706
1186.7,14.724
1186.8,15.605
1186.9,15.972
1187,15.548
1187.1,14.56
1187.2,13.525
1187.3,12.74
1187.4,11.997
1187.5,11.191
1187.6,10.61
1187.7,10.516
1187.8,11.001
1187.9,11.815
1188,12.382
1188.1,12.49
1188.2,12.321
1188.3,12.23
1188.4,12.449
1188.5,13.122
1188.6,14.072
1188.7,14.87
1188.8,15.264
1188.9,15.011
1189,14.348
1189.1,13.719
1189.2,13.594
1189.3,13.98
1189.4,14.558
1189.5,14.977
1189.6,14.944
1189.7,14.478
1189.8,13.762
1189.9,12.883
1190,12
1190.1,11.33
1190.2,11.171
1190.3,11.592
1190.4,12.437
1190.5,13.398
1190.6,14.067
1190.7,14.324
1190.8,14.085
1190.9,13.558
1191,12.922
1191.1,12.375
1191.2,12.07
1191.3,11.95
1191.4,11.925
1191.5,11.955
1191.6,12.001
1191.7,12.005
1191.8,11.957
1191.9,11.966
1192,12.08
1192.1,12.36
1192.2,12.824
1192.3,13.405
1192.4,13.671
1192.5,13.42
1192.6,12.905
1192.7,12.547
1192.8,12.717
1192.9,13.407
1193,14.203
1193.1,14.616
1193.2,14.595
1193.3,14.154
1193.4,13.114
1193.5,11.761
1193.6,10.64
1193.7,10.346
1193.8,10.936
1193.9,12.235
1194,13.681
1194.1,14.7
1194.2,15.157
1194.3,15.066
1194.4,14.499
1194.5,13.532
1194.6,12.405
1194.7,11.61
1194.8,11.36
1194.9,11.663
1195,12.173
1195.1,12.374
1195.2,12.146
1195.3,11.819
1195.4,11.827
1195.5,12.241
1195.6,12.771
1195.7,12.828
1195.8,12.2
1195.9,11.389
1196,11.046
1196.1,11.254
1196.2,11.74
1196.3,12.35
1196.4,13.024
1196.5,13.739
1196.6,14.519
1196.7,15.212
1196.8,15.604
1196.9,15.471
1197,15.005
1197.1,14.57
1197.2,14.69
1197.3,15.228
1197.4,15.559
1197.5,15.198
1197.6,14.422
1197.7,13.539
1197.8,12.459
1197.9,11.014
1198,9.498
1198.1,8.681
1198.2,9.239
1198.3,10.788
1198.4,12.629
1198.5,13.891
1198.6,14.258
1198.7,13.726
1198.8,12.478
1198.9,11.293
1199,10.761
1199.1,11.094
1199.2,11.59
1199.3,11.574
1199.4,10.924
1199.5,10.247
1199.6,10.161
1199.7,10.82
1199.8,11.906
1199.9,12.765
1200,12.875
1200.1,11.891
1200.2,10.298
1200.3,8.793
1200.4,8.168
1200.5,8.474
1200.6,9.363
1200.7,10.531
1200.8,11.879
1200.9,13.309
1201,14.531
1201.1,15.011
1201.2,14.68
1201.3,13.769
1201.4,12.769
1201.5,12.23
1201.6,12.297
1201.7,12.721
1201.8,13.143
1201.9,13.572
1202,14.161
1202.1,14.854
1202.2,15.461
1202.3,15.501
1202.4,14.86
1202.5,13.922
1202.6,13.051
1202.7,12.431
1202.8,11.932
1202.9,11.472
1203,11.092
1203.1,10.853
1203.2,10.73
1203.3,10.512
1203.4,10.19
1203.5,10.062
1203.6,10.648
1203.7,11.933
1203.8,13.358
1203.9,14.457
1204,15.111
1204.1,15.476
1204.2,15.663
1204.3,15.382
1204.4,14.415
1204.5,12.981
1204.6,11.98
1204.7,11.895
1204.8,12.55
1204.9,13.485
1205,14.178
1205.1,14.52
1205.2,14.771
1205.3,15.127
1205.4,15.391
1205.5,15.269
1205.6,14.789
1205.7,14.178
1205.8,13.785
1205.9,13.768
1206,14.097
1206.1,14.573
1206.2,14.735
1206.3,14.425
1206.4,13.693
1206.5,12.921
1206.6,12.544
1206.7,12.482
1206.8,12.289
1206.9,11.683
1207,10.932
1207.1,10.425
1207.2,10.383
1207.3,10.853
1207.4,11.657
1207.5,12.588
1207.6,13.453
1207.7,13.942
1207.8,13.926
1207.9,13.674
1208,13.389
1208.1,13.185
1208.2,13.035
1208.3,12.834
1208.4,12.622
1208.5,12.544
1208.6,12.651
1208.7,12.716
1208.8,12.435
1208.9,11.712
1209,10.813
1209.1,10.42
1209.2,10.789
1209.3,11.674
1209.4,12.406
1209.5,12.618
1209.6,12.307
1209.7,11.69
1209.8,11.208
1209.9,10.924
1210,10.772
1210.1,10.827
1210.2,11.202
1210.3,12.042
1210.4,13.223
1210.5,14.35
1210.6,14.747
1210.7,14.086
1210.8,12.979
1210.9,12.25
1211,12.388
1211.1,13.232
1211.2,14.372
1211.3,15.152
1211.4,15.498
1211.5,15.614
1211.6,15.483
1211.7,14.935
1211.8,14.186
1211.9,13.672
1212,13.472
1212.1,13.441
1212.2,13.33
1212.3,13.185
1212.4,13.466
1212.5,14.308
1212.6,15.243
1212.7,15.723
1212.8,15.516
1212.9,14.783
1213,14.055
1213.1,13.446
1213.2,13.042
1213.3,12.928
1213.4,13.08
1213.5,13.24
1213.6,13.177
1213.7,12.766
1213.8,12.047
1213.9,11.38
1214,11.142
1214.1,11.49
1214.2,12.387
1214.3,13.632
1214.4,14.948
1214.5,15.652
1214.6,15.428
1214.7,14.466
1214.8,13.476
1214.9,13.237
1215,13.863
1215.1,14.889
1215.2,15.513
1215.3,15.605
1215.4,15.454
1215.5,15.365
1215.6,15.497
1215.7,15.781
1215.8,16.227
1215.9,16.764
1216,16.998
1216.1,16.291
1216.2,14.905
1216.3,13.43
1216.4,12.421
1216.5,11.961
1216.6,11.953
1216.7,12.247
1216.8,12.654
1216.9,12.875
1217,12.639
1217.1,12.308
1217.2,12.597
1217.3,13.763
1217.4,15.262
1217.5,16.216
1217.6,16.398
1217.7,16.119
1217.8,15.895
1217.9,15.745
1218,15.47
1218.1,14.895
1218.2,14.065
1218.3,13.229
1218.4,12.555
1218.5,12.158
1218.6,12.33
1218.7,13.185
1218.8,14.266
1218.9,14.992
1219,14.987
1219.1,14.525
1219.2,14.107
1219.3,14.125
1219.4,14.376
1219.5,14.73
1219.6,15.003
1219.7,15.084
1219.8,14.948
1219.9,14.639
1220,14.389
1220.1,14.48
1220.2,15.089
1220.3,16.059
1220.4,16.989
1220.5,17.389
1220.6,16.978
1220.7,16.401
1220.8,16.351
1220.9,17.04
1221,17.658
1221.1,17.368
1221.2,15.767
1221.3,13.845
1221.4,12.69
1221.5,12.989
1221.6,14.114
1221.7,15.062
1221.8,15.161
1221.9,14.424
1222,13.54
1222.1,13.04
1222.2,13.157
1222.3,13.713
1222.4,14.629
1222.5,15.859
1222.6,16.766
1222.7,16.737
1222.8,15.466
1222.9,13.73
1223,12.407
1223.1,12.047
1223.2,12.377
1223.3,12.918
1223.4,13.506
1223.5,14.157
1223.6,14.644
1223.7,14.825
1223.8,14.992
1223.9,15.341
1224,15.562
1224.1,15.137
1224.2,14.212
1224.3,13.315
1224.4,13.143
1224.5,13.629
1224.6,14.027
1224.7,13.829
1224.8,13.427
1224.9,13.31
1225,13.591
1225.1,14.166
1225.2,14.714
1225.3,14.926
1225.4,14.648
1225.5,14.05
1225.6,13.297
1225.7,12.981
1225.8,13.511
1225.9,14.588
1226,15.376
1226.1,15.534
1226.2,15.231
1226.3,14.776
1226.4,14.184
1226.5,13.23
1226.6,11.954
1226.7,11.007
1226.8,10.79
1226.9,11.068
1227,11.48
1227.1,11.844
1227.2,12.169
1227.3,12.529
1227.4,12.986
1227.5,13.772
1227.6,15.056
1227.7,16.338
1227.8,16.813
1227.9,15.984
1228,14.42
1228.1,13.023
1228.2,12.422
1228.3,12.619
1228.4,13.081
1228.5,13.487
1228.6,13.675
1228.7,13.598
1228.8,13.309
1228.9,12.927
1229,12.478
1229.1,11.984
1229.2,11.769
1229.3,12.217
1229.4,13.195
1229.5,14.209
1229.6,14.608
1229.7,14.201
1229.8,13.325
1229.9,12.671
1230,12.574
1230.1,12.936
1230.2,13.54
1230.3,13.971
1230.4,14.023
1230.5,13.871
1230.6,13.908
1230.7,14.212
1230.8,14.486
1230.9,14.551
1231,14.464
1231.1,14.371
1231.2,14.372
1231.3,14.45
1231.4,14.551
1231.5,14.644
1231.6,14.698
1231.7,14.62
1231.8,14.33
1231.9,13.634
1232,12.415
1232.1,10.811
1232.2,9.59
1232.3,9.496
1232.4,10.773
1232.5,12.588
1232.6,14.044
1232.7,14.941
1232.8,15.805
1232.9,16.777
1233,17.397
1233.1,17.17
1233.2,16.349
1233.3,15.378
1233.4,14.643
1233.5,14.027
1233.6,13.258
1233.7,12.503
1233.8,12.347
1233.9,13.003
1234,14.038
1234.1,14.768
1234.2,14.952
1234.3,14.372
1234.4,13.342
1234.5,12.433
1234.6,12.065
1234.7,12.442
1234.8,13.059
1234.9,13.282
1235,12.601
1235.1,11.675
1235.2,11.201
1235.3,11.435
1235.4,11.863
1235.5,11.94
1235.6,11.449
1235.7,10.725
1235.8,10.128
1235.9,9.843
1236,9.841
1236.1,9.968
1236.2,10.103
1236.3,10.265
1236.4,10.509
1236.5,10.884
1236.6,11.215
1236.7,11.384
1236.8,11.578
1236.9,12.098
1237,12.875
1237.1,13.709
1237.2,14.496
1237.3,15.193
1237.4,15.589
1237.5,15.372
1237.6,14.537
1237.7,13.363
1237.8,12.137
1237.9,11.121
1238,10.399
1238.1,10.223
1238.2,10.864
1238.3,11.942
1238.4,12.913
1238.5,13.309
1238.6,13.314
1238.7,13.192
1238.8,13.181
1238.9,13.496
1239,14.236
1239.1,15.203
1239.2,15.821
1239.3,15.584
1239.4,14.412
1239.5,12.799
1239.6,11.397
1239.7,10.485
1239.8,10.166
1239.9,10.357
1240,11.04
1240.1,12.189
1240.2,13.564
1240.3,14.637
1240.4,14.676
1240.5,13.572
1240.6,12.033
1240.7,11.226
1240.8,11.703
1240.9,12.647
1241,12.957
1241.1,12.222
1241.2,11.235
1241.3,10.718
1241.4,10.815
1241.5,10.912
1241.6,10.818
1241.7,11.029
1241.8,11.872
1241.9,13.022
1242,13.968
1242.1,14.531
1242.2,14.793
1242.3,14.84
1242.4,14.597
1242.5,13.938
1242.6,13.067
1242.7,12.558
1242.8,12.397
1242.9,12.211
1243,11.829
1243.1,11.573
1243.2,11.659
1243.3,12.079
1243.4,12.426
1243.5,12.56
1243.6,12.82
1243.7,13.347
1243.8,13.792
1243.9,13.789
1244,13.299
1244.1,12.649
1244.2,12.158
1244.3,12.012
1244.4,11.959
1244.5,11.859
1244.6,11.818
1244.7,11.952
1244.8,12.231
1244.9,12.614
1245,12.904
1245.1,12.888
1245.2,12.543
1245.3,12.047
1245.4,11.548
1245.5,11.243
1245.6,11.192
1245.7,11.3
1245.8,11.466
1245.9,11.596
1246,11.749
1246.1,11.959
1246.2,12.121
1246.3,12.148
1246.4,12.213
1246.5,12.645
1246.6,13.328
1246.7,14.015
1246.8,14.41
1246.9,14.561
1247,14.952
1247.1,15.918
1247.2,17.02
1247.3,17.589
1247.4,17.306
1247.5,16.238
1247.6,14.966
1247.7,13.844
1247.8,12.926
1247.9,12.09
1248,11.477
1248.1,11.551
1248.2,12.403
1248.3,13.99
1248.4,15.738
1248.5,16.728
1248.6,16.697
1248.7,15.947
1248.8,15.16
1248.9,14.701
1249,14.554
1249.1,14.429
1249.2,14.049
1249.3,13.441
1249.4,12.804
1249.5,12.381
1249.6,12.329
1249.7,12.609
1249.8,12.815
1249.9,12.723
1250,12.388
1250.1,12.187
1250.2,12.267
1250.3,12.552
1250.4,12.816
1250.5,12.712
1250.6,12.082
1250.7,11.134
1250.8,10.533
1250.9,10.772
1251,11.897
1251.1,13.054
1251.2,13.529
1251.3,12.848
1251.4,11.577
1251.5,10.456
1251.6,10.071
1251.7,10.599
1251.8,11.848
1251.9,13.259
1252,14.277
1252.1,14.888
1252.2,15.262
1252.3,15.479
1252.4,15.551
1252.5,15.406
1252.6,14.914
1252.7,14.26
1252.8,13.372
1252.9,11.938
1253,10.139
1253.1,8.58
1253.2,8.007
1253.3,8.407
1253.4,9.184
1253.5,9.912
1253.6,10.427
1253.7,10.774
1253.8,11.044
1253.9,11.365
1254,11.878
1254.1,12.727
1254.2,13.829
1254.3,14.747
1254.4,15.242
1254.5,15.34
1254.6,15.222
1254.7,14.895
1254.8,14.415
1254.9,13.948
1255,13.716
1255.1,13.766
1255.2,14.023
1255.3,14.416
1255.4,14.775
1255.5,14.762
1255.6,14.299
1255.7,13.538
1255.8,12.765
1255.9,12.136
1256,11.646
1256.1,11.275
1256.2,11.446
1256.3,12.56
1256.4,14.404
1256.5,15.915
1256.6,16.335
1256.7,15.525
1256.8,14.035
1256.9,12.592
1257,11.677
1257.1,11.617
1257.2,12.137
1257.3,12.618
1257.4,12.443
1257.5,11.917
1257.6,11.651
1257.7,12.056
1257.8,12.655
1257.9,13.074
1258,13.268
1258.1,13.552
1258.2,13.982
1258.3,14.208
1258.4,13.994
1258.5,13.434
1258.6,12.835
1258.7,12.364
1258.8,11.981
1258.9,11.671
1259,11.321
1259.1,10.927
1259.2,10.573
1259.3,10.447
1259.4,10.656
1259.5,11.101
1259.6,11.592
1259.7,11.864
1259.8,12.105
1259.9,12.702
1260,13.8
1260.1,15.065
1260.2,16.009
1260.3,16.258
1260.4,15.963
1260.5,15.308
1260.6,14.415
1260.7,13.572
1260.8,13.094
1260.9,13.193
1261,13.652
1261.1,14.107
1261.2,14.325
1261.3,14.496
1261.4,14.715
1261.5,14.806
1261.6,14.617
1261.7,14.32
1261.8,14.131
1261.9,14.287
1262,14.729
1262.1,15.048
1262.2,14.689
1262.3,13.71
1262.4,12.279
1262.5,10.822
1262.6,9.838
1262.7,9.538
1262.8,9.881
1262.9,10.651
1263,11.754
1263.1,12.893
1263.2,13.45
1263.3,13.161
1263.4,12.13
1263.5,11.038
1263.6,10.533
1263.7,10.763
1263.8,11.472
1263.9,12.09
1264,12.381
1264.1,12.25
1264.2,12.133
1264.3,12.499
1264.4,13.392
1264.5,14.347
1264.6,14.824
1264.7,14.493
1264.8,13.637
1264.9,13.022
1265,13.041
1265.1,13.284
1265.2,13.047
1265.3,12.151
1265.4,10.954
1265.5,10.193
1265.6,9.924
1265.7,9.73
1265.8,9.451
1265.9,9.353
1266,9.798
1266.1,10.735
1266.2,12.002
1266.3,13.633
1266.4,15.539
1266.5,17.101
1266.6,17.4
1266.7,16.025
1266.8,14.048
1266.9,12.473
1267,12.057
1267.1,12.421
1267.2,12.915
1267.3,13.087
1267.4,13.086
1267.5,13.135
1267.6,13.099
1267.7,12.719
1267.8,12.033
1267.9,11.328
1268,11.197
1268.1,11.857
1268.2,13.121
1268.3,14.616
1268.4,16.046
1268.5,17.243
1268.6,17.854
1268.7,17.872
1268.8,17.397
1268.9,16.837
1269,16.708
1269.1,17.051
1269.2,17.641
1269.3,18.006
1269.4,17.866
1269.5,17.124
1269.6,16.064
1269.7,15.123
1269.8,14.473
1269.9,14.221
1270,14.218
1270.1,14.355
1270.2,14.536
1270.3,14.506
1270.4,13.955
1270.5,12.886
1270.6,11.926
1270.7,11.655
1270.8,12.172
1270.9,12.825
1271,13.155
1271.1,13.361
1271.2,13.931
1271.3,14.744
1271.4,15.308
1271.5,15.037
1271.6,13.98
1271.7,12.579
1271.8,11.552
1271.9,11.247
1272,11.77
1272.1,13.072
1272.2,14.465
1272.3,15.297
1272.4,15.345
1272.5,14.856
1272.6,14.044
1272.7,13.29
1272.8,13.266
1272.9,14.298
1273,16.237
1273.1,18.119
1273.2,18.916
1273.3,18.436
1273.4,17.554
1273.5,17.371
1273.6,17.887
1273.7,18.293
1273.8,17.768
1273.9,16.368
1274,14.864
1274.1,14.217
1274.2,14.558
1274.3,15.576
1274.4,16.871
1274.5,18.097
1274.6,18.936
1274.7,19.02
1274.8,18.368
1274.9,17.215
1275,16.13
1275.1,15.421
1275.2,14.996
1275.3,14.699
1275.4,14.471
1275.5,14.24
1275.6,13.911
1275.7,13.593
1275.8,13.443
1275.9,13.668
1276,14.206
1276.1,14.489
1276.2,14.191
1276.3,13.646
1276.4,13.761
1276.5,14.957
1276.6,16.829
1276.7,18.027
1276.8,17.691
1276.9,16.15
1277,14.895
1277.1,14.738
1277.2,15.643
1277.3,16.684
1277.4,17.225
1277.5,17.109
1277.6,16.73
1277.7,16.469
1277.8,16.4
1277.9,16.614
1278,16.984
1278.1,17.429
1278.2,17.865
1278.3,18.027
1278.4,18.072
1278.5,18.5
1278.6,19.477
1278.7,20.708
1278.8,21.5
1278.9,21.64
1279,21.279
1279.1,20.47
1279.2,19.197
1279.3,17.617
1279.4,16.424
1279.5,16.405
1279.6,17.349
1279.7,18.7
1279.8,19.496
1279.9,19.273
1280,17.981
1280.1,16.03
1280.2,14.387
1280.3,13.854
1280.4,15.114
1280.5,17.708
1280.6,20.338
1280.7,21.861
1280.8,21.54
1280.9,19.831
1281,17.595
1281.1,16.144
1281.2,15.867
1281.3,16.506
1281.4,17.443
1281.5,17.914
1281.6,17.839
1281.7,17.983
1281.8,18.794
1281.9,19.741
1282,20.014
1282.1,19.417
1282.2,18.432
1282.3,17.442
1282.4,16.553
1282.5,15.516
1282.6,14.33
1282.7,13.531
1282.8,13.386
1282.9,13.993
1283,15.302
1283.1,16.759
1283.2,17.734
1283.3,17.603
1283.4,16.58
1283.5,15.238
1283.6,14.219
1283.7,13.889
1283.8,14.121
1283.9,14.82
1284,15.617
1284.1,16.107
1284.2,16.055
1284.3,15.67
1284.4,15.566
1284.5,15.942
1284.6,16.678
1284.7,17.219
1284.8,17.246
1284.9,16.771
1285,16.326
1285.1,16.382
1285.2,16.821
1285.3,17.202
1285.4,17.187
1285.5,16.943
1285.6,17.155
1285.7,18.074
1285.8,19.514
1285.9,20.84
1286,21.705
1286.1,21.844
1286.2,21.046
1286.3,19.682
1286.4,18.236
1286.5,17.528
1286.6,17.924
1286.7,18.932
1286.8,19.717
1286.9,19.537
1287,18.699
1287.1,18.117
1287.2,18.698
1287.3,20.071
1287.4,21.324
1287.5,21.347
1287.6,20.192
1287.7,18.391
1287.8,16.855
1287.9,16.081
1288,16.098
1288.1,16.648
1288.2,17.277
1288.3,17.803
1288.4,18.102
1288.5,17.928
1288.6,16.976
1288.7,15.468
1288.8,14.533
1288.9,15.044
1289,16.918
1289.1,19.015
1289.2,20.206
1289.3,20.344
1289.4,19.86
1289.5,19.264
1289.6,18.536
1289.7,17.8
1289.8,17.218
1289.9,16.803
1290,16.563
1290.1,16.582
1290.2,16.961
1290.3,17.708
1290.4,18.532
1290.5,18.788
1290.6,18.083
1290.7,16.668
1290.8,15.393
1290.9,14.923
1291,15.792
1291.1,17.292
1291.2,18.624
1291.3,19.406
1291.4,19.866
1291.5,20.095
1291.6,20.176
1291.7,20.473
1291.8,21.151
1291.9,21.915
1292,21.973
1292.1,21.005
1292.2,19.373
1292.3,18.145
1292.4,17.883
1292.5,18.45
1292.6,19.543
1292.7,20.987
1292.8,22.74
1292.9,24.444
1293,25.488
1293.1,25.553
1293.2,24.512
1293.3,22.634
1293.4,20.676
1293.5,19.351
1293.6,19.09
1293.7,19.324
1293.8,19.555
1293.9,19.447
1294,19.046
1294.1,18.522
1294.2,17.695
1294.3,16.344
1294.4,14.778
1294.5,13.747
1294.6,13.674
1294.7,14.225
1294.8,14.883
1294.9,15.179
1295,15.161
1295.1,15.216
1295.2,15.436
1295.3,15.469
1295.4,14.997
1295.5,13.814
1295.6,12.517
1295.7,11.891
1295.8,12.771
1295.9,14.69
1296,16.989
1296.1,19.155
1296.2,20.778
1296.3,21.705
1296.4,21.698
1296.5,20.784
1296.6,19.523
1296.7,18.519
1296.8,17.984
1296.9,17.53
1297,17.115
1297.1,16.88
1297.2,16.781
1297.3,17.024
1297.4,18.084
1297.5,19.954
1297.6,22.047
1297.7,23.39
1297.8,23.326
1297.9,22.131
1298,20.536
1298.1,19.414
1298.2,19.088
1298.3,19.679
1298.4,20.931
1298.5,21.977
1298.6,22.417
1298.7,22.255
1298.8,21.826
1298.9,21.271
1299,20.7
1299.1,20.244
1299.2,20.064
1299.3,20.049
1299.4,19.863
1299.5,19.671
1299.6,19.827
1299.7,20.35
1299.8,20.949
1299.9,21.367
1300,21.186
1300.1,20.373
1300.2,19.36
1300.3,18.449
1300.4,17.873
1300.5,18.024
1300.6,18.77
1300.7,19.453
1300.8,19.842
1300.9,20.133
1301,20.382
1301.1,20.479
1301.2,20.285
1301.3,19.728
1301.4,19.388
1301.5,19.93
1301.6,21.087
1301.7,21.655
1301.8,20.955
1301.9,19.069
1302,17.082
1302.1,15.75
1302.2,15.617
1302.3,16.313
1302.4,17.263
1302.5,17.782
1302.6,17.587
1302.7,17.061
1302.8,16.682
1302.9,16.885
1303,17.584
1303.1,18.387
1303.2,18.838
1303.3,18.722
1303.4,18.016
1303.5,16.943
1303.6,15.908
1303.7,15.188
1303.8,15.021
1303.9,15.358
1304,16.009
1304.1,16.626
1304.2,16.871
1304.3,16.66
1304.4,16.151
1304.5,15.808
1304.6,15.768
1304.7,16.103
1304.8,16.667
1304.9,17.029
1305,16.991
1305.1,16.579
1305.2,15.916
1305.3,15.155
1305.4,14.853
1305.5,15.304
1305.6,16.131
1305.7,16.705
1305.8,16.427
1305.9,15.34
1306,14.315
1306.1,14.194
1306.2,14.665
1306.3,15.209
1306.4,15.537
1306.5,15.941
1306.6,16.721
1306.7,17.977
1306.8,19.172
1306.9,19.753
1307,19.524
1307.1,18.814
1307.2,17.965
1307.3,17.568
1307.4,18.052
1307.5,19.197
1307.6,20.3
1307.7,20.358
1307.8,19.227
1307.9,17.238
1308,15.223
1308.1,13.773
1308.2,12.959
1308.3,12.863
1308.4,13.047
1308.5,13.164
1308.6,13.347
1308.7,14.067
1308.8,15.615
1308.9,17.888
1309,20.17
1309.1,22.001
1309.2,23.13
1309.3,23.198
1309.4,21.963
1309.5,19.401
1309.6,16.707
1309.7,15.311
1309.8,15.607
1309.9,16.81
1310,17.477
1310.1,17.337
1310.2,16.841
1310.3,16.596
1310.4,16.44
1310.5,15.97
1310.6,15.453
1310.7,15.664
1310.8,17.065
1310.9,19.078
1311,20.61
1311.1,20.834
1311.2,19.556
1311.3,17.568
1311.4,15.542
1311.5,14.463
1311.6,14.71
1311.7,16.043
1311.8,17.499
1311.9,18.044
1312,17.437
1312.1,16.039
1312.2,14.798
1312.3,14.34
1312.4,14.844
1312.5,15.911
1312.6,16.837
1312.7,17.288
1312.8,17.487
1312.9,17.95
1313,18.904
1313.1,20.149
1313.2,21.122
1313.3,21.568
1313.4,21.373
1313.5,20.833
1313.6,20.372
1313.7,20.158
1313.8,19.832
1313.9,18.918
1314,17.524
1314.1,16.497
1314.2,16.592
1314.3,17.826
1314.4,19.381
1314.5,20.354
1314.6,20.45
1314.7,19.804
1314.8,19.062
1314.9,18.482
1315,18.091
1315.1,17.751
1315.2,17.498
1315.3,17.536
1315.4,17.867
1315.5,18.291
1315.6,18.445
1315.7,18.251
1315.8,18.409
1315.9,19.372
1316,20.731
1316.1,21.336
1316.2,20.587
1316.3,18.703
1316.4,16.896
1316.5,15.997
1316.6,16.297
1316.7,17.028
1316.8,17.538
1316.9,17.394
1317,16.659
1317.1,16.053
1317.2,16.386
1317.3,17.982
1317.4,19.82
1317.5,20.622
1317.6,19.845
1317.7,18.766
1317.8,18.545
1317.9,19.41
1318,20.037
1318.1,19.627
1318.2,18.381
1318.3,17.622
1318.4,18.104
1318.5,19.569
1318.6,21.17
1318.7,22.26
1318.8,22.378
1318.9,21.282
1319,19.543
1319.1,17.859
1319.2,16.802
1319.3,16.398
1319.4,16.479
1319.5,16.79
1319.6,16.92
1319.7,16.675
1319.8,16.091
1319.9,15.545
1320,15.554
1320.1,16.446
1320.2,17.865
1320.3,19.245
1320.4,19.986
1320.5,19.483
1320.6,18.134
1320.7,16.699
1320.8,15.856
1320.9,15.589
1321,15.662
1321.1,15.82
1321.2,16.064
1321.3,16.511
1321.4,17.026
1321.5,17.277
1321.6,17.359
1321.7,17.432
1321.8,17.895
1321.9,19.119
1322,21.047
1322.1,22.981
1322.2,24.027
1322.3,23.735
1322.4,22.163
1322.5,20.652
1322.6,20.325
1322.7,21.457
1322.8,22.912
1322.9,23.509
1323,22.556
1323.1,20.516
1323.2,18.237
1323.3,16.533
1323.4,15.885
1323.5,16.449
1323.6,18.087
1323.7,19.796
1323.8,20.608
1323.9,20.267
1324,19.363
1324.1,18.987
1324.2,19.525
1324.3,20.776
1324.4,21.852
1324.5,22.311
1324.6,21.885
1324.7,20.744
1324.8,19.428
1324.9,18.548
1325,18.603
1325.1,19.35
1325.2,20.312
1325.3,21.027
1325.4,21.643
1325.5,22.277
1325.6,22.419
1325.7,21.611
1325.8,20.019
1325.9,18.731
1326,18.709
1326.1,19.922
1326.2,21.377
1326.3,21.968
1326.4,21.461
1326.5,20.357
1326.6,19.673
1326.7,20.028
1326.8,21.429
1326.9,23.009
1327,23.814
1327.1,23.49
1327.2,22.176
1327.3,20.621
1327.4,19.221
1327.5,18.35
1327.6,17.886
1327.7,17.595
1327.8,17.236
1327.9,16.539
1328,15.869
1328.1,16.21
1328.2,17.821
1328.3,19.627
1328.4,20.598
1328.5,20.426
1328.6,19.889
1328.7,19.684
1328.8,19.958
1328.9,19.839
1329,19.149
1329.1,18.481
1329.2,18.486
1329.3,19.213
1329.4,20.309
1329.5,21.239
1329.6,21.775
1329.7,22.159
1329.8,22.695
1329.9,23.232
1330,23.427
1330.1,22.743
1330.2,21.343
1330.3,19.818
1330.4,18.93
1330.5,18.671
1330.6,18.648
1330.7,18.576
1330.8,18.517
1330.9,18.719
1331,19.466
1331.1,20.328
1331.2,20.588
1331.3,19.928
1331.4,18.67
1331.5,17.594
1331.6,17.347
1331.7,18.23
1331.8,19.442
1331.9,20.067
1332,19.568
1332.1,18.419
1332.2,17.169
1332.3,16.242
1332.4,15.805
1332.5,15.878
1332.6,16.266
1332.7,16.544
1332.8,16.301
1332.9,15.577
1333,15.023
1333.1,15.058
1333.2,15.535
1333.3,15.905
1333.4,16.086
1333.5,16.379
1333.6,16.869
1333.7,17.238
1333.8,17.412
1333.9,17.699
1334,18.399
1334.1,19.444
1334.2,20.21
1334.3,20.016
1334.4,18.943
1334.5,17.733
1334.6,17.388
1334.7,17.848
1334.8,18.353
1334.9,17.677
1335,15.846
1335.1,13.96
1335.2,13.594
1335.3,14.8
1335.4,16.884
1335.5,18.952
1335.6,20.631
1335.7,21.883
1335.8,22.377
1335.9,21.645
1336,19.731
1336.1,17.235
1336.2,15.145
1336.3,13.996
1336.4,13.784
1336.5,14.159
1336.6,14.967
1336.7,16.176
1336.8,17.362
1336.9,18.062
1337,18.006
1337.1,17.223
1337.2,16.381
1337.3,15.846
1337.4,15.508
1337.5,15.419
1337.6,15.896
1337.7,17.102
1337.8,18.788
1337.9,20.213
1338,20.517
1338.1,19.315
1338.2,17.682
1338.3,16.465
1338.4,16.451
1338.5,17.314
1338.6,18.397
1338.7,18.864
1338.8,18.461
1338.9,17.526
1339,16.614
1339.1,16.181
1339.2,16.162
1339.3,16.087
1339.4,15.509
1339.5,14.686
1339.6,14.395
1339.7,15.354
1339.8,17.128
1339.9,19.054
1340,20.075
1340.1,20.186
1340.2,19.884
1340.3,19.718
1340.4,19.751
1340.5,19.698
1340.6,19.266
1340.7,18.439
1340.8,17.481
1340.9,16.502
1341,15.369
1341.1,14.203
1341.2,13.326
1341.3,13.035
1341.4,13.532
1341.5,14.791
1341.6,16.255
1341.7,17.428
1341.8,18.216
1341.9,18.88
1342,19.898
1342.1,21.204
1342.2,21.964
1342.3,21.378
1342.4,19.808
1342.5,18.366
1342.6,18.162
1342.7,19.026
1342.8,20.043
1342.9,20.001
1343,19.022
1343.1,17.913
1343.2,17.799
1343.3,18.594
1343.4,19.417
1343.5,19.382
1343.6,18.477
1343.7,17.142
1343.8,15.646
1343.9,13.834
1344,11.835
1344.1,10.151
1344.2,9.456
1344.3,9.731
1344.4,10.607
1344.5,11.651
1344.6,12.804
1344.7,14.18
1344.8,15.41
1344.9,16.022
1345,15.946
1345.1,15.508
1345.2,15.232
1345.3,15.41
1345.4,16.045
1345.5,16.473
1345.6,16.346
1345.7,15.96
1345.8,15.826
1345.9,16.098
1346,16.651
1346.1,17.126
1346.2,17.291
1346.3,17.253
1346.4,17.323
1346.5,17.521
1346.6,17.739
1346.7,17.583
1346.8,16.731
1346.9,15.401
1347,14.396
1347.1,14.618
1347.2,16.03
1347.3,17.858
1347.4,18.905
1347.5,18.963
1347.6,18.336
1347.7,17.649
1347.8,17.539
1347.9,18.22
1348,19.432
1348.1,20.298
1348.2,20.405
1348.3,19.739
1348.4,18.937
1348.5,18.441
1348.6,18.176
1348.7,17.705
1348.8,16.881
1348.9,15.992
1349,15.597
1349.1,16.081
1349.2,17.494
1349.3,19.333
1349.4,20.764
1349.5,21.226
1349.6,20.484
1349.7,19.422
1349.8,18.782
1349.9,18.787
1350,18.953
1350.1,18.718
1350.2,17.827
1350.3,16.725
1350.4,15.994
1350.5,15.798
1350.6,15.604
1350.7,14.976
1350.8,14.011
1350.9,13.268
1351,13.011
1351.1,13.074
1351.2,13.022
1351.3,12.781
1351.4,12.94
1351.5,14.221
1351.6,16.31
1351.7,18.361
1351.8,19.544
1351.9,19.416
1352,18.306
1352.1,17.106
1352.2,16.7
1352.3,17.167
1352.4,18.015
1352.5,18.235
1352.6,17.344
1352.7,15.466
1352.8,13.526
1352.9,12.703
1353,13.55
1353.1,15.774
1353.2,17.858
1353.3,18.733
1353.4,18.314
1353.5,17.621
1353.6,17.438
1353.7,17.65
1353.8,17.589
1353.9,17.057
1354,16.424
1354.1,16.215
1354.2,16.316
1354.3,16.368
1354.4,16.034
1354.5,15.512
1354.6,15.17
1354.7,15.341
1354.8,15.97
1354.9,16.782
1355,17.521
1355.1,18.193
1355.2,18.749
1355.3,18.988
1355.4,18.929
1355.5,18.872
1355.6,19.122
1355.7,19.786
1355.8,20.47
1355.9,20.603
1356,19.805
1356.1,18.536
1356.2,17.365
1356.3,16.969
1356.4,17.289
1356.5,17.657
1356.6,17.531
1356.7,16.951
1356.8,16.358
1356.9,16.133
1357,16.102
1357.1,15.923
1357.2,15.77
1357.3,16.148
1357.4,17.23
1357.5,19.03
1357.6,21.182
1357.7,22.667
1357.8,22.691
1357.9,20.97
1358,18.577
1358.1,16.783
1358.2,16.484
1358.3,17.312
1358.4,18.296
1358.5,19.003
1358.6,19.433
1358.7,19.749
1358.8,19.838
1358.9,19.562
1359,19.269
1359.1,19.379
1359.2,20.199
1359.3,21.192
1359.4,21.804
1359.5,21.759
1359.6,21.245
1359.7,20.56
1359.8,19.87
1359.9,19.235
1360,18.782
1360.1,18.614
1360.2,18.538
1360.3,18.213
1360.4,17.537
1360.5,16.683
1360.6,15.845
1360.7,15.285
1360.8,15.298
1360.9,15.729
1361,16.364
1361.1,17
1361.2,17.656
1361.3,18.524
1361.4,19.534
1361.5,20.012
1361.6,19.55
1361.7,18.398
1361.8,17.293
1361.9,16.749
1362,16.817
1362.1,17.079
1362.2,17.359
1362.3,18.043
1362.4,19.088
1362.5,19.805
1362.6,20.052
1362.7,19.96
1362.8,19.652
1362.9,19.21
1363,18.911
1363.1,18.978
1363.2,19.322
1363.3,19.752
1363.4,19.911
1363.5,19.654
1363.6,19.075
1363.7,17.887
1363.8,16.007
1363.9,13.814
1364,12.426
1364.1,12.316
1364.2,12.917
1364.3,13.599
1364.4,14.344
1364.5,15.377
1364.6,16.769
1364.7,18.004
1364.8,18.489
1364.9,18.052
1365,17.341
1365.1,17.143
1365.2,17.663
1365.3,18.75
1365.4,19.688
1365.5,20.084
1365.6,20.075
1365.7,20.153
1365.8,20.272
1365.9,19.965
1366,18.893
1366.1,17.201
1366.2,15.503
1366.3,14.43
1366.4,14.033
1366.5,14.234
1366.6,14.999
1366.7,16.242
1366.8,17.873
1366.9,19.695
1367,21.174
1367.1,21.996
1367.2,22.146
1367.3,21.865
1367.4,21.331
1367.5,20.665
1367.6,19.918
1367.7,19.192
1367.8,18.737
1367.9,18.734
1368,18.919
1368.1,18.948
1368.2,18.401
1368.3,17.385
1368.4,16.265
1368.5,15.507
1368.6,15.333
1368.7,15.731
1368.8,16.502
1368.9,17.068
1369,17.043
1369.1,16.471
1369.2,16.207
1369.3,16.965
1369.4,18.396
1369.5,19.431
1369.6,19.726
1369.7,19.497
1369.8,19.231
1369.9,19.227
1370,19.431
1370.1,19.447
1370.2,19.058
1370.3,18.173
1370.4,16.846
1370.5,15.946
1370.6,16.185
1370.7,17.517
1370.8,19.003
1370.9,19.9
1371,19.986
1371.1,19.746
1371.2,19.479
1371.3,19.15
1371.4,18.738
1371.5,18.356
1371.6,18.015
1371.7,17.699
1371.8,17.516
1371.9,17.5
1372,17.768
1372.1,18.017
1372.2,17.6
1372.3,16.539
1372.4,15.97
1372.5,16.735
1372.6,18.605
1372.7,20.244
1372.8,20.578
1372.9,19.561
1373,18.066
1373.1,16.892
1373.2,16.189
1373.3,15.895
1373.4,15.936
1373.5,16.339
1373.6,16.714
1373.7,16.535
1373.8,15.738
1373.9,14.936
1374,14.992
1374.1,16.074
1374.2,17.552
1374.3,18.268
1374.4,17.975
1374.5,17.196
1374.6,16.683
1374.7,16.499
1374.8,16.354
1374.9,15.944
1375,15.342
1375.1,14.762
1375.2,14.401
1375.3,14.121
1375.4,13.795
1375.5,13.585
1375.6,13.835
1375.7,14.572
1375.8,15.798
1375.9,17.163
1376,18.167
1376.1,18.66
1376.2,18.775
1376.3,18.855
1376.4,19.033
1376.5,19.145
1376.6,18.979
1376.7,18.499
1376.8,17.837
1376.9,17.031
1377,16.092
1377.1,15.182
1377.2,14.784
1377.3,15.217
1377.4,16.369
1377.5,17.563
1377.6,18.133
1377.7,17.946
1377.8,17.389
1377.9,17.059
1378,17.098
1378.1,17.281
1378.2,17.276
1378.3,17.076
1378.4,17.124
1378.5,17.741
1378.6,18.486
1378.7,18.626
1378.8,18.06
1378.9,17.201
1379,16.679
1379.1,16.921
1379.2,17.661
1379.3,18.366
1379.4,18.603
1379.5,18.505
1379.6,18.03
1379.7,17.184
1379.8,16.365
1379.9,15.909
1380,16.035
1380.1,16.571
1380.2,17.03
1380.3,16.932
1380.4,16.549
1380.5,16.442
1380.6,16.702
1380.7,17.005
1380.8,17.038
1380.9,16.769
1381,16.436
1381.1,16.384
1381.2,16.626
1381.3,16.87
1381.4,16.787
1381.5,16.393
1381.6,15.996
1381.7,15.881
1381.8,16.002
1381.9,16.144
1382,16.192
1382.1,16.508
1382.2,17.395
1382.3,18.517
1382.4,19.284
1382.5,19.431
1382.6,19.008
1382.7,18.41
1382.8,18.041
1382.9,18.187
1383,18.652
1383.1,19.295
1383.2,19.62
1383.3,19.077
1383.4,17.652
1383.5,15.845
1383.6,14.475
1383.7,14.121
1383.8,14.944
1383.9,16.482
1384,17.844
1384.1,18.485
1384.2,18.353
1384.3,17.876
1384.4,17.366
1384.5,16.956
1384.6,16.481
1384.7,15.953
1384.8,15.619
1384.9,15.634
1385,15.67
1385.1,15.282
1385.2,14.491
1385.3,13.797
1385.4,13.699
1385.5,14.125
1385.6,14.303
1385.7,13.865
1385.8,13.299
1385.9,13.438
1386,14.557
1386.1,16.104
1386.2,16.895
1386.3,16.512
1386.4,15.286
1386.5,14.097
1386.6,13.335
1386.7,13.175
1386.8,13.55
1386.9,14.057
1387,14.199
1387.1,13.732
1387.2,13.031
1387.3,12.624
1387.4,13.111
1387.5,14.52
1387.6,16.605
1387.7,19.009
1387.8,21.332
1387.9,23.658
1388,26.307
1388.1,29.145
1388.2,31.438
1388.3,31.98
1388.4,30.505
1388.5,27.755
1388.6,24.439
1388.7,21.199
1388.8,18.437
1388.9,16.54
1389,15.955
1389.1,16.33
1389.2,17.289
1389.3,18.526
1389.4,19.629
1389.5,20.216
1389.6,19.846
1389.7,18.857
1389.8,17.761
1389.9,16.995
1390,16.695
1390.1,16.637
1390.2,16.912
1390.3,17.733
1390.4,19.005
1390.5,20.536
1390.6,21.765
1390.7,22.408
1390.8,22.522
1390.9,22.256
1391,21.765
1391.1,21.065
1391.2,20.113
1391.3,19.017
1391.4,18.196
1391.5,18.035
1391.6,18.369
1391.7,18.646
1391.8,18.525
1391.9,18.081
1392,17.718
1392.1,17.606
1392.2,17.851
1392.3,18.627
1392.4,20.091
1392.5,22.046
1392.6,23.539
1392.7,23.773
1392.8,22.55
1392.9,20.729
1393,19.331
1393.1,18.84
1393.2,18.734
1393.3,18.048
1393.4,16.425
1393.5,14.642
1393.6,13.839
1393.7,14.581
1393.8,16.354
1393.9,17.819
1394,18.541
1394.1,18.559
1394.2,18.268
1394.3,17.994
1394.4,17.968
1394.5,18.007
1394.6,17.888
1394.7,17.628
1394.8,17.419
1394.9,17.547
1395,18.156
1395.1,18.919
1395.2,19.276
1395.3,19.028
1395.4,18.24
1395.5,17.295
1395.6,16.513
1395.7,16.15
1395.8,16.303
1395.9,17.109
1396,18.546
1396.1,20.111
1396.2,21.296
1396.3,21.673
1396.4,21.335
1396.5,20.915
1396.6,20.87
1396.7,21.165
1396.8,21.308
1396.9,20.909
1397,20.005
1397.1,19.007
1397.2,18.181
1397.3,17.478
1397.4,16.79
1397.5,16.299
1397.6,16.253
1397.7,16.583
1397.8,16.927
1397.9,17.017
1398,16.939
1398.1,17.159
1398.2,18.153
1398.3,19.764
1398.4,21.181
1398.5,21.838
1398.6,21.555
1398.7,20.764
1398.8,19.651
1398.9,18.491
1399,17.77
1399.1,18.057
1399.2,19.432
1399.3,20.802
1399.4,21.011
1399.5,19.612
1399.6,17.598
1399.7,16.121
1399.8,15.539
1399.9,15.629
1400,15.792
1400.1,15.826
1400.2,15.948
1400.3,16.343
1400.4,16.803
1400.5,16.827
1400.6,16.518
1400.7,16.368
1400.8,16.747
1400.9,17.441
1401,17.949
1401.1,18.13
1401.2,18.321
1401.3,18.792
1401.4,19.338
1401.5,19.452
1401.6,19.042
1401.7,18.215
1401.8,17.28
1401.9,16.85
1402,17.324
1402.1,18.701
1402.2,20.019
1402.3,20.371
1402.4,19.346
1402.5,17.734
1402.6,16.463
1402.7,15.821
1402.8,15.63
1402.9,15.648
1403,15.761
1403.1,16.044
1403.2,16.432
1403.3,16.709
1403.4,16.743
1403.5,16.723
1403.6,16.846
1403.7,17.145
1403.8,17.392
1403.9,17.292
1404,16.7
1404.1,16.095
1404.2,15.97
1404.3,16.388
1404.4,16.949
1404.5,17.146
1404.6,16.704
1404.7,15.843
1404.8,15.095
1404.9,14.912
1405,15.708
1405.1,17.01
1405.2,18.243
1405.3,18.831
1405.4,18.717
1405.5,18.067
1405.6,17.179
1405.7,16.5
1405.8,16.052
1405.9,15.554
1406,14.724
1406.1,13.627
1406.2,12.834
1406.3,13.415
1406.4,15.336
1406.5,18.024
1406.6,20.27
1406.7,21.323
1406.8,21.233
1406.9,20.75
1407,20.809
1407.1,21.367
1407.2,21.85
1407.3,21.729
1407.4,20.96
1407.5,19.811
1407.6,18.676
1407.7,17.704
1407.8,16.893
1407.9,16.542
1408,16.814
1408.1,17.627
1408.2,18.849
1408.3,20.296
1408.4,21.637
1408.5,22.262
1408.6,22.09
1408.7,21.354
1408.8,20.48
1408.9,20.059
1409,20.35
1409.1,21.103
1409.2,21.618
1409.3,21.343
1409.4,20.186
1409.5,18.787
1409.6,18.014
1409.7,18.193
1409.8,18.866
1409.9,19.233
1410,19.303
1410.1,19.777
1410.2,21.016
1410.3,22.465
1410.4,22.972
1410.5,21.868
1410.6,19.679
1410.7,17.721
1410.8,17.113
1410.9,17.403
1411,17.474
1411.1,16.528
1411.2,15.369
1411.3,15.002
1411.4,15.875
1411.5,17.07
1411.6,17.952
1411.7,18.324
1411.8,18.449
1411.9,18.28
1412,17.485
1412.1,16.332
1412.2,15.648
1412.3,15.996
1412.4,17.118
1412.5,18.351
1412.6,19.192
1412.7,19.338
1412.8,19.112
1412.9,18.8
1413,18.457
1413.1,17.806
1413.2,16.606
1413.3,15.106
1413.4,14.122
1413.5,14.228
1413.6,15.547
1413.7,17.241
1413.8,18.362
1413.9,18.429
1414,17.812
1414.1,17.277
1414.2,17.372
1414.3,18.469
1414.4,20
1414.5,21.315
1414.6,21.784
1414.7,21.46
1414.8,20.64
1414.9,19.826
1415,19.356
1415.1,19.064
1415.2,18.651
1415.3,18.036
1415.4,17.341
1415.5,16.82
1415.6,16.9
1415.7,17.631
1415.8,18.821
1415.9,20.018
1416,20.671
1416.1,20.646
1416.2,20.16
1416.3,19.755
1416.4,19.621
1416.5,19.696
1416.6,19.764
1416.7,19.436
1416.8,18.574
1416.9,17.587
1417,16.872
1417.1,16.539
1417.2,16.265
1417.3,15.865
1417.4,15.448
1417.5,15.331
1417.6,15.628
1417.7,16.296
1417.8,17.252
1417.9,18.286
1418,18.983
1418.1,18.796
1418.2,17.989
1418.3,17.38
1418.4,17.728
1418.5,18.759
1418.6,19.82
1418.7,20.493
1418.8,20.633
1418.9,20.36
1419,19.739
1419.1,18.913
1419.2,18.124
1419.3,17.582
1419.4,17.494
1419.5,17.922
1419.6,18.807
1419.7,19.625
1419.8,19.501
1419.9,18.156
1420,16.336
1420.1,15.37
1420.2,15.543
1420.3,16.362
1420.4,17.06
1420.5,17.303
1420.6,17.177
1420.7,17.019
1420.8,17.094
1420.9,17.325
1421,17.592
1421.1,17.685
1421.2,17.379
1421.3,16.882
1421.4,16.576
1421.5,16.569
1421.6,16.861
1421.7,17.323
1421.8,17.672
1421.9,17.509
1422,16.81
1422.1,15.982
1422.2,15.485
1422.3,15.886
1422.4,16.964
1422.5,18.355
1422.6,19.477
1422.7,19.94
1422.8,19.65
1422.9,18.986
1423,18.608
1423.1,18.666
1423.2,18.85
1423.3,18.725
1423.4,18.408
1423.5,18.305
1423.6,18.537
1423.7,18.552
1423.8,17.905
1423.9,16.997
1424,16.839
1424.1,17.734
1424.2,18.906
1424.3,19.215
1424.4,18.522
1424.5,17.654
1424.6,17.672
1424.7,18.628
1424.8,19.777
1424.9,20.367
1425,20.233
1425.1,19.714
1425.2,19.579
1425.3,19.983
1425.4,20.582
1425.5,21.104
1425.6,21.805
1425.7,22.803
1425.8,23.287
1425.9,22.154
1426,19.223
1426.1,15.89
1426.2,14.26
1426.3,14.791
1426.4,16.503
1426.5,17.886
1426.6,18.403
1426.7,18.146
1426.8,17.387
1426.9,16.452
1427,15.711
1427.1,15.818
1427.2,16.732
1427.3,17.967
1427.4,18.86
1427.5,19.383
1427.6,19.809
1427.7,20.362
1427.8,20.963
1427.9,21.239
1428,21.032
1428.1,20.65
1428.2,20.32
1428.3,19.939
1428.4,19.411
1428.5,18.814
1428.6,18.469
1428.7,18.905
1428.8,19.846
1428.9,20.971
1429,21.895
1429.1,22.333
1429.2,22.248
1429.3,21.787
1429.4,21.26
1429.5,20.545
1429.6,19.635
1429.7,18.948
1429.8,18.734
1429.9,18.953
1430,18.852
1430.1,18.012
1430.2,16.641
1430.3,15.456
1430.4,14.825
1430.5,14.458
1430.6,14.209
1430.7,14.273
1430.8,14.888
1430.9,16.068
1431,17.386
1431.1,18.599
1431.2,19.513
1431.3,19.82
1431.4,19.42
1431.5,18.56
1431.6,17.86
1431.7,17.673
1431.8,18.205
1431.9,19.404
1432,20.578
1432.1,21.207
1432.2,20.913
1432.3,20.026
1432.4,19.106
1432.5,18.81
1432.6,19.252
1432.7,20.132
1432.8,21.087
1432.9,21.642
1433,21.803
1433.1,21.891
1433.2,22.072
1433.3,22.145
1433.4,21.867
1433.5,21.112
1433.6,20.263
1433.7,19.91
1433.8,20.325
1433.9,20.704
1434,20.446
1434.1,19.408
1434.2,18.048
1434.3,16.978
1434.4,16.686
1434.5,17.03
1434.6,17.379
1434.7,17.43
1434.8,17.142
1434.9,16.92
1435,17.324
1435.1,18.487
1435.2,19.719
1435.3,20.317
1435.4,19.717
1435.5,18.378
1435.6,17.235
1435.7,17.361
1435.8,18.616
1435.9,20.105
1436,20.765
1436.1,20.194
1436.2,19.426
1436.3,19.656
1436.4,20.709
1436.5,21.085
1436.6,19.959
1436.7,17.547
1436.8,15.024
1436.9,12.95
1437,11.344
1437.1,10.052
1437.2,9.622
1437.3,10.787
1437.4,12.929
1437.5,14.811
1437.6,15.73
1437.7,16.108
1437.8,16.922
1437.9,18.361
1438,19.47
1438.1,19.345
1438.2,17.949
1438.3,16.151
1438.4,14.957
1438.5,14.621
1438.6,14.715
1438.7,14.739
1438.8,14.754
1438.9,14.754
1439,14.55
1439.1,14.197
1439.2,14.089
1439.3,14.718
1439.4,16.24
1439.5,18.34
1439.6,20.178
1439.7,21.129
1439.8,21.219
1439.9,20.743
1440,20.141
1440.1,19.392
1440.2,17.966
1440.3,15.836
1440.4,13.569
1440.5,12.263
1440.6,12.455
1440.7,13.589
1440.8,14.804
1440.9,15.573
1441,15.9
1441.1,15.9
1441.2,15.749
1441.3,15.757
1441.4,16.085
1441.5,16.941
1441.6,18.139
1441.7,19.144
1441.8,19.199
1441.9,18.437
1442,17.525
1442.1,17.007
1442.2,16.71
1442.3,16.208
1442.4,15.397
1442.5,15.022
1442.6,15.711
1442.7,17.092
1442.8,17.762
1442.9,17.163
1443,15.749
1443.1,14.513
1443.2,14.302
1443.3,15.058
1443.4,16.11
1443.5,16.986
1443.6,17.809
1443.7,18.784
1443.8,19.738
1443.9,20.406
1444,20.513
1444.1,20.268
1444.2,20.172
1444.3,20.284
1444.4,20.359
1444.5,20.33
1444.6,20.271
1444.7,20.148
1444.8,19.696
1444.9,18.767
1445,17.46
1445.1,16.429
1445.2,16.162
1445.3,16.907
1445.4,18.157
1445.5,19.329
1445.6,20.369
1445.7,21.565
1445.8,22.747
1445.9,23.263
1446,22.676
1446.1,21.212
1446.2,19.354
1446.3,17.951
1446.4,17.432
1446.5,17.851
1446.6,18.861
1446.7,19.518
1446.8,19.141
1446.9,17.812
1447,16.597
1447.1,16.183
1447.2,16.693
1447.3,17.646
1447.4,18.476
1447.5,19
1447.6,19.382
1447.7,19.532
1447.8,19.221
1447.9,18.282
1448,17.245
1448.1,16.656
1448.2,17.115
1448.3,18.169
1448.4,18.997
1448.5,19.032
1448.6,18.31
1448.7,17.343
1448.8,16.637
1448.9,16.386
1449,16.296
1449.1,16.13
1449.2,16.069
1449.3,16.181
1449.4,16.375
1449.5,16.299
1449.6,15.824
1449.7,15.203
1449.8,14.726
1449.9,14.411
1450,14.193
1450.1,14.28
1450.2,14.938
1450.3,15.855
1450.4,16.318
1450.5,15.929
1450.6,15.184
1450.7,14.864
1450.8,15.567
1450.9,16.766
1451,17.896
1451.1,18.48
1451.2,18.741
1451.3,19.043
1451.4,19.723
1451.5,20.843
1451.6,21.899
1451.7,22.321
1451.8,22.045
1451.9,21.491
1452,21.115
1452.1,20.891
1452.2,20.644
1452.3,20.159
1452.4,19.469
1452.5,18.667
1452.6,17.609
1452.7,16.623
1452.8,16.137
1452.9,16.272
1453,16.567
1453.1,16.464
1453.2,16.161
1453.3,16.342
1453.4,17.311
1453.5,18.452
1453.6,18.82
1453.7,17.995
1453.8,16.643
1453.9,15.928
1454,16.82
1454.1,18.782
1454.2,20.866
1454.3,21.612
1454.4,20.738
1454.5,18.777
1454.6,17.179
1454.7,16.792
1454.8,17.18
1454.9,17.56
1455,17.42
1455.1,16.802
1455.2,16.003
1455.3,15.445
1455.4,15.232
1455.5,15.402
1455.6,15.995
1455.7,16.474
1455.8,16.25
1455.9,15.632
1456,15.648
1456.1,16.781
1456.2,18.588
1456.3,19.867
1456.4,20.018
1456.5,19.145
1456.6,17.937
1456.7,16.892
1456.8,16.292
1456.9,16.164
1457,16.269
1457.1,16.48
1457.2,16.72
1457.3,17.16
1457.4,17.852
1457.5,18.624
1457.6,19.132
1457.7,19.191
1457.8,18.863
1457.9,18.377
1458,17.823
1458.1,17.137
1458.2,16.295
1458.3,15.552
1458.4,15.225
1458.5,15.442
1458.6,15.876
1458.7,16.033
1458.8,15.639
1458.9,15.054
1459,14.703
1459.1,14.84
1459.2,15.251
1459.3,15.635
1459.4,15.751
1459.5,15.741
1459.6,15.88
1459.7,16.271
1459.8,16.783
1459.9,17.342
1460,17.796
1460.1,17.846
1460.2,17.334
1460.3,16.266
1460.4,15.238
1460.5,15.064
1460.6,16.053
1460.7,17.938
1460.8,19.739
1460.9,20.804
1461,20.465
1461.1,19.036
1461.2,17.298
1461.3,16.303
1461.4,16.587
1461.5,17.745
1461.6,19.195
1461.7,20.336
1461.8,20.906
1461.9,20.949
1462,20.8
1462.1,20.788
1462.2,20.759
1462.3,20.208
1462.4,18.857
1462.5,16.761
1462.6,14.637
1462.7,13.492
1462.8,13.686
1462.9,14.821
1463,16.223
1463.1,17.645
1463.2,18.821
1463.3,19.502
1463.4,19.628
1463.5,19.127
1463.6,18.188
1463.7,17.544
1463.8,17.392
1463.9,17.067
1464,16.262
1464.1,15.403
1464.2,15.02
1464.3,15.363
1464.4,16.237
1464.5,16.968
1464.6,17.002
1464.7,16.662
1464.8,16.639
1464.9,17.407
1465,18.699
1465.1,19.837
1465.2,19.994
1465.3,19.238
1465.4,18.096
1465.5,17.241
1465.6,16.786
1465.7,16.695
1465.8,16.947
1465.9,17.378
1466,17.854
1466.1,18.05
1466.2,17.67
1466.3,16.713
1466.4,15.432
1466.5,14.382
1466.6,13.991
1466.7,14.567
1466.8,15.87
1466.9,17.04
1467,17.604
1467.1,17.358
1467.2,16.88
1467.3,16.682
1467.4,17.16
1467.5,18.242
1467.6,19.528
1467.7,20.67
1467.8,21.33
1467.9,21.441
1468,21.057
1468.1,20.293
1468.2,19.28
1468.3,18.132
1468.4,17.456
1468.5,17.512
1468.6,18.113
1468.7,18.563
1468.8,18.032
1468.9,16.353
1469,14.296
1469.1,13.367
1469.2,14.365
1469.3,17.06
1469.4,19.835
1469.5,21.186
1469.6,20.778
1469.7,19.563
1469.8,18.638
1469.9,18.249
1470,18.161
1470.1,18.238
1470.2,18.578
1470.3,18.924
1470.4,18.754
1470.5,17.953
1470.6,16.963
1470.7,16.427
1470.8,16.606
1470.9,17.528
1471,18.949
1471.1,20.521
1471.2,21.601
1471.3,21.265
1471.4,19.841
1471.5,18.325
1471.6,17.948
1471.7,18.611
1471.8,19.614
1471.9,19.966
1472,19.394
1472.1,18.315
1472.2,17.385
1472.3,17.132
1472.4,17.854
1472.5,19.36
1472.6,20.736
1472.7,21.076
1472.8,19.878
1472.9,17.459
1473,15.249
1473.1,14.415
1473.2,15.204
1473.3,16.429
1473.4,17.39
1473.5,17.941
1473.6,18.551
1473.7,19.266
1473.8,19.269
1473.9,17.984
1474,16.008
1474.1,14.593
1474.2,14.567
1474.3,15.378
1474.4,16.185
1474.5,16.645
1474.6,17.194
1474.7,17.874
1474.8,18.027
1474.9,17.255
1475,15.95
1475.1,15.295
1475.2,15.851
1475.3,17.237
1475.4,18.58
1475.5,19.315
1475.6,19.6
1475.7,19.78
1475.8,20.001
1475.9,20.312
1476,20.822
1476.1,21.491
1476.2,22.139
1476.3,22.522
1476.4,22.305
1476.5,21.607
1476.6,20.701
1476.7,19.519
1476.8,17.989
1476.9,16.577
1477,15.98
1477.1,16.305
1477.2,16.89
1477.3,16.841
1477.4,15.887
1477.5,14.911
1477.6,14.893
1477.7,15.802
1477.8,16.834
1477.9,17.626
1478,18.21
1478.1,18.664
1478.2,18.839
1478.3,18.534
1478.4,17.616
1478.5,16.387
1478.6,15.527
1478.7,15.333
1478.8,15.629
1478.9,15.998
1479,15.995
1479.1,15.466
1479.2,14.697
1479.3,14.242
1479.4,14.395
1479.5,15.199
1479.6,16.364
1479.7,17.146
1479.8,17.153
1479.9,16.391
1480,15.642
1480.1,15.686
1480.2,16.787
1480.3,18.137
1480.4,18.968
1480.5,18.945
1480.6,18.431
1480.7,18.087
1480.8,18.27
1480.9,18.849
1481,19.511
1481.1,20.186
1481.2,20.664
1481.3,20.628
1481.4,19.966
1481.5,18.919
1481.6,18.074
1481.7,17.699
1481.8,17.55
1481.9,17.231
1482,16.906
1482.1,16.919
1482.2,17.111
1482.3,16.878
1482.4,16.022
1482.5,15.214
1482.6,15.469
1482.7,17.003
1482.8,18.602
1482.9,18.818
1483,17.419
1483.1,15.282
1483.2,13.976
1483.3,14.321
1483.4,16.371
1483.5,19.14
1483.6,21.687
1483.7,23.313
1483.8,23.565
1483.9,22.544
1484,20.626
1484.1,18.503
1484.2,16.867
1484.3,16.098
1484.4,16.354
1484.5,17.097
1484.6,17.871
1484.7,18.229
1484.8,18.121
1484.9,17.656
1485,17.163
1485.1,17.072
1485.2,17.492
1485.3,18.301
1485.4,19.065
1485.5,19.283
1485.6,18.777
1485.7,17.779
1485.8,17.067
1485.9,17.119
1486,17.909
1486.1,18.897
1486.2,19.683
1486.3,20.066
1486.4,20.144
1486.5,20.02
1486.6,19.782
1486.7,19.53
1486.8,19.463
1486.9,19.804
1487,20.488
1487.1,21.261
1487.2,21.757
1487.3,21.581
1487.4,21.096
1487.5,20.802
1487.6,20.995
1487.7,21.313
1487.8,21.09
1487.9,19.542
1488,16.993
1488.1,14.284
1488.2,12.39
1488.3,11.913
1488.4,12.913
1488.5,14.905
1488.6,16.837
1488.7,17.997
1488.8,18.22
1488.9,18.002
1489,18.268
1489.1,19.455
1489.2,21.206
1489.3,22.452
1489.4,22.566
1489.5,21.587
1489.6,20.233
1489.7,18.931
1489.8,18.093
1489.9,17.998
1490,18.613
1490.1,19.719
1490.2,20.488
1490.3,20.212
1490.4,18.934
1490.5,17.748
1490.6,17.411
1490.7,17.968
1490.8,18.942
1490.9,19.418
1491,19.057
1491.1,18.151
1491.2,17.505
1491.3,17.642
1491.4,18.351
1491.5,18.722
1491.6,18.193
1491.7,17.025
1491.8,16.098
1491.9,15.77
1492,15.849
1492.1,15.982
1492.2,16.139
1492.3,16.513
1492.4,16.888
1492.5,17.113
1492.6,17.232
1492.7,17.309
1492.8,17.401
1492.9,17.413
1493,17.221
1493.1,16.932
1493.2,16.961
1493.3,17.753
1493.4,19.225
1493.5,20.803
1493.6,21.785
1493.7,21.577
1493.8,20.631
1493.9,19.64
1494,19.272
1494.1,19.277
1494.2,19.221
1494.3,18.837
1494.4,18.286
1494.5,17.943
1494.6,18.349
1494.7,19.503
1494.8,20.655
1494.9,21.159
1495,21.042
1495.1,20.687
1495.2,20.292
1495.3,19.894
1495.4,19.413
1495.5,18.799
1495.6,17.941
1495.7,16.982
1495.8,16.214
1495.9,15.955
1496,16.112
1496.1,16.357
1496.2,16.238
1496.3,15.568
1496.4,14.881
1496.5,14.734
1496.6,15.04
1496.7,15.625
1496.8,16.439
1496.9,17.079
1497,17.278
1497.1,17.095
1497.2,16.739
1497.3,16.235
1497.4,15.867
1497.5,16.135
1497.6,17.132
1497.7,18.512
1497.8,19.413
1497.9,19.234
1498,18.047
1498.1,16.358
1498.2,15.128
1498.3,14.775
1498.4,15.357
1498.5,16.659
1498.6,18.107
1498.7,19.114
1498.8,19.324
1498.9,19.054
1499,18.406
1499.1,17.352
1499.2,16.161
1499.3,15.378
1499.4,15.882
1499.5,17.923
1499.6,20.508
1499.7,22.067
1499.8,21.561
1499.9,19.58
1500,17.233
1500.1,15.645
1500.2,14.886
1500.3,14.755
1500.4,15.386
1500.5,16.702
1500.6,18.286
1500.7,19.55
1500.8,20.171
1500.9,20.048
1501,19.6
1501.1,19.927
1501.2,21.54
1501.3,23.751
1501.4,24.814
1501.5,23.712
1501.6,20.749
1501.7,17.821
1501.8,16.555
1501.9,16.886
1502,17.673
1502.1,17.781
1502.2,17.005
1502.3,15.696
1502.4,14.399
1502.5,13.555
1502.6,13.546
1502.7,14.483
1502.8,16.061
1502.9,17.586
1503,18.122
1503.1,17.64
1503.2,16.737
1503.3,16.324
1503.4,16.462
1503.5,16.794
1503.6,16.882
1503.7,16.695
1503.8,16.377
1503.9,15.91
1504,15.46
1504.1,15.298
1504.2,15.538
1504.3,15.91
1504.4,16.068
1504.5,15.905
1504.6,15.467
1504.7,14.814
1504.8,14.037
1504.9,13.472
1505,13.435
1505.1,13.911
1505.2,14.461
1505.3,14.585
1505.4,14.489
1505.5,14.949
1505.6,16.192
1505.7,17.59
1505.8,18.265
1505.9,18.06
1506,17.577
1506.1,17.47
1506.2,17.79
1506.3,17.98
1506.4,17.842
1506.5,17.469
1506.6,17.208
1506.7,17.087
1506.8,16.963
1506.9,16.801
1507,16.776
1507.1,17.034
1507.2,17.363
1507.3,17.577
1507.4,17.462
1507.5,16.951
1507.6,16.306
1507.7,15.857
1507.8,15.818
1507.9,16.095
1508,16.638
1508.1,17.468
1508.2,18.445
1508.3,19.219
1508.4,19.253
1508.5,18.672
1508.6,18.048
1508.7,18.052
1508.8,18.79
1508.9,19.703
1509,20.103
1509.1,19.82
1509.2,19.077
1509.3,18.068
1509.4,17.208
1509.5,16.877
1509.6,17.057
1509.7,17.539
1509.8,17.86
1509.9,17.706
1510,17.273
1510.1,17.086
1510.2,17.32
1510.3,18.149
1510.4,19.514
1510.5,20.741
1510.6,20.801
1510.7,19.514
1510.8,17.733
1510.9,16.596
1511,17.221
1511.1,19.113
1511.2,21.082
1511.3,21.699
1511.4,20.841
1511.5,19.141
1511.6,17.78
1511.7,17.443
1511.8,17.69
1511.9,17.601
1512,16.823
1512.1,15.71
1512.2,14.694
1512.3,13.722
1512.4,12.621
1512.5,11.599
1512.6,11.27
1512.7,11.765
1512.8,12.806
1512.9,13.937
1513,14.821
1513.1,15.36
1513.2,15.385
1513.3,15.013
1513.4,14.616
1513.5,14.672
1513.6,14.981
1513.7,15.029
1513.8,14.392
1513.9,13.244
1514,12.285
1514.1,11.938
1514.2,12.064
1514.3,12.286
1514.4,12.473
1514.5,12.579
1514.6,12.602
1514.7,12.668
1514.8,12.997
1514.9,13.798
1515,15.12
1515.1,16.666
1515.2,17.76
1515.3,17.761
1515.4,16.294
1515.5,13.816
1515.6,11.482
1515.7,10.251
1515.8,10.715
1515.9,12.439
1516,14.607
1516.1,16.136
1516.2,16.464
1516.3,15.67
1516.4,14.393
1516.5,13.779
1516.6,14.358
1516.7,15.734
1516.8,16.99
1516.9,17.711
1517,17.833
1517.1,17.588
1517.2,17.124
1517.3,16.353
1517.4,15.423
1517.5,14.906
1517.6,14.926
1517.7,14.85
1517.8,14.026
1517.9,12.395
1518,10.878
1518.1,10.643
1518.2,11.725
1518.3,13.337
1518.4,14.732
1518.5,15.637
1518.6,16.16
1518.7,16.762
1518.8,17.539
1518.9,18.133
1519,18.112
1519.1,17.3
1519.2,15.742
1519.3,13.86
1519.4,12.581
1519.5,12.382
1519.6,13.257
1519.7,14.421
1519.8,15.194
1519.9,15.296
1520,15.048
1520.1,14.849
1520.2,14.861
1520.3,14.875
1520.4,14.891
1520.5,14.975
1520.6,15.112
1520.7,15.235
1520.8,15.291
1520.9,15.172
1521,14.968
1521.1,14.811
1521.2,14.754
1521.3,14.963
1521.4,15.563
1521.5,16.242
1521.6,16.47
1521.7,16.105
1521.8,15.519
1521.9,15.316
1522,15.337
1522.1,14.923
1522.2,13.541
1522.3,11.762
1522.4,10.559
1522.5,11.065
1522.6,12.829
1522.7,14.893
1522.8,16.114
1522.9,16.199
1523,15.391
1523.1,14.265
1523.2,13.541
1523.3,13.422
1523.4,13.888
1523.5,14.647
1523.6,15.24
1523.7,15.395
1523.8,15.107
1523.9,14.592
1524,14.117
1524.1,13.946
1524.2,14.216
1524.3,14.747
1524.4,14.921
1524.5,14.435
1524.6,13.534
1524.7,13.064
1524.8,13.43
1524.9,14.098
1525,14.464
1525.1,14.274
1525.2,13.887
1525.3,13.676
1525.4,13.869
1525.5,14.328
1525.6,14.756
1525.7,14.817
1525.8,14.607
1525.9,14.564
1526,15.291
1526.1,16.337
1526.2,16.895
1526.3,16.672
1526.4,16.222
1526.5,16.082
1526.6,16.351
1526.7,16.684
1526.8,16.703
1526.9,16.375
1527,15.886
1527.1,15.339
1527.2,14.771
1527.3,14.39
1527.4,14.104
1527.5,13.737
1527.6,13.302
1527.7,13.07
1527.8,13.34
1527.9,14.067
1528,14.759
1528.1,15.038
1528.2,14.827
1528.3,14.45
1528.4,14.19
1528.5,14.039
1528.6,13.778
1528.7,13.613
1528.8,13.918
1528.9,14.63
1529,15.098
1529.1,14.811
1529.2,13.689
1529.3,12.585
1529.4,12.403
1529.5,13.69
1529.6,15.935
1529.7,18.203
1529.8,19.547
1529.9,19.682
1530,19.294
1530.1,18.824
1530.2,18.175
1530.3,17.215
1530.4,16.095
1530.5,15.378
1530.6,15.397
1530.7,15.975
1530.8,16.372
1530.9,16.234
1531,16.029
1531.1,16.355
1531.2,17.124
1531.3,17.736
1531.4,17.451
1531.5,16.367
1531.6,15.397
1531.7,15.304
1531.8,16.36
1531.9,17.67
1532,18.469
1532.1,18.22
1532.2,17.423
1532.3,16.746
1532.4,16.631
1532.5,16.829
1532.6,16.967
1532.7,16.89
1532.8,16.642
1532.9,16.1
1533,15.108
1533.1,14.101
1533.2,13.903
1533.3,14.941
1533.4,16.574
1533.5,17.453
1533.6,17.172
1533.7,16.324
1533.8,15.996
1533.9,16.469
1534,17.203
1534.1,17.454
1534.2,17.189
1534.3,16.935
1534.4,17.216
1534.5,17.93
1534.6,18.712
1534.7,19.027
1534.8,18.509
1534.9,17.334
1535,16.208
1535.1,15.885
1535.2,16.708
1535.3,18.462
1535.4,20.167
1535.5,21.084
1535.6,21.013
1535.7,20.376
1535.8,19.305
1535.9,18.054
1536,17.217
1536.1,17.318
1536.2,18.554
1536.3,20.322
1536.4,21.698
1536.5,22.112
1536.6,21.554
1536.7,20.617
1536.8,19.555
1536.9,18.826
1537,18.672
1537.1,18.86
1537.2,18.9
1537.3,18.689
1537.4,18.581
1537.5,18.892
1537.6,19.549
1537.7,20.185
1537.8,20.481
1537.9,20.574
1538,20.662
1538.1,20.395
1538.2,19.196
1538.3,17.314
1538.4,15.138
1538.5,13.344
1538.6,12.65
1538.7,13.382
1538.8,15.182
1538.9,16.755
1539,17.194
1539.1,16.373
1539.2,15.496
1539.3,15.612
1539.4,16.694
1539.5,17.667
1539.6,18.024
1539.7,18.1
1539.8,18.241
1539.9,18.28
1540,17.805
1540.1,16.807
1540.2,16.088
1540.3,16.113
1540.4,16.64
1540.5,16.886
1540.6,16.778
1540.7,16.755
1540.8,17.373
1540.9,18.545
1541,19.714
1541.1,20.137
1541.2,19.494
1541.3,17.814
1541.4,15.753
1541.5,14.351
1541.6,14.11
1541.7,14.832
1541.8,15.706
1541.9,16.205
1542,16.107
1542.1,15.579
1542.2,14.743
1542.3,13.76
1542.4,13.026
1542.5,12.976
1542.6,13.83
1542.7,15.283
1542.8,16.737
1542.9,17.878
1543,18.709
1543.1,19.328
1543.2,19.611
1543.3,19.177
1543.4,18.095
1543.5,16.971
1543.6,16.791
1543.7,17.653
1543.8,18.755
1543.9,19.114
1544,18.474
1544.1,17.379
1544.2,16.48
1544.3,16.051
1544.4,15.792
1544.5,15.499
1544.6,15.257
1544.7,15.194
1544.8,15.404
1544.9,15.756
1545,15.977
1545.1,15.852
1545.2,15.376
1545.3,14.827
1545.4,14.333
1545.5,14.022
1545.6,13.901
1545.7,13.869
1545.8,13.929
1545.9,14.035
1546,14.278
1546.1,14.802
1546.2,15.537
1546.3,16.219
1546.4,16.737
1546.5,17.011
1546.6,17.025
1546.7,16.812
1546.8,16.273
1546.9,15.326
1547,14.058
1547.1,12.863
1547.2,12.091
1547.3,11.931
1547.4,12.329
1547.5,12.954
1547.6,13.555
1547.7,13.966
1547.8,14.233
1547.9,14.482
1548,14.705
1548.1,15.027
1548.2,15.563
1548.3,16.514
1548.4,17.797
1548.5,18.807
1548.6,19.036
1548.7,18.392
1548.8,17.504
1548.9,16.887
1549,16.404
1549.1,15.512
1549.2,14.199
1549.3,13.229
1549.4,13.582
1549.5,14.913
1549.6,16.658
1549.7,18.029
1549.8,18.478
1549.9,17.98
1550,17
1550.1,16.124
1550.2,15.418
1550.3,14.683
1550.4,13.849
1550.5,13.035
1550.6,12.263
1550.7,11.494
1550.8,10.81
1550.9,10.515
1551,11.084
1551.1,12.25
1551.2,13.26
1551.3,13.263
1551.4,12.803
1551.5,12.616
1551.6,12.961
1551.7,13.582
1551.8,14.069
1551.9,14.195
1552,14.271
1552.1,14.567
1552.2,14.769
1552.3,14.565
1552.4,14.151
1552.5,13.719
1552.6,13.502
1552.7,13.562
1552.8,13.837
1552.9,14.224
1553,14.643
1553.1,14.831
1553.2,14.383
1553.3,13.465
1553.4,12.517
1553.5,12.127
1553.6,12.88
1553.7,14.731
1553.8,17.188
1553.9,19.141
1554,19.983
1554.1,19.8
1554.2,19.106
1554.3,18.39
1554.4,17.514
1554.5,16.296
1554.6,15.286
1554.7,15.237
1554.8,16.399
1554.9,18.061
1555,19.307
1555.1,19.695
1555.2,19.564
1555.3,19.374
1555.4,19.039
1555.5,18.192
1555.6,17.006
1555.7,15.755
1555.8,15.081
1555.9,15.39
1556,16.513
1556.1,17.789
1556.2,18.698
1556.3,19.125
1556.4,18.957
1556.5,18.295
1556.6,17.32
1556.7,16.248
1556.8,15.627
1556.9,15.784
1557,16.608
1557.1,17.711
1557.2,18.773
1557.3,19.522
1557.4,19.855
1557.5,20.066
1557.6,20.402
1557.7,21.101
1557.8,21.949
1557.9,22.442
1558,21.919
1558.1,20.5
1558.2,18.755
1558.3,17.284
1558.4,16.443
1558.5,15.822
1558.6,14.958
1558.7,13.755
1558.8,12.655
1558.9,12.047
1559,12.205
1559.1,13.113
1559.2,14.808
1559.3,17.1
1559.4,19.106
1559.5,20.118
1559.6,19.817
1559.7,18.669
1559.8,17.449
1559.9,16.676
1560,16.423
1560.1,16.553
1560.2,16.995
1560.3,17.493
1560.4,17.813
1560.5,17.874
1560.6,17.634
1560.7,17.199
1560.8,16.507
1560.9,15.448
1561,14.308
1561.1,13.452
1561.2,13.224
1561.3,13.534
1561.4,14.147
1561.5,14.824
1561.6,15.525
1561.7,16.355
1561.8,17.284
1561.9,18.148
1562,18.872
1562.1,19.443
1562.2,19.877
1562.3,20.291
1562.4,20.73
1562.5,21.216
1562.6,21.582
1562.7,21.738
1562.8,21.721
1562.9,21.443
1563,20.755
1563.1,19.627
1563.2,18.455
1563.3,17.795
1563.4,17.928
1563.5,18.46
1563.6,18.484
1563.7,17.562
1563.8,16.117
1563.9,15.444
1564,16.262
1564.1,18.501
1564.2,20.717
1564.3,21.645
1564.4,20.656
1564.5,18.634
1564.6,16.845
1564.7,15.983
1564.8,15.788
1564.9,15.665
1565,15.372
1565.1,15.226
1565.2,15.682
1565.3,16.695
1565.4,17.74
1565.5,18.152
1565.6,17.733
1565.7,16.58
1565.8,15.153
1565.9,13.956
1566,13.517
1566.1,14.196
1566.2,15.616
1566.3,16.941
1566.4,17.452
1566.5,17.269
1566.6,16.819
1566.7,16.181
1566.8,15.148
1566.9,13.66
1567,12.294
1567.1,11.85
1567.2,12.764
1567.3,14.769
1567.4,16.65
1567.5,17.611
1567.6,17.349
1567.7,16.472
1567.8,15.97
1567.9,16.542
1568,17.728
1568.1,18.702
1568.2,19.229
1568.3,19.47
1568.4,19.516
1568.5,19.096
1568.6,18.084
1568.7,17.121
1568.8,17.085
1568.9,18.385
1569,19.753
1569.1,20.064
1569.2,19.024
1569.3,17.821
1569.4,17.399
1569.5,17.746
1569.6,18.067
1569.7,17.873
1569.8,17.572
1569.9,18.155
1570,19.582
1570.1,21.019
1570.2,21.309
1570.3,20.411
1570.4,18.772
1570.5,17.338
1570.6,16.662
1570.7,16.532
1570.8,16.6
1570.9,16.649
1571,16.639
1571.1,16.816
1571.2,17.548
1571.3,18.469
1571.4,18.942
1571.5,18.6
1571.6,17.85
1571.7,17.298
1571.8,17.824
1571.9,19.084
1572,20.091
1572.1,19.85
1572.2,18.714
1572.3,17.738
1572.4,17.924
1572.5,19.217
1572.6,20.603
1572.7,21.093
1572.8,20.34
1572.9,18.891
1573,17.304
1573.1,16.344
1573.2,16.256
1573.3,16.669
1573.4,16.808
1573.5,16.417
1573.6,15.746
1573.7,15.19
1573.8,14.744
1573.9,14.31
1574,14.148
1574.1,14.66
1574.2,15.722
1574.3,16.589
1574.4,16.611
1574.5,16.275
1574.6,16.445
1574.7,17.647
1574.8,19.023
1574.9,19.879
1575,19.904
1575.1,19.645
1575.2,19.438
1575.3,19.117
1575.4,18.483
1575.5,17.887
1575.6,17.957
1575.7,18.73
1575.8,19.768
1575.9,20.532
1576,20.548
1576.1,20.002
1576.2,19.59
1576.3,19.857
1576.4,20.34
1576.5,20.406
1576.6,19.569
1576.7,18.649
1576.8,18.763
1576.9,20.608
1577,22.852
1577.1,23.963
1577.2,23.436
1577.3,22.053
1577.4,20.851
1577.5,20.307
1577.6,20.433
1577.7,20.833
1577.8,21.06
1577.9,20.68
1578,19.614
1578.1,18.027
1578.2,16.9
1578.3,17.128
1578.4,18.442
1578.5,19.592
1578.6,19.559
1578.7,18.494
1578.8,16.966
1578.9,15.818
1579,15.398
1579.1,15.504
1579.2,15.944
1579.3,16.293
1579.4,15.974
1579.5,14.728
1579.6,13.298
1579.7,12.511
1579.8,12.746
1579.9,13.443
1580,14.05
1580.1,14.303
1580.2,14.679
1580.3,15.65
1580.4,17.255
1580.5,18.898
1580.6,19.897
1580.7,19.935
1580.8,19.473
1580.9,19.145
1581,19.068
1581.1,18.836
1581.2,18.155
1581.3,17.206
1581.4,16.428
1581.5,16.127
1581.6,16.147
1581.7,16.195
1581.8,16.187
1581.9,16.11
1582,16.123
1582.1,16.547
1582.2,17.297
1582.3,18.077
1582.4,18.599
1582.5,18.861
1582.6,19.1
1582.7,19.548
1582.8,19.942
1582.9,19.96
1583,19.594
1583.1,19.138
1583.2,18.607
1583.3,17.923
1583.4,17.405
1583.5,17.468
1583.6,18.183
1583.7,18.869
1583.8,18.73
1583.9,17.673
1584,16.57
1584.1,16.314
1584.2,17.153
1584.3,18.453
1584.4,19.21
1584.5,19.061
1584.6,18.122
1584.7,17.168
1584.8,16.591
1584.9,16.538
1585,16.788
1585.1,16.916
1585.2,16.531
1585.3,15.564
1585.4,14.516
1585.5,14.011
1585.6,14.319
1585.7,14.898
1585.8,15.086
1585.9,14.584
1586,13.92
1586.1,13.543
1586.2,13.699
1586.3,14.306
1586.4,15.338
1586.5,16.804
1586.6,18.349
1586.7,19.421
1586.8,19.725
1586.9,19.568
1587,19.48
1587.1,19.594
1587.2,19.64
1587.3,19.468
1587.4,19.18
1587.5,18.958
1587.6,18.671
1587.7,18.202
1587.8,17.685
1587.9,17.376
1588,17.381
1588.1,17.516
1588.2,17.487
1588.3,17.316
1588.4,17.286
1588.5,17.645
1588.6,18.345
1588.7,19.202
1588.8,19.797
1588.9,19.834
1589,19.136
1589.1,17.855
1589.2,16.936
1589.3,17.249
1589.4,18.985
1589.5,21.076
1589.6,22.635
1589.7,22.805
1589.8,21.533
1589.9,19.29
1590,16.657
1590.1,14.535
1590.2,13.749
1590.3,14.483
1590.4,15.81
1590.5,16.647
1590.6,16.625
1590.7,15.77
1590.8,14.637
1590.9,13.529
1591,12.817
1591.1,12.515
1591.2,12.469
1591.3,12.72
1591.4,13.238
1591.5,13.88
1591.6,14.469
1591.7,14.981
1591.8,15.566
1591.9,16.248
1592,16.947
1592.1,17.33
1592.2,17.26
1592.3,16.925
1592.4,16.584
1592.5,16.148
1592.6,15.437
1592.7,14.934
1592.8,15.409
1592.9,17.108
1593,18.926
1593.1,19.61
1593.2,18.459
1593.3,16.181
1593.4,14.321
1593.5,14.052
1593.6,15.422
1593.7,17.256
1593.8,18.751
1593.9,19.239
1594,18.983
1594.1,18.359
1594.2,17.787
1594.3,17.514
1594.4,17.477
1594.5,17.671
1594.6,17.802
1594.7,17.621
1594.8,17.217
1594.9,16.901
1595,16.709
1595.1,16.261
1595.2,15.532
1595.3,15.103
1595.4,15.302
1595.5,16.049
1595.6,16.695
1595.7,16.91
1595.8,17.09
1595.9,17.624
1596,18.426
1596.1,19.025
1596.2,19.166
1596.3,19.028
1596.4,18.576
1596.5,17.877
1596.6,17.217
1596.7,17.009
1596.8,17.391
1596.9,17.618
1597,17.186
1597.1,15.98
1597.2,14.886
1597.3,14.641
1597.4,15.441
1597.5,16.508
1597.6,17.124
1597.7,17.013
1597.8,16.423
1597.9,15.605
1598,14.598
1598.1,13.475
1598.2,12.729
1598.3,12.905
1598.4,14.117
1598.5,15.577
1598.6,16.552
1598.7,16.435
1598.8,15.643
1598.9,14.714
1599,14.161
1599.1,14.037
1599.2,14.31
1599.3,14.934
1599.4,15.475
1599.5,15.66
1599.6,15.551
1599.7,15.613
1599.8,16.229
1599.9,17.429
1600,18.622
1600.1,19.192
1600.2,19.285
1600.3,19.545
1600.4,20.208
1600.5,20.948
1600.6,21.294
1600.7,21.046
1600.8,20.388
1600.9,19.658
1601,18.998
1601.1,18.421
1601.2,17.998
1601.3,17.788
1601.4,17.542
1601.5,16.982
1601.6,16.522
1601.7,16.837
1601.8,17.994
1601.9,19.347
1602,20.081
1602.1,20.07
1602.2,19.728
1602.3,19.444
1602.4,18.984
1602.5,18.047
1602.6,17.108
1602.7,16.769
1602.8,16.963
1602.9,16.838
1603,15.932
1603.1,14.768
1603.2,14.693
1603.3,15.874
1603.4,17.389
1603.5,17.903
1603.6,17.359
1603.7,16.547
1603.8,16.651
1603.9,17.639
1604,18.482
1604.1,18.323
1604.2,17.47
1604.3,16.575
1604.4,16.045
1604.5,16.056
1604.6,16.313
1604.7,16.621
1604.8,17.195
1604.9,17.916
1605,18.482
1605.1,18.442
1605.2,17.91
1605.3,17.137
1605.4,16.552
1605.5,16.518
1605.6,16.965
1605.7,17.564
1605.8,17.758
1605.9,17.323
1606,16.486
1606.1,15.61
1606.2,14.938
1606.3,14.474
1606.4,14.254
1606.5,14.339
1606.6,14.814
1606.7,15.563
1606.8,16.283
1606.9,16.861
1607,17.166
1607.1,17.243
1607.2,17.172
1607.3,17.119
1607.4,17.284
1607.5,17.65
1607.6,17.845
1607.7,17.544
1607.8,17.173
1607.9,17.204
1608,17.543
1608.1,17.688
1608.2,17.489
1608.3,17.298
1608.4,17.628
1608.5,18.463
1608.6,19.17
1608.7,19.245
1608.8,18.957
1608.9,18.938
1609,19.687
1609.1,21.052
1609.2,22.516
1609.3,23.563
1609.4,24.091
1609.5,23.992
1609.6,23.226
1609.7,22.156
1609.8,21.138
1609.9,20.371
1610,19.656
1610.1,18.803
1610.2,18.085
1610.3,18.127
1610.4,18.759
1610.5,19.184
1610.6,18.905
1610.7,18.31
1610.8,17.996
1610.9,17.861
1611,17.426
1611.1,16.553
1611.2,15.868
1611.3,15.958
1611.4,16.732
1611.5,17.624
1611.6,18.107
1611.7,18.082
1611.8,17.692
1611.9,17.357
1612,17.331
1612.1,17.553
1612.2,17.669
1612.3,17.593
1612.4,17.543
1612.5,17.571
1612.6,17.472
1612.7,16.993
1612.8,16.28
1612.9,15.94
1613,16.23
1613.1,17.113
1613.2,18.011
1613.3,18.702
1613.4,19.267
1613.5,19.67
1613.6,19.741
1613.7,19.107
1613.8,17.674
1613.9,15.748
1614,13.902
1614.1,13.129
1614.2,13.557
1614.3,14.781
1614.4,16.099
1614.5,17.226
1614.6,18.251
1614.7,18.915
1614.8,18.678
1614.9,17.284
1615,15.294
1615.1,14.017
1615.2,13.91
1615.3,14.516
1615.4,15.058
1615.5,15.24
1615.6,15.217
1615.7,15.226
1615.8,15.164
1615.9,14.867
1616,14.543
1616.1,14.455
1616.2,14.618
1616.3,14.818
1616.4,14.624
1616.5,13.851
1616.6,12.726
1616.7,11.816
1616.8,11.398
1616.9,11.484
1617,11.855
1617.1,12.281
1617.2,12.799
1617.3,13.436
1617.4,13.921
1617.5,13.999
1617.6,13.601
1617.7,13.119
1617.8,12.827
1617.9,12.829
1618,13.09
1618.1,13.411
1618.2,13.433
1618.3,13.165
1618.4,12.812
1618.5,12.844
1618.6,13.684
1618.7,14.951
1618.8,15.86
1618.9,16.039
1619,16.001
1619.1,16.138
1619.2,16.465
1619.3,16.737
1619.4,16.844
1619.5,16.902
1619.6,17.048
1619.7,17.082
1619.8,16.717
1619.9,16.295
1620,16.452
1620.1,17.358
1620.2,18.36
1620.3,18.756
1620.4,18.155
1620.5,16.757
1620.6,15.486
1620.7,14.98
1620.8,15.249
1620.9,15.622
1621,15.786
1621.1,15.487
1621.2,14.985
1621.3,14.546
1621.4,14.361
1621.5,14.672
1621.6,15.583
1621.7,16.826
1621.8,17.534
1621.9,17.44
1622,17.081
1622.1,17.272
1622.2,17.919
1622.3,18.225
1622.4,17.422
1622.5,16.078
1622.6,15.217
1622.7,15.484
1622.8,16.256
1622.9,16.87
1623,17.042
1623.1,16.967
1623.2,16.609
1623.3,15.86
1623.4,15.132
1623.5,15.051
1623.6,15.759
1623.7,16.583
1623.8,16.807
1623.9,16.309
1624,15.602
1624.1,15.338
1624.2,15.619
1624.3,16.264
1624.4,16.959
1624.5,17.327
1624.6,17.07
1624.7,16.641
1624.8,16.72
1624.9,17.582
1625,18.647
1625.1,19.13
1625.2,18.627
1625.3,17.818
1625.4,17.926
1625.5,19.353
1625.6,21.397
1625.7,22.763
1625.8,22.79
1625.9,21.355
1626,19.528
1626.1,18.187
1626.2,17.563
1626.3,17.365
1626.4,17.454
1626.5,17.577
1626.6,17.493
1626.7,17.198
1626.8,16.795
1626.9,16.482
1627,16.58
1627.1,17.051
1627.2,17.424
1627.3,17.39
1627.4,17.044
1627.5,16.914
1627.6,17.276
1627.7,17.894
1627.8,18.3
1627.9,18.488
1628,18.563
1628.1,18.425
1628.2,18.06
1628.3,17.398
1628.4,16.44
1628.5,15.596
1628.6,15.335
1628.7,15.869
1628.8,17.171
1628.9,18.648
1629,19.604
1629.1,19.293
1629.2,18.039
1629.3,16.65
1629.4,16.071
1629.5,16.365
1629.6,17.084
1629.7,17.812
1629.8,18.313
1629.9,18.793
1630,19.272
1630.1,19.214
1630.2,18.406
1630.3,17.277
1630.4,16.253
1630.5,15.299
1630.6,14.291
1630.7,13.255
1630.8,12.591
1630.9,12.756
1631,13.935
1631.1,15.369
1631.2,16.434
1631.3,16.866
1631.4,16.789
1631.5,16.715
1631.6,16.864
1631.7,17.186
1631.8,17.405
1631.9,17.463
1632,18.009
1632.1,19.135
1632.2,20.332
1632.3,20.899
1632.4,20.873
1632.5,20.701
1632.6,20.672
1632.7,20.737
1632.8,20.469
1632.9,19.784
1633,19.371
1633.1,19.37
1633.2,19.155
1633.3,18.097
1633.4,16.474
1633.5,14.671
1633.6,13.297
1633.7,13.07
1633.8,14.097
1633.9,15.733
1634,17.025
1634.1,17.581
1634.2,17.221
1634.3,16.389
1634.4,15.568
1634.5,14.94
1634.6,14.669
1634.7,14.92
1634.8,15.405
1634.9,15.515
1635,15.246
1635.1,14.793
1635.2,14.411
1635.3,14.453
1635.4,14.85
1635.5,15.32
1635.6,15.675
1635.7,15.898
1635.8,16.081
1635.9,16.334
1636,16.512
1636.1,16.281
1636.2,15.552
1636.3,14.741
1636.4,14.212
1636.5,14.578
1636.6,15.896
1636.7,17.502
1636.8,18.28
1636.9,18.053
1637,17.33
1637.1,16.854
1637.2,16.668
1637.3,16.327
1637.4,15.583
1637.5,14.852
1637.6,14.607
1637.7,14.938
1637.8,15.623
1637.9,16.234
1638,16.665
1638.1,16.927
1638.2,16.868
1638.3,16.319
1638.4,15.31
1638.5,14.207
1638.6,13.358
1638.7,13.21
1638.8,13.709
1638.9,14.734
1639,16.309
1639.1,18.043
1639.2,19.351
1639.3,19.914
1639.4,19.866
1639.5,19.498
1639.6,19.045
1639.7,18.616
1639.8,18.361
1639.9,18.529
1640,18.933
1640.1,18.837
1640.2,17.918
1640.3,16.601
1640.4,15.712
1640.5,15.681
1640.6,16.28
1640.7,16.588
1640.8,16.335
1640.9,15.885
1641,15.705
1641.1,15.758
1641.2,15.897
1641.3,15.974
1641.4,16.016
1641.5,16.257
1641.6,16.639
1641.7,16.789
1641.8,16.584
1641.9,16.597
1642,17.528
1642.1,19.358
1642.2,21.212
1642.3,21.853
1642.4,21.03
1642.5,19.345
1642.6,17.79
1642.7,16.787
1642.8,15.997
1642.9,14.955
1643,13.717
1643.1,12.659
1643.2,12.357
1643.3,12.725
1643.4,13.582
1643.5,14.716
1643.6,15.837
1643.7,16.779
1643.8,17.258
1643.9,17.114
1644,16.436
1644.1,15.538
1644.2,14.986
1644.3,15.213
1644.4,16.245
1644.5,18.034
1644.6,20.226
1644.7,22.442
1644.8,24.345
1644.9,25.932
1645,26.992
1645.1,27.101
1645.2,26.514
1645.3,25.601
1645.4,24.529
1645.5,24.09
1645.6,24.617
1645.7,26.043
1645.8,28.295
1645.9,31.107
1646,34.162
1646.1,36.574
1646.2,37.573
1646.3,36.88
1646.4,35.193
1646.5,34.075
1646.6,33.497
1646.7,32.272
1646.8,29.654
1646.9,26.093
1647,22.948
1647.1,21.016
1647.2,19.759
1647.3,18.605
1647.4,17.634
1647.5,17.287
1647.6,17.52
1647.7,17.758
1647.8,17.442
1647.9,16.531
1648,15.394
1648.1,14.505
1648.2,14.172
1648.3,14.823
1648.4,16.326
1648.5,17.858
1648.6,18.599
1648.7,18.502
1648.8,18.265
1648.9,18.758
1649,20.071
1649.1,21.716
1649.2,23.323
1649.3,24.719
1649.4,25.891
1649.5,26.687
1649.6,27.021
1649.7,26.913
1649.8,26.362
1649.9,25.033
1650,22.889
1650.1,20.504
1650.2,18.605
1650.3,17.749
1650.4,17.875
1650.5,18.709
1650.6,19.577
1650.7,19.901
1650.8,19.362
1650.9,18.119
1651,16.982
1651.1,16.412
1651.2,17.154
1651.3,19.006
1651.4,21.014
1651.5,22.036
1651.6,22.129
1651.7,22.149
1651.8,22.734
1651.9,23.525
1652,23.72
1652.1,23.071
1652.2,22.567
1652.3,22.986
1652.4,23.912
1652.5,24.066
1652.6,22.845
1652.7,20.703
1652.8,18.92
1652.9,18.068
1653,17.981
1653.1,18.223
1653.2,18.742
1653.3,19.971
1653.4,22.055
1653.5,24.367
1653.6,26.322
1653.7,27.738
1653.8,28.759
1653.9,29.212
1654,28.775
1654.1,27.759
1654.2,27.105
1654.3,26.902
1654.4,26.215
1654.5,24.4
1654.6,21.937
1654.7,19.898
1654.8,18.994
1654.9,18.951
1655,18.838
1655.1,18.122
1655.2,16.926
1655.3,15.536
1655.4,14.419
1655.5,13.863
1655.6,14.068
1655.7,14.967
1655.8,15.927
1655.9,16.309
1656,15.794
1656.1,15.19
1656.2,15.068
1656.3,15.461
1656.4,15.699
1656.5,15.297
1656.6,14.544
1656.7,14.175
1656.8,14.399
1656.9,15.239
1657,16.745
1657.1,18.605
1657.2,20.221
1657.3,20.873
1657.4,20.409
1657.5,18.846
1657.6,16.732
1657.7,15.085
1657.8,14.589
1657.9,15.581
1658,17.09
1658.1,17.837
1658.2,17.211
1658.3,16.414
1658.4,16.896
1658.5,18.839
1658.6,21.019
1658.7,21.954
1658.8,21.033
1658.9,18.627
1659,16.404
1659.1,15.455
1659.2,16.089
1659.3,17.381
1659.4,18.514
1659.5,18.717
1659.6,18.102
1659.7,17.241
1659.8,16.359
1659.9,15.242
1660,13.943
1660.1,12.696
1660.2,11.621
1660.3,10.909
1660.4,10.801
1660.5,11.365
1660.6,12.422
1660.7,13.939
1660.8,15.546
1660.9,16.669
1661,17.217
1661.1,17.199
1661.2,16.934
1661.3,16.75
1661.4,16.554
1661.5,16.079
1661.6,15.297
1661.7,14.412
1661.8,13.558
1661.9,12.841
1662,12.448
1662.1,12.434
1662.2,12.831
1662.3,13.613
1662.4,14.544
1662.5,15.57
1662.6,16.66
1662.7,17.594
1662.8,18.018
1662.9,17.705
1663,16.748
1663.1,15.886
1663.2,15.768
1663.3,16.342
1663.4,16.791
1663.5,16.483
1663.6,15.438
1663.7,14.465
1663.8,14.341
1663.9,14.882
1664,15.134
1664.1,14.437
1664.2,13.064
1664.3,12.264
1664.4,12.884
1664.5,14.616
1664.6,16.668
1664.7,17.99
1664.8,18.211
1664.9,17.457
1665,16.285
1665.1,15.271
1665.2,14.822
1665.3,15.017
1665.4,15.199
1665.5,15.278
1665.6,15.642
1665.7,16.243
1665.8,16.888
1665.9,17.218
1666,16.911
1666.1,15.954
1666.2,14.949
1666.3,14.545
1666.4,14.814
1666.5,15.599
1666.6,16.179
1666.7,16.236
1666.8,16.162
1666.9,16.656
1667,17.664
1667.1,18.572
1667.2,18.846
1667.3,18.718
1667.4,18.627
1667.5,18.659
1667.6,18.369
1667.7,17.457
1667.8,16.139
1667.9,15.338
1668,15.491
1668.1,16.086
1668.2,16.074
1668.3,15.354
1668.4,14.423
1668.5,13.869
1668.6,13.808
1668.7,13.873
1668.8,13.495
1668.9,12.874
1669,12.659
1669.1,13.359
1669.2,14.643
1669.3,15.914
1669.4,16.692
1669.5,17.159
1669.6,17.966
1669.7,19.259
1669.8,20.478
1669.9,20.961
1670,20.811
1670.1,20.649
1670.2,20.791
1670.3,20.963
1670.4,20.832
1670.5,20.891
1670.6,21.928
1670.7,24.535
1670.8,28.284
1670.9,32.273
1671,35.557
1671.1,37.095
1671.2,36.361
1671.3,33.359
1671.4,29.145
1671.5,25.453
1671.6,23.003
1671.7,21.369
1671.8,19.581
1671.9,17.394
1672,15.58
1672.1,15.101
1672.2,16.061
1672.3,17.733
1672.4,19.216
1672.5,20.164
1672.6,20.49
1672.7,20.471
1672.8,20.462
1672.9,20.542
1673,20.76
1673.1,21.066
1673.2,21.241
1673.3,21.257
1673.4,21.305
1673.5,21.35
1673.6,21.318
1673.7,21.321
1673.8,21.444
1673.9,21.541
1674,21.466
1674.1,21.446
1674.2,21.665
1674.3,22.039
1674.4,21.971
1674.5,20.977
1674.6,19.318
1674.7,18.029
1674.8,17.845
1674.9,19.041
1675,20.926
1675.1,22.941
1675.2,24.487
1675.3,25.494
1675.4,26.24
1675.5,27.031
1675.6,27.855
1675.7,28.602
1675.8,28.796
1675.9,28.205
1676,27.288
1676.1,26.44
1676.2,26.078
1676.3,26.534
1676.4,28.098
1676.5,30.587
1676.6,33.181
1676.7,35.27
1676.8,36.037
1676.9,35.839
1677,35.469
1677.1,35.126
1677.2,34.429
1677.3,33.17
1677.4,31.411
1677.5,29.588
1677.6,28.103
1677.7,26.912
1677.8,25.876
1677.9,25.494
1678,26.249
1678.1,27.975
1678.2,29.828
1678.3,31.329
1678.4,32.191
1678.5,32.68
1678.6,32.936
1678.7,33.017
1678.8,33.101
1678.9,33.123
1679,32.715
1679.1,31.864
1679.2,30.961
1679.3,30.315
1679.4,29.964
1679.5,29.621
1679.6,29.148
1679.7,28.55
1679.8,27.919
1679.9,27.349
1680,27.173
1680.1,27.624
1680.2,28.542
1680.3,29.472
1680.4,30.064
1680.5,30.439
1680.6,31.496
1680.7,33.647
1680.8,35.869
1680.9,36.675
1681,34.789
1681.1,31.608
1681.2,29.112
1681.3,29.019
1681.4,30.413
1681.5,31.847
1681.6,32.692
1681.7,33.283
1681.8,33.835
1681.9,34.134
1682,34.013
1682.1,34.038
1682.2,34.556
1682.3,35.097
1682.4,35.052
1682.5,34.12
1682.6,32.881
1682.7,32.313
1682.8,32.788
1682.9,33.802
1683,34.667
1683.1,35.208
1683.2,35.04
1683.3,34.193
1683.4,33.128
1683.5,32.346
1683.6,31.966
1683.7,31.911
1683.8,31.944
1683.9,31.743
1684,31.796
1684.1,32.659
1684.2,34.163
1684.3,35.393
1684.4,35.777
1684.5,35.267
1684.6,34.668
1684.7,34.434
1684.8,34.438
1684.9,34.169
1685,33.83
1685.1,34.348
1685.2,36.309
1685.3,38.762
1685.4,40.409
1685.5,40.419
1685.6,39.158
1685.7,37.395
1685.8,35.935
1685.9,35.449
1686,35.924
1686.1,36.455
1686.2,35.966
1686.3,34.089
1686.4,31.718
1686.5,30.053
1686.6,29.591
1686.7,29.988
1686.8,30.34
1686.9,30.514
1687,30.484
1687.1,30.115
1687.2,29.402
1687.3,28.535
1687.4,28.039
1687.5,28.129
1687.6,28.841
1687.7,29.699
1687.8,30.091
1687.9,29.754
1688,28.574
1688.1,26.887
1688.2,25.251
1688.3,24.452
1688.4,24.642
1688.5,25.174
1688.6,25.361
1688.7,25.093
1688.8,25.109
1688.9,26.141
1689,27.867
1689.1,28.619
1689.2,27.527
1689.3,25.156
1689.4,23.341
1689.5,22.981
1689.6,23.959
1689.7,25.252
1689.8,26.696
1689.9,28.836
1690,31.567
1690.1,34.066
1690.2,35.671
1690.3,36.322
1690.4,36.324
1690.5,35.727
1690.6,34.6
1690.7,33.434
1690.8,32.574
1690.9,31.705
1691,30.345
1691.1,28.776
1691.2,27.944
1691.3,28.287
1691.4,29.448
1691.5,30.877
1691.6,32.437
1691.7,34.145
1691.8,35.605
1691.9,35.769
1692,34.452
1692.1,32.46
1692.2,31.262
1692.3,31.608
1692.4,33.199
1692.5,34.627
1692.6,34.932
1692.7,34.283
1692.8,33.742
1692.9,34.093
1693,35.155
1693.1,35.83
1693.2,35.384
1693.3,34.698
1693.4,34.752
1693.5,35.032
1693.6,34.181
1693.7,31.745
1693.8,28.845
1693.9,27.387
1694,28.299
1694.1,31.088
1694.2,33.981
1694.3,35.929
1694.4,36.037
1694.5,34.378
1694.6,31.424
1694.7,27.925
1694.8,24.814
1694.9,23.059
1695,23.334
1695.1,25.272
1695.2,27.51
1695.3,28.67
1695.4,27.835
1695.5,26.107
1695.6,24.391
1695.7,23.086
1695.8,22.096
1695.9,21.542
1696,21.539
1696.1,22.057
1696.2,22.992
1696.3,24.048
1696.4,24.805
1696.5,25.106
1696.6,24.847
1696.7,24.035
1696.8,23.003
1696.9,22.178
1697,22.045
1697.1,22.593
1697.2,23.458
1697.3,24.064
1697.4,23.684
1697.5,22.187
1697.6,20.346
1697.7,19.24
1697.8,19.348
1697.9,20.677
1698,22.848
1698.1,25.189
1698.2,26.768
1698.3,26.572
1698.4,24.701
1698.5,22.04
1698.6,20.299
1698.7,20.258
1698.8,21.382
1698.9,22.363
1699,22.379
1699.1,21.538
1699.2,20.233
1699.3,19.048
1699.4,18.504
1699.5,18.598
1699.6,19.053
1699.7,19.681
1699.8,20.216
1699.9,20.317
1700,20.228
1700.1,20.393
1700.2,20.839
1700.3,21.232
1700.4,21.38
1700.5,21.23
1700.6,21.188
1700.7,21.592
1700.8,22.263
1700.9,22.985
1701,24.037
1701.1,25.312
1701.2,26.136
1701.3,26.105
1701.4,25.285
1701.5,24.1
1701.6,23.182
1701.7,22.918
1701.8,23.288
1701.9,23.79
1702,23.931
1702.1,23.171
1702.2,21.967
1702.3,21.15
1702.4,21.293
1702.5,21.976
1702.6,22.612
1702.7,22.748
1702.8,22.11
1702.9,20.797
1703,19.302
1703.1,18.503
1703.2,18.886
1703.3,20.259
1703.4,21.879
1703.5,23.038
1703.6,23.507
1703.7,23.814
1703.8,24.68
1703.9,26.251
1704,28.27
1704.1,29.943
1704.2,30.727
1704.3,30.315
1704.4,29.312
1704.5,28.631
1704.6,28.884
1704.7,30.288
1704.8,32.066
1704.9,33.64
1705,34.572
1705.1,34.673
1705.2,33.654
1705.3,31.214
1705.4,27.956
1705.5,24.687
1705.6,22.186
1705.7,20.576
1705.8,19.597
1705.9,19.245
1706,19.637
1706.1,20.319
1706.2,20.64
1706.3,20.223
1706.4,19.405
1706.5,18.752
1706.6,18.534
1706.7,18.365
1706.8,17.957
1706.9,17.544
1707,17.835
1707.1,19.223
1707.2,21.309
1707.3,22.694
1707.4,22.557
1707.5,21.121
1707.6,19.873
1707.7,20.153
1707.8,22.273
1707.9,24.98
1708,26.965
1708.1,28.008
1708.2,28.327
1708.3,28.22
1708.4,27.757
1708.5,26.972
1708.6,26.145
1708.7,25.385
1708.8,24.687
1708.9,24.134
1709,24.027
1709.1,24.348
1709.2,24.634
1709.3,24.879
1709.4,25.705
1709.5,27.696
1709.6,30.562
1709.7,33.642
1709.8,35.966
1709.9,37.05
1710,36.854
1710.1,35.535
1710.2,34.027
1710.3,33.097
1710.4,32.847
1710.5,32.697
1710.6,32.499
1710.7,32.592
1710.8,33.086
1710.9,33.513
1711,33.471
1711.1,33.071
1711.2,32.847
1711.3,32.846
1711.4,32.577
1711.5,31.616
1711.6,30.054
1711.7,28.402
1711.8,27.062
1711.9,25.916
1712,24.544
1712.1,23.01
1712.2,21.836
1712.3,21.767
1712.4,22.906
1712.5,24.253
1712.6,24.652
1712.7,23.52
1712.8,21.979
1712.9,21.127
1713,21.455
1713.1,21.954
1713.2,21.785
1713.3,20.522
1713.4,18.937
1713.5,17.859
1713.6,17.548
1713.7,17.574
1713.8,17.679
1713.9,17.988
1714,18.385
1714.1,18.71
1714.2,19.025
1714.3,19.274
1714.4,19.391
1714.5,19.338
1714.6,19.109
1714.7,19.011
1714.8,19.441
1714.9,20.45
1715,21.385
1715.1,21.775
1715.2,21.494
1715.3,20.741
1715.4,19.936
1715.5,19.464
1715.6,19.405
1715.7,19.69
1715.8,20.189
1715.9,20.707
1716,21.125
1716.1,21.201
1716.2,20.496
1716.3,19.328
1716.4,18.359
1716.5,18.351
1716.6,19.274
1716.7,20.469
1716.8,21.058
1716.9,20.68
1717,19.532
1717.1,18.09
1717.2,17.262
1717.3,17.633
1717.4,18.933
1717.5,20.047
1717.6,19.946
1717.7,18.543
1717.8,17.025
1717.9,16.658
1718,17.491
1718.1,18.627
1718.2,19.33
1718.3,19.769
1718.4,20.096
1718.5,20.097
1718.6,19.63
1718.7,19.004
1718.8,18.754
1718.9,18.953
1719,19.322
1719.1,19.431
1719.2,19.297
1719.3,19.296
1719.4,19.51
1719.5,19.697
1719.6,19.563
1719.7,18.899
1719.8,17.876
1719.9,16.824
1720,16.285
1720.1,16.411
1720.2,16.917
1720.3,17.505
1720.4,17.97
1720.5,18.134
1720.6,17.867
1720.7,17.365
1720.8,17.117
1720.9,17.495
1721,18.701
1721.1,20.088
1721.2,20.859
1721.3,20.743
1721.4,20.207
1721.5,19.73
1721.6,19.591
1721.7,19.519
1721.8,19.136
1721.9,18.486
1722,18.081
1722.1,17.938
1722.2,17.604
1722.3,16.722
1722.4,15.624
1722.5,15.107
1722.6,16.067
1722.7,18.039
1722.8,20.137
1722.9,21.209
1723,21.074
1723.1,20.2
1723.2,19.095
1723.3,18.066
1723.4,17.252
1723.5,16.874
1723.6,17.396
1723.7,18.633
1723.8,20.015
1723.9,21.003
1724,21.634
1724.1,22.052
1724.2,22.344
1724.3,22.506
1724.4,22.309
1724.5,21.458
1724.6,20.065
1724.7,18.27
1724.8,16.487
1724.9,15.458
1725,15.402
1725.1,16.164
1725.2,17.103
1725.3,17.708
1725.4,17.881
1725.5,17.846
1725.6,18.061
1725.7,18.618
1725.8,18.845
1725.9,18.075
1726,16.518
1726.1,15.202
1726.2,14.947
1726.3,15.59
1726.4,16.394
1726.5,16.724
1726.6,16.861
1726.7,17.344
1726.8,18.23
1726.9,18.841
1727,18.768
1727.1,18.241
1727.2,17.963
1727.3,18.218
1727.4,18.967
1727.5,20.2
1727.6,21.878
1727.7,23.514
1727.8,24.279
1727.9,23.509
1728,21.15
1728.1,18.587
1728.2,17.48
1728.3,18.592
1728.4,20.999
1728.5,22.784
1728.6,22.812
1728.7,21.258
1728.8,19.472
1728.9,18.125
1729,17.53
1729.1,17.62
1729.2,18.558
1729.3,20.363
1729.4,22.125
1729.5,22.976
1729.6,23.002
1729.7,23.099
1729.8,23.63
1729.9,24.524
1730,25.2
1730.1,24.917
1730.2,23.532
1730.3,21.351
1730.4,19.169
1730.5,17.62
1730.6,17.208
1730.7,17.467
1730.8,17.79
1730.9,17.865
1731,17.782
1731.1,17.81
1731.2,18.086
1731.3,18.309
1731.4,18.338
1731.5,18.225
1731.6,18.16
1731.7,18.223
1731.8,18.234
1731.9,18.078
1732,17.987
1732.1,18.112
1732.2,18.425
1732.3,18.894
1732.4,19.752
1732.5,20.981
1732.6,21.99
1732.7,22.084
1732.8,20.946
1732.9,19.265
1733,17.84
1733.1,16.985
1733.2,16.55
1733.3,16.378
1733.4,16.422
1733.5,16.641
1733.6,16.972
1733.7,17.389
1733.8,17.791
1733.9,17.942
1734,17.835
1734.1,17.607
1734.2,17.655
1734.3,17.992
1734.4,18.22
1734.5,18.359
1734.6,18.9
1734.7,20.043
1734.8,20.826
1734.9,20.397
1735,18.861
1735.1,17.105
1735.2,16.083
1735.3,15.656
1735.4,15.005
1735.5,13.873
1735.6,12.826
1735.7,12.809
1735.8,14.018
1735.9,15.964
1736,17.945
1736.1,19.435
1736.2,20.646
1736.3,21.817
1736.4,22.787
1736.5,23.15
1736.6,22.693
1736.7,21.773
1736.8,20.913
1736.9,20.201
1737,19.715
1737.1,19.598
1737.2,19.987
1737.3,20.79
1737.4,21.446
1737.5,21.356
1737.6,20.62
1737.7,20.333
1737.8,21.117
1737.9,22.418
1738,22.729
1738.1,21.479
1738.2,19.361
1738.3,18.486
1738.4,19.395
1738.5,20.965
1738.6,21.435
1738.7,20.568
1738.8,19.278
1738.9,18.558
1739,18.776
1739.1,19.589
1739.2,20.476
1739.3,21.157
1739.4,21.442
1739.5,21.177
1739.6,20.44
1739.7,19.673
1739.8,19.231
1739.9,19.22
1740,19.463
1740.1,19.783
1740.2,20.139
1740.3,20.617
1740.4,21.073
1740.5,21.158
1740.6,20.801
1740.7,20.195
1740.8,19.697
1740.9,19.854
1741,20.694
1741.1,21.786
1741.2,22.327
1741.3,21.784
1741.4,20.306
1741.5,18.727
1741.6,17.8
1741.7,17.498
1741.8,17.493
1741.9,17.573
1742,17.725
1742.1,18.111
1742.2,18.667
1742.3,19.391
1742.4,20.125
1742.5,20.365
1742.6,19.782
1742.7,18.561
1742.8,17.473
1742.9,17.214
1743,17.946
1743.1,19.025
1743.2,19.487
1743.3,19.07
1743.4,18.01
1743.5,16.871
1743.6,15.864
1743.7,15.262
1743.8,15.098
1743.9,15.383
1744,16.06
1744.1,16.795
1744.2,17.411
1744.3,18.143
1744.4,19.421
1744.5,20.982
1744.6,22.218
1744.7,22.39
1744.8,21.507
1744.9,20.092
1745,18.804
1745.1,17.994
1745.2,17.831
1745.3,18.3
1745.4,19.055
1745.5,19.886
1745.6,20.95
1745.7,22.181
1745.8,23.221
1745.9,23.534
1746,22.97
1746.1,22.217
1746.2,21.612
1746.3,20.86
1746.4,19.659
1746.5,18.261
1746.6,17.308
1746.7,16.995
1746.8,17.131
1746.9,17.358
1747,17.702
1747.1,18.189
1747.2,18.649
1747.3,18.918
1747.4,19.106
1747.5,19.592
1747.6,20.538
1747.7,21.51
1747.8,21.846
1747.9,20.651
1748,18.432
1748.1,16.157
1748.2,14.987
1748.3,14.942
1748.4,15.442
1748.5,16.169
1748.6,17.268
1748.7,18.886
1748.8,20.743
1748.9,22.11
1749,22.549
1749.1,21.964
1749.2,20.697
1749.3,19.551
1749.4,18.977
1749.5,19.172
1749.6,19.553
1749.7,19.533
1749.8,18.824
1749.9,18.166
1750,18.222
1750.1,18.957
1750.2,19.588
1750.3,19.578
1750.4,19.066
1750.5,18.764
1750.6,19.135
1750.7,20.127
1750.8,21.08
1750.9,21.324
1751,20.425
1751.1,18.49
1751.2,16.788
1751.3,16.311
1751.4,17.41
1751.5,18.864
1751.6,19.554
1751.7,19.079
1751.8,18.104
1751.9,17.416
1752,17.492
1752.1,18.396
1752.2,19.721
1752.3,20.859
1752.4,21.131
1752.5,20.675
1752.6,20.023
1752.7,20.092
1752.8,20.893
1752.9,21.87
1753,22.352
1753.1,22.422
1753.2,22.647
1753.3,23.426
1753.4,24.184
1753.5,23.894
1753.6,22.004
1753.7,19.38
1753.8,17.385
1753.9,16.789
1754,17.251
1754.1,17.572
1754.2,17.358
1754.3,17.303
1754.4,18.003
1754.5,19.105
1754.6,19.509
1754.7,18.647
1754.8,17.157
1754.9,16.352
1755,16.767
1755.1,17.817
1755.2,18.65
1755.3,18.995
1755.4,19.264
1755.5,19.653
1755.6,19.807
1755.7,19.435
1755.8,18.902
1755.9,18.897
1756,19.554
1756.1,20.678
1756.2,21.598
1756.3,21.729
1756.4,20.935
1756.5,19.442
1756.6,17.873
1756.7,16.905
1756.8,17.086
1756.9,18.239
1757,19.697
1757.1,21.005
1757.2,21.728
1757.3,21.734
1757.4,21.154
1757.5,20.073
1757.6,18.729
1757.7,17.582
1757.8,17.163
1757.9,17.417
1758,17.96
1758.1,18.256
1758.2,17.976
1758.3,17.601
1758.4,18.094
1758.5,19.846
1758.6,22.175
1758.7,24.194
1758.8,24.768
1758.9,23.892
1759,22.182
1759.1,20.821
1759.2,20.418
1759.3,20.951
1759.4,21.84
1759.5,22.311
1759.6,22.113
1759.7,21.495
1759.8,21.026
1759.9,21.144
1760,21.746
1760.1,22.09
1760.2,21.745
1760.3,20.909
1760.4,20.406
1760.5,20.819
1760.6,22.062
1760.7,23.336
1760.8,23.922
1760.9,23.762
1761,23.085
1761.1,22.403
1761.2,21.853
1761.3,21.368
1761.4,20.84
1761.5,20.101
1761.6,18.996
1761.7,17.699
1761.8,16.792
1761.9,16.603
1762,17.081
1762.1,17.679
1762.2,17.972
1762.3,17.901
1762.4,17.894
1762.5,17.998
1762.6,18.058
1762.7,18.374
1762.8,19.285
1762.9,20.49
1763,21.045
1763.1,20.576
1763.2,19.488
1763.3,18.82
1763.4,18.997
1763.5,19.484
1763.6,19.49
1763.7,19.079
1763.8,18.741
1763.9,18.766
1764,18.92
1764.1,18.755
1764.2,17.896
1764.3,16.714
1764.4,15.554
1764.5,14.667
1764.6,14.197
1764.7,14.209
1764.8,14.71
1764.9,15.325
1765,15.737
1765.1,15.813
1765.2,15.649
1765.3,15.569
1765.4,15.753
1765.5,16.6
1765.6,18.228
1765.7,20.341
1765.8,22.175
1765.9,22.85
1766,22.23
1766.1,20.839
1766.2,19.427
1766.3,18.358
1766.4,17.555
1766.5,16.844
1766.6,16.136
1766.7,15.395
1766.8,14.77
1766.9,14.481
1767,14.79
1767.1,15.882
1767.2,17.289
1767.3,18.437
1767.4,18.732
1767.5,18.204
1767.6,17.184
1767.7,15.999
1767.8,15.014
1767.9,14.542
1768,14.956
1768.1,16.294
1768.2,17.97
1768.3,19.378
1768.4,19.994
1768.5,20.122
1768.6,20.066
1768.7,19.869
1768.8,19.16
1768.9,17.773
1769,16.249
1769.1,15.541
1769.2,16.154
1769.3,17.848
1769.4,19.409
1769.5,19.979
1769.6,19.58
1769.7,19.081
1769.8,19.193
1769.9,19.891
1770,20.537
1770.1,20.802
1770.2,20.74
1770.3,20.793
1770.4,20.877
1770.5,20.501
1770.6,19.402
1770.7,18.406
1770.8,18.573
1770.9,20.1
1771,22.063
1771.1,23.403
1771.2,23.47
1771.3,22.329
1771.4,20.662
1771.5,19.004
1771.6,17.512
1771.7,16.267
1771.8,15.351
1771.9,14.901
1772,14.991
1772.1,15.762
1772.2,17.033
1772.3,18.088
1772.4,18.616
1772.5,18.66
1772.6,18.345
1772.7,17.981
1772.8,17.72
1772.9,17.472
1773,17.162
1773.1,16.805
1773.2,16.609
1773.3,16.662
1773.4,17.143
1773.5,18.143
1773.6,19.455
1773.7,20.841
1773.8,21.739
1773.9,21.678
1774,20.467
1774.1,18.264
1774.2,15.937
1774.3,14.334
1774.4,13.883
1774.5,14.279
1774.6,14.642
1774.7,14.512
1774.8,14.228
1774.9,14.565
1775,15.7
1775.1,17.187
1775.2,18.369
1775.3,19.133
1775.4,19.755
1775.5,20.349
1775.6,20.663
1775.7,20.522
1775.8,20.126
1775.9,19.584
1776,18.861
1776.1,18.236
1776.2,18.186
1776.3,19.011
1776.4,20.363
1776.5,21.398
1776.6,21.651
1776.7,21.148
1776.8,20.541
1776.9,20.158
1777,20.108
1777.1,20.217
1777.2,20.213
1777.3,19.925
1777.4,19.478
1777.5,19.187
1777.6,18.928
1777.7,18.194
1777.8,17.09
1777.9,16.104
1778,15.876
1778.1,16.285
1778.2,16.955
1778.3,17.318
1778.4,17.163
1778.5,16.629
1778.6,15.861
1778.7,15.351
1778.8,15.59
1778.9,16.44
1779,17.203
1779.1,17.458
1779.2,17.394
1779.3,17.482
1779.4,17.707
1779.5,17.606
1779.6,16.643
1779.7,15.258
1779.8,14.163
1779.9,13.915
1780,14.249
1780.1,14.854
1780.2,15.825
1780.3,17.36
1780.4,19.164
1780.5,20.546
1780.6,20.678
1780.7,19.704
1780.8,18.66
1780.9,18.724
1781,19.568
1781.1,20.284
1781.2,19.922
1781.3,18.937
1781.4,18.283
1781.5,18.771
1781.6,19.901
1781.7,20.834
1781.8,21.076
1781.9,20.743
1782,20.167
1782.1,19.613
1782.2,19.221
1782.3,18.93
1782.4,18.629
1782.5,18.217
1782.6,17.832
1782.7,17.584
1782.8,17.376
1782.9,17.022
1783,16.492
1783.1,16.302
1783.2,16.789
1783.3,17.723
1783.4,18.456
1783.5,18.452
1783.6,17.891
1783.7,17.311
1783.8,17.107
1783.9,17.195
1784,17.194
1784.1,16.779
1784.2,16.087
1784.3,15.516
1784.4,15.368
1784.5,15.434
1784.6,15.471
1784.7,15.354
1784.8,15.249
1784.9,15.138
1785,14.875
1785.1,14.31
1785.2,13.624
1785.3,13.283
1785.4,13.636
1785.5,14.719
1785.6,16.124
1785.7,17.197
1785.8,17.756
1785.9,17.885
1786,17.913
1786.1,18.096
1786.2,18.402
1786.3,18.575
1786.4,18.445
1786.5,18.142
1786.6,17.782
1786.7,17.504
1786.8,17.492
1786.9,17.842
1787,18.527
1787.1,19.284
1787.2,19.699
1787.3,19.449
1787.4,18.748
1787.5,18.23
1787.6,18.566
1787.7,19.343
1787.8,19.733
1787.9,18.981
1788,17.672
1788.1,16.589
1788.2,16.286
1788.3,16.568
1788.4,16.88
1788.5,16.983
1788.6,16.913
1788.7,16.857
1788.8,16.905
1788.9,17.142
1789,17.636
1789.1,18.209
1789.2,18.515
1789.3,18.699
1789.4,18.984
1789.5,19.35
1789.6,19.443
1789.7,19.122
1789.8,18.492
1789.9,17.712
1790,16.998
1790.1,16.401
1790.2,15.916
1790.3,15.677
1790.4,15.686
1790.5,15.882
1790.6,15.95
1790.7,15.639
1790.8,14.646
1790.9,13.246
1791,12.134
1791.1,12.251
1791.2,13.479
1791.3,14.977
1791.4,16.043
1791.5,16.705
1791.6,17.299
1791.7,17.756
1791.8,17.635
1791.9,17.006
1792,16.37
1792.1,16.275
1792.2,16.599
1792.3,17.03
1792.4,17.539
1792.5,18.276
1792.6,19.24
1792.7,19.924
1792.8,19.963
1792.9,19.527
1793,18.895
1793.1,18.409
1793.2,18.31
1793.3,18.632
1793.4,19.05
1793.5,19.294
1793.6,19.211
1793.7,18.875
1793.8,18.687
1793.9,18.815
1794,19.11
1794.1,19.491
1794.2,19.837
1794.3,19.597
1794.4,18.438
1794.5,16.66
1794.6,15.218
1794.7,14.783
1794.8,15.289
1794.9,16.339
1795,17.335
1795.1,17.982
1795.2,18.073
1795.3,17.502
1795.4,16.741
1795.5,16.384
1795.6,16.905
1795.7,17.642
1795.8,17.948
1795.9,17.626
1796,17.256
1796.1,17.456
1796.2,18.595
1796.3,20.232
1796.4,21.802
1796.5,23.017
1796.6,24.008
1796.7,25.186
1796.8,26.779
1796.9,28.576
1797,29.907
1797.1,30.365
1797.2,29.872
1797.3,28.892
1797.4,27.873
1797.5,27.169
1797.6,26.692
1797.7,26.362
1797.8,26.473
1797.9,27.437
1798,28.989
1798.1,30.534
1798.2,31.423
1798.3,31.486
1798.4,31.236
1798.5,31.728
1798.6,33.092
1798.7,34.796
1798.8,36.258
1798.9,37.531
1799,38.792
1799.1,40.076
1799.2,40.923
1799.3,40.564
1799.4,38.811
1799.5,36.885
1799.6,35.89
1799.7,35.924
1799.8,36.134
1799.9,35.764
1800,35.076
1800.1,35.323
1800.2,37.171
1800.3,40.176
1800.4,42.838
1800.5,44.097
1800.6,43.647
1800.7,41.648
1800.8,39.223
1800.9,36.881
1801,34.677
1801.1,32.629
1801.2,30.994
1801.3,30.016
1801.4,29.811
1801.5,30.312
1801.6,30.988
1801.7,31.019
1801.8,30.029
1801.9,28.027
1802,25.351
1802.1,23.162
1802.2,22.162
1802.3,22.148
1802.4,22.304
1802.5,22.144
1802.6,21.705
1802.7,21.487
1802.8,22.132
1802.9,24.063
1803,26.829
1803.1,29.701
1803.2,32.047
1803.3,32.686
1803.4,31.177
1803.5,27.934
1803.6,24.389
1803.7,22.196
1803.8,22.11
1803.9,23.533
1804,24.858
1804.1,25.761
1804.2,26.985
1804.3,28.85
1804.4,30.528
1804.5,30.683
1804.6,28.679
1804.7,25.81
1804.8,23.607
1804.9,23.23
1805,24.196
1805.1,25.966
1805.2,27.874
1805.3,29.407
1805.4,29.949
1805.5,28.836
1805.6,26.627
1805.7,24.471
1805.8,23.908
1805.9,25.421
1806,27.926
1806.1,29.837
1806.2,29.931
1806.3,28.771
1806.4,27.263
1806.5,26.002
1806.6,25.097
1806.7,24.648
1806.8,24.792
1806.9,25.446
1807,26.445
1807.1,27.254
1807.2,27.238
1807.3,26.31
1807.4,24.851
1807.5,23.684
1807.6,23.681
1807.7,25.32
1807.8,28.112
1807.9,31.018
1808,33.348
1808.1,34.735
1808.2,35.246
1808.3,34.924
1808.4,33.934
1808.5,32.895
1808.6,32.306
1808.7,32.4
1808.8,32.592
1808.9,32.067
1809,30.413
1809.1,28.478
1809.2,27.094
1809.3,26.549
1809.4,26.535
1809.5,26.609
1809.6,26.553
1809.7,26.391
1809.8,26.39
1809.9,26.514
1810,26.706
1810.1,26.87
1810.2,26.783
1810.3,26.682
1810.4,27.665
1810.5,30.369
1810.6,33.987
1810.7,36.622
1810.8,37.438
1810.9,36.971
1811,36.542
1811.1,36.499
1811.2,36.463
1811.3,35.962
1811.4,35.175
1811.5,34.479
1811.6,34.014
1811.7,33.449
1811.8,32.75
1811.9,32.532
1812,32.934
1812.1,33.538
1812.2,33.951
1812.3,34.083
1812.4,33.962
1812.5,33.772
1812.6,33.91
1812.7,34.236
1812.8,34.485
1812.9,34.757
1813,35.011
1813.1,34.901
1813.2,34.09
1813.3,33.136
1813.4,32.357
1813.5,31.49
1813.6,29.89
1813.7,27.029
1813.8,22.907
1813.9,18.811
1814,16.158
1814.1,15.39
1814.2,16.079
1814.3,17.64
1814.4,19.864
1814.5,22.554
1814.6,25.51
1814.7,28.715
1814.8,31.663
1814.9,33.865
1815,35.297
1815.1,35.826
1815.2,35.457
1815.3,34.416
1815.4,32.92
1815.5,31.329
1815.6,30.476
1815.7,30.915
1815.8,31.876
1815.9,32.45
1816,32.42
1816.1,31.562
1816.2,29.954
1816.3,27.827
1816.4,25.422
1816.5,23.54
1816.6,23.131
1816.7,24.55
1816.8,26.668
1816.9,28.76
1817,30.816
1817.1,33.318
1817.2,36.431
1817.3,39.14
1817.4,39.482
1817.5,37.134
1817.6,33.031
1817.7,29.373
1817.8,27.413
1817.9,26.983
1818,27.286
1818.1,27.897
1818.2,28.824
1818.3,29.976
1818.4,31.347
1818.5,32.49
1818.6,32.845
1818.7,32.316
1818.8,31.237
1818.9,30.334
1819,30.512
1819.1,31.544
1819.2,32.422
1819.3,32.403
1819.4,32.223
1819.5,32.512
1819.6,33.181
1819.7,33.271
1819.8,32.187
1819.9,30.227
1820,28.458
1820.1,27.369
1820.2,27.11
1820.3,27.798
1820.4,29.478
1820.5,31.946
1820.6,34.369
1820.7,36.099
1820.8,37.057
1820.9,37.445
1821,37.373
1821.1,36.599
1821.2,34.766
1821.3,32.221
1821.4,29.58
1821.5,27.579
1821.6,26.331
1821.7,25.687
1821.8,25.907
1821.9,26.822
1822,27.737
1822.1,28.262
1822.2,28.679
1822.3,29.582
1822.4,31.135
1822.5,32.503
1822.6,32.357
1822.7,30.549
1822.8,28.014
1822.9,25.784
1823,24.189
1823.1,23.381
1823.2,23.491
1823.3,24.377
1823.4,25.584
1823.5,26.287
1823.6,26.198
1823.7,25.93
1823.8,26.075
1823.9,26.48
1824,26.962
1824.1,27.554
1824.2,28.435
1824.3,29.594
1824.4,30.664
1824.5,31.257
1824.6,31.623
1824.7,32.314
1824.8,33.407
1824.9,34.659
1825,36.048
1825.1,37.373
1825.2,38.573
1825.3,39.602
1825.4,40.234
1825.5,40.45
1825.6,40.118
1825.7,38.768
1825.8,36.673
1825.9,34.54
1826,33.426
1826.1,33.548
1826.2,34.532
1826.3,35.617
1826.4,36.246
1826.5,36.283
1826.6,35.575
1826.7,34.341
1826.8,33.069
1826.9,32.13
1827,31.641
1827.1,31.144
1827.2,30.127
1827.3,28.617
1827.4,27.529
1827.5,27.551
1827.6,28.936
1827.7,30.566
1827.8,31.111
1827.9,29.992
1828,28.16
1828.1,26.507
1828.2,25.175
1828.3,23.736
1828.4,21.952
1828.5,20.251
1828.6,19.53
1828.7,19.67
1828.8,19.977
1828.9,19.689
1829,18.81
1829.1,17.712
1829.2,17.278
1829.3,18.252
1829.4,20.754
1829.5,23.898
1829.6,26.202
1829.7,27.129
1829.8,27.15
1829.9,27.169
1830,27.299
1830.1,26.872
1830.2,25.246
1830.3,23.266
1830.4,22.289
1830.5,23.148
1830.6,24.677
1830.7,25.906
1830.8,26.845
1830.9,28.378
1831,30.858
1831.1,33.439
1831.2,34.447
1831.3,33.231
1831.4,30.528
1831.5,28.444
1831.6,28.351
1831.7,30.317
1831.8,33.105
1831.9,34.972
1832,35.306
1832.1,34.389
1832.2,33.259
1832.3,32.164
1832.4,30.971
1832.5,29.533
1832.6,28.071
1832.7,27.099
1832.8,26.766
1832.9,26.462
1833,25.491
1833.1,24.116
1833.2,23.357
1833.3,23.99
1833.4,25.829
1833.5,27.876
1833.6,29.902
1833.7,31.821
1833.8,33.399
1833.9,33.962
1834,33.233
1834.1,32.675
1834.2,33.625
1834.3,35.944
1834.4,37.721
1834.5,37.936
1834.6,36.785
1834.7,35.515
1834.8,35.075
1834.9,35.015
1835,34.283
1835.1,32.887
1835.2,31.389
1835.3,30.301
1835.4,29.623
1835.5,29.152
1835.6,28.521
1835.7,27.91
1835.8,27.728
1835.9,28.171
1836,29.007
1836.1,29.899
1836.2,30.36
1836.3,30.301
1836.4,30.274
1836.5,30.411
1836.6,30.322
1836.7,29.759
1836.8,28.777
1836.9,27.829
1837,27.461
1837.1,28.051
1837.2,29.568
1837.3,31.269
1837.4,32.404
1837.5,32.469
1837.6,31.924
1837.7,31.68
1837.8,31.958
1837.9,32.099
1838,31.713
1838.1,31.27
1838.2,31.502
1838.3,32.132
1838.4,32.545
1838.5,32.299
1838.6,32.052
1838.7,32.745
1838.8,34.561
1838.9,36.228
1839,36.713
1839.1,35.736
1839.2,34.287
1839.3,33.175
1839.4,32.58
1839.5,32.107
1839.6,31.358
1839.7,30.591
1839.8,30.403
1839.9,31.297
1840,33.313
1840.1,35.872
1840.2,37.933
1840.3,38.75
1840.4,37.9
1840.5,35.923
1840.6,33.798
1840.7,32.672
1840.8,32.837
1840.9,33.689
1841,34.081
1841.1,32.881
1841.2,30.375
1841.3,27.651
1841.4,26.15
1841.5,26.139
1841.6,27.243
1841.7,28.707
1841.8,29.851
1841.9,30.736
1842,31.836
1842.1,33.151
1842.2,33.765
1842.3,32.971
1842.4,31.552
1842.5,30.604
1842.6,30.749
1842.7,31.967
1842.8,33.301
1842.9,34.062
1843,34.187
1843.1,33.854
1843.2,33.057
1843.3,32.335
1843.4,32.263
1843.5,32.624
1843.6,32.87
1843.7,33.114
1843.8,33.529
1843.9,34.163
1844,34.48
1844.1,33.907
1844.2,32.657
1844.3,31.863
1844.4,32.246
1844.5,33.728
1844.6,35.503
1844.7,36.62
1844.8,36.473
1844.9,34.651
1845,32.05
1845.1,29.689
1845.2,28.567
1845.3,28.551
1845.4,29.074
1845.5,30.044
1845.6,31.463
1845.7,33.16
1845.8,34.389
1845.9,34.562
1846,33.895
1846.1,32.695
1846.2,31.37
1846.3,30.269
1846.4,29.833
1846.5,30.369
1846.6,31.183
1846.7,31.378
1846.8,30.34
1846.9,29
1847,28.436
1847.1,28.943
1847.2,29.827
1847.3,30.304
1847.4,30.168
1847.5,29.641
1847.6,28.938
1847.7,28.139
1847.8,27.493
1847.9,27.28
1848,27.592
1848.1,28.553
1848.2,29.951
1848.3,31.521
1848.4,32.921
1848.5,33.893
1848.6,34.554
1848.7,35.205
1848.8,35.642
1848.9,35.062
1849,33.091
1849.1,30.675
1849.2,29.07
1849.3,28.577
1849.4,28.597
1849.5,28.291
1849.6,27.701
1849.7,27.428
1849.8,27.817
1849.9,28.792
1850,30.365
1850.1,32.215
1850.2,33.401
1850.3,33.025
1850.4,31.621
1850.5,30.825
1850.6,31.643
1850.7,33.382
1850.8,34.561
1850.9,34.782
1851,34.812
1851.1,35.47
1851.2,36.626
1851.3,37.321
1851.4,36.821
1851.5,35.245
1851.6,33.217
1851.7,31.326
1851.8,29.921
1851.9,29.304
1852,29.295
1852.1,29.636
1852.2,30.314
1852.3,31.223
1852.4,31.94
1852.5,32.316
1852.6,32.615
1852.7,32.942
1852.8,33.323
1852.9,33.653
1853,33.849
1853.1,34.023
1853.2,34.076
1853.3,33.794
1853.4,32.843
1853.5,31.252
1853.6,29.652
1853.7,28.444
1853.8,27.538
1853.9,26.559
1854,25.677
1854.1,25.268
1854.2,25.341
1854.3,25.388
1854.4,24.978
1854.5,24.354
1854.6,24.554
1854.7,26.262
1854.8,29.456
1854.9,32.855
1855,35.139
1855.1,35.46
1855.2,34.316
1855.3,33.132
1855.4,32.759
1855.5,33.103
1855.6,33.111
1855.7,32.306
1855.8,30.837
1855.9,29.449
1856,28.749
1856.1,28.528
1856.2,27.998
1856.3,26.82
1856.4,25.346
1856.5,24.521
1856.6,24.822
1856.7,26.164
1856.8,27.401
1856.9,27.86
1857,27.798
1857.1,27.695
1857.2,27.654
1857.3,27.48
1857.4,27.184
1857.5,27.008
1857.6,27.031
1857.7,27.22
1857.8,27.143
1857.9,26.384
1858,25.171
1858.1,24.131
1858.2,23.665
1858.3,24.044
1858.4,25.217
1858.5,26.779
1858.6,28.088
1858.7,28.762
1858.8,28.764
1858.9,28.235
1859,27.307
1859.1,25.567
1859.2,22.625
1859.3,18.919
1859.4,16.128
1859.5,15.284
1859.6,16.447
1859.7,18.395
1859.8,20.26
1859.9,22.118
1860,24.144
1860.1,25.85
1860.2,26.464
1860.3,25.523
1860.4,23.754
1860.5,21.999
1860.6,20.879
1860.7,20.219
1860.8,19.766
1860.9,19.401
1861,19.066
1861.1,18.72
1861.2,18.276
1861.3,17.882
1861.4,17.926
1861.5,18.82
1861.6,20.24
1861.7,21.485
1861.8,22.292
1861.9,22.676
1862,22.781
1862.1,22.544
1862.2,21.813
1862.3,20.874
1862.4,20.238
1862.5,20.512
1862.6,21.53
1862.7,23.046
1862.8,25.012
1862.9,27.068
1863,28.882
1863.1,29.983
1863.2,29.79
1863.3,28.402
1863.4,26.145
1863.5,23.386
1863.6,20.502
1863.7,17.809
1863.8,15.664
1863.9,14.256
1864,13.79
1864.1,14.03
1864.2,14.494
1864.3,15.185
1864.4,16.173
1864.5,17.29
1864.6,18.284
1864.7,19.117
1864.8,19.886
1864.9,20.734
1865,21.513
1865.1,21.919
1865.2,21.852
1865.3,21.245
1865.4,19.868
1865.5,17.984
1865.6,16.115
1865.7,15.078
1865.8,15.203
1865.9,16.347
1866,17.866
1866.1,18.92
1866.2,19.144
1866.3,18.891
1866.4,18.81
1866.5,19.117
1866.6,19.444
1866.7,19.099
1866.8,18.293
1866.9,17.728
1867,17.748
1867.1,17.747
1867.2,17.077
1867.3,15.801
1867.4,14.801
1867.5,14.781
1867.6,16.088
1867.7,18.185
1867.8,20.104
1867.9,20.879
1868,20.07
1868.1,18.342
1868.2,16.687
1868.3,16.344
1868.4,17.249
1868.5,18.467
1868.6,18.727
1868.7,18.147
1868.8,17.552
1868.9,18.022
1869,19.285
1869.1,20.315
1869.2,20.053
1869.3,18.681
1869.4,17.303
1869.5,16.633
1869.6,16.456
1869.7,16.144
1869.8,15.777
1869.9,15.858
1870,16.443
1870.1,17.147
1870.2,17.227
1870.3,16.603
1870.4,15.755
1870.5,15.531
1870.6,16.199
1870.7,17.41
1870.8,18.395
1870.9,18.485
1871,17.635
1871.1,16.218
1871.2,15.006
1871.3,14.25
1871.4,13.906
1871.5,14.24
1871.6,15.133
1871.7,16.122
1871.8,16.634
1871.9,16.75
1872,16.591
1872.1,16.334
1872.2,16.088
1872.3,15.974
1872.4,16.47
1872.5,17.563
1872.6,18.452
1872.7,18.331
1872.8,17.226
1872.9,15.886
1873,14.973
1873.1,14.683
1873.2,14.336
1873.3,13.736
1873.4,13.529
1873.5,14.309
1873.6,16.032
1873.7,18.057
1873.8,19.479
1873.9,19.932
1874,19.753
1874.1,19.403
1874.2,18.789
1874.3,17.703
1874.4,16.626
1874.5,16.401
1874.6,17.201
1874.7,18.466
1874.8,19.118
1874.9,18.514
1875,16.977
1875.1,15.778
1875.2,15.469
1875.3,15.649
1875.4,15.628
1875.5,15.314
1875.6,15.087
1875.7,15.42
1875.8,16.211
1875.9,16.965
1876,17.28
1876.1,17.275
1876.2,17.164
1876.3,16.967
1876.4,16.762
1876.5,16.536
1876.6,16.281
1876.7,16.049
1876.8,15.85
1876.9,15.713
1877,15.78
1877.1,16.216
1877.2,17.069
1877.3,18.081
1877.4,19.064
1877.5,19.735
1877.6,19.768
1877.7,19.01
1877.8,17.56
1877.9,15.998
1878,15.294
1878.1,15.977
1878.2,17.713
1878.3,19.218
1878.4,19.743
1878.5,18.953
1878.6,17.218
1878.7,15.056
1878.8,13.186
1878.9,12.098
1879,12.012
1879.1,12.803
1879.2,13.804
1879.3,14.494
1879.4,14.708
1879.5,14.733
1879.6,14.805
1879.7,14.993
1879.8,15.325
1879.9,15.803
1880,16.512
1880.1,17.25
1880.2,17.804
1880.3,18.097
1880.4,18.054
1880.5,17.762
1880.6,17.492
1880.7,17.737
1880.8,18.78
1880.9,20.4
1881,22.052
1881.1,22.693
1881.2,22.118
1881.3,20.67
1881.4,18.9
1881.5,17.236
1881.6,15.775
1881.7,14.543
1881.8,13.692
1881.9,13.502
1882,14.095
1882.1,14.753
1882.2,14.757
1882.3,14.04
1882.4,13.481
1882.5,13.99
1882.6,15.512
1882.7,16.995
1882.8,17.48
1882.9,16.831
1883,15.536
1883.1,14.257
1883.2,13.412
1883.3,13.334
1883.4,14.007
1883.5,14.985
1883.6,15.458
1883.7,15.048
1883.8,14.21
1883.9,13.628
1884,13.825
1884.1,14.568
1884.2,15.512
1884.3,16.229
1884.4,16.536
1884.5,16.385
1884.6,15.972
1884.7,15.764
1884.8,15.904
1884.9,16.185
1885,16.105
1885.1,15.458
1885.2,14.4
1885.3,13.481
1885.4,13.264
1885.5,13.959
1885.6,15.113
1885.7,15.938
1885.8,16.223
1885.9,16.573
1886,17.742
1886.1,19.848
1886.2,21.868
1886.3,22.475
1886.4,21.395
1886.5,19.396
1886.6,17.761
1886.7,17.071
1886.8,17.157
1886.9,17.346
1887,17.073
1887.1,16.328
1887.2,15.693
1887.3,15.764
1887.4,16.658
1887.5,17.651
1887.6,17.769
1887.7,16.895
1887.8,15.874
1887.9,15.848
1888,16.78
1888.1,17.67
1888.2,17.701
1888.3,16.954
1888.4,15.943
1888.5,15.174
1888.6,14.882
1888.7,15.21
1888.8,16.277
1888.9,17.745
1889,19.007
1889.1,19.453
1889.2,19.17
1889.3,18.57
1889.4,18.163
1889.5,18.07
1889.6,18.265
1889.7,18.656
1889.8,19.022
1889.9,19.021
1890,18.635
1890.1,17.975
1890.2,17.115
1890.3,16.242
1890.4,15.536
1890.5,15.075
1890.6,14.896
1890.7,15.122
1890.8,15.597
1890.9,16.386
1891,17.554
1891.1,18.533
1891.2,18.868
1891.3,18.609
1891.4,18.379
1891.5,18.58
1891.6,19.139
1891.7,19.532
1891.8,19.52
1891.9,19.353
1892,19.184
1892.1,18.57
1892.2,17.17
1892.3,15.201
1892.4,13.196
1892.5,11.469
1892.6,10.454
1892.7,10.405
1892.8,11.442
1892.9,13.642
1893,16.352
1893.1,18.69
1893.2,20.012
1893.3,20.36
1893.4,19.912
1893.5,18.552
1893.6,16.526
1893.7,14.432
1893.8,12.888
1893.9,12.598
1894,13.337
1894.1,14.464
1894.2,15.14
1894.3,15.271
1894.4,15.003
1894.5,14.439
1894.6,13.609
1894.7,12.669
1894.8,12.125
1894.9,12.677
1895,14.31
1895.1,16.299
1895.2,17.628
1895.3,17.978
1895.4,17.596
1895.5,16.695
1895.6,15.257
1895.7,13.186
1895.8,10.978
1895.9,9.895
1896,10.661
1896.1,13.252
1896.2,16.556
1896.3,19.307
1896.4,20.636
1896.5,20.362
1896.6,18.958
1896.7,17.052
1896.8,15.643
1896.9,15.221
1897,15.476
1897.1,16.008
1897.2,16.713
1897.3,17.561
1897.4,18.26
1897.5,18.287
1897.6,17.341
1897.7,15.815
1897.8,14.845
1897.9,14.867
1898,15.505
1898.1,15.939
1898.2,15.657
1898.3,14.642
1898.4,13.344
1898.5,12.454
1898.6,12.222
1898.7,12.728
1898.8,13.5
1898.9,14.131
1899,14.611
1899.1,15.299
1899.2,16.406
1899.3,17.69
1899.4,18.74
1899.5,19.19
1899.6,18.763
1899.7,17.716
1899.8,16.524
1899.9,15.535
1900,15.108
1900.1,15.194
1900.2,15.574
1900.3,16.254
1900.4,17.16
1900.5,17.749
1900.6,17.14
1900.7,15.411
1900.8,13.352
1900.9,12.07
1901,12.179
1901.1,13.618
1901.2,15.927
1901.3,18.327
1901.4,20.105
1901.5,20.807
1901.6,20.311
1901.7,19.151
1901.8,17.822
1901.9,16.65
1902,15.725
1902.1,15.231
1902.2,15.312
1902.3,15.773
1902.4,16.474
1902.5,17.156
1902.6,17.658
1902.7,18.042
1902.8,18.387
1902.9,18.735
1903,18.827
1903.1,18.61
1903.2,18.307
1903.3,18.324
1903.4,18.61
1903.5,18.44
1903.6,17.613
1903.7,16.449
1903.8,15.764
1903.9,15.778
1904,15.919
1904.1,15.369
1904.2,14.05
1904.3,12.809
1904.4,12.59
1904.5,13.549
1904.6,14.801
1904.7,15.428
1904.8,15.004
1904.9,14.131
1905,13.577
1905.1,13.828
1905.2,14.399
1905.3,14.893
1905.4,15.256
1905.5,15.678
1905.6,16.2
1905.7,16.659
1905.8,16.776
1905.9,16.478
1906,15.838
1906.1,15.039
1906.2,14.162
1906.3,13.371
1906.4,13.068
1906.5,13.359
1906.6,14.007
1906.7,14.86
1906.8,15.875
1906.9,16.825
1907,17.531
1907.1,17.966
1907.2,18.083
1907.3,17.774
1907.4,17.24
1907.5,16.96
1907.6,17.175
1907.7,17.942
1907.8,18.591
1907.9,18.434
1908,17.541
1908.1,16.691
1908.2,16.357
1908.3,16.523
1908.4,16.762
1908.5,16.929
1908.6,17.219
1908.7,17.851
1908.8,18.609
1908.9,19.133
1909,19.212
1909.1,18.815
1909.2,18.033
1909.3,17.192
1909.4,16.702
1909.5,16.774
1909.6,17.206
1909.7,17.602
1909.8,17.779
1909.9,17.779
1910,17.792
1910.1,17.815
1910.2,17.54
1910.3,16.842
1910.4,16.238
1910.5,16.241
1910.6,16.765
1910.7,17.281
1910.8,17.291
1910.9,16.551
1911,15.243
1911.1,13.855
1911.2,13.059
1911.3,13.198
1911.4,14.221
1911.5,15.406
1911.6,16.127
1911.7,16.374
1911.8,16.507
1911.9,16.618
1912,16.603
1912.1,16.602
1912.2,16.816
1912.3,17.204
1912.4,17.356
1912.5,16.909
1912.6,16.195
1912.7,15.9
1912.8,16.373
1912.9,16.933
1913,17.074
1913.1,16.88
1913.2,16.929
1913.3,17.405
1913.4,18.139
1913.5,18.414
1913.6,17.616
1913.7,15.827
1913.8,13.859
1913.9,12.424
1914,12.145
1914.1,13
1914.2,14.108
1914.3,14.728
1914.4,14.585
1914.5,14.063
1914.6,13.656
1914.7,14.033
1914.8,14.759
1914.9,15.126
1915,14.795
1915.1,14.252
1915.2,14.154
1915.3,15.031
1915.4,16.496
1915.5,17.698
1915.6,18.004
1915.7,17.048
1915.8,15.234
1915.9,13.378
1916,12.6
1916.1,13.142
1916.2,14.709
1916.3,16.56
1916.4,17.805
1916.5,18.279
1916.6,18.29
1916.7,18.301
1916.8,18.527
1916.9,19.158
1917,20.058
1917.1,20.999
1917.2,21.834
1917.3,22.259
1917.4,21.854
1917.5,20.415
1917.6,18.515
1917.7,17.045
1917.8,16.191
1917.9,15.751
1918,15.159
1918.1,14.315
1918.2,13.86
1918.3,14.44
1918.4,15.796
1918.5,17.211
1918.6,18.409
1918.7,19.713
1918.8,21.428
1918.9,23.211
1919,24.061
1919.1,23.113
1919.2,20.748
1919.3,18.845
1919.4,18.474
1919.5,19.751
1919.6,20.98
1919.7,20.836
1919.8,19.01
1919.9,16.942
1920,15.844
1920.1,15.918
1920.2,16.494
1920.3,16.8
1920.4,16.509
1920.5,16.158
1920.6,16.424
1920.7,17.593
1920.8,19.246
1920.9,20.313
1921,20.18
1921.1,18.832
1921.2,17.426
1921.3,16.912
1921.4,17.727
1921.5,19.514
1921.6,21.651
1921.7,23.396
1921.8,24.223
1921.9,24.066
1922,23.195
1922.1,21.934
1922.2,20.422
1922.3,18.875
1922.4,17.805
1922.5,17.67
1922.6,18.467
1922.7,19.608
1922.8,20.418
1922.9,20.691
1923,20.498
1923.1,19.991
1923.2,19.241
1923.3,18.411
1923.4,17.79
1923.5,17.745
1923.6,18.342
1923.7,18.923
1923.8,18.616
1923.9,17.184
1924,15.199
1924.1,13.947
1924.2,14.293
1924.3,16.141
1924.4,18.201
1924.5,19.611
1924.6,19.772
1924.7,18.984
1924.8,17.904
1924.9,17.272
1925,17.455
1925.1,18.169
1925.2,18.89
1925.3,18.99
1925.4,18.564
1925.5,18.068
1925.6,18.18
1925.7,19.059
1925.8,20.324
1925.9,21.226
1926,21.388
1926.1,20.697
1926.2,19.168
1926.3,17.132
1926.4,14.938
1926.5,13.007
1926.6,11.81
1926.7,11.634
1926.8,12.732
1926.9,14.935
1927,17.259
1927.1,18.673
1927.2,18.527
1927.3,17.707
1927.4,17.509
1927.5,19.094
1927.6,21.751
1927.7,24.464
1927.8,26.446
1927.9,27.716
1928,28.586
1928.1,29.451
1928.2,30.387
1928.3,31.017
1928.4,31.253
1928.5,31.123
1928.6,30.599
1928.7,29.572
1928.8,28.056
1928.9,26.391
1929,24.583
1929.1,22.892
1929.2,21.796
1929.3,21.62
1929.4,22.758
1929.5,24.807
1929.6,26.601
1929.7,26.928
1929.8,25.72
1929.9,24.099
1930,23.066
1930.1,23.157
1930.2,23.925
1930.3,24.709
1930.4,25.283
1930.5,25.724
1930.6,25.956
1930.7,25.947
1930.8,25.797
1930.9,25.668
1931,25.617
1931.1,25.594
1931.2,25.494
1931.3,25.402
1931.4,25.84
1931.5,26.694
1931.6,27.369
1931.7,27.645
1931.8,27.752
1931.9,28.14
1932,29.27
1932.1,30.663
1932.2,31.645
1932.3,31.81
1932.4,32.105
1932.5,33.16
1932.6,34.755
1932.7,36.236
1932.8,36.899
1932.9,36.603
1933,35.902
1933.1,35.187
1933.2,34.641
1933.3,34.162
1933.4,33.601
1933.5,32.532
1933.6,30.71
1933.7,29.126
1933.8,28.366
1933.9,28.385
1934,28.441
1934.1,28.421
1934.2,28.71
1934.3,29.458
1934.4,30.503
1934.5,31.4
1934.6,31.742
1934.7,31.673
1934.8,31.243
1934.9,30.206
1935,29.242
1935.1,29.346
1935.2,30.798
1935.3,32.108
1935.4,32.186
1935.5,30.353
1935.6,27.55
1935.7,25.228
1935.8,24.622
1935.9,25.476
1936,26.689
1936.1,27.043
1936.2,26.168
1936.3,24.828
1936.4,23.954
1936.5,23.895
1936.6,23.923
1936.7,23.45
1936.8,22.206
1936.9,20.783
1937,19.468
1937.1,18.603
1937.2,18.662
1937.3,19.98
1937.4,22.372
1937.5,24.605
1937.6,25.936
1937.7,26.417
1937.8,26.421
1937.9,26.108
1938,25.349
1938.1,24.174
1938.2,22.924
1938.3,22.062
1938.4,21.909
1938.5,22.177
1938.6,22.77
1938.7,23.783
1938.8,25.015
1938.9,26.171
1939,27.336
1939.1,28.362
1939.2,28.834
1939.3,28.417
1939.4,27.009
1939.5,24.749
1939.6,22.109
1939.7,19.83
1939.8,18.226
1939.9,17.408
1940,17.358
1940.1,17.478
1940.2,17.616
1940.3,18.064
1940.4,18.806
1940.5,19.6
1940.6,20.302
1940.7,20.822
1940.8,21.212
1940.9,21.682
1941,22.224
1941.1,22.578
1941.2,22.602
1941.3,22.193
1941.4,21.453
1941.5,20.477
1941.6,19.622
1941.7,19.36
1941.8,19.941
1941.9,21.513
1942,23.544
1942.1,25.308
1942.2,26.053
1942.3,25.454
1942.4,23.835
1942.5,21.846
1942.6,20.503
1942.7,20.193
1942.8,20.517
1942.9,20.991
1943,21.208
1943.1,20.981
1943.2,20.873
1943.3,21.462
1943.4,22.734
1943.5,24.149
1943.6,25.111
1943.7,25.067
1943.8,23.762
1943.9,22.016
1944,20.682
1944.1,20.443
1944.2,21.501
1944.3,22.873
1944.4,23.303
1944.5,22.315
1944.6,20.879
1944.7,19.828
1944.8,19.411
1944.9,18.967
1945,18.132
1945.1,17.138
1945.2,16.449
1945.3,16.124
1945.4,16.324
1945.5,17.332
1945.6,19.104
1945.7,21.209
1945.8,22.421
1945.9,22.114
1946,20.585
1946.1,18.979
1946.2,18.176
1946.3,18.087
1946.4,18.051
1946.5,17.347
1946.6,16.088
1946.7,15.12
1946.8,15.058
1946.9,15.885
1947,17.424
1947.1,19.434
1947.2,21.694
1947.3,23.57
1947.4,24.124
1947.5,23.184
1947.6,21.252
1947.7,19.501
1947.8,18.498
1947.9,17.889
1948,17.201
1948.1,16.487
1948.2,16.016
1948.3,15.909
1948.4,16.281
1948.5,17.279
1948.6,18.949
1948.7,20.698
1948.8,21.658
1948.9,21.115
1949,19.373
1949.1,17.742
1949.2,17.137
1949.3,17.901
1949.4,19.267
1949.5,20.365
1949.6,20.528
1949.7,20.191
1949.8,19.955
1949.9,20.335
1950,21.076
1950.1,21.46
1950.2,20.84
1950.3,19.595
1950.4,18.331
1950.5,17.214
1950.6,16.427
1950.7,16.375
1950.8,17.6
1950.9,20.177
1951,22.619
1951.1,23.301
1951.2,21.657
1951.3,19.603
1951.4,18.541
1951.5,19.025
1951.6,20.054
1951.7,20.842
1951.8,21.005
1951.9,20.758
1952,20.497
1952.1,20.563
1952.2,21.386
1952.3,22.658
1952.4,23.774
1952.5,24.315
1952.6,24.357
1952.7,23.945
1952.8,22.872
1952.9,21.252
1953,19.645
1953.1,19.2
1953.2,20.384
1953.3,22.487
1953.4,24.089
1953.5,24.265
1953.6,23.233
1953.7,21.876
1953.8,21.178
1953.9,21.258
1954,21.79
1954.1,22.169
1954.2,22.096
1954.3,21.696
1954.4,21.304
1954.5,21.159
1954.6,21.201
1954.7,21.271
1954.8,21.446
1954.9,21.958
1955,22.851
1955.1,23.568
1955.2,23.779
1955.3,23.581
1955.4,23.496
1955.5,23.908
1955.6,24.716
1955.7,25.818
1955.8,27.324
1955.9,29.387
1956,31.687
1956.1,33.064
1956.2,32.687
1956.3,30.593
1956.4,28.166
1956.5,26.424
1956.6,25.585
1956.7,24.798
1956.8,23.307
1956.9,21.012
1957,18.684
1957.1,16.952
1957.2,16.251
1957.3,17.064
1957.4,18.864
1957.5,20.897
1957.6,22.079
1957.7,22.129
1957.8,21.57
1957.9,21.322
1958,21.859
1958.1,22.803
1958.2,23.414
1958.3,23.185
1958.4,22.333
1958.5,21.166
1958.6,19.95
1958.7,18.965
1958.8,18.324
1958.9,18.097
1959,18.363
1959.1,19.243
1959.2,20.672
1959.3,21.839
1959.4,22.286
1959.5,22.111
1959.6,21.803
1959.7,21.612
1959.8,21.317
1959.9,20.515
1960,19.316
1960.1,18.499
1960.2,19.104
1960.3,21.067
1960.4,23.689
1960.5,25.999
1960.6,27.374
1960.7,27.812
1960.8,27.615
1960.9,27.34
1961,27.222
1961.1,27.198
1961.2,27.218
1961.3,27.367
1961.4,27.668
1961.5,27.662
1961.6,26.813
1961.7,24.934
1961.8,22.512
1961.9,20.761
1962,20.347
1962.1,21.198
1962.2,22.221
1962.3,22.698
1962.4,22.433
1962.5,22.046
1962.6,21.996
1962.7,22.3
1962.8,22.724
1962.9,23.284
1963,24.201
1963.1,25.387
1963.2,26.131
1963.3,25.558
1963.4,23.823
1963.5,22.303
1963.6,22.003
1963.7,23.207
1963.8,25.045
1963.9,26.71
1964,27.124
1964.1,26.475
1964.2,25.776
1964.3,26.565
1964.4,29.212
1964.5,32.345
1964.6,33.922
1964.7,33.142
1964.8,31.422
1964.9,30.419
1965,30.5
1965.1,30.292
1965.2,28.819
1965.3,26.471
1965.4,24.838
1965.5,24.65
1965.6,25.76
1965.7,26.907
1965.8,27.331
1965.9,27.059
1966,26.826
1966.1,26.936
1966.2,26.966
1966.3,26.31
1966.4,25.152
1966.5,24.752
1966.6,27.054
1966.7,31.732
1966.8,36.977
1966.9,39.682
1967,38.924
1967.1,35.545
1967.2,31.635
1967.3,29.006
1967.4,27.737
1967.5,27.121
1967.6,26.513
1967.7,26.08
1967.8,26.654
1967.9,28.523
1968,31.011
1968.1,33.511
1968.2,35.672
1968.3,37.383
1968.4,38.348
1968.5,37.948
1968.6,36.171
1968.7,33.351
1968.8,30.345
1968.9,27.798
1969,25.803
1969.1,24.255
1969.2,22.919
1969.3,21.997
1969.4,22.23
1969.5,23.963
1969.6,26.531
1969.7,29.067
1969.8,30.682
1969.9,31.033
1970,30.263
1970.1,28.719
1970.2,27.171
1970.3,26.175
1970.4,26.354
1970.5,27.393
1970.6,28.539
1970.7,28.825
1970.8,27.862
1970.9,26.307
1971,25.108
1971.1,24.781
1971.2,24.981
1971.3,24.902
1971.4,23.902
1971.5,22.396
1971.6,21.031
1971.7,20.404
1971.8,20.44
1971.9,20.892
1972,21.629
1972.1,22.784
1972.2,24.469
1972.3,26.409
1972.4,27.542
1972.5,27.162
1972.6,25.576
1972.7,24.305
1972.8,24.412
1972.9,25.873
1973,27.742
1973.1,28.85
1973.2,28.895
1973.3,28.567
1973.4,28.301
1973.5,28.101
1973.6,27.958
1973.7,27.823
1973.8,27.58
1973.9,27.205
1974,26.81
1974.1,26.265
1974.2,25.555
1974.3,24.483
1974.4,22.815
1974.5,20.948
1974.6,20.049
1974.7,20.93
1974.8,23.311
1974.9,25.659
1975,26.394
1975.1,25.564
1975.2,24.584
1975.3,24.452
1975.4,24.794
1975.5,24.52
1975.6,23.147
1975.7,21.815
1975.8,21.945
1975.9,23.567
1976,25.005
1976.1,24.62
1976.2,22.227
1976.3,19.326
1976.4,17.291
1976.5,16.94
1976.6,17.369
1976.7,17.95
1976.8,18.466
1976.9,19.107
1977,19.892
1977.1,20.966
1977.2,22.269
1977.3,23.354
1977.4,23.902
1977.5,23.853
1977.6,23.257
1977.7,22.251
1977.8,21.142
1977.9,20.146
1978,19.504
1978.1,19.56
1978.2,19.851
1978.3,20.008
1978.4,19.98
1978.5,19.859
1978.6,19.72
1978.7,19.759
1978.8,20.036
1978.9,20.267
1979,19.892
1979.1,18.707
1979.2,17.5
1979.3,17.357
1979.4,18.833
1979.5,20.873
1979.6,22.591
1979.7,23.511
1979.8,24.014
1979.9,24.233
1980,23.599
1980.1,22.093
1980.2,20.365
1980.3,19.387
1980.4,19.548
1980.5,20.2
1980.6,20.686
1980.7,20.793
1980.8,20.785
1980.9,20.886
1981,20.961
1981.1,20.796
1981.2,20.265
1981.3,19.473
1981.4,18.756
1981.5,18.149
1981.6,17.864
1981.7,18.293
1981.8,19.447
1981.9,20.656
1982,21.133
1982.1,20.799
1982.2,20.136
1982.3,19.792
1982.4,19.997
1982.5,20.563
1982.6,20.858
1982.7,20.451
1982.8,19.269
1982.9,17.671
1983,16.526
1983.1,16.599
1983.2,18.205
1983.3,20.199
1983.4,21.478
1983.5,21.467
1983.6,20.651
1983.7,19.95
1983.8,20.289
1983.9,21.716
1984,23.116
1984.1,23.619
1984.2,22.812
1984.3,21.372
1984.4,20.016
1984.5,19.503
1984.6,19.891
1984.7,20.929
1984.8,22.198
1984.9,23.396
1985,24.387
1985.1,25.271
1985.2,26.032
1985.3,26.662
1985.4,27.157
1985.5,27.659
1985.6,28.271
1985.7,28.472
1985.8,27.446
1985.9,25.558
1986,23.749
1986.1,23.287
1986.2,24.074
1986.3,25.467
1986.4,26.358
1986.5,26.301
1986.6,25.503
1986.7,24.399
1986.8,23.518
1986.9,23.062
1987,22.885
1987.1,22.7
1987.2,22.612
1987.3,23.027
1987.4,24.299
1987.5,26.133
1987.6,27.779
1987.7,28.048
1987.8,26.68
1987.9,24.013
1988,20.911
1988.1,18.309
1988.2,16.691
1988.3,16.24
1988.4,16.994
1988.5,18.711
1988.6,20.806
1988.7,22.389
1988.8,23.122
1988.9,23.557
1989,24.315
1989.1,25.344
1989.2,26.138
1989.3,25.949
1989.4,25.323
1989.5,24.87
1989.6,24.912
1989.7,25.226
1989.8,25.488
1989.9,25.554
1990,25.327
1990.1,25.027
1990.2,24.926
1990.3,25.274
1990.4,26.006
1990.5,26.752
1990.6,27.232
1990.7,27.416
1990.8,26.976
1990.9,25.452
1991,23.309
1991.1,21.376
1991.2,20.545
1991.3,20.843
1991.4,21.646
1991.5,22.477
1991.6,23.49
1991.7,24.702
1991.8,25.381
1991.9,24.648
1992,22.866
1992.1,21.043
1992.2,20.519
1992.3,21.469
1992.4,23.424
1992.5,25.257
1992.6,26.217
1992.7,26.296
1992.8,26.003
1992.9,26.184
1993,27.207
1993.1,28.574
1993.2,28.985
1993.3,27.87
1993.4,25.499
1993.5,23.084
1993.6,21.76
1993.7,21.782
1993.8,22.627
1993.9,23.237
1994,23.147
1994.1,22.516
1994.2,21.896
1994.3,21.41
1994.4,20.789
1994.5,20.019
1994.6,19.386
1994.7,19.431
1994.8,20.555
1994.9,22.272
1995,23.561
1995.1,23.818
1995.2,23.553
1995.3,23.483
1995.4,23.828
1995.5,23.939
1995.6,23.289
1995.7,22.033
1995.8,21.15
1995.9,21.205
1996,21.896
1996.1,22.369
1996.2,22.314
1996.3,21.757
1996.4,20.803
1996.5,19.681
1996.6,18.811
1996.7,18.513
1996.8,18.549
1996.9,18.578
1997,18.462
1997.1,18.269
1997.2,17.986
1997.3,17.777
1997.4,17.917
1997.5,18.413
1997.6,19.126
1997.7,19.786
1997.8,20.039
1997.9,19.841
1998,19.761
1998.1,20.074
1998.2,20.65
1998.3,21.59
1998.4,22.749
1998.5,23.496
1998.6,23.212
1998.7,22.065
1998.8,20.563
1998.9,19.43
1999,19.323
1999.1,20.468
1999.2,22.108
1999.3,23.033
1999.4,22.724
1999.5,21.5
1999.6,20.405
1999.7,19.954
1999.8,20.135
1999.9,20.382
2000,20.659
2000.1,21.041
2000.2,20.958
2000.3,20.125
2000.4,18.777
2000.5,17.773
2000.6,17.663
2000.7,18.613
2000.8,20.703
2000.9,23.306
2001,25.632
2001.1,26.897
2001.2,26.799
2001.3,25.862
2001.4,24.768
2001.5,24.129
2001.6,23.776
2001.7,23.478
2001.8,23.363
2001.9,23.688
2002,24.56
2002.1,25.687
2002.2,26.261
2002.3,26.05
2002.4,25.792
2002.5,26.338
2002.6,27.535
2002.7,28.656
2002.8,28.848
2002.9,28.015
2003,26.628
2003.1,25.194
2003.2,23.933
2003.3,23.25
2003.4,23.574
2003.5,24.547
2003.6,25.877
2003.7,27.355
2003.8,28.84
2003.9,30.229
2004,30.902
2004.1,30.18
2004.2,28.279
2004.3,26.071
2004.4,24.756
2004.5,24.828
2004.6,25.885
2004.7,26.708
2004.8,26.816
2004.9,26.323
2005,25.309
2005.1,24.086
2005.2,22.836
2005.3,21.716
2005.4,20.814
2005.5,20.217
2005.6,19.919
2005.7,19.809
2005.8,19.973
2005.9,20.637
2006,21.88
2006.1,23.489
2006.2,25.114
2006.3,26.16
2006.4,26.722
2006.5,27.097
2006.6,27.174
2006.7,26.664
2006.8,25.54
2006.9,24.477
2007,24.447
2007.1,25.95
2007.2,28.546
2007.3,31.017
2007.4,33.134
2007.5,34.852
2007.6,35.438
2007.7,34.415
2007.8,32.039
2007.9,29.551
2008,28.14
2008.1,27.995
2008.2,28.305
2008.3,28.009
2008.4,27.279
2008.5,26.871
2008.6,26.607
2008.7,25.893
2008.8,24.247
2008.9,21.875
2009,19.385
2009.1,17.588
2009.2,17.139
2009.3,17.948
2009.4,19.775
2009.5,21.901
2009.6,23.149
2009.7,23.047
2009.8,22.075
2009.9,21.566
2010,22.065
2010.1,23.191
2010.2,24.101
2010.3,24.517
2010.4,24.417
2010.5,23.96
2010.6,23.302
2010.7,22.729
2010.8,22.819
2010.9,23.671
2011,24.806
2011.1,25.628
2011.2,25.923
2011.3,25.767
2011.4,25.372
2011.5,25.33
2011.6,25.825
2011.7,26.342
2011.8,26.393
2011.9,25.869
2012,25.162
2012.1,24.836
2012.2,24.804
2012.3,24.862
2012.4,24.936
2012.5,25.026
2012.6,24.919
2012.7,24.467
2012.8,24.113
2012.9,24.276
2013,24.897
2013.1,25.378
2013.2,25.41
2013.3,25.332
2013.4,25.56
2013.5,26.288
2013.6,27.405
2013.7,28.252
2013.8,28.334
2013.9,27.394
2014,25.755
2014.1,24.336
2014.2,23.941
2014.3,24.703
2014.4,25.701
2014.5,26.451
2014.6,26.678
2014.7,26.299
2014.8,25.453
2014.9,24.437
2015,23.571
2015.1,23.091
2015.2,22.998
2015.3,22.935
2015.4,22.685
2015.5,22.519
2015.6,22.948
2015.7,24.041
2015.8,25.205
2015.9,25.526
2016,24.843
2016.1,23.434
2016.2,21.898
2016.3,20.705
2016.4,19.932
2016.5,19.784
2016.6,20.632
2016.7,22.465
2016.8,24.653
2016.9,26.239
2017,26.851
2017.1,26.835
2017.2,27.078
2017.3,27.927
2017.4,29.001
2017.5,29.703
2017.6,29.696
2017.7,28.849
2017.8,27.147
2017.9,25.005
2018,23.011
2018.1,21.942
2018.2,21.886
2018.3,22.559
2018.4,23.788
2018.5,25.338
2018.6,26.894
2018.7,28.068
2018.8,28.512
2018.9,28.384
2019,28.067
2019.1,27.736
2019.2,27.426
2019.3,27.359
2019.4,27.643
2019.5,28.006
2019.6,28.209
2019.7,28.018
2019.8,27.385
2019.9,26.515
2020,25.758
2020.1,25.164
2020.2,24.689
2020.3,24.299
2020.4,23.881
2020.5,23.463
2020.6,23.231
2020.7,23.497
2020.8,24.048
2020.9,24.462
2021,24.297
2021.1,24.212
2021.2,25.147
2021.3,27.498
2021.4,30.124
2021.5,31.512
2021.6,30.68
2021.7,28.295
2021.8,25.693
2021.9,23.915
2022,23.383
2022.1,23.576
2022.2,23.752
2022.3,23.576
2022.4,23.401
2022.5,23.565
2022.6,24.144
2022.7,24.52
2022.8,24.281
2022.9,23.895
2023,24.196
2023.1,24.973
2023.2,25.178
2023.3,24.174
2023.4,22.431
2023.5,21.278
2023.6,22
2023.7,24.187
2023.8,26.637
2023.9,27.982
2024,28.034
2024.1,27.074
2024.2,25.536
2024.3,23.84
2024.4,21.992
2024.5,19.935
2024.6,18.022
2024.7,16.72
2024.8,16.397
2024.9,16.818
2025,17.48
2025.1,18.032
2025.2,18.634
2025.3,19.757
2025.4,21.39
2025.5,22.952
2025.6,24.027
2025.7,24.646
2025.8,25.076
2025.9,25.393
2026,25.41
2026.1,25.033
2026.2,24.555
2026.3,24.096
2026.4,23.601
2026.5,23.201
2026.6,23.452
2026.7,24.859
2026.8,27.129
2026.9,29.068
2027,29.671
2027.1,28.641
2027.2,26.781
2027.3,24.743
2027.4,23.262
2027.5,22.572
2027.6,22.619
2027.7,22.958
2027.8,23.276
2027.9,23.726
2028,24.192
2028.1,24.28
2028.2,23.666
2028.3,22.624
2028.4,21.862
2028.5,21.735
2028.6,22.265
2028.7,23.099
2028.8,23.968
2028.9,24.741
2029,25.098
2029.1,25.256
2029.2,25.886
2029.3,27.647
2029.4,29.565
2029.5,30.121
2029.6,28.447
2029.7,25.803
2029.8,24.128
2029.9,24.273
2030,25.43
2030.1,26.102
2030.2,25.494
2030.3,23.593
2030.4,21.595
2030.5,20.603
2030.6,21.281
2030.7,22.758
2030.8,24.007
2030.9,24.175
2031,23.552
2031.1,22.899
2031.2,22.621
2031.3,22.642
2031.4,22.979
2031.5,23.789
2031.6,24.703
2031.7,25.025
2031.8,24.557
2031.9,23.511
2032,22.707
2032.1,22.772
2032.2,23.98
2032.3,25.557
2032.4,26.399
2032.5,25.51
2032.6,23.439
2032.7,21.421
2032.8,20.447
2032.9,20.592
2033,21.297
2033.1,22.025
2033.2,22.396
2033.3,22.38
2033.4,22.236
2033.5,22.644
2033.6,24.19
2033.7,26.673
2033.8,28.605
2033.9,28.983
2034,27.853
2034.1,26.235
2034.2,25.484
2034.3,26.002
2034.4,27.158
2034.5,27.687
2034.6,27.378
2034.7,26.601
2034.8,25.743
2034.9,24.647
2035,22.946
2035.1,20.875
2035.2,19.288
2035.3,18.755
2035.4,19.598
2035.5,21.165
2035.6,22.626
2035.7,23.176
2035.8,22.539
2035.9,21.055
2036,19.451
2036.1,18.517
2036.2,18.543
2036.3,19.675
2036.4,21.736
2036.5,23.877
2036.6,25.525
2036.7,26.316
2036.8,26.357
2036.9,25.825
2037,24.725
2037.1,23.661
2037.2,23.428
2037.3,24.452
2037.4,25.818
2037.5,26.63
2037.6,26.65
2037.7,26.142
2037.8,25.511
2037.9,24.825
2038,23.966
2038.1,23.08
2038.2,22.208
2038.3,21.313
2038.4,20.674
2038.5,20.777
2038.6,21.887
2038.7,23.227
2038.8,24.021
2038.9,23.856
2039,23.455
2039.1,23.697
2039.2,24.835
2039.3,26.099
2039.4,26.638
2039.5,26.076
2039.6,24.851
2039.7,23.771
2039.8,23.26
2039.9,23.361
2040,23.832
2040.1,24.39
2040.2,24.269
2040.3,23.143
2040.4,21.473
2040.5,20.472
2040.6,20.696
2040.7,21.564
2040.8,22.148
2040.9,22.026
2041,21.606
2041.1,21.186
2041.2,20.786
2041.3,20.453
2041.4,20.478
2041.5,21.037
2041.6,21.838
2041.7,22.911
2041.8,24.27
2041.9,25.388
2042,25.698
2042.1,24.658
2042.2,22.646
2042.3,20.438
2042.4,18.818
2042.5,18.21
2042.6,18.735
2042.7,20.286
2042.8,21.885
2042.9,22.735
2043,23.073
2043.1,23.68
2043.2,24.813
2043.3,26.206
2043.4,27.117
2043.5,27.404
2043.6,27.476
2043.7,27.806
2043.8,28.424
2043.9,29.01
2044,29.203
2044.1,28.762
2044.2,27.841
2044.3,26.653
2044.4,25.478
2044.5,24.588
2044.6,24.148
2044.7,24.133
2044.8,24.205
2044.9,24.245
2045,24.708
2045.1,25.73
2045.2,26.827
2045.3,27.136
2045.4,26.365
2045.5,24.847
2045.6,23.139
2045.7,21.832
2045.8,21.353
2045.9,22.055
2046,24.243
2046.1,27.119
2046.2,29.301
2046.3,29.324
2046.4,27.744
2046.5,25.61
2046.6,24.239
2046.7,23.784
2046.8,23.612
2046.9,23.211
2047,23.056
2047.1,23.562
2047.2,24.336
2047.3,24.485
2047.4,23.62
2047.5,22.2
2047.6,21.247
2047.7,20.803
2047.8,20.392
2047.9,19.943
2048,19.967
2048.1,20.672
2048.2,21.655
2048.3,22.227
2048.4,22.271
2048.5,22.392
2048.6,22.849
2048.7,23.041
2048.8,22.196
2048.9,20.418
2049,18.713
2049.1,17.631
2049.2,17.029
2049.3,16.491
2049.4,16.077
2049.5,16.346
2049.6,17.446
2049.7,19.012
2049.8,20.094
2049.9,20.188
2050,19.457
2050.1,18.605
2050.2,18.6
2050.3,19.908
2050.4,22.477
2050.5,25.382
2050.6,27.495
2050.7,28.224
2050.8,27.724
2050.9,26.62
2051,25.303
2051.1,23.883
2051.2,22.384
2051.3,21.125
2051.4,20.678
2051.5,20.961
2051.6,21.656
2051.7,22.539
2051.8,23.339
2051.9,24.071
2052,25.015
2052.1,25.936
2052.2,26.368
2052.3,25.928
2052.4,24.607
2052.5,23.163
2052.6,22.382
2052.7,22.725
2052.8,23.402
2052.9,23.817
2053,23.619
2053.1,23.359
2053.2,23.674
2053.3,24.674
2053.4,25.662
2053.5,25.819
2053.6,24.786
2053.7,23.259
2053.8,22.342
2053.9,22.648
2054,23.904
2054.1,25.397
2054.2,26.769
2054.3,27.805
2054.4,28.345
2054.5,28.057
2054.6,26.729
2054.7,24.811
2054.8,23.074
2054.9,22.362
2055,22.858
2055.1,24.202
2055.2,25.758
2055.3,26.638
2055.4,26.312
2055.5,25.046
2055.6,23.949
2055.7,23.452
2055.8,23.026
2055.9,21.986
2056,20.909
2056.1,20.633
2056.2,21.637
2056.3,23.055
2056.4,23.89
2056.5,23.866
2056.6,23.61
2056.7,23.257
2056.8,22.437
2056.9,21.119
2057,20.035
2057.1,19.911
2057.2,20.776
2057.3,21.643
2057.4,22.053
2057.5,22.344
2057.6,23.178
2057.7,24.637
2057.8,25.915
2057.9,25.804
2058,24.114
2058.1,22.006
2058.2,21.039
2058.3,21.396
2058.4,22.431
2058.5,23.322
2058.6,24.172
2058.7,25.592
2058.8,27.618
2058.9,28.992
2059,28.622
2059.1,26.502
2059.2,24.708
2059.3,24.601
2059.4,25.797
2059.5,26.497
2059.6,25.891
2059.7,24.679
2059.8,24.381
2059.9,25.157
2060,26.072
2060.1,26.123
2060.2,25.58
2060.3,24.857
2060.4,24.242
2060.5,24.047
2060.6,24.347
2060.7,24.88
2060.8,24.896
2060.9,23.716
2061,21.476
2061.1,19.605
2061.2,19.019
2061.3,19.55
2061.4,20.316
2061.5,20.68
2061.6,20.272
2061.7,19.428
2061.8,18.902
2061.9,19.353
2062,20.995
2062.1,23.041
2062.2,24.831
2062.3,25.915
2062.4,26.426
2062.5,26.324
2062.6,25.5
2062.7,24.383
2062.8,23.543
2062.9,23.349
2063,23.565
2063.1,23.86
2063.2,24.388
2063.3,25.486
2063.4,26.803
2063.5,27.922
2063.6,28.32
2063.7,27.596
2063.8,25.768
2063.9,23.744
2064,22.462
2064.1,22.083
2064.2,22.022
2064.3,21.499
2064.4,20.64
2064.5,20.593
2064.6,21.968
2064.7,23.775
2064.8,24.871
2064.9,24.883
2065,24.35
2065.1,23.604
2065.2,22.648
2065.3,21.831
2065.4,21.738
2065.5,23.055
2065.6,25.074
2065.7,26.701
2065.8,27.256
2065.9,27.018
2066,26.593
2066.1,26.271
2066.2,25.924
2066.3,25.375
2066.4,24.31
2066.5,22.524
2066.6,20.15
2066.7,17.956
2066.8,17.287
2066.9,18.197
2067,20.101
2067.1,22.142
2067.2,23.534
2067.3,23.977
2067.4,23.594
2067.5,22.996
2067.6,22.677
2067.7,23.049
2067.8,23.818
2067.9,24.067
2068,23.071
2068.1,21.206
2068.2,19.661
2068.3,19.28
2068.4,20.42
2068.5,22.039
2068.6,23.16
2068.7,23.44
2068.8,23.388
2068.9,23.366
2069,23.633
2069.1,24.172
2069.2,24.856
2069.3,25.427
2069.4,25.779
2069.5,25.829
2069.6,25.376
2069.7,24.457
2069.8,23.239
2069.9,22.09
2070,21.758
2070.1,22.644
2070.2,24.564
2070.3,26.535
2070.4,27.7
2070.5,27.966
2070.6,27.815
2070.7,27.878
2070.8,28.312
2070.9,28.665
2071,28.088
2071.1,26.472
2071.2,24.285
2071.3,22.622
2071.4,22.319
2071.5,23.29
2071.6,24.284
2071.7,24.088
2071.8,22.502
2071.9,20.507
2072,19.563
2072.1,20.294
2072.2,22.35
2072.3,24.253
2072.4,25.16
2072.5,25.2
2072.6,25.366
2072.7,26.092
2072.8,26.776
2072.9,26.542
2073,25.426
2073.1,24.284
2073.2,24.393
2073.3,25.351
2073.4,25.965
2073.5,24.959
2073.6,22.712
2073.7,20.505
2073.8,20.092
2073.9,21.822
2074,24.566
2074.1,26.773
2074.2,27.63
2074.3,27.414
2074.4,26.767
2074.5,26.138
2074.6,25.416
2074.7,24.508
2074.8,23.73
2074.9,23.533
2075,24.097
2075.1,25.517
2075.2,27.299
2075.3,28.797
2075.4,29.43
2075.5,29.05
2075.6,27.676
2075.7,25.926
2075.8,25.153
2075.9,26.186
2076,28.617
2076.1,30.764
2076.2,31.427
2076.3,30.73
2076.4,29.651
2076.5,29.068
2076.6,29.001
2076.7,28.891
2076.8,28.381
2076.9,27.417
2077,26.015
2077.1,24.788
2077.2,24.446
2077.3,25.023
2077.4,25.639
2077.5,25.836
2077.6,25.466
2077.7,24.647
2077.8,23.96
2077.9,23.802
2078,24.079
2078.1,24.287
2078.2,23.944
2078.3,22.889
2078.4,21.948
2078.5,21.797
2078.6,22.544
2078.7,23.49
2078.8,24.231
2078.9,24.834
2079,25.326
2079.1,25.706
2079.2,25.985
2079.3,26.109
2079.4,25.986
2079.5,25.709
2079.6,25.468
2079.7,25.319
2079.8,25.324
2079.9,25.361
2080,25.016
2080.1,24.117
2080.2,22.837
2080.3,21.705
2080.4,20.985
2080.5,20.821
2080.6,20.994
2080.7,21.403
2080.8,22.291
2080.9,23.994
2081,26.322
2081.1,28.506
2081.2,29.403
2081.3,29.123
2081.4,28.332
2081.5,28.027
2081.6,28.44
2081.7,29.077
2081.8,28.846
2081.9,27.199
2082,24.471
2082.1,21.523
2082.2,19.655
2082.3,19.576
2082.4,20.899
2082.5,22.22
2082.6,22.877
2082.7,23.228
2082.8,24.233
2082.9,25.99
2083,27.963
2083.1,29.135
2083.2,29.243
2083.3,28.614
2083.4,27.576
2083.5,26.285
2083.6,24.588
2083.7,22.277
2083.8,19.684
2083.9,17.745
2084,17.642
2084.1,19.871
2084.2,23.188
2084.3,26.193
2084.4,27.823
2084.5,28.369
2084.6,28.298
2084.7,27.863
2084.8,26.951
2084.9,25.396
2085,23.487
2085.1,22.046
2085.2,21.645
2085.3,22.306
2085.4,23.238
2085.5,23.528
2085.6,23.035
2085.7,22.693
2085.8,22.988
2085.9,23.52
2086,23.509
2086.1,22.954
2086.2,22.262
2086.3,22.012
2086.4,22.356
2086.5,23.11
2086.6,24.257
2086.7,25.596
2086.8,26.571
2086.9,26.628
2087,25.761
2087.1,24.318
2087.2,22.486
2087.3,20.597
2087.4,18.915
2087.5,17.913
2087.6,18.393
2087.7,19.984
2087.8,21.927
2087.9,23.269
2088,23.883
2088.1,24.182
2088.2,24.478
2088.3,24.474
2088.4,23.725
2088.5,22.67
2088.6,22.621
2088.7,24.012
2088.8,26.155
2088.9,27.484
2089,27.537
2089.1,26.879
2089.2,26.063
2089.3,25.322
2089.4,24.766
2089.5,24.855
2089.6,25.664
2089.7,26.864
2089.8,27.364
2089.9,26.214
2090,24.136
2090.1,22.706
2090.2,22.923
2090.3,24.348
2090.4,25.86
2090.5,26.093
2090.6,25.137
2090.7,23.917
2090.8,23.57
2090.9,24.294
2091,26.021
2091.1,28.056
2091.2,29.306
2091.3,29.365
2091.4,28.393
2091.5,27.118
2091.6,26.239
2091.7,25.983
2091.8,26.018
2091.9,26.015
2092,26.196
2092.1,27.262
2092.2,29.165
2092.3,31.363
2092.4,32.868
2092.5,33.009
2092.6,31.627
2092.7,28.985
2092.8,26.222
2092.9,24.364
2093,24.439
2093.1,26.205
2093.2,28.188
2093.3,29.01
2093.4,28.55
2093.5,27.841
2093.6,27.58
2093.7,27.926
2093.8,28.285
2093.9,28.023
2094,27.042
2094.1,25.903
2094.2,25.203
2094.3,25.472
2094.4,26.452
2094.5,27.801
2094.6,29.071
2094.7,29.782
2094.8,29.417
2094.9,27.716
2095,25.173
2095.1,22.949
2095.2,22.061
2095.3,23.161
2095.4,25.81
2095.5,29.204
2095.6,31.676
2095.7,32.198
2095.8,30.907
2095.9,29.242
2096,28.549
2096.1,28.75
2096.2,28.706
2096.3,27.663
2096.4,26.096
2096.5,24.906
2096.6,24.532
2096.7,24.588
2096.8,24.506
2096.9,24.014
2097,23.403
2097.1,22.988
2097.2,22.905
2097.3,23.005
2097.4,23.189
2097.5,23.554
2097.6,23.872
2097.7,23.816
2097.8,23.303
2097.9,22.907
2098,23.081
2098.1,23.473
2098.2,23.229
2098.3,22.075
2098.4,20.287
2098.5,18.588
2098.6,17.541
2098.7,17.326
2098.8,18.153
2098.9,19.765
2099,21.761
2099.1,24.019
2099.2,26.696
2099.3,29.849
2099.4,32.846
2099.5,34.532
2099.6,34.49
2099.7,33.049
2099.8,31.107
2099.9,29.021
2100,26.539
2100.1,23.921
2100.2,21.847
2100.3,20.569
2100.4,20.189
2100.5,20.387
2100.6,21.387
2100.7,23.483
2100.8,25.849
2100.9,27.428
2101,27.595
2101.1,27.062
2101.2,26.61
2101.3,26.325
2101.4,26.147
2101.5,26.424
2101.6,27.583
2101.7,29.067
2101.8,29.632
2101.9,28.811
2102,27.369
2102.1,26.995
2102.2,28.114
2102.3,29.582
2102.4,29.773
2102.5,28.488
2102.6,26.799
2102.7,26.203
2102.8,26.995
2102.9,28.296
2103,28.953
2103.1,28.774
2103.2,27.722
2103.3,26.167
2103.4,24.961
2103.5,24.511
2103.6,24.57
2103.7,24.302
2103.8,23.354
2103.9,21.808
2104,20.304
2104.1,19.244
2104.2,18.619
2104.3,18.301
2104.4,18.132
2104.5,17.794
2104.6,16.757
2104.7,15.052
2104.8,13.634
2104.9,13.799
2105,15.424
2105.1,17.786
2105.2,20.08
2105.3,22.081
2105.4,23.88
2105.5,25.688
2105.6,27.219
2105.7,27.909
2105.8,27.595
2105.9,26.851
2106,25.932
2106.1,24.77
2106.2,23.587
2106.3,22.541
2106.4,21.84
2106.5,22.088
2106.6,23.581
2106.7,26.063
2106.8,28.479
2106.9,29.878
2107,30.074
2107.1,29.54
2107.2,28.915
2107.3,28.359
2107.4,27.831
2107.5,27.712
2107.6,28.557
2107.7,30.086
2107.8,30.739
2107.9,29.724
2108,27.67
2108.1,25.836
2108.2,24.709
2108.3,24.341
2108.4,24.621
2108.5,25.333
2108.6,26.26
2108.7,26.608
2108.8,26.163
2108.9,25.838
2109,26.956
2109.1,29.72
2109.2,32.692
2109.3,34.077
2109.4,32.745
2109.5,29.456
2109.6,25.632
2109.7,22.893
2109.8,21.597
2109.9,21.2
2110,21.038
2110.1,21.198
2110.2,21.906
2110.3,22.949
2110.4,23.523
2110.5,23.375
2110.6,23.406
2110.7,24.668
2110.8,26.683
2110.9,28.046
2111,27.804
2111.1,26.659
2111.2,25.504
2111.3,25.052
2111.4,24.924
2111.5,24.546
2111.6,23.978
2111.7,23.634
2111.8,23.685
2111.9,24.191
2112,25.001
2112.1,26.013
2112.2,26.786
2112.3,27.107
2112.4,27.011
2112.5,26.846
2112.6,27.47
2112.7,29.035
2112.8,31.048
2112.9,32.261
2113,32.138
2113.1,30.783
2113.2,28.65
2113.3,26.66
2113.4,25.52
2113.5,26.118
2113.6,28.021
2113.7,29.836
2113.8,30.115
2113.9,28.708
2114,27.038
2114.1,26.377
2114.2,26.867
2114.3,27.316
2114.4,26.978
2114.5,25.993
2114.6,24.982
2114.7,24.196
2114.8,23.469
2114.9,23.041
2115,23.572
2115.1,25.226
2115.2,26.815
2115.3,27.045
2115.4,25.306
2115.5,22.552
2115.6,20.571
2115.7,20.476
2115.8,21.797
2115.9,23.344
2116,24.403
2116.1,24.693
2116.2,24.61
2116.3,24.427
2116.4,24.288
2116.5,24.211
2116.6,24.422
2116.7,24.813
2116.8,25.037
2116.9,24.998
2117,24.898
2117.1,25.19
2117.2,25.818
2117.3,26.352
2117.4,26.303
2117.5,25.723
2117.6,24.83
2117.7,24.031
2117.8,23.936
2117.9,24.789
2118,26.326
2118.1,27.873
2118.2,28.998
2118.3,29.704
2118.4,30.425
2118.5,31.102
2118.6,31.142
2118.7,30.112
2118.8,28.599
2118.9,27.533
2119,27.891
2119.1,29.707
2119.2,32.053
2119.3,33.192
2119.4,32.263
2119.5,29.647
2119.6,26.891
2119.7,25.446
2119.8,25.519
2119.9,26.372
2120,26.884
2120.1,26.861
2120.2,26.667
2120.3,26.664
2120.4,26.63
2120.5,26.207
2120.6,25.572
2120.7,25.433
2120.8,26.254
2120.9,28.149
2121,29.98
2121.1,30.441
2121.2,28.543
2121.3,25.575
2121.4,23.263
2121.5,23.075
2121.6,24.969
2121.7,27.919
2121.8,30.673
2121.9,32.25
2122,32.428
2122.1,31.156
2122.2,28.819
2122.3,26.457
2122.4,24.614
2122.5,23.493
2122.6,22.783
2122.7,22.39
2122.8,22.532
2122.9,23.4
2123,25.148
2123.1,27.409
2123.2,29.189
2123.3,29.942
2123.4,29.609
2123.5,28.894
2123.6,28.268
2123.7,27.717
2123.8,27.31
2123.9,27.346
2124,27.889
2124.1,28.67
2124.2,29.107
2124.3,29.009
2124.4,28.415
2124.5,27.791
2124.6,27.829
2124.7,28.876
2124.8,30.363
2124.9,31.63
2125,32.469
2125.1,33.349
2125.2,34.355
2125.3,34.659
2125.4,33.157
2125.5,30.617
2125.6,28.507
2125.7,27.837
2125.8,27.824
2125.9,27.632
2126,26.895
2126.1,26.251
2126.2,26.268
2126.3,26.705
2126.4,27.21
2126.5,28.087
2126.6,29.824
2126.7,32.086
2126.8,33.64
2126.9,33.202
2127,30.205
2127.1,26.365
2127.2,23.593
2127.3,23.535
2127.4,25.314
2127.5,27.695
2127.6,29.517
2127.7,30.455
2127.8,30.674
2127.9,30.127
2128,28.864
2128.1,27.367
2128.2,26.528
2128.3,26.926
2128.4,28.163
2128.5,29.317
2128.6,29.488
2128.7,29.012
2128.8,28.812
2128.9,29.546
2129,30.496
2129.1,30.836
2129.2,29.929
2129.3,28.25
2129.4,26.768
2129.5,26.505
2129.6,27.456
2129.7,28.856
2129.8,30.039
2129.9,30.506
2130,30.294
2130.1,29.826
2130.2,29.711
2130.3,30.06
2130.4,30.628
2130.5,31.153
2130.6,31.389
2130.7,31.306
2130.8,31.546
2130.9,32.402
2131,33.315
2131.1,33.679
2131.2,33.877
2131.3,34.413
2131.4,35.164
2131.5,35.213
2131.6,33.885
2131.7,31.62
2131.8,30.037
2131.9,29.796
2132,29.98
2132.1,29.01
2132.2,26.821
2132.3,23.977
2132.4,21.516
2132.5,20.309
2132.6,20.749
2132.7,22.891
2132.8,26.1
2132.9,29.471
2133,31.978
2133.1,32.868
2133.2,32.443
2133.3,31.522
2133.4,31.198
2133.5,31.905
2133.6,33.079
2133.7,33.423
2133.8,32.689
2133.9,31.46
2134,30.426
2134.1,29.61
2134.2,28.894
2134.3,28.674
2134.4,29.305
2134.5,30.289
2134.6,30.706
2134.7,30.075
2134.8,29.038
2134.9,28.602
2135,29.206
2135.1,29.919
2135.2,29.955
2135.3,29.46
2135.4,29.295
2135.5,29.924
2135.6,31.275
2135.7,32.358
2135.8,32.635
2135.9,31.905
2136,30.313
2136.1,28.217
2136.2,26.25
2136.3,25.178
2136.4,24.819
2136.5,24.723
2136.6,24.09
2136.7,22.963
2136.8,22.154
2136.9,22.684
2137,24.222
2137.1,26.087
2137.2,27.545
2137.3,28.334
2137.4,28.52
2137.5,28.214
2137.6,27.416
2137.7,25.981
2137.8,24.231
2137.9,23.039
2138,23.171
2138.1,25.041
2138.2,28.225
2138.3,31.413
2138.4,33.475
2138.5,33.643
2138.6,32.658
2138.7,30.959
2138.8,28.938
2138.9,27.077
2139,25.906
2139.1,25.508
2139.2,25.065
2139.3,24.106
2139.4,23.084
2139.5,23.048
2139.6,24.365
2139.7,26.29
2139.8,27.478
2139.9,27.642
2140,27.229
2140.1,26.782
2140.2,26.196
2140.3,25.629
2140.4,25.15
2140.5,24.535
2140.6,23.797
2140.7,23.227
2140.8,23.123
2140.9,23.296
2141,23.171
2141.1,22.383
2141.2,21.721
2141.3,22.321
2141.4,24.339
2141.5,26.531
2141.6,28.015
2141.7,28.309
2141.8,28.003
2141.9,27.485
2142,26.837
2142.1,26.491
2142.2,26.718
2142.3,27.216
2142.4,27.559
2142.5,27.932
2142.6,28.733
2142.7,29.951
2142.8,30.949
2142.9,30.936
2143,29.815
2143.1,28.441
2143.2,27.09
2143.3,25.732
2143.4,24.588
2143.5,24.202
2143.6,25.037
2143.7,26.405
2143.8,27.5
2143.9,27.938
2144,28.255
2144.1,29.058
2144.2,30.371
2144.3,31.439
2144.4,31.495
2144.5,30.374
2144.6,28.892
2144.7,28.299
2144.8,28.911
2144.9,30.049
2145,30.914
2145.1,31.456
2145.2,31.636
2145.3,31.204
2145.4,29.871
2145.5,27.835
2145.6,26.188
2145.7,25.606
2145.8,25.943
2145.9,26.609
2146,27.464
2146.1,28.496
2146.2,29.395
2146.3,29.751
2146.4,29.619
2146.5,29.449
2146.6,29.453
2146.7,29.275
2146.8,28.766
2146.9,28.661
2147,29.178
2147.1,29.925
2147.2,30.059
2147.3,28.998
2147.4,26.995
2147.5,25.179
2147.6,24.337
2147.7,24.526
2147.8,25.382
2147.9,26.097
2148,26.075
2148.1,25.423
2148.2,24.868
2148.3,24.56
2148.4,24.382
2148.5,24.122
2148.6,24.018
2148.7,24.495
2148.8,25.168
2148.9,25.378
2149,24.786
2149.1,24.078
2149.2,24.215
2149.3,25.293
2149.4,26.723
2149.5,27.591
2149.6,27.75
2149.7,27.489
2149.8,27.573
2149.9,28.266
2150,28.964
2150.1,28.932
2150.2,27.99
2150.3,26.685
2150.4,26.172
2150.5,27.006
2150.6,28.663
2150.7,29.984
2150.8,30.71
2150.9,31.098
2151,31.684
2151.1,32.658
2151.2,33.705
2151.3,34.029
2151.4,33.354
2151.5,31.964
2151.6,30.193
2151.7,28.71
2151.8,28.018
2151.9,27.99
2152,28.136
2152.1,28.355
2152.2,28.836
2152.3,29.657
2152.4,30.303
2152.5,30.293
2152.6,29.574
2152.7,29.091
2152.8,29.294
2152.9,29.814
2153,29.933
2153.1,29.648
2153.2,29.833
2153.3,31.067
2153.4,32.716
2153.5,33.79
2153.6,33.969
2153.7,33.776
2153.8,33.603
2153.9,33.419
2154,32.778
2154.1,31.33
2154.2,29.203
2154.3,27.15
2154.4,25.848
2154.5,25.764
2154.6,26.359
2154.7,27.102
2154.8,28.015
2154.9,29.051
2155,29.782
2155.1,29.495
2155.2,27.854
2155.3,25.888
2155.4,24.823
2155.5,25.127
2155.6,25.838
2155.7,26.035
2155.8,25.159
2155.9,23.312
2156,20.812
2156.1,18.269
2156.2,16.357
2156.3,15.375
2156.4,15.121
2156.5,15.005
2156.6,14.739
2156.7,14.249
2156.8,13.774
2156.9,13.573
2157,13.824
2157.1,14.263
2157.2,14.263
2157.3,13.442
2157.4,12.016
2157.5,10.974
2157.6,10.963
2157.7,12.236
2157.8,14.056
2157.9,15.754
2158,16.919
2158.1,17.295
2158.2,16.848
2158.3,16.041
2158.4,15.661
2158.5,16.024
2158.6,16.714
2158.7,16.844
2158.8,16.137
2158.9,14.962
2159,14.169
2159.1,14.159
2159.2,14.69
2159.3,15.311
2159.4,15.645
2159.5,15.798
2159.6,15.955
2159.7,15.91
2159.8,15.435
2159.9,14.597
2160,13.948
2160.1,14.391
2160.2,16.407
2160.3,19.221
2160.4,21.24
2160.5,21.645
2160.6,20.537
2160.7,19.051
2160.8,17.766
2160.9,16.814
2161,15.772
2161.1,14.625
2161.2,13.731
2161.3,13.327
2161.4,13.364
2161.5,13.886
2161.6,14.64
2161.7,14.998
2161.8,14.547
2161.9,13.397
2162,12.26
2162.1,11.791
2162.2,12.338
2162.3,13.31
2162.4,14.213
2162.5,14.922
2162.6,15.272
2162.7,15.005
2162.8,13.955
2162.9,12.333
2163,10.724
2163.1,9.966
2163.2,10.411
2163.3,11.597
2163.4,12.873
2163.5,13.602
2163.6,13.736
2163.7,13.466
2163.8,13.011
2163.9,12.56
2164,12.115
2164.1,11.793
2164.2,11.593
2164.3,11.527
2164.4,11.723
2164.5,12.444
2164.6,13.81
2164.7,15.481
2164.8,16.865
2164.9,17.608
2165,17.646
2165.1,17.19
2165.2,16.524
2165.3,15.78
2165.4,15.045
2165.5,14.791
2165.6,15.49
2165.7,17.616
2165.8,20.623
2165.9,23.547
2166,25.211
2166.1,25.167
2166.2,23.97
2166.3,22.229
2166.4,20.292
2166.5,18.354
2166.6,16.966
2166.7,17.008
2166.8,18.248
2166.9,20.049
2167,21.438
2167.1,22.088
2167.2,22.173
2167.3,21.891
2167.4,21.441
2167.5,20.886
2167.6,20.556
2167.7,20.551
2167.8,20.632
2167.9,20.514
2168,19.985
2168.1,19.12
2168.2,18.053
2168.3,17.108
2168.4,16.397
2168.5,15.827
2168.6,15.678
2168.7,16.48
2168.8,18.923
2168.9,23.278
2169,27.851
2169.1,30.96
2169.2,31.339
2169.3,29.395
2169.4,26.281
2169.5,22.925
2169.6,20.041
2169.7,17.811
2169.8,16.467
2169.9,16.078
2170,16.394
2170.1,17.404
2170.2,18.896
2170.3,20.227
2170.4,21.114
2170.5,21.471
2170.6,21.581
2170.7,21.595
2170.8,21.334
2170.9,20.428
2171,19.014
2171.1,17.693
2171.2,17.049
2171.3,17.121
2171.4,17.334
2171.5,16.738
2171.6,15.322
2171.7,13.91
2171.8,13.733
2171.9,14.71
2172,16.245
2172.1,17.666
2172.2,18.967
2172.3,20.283
2172.4,21.491
2172.5,22.179
2172.6,22.167
2172.7,21.526
2172.8,20.434
2172.9,19.097
2173,17.88
2173.1,17.78
2173.2,19.072
2173.3,21.107
2173.4,22.566
2173.5,22.749
2173.6,21.824
2173.7,20.635
2173.8,19.898
2173.9,19.46
2174,18.806
2174.1,17.827
2174.2,16.895
2174.3,16.716
2174.4,17.662
2174.5,19.253
2174.6,20.858
2174.7,21.874
2174.8,22.347
2174.9,22.551
2175,22.647
2175.1,22.453
2175.2,21.874
2175.3,21.212
2175.4,20.682
2175.5,20.288
2175.6,19.953
2175.7,19.677
2175.8,19.713
2175.9,20.154
2176,20.68
2176.1,20.918
2176.2,20.916
2176.3,20.825
2176.4,20.28
2176.5,19.056
2176.6,17.549
2176.7,16.69
2176.8,17.108
2176.9,18.331
2177,18.96
2177.1,18.475
2177.2,17.521
2177.3,17.127
2177.4,17.413
2177.5,17.954
2177.6,18.349
2177.7,18.901
2177.8,19.993
2177.9,21.303
2178,22.167
2178.1,22.236
2178.2,21.664
2178.3,21.012
2178.4,20.466
2178.5,20.264
2178.6,20.3
2178.7,20.535
2178.8,21.307
2178.9,22.99
2179,25.593
2179.1,28.22
2179.2,29.366
2179.3,28.465
2179.4,26.067
2179.5,23.672
2179.6,22.11
2179.7,21.418
2179.8,21.315
2179.9,21.431
2180,21.509
2180.1,21.112
2180.2,19.917
2180.3,18.023
2180.4,15.966
2180.5,14.277
2180.6,13.297
2180.7,13.133
2180.8,13.566
2180.9,14.338
2181,15.426
2181.1,16.877
2181.2,18.265
2181.3,19.026
2181.4,18.505
2181.5,16.928
2181.6,15.041
2181.7,13.975
2181.8,14.104
2181.9,15.011
2182,15.958
2182.1,16.541
2182.2,16.976
2182.3,17.703
2182.4,18.63
2182.5,18.959
2182.6,18.231
2182.7,16.818
2182.8,15.847
2182.9,15.861
2183,16.719
2183.1,17.523
2183.2,17.831
2183.3,17.63
2183.4,17.074
2183.5,16.227
2183.6,15.161
2183.7,14.12
2183.8,13.439
2183.9,13.396
2184,14.149
2184.1,15.508
2184.2,17.135
2184.3,18.446
2184.4,19.138
2184.5,19.443
2184.6,19.865
2184.7,20.482
2184.8,20.926
2184.9,20.608
2185,19.683
2185.1,18.818
2185.2,18.534
2185.3,18.889
2185.4,19.732
2185.5,20.868
2185.6,21.693
2185.7,21.593
2185.8,20.496
2185.9,18.959
2186,17.762
2186.1,16.935
2186.2,15.925
2186.3,14.727
2186.4,13.95
2186.5,14.451
2186.6,15.924
2186.7,17.503
2186.8,18.457
2186.9,18.743
2187,18.734
2187.1,18.741
2187.2,19.054
2187.3,19.624
2187.4,20.336
2187.5,20.847
2187.6,20.832
2187.7,20.311
2187.8,19.669
2187.9,19.401
2188,19.611
2188.1,20.211
2188.2,20.782
2188.3,20.943
2188.4,20.527
2188.5,19.927
2188.6,19.755
2188.7,20.321
2188.8,21.293
2188.9,21.888
2189,21.72
2189.1,20.763
2189.2,19.598
2189.3,18.503
2189.4,17.629
2189.5,17.439
2189.6,18.523
2189.7,21.134
2189.8,23.825
2189.9,24.937
2190,23.688
2190.1,21.133
2190.2,19.062
2190.3,18.278
2190.4,18.537
2190.5,19.104
2190.6,19.434
2190.7,18.928
2190.8,17.536
2190.9,15.673
2191,14.403
2191.1,14.348
2191.2,15.104
2191.3,15.538
2191.4,15.111
2191.5,14.254
2191.6,13.663
2191.7,13.703
2191.8,14.312
2191.9,15.012
2192,15.185
2192.1,14.632
2192.2,13.519
2192.3,12.635
2192.4,12.722
2192.5,13.915
2192.6,15.484
2192.7,16.344
2192.8,16.166
2192.9,15.351
2193,14.947
2193.1,15.465
2193.2,16.588
2193.3,17.454
2193.4,17.837
2193.5,17.904
2193.6,17.948
2193.7,18.125
2193.8,18.424
2193.9,18.903
2194,19.588
2194.1,20.282
2194.2,20.33
2194.3,19.565
2194.4,18.498
2194.5,17.798
2194.6,17.516
2194.7,17.303
2194.8,16.852
2194.9,16.208
2195,15.637
2195.1,15.498
2195.2,16.214
2195.3,17.575
2195.4,19.023
2195.5,19.648
2195.6,19.158
2195.7,17.854
2195.8,16.627
2195.9,15.989
2196,15.813
2196.1,15.753
2196.2,15.835
2196.3,16.406
2196.4,17.6
2196.5,18.906
2196.6,19.507
2196.7,18.963
2196.8,17.622
2196.9,16.314
2197,15.556
2197.1,15.797
2197.2,16.967
2197.3,18.828
2197.4,20.63
2197.5,21.523
2197.6,21.265
2197.7,20.283
2197.8,19.427
2197.9,19.099
2198,19.343
2198.1,19.814
2198.2,19.944
2198.3,19.714
2198.4,19.622
2198.5,19.815
2198.6,20.134
2198.7,20.079
2198.8,19.385
2198.9,18.136
2199,16.635
2199.1,15.297
2199.2,14.398
2199.3,14.347
2199.4,15.035
2199.5,15.787
2199.6,15.93
2199.7,15.633
2199.8,15.547
2199.9,15.925
2200,16.488
2200.1,17.145
2200.2,18.134
2200.3,19.695
2200.4,21.575
2200.5,23.154
2200.6,23.583
2200.7,22.955
2200.8,21.748
2200.9,20.367
2201,18.899
2201.1,17.562
2201.2,16.969
2201.3,17.401
2201.4,18.524
2201.5,19.942
2201.6,21.175
2201.7,22.267
2201.8,23.522
2201.9,25.126
2202,26.703
2202.1,28.004
2202.2,28.47
2202.3,27.482
2202.4,24.877
2202.5,21.066
2202.6,17.366
2202.7,14.847
2202.8,14.005
2202.9,14.461
2203,15.572
2203.1,16.964
2203.2,18.109
2203.3,18.625
2203.4,18.598
2203.5,18.557
2203.6,18.889
2203.7,19.671
2203.8,20.897
2203.9,22.35
2204,23.96
2204.1,25.349
2204.2,25.795
2204.3,24.999
2204.4,23.615
2204.5,22.719
2204.6,22.334
2204.7,21.758
2204.8,19.956
2204.9,17.306
2205,15.05
2205.1,14.534
2205.2,15.491
2205.3,17.034
2205.4,18.03
2205.5,18.063
2205.6,17.333
2205.7,16.232
2205.8,15.109
2205.9,14.147
2206,13.537
2206.1,13.293
2206.2,13.328
2206.3,13.595
2206.4,13.762
2206.5,13.59
2206.6,12.987
2206.7,12.184
2206.8,11.714
2206.9,11.923
2207,12.765
2207.1,13.509
2207.2,14.025
2207.3,14.66
2207.4,15.396
2207.5,15.777
2207.6,15.342
2207.7,14.396
2207.8,13.695
2207.9,13.735
2208,14.519
2208.1,15.635
2208.2,17.055
2208.3,18.954
2208.4,20.778
2208.5,21.914
2208.6,21.891
2208.7,21.048
2208.8,19.718
2208.9,18.083
2209,16.647
2209.1,15.733
2209.2,15.256
2209.3,14.815
2209.4,14.086
2209.5,13.172
2209.6,12.205
2209.7,11.154
2209.8,9.971
2209.9,9.017
2210,8.953
2210.1,10.077
2210.2,11.816
2210.3,13.123
2210.4,13.701
2210.5,13.851
2210.6,13.985
2210.7,14.257
2210.8,14.836
2210.9,15.653
2211,16.502
2211.1,17.148
2211.2,17.231
2211.3,16.917
2211.4,16.394
2211.5,15.684
2211.6,14.8
2211.7,13.972
2211.8,13.722
2211.9,14.112
2212,14.877
2212.1,15.387
2212.2,15.241
2212.3,14.604
2212.4,13.913
2212.5,13.78
2212.6,14.371
2212.7,15.579
2212.8,17.108
2212.9,18.595
2213,19.719
2213.1,19.951
2213.2,19.178
2213.3,17.616
2213.4,16.325
2213.5,16.304
2213.6,17.443
2213.7,18.85
2213.8,19.554
2213.9,19.388
2214,18.965
2214.1,18.779
2214.2,18.395
2214.3,17.346
2214.4,15.751
2214.5,14.523
2214.6,14.085
2214.7,14.491
2214.8,15.031
2214.9,15.078
2215,14.558
2215.1,14.019
2215.2,13.925
2215.3,14.47
2215.4,15.274
2215.5,15.704
2215.6,15.34
2215.7,14.586
2215.8,13.93
2215.9,13.435
2216,13.166
2216.1,13.2
2216.2,13.625
2216.3,14.285
2216.4,14.746
2216.5,14.78
2216.6,14.545
2216.7,14.471
2216.8,14.717
2216.9,15.257
2217,15.988
2217.1,16.64
2217.2,16.871
2217.3,16.317
2217.4,15.135
2217.5,14.035
2217.6,13.896
2217.7,14.796
2217.8,16.335
2217.9,17.7
2218,18.235
2218.1,17.707
2218.2,16.348
2218.3,14.828
2218.4,13.637
2218.5,13.08
2218.6,12.967
2218.7,12.887
2218.8,12.688
2218.9,12.878
2219,13.77
2219.1,15.231
2219.2,16.694
2219.3,17.487
2219.4,17.3
2219.5,16.257
2219.6,15.339
2219.7,14.999
2219.8,15.21
2219.9,15.647
2220,15.805
2220.1,15.417
2220.2,14.854
2220.3,14.603
2220.4,14.852
2220.5,15.379
2220.6,15.835
2220.7,16.159
2220.8,16.51
2220.9,17.143
2221,17.868
2221.1,17.971
2221.2,17.197
2221.3,15.81
2221.4,14.418
2221.5,13.341
2221.6,12.65
2221.7,12.363
2221.8,12.251
2221.9,12.42
2222,13.262
2222.1,14.76
2222.2,16.36
2222.3,17.67
2222.4,18.292
2222.5,18.453
2222.6,18.581
2222.7,18.847
2222.8,18.882
2222.9,18.647
2223,18.553
2223.1,18.592
2223.2,18.465
2223.3,17.784
2223.4,16.444
2223.5,15.015
2223.6,14.313
2223.7,14.67
2223.8,15.472
2223.9,16.268
2224,17.036
2224.1,17.913
2224.2,18.734
2224.3,18.728
2224.4,17.571
2224.5,15.857
2224.6,14.741
2224.7,14.482
2224.8,14.354
2224.9,13.611
2225,12.625
2225.1,12.432
2225.2,13.517
2225.3,15.273
2225.4,16.657
2225.5,17.291
2225.6,17.357
2225.7,17.219
2225.8,17.107
2225.9,17.216
2226,17.496
2226.1,17.697
2226.2,17.538
2226.3,17.143
2226.4,16.802
2226.5,16.515
2226.6,15.872
2226.7,14.808
2226.8,14.159
2226.9,15.349
2227,18.267
2227.1,21.764
2227.2,23.97
2227.3,24.186
2227.4,22.869
2227.5,21.053
2227.6,19.601
2227.7,18.665
2227.8,18.083
2227.9,17.616
2228,17.109
2228.1,16.519
2228.2,15.798
2228.3,14.917
2228.4,14.1
2228.5,13.606
2228.6,13.495
2228.7,13.79
2228.8,14.362
2228.9,15.013
2229,15.564
2229.1,15.827
2229.2,16.089
2229.3,16.93
2229.4,18.486
2229.5,19.903
2229.6,20.405
2229.7,19.762
2229.8,18.728
2229.9,18.207
2230,18.447
2230.1,18.695
2230.2,18.306
2230.3,17.27
2230.4,15.861
2230.5,14.649
2230.6,13.974
2230.7,13.823
2230.8,13.657
2230.9,13.292
2231,12.89
2231.1,12.61
2231.2,12.429
2231.3,12.315
2231.4,12.396
2231.5,12.964
2231.6,14.23
2231.7,15.828
2231.8,17.195
2231.9,18.148
2232,18.528
2232.1,18.44
2232.2,17.862
2232.3,16.79
2232.4,15.618
2232.5,14.635
2232.6,14.029
2232.7,13.688
2232.8,13.622
2232.9,13.892
2233,14.287
2233.1,14.717
2233.2,15.118
2233.3,15.639
2233.4,16.463
2233.5,17.382
2233.6,18.089
2233.7,18.444
2233.8,18.666
2233.9,19.274
2234,20.221
2234.1,21.056
2234.2,21.032
2234.3,20.085
2234.4,18.594
2234.5,17.099
2234.6,16.057
2234.7,15.518
2234.8,15.576
2234.9,16.434
2235,17.721
2235.1,18.852
2235.2,19.102
2235.3,18.491
2235.4,17.33
2235.5,16.164
2235.6,15.414
2235.7,15.177
2235.8,15.414
2235.9,15.788
2236,15.906
2236.1,15.691
2236.2,15.514
2236.3,15.746
2236.4,16.328
2236.5,16.707
2236.6,16.669
2236.7,16.494
2236.8,16.555
2236.9,16.641
2237,16.387
2237.1,15.725
2237.2,15.207
2237.3,15.393
2237.4,16.384
2237.5,17.502
2237.6,18.133
2237.7,17.903
2237.8,17.128
2237.9,16.523
2238,16.583
2238.1,17.318
2238.2,18.179
2238.3,18.643
2238.4,18.264
2238.5,17.414
2238.6,16.45
2238.7,15.547
2238.8,14.789
2238.9,14.204
2239,14.022
2239.1,14.427
2239.2,15.284
2239.3,16.011
2239.4,16.154
2239.5,15.854
2239.6,15.445
2239.7,15.572
2239.8,16.503
2239.9,17.881
2240,18.988
2240.1,19.137
2240.2,18.201
2240.3,16.826
2240.4,16.09
2240.5,16.24
2240.6,16.581
2240.7,16.35
2240.8,15.48
2240.9,14.376
2241,13.609
2241.1,13.189
2241.2,13.013
2241.3,13.136
2241.4,13.717
2241.5,14.705
2241.6,15.639
2241.7,16.015
2241.8,15.872
2241.9,15.961
2242,17.091
2242.1,19.435
2242.2,22.61
2242.3,25.583
2242.4,27.675
2242.5,28.521
2242.6,28.774
2242.7,29.514
2242.8,31.007
2242.9,32.55
2243,33.114
2243.1,32.462
2243.2,31.206
2243.3,30.203
2243.4,29.488
2243.5,28.472
2243.6,27.16
2243.7,26.389
2243.8,27.115
2243.9,28.815
2244,30.086
2244.1,30.189
2244.2,29.749
2244.3,29.775
2244.4,30.838
2244.5,32.371
2244.6,32.779
2244.7,31.36
2244.8,28.377
2244.9,25.314
2245,23.073
2245.1,22.548
2245.2,23.387
2245.3,24.816
2245.4,26.229
2245.5,26.989
2245.6,26.633
2245.7,25.271
2245.8,24.103
2245.9,24.126
2246,25.459
2246.1,27.46
2246.2,29.073
2246.3,29.809
2246.4,29.418
2246.5,28.176
2246.6,26.415
2246.7,25.334
2246.8,26.104
2246.9,28.337
2247,30.404
2247.1,31.055
2247.2,30.366
2247.3,29.555
2247.4,29.809
2247.5,30.712
2247.6,31.135
2247.7,30.521
2247.8,29.375
2247.9,28.167
2248,27.337
2248.1,26.908
2248.2,26.615
2248.3,26.429
2248.4,26.185
2248.5,25.475
2248.6,23.933
2248.7,21.976
2248.8,20.213
2248.9,19.143
2249,18.783
2249.1,18.787
2249.2,19.266
2249.3,20.671
2249.4,22.595
2249.5,24.302
2249.6,24.834
2249.7,24.022
2249.8,22.082
2249.9,19.765
2250,18.072
2250.1,17.441
2250.2,18.238
2250.3,20.235
2250.4,22.532
2250.5,24.366
2250.6,25.486
2250.7,25.971
2250.8,25.973
2250.9,26.03
2251,26.452
2251.1,26.824
2251.2,26.492
2251.3,25.359
2251.4,23.389
2251.5,20.78
2251.6,18.203
2251.7,15.954
2251.8,14.194
2251.9,13.195
2252,13.084
2252.1,13.917
2252.2,15.481
2252.3,17.233
2252.4,18.479
2252.5,18.616
2252.6,17.841
2252.7,16.337
2252.8,14.438
2252.9,12.609
2253,11.303
2253.1,10.892
2253.2,11.143
2253.3,11.72
2253.4,12.242
2253.5,12.528
2253.6,12.65
2253.7,12.729
2253.8,13.024
2253.9,13.936
2254,15.497
2254.1,16.697
2254.2,16.799
2254.3,16.068
2254.4,15.545
2254.5,16.01
2254.6,17.55
2254.7,19.411
2254.8,20.805
2254.9,21.725
2255,22.32
2255.1,22.38
2255.2,21.519
2255.3,19.783
2255.4,18.018
2255.5,17.183
2255.6,17.62
2255.7,18.682
2255.8,19.234
2255.9,18.919
2256,18.305
2256.1,18.209
2256.2,18.892
2256.3,20.578
2256.4,22.978
2256.5,25.355
2256.6,26.648
2256.7,26.122
2256.8,24.09
2256.9,21.588
2257,19.796
2257.1,18.865
2257.2,18.603
2257.3,19.016
2257.4,20.03
2257.5,21.456
2257.6,22.567
2257.7,22.847
2257.8,22.312
2257.9,21.402
2258,20.515
2258.1,19.544
2258.2,18.485
2258.3,17.796
2258.4,18.045
2258.5,19.379
2258.6,21.224
2258.7,22.939
2258.8,24.209
2258.9,24.995
2259,25.213
2259.1,24.531
2259.2,22.718
2259.3,20.525
2259.4,18.85
2259.5,18.397
2259.6,18.956
2259.7,19.981
2259.8,20.839
2259.9,21.308
2260,21.633
2260.1,22.07
2260.2,22.494
2260.3,22.36
2260.4,21.504
2260.5,20.67
2260.6,20.62
2260.7,21.488
2260.8,22.583
2260.9,23.115
2261,22.949
2261.1,22.214
2261.2,21.157
2261.3,19.828
2261.4,18.488
2261.5,17.726
2261.6,17.644
2261.7,17.904
2261.8,17.923
2261.9,17.674
2262,17.303
2262.1,16.881
2262.2,16.409
2262.3,15.924
2262.4,15.809
2262.5,16.482
2262.6,17.944
2262.7,19.431
2262.8,20.051
2262.9,19.926
2263,19.649
2263.1,19.926
2263.2,20.943
2263.3,22.393
2263.4,23.683
2263.5,24.257
2263.6,24.009
2263.7,22.94
2263.8,21.523
2263.9,20.228
2264,19.363
2264.1,19.055
2264.2,19.334
2264.3,20.173
2264.4,21.315
2264.5,22.671
2264.6,24.201
2264.7,25.399
2264.8,25.68
2264.9,24.637
2265,22.499
2265.1,20.451
2265.2,19.327
2265.3,19.455
2265.4,20.379
2265.5,21.521
2265.6,22.162
2265.7,22.164
2265.8,21.842
2265.9,21.873
2266,22.706
2266.1,24.158
2266.2,25.338
2266.3,25.328
2266.4,24.054
2266.5,21.948
2266.6,20.185
2266.7,19.793
2266.8,21.194
2266.9,24.198
2267,27.325
2267.1,29.19
2267.2,28.695
2267.3,26.605
2267.4,24.296
2267.5,23.163
2267.6,23.243
2267.7,23.806
2267.8,23.92
2267.9,23.19
2268,21.98
2268.1,20.863
2268.2,20.427
2268.3,20.908
2268.4,22.291
2268.5,23.824
2268.6,24.544
2268.7,24.247
2268.8,23.442
2268.9,22.89
2269,22.772
2269.1,22.723
2269.2,22.247
2269.3,21.488
2269.4,20.93
2269.5,20.961
2269.6,21.54
2269.7,22.608
2269.8,24.045
2269.9,25.267
2270,25.515
2270.1,24.278
2270.2,22.272
2270.3,20.505
2270.4,20.458
2270.5,21.94
2270.6,23.818
2270.7,25.014
2270.8,25.384
2270.9,25.498
2271,26.008
2271.1,26.984
2271.2,27.615
2271.3,27.276
2271.4,26.37
2271.5,25.653
2271.6,25.139
2271.7,24.323
2271.8,22.825
2271.9,20.906
2272,19.766
2272.1,20.302
2272.2,22.006
2272.3,23.384
2272.4,23.539
2272.5,22.832
2272.6,22.253
2272.7,22.778
2272.8,24.439
2272.9,26.469
2273,27.861
2273.1,28.147
2273.2,27.033
2273.3,24.894
2273.4,22.871
2273.5,21.481
2273.6,20.887
2273.7,20.762
2273.8,20.844
2273.9,20.944
2274,20.938
2274.1,20.956
2274.2,21.567
2274.3,23.244
2274.4,25.354
2274.5,26.562
2274.6,26.047
2274.7,24.678
2274.8,23.681
2274.9,23.852
2275,24.322
2275.1,24.239
2275.2,23.411
2275.3,22.847
2275.4,23.094
2275.5,23.634
2275.6,23.421
2275.7,22.38
2275.8,21.606
2275.9,22.239
2276,24.049
2276.1,25.73
2276.2,25.79
2276.3,24.575
2276.4,23.25
2276.5,23.224
2276.6,24.314
2276.7,25.812
2276.8,26.771
2276.9,26.897
2277,26.468
2277.1,25.855
2277.2,25.542
2277.3,25.714
2277.4,26.578
2277.5,27.845
2277.6,28.727
2277.7,28.635
2277.8,27.722
2277.9,26.751
2278,25.874
2278.1,24.662
2278.2,23.083
2278.3,21.658
2278.4,21.556
2278.5,22.942
2278.6,25.098
2278.7,26.959
2278.8,28.011
2278.9,28.344
2279,28.087
2279.1,27.393
2279.2,26.415
2279.3,25.355
2279.4,24.468
2279.5,23.788
2279.6,23.669
2279.7,24.591
2279.8,26.077
2279.9,27.592
2280,28.505
2280.1,28.415
2280.2,27.291
2280.3,25.283
2280.4,23.012
2280.5,21.144
2280.6,20.523
2280.7,21.326
2280.8,22.868
2280.9,24.718
2281,26.318
2281.1,27.368
2281.2,27.878
2281.3,27.674
2281.4,26.622
2281.5,24.603
2281.6,22.275
2281.7,20.661
2281.8,20.513
2281.9,21.978
2282,23.87
2282.1,25.188
2282.2,25.583
2282.3,25.481
2282.4,25.424
2282.5,25.712
2282.6,26.623
2282.7,27.732
2282.8,28.409
2282.9,27.854
2283,26.207
2283.1,23.974
2283.2,22.076
2283.3,21.363
2283.4,22.101
2283.5,24.038
2283.6,26.142
2283.7,27.426
2283.8,27.423
2283.9,26.527
2284,25.421
2284.1,24.408
2284.2,23.573
2284.3,22.953
2284.4,23.178
2284.5,24.923
2284.6,27.067
2284.7,28.434
2284.8,28.143
2284.9,26.944
2285,25.864
2285.1,25.742
2285.2,26.318
2285.3,26.602
2285.4,26.18
2285.5,25.327
2285.6,24.562
2285.7,24.166
2285.8,24.238
2285.9,24.499
2286,24.655
2286.1,24.674
2286.2,24.803
2286.3,24.983
2286.4,24.827
2286.5,24.476
2286.6,24.31
2286.7,24.871
2286.8,26.195
2286.9,27.533
2287,28.283
2287.1,28.655
2287.2,29.374
2287.3,30.66
2287.4,31.588
2287.5,31.242
2287.6,29.66
2287.7,27.709
2287.8,26.132
2287.9,24.708
2288,23.025
2288.1,21.329
2288.2,20.254
2288.3,20.624
2288.4,22.14
2288.5,24.002
2288.6,25.587
2288.7,26.158
2288.8,25.566
2288.9,23.929
2289,21.961
2289.1,20.891
2289.2,21.245
2289.3,22.562
2289.4,23.525
2289.5,23.856
2289.6,24.308
2289.7,25.372
2289.8,26.599
2289.9,26.836
2290,25.353
2290.1,22.779
2290.2,20.446
2290.3,19.757
2290.4,20.673
2290.5,22.57
2290.6,24.458
2290.7,25.531
2290.8,25.541
2290.9,25.003
2291,24.626
2291.1,24.699
2291.2,25.492
2291.3,26.616
2291.4,27.613
2291.5,28.229
2291.6,28.774
2291.7,29.717
2291.8,31.177
2291.9,32.79
2292,33.807
2292.1,33.692
2292.2,31.999
2292.3,29.455
2292.4,27.182
2292.5,26.466
2292.6,26.91
2292.7,27.407
2292.8,26.613
2292.9,24.675
2293,22.9
2293.1,22.693
2293.2,24.053
2293.3,26.005
2293.4,27.793
2293.5,28.966
2293.6,29.533
2293.7,29.551
2293.8,29.173
2293.9,28.596
2294,27.828
2294.1,26.663
2294.2,25.074
2294.3,23.435
2294.4,22.524
2294.5,22.382
2294.6,22.514
2294.7,22.498
2294.8,22.691
2294.9,23.638
2295,25.485
2295.1,27.289
2295.2,27.85
2295.3,26.547
2295.4,23.939
2295.5,21.749
2295.6,21.157
2295.7,22.738
2295.8,25.573
2295.9,28.583
2296,30.743
2296.1,31.667
2296.2,31.294
2296.3,29.612
2296.4,27.127
2296.5,24.932
2296.6,23.995
2296.7,24.57
2296.8,26
2296.9,27.35
2297,27.822
2297.1,27.677
2297.2,27.281
2297.3,26.656
2297.4,25.851
2297.5,25.278
2297.6,25.645
2297.7,26.93
2297.8,28.337
2297.9,28.706
2298,27.924
2298.1,27.046
2298.2,27.266
2298.3,28.917
2298.4,31.086
2298.5,32.842
2298.6,33.162
2298.7,31.978
2298.8,29.536
2298.9,26.61
2299,23.871
2299.1,21.396
2299.2,19.365
2299.3,17.977
2299.4,17.799
2299.5,19.763
2299.6,23.37
2299.7,26.87
2299.8,28.4
2299.9,27.146
2300,24.452
2300.1,21.889
2300.2,20.8
2300.3,20.918
2300.4,21.732
2300.5,22.722
2300.6,23.356
2300.7,23.274
2300.8,22.543
2300.9,22.017
2301,22.255
2301.1,23.22
2301.2,24.208
2301.3,24.826
2301.4,25.002
2301.5,25.044
2301.6,25.28
2301.7,25.636
2301.8,25.904
2301.9,25.838
2302,25.428
2302.1,24.955
2302.2,24.743
2302.3,24.657
2302.4,24.096
2302.5,22.902
2302.6,21.586
2302.7,20.953
2302.8,21.4
2302.9,22.485
2303,23.676
2303.1,24.825
2303.2,26.026
2303.3,27.133
2303.4,27.816
2303.5,28.086
2303.6,28.166
2303.7,28.24
2303.8,28.22
2303.9,27.737
2304,26.608
2304.1,25.312
2304.2,24.201
2304.3,23.427
2304.4,23.066
2304.5,23.288
2304.6,24.351
2304.7,26.038
2304.8,27.582
2304.9,28.282
2305,27.667
2305.1,26.51
2305.2,25.491
2305.3,25.218
2305.4,25.806
2305.5,26.982
2305.6,28.01
2305.7,27.93
2305.8,26.449
2305.9,23.933
2306,21.587
2306.1,20.451
2306.2,20.725
2306.3,21.753
2306.4,22.561
2306.5,22.826
2306.6,22.911
2306.7,23.481
2306.8,24.805
2306.9,26.791
2307,29.058
2307.1,31.224
2307.2,32.802
2307.3,33.532
2307.4,33.331
2307.5,32.375
2307.6,30.962
2307.7,29.43
2307.8,28.162
2307.9,27.644
2308,28.026
2308.1,29.107
2308.2,30.101
2308.3,30.136
2308.4,28.915
2308.5,27.036
2308.6,25.88
2308.7,26.05
2308.8,26.971
2308.9,27.104
2309,25.922
2309.1,24.092
2309.2,23.057
2309.3,23.594
2309.4,25.336
2309.5,27.132
2309.6,27.893
2309.7,27.299
2309.8,25.726
2309.9,24.159
2310,22.992
2310.1,21.979
2310.2,20.939
2310.3,19.923
2310.4,19.256
2310.5,19.343
2310.6,20.012
2310.7,20.864
2310.8,21.537
2310.9,22.044
2311,22.382
2311.1,22.631
2311.2,22.95
2311.3,23.672
2311.4,25.518
2311.5,28.07
2311.6,30.185
2311.7,30.193
2311.8,28.279
2311.9,25.619
2312,23.836
2312.1,23.674
2312.2,24.491
2312.3,25.27
2312.4,25.068
2312.5,24.049
2312.6,22.867
2312.7,22.283
2312.8,22.473
2312.9,23.186
2313,24.013
2313.1,24.687
2313.2,25.094
2313.3,25.029
2313.4,24.786
2313.5,24.934
2313.6,25.547
2313.7,25.976
2313.8,25.915
2313.9,25.569
2314,25.395
2314.1,25.392
2314.2,25.105
2314.3,24.116
2314.4,22.99
2314.5,22.585
2314.6,23.156
2314.7,23.807
2314.8,23.999
2314.9,23.485
2315,22.368
2315.1,20.908
2315.2,19.488
2315.3,18.644
2315.4,18.838
2315.5,19.993
2315.6,21.261
2315.7,21.771
2315.8,21.395
2315.9,20.655
2316,19.958
2316.1,19.381
2316.2,18.691
2316.3,17.819
2316.4,16.759
2316.5,15.453
2316.6,14.321
2316.7,13.799
2316.8,14.355
2316.9,16.112
2317,18.45
2317.1,20.34
2317.2,20.982
2317.3,20.674
2317.4,19.99
2317.5,19.421
2317.6,19.262
2317.7,19.292
2317.8,19.08
2317.9,18.879
2318,19.046
2318.1,19.565
2318.2,20.027
2318.3,20.327
2318.4,20.339
2318.5,20.235
2318.6,20.52
2318.7,21.24
2318.8,21.808
2318.9,21.642
2319,20.666
2319.1,19.529
2319.2,19.06
2319.3,19.533
2319.4,20.225
2319.5,20.159
2319.6,19.242
2319.7,18.053
2319.8,17.435
2319.9,17.668
2320,18.711
2320.1,20.224
2320.2,21.505
2320.3,21.79
2320.4,20.96
2320.5,19.726
2320.6,18.641
2320.7,17.835
2320.8,16.98
2320.9,15.91
2321,15.073
2321.1,15.05
2321.2,15.861
2321.3,16.926
2321.4,17.783
2321.5,18.39
2321.6,18.878
2321.7,19.375
2321.8,19.738
2321.9,19.771
2322,19.677
2322.1,20.025
2322.2,21.298
2322.3,23.094
2322.4,24.17
2322.5,23.782
2322.6,21.969
2322.7,20.115
2322.8,19.285
2322.9,20.18
2323,22.101
2323.1,24.145
2323.2,25.324
2323.3,25.062
2323.4,23.598
2323.5,21.547
2323.6,19.668
2323.7,18.32
2323.8,17.904
2323.9,18.897
2324,20.967
2324.1,23.396
2324.2,24.778
2324.3,24.508
2324.4,22.964
2324.5,21.382
2324.6,20.675
2324.7,20.702
2324.8,20.854
2324.9,20.681
2325,20.223
2325.1,19.882
2325.2,19.823
2325.3,19.78
2325.4,19.776
2325.5,20.279
2325.6,21.455
2325.7,23.073
2325.8,24.539
2325.9,25.377
2326,25.564
2326.1,25.195
2326.2,24.336
2326.3,23.077
2326.4,21.833
2326.5,21.183
2326.6,21.022
2326.7,20.956
2326.8,20.498
2326.9,19.663
2327,18.941
2327.1,18.671
2327.2,18.663
2327.3,18.771
2327.4,19.258
2327.5,20.416
2327.6,22.15
2327.7,23.717
2327.8,24.175
2327.9,23.413
2328,22.444
2328.1,22.353
2328.2,22.96
2328.3,23.56
2328.4,23.511
2328.5,23.035
2328.6,22.493
2328.7,22.051
2328.8,21.54
2328.9,20.916
2329,20.625
2329.1,20.572
2329.2,20.263
2329.3,19.515
2329.4,18.957
2329.5,19.171
2329.6,20.363
2329.7,22.046
2329.8,23.322
2329.9,23.618
2330,23.23
2330.1,22.882
2330.2,22.825
2330.3,23.212
2330.4,23.834
2330.5,24.181
2330.6,23.562
2330.7,22.377
2330.8,21.399
2330.9,21.491
2331,22.608
2331.1,24.049
2331.2,24.955
2331.3,25.081
2331.4,24.647
2331.5,23.648
2331.6,22.04
2331.7,20.422
2331.8,19.714
2331.9,20.612
2332,22.497
2332.1,24.474
2332.2,25.573
2332.3,25.66
2332.4,25.083
2332.5,24.536
2332.6,24.401
2332.7,24.614
2332.8,24.993
2332.9,25.156
2333,24.884
2333.1,24.059
2333.2,22.869
2333.3,21.722
2333.4,21.032
2333.5,20.926
2333.6,20.897
2333.7,20.695
2333.8,20.363
2333.9,20.707
2334,22.543
2334.1,25.805
2334.2,28.951
2334.3,30.678
2334.4,30.254
2334.5,28.262
2334.6,25.93
2334.7,24.154
2334.8,23.045
2334.9,22.455
2335,22.366
2335.1,22.568
2335.2,22.83
2335.3,23.046
2335.4,23.187
2335.5,23.23
2335.6,23.169
2335.7,23.099
2335.8,23.124
2335.9,23.24
2336,23.204
2336.1,22.714
2336.2,21.788
2336.3,20.943
2336.4,21.133
2336.5,22.388
2336.6,23.896
2336.7,24.138
2336.8,22.944
2336.9,21.225
2337,20.747
2337.1,22.003
2337.2,24.096
2337.3,25.252
2337.4,24.864
2337.5,23.683
2337.6,22.655
2337.7,22.151
2337.8,21.851
2337.9,21.393
2338,21.012
2338.1,21.185
2338.2,21.858
2338.3,22.417
2338.4,22.601
2338.5,22.829
2338.6,23.645
2338.7,24.962
2338.8,26.492
2338.9,27.77
2339,28.642
2339.1,29.141
2339.2,29.081
2339.3,28.356
2339.4,27.343
2339.5,26.844
2339.6,27.356
2339.7,28.433
2339.8,29.528
2339.9,29.811
2340,29.541
2340.1,29.197
2340.2,29.019
2340.3,28.803
2340.4,28.193
2340.5,27.343
2340.6,26.924
2340.7,27.419
2340.8,28.552
2340.9,29.573
2341,30.029
2341.1,29.752
2341.2,29.155
2341.3,28.543
2341.4,28.013
2341.5,27.648
2341.6,27.552
2341.7,27.751
2341.8,27.92
2341.9,28.128
2342,28.506
2342.1,29.333
2342.2,30.97
2342.3,33.023
2342.4,34.609
2342.5,34.914
2342.6,33.892
2342.7,31.862
2342.8,29.844
2342.9,29
2343,29.344
2343.1,29.909
2343.2,29.511
2343.3,27.763
2343.4,25.54
2343.5,24.614
2343.6,25.907
2343.7,29.047
2343.8,32.373
2343.9,34.526
2344,34.669
2344.1,33.508
2344.2,32.293
2344.3,31.62
2344.4,31.174
2344.5,30.606
2344.6,30.189
2344.7,30.393
2344.8,31.249
2344.9,32.712
2345,34.461
2345.1,35.935
2345.2,36.884
2345.3,37.23
2345.4,37.243
2345.5,37.329
2345.6,37.058
2345.7,35.258
2345.8,32.12
2345.9,29.172
2346,27.929
2346.1,27.959
2346.2,28.206
2346.3,27.673
2346.4,26.79
2346.5,26.542
2346.6,27.783
2346.7,29.899
2346.8,32.029
2346.9,33.293
2347,33.656
2347.1,33.604
2347.2,33.353
2347.3,32.807
2347.4,31.735
2347.5,30.083
2347.6,28.626
2347.7,27.87
2347.8,27.847
2347.9,28.725
2348,30.277
2348.1,32.276
2348.2,34.183
2348.3,35.201
2348.4,34.697
2348.5,32.756
2348.6,30.732
2348.7,29.626
2348.8,29.79
2348.9,30.31
2349,30.061
2349.1,29.146
2349.2,28.854
2349.3,29.757
2349.4,31.284
2349.5,32.289
2349.6,32.229
2349.7,31.522
2349.8,31.083
2349.9,30.962
2350,30.552
2350.1,29.408
2350.2,27.974
2350.3,27.029
2350.4,27.333
2350.5,28.724
2350.6,29.999
2350.7,30.351
2350.8,29.952
2350.9,29.616
2351,29.799
2351.1,30.318
2351.2,30.548
2351.3,30.3
2351.4,29.813
2351.5,29.277
2351.6,28.391
2351.7,27.249
2351.8,26.597
2351.9,26.694
2352,27.639
2352.1,29.295
2352.2,31.258
2352.3,33.048
2352.4,34.301
2352.5,35.04
2352.6,35.047
2352.7,34.137
2352.8,32.764
2352.9,30.979
2353,29.179
2353.1,27.907
2353.2,27.322
2353.3,27.366
2353.4,28.117
2353.5,29.564
2353.6,31.29
2353.7,32.464
2353.8,32.635
2353.9,31.708
2354,30.223
2354.1,29.473
2354.2,30.09
2354.3,31.946
2354.4,33.499
2354.5,33.855
2354.6,32.867
2354.7,31.311
2354.8,29.827
2354.9,28.842
2355,28.466
2355.1,28.697
2355.2,29.376
2355.3,29.837
2355.4,29.747
2355.5,29.645
2355.6,30.411
2355.7,31.933
2355.8,33.522
2355.9,34.214
2356,34.004
2356.1,33.454
2356.2,32.831
2356.3,32.047
2356.4,31.325
2356.5,31.248
2356.6,31.891
2356.7,32.5
2356.8,31.98
2356.9,30.065
2357,28.115
2357.1,27.134
2357.2,27.237
2357.3,27.932
2357.4,29.216
2357.5,31.241
2357.6,33.444
2357.7,35.172
2357.8,35.733
2357.9,35.644
2358,35.313
2358.1,34.41
2358.2,32.679
2358.3,30.493
2358.4,28.691
2358.5,27.782
2358.6,27.717
2358.7,28.217
2358.8,29.083
2358.9,30.048
2359,30.617
2359.1,30.319
2359.2,29.646
2359.3,28.971
2359.4,28.348
2359.5,27.842
2359.6,27.667
2359.7,27.823
2359.8,28.085
2359.9,28.264
2360,28.408
2360.1,29.106
2360.2,30.43
2360.3,31.771
2360.4,32.474
2360.5,32.729
2360.6,32.985
2360.7,33.547
2360.8,33.927
2360.9,33.437
2361,31.576
2361.1,29.182
2361.2,27.117
2361.3,26.226
2361.4,26.63
2361.5,27.584
2361.6,28.218
2361.7,28.367
2361.8,28.518
2361.9,28.896
2362,29.208
2362.1,29
2362.2,28.147
2362.3,27.156
2362.4,27.18
2362.5,28.749
2362.6,31.168
2362.7,33.063
2362.8,33.4
2362.9,31.82
2363,29.417
2363.1,27.453
2363.2,26.621
2363.3,26.895
2363.4,27.842
2363.5,29.101
2363.6,30.5
2363.7,32.281
2363.8,34.342
2363.9,35.979
2364,36.54
2364.1,35.726
2364.2,33.936
2364.3,32.144
2364.4,30.5
2364.5,28.805
2364.6,27.413
2364.7,26.843
2364.8,27.242
2364.9,28.005
2365,28.132
2365.1,27.409
2365.2,26.904
2365.3,27.525
2365.4,29.136
2365.5,30.458
2365.6,30.512
2365.7,29.298
2365.8,28.151
2365.9,28.504
2366,30.297
2366.1,32.555
2366.2,34.284
2366.3,35.189
2366.4,34.998
2366.5,33.988
2366.6,32.91
2366.7,32.298
2366.8,32.478
2366.9,32.981
2367,33.118
2367.1,32.699
2367.2,32.838
2367.3,33.827
2367.4,34.808
2367.5,35.124
2367.6,34.631
2367.7,33.469
2367.8,32.114
2367.9,30.911
2368,29.878
2368.1,28.909
2368.2,27.828
2368.3,26.307
2368.4,24.406
2368.5,22.94
2368.6,22.69
2368.7,23.99
2368.8,25.73
2368.9,27.15
2369,28.042
2369.1,28.575
2369.2,28.823
2369.3,28.625
2369.4,28.109
2369.5,27.767
2369.6,27.903
2369.7,28.648
2369.8,29.793
2369.9,31.111
2370,32.217
2370.1,32.705
2370.2,32.51
2370.3,32.182
2370.4,32.523
2370.5,33.482
2370.6,34.015
2370.7,33.308
2370.8,31.615
2370.9,29.658
2371,28.03
2371.1,27.043
2371.2,27.211
2371.3,28.991
2371.4,31.754
2371.5,34.176
2371.6,34.459
2371.7,32.787
2371.8,30.605
2371.9,29.73
2372,30.004
2372.1,30.627
2372.2,30.959
2372.3,31.27
2372.4,31.926
2372.5,32.739
2372.6,33.352
2372.7,33.686
2372.8,33.778
2372.9,33.554
2373,32.918
2373.1,31.996
2373.2,31.194
2373.3,30.647
2373.4,30.083
2373.5,29.38
2373.6,29.469
2373.7,31.154
2373.8,34.158
2373.9,36.809
2374,37.69
2374.1,36.434
2374.2,34.333
2374.3,32.637
2374.4,31.713
2374.5,31.33
2374.6,31.399
2374.7,32.044
2374.8,32.8
2374.9,32.974
2375,32.145
2375.1,30.62
2375.2,29.645
2375.3,29.84
2375.4,31.282
2375.5,33.138
2375.6,34.562
2375.7,34.916
2375.8,34.339
2375.9,33.55
2376,32.853
2376.1,32.088
2376.2,31.119
2376.3,30.047
2376.4,29.279
2376.5,28.997
2376.6,29.153
2376.7,29.433
2376.8,29.603
2376.9,29.823
2377,30.322
2377.1,31.236
2377.2,32.598
2377.3,34.058
2377.4,34.81
2377.5,34.388
2377.6,33.294
2377.7,32.656
2377.8,32.963
2377.9,33.812
2378,34.038
2378.1,33.205
2378.2,31.527
2378.3,29.844
2378.4,28.845
2378.5,28.219
2378.6,27.251
2378.7,25.746
2378.8,24.218
2378.9,23.725
2379,25.022
2379.1,27.48
2379.2,29.826
2379.3,31.305
2379.4,32.391
2379.5,33.396
2379.6,34.296
2379.7,34.845
2379.8,34.75
2379.9,34.033
2380,33.289
2380.1,32.711
2380.2,32.527
2380.3,32.786
2380.4,33.2
2380.5,33.18
2380.6,32.357
2380.7,30.974
2380.8,29.362
2380.9,28.175
2381,28.019
2381.1,28.802
2381.2,29.79
2381.3,30.213
2381.4,30.184
2381.5,30.403
2381.6,31.238
2381.7,32.162
2381.8,31.891
2381.9,30.02
2382,27.421
2382.1,25.572
2382.2,25.561
2382.3,26.96
2382.4,28.618
2382.5,29.29
2382.6,29.332
2382.7,29.616
2382.8,30.829
2382.9,32.53
2383,33.859
2383.1,34.096
2383.2,33.279
2383.3,31.608
2383.4,29.386
2383.5,27.584
2383.6,27.087
2383.7,27.999
2383.8,29.503
2383.9,30.681
2384,31.036
2384.1,30.51
2384.2,29.398
2384.3,28.177
2384.4,27.456
2384.5,27.219
2384.6,27.127
2384.7,26.917
2384.8,26.888
2384.9,27.4
2385,28.424
2385.1,29.281
2385.2,29.668
2385.3,29.8
2385.4,29.924
2385.5,29.914
2385.6,29.657
2385.7,29.399
2385.8,29.869
2385.9,31.455
2386,33.224
2386.1,33.87
2386.2,32.901
2386.3,30.492
2386.4,27.995
2386.5,26.67
2386.6,27.388
2386.7,29.576
2386.8,32.1
2386.9,33.444
2387,32.744
2387.1,30.657
2387.2,28.322
2387.3,26.593
2387.4,25.35
2387.5,24.552
2387.6,24.645
2387.7,25.745
2387.8,27.457
2387.9,28.7
2388,28.821
2388.1,28.001
2388.2,26.975
2388.3,26.444
2388.4,26.641
2388.5,27.436
2388.6,28.119
2388.7,27.904
2388.8,26.564
2388.9,24.843
2389,23.889
2389.1,24.213
2389.2,25.556
2389.3,27.071
2389.4,28.328
2389.5,28.92
2389.6,28.759
2389.7,27.899
2389.8,26.948
2389.9,26.735
2390,27.37
2390.1,28.094
2390.2,28.143
2390.3,27.88
2390.4,27.972
2390.5,29.171
2390.6,31.263
2390.7,33.13
2390.8,33.322
2390.9,32.084
2391,30.183
2391.1,28.535
2391.2,27.866
2391.3,28.386
2391.4,29.596
2391.5,30.637
2391.6,30.87
2391.7,29.973
2391.8,28.515
2391.9,27.382
2392,27.091
2392.1,27.806
2392.2,29.197
2392.3,30.974
2392.4,32.869
2392.5,34.489
2392.6,35.413
2392.7,35.119
2392.8,34.069
2392.9,32.836
2393,31.986
2393.1,31.388
2393.2,30.704
2393.3,29.81
2393.4,29.291
2393.5,29.628
2393.6,30.456
2393.7,30.958
2393.8,30.793
2393.9,30.46
2394,30.687
2394.1,31.164
2394.2,31.285
2394.3,30.5
2394.4,29.343
2394.5,28.542
2394.6,28.773
2394.7,29.511
2394.8,29.795
2394.9,29.276
2395,28.07
2395.1,26.597
2395.2,25.415
2395.3,24.887
2395.4,24.761
2395.5,24.735
2395.6,24.65
2395.7,24.574
2395.8,24.862
2395.9,25.888
2396,27.459
2396.1,29.411
2396.2,31.569
2396.3,33.371
2396.4,34.378
2396.5,34.206
2396.6,32.759
2396.7,30.552
2396.8,28.086
2396.9,25.706
2397,23.635
2397.1,22.137
2397.2,21.968
2397.3,23.407
2397.4,25.98
2397.5,28.004
2397.6,28.229
2397.7,27.048
2397.8,25.722
2397.9,25.033
2398,24.544
2398.1,23.397
2398.2,21.941
2398.3,21.282
2398.4,21.59
2398.5,22.092
2398.6,22.168
2398.7,21.829
2398.8,21.196
2398.9,20.539
2399,20.047
2399.1,20.342
2399.2,22.117
2399.3,25.353
2399.4,29.123
2399.5,32.108
2399.6,33.934
2399.7,34.564
2399.8,34.316
2399.9,33.563
2400,32.266
2400.1,30.572
2400.2,29.229
2400.3,29.061
2400.4,30.509
2400.5,32.327
2400.6,33.261
2400.7,32.265
2400.8,29.763
2400.9,26.877
2401,24.782
2401.1,23.622
2401.2,22.903
2401.3,22.307
2401.4,21.927
2401.5,22.002
2401.6,22.692
2401.7,23.637
2401.8,24.088
2401.9,23.887
2402,23.42
2402.1,23.198
2402.2,23.361
2402.3,23.576
2402.4,23.267
2402.5,22.275
2402.6,21.19
2402.7,20.766
2402.8,21.189
2402.9,22.1
2403,23.036
2403.1,24.062
2403.2,25.575
2403.3,27.611
2403.4,29.355
2403.5,30.122
2403.6,29.528
2403.7,28.281
2403.8,26.843
2403.9,25.322
2404,23.737
2404.1,22.448
2404.2,22.538
2404.3,24.52
2404.4,27.766
2404.5,30.993
2404.6,32.465
2404.7,31.653
2404.8,29.023
2404.9,26.101
2405,24.308
2405.1,24.049
2405.2,25.381
2405.3,27.572
2405.4,29.856
2405.5,31.072
2405.6,30.993
2405.7,30.664
2405.8,31.834
2405.9,35.348
2406,40.263
2406.1,45.203
2406.2,49.176
2406.3,51.918
2406.4,53.42
2406.5,53.74
2406.6,53.463
2406.7,52.922
2406.8,51.926
2406.9,50.263
2407,48.121
2407.1,46.946
2407.2,47.701
2407.3,49.871
2407.4,52.171
2407.5,53.333
2407.6,53.061
2407.7,51.657
2407.8,49.883
2407.9,48.3
2408,47.157
2408.1,46.684
2408.2,46.547
2408.3,45.976
2408.4,44.406
2408.5,42.675
2408.6,41.498
2408.7,40.936
2408.8,40.387
2408.9,39.522
2409,38.55
2409.1,38.283
2409.2,39.248
2409.3,41.125
2409.4,43.209
2409.5,44.935
2409.6,45.971
2409.7,46.484
2409.8,46.857
2409.9,47.258
2410,46.951
2410.1,45.481
2410.2,43.437
2410.3,42.192
2410.4,42.568
2410.5,43.645
2410.6,43.779
2410.7,41.952
2410.8,38.965
2410.9,36.862
2411,37.039
2411.1,38.653
2411.2,40.692
2411.3,42.696
2411.4,44.906
2411.5,47.182
2411.6,48.597
2411.7,48.259
2411.8,46.293
2411.9,44.627
2412,45.021
2412.1,47.398
2412.2,50.558
2412.3,52.655
2412.4,52.999
2412.5,51.48
2412.6,48.921
2412.7,46.577
2412.8,45.154
2412.9,45.049
2413,45.512
2413.1,45.847
2413.2,45.538
2413.3,44.34
2413.4,42.415
2413.5,40.674
2413.6,40.233
2413.7,41.318
2413.8,42.895
2413.9,43.433
2414,42.518
2414.1,41.002
2414.2,40.437
2414.3,40.751
2414.4,40.908
2414.5,40.247
2414.6,39.736
2414.7,40.209
2414.8,41.56
2414.9,42.57
2415,42.458
2415.1,41.301
2415.2,39.894
2415.3,38.512
2415.4,37.353
2415.5,37.119
2415.6,38.06
2415.7,39.478
2415.8,40.167
2415.9,39.949
2416,39.461
2416.1,39.687
2416.2,40.574
2416.3,41.626
2416.4,43.005
2416.5,44.898
2416.6,47.005
2416.7,48.411
2416.8,48.444
2416.9,47.08
2417,45.054
2417.1,43.474
2417.2,42.552
2417.3,42.392
2417.4,42.867
2417.5,43.036
2417.6,42.318
2417.7,40.897
2417.8,40.074
2417.9,40.863
2418,43.269
2418.1,45.291
2418.2,45.425
2418.3,43.705
2418.4,41.811
2418.5,40.901
2418.6,41.36
2418.7,42.528
2418.8,43.584
2418.9,44.164
2419,44.461
2419.1,45.305
2419.2,47.263
2419.3,49.791
2419.4,51.51
2419.5,51.716
2419.6,50.37
2419.7,48.134
2419.8,45.676
2419.9,43.831
2420,42.897
2420.1,42.518
2420.2,42.052
2420.3,41.259
2420.4,40.636
2420.5,40.738
2420.6,40.935
2420.7,39.969
2420.8,37.67
2420.9,35.165
2421,33.82
2421.1,34.126
2421.2,36.19
2421.3,39.073
2421.4,41.547
2421.5,42.055
2421.6,40.957
2421.7,40.064
2421.8,41.167
2421.9,44.083
2422,47.105
2422.1,48.977
2422.2,49.557
2422.3,49.79
2422.4,49.886
2422.5,49.481
2422.6,48.259
2422.7,46.2
2422.8,43.677
2422.9,41.398
2423,40.08
2423.1,40.084
2423.2,40.753
2423.3,41.411
2423.4,41.941
2423.5,42.755
2423.6,43.77
2423.7,44.637
2423.8,44.786
2423.9,44.044
2424,42.935
2424.1,42.636
2424.2,43.567
2424.3,45.385
2424.4,47.121
2424.5,47.679
2424.6,46.708
2424.7,44.848
2424.8,43.338
2424.9,42.824
2425,43.321
2425.1,44.375
2425.2,45.265
2425.3,45.612
2425.4,45.526
2425.5,45.105
2425.6,44.366
2425.7,43.777
2425.8,43.792
2425.9,44.406
2426,44.828
2426.1,44.23
2426.2,42.092
2426.3,38.787
2426.4,36.179
2426.5,35.577
2426.6,36.976
2426.7,38.96
2426.8,40.205
2426.9,40.381
2427,40.233
2427.1,40.465
2427.2,41.03
2427.3,41.507
2427.4,41.695
2427.5,41.711
2427.6,41.828
2427.7,42.288
2427.8,43.253
2427.9,44.666
2428,46.176
2428.1,47.485
2428.2,48.674
2428.3,49.555
2428.4,49.562
2428.5,48.458
2428.6,46.421
2428.7,43.764
2428.8,40.78
2428.9,38.466
2429,37.807
2429.1,39.067
2429.2,41.34
2429.3,42.844
2429.4,42.924
2429.5,42.276
2429.6,42.166
2429.7,43.116
2429.8,44.687
2429.9,45.901
2430,45.986
2430.1,44.637
2430.2,42.682
2430.3,41.444
2430.4,41.287
2430.5,41.347
2430.6,40.791
2430.7,40.002
2430.8,40.234
2430.9,41.877
2431,43.838
2431.1,44.501
2431.2,43.957
2431.3,43.631
2431.4,44.694
2431.5,47.082
2431.6,49.239
2431.7,49.682
2431.8,48.33
2431.9,46.796
2432,46.114
2432.1,46.491
2432.2,47.034
2432.3,46.986
2432.4,46.408
2432.5,45.885
2432.6,45.147
2432.7,43.476
2432.8,41.019
2432.9,38.883
2433,38.234
2433.1,39.282
2433.2,41.123
2433.3,43.047
2433.4,44.889
2433.5,46.535
2433.6,47.326
2433.7,46.354
2433.8,44.146
2433.9,41.75
2434,40.18
2434.1,39.324
2434.2,38.889
2434.3,39.164
2434.4,40.558
2434.5,42.737
2434.6,44.952
2434.7,46.875
2434.8,48.899
2434.9,51.153
2435,52.275
2435.1,51.096
2435.2,48.041
2435.3,45.157
2435.4,43.9
2435.5,44.239
2435.6,45.443
2435.7,46.908
2435.8,48.911
2435.9,51.279
2436,52.843
2436.1,52.653
2436.2,50.928
2436.3,49.429
2436.4,49.11
2436.5,49.849
2436.6,50.579
2436.7,50.469
2436.8,49.453
2436.9,48.091
2437,47.209
2437.1,46.96
2437.2,47.744
2437.3,49.491
2437.4,51.336
2437.5,52.168
2437.6,51.781
2437.7,50.722
2437.8,49.633
2437.9,49.06
2438,48.637
2438.1,47.744
2438.2,46.589
2438.3,45.88
2438.4,45.728
2438.5,45.683
2438.6,45.336
2438.7,44.606
2438.8,44.098
2438.9,44.53
2439,45.831
2439.1,47.362
2439.2,48.195
2439.3,47.68
2439.4,45.474
2439.5,42.607
2439.6,40.517
2439.7,39.681
2439.8,39.902
2439.9,40.391
2440,41.015
2440.1,42.363
2440.2,44.478
2440.3,46.929
2440.4,48.661
2440.5,48.996
2440.6,47.876
2440.7,45.333
2440.8,42.165
2440.9,40.053
2441,41.092
2441.1,45.376
2441.2,50.218
2441.3,53.094
2441.4,52.599
2441.5,50.017
2441.6,46.725
2441.7,43.867
2441.8,41.747
2441.9,40.863
2442,41.75
2442.1,43.447
2442.2,44.65
2442.3,44.409
2442.4,42.931
2442.5,40.945
2442.6,39.494
2442.7,40.081
2442.8,43.003
2442.9,46.932
2443,49.157
2443.1,48.883
2443.2,46.882
2443.3,45.058
2443.4,44.525
2443.5,44.883
2443.6,45.346
2443.7,45.836
2443.8,46.852
2443.9,48.074
2444,48.802
2444.1,49.643
2444.2,51.341
2444.3,53.528
2444.4,55.081
2444.5,54.951
2444.6,52.915
2444.7,50.172
2444.8,47.329
2444.9,44.184
2445,40.99
2445.1,39.185
2445.2,40.075
2445.3,42.91
2445.4,46.312
2445.5,48.594
2445.6,49.101
2445.7,48.536
2445.8,47.567
2445.9,46.469
2446,45.627
2446.1,45.516
2446.2,46.845
2446.3,49.448
2446.4,52.105
2446.5,52.658
2446.6,50.886
2446.7,48.04
2446.8,45.843
2446.9,44.93
2447,44.893
2447.1,45.083
2447.2,45.305
2447.3,45.264
2447.4,44.791
2447.5,44.378
2447.6,44.579
2447.7,45.509
2447.8,46.733
2447.9,47.631
2448,47.987
2448.1,47.988
2448.2,47.79
2448.3,47.348
2448.4,46.772
2448.5,46.229
2448.6,45.657
2448.7,44.805
2448.8,43.702
2448.9,42.595
2449,41.683
2449.1,41.361
2449.2,41.905
2449.3,43.441
2449.4,45.353
2449.5,46.698
2449.6,47.043
2449.7,46.327
2449.8,45.423
2449.9,45.01
2450,45.254
2450.1,45.727
2450.2,46.152
2450.3,46.689
2450.4,47.256
2450.5,47.527
2450.6,47.29
2450.7,46.992
2450.8,47.332
2450.9,48.459
2451,50.034
2451.1,51.261
2451.2,52.009
2451.3,52.345
2451.4,52.009
2451.5,50.853
2451.6,49.19
2451.7,48.094
2451.8,47.946
2451.9,48.279
2452,48.281
2452.1,47.684
2452.2,46.765
2452.3,45.865
2452.4,45.215
2452.5,44.804
2452.6,44.25
2452.7,43.456
2452.8,42.688
2452.9,42.342
2453,42.69
2453.1,43.739
2453.2,45.14
2453.3,46.227
2453.4,46.568
2453.5,45.717
2453.6,43.703
2453.7,41.402
2453.8,39.684
2453.9,39.241
2454,40.027
2454.1,41.469
2454.2,42.586
2454.3,42.533
2454.4,41.374
2454.5,40.578
2454.6,41.425
2454.7,43.868
2454.8,46.282
2454.9,47.047
2455,46.148
2455.1,44.634
2455.2,44.033
2455.3,44.653
2455.4,46.262
2455.5,47.973
2455.6,48.717
2455.7,48.106
2455.8,46.413
2455.9,45.037
2456,44.822
2456.1,45.87
2456.2,46.972
2456.3,46.855
2456.4,44.779
2456.5,41.608
2456.6,39.279
2456.7,39.531
2456.8,41.998
2456.9,45.179
2457,47.362
2457.1,47.48
2457.2,45.974
2457.3,43.256
2457.4,39.627
2457.5,36.104
2457.6,33.981
2457.7,34.261
2457.8,36.154
2457.9,38.808
2458,41.56
2458.1,43.863
2458.2,45.204
2458.3,44.873
2458.4,43.069
2458.5,40.931
2458.6,39.631
2458.7,39.856
2458.8,41.164
2458.9,42.772
2459,43.845
2459.1,44.043
2459.2,43.158
2459.3,41.654
2459.4,40.681
2459.5,40.673
2459.6,41.425
2459.7,42.681
2459.8,44.109
2459.9,45.134
2460,45.417
2460.1,45.184
2460.2,44.818
2460.3,44.469
2460.4,43.923
2460.5,42.905
2460.6,41.648
2460.7,40.652
2460.8,39.962
2460.9,39.544
2461,39.696
2461.1,40.81
2461.2,42.788
2461.3,44.221
2461.4,43.76
2461.5,41.535
2461.6,39.158
2461.7,37.764
2461.8,37.366
2461.9,37.348
2462,37.796
2462.1,39.386
2462.2,42.606
2462.3,45.904
2462.4,47.534
2462.5,46.283
2462.6,44.068
2462.7,42.971
2462.8,43.983
2462.9,45.581
2463,46.061
2463.1,45.112
2463.2,43.74
2463.3,42.969
2463.4,42.654
2463.5,41.839
2463.6,40.587
2463.7,39.666
2463.8,40.001
2463.9,41.252
2464,42.887
2464.1,44.221
2464.2,44.466
2464.3,43.511
2464.4,41.949
2464.5,40.98
2464.6,41.704
2464.7,44.361
2464.8,47.407
2464.9,49.1
2465,48.576
2465.1,46.264
2465.2,43.646
2465.3,41.747
2465.4,41.273
2465.5,42.15
2465.6,44.598
2465.7,48.62
2465.8,52.736
2465.9,55.308
2466,55.095
2466.1,52.816
2466.2,50.066
2466.3,47.798
2466.4,45.823
2466.5,43.539
2466.6,41.071
2466.7,39.764
2466.8,40.116
2466.9,41.367
2467,42.195
2467.1,42.425
2467.2,42.665
2467.3,43.246
2467.4,43.556
2467.5,43.244
2467.6,42.632
2467.7,42.59
2467.8,43.509
2467.9,45.431
2468,47.821
2468.1,49.54
2468.2,49.577
2468.3,47.514
2468.4,44.774
2468.5,43.001
2468.6,43.164
2468.7,43.861
2468.8,43.934
2468.9,43.166
2469,42.193
2469.1,41.371
2469.2,40.562
2469.3,39.528
2469.4,38.508
2469.5,38.074
2469.6,38.316
2469.7,38.766
2469.8,39.097
2469.9,39.502
2470,40.883
2470.1,43.739
2470.2,47.303
2470.3,49.394
2470.4,49.08
2470.5,47.001
2470.6,45.36
2470.7,45.087
2470.8,45.282
2470.9,44.319
2471,42.05
2471.1,40.181
2471.2,40.807
2471.3,43.52
2471.4,46.323
2471.5,47.009
2471.6,45.845
2471.7,44.33
2471.8,44.642
2471.9,46.792
2472,49.14
2472.1,49.438
2472.2,47.773
2472.3,45.521
2472.4,44.601
2472.5,45.637
2472.6,47.382
2472.7,48.311
2472.8,47.808
2472.9,46.703
2473,45.818
2473.1,46.063
2473.2,47.842
2473.3,50.585
2473.4,52.724
2473.5,52.989
2473.6,51.378
2473.7,49.206
2473.8,48.264
2473.9,49.323
2474,51.488
2474.1,52.598
2474.2,51.643
2474.3,48.649
2474.4,44.671
2474.5,41.166
2474.6,39.45
2474.7,39.989
2474.8,41.645
2474.9,43.295
2475,43.801
2475.1,43.616
2475.2,43.971
2475.3,45.611
2475.4,47.369
2475.5,48.033
2475.6,46.942
2475.7,44.721
2475.8,42.522
2475.9,41.215
2476,41.052
2476.1,41.633
2476.2,42.487
2476.3,43.032
2476.4,43.173
2476.5,43.098
2476.6,42.816
2476.7,42.267
2476.8,41.502
2476.9,40.762
2477,40.154
2477.1,39.801
2477.2,40.006
2477.3,41.152
2477.4,43.245
2477.5,45.546
2477.6,46.779
2477.7,46.292
2477.8,44.277
2477.9,41.884
2478,40.241
2478.1,39.747
2478.2,40.221
2478.3,41.118
2478.4,42.028
2478.5,42.287
2478.6,41.876
2478.7,41.23
2478.8,40.967
2478.9,41.367
2479,42.336
2479.1,43.762
2479.2,45.245
2479.3,46.178
2479.4,46.188
2479.5,45.844
2479.6,45.983
2479.7,46.75
2479.8,47.013
2479.9,45.829
2480,43.829
2480.1,43.074
2480.2,44.383
2480.3,46.521
2480.4,47.706
2480.5,47.419
2480.6,46.435
2480.7,45.453
2480.8,44.343
2480.9,42.869
2481,41.583
2481.1,41.355
2481.2,41.622
2481.3,41.317
2481.4,39.713
2481.5,37.78
2481.6,36.64
2481.7,36.929
2481.8,37.996
2481.9,38.841
2482,38.627
2482.1,37.577
2482.2,36.586
2482.3,36.698
2482.4,38.423
2482.5,40.92
2482.6,42.971
2482.7,43.347
2482.8,42.35
2482.9,40.868
2483,40
2483.1,40.106
2483.2,41.101
2483.3,42.458
2483.4,43.571
2483.5,44.319
2483.6,44.953
2483.7,45.803
2483.8,46.83
2483.9,47.931
2484,48.72
2484.1,48.917
2484.2,48.263
2484.3,46.75
2484.4,44.812
2484.5,42.725
2484.6,40.834
2484.7,39.276
2484.8,38.311
2484.9,38.624
2485,40.087
2485.1,41.959
2485.2,43.812
2485.3,45.582
2485.4,47.319
2485.5,48.798
2485.6,48.854
2485.7,46.989
2485.8,44.172
2485.9,42.694
2486,43.233
2486.1,45.21
2486.2,46.814
2486.3,46.234
2486.4,43.482
2486.5,40.646
2486.6,40.475
2486.7,43.702
2486.8,48.849
2486.9,52.619
2487,53.216
2487.1,50.999
2487.2,48.059
2487.3,45.989
2487.4,44.862
2487.5,44.126
2487.6,43.413
2487.7,42.85
2487.8,42.547
2487.9,42.569
2488,43.075
2488.1,44.039
2488.2,44.892
2488.3,44.849
2488.4,43.467
2488.5,41.336
2488.6,39.442
2488.7,38.39
2488.8,38.019
2488.9,37.945
2489,38.374
2489.1,39.804
2489.2,41.918
2489.3,44.3
2489.4,46.492
2489.5,47.955
2489.6,48.194
2489.7,47.121
2489.8,45.649
2489.9,44.795
2490,45.48
2490.1,47.059
2490.2,48.206
2490.3,48.243
2490.4,47.306
2490.5,46.002
2490.6,44.904
2490.7,44.763
2490.8,45.135
2490.9,45.058
2491,43.613
2491.1,41.192
2491.2,39.1
2491.3,38.766
2491.4,39.56
2491.5,40.051
2491.6,39.723
2491.7,39.885
2491.8,41.284
2491.9,43.433
2492,45.491
2492.1,46.558
2492.2,46.257
2492.3,44.542
2492.4,41.99
2492.5,39.521
2492.6,38.888
2492.7,40.502
2492.8,42.914
2492.9,44.149
2493,44.058
2493.1,43.455
2493.2,43.147
2493.3,43.406
2493.4,43.85
2493.5,44.126
2493.6,44.085
2493.7,43.984
2493.8,43.83
2493.9,43.444
2494,42.855
2494.1,42.086
2494.2,41.283
2494.3,40.928
2494.4,41.38
2494.5,42.257
2494.6,42.474
2494.7,41.462
2494.8,39.323
2494.9,37.028
2495,35.467
2495.1,35.02
2495.2,35.272
2495.3,35.484
2495.4,35.95
2495.5,37.856
2495.6,41.097
2495.7,44.254
2495.8,45.236
2495.9,44.493
2496,43.674
2496.1,44.513
2496.2,46.27
2496.3,47.18
2496.4,46.594
2496.5,45.587
2496.6,44.78
2496.7,43.687
2496.8,42.06
2496.9,40.648
2497,40.476
2497.1,42.187
2497.2,44.173
2497.3,45.145
2497.4,44.781
2497.5,43.946
2497.6,43.214
2497.7,43.13
2497.8,44.279
2497.9,46.62
2498,49.303
2498.1,50.909
2498.2,50.713
2498.3,49.219
2498.4,47.8
2498.5,47.13
2498.6,46.731
2498.7,45.857
2498.8,44.716
2498.9,43.763
2499,43.51
2499.1,44.208
2499.2,46.095
2499.3,48.995
2499.4,51.599
2499.5,52.677
2499.6,51.976
2499.7,50.815
2499.8,50.425
2499.9,51.208
2500,52.034
2500.1,51.256
2500.2,48.5
2500.3,44.469
2500.4,40.957
2500.5,39.12
2500.6,39.225
2500.7,39.802
2500.8,39.895
2500.9,39.621
2501,39.722
2501.1,40.54
2501.2,41.993
2501.3,43.556
2501.4,45.244
2501.5,47.147
2501.6,48.39
2501.7,48.205
2501.8,46.409
2501.9,43.682
2502,41.606
2502.1,40.885
2502.2,41.482
2502.3,42.339
2502.4,42.902
2502.5,43.327
2502.6,44.205
2502.7,45.742
2502.8,47.76
2502.9,49.178
2503,49.381
2503.1,48.578
2503.2,47.897
2503.3,48.237
2503.4,49.336
2503.5,50.472
2503.6,50.949
2503.7,50.407
2503.8,49.331
2503.9,48.205
2504,47.1
2504.1,45.59
2504.2,43.473
2504.3,41.081
2504.4,39.215
2504.5,38.993
2504.6,40.158
2504.7,41.889
2504.8,43.61
2504.9,45.173
2505,46.42
2505.1,46.752
2505.2,46.275
2505.3,45.167
2505.4,43.815
2505.5,42.746
2505.6,41.858
2505.7,41.021
2505.8,40.255
2505.9,39.612
2506,39.278
2506.1,39.675
2506.2,41.231
2506.3,43.878
2506.4,46.742
2506.5,48.691
2506.6,48.977
2506.7,47.319
2506.8,44.569
2506.9,41.45
2507,39.041
2507.1,38.101
2507.2,38.744
2507.3,40.623
2507.4,42.792
2507.5,44.187
2507.6,44.288
2507.7,43.477
2507.8,42.702
2507.9,42.365
2508,41.899
2508.1,40.788
2508.2,39.245
2508.3,38.465
2508.4,39.28
2508.5,41.328
2508.6,43.196
2508.7,43.717
2508.8,42.983
2508.9,41.788
2509,41.016
2509.1,40.813
2509.2,40.885
2509.3,40.58
2509.4,39.849
2509.5,39.331
2509.6,39.991
2509.7,41.865
2509.8,44.486
2509.9,46.856
2510,48.048
2510.1,47.822
2510.2,46.363
2510.3,44.692
2510.4,43.678
2510.5,43.561
2510.6,43.458
2510.7,42.458
2510.8,40.655
2510.9,39.157
2511,39.117
2511.1,40.589
2511.2,42.615
2511.3,44.3
2511.4,45.244
2511.5,44.87
2511.6,43.454
2511.7,41.569
2511.8,40.756
2511.9,42.145
2512,45.451
2512.1,49.082
2512.2,51.385
2512.3,51.722
2512.4,49.883
2512.5,46.753
2512.6,43.707
2512.7,41.791
2512.8,41.715
2512.9,43.02
2513,45.247
2513.1,48.112
2513.2,50.792
2513.3,52.171
2513.4,51.208
2513.5,48.726
2513.6,46.092
2513.7,44.331
2513.8,43.42
2513.9,42.817
2514,42.404
2514.1,42.732
2514.2,43.928
2514.3,45.837
2514.4,48.06
2514.5,49.921
2514.6,50.764
2514.7,49.905
2514.8,48.112
2514.9,46.574
2515,46.667
2515.1,48.522
2515.2,50.993
2515.3,52.691
2515.4,53.019
2515.5,52.006
2515.6,49.482
2515.7,45.667
2515.8,41.817
2515.9,39.621
2516,40.961
2516.1,44.884
2516.2,49.248
2516.3,51.334
2516.4,51.104
2516.5,49.689
2516.6,48.597
2516.7,48.497
2516.8,49.026
2516.9,49.351
2517,49.006
2517.1,47.998
2517.2,46.705
2517.3,45.766
2517.4,45.574
2517.5,46.017
2517.6,46.121
2517.7,45.339
2517.8,44.154
2517.9,43.315
2518,43.168
2518.1,43.545
2518.2,43.973
2518.3,44.385
2518.4,45.052
2518.5,46.045
2518.6,46.768
2518.7,46.553
2518.8,44.87
2518.9,42.025
2519,39.508
2519.1,38.494
2519.2,39.222
2519.3,40.258
2519.4,40.406
2519.5,39.592
2519.6,39.344
2519.7,40.188
2519.8,41.155
2519.9,41.182
2520,40.653
2520.1,41.062
2520.2,42.877
2520.3,45.018
2520.4,46.284
2520.5,46.626
2520.6,46.925
2520.7,47.411
2520.8,47.684
2520.9,47.329
2521,46.524
2521.1,45.841
2521.2,45.718
2521.3,46.228
2521.4,46.959
2521.5,47.63
2521.6,47.786
2521.7,47.442
2521.8,47.123
2521.9,46.907
2522,46.559
2522.1,46.047
2522.2,45.872
2522.3,46.542
2522.4,48.154
2522.5,50.06
2522.6,51.376
2522.7,51.713
2522.8,51.556
2522.9,51.125
2523,50.233
2523.1,48.79
2523.2,47.179
2523.3,46.039
2523.4,45.91
2523.5,47.018
2523.6,49.162
2523.7,51.257
2523.8,52.189
2523.9,51.232
2524,48.513
2524.1,45.942
2524.2,45.018
2524.3,46.323
2524.4,48.327
2524.5,49.667
2524.6,49.186
2524.7,47.736
2524.8,46.665
2524.9,46.492
2525,46.802
2525.1,47.312
2525.2,48.218
2525.3,49.381
2525.4,49.805
2525.5,48.744
2525.6,46.802
2525.7,45.832
2525.8,46.161
2525.9,46.172
2526,44.662
2526.1,42.571
2526.2,42.235
2526.3,44.22
2526.4,46.935
2526.5,48.319
2526.6,47.58
2526.7,46.289
2526.8,46.26
2526.9,47.62
2527,48.648
2527.1,47.881
2527.2,45.427
2527.3,43.442
2527.4,43.479
2527.5,45.554
2527.6,47.333
2527.7,47.706
2527.8,46.902
2527.9,46.296
2528,46.112
2528.1,45.483
2528.2,44.033
2528.3,42.392
2528.4,41.312
2528.5,41.538
2528.6,43.136
2528.7,45.599
2528.8,48.046
2528.9,49.923
2529,51.106
2529.1,51.919
2529.2,52.723
2529.3,52.973
2529.4,51.711
2529.5,49.35
2529.6,47.084
2529.7,46.071
2529.8,46.267
2529.9,46.63
2530,46.106
2530.1,44.107
2530.2,40.887
2530.3,37.394
2530.4,35.394
2530.5,35.275
2530.6,36.307
2530.7,37.369
2530.8,37.666
2530.9,37.161
2531,36.269
2531.1,35.489
2531.2,35.309
2531.3,36.476
2531.4,38.964
2531.5,41.789
2531.6,44.033
2531.7,45.208
2531.8,45.559
2531.9,45.59
2532,45.86
2532.1,46.397
2532.2,46.753
2532.3,46.36
2532.4,45.468
2532.5,45.175
2532.6,46.278
2532.7,47.595
2532.8,47.66
2532.9,45.869
2533,43.725
2533.1,42.843
2533.2,43.481
2533.3,44.464
2533.4,44.73
2533.5,44.519
2533.6,44.864
2533.7,46.289
2533.8,48.3
2533.9,49.438
2534,48.993
2534.1,47.304
2534.2,45.547
2534.3,44.762
2534.4,44.912
2534.5,45.568
2534.6,46.336
2534.7,46.966
2534.8,47.128
2534.9,46.276
2535,44.661
2535.1,42.866
2535.2,42.07
2535.3,42.283
2535.4,42.718
2535.5,42.642
2535.6,42.276
2535.7,42.151
2535.8,42.606
2535.9,43.551
2536,44.852
2536.1,46.32
2536.2,47.976
2536.3,49.737
2536.4,51.267
2536.5,52.128
2536.6,52.024
2536.7,50.731
2536.8,48.237
2536.9,45.278
2537,42.824
2537.1,42.074
2537.2,42.884
2537.3,44.558
2537.4,46.139
2537.5,47.144
2537.6,47.802
2537.7,48.674
2537.8,49.338
2537.9,48.694
2538,46.478
2538.1,43.979
2538.2,42.825
2538.3,43.583
2538.4,45.69
2538.5,47.778
2538.6,49.083
2538.7,48.908
2538.8,47.559
2538.9,45.733
2539,44.854
2539.1,45.584
2539.2,46.856
2539.3,46.882
2539.4,44.969
2539.5,42.779
2539.6,41.994
2539.7,42.928
2539.8,44.295
2539.9,45.18
2540,45.607
2540.1,46.197
2540.2,47.011
2540.3,47.114
2540.4,45.717
2540.5,43.117
2540.6,40.472
2540.7,39.347
2540.8,40.392
2540.9,43.133
2541,45.691
2541.1,46.716
2541.2,46.203
2541.3,45.002
2541.4,44.107
2541.5,43.614
2541.6,42.795
2541.7,41.63
2541.8,40.648
2541.9,40.479
2542,41.05
2542.1,41.809
2542.2,42.378
2542.3,42.845
2542.4,43.196
2542.5,43.139
2542.6,42.697
2542.7,42.262
2542.8,42.026
2542.9,42.217
2543,42.867
2543.1,43.661
2543.2,44.711
2543.3,46.22
2543.4,47.626
2543.5,47.816
2543.6,46.639
2543.7,44.539
2543.8,42.703
2543.9,41.885
2544,41.929
2544.1,42.438
2544.2,43.066
2544.3,44.01
2544.4,45.407
2544.5,46.863
2544.6,47.702
2544.7,47.468
2544.8,46.346
2544.9,45.041
2545,44.411
2545.1,45.678
2545.2,48.433
2545.3,51.343
2545.4,52.438
2545.5,50.971
2545.6,47.974
2545.7,45.669
2545.8,46.036
2545.9,48.214
2546,50.096
2546.1,49.97
2546.2,48.148
2546.3,45.658
2546.4,43.801
2546.5,43.228
2546.6,44.029
2546.7,46.23
2546.8,48.699
2546.9,49.897
2547,48.978
2547.1,47.298
2547.2,46.322
2547.3,46.612
2547.4,47.342
2547.5,47.828
2547.6,48.09
2547.7,48.371
2547.8,48.44
2547.9,47.839
2548,46.757
2548.1,45.872
2548.2,45.233
2548.3,44.354
2548.4,43.025
2548.5,41.886
2548.6,42.146
2548.7,43.711
2548.8,45.009
2548.9,44.698
2549,43.534
2549.1,43.827
2549.2,47.036
2549.3,52.416
2549.4,56.807
2549.5,57.781
2549.6,54.754
2549.7,50.43
2549.8,46.751
2549.9,45.01
2550,44.963
2550.1,46.23
2550.2,48.053
2550.3,49.215
2550.4,48.661
2550.5,46.298
2550.6,43.924
2550.7,43.103
2550.8,43.895
2550.9,45.004
2551,45.441
2551.1,45.219
2551.2,45.187
2551.3,45.516
2551.4,45.871
2551.5,46.132
2551.6,46.319
2551.7,46.185
2551.8,45.339
2551.9,44.234
2552,43.459
2552.1,43.132
2552.2,42.968
2552.3,42.701
2552.4,42.501
2552.5,42.947
2552.6,43.762
2552.7,44.68
2552.8,46.212
2552.9,48.172
2553,49.687
2553.1,49.171
2553.2,46.759
2553.3,44.056
2553.4,42.708
2553.5,42.961
2553.6,43.666
2553.7,44.073
2553.8,44.153
2553.9,43.909
2554,42.993
2554.1,41.228
2554.2,39.445
2554.3,38.575
2554.4,39.113
2554.5,40.238
2554.6,41.503
2554.7,42.551
2554.8,43.161
2554.9,43.535
2555,44.075
2555.1,44.986
2555.2,45.826
2555.3,45.881
2555.4,44.912
2555.5,43.743
2555.6,43.5
2555.7,44.717
2555.8,46.327
2555.9,47.464
2556,47.684
2556.1,47.127
2556.2,45.707
2556.3,43.766
2556.4,42.061
2556.5,41.01
2556.6,40.607
2556.7,40.52
2556.8,40.315
2556.9,39.942
2557,39.713
2557.1,39.749
2557.2,39.972
2557.3,40.601
2557.4,41.53
2557.5,42.521
2557.6,43.135
2557.7,43.519
2557.8,43.859
2557.9,44.271
2558,45.013
2558.1,45.846
2558.2,46.266
2558.3,46.191
2558.4,45.755
2558.5,44.972
2558.6,43.974
2558.7,43.035
2558.8,42.009
2558.9,40.911
2559,40.244
2559.1,40.286
2559.2,41.37
2559.3,43.048
2559.4,44.726
2559.5,45.568
2559.6,45.748
2559.7,45.726
2559.8,45.804
2559.9,46.317
2560,47.107
2560.1,47.431
2560.2,46.385
2560.3,44.118
2560.4,41.762
2560.5,40.975
2560.6,42.125
2560.7,44.756
2560.8,47.621
2560.9,49.68
2561,50.727
2561.1,51.121
2561.2,51.472
2561.3,51.685
2561.4,51.298
2561.5,49.752
2561.6,47.191
2561.7,44.382
2561.8,42.343
2561.9,41.532
2562,41.918
2562.1,43.126
2562.2,44.385
2562.3,45.207
2562.4,45.254
2562.5,44.844
2562.6,44.218
2562.7,43.366
2562.8,42.199
2562.9,41.085
2563,41.136
2563.1,42.881
2563.2,45.624
2563.3,48.091
2563.4,49.092
2563.5,49.128
2563.6,49.059
2563.7,48.998
2563.8,48.072
2563.9,45.753
2564,42.721
2564.1,40.823
2564.2,40.831
2564.3,42.317
2564.4,43.843
2564.5,45.027
2564.6,46.393
2564.7,48.109
2564.8,49.529
2564.9,49.56
2565,47.973
2565.1,46.022
2565.2,44.612
2565.3,43.924
2565.4,43.341
2565.5,42.619
2565.6,41.82
2565.7,41.264
2565.8,41.103
2565.9,41.246
2566,41.045
2566.1,40.127
2566.2,38.998
2566.3,38.615
2566.4,39.631
2566.5,41.855
2566.6,44.085
2566.7,45.407
2566.8,45.83
2566.9,46.306
2567,47.28
2567.1,48.272
2567.2,48.106
2567.3,46.736
2567.4,45.113
2567.5,44.406
2567.6,44.719
2567.7,45.255
2567.8,44.945
2567.9,43.669
2568,42.464
2568.1,41.775
2568.2,40.817
2568.3,39.128
2568.4,37.155
2568.5,35.889
2568.6,36.026
2568.7,37.633
2568.8,39.827
2568.9,41.837
2569,43.829
2569.1,45.656
2569.2,46.393
2569.3,45.907
2569.4,44.984
2569.5,44.391
2569.6,44.345
2569.7,44.697
2569.8,44.924
2569.9,44.816
2570,44.569
2570.1,44.405
2570.2,44.42
2570.3,44.728
2570.4,45.282
2570.5,45.689
2570.6,45.674
2570.7,45.405
2570.8,45.623
2570.9,46.489
2571,47.511
2571.1,48.098
2571.2,48.19
2571.3,48.109
2571.4,48.59
2571.5,49.841
2571.6,50.914
2571.7,50.515
2571.8,48.651
2571.9,45.708
2572,42.713
2572.1,40.728
2572.2,39.996
2572.3,40.328
2572.4,41.299
2572.5,42.361
2572.6,42.986
2572.7,42.98
2572.8,42.686
2572.9,42.662
2573,43.158
2573.1,44.331
2573.2,45.925
2573.3,47.442
2573.4,48.451
2573.5,48.575
2573.6,47.904
2573.7,47.412
2573.8,47.829
2573.9,48.718
2574,48.978
2574.1,48.623
2574.2,48.1
2574.3,47.821
2574.4,47.62
2574.5,46.867
2574.6,45.472
2574.7,44.65
2574.8,45.218
2574.9,46.93
2575,48.724
2575.1,49.937
2575.2,50.199
2575.3,50.372
2575.4,51.218
2575.5,52.217
2575.6,52.131
2575.7,50.391
2575.8,46.996
2575.9,43.03
2576,40.107
2576.1,39.122
2576.2,39.649
2576.3,40.823
2576.4,42.279
2576.5,43.83
2576.6,45.51
2576.7,47.089
2576.8,47.514
2576.9,46.407
2577,44.649
2577.1,43.745
2577.2,44.04
2577.3,44.744
2577.4,44.719
2577.5,43.671
2577.6,42.432
2577.7,42.19
2577.8,43.856
2577.9,46.721
2578,49.496
2578.1,50.804
2578.2,50.53
2578.3,49.074
2578.4,47.147
2578.5,45.301
2578.6,43.628
2578.7,42.496
2578.8,42.263
2578.9,42.546
2579,42.684
2579.1,42.454
2579.2,42.292
2579.3,42.606
2579.4,43.323
2579.5,43.816
2579.6,43.787
2579.7,44.019
2579.8,45.007
2579.9,46.216
2580,46.587
2580.1,45.779
2580.2,44.326
2580.3,43.242
2580.4,43.177
2580.5,43.875
2580.6,44.704
2580.7,44.974
2580.8,44.312
2580.9,42.873
2581,41.796
2581.1,42.087
2581.2,43.958
2581.3,46.341
2581.4,47.77
2581.5,48.076
2581.6,47.67
2581.7,47.304
2581.8,47.065
2581.9,46.334
2582,44.732
2582.1,42.673
2582.2,41.276
2582.3,41.47
2582.4,42.842
2582.5,44.298
2582.6,44.352
2582.7,43.218
2582.8,41.73
2582.9,41.274
2583,42.248
2583.1,43.414
2583.2,43.416
2583.3,42.521
2583.4,41.745
2583.5,41.956
2583.6,42.769
2583.7,43.232
2583.8,42.423
2583.9,41.025
2584,40.155
2584.1,40.31
2584.2,41.786
2584.3,43.912
2584.4,45.883
2584.5,46.798
2584.6,46.837
2584.7,46.489
2584.8,46.051
2584.9,45.185
2585,43.429
2585.1,41.125
2585.2,39.28
2585.3,38.376
2585.4,38.283
2585.5,38.396
2585.6,38.364
2585.7,38.356
2585.8,38.895
2585.9,40.078
2586,41.865
2586.1,43.709
2586.2,44.532
2586.3,43.937
2586.4,42.455
2586.5,41.346
2586.6,41.102
2586.7,41.393
2586.8,41.388
2586.9,41.165
2587,41.503
2587.1,43.05
2587.2,45.003
2587.3,46.21
2587.4,46.089
2587.5,45.239
2587.6,44.345
2587.7,43.747
2587.8,43.352
2587.9,42.92
2588,42.329
2588.1,41.852
2588.2,41.806
2588.3,42.766
2588.4,44.741
2588.5,47.04
2588.6,48.518
2588.7,48.693
2588.8,48.27
2588.9,48.053
2589,48.155
2589.1,48.039
2589.2,47.425
2589.3,46.394
2589.4,45.661
2589.5,45.418
2589.6,45.329
2589.7,45.018
2589.8,44.332
2589.9,43.537
2590,43.311
2590.1,44.089
2590.2,45.624
2590.3,47.194
2590.4,48.385
2590.5,48.763
2590.6,48.288
2590.7,47.499
2590.8,46.438
2590.9,45.181
2591,43.975
2591.1,43.277
2591.2,43.397
2591.3,43.877
2591.4,44.333
2591.5,44.772
2591.6,45.706
2591.7,47.126
2591.8,48.356
2591.9,48.713
2592,48.195
2592.1,47.405
2592.2,46.81
2592.3,46.292
2592.4,45.761
2592.5,45.156
2592.6,44.079
2592.7,41.917
2592.8,38.796
2592.9,36.141
2593,35.311
2593.1,37.281
2593.2,41.044
2593.3,44.581
2593.4,46.11
2593.5,45.247
2593.6,43.471
2593.7,42.293
2593.8,42.627
2593.9,43.429
2594,43.66
2594.1,42.869
2594.2,42.118
2594.3,42.333
2594.4,43.515
2594.5,44.731
2594.6,45.497
2594.7,45.947
2594.8,46.318
2594.9,46.44
2595,46.07
2595.1,45.122
2595.2,44.27
2595.3,43.841
2595.4,43.826
2595.5,44.266
2595.6,45.359
2595.7,46.984
2595.8,48.23
2595.9,48.558
2596,47.852
2596.1,46.86
2596.2,46.123
2596.3,45.553
2596.4,45.264
2596.5,45.637
2596.6,47.083
2596.7,48.863
2596.8,49.55
2596.9,48.492
2597,46.239
2597.1,44.642
2597.2,44.767
2597.3,46.819
2597.4,49.229
2597.5,50.672
2597.6,50.585
2597.7,49.624
2597.8,48.338
2597.9,47.422
2598,47.085
2598.1,46.617
2598.2,45.542
2598.3,44.212
2598.4,43.432
2598.5,43.56
2598.6,44.11
2598.7,43.955
2598.8,42.651
2598.9,41.252
2599,41.105
2599.1,42.211
2599.2,43.741
2599.3,44.87
2599.4,45.497
2599.5,45.448
2599.6,44.4
2599.7,42.6
2599.8,41.057
2599.9,40.981
2600,42.34
2600.1,44.212
2600.2,45.431
2600.3,46.144
2600.4,47.025
2600.5,48.44
2600.6,49.896
2600.7,50.609
2600.8,50.114
2600.9,48.766
2601,47.34
2601.1,46.812
2601.2,47.626
2601.3,49.638
2601.4,51.874
2601.5,53.093
2601.6,52.775
2601.7,50.774
2601.8,48.166
2601.9,46.189
2602,45.036
2602.1,44.753
2602.2,45.332
2602.3,46.772
2602.4,48.341
2602.5,49.117
2602.6,48.735
2602.7,47.397
2602.8,46.322
2602.9,46.129
2603,46.516
2603.1,47.089
2603.2,48.01
2603.3,49.362
2603.4,50.454
2603.5,50.61
2603.6,49.51
2603.7,47.185
2603.8,44.816
2603.9,44.093
2604,46.611
2604.1,51.288
2604.2,56.256
2604.3,59.35
2604.4,59.304
2604.5,56.536
2604.6,52.152
2604.7,47.92
2604.8,45.076
2604.9,44.261
2605,44.804
2605.1,44.601
2605.2,42.778
2605.3,40.25
2605.4,39.216
2605.5,40.467
2605.6,43.44
2605.7,46.115
2605.8,46.898
2605.9,45.65
2606,43.969
2606.1,43.184
2606.2,43.564
2606.3,44.771
2606.4,46.388
2606.5,48.139
2606.6,49.87
2606.7,51.141
2606.8,51.568
2606.9,51.662
2607,51.966
2607.1,52.092
2607.2,50.985
2607.3,48.679
2607.4,46.246
2607.5,45.237
2607.6,46.04
2607.7,47.25
2607.8,47.954
2607.9,48.364
2608,48.587
2608.1,48.572
2608.2,48.379
2608.3,48.277
2608.4,48.73
2608.5,50.044
2608.6,51.061
2608.7,50.644
2608.8,48.725
2608.9,46.847
2609,46.097
2609.1,46.659
2609.2,47.313
2609.3,47.06
2609.4,45.727
2609.5,43.767
2609.6,41.999
2609.7,41.331
2609.8,42.762
2609.9,45.9
2610,49.564
2610.1,51.907
2610.2,52.37
2610.3,51.678
2610.4,50.949
2610.5,50.721
2610.6,50.485
2610.7,49.641
2610.8,48.567
2610.9,48.15
2611,49.102
2611.1,50.995
2611.2,52.086
2611.3,51.457
2611.4,49.375
2611.5,47.25
2611.6,45.687
2611.7,45.069
2611.8,45.256
2611.9,45.869
2612,46.754
2612.1,47.629
2612.2,48.417
2612.3,49.492
2612.4,50.931
2612.5,52.175
2612.6,52.532
2612.7,51.962
2612.8,51.139
2612.9,50.821
2613,51.547
2613.1,52.499
2613.2,52.504
2613.3,50.319
2613.4,46.768
2613.5,43.411
2613.6,41.996
2613.7,42.454
2613.8,43.424
2613.9,43.927
2614,43.953
2614.1,44.359
2614.2,45.391
2614.3,46.385
2614.4,46.529
2614.5,45.677
2614.6,44.192
2614.7,42.502
2614.8,41.197
2614.9,41.251
2615,43.093
2615.1,46.428
2615.2,49.712
2615.3,50.903
2615.4,49.433
2615.5,46.427
2615.6,43.773
2615.7,42.213
2615.8,41.538
2615.9,40.982
2616,40.315
2616.1,40.052
2616.2,40.9
2616.3,42.37
2616.4,43.571
2616.5,43.882
2616.6,43.336
2616.7,42.367
2616.8,41.72
2616.9,41.705
2617,42.197
2617.1,42.892
2617.2,43.482
2617.3,43.68
2617.4,43.469
2617.5,43.181
2617.6,42.775
2617.7,42.2
2617.8,41.494
2617.9,40.676
2618,39.861
2618.1,39.609
2618.2,40.375
2618.3,42.449
2618.4,45.824
2618.5,49.36
2618.6,51.592
2618.7,51.377
2618.8,49.116
2618.9,46.128
2619,43.531
2619.1,41.972
2619.2,41.265
2619.3,41.173
2619.4,41.338
2619.5,41.358
2619.6,41.021
2619.7,40.279
2619.8,39.48
2619.9,39.193
2620,39.967
2620.1,41.869
2620.2,44.624
2620.3,47.787
2620.4,50.366
2620.5,51.666
2620.6,51.522
2620.7,50.256
2620.8,48.559
2620.9,46.921
2621,45.931
2621.1,45.868
2621.2,46.552
2621.3,47.105
2621.4,46.986
2621.5,46.274
2621.6,45.508
2621.7,45.369
2621.8,45.79
2621.9,46.511
2622,47.492
2622.1,48.831
2622.2,50.141
2622.3,51.026
2622.4,51.667
2622.5,52.195
2622.6,52.649
2622.7,52.815
2622.8,52.317
2622.9,50.706
2623,48.736
2623.1,47.589
2623.2,47.839
2623.3,49.066
2623.4,50.747
2623.5,52.53
2623.6,53.753
2623.7,53.722
2623.8,52.077
2623.9,49.404
2624,47.26
2624.1,46.734
2624.2,47.842
2624.3,48.787
2624.4,48.418
2624.5,46.038
2624.6,42.515
2624.7,39.122
2624.8,37.27
2624.9,37.182
2625,38.191
2625.1,39.751
2625.2,41.195
2625.3,41.967
2625.4,41.719
2625.5,40.448
2625.6,38.963
2625.7,38.179
2625.8,39.428
2625.9,42.323
2626,46.047
2626.1,49.087
2626.2,50.379
2626.3,50.109
2626.4,48.825
2626.5,47.372
2626.6,46.544
2626.7,46.947
2626.8,48.083
2626.9,48.881
2627,48.911
2627.1,48.685
2627.2,48.644
2627.3,48.732
2627.4,48.379
2627.5,47.165
2627.6,45.512
2627.7,44.128
2627.8,43.271
2627.9,42.92
2628,43.061
2628.1,43.68
2628.2,44.257
2628.3,44.388
2628.4,44.39
2628.5,44.834
2628.6,45.966
2628.7,47.571
2628.8,48.682
2628.9,48.178
2629,45.811
2629.1,43.375
2629.2,41.92
2629.3,41.771
2629.4,42.484
2629.5,43.474
2629.6,44.041
2629.7,44.208
2629.8,43.974
2629.9,43.17
2630,42.242
2630.1,41.622
2630.2,41.29
2630.3,41.121
2630.4,41.291
2630.5,42.028
2630.6,43.565
2630.7,45.88
2630.8,48.556
2630.9,51.206
2631,53.681
2631.1,55.87
2631.2,57.437
2631.3,57.724
2631.4,56.327
2631.5,53.383
2631.6,50.329
2631.7,48.926
2631.8,49.811
2631.9,51.937
2632,53.349
2632.1,53.7
2632.2,53.732
2632.3,53.874
2632.4,53.613
2632.5,52.176
2632.6,49.784
2632.7,47.386
2632.8,45.594
2632.9,44.151
2633,42.831
2633.1,42.098
2633.2,42.603
2633.3,44.124
2633.4,46.228
2633.5,48.394
2633.6,50.129
2633.7,51.112
2633.8,50.597
2633.9,48.951
2634,47.191
2634.1,46.673
2634.2,47.474
2634.3,48.319
2634.4,47.861
2634.5,45.821
2634.6,42.939
2634.7,40.387
2634.8,38.829
2634.9,38.316
2635,38.964
2635.1,40.801
2635.2,43.221
2635.3,45.435
2635.4,46.758
2635.5,47.262
2635.6,47.115
2635.7,46.897
2635.8,46.647
2635.9,45.991
2636,44.674
2636.1,43.053
2636.2,41.987
2636.3,42.235
2636.4,43.937
2636.5,46.082
2636.6,47.624
2636.7,48.039
2636.8,47.991
2636.9,48.34
2637,49.803
2637.1,51.804
2637.2,53.236
2637.3,52.904
2637.4,51.085
2637.5,48.934
2637.6,47.686
2637.7,47.57
2637.8,48.081
2637.9,48.581
2638,48.677
2638.1,48.555
2638.2,48.568
2638.3,49.17
2638.4,50.111
2638.5,50.6
2638.6,49.27
2638.7,46.252
2638.8,43.131
2638.9,42.428
2639,44.729
2639.1,48.778
2639.2,52.635
2639.3,55.129
2639.4,56.023
2639.5,54.806
2639.6,51.31
2639.7,46.771
2639.8,42.747
2639.9,40.68
2640,40.389
2640.1,41.211
2640.2,42.437
2640.3,43.747
2640.4,44.722
2640.5,44.496
2640.6,43.492
2640.7,42.704
2640.8,42.384
2640.9,41.919
2641,40.999
2641.1,40.308
2641.2,41.046
2641.3,43.013
2641.4,44.97
2641.5,45.327
2641.6,44.473
2641.7,43.467
2641.8,43.16
2641.9,43.322
2642,43.456
2642.1,43.672
2642.2,44.259
2642.3,44.845
2642.4,44.771
2642.5,43.837
2642.6,42.671
2642.7,42.384
2642.8,43.559
2642.9,45.462
2643,47.001
2643.1,47.134
2643.2,46.228
2643.3,45.3
2643.4,45.886
2643.5,47.874
2643.6,50.449
2643.7,52.303
2643.8,52.518
2643.9,51.126
2644,48.466
2644.1,45.321
2644.2,42.749
2644.3,41.73
2644.4,42.779
2644.5,45.352
2644.6,48.832
2644.7,51.95
2644.8,53.781
2644.9,54.029
2645,52.642
2645.1,50.658
2645.2,48.935
2645.3,47.763
2645.4,46.747
2645.5,45.857
2645.6,45.563
2645.7,46.432
2645.8,48.61
2645.9,51.279
2646,53.171
2646.1,53.752
2646.2,53.154
2646.3,51.566
2646.4,49.487
2646.5,47.442
2646.6,46.236
2646.7,46.571
2646.8,48.485
2646.9,50.838
2647,52.114
2647.1,51.916
2647.2,50.673
2647.3,49.499
2647.4,48.862
2647.5,48.38
2647.6,47.552
2647.7,46.479
2647.8,45.626
2647.9,45.35
2648,45.438
2648.1,45.61
2648.2,45.577
2648.3,45.188
2648.4,44.546
2648.5,44.097
2648.6,44.146
2648.7,44.609
2648.8,45.124
2648.9,45.574
2649,46.171
2649.1,47.333
2649.2,48.978
2649.3,50.276
2649.4,50.804
2649.5,50.643
2649.6,50.367
2649.7,50.095
2649.8,49.296
2649.9,47.498
2650,44.969
2650.1,42.453
2650.2,40.509
2650.3,39.403
2650.4,39.568
2650.5,40.695
2650.6,41.987
2650.7,42.989
2650.8,43.559
2650.9,44.526
2651,46.826
2651.1,50.074
2651.2,52.27
2651.3,52.138
2651.4,49.608
2651.5,46.397
2651.6,43.847
2651.7,42.463
2651.8,41.545
2651.9,40.947
2652,41.07
2652.1,42.238
2652.2,44.196
2652.3,46.286
2652.4,48.157
2652.5,50.125
2652.6,52.02
2652.7,52.895
2652.8,52.401
2652.9,50.827
2653,49.265
2653.1,48.741
2653.2,49.146
2653.3,49.224
2653.4,48.033
2653.5,45.992
2653.6,44.559
2653.7,44.96
2653.8,46.764
2653.9,48.801
2654,49.772
2654.1,49.568
2654.2,49.015
2654.3,49.454
2654.4,50.466
2654.5,50.907
2654.6,49.726
2654.7,46.934
2654.8,43.22
2654.9,40.12
2655,39.149
2655.1,40.223
2655.2,42.201
2655.3,43.521
2655.4,43.747
2655.5,43.552
2655.6,44.123
2655.7,45.488
2655.8,46.702
2655.9,47.004
2656,46.936
2656.1,46.942
2656.2,46.99
2656.3,46.771
2656.4,46.144
2656.5,45.205
2656.6,44.517
2656.7,44.62
2656.8,45.538
2656.9,46.443
2657,46.862
2657.1,46.659
2657.2,45.825
2657.3,44.635
2657.4,43.586
2657.5,43.533
2657.6,44.022
2657.7,44.408
2657.8,44.179
2657.9,43.958
2658,44.636
2658.1,46.154
2658.2,47.303
2658.3,47.18
2658.4,46.156
2658.5,45.737
2658.6,46.481
2658.7,48.178
2658.8,49.902
2658.9,50.64
2659,50.057
2659.1,48.424
2659.2,46.603
2659.3,44.794
2659.4,43.217
2659.5,42.233
2659.6,42.073
2659.7,43.174
2659.8,45.331
2659.9,47.637
2660,48.688
2660.1,47.282
2660.2,43.866
2660.3,40.399
2660.4,39.475
2660.5,40.987
2660.6,43.61
2660.7,46.091
2660.8,47.8
2660.9,48.63
2661,48.678
2661.1,48.492
2661.2,48.351
2661.3,48.542
2661.4,48.497
2661.5,47.794
2661.6,47.217
2661.7,47.634
2661.8,48.534
2661.9,48.811
2662,48.144
2662.1,47.159
2662.2,46.287
2662.3,45.629
2662.4,44.751
2662.5,43.471
2662.6,42.27
2662.7,41.708
2662.8,42.09
2662.9,43.742
2663,46.734
2663.1,50.456
2663.2,53.604
2663.3,54.877
2663.4,54.121
2663.5,51.776
2663.6,49.123
2663.7,47.561
2663.8,47.741
2663.9,49.583
2664,51.563
2664.1,52.752
2664.2,52.879
2664.3,52.859
2664.4,53.792
2664.5,55.757
2664.6,57.192
2664.7,57.167
2664.8,56.195
2664.9,55.644
2665,55.729
2665.1,55.634
2665.2,54.282
2665.3,51.845
2665.4,49.38
2665.5,48.107
2665.6,47.837
2665.7,48.287
2665.8,49.565
2665.9,51.283
2666,52.466
2666.1,51.902
2666.2,49.584
2666.3,46.741
2666.4,44.843
2666.5,44.581
2666.6,45.057
2666.7,45.288
2666.8,44.886
2666.9,44.223
2667,43.817
2667.1,43.91
2667.2,43.936
2667.3,43.909
2667.4,44.583
2667.5,46.553
2667.6,49.611
2667.7,52.544
2667.8,53.659
2667.9,52.331
2668,49.443
2668.1,46.725
2668.2,45.442
2668.3,46.005
2668.4,47.55
2668.5,48.787
2668.6,49.312
2668.7,49.449
2668.8,49.931
2668.9,50.713
2669,50.998
2669.1,49.952
2669.2,47.714
2669.3,45.205
2669.4,43.495
2669.5,42.79
2669.6,42.899
2669.7,43.826
2669.8,45.362
2669.9,46.983
2670,47.791
2670.1,47.4
2670.2,46.3
2670.3,46.16
2670.4,47.802
2670.5,50.652
2670.6,53.459
2670.7,54.808
2670.8,53.953
2670.9,51.028
2671,47.551
2671.1,44.876
2671.2,43.575
2671.3,43.214
2671.4,42.982
2671.5,42.864
2671.6,43.664
2671.7,45.259
2671.8,46.809
2671.9,47.144
2672,46.286
2672.1,44.777
2672.2,43.636
2672.3,43.387
2672.4,43.681
2672.5,44.474
2672.6,46.145
2672.7,48.538
2672.8,51
2672.9,52.131
2673,51.009
2673.1,47.793
2673.2,44.249
2673.3,42.474
2673.4,43.044
2673.5,45.422
2673.6,47.646
2673.7,48.591
2673.8,47.922
2673.9,46.649
2674,45.684
2674.1,45.487
2674.2,46.009
2674.3,46.721
2674.4,46.965
2674.5,46.194
2674.6,44.851
2674.7,43.752
2674.8,43.785
2674.9,45.102
2675,47.299
2675.1,49.473
2675.2,50.82
2675.3,51.252
2675.4,51.211
2675.5,51.183
2675.6,50.903
2675.7,49.578
2675.8,47.48
2675.9,45.968
2676,46.37
2676.1,48.273
2676.2,50.08
2676.3,51.094
2676.4,51.254
2676.5,51.206
2676.6,51.206
2676.7,50.952
2676.8,50.282
2676.9,49.268
2677,48.317
2677.1,47.927
2677.2,48.42
2677.3,49.531
2677.4,49.989
2677.5,49.464
2677.6,48.646
2677.7,48.696
2677.8,49.785
2677.9,51.003
2678,50.707
2678.1,48.967
2678.2,46.965
2678.3,46.315
2678.4,47.033
2678.5,48.076
2678.6,47.75
2678.7,45.926
2678.8,44.123
2678.9,43.894
2679,44.992
2679.1,46.108
2679.2,46.192
2679.3,45.242
2679.4,44.2
2679.5,43.573
2679.6,43.445
2679.7,43.781
2679.8,44.572
2679.9,45.66
2680,46.675
2680.1,47.447
2680.2,47.959
2680.3,48.239
2680.4,48.234
2680.5,48.166
2680.6,48.584
2680.7,49.418
2680.8,49.776
2680.9,48.815
2681,46.933
2681.1,44.76
2681.2,43.329
2681.3,43.131
2681.4,43.992
2681.5,45.687
2681.6,47.448
2681.7,48.7
2681.8,48.912
2681.9,48.384
2682,47.754
2682.1,47.075
2682.2,46.441
2682.3,46.214
2682.4,46.64
2682.5,47.925
2682.6,49.81
2682.7,51.504
2682.8,51.747
2682.9,50.591
2683,48.995
2683.1,48.035
2683.2,47.859
2683.3,48.061
2683.4,47.544
2683.5,46.008
2683.6,44.102
2683.7,42.695
2683.8,42.227
2683.9,42.631
2684,43.84
2684.1,45.717
2684.2,47.961
2684.3,49.968
2684.4,50.657
2684.5,49.611
2684.6,47.176
2684.7,44.459
2684.8,42.332
2684.9,40.945
2685,40.272
2685.1,40.094
2685.2,40.337
2685.3,40.974
2685.4,41.889
2685.5,42.976
2685.6,44.213
2685.7,45.426
2685.8,46.592
2685.9,47.996
2686,49.98
2686.1,51.922
2686.2,53.07
2686.3,52.699
2686.4,51.227
2686.5,49.603
2686.6,48.526
2686.7,48.021
2686.8,48.21
2686.9,48.874
2687,49.203
2687.1,48.85
2687.2,48.427
2687.3,48.83
2687.4,50.219
2687.5,51.936
2687.6,52.737
2687.7,52.796
2687.8,52.944
2687.9,53.388
2688,53.543
2688.1,53.285
2688.2,52.797
2688.3,52.14
2688.4,51.37
2688.5,50.561
2688.6,50.046
2688.7,50.034
2688.8,50.185
2688.9,49.718
2689,48.731
2689.1,47.813
2689.2,47.275
2689.3,46.663
2689.4,46.001
2689.5,45.673
2689.6,45.736
2689.7,45.906
2689.8,45.602
2689.9,45.051
2690,45.322
2690.1,47.3
2690.2,49.938
2690.3,51.15
2690.4,49.874
2690.5,46.957
2690.6,44.997
2690.7,45.671
2690.8,48.418
2690.9,50.046
2691,48.67
2691.1,44.495
2691.2,40.793
2691.3,39.77
2691.4,41.918
2691.5,44.918
2691.6,46.903
2691.7,47.241
2691.8,46.252
2691.9,44.334
2692,41.554
2692.1,38.357
2692.2,36.019
2692.3,35.854
2692.4,38.427
2692.5,41.67
2692.6,43.925
2692.7,44.213
2692.8,43.745
2692.9,43.878
2693,45.613
2693.1,48.325
2693.2,50.794
2693.3,52.158
2693.4,52.436
2693.5,52.164
2693.6,51.574
2693.7,50.674
2693.8,49.414
2693.9,48.107
2694,47.766
2694.1,48.695
2694.2,50.656
2694.3,52.94
2694.4,54.757
2694.5,55.37
2694.6,54.226
2694.7,52.1
2694.8,50.235
2694.9,49.628
2695,50.205
2695.1,50.889
2695.2,51.257
2695.3,51.836
2695.4,52.599
2695.5,52.849
2695.6,52.19
2695.7,51.602
2695.8,51.651
2695.9,51.769
2696,50.908
2696.1,48.775
2696.2,46.244
2696.3,44.582
2696.4,43.998
2696.5,44.265
2696.6,45.708
2696.7,48.734
2696.8,52.921
2696.9,56.519
2697,58.245
2697.1,57.731
2697.2,55.409
2697.3,53.112
2697.4,51.785
2697.5,51.776
2697.6,52.372
2697.7,52.819
2697.8,52.663
2697.9,52.164
2698,51.735
2698.1,51.845
2698.2,52.6
2698.3,53.238
2698.4,52.928
2698.5,51.332
2698.6,49.112
2698.7,46.999
2698.8,45.743
2698.9,45.188
2699,45.113
2699.1,45.886
2699.2,47.583
2699.3,49.71
2699.4,51.357
2699.5,51.79
2699.6,51.193
2699.7,50.114
2699.8,49.452
2699.9,49.576
2700,49.821
2700.1,49.269
2700.2,48.073
2700.3,46.695
2700.4,45.055
2700.5,43.46
2700.6,42.556
2700.7,43.091
2700.8,45.6
2700.9,49.609
2701,53.221
2701.1,54.932
2701.2,54.8
2701.3,53.153
2701.4,50.542
2701.5,47.914
2701.6,45.951
2701.7,45.363
2701.8,46.067
2701.9,47.399
2702,48.436
2702.1,48.798
2702.2,48.483
2702.3,47.48
2702.4,46.495
2702.5,46.173
2702.6,46.88
2702.7,48.139
2702.8,49.207
2702.9,49.494
2703,49.022
2703.1,48.678
2703.2,49.015
2703.3,49.829
2703.4,50.392
2703.5,50.128
2703.6,48.562
2703.7,46.575
2703.8,45.425
2703.9,45.971
2704,47.484
2704.1,48.647
2704.2,48.003
2704.3,45.179
2704.4,41.178
2704.5,37.398
2704.6,35.138
2704.7,34.767
2704.8,35.925
2704.9,37.967
2705,40.453
2705.1,43.346
2705.2,46.497
2705.3,49.117
2705.4,50.242
2705.5,49.252
2705.6,47.26
2705.7,45.387
2705.8,44.375
2705.9,44.157
2706,44.435
2706.1,45.01
2706.2,45.74
2706.3,46.327
2706.4,46.175
2706.5,45.392
2706.6,45.029
2706.7,45.79
2706.8,47.845
2706.9,49.915
2707,51.01
2707.1,50.801
2707.2,50.051
2707.3,49.535
2707.4,49.365
2707.5,49.077
2707.6,48.273
2707.7,46.693
2707.8,44.562
2707.9,42.429
2708,40.693
2708.1,39.689
2708.2,39.544
2708.3,40.537
2708.4,43.139
2708.5,46.39
2708.6,48.852
2708.7,48.922
2708.8,47.249
2708.9,45.747
2709,45.956
2709.1,47.638
2709.2,49.28
2709.3,49.34
2709.4,47.666
2709.5,45.884
2709.6,45.337
2709.7,46.604
2709.8,48.623
2709.9,50.499
2710,51.754
2710.1,52.894
2710.2,53.836
2710.3,53.413
2710.4,51.168
2710.5,47.92
2710.6,45.236
2710.7,44.439
2710.8,45.581
2710.9,47.923
2711,50.037
2711.1,51.111
2711.2,51.034
2711.3,50.424
2711.4,50.422
2711.5,51.55
2711.6,53.559
2711.7,55.467
2711.8,56.508
2711.9,55.96
2712,53.765
2712.1,51.059
2712.2,49.246
2712.3,48.758
2712.4,49.111
2712.5,49.798
2712.6,50.504
2712.7,51.056
2712.8,51.502
2712.9,51.691
2713,51.372
2713.1,50.55
2713.2,49.153
2713.3,47.509
2713.4,46.163
2713.5,45.802
2713.6,46.284
2713.7,47.052
2713.8,47.31
2713.9,46.667
2714,45.739
2714.1,45.12
2714.2,44.798
2714.3,44.445
2714.4,43.879
2714.5,43.116
2714.6,42.657
2714.7,42.95
2714.8,44.338
2714.9,46.538
2715,49.194
2715.1,51.137
2715.2,51.228
2715.3,49.465
2715.4,46.91
2715.5,45.566
2715.6,46.603
2715.7,49.453
2715.8,51.983
2715.9,52.981
2716,52.444
2716.1,51.534
2716.2,51.476
2716.3,52.514
2716.4,53.705
2716.5,54.132
2716.6,53.437
2716.7,51.147
2716.8,47.89
2716.9,45.115
2717,44.236
2717.1,45.098
2717.2,46.522
2717.3,47.48
2717.4,47.408
2717.5,46.908
2717.6,46.904
2717.7,48.029
2717.8,49.756
2717.9,51.378
2718,52.006
2718.1,51.75
2718.2,51.294
2718.3,51.253
2718.4,51.381
2718.5,51.012
2718.6,50.137
2718.7,49.698
2718.8,50.038
2718.9,50.648
2719,50.569
2719.1,49.695
2719.2,48.474
2719.3,47.763
2719.4,47.778
2719.5,47.949
2719.6,47.756
2719.7,47.088
2719.8,46.192
2719.9,45.917
2720,46.882
2720.1,48.93
2720.2,51.352
2720.3,52.938
2720.4,52.965
2720.5,51.429
2720.6,49.113
2720.7,46.787
2720.8,44.923
2720.9,43.922
2721,43.397
2721.1,43.194
2721.2,43.673
2721.3,44.969
2721.4,46.871
2721.5,48.63
2721.6,49.593
2721.7,49.747
2721.8,49.594
2721.9,49.468
2722,49.166
2722.1,48.582
2722.2,47.703
2722.3,46.649
2722.4,45.484
2722.5,44.562
2722.6,44.212
2722.7,44.731
2722.8,46.198
2722.9,47.772
2723,48.523
2723.1,47.969
2723.2,46.568
2723.3,45.139
2723.4,44.567
2723.5,45.065
2723.6,45.956
2723.7,46.761
2723.8,47.327
2723.9,47.793
2724,48.318
2724.1,49.292
2724.2,50.841
2724.3,52.833
2724.4,54.759
2724.5,55.719
2724.6,55.002
2724.7,52.326
2724.8,48.65
2724.9,45.545
2725,44.034
2725.1,43.877
2725.2,44.195
2725.3,44.477
2725.4,44.82
2725.5,45.303
2725.6,45.676
2725.7,45.511
2725.8,45.274
2725.9,45.939
2726,47.898
2726.1,49.64
2726.2,49.964
2726.3,49.075
2726.4,48.449
2726.5,48.789
2726.6,49.72
2726.7,49.941
2726.8,48.859
2726.9,47.348
2727,46.604
2727.1,46.809
2727.2,47.978
2727.3,50.106
2727.4,52.39
2727.5,54.086
2727.6,54.269
2727.7,52.927
2727.8,50.771
2727.9,48.986
2728,48.027
2728.1,47.852
2728.2,48.004
2728.3,47.72
2728.4,46.999
2728.5,46.186
2728.6,45.699
2728.7,45.712
2728.8,46.483
2728.9,48.196
2729,50.081
2729.1,51.664
2729.2,52.384
2729.3,52.058
2729.4,50.761
2729.5,48.996
2729.6,48.003
2729.7,48.664
2729.8,51.438
2729.9,55.259
2730,58.039
2730.1,58.682
2730.2,57.659
2730.3,56.415
2730.4,55.95
2730.5,56.828
2730.6,58.285
2730.7,59.134
2730.8,58.136
2730.9,55.628
2731,52.532
2731.1,50.263
2731.2,49.804
2731.3,50.978
2731.4,52.933
2731.5,54.545
2731.6,55.11
2731.7,54.714
2731.8,54.593
2731.9,55.88
2732,58.343
2732.1,59.922
2732.2,59.064
2732.3,56.008
2732.4,52.753
2732.5,50.957
2732.6,50.246
2732.7,49.315
2732.8,47.594
2732.9,45.96
2733,45.53
2733.1,45.813
2733.2,45.54
2733.3,44.53
2733.4,43.936
2733.5,44.462
2733.6,45.871
2733.7,47.631
2733.8,49.025
2733.9,49.935
2734,50.637
2734.1,50.794
2734.2,49.945
2734.3,48.168
2734.4,46.085
2734.5,44.13
2734.6,42.676
2734.7,41.958
2734.8,41.59
2734.9,41.938
2735,43.923
2735.1,46.745
2735.2,49.184
2735.3,49.685
2735.4,48.384
2735.5,46.407
2735.6,45.139
2735.7,44.894
2735.8,44.901
2735.9,44.231
2736,42.916
2736.1,41.819
2736.2,42.009
2736.3,43.725
2736.4,45.788
2736.5,46.9
2736.6,46.526
2736.7,45.632
2736.8,44.827
2736.9,44.145
2737,44.006
2737.1,44.42
2737.2,45.17
2737.3,45.73
2737.4,45.372
2737.5,43.532
2737.6,40.981
2737.7,39.19
2737.8,39.484
2737.9,42.111
2738,45.351
2738.1,47.051
2738.2,46.431
2738.3,45.343
2738.4,45.238
2738.5,46.122
2738.6,46.247
2738.7,44.708
2738.8,42.03
2738.9,40.061
2739,40.028
2739.1,42.018
2739.2,44.561
2739.3,46.264
2739.4,46.594
2739.5,45.857
2739.6,44.535
2739.7,43.147
2739.8,42.359
2739.9,42.859
2740,45.101
2740.1,49.115
2740.2,52.844
2740.3,54.41
2740.4,52.898
2740.5,50.071
2740.6,48.229
2740.7,48.824
2740.8,50.618
2740.9,51.305
2741,49.657
2741.1,47.039
2741.2,45.298
2741.3,45.014
2741.4,45.348
2741.5,44.946
2741.6,43.409
2741.7,41.279
2741.8,39.616
2741.9,38.866
2742,38.993
2742.1,39.377
2742.2,39.654
2742.3,39.857
2742.4,40.22
2742.5,40.722
2742.6,41.456
2742.7,42.552
2742.8,43.742
2742.9,44.39
2743,44.061
2743.1,43.38
2743.2,43.025
2743.3,43.856
2743.4,45.721
2743.5,47.804
2743.6,48.885
2743.7,48.486
2743.8,47.264
2743.9,46.567
2744,47.228
2744.1,48.829
2744.2,50.126
2744.3,50.527
2744.4,50.777
2744.5,51.787
2744.6,53.415
2744.7,54.09
2744.8,53.099
2744.9,50.553
2745,48.059
2745.1,47.02
2745.2,47.936
2745.3,49.262
2745.4,49.693
2745.5,49.23
2745.6,48.786
2745.7,48.848
2745.8,48.986
2745.9,47.374
2746,43.78
2746.1,39.943
2746.2,38.698
2746.3,40.327
2746.4,43.497
2746.5,46.266
2746.6,47.739
2746.7,47.923
2746.8,47.059
2746.9,45.692
2747,44.469
2747.1,44.106
2747.2,44.528
2747.3,45.232
2747.4,46.379
2747.5,48.31
2747.6,50.361
2747.7,50.964
2747.8,48.96
2747.9,46.171
2748,45.028
2748.1,47.325
2748.2,50.795
2748.3,53.099
2748.4,52.987
2748.5,51.775
2748.6,50.776
2748.7,50.363
2748.8,50.162
2748.9,49.756
2749,49.058
2749.1,48.478
2749.2,48.127
2749.3,47.936
2749.4,47.899
2749.5,48.465
2749.6,49.926
2749.7,51.87
2749.8,53.277
2749.9,53.001
2750,50.235
2750.1,46.277
2750.2,42.935
2750.3,41.779
2750.4,42.516
2750.5,43.879
2750.6,44.934
2750.7,45.47
2750.8,45.936
2750.9,46.42
2751,46.501
2751.1,45.81
2751.2,44.352
2751.3,42.862
2751.4,42.126
2751.5,42.347
2751.6,43.417
2751.7,44.951
2751.8,46.451
2751.9,47.515
2752,48.283
2752.1,49.05
2752.2,50.078
2752.3,51.682
2752.4,53.491
2752.5,54.869
2752.6,54.89
2752.7,53.769
2752.8,51.978
2752.9,50.292
2753,49.318
2753.1,48.871
2753.2,48.384
2753.3,47.599
2753.4,47
2753.5,47.091
2753.6,46.968
2753.7,45.613
2753.8,42.86
2753.9,39.873
2754,38.222
2754.1,38.754
2754.2,41.289
2754.3,44.717
2754.4,48.174
2754.5,50.346
2754.6,50.383
2754.7,48.812
2754.8,47.282
2754.9,46.835
2755,47.63
2755.1,49.275
2755.2,50.802
2755.3,51.438
2755.4,50.944
2755.5,49.987
2755.6,49.648
2755.7,50.69
2755.8,52.393
2755.9,52.881
2756,51.299
2756.1,48.246
2756.2,45.899
2756.3,45.492
2756.4,47.06
2756.5,49.106
2756.6,50.685
2756.7,51.298
2756.8,50.853
2756.9,49.865
2757,48.795
2757.1,47.717
2757.2,46.868
2757.3,46.648
2757.4,47.369
2757.5,48.88
2757.6,50.65
2757.7,51.296
2757.8,50.797
2757.9,50.223
2758,50.509
2758.1,51.106
2758.2,51.03
2758.3,49.904
2758.4,48.51
2758.5,48.073
2758.6,49.311
2758.7,51.996
2758.8,54.783
2758.9,56.176
2759,55.301
2759.1,53.214
2759.2,51.016
2759.3,49.696
2759.4,49.264
2759.5,49.197
2759.6,48.966
2759.7,48.741
2759.8,48.48
2759.9,47.943
2760,47.51
2760.1,47.584
2760.2,48.529
2760.3,50.835
2760.4,53.866
2760.5,56.088
2760.6,55.415
2760.7,52.3
2760.8,48.094
2760.9,44.798
2761,43.043
2761.1,42.148
2761.2,41.392
2761.3,40.628
2761.4,40.303
2761.5,40.964
2761.6,42.424
2761.7,43.891
2761.8,44.849
2761.9,45.019
2762,44.184
2762.1,42.374
2762.2,40.315
2762.3,39.402
2762.4,40.479
2762.5,43.277
2762.6,45.711
2762.7,46.517
2762.8,45.741
2762.9,44.789
2763,44.845
2763.1,45.876
2763.2,46.383
2763.3,45.325
2763.4,42.754
2763.5,39.648
2763.6,36.964
2763.7,35.37
2763.8,35.148
2763.9,35.619
2764,36.596
2764.1,38.149
2764.2,40.14
2764.3,42.708
2764.4,45.312
2764.5,46.442
2764.6,45.381
2764.7,42.865
2764.8,40.874
2764.9,40.429
2765,41.494
2765.1,42.922
2765.2,43.617
2765.3,43.565
2765.4,43.283
2765.5,43.529
2765.6,44.647
2765.7,46.252
2765.8,47.067
2765.9,46.179
2766,43.481
2766.1,40.329
2766.2,38.146
2766.3,37.706
2766.4,38.848
2766.5,40.859
2766.6,43.34
2766.7,45.646
2766.8,46.917
2766.9,46.922
2767,46.508
2767.1,47.005
2767.2,48.677
2767.3,50.405
2767.4,50.642
2767.5,48.927
2767.6,46.352
2767.7,44.33
2767.8,42.986
2767.9,41.882
2768,40.577
2768.1,39.152
2768.2,37.973
2768.3,37.822
2768.4,39.196
2768.5,42.03
2768.6,45.231
2768.7,47.366
2768.8,48.539
2768.9,49.839
2769,51.361
2769.1,51.738
2769.2,49.074
2769.3,44.135
2769.4,39.455
2769.5,37.307
2769.6,37.856
2769.7,39.42
2769.8,41.225
2769.9,43.269
2770,45.455
2770.1,47.419
2770.2,48.499
2770.3,48.702
2770.4,48.194
2770.5,47.304
2770.6,46.44
2770.7,45.404
2770.8,44.156
2770.9,42.753
2771,41.224
2771.1,40.019
2771.2,39.947
2771.3,41.067
2771.4,42.567
2771.5,43.483
2771.6,43.513
2771.7,42.994
2771.8,42.846
2771.9,43.675
2772,45.566
2772.1,48.399
2772.2,51.31
2772.3,53.001
2772.4,52.387
2772.5,49.997
2772.6,47.194
2772.7,45.539
2772.8,45.895
2772.9,47.963
2773,50.653
2773.1,52.382
2773.2,52.742
2773.3,52.156
2773.4,51.48
2773.5,50.998
2773.6,50.153
2773.7,48.288
2773.8,45.938
2773.9,44.333
2774,44.353
2774.1,45.448
2774.2,46.854
2774.3,47.88
2774.4,48.446
2774.5,48.831
2774.6,48.988
2774.7,48.619
2774.8,47.78
2774.9,47.244
2775,48.341
2775.1,50.669
2775.2,53.177
2775.3,54.124
2775.4,52.986
2775.5,50.237
2775.6,46.763
2775.7,43.723
2775.8,41.501
2775.9,40.25
2776,39.901
2776.1,40.317
2776.2,41.868
2776.3,44.57
2776.4,47.231
2776.5,48.171
2776.6,46.08
2776.7,42.814
2776.8,40.263
2776.9,40.416
2777,43.021
2777.1,46.579
2777.2,49.213
2777.3,50.346
2777.4,50.784
2777.5,51.239
2777.6,51.683
2777.7,51.363
2777.8,49.699
2777.9,47.423
2778,45.852
2778.1,45.499
2778.2,46.518
2778.3,47.771
2778.4,48.008
2778.5,46.33
2778.6,43.81
2778.7,42.097
2778.8,42.298
2778.9,43.578
2779,44.473
2779.1,44.507
2779.2,44.647
2779.3,45.716
2779.4,47.716
2779.5,50.012
2779.6,51.82
2779.7,52.73
2779.8,52.629
2779.9,52.389
2780,52.728
2780.1,53.6
2780.2,54.053
2780.3,53.676
2780.4,52.687
2780.5,51.428
2780.6,49.878
2780.7,47.892
2780.8,45.991
2780.9,44.784
2781,44.362
2781.1,44.329
2781.2,44.258
2781.3,44.226
2781.4,44.395
2781.5,44.447
2781.6,44.15
2781.7,43.777
2781.8,43.886
2781.9,44.588
2782,45.744
2782.1,47.06
2782.2,48.18
2782.3,48.572
2782.4,48.048
2782.5,46.975
2782.6,46.188
2782.7,46.429
2782.8,47.512
2782.9,48.784
2783,48.959
2783.1,47.685
2783.2,45.504
2783.3,43.864
2783.4,43.53
2783.5,43.902
2783.6,43.377
2783.7,41.365
2783.8,39.273
2783.9,38.847
2784,40.673
2784.1,43.325
2784.2,45.162
2784.3,45.303
2784.4,44.41
2784.5,43.012
2784.6,41.472
2784.7,40.109
2784.8,39.255
2784.9,39.561
2785,40.823
2785.1,42.246
2785.2,43.183
2785.3,43.609
2785.4,43.948
2785.5,44.345
2785.6,44.611
2785.7,44.5
2785.8,43.91
2785.9,42.965
2786,42.109
2786.1,42.041
2786.2,43.243
2786.3,44.874
2786.4,46.234
2786.5,46.705
2786.6,46.506
2786.7,46.212
2786.8,46.091
2786.9,46.376
2787,47.376
2787.1,49.199
2787.2,50.729
2787.3,50.993
2787.4,50.21
2787.5,49.401
2787.6,49.1
2787.7,49.042
2787.8,48.684
2787.9,48.087
2788,47.563
2788.1,47.383
2788.2,47.386
2788.3,47.6
2788.4,48.222
2788.5,49
2788.6,49.293
2788.7,48.71
2788.8,47.615
2788.9,46.66
2789,46.118
2789.1,46.03
2789.2,46.043
2789.3,45.847
2789.4,45.387
2789.5,45.088
2789.6,45.38
2789.7,46.438
2789.8,47.681
2789.9,48.482
2790,49.05
2790.1,49.814
2790.2,50.303
2790.3,49.955
2790.4,49.237
2790.5,49.201
2790.6,50.126
2790.7,50.767
2790.8,49.237
2790.9,45.156
2791,40.27
2791.1,37.108
2791.2,36.43
2791.3,37.889
2791.4,40.303
2791.5,42.537
2791.6,43.863
2791.7,44.075
2791.8,43.222
2791.9,41.55
2792,39.787
2792.1,38.708
2792.2,38.378
2792.3,38.723
2792.4,39.393
2792.5,40.088
2792.6,40.593
2792.7,41.04
2792.8,41.51
2792.9,41.571
2793,40.825
2793.1,39.589
2793.2,38.688
2793.3,38.933
2793.4,40.508
2793.5,42.889
2793.6,44.754
2793.7,45.384
2793.8,44.959
2793.9,44.333
2794,44.418
2794.1,45.447
2794.2,46.458
2794.3,46.341
2794.4,45.009
2794.5,43.136
2794.6,42.049
2794.7,42.366
2794.8,44.147
2794.9,46.404
2795,47.724
2795.1,47.076
2795.2,44.924
2795.3,43.176
2795.4,43.026
2795.5,44.375
2795.6,45.703
2795.7,46.272
2795.8,46.419
2795.9,46.762
2796,47.072
2796.1,46.92
2796.2,46.506
2796.3,46.138
2796.4,45.958
2796.5,45.474
2796.6,44.411
2796.7,43.566
2796.8,44.058
2796.9,45.663
2797,47.257
2797.1,47.75
2797.2,47.025
2797.3,45.271
2797.4,43.334
2797.5,42.244
2797.6,42.588
2797.7,44.281
2797.8,45.958
2797.9,46.604
2798,45.819
2798.1,43.94
2798.2,41.657
2798.3,39.603
2798.4,38.532
2798.5,38.658
2798.6,39.64
2798.7,40.629
2798.8,41.193
2798.9,41.833
2799,43.206
2799.1,44.653
2799.2,45.181
2799.3,43.892
2799.4,41.468
2799.5,39.388
2799.6,38.868
2799.7,39.804
2799.8,41.168
2799.9,42.285
2800,42.732
2800.1,42.733
2800.2,43.056
2800.3,44.45
2800.4,46.435
2800.5,48.051
2800.6,48.274
2800.7,47.52
2800.8,46.429
2800.9,45.598
2801,45
2801.1,44.752
2801.2,45.274
2801.3,46.166
2801.4,46.37
2801.5,45.262
2801.6,43.524
2801.7,42.62
2801.8,43.371
2801.9,45.962
2802,49.207
2802.1,52.124
2802.2,53.464
2802.3,52.71
2802.4,50.149
2802.5,47.128
2802.6,45.244
2802.7,44.825
2802.8,45.301
2802.9,45.465
2803,44.87
2803.1,44.111
2803.2,43.643
2803.3,42.941
2803.4,41.548
2803.5,39.997
2803.6,38.966
2803.7,38.715
2803.8,39.54
2803.9,40.722
2804,41.864
2804.1,43.066
2804.2,44.53
2804.3,46.511
2804.4,49.54
2804.5,53.433
2804.6,56.671
2804.7,58.028
2804.8,57.44
2804.9,55.861
2805,54.118
2805.1,53.042
2805.2,52.717
2805.3,52.922
2805.4,53.246
2805.5,53.511
2805.6,53.768
2805.7,54.012
2805.8,53.823
2805.9,52.731
2806,51.029
2806.1,50.106
2806.2,50.601
2806.3,51.776
2806.4,51.945
2806.5,50.68
2806.6,48.716
2806.7,47.444
2806.8,47.499
2806.9,48.561
2807,49.524
2807.1,49.506
2807.2,48.295
2807.3,46.346
2807.4,44.822
2807.5,44.448
2807.6,45.28
2807.7,46.404
2807.8,46.785
2807.9,46.056
2808,44.779
2808.1,44.005
2808.2,44.075
2808.3,44.5
2808.4,44.539
2808.5,44.18
2808.6,43.81
2808.7,43.463
2808.8,42.972
2808.9,42.614
2809,43.153
2809.1,44.928
2809.2,47.427
2809.3,49.444
2809.4,50.199
2809.5,49.513
2809.6,47.621
2809.7,44.99
2809.8,42.014
2809.9,39.43
2810,37.572
2810.1,36.519
2810.2,36.364
2810.3,37.05
2810.4,38.578
2810.5,41.224
2810.6,44.415
2810.7,47.008
2810.8,48.292
2810.9,48.201
2811,47.278
2811.1,46.092
2811.2,45.007
2811.3,44.216
2811.4,43.876
2811.5,44.044
2811.6,44.376
2811.7,44.817
2811.8,45.721
2811.9,47.158
2812,48.588
2812.1,48.453
2812.2,46.085
2812.3,42.923
2812.4,41.218
2812.5,41.973
2812.6,44.026
2812.7,45.922
2812.8,46.453
2812.9,45.999
2813,45.222
2813.1,44.909
2813.2,45.716
2813.3,47.727
2813.4,49.882
2813.5,50.409
2813.6,49.039
2813.7,47.16
2813.8,46.852
2813.9,48.534
2814,50.915
2814.1,52.066
2814.2,51.437
2814.3,49.426
2814.4,46.98
2814.5,45.244
2814.6,44.787
2814.7,45.665
2814.8,47.017
2814.9,48.307
2815,49.457
2815.1,50.796
2815.2,52.538
2815.3,54.401
2815.4,55.882
2815.5,56.939
2815.6,57.404
2815.7,56.496
2815.8,53.641
2815.9,49.094
2816,44.378
2816.1,41.188
2816.2,40.352
2816.3,41.666
2816.4,43.807
2816.5,46.197
2816.6,48.393
2816.7,50.111
2816.8,51.08
2816.9,51.176
2817,50.877
2817.1,50.329
2817.2,49.614
2817.3,49.176
2817.4,49.268
2817.5,49.813
2817.6,50.661
2817.7,51.682
2817.8,52.592
2817.9,53.517
2818,54.547
2818.1,55.18
2818.2,55.207
2818.3,54.642
2818.4,53.242
2818.5,50.941
2818.6,48.477
2818.7,46.613
2818.8,45.914
2818.9,46.492
2819,47.585
2819.1,48.552
2819.2,49.222
2819.3,49.456
2819.4,49.095
2819.5,48.065
2819.6,46.765
2819.7,45.515
2819.8,45.142
2819.9,45.741
2820,46.509
2820.1,46.737
2820.2,46.528
2820.3,46.44
2820.4,47.004
2820.5,48.334
2820.6,49.836
2820.7,50.894
2820.8,51.374
2820.9,51.158
2821,50.009
2821.1,48.211
2821.2,46.594
2821.3,45.575
2821.4,44.931
2821.5,43.934
2821.6,42.497
2821.7,41.413
2821.8,41.722
2821.9,43.258
2822,44.933
2822.1,45.613
2822.2,45.424
2822.3,45.438
2822.4,46.913
2822.5,49.524
2822.6,52.184
2822.7,53.185
2822.8,52.582
2822.9,51.094
2823,49.474
2823.1,48.027
2823.2,46.828
2823.3,46.224
2823.4,46.718
2823.5,48.556
2823.6,51.472
2823.7,54.337
2823.8,55.983
2823.9,55.931
2824,54.715
2824.1,53.609
2824.2,53.369
2824.3,54.068
2824.4,55.013
2824.5,55.704
2824.6,56.053
2824.7,56.747
2824.8,57.923
2824.9,59.007
2825,59.584
2825.1,59.75
2825.2,59.853
2825.3,60.004
2825.4,59.644
2825.5,58.15
2825.6,56.068
2825.7,54.681
2825.8,54.256
2825.9,54.307
2826,54.243
2826.1,54.435
2826.2,55.823
2826.3,58.257
2826.4,60.518
2826.5,61.45
2826.6,60.802
2826.7,58.951
2826.8,56.357
2826.9,53.505
2827,50.821
2827.1,48.683
2827.2,47.469
2827.3,46.706
2827.4,45.833
2827.5,44.697
2827.6,43.906
2827.7,43.926
2827.8,44.576
2827.9,45.237
2828,45.662
2828.1,45.969
2828.2,46.05
2828.3,45.762
2828.4,45.456
2828.5,45.822
2828.6,47.226
2828.7,49.224
2828.8,51.328
2828.9,53.393
2829,55.581
2829.1,57.75
2829.2,58.991
2829.3,58.84
2829.4,58.165
2829.5,58.688
2829.6,60.668
2829.7,62.767
2829.8,63.139
2829.9,61.658
2830,59.687
2830.1,58.989
2830.2,59.376
2830.3,59.473
2830.4,58.277
2830.5,56.656
2830.6,55.634
2830.7,55.369
2830.8,55.073
2830.9,54.697
2831,54.969
2831.1,56.024
2831.2,57.222
2831.3,57.74
2831.4,57.188
2831.5,55.879
2831.6,54.226
2831.7,52.286
2831.8,50.237
2831.9,48.767
2832,48.824
2832.1,50.016
2832.2,51.836
2832.3,54.344
2832.4,57.206
2832.5,59.949
2832.6,61.538
2832.7,61.526
2832.8,60.558
2832.9,59.516
2833,58.508
2833.1,56.859
2833.2,54.491
2833.3,52.671
2833.4,52.123
2833.5,52.371
2833.6,51.95
2833.7,50.387
2833.8,48.555
2833.9,47.514
2834,47.487
2834.1,48.399
2834.2,50.247
2834.3,52.105
2834.4,52.544
2834.5,50.547
2834.6,47.25
2834.7,44.954
2834.8,45.098
2834.9,47.043
2835,48.783
2835.1,49.015
2835.2,47.927
2835.3,46.72
2835.4,45.914
2835.5,46.153
2835.6,47.868
2835.7,50.832
2835.8,53.43
2835.9,53.913
2836,51.702
2836.1,47.862
2836.2,44.94
2836.3,43.918
2836.4,44.226
2836.5,44.759
2836.6,45.214
2836.7,45.716
2836.8,46.555
2836.9,47.749
2837,48.984
2837.1,50.222
2837.2,51.515
2837.3,52.671
2837.4,53.23
2837.5,52.869
2837.6,51.468
2837.7,49.317
2837.8,47.759
2837.9,48.133
2838,50.795
2838.1,54.595
2838.2,57.809
2838.3,59.532
2838.4,59.383
2838.5,58.153
2838.6,56.54
2838.7,55.354
2838.8,54.996
2838.9,55.009
2839,54.663
2839.1,53.976
2839.2,53.082
2839.3,51.423
2839.4,48.515
2839.5,45.288
2839.6,43.225
2839.7,43.317
2839.8,44.474
2839.9,45.067
2840,44.731
2840.1,45.297
2840.2,47.561
2840.3,50.336
2840.4,51.837
2840.5,51.475
2840.6,49.688
2840.7,47.872
2840.8,46.568
2840.9,45.344
2841,44.077
2841.1,43.653
2841.2,44.526
2841.3,45.889
2841.4,46.73
2841.5,46.831
2841.6,46.967
2841.7,48.032
2841.8,49.757
2841.9,50.989
2842,51.334
2842.1,51.127
2842.2,50.473
2842.3,49.321
2842.4,48.015
2842.5,47.413
2842.6,48.518
2842.7,50.99
2842.8,53.724
2842.9,55.655
2843,56.485
2843.1,56.443
2843.2,55.829
2843.3,54.715
2843.4,53.326
2843.5,52.397
2843.6,52.358
2843.7,52.377
2843.8,50.815
2843.9,47.646
2844,44.722
2844.1,44.504
2844.2,47.339
2844.3,51.26
2844.4,54.648
2844.5,56.647
2844.6,58.128
2844.7,59.725
2844.8,60.882
2844.9,61.157
2845,60.684
2845.1,59.237
2845.2,56.578
2845.3,53.182
2845.4,50.291
2845.5,48.847
2845.6,49.14
2845.7,50.709
2845.8,52.493
2845.9,53.998
2846,55.095
2846.1,55.613
2846.2,55.497
2846.3,54.932
2846.4,53.997
2846.5,52.856
2846.6,51.69
2846.7,50.648
2846.8,49.717
2846.9,48.524
2847,47.1
2847.1,46.227
2847.2,46.6
2847.3,48.305
2847.4,50.007
2847.5,50.703
2847.6,50.095
2847.7,48.823
2847.8,47.979
2847.9,48.114
2848,49.43
2848.1,50.79
2848.2,51.298
2848.3,50.306
2848.4,48.409
2848.5,46.691
2848.6,46.006
2848.7,46.671
2848.8,48.598
2848.9,51.153
2849,52.793
2849.1,52.597
2849.2,50.789
2849.3,48.843
2849.4,48.374
2849.5,50.176
2849.6,54.386
2849.7,59.009
2849.8,62.608
2849.9,63.514
2850,62.083
2850.1,59.374
2850.2,56.49
2850.3,54.129
2850.4,52.164
2850.5,50.355
2850.6,48.815
2850.7,48.385
2850.8,50.28
2850.9,54.349
2851,58.295
2851.1,59.757
2851.2,57.11
2851.3,52.774
2851.4,49.176
2851.5,47.47
2851.6,46.608
2851.7,46.088
2851.8,46.322
2851.9,47.25
2852,48.445
2852.1,49.075
2852.2,48.478
2852.3,47.079
2852.4,45.345
2852.5,43.544
2852.6,42.217
2852.7,41.913
2852.8,42.76
2852.9,43.688
2853,43.773
2853.1,42.694
2853.2,41.827
2853.3,42.626
2853.4,45.333
2853.5,48.17
2853.6,49.6
2853.7,49.478
2853.8,49.145
2853.9,49.572
2854,50.479
2854.1,50.682
2854.2,49.689
2854.3,48.086
2854.4,47.23
2854.5,47.759
2854.6,49.468
2854.7,51.548
2854.8,52.901
2854.9,53.428
2855,53.552
2855.1,53.575
2855.2,53.552
2855.3,53.583
2855.4,54.077
2855.5,54.881
2855.6,55.122
2855.7,53.735
2855.8,51.455
2855.9,49.799
2856,50.449
2856.1,53.024
2856.2,56.453
2856.3,59.121
2856.4,60.016
2856.5,58.906
2856.6,56.418
2856.7,54.062
2856.8,53.118
2856.9,53.867
2857,55.215
2857.1,55.802
2857.2,54.998
2857.3,53.423
2857.4,52.336
2857.5,52.287
2857.6,53.175
2857.7,54.337
2857.8,55.549
2857.9,56.516
2858,56.688
2858.1,55.77
2858.2,54.061
2858.3,52.595
2858.4,51.957
2858.5,52.008
2858.6,52.405
2858.7,52.951
2858.8,53.643
2858.9,54.121
2859,53.73
2859.1,52.187
2859.2,49.598
2859.3,46.945
2859.4,44.587
2859.5,42.895
2859.6,42.345
2859.7,42.834
2859.8,44.287
2859.9,46.408
2860,48.373
2860.1,49.426
2860.2,50.026
2860.3,51.128
2860.4,52.722
2860.5,54.384
2860.6,55.492
2860.7,55.505
2860.8,54.785
2860.9,54.621
2861,55.234
2861.1,56.146
2861.2,56.742
2861.3,56.625
2861.4,56.253
2861.5,56.894
2861.6,58.648
2861.7,60.318
2861.8,60.613
2861.9,59.849
2862,58.892
2862.1,57.866
2862.2,55.877
2862.3,52.187
2862.4,47.178
2862.5,42.713
2862.6,40.349
2862.7,41.142
2862.8,44.272
2862.9,48.507
2863,52.438
2863.1,54.558
2863.2,54.91
2863.3,54.435
2863.4,54.103
2863.5,54.224
2863.6,54.486
2863.7,54.109
2863.8,52.81
2863.9,51.077
2864,49.374
2864.1,47.431
2864.2,45.283
2864.3,43.433
2864.4,42.764
2864.5,44.045
2864.6,47.448
2864.7,51.951
2864.8,56.106
2864.9,58.63
2865,58.711
2865.1,57.215
2865.2,55.338
2865.3,53.494
2865.4,51.718
2865.5,49.971
2865.6,48.3
2865.7,46.758
2865.8,45.288
2865.9,43.776
2866,42.512
2866.1,42.042
2866.2,42.393
2866.3,43.091
2866.4,44.017
2866.5,45.361
2866.6,47.084
2866.7,49.089
2866.8,51.254
2866.9,52.705
2867,53.099
2867.1,52.495
2867.2,51.351
2867.3,50.387
2867.4,50.014
2867.5,50.461
2867.6,51.119
2867.7,51.694
2867.8,52.173
2867.9,52.648
2868,53.245
2868.1,53.744
2868.2,53.261
2868.3,51.476
2868.4,49.256
2868.5,47.83
2868.6,47.357
2868.7,48.061
2868.8,50.257
2868.9,52.895
2869,54.842
2869.1,55.47
2869.2,55.245
2869.3,54.963
2869.4,55.158
2869.5,55.094
2869.6,54.073
2869.7,52.785
2869.8,52.648
2869.9,53.369
2870,53.65
2870.1,52.16
2870.2,49.209
2870.3,46.168
2870.4,45.09
2870.5,46.071
2870.6,47.763
2870.7,48.432
2870.8,47.806
2870.9,46.798
2871,47.287
2871.1,49.972
2871.2,53.409
2871.3,55.676
2871.4,55.787
2871.5,54.57
2871.6,53.421
2871.7,53.86
2871.8,55.189
2871.9,56.123
2872,55.675
2872.1,54.396
2872.2,53.102
2872.3,52.397
2872.4,52.179
2872.5,52.078
2872.6,51.962
2872.7,51.804
2872.8,51.576
2872.9,51.665
2873,52.45
2873.1,53.419
2873.2,53.926
2873.3,53.444
2873.4,52.758
2873.5,52.802
2873.6,53.396
2873.7,53.291
2873.8,52.101
2873.9,50.504
2874,49.568
2874.1,49.78
2874.2,50.776
2874.3,51.605
2874.4,52.217
2874.5,53.273
2874.6,55.215
2874.7,57.466
2874.8,59.068
2874.9,58.923
2875,57.454
2875.1,55.798
2875.2,54.472
2875.3,53.299
2875.4,52.372
2875.5,51.615
2875.6,50.839
2875.7,50.041
2875.8,49.435
2875.9,49.232
2876,49.411
2876.1,50.238
2876.2,51.099
2876.3,51.364
2876.4,51.275
2876.5,51.445
2876.6,52.487
2876.7,54.39
2876.8,56.501
2876.9,57.807
2877,58.081
2877.1,58.025
2877.2,58.134
2877.3,58.232
2877.4,58.004
2877.5,57.351
2877.6,56.222
2877.7,54.673
2877.8,53.122
2877.9,51.593
2878,49.974
2878.1,48.881
2878.2,48.971
2878.3,50.244
2878.4,51.77
2878.5,52.176
2878.6,51.129
2878.7,49.776
2878.8,49.339
2878.9,49.475
2879,48.675
2879.1,46.365
2879.2,43.71
2879.3,42.299
2879.4,43.033
2879.5,45.044
2879.6,47.7
2879.7,50.573
2879.8,53.743
2879.9,56.763
2880,57.936
2880.1,56.753
2880.2,53.914
2880.3,51.271
2880.4,50.115
2880.5,50.358
2880.6,51.319
2880.7,52.213
2880.8,53.093
2880.9,53.644
2881,53.505
2881.1,53.034
2881.2,52.413
2881.3,51.91
2881.4,51.542
2881.5,51.306
2881.6,51.091
2881.7,50.323
2881.8,48.734
2881.9,46.448
2882,44.794
2882.1,44.763
2882.2,45.802
2882.3,46.354
2882.4,45.633
2882.5,44.072
2882.6,43.419
2882.7,44.815
2882.8,48.038
2882.9,51.463
2883,53.974
2883.1,55.483
2883.2,55.984
2883.3,55.716
2883.4,54.91
2883.5,53.999
2883.6,53.758
2883.7,54.397
2883.8,55.064
2883.9,54.696
2884,53.338
2884.1,51.521
2884.2,50.223
2884.3,50.313
2884.4,52.058
2884.5,54.739
2884.6,57.028
2884.7,58.323
2884.8,58.451
2884.9,57.871
2885,56.517
2885.1,54.084
2885.2,51.392
2885.3,49.358
2885.4,48.014
2885.5,46.808
2885.6,45.453
2885.7,44.546
2885.8,45.107
2885.9,47.038
2886,49.352
2886.1,50.521
2886.2,50.441
2886.3,49.598
2886.4,48.991
2886.5,49.417
2886.6,50.657
2886.7,51.739
2886.8,51.692
2886.9,50.547
2887,49.027
2887.1,48.503
2887.2,49.528
2887.3,51.703
2887.4,53.6
2887.5,53.741
2887.6,51.726
2887.7,48.755
2887.8,46.986
2887.9,47.088
2888,48.596
2888.1,50.245
2888.2,51.358
2888.3,51.931
2888.4,52.556
2888.5,53.522
2888.6,54.835
2888.7,56.363
2888.8,57.618
2888.9,58
2889,57.582
2889.1,57.339
2889.2,57.616
2889.3,57.899
2889.4,57.32
2889.5,55.557
2889.6,53.107
2889.7,51.504
2889.8,51.789
2889.9,53.484
2890,54.455
2890.1,53.43
2890.2,51.244
2890.3,49.808
2890.4,49.62
2890.5,49.895
2890.6,49.445
2890.7,48.503
2890.8,47.915
2890.9,48.564
2891,49.69
2891.1,50.714
2891.2,52.282
2891.3,54.196
2891.4,55.33
2891.5,54.286
2891.6,51.174
2891.7,47.148
2891.8,43.785
2891.9,42.496
2892,43.123
2892.1,45.298
2892.2,48.028
2892.3,49.862
2892.4,50.295
2892.5,49.689
2892.6,48.985
2892.7,48.359
2892.8,47.487
2892.9,46.092
2893,44.716
2893.1,44.411
2893.2,45.087
2893.3,46.085
2893.4,46.947
2893.5,47.172
2893.6,46.917
2893.7,46.625
2893.8,46.89
2893.9,48.388
2894,51.635
2894.1,56.52
2894.2,61.048
2894.3,63.823
2894.4,63.715
2894.5,61.68
2894.6,59.278
2894.7,57.631
2894.8,56.773
2894.9,56.053
2895,55.171
2895.1,54.308
2895.2,53.82
2895.3,53.762
2895.4,54.251
2895.5,55.708
2895.6,58.115
2895.7,60.669
2895.8,61.853
2895.9,60.795
2896,57.452
2896.1,53.551
2896.2,50.824
2896.3,50.218
2896.4,51.024
2896.5,52.098
2896.6,52.603
2896.7,52.534
2896.8,52.274
2896.9,52.01
2897,51.75
2897.1,51.538
2897.2,51.794
2897.3,53.134
2897.4,55.15
2897.5,57.011
2897.6,57.656
2897.7,57.236
2897.8,56.247
2897.9,54.971
2898,53.416
2898.1,51.658
2898.2,50.313
2898.3,50.492
2898.4,52.048
2898.5,53.624
2898.6,53.413
2898.7,51.573
2898.8,49.319
2898.9,47.894
2899,47.151
2899.1,46.628
2899.2,46.604
2899.3,47.577
2899.4,49.294
2899.5,50.961
2899.6,51.761
2899.7,52.128
2899.8,53.189
2899.9,54.996
2900,56.261
2900.1,55.946
2900.2,54.048
2900.3,51.327
2900.4,48.359
2900.5,46.248
2900.6,45.414
2900.7,45.832
2900.8,47.239
2900.9,48.884
2901,50.366
2901.1,51.417
2901.2,52.004
2901.3,52.522
2901.4,53.306
2901.5,53.885
2901.6,53.504
2901.7,52.053
2901.8,50.761
2901.9,50.544
2902,50.96
2902.1,50.677
2902.2,49.526
2902.3,48.488
2902.4,48.464
2902.5,48.929
2902.6,49.511
2902.7,50.465
2902.8,51.881
2902.9,52.985
2903,52.398
2903.1,49.541
2903.2,45.608
2903.3,42.435
2903.4,42.154
2903.5,44.699
2903.6,48.969
2903.7,52.973
2903.8,55.468
2903.9,56.618
2904,56.946
2904.1,56.706
2904.2,55.733
2904.3,54.285
2904.4,53.122
2904.5,52.347
2904.6,51.703
2904.7,51.001
2904.8,50.495
2904.9,50.348
2905,50.081
2905.1,49.406
2905.2,48.855
2905.3,49.443
2905.4,50.688
2905.5,51.316
2905.6,50.516
2905.7,49.091
2905.8,48.307
2905.9,49.034
2906,51.118
2906.1,53.776
2906.2,56.345
2906.3,57.964
2906.4,57.859
2906.5,56.063
2906.6,53.943
2906.7,52.848
2906.8,52.93
2906.9,54.027
2907,55.614
2907.1,56.992
2907.2,57.193
2907.3,55.636
2907.4,52.494
2907.5,49.231
2907.6,47.457
2907.7,47.02
2907.8,47.096
2907.9,47.073
2908,47.305
2908.1,48.646
2908.2,52.056
2908.3,56.692
2908.4,60.951
2908.5,62.828
2908.6,62.648
2908.7,61.879
2908.8,62.028
2908.9,62.697
2909,62.41
2909.1,60.417
2909.2,57.977
2909.3,56.381
2909.4,55.79
2909.5,55.365
2909.6,54.942
2909.7,55.564
2909.8,58.334
2909.9,62.147
2910,65.158
2910.1,65.158
2910.2,62.372
2910.3,58.194
2910.4,54.658
2910.5,52.763
2910.6,51.967
2910.7,51.41
2910.8,50.455
2910.9,49.407
2911,48.858
2911.1,49.019
2911.2,49.645
2911.3,50.594
2911.4,51.727
2911.5,52.542
2911.6,52.391
2911.7,51.242
2911.8,50.303
2911.9,50.271
2912,50.935
2912.1,51.28
2912.2,50.944
2912.3,50.171
2912.4,49.289
2912.5,48.524
2912.6,48.176
2912.7,48.734
2912.8,49.978
2912.9,51.4
2913,52.229
2913.1,52.399
2913.2,52.64
2913.3,53.374
2913.4,53.868
2913.5,53.482
2913.6,51.952
2913.7,49.624
2913.8,47.089
2913.9,45.256
2914,44.799
2914.1,45.879
2914.2,48.24
2914.3,50.072
2914.4,49.695
2914.5,47.317
2914.6,44.972
2914.7,44.288
2914.8,45.217
2914.9,46.801
2915,48.234
2915.1,49.633
2915.2,51.164
2915.3,52.704
2915.4,53.988
2915.5,54.731
2915.6,54.373
2915.7,52.482
2915.8,49.353
2915.9,46.423
2916,44.909
2916.1,45.028
2916.2,46.105
2916.3,47.283
2916.4,48.404
2916.5,49.592
2916.6,51.032
2916.7,52.497
2916.8,53.582
2916.9,54.005
2917,53.602
2917.1,52.686
2917.2,51.547
2917.3,50.559
2917.4,50.194
2917.5,50.35
2917.6,50.062
2917.7,48.358
2917.8,45.381
2917.9,42.979
2918,42.557
2918.1,44.822
2918.2,48.594
2918.3,53.008
2918.4,56.972
2918.5,59.344
2918.6,59.337
2918.7,56.661
2918.8,52.983
2918.9,50.485
2919,50.429
2919.1,52.548
2919.2,55.369
2919.3,57.833
2919.4,58.704
2919.5,58.31
2919.6,57.35
2919.7,56.796
2919.8,56.941
2919.9,57.219
2920,56.648
2920.1,54.931
2920.2,52.79
2920.3,51.18
2920.4,50.438
2920.5,50.123
2920.6,50.133
2920.7,50.563
2920.8,51.013
2920.9,51.335
2921,51.532
2921.1,51.661
2921.2,51.702
2921.3,51.456
2921.4,50.557
2921.5,48.938
2921.6,47.505
2921.7,47.071
2921.8,47.632
2921.9,48.889
2922,49.906
2922.1,50.023
2922.2,49.508
2922.3,49.074
2922.4,49.302
2922.5,50.36
2922.6,51.716
2922.7,52.303
2922.8,51.496
2922.9,49.603
2923,47.899
2923.1,47.328
2923.2,48.285
2923.3,49.798
2923.4,50.981
2923.5,51.159
2923.6,50.149
2923.7,48.578
2923.8,47.324
2923.9,47.359
2924,48.844
2924.1,51.537
2924.2,54.86
2924.3,57.753
2924.4,59.544
2924.5,59.625
2924.6,58.538
2924.7,56.792
2924.8,54.466
2924.9,51.962
2925,50.398
2925.1,51.2
2925.2,54.8
2925.3,59.606
2925.4,63.572
2925.5,65.498
2925.6,66.133
2925.7,66.081
2925.8,65.637
2925.9,64.988
2926,64.022
2926.1,62.277
2926.2,59.724
2926.3,56.755
2926.4,54.471
2926.5,53.621
2926.6,53.879
2926.7,54.759
2926.8,55.847
2926.9,56.805
2927,57.772
2927.1,59.1
2927.2,60.403
2927.3,61.334
2927.4,61.755
2927.5,61.324
2927.6,60.008
2927.7,58.469
2927.8,57.441
2927.9,57.276
2928,58.116
2928.1,59.009
2928.2,59.094
2928.3,58.506
2928.4,57.857
2928.5,57.28
2928.6,56.827
2928.7,56.202
2928.8,55.237
2928.9,54.334
2929,54.013
2929.1,54.649
2929.2,56.368
2929.3,58.267
2929.4,58.643
2929.5,56.99
2929.6,54.576
2929.7,53.234
2929.8,53.577
2929.9,55.031
2930,55.988
2930.1,55.786
2930.2,54.737
2930.3,53.906
2930.4,54.127
2930.5,55.853
2930.6,58.634
2930.7,60.539
2930.8,60.604
2930.9,59.114
2931,57.599
2931.1,56.788
2931.2,56.868
2931.3,57.534
2931.4,58.215
2931.5,58.272
2931.6,57.284
2931.7,55.667
2931.8,54.272
2931.9,54.091
2932,54.692
2932.1,54.743
2932.2,53.064
2932.3,50.881
2932.4,49.542
2932.5,49.911
2932.6,51.045
2932.7,51.984
2932.8,52.558
2932.9,53.158
2933,53.898
2933.1,54.36
2933.2,54.492
2933.3,55.18
2933.4,56.76
2933.5,58.242
2933.6,58.345
2933.7,57.035
2933.8,55.104
2933.9,53.471
2934,52.422
2934.1,52.085
2934.2,52.869
2934.3,55.081
2934.4,58.217
2934.5,60.777
2934.6,61.623
2934.7,60.238
2934.8,57.445
2934.9,54.981
2935,54.043
2935.1,54.706
2935.2,55.536
2935.3,55.714
2935.4,55.435
2935.5,55.657
2935.6,56.472
2935.7,56.744
2935.8,55.487
2935.9,52.821
2936,49.967
2936.1,48.754
2936.2,50.023
2936.3,53.655
2936.4,57.773
2936.5,60.427
2936.6,61.038
2936.7,60.395
2936.8,60.422
2936.9,61.382
2937,61.648
2937.1,60.202
2937.2,57.242
2937.3,54.348
2937.4,53.114
2937.5,53.983
2937.6,56.469
2937.7,59.001
2937.8,60.393
2937.9,59.809
2938,57.723
2938.1,55.47
2938.2,53.974
2938.3,53.736
2938.4,54.268
2938.5,54.975
2938.6,55.797
2938.7,57.132
2938.8,58.457
2938.9,58.265
2939,56.165
2939.1,53.041
2939.2,50.77
2939.3,50.558
2939.4,51.636
2939.5,52.495
2939.6,51.957
2939.7,50.215
2939.8,47.708
2939.9,45.814
2940,45.63
2940.1,47.2
2940.2,49.57
2940.3,51.154
2940.4,51.188
2940.5,50.249
2940.6,49.97
2940.7,50.981
2940.8,53.258
2940.9,55.932
2941,57.806
2941.1,58.371
2941.2,58.617
2941.3,59.513
2941.4,61.284
2941.5,63.787
2941.6,66.053
2941.7,67.045
2941.8,66.022
2941.9,63.694
2942,60.846
2942.1,58.692
2942.2,57.94
2942.3,58.03
2942.4,57.885
2942.5,57.084
2942.6,56.261
2942.7,56.437
2942.8,58.145
2942.9,60.523
2943,61.973
2943.1,60.932
2943.2,58.349
2943.3,55.788
2943.4,55.206
2943.5,56.482
2943.6,58.548
2943.7,60.794
2943.8,63.094
2943.9,65.123
2944,65.921
2944.1,65.17
2944.2,63.43
2944.3,61.546
2944.4,60.88
2944.5,61.287
2944.6,61.664
2944.7,60.845
2944.8,58.686
2944.9,55.685
2945,53.306
2945.1,52.689
2945.2,53.629
2945.3,55.011
2945.4,56.336
2945.5,57.794
2945.6,59.124
2945.7,59.266
2945.8,57.57
2945.9,54.448
2946,51.403
2946.1,49.643
2946.2,49.199
2946.3,49.116
2946.4,48.788
2946.5,48.396
2946.6,48.499
2946.7,48.979
2946.8,49.585
2946.9,50.068
2947,50.54
2947.1,51.294
2947.2,52.501
2947.3,54.265
2947.4,56.746
2947.5,60.473
2947.6,65.374
2947.7,69.81
2947.8,71.94
2947.9,70.308
2948,66.703
2948.1,63.16
2948.2,61.722
2948.3,61.843
2948.4,61.833
2948.5,60.165
2948.6,57.099
2948.7,54.195
2948.8,53.18
2948.9,53.972
2949,54.921
2949.1,54.648
2949.2,53.107
2949.3,51.582
2949.4,51.519
2949.5,53.549
2949.6,56.249
2949.7,58.364
2949.8,59.089
2949.9,58.595
2950,57.294
2950.1,55.864
2950.2,54.693
2950.3,54.056
2950.4,54.649
2950.5,56.488
2950.6,58.358
2950.7,59.377
2950.8,59.889
2950.9,60.599
2951,61.671
2951.1,62.413
2951.2,61.743
2951.3,59.329
2951.4,56.548
2951.5,55.079
2951.6,54.948
2951.7,55.245
2951.8,54.955
2951.9,53.701
2952,51.796
2952.1,50.333
2952.2,49.834
2952.3,49.947
2952.4,50.048
2952.5,49.968
2952.6,50.221
2952.7,51.605
2952.8,53.622
2952.9,55.054
2953,54.574
2953.1,52.892
2953.2,51.505
2953.3,51.662
2953.4,52.907
2953.5,53.952
2953.6,54.017
2953.7,53.614
2953.8,53.715
2953.9,54.953
2954,56.849
2954.1,58.167
2954.2,58.23
2954.3,57.334
2954.4,56.585
2954.5,56.476
2954.6,56.743
2954.7,56.504
2954.8,55.268
2954.9,53.88
2955,53.498
2955.1,54.026
2955.2,54.712
2955.3,55.025
2955.4,55.138
2955.5,55.208
2955.6,55.416
2955.7,55.549
2955.8,55.438
2955.9,55.403
2956,55.365
2956.1,54.77
2956.2,53.503
2956.3,52.859
2956.4,53.472
2956.5,54.76
2956.6,54.928
2956.7,53.11
2956.8,50.238
2956.9,48.79
2957,49.961
2957.1,52.936
2957.2,55.442
2957.3,56.144
2957.4,55.085
2957.5,53.398
2957.6,52.465
2957.7,52.955
2957.8,54.624
2957.9,56.183
2958,57.172
2958.1,57.557
2958.2,57.613
2958.3,57.45
2958.4,56.903
2958.5,55.703
2958.6,54.091
2958.7,52.643
2958.8,51.707
2958.9,51.215
2959,51.222
2959.1,51.845
2959.2,52.563
2959.3,53.023
2959.4,53.153
2959.5,53.484
2959.6,54.558
2959.7,56.191
2959.8,57.463
2959.9,57.796
2960,57.559
2960.1,57.526
2960.2,57.499
2960.3,56.81
2960.4,55.212
2960.5,53.443
2960.6,52.187
2960.7,51.609
2960.8,51.065
2960.9,50.504
2961,50.502
2961.1,51.592
2961.2,53.441
2961.3,54.709
2961.4,54.348
2961.5,52.596
2961.6,50.674
2961.7,50.391
2961.8,52.485
2961.9,56.211
2962,59.12
2962.1,59.587
2962.2,57.741
2962.3,55.225
2962.4,54.161
2962.5,55.003
2962.6,56.666
2962.7,57.747
2962.8,57.684
2962.9,56.49
2963,54.704
2963.1,52.61
2963.2,50.472
2963.3,48.26
2963.4,45.987
2963.5,44.521
2963.6,45.012
2963.7,47.566
2963.8,51.117
2963.9,53.409
2964,53.203
2964.1,51.016
2964.2,49.169
2964.3,49.374
2964.4,51.272
2964.5,53.076
2964.6,52.626
2964.7,49.958
2964.8,46.686
2964.9,45.016
2965,45.749
2965.1,48.377
2965.2,51.676
2965.3,54.361
2965.4,55.579
2965.5,55.031
2965.6,53.225
2965.7,50.783
2965.8,49.184
2965.9,49.213
2966,50.179
2966.1,50.468
2966.2,49.504
2966.3,48.003
2966.4,47.209
2966.5,48.117
2966.6,49.947
2966.7,51.541
2966.8,52.162
2966.9,52.032
2967,51.541
2967.1,51.425
2967.2,52.114
2967.3,53.257
2967.4,54.095
2967.5,54.306
2967.6,54.151
2967.7,54.21
2967.8,54.873
2967.9,55.606
2968,55.404
2968.1,54.039
2968.2,52.06
2968.3,50.065
2968.4,49.048
2968.5,49.308
2968.6,50.702
2968.7,53.036
2968.8,55.21
2968.9,56.359
2969,56.042
2969.1,54.979
2969.2,53.792
2969.3,52.887
2969.4,52.498
2969.5,52.314
2969.6,52.142
2969.7,51.912
2969.8,51.837
2969.9,52.384
2970,53.507
2970.1,54.606
2970.2,55.141
2970.3,54.847
2970.4,54.061
2970.5,53.208
2970.6,52.843
2970.7,53.246
2970.8,54.347
2970.9,55.292
2971,55.018
2971.1,53.478
2971.2,51.716
2971.3,51.02
2971.4,51.401
2971.5,52.493
2971.6,54.447
2971.7,57.514
2971.8,61.283
2971.9,63.971
2972,64.44
2972.1,62.506
2972.2,59.615
2972.3,58.008
2972.4,58.299
2972.5,60.22
2972.6,62.697
2972.7,64.707
2972.8,65.09
2972.9,63.66
2973,61.711
2973.1,60.107
2973.2,59.21
2973.3,58.693
2973.4,57.991
2973.5,56.682
2973.6,55.284
2973.7,53.952
2973.8,52.801
2973.9,52.422
2974,53.523
2974.1,56.041
2974.2,58.74
2974.3,60.549
2974.4,60.569
2974.5,59.091
2974.6,57.229
2974.7,55.854
2974.8,56.044
2974.9,58.084
2975,61.653
2975.1,65.607
2975.2,68.848
2975.3,70.271
2975.4,68.907
2975.5,65.865
2975.6,62.648
2975.7,60.798
2975.8,60.511
2975.9,60.751
2976,60.291
2976.1,58.573
2976.2,56.58
2976.3,55.187
2976.4,54.897
2976.5,55.151
2976.6,55.215
2976.7,55.075
2976.8,54.732
2976.9,54.02
2977,52.592
2977.1,50.749
2977.2,49.08
2977.3,47.696
2977.4,46.483
2977.5,45.243
2977.6,44.061
2977.7,43.494
2977.8,43.404
2977.9,43.466
2978,43.929
2978.1,45.174
2978.2,47.042
2978.3,48.539
2978.4,49.115
2978.5,48.75
2978.6,47.923
2978.7,47.695
2978.8,48.649
2978.9,51.107
2979,54.184
2979.1,56.44
2979.2,56.865
2979.3,55.417
2979.4,53.204
2979.5,51.318
2979.6,50.982
2979.7,51.89
2979.8,53.228
2979.9,54.379
2980,54.958
2980.1,55.081
2980.2,54.989
2980.3,55.064
2980.4,55.593
2980.5,56.501
2980.6,57.387
2980.7,57.481
2980.8,56.23
2980.9,54.046
2981,51.923
2981.1,50.768
2981.2,51.158
2981.3,52.843
2981.4,55.257
2981.5,56.899
2981.6,56.908
2981.7,55.365
2981.8,53.363
2981.9,52.455
2982,53.092
2982.1,54.413
2982.2,55.048
2982.3,54.795
2982.4,54.188
2982.5,53.675
2982.6,53.174
2982.7,52.278
2982.8,51.199
2982.9,50.667
2983,50.842
2983.1,51.239
2983.2,51.36
2983.3,51.251
2983.4,51.067
2983.5,50.864
2983.6,50.682
2983.7,50.345
2983.8,49.949
2983.9,49.596
2984,48.973
2984.1,48.025
2984.2,47.24
2984.3,47.208
2984.4,48.197
2984.5,49.416
2984.6,50.098
2984.7,49.731
2984.8,49.299
2984.9,49.723
2985,51.057
2985.1,52.652
2985.2,54.066
2985.3,54.717
2985.4,54.403
2985.5,53.581
2985.6,52.984
2985.7,53.064
2985.8,53.346
2985.9,52.987
2986,51.662
2986.1,50.153
2986.2,49.375
2986.3,50.404
2986.4,53.516
2986.5,58.159
2986.6,62.456
2986.7,64.401
2986.8,63.241
2986.9,59.33
2987,54.305
2987.1,49.829
2987.2,47.366
2987.3,47.784
2987.4,50.009
2987.5,52.255
2987.6,52.926
2987.7,52.673
2987.8,52.456
2987.9,52.724
2988,52.887
2988.1,52.461
2988.2,51.797
2988.3,51.669
2988.4,52.488
2988.5,53.962
2988.6,55.211
2988.7,55.869
2988.8,55.699
2988.9,55.059
2989,54.584
2989.1,54.337
2989.2,54.154
2989.3,53.478
2989.4,52.059
2989.5,50.063
2989.6,48.143
2989.7,47.178
2989.8,47.666
2989.9,49.226
2990,51.349
2990.1,53.302
2990.2,54.484
2990.3,54.538
2990.4,53.852
2990.5,53.399
2990.6,53.708
2990.7,54.803
2990.8,55.433
2990.9,54.829
2991,53.243
2991.1,51.404
2991.2,49.913
2991.3,49.046
2991.4,49.206
2991.5,50.192
2991.6,51.437
2991.7,52.211
2991.8,52.403
2991.9,52.875
2992,54.154
2992.1,55.792
2992.2,56.854
2992.3,56.699
2992.4,54.983
2992.5,52.719
2992.6,50.98
2992.7,51.276
2992.8,54.319
2992.9,59.362
2993,64.021
2993.1,66.196
2993.2,65.333
2993.3,61.772
2993.4,57.387
2993.5,54.278
2993.6,52.95
2993.7,52.809
2993.8,53.224
2993.9,53.661
2994,53.809
2994.1,53.66
2994.2,53.593
2994.3,54.345
2994.4,55.923
2994.5,57.553
2994.6,57.747
2994.7,56.769
2994.8,55.998
2994.9,56.298
2995,57.239
2995.1,57.937
2995.2,58.052
2995.3,57.651
2995.4,57.553
2995.5,58.284
2995.6,60.009
2995.7,62.054
2995.8,63.565
2995.9,63.222
2996,60.94
2996.1,57.824
2996.2,54.851
2996.3,52.966
2996.4,52.932
2996.5,54.986
2996.6,57.975
2996.7,60.16
2996.8,61.021
2996.9,61.175
2997,61.312
2997.1,61.295
2997.2,60.058
2997.3,57.63
2997.4,54.775
2997.5,53.05
2997.6,52.709
2997.7,52.809
2997.8,52.569
2997.9,52.095
2998,52.278
2998.1,53.945
2998.2,56.626
2998.3,58.725
2998.4,58.659
2998.5,56.354
2998.6,53.772
2998.7,52.487
2998.8,53.239
2998.9,54.535
2999,55.284
2999.1,55.383
2999.2,55.173
2999.3,54.699
2999.4,53.983
2999.5,53.676
2999.6,54.831
2999.7,57.797
2999.8,61.264
2999.9,63.258
3000,62.763
3000.1,60.553
3000.2,58.805
3000.3,58.693
3000.4,60.051
3000.5,61.086
3000.6,60.517
3000.7,57.879
3000.8,54.703
3000.9,52.373
3001,51.18
3001.1,50.512
3001.2,50.265
3001.3,50.703
3001.4,51.907
3001.5,53.302
3001.6,53.981
3001.7,53.224
3001.8,51.469
3001.9,49.261
3002,47.423
3002.1,46.171
3002.2,45.337
3002.3,45.583
3002.4,47.118
3002.5,49.422
3002.6,51.25
3002.7,51.77
3002.8,51.507
3002.9,51.652
3003,53.187
3003.1,55.516
3003.2,57.347
3003.3,58.246
3003.4,58.437
3003.5,58.014
3003.6,56.82
3003.7,55.035
3003.8,53.121
3003.9,51.521
3004,50.79
3004.1,51.322
3004.2,52.911
3004.3,54.484
3004.4,55.003
3004.5,54.283
3004.6,53.189
3004.7,52.621
3004.8,52.764
3004.9,53.223
3005,53.362
3005.1,52.605
3005.2,50.882
3005.3,49.158
3005.4,48.313
3005.5,49.257
3005.6,51.645
3005.7,54.469
3005.8,56.423
3005.9,56.884
3006,56.143
3006.1,54.61
3006.2,52.891
3006.3,51.669
3006.4,50.959
3006.5,50.42
3006.6,49.963
3006.7,49.98
3006.8,51.11
3006.9,52.862
3007,54.697
3007.1,55.474
3007.2,54.78
3007.3,53.222
3007.4,51.546
3007.5,50.173
3007.6,49.241
3007.7,49.178
3007.8,50.339
3007.9,52.479
3008,54.814
3008.1,55.965
3008.2,55.695
3008.3,54.818
3008.4,54.531
3008.5,54.787
3008.6,54.92
3008.7,54.11
3008.8,53.029
3008.9,52.738
3009,53.324
3009.1,53.508
3009.2,52.373
3009.3,50.096
3009.4,48.135
3009.5,47.693
3009.6,48.763
3009.7,50.499
3009.8,52.018
3009.9,52.842
3010,52.619
3010.1,51.907
3010.2,51.274
3010.3,51.034
3010.4,50.968
3010.5,50.612
3010.6,49.798
3010.7,49.422
3010.8,50.131
3010.9,52.167
3011,55.147
3011.1,58.382
3011.2,61.223
3011.3,62.415
3011.4,61.242
3011.5,57.489
3011.6,52.442
3011.7,48.676
3011.8,47.402
3011.9,48.743
3012,51.043
3012.1,52.979
3012.2,53.842
3012.3,54.166
3012.4,54.621
3012.5,55.43
3012.6,56.34
3012.7,56.995
3012.8,57.111
3012.9,56.423
3013,55.128
3013.1,53.502
3013.2,52.02
3013.3,51.201
3013.4,51.129
3013.5,51.3
3013.6,51.191
3013.7,51.04
3013.8,51.669
3013.9,53.132
3014,54.165
3014.1,53.019
3014.2,49.04
3014.3,44.424
3014.4,41.883
3014.5,43.36
3014.6,47.592
3014.7,52.722
3014.8,56.067
3014.9,57.053
3015,56.254
3015.1,54.645
3015.2,53.308
3015.3,52.671
3015.4,52.471
3015.5,51.947
3015.6,51.194
3015.7,50.866
3015.8,51.495
3015.9,52.936
3016,54.362
3016.1,54.929
3016.2,54.85
3016.3,54.587
3016.4,54.103
3016.5,53.196
3016.6,51.961
3016.7,50.744
3016.8,50.036
3016.9,50.087
3017,50.861
3017.1,51.77
3017.2,52.215
3017.3,51.709
3017.4,50.231
3017.5,48.875
3017.6,49.035
3017.7,51.799
3017.8,55.88
3017.9,59.811
3018,61.87
3018.1,61.756
3018.2,60.34
3018.3,59.1
3018.4,58.66
3018.5,58.784
3018.6,59.181
3018.7,59.745
3018.8,60.305
3018.9,60.097
3019,58.502
3019.1,56.759
3019.2,56.222
3019.3,57.821
3019.4,60.308
3019.5,61.902
3019.6,60.893
3019.7,58.124
3019.8,55.108
3019.9,53.556
3020,54.273
3020.1,57.039
3020.2,59.959
3020.3,61.251
3020.4,60.762
3020.5,58.898
3020.6,56.644
3020.7,54.363
3020.8,51.97
3020.9,49.979
3021,49.136
3021.1,49.898
3021.2,51.761
3021.3,53.564
3021.4,54.651
3021.5,55.172
3021.6,56.509
3021.7,59.55
3021.8,64.201
3021.9,68.831
3022,71.783
3022.1,72.144
3022.2,70.054
3022.3,66.606
3022.4,62.988
3022.5,60.638
3022.6,59.433
3022.7,58.482
3022.8,56.896
3022.9,55.091
3023,53.907
3023.1,54.153
3023.2,55.255
3023.3,56.569
3023.4,58.077
3023.5,59.683
3023.6,60.7
3023.7,60.459
3023.8,59.236
3023.9,57.606
3024,55.749
3024.1,54.002
3024.2,52.76
3024.3,52.435
3024.4,53.116
3024.5,54.139
3024.6,55.346
3024.7,57.007
3024.8,58.604
3024.9,59.168
3025,58.469
3025.1,57.495
3025.2,57.042
3025.3,57.691
3025.4,59.255
3025.5,60.391
3025.6,60.078
3025.7,57.588
3025.8,53.583
3025.9,49.358
3026,46.897
3026.1,46.417
3026.2,47.305
3026.3,49.184
3026.4,51.244
3026.5,52.824
3026.6,53.331
3026.7,52.352
3026.8,50.15
3026.9,47.565
3027,46.544
3027.1,48.175
3027.2,52.102
3027.3,56.249
3027.4,58.461
3027.5,58.231
3027.6,56.262
3027.7,54.334
3027.8,53.287
3027.9,52.827
3028,52.411
3028.1,52.106
3028.2,52.028
3028.3,52.26
3028.4,52.868
3028.5,53.944
3028.6,55.326
3028.7,56.918
3028.8,58.46
3028.9,58.908
3029,58.354
3029.1,57.245
3029.2,56.091
3029.3,55.11
3029.4,54.37
3029.5,53.951
3029.6,53.996
3029.7,55.091
3029.8,57.634
3029.9,60.745
3030,62.794
3030.1,62.487
3030.2,60.177
3030.3,57.882
3030.4,56.822
3030.5,57.342
3030.6,58.121
3030.7,58.698
3030.8,59.341
3030.9,59.52
3031,58.466
3031.1,55.953
3031.2,53.22
3031.3,51.537
3031.4,51.722
3031.5,53.324
3031.6,54.964
3031.7,55.938
3031.8,56.017
3031.9,55.486
3032,54.917
3032.1,55.102
3032.2,56.058
3032.3,57.409
3032.4,58.748
3032.5,59.662
3032.6,59.816
3032.7,58.897
3032.8,57.573
3032.9,56.921
3033,57.565
3033.1,58.541
3033.2,58.872
3033.3,58.17
3033.4,56.75
3033.5,55.684
3033.6,55.597
3033.7,56.257
3033.8,56.755
3033.9,56.68
3034,55.554
3034.1,53.713
3034.2,52.123
3034.3,51.501
3034.4,51.631
3034.5,52.159
3034.6,52.524
3034.7,51.779
3034.8,49.994
3034.9,48.089
3035,47.168
3035.1,47.428
3035.2,48.912
3035.3,51.47
3035.4,54.25
3035.5,56.28
3035.6,56.255
3035.7,54.217
3035.8,51.423
3035.9,49.843
3036,50.145
3036.1,51.55
3036.2,52.886
3036.3,53.657
3036.4,54.329
3036.5,55.082
3036.6,55.555
3036.7,55.014
3036.8,53.241
3036.9,50.922
3037,49.11
3037.1,48.207
3037.2,48.145
3037.3,49.073
3037.4,51.338
3037.5,54.281
3037.6,56.457
3037.7,56.93
3037.8,55.572
3037.9,53.47
3038,51.667
3038.1,50.722
3038.2,51.023
3038.3,52.367
3038.4,53.864
3038.5,54.012
3038.6,52.995
3038.7,51.851
3038.8,51.792
3038.9,52.62
3039,53.017
3039.1,51.572
3039.2,49.003
3039.3,46.481
3039.4,44.509
3039.5,43.454
3039.6,43.83
3039.7,46.08
3039.8,49.679
3039.9,53.021
3040,54.778
3040.1,54.486
3040.2,53.531
3040.3,52.719
3040.4,52.482
3040.5,52.874
3040.6,53.879
3040.7,55.142
3040.8,56.245
3040.9,56.858
3041,56.995
3041.1,57.159
3041.2,57.685
3041.3,58.807
3041.4,59.809
3041.5,59.464
3041.6,57.301
3041.7,54.402
3041.8,53.061
3041.9,53.832
3042,55.773
3042.1,56.88
3042.2,56.832
3042.3,56.707
3042.4,57.04
3042.5,57.444
3042.6,57.082
3042.7,55.514
3042.8,53.072
3042.9,50.358
3043,48.276
3043.1,47.434
3043.2,48.567
3043.3,52.295
3043.4,57.097
3043.5,61.287
3043.6,62.674
3043.7,60.997
3043.8,57.496
3043.9,54.019
3044,52.212
3044.1,52.62
3044.2,54.95
3044.3,57.764
3044.4,59.341
3044.5,58.926
3044.6,57.05
3044.7,55.071
3044.8,53.544
3044.9,52.278
3045,50.868
3045.1,49.004
3045.2,46.714
3045.3,44.466
3045.4,42.989
3045.5,43.403
3045.6,45.584
3045.7,48.298
3045.8,50.322
3045.9,51.124
3046,50.712
3046.1,49.069
3046.2,46.968
3046.3,45.87
3046.4,46.454
3046.5,48.255
3046.6,49.33
3046.7,48.755
3046.8,46.723
3046.9,44.483
3047,42.962
3047.1,43.422
3047.2,46.319
3047.3,50.636
3047.4,54.144
3047.5,55.152
3047.6,54.529
3047.7,54.183
3047.8,55.897
3047.9,58.92
3048,61.608
3048.1,62.194
3048.2,60.902
3048.3,58.616
3048.4,56.57
3048.5,55.451
3048.6,54.855
3048.7,54.399
3048.8,54.245
3048.9,54.43
3049,54.908
3049.1,55.368
3049.2,55.454
3049.3,54.759
3049.4,53.46
3049.5,52.19
3049.6,51.542
3049.7,52.479
3049.8,54.073
3049.9,54.803
3050,53.85
3050.1,51.696
3050.2,49.093
3050.3,47.023
3050.4,46.74
3050.5,48.833
3050.6,52.771
3050.7,56.551
3050.8,58.089
3050.9,56.972
3051,54.759
3051.1,52.977
3051.2,51.566
3051.3,49.538
3051.4,47.068
3051.5,45.424
3051.6,45.763
3051.7,47.485
3051.8,49.554
3051.9,51.195
3052,52.223
3052.1,52.782
3052.2,53.001
3052.3,52.607
3052.4,51.787
3052.5,51.002
3052.6,50.218
3052.7,49.333
3052.8,48.219
3052.9,46.867
3053,45.697
3053.1,45.557
3053.2,47.358
3053.3,49.894
3053.4,51.587
3053.5,51.471
3053.6,49.943
3053.7,48.059
3053.8,46.547
3053.9,45.628
3054,45.357
3054.1,45.783
3054.2,47
3054.3,48.446
3054.4,49.35
3054.5,48.889
3054.6,47.535
3054.7,46.499
3054.8,47.355
3054.9,50.305
3055,53.7
3055.1,54.572
3055.2,52.327
3055.3,49
3055.4,46.558
3055.5,45.439
3055.6,44.7
3055.7,43.63
3055.8,42.457
3055.9,42.663
3056,44.799
3056.1,47.827
3056.2,49.674
3056.3,49.561
3056.4,48.07
3056.5,46.781
3056.6,46.534
3056.7,47.052
3056.8,47.459
3056.9,47.907
3057,48.862
3057.1,49.985
3057.2,50.557
3057.3,50.747
3057.4,51.108
3057.5,51.581
3057.6,51.493
3057.7,49.835
3057.8,47.269
3057.9,45.416
3058,45.767
3058.1,47.214
3058.2,47.892
3058.3,46.605
3058.4,44.093
3058.5,42.004
3058.6,41.119
3058.7,41.304
3058.8,42.323
3058.9,44.558
3059,48.196
3059.1,51.841
3059.2,54.083
3059.3,53.883
3059.4,52.616
3059.5,51.816
3059.6,52.384
3059.7,53.546
3059.8,54.351
3059.9,54.32
3060,53.25
3060.1,51.655
3060.2,50.59
3060.3,50.815
3060.4,51.704
3060.5,51.905
3060.6,49.965
3060.7,46.655
3060.8,44.061
3060.9,44.621
3061,47.447
3061.1,50.627
3061.2,52.339
3061.3,52.548
3061.4,52.04
3061.5,51.581
3061.6,51.74
3061.7,52.159
3061.8,52.113
3061.9,51.106
3062,49.594
3062.1,48.292
3062.2,47.74
3062.3,47.739
3062.4,47.74
3062.5,47.411
3062.6,47.024
3062.7,46.668
3062.8,46.305
3062.9,45.803
3063,45.413
3063.1,45.409
3063.2,45.858
3063.3,46.715
3063.4,47.9
3063.5,48.587
3063.6,47.877
3063.7,45.64
3063.8,42.545
3063.9,39.705
3064,38.016
3064.1,38.071
3064.2,39.143
3064.3,40.848
3064.4,42.878
3064.5,44.841
3064.6,46.653
3064.7,48.229
3064.8,48.892
3064.9,48.295
3065,46.95
3065.1,46.227
3065.2,46.968
3065.3,48.95
3065.4,50.778
3065.5,51.434
3065.6,50.974
3065.7,49.888
3065.8,48.614
3065.9,47.184
3066,46.045
3066.1,45.859
3066.2,46.809
3066.3,48.525
3066.4,50.101
3066.5,50.955
3066.6,50.785
3066.7,49.527
3066.8,47.456
3066.9,44.961
3067,43.012
3067.1,42.4
3067.2,43.542
3067.3,46.02
3067.4,48.351
3067.5,49.72
3067.6,50.053
3067.7,50.568
3067.8,52.236
3067.9,54.935
3068,56.931
3068.1,56.833
3068.2,54.846
3068.3,52.316
3068.4,50.556
3068.5,49.618
3068.6,48.496
3068.7,46.835
3068.8,45.131
3068.9,44.373
3069,44.333
3069.1,44.465
3069.2,44.91
3069.3,45.759
3069.4,46.729
3069.5,47.232
3069.6,47.068
3069.7,46.971
3069.8,47.569
3069.9,48.559
3070,48.788
3070.1,47.78
3070.2,46.398
3070.3,46.038
3070.4,47.041
3070.5,48.516
3070.6,48.733
3070.7,47.374
3070.8,45.664
3070.9,45.233
3071,46.489
3071.1,48.946
3071.2,51.515
3071.3,53.412
3071.4,54.36
3071.5,54.077
3071.6,52.539
3071.7,50.197
3071.8,47.857
3071.9,45.759
3072,43.913
3072.1,42.406
3072.2,41.53
3072.3,41.508
3072.4,42.231
3072.5,43.236
3072.6,44.338
3072.7,45.461
3072.8,46.241
3072.9,46.285
3073,45.382
3073.1,43.78
3073.2,42.179
3073.3,40.91
3073.4,39.995
3073.5,39.855
3073.6,40.924
3073.7,42.903
3073.8,44.508
3073.9,44.913
3074,43.944
3074.1,42.841
3074.2,42.863
3074.3,44.309
3074.4,46.299
3074.5,48.142
3074.6,49.604
3074.7,50.116
3074.8,49.354
3074.9,47.117
3075,43.594
3075.1,40.309
3075.2,38.934
3075.3,40.767
3075.4,44.091
3075.5,47.087
3075.6,48.089
3075.7,46.959
3075.8,45.188
3075.9,44.655
3076,45.979
3076.1,47.757
3076.2,48.609
3076.3,48.071
3076.4,47.074
3076.5,46.553
3076.6,46.761
3076.7,46.885
3076.8,46.578
3076.9,46.417
3077,47.45
3077.1,49.644
3077.2,51.854
3077.3,52.794
3077.4,52.144
3077.5,50.502
3077.6,49.056
3077.7,48.699
3077.8,49.379
3077.9,50.226
3078,50.434
3078.1,49.576
3078.2,47.685
3078.3,45.736
3078.4,44.393
3078.5,43.719
3078.6,42.992
3078.7,41.961
3078.8,41.08
3078.9,40.91
3079,41.512
3079.1,42.445
3079.2,43.308
3079.3,44.247
3079.4,45.248
3079.5,45.922
3079.6,45.984
3079.7,45.497
3079.8,45.036
3079.9,45.109
3080,45.679
3080.1,46.178
3080.2,45.889
3080.3,44.585
3080.4,42.728
3080.5,41.458
3080.6,41.862
3080.7,44.411
3080.8,47.858
3080.9,50.441
3081,50.916
3081.1,49.582
3081.2,48.57
3081.3,49.172
3081.4,51.711
3081.5,54.085
3081.6,54.844
3081.7,53.048
3081.8,49.699
3081.9,46.332
3082,44.158
3082.1,43.525
3082.2,43.879
3082.3,44.144
3082.4,43.535
3082.5,42.245
3082.6,40.799
3082.7,39.78
3082.8,39.576
3082.9,40.53
3083,42.403
3083.1,43.939
3083.2,44.396
3083.3,44.184
3083.4,45.062
3083.5,47.602
3083.6,50.395
3083.7,51.189
3083.8,49.487
3083.9,46.382
3084,44.328
3084.1,44.459
3084.2,46.285
3084.3,48.55
3084.4,49.901
3084.5,49.533
3084.6,47.339
3084.7,45.073
3084.8,43.95
3084.9,44.553
3085,46.359
3085.1,48.494
3085.2,49.998
3085.3,50.482
3085.4,50.401
3085.5,50.644
3085.6,51.987
3085.7,53.815
3085.8,54.684
3085.9,53.537
3086,51.712
3086.1,50.953
3086.2,52.102
3086.3,53.76
3086.4,54.621
3086.5,53.832
3086.6,52.431
3086.7,51.649
3086.8,52.115
3086.9,53.017
3087,53.248
3087.1,51.971
3087.2,49.355
3087.3,46.658
3087.4,44.632
3087.5,44.151
3087.6,45.789
3087.7,49.538
3087.8,53.768
3087.9,56.291
3088,56.37
3088.1,55.056
3088.2,54.948
3088.3,56.782
3088.4,59.116
3088.5,59.571
3088.6,57.048
3088.7,51.83
3088.8,46.563
3088.9,44.178
3089,45.349
3089.1,48.509
3089.2,50.744
3089.3,50.83
3089.4,49.518
3089.5,48.721
3089.6,48.692
3089.7,48.447
3089.8,47.865
3089.9,47.742
3090,48.563
3090.1,50.239
3090.2,52.352
3090.3,54.531
3090.4,56.365
3090.5,57.257
3090.6,56.349
3090.7,53.619
3090.8,50.621
3090.9,48.627
3091,48.508
3091.1,49.525
3091.2,51.102
3091.3,52.541
3091.4,53.524
3091.5,53.864
3091.6,53.243
3091.7,51.854
3091.8,50.056
3091.9,48.564
3092,48.169
3092.1,48.787
3092.2,49.925
3092.3,50.934
3092.4,51.345
3092.5,51.17
3092.6,50.886
3092.7,51.297
3092.8,52.784
3092.9,55.151
3093,57.574
3093.1,59.19
3093.2,59.195
3093.3,57.53
3093.4,54.508
3093.5,50.656
3093.6,47.352
3093.7,45.547
3093.8,45.318
3093.9,45.986
3094,46.634
3094.1,47.149
3094.2,48.069
3094.3,49.427
3094.4,50.371
3094.5,49.751
3094.6,47.828
3094.7,45.436
3094.8,43.716
3094.9,43.264
3095,43.53
3095.1,43.96
3095.2,44.234
3095.3,44.204
3095.4,43.934
3095.5,43.534
3095.6,43.395
3095.7,43.724
3095.8,44.767
3095.9,46.222
3096,47.087
3096.1,46.074
3096.2,43.517
3096.3,40.819
3096.4,39.424
3096.5,39.755
3096.6,40.909
3096.7,41.803
3096.8,42.325
3096.9,43.368
3097,45.288
3097.1,47.402
3097.2,48.675
3097.3,48.866
3097.4,48.304
3097.5,47.651
3097.6,47.049
3097.7,46.499
3097.8,46.153
3097.9,46.3
3098,46.979
3098.1,47.524
3098.2,46.993
3098.3,45.324
3098.4,43.689
3098.5,43.246
3098.6,44.438
3098.7,46.563
3098.8,48.266
3098.9,48.914
3099,48.547
3099.1,48.053
3099.2,47.801
3099.3,48.243
3099.4,49.605
3099.5,51.39
3099.6,52.543
3099.7,52.126
3099.8,50.221
3099.9,47.649
3100,45.424
3100.1,43.893
3100.2,43.258
3100.3,43.708
3100.4,44.918
3100.5,46.398
3100.6,47.564
3100.7,47.819
3100.8,46.805
3100.9,44.68
3101,42.481
3101.1,41.47
3101.2,42.825
3101.3,46.246
3101.4,50.021
3101.5,52.309
3101.6,52.087
3101.7,50.341
3101.8,48.305
3101.9,47.468
3102,48.179
3102.1,49.565
3102.2,49.8
3102.3,48.482
3102.4,46.638
3102.5,46.088
3102.6,47.585
3102.7,50.266
3102.8,51.89
3102.9,51.031
3103,48.609
3103.1,46.24
3103.2,45.351
3103.3,46.035
3103.4,47.633
3103.5,49.408
3103.6,50.954
3103.7,51.898
3103.8,51.277
3103.9,49.376
3104,47.172
3104.1,46.04
3104.2,46.643
3104.3,48.38
3104.4,49.755
3104.5,49.592
3104.6,48.15
3104.7,46.537
3104.8,46.235
3104.9,47.45
3105,49.324
3105.1,50.548
3105.2,50.82
3105.3,50.63
3105.4,50.776
3105.5,51.274
3105.6,51.608
3105.7,51.373
3105.8,50.946
3105.9,50.85
3106,51.507
3106.1,52.688
3106.2,53.527
3106.3,53.44
3106.4,52.285
3106.5,50.537
3106.6,48.616
3106.7,47.496
3106.8,47.706
3106.9,48.74
3107,49.324
3107.1,48.57
3107.2,46.621
3107.3,44.778
3107.4,44.349
3107.5,45.081
3107.6,45.93
3107.7,46.479
3107.8,47.041
3107.9,47.936
3108,49.212
3108.1,50.371
3108.2,50.864
3108.3,50.66
3108.4,50.337
3108.5,49.988
3108.6,49.179
3108.7,47.429
3108.8,44.627
3108.9,41.647
3109,40.016
3109.1,40.513
3109.2,42.834
3109.3,45.631
3109.4,47.668
3109.5,48.773
3109.6,49.807
3109.7,51.422
3109.8,53.24
3109.9,54.031
3110,53.234
3110.1,51.232
3110.2,49.16
3110.3,48.016
3110.4,48.06
3110.5,49.137
3110.6,50.72
3110.7,52.207
3110.8,52.951
3110.9,52.625
3111,51.403
3111.1,50.241
3111.2,49.967
3111.3,50.321
3111.4,50.67
3111.5,50.219
3111.6,49.49
3111.7,49.394
3111.8,50.37
3111.9,51.157
3112,50.585
3112.1,48.906
3112.2,47.65
3112.3,47.722
3112.4,48.849
3112.5,49.642
3112.6,49.728
3112.7,49.73
3112.8,50.041
3112.9,50.258
3113,49.846
3113.1,48.862
3113.2,48.206
3113.3,48.233
3113.4,48.222
3113.5,47.304
3113.6,45.727
3113.7,44.157
3113.8,42.932
3113.9,42.27
3114,42.43
3114.1,43.488
3114.2,45.28
3114.3,47.099
3114.4,47.916
3114.5,47.808
3114.6,47.421
3114.7,47.409
3114.8,47.577
3114.9,47.718
3115,47.452
3115.1,46.722
3115.2,45.874
3115.3,45.549
3115.4,46.331
3115.5,48.024
3115.6,50.104
3115.7,52.184
3115.8,53.893
3115.9,54.62
3116,53.464
3116.1,50.858
3116.2,47.99
3116.3,46.261
3116.4,45.824
3116.5,46.028
3116.6,46.401
3116.7,46.836
3116.8,47.306
3116.9,47.847
3117,48.35
3117.1,48.964
3117.2,49.929
3117.3,50.955
3117.4,51.507
3117.5,51.206
3117.6,50.449
3117.7,50.31
3117.8,51.484
3117.9,53.434
3118,54.231
3118.1,53.082
3118.2,50.72
3118.3,48.637
3118.4,47.225
3118.5,45.69
3118.6,43.359
3118.7,41.237
3118.8,40.42
3118.9,40.432
3119,40.164
3119.1,39.343
3119.2,38.683
3119.3,39.33
3119.4,41.923
3119.5,46.034
3119.6,49.556
3119.7,51.497
3119.8,51.113
3119.9,49.17
3120,47.291
3120.1,46.589
3120.2,46.673
3120.3,46.693
3120.4,46.169
3120.5,45.346
3120.6,45.004
3120.7,46.06
3120.8,48.581
3120.9,51.309
3121,53.218
3121.1,53.301
3121.2,52.094
3121.3,50.729
3121.4,50.203
3121.5,49.976
3121.6,49.516
3121.7,48.795
3121.8,48.5
3121.9,49.027
3122,50.025
3122.1,50.578
3122.2,49.886
3122.3,48.06
3122.4,45.899
3122.5,44.277
3122.6,43.799
3122.7,44.57
3122.8,46.096
3122.9,48.029
3123,49.534
3123.1,49.739
3123.2,48.232
3123.3,45.971
3123.4,44.817
3123.5,45.178
3123.6,45.829
3123.7,45.536
3123.8,44.627
3123.9,44.118
3124,44.441
3124.1,44.816
3124.2,44.632
3124.3,44.083
3124.4,43.956
3124.5,44.366
3124.6,45.119
3124.7,45.975
3124.8,46.481
3124.9,46.033
3125,45.035
3125.1,44.921
3125.2,46.947
3125.3,50.302
3125.4,52.721
3125.5,52.625
3125.6,50.597
3125.7,49.005
3125.8,48.875
3125.9,49.896
3126,50.427
3126.1,49.641
3126.2,47.456
3126.3,45.055
3126.4,43.446
3126.5,43.19
3126.6,44.328
3126.7,46.283
3126.8,48.534
3126.9,50.634
3127,51.882
3127.1,51.603
3127.2,50.055
3127.3,48.473
3127.4,47.628
3127.5,47.689
3127.6,47.611
3127.7,46.851
3127.8,45.659
3127.9,44.987
3128,45.194
3128.1,46.117
3128.2,47.306
3128.3,48.11
3128.4,48.291
3128.5,48.098
3128.6,47.836
3128.7,47.789
3128.8,47.972
3128.9,48.219
3129,48.358
3129.1,48.757
3129.2,50.03
3129.3,51.912
3129.4,53.257
3129.5,52.896
3129.6,50.742
3129.7,48.241
3129.8,47.497
3129.9,48.946
3130,51.656
3130.1,54.116
3130.2,55.22
3130.3,54.39
3130.4,52.034
3130.5,49.971
3130.6,49.467
3130.7,50.626
3130.8,51.671
3130.9,51.226
3131,49.214
3131.1,47.187
3131.2,46.018
3131.3,45.698
3131.4,45.878
3131.5,46.538
3131.6,47.396
3131.7,47.763
3131.8,47.482
3131.9,46.881
3132,46.253
3132.1,45.35
3132.2,43.615
3132.3,41.017
3132.4,38.787
3132.5,37.727
3132.6,37.786
3132.7,38.08
3132.8,38.234
3132.9,38.576
3133,39.917
3133.1,42.858
3133.2,47.1
3133.3,50.946
3133.4,52.803
3133.5,52.039
3133.6,49.488
3133.7,47.216
3133.8,46.179
3133.9,46.51
3134,47.26
3134.1,48.178
3134.2,49.107
3134.3,49.478
3134.4,48.974
3134.5,47.541
3134.6,45.91
3134.7,44.873
3134.8,44.894
3134.9,45.752
3135,46.601
3135.1,47.094
3135.2,47.445
3135.3,48.101
3135.4,48.981
3135.5,49.188
3135.6,48.196
3135.7,46.219
3135.8,44.226
3135.9,43.292
3136,43.566
3136.1,44.36
3136.2,44.961
3136.3,45.32
3136.4,45.618
3136.5,45.847
3136.6,45.771
3136.7,45.338
3136.8,45.107
3136.9,45.761
3137,47.196
3137.1,48.469
3137.2,49.039
3137.3,49.126
3137.4,49.304
3137.5,49.645
3137.6,49.771
3137.7,49.402
3137.8,48.724
3137.9,48.125
3138,47.863
3138.1,48.055
3138.2,48.407
3138.3,48.435
3138.4,47.754
3138.5,46.57
3138.6,45.23
3138.7,44.224
3138.8,43.983
3138.9,44.824
3139,47.014
3139.1,49.665
3139.2,51.699
3139.3,52.715
3139.4,53.243
3139.5,53.832
3139.6,54.321
3139.7,53.788
3139.8,52.217
3139.9,50.505
3140,50.033
3140.1,50.309
3140.2,50.16
3140.3,48.981
3140.4,47.343
3140.5,45.894
3140.6,44.629
3140.7,43.191
3140.8,41.813
3140.9,41.367
3141,42.345
3141.1,43.795
3141.2,44.632
3141.3,44.476
3141.4,44.011
3141.5,43.872
3141.6,44.007
3141.7,43.958
3141.8,43.928
3141.9,44.486
3142,45.994
3142.1,48.409
3142.2,50.8
3142.3,51.824
3142.4,50.816
3142.5,47.991
3142.6,44.831
3142.7,43.25
3142.8,44.548
3142.9,47.657
3143,49.968
3143.1,49.804
3143.2,47.066
3143.3,43.989
3143.4,42.17
3143.5,41.889
3143.6,41.942
3143.7,41.674
3143.8,41.084
3143.9,40.895
3144,41.354
3144.1,42.091
3144.2,42.381
3144.3,42.348
3144.4,42.943
3144.5,44.601
3144.6,46.353
3144.7,46.836
3144.8,45.554
3144.9,44.104
3145,43.545
3145.1,44.238
3145.2,45.403
3145.3,46.679
3145.4,48.076
3145.5,49.193
3145.6,49.236
3145.7,47.76
3145.8,45.592
3145.9,43.594
3146,42.29
3146.1,42.305
3146.2,43.757
3146.3,46.433
3146.4,48.912
3146.5,49.386
3146.6,47.348
3146.7,43.98
3146.8,41.683
3146.9,41.444
3147,43.04
3147.1,44.995
3147.2,46.496
3147.3,47.81
3147.4,49.248
3147.5,50.488
3147.6,51.082
3147.7,50.735
3147.8,50.12
3147.9,49.875
3148,49.931
3148.1,49.632
3148.2,48.488
3148.3,46.626
3148.4,44.796
3148.5,43.654
3148.6,43.896
3148.7,45.104
3148.8,46.532
3148.9,47.245
3149,46.645
3149.1,45.252
3149.2,43.863
3149.3,43.195
3149.4,43.302
3149.5,43.773
3149.6,44.345
3149.7,44.964
3149.8,45.565
3149.9,45.943
3150,45.796
3150.1,44.964
3150.2,43.535
3150.3,42.267
3150.4,41.914
3150.5,42.913
3150.6,45.175
3150.7,48.039
3150.8,50.799
3150.9,52.574
3151,52.696
3151.1,50.776
3151.2,47.398
3151.3,44.239
3151.4,42.358
3151.5,41.835
3151.6,41.514
3151.7,41.036
3151.8,41.337
3151.9,43.552
3152,47.409
3152.1,50.97
3152.2,51.846
3152.3,49.762
3152.4,46.086
3152.5,43.576
3152.6,43.514
3152.7,45.362
3152.8,47.548
3152.9,48.822
3153,48.916
3153.1,48.017
3153.2,46.895
3153.3,46.24
3153.4,46.621
3153.5,47.608
3153.6,47.853
3153.7,46.395
3153.8,44.032
3153.9,42.509
3154,43.052
3154.1,45.384
3154.2,47.571
3154.3,48.635
3154.4,48.756
3154.5,48.597
3154.6,48.359
3154.7,48.083
3154.8,47.768
3154.9,47.424
3155,47.044
3155.1,46.403
3155.2,45.212
3155.3,43.906
3155.4,43.414
3155.5,44.158
3155.6,46.091
3155.7,48.906
3155.8,51.759
3155.9,54.048
3156,55.415
3156.1,55.547
3156.2,54.188
3156.3,51.832
3156.4,49.691
3156.5,48.156
3156.6,46.832
3156.7,45.355
3156.8,43.935
3156.9,43.501
3157,44.795
3157.1,46.935
3157.2,48.537
3157.3,48.422
3157.4,46.924
3157.5,44.781
3157.6,43.111
3157.7,42.779
3157.8,43.938
3157.9,46.103
3158,48.173
3158.1,49.414
3158.2,49.419
3158.3,48.613
3158.4,47.641
3158.5,47.072
3158.6,47.41
3158.7,48.612
3158.8,50.156
3158.9,51.048
3159,50.862
3159.1,49.817
3159.2,48.229
3159.3,46.512
3159.4,44.843
3159.5,43.823
3159.6,44.008
3159.7,45.358
3159.8,47.057
3159.9,48.197
3160,48.648
3160.1,48.649
3160.2,48.172
3160.3,47.251
3160.4,46.173
3160.5,45.74
3160.6,46.251
3160.7,47.369
3160.8,48.385
3160.9,48.909
3161,48.961
3161.1,48.59
3161.2,48.022
3161.3,47.305
3161.4,46.539
3161.5,46.168
3161.6,46.236
3161.7,46.436
3161.8,46.548
3161.9,46.607
3162,46.502
3162.1,46.039
3162.2,45.173
3162.3,43.807
3162.4,42.094
3162.5,40.582
3162.6,39.655
3162.7,39.671
3162.8,40.776
3162.9,42.78
3163,45.061
3163.1,46.82
3163.2,47.637
3163.3,47.286
3163.4,45.988
3163.5,44.382
3163.6,43.224
3163.7,43.127
3163.8,43.624
3163.9,43.908
3164,43.466
3164.1,42.695
3164.2,42.095
3164.3,42.079
3164.4,42.375
3164.5,42.743
3164.6,43.452
3164.7,44.768
3164.8,46.148
3164.9,46.56
3165,45.931
3165.1,45.104
3165.2,44.717
3165.3,44.842
3165.4,44.961
3165.5,44.866
3165.6,44.814
3165.7,45.163
3165.8,45.736
3165.9,45.967
3166,45.978
3166.1,46.205
3166.2,46.592
3166.3,46.72
3166.4,46.306
3166.5,45.129
3166.6,43.574
3166.7,42.5
3166.8,42.285
3166.9,42.737
3167,43.493
3167.1,44.384
3167.2,45.245
3167.3,46.143
3167.4,47.025
3167.5,47.346
3167.6,46.95
3167.7,46.066
3167.8,44.907
3167.9,44.069
3168,44.027
3168.1,44.791
3168.2,45.692
3168.3,46.112
3168.4,46.025
3168.5,45.687
3168.6,45.463
3168.7,45.307
3168.8,44.915
3168.9,44.538
3169,44.682
3169.1,45.699
3169.2,46.952
3169.3,47.696
3169.4,47.376
3169.5,46.202
3169.6,44.927
3169.7,44.178
3169.8,44.152
3169.9,44.497
3170,44.951
3170.1,45.283
3170.2,45.414
3170.3,45.475
3170.4,45.65
3170.5,46.065
3170.6,46.679
3170.7,47.306
3170.8,47.719
3170.9,47.962
3171,48.327
3171.1,49.179
3171.2,50.446
3171.3,51.417
3171.4,51.069
3171.5,49.16
3171.6,46.246
3171.7,43.96
3171.8,43.3
3171.9,44.251
3172,45.997
3172.1,47.54
3172.2,48.619
3172.3,49.227
3172.4,49.605
3172.5,49.698
3172.6,49.271
3172.7,48.264
3172.8,46.929
3172.9,45.741
3173,45.299
3173.1,45.597
3173.2,46.273
3173.3,46.725
3173.4,46.741
3173.5,46.394
3173.6,45.796
3173.7,45.187
3173.8,44.782
3173.9,45.017
3174,46.062
3174.1,47.664
3174.2,49.182
3174.3,50.072
3174.4,50.267
3174.5,49.806
3174.6,48.85
3174.7,47.728
3174.8,46.708
3174.9,45.978
3175,45.536
3175.1,45.271
3175.2,45.223
3175.3,45.515
3175.4,46.201
3175.5,47.032
3175.6,47.54
3175.7,47.521
3175.8,46.992
3175.9,46.225
3176,45.4
3176.1,44.29
3176.2,42.659
3176.3,40.808
3176.4,39.515
3176.5,39.833
3176.6,41.672
3176.7,44.223
3176.8,46.178
3176.9,47.155
3177,47.418
3177.1,47.414
3177.2,47.683
3177.3,48.207
3177.4,48.447
3177.5,48.149
3177.6,47.576
3177.7,46.985
3177.8,46.592
3177.9,46.357
3178,46.333
3178.1,46.536
3178.2,46.737
3178.3,46.351
3178.4,44.857
3178.5,43.285
3178.6,42.763
3178.7,43.889
3178.8,45.667
3178.9,47.051
3179,47.624
3179.1,47.581
3179.2,47.12
3179.3,46.211
3179.4,45.163
3179.5,44.599
3179.6,44.859
3179.7,45.683
3179.8,46.356
3179.9,46.478
3180,46.201
3180.1,46.108
3180.2,46.378
3180.3,46.657
3180.4,46.485
3180.5,45.876
3180.6,45.399
3180.7,45.712
3180.8,46.728
3180.9,47.971
3181,48.933
3181.1,49.493
3181.2,49.776
3181.3,49.797
3181.4,49.392
3181.5,48.421
3181.6,47.123
3181.7,45.957
3181.8,45.159
3181.9,45.055
3182,45.728
3182.1,47.041
3182.2,48.648
3182.3,49.952
3182.4,50.629
3182.5,50.778
3182.6,50.717
3182.7,50.304
3182.8,49.265
3182.9,47.829
3183,46.825
3183.1,46.704
3183.2,47.243
3183.3,47.413
3183.4,46.771
3183.5,45.888
3183.6,45.645
3183.7,46.06
3183.8,46.3
3183.9,45.595
3184,44.23
3184.1,42.881
3184.2,42.283
3184.3,42.379
3184.4,42.881
3184.5,43.763
3184.6,44.917
3184.7,46.131
3184.8,46.898
3184.9,47.174
3185,47.102
3185.1,46.747
3185.2,46.279
3185.3,45.871
3185.4,45.743
3185.5,46.096
3185.6,46.788
3185.7,47.505
3185.8,48.049
3185.9,48.409
3186,48.758
3186.1,49.236
3186.2,49.72
3186.3,49.945
3186.4,49.679
3186.5,49.239
3186.6,49.104
3186.7,49.637
3186.8,50.495
3186.9,51.185
3187,51.617
3187.1,51.894
3187.2,52.005
3187.3,51.953
3187.4,51.453
3187.5,50.46
3187.6,49.305
3187.7,48.493
3187.8,48.017
3187.9,47.641
3188,47.122
3188.1,46.501
3188.2,46.185
3188.3,46.895
3188.4,48.38
3188.5,49.772
3188.6,50.236
3188.7,49.223
3188.8,46.984
3188.9,44.397
3189,43.031
3189.1,43.573
3189.2,45.713
3189.3,48.226
3189.4,49.586
3189.5,49.434
3189.6,48.644
3189.7,48.589
3189.8,49.778
3189.9,51.894
3190,53.695
3190.1,54.324
3190.2,53.77
3190.3,52.837
3190.4,52.263
3190.5,52.429
3190.6,53.268
3190.7,54.043
3190.8,54.028
3190.9,52.831
3191,51.043
3191.1,49.348
3191.2,48.563
3191.3,48.718
3191.4,49.273
3191.5,49.51
3191.6,49.095
3191.7,48.039
3191.8,46.573
3191.9,45.2
3192,44.21
3192.1,43.739
3192.2,43.828
3192.3,44.293
3192.4,44.966
3192.5,45.685
3192.6,46.074
3192.7,45.936
3192.8,45.394
3192.9,44.921
3193,44.862
3193.1,45.393
3193.2,46.031
3193.3,46.279
3193.4,46.013
3193.5,45.473
3193.6,45.001
3193.7,44.944
3193.8,45.647
3193.9,46.704
3194,47.52
3194.1,47.504
3194.2,46.605
3194.3,45.127
3194.4,43.683
3194.5,42.775
3194.6,42.322
3194.7,42.124
3194.8,41.989
3194.9,41.905
3195,42.028
3195.1,42.154
3195.2,42.05
3195.3,41.809
3195.4,41.837
3195.5,42.305
3195.6,42.909
3195.7,42.971
3195.8,42.329
3195.9,41.391
3196,40.877
3196.1,41.139
3196.2,42.069
3196.3,43.128
3196.4,43.542
3196.5,43.282
3196.6,42.823
3196.7,42.677
3196.8,42.91
3196.9,43.168
3197,43.154
3197.1,42.995
3197.2,42.888
3197.3,43.052
3197.4,43.18
3197.5,43.105
3197.6,43.123
3197.7,43.524
3197.8,44.157
3197.9,44.578
3198,44.527
3198.1,44.096
3198.2,43.565
3198.3,43.318
3198.4,43.186
3198.5,42.888
3198.6,42.434
3198.7,42.032
3198.8,41.745
3198.9,41.832
3199,42.583
3199.1,44.009
3199.2,45.541
3199.3,46.313
3199.4,45.822
3199.5,44.012
3199.6,41.882
3199.7,40.524
3199.8,40.389
3199.9,40.857
3200,41.091
3200.1,40.77
3200.2,40.138
3200.3,39.813
3200.4,40.022
3200.5,40.437
3200.6,40.794
3200.7,41.068
3200.8,41.097
3200.9,40.715
3201,40.021
3201.1,39.453
3201.2,39.539
3201.3,40.544
3201.4,42.277
3201.5,44.069
3201.6,45.378
3201.7,45.997
3201.8,46.088
3201.9,46.048
3202,45.885
3202.1,45.374
3202.2,44.893
3202.3,44.944
3202.4,45.946
3202.5,47.453
3202.6,48.653
3202.7,48.832
3202.8,48.19
3202.9,47.62
3203,47.557
3203.1,47.734
3203.2,47.626
3203.3,46.978
3203.4,46.366
3203.5,46.653
3203.6,47.914
3203.7,49.285
3203.8,49.802
3203.9,49.3
3204,48.291
3204.1,47.737
3204.2,47.857
3204.3,48.017
3204.4,47.648
3204.5,46.991
3204.6,46.763
3204.7,47.389
3204.8,48.191
3204.9,48.359
3205,47.635
3205.1,46.752
3205.2,46.2
3205.3,46.083
3205.4,46.08
3205.5,46.013
3205.6,45.864
3205.7,45.839
3205.8,46.051
3205.9,46.513
3206,46.939
3206.1,47.089
3206.2,46.931
3206.3,46.697
3206.4,46.464
3206.5,46.057
3206.6,45.42
3206.7,44.838
3206.8,44.504
3206.9,44.611
3207,45.002
3207.1,45.544
3207.2,45.863
3207.3,45.691
3207.4,45.323
3207.5,45.261
3207.6,45.646
3207.7,46.194
3207.8,46.558
3207.9,46.641
3208,46.592
3208.1,46.525
3208.2,46.44
3208.3,46.435
3208.4,46.828
3208.5,47.595
3208.6,47.947
3208.7,47.194
3208.8,45.029
3208.9,42.347
3209,40.163
3209.1,39.375
3209.2,39.998
3209.3,41.436
3209.4,43.294
3209.5,45.086
3209.6,46.181
3209.7,45.993
3209.8,44.249
3209.9,41.883
3210,39.92
3210.1,39.575
3210.2,40.533
3210.3,41.97
3210.4,42.993
3210.5,43.414
3210.6,43.599
3210.7,43.912
3210.8,44.359
3210.9,44.62
3211,44.449
3211.1,43.998
3211.2,43.606
3211.3,43.349
3211.4,43.033
3211.5,42.635
3211.6,42.364
3211.7,42.692
3211.8,43.755
3211.9,45.147
3212,45.978
3212.1,45.685
3212.2,44.329
3212.3,42.537
3212.4,41.276
3212.5,41.145
3212.6,42.214
3212.7,43.799
3212.8,45.048
3212.9,45.661
3213,45.996
3213.1,46.527
3213.2,47.011
3213.3,46.437
3213.4,44.614
3213.5,42.287
3213.6,40.863
3213.7,40.883
3213.8,41.839
3213.9,42.792
3214,43.072
3214.1,42.926
3214.2,42.754
3214.3,42.91
3214.4,43.359
3214.5,43.783
3214.6,43.679
3214.7,43.323
3214.8,43.419
3214.9,44.581
3215,46.382
3215.1,48.134
3215.2,49.108
3215.3,49.111
3215.4,48.36
3215.5,47.138
3215.6,45.9
3215.7,45.065
3215.8,44.758
3215.9,44.71
3216,44.597
3216.1,44.424
3216.2,44.497
3216.3,45.084
3216.4,46.276
3216.5,47.569
3216.6,48.095
3216.7,47.304
3216.8,45.156
3216.9,42.773
3217,41.288
3217.1,41.437
3217.2,43.02
3217.3,45.272
3217.4,47.481
3217.5,49.016
3217.6,49.658
3217.7,49.316
3217.8,48.285
3217.9,47.464
3218,47.393
3218.1,48.097
3218.2,48.824
3218.3,48.98
3218.4,48.4
3218.5,47.695
3218.6,47.354
3218.7,47.305
3218.8,47.089
3218.9,46.69
3219,46.384
3219.1,46.196
3219.2,45.889
3219.3,45.408
3219.4,45.223
3219.5,45.728
3219.6,46.584
3219.7,46.523
3219.8,45.115
3219.9,43.324
3220,42.788
3220.1,43.894
3220.2,45.753
3220.3,47.235
3220.4,48.038
3220.5,48.597
3220.6,49.13
3220.7,49.426
3220.8,49.122
3220.9,48.287
3221,47.524
3221.1,47.225
3221.2,47.199
3221.3,46.615
3221.4,45.013
3221.5,42.697
3221.6,40.702
3221.7,39.991
3221.8,40.72
3221.9,42.699
3222,45.211
3222.1,47.217
3222.2,48.134
3222.3,48.123
3222.4,47.923
3222.5,48.162
3222.6,49.082
3222.7,50.195
3222.8,51.128
3222.9,51.689
3223,51.782
3223.1,51.284
3223.2,50.454
3223.3,49.967
3223.4,50.228
3223.5,51.204
3223.6,52.143
3223.7,52.118
3223.8,50.542
3223.9,47.789
3224,45.145
3224.1,43.656
3224.2,43.911
3224.3,44.945
3224.4,45.94
3224.5,46.496
3224.6,46.91
3224.7,47.341
3224.8,47.575
3224.9,47.402
3225,46.739
3225.1,45.929
3225.2,45.576
3225.3,45.681
3225.4,45.79
3225.5,45.161
3225.6,43.545
3225.7,41.178
3225.8,38.767
3225.9,36.668
3226,34.937
3226.1,34.104
3226.2,34.705
3226.3,36.838
3226.4,39.767
3226.5,41.96
3226.6,42.566
3226.7,41.793
3226.8,40.758
3226.9,40.237
3227,40.494
3227.1,41.593
3227.2,43.377
3227.3,45.611
3227.4,47.449
3227.5,47.972
3227.6,46.899
3227.7,44.828
3227.8,43.133
3227.9,42.569
3228,43.276
3228.1,44.419
3228.2,45.225
3228.3,45.338
3228.4,44.989
3228.5,44.792
3228.6,45.109
3228.7,45.626
3228.8,45.741
3228.9,45.347
3229,44.888
3229.1,44.758
3229.2,44.971
3229.3,45.39
3229.4,45.816
3229.5,46.253
3229.6,46.535
3229.7,46.198
3229.8,45.024
3229.9,43.227
3230,41.643
3230.1,41.051
3230.2,41.853
3230.3,43.676
3230.4,45.484
3230.5,46.635
3230.6,46.907
3230.7,46.902
3230.8,46.915
3230.9,46.669
3231,45.911
3231.1,44.955
3231.2,44.535
3231.3,45.145
3231.4,46.411
3231.5,47.359
3231.6,47.394
3231.7,46.94
3231.8,46.543
3231.9,46.325
3232,45.881
3232.1,44.935
3232.2,43.523
3232.3,42.337
3232.4,41.756
3232.5,42.06
3232.6,42.866
3232.7,43.699
3232.8,44.362
3232.9,44.983
3233,45.63
3233.1,46.208
3233.2,46.446
3233.3,46.217
3233.4,45.742
3233.5,45.569
3233.6,45.69
3233.7,45.563
3233.8,44.775
3233.9,43.842
3234,43.327
3234.1,43.833
3234.2,45.058
3234.3,46.35
3234.4,47.03
3234.5,46.968
3234.6,46.547
3234.7,46.169
3234.8,45.943
3234.9,45.73
3235,45.452
3235.1,45.079
3235.2,44.778
3235.3,44.739
3235.4,44.726
3235.5,44.271
3235.6,43.42
3235.7,42.742
3235.8,42.572
3235.9,43.014
3236,43.949
3236.1,44.84
3236.2,45.412
3236.3,45.536
3236.4,45.297
3236.5,44.976
3236.6,44.989
3236.7,45.668
3236.8,46.839
3236.9,48.146
3237,49.062
3237.1,49.507
3237.2,49.534
3237.3,49.309
3237.4,49.022
3237.5,48.541
3237.6,47.791
3237.7,47.023
3237.8,46.55
3237.9,46.286
3238,45.852
3238.1,45.157
3238.2,44.246
3238.3,43.125
3238.4,41.719
3238.5,40.059
3238.6,38.857
3238.7,38.868
3238.8,40.362
3238.9,43.022
3239,45.689
3239.1,47.646
3239.2,48.455
3239.3,48.125
3239.4,47.213
3239.5,46.364
3239.6,46.013
3239.7,45.986
3239.8,45.92
3239.9,45.616
3240,45.196
3240.1,44.711
3240.2,44.3
3240.3,44.004
3240.4,44.018
3240.5,44.429
3240.6,44.82
3240.7,44.842
3240.8,44.317
3240.9,43.496
3241,42.718
3241.1,42.21
3241.2,42.39
3241.3,43.269
3241.4,44.364
3241.5,44.701
3241.6,43.97
3241.7,42.778
3241.8,42.32
3241.9,42.938
3242,44.193
3242.1,45.119
3242.2,45.255
3242.3,44.838
3242.4,44.546
3242.5,44.669
3242.6,44.861
3242.7,44.668
3242.8,43.837
3242.9,42.956
3243,42.941
3243.1,44.545
3243.2,47.079
3243.3,49.421
3243.4,50.071
3243.5,48.724
3243.6,45.822
3243.7,42.641
3243.8,40.509
3243.9,39.797
3244,40.18
3244.1,40.723
3244.2,40.92
3244.3,41.033
3244.4,41.513
3244.5,42.323
3244.6,42.962
3244.7,42.891
3244.8,42.539
3244.9,42.485
3245,43.234
3245.1,44.495
3245.2,45.572
3245.3,45.549
3245.4,44.358
3245.5,42.776
3245.6,41.799
3245.7,41.753
3245.8,42.165
3245.9,42.254
3246,41.663
3246.1,41.093
3246.2,41.383
3246.3,42.826
3246.4,44.472
3246.5,45.383
3246.6,44.877
3246.7,43.395
3246.8,41.624
3246.9,40.561
3247,40.697
3247.1,41.932
3247.2,43.796
3247.3,45.141
3247.4,45.133
3247.5,43.776
3247.6,42.111
3247.7,41.257
3247.8,41.667
3247.9,43.242
3248,45.152
3248.1,46.636
3248.2,46.819
3248.3,46.009
3248.4,45.035
3248.5,44.885
3248.6,45.665
3248.7,46.851
3248.8,47.836
3248.9,48.49
3249,49.127
3249.1,49.744
3249.2,49.912
3249.3,49.529
3249.4,48.863
3249.5,48.575
3249.6,48.882
3249.7,49.622
3249.8,50.329
3249.9,50.574
3250,50.248
3250.1,49.415
3250.2,48.544
3250.3,47.932
3250.4,47.642
3250.5,47.49
3250.6,47.224
3250.7,46.595
3250.8,45.654
3250.9,44.752
3251,44.057
3251.1,43.621
3251.2,43.604
3251.3,44.16
3251.4,45.058
3251.5,45.723
3251.6,45.738
3251.7,45.14
3251.8,44.716
3251.9,45.008
3252,46.08
3252.1,47.153
3252.2,47.626
3252.3,47.411
3252.4,46.77
3252.5,46.024
3252.6,45.467
3252.7,45.472
3252.8,45.87
3252.9,46.223
3253,46.122
3253.1,45.76
3253.2,45.521
3253.3,45.601
3253.4,45.632
3253.5,45.395
3253.6,45.343
3253.7,46.058
3253.8,47.303
3253.9,48.249
3254,48.368
3254.1,48.137
3254.2,48.054
3254.3,47.997
3254.4,47.501
3254.5,46.509
3254.6,45.54
3254.7,45.17
3254.8,45.286
3254.9,45.416
3255,45.596
3255.1,46.357
3255.2,47.825
3255.3,49.117
3255.4,49.394
3255.5,48.569
3255.6,47.489
3255.7,46.991
3255.8,47.186
3255.9,47.61
3256,47.711
3256.1,47.432
3256.2,47.03
3256.3,46.994
3256.4,47.58
3256.5,48.794
3256.6,50.079
3256.7,50.773
3256.8,50.475
3256.9,49.198
3257,47.205
3257.1,44.931
3257.2,43.13
3257.3,42.41
3257.4,42.973
3257.5,44.388
3257.6,45.575
3257.7,45.977
3257.8,45.438
3257.9,44.487
3258,43.543
3258.1,42.84
3258.2,42.449
3258.3,42.308
3258.4,42.381
3258.5,42.608
3258.6,42.922
3258.7,43.213
3258.8,43.397
3258.9,43.618
3259,43.922
3259.1,44.329
3259.2,44.866
3259.3,45.528
3259.4,46.175
3259.5,46.68
3259.6,46.879
3259.7,46.413
3259.8,45.627
3259.9,45.051
3260,45.053
3260.1,45.653
3260.2,46.532
3260.3,47.347
3260.4,47.867
3260.5,48.095
3260.6,47.979
3260.7,47.554
3260.8,47.036
3260.9,46.697
3261,46.942
3261.1,47.72
3261.2,48.683
3261.3,49.307
3261.4,49.471
3261.5,49.373
3261.6,49.475
3261.7,49.865
3261.8,49.817
3261.9,48.734
3262,46.648
3262.1,44.495
3262.2,43.007
3262.3,42.602
3262.4,43.07
3262.5,44.259
3262.6,45.996
3262.7,47.754
3262.8,49.11
3262.9,49.876
3263,50.121
3263.1,49.805
3263.2,48.672
3263.3,46.81
3263.4,44.895
3263.5,43.593
3263.6,43.326
3263.7,43.782
3263.8,44.475
3263.9,45.154
3264,45.918
3264.1,46.97
3264.2,48.153
3264.3,48.938
3264.4,49.005
3264.5,48.539
3264.6,48.159
3264.7,48.205
3264.8,48.621
3264.9,48.992
3265,49.005
3265.1,48.571
3265.2,47.863
3265.3,47.276
3265.4,47.077
3265.5,47.178
3265.6,47.026
3265.7,46.347
3265.8,45.263
3265.9,44.441
3266,44.493
3266.1,45.929
3266.2,48.291
3266.3,50.493
3266.4,51.305
3266.5,50.414
3266.6,48.602
3266.7,46.672
3266.8,45.182
3266.9,44.217
3267,43.843
3267.1,44.25
3267.2,45.372
3267.3,46.795
3267.4,47.902
3267.5,48.575
3267.6,48.84
3267.7,48.985
3267.8,49.455
3267.9,50.265
3268,50.759
3268.1,50.35
3268.2,49.456
3268.3,48.638
3268.4,48.497
3268.5,48.969
3268.6,49.563
3268.7,49.679
3268.8,49.264
3268.9,48.358
3269,47.062
3269.1,46.08
3269.2,45.997
3269.3,47.104
3269.4,48.89
3269.5,50.526
3269.6,51.266
3269.7,50.845
3269.8,49.867
3269.9,48.887
3270,48.213
3270.1,47.697
3270.2,47.223
3270.3,46.979
3270.4,47.165
3270.5,47.86
3270.6,48.999
3270.7,50.067
3270.8,50.408
3270.9,49.513
3271,47.88
3271.1,46.674
3271.2,47.007
3271.3,48.957
3271.4,51.537
3271.5,53.716
3271.6,54.604
3271.7,53.938
3271.8,51.773
3271.9,48.811
3272,46.338
3272.1,45.149
3272.2,45.657
3272.3,46.926
3272.4,48.121
3272.5,48.883
3272.6,49.451
3272.7,50.004
3272.8,50.45
3272.9,50.351
3273,49.307
3273.1,47.514
3273.2,45.785
3273.3,44.642
3273.4,44.058
3273.5,43.514
3273.6,42.582
3273.7,41.293
3273.8,40.17
3273.9,39.691
3274,39.882
3274.1,40.58
3274.2,41.609
3274.3,43.194
3274.4,45.64
3274.5,48.656
3274.6,51.32
3274.7,52.729
3274.8,52.554
3274.9,51.573
3275,50.376
3275.1,49.271
3275.2,48.099
3275.3,46.715
3275.4,45.055
3275.5,43.195
3275.6,41.355
3275.7,40.136
3275.8,40.244
3275.9,41.655
3276,43.705
3276.1,45.381
3276.2,46.153
3276.3,46.016
3276.4,45.162
3276.5,43.778
3276.6,41.845
3276.7,39.403
3276.8,37.072
3276.9,35.748
3277,36.57
3277.1,39.308
3277.2,43.092
3277.3,46.628
3277.4,48.805
3277.5,49.58
3277.6,49.331
3277.7,48.602
3277.8,47.796
3277.9,47.155
3278,46.984
3278.1,47.378
3278.2,48.292
3278.3,49.262
3278.4,49.743
3278.5,49.518
3278.6,48.626
3278.7,47.733
3278.8,47.231
3278.9,47.234
3279,47.503
3279.1,47.693
3279.2,47.446
3279.3,46.847
3279.4,46.416
3279.5,46.252
3279.6,46.07
3279.7,45.913
3279.8,46.085
3279.9,46.722
3280,47.519
3280.1,48.227
3280.2,48.614
3280.3,48.969
3280.4,49.635
3280.5,50.556
3280.6,51.567
3280.7,52.644
3280.8,53.736
3280.9,54.31
3281,54.155
3281.1,53.281
3281.2,52.008
3281.3,51.076
3281.4,50.853
3281.5,51.466
3281.6,52.284
3281.7,52.701
3281.8,52.389
3281.9,51.659
3282,51.053
3282.1,50.755
3282.2,50.609
3282.3,50.633
3282.4,51.125
3282.5,52.119
3282.6,52.988
3282.7,53.051
3282.8,52.133
3282.9,51.015
3283,50.3
3283.1,50.132
3283.2,50.189
3283.3,50.62
3283.4,51.762
3283.5,53.334
3283.6,54.641
3283.7,55.015
3283.8,54.358
3283.9,53.16
3284,52.193
3284.1,52.037
3284.2,52.378
3284.3,52.421
3284.4,51.351
3284.5,49.216
3284.6,46.654
3284.7,44.635
3284.8,43.248
3284.9,42.284
3285,41.556
3285.1,40.979
3285.2,40.469
3285.3,40.206
3285.4,40.53
3285.5,41.641
3285.6,43.751
3285.7,46.713
3285.8,50.033
3285.9,53.24
3286,55.7
3286.1,57.178
3286.2,57.485
3286.3,56.815
3286.4,55.968
3286.5,55.361
3286.6,55.106
3286.7,55.047
3286.8,55.326
3286.9,56.102
3287,57.029
3287.1,57.39
3287.2,56.473
3287.3,54.353
3287.4,51.594
3287.5,48.594
3287.6,45.783
3287.7,43.563
3287.8,42.255
3287.9,41.655
3288,41.064
3288.1,40.2
3288.2,39.368
3288.3,39.213
3288.4,40.001
3288.5,41.479
3288.6,42.878
3288.7,43.675
3288.8,43.759
3288.9,43.817
3289,44.84
3289.1,47.134
3289.2,49.948
3289.3,51.858
3289.4,52.181
3289.5,51.137
3289.6,50.033
3289.7,49.464
3289.8,49.459
3289.9,49.706
3290,49.971
3290.1,50.142
3290.2,50.349
3290.3,50.736
3290.4,51.516
3290.5,52.973
3290.6,54.858
3290.7,56.535
3290.8,57.215
3290.9,56.855
3291,55.702
3291.1,54.068
3291.2,52.482
3291.3,51.337
3291.4,51.037
3291.5,51.507
3291.6,52.37
3291.7,53.013
3291.8,52.89
3291.9,52.152
3292,51.517
3292.1,51.553
3292.2,51.961
3292.3,52.006
3292.4,50.877
3292.5,48.794
3292.6,46.326
3292.7,44.418
3292.8,43.675
3292.9,44.365
3293,46.423
3293.1,48.99
3293.2,51.007
3293.3,51.379
3293.4,50.237
3293.5,48.697
3293.6,47.644
3293.7,47.373
3293.8,47.54
3293.9,47.742
3294,47.743
3294.1,47.799
3294.2,48.158
3294.3,48.696
3294.4,49.006
3294.5,48.674
3294.6,47.269
3294.7,45.288
3294.8,43.589
3294.9,42.768
3295,42.734
3295.1,43.077
3295.2,43.564
3295.3,44.057
3295.4,44.4
3295.5,44.271
3295.6,43.25
3295.7,41.848
3295.8,40.719
3295.9,40.204
3296,40.083
3296.1,40.254
3296.2,41.023
3296.3,42.804
3296.4,45.564
3296.5,48.416
3296.6,49.85
3296.7,49.575
3296.8,48.348
3296.9,47.481
3297,47.569
3297.1,48.408
3297.2,49.285
3297.3,49.798
3297.4,49.871
3297.5,49.462
3297.6,48.766
3297.7,48.054
3297.8,47.719
3297.9,47.945
3298,48.572
3298.1,49.27
3298.2,49.726
3298.3,49.727
3298.4,49.003
3298.5,47.774
3298.6,46.714
3298.7,46.142
3298.8,46.011
3298.9,45.928
3299,45.656
3299.1,45.276
3299.2,45.136
3299.3,45.518
3299.4,46.609
3299.5,48.242
3299.6,49.842
3299.7,50.498
3299.8,49.867
3299.9,48.449
3300,46.965
3300.1,46.093
3300.2,45.845
3300.3,45.776
3300.4,45.101
3300.5,43.743
3300.6,42.07
3300.7,40.791
3300.8,40.423
3300.9,41.072
3301,42.456
3301.1,43.766
3301.2,44.303
3301.3,43.874
3301.4,43.396
3301.5,43.909
3301.6,45.533
3301.7,47.082
3301.8,47.493
3301.9,46.677
3302,45.456
3302.1,44.624
3302.2,44.018
3302.3,43.323
3302.4,42.591
3302.5,42.163
3302.6,42.356
3302.7,42.947
3302.8,43.465
3302.9,43.556
3303,43.422
3303.1,43.184
3303.2,42.815
3303.3,42.406
3303.4,42.056
3303.5,41.749
3303.6,41.408
3303.7,41.118
3303.8,40.979
3303.9,41.324
3304,42.094
3304.1,42.911
3304.2,43.385
3304.3,43.391
3304.4,42.786
3304.5,41.348
3304.6,39.536
3304.7,38.165
3304.8,37.715
3304.9,38.01
3305,38.294
3305.1,38.145
3305.2,37.847
3305.3,38.002
3305.4,38.698
3305.5,39.74
3305.6,40.689
3305.7,41.203
3305.8,41.193
3305.9,40.979
3306,40.691
3306.1,40.285
3306.2,39.805
3306.3,39.25
3306.4,38.691
3306.5,38.45
3306.6,38.529
3306.7,38.705
3306.8,39.084
3306.9,39.729
3307,40.403
3307.1,41.031
3307.2,41.846
3307.3,42.88
3307.4,43.898
3307.5,44.752
3307.6,45.356
3307.7,45.704
3307.8,45.912
3307.9,45.853
3308,45.275
3308.1,44.439
3308.2,44.01
3308.3,44.042
3308.4,44.054
3308.5,43.648
3308.6,43.03
3308.7,42.865
3308.8,43.275
3308.9,43.962
3309,44.455
3309.1,44.612
3309.2,44.537
3309.3,44.11
3309.4,43.221
3309.5,42.016
3309.6,40.987
3309.7,40.786
3309.8,41.26
3309.9,42.009
3310,42.463
3310.1,42.276
3310.2,41.576
3310.3,40.986
3310.4,41.106
3310.5,41.96
3310.6,42.994
3310.7,43.563
3310.8,43.561
3310.9,43.176
3311,42.561
3311.1,41.662
3311.2,40.643
3311.3,39.979
3311.4,40.01
3311.5,40.735
3311.6,41.865
3311.7,42.98
3311.8,43.853
3311.9,44.071
3312,43.521
3312.1,42.552
3312.2,41.847
3312.3,42.083
3312.4,43.146
3312.5,44.203
3312.6,44.087
3312.7,42.647
3312.8,40.571
3312.9,38.903
3313,38.282
3313.1,38.528
3313.2,39.006
3313.3,39.372
3313.4,39.891
3313.5,41.075
3313.6,42.64
3313.7,44.08
3313.8,44.821
3313.9,44.56
3314,43.637
3314.1,42.674
3314.2,42.191
3314.3,42.077
3314.4,42.107
3314.5,42.115
3314.6,42.023
3314.7,41.992
3314.8,42.274
3314.9,42.628
3315,42.804
3315.1,42.493
3315.2,41.889
3315.3,41.415
3315.4,41.429
3315.5,41.692
3315.6,41.51
3315.7,40.477
3315.8,38.966
3315.9,37.779
3316,37.352
3316.1,37.341
3316.2,37.135
3316.3,36.52
3316.4,35.611
3316.5,34.77
3316.6,34.052
3316.7,33.441
3316.8,32.88
3316.9,32.36
3317,32.211
3317.1,32.803
3317.2,34.179
3317.3,35.963
3317.4,37.355
3317.5,37.938
3317.6,37.804
3317.7,37.68
3317.8,37.988
3317.9,38.49
3318,39.056
3318.1,39.743
3318.2,40.307
3318.3,39.983
3318.4,38.283
3318.5,35.398
3318.6,32.276
3318.7,30.264
3318.8,29.706
3318.9,30.204
3319,31.146
3319.1,32.205
3319.2,33.184
3319.3,33.838
3319.4,33.995
3319.5,33.428
3319.6,32.022
3319.7,30.037
3319.8,27.788
3319.9,25.683
3320,24.084
3320.1,23.15
3320.2,22.919
3320.3,23.433
3320.4,24.79
3320.5,27.248
3320.6,30.607
3320.7,33.991
3320.8,36.647
3320.9,37.87
3321,37.815
3321.1,36.81
3321.2,35.252
3321.3,33.515
3321.4,31.728
3321.5,29.906
3321.6,28.031
3321.7,26.215
3321.8,24.762
3321.9,23.895
3322,23.692
3322.1,24.323
3322.2,25.635
3322.3,27.033
3322.4,27.964
3322.5,27.842
3322.6,26.788
3322.7,25.179
3322.8,23.833
3322.9,23.311
3323,23.804
3323.1,25.356
3323.2,27.366
3323.3,29.24
3323.4,30.541
3323.5,31.189
3323.6,31.26
3323.7,30.818
3323.8,30.261
3323.9,29.978
3324,30.081
3324.1,30.585
3324.2,31.177
3324.3,31.621
3324.4,31.93
3324.5,32.46
3324.6,33.367
3324.7,34.968
3324.8,37.479
3324.9,40.411
3325,42.487
3325.1,42.609
3325.2,40.826
3325.3,38.049
3325.4,35.789
3325.5,34.797
3325.6,35.09
3325.7,36.084
3325.8,36.697
3325.9,36.32
3326,35.069
3326.1,34.063
3326.2,33.921
3326.3,34.739
3326.4,35.69
3326.5,36.183
3326.6,36.198
3326.7,36.031
3326.8,36.112
3326.9,36.861
3327,38.41
3327.1,40.359
3327.2,42.022
3327.3,42.644
3327.4,42.229
3327.5,41.061
3327.6,39.475
3327.7,37.902
3327.8,36.668
3327.9,35.785
3328,34.99
3328.1,34.143
3328.2,33.277
3328.3,32.848
3328.4,33.356
3328.5,35.022
3328.6,37.493
3328.7,40.069
3328.8,42.159
3328.9,43.959
3329,46.466
3329.1,49.951
3329.2,53.829
3329.3,56.797
3329.4,57.671
3329.5,55.476
3329.6,51.216
3329.7,46.321
3329.8,41.883
3329.9,38.717
3330,37.018
3330.1,36.795
3330.2,37.866
3330.3,39.517
3330.4,40.927
3330.5,41.146
3330.6,40.159
3330.7,38.641
3330.8,38.061
3330.9,39.203
3331,41.998
3331.1,45.458
3331.2,47.926
3331.3,48.612
3331.4,47.773
3331.5,46.433
3331.6,45.123
3331.7,43.946
3331.8,43.137
3331.9,42.977
3332,43.639
3332.1,44.98
3332.2,46.275
3332.3,46.908
3332.4,46.728
3332.5,46.403
3332.6,46.325
3332.7,46.429
3332.8,46.358
3332.9,45.837
3333,44.774
3333.1,43.516
3333.2,42.373
3333.3,41.4
3333.4,40.692
3333.5,40.253
3333.6,39.962
3333.7,39.849
3333.8,39.98
3333.9,40.26
3334,40.236
3334.1,39.426
3334.2,37.813
3334.3,36.367
3334.4,36.364
3334.5,37.897
3334.6,40.117
3334.7,41.596
3334.8,41.703
3334.9,40.736
3335,39.926
3335.1,40.335
3335.2,42.199
3335.3,44.984
3335.4,47.318
3335.5,48.289
3335.6,47.586
3335.7,46.057
3335.8,44.339
3335.9,42.778
3336,41.512
3336.1,40.628
3336.2,40.035
3336.3,39.782
3336.4,40.079
3336.5,40.973
3336.6,42.046
3336.7,42.652
3336.8,42.578
3336.9,42.275
3337,42.453
3337.1,43.252
3337.2,44.096
3337.3,44.501
3337.4,44.521
3337.5,44.438
3337.6,44.213
3337.7,43.576
3337.8,42.214
3337.9,40.058
3338,37.49
3338.1,35.174
3338.2,33.911
3338.3,33.804
3338.4,34.827
3338.5,36.765
3338.6,38.707
3338.7,40.042
3338.8,40.492
3338.9,40.531
3339,40.785
3339.1,41.713
3339.2,43.012
3339.3,44.1
3339.4,44.604
3339.5,44.285
3339.6,43.07
3339.7,41.347
3339.8,40.182
3339.9,40.131
3340,40.991
3340.1,41.774
3340.2,41.79
3340.3,41.297
3340.4,40.865
3340.5,40.663
3340.6,40.257
3340.7,39.073
3340.8,37.368
3340.9,35.652
3341,34.375
3341.1,33.617
3341.2,33.15
3341.3,32.584
3341.4,31.603
3341.5,30.454
3341.6,29.511
3341.7,29.386
3341.8,30.057
3341.9,31.36
3342,33.294
3342.1,35.724
3342.2,38.273
3342.3,40.224
3342.4,41.32
3342.5,41.827
3342.6,42.277
3342.7,42.786
3342.8,42.842
3342.9,42.149
3343,41.183
3343.1,40.786
3343.2,41.227
3343.3,42.176
3343.4,42.946
3343.5,43.097
3343.6,42.499
3343.7,41.604
3343.8,40.78
3343.9,40.125
3344,39.558
3344.1,39.153
3344.2,39.018
3344.3,39.17
3344.4,39.385
3344.5,39.219
3344.6,38.466
3344.7,37.597
3344.8,37.028
3344.9,36.907
3345,37.121
3345.1,37.551
3345.2,37.691
3345.3,37.093
3345.4,35.732
3345.5,34.017
3345.6,32.712
3345.7,32.082
3345.8,31.908
3345.9,31.756
3346,31.586
3346.1,31.793
3346.2,32.982
3346.3,35.21
3346.4,38.051
3346.5,40.785
3346.6,42.998
3346.7,44.745
3346.8,46.029
3346.9,46.821
3347,47.125
3347.1,47.046
3347.2,46.745
3347.3,46.381
3347.4,46.074
3347.5,46.181
3347.6,46.943
3347.7,47.812
3347.8,47.363
3347.9,45.089
3348,41.47
3348.1,37.797
3348.2,35.313
3348.3,34.189
3348.4,33.918
3348.5,33.664
3348.6,33.24
3348.7,32.882
3348.8,33.064
3348.9,34.068
3349,35.887
3349.1,37.977
3349.2,39.522
3349.3,39.865
3349.4,38.884
3349.5,37.371
3349.6,35.989
3349.7,35.15
3349.8,34.797
3349.9,34.964
3350,36.081
3350.1,38.454
3350.2,41.86
3350.3,45.137
3350.4,46.543
3350.5,45.362
3350.6,42.161
3350.7,38.812
3350.8,36.97
3350.9,37.094
3351,38.527
3351.1,40.027
3351.2,41.057
3351.3,41.815
3351.4,42.937
3351.5,44.775
3351.6,46.964
3351.7,48.462
3351.8,48.981
3351.9,48.786
3352,48.567
3352.1,48.818
3352.2,49.774
3352.3,51.296
3352.4,52.67
3352.5,53.055
3352.6,51.685
3352.7,49.21
3352.8,46.786
3352.9,45.356
3353,44.548
3353.1,43.891
3353.2,43.233
3353.3,42.687
3353.4,42.399
3353.5,42.268
3353.6,41.836
3353.7,40.916
3353.8,39.748
3353.9,38.938
3354,39.058
3354.1,40.428
3354.2,42.79
3354.3,45.011
3354.4,46.329
3354.5,46.264
3354.6,45.397
3354.7,44.253
3354.8,43.338
3354.9,43.027
3355,43.663
3355.1,45.342
3355.2,47.301
3355.3,48.467
3355.4,48.211
3355.5,47.018
3355.6,45.891
3355.7,45.203
3355.8,44.68
3355.9,44.09
3356,43.745
3356.1,44.391
3356.2,45.838
3356.3,47.425
3356.4,48.474
3356.5,48.88
3356.6,48.964
3356.7,48.957
3356.8,48.738
3356.9,48.126
3357,47.089
3357.1,45.94
3357.2,44.792
3357.3,43.702
3357.4,42.847
3357.5,42.147
3357.6,41.398
3357.7,40.128
3357.8,38.473
3357.9,37.045
3358,36.64
3358.1,37.278
3358.2,38.38
3358.3,39.788
3358.4,41.83
3358.5,44.57
3358.6,47.673
3358.7,50.207
3358.8,51.672
3358.9,52.036
3359,51.518
3359.1,50.686
3359.2,49.763
3359.3,48.78
3359.4,47.468
3359.5,45.659
3359.6,43.541
3359.7,41.676
3359.8,40.785
3359.9,41.285
3360,42.565
3360.1,43.667
3360.2,43.919
3360.3,43.393
3360.4,42.992
3360.5,43.277
3360.6,43.881
3360.7,44.016
3360.8,43.466
3360.9,42.579
3361,41.932
3361.1,41.665
3361.2,41.68
3361.3,41.944
3361.4,42.607
3361.5,43.787
3361.6,45.381
3361.7,47.255
3361.8,49.26
3361.9,51
3362,51.974
3362.1,51.908
3362.2,51.175
3362.3,50.466
3362.4,50.009
3362.5,49.773
3362.6,49.535
3362.7,49.305
3362.8,49.086
3362.9,48.791
3363,48.322
3363.1,47.835
3363.2,47.712
3363.3,47.921
3363.4,48.151
3363.5,47.994
3363.6,47.377
3363.7,46.489
3363.8,45.765
3363.9,45.403
3364,45.329
3364.1,45.287
3364.2,45.146
3364.3,44.987
3364.4,44.987
3364.5,45.333
3364.6,46.068
3364.7,47.073
3364.8,47.949
3364.9,48.434
3365,48.777
3365.1,49.582
3365.2,51.134
3365.3,53.012
3365.4,53.883
3365.5,53.204
3365.6,51.426
3365.7,49.7
3365.8,48.705
3365.9,48.277
3366,47.847
3366.1,47.06
3366.2,46.128
3366.3,45.252
3366.4,44.331
3366.5,43.361
3366.6,42.577
3366.7,42.448
3366.8,43.206
3366.9,44.62
3367,45.943
3367.1,46.752
3367.2,47.39
3367.3,48.274
3367.4,49.325
3367.5,50.203
3367.6,50.335
3367.7,49.968
3367.8,49.683
3367.9,49.665
3368,49.439
3368.1,48.66
3368.2,47.655
3368.3,47.033
3368.4,47.154
3368.5,47.935
3368.6,48.644
3368.7,48.651
3368.8,47.887
3368.9,46.921
3369,46.364
3369.1,46.427
3369.2,47.209
3369.3,48.33
3369.4,49.204
3369.5,49.154
3369.6,47.928
3369.7,45.96
3369.8,44.161
3369.9,43.472
3370,43.952
3370.1,45.276
3370.2,46.661
3370.3,47.369
3370.4,47.212
3370.5,46.316
3370.6,45.182
3370.7,44.126
3370.8,43.384
3370.9,43.139
3371,43.655
3371.1,45.114
3371.2,47.016
3371.3,48.79
3371.4,50.143
3371.5,50.729
3371.6,50.573
3371.7,49.964
3371.8,49.372
3371.9,48.955
3372,48.584
3372.1,48.175
3372.2,48.026
3372.3,48.655
3372.4,50.303
3372.5,52.406
3372.6,54.267
3372.7,55.221
3372.8,54.865
3372.9,53.474
3373,51.646
3373.1,50.244
3373.2,49.599
3373.3,49.484
3373.4,49.244
3373.5,48.513
3373.6,47.342
3373.7,46.363
3373.8,46.158
3373.9,46.799
3374,48.036
3374.1,49.41
3374.2,50.578
3374.3,51.418
3374.4,51.912
3374.5,52.018
3374.6,51.652
3374.7,50.948
3374.8,50.03
3374.9,48.899
3375,47.876
3375.1,47.348
3375.2,47.331
3375.3,47.467
3375.4,47.507
3375.5,47.789
3375.6,48.968
3375.7,50.929
3375.8,52.793
3375.9,53.507
3376,52.738
3376.1,50.918
3376.2,48.322
3376.3,45.121
3376.4,41.665
3376.5,38.491
3376.6,36.467
3376.7,35.591
3376.8,35.455
3376.9,35.371
3377,34.857
3377.1,33.952
3377.2,33.072
3377.3,32.57
3377.4,32.494
3377.5,32.814
3377.6,33.439
3377.7,34.202
3377.8,34.875
3377.9,35.319
3378,35.603
3378.1,36.047
3378.2,37.285
3378.3,39.521
3378.4,42.478
3378.5,44.932
3378.6,46.078
3378.7,46.131
3378.8,45.998
3378.9,46.483
3379,47.433
3379.1,48.026
3379.2,47.589
3379.3,46.621
3379.4,45.982
3379.5,46.156
3379.6,46.726
3379.7,46.952
3379.8,46.021
3379.9,44.278
3380,42.495
3380.1,41.4
3380.2,40.836
3380.3,40.324
3380.4,39.488
3380.5,38.662
3380.6,38.386
3380.7,38.984
3380.8,40.272
3380.9,41.944
3381,43.801
3381.1,45.478
3381.2,46.741
3381.3,47.679
3381.4,48.782
3381.5,50.31
3381.6,51.869
3381.7,52.466
3381.8,52.045
3381.9,51.381
3382,51.427
3382.1,52.096
3382.2,52.695
3382.3,52.752
3382.4,52.407
3382.5,52.06
3382.6,51.816
3382.7,51.637
3382.8,51.544
3382.9,51.641
3383,52.516
3383.1,54.299
3383.2,56.876
3383.3,59.398
3383.4,60.695
3383.5,60.346
3383.6,58.498
3383.7,56.343
3383.8,54.713
3383.9,53.736
3384,53.158
3384.1,52.562
3384.2,51.665
3384.3,49.979
3384.4,47.396
3384.5,44.317
3384.6,41.784
3384.7,40.715
3384.8,41.276
3384.9,43.251
3385,45.925
3385.1,48.87
3385.2,51.328
3385.3,52.707
3385.4,52.898
3385.5,52.189
3385.6,51.078
3385.7,49.724
3385.8,48.307
3385.9,47.335
3386,47.222
3386.1,48.029
3386.2,49.247
3386.3,50.126
3386.4,50.863
3386.5,52.521
3386.6,55.358
3386.7,58.585
3386.8,60.844
3386.9,61.383
3387,60.465
3387.1,58.765
3387.2,56.915
3387.3,54.958
3387.4,52.847
3387.5,50.828
3387.6,49.076
3387.7,47.634
3387.8,46.665
3387.9,46.186
3388,46.015
3388.1,46.131
3388.2,46.673
3388.3,47.651
3388.4,48.868
3388.5,50.098
3388.6,51.303
3388.7,52.45
3388.8,53.34
3388.9,53.542
3389,52.678
3389.1,51.043
3389.2,49.674
3389.3,49.278
3389.4,50.035
3389.5,51.36
3389.6,53.078
3389.7,55.175
3389.8,57.249
3389.9,58.578
3390,58.167
3390.1,55.798
3390.2,52.26
3390.3,48.569
3390.4,45.431
3390.5,42.991
3390.6,41.311
3390.7,40.63
3390.8,41.212
3390.9,43.388
3391,46.994
3391.1,50.733
3391.2,53.738
3391.3,55.57
3391.4,56.777
3391.5,58.092
3391.6,59.699
3391.7,60.824
3391.8,60.668
3391.9,59.036
3392,56.741
3392.1,55.038
3392.2,54.668
3392.3,55.754
3392.4,57.783
3392.5,60.302
3392.6,62.369
3392.7,63.269
3392.8,62.621
3392.9,60.756
3393,58.818
3393.1,57.585
3393.2,57.728
3393.3,59.494
3393.4,62.396
3393.5,64.967
3393.6,65.371
3393.7,63.426
3393.8,59.977
3393.9,56.578
3394,53.931
3394.1,51.859
3394.2,50.278
3394.3,49.344
3394.4,49.261
3394.5,49.516
3394.6,49.205
3394.7,48.057
3394.8,46.39
3394.9,45.093
3395,44.931
3395.1,46.245
3395.2,48.511
3395.3,50.806
3395.4,52.573
3395.5,53.522
3395.6,54.202
3395.7,55.132
3395.8,56.191
3395.9,57.017
3396,57.511
3396.1,57.736
3396.2,57.948
3396.3,58.327
3396.4,58.977
3396.5,59.554
3396.6,59.371
3396.7,57.342
3396.8,52.715
3396.9,46.715
3397,41.596
3397.1,40.059
3397.2,42.065
3397.3,46.254
3397.4,50.223
3397.5,52.748
3397.6,53.836
3397.7,53.982
3397.8,53.706
3397.9,53.203
3398,52.669
3398.1,52.621
3398.2,53.596
3398.3,55.791
3398.4,58.524
3398.5,60.89
3398.6,62.474
3398.7,63.323
3398.8,64.112
3398.9,65.106
3399,65.988
3399.1,66.372
3399.2,66.224
3399.3,66.027
3399.4,66.425
3399.5,67.628
3399.6,69.219
3399.7,70.239
3399.8,70.254
3399.9,69.431
3400,68.142
3400.1,66.434
3400.2,63.916
3400.3,60.433
3400.4,57.078
3400.5,55.423
3400.6,56.818
3400.7,59.833
3400.8,62.916
3400.9,65.062
3401,66.567
3401.1,68.048
3401.2,69.397
3401.3,70.096
3401.4,70.115
3401.5,69.76
3401.6,69.083
3401.7,67.526
3401.8,64.772
3401.9,61.498
3402,58.929
3402.1,57.568
3402.2,57.227
3402.3,57.183
3402.4,57.038
3402.5,56.828
3402.6,57.138
3402.7,58.384
3402.8,60.402
3402.9,62.077
3403,62.271
3403.1,60.434
3403.2,57.131
3403.3,53.729
3403.4,51.297
3403.5,50.308
3403.6,49.991
3403.7,49.721
3403.8,49.135
3403.9,48.754
3404,49.466
3404.1,51.973
3404.2,55.352
3404.3,58.516
3404.4,60.904
3404.5,62.534
3404.6,63.879
3404.7,65.31
3404.8,66.611
3404.9,67.168
3405,66.699
3405.1,65.243
3405.2,63.28
3405.3,61.217
3405.4,59.269
3405.5,57.441
3405.6,56.02
3405.7,55.71
3405.8,56.428
3405.9,57.44
3406,57.947
3406.1,57.667
3406.2,57.174
3406.3,57.196
3406.4,57.974
3406.5,59.147
3406.6,60.382
3406.7,61.445
3406.8,62.245
3406.9,62.717
3407,62.645
3407.1,62.014
3407.2,61.053
3407.3,60.156
3407.4,59.606
3407.5,59.406
3407.6,59.196
3407.7,58.707
3407.8,58.078
3407.9,57.355
3408,56.355
3408.1,55.108
3408.2,54.248
3408.3,54.833
3408.4,56.623
3408.5,58.624
3408.6,59.42
3408.7,59.269
3408.8,59.01
3408.9,58.835
3409,58.053
3409.1,56.33
3409.2,54.177
3409.3,52.841
3409.4,53.171
3409.5,54.901
3409.6,56.749
3409.7,58.14
3409.8,59.348
3409.9,60.575
3410,61.628
3410.1,62.185
3410.2,61.745
3410.3,60.729
3410.4,59.837
3410.5,59.857
3410.6,60.942
3410.7,62.794
3410.8,64.943
3410.9,66.677
3411,67.451
3411.1,66.773
3411.2,64.459
3411.3,60.95
3411.4,56.713
3411.5,52.719
3411.6,49.771
3411.7,48.14
3411.8,47.694
3411.9,47.862
3412,48.498
3412.1,49.779
3412.2,51.531
3412.3,53.163
3412.4,54.08
3412.5,54.094
3412.6,53.882
3412.7,54.232
3412.8,55.529
3412.9,57.26
3413,58.685
3413.1,59.021
3413.2,58.498
3413.3,57.82
3413.4,57.587
3413.5,57.427
3413.6,56.94
3413.7,56.175
3413.8,55.77
3413.9,56.039
3414,56.779
3414.1,57.548
3414.2,58.273
3414.3,59.135
3414.4,60.013
3414.5,60.476
3414.6,60.153
3414.7,58.771
3414.8,56.665
3414.9,54.149
3415,51.783
3415.1,50.136
3415.2,49.504
3415.3,49.766
3415.4,50.42
3415.5,51.326
3415.6,52.744
3415.7,54.873
3415.8,57.366
3415.9,59.536
3416,60.678
3416.1,61.121
3416.2,61.387
3416.3,61.803
3416.4,62.598
3416.5,63.857
3416.6,65.372
3416.7,66.586
3416.8,67.135
3416.9,66.925
3417,66.498
3417.1,66.294
3417.2,65.866
3417.3,64.627
3417.4,62.788
3417.5,60.702
3417.6,58.516
3417.7,56.18
3417.8,53.776
3417.9,52.013
3418,51.795
3418.1,53.409
3418.2,56.329
3418.3,59.321
3418.4,61.51
3418.5,62.067
3418.6,61.161
3418.7,59.573
3418.8,57.887
3418.9,56.432
3419,55.226
3419.1,54.21
3419.2,53.707
3419.3,53.947
3419.4,54.816
3419.5,55.859
3419.6,56.732
3419.7,57.488
3419.8,58.385
3419.9,59.595
3420,60.933
3420.1,62.032
3420.2,62.662
3420.3,62.856
3420.4,63.015
3420.5,63.675
3420.6,64.616
3420.7,65.101
3420.8,64.552
3420.9,63.144
3421,61.645
3421.1,61.432
3421.2,62.748
3421.3,65.042
3421.4,67.104
3421.5,67.93
3421.6,67.144
3421.7,65.379
3421.8,63.975
3421.9,63.382
3422,63.401
3422.1,63.3
3422.2,62.774
3422.3,62.143
3422.4,61.85
3422.5,61.457
3422.6,60.041
3422.7,56.796
3422.8,52.712
3422.9,49.134
3423,47.557
3423.1,48.102
3423.2,50.335
3423.3,53.584
3423.4,57.007
3423.5,59.896
3423.6,61.58
3423.7,62.047
3423.8,62.137
3423.9,62.591
3424,63.329
3424.1,63.765
3424.2,63.626
3424.3,63.204
3424.4,63.3
3424.5,64.061
3424.6,65.154
3424.7,65.965
3424.8,66.046
3424.9,64.87
3425,62.108
3425.1,58.014
3425.2,53.39
3425.3,49.752
3425.4,47.944
3425.5,48.192
3425.6,50.042
3425.7,52.18
3425.8,53.656
3425.9,54.089
3426,54.53
3426.1,55.889
3426.2,58.238
3426.3,60.276
3426.4,60.633
3426.5,58.696
3426.6,55.813
3426.7,53.581
3426.8,52.987
3426.9,54.168
3427,56.321
3427.1,58.574
3427.2,60.047
3427.3,60.658
3427.4,60.591
3427.5,60.297
3427.6,60.156
3427.7,60.152
3427.8,60.451
3427.9,61.237
3428,62.247
3428.1,62.848
3428.2,62.527
3428.3,61.492
3428.4,60.538
3428.5,60.465
3428.6,61.313
3428.7,62.671
3428.8,63.882
3428.9,64.3
3429,63.522
3429.1,61.37
3429.2,58.536
3429.3,55.929
3429.4,54.494
3429.5,54.213
3429.6,54.63
3429.7,55.27
3429.8,56.006
3429.9,56.881
3430,57.901
3430.1,58.883
3430.2,59.575
3430.3,59.714
3430.4,58.938
3430.5,57.687
3430.6,56.789
3430.7,57.154
3430.8,58.408
3430.9,59.529
3431,59.079
3431.1,57.202
3431.2,55.056
3431.3,53.642
3431.4,52.71
3431.5,51.517
3431.6,49.868
3431.7,48.401
3431.8,47.908
3431.9,48.625
3432,49.897
3432.1,50.713
3432.2,50.576
3432.3,49.663
3432.4,48.971
3432.5,49.176
3432.6,50.68
3432.7,52.683
3432.8,54.007
3432.9,53.729
3433,52.251
3433.1,50.782
3433.2,50.215
3433.3,50.626
3433.4,51.197
3433.5,51.168
3433.6,50.249
3433.7,48.937
3433.8,47.681
3433.9,46.831
3434,46.276
3434.1,45.944
3434.2,45.816
3434.3,45.828
3434.4,45.94
3434.5,46.235
3434.6,46.775
3434.7,47.51
3434.8,48.318
3434.9,48.946
3435,49.268
3435.1,49.287
3435.2,49.052
3435.3,48.537
3435.4,47.564
3435.5,46.084
3435.6,44.38
3435.7,42.749
3435.8,41.556
3435.9,41.201
3436,41.985
3436.1,43.603
3436.2,44.896
3436.3,45.075
3436.4,44.511
3436.5,44.678
3436.6,46.216
3436.7,48.57
3436.8,50.554
3436.9,51.846
3437,52.899
3437.1,54.162
3437.2,55.098
3437.3,54.898
3437.4,53.258
3437.5,50.894
3437.6,48.446
3437.7,46.739
3437.8,46.687
3437.9,48.466
3438,51.45
3438.1,54.309
3438.2,56.263
3438.3,57.458
3438.4,58.764
3438.5,60.564
3438.6,62.422
3438.7,63.644
3438.8,64.329
3438.9,64.682
3439,64.472
3439.1,63.596
3439.2,62.269
3439.3,61.143
3439.4,61.122
3439.5,62.105
3439.6,62.989
3439.7,62.163
3439.8,59.329
3439.9,55.101
3440,50.718
3440.1,47.317
3440.2,45.361
3440.3,45.141
3440.4,45.951
3440.5,47.147
3440.6,47.957
3440.7,47.819
3440.8,46.851
3440.9,45.732
3441,45.418
3441.1,46.359
3441.2,48.139
3441.3,49.453
3441.4,49.361
3441.5,47.843
3441.6,45.876
3441.7,44.329
3441.8,43.3
3441.9,42.37
3442,41.193
3442.1,39.853
3442.2,38.671
3442.3,37.883
3442.4,37.399
3442.5,37.138
3442.6,37.315
3442.7,38.124
3442.8,39.636
3442.9,41.544
3443,43.165
3443.1,43.993
3443.2,43.845
3443.3,43.302
3443.4,42.714
3443.5,42.104
3443.6,41.223
3443.7,39.903
3443.8,38.351
3443.9,37.077
3444,36.3
3444.1,36.044
3444.2,36.463
3444.3,37.881
3444.4,40.435
3444.5,43.419
3444.6,45.505
3444.7,45.766
3444.8,43.943
3444.9,41.171
3445,38.411
3445.1,36.276
3445.2,34.654
3445.3,33.513
3445.4,33.137
3445.5,33.816
3445.6,35.519
3445.7,37.723
3445.8,39.431
3445.9,40.198
3446,40.195
3446.1,39.911
3446.2,39.706
3446.3,39.49
3446.4,38.809
3446.5,37.585
3446.6,36.168
3446.7,35.156
3446.8,34.737
3446.9,34.678
3447,34.419
3447.1,33.701
3447.2,32.883
3447.3,32.466
3447.4,32.477
3447.5,32.522
3447.6,32.37
3447.7,32.314
3447.8,32.85
3447.9,34.112
3448,35.49
3448.1,36.341
3448.2,36.642
3448.3,36.613
3448.4,36.512
3448.5,36.302
3448.6,35.94
3448.7,35.583
3448.8,35.372
3448.9,35.276
3449,35.041
3449.1,34.767
3449.2,34.747
3449.3,35.161
3449.4,35.863
3449.5,36.5
3449.6,36.477
3449.7,35.718
3449.8,34.506
3449.9,33.393
3450,32.686
3450.1,32.255
3450.2,31.645
3450.3,30.658
3450.4,29.746
3450.5,29.663
3450.6,30.602
3450.7,32.061
3450.8,33.735
3450.9,35.622
3451,37.587
3451.1,39.176
3451.2,39.656
3451.3,39.177
3451.4,38.174
3451.5,37.162
3451.6,36.189
3451.7,35.034
3451.8,33.864
3451.9,33.261
3452,33.548
3452.1,34.487
3452.2,35.391
3452.3,35.962
3452.4,36.256
3452.5,36.602
3452.6,37.136
3452.7,37.512
3452.8,37.343
3452.9,36.857
3453,36.576
3453.1,36.896
3453.2,37.679
3453.3,38.675
3453.4,39.745
3453.5,40.889
3453.6,42.063
3453.7,43.308
3453.8,44.941
3453.9,47.197
3454,50.044
3454.1,52.589
3454.2,53.846
3454.3,53.568
3454.4,52.251
3454.5,50.994
3454.6,50.414
3454.7,50.849
3454.8,51.908
3454.9,53.145
3455,54.187
3455.1,54.82
3455.2,55.154
3455.3,55.584
3455.4,56.261
3455.5,56.702
3455.6,56.195
3455.7,54.538
3455.8,52.505
3455.9,50.958
3456,50.67
3456.1,51.27
3456.2,52.093
3456.3,52.736
3456.4,53.48
3456.5,54.537
3456.6,55.824
3456.7,56.772
3456.8,56.976
3456.9,56.61
3457,56.258
3457.1,56.223
3457.2,56.082
3457.3,54.926
3457.4,52.672
3457.5,49.883
3457.6,47.644
3457.7,46.468
3457.8,46.458
3457.9,47.326
3458,48.131
3458.1,48.443
3458.2,48.25
3458.3,47.901
3458.4,47.634
3458.5,47.309
3458.6,46.512
3458.7,45.25
3458.8,44.1
3458.9,43.86
3459,44.694
3459.1,46.665
3459.2,49.832
3459.3,52.898
3459.4,54.648
3459.5,53.917
3459.6,51.146
3459.7,47.245
3459.8,43.26
3459.9,39.915
3460,37.389
3460.1,36.097
3460.2,36.083
3460.3,36.55
3460.4,36.678
3460.5,36.513
3460.6,37.051
3460.7,38.821
3460.8,41.592
3460.9,43.998
3461,45.318
3461.1,45.246
3461.2,43.973
3461.3,41.268
3461.4,36.784
3461.5,31.754
3461.6,28.041
3461.7,26.958
3461.8,28.217
3461.9,30.284
3462,31.965
3462.1,32.654
3462.2,32.624
3462.3,32.169
3462.4,31.705
3462.5,31.942
3462.6,33.457
3462.7,36.485
3462.8,39.938
3462.9,42.409
3463,42.573
3463.1,40.639
3463.2,37.802
3463.3,35.246
3463.4,33.689
3463.5,32.971
3463.6,32.83
3463.7,32.98
3463.8,33.2
3463.9,33.267
3464,33.06
3464.1,32.782
3464.2,32.604
3464.3,32.775
3464.4,33.399
3464.5,34.582
3464.6,36.324
3464.7,38.3
3464.8,40.021
3464.9,40.868
3465,40.517
3465.1,39.054
3465.2,36.727
3465.3,34.366
3465.4,32.785
3465.5,32.206
3465.6,32.307
3465.7,32.324
3465.8,31.888
3465.9,31.004
3466,30.011
3466.1,29.099
3466.2,28.433
3466.3,28.217
3466.4,28.397
3466.5,28.724
3466.6,28.855
3466.7,28.688
3466.8,28.476
3466.9,28.548
3467,28.817
3467.1,29.046
3467.2,28.866
3467.3,28.308
3467.4,27.859
3467.5,28.471
3467.6,30.473
3467.7,33.444
3467.8,36.683
3467.9,39.454
3468,41.514
3468.1,43.024
3468.2,44.317
3468.3,45.548
3468.4,46.581
3468.5,47.471
3468.6,48.405
3468.7,49.513
3468.8,51.082
3468.9,52.869
3469,54.083
3469.1,53.47
3469.2,50.764
3469.3,46.31
3469.4,40.989
3469.5,36.134
3469.6,32.334
3469.7,29.712
3469.8,27.977
3469.9,26.885
3470,26.485
3470.1,26.939
3470.2,27.918
3470.3,29.001
3470.4,29.876
3470.5,30.562
3470.6,31.152
3470.7,31.606
3470.8,31.826
3470.9,31.854
3471,31.574
3471.1,30.965
3471.2,30.256
3471.3,29.765
3471.4,29.801
3471.5,30.291
3471.6,31.08
3471.7,31.95
3471.8,32.792
3471.9,33.485
3472,33.601
3472.1,33.215
3472.2,32.811
3472.3,32.983
3472.4,33.538
3472.5,33.856
3472.6,33.317
3472.7,31.997
3472.8,30.654
3472.9,30.165
3473,30.718
3473.1,31.626
3473.2,32.502
3473.3,33.154
3473.4,33.493
3473.5,33.428
3473.6,32.773
3473.7,31.974
3473.8,31.799
3473.9,33.167
3474,35.644
3474.1,38.048
3474.2,39.277
3474.3,39.387
3474.4,39.432
3474.5,40.4
3474.6,42.226
3474.7,43.841
3474.8,44.25
3474.9,43.126
3475,41.38
3475.1,39.801
3475.2,39.334
3475.3,39.992
3475.4,41.519
3475.5,43.559
3475.6,45.646
3475.7,47.528
3475.8,49.023
3475.9,50.123
3476,50.952
3476.1,51.682
3476.2,52.592
3476.3,53.586
3476.4,54.559
3476.5,55.708
3476.6,57.207
3476.7,58.695
3476.8,59.157
3476.9,58.114
3477,55.866
3477.1,53.23
3477.2,50.711
3477.3,48.037
3477.4,44.818
3477.5,41.306
3477.6,38.137
3477.7,35.734
3477.8,34.065
3477.9,32.921
3478,32.435
3478.1,32.666
3478.2,33.264
3478.3,33.98
3478.4,34.75
3478.5,35.769
3478.6,37.195
3478.7,38.682
3478.8,39.518
3478.9,39.66
3479,39.641
3479.1,40.129
3479.2,41.336
3479.3,43.042
3479.4,44.848
3479.5,46.511
3479.6,47.961
3479.7,49.047
3479.8,49.964
3479.9,51.295
3480,53.531
3480.1,55.879
3480.2,57.245
3480.3,56.5
3480.4,53.598
3480.5,49.184
3480.6,44.263
3480.7,39.934
3480.8,36.835
3480.9,35.179
3481,34.459
3481.1,33.747
3481.2,32.79
3481.3,31.721
3481.4,30.828
3481.5,30.352
3481.6,30.308
3481.7,30.462
3481.8,30.883
3481.9,31.762
3482,32.935
3482.1,34.052
3482.2,34.838
3482.3,35.087
3482.4,34.988
3482.5,35.021
3482.6,35.714
3482.7,37.128
3482.8,39.003
3482.9,40.842
3483,42.413
3483.1,44.132
3483.2,46.501
3483.3,49.081
3483.4,51.018
3483.5,51.699
3483.6,51.734
3483.7,51.844
3483.8,52.269
3483.9,52.096
3484,50.39
3484.1,46.874
3484.2,42.227
3484.3,37.836
3484.4,34.513
3484.5,32.76
3484.6,32.037
3484.7,31.988
3484.8,32.479
3484.9,33.158
3485,33.905
3485.1,34.819
3485.2,36.174
3485.3,38.059
3485.4,40.268
3485.5,42.262
3485.6,43.432
3485.7,43.498
3485.8,42.671
3485.9,41.677
3486,41.128
3486.1,41.244
3486.2,41.367
3486.3,41.173
3486.4,41.026
3486.5,41.437
3486.6,42.427
3486.7,43.556
3486.8,44.407
3486.9,44.985
3487,45.252
3487.1,44.659
3487.2,42.699
3487.3,39.852
3487.4,37.589
3487.5,36.836
3487.6,37.646
3487.7,39.465
3487.8,41.485
3487.9,43.472
3488,45.423
3488.1,47.164
3488.2,48.484
3488.3,49.301
3488.4,50.058
3488.5,51.061
3488.6,52.122
3488.7,52.745
3488.8,52.561
3488.9,51.744
3489,50.878
3489.1,50.158
3489.2,49.147
3489.3,46.776
3489.4,43.145
3489.5,38.891
3489.6,35.215
3489.7,32.952
3489.8,32.142
3489.9,32.357
3490,32.636
3490.1,32.391
3490.2,31.513
3490.3,30.445
3490.4,29.777
3490.5,29.727
3490.6,30.008
3490.7,30.126
3490.8,29.88
3490.9,29.415
3491,29.196
3491.1,29.501
3491.2,30.319
3491.3,31.152
3491.4,31.755
3491.5,32.285
3491.6,33.234
3491.7,34.832
3491.8,36.98
3491.9,39.403
3492,41.907
3492.1,44.301
3492.2,46.223
3492.3,47.36
3492.4,47.658
3492.5,47.402
3492.6,47.015
3492.7,46.534
3492.8,45.923
3492.9,45.421
3493,45.414
3493.1,46.367
3493.2,48.17
3493.3,50.221
3493.4,51.832
3493.5,52.607
3493.6,52.773
3493.7,52.735
3493.8,52.903
3493.9,53.517
3494,54.349
3494.1,54.337
3494.2,52.73
3494.3,49.536
3494.4,45.577
3494.5,42.138
3494.6,39.752
3494.7,38.13
3494.8,36.606
3494.9,35.118
3495,33.738
3495.1,32.244
3495.2,30.465
3495.3,28.554
3495.4,27.192
3495.5,27.006
3495.6,28.106
3495.7,29.676
3495.8,30.545
3495.9,30.372
3496,29.531
3496.1,28.996
3496.2,29.25
3496.3,30.354
3496.4,31.916
3496.5,33.647
3496.6,35.374
3496.7,36.758
3496.8,37.497
3496.9,37.553
3497,37.136
3497.1,36.675
3497.2,36.528
3497.3,37.021
3497.4,38.023
3497.5,39.306
3497.6,40.545
3497.7,41.654
3497.8,42.872
3497.9,44.411
3498,45.754
3498.1,46.118
3498.2,44.991
3498.3,42.791
3498.4,40.636
3498.5,39.257
3498.6,38.63
3498.7,38.133
3498.8,37.464
3498.9,36.532
3499,35.483
3499.1,34.481
3499.2,33.622
3499.3,32.826
3499.4,32.091
3499.5,31.466
3499.6,31.041
3499.7,30.941
3499.8,31.047
3499.9,30.822
3500,30.008
3500.1,29.022
3500.2,28.78
3500.3,29.545
3500.4,31.17
3500.5,33.156
3500.6,34.655
3500.7,35.282
3500.8,34.997
3500.9,34.54
3501,34.658
3501.1,35.828
3501.2,37.422
3501.3,38.461
3501.4,38.668
3501.5,38.692
3501.6,39.025
3501.7,39.475
3501.8,39.459
3501.9,38.803
3502,37.829
3502.1,37.364
3502.2,37.646
3502.3,38.41
3502.4,39.301
3502.5,40.18
3502.6,41.141
3502.7,42.342
3502.8,43.929
3502.9,45.658
3503,47.077
3503.1,47.768
3503.2,47.718
3503.3,47.082
3503.4,46.119
3503.5,45.238
3503.6,44.539
3503.7,44.013
3503.8,43.469
3503.9,42.708
3504,41.71
3504.1,40.893
3504.2,40.767
3504.3,41.41
3504.4,42.119
3504.5,42.281
3504.6,41.719
3504.7,40.739
3504.8,39.769
3504.9,39.041
3505,38.943
3505.1,39.688
3505.2,41.138
3505.3,42.546
3505.4,43.308
3505.5,43.494
3505.6,43.491
3505.7,43.716
3505.8,44.18
3505.9,44.663
3506,45.054
3506.1,45.246
3506.2,44.884
3506.3,43.719
3506.4,42.221
3506.5,41.005
3506.6,40.355
3506.7,39.963
3506.8,39.661
3506.9,39.604
3507,40.145
3507.1,41.383
3507.2,42.853
3507.3,43.791
3507.4,44.017
3507.5,43.951
3507.6,44.29
3507.7,45.391
3507.8,47.082
3507.9,48.62
3508,49.567
3508.1,49.982
3508.2,50.146
3508.3,49.984
3508.4,49.243
3508.5,48.029
3508.6,47.239
3508.7,47.457
3508.8,48.545
3508.9,49.473
3509,49.537
3509.1,48.69
3509.2,47.577
3509.3,46.592
3509.4,45.889
3509.5,45.755
3509.6,46.351
3509.7,47.523
3509.8,48.708
3509.9,49.414
3510,49.469
3510.1,49.166
3510.2,49.135
3510.3,49.484
3510.4,50.15
3510.5,50.956
3510.6,51.715
3510.7,52.201
3510.8,52.336
3510.9,52.198
3511,51.98
3511.1,52.094
3511.2,52.539
3511.3,52.983
3511.4,53.154
3511.5,53.046
3511.6,52.939
3511.7,53.416
3511.8,54.559
3511.9,55.926
3512,56.551
3512.1,55.962
3512.2,54.396
3512.3,52.622
3512.4,51.609
3512.5,51.522
3512.6,51.931
3512.7,52.378
3512.8,53.081
3512.9,54.357
3513,55.854
3513.1,56.646
3513.2,56.296
3513.3,55.363
3513.4,55.255
3513.5,56.446
3513.6,58.419
3513.7,59.943
3513.8,60.638
3513.9,61.041
3514,61.753
3514.1,62.584
3514.2,62.798
3514.3,61.857
3514.4,60.208
3514.5,58.57
3514.6,57.611
3514.7,57.205
3514.8,57.05
3514.9,57.147
3515,57.324
3515.1,57.176
3515.2,55.932
3515.3,53.787
3515.4,51.793
3515.5,51.209
3515.6,52.458
3515.7,54.659
3515.8,56.681
3515.9,57.854
3516,58.436
3516.1,58.7
3516.2,58.828
3516.3,59.066
3516.4,59.381
3516.5,59.643
3516.6,59.876
3516.7,60.074
3516.8,60.196
3516.9,60.265
3517,60.282
3517.1,60.199
3517.2,60.025
3517.3,59.537
3517.4,58.395
3517.5,56.793
3517.6,55.387
3517.7,54.801
3517.8,55.245
3517.9,56.039
3518,56.614
3518.1,56.838
3518.2,57.162
3518.3,57.915
3518.4,59.058
3518.5,59.74
3518.6,59.39
3518.7,58.384
3518.8,57.923
3518.9,58.361
3519,59.07
3519.1,58.998
3519.2,57.925
3519.3,56.403
3519.4,55.261
3519.5,54.712
3519.6,54.53
3519.7,54.427
3519.8,54.213
3519.9,53.673
3520,52.466
3520.1,50.695
3520.2,48.698
3520.3,47.058
3520.4,46.587
3520.5,47.65
3520.6,50.058
3520.7,53.018
3520.8,55.672
3520.9,57.5
3521,58.153
3521.1,57.826
3521.2,56.624
3521.3,55.123
3521.4,54.111
3521.5,53.828
3521.6,54.009
3521.7,53.871
3521.8,52.828
3521.9,50.585
3522,47.699
3522.1,45.12
3522.2,44.105
3522.3,45.418
3522.4,48.119
3522.5,50.937
3522.6,52.518
3522.7,52.818
3522.8,52.559
3522.9,52.841
3523,53.865
3523.1,55.071
3523.2,55.886
3523.3,56.364
3523.4,57.084
3523.5,58.625
3523.6,60.65
3523.7,62.429
3523.8,63.948
3523.9,65.626
3524,67.321
3524.1,68.318
3524.2,67.976
3524.3,66.859
3524.4,65.763
3524.5,65.228
3524.6,64.742
3524.7,63.707
3524.8,61.871
3524.9,59.621
3525,57.505
3525.1,56.254
3525.2,56.541
3525.3,58.414
3525.4,61.246
3525.5,63.858
3525.6,65.648
3525.7,66.528
3525.8,66.36
3525.9,65.134
3526,62.997
3526.1,60.743
3526.2,59.752
3526.3,60.659
3526.4,62.742
3526.5,64.269
3526.6,64.565
3526.7,64.11
3526.8,64.015
3526.9,64.499
3527,65.123
3527.1,65.232
3527.2,64.856
3527.3,64.441
3527.4,64.213
3527.5,64.002
3527.6,63.603
3527.7,62.994
3527.8,62.341
3527.9,61.826
3528,61.66
3528.1,61.63
3528.2,61.615
3528.3,61.923
3528.4,63.163
3528.5,65.208
3528.6,67.089
3528.7,67.484
3528.8,66.264
3528.9,64.069
3529,62.089
3529.1,61.068
3529.2,60.982
3529.3,61.468
3529.4,61.953
3529.5,62.217
3529.6,62.411
3529.7,62.983
3529.8,63.883
3529.9,64.412
3530,64.133
3530.1,63.276
3530.2,62.123
3530.3,61.147
3530.4,60.903
3530.5,61.546
3530.6,62.552
3530.7,62.771
3530.8,61.288
3530.9,57.93
3531,54.527
3531.1,52.808
3531.2,53.564
3531.3,55.668
3531.4,57.693
3531.5,58.79
3531.6,59.395
3531.7,60.144
3531.8,60.812
3531.9,60.423
3532,58.776
3532.1,56.544
3532.2,55.317
3532.3,55.803
3532.4,57.478
3532.5,59.001
3532.6,59.71
3532.7,59.924
3532.8,59.996
3532.9,59.681
3533,58.595
3533.1,56.895
3533.2,55.77
3533.3,56.015
3533.4,57.418
3533.5,58.875
3533.6,59.844
3533.7,60.549
3533.8,61.206
3533.9,61.826
3534,62.366
3534.1,62.814
3534.2,63.269
3534.3,63.755
3534.4,64.157
3534.5,64.077
3534.6,63.361
3534.7,62.107
3534.8,61.028
3534.9,60.975
3535,61.879
3535.1,62.384
3535.2,61.541
3535.3,59.709
3535.4,58.301
3535.5,58.282
3535.6,59.428
3535.7,60.506
3535.8,60.65
3535.9,59.994
3536,59.04
3536.1,58.442
3536.2,58.496
3536.3,59.193
3536.4,60.215
3536.5,61.19
3536.6,61.762
3536.7,61.571
3536.8,61.027
3536.9,60.766
3537,61.263
3537.1,61.829
3537.2,61.618
3537.3,60.105
3537.4,58.025
3537.5,56.465
3537.6,56.272
3537.7,57.155
3537.8,58.567
3537.9,60.435
3538,62.778
3538.1,65.28
3538.2,67.235
3538.3,67.895
3538.4,67.536
3538.5,66.749
3538.6,66.166
3538.7,65.821
3538.8,65.443
3538.9,64.955
3539,64.719
3539.1,64.878
3539.2,65.14
3539.3,65.108
3539.4,64.701
3539.5,64.142
3539.6,63.901
3539.7,64.155
3539.8,64.523
3539.9,64.115
3540,62.429
3540.1,59.572
3540.2,56.445
3540.3,54.035
3540.4,52.651
3540.5,52.413
3540.6,53.112
3540.7,54.608
3540.8,56.511
3540.9,57.977
3541,58.528
3541.1,58.481
3541.2,58.771
3541.3,59.747
3541.4,60.933
3541.5,61.702
3541.6,61.963
3541.7,61.892
3541.8,61.962
3541.9,62.372
3542,63.201
3542.1,64.542
3542.2,66.002
3542.3,67.098
3542.4,67.564
3542.5,67.632
3542.6,67.537
3542.7,67.406
3542.8,67.059
3542.9,66.269
3543,65.043
3543.1,64.081
3543.2,63.99
3543.3,64.762
3543.4,65.652
3543.5,65.638
3543.6,64.556
3543.7,63.11
3543.8,62.201
3543.9,62.034
3544,62.123
3544.1,61.791
3544.2,61.034
3544.3,60.393
3544.4,60.401
3544.5,60.944
3544.6,61.288
3544.7,60.245
3544.8,57.741
3544.9,54.786
3545,53.095
3545.1,52.779
3545.2,52.987
3545.3,52.432
3545.4,50.938
3545.5,49.19
3545.6,47.869
3545.7,46.904
3545.8,45.891
3545.9,44.869
3546,44.309
3546.1,44.545
3546.2,45.334
3546.3,46.139
3546.4,46.775
3546.5,47.584
3546.6,49.253
3546.7,51.808
3546.8,54.742
3546.9,57.21
3547,59.023
3547.1,60.467
3547.2,61.661
3547.3,62.38
3547.4,62.164
3547.5,60.669
3547.6,58.25
3547.7,55.97
3547.8,54.648
3547.9,54.663
3548,55.313
3548.1,55.872
3548.2,56.109
3548.3,56.629
3548.4,57.754
3548.5,59.241
3548.6,60.518
3548.7,61.446
3548.8,62.179
3548.9,62.802
3549,63.09
3549.1,62.805
3549.2,62.238
3549.3,61.854
3549.4,61.832
3549.5,61.994
3549.6,62.009
3549.7,61.662
3549.8,60.639
3549.9,58.904
3550,56.7
3550.1,54.722
3550.2,53.827
3550.3,54.324
3550.4,55.933
3550.5,57.736
3550.6,59.304
3550.7,60.608
3550.8,61.715
3550.9,62.518
3551,62.724
3551.1,61.981
3551.2,60.611
3551.3,58.991
3551.4,57.121
3551.5,55.228
3551.6,53.907
3551.7,53.874
3551.8,55.076
3551.9,56.752
3552,57.726
3552.1,57.287
3552.2,56.135
3552.3,55.37
3552.4,55.658
3552.5,56.673
3552.6,57.731
3552.7,58.429
3552.8,59.188
3552.9,60.339
3553,61.308
3553.1,61.317
3553.2,60.237
3553.3,58.665
3553.4,57.673
3553.5,57.656
3553.6,58.299
3553.7,59.139
3553.8,60.092
3553.9,61.165
3554,62.259
3554.1,63.116
3554.2,63.081
3554.3,61.472
3554.4,58.731
3554.5,55.695
3554.6,53.651
3554.7,53.181
3554.8,53.987
3554.9,55.053
3555,55.495
3555.1,55.329
3555.2,55.157
3555.3,55.675
3555.4,56.947
3555.5,58.606
3555.6,59.935
3555.7,60.7
3555.8,61.029
3555.9,61.02
3556,60.691
3556.1,60.205
3556.2,60.075
3556.3,60.302
3556.4,60.609
3556.5,60.303
3556.6,58.898
3556.7,56.873
3556.8,55.237
3556.9,54.739
3557,55.213
3557.1,56.241
3557.2,57.384
3557.3,58.6
3557.4,60.151
3557.5,61.987
3557.6,63.884
3557.7,65.789
3557.8,67.269
3557.9,67.942
3558,67.595
3558.1,66.259
3558.2,64.689
3558.3,63.809
3558.4,64.012
3558.5,64.555
3558.6,64.762
3558.7,64.537
3558.8,64.325
3558.9,64.47
3559,64.763
3559.1,64.485
3559.2,63.382
3559.3,61.905
3559.4,60.983
3559.5,60.995
3559.6,61.604
3559.7,62.179
3559.8,62.309
3559.9,61.937
3560,61.037
3560.1,59.606
3560.2,57.708
3560.3,55.635
3560.4,54.158
3560.5,53.768
3560.6,54.305
3560.7,55.336
3560.8,56.402
3560.9,57.379
3561,58.133
3561.1,58.618
3561.2,58.734
3561.3,58.554
3561.4,58.583
3561.5,59.262
3561.6,60.619
3561.7,62.026
3561.8,62.474
3561.9,61.26
3562,58.636
3562.1,55.692
3562.2,53.206
3562.3,51.746
3562.4,50.989
3562.5,50.343
3562.6,49.113
3562.7,47.44
3562.8,45.877
3562.9,45.442
3563,46.6
3563.1,48.715
3563.2,50.482
3563.3,51.001
3563.4,50.628
3563.5,50.234
3563.6,50.64
3563.7,51.796
3563.8,53.244
3563.9,54.692
3564,56.004
3564.1,56.9
3564.2,56.69
3564.3,55.278
3564.4,53.231
3564.5,51.81
3564.6,51.973
3564.7,53.292
3564.8,54.603
3564.9,54.942
3565,54.213
3565.1,52.84
3565.2,50.93
3565.3,48.442
3565.4,45.465
3565.5,43.203
3565.6,42.967
3565.7,45.11
3565.8,49.276
3565.9,53.575
3566,56.59
3566.1,57.532
3566.2,57.325
3566.3,57.38
3566.4,58.718
3566.5,61.288
3566.6,63.916
3566.7,65.55
3566.8,65.623
3566.9,64.543
3567,62.738
3567.1,60.922
3567.2,59.649
3567.3,58.777
3567.4,58.264
3567.5,58.144
3567.6,58.489
3567.7,59.565
3567.8,61.442
3567.9,63.681
3568,65.378
3568.1,65.793
3568.2,64.938
3568.3,63.368
3568.4,62.43
3568.5,62.831
3568.6,64.2
3568.7,65.446
3568.8,65.822
3568.9,65.247
3569,64.019
3569.1,62.718
3569.2,61.901
3569.3,61.98
3569.4,62.797
3569.5,63.938
3569.6,64.826
3569.7,65.2
3569.8,65.18
3569.9,64.847
3570,64.343
3570.1,63.842
3570.2,63.454
3570.3,63.268
3570.4,63.189
3570.5,63.12
3570.6,63.061
3570.7,63.152
3570.8,63.197
3570.9,62.981
3571,62.882
3571.1,63.388
3571.2,64.705
3571.3,66.277
3571.4,67.119
3571.5,66.684
3571.6,65.429
3571.7,64.502
3571.8,64.465
3571.9,65.187
3572,65.69
3572.1,65.651
3572.2,65.513
3572.3,65.671
3572.4,65.786
3572.5,65.062
3572.6,63.359
3572.7,61.486
3572.8,60.597
3572.9,61.035
3573,61.996
3573.1,62.741
3573.2,63.137
3573.3,63.502
3573.4,63.993
3573.5,64.82
3573.6,65.887
3573.7,66.946
3573.8,67.659
3573.9,67.783
3574,67.323
3574.1,66.575
3574.2,66.075
3574.3,66.051
3574.4,66.294
3574.5,66.331
3574.6,65.87
3574.7,65.053
3574.8,64.565
3574.9,64.472
3575,64.146
3575.1,62.727
3575.2,60.842
3575.3,59.474
3575.4,59.487
3575.5,60.391
3575.6,61.361
3575.7,61.945
3575.8,62.27
3575.9,62.229
3576,61.451
3576.1,60.19
3576.2,59.12
3576.3,58.618
3576.4,59.146
3576.5,60.749
3576.6,63.24
3576.7,66.02
3576.8,68.011
3576.9,68.533
3577,67.581
3577.1,66.493
3577.2,65.886
3577.3,65.485
3577.4,65.077
3577.5,65.068
3577.6,66.027
3577.7,67.828
3577.8,69.62
3577.9,70.584
3578,70.198
3578.1,68.844
3578.2,66.865
3578.3,64.718
3578.4,62.954
3578.5,61.944
3578.6,62.034
3578.7,62.852
3578.8,64.254
3578.9,66.147
3579,67.944
3579.1,69.151
3579.2,69.5
3579.3,69.34
3579.4,68.909
3579.5,67.991
3579.6,66.307
3579.7,64.335
3579.8,63.125
3579.9,63.498
3580,64.685
3580.1,65.916
3580.2,66.56
3580.3,66.918
3580.4,67.495
3580.5,68.184
3580.6,68.241
3580.7,67.299
3580.8,65.641
3580.9,64.149
3581,63.321
3581.1,63.198
3581.2,63.492
3581.3,63.858
3581.4,64.308
3581.5,64.756
3581.6,65.018
3581.7,65.054
3581.8,65.106
3581.9,65.406
3582,65.761
3582.1,65.872
3582.2,65.686
3582.3,65.396
3582.4,65.28
3582.5,65.419
3582.6,65.816
3582.7,66.562
3582.8,67.609
3582.9,68.419
3583,68.401
3583.1,67.108
3583.2,65.37
3583.3,64.082
3583.4,63.765
3583.5,64.075
3583.6,64.711
3583.7,65.565
3583.8,66.362
3583.9,66.735
3584,66.417
3584.1,65.316
3584.2,63.691
3584.3,61.855
3584.4,60.271
3584.5,59.071
3584.6,57.892
3584.7,55.804
3584.8,52.575
3584.9,49.047
3585,46.811
3585.1,46.185
3585.2,46.33
3585.3,46.289
3585.4,45.891
3585.5,45.473
3585.6,45.289
3585.7,45.375
3585.8,45.846
3585.9,46.964
3586,48.656
3586.1,50.354
3586.2,51.624
3586.3,52.252
3586.4,52.861
3586.5,53.894
3586.6,55.875
3586.7,58.7
3586.8,61.722
3586.9,63.926
3587,64.634
3587.1,64.116
3587.2,62.681
3587.3,60.66
3587.4,58.345
3587.5,55.958
3587.6,54.46
3587.7,54.625
3587.8,56.576
3587.9,59.372
3588,61.517
3588.1,62.366
3588.2,61.853
3588.3,60.792
3588.4,59.759
3588.5,58.885
3588.6,58.081
3588.7,57.419
3588.8,57.026
3588.9,56.818
3589,56.861
3589.1,57.434
3589.2,58.716
3589.3,60.084
3589.4,60.725
3589.5,59.868
3589.6,57.802
3589.7,55.222
3589.8,53.162
3589.9,52.194
3590,52.117
3590.1,52.195
3590.2,51.838
3590.3,51.203
3590.4,50.858
3590.5,51.101
3590.6,51.578
3590.7,52.167
3590.8,53.054
3590.9,54.027
3591,54.429
3591.1,53.47
3591.2,51.923
3591.3,51.025
3591.4,51.701
3591.5,53.071
3591.6,53.983
3591.7,54.124
3591.8,54.401
3591.9,55.632
3592,57.77
3592.1,59.943
3592.2,61.145
3592.3,60.935
3592.4,59.741
3592.5,58.317
3592.6,56.979
3592.7,55.989
3592.8,55.5
3592.9,55.413
3593,55.244
3593.1,54.524
3593.2,53.022
3593.3,50.926
3593.4,48.811
3593.5,47.013
3593.6,45.624
3593.7,44.607
3593.8,43.797
3593.9,43.164
3594,42.865
3594.1,42.951
3594.2,43.256
3594.3,43.318
3594.4,42.838
3594.5,41.834
3594.6,40.786
3594.7,40.072
3594.8,39.487
3594.9,38.699
3595,37.708
3595.1,36.826
3595.2,36.242
3595.3,35.98
3595.4,35.933
3595.5,36.041
3595.6,36.414
3595.7,36.943
3595.8,37.395
3595.9,37.861
3596,38.848
3596.1,40.453
3596.2,42.048
3596.3,43.292
3596.4,44.893
3596.5,47.806
3596.6,51.609
3596.7,54.913
3596.8,56.633
3596.9,56.783
3597,56.503
3597.1,56.265
3597.2,55.534
3597.3,53.933
3597.4,51.69
3597.5,49.255
3597.6,46.89
3597.7,45.005
3597.8,44.495
3597.9,45.841
3598,49.037
3598.1,53.227
3598.2,56.545
3598.3,58.102
3598.4,58.094
3598.5,57.55
3598.6,57.229
3598.7,57.116
3598.8,56.507
3598.9,55.242
3599,53.876
3599.1,53.162
3599.2,53.033
3599.3,52.931
3599.4,51.966
3599.5,50.179
3599.6,48.317
3599.7,47.009
3599.8,46.313
3599.9,45.629
3600,44.426
3600.1,42.735
3600.2,41.243
3600.3,40.324
3600.4,40.004
3600.5,40.077
3600.6,40.264
3600.7,40.435
3600.8,40.857
3600.9,41.875
3601,43.847
3601.1,46.574
3601.2,49.446
3601.3,51.556
3601.4,52.116
3601.5,51.076
3601.6,48.795
3601.7,46.294
3601.8,44.682
3601.9,44.599
3602,46.427
3602.1,49.101
3602.2,51.478
3602.3,52.273
3602.4,51.708
3602.5,50.729
3602.6,50.287
3602.7,50.136
3602.8,49.203
3602.9,46.694
3603,43.185
3603.1,39.928
3603.2,37.701
3603.3,36.589
3603.4,36.192
3603.5,36.44
3603.6,37.719
3603.7,40.268
3603.8,44.053
3603.9,48.217
3604,51.284
3604.1,52.343
3604.2,51.142
3604.3,48.909
3604.4,46.933
3604.5,45.92
3604.6,45.898
3604.7,46.611
3604.8,47.537
3604.9,47.835
3605,47.223
3605.1,45.822
3605.2,44.125
3605.3,42.825
3605.4,42.316
3605.5,42.504
3605.6,42.773
3605.7,42.813
3605.8,42.546
3605.9,42.293
3606,42.302
3606.1,42.812
3606.2,43.649
3606.3,44.454
3606.4,45.311
3606.5,46.522
3606.6,48.139
3606.7,49.877
3606.8,51.412
3606.9,52.684
3607,53.695
3607.1,54.561
3607.2,55.237
3607.3,55.621
3607.4,55.587
3607.5,55.031
3607.6,53.814
3607.7,51.95
3607.8,49.97
3607.9,48.378
3608,47.215
3608.1,46.083
3608.2,44.767
3608.3,43.493
3608.4,42.881
3608.5,43.141
3608.6,44.305
3608.7,46.05
3608.8,47.566
3608.9,48.571
3609,49.1
3609.1,49.452
3609.2,49.988
3609.3,51.022
3609.4,52.321
3609.5,53.156
3609.6,53.103
3609.7,51.977
3609.8,50.048
3609.9,47.575
3610,45.114
3610.1,43.534
3610.2,43.653
3610.3,45.883
3610.4,49.004
3610.5,51.932
3610.6,54.023
3610.7,55.453
3610.8,56.317
3610.9,56.204
3611,54.895
3611.1,52.874
3611.2,50.811
3611.3,49.049
3611.4,47.405
3611.5,45.677
3611.6,43.768
3611.7,42.223
3611.8,41.498
3611.9,41.707
3612,42.189
3612.1,42.412
3612.2,42.168
3612.3,41.768
3612.4,41.659
3612.5,42.246
3612.6,43.308
3612.7,44.206
3612.8,44.526
3612.9,44.227
3613,43.714
3613.1,43.203
3613.2,42.875
3613.3,42.991
3613.4,43.843
3613.5,45.606
3613.6,47.572
3613.7,48.906
3613.8,49.105
3613.9,48.728
3614,48.528
3614.1,48.818
3614.2,49.357
3614.3,49.785
3614.4,50.019
3614.5,50.022
3614.6,49.749
3614.7,49.259
3614.8,48.991
3614.9,49.311
3615,50.08
3615.1,50.666
3615.2,50.522
3615.3,49.896
3615.4,49.437
3615.5,49.218
3615.6,48.834
3615.7,48.165
3615.8,47.641
3615.9,47.554
3616,47.742
3616.1,47.684
3616.2,47.17
3616.3,46.238
3616.4,44.824
3616.5,42.891
3616.6,40.754
3616.7,39.565
3616.8,39.991
3616.9,41.662
3617,43.544
3617.1,44.838
3617.2,45.722
3617.3,46.806
3617.4,48.631
3617.5,51.087
3617.6,53.593
3617.7,55.272
3617.8,55.771
3617.9,55.288
3618,54.387
3618.1,53.606
3618.2,53.129
3618.3,52.897
3618.4,52.724
3618.5,52.398
3618.6,51.672
3618.7,50.749
3618.8,50.169
3618.9,50.473
3619,51.398
3619.1,52.425
3619.2,53.606
3619.3,55.546
3619.4,58.221
3619.5,60.981
3619.6,62.598
3619.7,62.827
3619.8,62.149
3619.9,61.221
3620,60.358
3620.1,59.328
3620.2,57.845
3620.3,56.185
3620.4,54.893
3620.5,54.29
3620.6,53.907
3620.7,53.067
3620.8,51.581
3620.9,49.679
3621,47.613
3621.1,45.321
3621.2,42.88
3621.3,40.86
3621.4,40.033
3621.5,40.927
3621.6,42.856
3621.7,44.96
3621.8,46.472
3621.9,47.012
3622,46.571
3622.1,45.526
3622.2,44.821
3622.3,45.31
3622.4,47.331
3622.5,50.434
3622.6,53.529
3622.7,55.888
3622.8,56.864
3622.9,56.673
3623,55.484
3623.1,53.761
3623.2,52.411
3623.3,51.936
3623.4,51.994
3623.5,51.743
3623.6,50.988
3623.7,50.453
3623.8,51.617
3623.9,54.489
3624,57.768
3624.1,59.226
3624.2,58.002
3624.3,54.525
3624.4,50.622
3624.5,48.356
3624.6,48.651
3624.7,51.726
3624.8,56.113
3624.9,60.127
3625,62.573
3625.1,63.501
3625.2,63.414
3625.3,62.518
3625.4,60.644
3625.5,57.763
3625.6,54.444
3625.7,52.218
3625.8,51.861
3625.9,53.047
3626,54.366
3626.1,54.35
3626.2,52.782
3626.3,50.567
3626.4,49.151
3626.5,49.025
3626.6,49.739
3626.7,50.425
3626.8,51.022
3626.9,52.136
3627,53.931
3627.1,55.639
3627.2,56.265
3627.3,54.994
3627.4,52.599
3627.5,50.056
3627.6,48.159
3627.7,46.809
3627.8,45.859
3627.9,45.213
3628,44.841
3628.1,44.95
3628.2,45.68
3628.3,46.839
3628.4,48.176
3628.5,49.686
3628.6,51.433
3628.7,53.133
3628.8,54.387
3628.9,54.957
3629,55.263
3629.1,55.857
3629.2,56.767
3629.3,57.488
3629.4,57.775
3629.5,57.832
3629.6,58.041
3629.7,58.425
3629.8,58.82
3629.9,58.778
3630,57.947
3630.1,56.355
3630.2,54.641
3630.3,53.444
3630.4,52.937
3630.5,52.604
3630.6,51.644
3630.7,49.798
3630.8,47.249
3630.9,44.629
3631,42.475
3631.1,41.657
3631.2,42.496
3631.3,44.597
3631.4,47.272
3631.5,49.676
3631.6,51.407
3631.7,52.469
3631.8,53.216
3631.9,54.095
3632,55.062
3632.1,55.462
3632.2,54.853
3632.3,53.244
3632.4,51.098
3632.5,49.156
3632.6,47.735
3632.7,47.255
3632.8,48.025
3632.9,49.859
3633,51.846
3633.1,52.89
3633.2,52.87
3633.3,52.219
3633.4,51.514
3633.5,51.056
3633.6,50.655
3633.7,50.185
3633.8,49.778
3633.9,49.346
3634,48.701
3634.1,47.838
3634.2,46.987
3634.3,46.458
3634.4,46.404
3634.5,47.083
3634.6,48.49
3634.7,50.285
3634.8,51.982
3634.9,53.157
3635,53.762
3635.1,53.964
3635.2,54.132
3635.3,54.651
3635.4,55.391
3635.5,55.956
3635.6,55.804
3635.7,55.155
3635.8,54.376
3635.9,53.771
3636,53.219
3636.1,52.577
3636.2,52.075
3636.3,51.799
3636.4,51.339
3636.5,50.172
3636.6,48.406
3636.7,46.713
3636.8,45.597
3636.9,45.278
3637,45.39
3637.1,45.769
3637.2,46.636
3637.3,48.134
3637.4,50.122
3637.5,52.132
3637.6,53.706
3637.7,54.851
3637.8,55.755
3637.9,56.686
3638,57.452
3638.1,57.559
3638.2,56.856
3638.3,55.97
3638.4,55.311
3638.5,54.622
3638.6,53.728
3638.7,53.022
3638.8,52.773
3638.9,52.781
3639,52.634
3639.1,51.971
3639.2,50.968
3639.3,49.943
3639.4,48.874
3639.5,47.418
3639.6,45.697
3639.7,44.159
3639.8,43.024
3639.9,42.338
3640,42.247
3640.1,43.054
3640.2,44.476
3640.3,46.263
3640.4,48.359
3640.5,50.821
3640.6,53.668
3640.7,56.357
3640.8,57.983
3640.9,58.127
3641,57.228
3641.1,56.417
3641.2,56.367
3641.3,57.142
3641.4,58.11
3641.5,58.787
3641.6,59.058
3641.7,58.689
3641.8,57.508
3641.9,55.499
3642,52.957
3642.1,50.321
3642.2,48.013
3642.3,46.347
3642.4,45.308
3642.5,44.877
3642.6,44.96
3642.7,45.022
3642.8,44.547
3642.9,43.524
3643,42.599
3643.1,42.394
3643.2,43.298
3643.3,45.354
3643.4,47.887
3643.5,50.533
3643.6,52.849
3643.7,54.693
3643.8,56.105
3643.9,57.057
3644,57.737
3644.1,58.388
3644.2,59.351
3644.3,60.726
3644.4,62.202
3644.5,63.341
3644.6,63.294
3644.7,61.832
3644.8,59.385
3644.9,56.86
3645,55.117
3645.1,54.468
3645.2,54.546
3645.3,54.559
3645.4,54.4
3645.5,54.598
3645.6,55.363
3645.7,56.162
3645.8,56.208
3645.9,55.276
3646,54.201
3646.1,53.723
3646.2,53.719
3646.3,53.57
3646.4,52.888
3646.5,51.615
3646.6,50.218
3646.7,48.869
3646.8,47.744
3646.9,47.154
3647,47.317
3647.1,47.926
3647.2,48.194
3647.3,47.998
3647.4,47.664
3647.5,47.772
3647.6,48.579
3647.7,50.014
3647.8,51.723
3647.9,53.263
3648,54.563
3648.1,55.809
3648.2,57.23
3648.3,58.83
3648.4,60.403
3648.5,61.891
3648.6,63.065
3648.7,63.283
3648.8,62.142
3648.9,59.93
3649,57.414
3649.1,55.716
3649.2,55.396
3649.3,56.338
3649.4,57.973
3649.5,59.6
3649.6,60.82
3649.7,61.38
3649.8,61.228
3649.9,60.054
3650,57.304
3650.1,53.394
3650.2,49.343
3650.3,46.684
3650.4,46.136
3650.5,47.423
3650.6,49.765
3650.7,52.178
3650.8,54.354
3650.9,56.622
3651,59.33
3651.1,61.994
3651.2,63.764
3651.3,63.839
3651.4,62.935
3651.5,61.93
3651.6,61.537
3651.7,61.665
3651.8,61.911
3651.9,62.001
3652,61.87
3652.1,61.52
3652.2,60.867
3652.3,60.257
3652.4,60.114
3652.5,60.177
3652.6,59.494
3652.7,57.232
3652.8,53.278
3652.9,48.622
3653,45.203
3653.1,44.112
3653.2,45.931
3653.3,49.638
3653.4,53.81
3653.5,56.816
3653.6,57.897
3653.7,57.607
3653.8,57.239
3653.9,57.921
3654,59.41
3654.1,60.788
3654.2,61.266
3654.3,61.079
3654.4,60.746
3654.5,60.757
3654.6,60.939
3654.7,60.837
3654.8,59.887
3654.9,58.043
3655,55.603
3655.1,53.455
3655.2,52.434
3655.3,52.665
3655.4,53.877
3655.5,55.429
3655.6,56.887
3655.7,58.07
3655.8,59.008
3655.9,59.964
3656,60.963
3656.1,61.922
3656.2,62.586
3656.3,62.807
3656.4,62.552
3656.5,62.104
3656.6,61.702
3656.7,61.563
3656.8,61.857
3656.9,62.617
3657,63.664
3657.1,64.602
3657.2,65.051
3657.3,64.775
3657.4,63.934
3657.5,62.912
3657.6,61.809
3657.7,60.464
3657.8,59.103
3657.9,58.377
3658,58.905
3658.1,60.079
3658.2,60.848
3658.3,60.796
3658.4,60.623
3658.5,60.915
3658.6,61.529
3658.7,61.646
3658.8,61.045
3658.9,60.004
3659,58.821
3659.1,57.798
3659.2,57.241
3659.3,57.385
3659.4,57.596
3659.5,57.126
3659.6,55.641
3659.7,53.989
3659.8,52.986
3659.9,52.783
3660,52.628
3660.1,51.971
3660.2,50.941
3660.3,50.282
3660.4,50.509
3660.5,51.694
3660.6,53.457
3660.7,55.083
3660.8,56.085
3660.9,56.243
3661,56.128
3661.1,55.943
3661.2,55.483
3661.3,54.47
3661.4,52.886
3661.5,51.293
3661.6,50.456
3661.7,50.593
3661.8,51.372
3661.9,52.272
3662,53.212
3662.1,54.154
3662.2,54.9
3662.3,55.427
3662.4,55.962
3662.5,56.898
3662.6,57.976
3662.7,58.796
3662.8,59.205
3662.9,59.556
3663,60.142
3663.1,60.86
3663.2,61.634
3663.3,62.529
3663.4,63.637
3663.5,64.671
3663.6,64.935
3663.7,64.342
3663.8,63.918
3663.9,64.809
3664,67.022
3664.1,69.078
3664.2,69.989
3664.3,69.486
3664.4,67.913
3664.5,65.984
3664.6,63.797
3664.7,61.382
3664.8,59.169
3664.9,57.781
3665,57.747
3665.1,59.221
3665.2,61.644
3665.3,64.253
3665.4,66.174
3665.5,67.283
3665.6,67.561
3665.7,66.803
3665.8,65.386
3665.9,63.741
3666,62.283
3666.1,60.954
3666.2,59.633
3666.3,58.473
3666.4,57.958
3666.5,58.466
3666.6,59.972
3666.7,61.812
3666.8,63.559
3666.9,65.086
3667,65.954
3667.1,66.086
3667.2,65.691
3667.3,65.241
3667.4,65.238
3667.5,65.828
3667.6,66.853
3667.7,67.556
3667.8,67.338
3667.9,65.895
3668,63.639
3668.1,61.559
3668.2,60.559
3668.3,60.75
3668.4,61.15
3668.5,60.845
3668.6,59.708
3668.7,58.558
3668.8,58.147
3668.9,58.828
3669,59.668
3669.1,59.901
3669.2,59.405
3669.3,58.786
3669.4,58.587
3669.5,59.12
3669.6,60.094
3669.7,61.044
3669.8,61.876
3669.9,62.467
3670,62.452
3670.1,61.673
3670.2,60.442
3670.3,59.447
3670.4,59.105
3670.5,59.736
3670.6,60.914
3670.7,62.196
3670.8,63.153
3670.9,63.466
3671,63.158
3671.1,62.594
3671.2,62.134
3671.3,61.775
3671.4,61.427
3671.5,61.173
3671.6,61.033
3671.7,60.796
3671.8,60.043
3671.9,58.669
3672,56.776
3672.1,54.669
3672.2,52.722
3672.3,51.405
3672.4,51.563
3672.5,53.455
3672.6,56.647
3672.7,60.269
3672.8,63.469
3672.9,65.978
3673,67.632
3673.1,68.066
3673.2,67.258
3673.3,65.489
3673.4,63.326
3673.5,61.341
3673.6,59.611
3673.7,58.184
3673.8,57.092
3673.9,56.305
3674,55.941
3674.1,56.115
3674.2,56.89
3674.3,58.158
3674.4,59.579
3674.5,60.71
3674.6,61.154
3674.7,60.988
3674.8,60.479
3674.9,59.663
3675,58.663
3675.1,57.596
3675.2,56.491
3675.3,55.44
3675.4,54.622
3675.5,54.141
3675.6,54.046
3675.7,54.563
3675.8,55.816
3675.9,57.849
3676,60.429
3676.1,62.926
3676.2,64.465
3676.3,64.439
3676.4,63.496
3676.5,62.665
3676.6,62.81
3676.7,63.54
3676.8,64.125
3676.9,64.072
3677,63.841
3677.1,63.964
3677.2,64.582
3677.3,64.913
3677.4,64.403
3677.5,63.196
3677.6,61.999
3677.7,61.504
3677.8,62.004
3677.9,62.882
3678,63.132
3678.1,62.396
3678.2,61.069
3678.3,60.011
3678.4,59.699
3678.5,59.923
3678.6,59.813
3678.7,58.973
3678.8,57.615
3678.9,56.36
3679,55.468
3679.1,54.993
3679.2,54.769
3679.3,54.452
3679.4,53.756
3679.5,52.559
3679.6,51.036
3679.7,49.355
3679.8,47.739
3679.9,46.204
3680,44.675
3680.1,43.554
3680.2,43.284
3680.3,44.235
3680.4,46.937
3680.5,50.887
3680.6,54.812
3680.7,57.483
3680.8,58.746
3680.9,59.328
3681,59.93
3681.1,60.88
3681.2,61.683
3681.3,61.88
3681.4,61.533
3681.5,61.168
3681.6,61.058
3681.7,61.19
3681.8,61.236
3681.9,60.913
3682,60.487
3682.1,60.533
3682.2,61.047
3682.3,61.642
3682.4,61.764
3682.5,61.243
3682.6,60.272
3682.7,59.351
3682.8,58.911
3682.9,58.915
3683,58.988
3683.1,58.765
3683.2,58.335
3683.3,58.446
3683.4,59.599
3683.5,61.628
3683.6,63.589
3683.7,64.422
3683.8,63.926
3683.9,62.581
3684,61.185
3684.1,60.182
3684.2,59.755
3684.3,60.059
3684.4,60.959
3684.5,62.083
3684.6,62.58
3684.7,62.392
3684.8,62.11
3684.9,62.591
3685,63.454
3685.1,63.705
3685.2,62.648
3685.3,60.921
3685.4,59.482
3685.5,58.798
3685.6,58.633
3685.7,58.766
3685.8,59.177
3685.9,59.504
3686,59.02
3686.1,57.198
3686.2,54.21
3686.3,51.386
3686.4,49.836
3686.5,50.803
3686.6,53.967
3686.7,58.268
3686.8,61.972
3686.9,63.857
3687,64.107
3687.1,63.842
3687.2,64.399
3687.3,65.839
3687.4,67.342
3687.5,68.075
3687.6,67.98
3687.7,67.311
3687.8,66.264
3687.9,65.067
3688,63.862
3688.1,63.241
3688.2,63.526
3688.3,64.285
3688.4,64.588
3688.5,63.891
3688.6,62.696
3688.7,61.97
3688.8,62.117
3688.9,62.451
3689,62.083
3689.1,60.86
3689.2,59.433
3689.3,58.189
3689.4,57.083
3689.5,55.878
3689.6,54.789
3689.7,54.742
3689.8,56.101
3689.9,58.13
3690,59.568
3690.1,59.842
3690.2,59.409
3690.3,59.368
3690.4,60.679
3690.5,63.072
3690.6,65.583
3690.7,67.173
3690.8,67.791
3690.9,67.909
3691,68.287
3691.1,68.796
3691.2,68.914
3691.3,68.323
3691.4,67.251
3691.5,66.024
3691.6,64.76
3691.7,63.38
3691.8,62.065
3691.9,61.542
3692,62.223
3692.1,63.466
3692.2,64.641
3692.3,65.479
3692.4,65.954
3692.5,66.022
3692.6,65.704
3692.7,65.315
3692.8,65.006
3692.9,64.929
3693,64.766
3693.1,64.159
3693.2,63.231
3693.3,62.649
3693.4,62.765
3693.5,63.444
3693.6,64.264
3693.7,64.783
3693.8,64.687
3693.9,64.006
3694,63.171
3694.1,62.541
3694.2,62.249
3694.3,62.14
3694.4,62.064
3694.5,61.636
3694.6,60.593
3694.7,59.028
3694.8,57.602
3694.9,57.038
3695,57.44
3695.1,58.607
3695.2,60.094
3695.3,61.945
3695.4,64.246
3695.5,66.276
3695.6,67.241
3695.7,67.187
3695.8,67.062
3695.9,67.492
3696,68.003
3696.1,67.479
3696.2,65.725
3696.3,63.617
3696.4,62.111
3696.5,61.393
3696.6,61.228
3696.7,61.468
3696.8,61.782
3696.9,61.937
3697,62.057
3697.1,62.465
3697.2,63.214
3697.3,64.113
3697.4,64.96
3697.5,65.851
3697.6,66.92
3697.7,67.677
3697.8,67.3
3697.9,65.753
3698,63.987
3698.1,63.066
3698.2,63.098
3698.3,63.676
3698.4,64.148
3698.5,63.979
3698.6,62.805
3698.7,60.666
3698.8,58.626
3698.9,57.711
3699,58.86
3699.1,61.335
3699.2,63.928
3699.3,65.214
3699.4,65.176
3699.5,64.59
3699.6,64.48
3699.7,65.408
3699.8,67.102
3699.9,68.918
3700,70.049
3700.1,70.281
3700.2,69.308
3700.3,66.805
3700.4,63.594
3700.5,60.614
3700.6,59.185
3700.7,59.228
3700.8,60.23
3700.9,61.416
3701,62.312
3701.1,62.94
3701.2,63.38
3701.3,63.679
3701.4,64.108
3701.5,64.83
3701.6,65.378
3701.7,65.254
3701.8,64.357
3701.9,63.432
3702,63.2
3702.1,63.505
3702.2,63.687
3702.3,63.503
3702.4,63.15
3702.5,62.692
3702.6,61.745
3702.7,59.885
3702.8,57.304
3702.9,55.188
3703,54.216
3703.1,54.215
3703.2,54.62
3703.3,54.96
3703.4,55.046
3703.5,55.37
3703.6,56.523
3703.7,58.553
3703.8,61.085
3703.9,63.236
3704,64.564
3704.1,65.233
3704.2,65.959
3704.3,66.836
3704.4,67.317
3704.5,66.731
3704.6,65
3704.7,62.713
3704.8,61.018
3704.9,60.536
3705,61.361
3705.1,62.768
3705.2,63.363
3705.3,62.389
3705.4,59.86
3705.5,57.368
3705.6,56.194
3705.7,56.925
3705.8,58.69
3705.9,60.729
3706,62.746
3706.1,64.534
3706.2,65.714
3706.3,65.914
3706.4,65.323
3706.5,64.928
3706.6,65.294
3706.7,65.997
3706.8,66.387
3706.9,66.545
3707,66.999
3707.1,67.912
3707.2,68.856
3707.3,68.94
3707.4,67.998
3707.5,66.858
3707.6,66.467
3707.7,66.405
3707.8,65.231
3707.9,61.947
3708,57.416
3708.1,53.995
3708.2,53.219
3708.3,54.916
3708.4,57.09
3708.5,58.751
3708.6,59.684
3708.7,60.02
3708.8,59.734
3708.9,58.957
3709,58.328
3709.1,58.407
3709.2,59.454
3709.3,61.368
3709.4,64.178
3709.5,67.811
3709.6,71.496
3709.7,74.312
3709.8,75.717
3709.9,75.537
3710,74.441
3710.1,72.965
3710.2,71.202
3710.3,69.181
3710.4,67.284
3710.5,66.088
3710.6,65.811
3710.7,66.275
3710.8,66.907
3710.9,66.755
3711,65.387
3711.1,62.998
3711.2,60.361
3711.3,58.594
3711.4,58.635
3711.5,60.851
3711.6,63.916
3711.7,66.384
3711.8,67.052
3711.9,66.477
3712,65.535
3712.1,64.843
3712.2,64.374
3712.3,64.066
3712.4,64.022
3712.5,64.281
3712.6,64.54
3712.7,64.471
3712.8,64.223
3712.9,64.213
3713,64.552
3713.1,64.893
3713.2,64.915
3713.3,64.812
3713.4,65.121
3713.5,65.762
3713.6,66.376
3713.7,66.772
3713.8,67.091
3713.9,67.453
3714,67.908
3714.1,68.611
3714.2,69.574
3714.3,70.507
3714.4,70.887
3714.5,70.575
3714.6,69.817
3714.7,69.164
3714.8,68.977
3714.9,69.102
3715,69.147
3715.1,69.146
3715.2,69.248
3715.3,69.209
3715.4,68.85
3715.5,68.389
3715.6,68.059
3715.7,67.594
3715.8,66.474
3715.9,64.405
3716,61.953
3716.1,60.676
3716.2,61.867
3716.3,65.472
3716.4,69.17
3716.5,71.079
3716.6,70.309
3716.7,68.379
3716.8,66.887
3716.9,66.756
3717,67.28
3717.1,67.615
3717.2,67.49
3717.3,67.543
3717.4,68.443
3717.5,70.393
3717.6,72.741
3717.7,74.147
3717.8,73.568
3717.9,70.896
3718,68.034
3718.1,66.436
3718.2,66.754
3718.3,67.754
3718.4,68.251
3718.5,67.613
3718.6,66.569
3718.7,65.948
3718.8,66.167
3718.9,67.25
3719,68.812
3719.1,70.319
3719.2,71.331
3719.3,71.916
3719.4,72.242
3719.5,72.159
3719.6,71.429
3719.7,69.919
3719.8,67.818
3719.9,66.048
3720,65.369
3720.1,66.467
3720.2,68.675
3720.3,70.63
3720.4,70.934
3720.5,69.408
3720.6,67.592
3720.7,66.832
3720.8,67.154
3720.9,67.443
3721,67.188
3721.1,66.604
3721.2,65.884
3721.3,64.752
3721.4,63.016
3721.5,61.432
3721.6,60.968
3721.7,62.092
3721.8,63.771
3721.9,64.807
3722,64.552
3722.1,63.71
3722.2,63.416
3722.3,64.312
3722.4,66.274
3722.5,68.262
3722.6,69.536
3722.7,69.795
3722.8,69.511
3722.9,69.05
3723,68.479
3723.1,67.607
3723.2,66.124
3723.3,63.925
3723.4,61.717
3723.5,60.298
3723.6,60.176
3723.7,60.953
3723.8,62.062
3723.9,63.402
3724,65.025
3724.1,66.858
3724.2,68.604
3724.3,69.97
3724.4,71.042
3724.5,72.067
3724.6,73.341
3724.7,74.517
3724.8,75.082
3724.9,74.283
3725,72.235
3725.1,69.476
3725.2,66.224
3725.3,62.868
3725.4,60.139
3725.5,59.119
3725.6,60.747
3725.7,64.27
3725.8,68.281
3725.9,71.036
3726,72.158
3726.1,72.155
3726.2,71.995
3726.3,72.548
3726.4,73.755
3726.5,74.684
3726.6,74.562
3726.7,73.664
3726.8,72.52
3726.9,71.649
3727,71.126
3727.1,70.748
3727.2,70.344
3727.3,69.839
3727.4,69.118
3727.5,68.313
3727.6,68.095
3727.7,68.754
3727.8,69.885
3727.9,70.668
3728,70.839
3728.1,70.521
3728.2,70.07
3728.3,69.584
3728.4,69.001
3728.5,68.594
3728.6,68.603
3728.7,68.944
3728.8,69.12
3728.9,69.053
3729,69.236
3729.1,70.167
3729.2,71.365
3729.3,71.874
3729.4,70.986
3729.5,69.8
3729.6,69.659
3729.7,71.13
3729.8,72.873
3729.9,73.487
3730,72.204
3730.1,68.992
3730.2,67.681
3730.3,67.019
3730.4,66.786
3730.5,66.841
3730.6,67.156
3730.7,67.921
3730.8,69.288
3730.9,71.115
3731,72.667
3731.1,73.255
3731.2,72.662
3731.3,70.923
3731.4,68.819
3731.5,67.278
3731.6,66.78
3731.7,67.134
3731.8,67.838
3731.9,68.423
3732,68.692
3732.1,68.69
3732.2,68.376
3732.3,67.581
3732.4,66.462
3732.5,65.264
3732.6,64.698
3732.7,65.588
3732.8,67.981
3732.9,70.828
3733,72.401
3733.1,72.166
3733.2,70.966
3733.3,70.649
3733.4,71.905
3733.5,74.006
3733.6,75.828
3733.7,77.114
3733.8,78.272
3733.9,79.621
3734,80.671
3734.1,80.927
3734.2,80.075
3734.3,78.359
3734.4,75.838
3734.5,72.562
3734.6,69.216
3734.7,66.523
3734.8,65.262
3734.9,65.636
3735,66.926
3735.1,68.311
3735.2,68.881
3735.3,68.597
3735.4,67.756
3735.5,66.695
3735.6,65.221
3735.7,62.925
3735.8,59.884
3735.9,57.262
3736,56.359
3736.1,57.865
3736.2,60.777
3736.3,63.661
3736.4,65.853
3736.5,67.303
3736.6,68.345
3736.7,68.992
3736.8,68.725
3736.9,67.77
3737,66.956
3737.1,67.418
3737.2,68.825
3737.3,70.247
3737.4,70.418
3737.5,68.744
3737.6,66.037
3737.7,63.791
3737.8,62.917
3737.9,63.423
3738,64.795
3738.1,65.925
3738.2,66.221
3738.3,65.637
3738.4,64.289
3738.5,62.599
3738.6,61.121
3738.7,60.387
3738.8,60.162
3738.9,60.27
3739,60.319
3739.1,59.814
3739.2,58.688
3739.3,57.454
3739.4,56.952
3739.5,57.713
3739.6,59.804
3739.7,62.52
3739.8,65.096
3739.9,67.155
3740,68.543
3740.1,69.4
3740.2,69.685
3740.3,69.235
3740.4,68.286
3740.5,67.326
3740.6,67.29
3740.7,68.501
3740.8,70.361
3740.9,71.706
3741,71.674
3741.1,70.53
3741.2,68.928
3741.3,67.356
3741.4,65.833
3741.5,64.314
3741.6,62.998
3741.7,62.059
3741.8,61.672
3741.9,62.029
3742,62.837
3742.1,63.627
3742.2,63.637
3742.3,62.616
3742.4,61.037
3742.5,59.737
3742.6,59.312
3742.7,59.712
3742.8,60.788
3742.9,62.264
3743,63.994
3743.1,65.683
3743.2,66.464
3743.3,65.714
3743.4,63.193
3743.5,59.433
3743.6,56.212
3743.7,54.904
3743.8,56.068
3743.9,58.405
3744,60.612
3744.1,61.901
3744.2,62.443
3744.3,62.832
3744.4,63.351
3744.5,64.02
3744.6,64.773
3744.7,65.598
3744.8,66.418
3744.9,67.157
3745,68.003
3745.1,69.18
3745.2,70.441
3745.3,71.367
3745.4,71.747
3745.5,71.934
3745.6,72.227
3745.7,72.755
3745.8,73.216
3745.9,73.13
3746,72.041
3746.1,69.993
3746.2,67.755
3746.3,66.239
3746.4,66.291
3746.5,67.411
3746.6,68.694
3746.7,69.18
3746.8,68.993
3746.9,68.71
3747,68.783
3747.1,68.924
3747.2,68.715
3747.3,68.051
3747.4,67.428
3747.5,67.716
3747.6,70.838
3747.7,85.91
3747.8,134.487
3747.9,247.549
3748,437.872
3748.1,634.696
3748.2,750.43
3748.3,697.101
3748.4,524.128
3748.5,317.075
3748.6,167.258
3748.7,95.931
3748.8,73.795
3748.9,70.504
3749,70.222
3749.1,70.327
3749.2,70.439
3749.3,69.976
3749.4,68.786
3749.5,66.988
3749.6,65.254
3749.7,64.401
3749.8,64.578
3749.9,65.065
3750,64.978
3750.1,64.291
3750.2,63.751
3750.3,64.245
3750.4,65.791
3750.5,67.42
3750.6,67.87
3750.7,66.985
3750.8,65.402
3750.9,64.175
3751,63.839
3751.1,64.362
3751.2,65.321
3751.3,66.17
3751.4,66.522
3751.5,66.036
3751.6,64.899
3751.7,63.627
3751.8,62.69
3751.9,62.079
3752,61.578
3752.1,60.983
3752.2,60.441
3752.3,60.144
3752.4,60.242
3752.5,60.821
3752.6,61.855
3752.7,63.294
3752.8,64.631
3752.9,65.458
3753,65.702
3753.1,65.671
3753.2,65.892
3753.3,66.515
3753.4,67.637
3753.5,68.987
3753.6,70.15
3753.7,70.715
3753.8,70.527
3753.9,69.781
3754,68.609
3754.1,67.467
3754.2,66.822
3754.3,66.742
3754.4,66.58
3754.5,65.587
3754.6,63.821
3754.7,62.692
3754.8,63.355
3754.9,65.458
3755,67.225
3755.1,67.13
3755.2,65.412
3755.3,63.185
3755.4,61.585
3755.5,60.767
3755.6,60.419
3755.7,60.405
3755.8,60.689
3755.9,61.221
3756,61.553
3756.1,61.416
3756.2,60.886
3756.3,60.029
3756.4,59.138
3756.5,58.399
3756.6,57.906
3756.7,57.709
3756.8,57.833
3756.9,58.309
3757,59.154
3757.1,60.365
3757.2,61.508
3757.3,61.737
3757.4,61.087
3757.5,60.294
3757.6,60.519
3757.7,61.86
3757.8,63.692
3757.9,64.908
3758,65.196
3758.1,65.04
3758.2,65.262
3758.3,66.203
3758.4,67.511
3758.5,68.495
3758.6,68.369
3758.7,67.209
3758.8,65.916
3758.9,65.587
3759,66.269
3759.1,67.274
3759.2,67.637
3759.3,67.305
3759.4,66.746
3759.5,66.644
3759.6,67.059
3759.7,67.81
3759.8,68.491
3759.9,68.661
3760,68.151
3760.1,66.893
3760.2,65.198
3760.3,63.331
3760.4,61.368
3760.5,59.521
3760.6,58.187
3760.7,57.783
3760.8,58.685
3760.9,60.796
3761,63.668
3761.1,66.205
3761.2,67.53
3761.3,67.399
3761.4,66.437
3761.5,65.915
3761.6,66.11
3761.7,66.587
3761.8,66.983
3761.9,67.447
3762,68.149
3762.1,69.233
3762.2,70.354
3762.3,70.951
3762.4,70.802
3762.5,70.417
3762.6,70.006
3762.7,69.484
3762.8,68.715
3762.9,67.696
3763,66.751
3763.1,66.615
3763.2,67.589
3763.3,69.233
3763.4,70.638
3763.5,71.385
3763.6,71.439
3763.7,70.841
3763.8,69.922
3763.9,69.095
3764,68.414
3764.1,67.683
3764.2,66.744
3764.3,65.654
3764.4,64.878
3764.5,64.517
3764.6,64.381
3764.7,64.233
3764.8,64.249
3764.9,64.897
3765,66.363
3765.1,68.088
3765.2,69.179
3765.3,68.948
3765.4,67.774
3765.5,66.276
3765.6,65.666
3765.7,66.473
3765.8,68.294
3765.9,70.072
3766,71.061
3766.1,71.111
3766.2,70.387
3766.3,69.545
3766.4,69.099
3766.5,69.313
3766.6,70.296
3766.7,71.503
3766.8,72.094
3766.9,71.587
3767,70.697
3767.1,70.211
3767.2,70.753
3767.3,71.941
3767.4,73.058
3767.5,73.454
3767.6,73.201
3767.7,72.38
3767.8,70.841
3767.9,68.725
3768,66.606
3768.1,65.395
3768.2,65.729
3768.3,67.17
3768.4,68.803
3768.5,69.546
3768.6,69.085
3768.7,67.659
3768.8,65.747
3768.9,63.782
3769,62.013
3769.1,61.199
3769.2,61.765
3769.3,63.653
3769.4,66.494
3769.5,69.07
3769.6,70.36
3769.7,70.173
3769.8,69.254
3769.9,68.585
3770,68.773
3770.1,69.811
3770.2,70.782
3770.3,71.191
3770.4,71.189
3770.5,71.128
3770.6,71.262
3770.7,71.502
3770.8,71.417
3770.9,71.021
3771,70.696
3771.1,70.636
3771.2,70.658
3771.3,70.464
3771.4,69.762
3771.5,68.71
3771.6,67.532
3771.7,66.407
3771.8,65.644
3771.9,65.787
3772,67.423
3772.1,69.898
3772.2,72.436
3772.3,73.961
3772.4,74.157
3772.5,73.53
3772.6,72.784
3772.7,72.278
3772.8,71.643
3772.9,70.449
3773,68.777
3773.1,66.971
3773.2,65.314
3773.3,64.041
3773.4,63.462
3773.5,63.922
3773.6,65.471
3773.7,67.341
3773.8,68.705
3773.9,69.22
3774,69.541
3774.1,70.173
3774.2,71.172
3774.3,72.246
3774.4,73.295
3774.5,73.982
3774.6,73.816
3774.7,72.604
3774.8,70.397
3774.9,67.394
3775,63.98
3775.1,60.561
3775.2,58.056
3775.3,57.215
3775.4,58.439
3775.5,61.097
3775.6,63.556
3775.7,65.05
3775.8,65.501
3775.9,65.343
3776,65.073
3776.1,64.715
3776.2,64.068
3776.3,63.369
3776.4,62.894
3776.5,62.663
3776.6,62.578
3776.7,62.523
3776.8,62.308
3776.9,62.206
3777,62.595
3777.1,63.312
3777.2,63.925
3777.3,64.492
3777.4,65.241
3777.5,66.053
3777.6,66.213
3777.7,64.961
3777.8,62.681
3777.9,60.868
3778,60.921
3778.1,63.515
3778.2,67.181
3778.3,70.405
3778.4,71.961
3778.5,72.351
3778.6,72.172
3778.7,72.3
3778.8,73.145
3778.9,74.21
3779,74.748
3779.1,74.759
3779.2,74.548
3779.3,74.435
3779.4,74.7
3779.5,75.053
3779.6,75.129
3779.7,75.015
3779.8,75.292
3779.9,76.198
3780,77.548
3780.1,78.7
3780.2,79.127
3780.3,78.699
3780.4,77.926
3780.5,77.297
3780.6,76.727
3780.7,75.466
3780.8,73.194
3780.9,70.29
3781,68.203
3781.1,68.064
3781.2,70.017
3781.3,73.074
3781.4,75.841
3781.5,77.926
3781.6,79.368
3781.7,80.188
3781.8,79.792
3781.9,77.318
3782,73.327
3782.1,69.112
3782.2,66.204
3782.3,66.077
3782.4,69.649
3782.5,77.205
3782.6,87.087
3782.7,96.464
3782.8,103.54
3782.9,107.698
3783,110.161
3783.1,111.688
3783.2,112.514
3783.3,112.908
3783.4,113.432
3783.5,114.428
3783.6,115.246
3783.7,115.281
3783.8,114.705
3783.9,114.526
3784,115.303
3784.1,116.823
3784.2,118.109
3784.3,118.226
3784.4,117.004
3784.5,115.346
3784.6,114.27
3784.7,113.921
3784.8,113.462
3784.9,111.876
3785,109.076
3785.1,106.245
3785.2,105.001
3785.3,105.556
3785.4,106.709
3785.5,106.846
3785.6,105.884
3785.7,105.091
3785.8,105.97
3785.9,108.314
3786,110.955
3786.1,112.588
3786.2,113.134
3786.3,112.949
3786.4,111.809
3786.5,109.544
3786.6,106.763
3786.7,105.153
3786.8,105.681
3786.9,107.847
3787,110.375
3787.1,112.353
3787.2,113.792
3787.3,115.069
3787.4,116.068
3787.5,116.119
3787.6,115.186
3787.7,114.185
3787.8,113.605
3787.9,112.873
3788,110.717
3788.1,107.081
3788.2,102.784
3788.3,99.661
3788.4,98.723
3788.5,99.506
3788.6,101.377
3788.7,103.776
3788.8,106.213
3788.9,108.102
3789,108.961
3789.1,108.949
3789.2,108.25
3789.3,106.932
3789.4,105.12
3789.5,102.728
3789.6,99.75
3789.7,96.862
3789.8,94.647
3789.9,93.521
3790,93.465
3790.1,94.206
3790.2,95.386
3790.3,96.396
3790.4,96.606
3790.5,95.81
3790.6,94.973
3790.7,94.965
3790.8,95.4
3790.9,95.349
3791,94.7
3791.1,93.995
3791.2,94.084
3791.3,94.668
3791.4,94.99
3791.5,95.096
3791.6,96.195
3791.7,99.075
3791.8,103.249
3791.9,106.974
3792,109.054
3792.1,109.198
3792.2,107.973
3792.3,105.957
3792.4,103.099
3792.5,99.316
3792.6,95.772
3792.7,94.111
3792.8,95.762
3792.9,99.396
3793,102.939
3793.1,104.077
3793.2,102.398
3793.3,98.647
3793.4,94.045
3793.5,90.225
3793.6,88.3
3793.7,88.697
3793.8,90.928
3793.9,94.16
3794,97.955
3794.1,101.632
3794.2,104.51
3794.3,106.065
3794.4,106.451
3794.5,106.922
3794.6,107.793
3794.7,108.031
3794.8,106.725
3794.9,104.606
3795,103.336
3795.1,103.622
3795.2,104.409
3795.3,104.358
3795.4,103.43
3795.5,103.086
3795.6,104.339
3795.7,106.627
3795.8,108.157
3795.9,108.024
3796,106.244
3796.1,104.192
3796.2,102.594
3796.3,101.284
3796.4,99.579
3796.5,97.466
3796.6,96.011
3796.7,96.501
3796.8,99.582
3796.9,105.023
3797,110.939
3797.1,115.229
3797.2,116.745
3797.3,115.553
3797.4,113.634
3797.5,111.843
3797.6,110.39
3797.7,108.895
3797.8,107.376
3797.9,106.45
3798,106.681
3798.1,107.884
3798.2,109.374
3798.3,110.909
3798.4,112.361
3798.5,113.444
3798.6,113.987
3798.7,113.871
3798.8,113.109
3798.9,112.209
3799,111.605
3799.1,111.103
3799.2,110.717
3799.3,110.945
3799.4,111.905
3799.5,113.243
3799.6,114.166
3799.7,114.34
3799.8,114.263
3799.9,114.673
3800,115.394
3800.1,115.709
3800.2,115.18
3800.3,113.97
3800.4,112.269
3800.5,110.257
3800.6,108.201
3800.7,106.287
3800.8,104.774
3800.9,103.248
3801,100.821
3801.1,96.994
3801.2,92.999
3801.3,90.458
3801.4,90.505
3801.5,93.007
3801.6,96.86
3801.7,101.231
3801.8,105.284
3801.9,108.236
3802,109.477
3802.1,108.803
3802.2,107.847
3802.3,107.808
3802.4,109.108
3802.5,110.666
3802.6,111.659
3802.7,111.568
3802.8,110.6
3802.9,109.464
3803,108.789
3803.1,108.511
3803.2,108.085
3803.3,107.484
3803.4,107.209
3803.5,107.483
3803.6,108.354
3803.7,109.39
3803.8,109.782
3803.9,109.594
3804,110.271
3804.1,113.213
3804.2,118.445
3804.3,125.05
3804.4,131.096
3804.5,135.129
3804.6,136.582
3804.7,136.188
3804.8,135.265
3804.9,134.959
3805,135.812
3805.1,136.837
3805.2,136.907
3805.3,135.86
3805.4,135.216
3805.5,135.988
3805.6,137.741
3805.7,138.381
3805.8,136.756
3805.9,133.349
3806,130.393
3806.1,129.435
3806.2,130.772
3806.3,133.469
3806.4,136.415
3806.5,139.1
3806.6,141.036
3806.7,141.96
3806.8,141.589
3806.9,139.813
3807,137.832
3807.1,136.433
3807.2,135.717
3807.3,135.031
3807.4,133.853
3807.5,132.064
3807.6,130.419
3807.7,129.684
3807.8,129.978
3807.9,130.66
3808,131.16
3808.1,131.243
3808.2,131.076
3808.3,131.256
3808.4,132.137
3808.5,133.838
3808.6,135.789
3808.7,137.632
3808.8,138.916
3808.9,139.202
3809,138.275
3809.1,135.771
3809.2,131.984
3809.3,128.476
3809.4,127.273
3809.5,129.252
3809.6,133.248
3809.7,137.545
3809.8,140.197
3809.9,141.046
3810,140.997
3810.1,140.999
3810.2,141.5
3810.3,142.577
3810.4,143.516
3810.5,143.296
3810.6,141.655
3810.7,139.126
3810.8,136.998
3810.9,135.6
3811,133.642
3811.1,129.917
3811.2,126.24
3811.3,125.695
3811.4,130.175
3811.5,137.037
3811.6,142.779
3811.7,144.283
3811.8,143.368
3811.9,142.411
3812,142.55
3812.1,142.968
3812.2,143.395
3812.3,144.299
3812.4,146.009
3812.5,147.901
3812.6,148.635
3812.7,147.675
3812.8,146.585
3812.9,147.013
3813,149.321
3813.1,151.841
3813.2,153.385
3813.3,153.592
3813.4,153.458
3813.5,153.712
3813.6,154.403
3813.7,154.835
3813.8,154.448
3813.9,152.808
3814,150.173
3814.1,147.159
3814.2,144.041
3814.3,140.28
3814.4,135.313
3814.5,129.769
3814.6,126.138
3814.7,126.312
3814.8,130.609
3814.9,137.096
3815,142.312
3815.1,144.503
3815.2,143.332
3815.3,140.792
3815.4,138.618
3815.5,137.849
3815.6,138.242
3815.7,138.717
3815.8,138.136
3815.9,136.113
3816,133.688
3816.1,132.15
3816.2,132.912
3816.3,135.578
3816.4,138.698
3816.5,139.527
3816.6,137.621
3816.7,134.278
3816.8,131.825
3816.9,131.326
3817,131.982
3817.1,132.504
3817.2,132.367
3817.3,132.01
3817.4,131.818
3817.5,131.593
3817.6,131.138
3817.7,130.659
3817.8,130.655
3817.9,131.338
3818,132.728
3818.1,134.413
3818.2,135.818
3818.3,136.904
3818.4,137.913
3818.5,139.145
3818.6,140.608
3818.7,142.042
3818.8,143.08
3818.9,143.578
3819,143.399
3819.1,142.343
3819.2,140.836
3819.3,139.631
3819.4,139.267
3819.5,139.158
3819.6,138.245
3819.7,135.872
3819.8,133.111
3819.9,131.071
3820,131.144
3820.1,133.049
3820.2,135.402
3820.3,136.694
3820.4,136.408
3820.5,135.178
3820.6,133.74
3820.7,132.888
3820.8,132.751
3820.9,133.123
3821,133.746
3821.1,134.358
3821.2,134.77
3821.3,134.942
3821.4,135.296
3821.5,136.053
3821.6,137.201
3821.7,138.459
3821.8,139.923
3821.9,141.364
3822,142.363
3822.1,142.992
3822.2,143.114
3822.3,142.55
3822.4,141.674
3822.5,140.902
3822.6,140.513
3822.7,140.395
3822.8,140.18
3822.9,139.505
3823,139.35
3823.1,140.886
3823.2,143.516
3823.3,144.708
3823.4,143.06
3823.5,138.864
3823.6,134.535
3823.7,132.163
3823.8,131.876
3823.9,132.345
3824,132.795
3824.1,133.494
3824.2,135.191
3824.3,137.817
3824.4,140.822
3824.5,143.18
3824.6,144.753
3824.7,145.967
3824.8,146.724
3824.9,146.277
3825,144.101
3825.1,140.28
3825.2,136.207
3825.3,133.419
3825.4,132.805
3825.5,134.57
3825.6,137.847
3825.7,141.299
3825.8,142.687
3825.9,141.655
3826,139.225
3826.1,136.857
3826.2,135.535
3826.3,135.127
3826.4,134.787
3826.5,134.549
3826.6,135.585
3826.7,138.614
3826.8,142.324
3826.9,144.973
3827,145.2
3827.1,142.951
3827.2,140.336
3827.3,139.047
3827.4,139.569
3827.5,140.767
3827.6,142.068
3827.7,142.942
3827.8,143.231
3827.9,143.141
3828,142.589
3828.1,141.453
3828.2,140.245
3828.3,139.925
3828.4,140.58
3828.5,141.208
3828.6,140.951
3828.7,139.543
3828.8,137.675
3828.9,136.082
3829,135.475
3829.1,135.926
3829.2,137.549
3829.3,140.025
3829.4,142.039
3829.5,142.743
3829.6,142.267
3829.7,141.982
3829.8,142.773
3829.9,144.229
3830,144.589
3830.1,142.912
3830.2,140.062
3830.3,138.016
3830.4,137.666
3830.5,138.511
3830.6,138.955
3830.7,138.47
3830.8,137.623
3830.9,136.796
3831,135.761
3831.1,134.147
3831.2,132.327
3831.3,131.028
3831.4,130.327
3831.5,129.796
3831.6,128.87
3831.7,127.693
3831.8,127.094
3831.9,128.158
3832,130.857
3832.1,134.269
3832.2,136.695
3832.3,137.342
3832.4,136.341
3832.5,134.355
3832.6,132.503
3832.7,131.398
3832.8,131.564
3832.9,132.977
3833,135.188
3833.1,137.55
3833.2,139.583
3833.3,141.4
3833.4,143.237
3833.5,144.642
3833.6,144.787
3833.7,143.164
3833.8,140.393
3833.9,138.379
3834,137.995
3834.1,139.016
3834.2,139.958
3834.3,139.935
3834.4,138.908
3834.5,137.822
3834.6,137.417
3834.7,138.13
3834.8,139.522
3834.9,140.355
3835,139.664
3835.1,137.612
3835.2,135.681
3835.3,134.857
3835.4,135.319
3835.5,136.239
3835.6,137.305
3835.7,138.683
3835.8,140.046
3835.9,140.674
3836,140.279
3836.1,139.522
3836.2,139.124
3836.3,139.098
3836.4,138.172
3836.5,134.914
3836.6,128.002
3836.7,116.883
3836.8,103.302
3836.9,89.581
3837,79.788
3837.1,76.281
3837.2,79.92
3837.3,90.102
3837.4,103.048
3837.5,115.941
3837.6,126.415
3837.7,133.449
3837.8,137.073
3837.9,137.433
3838,135.678
3838.1,133.861
3838.2,133.114
3838.3,133.239
3838.4,133.191
3838.5,132.857
3838.6,133.609
3838.7,135.88
3838.8,138.973
3838.9,141.048
3839,141.384
3839.1,140.793
3839.2,140.683
3839.3,141.805
3839.4,143.401
3839.5,144.072
3839.6,143.15
3839.7,141.541
3839.8,140.982
3839.9,142.916
3840,146.469
3840.1,149.809
3840.2,150.753
3840.3,149.52
3840.4,146.997
3840.5,144.499
3840.6,143.1
3840.7,142.916
3840.8,143.522
3840.9,144.192
3841,144.706
3841.1,145.143
3841.2,145.662
3841.3,146.174
3841.4,146.158
3841.5,145.519
3841.6,145.018
3841.7,144.916
3841.8,144.674
3841.9,143.842
3842,142.464
3842.1,141.211
3842.2,140.906
3842.3,141.412
3842.4,141.429
3842.5,140.053
3842.6,137.954
3842.7,136.229
3842.8,135.645
3842.9,136.075
3843,137.175
3843.1,138.666
3843.2,139.981
3843.3,140.632
3843.4,140.361
3843.5,139.507
3843.6,138.395
3843.7,137.36
3843.8,136.249
3843.9,134.816
3844,133.661
3844.1,133.349
3844.2,133.468
3844.3,133.282
3844.4,132.491
3844.5,131.78
3844.6,132.395
3844.7,135.22
3844.8,138.875
3844.9,141.804
3845,142.774
3845.1,142.405
3845.2,141.506
3845.3,140.441
3845.4,139.049
3845.5,137.319
3845.6,135.465
3845.7,133.614
3845.8,132.069
3845.9,131.469
3846,132.226
3846.1,133.953
3846.2,136.178
3846.3,138.727
3846.4,141.331
3846.5,143.51
3846.6,144.835
3846.7,145.777
3846.8,146.972
3846.9,148.929
3847,150.877
3847.1,151.408
3847.2,149.699
3847.3,146.63
3847.4,143.561
3847.5,142.102
3847.6,143.318
3847.7,146.069
3847.8,148.609
3847.9,149.588
3848,149.242
3848.1,148.364
3848.2,147.644
3848.3,146.634
3848.4,144.952
3848.5,143.268
3848.6,142.65
3848.7,143.139
3848.8,143.998
3848.9,143.954
3849,142.116
3849.1,138.555
3849.2,134.627
3849.3,131.808
3849.4,130.981
3849.5,132.403
3849.6,134.798
3849.7,136.925
3849.8,137.923
3849.9,138.082
3850,137.528
3850.1,136.171
3850.2,134.533
3850.3,133.346
3850.4,133.424
3850.5,134.816
3850.6,136.476
3850.7,137.126
3850.8,136.426
3850.9,135.077
3851,133.034
3851.1,129.507
3851.2,125.045
3851.3,120.813
3851.4,118.521
3851.5,118.522
3851.6,120.793
3851.7,124.903
3851.8,129.579
3851.9,133.496
3852,134.964
3852.1,133.772
3852.2,131.611
3852.3,130.345
3852.4,130.865
3852.5,132.592
3852.6,134.505
3852.7,135.488
3852.8,135.649
3852.9,135.372
3853,135.15
3853.1,135.134
3853.2,135.134
3853.3,134.981
3853.4,135.116
3853.5,136.057
3853.6,137.893
3853.7,140.021
3853.8,141.53
3853.9,141.444
3854,139.66
3854.1,137.405
3854.2,135.992
3854.3,136.111
3854.4,137.046
3854.5,137.909
3854.6,138.06
3854.7,137.762
3854.8,137.352
3854.9,137.205
3855,137.5
3855.1,138.098
3855.2,138.125
3855.3,136.686
3855.4,134.593
3855.5,133.743
3855.6,135.506
3855.7,138.698
3855.8,141.532
3855.9,142.525
3856,142.157
3856.1,141.398
3856.2,140.953
3856.3,140.885
3856.4,140.93
3856.5,140.267
3856.6,137.944
3856.7,134.182
3856.8,130.958
3856.9,130.279
3857,132.134
3857.1,135.56
3857.2,138.772
3857.3,140.479
3857.4,140.308
3857.5,138.497
3857.6,135.891
3857.7,133.361
3857.8,131.917
3857.9,131.346
3858,131.141
3858.1,131.382
3858.2,132.231
3858.3,133.985
3858.4,136.716
3858.5,139.396
3858.6,141.019
3858.7,141.08
3858.8,139.565
3858.9,136.778
3859,132.884
3859.1,128.445
3859.2,124.567
3859.3,122.652
3859.4,124.081
3859.5,127.535
3859.6,131.458
3859.7,133.941
3859.8,134.188
3859.9,133.132
3860,132.596
3860.1,134.032
3860.2,137.07
3860.3,140.206
3860.4,141.484
3860.5,140.361
3860.6,137.503
3860.7,134.062
3860.8,131.078
3860.9,129.129
3861,128.512
3861.1,129.031
3861.2,130.385
3861.3,132.452
3861.4,135.073
3861.5,138.013
3861.6,140.432
3861.7,141.397
3861.8,141.035
3861.9,140.292
3862,140.522
3862.1,141.775
3862.2,143.206
3862.3,143.917
3862.4,143.966
3862.5,143.673
3862.6,142.882
3862.7,141.395
3862.8,138.999
3862.9,136.187
3863,134.316
3863.1,134.16
3863.2,136.187
3863.3,139.331
3863.4,141.827
3863.5,142.269
3863.6,140.332
3863.7,137.515
3863.8,135.457
3863.9,136.044
3864,138.961
3864.1,142.674
3864.2,144.889
3864.3,144.923
3864.4,143.253
3864.5,140.945
3864.6,138.847
3864.7,137.095
3864.8,136.103
3864.9,136.58
3865,138.665
3865.1,141.362
3865.2,143.053
3865.3,143.106
3865.4,141.457
3865.5,138.515
3865.6,135.189
3865.7,132.026
3865.8,129.861
3865.9,129.274
3866,130.428
3866.1,132.775
3866.2,135.006
3866.3,136.443
3866.4,137.113
3866.5,137.599
3866.6,138.572
3866.7,140.351
3866.8,142.458
3866.9,143.95
3867,143.969
3867.1,141.293
3867.2,136.057
3867.3,128.907
3867.4,121.353
3867.5,115.638
3867.6,113.473
3867.7,115.564
3867.8,120.132
3867.9,125.281
3868,129.928
3868.1,133.987
3868.2,137.688
3868.3,140.664
3868.4,141.678
3868.5,140.863
3868.6,139.057
3868.7,137.681
3868.8,137.859
3868.9,139.825
3869,142.563
3869.1,144.299
3869.2,144.056
3869.3,141.663
3869.4,138.451
3869.5,135.695
3869.6,134.197
3869.7,133.703
3869.8,133.495
3869.9,132.847
3870,130.76
3870.1,127.589
3870.2,124.446
3870.3,123.224
3870.4,124.08
3870.5,126.137
3870.6,128.079
3870.7,129.209
3870.8,130.037
3870.9,130.934
3871,131.678
3871.1,132.359
3871.2,133.323
3871.3,134.652
3871.4,135.76
3871.5,136.187
3871.6,135.724
3871.7,134.926
3871.8,134.062
3871.9,132.388
3872,129.79
3872.1,127.318
3872.2,126.959
3872.3,129.037
3872.4,132.293
3872.5,134.271
3872.6,132.759
3872.7,127.088
3872.8,117.962
3872.9,108.982
3873,103.916
3873.1,104.799
3873.2,110.332
3873.3,116.65
3873.4,121.575
3873.5,124.208
3873.6,125.539
3873.7,126.061
3873.8,126.187
3873.9,126.209
3874,125.938
3874.1,125.206
3874.2,124.333
3874.3,124.063
3874.4,124.807
3874.5,126.138
3874.6,127.486
3874.7,128.83
3874.8,130.24
3874.9,131.233
3875,131.268
3875.1,130.47
3875.2,130.05
3875.3,130.382
3875.4,130.813
3875.5,130.515
3875.6,129.708
3875.7,129.292
3875.8,129.489
3875.9,129.695
3876,129.329
3876.1,128.835
3876.2,129.09
3876.3,130.076
3876.4,130.69
3876.5,129.911
3876.6,128.075
3876.7,126.813
3876.8,127.107
3876.9,128.847
3877,131.697
3877.1,134.962
3877.2,137.799
3877.3,139.295
3877.4,139.234
3877.5,138.146
3877.6,136.674
3877.7,134.931
3877.8,132.22
3877.9,127.939
3878,123.245
3878.1,120.435
3878.2,120.692
3878.3,123.552
3878.4,126.397
3878.5,128.106
3878.6,128.839
3878.7,129.809
3878.8,131.45
3878.9,133.251
3879,134.518
3879.1,135.432
3879.2,136.586
3879.3,138.268
3879.4,139.895
3879.5,140.468
3879.6,139.291
3879.7,137.201
3879.8,135.573
3879.9,135.642
3880,136.582
3880.1,137.104
3880.2,136.101
3880.3,134.077
3880.4,132.099
3880.5,131.073
3880.6,130.823
3880.7,130.731
3880.8,130.277
3880.9,129.384
3881,128.437
3881.1,128.015
3881.2,128.37
3881.3,129.104
3881.4,130.013
3881.5,131.252
3881.6,132.868
3881.7,134.652
3881.8,135.746
3881.9,135.901
3882,135.553
3882.1,135.279
3882.2,135.178
3882.3,134.994
3882.4,134.511
3882.5,133.936
3882.6,133.331
3882.7,132.158
3882.8,129.863
3882.9,127.031
3883,124.307
3883.1,122.389
3883.2,121.67
3883.3,122.411
3883.4,124.602
3883.5,127.507
3883.6,130.097
3883.7,131.402
3883.8,131.67
3883.9,131.973
3884,133.239
3884.1,135.211
3884.2,136.888
3884.3,137.253
3884.4,135.845
3884.5,133.648
3884.6,131.32
3884.7,129.541
3884.8,128.719
3884.9,129.311
3885,131.393
3885.1,133.681
3885.2,135.366
3885.3,136.296
3885.4,137.272
3885.5,138.809
3885.6,140.432
3885.7,141.067
3885.8,140.427
3885.9,138.853
3886,137.348
3886.1,136.82
3886.2,137.666
3886.3,139.524
3886.4,141.146
3886.5,141.819
3886.6,141.061
3886.7,139.331
3886.8,137.405
3886.9,135.902
3887,134.735
3887.1,133.476
3887.2,132.252
3887.3,132.122
3887.4,133.674
3887.5,136.261
3887.6,137.859
3887.7,137.397
3887.8,135.707
3887.9,134.857
3888,135.671
3888.1,137.461
3888.2,137.971
3888.3,135.586
3888.4,130.27
3888.5,123.477
3888.6,118.11
3888.7,116.245
3888.8,118.474
3888.9,123.166
3889,128.012
3889.1,131.724
3889.2,133.907
3889.3,135.216
3889.4,135.904
3889.5,135.363
3889.6,133.674
3889.7,131.572
3889.8,130.321
3889.9,130.769
3890,132.714
3890.1,135.02
3890.2,136.303
3890.3,136.289
3890.4,135.381
3890.5,134.623
3890.6,134.538
3890.7,135.18
3890.8,136.221
3890.9,137.385
3891,138.597
3891.1,138.996
3891.2,138.189
3891.3,136.378
3891.4,134.763
3891.5,134.57
3891.6,135.889
3891.7,137.848
3891.8,138.41
3891.9,136.577
3892,132.543
3892.1,128.046
3892.2,125.321
3892.3,125.778
3892.4,129.186
3892.5,132.971
3892.6,135.436
3892.7,135.591
3892.8,134.402
3892.9,132.868
3893,131.786
3893.1,131.476
3893.2,132.46
3893.3,134.75
3893.4,136.706
3893.5,136.837
3893.6,135.225
3893.7,133.848
3893.8,134.14
3893.9,135.81
3894,136.845
3894.1,136.071
3894.2,133.887
3894.3,131.596
3894.4,130.289
3894.5,130.163
3894.6,131.118
3894.7,132.417
3894.8,133.156
3894.9,132.575
3895,131.024
3895.1,129.129
3895.2,127.289
3895.3,126.06
3895.4,125.576
3895.5,125.592
3895.6,126.097
3895.7,127.284
3895.8,129.446
3895.9,132.759
3896,136.422
3896.1,139.13
3896.2,139.539
3896.3,138.267
3896.4,136.454
3896.5,134.745
3896.6,133.346
3896.7,132.2
3896.8,131.752
3896.9,132.45
3897,133.85
3897.1,135.367
3897.2,136.05
3897.3,135.679
3897.4,134.578
3897.5,133.78
3897.6,134.315
3897.7,135.867
3897.8,137.245
3897.9,137.418
3898,136.609
3898.1,136.055
3898.2,136.329
3898.3,136.752
3898.4,136.404
3898.5,135.193
3898.6,133.992
3898.7,132.94
3898.8,131.398
3898.9,129.404
3899,127.818
3899.1,128.003
3899.2,129.722
3899.3,132.026
3899.4,133.712
3899.5,134.561
3899.6,135.352
3899.7,136.371
3899.8,136.819
3899.9,135.941
3900,133.46
3900.1,130.201
3900.2,127.469
3900.3,126.349
3900.4,127.556
3900.5,129.989
3900.6,132.507
3900.7,133.758
3900.8,133.793
3900.9,133.473
3901,133.879
3901.1,134.973
3901.2,135.635
3901.3,135.175
3901.4,133.925
3901.5,132.251
3901.6,130.338
3901.7,128.353
3901.8,126.567
3901.9,125.649
3902,126.435
3902.1,128.399
3902.2,130.717
3902.3,132.919
3902.4,134.937
3902.5,136.458
3902.6,137.403
3902.7,138.146
3902.8,138.621
3902.9,138.428
3903,137.255
3903.1,135.388
3903.2,133.874
3903.3,133.832
3903.4,134.82
3903.5,135.346
3903.6,134.09
3903.7,131.858
3903.8,129.9
3903.9,129.724
3904,131.004
3904.1,132.744
3904.2,133.87
3904.3,134.111
3904.4,133.996
3904.5,134.058
3904.6,134.268
3904.7,134.05
3904.8,132.755
3904.9,130.404
3905,127.95
3905.1,126.616
3905.2,127.419
3905.3,129.798
3905.4,133.179
3905.5,136.252
3905.6,137.971
3905.7,137.981
3905.8,136.305
3905.9,133.77
3906,131.105
3906.1,128.953
3906.2,127.684
3906.3,127.368
3906.4,127.627
3906.5,127.709
3906.6,127.593
3906.7,128.059
3906.8,129.8
3906.9,131.948
3907,133.358
3907.1,132.992
3907.2,131.704
3907.3,130.716
3907.4,130.938
3907.5,132.056
3907.6,133.037
3907.7,133.054
3907.8,131.901
3907.9,130.256
3908,129.247
3908.1,129.56
3908.2,130.604
3908.3,131.697
3908.4,132.599
3908.5,133.279
3908.6,133.514
3908.7,132.902
3908.8,131.498
3908.9,129.583
3909,127.88
3909.1,127.175
3909.2,127.644
3909.3,129.01
3909.4,130.129
3909.5,129.381
3909.6,125.39
3909.7,118.38
3909.8,111.502
3909.9,108.097
3910,110.931
3910.1,117.801
3910.2,125.702
3910.3,131.179
3910.4,133.284
3910.5,132.847
3910.6,131.411
3910.7,130.164
3910.8,129.419
3910.9,128.825
3911,127.345
3911.1,124.725
3911.2,122.109
3911.3,121.484
3911.4,123.43
3911.5,127.464
3911.6,132.035
3911.7,135.312
3911.8,136.688
3911.9,136.469
3912,136.123
3912.1,136.75
3912.2,138.579
3912.3,140.225
3912.4,140.544
3912.5,139.468
3912.6,138.256
3912.7,138.032
3912.8,138.932
3912.9,139.979
3913,139.844
3913.1,137.847
3913.2,134.072
3913.3,130.378
3913.4,128.89
3913.5,131.204
3913.6,135.604
3913.7,139.93
3913.8,142.633
3913.9,144.343
3914,145.974
3914.1,147.632
3914.2,148.198
3914.3,146.794
3914.4,144.124
3914.5,141.634
3914.6,139.609
3914.7,137.339
3914.8,134.315
3914.9,131.453
3915,129.976
3915.1,131.009
3915.2,133.588
3915.3,136.523
3915.4,139.112
3915.5,140.732
3915.6,140.888
3915.7,139.857
3915.8,138.944
3915.9,139.219
3916,141.104
3916.1,144.059
3916.2,146.655
3916.3,147.945
3916.4,147.38
3916.5,145.645
3916.6,143.325
3916.7,141.026
3916.8,139.025
3916.9,137.662
3917,137.368
3917.1,137.84
3917.2,138.354
3917.3,138.25
3917.4,137.749
3917.5,137.699
3917.6,138.442
3917.7,139.651
3917.8,140.473
3917.9,140.632
3918,140.54
3918.1,140.879
3918.2,141.576
3918.3,141.416
3918.4,139.596
3918.5,136.455
3918.6,133.164
3918.7,130.652
3918.8,129.076
3918.9,128.601
3919,129.746
3919.1,132.637
3919.2,136.312
3919.3,138.536
3919.4,138.374
3919.5,136.667
3919.6,135.28
3919.7,135.591
3919.8,137.771
3919.9,140.725
3920,142.917
3920.1,143.807
3920.2,143.529
3920.3,142.842
3920.4,142.062
3920.5,140.804
3920.6,139.025
3920.7,137.918
3920.8,138.557
3920.9,140.714
3921,142.876
3921.1,144.165
3921.2,144.9
3921.3,146.149
3921.4,147.8
3921.5,148.341
3921.6,146.64
3921.7,143.151
3921.8,139.341
3921.9,136.845
3922,136.138
3922.1,136.64
3922.2,137.457
3922.3,138.026
3922.4,138.237
3922.5,138.29
3922.6,138.239
3922.7,137.96
3922.8,136.935
3922.9,135.545
3923,134.339
3923.1,133.758
3923.2,133.898
3923.3,134.42
3923.4,134.765
3923.5,135.055
3923.6,135.795
3923.7,137.266
3923.8,139.105
3923.9,140.517
3924,140.549
3924.1,138.843
3924.2,136.807
3924.3,135.591
3924.4,135.808
3924.5,136.418
3924.6,136.502
3924.7,136.062
3924.8,136.17
3924.9,137.258
3925,138.531
3925.1,138.785
3925.2,138.032
3925.3,137.314
3925.4,137.708
3925.5,139.045
3925.6,140.325
3925.7,140.227
3925.8,138.821
3925.9,136.939
3926,135.748
3926.1,135.507
3926.2,135.716
3926.3,135.302
3926.4,133.734
3926.5,131.323
3926.6,128.658
3926.7,126.301
3926.8,124.71
3926.9,124.554
3927,126.339
3927.1,129.338
3927.2,132.244
3927.3,134.418
3927.4,136.32
3927.5,137.968
3927.6,138.348
3927.7,136.802
3927.8,134.042
3927.9,132.164
3928,132.634
3928.1,134.757
3928.2,136.511
3928.3,136.681
3928.4,135.901
3928.5,135.32
3928.6,135.512
3928.7,136.252
3928.8,137.321
3928.9,138.386
3929,139.204
3929.1,139.551
3929.2,139.019
3929.3,137.717
3929.4,136.145
3929.5,135.411
3929.6,136.197
3929.7,138.608
3929.8,141.992
3929.9,144.578
3930,145.335
3930.1,144.31
3930.2,142.727
3930.3,141.506
3930.4,140.727
3930.5,139.911
3930.6,138.961
3930.7,138.422
3930.8,138.466
3930.9,138.652
3931,138.491
3931.1,137.577
3931.2,136.273
3931.3,134.937
3931.4,133.902
3931.5,133.133
3931.6,132.465
3931.7,131.797
3931.8,131.149
3931.9,131.009
3932,131.824
3932.1,133.827
3932.2,136.353
3932.3,138.502
3932.4,139.561
3932.5,139.569
3932.6,138.98
3932.7,138.615
3932.8,138.72
3932.9,138.703
3933,137.724
3933.1,135.949
3933.2,134.223
3933.3,133.312
3933.4,133.476
3933.5,134.724
3933.6,137.328
3933.7,140.721
3933.8,142.791
3933.9,141.878
3934,138.035
3934.1,134.23
3934.2,132.53
3934.3,133.441
3934.4,135.343
3934.5,137.081
3934.6,138.404
3934.7,139.536
3934.8,139.974
3934.9,139.257
3935,137.788
3935.1,136.245
3935.2,134.754
3935.3,133.219
3935.4,131.596
3935.5,129.527
3935.6,126.308
3935.7,122.177
3935.8,117.733
3935.9,114.633
3936,114.448
3936.1,117.418
3936.2,122.26
3936.3,126.324
3936.4,127.832
3936.5,126.367
3936.6,123.717
3936.7,122.125
3936.8,122.51
3936.9,124.708
3937,127.64
3937.1,130.892
3937.2,134.117
3937.3,136.694
3937.4,137.873
3937.5,137.538
3937.6,136.564
3937.7,135.485
3937.8,134.719
3937.9,134.763
3938,136.086
3938.1,139.166
3938.2,143.395
3938.3,146.73
3938.4,147.57
3938.5,145.013
3938.6,140.428
3938.7,135.663
3938.8,133.515
3938.9,134.627
3939,138.03
3939.1,142.005
3939.2,144.691
3939.3,145.708
3939.4,145.638
3939.5,145.338
3939.6,145.007
3939.7,144.311
3939.8,143.358
3939.9,142.621
3940,142.545
3940.1,143.33
3940.2,144.179
3940.3,144.243
3940.4,142.847
3940.5,140.601
3940.6,138.113
3940.7,135.87
3940.8,134.497
3940.9,134.692
3941,136.946
3941.1,140.104
3941.2,142.166
3941.3,141.937
3941.4,140.304
3941.5,139.198
3941.6,139.572
3941.7,141.141
3941.8,142.233
3941.9,141.933
3942,140.091
3942.1,137.85
3942.2,136.292
3942.3,136.513
3942.4,138.322
3942.5,140.257
3942.6,141.125
3942.7,141.041
3942.8,140.808
3942.9,140.966
3943,141.21
3943.1,140.848
3943.2,139.634
3943.3,138.024
3943.4,136.781
3943.5,136.303
3943.6,136.979
3943.7,138.487
3943.8,140.229
3943.9,141.228
3944,140.974
3944.1,139.973
3944.2,139.044
3944.3,138.77
3944.4,139.093
3944.5,139.677
3944.6,140.309
3944.7,140.924
3944.8,141.385
3944.9,141.242
3945,140.547
3945.1,139.861
3945.2,140.012
3945.3,141.071
3945.4,142.531
3945.5,143.64
3945.6,143.981
3945.7,143.565
3945.8,142.513
3945.9,141.181
3946,139.695
3946.1,138.333
3946.2,137.527
3946.3,137.244
3946.4,137.689
3946.5,138.988
3946.6,140.367
3946.7,140.883
3946.8,139.71
3946.9,137.34
3947,134.891
3947.1,134.1
3947.2,135.445
3947.3,137.941
3947.4,140.13
3947.5,140.646
3947.6,139.53
3947.7,137.627
3947.8,135.716
3947.9,134.157
3948,133.305
3948.1,133.626
3948.2,134.949
3948.3,136.921
3948.4,138.912
3948.5,140.767
3948.6,142.653
3948.7,144.126
3948.8,144.318
3948.9,142.979
3949,140.986
3949.1,139.924
3949.2,140.08
3949.3,140.217
3949.4,138.303
3949.5,134.428
3949.6,129.885
3949.7,126.878
3949.8,126.104
3949.9,126.809
3950,127.715
3950.1,128.346
3950.2,129.25
3950.3,131.071
3950.4,133.639
3950.5,136.527
3950.6,139.482
3950.7,142.261
3950.8,144.159
3950.9,144.032
3951,141.016
3951.1,136.203
3951.2,131.015
3951.3,127.127
3951.4,124.793
3951.5,123.612
3951.6,122.82
3951.7,121.662
3951.8,120.313
3951.9,119.942
3952,121.524
3952.1,124.859
3952.2,128.944
3952.3,132.226
3952.4,134.329
3952.5,135.498
3952.6,136.032
3952.7,136.119
3952.8,135.69
3952.9,134.853
3953,134.085
3953.1,133.861
3953.2,134.774
3953.3,136.755
3953.4,139.657
3953.5,142.478
3953.6,144.005
3953.7,143.971
3953.8,142.707
3953.9,141.12
3954,139.947
3954.1,139.308
3954.2,138.897
3954.3,138.691
3954.4,138.832
3954.5,138.741
3954.6,137.669
3954.7,135.481
3954.8,132.78
3954.9,130.6
3955,129.44
3955.1,129.219
3955.2,129.436
3955.3,130.023
3955.4,131.316
3955.5,133.415
3955.6,135.976
3955.7,138.379
3955.8,139.908
3955.9,140.127
3956,139.196
3956.1,138.217
3956.2,138.21
3956.3,139.135
3956.4,139.907
3956.5,139.562
3956.6,138.324
3956.7,137.267
3956.8,136.855
3956.9,136.026
3957,133.789
3957.1,130.59
3957.2,128.06
3957.3,127.502
3957.4,128.755
3957.5,130.394
3957.6,131.803
3957.7,132.977
3957.8,133.919
3957.9,133.811
3958,132.276
3958.1,130.395
3958.2,129.141
3958.3,129.312
3958.4,130.616
3958.5,132.315
3958.6,133.521
3958.7,133.99
3958.8,134.238
3958.9,135.127
3959,137.743
3959.1,141.259
3959.2,143.864
3959.3,143.819
3959.4,141.811
3959.5,139.054
3959.6,137.313
3959.7,137.111
3959.8,138.106
3959.9,140.074
3960,142.422
3960.1,144.279
3960.2,144.898
3960.3,144.522
3960.4,143.712
3960.5,143.012
3960.6,142.913
3960.7,143.581
3960.8,145.311
3960.9,148.092
3961,150.421
3961.1,150.599
3961.2,147.788
3961.3,144.198
3961.4,142.057
3961.5,142.623
3961.6,144.76
3961.7,146.626
3961.8,147.054
3961.9,146.074
3962,144.675
3962.1,143.718
3962.2,143.522
3962.3,143.564
3962.4,143.312
3962.5,142.322
3962.6,140.376
3962.7,137.684
3962.8,135.154
3962.9,133.501
3963,132.705
3963.1,132.445
3963.2,132.141
3963.3,131.333
3963.4,130.106
3963.5,128.826
3963.6,127.557
3963.7,126.593
3963.8,125.978
3963.9,124.933
3964,122.887
3964.1,120.554
3964.2,119.501
3964.3,120.452
3964.4,123.316
3964.5,126.477
3964.6,128.616
3964.7,129.387
3964.8,129.835
3964.9,130.917
3965,132.904
3965.1,135.59
3965.2,138.545
3965.3,141.751
3965.4,144.926
3965.5,147.096
3965.6,147.58
3965.7,146.255
3965.8,144.35
3965.9,142.294
3966,140.095
3966.1,138.293
3966.2,137.691
3966.3,138.93
3966.4,140.739
3966.5,141.162
3966.6,139.218
3966.7,136.001
3966.8,133.739
3966.9,133.521
3967,134.911
3967.1,136.176
3967.2,136.572
3967.3,136.18
3967.4,135.356
3967.5,134.119
3967.6,132.517
3967.7,131.364
3967.8,131.325
3967.9,132.492
3968,133.971
3968.1,134.627
3968.2,134.034
3968.3,132.288
3968.4,130.306
3968.5,129.141
3968.6,129.238
3968.7,129.933
3968.8,130.568
3968.9,131.304
3969,132.959
3969.1,135.687
3969.2,138.425
3969.3,139.583
3969.4,138.611
3969.5,136.056
3969.6,133.506
3969.7,131.897
3969.8,131.155
3969.9,130.57
3970,129.749
3970.1,128.987
3970.2,128.954
3970.3,129.371
3970.4,129.15
3970.5,127.149
3970.6,124.259
3970.7,121.798
3970.8,121.458
3970.9,123.444
3971,126.741
3971.1,129.487
3971.2,130.489
3971.3,130
3971.4,128.657
3971.5,127.299
3971.6,126.675
3971.7,127.607
3971.8,131.048
3971.9,136.389
3972,142.242
3972.1,146.358
3972.2,148.2
3972.3,148.537
3972.4,148.448
3972.5,148.481
3972.6,148.545
3972.7,148.24
3972.8,147.168
3972.9,145.101
3973,142.182
3973.1,139.183
3973.2,136.95
3973.3,136.101
3973.4,136.571
3973.5,137.331
3973.6,137.493
3973.7,136.25
3973.8,134.247
3973.9,132.581
3974,132.255
3974.1,133.177
3974.2,134.357
3974.3,134.607
3974.4,133.645
3974.5,132.381
3974.6,131.913
3974.7,132.728
3974.8,134.244
3974.9,135.453
3975,135.427
3975.1,134.666
3975.2,133.672
3975.3,132.157
3975.4,129.498
3975.5,125.546
3975.6,121.864
3975.7,120.915
3975.8,123.399
3975.9,128.15
3976,132.639
3976.1,135.308
3976.2,135.739
3976.3,134.492
3976.4,132.14
3976.5,128.843
3976.6,125.592
3976.7,123.609
3976.8,123.322
3976.9,124.358
3977,125.673
3977.1,126.596
3977.2,127.162
3977.3,128.005
3977.4,129.432
3977.5,131.727
3977.6,134.761
3977.7,137.636
3977.8,139.116
3977.9,138.663
3978,137.377
3978.1,136.166
3978.2,135.212
3978.3,134.148
3978.4,133
3978.5,132.464
3978.6,133.065
3978.7,134.685
3978.8,136.209
3978.9,136.704
3979,136.356
3979.1,135.824
3979.2,135.718
3979.3,136.161
3979.4,136.951
3979.5,137.352
3979.6,136.832
3979.7,135.323
3979.8,133.095
3979.9,131.334
3980,131.181
3980.1,132.984
3980.2,135.236
3980.3,136.511
3980.4,135.942
3980.5,134.171
3980.6,132.314
3980.7,131.195
3980.8,130.641
3980.9,130.162
3981,129.674
3981.1,129.366
3981.2,129.647
3981.3,130.799
3981.4,132.331
3981.5,133.427
3981.6,133.916
3981.7,134.186
3981.8,134.706
3981.9,135.534
3982,136.368
3982.1,136.576
3982.2,135.917
3982.3,134.805
3982.4,134.306
3982.5,135.119
3982.6,137.376
3982.7,140.216
3982.8,142.368
3982.9,143.159
3983,142.409
3983.1,140.495
3983.2,137.804
3983.3,135.33
3983.4,134.048
3983.5,133.974
3983.6,134.302
3983.7,134.36
3983.8,134.673
3983.9,136.629
3984,140.528
3984.1,144.613
3984.2,146.698
3984.3,145.546
3984.4,142.447
3984.5,139.041
3984.6,136.936
3984.7,136.071
3984.8,135.973
3984.9,135.829
3985,134.742
3985.1,132.483
3985.2,129.534
3985.3,127.272
3985.4,126.482
3985.5,127.231
3985.6,128.578
3985.7,129.838
3985.8,131.484
3985.9,134.071
3986,137.077
3986.1,139.705
3986.2,140.942
3986.3,140.789
3986.4,139.647
3986.5,137.526
3986.6,134.624
3986.7,131.706
3986.8,130.148
3986.9,130.287
3987,131.89
3987.1,134.697
3987.2,137.994
3987.3,141.075
3987.4,143.204
3987.5,143.55
3987.6,142.5
3987.7,141.013
3987.8,139.85
3987.9,138.96
3988,138.186
3988.1,137.464
3988.2,136.837
3988.3,136.268
3988.4,135.605
3988.5,134.805
3988.6,133.911
3988.7,132.724
3988.8,131.487
3988.9,130.978
3989,131.716
3989.1,133.439
3989.2,134.959
3989.3,135.428
3989.4,134.741
3989.5,134.001
3989.6,134.037
3989.7,135.259
3989.8,136.746
3989.9,137.06
3990,134.887
3990.1,131.109
3990.2,127.762
3990.3,126.705
3990.4,127.937
3990.5,129.869
3990.6,131.68
3990.7,133.34
3990.8,134.775
3990.9,135.471
3991,135.025
3991.1,134.023
3991.2,133.361
3991.3,134.277
3991.4,136.361
3991.5,138.276
3991.6,138.518
3991.7,137.207
3991.8,135.56
3991.9,134.721
3992,134.981
3992.1,134.914
3992.2,133.325
3992.3,130.88
3992.4,129.308
3992.5,129.257
3992.6,129.979
3992.7,130.368
3992.8,130.07
3992.9,129.335
3993,129.016
3993.1,129.085
3993.2,129.014
3993.3,128.599
3993.4,128.133
3993.5,127.837
3993.6,127.924
3993.7,128.858
3993.8,131.043
3993.9,134.478
3994,138.265
3994.1,141.351
3994.2,142.219
3994.3,140.975
3994.4,138.859
3994.5,137.771
3994.6,138.341
3994.7,139.626
3994.8,140.38
3994.9,140.362
3995,140.183
3995.1,140.501
3995.2,141.149
3995.3,141.029
3995.4,139.477
3995.5,137.14
3995.6,135.231
3995.7,134.16
3995.8,133.822
3995.9,133.409
3996,132.327
3996.1,130.821
3996.2,130.192
3996.3,131.155
3996.4,133.705
3996.5,136.936
3996.6,139.829
3996.7,141.437
3996.8,141.417
3996.9,140.336
3997,139.008
3997.1,138.483
3997.2,139.26
3997.3,141.601
3997.4,144.965
3997.5,147.803
3997.6,149.391
3997.7,149.289
3997.8,148.217
3997.9,147.1
3998,147.013
3998.1,147.841
3998.2,148.507
3998.3,148.514
3998.4,148.464
3998.5,149.106
3998.6,149.649
3998.7,147.141
3998.8,140.122
3998.9,129.833
3999,120.489
3999.1,115.268
3999.2,114.438
3999.3,116.786
3999.4,120.128
3999.5,123.36
3999.6,125.217
3999.7,125.23
3999.8,124.305
3999.9,124.181
4000,126.098
4000.1,129.166
4000.2,131.508
4000.3,131.431
4000.4,129.851
4000.5,128.672
4000.6,129.522
4000.7,131.611
4000.8,133.391
4000.9,133.046
4001,131.274
4001.1,130.163
4001.2,131.695
4001.3,135.325
4001.4,138.869
4001.5,140.648
4001.6,140.409
4001.7,139.462
4001.8,138.952
4001.9,139.036
4002,139.073
4002.1,138.655
4002.2,137.742
4002.3,137.016
4002.4,136.927
4002.5,137.524
4002.6,137.884
4002.7,137.636
4002.8,137.718
4002.9,139.396
4003,142.351
4003.1,144.672
4003.2,144.861
4003.3,143.595
4003.4,142.106
4003.5,141.569
4003.6,141.988
4003.7,142.873
4003.8,143.7
4003.9,144.228
4004,143.671
4004.1,140.9
4004.2,136.785
4004.3,133.202
4004.4,132.059
4004.5,133.702
4004.6,136.613
4004.7,138.639
4004.8,138.735
4004.9,137.54
4005,135.992
4005.1,135.252
4005.2,135.644
4005.3,136.983
4005.4,138.555
4005.5,139.724
4005.6,140.137
4005.7,139.708
4005.8,138.738
4005.9,137.132
4006,135.248
4006.1,134.214
4006.2,134.407
4006.3,135.409
4006.4,136.18
4006.5,136.221
4006.6,135.936
4006.7,136.191
4006.8,137.218
4006.9,138.609
4007,139.596
4007.1,139.648
4007.2,138.242
4007.3,135.605
4007.4,132.952
4007.5,131.175
4007.6,131.014
4007.7,132.228
4007.8,133.514
4007.9,133.692
4008,132.432
4008.1,130.341
4008.2,128.205
4008.3,127.702
4008.4,129.478
4008.5,132.877
4008.6,136.543
4008.7,139.184
4008.8,140.432
4008.9,140.482
4009,139.733
4009.1,137.721
4009.2,133.984
4009.3,129.998
4009.4,127.987
4009.5,129.48
4009.6,133.934
4009.7,139.031
4009.8,143.135
4009.9,145.267
4010,145.72
4010.1,144.607
4010.2,141.778
4010.3,137.957
4010.4,134.111
4010.5,131.296
4010.6,129.872
4010.7,129.855
4010.8,131.231
4010.9,133.19
4011,135.098
4011.1,136.462
4011.2,136.848
4011.3,136.432
4011.4,135.562
4011.5,134.921
4011.6,135.058
4011.7,136.155
4011.8,137.383
4011.9,137.528
4012,136.458
4012.1,135.263
4012.2,135.447
4012.3,137.028
4012.4,138.59
4012.5,138.225
4012.6,135.682
4012.7,132.362
4012.8,130.278
4012.9,129.947
4013,130.846
4013.1,132.323
4013.2,134.106
4013.3,136.064
4013.4,137.311
4013.5,136.315
4013.6,131.75
4013.7,123.198
4013.8,113.293
4013.9,105.561
4014,103.197
4014.1,106.328
4014.2,112.395
4014.3,119.133
4014.4,125.208
4014.5,130.266
4014.6,133.856
4014.7,135.317
4014.8,135.226
4014.9,134.654
4015,134.613
4015.1,135.173
4015.2,136.073
4015.3,137.259
4015.4,138.711
4015.5,139.921
4015.6,139.934
4015.7,138.325
4015.8,135.883
4015.9,133.756
4016,132.563
4016.1,132.271
4016.2,132.601
4016.3,133.094
4016.4,133.521
4016.5,133.651
4016.6,133.36
4016.7,133.135
4016.8,133.442
4016.9,134.078
4017,134.61
4017.1,134.954
4017.2,135.117
4017.3,134.92
4017.4,134.326
4017.5,133.518
4017.6,132.885
4017.7,132.546
4017.8,132.15
4017.9,131.105
4018,129.3
4018.1,126.886
4018.2,124.609
4018.3,123.093
4018.4,122.503
4018.5,122.516
4018.6,122.265
4018.7,121.152
4018.8,119.042
4018.9,116.676
4019,114.853
4019.1,114.288
4019.2,115.39
4019.3,117.878
4019.4,121.18
4019.5,124.446
4019.6,127.151
4019.7,128.629
4019.8,128.278
4019.9,127.175
4020,126.227
4020.1,126.111
4020.2,126.65
4020.3,127.118
4020.4,126.574
4020.5,125.302
4020.6,124.405
4020.7,124.224
4020.8,124.528
4020.9,124.791
4021,124.589
4021.1,124.435
4021.2,124.982
4021.3,126.184
4021.4,127.207
4021.5,127.792
4021.6,128.44
4021.7,129.711
4021.8,131.818
4021.9,134.51
4022,136.879
4022.1,137.695
4022.2,136.652
4022.3,134.423
4022.4,132.766
4022.5,132.784
4022.6,134.051
4022.7,134.851
4022.8,134.351
4022.9,133.268
4023,132.68
4023.1,132.561
4023.2,132.412
4023.3,131.883
4023.4,131.506
4023.5,131.934
4023.6,133.064
4023.7,134.076
4023.8,134.339
4023.9,133.785
4024,132.944
4024.1,132.186
4024.2,131.847
4024.3,132.027
4024.4,132.739
4024.5,133.994
4024.6,135.115
4024.7,135.42
4024.8,134.671
4024.9,133.187
4025,131.87
4025.1,131.072
4025.2,130.98
4025.3,131.347
4025.4,131.802
4025.5,132.097
4025.6,131.729
4025.7,130.337
4025.8,127.883
4025.9,125.34
4026,123.824
4026.1,123.781
4026.2,125.118
4026.3,126.804
4026.4,128.499
4026.5,130.416
4026.6,132.437
4026.7,133.997
4026.8,134.619
4026.9,134.339
4027,133.541
4027.1,132.437
4027.2,130.933
4027.3,129.105
4027.4,127.257
4027.5,126.319
4027.6,126.479
4027.7,127.453
4027.8,128.698
4027.9,129.739
4028,130.642
4028.1,131.573
4028.2,132.753
4028.3,134.219
4028.4,135.672
4028.5,136.727
4028.6,136.928
4028.7,135.725
4028.8,133.253
4028.9,130.236
4029,126.759
4029.1,122.917
4029.2,119.621
4029.3,117.897
4029.4,118.373
4029.5,120.074
4029.6,122.057
4029.7,124.071
4029.8,126.971
4029.9,130.989
4030,135.207
4030.1,138.023
4030.2,138.799
4030.3,137.966
4030.4,136.562
4030.5,134.974
4030.6,132.906
4030.7,130.26
4030.8,127.971
4030.9,126.882
4031,127.489
4031.1,128.431
4031.2,128.144
4031.3,125.695
4031.4,121.945
4031.5,118.158
4031.6,115.49
4031.7,114.68
4031.8,115.352
4031.9,117.042
4032,119.747
4032.1,123.375
4032.2,127.408
4032.3,130.943
4032.4,133.321
4032.5,134.351
4032.6,134.497
4032.7,134.471
4032.8,133.842
4032.9,131.72
4033,128.792
4033.1,126.519
4033.2,126.358
4033.3,128.868
4033.4,132.811
4033.5,136.378
4033.6,138.153
4033.7,138.37
4033.8,137.243
4033.9,134.265
4034,129.217
4034.1,122.402
4034.2,115.771
4034.3,111.848
4034.4,111.722
4034.5,115.213
4034.6,120.585
4034.7,125.895
4034.8,130.038
4034.9,132.944
4035,134.931
4035.1,136.227
4035.2,136.754
4035.3,136.678
4035.4,136.486
4035.5,136.973
4035.6,138.02
4035.7,138.999
4035.8,138.892
4035.9,137.304
4036,134.464
4036.1,131.032
4036.2,127.911
4036.3,125.666
4036.4,124.637
4036.5,124.524
4036.6,125.156
4036.7,126.32
4036.8,127.285
4036.9,128.006
4037,129.073
4037.1,131.048
4037.2,133.545
4037.3,135.887
4037.4,137.3
4037.5,137.843
4037.6,137.726
4037.7,136.485
4037.8,133.901
4037.9,130.626
4038,127.275
4038.1,124.041
4038.2,121.164
4038.3,119.497
4038.4,120.579
4038.5,124.699
4038.6,131.013
4038.7,137.155
4038.8,141.177
4038.9,142.738
4039,142.584
4039.1,142.281
4039.2,142.674
4039.3,143.464
4039.4,143.614
4039.5,143.063
4039.6,142.519
4039.7,142.443
4039.8,142.648
4039.9,142.745
4040,142.086
4040.1,140.806
4040.2,139.141
4040.3,137.198
4040.4,135.413
4040.5,134.652
4040.6,135.45
4040.7,136.812
4040.8,137.738
4040.9,137.599
4041,137.008
4041.1,136.862
4041.2,137.439
4041.3,138.358
4041.4,138.817
4041.5,138.113
4041.6,135.762
4041.7,132.514
4041.8,129.451
4041.9,128.637
4042,130.504
4042.1,133.873
4042.2,136.156
4042.3,136.291
4042.4,135.047
4042.5,133.681
4042.6,132.973
4042.7,132.452
4042.8,131.843
4042.9,131.73
4043,132.719
4043.1,134.447
4043.2,135.535
4043.3,135.38
4043.4,134.155
4043.5,132.668
4043.6,131.424
4043.7,130.564
4043.8,130.842
4043.9,132.446
4044,134.677
4044.1,136.4
4044.2,136.807
4044.3,135.899
4044.4,134.441
4044.5,133.511
4044.6,133.201
4044.7,133.23
4044.8,133.378
4044.9,133.18
4045,132.333
4045.1,131.53
4045.2,131.378
4045.3,132.129
4045.4,134.041
4045.5,136.298
4045.6,137.919
4045.7,137.992
4045.8,136.574
4045.9,133.964
4046,130.545
4046.1,127.535
4046.2,125.549
4046.3,124.644
4046.4,124.83
4046.5,125.836
4046.6,127.516
4046.7,129.44
4046.8,130.975
4046.9,131.597
4047,131.324
4047.1,131.265
4047.2,131.71
4047.3,131.916
4047.4,131.623
4047.5,131.356
4047.6,131.599
4047.7,132.516
4047.8,133.525
4047.9,133.687
4048,132.364
4048.1,130.519
4048.2,129.167
4048.3,128.858
4048.4,129.071
4048.5,129.222
4048.6,129.251
4048.7,129.833
4048.8,130.911
4048.9,132.014
4049,133.017
4049.1,134.001
4049.2,134.555
4049.3,133.873
4049.4,132.129
4049.5,130.159
4049.6,129.548
4049.7,130.498
4049.8,132.183
4049.9,133.893
4050,135.497
4050.1,136.805
4050.2,137.4
4050.3,137.639
4050.4,137.997
4050.5,138.498
4050.6,139.392
4050.7,140.853
4050.8,142.457
4050.9,142.846
4051,141.176
4051.1,137.896
4051.2,134.944
4051.3,133.52
4051.4,133.042
4051.5,132.33
4051.6,131.518
4051.7,131.303
4051.8,131.915
4051.9,132.428
4052,132.11
4052.1,131.167
4052.2,130.596
4052.3,130.753
4052.4,131.339
4052.5,132.011
4052.6,132.277
4052.7,132.426
4052.8,133.282
4052.9,134.662
4053,135.901
4053.1,135.872
4053.2,134.31
4053.3,131.588
4053.4,128.804
4053.5,127.172
4053.6,127.212
4053.7,129.821
4053.8,134.438
4053.9,138.982
4054,141.57
4054.1,141.08
4054.2,138.619
4054.3,135.828
4054.4,134.099
4054.5,133.301
4054.6,132.83
4054.7,132.362
4054.8,131.679
4054.9,130.683
4055,129.392
4055.1,128.49
4055.2,128.892
4055.3,130.526
4055.4,132.204
4055.5,133.017
4055.6,132.732
4055.7,131.692
4055.8,130.617
4055.9,129.938
4056,129.744
4056.1,129.78
4056.2,129.502
4056.3,128.302
4056.4,126.902
4056.5,126.06
4056.6,126.037
4056.7,126.265
4056.8,126.102
4056.9,125.066
4057,123.237
4057.1,121.433
4057.2,120.738
4057.3,122.246
4057.4,125.7
4057.5,130.143
4057.6,133.948
4057.7,136.318
4057.8,137.184
4057.9,136.041
4058,132.874
4058.1,128.118
4058.2,123.343
4058.3,120.429
4058.4,120.211
4058.5,122.505
4058.6,125.468
4058.7,127.467
4058.8,127.619
4058.9,125.466
4059,121.499
4059.1,116.623
4059.2,112.568
4059.3,110.631
4059.4,111.469
4059.5,115.473
4059.6,121.11
4059.7,126.797
4059.8,131.068
4059.9,133.56
4060,134.825
4060.1,135.695
4060.2,136.729
4060.3,137.573
4060.4,137.203
4060.5,134.984
4060.6,131.709
4060.7,128.545
4060.8,127.048
4060.9,127.225
4061,128.665
4061.1,130.754
4061.2,132.914
4061.3,134.897
4061.4,136.304
4061.5,136.91
4061.6,136.536
4061.7,134.882
4061.8,132.161
4061.9,129.262
4062,127.116
4062.1,126.125
4062.2,125.914
4062.3,126.211
4062.4,126.918
4062.5,127.951
4062.6,129.138
4062.7,130.054
4062.8,130.554
4062.9,130.507
4063,129.864
4063.1,129.416
4063.2,129.908
4063.3,131.719
4063.4,134.178
4063.5,136.116
4063.6,136.62
4063.7,135.657
4063.8,134.187
4063.9,133.055
4064,133.05
4064.1,133.812
4064.2,134.386
4064.3,133.942
4064.4,132.837
4064.5,131.908
4064.6,131.772
4064.7,132.065
4064.8,132.144
4064.9,132.182
4065,133.011
4065.1,135.022
4065.2,137.83
4065.3,139.593
4065.4,139.169
4065.5,136.707
4065.6,133.528
4065.7,131.251
4065.8,130.344
4065.9,130.557
4066,131.121
4066.1,131.807
4066.2,132.434
4066.3,132.776
4066.4,132.892
4066.5,132.91
4066.6,133.041
4066.7,133.505
4066.8,134.026
4066.9,133.879
4067,132.593
4067.1,129.942
4067.2,125.687
4067.3,120.469
4067.4,115.196
4067.5,111.495
4067.6,110.572
4067.7,112.884
4067.8,117.976
4067.9,124.022
4068,129.423
4068.1,133.123
4068.2,134.62
4068.3,134.392
4068.4,133.624
4068.5,133.883
4068.6,135.557
4068.7,137.89
4068.8,139.352
4068.9,138.911
4069,136.585
4069.1,133.284
4069.2,130.953
4069.3,130.797
4069.4,132.877
4069.5,135.425
4069.6,137.145
4069.7,137.901
4069.8,138.178
4069.9,138.154
4070,137.419
4070.1,135.59
4070.2,133.454
4070.3,131.826
4070.4,130.75
4070.5,129.786
4070.6,129.148
4070.7,129.522
4070.8,130.976
4070.9,132.924
4071,134.415
4071.1,135.179
4071.2,135.965
4071.3,137.67
4071.4,140.069
4071.5,142.006
4071.6,142.537
4071.7,141.8
4071.8,140.895
4071.9,140.185
4072,139.244
4072.1,137.877
4072.2,136.698
4072.3,136.819
4072.4,137.863
4072.5,138.424
4072.6,137.19
4072.7,134.513
4072.8,131.669
4072.9,129.854
4073,129.332
4073.1,129.465
4073.2,129.782
4073.3,129.896
4073.4,129.555
4073.5,128.829
4073.6,128.235
4073.7,128.272
4073.8,129.199
4073.9,130.848
4074,132.562
4074.1,134.035
4074.2,135.153
4074.3,135.972
4074.4,136.646
4074.5,137.338
4074.6,138.019
4074.7,138.366
4074.8,138.415
4074.9,138.662
4075,139.589
4075.1,141.095
4075.2,142.247
4075.3,141.908
4075.4,140.031
4075.5,137.799
4075.6,136.62
4075.7,136.876
4075.8,137.984
4075.9,139.017
4076,139.598
4076.1,139.872
4076.2,140.52
4076.3,141.795
4076.4,143.164
4076.5,143.509
4076.6,142.838
4076.7,142.047
4076.8,141.829
4076.9,141.717
4077,140.831
4077.1,138.296
4077.2,135.135
4077.3,132.779
4077.4,131.982
4077.5,131.9
4077.6,131.339
4077.7,129.779
4077.8,127.65
4077.9,126.223
4078,126.41
4078.1,127.841
4078.2,129.229
4078.3,130.254
4078.4,131.294
4078.5,132.216
4078.6,132.634
4078.7,132.074
4078.8,130.733
4078.9,129.327
4079,128.574
4079.1,128.211
4079.2,127.499
4079.3,125.923
4079.4,123.404
4079.5,120.472
4079.6,118.134
4079.7,117.073
4079.8,116.589
4079.9,116.08
4080,115.668
4080.1,115.775
4080.2,116.836
4080.3,118.991
4080.4,121.592
4080.5,124.202
4080.6,126.932
4080.7,129.739
4080.8,132.126
4080.9,133.983
4081,135.601
4081.1,137.152
4081.2,138.49
4081.3,139.399
4081.4,139.953
4081.5,140.157
4081.6,139.923
4081.7,139.219
4081.8,138.13
4081.9,136.657
4082,134.492
4082.1,131.431
4082.2,128.089
4082.3,125.715
4082.4,124.603
4082.5,123.973
4082.6,123.107
4082.7,122.325
4082.8,122.563
4082.9,124.619
4083,127.838
4083.1,131.394
4083.2,134.043
4083.3,135.157
4083.4,134.295
4083.5,131.557
4083.6,128.58
4083.7,126.84
4083.8,127.239
4083.9,129.388
4084,132.529
4084.1,136.114
4084.2,139.406
4084.3,141.714
4084.4,142.752
4084.5,142.508
4084.6,141.676
4084.7,140.736
4084.8,139.759
4084.9,138.512
4085,137.196
4085.1,136.281
4085.2,136.158
4085.3,136.866
4085.4,137.874
4085.5,138.021
4085.6,136.778
4085.7,134.509
4085.8,132.369
4085.9,131.307
4086,131.496
4086.1,132.235
4086.2,132.786
4086.3,132.821
4086.4,132.55
4086.5,132.673
4086.6,133.55
4086.7,135.115
4086.8,136.572
4086.9,137.304
4087,137.069
4087.1,136.261
4087.2,135.37
4087.3,134.44
4087.4,133.727
4087.5,133.364
4087.6,132.919
4087.7,132.197
4087.8,131.466
4087.9,130.965
4088,130.958
4088.1,131.414
4088.2,132.316
4088.3,133.656
4088.4,135.349
4088.5,136.927
4088.6,137.49
4088.7,136.687
4088.8,135.181
4088.9,133.679
4089,132.383
4089.1,130.949
4089.2,129.155
4089.3,127.292
4089.4,125.896
4089.5,125.233
4089.6,125.493
4089.7,126.314
4089.8,127.374
4089.9,128.359
4090,129.19
4090.1,130.409
4090.2,133.009
4090.3,136.866
4090.4,140.787
4090.5,143.508
4090.6,144.866
4090.7,145.332
4090.8,144.654
4090.9,142.3
4091,138.47
4091.1,133.986
4091.2,130.595
4091.3,129.13
4091.4,129.229
4091.5,130.264
4091.6,131.567
4091.7,132.448
4091.8,132.734
4091.9,132.917
4092,133.034
4092.1,132.345
4092.2,130.188
4092.3,127.38
4092.4,125.436
4092.5,126.299
4092.6,129.263
4092.7,132.309
4092.8,133.259
4092.9,132.27
4093,130.512
4093.1,129.33
4093.2,128.991
4093.3,129.153
4093.4,129.097
4093.5,128.394
4093.6,127.459
4093.7,127.075
4093.8,127.661
4093.9,128.297
4094,127.788
4094.1,125.575
4094.2,122.854
4094.3,120.91
4094.4,120.593
4094.5,121.456
4094.6,123.139
4094.7,125.372
4094.8,128.034
4094.9,130.944
4095,133.274
4095.1,133.628
4095.2,131.364
4095.3,127.127
4095.4,123.267
4095.5,121.739
4095.6,123.171
4095.7,126.997
4095.8,131.333
4095.9,134.99
4096,136.795
4096.1,136.847
4096.2,135.673
4096.3,134.129
4096.4,132.74
4096.5,131.23
4096.6,129.401
4096.7,127.37
4096.8,125.49
4096.9,124.244
4097,123.786
4097.1,123.511
4097.2,122.602
4097.3,120.874
4097.4,119.507
4097.5,119.531
4097.6,121.265
4097.7,122.962
4097.8,123.32
4097.9,122.367
4098,121.548
4098.1,121.689
4098.2,122.415
4098.3,123.112
4098.4,123.937
4098.5,125.538
4098.6,127.778
4098.7,129.117
4098.8,128.745
4098.9,127.55
4099,127.509
4099.1,129.413
4099.2,132.167
4099.3,133.561
4099.4,132.825
4099.5,130.796
4099.6,129.28
4099.7,128.979
4099.8,129.502
4099.9,129.506
4100,128.173
4100.1,125.762
4100.2,123.524
4100.3,122.515
4100.4,122.986
4100.5,124.575
4100.6,126.072
4100.7,126.657
4100.8,126.269
4100.9,125.701
4101,125.178
4101.1,124.316
4101.2,122.754
4101.3,120.756
4101.4,119.327
4101.5,119.161
4101.6,119.691
4101.7,120.163
4101.8,120.309
4101.9,120.381
4102,120.437
4102.1,120.76
4102.2,121.952
4102.3,124.495
4102.4,127.958
4102.5,130.542
4102.6,131.079
4102.7,129.406
4102.8,127.049
4102.9,125.706
4103,126.339
4103.1,128.332
4103.2,130.119
4103.3,130.378
4103.4,128.792
4103.5,126.965
4103.6,126.343
4103.7,127.352
4103.8,128.832
4103.9,130.14
4104,131.32
4104.1,132.163
4104.2,131.98
4104.3,130.293
4104.4,128.078
4104.5,126.723
4104.6,126.791
4104.7,127.529
4104.8,127.941
4104.9,127.99
4105,128
4105.1,128.036
4105.2,128.022
4105.3,128.36
4105.4,129.562
4105.5,131.574
4105.6,133.664
4105.7,134.86
4105.8,135.012
4105.9,134.777
4106,134.695
4106.1,134.639
4106.2,134.133
4106.3,133.33
4106.4,133.025
4106.5,133.833
4106.6,135.213
4106.7,135.738
4106.8,135.055
4106.9,134.335
4107,134.977
4107.1,137.054
4107.2,139.372
4107.3,140.281
4107.4,139.053
4107.5,135.919
4107.6,132.122
4107.7,128.778
4107.8,127.007
4107.9,127.076
4108,127.67
4108.1,127.495
4108.2,126.132
4108.3,124.285
4108.4,122.855
4108.5,122.627
4108.6,123.147
4108.7,123.727
4108.8,123.988
4108.9,124.393
4109,125.259
4109.1,126.64
4109.2,128.118
4109.3,129.467
4109.4,130.905
4109.5,132.765
4109.6,134.733
4109.7,135.999
4109.8,135.73
4109.9,134.223
4110,131.89
4110.1,129.184
4110.2,126.937
4110.3,125.688
4110.4,125.794
4110.5,126.781
4110.6,128.087
4110.7,129.534
4110.8,131.169
4110.9,132.836
4111,133.903
4111.1,133.63
4111.2,131.726
4111.3,128.529
4111.4,125.537
4111.5,124.246
4111.6,124.934
4111.7,127.021
4111.8,129.023
4111.9,130.569
4112,131.63
4112.1,132.115
4112.2,131.873
4112.3,131.197
4112.4,131.288
4112.5,132.636
4112.6,134.5
4112.7,135.533
4112.8,135.46
4112.9,134.664
4113,133.388
4113.1,132.053
4113.2,131.322
4113.3,132.589
4113.4,135.743
4113.5,139.278
4113.6,140.609
4113.7,139.513
4113.8,137.912
4113.9,137.632
4114,138.219
4114.1,137.849
4114.2,135.468
4114.3,131.934
4114.4,128.687
4114.5,126.37
4114.6,125.246
4114.7,125.537
4114.8,127.262
4114.9,129.78
4115,131.853
4115.1,133.185
4115.2,134.451
4115.3,136.26
4115.4,138.549
4115.5,140.752
4115.6,142.271
4115.7,142.597
4115.8,141.498
4115.9,139.804
4116,138.65
4116.1,138.794
4116.2,140.204
4116.3,141.436
4116.4,141.234
4116.5,138.992
4116.6,136.314
4116.7,135.102
4116.8,137.312
4116.9,141.932
4117,146.461
4117.1,148.87
4117.2,149.345
4117.3,149.078
4117.4,148.769
4117.5,148.189
4117.6,146.859
4117.7,145.269
4117.8,144.585
4117.9,144.804
4118,145.41
4118.1,145.916
4118.2,146.901
4118.3,149.132
4118.4,152.592
4118.5,155.494
4118.6,156.382
4118.7,155.305
4118.8,154.02
4118.9,153.879
4119,154.838
4119.1,155.105
4119.2,153.345
4119.3,149.725
4119.4,145.537
4119.5,142.409
4119.6,141.199
4119.7,142.009
4119.8,143.691
4119.9,145.062
4120,144.791
4120.1,142.814
4120.2,140.284
4120.3,139.007
4120.4,139.793
4120.5,142.178
4120.6,145.661
4120.7,149.64
4120.8,153.15
4120.9,154.969
4121,153.843
4121.1,150.446
4121.2,146.071
4121.3,142.389
4121.4,139.628
4121.5,137.552
4121.6,136.43
4121.7,136.217
4121.8,136.74
4121.9,137.804
4122,138.96
4122.1,140.13
4122.2,141.843
4122.3,144.391
4122.4,147.114
4122.5,149.162
4122.6,150.045
4122.7,150.102
4122.8,150.204
4122.9,151.387
4123,153.169
4123.1,154.527
4123.2,154.384
4123.3,152.646
4123.4,149.94
4123.5,147.196
4123.6,144.688
4123.7,141.724
4123.8,137.892
4123.9,134.302
4124,132.867
4124.1,134.882
4124.2,140.139
4124.3,145.61
4124.4,149.222
4124.5,149.866
4124.6,149.075
4124.7,148.197
4124.8,147.884
4124.9,147.908
4125,147.619
4125.1,146.555
4125.2,144.596
4125.3,142.142
4125.4,140.041
4125.5,138.97
4125.6,138.626
4125.7,138.581
4125.8,138.357
4125.9,137.235
4126,134.896
4126.1,131.967
4126.2,130.146
4126.3,130.563
4126.4,133.261
4126.5,136.445
4126.6,138.651
4126.7,139.707
4126.8,139.811
4126.9,138.739
4127,136.286
4127.1,133.304
4127.2,131.112
4127.3,129.726
4127.4,128.072
4127.5,125.803
4127.6,123.684
4127.7,123.361
4127.8,124.728
4127.9,127.163
4128,129.722
4128.1,131.19
4128.2,130.674
4128.3,127.587
4128.4,122.834
4128.5,117.901
4128.6,114.143
4128.7,112.107
4128.8,110.75
4128.9,109.401
4129,107.774
4129.1,106.095
4129.2,105.074
4129.3,106.216
4129.4,110.107
4129.5,116.556
4129.6,124.38
4129.7,131.088
4129.8,135.071
4129.9,136.029
4130,135.319
4130.1,134.314
4130.2,133.655
4130.3,133.141
4130.4,132.472
4130.5,131.618
4130.6,130.731
4130.7,130.356
4130.8,131.079
4130.9,133.507
4131,137.338
4131.1,142.093
4131.2,146.268
4131.3,147.69
4131.4,145.417
4131.5,139.889
4131.6,133.628
4131.7,128.782
4131.8,125.525
4131.9,122.542
4132,119.182
4132.1,115.855
4132.2,113.335
4132.3,112.16
4132.4,112.538
4132.5,113.934
4132.6,115.23
4132.7,115.808
4132.8,115.363
4132.9,114.352
4133,113.461
4133.1,112.89
4133.2,112.229
4133.3,111.343
4133.4,110.507
4133.5,110.213
4133.6,111.258
4133.7,114.393
4133.8,119.401
4133.9,124.522
4134,128.444
4134.1,130.504
4134.2,131.522
4134.3,132.541
4134.4,134.285
4134.5,135.829
4134.6,136.168
4134.7,135.131
4134.8,133.584
4134.9,132.51
4135,132.114
4135.1,131.483
4135.2,129.481
4135.3,125.873
4135.4,121.684
4135.5,117.86
4135.6,114.538
4135.7,111.636
4135.8,108.914
4135.9,106.319
4136,103.908
4136.1,101.849
4136.2,100.578
4136.3,100.984
4136.4,103.602
4136.5,107.557
4136.6,111.375
4136.7,113.952
4136.8,115.717
4136.9,117.478
4137,119.847
4137.1,122.305
4137.2,124.054
4137.3,124.371
4137.4,123.601
4137.5,122.453
4137.6,121.808
4137.7,121.981
4137.8,122.632
4137.9,123.495
4138,124.886
4138.1,127.008
4138.2,129.995
4138.3,132.946
4138.4,134.422
4138.5,133.871
4138.6,131.936
4138.7,130.49
4138.8,130.318
4138.9,130.977
4139,131.057
4139.1,129.736
4139.2,127.021
4139.3,123.681
4139.4,120.7
4139.5,118.863
4139.6,118.239
4139.7,117.893
4139.8,116.433
4139.9,112.798
4140,107.803
4140.1,102.725
4140.2,99.005
4140.3,96.984
4140.4,96.438
4140.5,96.61
4140.6,96.604
4140.7,96.224
4140.8,96.024
4140.9,96.479
4141,97.095
4141.1,96.959
4141.2,96.059
4141.3,95.419
4141.4,96.034
4141.5,97.597
4141.6,98.72
4141.7,98.865
4141.8,98.803
4141.9,100.214
4142,103.952
4142.1,109.399
4142.2,114.034
4142.3,116.297
4142.4,115.97
4142.5,114.423
4142.6,113.237
4142.7,113.357
4142.8,114.854
4142.9,117.389
4143,120.568
4143.1,123.654
4143.2,125.772
4143.3,125.966
4143.4,122.721
4143.5,116.331
4143.6,107.787
4143.7,98.99
4143.8,92.016
4143.9,87.515
4144,84.991
4144.1,83.026
4144.2,80.784
4144.3,78.149
4144.4,76.287
4144.5,76.71
4144.6,80.193
4144.7,86.224
4144.8,92.702
4144.9,98.134
4145,101.52
4145.1,102.742
4145.2,101.453
4145.3,97.505
4145.4,92.948
4145.5,89.675
4145.6,89.196
4145.7,90.813
4145.8,92.488
4145.9,92.854
4146,92.066
4146.1,91.749
4146.2,92.995
4146.3,95.617
4146.4,97.719
4146.5,97.591
4146.6,94.429
4146.7,89.77
4146.8,84.694
4146.9,79.575
4147,74.194
4147.1,68.809
4147.2,63.894
4147.3,59.73
4147.4,56.362
4147.5,54.034
4147.6,52.726
4147.7,52.01
4147.8,51.679
4147.9,51.721
4148,52.054
4148.1,52.512
4148.2,52.869
4148.3,53.361
4148.4,54.88
4148.5,58.777
4148.6,65.031
4148.7,72.904
4148.8,81.293
4148.9,88.609
4149,93.03
4149.1,92.442
4149.2,86.314
4149.3,77.093
4149.4,67.873
4149.5,61.315
4149.6,57.263
4149.7,54.493
4149.8,51.548
4149.9,48.29
4150,45.212
4150.1,42.98
4150.2,41.713
4150.3,41.375
4150.4,41.884
4150.5,42.548
4150.6,42.597
4150.7,41.384
4150.8,39.244
4150.9,37.34
4151,36.496
4151.1,37.087
4151.2,38.418
4151.3,39.735
4151.4,40.638
4151.5,41.485
4151.6,42.775
4151.7,44.868
4151.8,47.293
4151.9,49.153
4152,49.433
4152.1,48.006
4152.2,45.397
4152.3,42.497
4152.4,40.332
4152.5,39.179
4152.6,38.997
4152.7,39.457
4152.8,40.276
4152.9,42.061
4153,46.068
4153.1,51.642
4153.2,57.178
4153.3,60.039
4153.4,59.068
4153.5,54.995
4153.6,49.638
4153.7,44.99
4153.8,41.688
4153.9,39.69
4154,38.441
4154.1,37.313
4154.2,36.019
4154.3,34.523
4154.4,33.141
4154.5,32.259
4154.6,32.132
4154.7,32.453
4154.8,33.194
4154.9,34.531
4155,36.555
4155.1,39.342
4155.2,42.861
4155.3,46.702
4155.4,50.521
4155.5,54.562
4155.6,59.58
4155.7,65.578
4155.8,71.359
4155.9,74.044
4156,72.636
4156.1,68.037
4156.2,62.677
4156.3,58.813
4156.4,57.095
4156.5,57.088
4156.6,57.677
4156.7,58.318
4156.8,58.744
4156.9,58.765
4157,58.338
4157.1,57.178
4157.2,54.701
4157.3,51.085
4157.4,46.867
4157.5,42.962
4157.6,40.44
4157.7,40.3
4157.8,43.581
4157.9,49.166
4158,55.426
4158.1,60.105
4158.2,62.295
4158.3,62.747
4158.4,62.767
4158.5,62.91
4158.6,62.688
4158.7,61.041
4158.8,57.258
4158.9,51.979
4159,46.125
4159.1,41.034
4159.2,37.422
4159.3,35.5
4159.4,35.095
4159.5,35.329
4159.6,36.04
4159.7,37.186
4159.8,38.613
4159.9,40.164
4160,41.3
4160.1,41.719
4160.2,41.809
4160.3,42.098
4160.4,42.932
4160.5,44.192
4160.6,45.43
4160.7,45.863
4160.8,45.433
4160.9,44.581
4161,43.804
4161.1,43.54
4161.2,43.875
4161.3,44.486
4161.4,45.335
4161.5,46.665
4161.6,48.352
4161.7,49.678
4161.8,50.046
4161.9,49.337
4162,48.234
4162.1,47.462
4162.2,47.068
4162.3,46.696
4162.4,46.144
4162.5,45.492
4162.6,44.957
4162.7,44.65
4162.8,44.508
4162.9,44.421
4163,44.315
4163.1,44.331
4163.2,44.769
4163.3,45.791
4163.4,47.208
4163.5,48.594
4163.6,49.348
4163.7,49.309
4163.8,48.626
4163.9,47.831
4164,47.61
4164.1,48.323
4164.2,49.459
4164.3,50.084
4164.4,49.775
4164.5,48.599
4164.6,47.3
4164.7,46.359
4164.8,45.929
4164.9,46.052
4165,46.872
4165.1,48.188
4165.2,49.581
4165.3,50.778
4165.4,51.583
4165.5,51.942
4165.6,51.931
4165.7,51.692
4165.8,51.333
4165.9,50.97
4166,50.468
4166.1,49.285
4166.2,47.499
4166.3,45.492
4166.4,43.87
4166.5,43.1
4166.6,43.211
4166.7,44.156
4166.8,45.744
4166.9,47.963
4167,51.348
4167.1,56.924
4167.2,64.649
4167.3,73.962
4167.4,83.81
4167.5,93.089
4167.6,101.338
4167.7,107.71
4167.8,111.201
4167.9,111.101
4168,107.364
4168.1,101.402
4168.2,94.556
4168.3,87.779
4168.4,82.046
4168.5,77.857
4168.6,75.73
4168.7,76.315
4168.8,78.965
4168.9,83.14
4169,88.604
4169.1,94.573
4169.2,100.057
4169.3,103.924
4169.4,106.057
4169.5,107.35
4169.6,108.84
4169.7,111.006
4169.8,113.221
4169.9,114.938
4170,116.5
4170.1,118.672
4170.2,121.917
4170.3,125.876
4170.4,129.903
4170.5,133.707
4170.6,137.07
4170.7,139.903
4170.8,141.518
4170.9,140.343
4171,135.49
4171.1,127.486
4171.2,118.059
4171.3,109.612
4171.4,103.252
4171.5,99.193
4171.6,97.052
4171.7,95.946
4171.8,95.508
4171.9,95.957
4172,97.722
4172.1,101.25
4172.2,106.623
4172.3,112.227
4172.4,115.985
4172.5,115.211
4172.6,109.404
4172.7,100.196
4172.8,90.522
4172.9,83.521
4173,80.038
4173.1,79.364
4173.2,80.113
4173.3,81.527
4173.4,83.414
4173.5,85.494
4173.6,87.599
4173.7,89.656
4173.8,91.546
4173.9,93.479
4174,95.556
4174.1,97.784
4174.2,99.794
4174.3,100.482
4174.4,98.256
4174.5,92.951
4174.6,86.96
4174.7,83.515
4174.8,84.849
4174.9,89.371
4175,94.208
4175.1,95.861
4175.2,94.01
4175.3,90.174
4175.4,87.09
4175.5,85.954
4175.6,86.051
4175.7,86.008
4175.8,85.061
4175.9,83.783
4176,82.898
4176.1,82.075
4176.2,80.759
4176.3,79.259
4176.4,78.638
4176.5,79.193
4176.6,79.999
4176.7,79.25
4176.8,76.509
4176.9,72.44
4177,68.622
4177.1,66.098
4177.2,64.998
4177.3,65.094
4177.4,65.923
4177.5,67.361
4177.6,68.996
4177.7,69.913
4177.8,69.378
4177.9,67.448
4178,65.257
4178.1,64.038
4178.2,64.171
4178.3,64.953
4178.4,65.438
4178.5,65.735
4178.6,66.552
4178.7,68.21
4178.8,70.419
4178.9,72.47
4179,73.975
4179.1,75.407
4179.2,77.197
4179.3,78.614
4179.4,78.765
4179.5,77.601
4179.6,76.337
4179.7,76.483
4179.8,78.394
4179.9,81.083
4180,83.434
4180.1,85.645
4180.2,88.142
4180.3,90.29
4180.4,91.111
4180.5,89.981
4180.6,87.768
4180.7,85.734
4180.8,84.752
4180.9,84.919
4181,85.831
4181.1,87.058
4181.2,88.036
4181.3,88.977
4181.4,90.644
4181.5,94.15
4181.6,98.974
4181.7,103.625
4181.8,105.402
4181.9,103.534
4182,99.048
4182.1,93.697
4182.2,89.156
4182.3,86.041
4182.4,84.486
4182.5,84.078
4182.6,84.6
4182.7,85.98
4182.8,87.481
4182.9,88.102
4183,87.197
4183.1,84.67
4183.2,81.755
4183.3,79.75
4183.4,80.609
4183.5,84.307
4183.6,89.998
4183.7,97.119
4183.8,105.133
4183.9,113.808
4184,123.116
4184.1,132.886
4184.2,141.998
4184.3,149.002
4184.4,152.865
4184.5,153.303
4184.6,149.984
4184.7,143.003
4184.8,134.567
4184.9,126.169
4185,119.568
4185.1,115.383
4185.2,113.383
4185.3,113.207
4185.4,113.702
4185.5,113.16
4185.6,109.902
4185.7,104.213
4185.8,98.507
4185.9,95.005
4186,94.209
4186.1,93.941
4186.2,92.73
4186.3,90.765
4186.4,89.738
4186.5,90.794
4186.6,94.465
4186.7,99.7
4186.8,105.685
4186.9,111.724
4187,117.451
4187.1,122.743
4187.2,127.325
4187.3,130.839
4187.4,132.778
4187.5,132.665
4187.6,130.704
4187.7,128.336
4187.8,126.876
4187.9,127.038
4188,127.869
4188.1,128.199
4188.2,127.165
4188.3,125.492
4188.4,123.861
4188.5,122.112
4188.6,119.649
4188.7,116.421
4188.8,113.332
4188.9,111.927
4189,112.663
4189.1,115.01
4189.2,117.86
4189.3,120.381
4189.4,122.54
4189.5,124.401
4189.6,125.648
4189.7,125.763
4189.8,124.291
4189.9,121.849
4190,118.989
4190.1,116.119
4190.2,113.71
4190.3,111.982
4190.4,110.872
4190.5,110.014
4190.6,109.42
4190.7,109.345
4190.8,109.789
4190.9,110.369
4191,110.689
4191.1,110.839
4191.2,111.196
4191.3,111.423
4191.4,110.497
4191.5,108.587
4191.6,106.87
4191.7,106.322
4191.8,106.768
4191.9,107.452
4192,107.981
4192.1,108.92
4192.2,110.771
4192.3,113.452
4192.4,115.697
4192.5,116.542
4192.6,116.412
4192.7,117.073
4192.8,119.605
4192.9,123.93
4193,129.091
4193.1,134.2
4193.2,139.589
4193.3,145.982
4193.4,152.576
4193.5,157.788
4193.6,160.742
4193.7,161.789
4193.8,161.847
4193.9,161.207
4194,159.47
4194.1,156.814
4194.2,154.023
4194.3,152.32
4194.4,151.417
4194.5,150.201
4194.6,147.247
4194.7,142.634
4194.8,137.65
4194.9,133.675
4195,131.034
4195.1,128.727
4195.2,125.357
4195.3,120.613
4195.4,115.767
4195.5,112.705
4195.6,113.266
4195.7,116.998
4195.8,122.406
4195.9,126.691
4196,129.074
4196.1,130.15
4196.2,131.085
4196.3,132.298
4196.4,133.244
4196.5,133.461
4196.6,133.297
4196.7,133.107
4196.8,132.524
4196.9,130.75
4197,127.863
4197.1,124.688
4197.2,122.051
4197.3,119.951
4197.4,118.227
4197.5,117.388
4197.6,117.836
4197.7,119.789
4197.8,123.299
4197.9,127.288
4198,131.103
4198.1,134.492
4198.2,137.061
4198.3,138.357
4198.4,137.825
4198.5,135.564
4198.6,132.379
4198.7,128.73
4198.8,124.827
4198.9,120.769
4199,117.042
4199.1,114.578
4199.2,113.679
4199.3,114.274
4199.4,115.722
4199.5,117.318
4199.6,118.889
4199.7,120.447
4199.8,122.538
4199.9,125.843
4200,130.258
4200.1,134.385
4200.2,137.442
4200.3,139.785
4200.4,142.3
4200.5,145.534
4200.6,149.058
4200.7,151.67
4200.8,153.262
4200.9,154.6
4201,156.087
4201.1,157.156
4201.2,157.625
4201.3,157.682
4201.4,157.727
4201.5,158.137
4201.6,158.73
4201.7,158.624
4201.8,156.955
4201.9,153.538
4202,149.316
4202.1,145.972
4202.2,144.485
4202.3,144.821
4202.4,145.822
4202.5,146.919
4202.6,147.807
4202.7,148.145
4202.8,147.771
4202.9,146.632
4203,144.496
4203.1,141.134
4203.2,136.713
4203.3,132.516
4203.4,129.844
4203.5,129.018
4203.6,128.623
4203.7,126.649
4203.8,122.78
4203.9,118.959
4204,117.804
4204.1,120.324
4204.2,126.102
4204.3,132.309
4204.4,136.587
4204.5,137.984
4204.6,137.621
4204.7,136.885
4204.8,136.361
4204.9,136.125
4205,136.036
4205.1,135.93
4205.2,134.93
4205.3,132.352
4205.4,128.04
4205.5,122.659
4205.6,118.237
4205.7,116.253
4205.8,116.918
4205.9,118.197
4206,118.317
4206.1,116.483
4206.2,113.455
4206.3,110.869
4206.4,110.139
4206.5,111.578
4206.6,114.476
4206.7,118.22
4206.8,122.187
4206.9,126.43
4207,131.577
4207.1,138.195
4207.2,144.872
4207.3,149.677
4207.4,150.713
4207.5,148.237
4207.6,143.756
4207.7,138.873
4207.8,134.667
4207.9,131.329
4208,128.893
4208.1,127.268
4208.2,126.196
4208.3,125.521
4208.4,125.007
4208.5,124.426
4208.6,123.559
4208.7,121.912
4208.8,119.45
4208.9,116.826
4209,115.431
4209.1,115.74
4209.2,117.28
4209.3,119.461
4209.4,121.983
4209.5,125.039
4209.6,128.548
4209.7,131.752
4209.8,134.164
4209.9,136.177
4210,138.868
4210.1,142.568
4210.2,146.796
4210.3,149.933
4210.4,150.449
4210.5,147.82
4210.6,142.262
4210.7,135.521
4210.8,129.479
4210.9,125.833
4211,124.731
4211.1,125.371
4211.2,126.97
4211.3,128.819
4211.4,130.754
4211.5,133.298
4211.6,137.174
4211.7,141.779
4211.8,146.475
4211.9,150.675
4212,154.137
4212.1,156.896
4212.2,158.379
4212.3,157.781
4212.4,155.078
4212.5,151.106
4212.6,146.818
4212.7,142.294
4212.8,137.446
4212.9,133.091
4213,130.341
4213.1,129.656
4213.2,130.324
4213.3,130.551
4213.4,129.46
4213.5,127.046
4213.6,124.486
4213.7,122.756
4213.8,122.557
4213.9,123.557
4214,125.401
4214.1,127.818
4214.2,130.253
4214.3,132.015
4214.4,132.322
4214.5,131.158
4214.6,129.595
4214.7,128.746
4214.8,129.605
4214.9,131.799
4215,134.793
4215.1,137.508
4215.2,139.257
4215.3,140.218
4215.4,140.655
4215.5,141.099
4215.6,141.85
4215.7,142.834
4215.8,143.716
4215.9,144.331
4216,144.869
4216.1,145.798
4216.2,147.206
4216.3,148.693
4216.4,149.556
4216.5,149.903
4216.6,150.004
4216.7,149.944
4216.8,149.817
4216.9,150.019
4217,151.095
4217.1,152.637
4217.2,153.707
4217.3,153.323
4217.4,151.462
4217.5,149.156
4217.6,147.577
4217.7,147.55
4217.8,148.71
4217.9,150.37
4218,151.1
4218.1,150.12
4218.2,147.507
4218.3,143.894
4218.4,140.71
4218.5,139.157
4218.6,140.131
4218.7,142.591
4218.8,145.131
4218.9,146.852
4219,147.635
4219.1,148.158
4219.2,148.694
4219.3,149.372
4219.4,150.14
4219.5,150.713
4219.6,151.095
4219.7,151.108
4219.8,150.784
4219.9,150.66
4220,151.359
4220.1,153.04
4220.2,155.494
4220.3,158.373
4220.4,161.035
4220.5,163.032
4220.6,164.636
4220.7,166.196
4220.8,167.669
4220.9,168.446
4221,167.738
4221.1,165.337
4221.2,161.599
4221.3,157.491
4221.4,153.234
4221.5,149.095
4221.6,145.707
4221.7,144.055
4221.8,145.028
4221.9,147.965
4222,151.555
4222.1,154.639
4222.2,156.727
4222.3,158.187
4222.4,159.593
4222.5,160.901
4222.6,161.507
4222.7,160.934
4222.8,158.856
4222.9,156.203
4223,153.079
4223.1,148.99
4223.2,144.168
4223.3,139.468
4223.4,136.273
4223.5,135.085
4223.6,135.172
4223.7,135.127
4223.8,133.937
4223.9,132.396
4224,131.412
4224.1,131.331
4224.2,131.505
4224.3,131.508
4224.4,131.486
4224.5,132.086
4224.6,133.84
4224.7,136.81
4224.8,139.867
4224.9,142.016
4225,142.56
4225.1,141.478
4225.2,139.675
4225.3,138.302
4225.4,138.023
4225.5,138.715
4225.6,140.089
4225.7,141.523
4225.8,142.03
4225.9,141.332
4226,140.017
4226.1,139.255
4226.2,139.676
4226.3,140.971
4226.4,141.924
4226.5,142.352
4226.6,143.34
4226.7,145.66
4226.8,148.98
4226.9,152.432
4227,154.591
4227.1,154.659
4227.2,152.416
4227.3,148.2
4227.4,143.257
4227.5,138.899
4227.6,136.209
4227.7,134.792
4227.8,134.578
4227.9,135.517
4228,137.049
4228.1,138.756
4228.2,140.096
4228.3,140.823
4228.4,140.884
4228.5,140.183
4228.6,138.906
4228.7,137.552
4228.8,136.314
4228.9,134.874
4229,133.25
4229.1,131.389
4229.2,129.15
4229.3,127.175
4229.4,126.465
4229.5,128.591
4229.6,133.614
4229.7,139.987
4229.8,145.25
4229.9,148.047
4230,148.569
4230.1,147.469
4230.2,145.472
4230.3,143.176
4230.4,141.166
4230.5,139.793
4230.6,138.221
4230.7,135.692
4230.8,132.477
4230.9,130.162
4231,129.863
4231.1,132.502
4231.2,137.064
4231.3,142.043
4231.4,146.006
4231.5,147.873
4231.6,147.437
4231.7,145.46
4231.8,143.855
4231.9,143.876
4232,145.339
4232.1,147.209
4232.2,148.581
4232.3,149.454
4232.4,150.46
4232.5,151.94
4232.6,153.241
4232.7,153.097
4232.8,151.278
4232.9,148.476
4233,145.829
4233.1,144.267
4233.2,143.989
4233.3,144.795
4233.4,146.302
4233.5,148.237
4233.6,150.701
4233.7,153.527
4233.8,156.001
4233.9,157.614
4234,157.521
4234.1,155.86
4234.2,153.2
4234.3,150.871
4234.4,149.747
4234.5,149.42
4234.6,148.726
4234.7,146.668
4234.8,143.742
4234.9,141.371
4235,140.522
4235.1,140.577
4235.2,140.655
4235.3,140.743
4235.4,141.429
4235.5,142.665
4235.6,143.683
4235.7,143.75
4235.8,142.673
4235.9,141.426
4236,141.467
4236.1,143.186
4236.2,146.331
4236.3,149.955
4236.4,152.931
4236.5,154.435
4236.6,154.291
4236.7,152.887
4236.8,150.964
4236.9,149.729
4237,149.178
4237.1,148.377
4237.2,146.086
4237.3,142.888
4237.4,140.198
4237.5,139.883
4237.6,141.745
4237.7,144.556
4237.8,147.928
4237.9,151.646
4238,154.872
4238.1,156.348
4238.2,155.108
4238.3,152.226
4238.4,149.11
4238.5,147.08
4238.6,145.945
4238.7,145.023
4238.8,143.745
4238.9,141.982
4239,140.262
4239.1,139.654
4239.2,140.407
4239.3,141.745
4239.4,142.505
4239.5,141.871
4239.6,140.086
4239.7,138.09
4239.8,136.968
4239.9,136.772
4240,136.951
4240.1,136.893
4240.2,136.716
4240.3,137.22
4240.4,139.402
4240.5,142.17
4240.6,143.885
4240.7,143.345
4240.8,141.207
4240.9,138.926
4241,137.916
4241.1,138.629
4241.2,140.47
4241.3,142.727
4241.4,144.971
4241.5,146.558
4241.6,146.763
4241.7,144.132
4241.8,138.493
4241.9,131.444
4242,127.028
4242.1,127.668
4242.2,132.815
4242.3,139.96
4242.4,145.777
4242.5,148.984
4242.6,149.844
4242.7,149.183
4242.8,147.523
4242.9,145.38
4243,143.513
4243.1,142.271
4243.2,141.725
4243.3,141.544
4243.4,141.05
4243.5,140.094
4243.6,138.824
4243.7,137.578
4243.8,136.583
4243.9,135.681
4244,134.414
4244.1,132.883
4244.2,132.112
4244.3,132.719
4244.4,134.048
4244.5,135.474
4244.6,136.609
4244.7,137.369
4244.8,137.545
4244.9,137.083
4245,136.723
4245.1,137.382
4245.2,139.868
4245.3,142.931
4245.4,145.291
4245.5,146.633
4245.6,147.588
4245.7,148.571
4245.8,149.976
4245.9,151.971
4246,154.505
4246.1,156.745
4246.2,157.286
4246.3,156.299
4246.4,154.674
4246.5,153.44
4246.6,152.78
4246.7,152.535
4246.8,152.674
4246.9,152.764
4247,152.353
4247.1,151.016
4247.2,149.556
4247.3,148.967
4247.4,149.961
4247.5,152.569
4247.6,156.053
4247.7,159.143
4247.8,160.123
4247.9,158.458
4248,154.488
4248.1,149.878
4248.2,146.5
4248.3,144.927
4248.4,144.969
4248.5,145.337
4248.6,145.408
4248.7,145.279
4248.8,145.431
4248.9,145.988
4249,146.52
4249.1,146.464
4249.2,146.001
4249.3,146.134
4249.4,148.134
4249.5,151.786
4249.6,156.154
4249.7,159.845
4249.8,161.948
4249.9,162.039
4250,159.234
4250.1,153.958
4250.2,147.402
4250.3,141.822
4250.4,139.027
4250.5,138.815
4250.6,139.867
4250.7,140.862
4250.8,141.695
4250.9,142.903
4251,144.198
4251.1,144.853
4251.2,144.401
4251.3,142.825
4251.4,140.981
4251.5,139.444
4251.6,138.532
4251.7,137.927
4251.8,137.411
4251.9,136.885
4252,136.518
4252.1,136.891
4252.2,138.025
4252.3,139.004
4252.4,138.744
4252.5,136.445
4252.6,132.358
4252.7,128.046
4252.8,125.056
4252.9,124.668
4253,126.618
4253.1,130.355
4253.2,134.678
4253.3,138.351
4253.4,140.571
4253.5,140.677
4253.6,139.131
4253.7,136.86
4253.8,134.734
4253.9,133.587
4254,133.944
4254.1,135.927
4254.2,138.72
4254.3,140.862
4254.4,141.177
4254.5,139.265
4254.6,136.789
4254.7,135.185
4254.8,135.701
4254.9,137.943
4255,140.919
4255.1,143.129
4255.2,143.625
4255.3,142.949
4255.4,141.931
4255.5,141.074
4255.6,140.095
4255.7,138.451
4255.8,136.208
4255.9,134.325
4256,133.572
4256.1,133.97
4256.2,134.66
4256.3,135.103
4256.4,134.765
4256.5,134.058
4256.6,133.808
4256.7,134.399
4256.8,135.497
4256.9,137.011
4257,138.933
4257.1,140.663
4257.2,141.469
4257.3,140.672
4257.4,138.007
4257.5,134.417
4257.6,130.653
4257.7,127.203
4257.8,124.746
4257.9,124.441
4258,126.741
4258.1,129.548
4258.2,131.306
4258.3,132.106
4258.4,133.634
4258.5,136.688
4258.6,140.154
4258.7,141.668
4258.8,140.673
4258.9,138.338
4259,136.594
4259.1,136.037
4259.2,136.259
4259.3,136.488
4259.4,136.199
4259.5,135.255
4259.6,133.601
4259.7,131.831
4259.8,130.69
4259.9,131.057
4260,133.173
4260.1,136.267
4260.2,139.092
4260.3,140.692
4260.4,141.25
4260.5,141.219
4260.6,140.901
4260.7,140.476
4260.8,140.129
4260.9,140.555
4261,142.13
4261.1,144.486
4261.2,146.481
4261.3,147.25
4261.4,146.66
4261.5,144.868
4261.6,142.401
4261.7,139.75
4261.8,137.433
4261.9,135.895
4262,135.106
4262.1,135.027
4262.2,135.654
4262.3,136.929
4262.4,138.732
4262.5,140.386
4262.6,140.77
4262.7,139.189
4262.8,135.966
4262.9,132.597
4263,129.928
4263.1,128.107
4263.2,126.302
4263.3,124.082
4263.4,122.141
4263.5,121.86
4263.6,123.445
4263.7,126.171
4263.8,128.971
4263.9,131.34
4264,133.557
4264.1,136.165
4264.2,139.03
4264.3,141.556
4264.4,143.077
4264.5,143.657
4264.6,143.424
4264.7,142.514
4264.8,141.2
4264.9,139.706
4265,138.474
4265.1,138.04
4265.2,138.25
4265.3,138.568
4265.4,138.67
4265.5,138.673
4265.6,138.733
4265.7,139.249
4265.8,140.309
4265.9,141.708
4266,142.781
4266.1,142.727
4266.2,141.185
4266.3,138.476
4266.4,135.981
4266.5,134.755
4266.6,135.079
4266.7,136.121
4266.8,136.543
4266.9,135.667
4267,133.468
4267.1,131.223
4267.2,130.13
4267.3,130.722
4267.4,131.939
4267.5,133.133
4267.6,134.355
4267.7,135.921
4267.8,137.662
4267.9,139.053
4268,139.857
4268.1,140.643
4268.2,142.23
4268.3,144.863
4268.4,147.64
4268.5,148.995
4268.6,147.37
4268.7,143.513
4268.8,139.003
4268.9,136.594
4269,136.935
4269.1,139.184
4269.2,141.882
4269.3,144.487
4269.4,146.976
4269.5,149.019
4269.6,150.303
4269.7,150.645
4269.8,149.88
4269.9,148.082
4270,145.757
4270.1,143.712
4270.2,142.57
4270.3,141.769
4270.4,140.577
4270.5,139.268
4270.6,138.839
4270.7,139.717
4270.8,141.35
4270.9,142.328
4271,142.182
4271.1,141.523
4271.2,141.337
4271.3,142.001
4271.4,143.314
4271.5,144.639
4271.6,145.314
4271.7,144.682
4271.8,142.178
4271.9,138.448
4272,134.638
4272.1,132.283
4272.2,131.889
4272.3,133.056
4272.4,134.721
4272.5,136.65
4272.6,139.164
4272.7,141.903
4272.8,143.841
4272.9,144.973
4273,146.063
4273.1,147.744
4273.2,150.119
4273.3,152.556
4273.4,154.202
4273.5,154.88
4273.6,154.598
4273.7,153.705
4273.8,152.842
4273.9,152.081
4274,150.688
4274.1,148.263
4274.2,145.834
4274.3,145.112
4274.4,146.604
4274.5,148.944
4274.6,150.022
4274.7,148.487
4274.8,144.915
4274.9,140.651
4275,137.451
4275.1,135.901
4275.2,135.541
4275.3,134.996
4275.4,133.331
4275.5,130.389
4275.6,126.898
4275.7,123.851
4275.8,121.558
4275.9,120.207
4276,119.904
4276.1,120.604
4276.2,122.206
4276.3,124.641
4276.4,127.72
4276.5,131.26
4276.6,135.103
4276.7,138.706
4276.8,141.37
4276.9,142.794
4277,143.659
4277.1,144.309
4277.2,144.604
4277.3,144.419
4277.4,144.197
4277.5,144.57
4277.6,145.707
4277.7,146.977
4277.8,147.424
4277.9,146.664
4278,145.587
4278.1,145.266
4278.2,146.146
4278.3,147.336
4278.4,147.701
4278.5,145.921
4278.6,142.64
4278.7,138.837
4278.8,135.561
4278.9,133.695
4279,133.712
4279.1,135.094
4279.2,136.022
4279.3,135.034
4279.4,131.632
4279.5,127.15
4279.6,124.111
4279.7,123.881
4279.8,126.197
4279.9,129.34
4280,132.183
4280.1,133.906
4280.2,134.869
4280.3,135.429
4280.4,135.546
4280.5,135.161
4280.6,134.667
4280.7,134.596
4280.8,134.947
4280.9,135.24
4281,135.029
4281.1,134.337
4281.2,133.526
4281.3,133.027
4281.4,133.296
4281.5,134.656
4281.6,137.238
4281.7,140.325
4281.8,142.449
4281.9,142.81
4282,141.871
4282.1,141.237
4282.2,141.534
4282.3,142.112
4282.4,141.908
4282.5,141.122
4282.6,140.28
4282.7,139.644
4282.8,139.192
4282.9,139.121
4283,139.961
4283.1,141.699
4283.2,143.871
4283.3,145.218
4283.4,145.529
4283.5,145.494
4283.6,145.524
4283.7,145.292
4283.8,144.236
4283.9,142.17
4284,139.697
4284.1,137.896
4284.2,137.732
4284.3,139.483
4284.4,142.397
4284.5,145.522
4284.6,147.594
4284.7,148.348
4284.8,148.302
4284.9,148.251
4285,148.34
4285.1,148.026
4285.2,146.561
4285.3,144.399
4285.4,142.631
4285.5,142.155
4285.6,142.745
4285.7,143.608
4285.8,144.16
4285.9,144.102
4286,143.63
4286.1,142.862
4286.2,141.751
4286.3,140.672
4286.4,140.125
4286.5,140.174
4286.6,140.093
4286.7,138.949
4286.8,136.045
4286.9,132.388
4287,129.56
4287.1,128.567
4287.2,128.753
4287.3,129.019
4287.4,129.009
4287.5,129.139
4287.6,130.083
4287.7,131.989
4287.8,134.457
4287.9,136.925
4288,139.115
4288.1,140.476
4288.2,140.678
4288.3,139.767
4288.4,138.298
4288.5,137.219
4288.6,136.766
4288.7,136.659
4288.8,136.568
4288.9,136.27
4289,135.972
4289.1,136.108
4289.2,136.989
4289.3,138.734
4289.4,140.882
4289.5,142.344
4289.6,141.888
4289.7,139.048
4289.8,135.631
4289.9,133.37
4290,133.632
4290.1,135.703
4290.2,138.009
4290.3,139.055
4290.4,138.211
4290.5,136.314
4290.6,134.453
4290.7,133.835
4290.8,134.524
4290.9,135.953
4291,137.525
4291.1,138.929
4291.2,140.147
4291.3,140.936
4291.4,141.076
4291.5,140.595
4291.6,139.896
4291.7,139.828
4291.8,140.742
4291.9,142.516
4292,144.332
4292.1,145.468
4292.2,145.866
4292.3,146.161
4292.4,146.726
4292.5,147.471
4292.6,147.707
4292.7,147.259
4292.8,146.462
4292.9,145.519
4293,144.32
4293.1,142.764
4293.2,141.074
4293.3,139.526
4293.4,138.392
4293.5,138.155
4293.6,138.934
4293.7,140.338
4293.8,141.764
4293.9,142.727
4294,143.706
4294.1,145.043
4294.2,146.459
4294.3,147.118
4294.4,146.551
4294.5,144.803
4294.6,142.667
4294.7,140.878
4294.8,139.859
4294.9,139.337
4295,138.731
4295.1,137.68
4295.2,136.7
4295.3,136.552
4295.4,137.893
4295.5,140.541
4295.6,143.278
4295.7,145.323
4295.8,146.275
4295.9,146.474
4296,146.174
4296.1,145.331
4296.2,143.876
4296.3,141.987
4296.4,140.498
4296.5,140.355
4296.6,141.549
4296.7,143.26
4296.8,144.208
4296.9,144.113
4297,143.556
4297.1,143.42
4297.2,143.993
4297.3,144.878
4297.4,145.51
4297.5,145.585
4297.6,145.011
4297.7,143.879
4297.8,142.74
4297.9,142.234
4298,142.4
4298.1,142.56
4298.2,141.886
4298.3,140.017
4298.4,137.352
4298.5,134.77
4298.6,133.09
4298.7,132.733
4298.8,133.375
4298.9,134.419
4299,134.877
4299.1,134.322
4299.2,133.503
4299.3,133.867
4299.4,135.388
4299.5,137.114
4299.6,137.709
4299.7,136.815
4299.8,135.231
4299.9,134.185
4300,134.352
4300.1,135.386
4300.2,137.249
4300.3,139.398
4300.4,140.654
4300.5,140.482
4300.6,139.571
4300.7,139.066
4300.8,139.124
4300.9,139.704
4301,140.469
4301.1,141.362
4301.2,142.574
4301.3,143.995
4301.4,145.46
4301.5,147.144
4301.6,149.229
4301.7,151.047
4301.8,151.489
4301.9,149.645
4302,146.338
4302.1,142.77
4302.2,140.321
4302.3,139.415
4302.4,140.116
4302.5,141.972
4302.6,143.854
4302.7,144.99
4302.8,144.515
4302.9,142.52
4303,140.283
4303.1,139.097
4303.2,139.135
4303.3,139.342
4303.4,138.91
4303.5,137.705
4303.6,136.66
4303.7,136.666
4303.8,137.949
4303.9,139.26
4304,139.686
4304.1,138.858
4304.2,137.622
4304.3,137.094
4304.4,138.035
4304.5,139.61
4304.6,140.257
4304.7,139.047
4304.8,136.627
4304.9,134.659
4305,134.383
4305.1,135.848
4305.2,137.456
4305.3,138.182
4305.4,137.875
4305.5,137.393
4305.6,137.181
4305.7,137.286
4305.8,137.547
4305.9,137.832
4306,138.288
4306.1,139.002
4306.2,139.709
4306.3,139.98
4306.4,139.742
4306.5,139.034
4306.6,137.903
4306.7,136.851
4306.8,136.161
4306.9,135.79
4307,136.024
4307.1,136.868
4307.2,137.892
4307.3,138.196
4307.4,137.371
4307.5,135.655
4307.6,134.059
4307.7,133.424
4307.8,133.465
4307.9,133.758
4308,134.352
4308.1,135.363
4308.2,136.681
4308.3,137.888
4308.4,138.584
4308.5,138.724
4308.6,138.359
4308.7,137.572
4308.8,136.391
4308.9,135.164
4309,134.613
4309.1,134.914
4309.2,135.744
4309.3,136.493
4309.4,136.648
4309.5,136.098
4309.6,135.24
4309.7,134.658
4309.8,134.55
4309.9,135.01
4310,136.056
4310.1,137.126
4310.2,137.139
4310.3,136.182
4310.4,134.719
4310.5,133.77
4310.6,134.008
4310.7,134.853
4310.8,134.792
4310.9,133.21
4311,131.092
4311.1,129.882
4311.2,130.78
4311.3,133.397
4311.4,136.541
4311.5,138.921
4311.6,140.519
4311.7,141.919
4311.8,143.787
4311.9,145.991
4312,147.948
4312.1,148.939
4312.2,148.79
4312.3,147.547
4312.4,145.49
4312.5,143.497
4312.6,142.368
4312.7,142.472
4312.8,143.014
4312.9,143.073
4313,142.505
4313.1,141.822
4313.2,141.681
4313.3,141.988
4313.4,142.143
4313.5,141.79
4313.6,140.986
4313.7,140.284
4313.8,140.456
4313.9,141.647
4314,143.189
4314.1,144.344
4314.2,145.008
4314.3,145.134
4314.4,144.694
4314.5,143.6
4314.6,141.595
4314.7,139.337
4314.8,138.04
4314.9,138.191
4315,139.555
4315.1,141.012
4315.2,141.908
4315.3,141.897
4315.4,141.647
4315.5,141.561
4315.6,141.816
4315.7,142.558
4315.8,143.416
4315.9,143.667
4316,142.419
4316.1,139.927
4316.2,137.101
4316.3,135.239
4316.4,134.893
4316.5,135.765
4316.6,137.092
4316.7,138.254
4316.8,139.014
4316.9,139.347
4317,139.589
4317.1,139.892
4317.2,139.929
4317.3,139.36
4317.4,138.371
4317.5,137.329
4317.6,136.687
4317.7,136.697
4317.8,137.691
4317.9,140.051
4318,142.884
4318.1,144.743
4318.2,144.155
4318.3,141.732
4318.4,138.661
4318.5,136.374
4318.6,135.556
4318.7,135.935
4318.8,137.202
4318.9,138.701
4319,139.505
4319.1,139.153
4319.2,137.994
4319.3,136.877
4319.4,136.329
4319.5,136.419
4319.6,136.831
4319.7,137.34
4319.8,137.855
4319.9,137.902
4320,137.091
4320.1,135.561
4320.2,134.083
4320.3,133.369
4320.4,133.591
4320.5,134.304
4320.6,135.207
4320.7,136.373
4320.8,137.805
4320.9,138.953
4321,138.999
4321.1,137.38
4321.2,134.991
4321.3,132.792
4321.4,131.9
4321.5,132.59
4321.6,134.339
4321.7,135.844
4321.8,135.901
4321.9,134.532
4322,132.684
4322.1,131.947
4322.2,133.008
4322.3,135.055
4322.4,136.351
4322.5,136.375
4322.6,135.751
4322.7,135.488
4322.8,135.892
4322.9,136.91
4323,138.462
4323.1,140.427
4323.2,142.322
4323.3,142.85
4323.4,141.424
4323.5,138.952
4323.6,136.925
4323.7,136.185
4323.8,136.587
4323.9,137.57
4324,138.49
4324.1,139.178
4324.2,139.724
4324.3,140.629
4324.4,142.107
4324.5,143.717
4324.6,144.239
4324.7,143.149
4324.8,140.961
4324.9,139.001
4325,138.297
4325.1,138.744
4325.2,139.52
4325.3,139.75
4325.4,139.021
4325.5,137.424
4325.6,135.999
4325.7,135.585
4325.8,136.346
4325.9,137.62
4326,138.505
4326.1,138.691
4326.2,138.179
4326.3,137.589
4326.4,137.222
4326.5,137.375
4326.6,138.07
4326.7,138.842
4326.8,138.637
4326.9,137.072
4327,135.348
4327.1,134.628
4327.2,135.042
4327.3,135.624
4327.4,135.65
4327.5,135.03
4327.6,134.53
4327.7,134.548
4327.8,134.874
4327.9,135.005
4328,134.769
4328.1,133.986
4328.2,132.58
4328.3,130.699
4328.4,129.424
4328.5,129.991
4328.6,132.001
4328.7,134.188
4328.8,135.299
4328.9,135.534
4329,135.841
4329.1,136.664
4329.2,137.052
4329.3,136.381
4329.4,135.415
4329.5,135.259
4329.6,135.66
4329.7,135.579
4329.8,134.178
4329.9,131.713
4330,129.425
4330.1,128.502
4330.2,128.969
4330.3,130.02
4330.4,130.334
4330.5,129.654
4330.6,128.543
4330.7,128.037
4330.8,128.12
4330.9,128.254
4331,128.18
4331.1,127.989
4331.2,128.062
4331.3,128.431
4331.4,128.635
4331.5,128.821
4331.6,129.356
4331.7,130.373
4331.8,131.632
4331.9,132.896
4332,134.049
4332.1,135.219
4332.2,136.693
4332.3,138.04
4332.4,138.428
4332.5,137.873
4332.6,136.808
4332.7,135.959
4332.8,135.772
4332.9,136.337
4333,137.03
4333.1,137.319
4333.2,136.868
4333.3,135.837
4333.4,135.012
4333.5,134.963
4333.6,135.213
4333.7,134.569
4333.8,132.612
4333.9,129.992
4334,128.178
4334.1,128.265
4334.2,130.55
4334.3,133.408
4334.4,135.5
4334.5,136.088
4334.6,135.867
4334.7,136.032
4334.8,137.199
4334.9,138.65
4335,139.279
4335.1,138.564
4335.2,136.777
4335.3,134.994
4335.4,134.015
4335.5,134.303
4335.6,135.189
4335.7,136.009
4335.8,135.962
4335.9,135.396
4336,135.031
4336.1,135.105
4336.2,135.383
4336.3,135.674
4336.4,135.966
4336.5,136.399
4336.6,136.934
4336.7,137.243
4336.8,136.986
4336.9,136.521
4337,136.416
4337.1,137.306
4337.2,139.062
4337.3,141.157
4337.4,142.457
4337.5,142.459
4337.6,141.612
4337.7,141.025
4337.8,141.522
4337.9,142.762
4338,143.816
4338.1,143.795
4338.2,142.993
4338.3,142.356
4338.4,142.61
4338.5,143.192
4338.6,143.117
4338.7,141.663
4338.8,139.525
4338.9,137.601
4339,136.747
4339.1,136.969
4339.2,138.068
4339.3,139.707
4339.4,141.304
4339.5,142.517
4339.6,143.027
4339.7,142.839
4339.8,142.179
4339.9,141.297
4340,140.726
4340.1,140.899
4340.2,141.854
4340.3,142.84
4340.4,143.046
4340.5,142.483
4340.6,141.402
4340.7,140.189
4340.8,139.217
4340.9,138.801
4341,138.934
4341.1,139.412
4341.2,139.939
4341.3,139.813
4341.4,138.885
4341.5,137.876
4341.6,137.941
4341.7,139.26
4341.8,141.337
4341.9,142.874
4342,142.992
4342.1,142.251
4342.2,142.087
4342.3,142.775
4342.4,143.409
4342.5,142.831
4342.6,140.914
4342.7,138.406
4342.8,136.131
4342.9,134.644
4343,133.83
4343.1,133.66
4343.2,133.858
4343.3,133.77
4343.4,132.927
4343.5,131.435
4343.6,130.154
4343.7,129.64
4343.8,129.91
4343.9,130.259
4344,130.247
4344.1,129.899
4344.2,129.493
4344.3,129
4344.4,128.341
4344.5,127.683
4344.6,127.284
4344.7,127.346
4344.8,127.727
4344.9,128.265
4345,129.238
4345.1,130.909
4345.2,132.613
4345.3,133.587
4345.4,133.682
4345.5,133.581
4345.6,133.669
4345.7,134.017
4345.8,134.101
4345.9,133.646
4346,132.893
4346.1,132.417
4346.2,132.571
4346.3,133.259
4346.4,133.938
4346.5,133.859
4346.6,132.745
4346.7,131.218
4346.8,130.11
4346.9,129.769
4347,129.831
4347.1,129.285
4347.2,127.873
4347.3,126.011
4347.4,124.508
4347.5,123.692
4347.6,123.541
4347.7,123.785
4347.8,124.514
4347.9,125.864
4348,127.145
4348.1,127.569
4348.2,127.093
4348.3,126.138
4348.4,125.176
4348.5,124.395
4348.6,124.141
4348.7,124.618
4348.8,125.777
4348.9,127.026
4349,127.577
4349.1,127.462
4349.2,127.327
4349.3,127.863
4349.4,129.066
4349.5,130.614
4349.6,132.239
4349.7,133.596
4349.8,134.313
4349.9,134.323
4350,134.299
4350.1,134.867
4350.2,136.155
4350.3,137.415
4350.4,138.08
4350.5,138.322
4350.6,138.72
4350.7,139.357
4350.8,139.806
4350.9,139.545
4351,138.767
4351.1,137.926
4351.2,137.13
4351.3,136.074
4351.4,134.752
4351.5,133.177
4351.6,131.125
4351.7,128.685
4351.8,126.69
4351.9,125.658
4352,125.117
4352.1,124.159
4352.2,122.137
4352.3,119.693
4352.4,117.798
4352.5,116.785
4352.6,116.688
4352.7,118.059
4352.8,121.708
4352.9,126.548
4353,130.895
4353.1,132.578
4353.2,131.85
4353.3,130.203
4353.4,129.222
4353.5,129.293
4353.6,129.91
4353.7,130.545
4353.8,130.961
4353.9,131.181
4354,131.38
4354.1,131.66
4354.2,132.006
4354.3,132.56
4354.4,133.618
4354.5,134.783
4354.6,135.403
4354.7,134.828
4354.8,133.258
4354.9,131.218
4355,129.67
4355.1,128.979
4355.2,128.657
4355.3,127.998
4355.4,126.684
4355.5,125.009
4355.6,123.705
4355.7,123.808
4355.8,125.355
4355.9,127.594
4356,128.952
4356.1,128.833
4356.2,127.793
4356.3,127.032
4356.4,126.884
4356.5,126.883
4356.6,126.607
4356.7,126.775
4356.8,128.047
4356.9,130.037
4357,131.408
4357.1,131.621
4357.2,131.466
4357.3,132.22
4357.4,133.913
4357.5,136.081
4357.6,137.905
4357.7,138.812
4357.8,138.193
4357.9,135.409
4358,131.368
4358.1,127.608
4358.2,126.205
4358.3,127.298
4358.4,129.488
4358.5,130.91
4358.6,130.675
4358.7,129.541
4358.8,128.649
4358.9,128.725
4359,129.308
4359.1,129.934
4359.2,130.509
4359.3,131.254
4359.4,132.147
4359.5,132.668
4359.6,132.713
4359.7,132.725
4359.8,133.246
4359.9,134.128
4360,134.473
4360.1,133.121
4360.2,130.255
4360.3,127.611
4360.4,126.885
4360.5,128.343
4360.6,130.519
4360.7,132.372
4360.8,133.648
4360.9,134.831
4361,135.969
4361.1,136.501
4361.2,136.265
4361.3,135.553
4361.4,134.837
4361.5,134.136
4361.6,133.248
4361.7,132.322
4361.8,131.79
4361.9,131.725
4362,131.543
4362.1,130.66
4362.2,129.332
4362.3,128.21
4362.4,128.066
4362.5,128.802
4362.6,130.128
4362.7,131.515
4362.8,132.521
4362.9,133.141
4363,133.627
4363.1,134.384
4363.2,135.779
4363.3,137.665
4363.4,139.302
4363.5,140.248
4363.6,140.362
4363.7,139.682
4363.8,138.68
4363.9,138.07
4364,138.149
4364.1,138.144
4364.2,137.558
4364.3,136.492
4364.4,135.473
4364.5,134.315
4364.6,130.815
4364.7,121.94
4364.8,106.419
4364.9,85.435
4365,63.735
4365.1,45.881
4365.2,34.614
4365.3,30.505
4365.4,31.634
4365.5,37.418
4365.6,48.514
4365.7,63.707
4365.8,81.277
4365.9,97.85
4366,110.534
4366.1,118.325
4366.2,121.741
4366.3,123.388
4366.4,124.517
4366.5,124.49
4366.6,122.503
4366.7,118.563
4366.8,111.862
4366.9,100.608
4367,84.843
4367.1,66.243
4367.2,49.198
4367.3,37.179
4367.4,30.806
4367.5,28.743
4367.6,28.386
4367.7,28.811
4367.8,29.51
4367.9,30.051
4368,30.61
4368.1,31.982
4368.2,35.084
4368.3,40.178
4368.4,46.79
4368.5,53.475
4368.6,58.752
4368.7,61.384
4368.8,59.838
4368.9,54.779
4369,47.352
4369.1,39.517
4369.2,33.358
4369.3,29.874
4369.4,29.08
4369.5,29.659
4369.6,30.602
4369.7,31.497
4369.8,32.299
4369.9,32.946
4370,33.259
4370.1,33.02
4370.2,32.358
4370.3,31.771
4370.4,32.291
4370.5,34.58
4370.6,39.155
4370.7,46.427
4370.8,54.924
4370.9,62.24
4371,64.973
4371.1,62.118
4371.2,55.611
4371.3,48.998
4371.4,45.635
4371.5,45.596
4371.6,47.009
4371.7,47.171
4371.8,45.288
4371.9,42.059
4372,39.276
4372.1,38.443
4372.2,40.022
4372.3,43.424
4372.4,46.65
4372.5,48.268
4372.6,47.831
4372.7,46.982
4372.8,47.716
4372.9,50.743
4373,54.263
4373.1,55.897
4373.2,54.628
4373.3,51.933
4373.4,51.16
4373.5,55.149
4373.6,67.318
4373.7,85.429
4373.8,106.11
4373.9,122.543
4374,129.098
4374.1,123.569
4374.2,106.692
4374.3,84.861
4374.4,64.174
4374.5,49.121
4374.6,41.163
4374.7,38.04
4374.8,37.206
4374.9,36.61
4375,35.696
4375.1,34.888
4375.2,34.984
4375.3,35.738
4375.4,36.416
4375.5,36.308
4375.6,35.662
4375.7,35.074
4375.8,35.055
4375.9,35.704
4376,37.155
4376.1,40.389
4376.2,46.342
4376.3,53.514
4376.4,58.462
4376.5,57.807
4376.6,53.156
4376.7,47.644
4376.8,44.041
4376.9,41.653
4377,38.674
4377.1,34.273
4377.2,30.078
4377.3,27.29
4377.4,25.898
4377.5,25.143
4377.6,24.856
4377.7,25.154
4377.8,25.832
4377.9,26.44
4378,26.766
4378.1,27.517
4378.2,30.199
4378.3,35.758
4378.4,43.991
4378.5,52.436
4378.6,58.896
4378.7,60.613
4378.8,57.503
4378.9,50.811
4379,42.578
4379.1,35.534
4379.2,31.422
4379.3,30.632
4379.4,31.765
4379.5,33.379
4379.6,35.229
4379.7,38.149
4379.8,42.997
4379.9,49.884
4380,57.437
4380.1,62.869
4380.2,64.234
4380.3,60.314
4380.4,53.299
4380.5,46.248
4380.6,42.291
4380.7,41.799
4380.8,42.557
4380.9,41.948
4381,38.665
4381.1,34.022
4381.2,29.871
4381.3,27.646
4381.4,27.062
4381.5,27.549
4381.6,28.433
4381.7,29.034
4381.8,29.162
4381.9,29.094
4382,29.466
4382.1,30.607
4382.2,32.233
4382.3,33.52
4382.4,33.99
4382.5,33.63
4382.6,32.82
4382.7,31.963
4382.8,31.201
4382.9,30.629
4383,30.234
4383.1,29.838
4383.2,29.141
4383.3,28.281
4383.4,27.601
4383.5,27.496
4383.6,27.807
4383.7,28.111
4383.8,28.122
4383.9,28.15
4384,28.664
4384.1,30.026
4384.2,32.709
4384.3,37.255
4384.4,44.025
4384.5,52.728
4384.6,62.568
4384.7,73.476
4384.8,84.967
4384.9,95.348
4385,102.078
4385.1,101.889
4385.2,95.16
4385.3,84.147
4385.4,71.299
4385.5,58.723
4385.6,47.497
4385.7,38.548
4385.8,32.656
4385.9,29.918
4386,31.111
4386.1,37.455
4386.2,47.421
4386.3,58.552
4386.4,66.689
4386.5,71.46
4386.6,75.346
4386.7,83.213
4386.8,96.691
4386.9,113.372
4387,128.738
4387.1,138.962
4387.2,143.838
4387.3,144.878
4387.4,144.365
4387.5,143.633
4387.6,142.521
4387.7,139.993
4387.8,136.128
4387.9,132.097
4388,129.913
4388.1,129.594
4388.2,130.468
4388.3,131.293
4388.4,131.477
4388.5,131.403
4388.6,131.731
4388.7,132.7
4388.8,134.039
4388.9,135.384
4389,-999.25
4389.1,-999.25
4389.2,-999.25
4389.3,-999.25
4389.4,-999.25
4389.5,-999.25
4389.6,-999.25
4389.7,-999.25
4389.8,-999.25
4389.9,-999.25
4390,-999.25
4390.1,-999.25
4390.2,-999.25
4390.3,-999.25
4390.4,-999.25
4390.5,-999.25
4390.6,-999.25
4390.7,-999.25
4390.8,-999.25
4390.9,-999.25
4391,-999.25
4391.1,-999.25
4391.2,-999.25
4391.3,-999.25
4391.4,-999.25
4391.5,-999.25
4391.6,-999.25
4391.7,-999.25
4391.8,-999.25
4391.9,-999.25
4392,-999.25
4392.1,-999.25
4392.2,-999.25
4392.3,-999.25
4392.4,-999.25
4392.5,-999.25
4392.6,-999.25
4392.7,-999.25
4392.8,-999.25
4392.9,-999.25
4393,-999.25
4393.1,-999.25
4393.2,-999.25
4393.3,-999.25
4393.4,-999.25
4393.5,-999.25
4393.6,-999.25
4393.7,-999.25
4393.8,-999.25
4393.9,-999.25
4394,-999.25
4394.1,-999.25
4394.2,-999.25
4394.3,-999.25
4394.4,-999.25
4394.5,-999.25
4394.6,-999.25
4394.7,-999.25
4394.8,-999.25
4394.9,-999.25
4395,-999.25
4395.1,-999.25
4395.2,-999.25
4395.3,-999.25
4395.4,-999.25
4395.5,-999.25
4395.6,-999.25
4395.7,-999.25
4395.8,-999.25
4395.9,-999.25
4396,-999.25
4396.1,-999.25
4396.2,-999.25
4396.3,-999.25
4396.4,-999.25
4396.5,-999.25
4396.6,-999.25
4396.7,-999.25
4396.8,-999.25
4396.9,-999.25
4397,-999.25
4397.1,-999.25
4397.2,-999.25
4397.3,-999.25
4397.4,-999.25
4397.5,-999.25
4397.6,-999.25
4397.7,-999.25
4397.8,-999.25
4397.9,-999.25
4398,-999.25
4398.1,-999.25
4398.2,-999.25
4398.3,-999.25
4398.4,-999.25
4398.5,-999.25
4398.6,-999.25
4398.7,-999.25
4398.8,-999.25
4398.9,-999.25
4399,-999.25
4399.1,-999.25
4399.2,-999.25
4399.3,-999.25
4399.4,-999.25
4399.5,-999.25
4399.6,-999.25
4399.7,-999.25
4399.8,-999.25
4399.9,-999.25
4400,-999.25
4400.1,-999.25
4400.2,-999.25
4400.3,-999.25
4400.4,-999.25
4400.5,-999.25
4400.6,-999.25
4400.7,-999.25
4400.8,-999.25
4400.9,-999.25
4401,-999.25
4401.1,-999.25
4401.2,-999.25
4401.3,-999.25
4401.4,-999.25
4401.5,-999.25
4401.6,-999.25
4401.7,-999.25
4401.8,-999.25
4401.9,-999.25
4402,-999.25
4402.1,-999.25
4402.2,-999.25
4402.3,-999.25
4402.4,-999.25
4402.5,-999.25
4402.6,-999.25
4402.7,-999.25
4402.8,-999.25
4402.9,-999.25
4403,-999.25
4403.1,-999.25
4403.2,-999.25
4403.3,-999.25
4403.4,-999.25
4403.5,-999.25
4403.6,-999.25
4403.7,-999.25
4403.8,-999.25
4403.9,-999.25
4404,-999.25
4404.1,-999.25
4404.2,-999.25
4404.3,-999.25
4404.4,-999.25
4404.5,-999.25
4404.6,-999.25
4404.7,-999.25
4404.8,-999.25
4404.9,-999.25
4405,-999.25
4405.1,-999.25
4405.2,-999.25
4405.3,-999.25
4405.4,-999.25
4405.5,-999.25
4405.6,-999.25
4405.7,-999.25
4405.8,-999.25
4405.9,-999.25
4406,-999.25
4406.1,-999.25
4406.2,-999.25
4406.3,-999.25
4406.4,-999.25
4406.5,-999.25
4406.6,-999.25
4406.7,-999.25
4406.8,-999.25
4406.9,-999.25
4407,-999.25
4407.1,-999.25
4407.2,-999.25
4407.3,-999.25
4407.4,-999.25
4407.5,-999.25
4407.6,-999.25
4407.7,-999.25
4407.8,-999.25
4407.9,-999.25
4408,-999.25
4408.1,-999.25
4408.2,-999.25
4408.3,-999.25
4408.4,-999.25
4408.5,-999.25
4408.6,-999.25
4408.7,-999.25
4408.8,-999.25
4408.9,-999.25
4409,-999.25
4409.1,-999.25
4409.2,-999.25
4409.3,-999.25
4409.4,-999.25
4409.5,-999.25
4409.6,-999.25
4409.7,-999.25
4409.8,-999.25
4409.9,-999.25
4410,-999.25
4410.1,-999.25
4410.2,-999.25
4410.3,-999.25
4410.4,-999.25
4410.5,-999.25
4410.6,-999.25
4410.7,-999.25
4410.8,-999.25
4410.9,-999.25
4411,-999.25
4411.1,-999.25
4411.2,-999.25
4411.3,-999.25
4411.4,-999.25
4411.5,-999.25
4411.6,-999.25
4411.7,-999.25
4411.8,-999.25
4411.9,-999.25
4412,-999.25
4412.1,-999.25
4412.2,-999.25
