DEPT,GR
89.4588,5.504
89.6112,5.043
89.7636,5.946
89.916,6.872
90.0684,7.79
90.2208,8.282
90.3732,8.306
90.5256,7.384
90.678,6.45
90.8304,5.977
90.9828,6.907
91.1352,7.36
91.2876,7.809
91.44,6.419
91.5924,5.501
91.7448,4.122
91.8972,5.04
92.0496,6.887
92.202,6.887
92.3544,5.055
92.5068,3.684
92.6592,4.629
92.8116,6.016
92.964,6.012
93.1164,4.618
93.2688,5.989
93.4212,5.958
93.5736,6.864
93.726,5.024
93.8784,4.586
94.0308,5.524
94.1832,6.438
94.3356,6.442
94.488,5.059
94.6404,5.071
94.7928,5.993
94.9452,7.356
95.0976,6.884
95.25,7.782
95.4024,7.79
95.5548,7.329
95.7072,5.504
95.8596,6.426
96.012,5.969
96.1644,6.891
96.3168,5.52
96.4692,6.446
96.6216,6.446
96.774,5.969
96.9264,5.504
97.0788,5.036
97.2312,5.032
97.3836,4.579
97.536,4.586
97.6884,4.618
97.8408,5.544
97.9932,6.016
98.1456,5.536
98.298,6.001
98.4504,6.907
98.6028,8.266
98.7552,8.251
98.9076,7.782
99.06,7.317
99.2124,6.403
99.3648,5.942
99.5172,5.973
99.6696,6.45
99.822,5.547
99.9744,5.547
100.1268,7.88
100.2792,8.337
100.4316,7.407
100.584,4.137
100.7364,5.028
100.8888,5.016
101.0412,5.95
101.1936,5.501
101.346,7.368
101.4984,6.907
101.6508,6.907
101.8032,6.426
101.9556,6.88
102.108,5.977
102.2604,5.497
102.4128,5.954
102.5652,7.302
102.7176,6.391
102.87,5.473
103.0224,5.504
103.1748,6.442
103.3272,7.403
103.4796,6.942
103.632,5.555
103.7844,4.606
103.9368,4.149
104.0892,4.602
104.2416,6.419
104.394,6.411
104.5464,7.329
104.6988,6.876
104.8512,6.411
105.0036,6.907
105.156,7.391
105.3084,7.868
105.4608,6.919
105.6132,6.462
105.7656,6.45
105.918,7.813
106.0704,5.934
106.2228,6.391
106.3752,6.407
106.5276,8.243
106.68,6.868
106.8324,5.954
106.9848,5.547
107.1372,6.001
107.2896,6.458
107.442,5.508
107.5944,7.813
107.7468,6.891
107.8992,7.352
108.0516,5.946
108.204,6.395
108.3564,5.922
108.5088,6.411
108.6612,6.923
108.8136,7.872
108.966,8.337
109.1184,7.848
109.2708,8.29
109.4232,7.36
109.5756,6.895
109.728,8.227
109.8804,7.309
110.0328,6.848
110.1852,5.051
110.3376,6.434
110.49,8.743
110.6424,8.29
110.7948,9.212
110.9472,7.384
111.0996,8.313
111.252,7.384
111.4044,8.298
111.5568,7.809
111.7092,7.802
111.8616,6.856
112.014,6.407
112.1664,6.86
112.3188,6.43
112.4712,6.891
112.6236,6.919
112.776,6.907
112.9284,7.829
113.0808,6.903
113.2332,7.817
113.3856,7.798
113.538,7.317
113.6904,8.22
113.8428,7.77
113.9952,7.321
114.1476,6.419
114.3,5.059
114.4524,8.29
114.6048,8.743
114.7572,10.13
114.9096,6.438
115.062,5.532
115.2144,5.528
115.3668,8.266
115.5192,9.165
115.6716,7.79
115.824,6.415
115.9764,7.348
116.1288,8.727
116.2812,8.29
116.4336,7.813
116.586,6.895
116.7384,7.352
116.8908,5.989
117.0432,6.907
117.1956,7.341
117.348,7.809
117.5004,10.06
117.6528,10.07
117.8052,10.51
117.9576,8.743
118.11,9.665
118.2624,8.751
118.4148,7.348
118.5672,6.919
118.7196,7.403
118.872,8.29
119.0244,7.329
119.1768,7.294
119.3292,5.934
119.4816,5.489
119.634,5.504
119.7864,7.36
119.9388,8.298
120.0912,10.13
120.2436,9.657
120.396,9.642
120.5484,10.59
120.7008,11.5
120.8532,11.95
121.0056,9.626
121.158,8.696
121.3104,7.77
121.4628,7.782
121.6152,6.884
121.7676,7.852
121.92,7.86
122.0724,10.63
122.2248,10.17
122.3772,8.798
122.5296,5.563
122.682,5.079
122.8344,5.52
122.9868,6.423
123.1392,8.712
123.2916,9.618
123.444,10.09
123.5964,8.735
123.7488,9.196
123.9012,8.274
124.0536,9.204
124.206,7.821
124.3584,8.735
124.5108,6.88
124.6632,7.352
124.8156,7.309
124.968,6.86
125.1204,8.673
125.2728,8.743
125.4252,9.212
125.5776,9.22
125.73,8.282
125.8824,8.743
126.0348,7.845
126.1872,10.15
126.3396,8.743
126.492,7.809
126.6444,6.868
126.7968,7.317
126.9492,7.325
127.1016,7.352
127.254,6.923
127.4064,6.938
127.5588,6.477
127.7112,6.465
127.8636,7.391
128.016,6.926
128.1684,8.29
128.3208,7.802
128.4732,7.786
128.6256,9.579
128.778,10.05
128.9304,10.97
129.0828,9.188
129.2352,7.821
129.3876,6.903
129.54,6.899
129.6924,6.911
129.8448,7.372
129.9972,6.899
130.1496,8.72
130.302,8.704
130.4544,8.704
130.6068,7.321
130.7592,7.348
130.9116,7.36
131.064,7.376
131.2164,9.665
131.3688,9.665
131.5212,9.204
131.6736,6.915
131.826,6.438
131.9784,7.348
132.1308,6.856
132.2832,6.403
132.4356,6.841
132.588,6.415
132.7404,6.446
132.8928,6.497
133.0452,7.403
133.1976,8.313
133.35,7.845
133.5024,6.923
133.6548,7.821
133.8072,8.274
133.9596,8.251
134.112,8.243
134.2644,7.774
134.4168,9.181
134.5692,7.364
134.7216,6.923
134.874,5.989
135.0264,8.29
135.1788,9.649
135.3312,10.55
135.4836,9.618
135.636,8.251
135.7884,6.423
135.9408,6.407
136.0932,6.395
136.2456,6.852
136.398,6.411
136.5504,6.45
136.7028,8.782
136.8552,8.782
137.0076,8.782
137.16,6.465
137.3124,6.005
137.4648,7.36
137.6172,7.813
137.7696,8.727
137.922,6.903
138.0744,7.384
138.2268,6.934
138.3792,9.267
138.5316,9.728
138.684,9.712
138.8364,7.833
138.9888,6.434
139.1412,8.259
139.2936,9.157
139.446,8.696
139.5984,8.22
139.7508,7.321
139.9032,8.235
140.0556,6.884
140.208,5.055
140.3604,5.969
140.5128,5.504
140.6652,7.344
140.8176,6.923
140.97,6.93
141.1224,7.387
141.2748,6.887
141.4272,7.802
141.5796,6.423
141.732,7.372
141.8844,5.993
142.0368,7.856
142.1892,6.458
142.3416,6.923
142.494,6.001
142.6464,6.93
142.7988,8.313
142.9512,6.911
143.1036,7.348
143.256,5.958
143.4084,8.251
143.5608,7.798
143.7132,7.344
143.8656,7.364
144.018,7.372
144.1704,9.173
144.3228,9.165
144.4752,10.09
144.6276,9.235
144.78,9.673
144.9324,8.727
145.0848,8.704
145.2372,8.251
145.3896,7.786
145.542,6.872
145.6944,6.911
145.8468,8.298
145.9992,8.767
146.1516,8.751
146.304,7.829
146.4564,9.204
146.6088,7.833
146.7612,8.712
146.9136,8.704
147.066,9.142
147.2184,8.243
147.3708,6.88
147.5232,7.352
147.6756,6.458
147.828,8.274
147.9804,8.29
148.1328,8.759
148.2852,7.872
148.4376,7.864
148.59,7.384
148.7424,5.981
148.8948,5.043
149.0472,5.958
149.1996,8.751
149.352,10.61
149.5044,9.251
149.6568,8.298
149.8092,5.524
149.9616,6.923
150.114,5.09
150.2664,7.403
150.4188,6.442
150.5712,7.368
150.7236,5.962
150.876,6.43
151.0284,7.325
151.1808,8.72
151.3332,8.274
151.4856,7.38
151.638,5.993
151.7904,7.845
151.9428,7.845
152.0952,9.212
152.2476,8.727
152.4,9.165
152.5524,7.809
152.7048,8.235
152.8572,8.259
153.0096,10.57
153.162,9.259
153.3144,7.868
153.4668,7.368
153.6192,7.798
153.7716,9.665
153.924,9.235
154.0764,10.15
154.2288,9.204
154.3812,8.704
154.5336,8.681
154.686,8.673
154.8384,6.872
154.9908,6.469
155.1432,6.946
155.2956,7.86
155.448,7.391
155.6004,7.368
155.7528,9.696
155.9052,9.22
156.0576,10.6
156.21,8.259
156.3624,7.333
156.5148,5.489
156.6672,5.969
156.8196,6.915
156.972,6.911
157.1244,7.376
157.2768,7.356
157.4292,8.782
157.5816,7.86
157.734,8.774
157.8864,7.805
158.0388,8.259
158.1912,6.864
158.3436,6.88
158.496,6.43
158.6484,7.848
158.8008,7.845
158.9532,8.759
159.1056,7.802
159.258,7.809
159.4104,8.259
159.5628,7.809
159.7152,8.259
159.8676,8.696
160.02,9.142
160.1724,10.05
160.3248,9.61
160.4772,8.72
160.6296,5.516
160.782,4.614
160.9344,5.52
161.0868,7.372
161.2392,7.825
161.3916,8.29
161.544,7.79
161.6964,7.762
161.8488,6.376
162.0012,6.856
162.1536,6.45
162.306,8.306
162.4584,8.798
162.6108,7.384
162.7632,6.458
162.9156,5.985
163.068,6.462
163.2204,7.837
163.3728,7.805
163.5252,8.704
163.6776,8.212
163.83,7.317
163.9824,7.786
164.1348,5.985
164.2872,6.465
164.4396,6.923
164.592,7.384
164.7444,7.825
164.8968,8.266
165.0492,9.61
165.2016,8.673
165.354,7.274
165.5064,5.465
165.6588,7.727
165.8112,8.657
165.9636,10.48
166.116,8.704
166.2684,7.798
166.4208,6.423
166.5732,6.899
166.7256,6.454
166.878,7.837
167.0304,6.907
167.1828,7.341
167.3352,6.872
167.4876,7.778
167.64,7.333
167.7924,7.809
167.9448,7.845
168.0972,8.767
168.2496,8.29
168.402,8.259
168.5544,8.688
168.7068,8.235
168.8592,6.856
169.0116,5.938
169.164,4.555
169.3164,5.481
169.4688,5.055
169.6212,5.981
169.7736,5.532
169.926,5.52
170.0784,5.973
170.2308,7.329
170.3832,9.126
170.5356,7.755
170.688,7.317
170.8404,6.446
170.9928,6.438
171.1452,7.352
171.2976,7.817
171.45,9.22
171.6024,7.876
171.7548,6.954
171.9072,6.93
172.0596,8.274
172.212,8.72
172.3644,8.72
172.5168,8.251
172.6692,9.157
172.8216,11
172.974,9.181
173.1264,8.282
173.2788,7.352
173.4312,7.837
173.5836,7.376
173.736,7.86
173.8884,9.204
174.0408,8.735
174.1932,9.649
174.3456,9.196
174.498,10.13
174.6504,7.805
174.8028,6.884
174.9552,6.841
175.1076,5.942
175.26,8.313
175.4124,7.895
175.5648,9.712
175.7172,8.259
175.8696,9.157
176.022,8.251
176.1744,7.352
176.3268,7.778
176.4792,9.626
176.6316,9.149
176.784,7.813
176.9364,8.274
177.0888,8.29
177.2412,7.845
177.3936,5.075
177.546,6.005
177.6984,5.079
177.8508,4.645
178.0032,5.086
178.1556,6.919
178.308,7.341
178.4604,6.43
178.6128,5.497
178.7652,6.899
178.9176,6.911
179.07,6.462
179.2224,6.891
179.3748,5.946
179.5272,9.173
179.6796,8.735
179.832,9.657
179.9844,7.805
180.1368,7.77
180.2892,10.07
180.4416,11.86
180.594,10.97
180.7464,9.142
180.8988,7.399
181.0512,6.907
181.2036,8.298
181.356,8.329
181.5084,8.391
181.6608,8.86
181.8132,8.352
181.9656,8.782
182.118,6.442
182.2704,6.403
182.4228,8.688
182.5752,9.173
182.7276,9.204
182.88,8.235
183.0324,10.93
183.1848,11.76
183.3372,11.77
183.4896,11.29
183.642,10.85
183.7944,10.37
183.9468,7.188
184.0992,5.84
184.2516,5.387
184.404,7.247
184.5564,9.11
184.7088,9.649
184.8612,8.735
185.0136,7.829
185.166,6.88
185.3184,5.04
185.4708,5.907
185.6232,8.556
185.7756,11.27
185.928,12.14
186.0804,9.462
186.2328,9.899
186.3852,9.001
186.5376,10.8
186.69,11.7
186.8424,13.54
186.9948,13.53
187.1472,12.18
187.2996,9.446
187.452,8.985
187.6044,11.23
187.7568,14.85
187.9092,14.88
188.0616,15.35
188.214,13.13
188.3664,11.3
188.5188,10.4
188.6712,8.548
188.8236,8.548
188.976,6.301
189.1284,6.321
189.2808,8.118
189.4332,10.38
189.5856,12.61
189.738,12.18
189.8904,9.478
190.0428,9.485
190.1952,10.39
190.3476,13.08
190.5,12.2
190.6524,12.23
190.8048,10.87
190.9572,10.87
191.1096,10.34
191.262,10.79
191.4144,11.67
191.5668,10.34
191.7192,8.11
191.8716,8.157
192.024,8.618
192.1764,9.97
192.3288,7.68
192.4812,8.134
192.6336,6.321
192.786,7.688
192.9384,8.556
193.0908,13.07
193.2432,13.04
193.3956,10.81
193.548,7.657
193.7004,7.231
193.8528,8.126
194.0052,7.68
194.1576,9.985
194.31,10.89
194.4624,10.88
194.6148,9.001
194.7672,7.626
194.9196,7.618
195.072,8.97
195.2244,9.446
195.3768,10.36
195.5292,8.595
195.6816,9.017
195.834,9.048
195.9864,10.77
196.1388,8.97
196.2912,8.501
196.4436,6.766
196.596,8.118
196.7484,9.454
196.9008,11.74
197.0532,12.19
197.2056,10.41
197.358,8.134
197.5104,8.126
197.6628,8.571
197.8152,9.915
197.9676,10.84
198.12,11.73
198.2724,10.83
198.4248,9.001
198.5772,8.095
198.7296,8.102
198.882,8.595
199.0344,8.626
199.1868,8.173
199.3392,8.602
199.4916,10.82
199.644,13.1
199.7964,13.98
199.9488,14.45
200.1012,13.09
200.2536,14.04
200.406,12.7
200.5584,13.13
200.7108,10.4
200.8632,9.946
201.0156,10.89
201.168,12.23
201.3204,12.22
201.4728,10.39
201.6252,10.38
201.7776,10.39
201.93,11.27
202.0824,10.81
202.2348,9.892
202.3872,7.63
202.5396,9.032
202.692,9.056
202.8444,10.9
202.9968,9.954
203.1492,9.032
203.3016,8.532
203.454,9.915
203.6064,12.65
203.7588,13.58
203.9112,10.85
204.0636,11.29
204.216,11.77
204.3684,14.01
204.5208,14.45
204.6732,14.43
204.8256,14
204.978,12.22
205.1304,11.34
205.2828,11.37
205.4352,11.35
205.5876,12.23
205.74,13.98
205.8924,15.34
206.0448,14.43
206.1972,12.66
206.3496,10.86
206.502,12.16
206.6544,13.06
206.8068,13.96
206.9592,13.11
207.1116,13.51
207.264,15.35
207.4164,14.89
207.5688,14.02
207.7212,11.7
207.8736,12.6
208.026,11.27
208.1784,12.67
208.3308,11.33
208.4832,12.22
208.6356,10.86
208.788,10.85
208.9404,10.41
209.0928,12.21
209.2452,10.84
209.3976,9.47
209.55,7.2
209.7024,8.571
209.8548,10.41
210.0072,9.548
210.1596,10.9
210.312,9.517
210.4644,9.47
210.6168,8.11
210.7692,10.82
210.9216,13.09
211.074,14.88
211.2264,13.04
211.3788,12.59
211.5312,10.38
211.6836,8.579
211.836,8.571
211.9884,10.8
212.1408,11.73
212.2932,11.3
212.4456,9.978
212.598,9.978
212.7504,10.4
212.9028,9.485
213.0552,11.23
213.2076,11.22
213.36,12.59
213.5124,10.38
213.6648,9.524
213.8172,7.708
213.9696,9.509
214.122,9.017
214.2744,11.26
214.4268,10.36
214.5792,11.3
214.7316,10.41
214.884,10.4
215.0364,11.28
215.1888,9.938
215.3412,11.32
215.4936,9.087
215.646,9.978
215.7984,9.048
215.9508,9.478
216.1032,9.04
216.2556,9.04
216.408,9.954
216.5604,12.18
216.7128,11.73
216.8652,10.38
217.0176,9.024
217.17,10.39
217.3224,9.485
217.4748,8.173
217.6272,7.684
217.7796,9.907
217.932,10.33
218.0844,8.079
218.2368,8.985
218.3892,9.454
218.5416,10.8
218.694,8.11
218.8464,9.001
218.9988,7.653
219.1512,8.993
219.3036,7.657
219.456,11.26
219.6084,10.84
219.7608,12.6
219.9132,10.84
220.0656,10.8
220.218,9.923
220.3704,9.899
220.5228,11.73
220.6752,11.27
220.8276,12.23
220.98,10.42
221.1324,10.41
221.2848,9.001
221.4372,10.34
221.5896,10.37
221.742,10.87
221.8944,9.524
222.0468,8.149
222.1992,7.677
222.3516,9.017
222.504,11.32
222.6564,11.78
222.8088,10.87
222.9612,9.915
223.1136,10.34
223.266,11.28
223.4184,10.85
223.5708,9.946
223.7232,7.661
223.8756,7.641
224.028,6.282
224.1804,6.735
224.3328,8.079
224.4852,10.38
224.6376,9.946
224.79,7.704
224.9424,8.571
225.0948,9.009
225.2472,11.28
225.3996,9.501
225.552,10.41
225.7044,9.938
225.8568,9.915
226.0092,8.985
226.1616,8.556
226.314,8.571
226.4664,9.485
226.6188,9.493
226.7712,8.587
226.9236,9.97
227.076,9.532
227.2284,9.087
227.3808,6.798
227.5332,5.848
227.6856,8.548
227.838,8.54
227.9904,10.34
228.1428,9.009
228.2952,10.38
228.4476,9.509
228.6,9.024
228.7524,8.571
228.9048,9.462
229.0572,10.39
229.2096,10.38
229.362,13.05
229.5144,12.16
229.6668,13.95
229.8192,12.2
229.9716,11.73
230.124,10.41
230.2764,11.28
230.4288,15.8
230.5812,16.72
230.7336,14.46
230.886,12.2
231.0384,13.52
231.1908,14.41
231.3432,12.61
231.4956,9.478
231.648,10.4
231.8004,11.31
231.9528,10.41
232.1052,9.04
232.2576,9.024
232.41,10.81
232.5624,10.82
232.7148,11.3
232.8672,13.98
233.0196,15.3
233.172,16.64
233.3244,15.3
233.4768,15.36
233.6292,14.48
233.7816,13.59
233.934,13.55
234.0864,13.09
234.2388,13.55
234.3912,13.54
234.5436,13.08
234.696,12.59
234.8484,10.78
235.0008,11.23
235.1532,9.915
235.3056,12.65
235.458,11.8
235.6104,11.8
235.7628,10.87
235.9152,11.25
236.0676,10.8
236.22,7.649
236.3724,7.208
236.5248,9.454
236.6772,11.25
236.8296,11.71
236.982,10.38
237.1344,11.76
237.2868,14.48
237.4392,14.48
237.5916,12.67
237.744,11.3
237.8964,12.64
238.0488,12.16
238.2012,10.81
238.3536,8.095
238.506,8.54
238.6584,9.438
238.8108,9.892
238.9632,11.29
239.1156,9.063
239.268,11.79
239.4204,10.41
239.5728,10.84
239.7252,10.37
239.8776,11.72
240.03,12.63
240.1824,10.38
240.3348,9.438
240.4872,8.977
240.6396,10.34
240.792,11.29
240.9444,12.2
241.0968,12.66
241.2492,11.73
241.4016,11.74
241.554,9.485
241.7064,8.602
241.8588,9.009
242.0112,9.915
242.1636,10.79
242.316,8.095
242.4684,8.993
242.6208,9.009
242.7732,9.962
242.9256,8.61
243.078,9.04
243.2304,10.81
243.3828,12.64
243.5352,11.77
243.6876,10.41
243.84,9.478
243.9924,9.892
244.1448,12.14
244.2972,11.23
244.4496,11.27
244.602,9.009
244.7544,9.931
244.9068,9.024
245.0592,10.88
245.2116,11.31
245.364,11.75
245.5164,8.548
245.6688,8.095
245.8212,8.954
245.9736,11.65
246.126,12.12
246.2784,10.83
246.4308,9.04
246.5832,9.509
246.7356,8.134
246.888,8.61
247.0404,9.048
247.1928,10.85
247.3452,10.84
247.4976,9.438
247.65,9.431
247.8024,9.868
247.9548,11.7
248.1072,11.27
248.2596,12.63
248.412,9.47
248.5644,8.563
248.7168,7.735
248.8692,8.626
249.0216,11.31
249.174,10.36
249.3264,13.04
249.4788,11.68
249.6312,11.22
249.7836,9.892
249.936,10.82
250.0884,10.84
250.2408,11.3
250.3932,9.493
250.5456,9.485
250.698,7.712
250.8504,11.31
251.0028,12.19
251.1552,12.59
251.3076,10.78
251.46,12.13
251.6124,12.62
251.7648,10.8
251.9172,9.04
252.0696,7.673
252.222,8.141
252.3744,9.032
252.5268,10.82
252.6792,12.14
252.8316,11.2
252.984,10.78
253.1364,9.845
253.2888,9.876
253.4412,9.868
253.5936,9.017
253.746,8.134
253.8984,7.227
254.0508,7.669
254.2032,9.485
254.3556,9.97
254.508,12.68
254.6604,13.12
254.8128,13.52
254.9652,12.16
255.1176,10.78
255.27,9.899
255.4224,8.571
255.5748,9.056
255.7272,9.962
255.8796,10.84
256.032,9.485
256.1844,9.048
256.3368,9.47
256.4892,9.446
256.6416,8.071
256.794,8.516
256.9464,10.32
257.0988,11.23
257.2512,12.66
257.4036,12.68
257.556,11.77
257.7084,10.84
257.8608,10.36
258.0132,11.7
258.1656,9.446
258.318,10.77
258.4704,12.55
258.6228,12.99
258.7752,11.21
258.9276,9.032
259.08,9.032
259.2324,8.579
259.3848,9.454
259.5372,10.38
259.6896,12.65
259.842,12.63
259.9944,12.14
260.1468,8.97
260.2992,8.524
260.4516,8.524
260.604,10.32
260.7564,10.34
260.9088,10.38
261.0612,9.938
261.2136,9.024
261.366,8.118
261.5184,7.227
261.6708,10.87
261.8232,11.74
261.9756,11.73
262.128,8.079
262.2804,8.548
262.4328,10.36
262.5852,10.38
262.7376,11.76
262.89,10.42
263.0424,10.85
263.1948,9.501
263.3472,8.595
263.4996,11.26
263.652,11.21
263.8044,12.98
263.9568,9.853
264.1092,8.532
264.2616,8.556
264.414,8.579
264.5664,8.587
264.7188,7.688
264.8712,8.563
265.0236,10.37
265.176,10.81
265.3284,11.27
265.4808,9.001
265.6332,7.204
265.7856,8.102
265.938,7.665
266.0904,8.579
266.2428,9.032
266.3952,9.938
266.5476,11.27
266.7,11.28
266.8524,12.18
267.0048,11.73
267.1572,9.009
267.3096,8.985
267.462,10.78
267.6144,11.26
267.7668,11.69
267.9192,8.977
268.0716,8.524
268.224,6.766
268.3764,9.478
268.5288,9.462
268.6812,10.35
268.8336,9.462
268.986,10.38
269.1384,11.28
269.2908,10.81
269.4432,10.81
269.5956,9.024
269.748,8.579
269.9004,7.657
270.0528,9.438
270.2052,8.977
270.3576,8.095
270.51,6.774
270.6624,5.419
270.8148,7.673
270.9672,8.563
271.1196,9.923
271.272,8.985
271.4244,6.731
271.5768,7.165
271.7292,8.556
271.8816,11.28
272.034,11.28
272.1864,11.73
272.3388,10.36
272.4912,10.84
272.6436,10.39
272.796,10.84
272.9484,10.83
273.1008,10.8
273.2532,11.7
273.4056,12.16
273.558,13.09
273.7104,11.27
273.8628,11.28
274.0152,8.556
274.1676,9.024
274.32,9.017
274.4724,9.907
274.6248,10.77
274.7772,10.3
274.9296,11.2
275.082,10.32
275.2344,10.81
275.3868,9.048
275.5392,10.41
275.6916,8.595
275.844,9.462
275.9964,8.579
276.1488,9.907
276.3012,8.571
276.4536,8.563
276.606,9.47
276.7584,11.27
276.9108,11.72
277.0632,12.2
277.2156,11.73
277.368,9.892
277.5204,7.528
277.6728,8.243
277.8252,9.407
277.9776,11.7
278.13,12.2
278.2824,13.92
278.4348,13.92
278.5872,15.72
278.7396,17.41
278.892,17.89
279.0444,15.59
279.1968,12.73
279.3492,10.34
279.5016,11.2
279.654,11.86
279.8064,11.98
279.9588,11.3
280.1112,10.29
280.2636,12.06
280.416,10.73
280.5684,11.61
280.7208,10.8
280.8732,11.25
281.0256,10.85
281.178,10.81
281.3304,10.39
281.4828,10.36
281.6352,10.36
281.7876,11.67
281.94,12.15
282.0924,12.55
282.2448,12.07
282.3972,12.93
282.5496,14.3
282.702,13.45
282.8544,13.47
283.0068,10.78
283.1592,13.49
283.3116,11.71
283.464,12.16
283.6164,10.32
283.7688,11.18
283.9212,12.53
284.0736,11.63
284.226,13
284.3784,13.48
284.5308,14.84
284.6832,12.15
284.8356,10.34
284.988,9.915
285.1404,9.923
285.2928,10.8
285.4452,9.431
285.5976,11.2
285.75,8.946
285.9024,10.73
286.0548,9.821
286.2072,10.29
286.3596,9.868
286.512,12.14
286.6644,13.5
286.8168,14.38
286.9692,13.98
287.1216,13.06
287.274,11.26
287.4264,8.962
287.5788,9.821
287.7312,10.73
287.8836,10.74
288.036,11.23
288.1884,11.24
288.3408,12.61
288.4932,12.6
288.6456,14.44
288.798,13.11
288.9504,13.52
289.1028,13.01
289.2552,12.52
289.4076,11.64
289.56,11.66
289.7124,12.98
289.8648,12.09
290.0172,13
290.1696,12.14
290.322,14.38
290.4744,12.59
290.6268,13.95
290.7792,10.8
290.9316,10.34
291.084,9.431
291.2364,11.2
291.3888,11.17
291.5412,13.41
291.6936,11.64
291.846,11.2
291.9984,8.524
292.1508,12.57
292.3032,14.44
292.4556,15.34
292.608,13.53
292.7604,13.02
292.9128,13.45
293.0652,12.95
293.2176,12.52
293.37,12.53
293.5224,14.82
293.6748,14.39
293.8272,14.84
293.9796,12.62
294.132,13.07
294.2844,12.19
294.4368,12.62
294.5892,13.5
294.7416,13.02
294.894,13.02
295.0464,12.52
295.1988,14.35
295.3512,13
295.5036,12.57
295.656,9.868
295.8084,9.899
295.9608,8.993
296.1132,9.876
296.2656,11.65
296.418,13.41
296.5704,16.11
296.7228,15.16
296.8752,14.75
297.0276,12.51
297.18,11.23
297.3324,13.01
297.4848,13.91
297.6372,15.26
297.7896,14.46
297.942,13.56
298.0944,13.11
298.2468,13.94
298.3992,14.34
298.5516,13.44
298.704,11.64
298.8564,10.32
299.0088,10.76
299.1612,10.32
299.3136,10.77
299.466,13.97
299.6184,14.88
299.7708,14.89
299.9232,12.56
300.0756,14.37
300.228,13.9
300.3804,14.38
300.5328,12.97
300.6852,15.22
300.8376,16.14
300.99,14.84
301.1424,14.85
301.2948,14.84
301.4472,14.41
301.5996,15.31
301.752,14.41
301.9044,15.29
302.0568,14.37
302.2092,13.92
302.3616,14.38
302.514,15.31
302.6664,17.06
302.8188,17.06
302.9712,17.05
303.1236,17.56
303.276,16.67
303.4284,14.88
303.5808,13.45
303.7332,15.23
303.8856,14.32
304.038,13
304.1904,11.17
304.3428,13.84
304.4952,12.07
304.6476,13.45
304.8,11.7
304.9524,14.43
305.1048,13.52
305.2572,15.77
305.4096,14.39
305.562,16.63
305.7144,13.92
305.8668,15.7
306.0192,14.35
306.1716,14.35
306.324,14.8
306.4764,13.45
306.6288,13.47
306.7812,11.23
306.9336,10.8
307.086,9.454
307.2384,10.79
307.3908,10.33
307.5432,11.2
307.6956,9.399
307.848,11.63
308.0004,11.61
308.1528,12.53
308.3052,10.31
308.4576,12.59
308.61,11.25
308.7624,12.16
308.9148,11.26
309.0672,11.69
309.2196,10.78
309.372,10.28
309.5244,10.74
309.6768,11.2
309.8292,9.454
309.9816,8.54
310.134,7.634
310.2864,8.516
310.4388,10.34
310.5912,10.34
310.7436,9.423
310.896,8.962
311.0484,10.28
311.2008,12.54
311.3532,12.52
311.5056,11.19
311.658,10.3
311.8104,11.66
311.9628,13.93
312.1152,14.41
312.2676,12.62
312.42,11.73
312.5724,11.71
312.7248,13.05
312.8772,12.13
313.0296,12.14
313.182,10.79
313.3344,12.59
313.4868,11.24
313.6392,11.68
313.7916,11.23
313.944,12.59
314.0964,13.05
314.2488,13.07
314.4012,10.34
314.5536,8.087
314.706,7.614
314.8584,11.2
315.0108,13.91
315.1632,13.45
315.3156,10.34
315.468,9.446
315.6204,10.32
315.7728,13.01
315.9252,12.11
316.0776,12.15
316.23,12.6
316.3824,15.27
316.5348,13.89
316.6872,12.98
316.8396,10.75
316.992,10.34
317.1444,9.923
317.2968,11.3
317.4492,11.27
317.6016,9.892
317.754,11.68
317.9064,12.58
318.0588,14.79
318.2112,9.845
318.3636,8.938
318.516,8.071
318.6684,9.868
318.8208,10.75
318.9732,9.415
319.1256,9.884
319.278,10.8
319.4304,13.49
319.5828,16.19
319.7352,14.84
319.8876,14.38
320.04,13.01
320.1924,13
320.3448,11.66
320.4972,9.438
320.6496,11.22
320.802,11.22
320.9544,13.45
321.1068,13.89
321.2592,13.92
321.4116,12.12
321.564,10.34
321.7164,11.17
321.8688,13.45
322.0212,15.63
322.1736,14.76
322.326,12.95
322.4784,12.14
322.6308,13.52
322.7832,16.25
322.9356,16.22
323.088,16.63
323.2404,14.38
323.3928,13.91
323.5452,12.56
323.6976,11.16
323.85,9.853
324.0024,8.946
324.1548,9.884
324.3072,10.34
324.4596,9.47
324.612,9.446
324.7644,9.868
324.9168,13.04
325.0692,12.59
325.2216,12.12
325.374,10.29
325.5264,12.96
325.6788,14.34
325.8312,15.7
325.9836,15.25
326.136,14.8
326.2884,13.51
326.4408,11.74
326.5932,12.22
326.7456,13.52
326.898,12.16
327.0504,12.11
327.2028,12.09
327.3552,14.32
327.5076,12.98
327.66,11.65
327.8124,9.868
327.9648,9.907
328.1172,11.27
328.2696,13.98
328.422,14.88
328.5744,15.32
328.7268,13.52
328.8792,13.02
329.0316,9.845
329.184,12.05
329.3364,11.61
329.4888,12.53
329.6412,11.21
329.7936,12.14
329.946,13.08
330.0984,14
330.2508,13.55
330.4032,13.07
330.5556,13.03
330.708,13
330.8604,14.77
331.0128,12.52
331.1652,12.52
331.3176,10.73
331.47,13.92
331.6224,14.44
331.7748,15.35
331.9272,13.09
332.0796,13.97
332.232,13.54
332.3844,16.67
332.5368,16.16
332.6892,16.98
332.8416,15.62
332.994,15.66
333.1464,16.56
333.2988,14.8
333.4512,15.7
333.6036,15.3
333.756,14.89
333.9084,14.01
334.0608,14.78
334.2132,14.75
334.3656,13.82
334.518,13.43
334.6704,13.43
334.8228,12.95
334.9752,13.44
335.1276,14.82
335.28,14.43
335.4324,13.5
335.5848,13.92
335.7372,14.34
335.8896,14.38
336.042,13.03
336.1944,12.12
336.3468,9.399
336.4992,6.704
336.6516,9.853
336.804,12.1
336.9564,15.7
337.1088,14.83
337.2612,13.98
337.4136,13.55
337.566,13.14
337.7184,11.3
337.8708,10.8
338.0232,9.853
338.1756,10.75
338.328,10.29
338.4804,10.3
338.6328,12.08
338.7852,9.86
338.9376,10.82
339.09,10.38
339.2424,11.3
339.3948,12.19
339.5472,10.84
339.6996,11.7
339.852,11.63
340.0044,12.49
340.1568,12.51
340.3092,13.41
340.4616,14.77
340.614,14.78
340.7664,14.4
340.9188,11.73
341.0712,13.13
341.2236,11.76
341.376,12.22
341.5284,11.27
341.6808,10.33
341.8332,11.17
341.9856,10.72
342.138,11.62
342.2904,11.2
342.4428,12.13
342.5952,11.72
342.7476,11.73
342.9,11.26
343.0524,11.76
343.2048,12.65
343.3572,12.61
343.5096,13.45
343.662,12.98
343.8144,12.09
343.9668,11.17
344.1192,10.73
344.2716,12.55
344.424,12.62
344.5764,11.73
344.7288,11.73
344.8812,11.66
345.0336,12.57
345.186,13.41
345.3384,15.2
345.4908,17.39
345.6432,14.72
345.7956,13.38
345.948,12.52
346.1004,14.83
346.2528,16.17
346.4052,12.6
346.5576,12.1
346.71,10.8
346.8624,12.58
347.0148,10.31
347.1672,11.13
347.3196,11.57
347.472,14.25
347.6244,12.92
347.7768,12.48
347.9292,11.13
348.0816,12.05
348.234,13.43
348.3864,14.84
348.5388,13.49
348.6912,12.62
348.8436,10.32
348.996,12.97
349.1484,14.28
349.3008,16.08
349.4532,14.29
349.6056,13.86
349.758,13.91
349.9104,13.95
350.0628,13.93
350.2152,12.56
350.3676,13.42
350.52,14.34
350.6724,16.98
350.8248,15.65
350.9772,13.81
351.1296,12.8
351.282,10.51
351.4344,10.75
351.5868,8.845
351.7392,11.19
351.8916,12.62
352.044,15.63
352.1964,15.41
352.3488,14.43
352.5012,11.92
352.6536,12.45
352.806,13.16
352.9584,14.09
353.1108,11.13
353.2632,11.4
353.4156,12.35
353.568,13.9
353.7204,13.91
353.8728,12.66
354.0252,14.21
354.1776,14.52
354.33,14.19
354.4824,13.88
354.6348,11.11
354.7872,11.12
354.9396,10.21
355.092,11.45
355.2444,12.12
355.3968,12.77
355.5492,12.84
355.7016,12.23
355.854,11.58
356.0064,12.49
356.1588,12.49
356.3112,13.72
356.4636,12.75
356.616,13.35
356.7684,12.08
356.9208,13.05
357.0732,12.48
357.2256,13.15
357.378,11.88
357.5304,11.23
357.6828,11.23
357.8352,12.8
357.9876,14.02
358.14,14.95
358.2924,13.36
358.4448,13.66
358.5972,14.26
358.7496,16.09
358.902,15.18
359.0544,12.74
359.2068,10.95
359.3592,11.93
359.5116,11.29
359.664,12.83
359.8164,13.41
359.9688,15.88
360.1212,15.48
360.2736,14.23
360.426,14.52
360.5784,12.74
360.7308,13.68
360.8832,13.12
361.0356,14.66
361.188,14.06
361.3404,13.74
361.4928,14.36
361.6452,15.27
361.7976,13.68
361.95,13.03
362.1024,13.64
362.2548,15.21
362.4072,15.53
362.5596,12.77
362.712,13.43
362.8644,14.41
363.0168,15.02
363.1692,14.06
363.3216,12.47
363.474,12.76
363.6264,12.41
363.7788,11.45
363.9312,10.82
364.0836,12.04
364.236,12.05
364.3884,12.38
364.5408,11.15
364.6932,11.76
364.8456,12.37
364.998,13.62
365.1504,12.39
365.3028,12.4
365.4552,9.931
365.6076,11.81
365.76,9.938
365.9124,10.86
366.0648,8.657
366.2172,10.25
366.3696,9.97
366.522,13.14
366.6744,12.81
366.8268,13.76
366.9792,13.12
367.1316,13.73
367.284,12.78
367.4364,12.13
367.5888,12.09
367.7412,13.66
367.8936,13.04
368.046,10.9
368.1984,10.6
368.3508,10.62
368.5032,11.55
368.6556,10.62
368.808,11.23
368.9604,12.12
369.1128,10.86
369.2652,11.15
369.4176,9.915
369.57,11.48
369.7224,10.55
369.8748,10.88
370.0272,10.28
370.1796,12.53
370.332,15.68
370.4844,15.68
370.6368,14.7
370.7892,12.47
370.9416,15.23
371.094,13.66
371.2464,13.98
371.3988,11.8
371.5512,11.84
371.7036,12.2
371.856,13.16
372.0084,15.34
372.1608,14.05
372.3132,12.76
372.4656,12.09
372.618,13.02
372.7704,13.02
372.9228,13.29
373.0752,12.68
373.2276,13.3
373.38,13.01
373.5324,13.34
373.6848,14.63
373.8372,15.33
373.9896,15.63
374.142,15.3
374.2944,12.47
374.4468,13.35
374.5992,12.71
374.7516,14.54
374.904,12.71
375.0564,11.8
375.2088,11.88
375.3612,13.16
375.5136,14.1
375.666,15.65
375.8184,15.3
375.9708,15.24
376.1232,13.32
376.2756,14.84
376.428,15.14
376.5804,14.2
376.7328,14.2
376.8852,15.73
377.0376,17.27
377.19,15.12
377.3424,15.52
377.4948,15.86
377.6472,16.8
377.7996,14.63
377.952,13.7
378.1044,14.02
378.2568,16.45
378.4092,15.82
378.5616,16.72
378.714,15.23
378.8664,16.19
379.0188,17.16
379.1712,16.5
379.3236,17.41
379.476,16.11
379.6284,17.31
379.7808,17.25
379.9332,17.59
380.0856,17.64
380.238,17.02
380.3904,17
380.5428,18.55
380.6952,18.56
380.8476,16.44
381,12.14
381.1524,12.81
381.3048,16.86
381.4572,17.48
381.6096,18.41
381.762,15.89
381.9144,16.48
382.0668,14.59
382.2192,13.33
382.3716,13.35
382.524,11.53
382.6764,9.993
382.8288,10.92
382.9812,12.79
383.1336,14.66
383.286,13.7
383.4384,14.9
383.5908,15.46
383.7432,14.83
383.8956,13.58
384.048,14.52
384.2004,14.18
384.3528,13.55
384.5052,12.67
384.6576,12.42
384.81,14.32
384.9624,15.85
385.1148,17.09
385.2672,15.85
385.4196,12.73
385.572,13.96
385.7244,15.5
385.8768,18.59
386.0292,18.36
386.1816,18.41
386.334,16.58
386.4864,14.99
386.6388,14.34
386.7912,14.65
386.9436,15.23
387.096,13.66
387.2484,13.02
387.4008,14.27
387.5532,13.35
387.7056,14.27
387.858,13.34
388.0104,16.45
388.1628,15.87
388.3152,15.3
388.4676,14.37
388.62,14.34
388.7724,15.23
388.9248,14.28
389.0772,13.94
389.2296,13.63
389.382,14.55
389.5344,15.79
389.6868,14.59
389.8392,14.66
389.9916,14.71
390.144,15.64
390.2964,14.4
390.4488,13.45
390.6012,13.43
390.7536,15.58
390.906,17.42
391.0584,20.52
391.2108,21.72
391.3632,22.34
391.5156,21.39
391.668,19.55
391.8204,18.64
391.9728,18.06
392.1252,19.59
392.2776,20.17
392.43,22.56
392.5824,21.92
392.7348,22.52
392.8872,21.92
393.0396,23.17
393.192,23.78
393.3444,23.59
393.4968,23.39
393.6492,23.73
393.8016,23.06
393.954,21.8
394.1064,19.02
394.2588,17.13
394.4112,16.78
394.5636,18.28
394.716,20.16
394.8684,20.47
395.0208,20.22
395.1732,18.95
395.3256,18.69
395.478,19.41
395.6304,20.72
395.7828,20.41
395.9352,18.83
396.0876,19.39
396.24,19.34
396.3924,21.45
396.5448,20.5
396.6972,20.5
396.8496,17.97
397.002,18.05
397.1544,21.81
397.3068,23.42
397.4592,24.63
397.6116,21.2
397.764,21.53
397.9164,19.94
398.0688,20.55
398.2212,19.81
398.3736,21.06
398.526,22.3
398.6784,21.14
398.8308,20.81
398.9832,21.5
399.1356,24.03
399.288,22.55
399.4404,20.94
399.5928,21.89
399.7452,24.95
399.8976,27.45
400.05,23.3
400.2024,21.09
400.3548,19.5
400.5072,21.11
400.6596,21.2
400.812,19.69
400.9644,20.31
401.1168,20.3
401.2692,20
401.4216,20.63
401.574,18.69
401.7264,19.86
401.8788,18.58
402.0312,19.83
402.1836,19.86
402.336,19.86
402.4884,19.22
402.6408,18.97
402.7932,18.72
402.9456,18.77
403.098,17.22
403.2504,17.19
403.4028,18.09
403.5552,20.84
403.7076,21.72
403.86,21.09
404.0124,19.22
404.1648,18.63
404.3172,18.7
404.4696,19.05
404.622,18.14
404.7744,20.27
404.9268,21.55
405.0792,24.92
405.2316,23.39
405.384,23.03
405.5364,23.02
405.6888,22.66
405.8412,21.73
405.9936,20.22
406.146,20.55
406.2984,21.81
406.4508,22.17
406.6032,23.13
406.7556,23.14
406.908,22.8
407.0604,24.94
407.2128,26.41
407.3652,29.75
407.5176,31.63
407.67,32.22
407.8224,32.28
407.9748,33.31
408.1272,34.28
408.2796,36.16
408.432,33.69
408.5844,34.31
408.7368,31.22
408.8892,31.13
409.0416,29.91
409.194,28.91
409.3464,28.61
409.4988,26.38
409.6512,25.17
409.8036,24.23
409.956,25.88
410.1084,29.67
410.2608,31.17
410.4132,29.3
410.5656,25.88
410.718,22.83
410.8704,24.02
411.0228,25.75
411.1752,26.03
411.3276,24.44
411.48,24.8
411.6324,27.05
411.7848,29.89
411.9372,29.27
412.0896,31.8
412.242,33.31
412.3944,34.53
412.5468,31.31
412.6992,29.77
412.8516,29.47
413.004,31.69
413.1564,30.77
413.3088,28.61
413.4612,24.55
413.6136,24.67
413.766,22.58
413.9184,24.83
414.0708,25.06
414.2232,27.84
414.3756,27.78
414.528,26.77
414.6804,25.77
414.8328,22.58
414.9852,22.53
415.1376,22.83
415.29,24.45
415.4424,24.17
415.5948,23.55
415.7472,24.52
415.8996,23.3
416.052,22.97
416.2044,22.63
416.3568,24.19
416.5092,23.92
416.6616,24.25
416.814,21.8
416.9664,22.73
417.1188,20.58
417.2712,25.64
417.4236,27.91
417.576,30.36
417.7284,25.94
417.8808,25.22
418.0332,27.72
418.1856,29.23
418.338,29.5
418.4904,26.95
418.6428,28.44
418.7952,28.83
418.9476,30.13
419.1,28.95
419.2524,28.02
419.4048,27.95
419.5572,30.13
419.7096,32.19
419.862,29.41
420.0144,26.91
420.1668,23.27
420.3192,22.97
420.4716,24.53
420.624,25.45
420.7764,28.03
420.9288,28.78
421.0812,27.61
421.2336,26.98
421.386,25.08
421.5384,25.95
421.6908,25.25
421.8432,26.38
421.9956,27.28
422.148,26.94
422.3004,25.61
422.4528,23.5
422.6052,22.36
422.7576,20.63
422.91,20.28
423.0624,19.98
423.2148,20.56
423.3672,19.91
423.5196,20.47
423.672,20.19
423.8244,19.91
423.9768,18.69
424.1292,18.67
424.2816,20.52
424.434,23.05
424.5864,22.52
424.7388,20.05
424.8912,20.36
425.0436,21.84
425.196,23.38
425.3484,22.7
425.5008,22.06
425.6532,24.2
425.8056,22.88
425.958,23.13
426.1104,23.83
426.2628,23.91
426.4152,22.72
426.5676,18.3
426.72,18.89
426.8724,20.36
427.0248,22.22
427.1772,22.86
427.3296,22.91
427.482,21.67
427.6344,21.06
427.7868,21.95
427.9392,25.09
428.0916,26.41
428.244,25.64
428.3964,26.02
428.5488,24.22
428.7012,22.03
428.8536,22
429.006,22.83
429.1584,25.08
429.3108,23.19
429.4632,23.42
429.6156,22.31
429.768,23.91
429.9204,24.64
430.0728,25.64
430.2252,25.67
430.3776,24.72
430.53,23.11
430.6824,24.89
430.8348,25.42
430.9872,27.2
431.1396,24.41
431.292,25.34
431.4444,25.67
431.5968,26.86
431.7492,26.5
431.9016,25.33
432.054,26.38
432.2064,25.5
432.3588,26.45
432.5112,23.63
432.6636,26.75
432.816,27.97
432.9684,31.38
433.1208,29.19
433.2732,30.73
433.4256,28.34
433.578,28.47
433.7304,26.05
433.8828,26.03
434.0352,24.72
434.1876,22.8
434.34,21.19
434.4924,20.19
434.6448,20.45
434.7972,21.05
434.9496,19.48
435.102,20.63
435.2544,19.7
435.4068,22.78
435.5592,23.27
435.7116,26.41
435.864,23.97
436.0164,23.97
436.1688,24.28
436.3212,27.41
436.4736,23.27
436.626,25.13
436.7784,24.77
436.9308,30.03
437.0832,29.14
437.2356,28.92
437.388,31.48
437.5404,33.38
437.6928,37.44
437.8452,35.59
437.9976,34
438.15,33.94
438.3024,34.53
438.4548,32.38
438.6072,31.45
438.7596,29.53
438.912,33.5
439.0644,34.66
439.2168,38.19
439.3692,35.16
439.5216,34.59
439.674,33.25
439.8264,37.25
439.9788,37.75
440.1312,36.13
440.2836,33.28
440.436,29.31
440.5884,30.3
440.7408,30.45
440.8932,32.16
441.0456,30.41
441.198,26.36
441.3504,24.45
441.5028,25.38
441.6552,26.53
441.8076,25.23
441.96,22.39
442.1124,20.89
442.2648,23.69
442.4172,27.41
442.5696,30.14
442.722,28.28
442.8744,28.36
443.0268,26.89
443.1792,27.5
443.3316,26.47
443.484,28.2
443.6364,28.42
443.7888,29.28
443.9412,28.02
444.0936,26.83
444.246,24.41
444.3984,21.7
444.5508,24.02
444.7032,24.03
444.8556,25.95
445.008,24.38
445.1604,24.38
445.3128,24.33
445.4652,23.3
445.6176,21.47
445.77,21.48
445.9224,21.23
446.0748,22.48
446.2272,25.27
446.3796,25.56
446.532,26.25
446.6844,23.48
446.8368,22.27
446.9892,20.38
447.1416,20.06
447.294,20.63
447.4464,22.42
447.5988,24.56
447.7512,27.05
447.9036,27.98
448.056,29.11
448.2084,26.97
448.3608,29.52
448.5132,29.69
448.6656,33.44
448.818,29.97
448.9704,28.98
449.1228,27.7
449.2752,28.31
449.4276,30.5
449.58,30.22
449.7324,31.34
449.8848,30.06
450.0372,31.91
450.1896,33.66
450.342,31.56
450.4944,32.91
450.6468,32.22
450.7992,35
450.9516,34.25
451.104,33.59
451.2564,34.53
451.4088,33.28
451.5612,31.42
451.7136,28.38
451.866,27.22
452.0184,28.52
452.1708,27.89
452.3232,26.94
452.4756,27.47
452.628,27.39
452.7804,27.34
452.9328,25.78
453.0852,27.97
453.2376,26.72
453.39,28
453.5424,29.27
453.6948,32.47
453.8472,31.3
453.9996,29.48
454.152,27.27
454.3044,28.78
454.4568,27.75
454.6092,31.08
454.7616,28.81
454.914,28.84
455.0664,25.11
455.2188,26.42
455.3712,25.86
455.5236,27.48
455.676,26.88
455.8284,27.22
455.9808,28.13
456.1332,29.61
456.2856,29.17
456.438,27.92
456.5904,28.86
456.7428,32.31
456.8952,33.25
457.0476,31.44
457.2,27.69
457.3524,28.45
457.5048,27.63
457.6572,28.95
457.8096,29.84
457.962,30.73
458.1144,28.45
458.2668,24.61
458.4192,21.11
458.5716,21.69
458.724,21.06
458.8764,22.03
459.0288,23.38
459.1812,24.36
459.3336,24.06
459.486,22.84
459.6384,20.7
459.7908,20.98
459.9432,22.45
460.0956,25.22
460.248,26.47
460.4004,25.23
460.5528,24.86
460.7052,24.2
460.8576,23.91
461.01,22.41
461.1624,22.47
461.3148,23.75
461.4672,24.66
461.6196,25.28
461.772,22.36
461.9244,20.44
462.0768,18.78
462.2292,19.39
462.3816,22.41
462.534,23.47
462.6864,24.53
462.8388,25.02
462.9912,24.7
463.1436,24.05
463.296,20.3
463.4484,20.28
463.6008,20.58
463.7532,22.09
463.9056,21.13
464.058,21.44
464.2104,22.05
464.3628,22.98
464.5152,23.58
464.6676,24
464.82,25.06
464.9724,25.44
465.1248,24.45
465.2772,23.45
465.4296,23.13
465.582,24.61
465.7344,25.11
465.8868,25.89
466.0392,25.2
466.1916,23.98
466.344,22.27
466.4964,24.23
466.6488,23.36
466.8012,26.16
466.9536,23.97
467.106,27.28
467.2584,28.55
467.4108,27.92
467.5632,28.63
467.7156,25.55
467.868,27.13
468.0204,24.03
468.1728,23.08
468.3252,23.19
468.4776,26.09
468.63,27.11
468.7824,26.11
468.9348,23.84
469.0872,24.06
469.2396,23.05
469.392,23.3
469.5444,22.03
469.6968,24.83
469.8492,24.89
470.0016,26.5
470.154,26.84
470.3064,29.28
470.4588,28.91
470.6112,27.91
470.7636,29.11
470.916,28.75
471.0684,32.19
471.2208,31.56
471.3732,34.38
471.5256,30.66
471.678,28.58
471.8304,25.23
471.9828,24.09
472.1352,22.92
472.2876,21.7
472.44,22
472.5924,22.88
472.7448,22.19
472.8972,22.09
473.0496,21.75
473.202,23.23
473.3544,21.72
473.5068,20.55
473.6592,21.63
473.8116,21.64
473.964,23.52
474.1164,21.31
474.2688,22.22
474.4212,20.2
474.5736,20.78
474.726,19.23
474.8784,20.88
475.0308,21.2
475.1832,23.98
475.3356,22.72
475.488,23.03
475.6404,23.14
475.7928,23.19
475.9452,22.61
476.0976,21.31
476.25,21.58
476.4024,21.22
476.5548,21.17
476.7072,20.2
476.8596,24.86
477.012,24.89
477.1644,25.89
477.3168,21.27
477.4692,21.63
477.6216,20.95
477.774,21.89
477.9264,21.14
478.0788,20.78
478.2312,21.02
478.3836,20.41
478.536,21.66
478.6884,21.67
478.8408,21.38
478.9932,22
479.1456,20.47
479.298,22.16
479.4504,20.97
479.6028,21.98
479.7552,20.34
479.9076,20.64
480.06,20.92
480.2124,22.75
480.3648,25.22
480.5172,26.38
480.6696,27.89
480.822,27.05
480.9744,28.63
481.1268,28.98
481.2792,27.06
481.4316,24.55
481.584,22.63
481.7364,24.11
481.8888,26.61
482.0412,26.95
482.1936,25.45
482.346,23.3
482.4984,24.59
482.6508,24.59
482.8032,24.63
482.9556,22.58
483.108,22.98
483.2604,23.67
483.4128,23.56
483.5652,25.64
483.7176,26.45
483.87,26.7
484.0224,23.52
484.1748,21.94
484.3272,23.45
484.4796,25.73
484.632,24.22
484.7844,22.72
484.9368,21.45
485.0892,23.64
485.2416,23.94
485.394,25.73
485.5464,24.16
485.6988,22.59
485.8512,22.28
486.0036,24.2
486.156,26.08
486.3084,28.69
486.4608,26.81
486.6132,28.88
486.7656,24.58
486.918,29.91
487.0704,30.36
487.2228,32.97
487.3752,28.5
487.5276,25.94
487.68,23.8
487.8324,24.7
487.9848,22.59
488.1372,22.66
488.2896,20.88
488.442,25.83
488.5944,27.14
488.7468,27.78
488.8992,22.5
489.0516,21.45
489.204,21.11
489.3564,23.84
489.5088,24.8
489.6612,25.72
489.8136,25.14
489.966,24.78
490.1184,27.52
490.2708,28.25
490.4232,28.05
490.5756,26.61
490.728,27.38
490.8804,27.59
491.0328,25.31
491.1852,22.8
491.3376,21.84
491.49,24.59
491.6424,27.42
491.7948,30.28
491.9472,28.81
492.0996,28.5
492.252,26.3
492.4044,27.19
492.5568,25.31
492.7092,25.56
492.8616,23.06
493.014,26.11
493.1664,25.83
493.3188,27.69
493.4712,23.42
493.6236,25.28
493.776,26.25
493.9284,30.77
494.0808,31.83
494.2332,30.59
494.3856,29.81
494.538,27.2
494.6904,27.75
494.8428,25.47
494.9952,26.66
495.1476,26.3
495.3,29.48
495.4524,26.16
495.6048,25.3
495.7572,22.55
495.9096,24.41
496.062,25.72
496.2144,27.5
496.3668,29.31
496.5192,27.13
496.6716,25.34
496.824,22.94
496.9764,24.89
497.1288,24.89
497.2812,24.27
497.4336,24.23
497.586,26.88
497.7384,28.75
497.8908,29.69
498.0432,27.34
498.1956,26.05
498.348,27.19
498.5004,25.64
498.6528,25.39
498.8052,21.73
498.9576,23.86
499.11,24.52
499.2624,26
499.4148,22.95
499.5672,23.63
499.7196,27.38
499.872,32
500.0244,30.98
500.1768,24.8
500.3292,22.28
500.4816,23.47
500.634,22.56
500.7864,21.38
500.9388,19.88
501.0912,24.13
501.2436,25.39
501.396,24.36
501.5484,23.09
501.7008,22
501.8532,22.31
502.0056,22.55
502.158,21.92
502.3104,25.27
502.4628,26.75
502.6152,29.06
502.7676,28.44
502.92,24.58
503.0724,24.48
503.2248,23.02
503.3772,23.55
503.5296,23.47
503.682,21.88
503.8344,23.77
503.9868,24.34
504.1392,25.89
504.2916,25.8
504.444,24.27
504.5964,25.78
504.7488,24.55
504.9012,24.83
505.0536,25.09
505.206,26.03
505.3584,26.64
505.5108,25.06
505.6632,24.69
505.8156,24.03
505.968,25.56
506.1204,23.8
506.2728,24.78
506.4252,23.69
506.5776,24.97
506.73,23.48
506.8824,25.94
507.0348,28.66
507.1872,31.08
507.3396,29.47
507.492,28.63
507.6444,26.45
507.7968,28.02
507.9492,29.75
508.1016,31.89
508.254,31.03
508.4064,29.59
508.5588,29.28
508.7112,29.81
508.8636,27.91
509.016,26.66
509.1684,25.67
509.3208,27.75
509.4732,28.89
509.6256,29.19
509.778,27.72
509.9304,27.53
510.0828,24.66
510.2352,25.34
510.3876,25.97
510.54,28.7
510.6924,28.09
510.8448,27.52
510.9972,27.83
511.1496,29.95
511.302,29.02
511.4544,26.84
511.6068,25.27
511.7592,25.25
511.9116,25.19
512.064,26.44
512.2164,28.58
512.3688,30.16
512.5212,30.66
512.6736,28.81
512.826,28.17
512.9784,25.78
513.1308,24.22
513.2832,22.66
513.4356,21.55
513.588,23.78
513.7404,26.05
513.8928,27.84
514.0452,27.77
514.1976,25.23
514.35,23.97
514.5024,24.58
514.6548,25.2
514.8072,26.39
514.9596,25.44
515.112,25.72
515.2644,24.5
515.4168,21.81
515.5692,22.72
515.7216,23.45
515.874,26.23
516.0264,26.28
516.1788,25.89
516.3312,24.94
516.4836,22.16
516.636,21.55
516.7884,20.92
516.9408,24.23
517.0932,24.92
517.2456,26.86
517.398,25.72
517.5504,26.3
517.7028,27.44
517.8552,26.45
518.0076,25.22
518.16,25.17
518.3124,24.53
518.4648,25.06
518.6172,23.19
518.7696,26.23
518.922,28.38
519.0744,30.31
519.2268,29.73
519.3792,27.69
519.5316,25.88
519.684,24.34
519.8364,24.98
519.9888,22.86
520.1412,24.36
520.2936,22.8
520.446,26.41
520.5984,28.66
520.7508,30.52
520.9032,29.98
521.0556,27.2
521.208,29.63
521.3604,29.23
521.5128,30.64
521.6652,29.63
521.8176,31.45
521.97,33
522.1224,30.56
522.2748,29.63
522.4272,26.64
522.5796,29.06
522.732,26.36
522.8844,26.73
523.0368,26.25
523.1892,28.38
523.3416,30.2
523.494,30.11
523.6464,29.23
523.7988,27.02
523.9512,25.08
524.1036,26.3
524.256,27
524.4084,26.58
524.5608,27.28
524.7132,28.2
524.8656,29.39
525.018,27.16
525.1704,26.5
525.3228,27.64
525.4752,27.98
525.6276,26.8
525.78,29.25
525.9324,32.56
526.0848,32.56
526.2372,29.91
526.3896,26.89
526.542,27.83
526.6944,27.19
526.8468,29.27
526.9992,27.33
527.1516,27.56
527.304,26.86
527.4564,29.84
527.6088,27.69
527.7612,26.25
527.9136,26.67
528.066,27.95
528.2184,26.44
528.3708,25.19
528.5232,24.56
528.6756,26.38
528.828,26.08
528.9804,26.09
529.1328,26.13
529.2852,26.09
529.4376,27.92
529.59,27.66
529.7424,26.27
529.8948,25.09
530.0472,23.3
530.1996,22.69
530.352,22.41
530.5044,23.23
530.6568,23.48
530.8092,22.52
530.9616,21.94
531.114,22.73
531.2664,24.56
531.4188,24.58
531.5712,25.33
531.7236,22.97
531.876,23.55
532.0284,25.03
532.1808,25.56
532.3332,24.97
532.4856,21.88
532.638,23.08
532.7904,27.33
532.9428,26.44
533.0952,27.06
533.2476,25.2
533.4,30.44
533.5524,27.97
533.7048,25.84
533.8572,23.34
534.0096,23.95
534.162,26.3
534.3144,25.95
534.4668,27.42
534.6192,29.17
534.7716,31.66
534.924,32.34
535.0764,33.25
535.2288,33.91
535.3812,33
535.5336,29.56
535.686,27.09
535.8384,28.03
535.9908,26.45
536.1432,24.94
536.2956,23.98
536.448,25.23
536.6004,27.09
536.7528,28.66
536.9052,31.09
537.0576,28.97
537.21,29.25
537.3624,25.52
537.5148,28.52
537.6672,28.08
537.8196,28.06
537.972,27.38
538.1244,27.92
538.2768,30.3
538.4292,30.31
538.5816,27.36
538.734,28.45
538.8864,29.48
539.0388,34.66
539.1912,33.94
539.3436,34.22
539.496,29.98
539.6484,31.86
539.8008,32.78
539.9532,34.94
540.1056,33.06
540.258,31
540.4104,31.06
540.5628,31.45
540.7152,29.95
540.8676,27.55
541.02,26.98
541.1724,27.84
541.3248,29.91
541.4772,27.66
541.6296,29.11
541.782,29.36
541.9344,30.28
542.0868,26.94
542.2392,26.95
542.3916,29.11
542.544,31.84
542.6964,30.28
542.8488,27.77
543.0012,30.42
543.1536,31.03
543.306,31.95
543.4584,26.84
543.6108,29.27
543.7632,29.59
543.9156,30.86
544.068,25.52
544.2204,24.13
544.3728,23.86
544.5252,25.69
544.6776,25.03
544.83,23.45
544.9824,22.78
545.1348,25.47
545.2872,29.64
545.4396,31.13
545.592,29.73
545.7444,24.98
545.8968,28.8
546.0492,28.78
546.2016,30.61
546.354,27.17
546.5064,28.66
546.6588,27.45
546.8112,27.14
546.9636,23.19
547.116,26.81
547.2684,26.23
547.4208,28.94
547.5732,28.36
547.7256,26.81
547.878,25.95
548.0304,25.02
548.1828,26.19
548.3352,26.67
548.4876,25.38
548.64,23.53
548.7924,23.78
548.9448,23.75
549.0972,26.5
549.2496,25.38
549.402,26.03
549.5544,23.34
549.7068,23.94
549.8592,26.33
550.0116,26.84
550.164,26.88
550.3164,26.05
550.4688,27.94
550.6212,26.67
550.7736,22.11
550.926,21.75
551.0784,21.19
551.2308,21.47
551.3832,22.11
551.5356,22.19
551.688,25.56
551.8404,23.73
551.9928,24.86
552.1452,22.67
552.2976,23.25
552.45,22.02
552.6024,19.94
552.7548,21.8
552.9072,21.84
553.0596,24.28
553.212,23.08
553.3644,26.38
553.5168,26.02
553.6692,24.73
553.8216,20.78
553.974,20.52
554.1264,19
554.2788,21.72
554.4312,25.3
554.5836,27.48
554.736,29.7
554.8884,26.77
555.0408,26.17
555.1932,23.42
555.3456,24.59
555.498,26.7
555.6504,27.25
555.8028,27.81
555.9552,28.94
556.1076,32.5
556.26,34.66
556.4124,31.72
556.5648,28.5
556.7172,26.06
556.8696,27.23
557.022,27.47
557.1744,29.77
557.3268,31.53
557.4792,32.16
557.6316,30.73
557.784,28.34
557.9364,29.81
558.0888,30.77
558.2412,32.34
558.3936,29.52
558.546,28.95
558.6984,29.02
558.8508,28.31
559.0032,27.95
559.1556,25.42
559.308,26.59
559.4604,26.94
559.6128,28.7
559.7652,30.55
559.9176,32.94
560.07,34.81
560.2224,33.94
560.3748,31.16
560.5272,31.73
560.6796,34.88
560.832,35.75
560.9844,34.44
561.1368,31.5
561.2892,31.53
561.4416,33.31
561.594,33.25
561.7464,34.53
561.8988,33.72
562.0512,34.38
562.2036,32.91
562.356,29.59
562.5084,31.2
562.6608,30.84
562.8132,33.53
562.9656,29.27
563.118,30.78
563.2704,29.56
563.4228,30.13
563.5752,28.72
563.7276,29.42
563.88,30.78
564.0324,29.22
564.1848,29.44
564.3372,26.89
564.4896,28.38
564.642,27.55
564.7944,28.47
564.9468,26.97
565.0992,27.25
565.2516,29.05
565.404,29.72
565.5564,28.53
565.7088,28.66
565.8612,28.36
566.0136,29.53
566.166,28.5
566.3184,27.19
566.4708,26.23
566.6232,27.45
566.7756,28.63
566.928,27.14
567.0804,27.13
567.2328,27.48
567.3852,27.5
567.5376,26.3
567.69,27.16
567.8424,27.98
567.9948,27.94
568.1472,27.92
568.2996,29.22
568.452,28.36
568.6044,27.5
568.7568,27.77
568.9092,25.69
569.0616,25.16
569.214,24.95
569.3664,27.42
569.5188,26.2
569.6712,26.09
569.8236,26.92
569.976,27.13
570.1284,27.13
570.2808,26.8
570.4332,27.48
570.5856,26.63
570.738,24.5
570.8904,24.22
571.0428,25.38
571.1952,28.34
571.3476,27.95
571.5,26.98
571.6524,26.38
571.8048,27.55
571.9572,29.13
572.1096,29.44
572.262,31.61
572.4144,31.83
572.5668,31.61
572.7192,29.2
572.8716,29.41
573.024,29.13
573.1764,31.25
573.3288,29.03
573.4812,30.55
573.6336,29.91
573.786,30.77
573.9384,28.91
574.0908,27.77
574.2432,28.48
574.3956,28.25
574.548,28.92
574.7004,29.44
574.8528,28.48
575.0052,27.42
575.1576,25.58
575.31,28.53
575.4624,32.09
575.6148,33.28
575.7672,32.91
575.9196,29.03
576.072,29.38
576.2244,27.98
576.3768,28.95
576.5292,29.02
576.6816,29.81
576.834,31.28
576.9864,29.98
577.1388,26.78
577.2912,25.55
577.4436,24.69
577.596,26.58
577.7484,24.86
577.9008,25.2
578.0532,25.8
578.2056,27.03
578.358,26.11
578.5104,23.34
578.6628,22.66
578.8152,23.8
578.9676,25.92
579.12,25.56
579.2724,24.98
579.4248,25.14
579.5772,24
579.7296,24.91
579.882,24.16
580.0344,24.19
580.1868,22.98
580.3392,22.94
580.4916,23.45
580.644,24.61
580.7964,26.09
580.9488,28.2
581.1012,27.38
581.2536,27.44
581.406,25.36
581.5584,25.02
581.7108,23.5
581.8632,24.64
582.0156,22.81
582.168,21.56
582.3204,18.89
582.4728,19.5
582.6252,20.42
582.7776,24.38
582.93,24.66
583.0824,25.05
583.2348,23.2
583.3872,23.25
583.5396,24.75
583.692,26.33
583.8444,27.17
583.9968,26.77
584.1492,25.41
584.3016,26.23
584.454,23.83
584.6064,25.34
584.7588,24.53
584.9112,23.69
585.0636,19.27
585.216,19.92
585.3684,21.45
585.5208,25.3
585.6732,25.55
585.8256,27.02
585.978,25.83
586.1304,26.42
586.2828,25.47
586.4352,25.14
586.5876,22.39
586.74,23.59
586.8924,22.09
587.0448,23.27
587.1972,21.2
587.3496,23.28
587.502,24.09
587.6544,24.61
587.8068,24.31
587.9592,24.11
588.1116,23.52
588.264,23.08
588.4164,22.47
588.5688,23.39
588.7212,24.66
588.8736,27.34
589.026,27.27
589.1784,27.45
589.3308,24.41
589.4832,23.03
589.6356,21.69
589.788,20.73
589.9404,22.61
590.0928,22.2
590.2452,21.28
590.3976,22.47
590.55,24.56
590.7024,27.47
590.8548,29.66
591.0072,30.73
591.1596,30.33
591.312,28.42
591.4644,26.2
591.6168,26.81
591.7692,26.48
591.9216,28.33
592.074,29.92
592.2264,28.88
592.3788,24.92
592.5312,21.28
592.6836,21.22
592.836,23.34
592.9884,23.7
593.1408,24.13
593.2932,25.19
593.4456,26.56
593.598,25.05
593.7504,22.53
593.9028,21.53
594.0552,20.89
594.2076,23.86
594.36,23.86
594.5124,24.88
594.6648,21.91
594.8172,19.36
594.9696,18.67
595.122,19.03
595.2744,21.14
595.4268,21.5
595.5792,22.2
595.7316,22.59
595.884,22.27
596.0364,21.22
596.1888,21.19
596.3412,22.23
596.4936,24.33
596.646,23.31
596.7984,23.7
596.9508,20.55
597.1032,22.69
597.2556,22.34
597.408,23.05
597.5604,21.64
597.7128,19.5
597.8652,20.55
598.0176,21.61
598.17,22.22
598.3224,21.47
598.4748,19.61
598.6272,22.16
598.7796,23.92
598.932,25.08
599.0844,22.61
599.2368,20.53
599.3892,20.53
599.5416,18.73
599.694,21.2
599.8464,20.41
599.9988,22.16
600.1512,18.14
600.3036,18.86
600.456,19.95
600.6084,25.75
600.7608,27.59
600.9132,25.5
601.0656,23.06
601.218,20.22
601.3704,21.31
601.5228,19.81
601.6752,21.91
601.8276,22.89
601.98,23.59
602.1324,20.69
602.2848,20.66
602.4372,21.03
602.5896,22.89
602.742,25.48
602.8944,24.44
603.0468,26.98
603.1992,24.81
603.3516,25.94
603.504,23.66
603.6564,23.28
603.8088,23.86
603.9612,24.22
604.1136,23.5
604.266,22.47
604.4184,22.17
604.5708,22.92
604.7232,22.61
604.8756,22.59
605.028,22.28
605.1804,21.53
605.3328,20.11
605.4852,21.84
605.6376,23.64
605.79,24.31
605.9424,22.86
606.0948,21.83
606.2472,19.73
606.3996,21.16
606.552,21.83
606.7044,24.69
606.8568,24.66
607.0092,24.27
607.1616,24.64
607.314,23.22
607.4664,23.22
607.6188,22.86
607.7712,23.94
607.9236,25.41
608.076,25.83
608.2284,24.44
608.3808,22.25
608.5332,23.28
608.6856,22.89
608.838,24.33
608.9904,23.55
609.1428,26.39
609.2952,24.91
609.4476,24.91
609.6,23.13
609.7524,24.64
609.9048,26.19
610.0572,30.19
610.2096,30.53
610.362,30.05
610.5144,26.41
610.6668,26.66
610.8192,24.2
610.9716,24.92
611.124,24.23
611.2764,24.59
611.4288,24.22
611.5812,22.16
611.7336,21.83
611.886,22.27
612.0384,24.34
612.1908,26.44
612.3432,27.69
612.4956,27.27
612.648,25.75
612.8004,22.89
612.9528,22.89
613.1052,24.66
613.2576,25.41
613.41,26.2
613.5624,23.45
613.7148,22.2
613.8672,19.09
614.0196,20.63
614.172,18.73
614.3244,22.8
614.4768,23.11
614.6292,25.89
614.7816,24.56
614.934,25.61
615.0864,26.17
615.2388,28.22
615.3912,28.78
615.5436,31.11
615.696,32.09
615.8484,33.78
616.0008,32.78
616.1532,30.8
616.3056,27.58
616.458,28.05
616.6104,27.13
616.7628,26.78
616.9152,25.88
617.0676,27.77
617.22,26.83
617.3724,27.77
617.5248,24.97
617.6772,26.7
617.8296,27.53
617.982,28.02
618.1344,26.22
618.2868,23.95
618.4392,23.02
618.5916,24.41
618.744,23.55
618.8964,23.13
619.0488,20.8
619.2012,19.41
619.3536,22.67
619.506,25.44
619.6584,25.42
619.8108,24.89
619.9632,26.25
620.1156,26.73
620.268,24.02
620.4204,24.53
620.5728,27.28
620.7252,31.84
620.8776,30.02
621.03,29.53
621.1824,25.42
621.3348,27.14
621.4872,25.77
621.6396,26.19
621.792,25.73
621.9444,23.91
622.0968,26.59
622.2492,23.02
622.4016,23.08
622.554,19.53
622.7064,18.58
622.8588,19.45
623.0112,22.14
623.1636,23.91
623.316,21.56
623.4684,20.7
623.6208,20.23
623.7732,25.78
623.9256,24.91
624.078,24.53
624.2304,19.97
624.3828,21.8
624.5352,24.13
624.6876,27.31
624.84,24.5
624.9924,22.61
625.1448,21.69
625.2972,21.2
625.4496,20.77
625.602,22.58
625.7544,27.77
625.9068,27.81
626.0592,28.33
626.2116,27.33
626.364,29.19
626.5164,26.42
626.6688,24.11
626.8212,23.03
626.9736,20.72
627.126,20.25
627.2784,21.73
627.4308,27.3
627.5832,27.33
627.7356,26.41
627.888,25.95
628.0404,26.86
628.1928,25.47
628.3452,22.19
628.4976,21.27
628.65,18.97
628.8024,18.5
628.9548,16.16
629.1072,18.91
629.2596,22.58
629.412,23.11
629.5644,23.58
629.7168,19.48
629.8692,20.42
630.0216,19.05
630.174,18.09
630.3264,18.97
630.4788,19.38
630.6312,22.56
630.7836,21.63
630.936,23.06
631.0884,21.73
631.2408,22.73
631.3932,21.84
631.5456,21.86
631.698,21.83
631.8504,22.25
632.0028,24.03
632.1552,23.03
632.3076,21.66
632.46,22.56
632.6124,24.91
632.7648,26.28
632.9172,23.61
633.0696,24.63
633.222,22.81
633.3744,24.17
633.5268,22.3
633.6792,28.72
633.8316,29.14
633.984,29.55
634.1364,24.88
634.2888,24.41
634.4412,23.98
634.5936,22.75
634.746,20.47
634.8984,18.64
635.0508,20.42
635.2032,23.23
635.3556,21.81
635.508,21.77
635.6604,20.33
635.8128,23.05
635.9652,22.58
636.1176,22.11
636.27,21.67
636.4224,21.28
636.5748,22.72
636.7272,21.81
636.8796,21.36
637.032,22.23
637.1844,21.75
637.3368,20.31
637.4892,18.91
637.6416,21.66
637.794,24.42
637.9464,24.47
638.0988,24.97
638.2512,21.28
638.4036,20.84
638.556,16.67
638.7084,19.03
638.8608,18.03
639.0132,22.61
639.1656,22.55
639.318,22.63
639.4704,18.48
639.6228,19.91
639.7752,18.97
639.9276,19.89
640.08,17.58
640.2324,19.39
640.3848,18.95
640.5372,20.78
640.6896,20.38
640.842,21.78
640.9944,21.3
641.1468,19.41
641.2992,18.91
641.4516,17.47
641.604,20.28
641.7564,21.27
641.9088,22.25
642.0612,19.47
642.2136,20.44
642.366,22.3
642.5184,26
642.6708,22.66
642.8232,18.47
642.9756,14.76
643.128,17.05
643.2804,17.05
643.4328,18.41
643.5852,18.48
643.7376,20.84
643.89,22.31
644.0424,21.86
644.1948,22.33
644.3472,20.91
644.4996,20.36
644.652,19.83
644.8044,20.25
644.9568,18.89
645.1092,19.83
645.2616,22.72
645.414,24.61
645.5664,25.13
645.7188,20.42
645.8712,19.94
646.0236,19.41
646.176,20.8
646.3284,19.86
646.4808,19.8
646.6332,21.19
646.7856,24.41
646.938,22.66
647.0904,21.75
647.2428,21.33
647.3952,24.56
647.5476,23.63
647.7,22.2
647.8524,23.16
648.0048,24.97
648.1572,28.17
648.3096,26.73
648.462,25.81
648.6144,21.67
648.7668,22.67
648.9192,24.56
649.0716,27.38
649.224,25.98
649.3764,26.91
649.5288,29.19
649.6812,31.08
649.8336,30.52
649.986,28.66
650.1384,28.08
650.2908,27.19
650.4432,28.09
650.5956,27.69
650.748,27.33
650.9004,27.34
651.0528,25.88
651.2052,26.33
651.3576,23.17
651.51,22.3
651.6624,20.84
651.8148,22.13
651.9672,22.55
652.1196,24.8
652.272,25.33
652.4244,27.63
652.5768,25.41
652.7292,25.84
652.8816,23.61
653.034,25.02
653.1864,25.02
653.3388,25.44
653.4912,25.83
653.6436,23.98
653.796,22.61
653.9484,19.88
654.1008,21.25
654.2532,24.09
654.4056,26
654.558,23.28
654.7104,22.83
654.8628,23.27
655.0152,23.19
655.1676,22.63
655.32,21.17
655.4724,23.06
655.6248,22.16
655.7772,23.56
655.9296,19.42
656.082,18.97
656.2344,19.92
656.3868,24.53
656.5392,25.02
656.6916,20.84
656.844,18
656.9964,17.48
657.1488,19.78
657.3012,20.77
657.4536,22.16
657.606,21.7
657.7584,22.64
657.9108,23.66
658.0632,25.95
658.2156,25.06
658.368,23.16
658.5204,20.89
658.6728,20.39
658.8252,19.92
658.9776,18.97
659.13,19.38
659.2824,19.77
659.4348,19.77
659.5872,20.28
659.7396,19.02
659.892,17.63
660.0444,17.19
660.1968,18.11
660.3492,20.89
660.5016,20.36
660.654,21.22
660.8064,22.09
660.9588,24.38
661.1112,23.52
661.2636,24.89
661.416,24.97
661.5684,24.53
661.7208,22.27
661.8732,21.78
662.0256,22.2
662.178,19.88
662.3304,20.28
662.4828,21.19
662.6352,23.92
662.7876,25.31
662.94,24.91
663.0924,28.23
663.2448,25.55
663.3972,26.48
663.5496,25.09
663.702,28.67
663.8544,27.73
664.0068,27.59
664.1592,23.92
664.3116,23.41
664.464,22.11
664.6164,24.45
664.7688,27.72
664.9212,26.78
665.0736,24.03
665.226,22.72
665.3784,26.44
665.5308,27.84
665.6832,28.2
665.8356,23.11
665.988,20.28
666.1404,15.67
666.2928,16.09
666.4452,18.38
666.5976,22.11
666.75,22.16
666.9024,21.77
667.0548,20.89
667.2072,21.84
667.3596,24.14
667.512,23.58
667.6644,23.05
667.8168,20.75
667.9692,21.2
668.1216,20.33
668.274,23.08
668.4264,24.53
668.5788,24.17
668.7312,21.89
668.8836,19.58
669.036,21.83
669.1884,24.59
669.3408,25.5
669.4932,26.28
669.6456,26.69
669.798,30.75
669.9504,31.77
670.1028,32.78
670.2552,30.11
670.4076,29.27
670.56,26.03
670.7124,26.06
670.8648,25.06
671.0172,25.45
671.1696,27.66
671.322,26.7
671.4744,26.69
671.6268,25.3
671.7792,27.14
671.9316,27.22
672.084,26.41
672.2364,25.11
672.3888,27.42
672.5412,26.45
672.6936,25.05
672.846,21.8
672.9984,21.75
673.1508,22.61
673.3032,23.06
673.4556,21.7
673.608,20.81
673.7604,21.81
673.9128,22.75
674.0652,23.2
674.2176,18.05
674.37,18.53
674.5224,19.45
674.6748,21.69
674.8272,19.38
674.9796,19.33
675.132,21.7
675.2844,23.5
675.4368,23.09
675.5892,26.34
675.7416,25.03
675.894,25.95
676.0464,19.02
676.1988,21.75
676.3512,21.73
676.5036,25.39
676.656,24.45
676.8084,23.05
676.9608,21.64
677.1132,18.84
677.2656,20.73
677.418,22.67
677.5704,27.36
677.7228,25.95
677.8752,23.61
678.0276,22.22
678.18,22.2
678.3324,23.53
678.4848,21.66
678.6372,22.58
678.7896,21.23
678.942,21.67
679.0944,20.75
679.2468,20.34
679.3992,21.8
679.5516,23.22
679.704,25.98
679.8564,26.89
680.0088,26.91
680.1612,26.38
680.3136,23.58
680.466,22.11
680.6184,21.66
680.7708,23.98
680.9232,27.75
681.0756,25.47
681.228,25
681.3804,21.33
681.5328,26
681.6852,24.16
681.8376,24.11
681.99,21.77
682.1424,23.58
682.2948,25.83
682.4472,26.69
682.5996,26.69
682.752,26.34
682.9044,25.98
683.0568,26.95
683.2092,25.06
683.3616,22.73
683.514,18.56
683.6664,18.53
683.8188,19.84
683.9712,23.02
684.1236,22.95
684.276,22.08
684.4284,20.3
684.5808,20.36
684.7332,20.84
684.8856,21.78
685.038,21.81
685.1904,21.36
685.3428,20.36
685.4952,19.83
685.6476,18.84
685.8,17.92
685.9524,17.48
686.1048,19.31
686.2572,22.14
686.4096,25.03
686.562,24.16
686.7144,21.84
686.8668,19.45
687.0192,19
687.1716,17.56
687.324,16.61
687.4764,17.03
687.6288,17.95
687.7812,17.94
687.9336,18.95
688.086,19.48
688.2384,19.09
688.3908,17.64
688.5432,19.5
688.6956,21.28
688.848,24.03
689.0004,23.5
689.1528,23.42
689.3052,21.14
689.4576,21.17
689.61,22.19
689.7624,26.33
689.9148,25.95
690.0672,24.56
690.2196,23.66
690.372,28.58
690.5244,29.94
690.6768,28.09
690.8292,23.06
690.9816,23.5
691.134,22.56
691.2864,23.06
691.4388,22.2
691.5912,21.8
691.7436,22.23
691.896,22.22
692.0484,23.11
692.2008,23.61
692.3532,21.3
692.5056,20.34
692.658,21.22
692.8104,23.98
692.9628,23.98
693.1152,21.2
693.2676,21.2
693.42,22.16
693.5724,22.66
693.7248,25.02
693.8772,24.53
694.0296,25.05
694.182,24.13
694.3344,26.41
694.4868,28.16
694.6392,27.61
694.7916,26.2
694.944,24.86
695.0964,21.7
695.2488,20.84
695.4012,19.02
695.5536,17.63
695.706,17.17
695.8584,19
696.0108,20.81
696.1632,19.84
696.3156,21.19
696.468,22.56
696.6204,24.86
696.7728,22.56
696.9252,21.7
697.0776,21.33
697.23,23.7
697.3824,24.61
697.5348,24.11
697.6872,21.77
697.8396,20.81
697.992,22.13
698.1444,20.27
698.2968,22.11
698.4492,23.05
698.6016,26.38
698.754,28.3
698.9064,26.53
699.0588,24.59
699.2112,20.39
699.3636,20.33
699.516,18.91
699.6684,19.8
699.8208,20.22
699.9732,23.47
700.1256,23.94
700.278,25.81
700.4304,24.45
700.5828,22.66
700.7352,19.94
700.8876,21.39
701.04,23.22
701.1924,24.14
701.3448,23.17
701.4972,24.11
701.6496,24.53
701.802,24.98
701.9544,22.64
702.1068,20.81
702.2592,18.5
702.4116,20.31
702.564,20.73
702.7164,22.59
702.8688,23.11
703.0212,24.97
703.1736,24.52
703.326,24.02
703.4784,21.17
703.6308,19.69
703.7832,20.64
703.9356,21.61
704.088,24.94
704.2404,24.09
704.3928,25.95
704.5452,26.42
704.6976,26.88
704.85,27.45
705.0024,28.3
705.1548,31.47
705.3072,30.38
705.4596,34.97
705.612,30.83
705.7644,32.81
705.9168,30.16
706.0692,30.63
706.2216,27.39
706.374,21.39
706.5264,25.58
706.6788,26.84
706.8312,26.3
706.9836,19.77
707.136,19.75
707.2884,25.31
707.4408,27.59
707.5932,24.89
707.7456,23.17
707.898,23.72
708.0504,26.02
708.2028,25.91
708.3552,26.36
708.5076,25.42
708.66,23.13
708.8124,20.77
708.9648,21.23
709.1172,21.66
709.2696,20.78
709.422,21.27
709.5744,21.73
709.7268,24.02
709.8792,24.03
710.0316,21.75
710.184,21.77
710.3364,18.94
710.4888,21.22
710.6412,21.66
710.7936,20.73
710.946,19.81
711.0984,19.41
711.2508,19.91
711.4032,20.38
711.5556,19.45
711.708,24.55
711.8604,24.11
712.0128,22.7
712.1652,20.78
712.3176,21.7
712.47,23.05
712.6224,22.61
712.7748,22.64
712.9272,24.58
713.0796,24.64
713.232,25.13
713.3844,23.69
713.5368,23.7
713.6892,24.61
713.8416,25.95
713.994,24.97
714.1464,21.22
714.2988,19.86
714.4512,17.5
714.6036,18.44
714.756,20.77
714.9084,25.05
715.0608,27.88
715.2132,25.53
715.3656,23.64
715.518,23.61
715.6704,24.53
715.8228,28.55
715.9752,27.63
716.1276,26.23
716.28,24.52
716.4324,24.55
716.5848,25.5
716.7372,25.55
716.8896,24.53
717.042,25.94
717.1944,24.94
717.3468,25.44
717.4992,28.09
717.6516,28.53
717.804,30.81
717.9564,29.94
718.1088,30.45
718.2612,27.75
718.4136,25.06
718.566,24.59
718.7184,25.47
718.8708,26.8
719.0232,26.8
719.1756,26.8
719.328,24.92
719.4804,24.42
719.6328,21.67
719.7852,21.2
719.9376,18.05
720.09,20.88
720.2424,21.34
720.3948,23.64
720.5472,25
720.6996,26.39
720.852,27.78
721.0044,26.78
721.1568,28.58
721.3092,26.28
721.4616,26.7
721.614,24.94
721.7664,26.28
721.9188,24.97
722.0712,24.06
722.2236,24.11
722.376,22.2
722.5284,19.86
722.6808,20.31
722.8332,20.33
722.9856,24.05
723.138,21.72
723.2904,24
723.4428,24.81
723.5952,25.33
723.7476,23.95
723.9,19.42
724.0524,21.7
724.2048,23.13
724.3572,23.59
724.5096,23.58
724.662,22.19
724.8144,24.92
724.9668,23.98
725.1192,23.94
725.2716,23.47
725.424,23.14
725.5764,23.69
725.7288,24.69
725.8812,25.47
726.0336,25.47
726.186,22.64
726.3384,24.53
726.4908,26.73
726.6432,29.02
726.7956,27.11
726.948,27.61
727.1004,25.39
727.2528,23.14
727.4052,20.83
727.5576,22.19
727.71,22.16
727.8624,21.23
728.0148,21.66
728.1672,22.63
728.3196,23.52
728.472,22.56
728.6244,23.45
728.7768,23.5
728.9292,22.17
729.0816,21.25
729.234,23.11
729.3864,24.03
729.5388,24.53
729.6912,22.28
729.8436,22.8
729.996,22.73
730.1484,23.09
730.3008,21.64
730.4532,23.95
730.6056,25.8
730.758,28.17
730.9104,26.81
731.0628,24.53
731.2152,21.75
731.3676,22.22
731.52,21.3
731.6724,21.78
731.8248,19.36
731.9772,22.05
732.1296,22.44
732.282,21.58
732.4344,18.41
732.5868,17.09
732.7392,19.95
732.8916,21.81
733.044,25.48
733.1964,25.92
733.3488,24.53
733.5012,24.02
733.6536,23.05
733.806,24.91
733.9584,23.06
734.1108,25.86
734.2632,24.98
734.4156,27.36
734.568,25.06
734.7204,26.38
734.8728,27.34
735.0252,29.19
735.1776,27.86
735.33,28.7
735.4824,25.83
735.6348,27.61
735.7872,25.3
735.9396,25.33
736.092,22.61
736.2444,19.92
736.3968,20.41
736.5492,22.73
736.7016,25.03
736.854,25.05
737.0064,25.02
737.1588,24.98
737.3112,24.92
737.4636,23.05
737.616,22.98
737.7684,23.52
737.9208,24.5
738.0732,24.53
738.2256,21.75
738.378,21.28
738.5304,17.61
738.6828,17.14
738.8352,16.63
738.9876,18.86
739.14,24.38
739.2924,24.84
739.4448,27.22
739.5972,24.52
739.7496,25.58
739.902,26.03
740.0544,25.56
740.2068,26.83
740.3592,22.22
740.5116,25.44
740.664,23.55
740.8164,25.38
740.9688,20.7
741.1212,19.28
741.2736,21.16
741.426,22.61
741.5784,22.72
741.7308,24.11
741.8832,23.16
742.0356,25
742.188,24.08
742.3404,27.28
742.4928,25.84
742.6452,23.92
742.7976,22.08
742.95,23.88
743.1024,25.33
743.2548,23.98
743.4072,20.39
743.5596,20.88
743.712,23.19
743.8644,26.39
744.0168,24.53
744.1692,25.5
744.3216,25.92
744.474,26.36
744.6264,25.38
744.7788,22.64
744.9312,23.66
745.0836,24.59
745.236,26.91
745.3884,24.98
745.5408,24.97
745.6932,26.39
745.8456,29.61
745.998,28.67
746.1504,28.58
746.3028,29.48
746.4552,29
746.6076,28.13
746.76,26.38
746.9124,26.48
747.0648,25.06
747.2172,24.53
747.3696,21.69
747.522,22.66
747.6744,22.75
747.8268,24.58
747.9792,24.06
748.1316,23.05
748.284,23.05
748.4364,24.48
748.5888,24.53
748.7412,26.86
748.8936,26.38
749.046,28.23
749.1984,28.7
749.3508,28.75
749.5032,25.95
749.6556,23.58
749.808,24.92
749.9604,26.27
750.1128,28.06
750.2652,25.8
750.4176,24.45
750.57,25.48
750.7224,24.08
750.8748,25.91
751.0272,23.14
751.1796,24.09
751.332,24.56
751.4844,24.06
751.6368,23.52
751.7892,21.16
751.9416,21.63
752.094,21.23
752.2464,24.53
752.3988,24.08
752.5512,26.38
752.7036,22.69
752.856,21.31
753.0084,19.91
753.1608,21.66
753.3132,24.81
753.4656,25.69
753.618,29.03
753.7704,28.2
753.9228,30.14
754.0752,28.38
754.2276,26.97
754.38,26.05
754.5324,25.05
754.6848,28.33
754.8372,28.3
754.9896,25.95
755.142,22.67
755.2944,22.2
755.4468,23.56
755.5992,23.14
755.7516,22.28
755.904,22.8
756.0564,25.53
756.2088,29.27
756.3612,29.72
756.5136,30.17
756.666,26.84
756.8184,24.45
756.9708,23.06
757.1232,22.55
757.2756,23.08
757.428,24.02
757.5804,25.11
757.7328,27.45
757.8852,27.91
758.0376,28.78
758.19,28.28
758.3424,26.91
758.4948,25.94
758.6472,27.7
758.7996,28.09
758.952,28.59
759.1044,27.31
759.2568,24.58
759.4092,21.8
759.5616,19.95
759.714,21.81
759.8664,24.17
760.0188,25.08
760.1712,26.41
760.3236,29.06
760.476,28.56
760.6284,29.88
760.7808,27.58
760.9332,31.25
761.0856,30.5
761.238,30.61
761.3904,27.89
761.5428,27.84
761.6952,25.92
761.8476,27.8
762,26.86
762.1524,31.88
762.3048,32.25
762.4572,34.06
762.6096,32.31
762.762,28.7
762.9144,27.88
763.0668,28.33
763.2192,29.25
763.3716,31.06
763.524,28.31
763.6764,30.52
763.8288,29.53
763.9812,31.31
764.1336,30.41
764.286,30.88
764.4384,30.45
764.5908,33.31
764.7432,35.28
764.8956,33.88
765.048,29.17
765.2004,23.98
765.3528,25.78
765.5052,26.28
765.6576,27.23
765.81,26.42
765.9624,26.8
766.1148,27.19
766.2672,28.09
766.4196,28.17
766.572,26.78
766.7244,26.33
766.8768,28.66
767.0292,31.03
767.1816,30.11
767.334,29.13
767.4864,26.3
767.6388,25.33
767.7912,22.53
767.9436,23
768.096,23.52
768.2484,24.61
768.4008,24.22
768.5532,23.27
768.7056,21.78
768.858,23.58
769.0104,25.88
769.1628,26.81
769.3152,27.2
769.4676,30.41
769.62,32.22
769.7724,33.69
769.9248,32
770.0772,32.97
770.2296,29.27
770.382,27.78
770.5344,23.17
770.6868,23.16
770.8392,21.28
770.9916,23.5
771.144,21.61
771.2964,23.88
771.4488,25.28
771.6012,29.97
771.7536,28.73
771.906,27.45
772.0584,27.45
772.2108,27.31
772.3632,29.19
772.5156,29.66
772.668,29.27
772.8204,29.16
772.9728,27.3
773.1252,25.41
773.2776,24.97
773.43,25.47
773.5824,28.75
773.7348,29.72
773.8872,26.44
774.0396,26
774.192,26.52
774.3444,33.5
774.4968,36.19
774.6492,35.66
774.8016,31.39
774.954,28.17
775.1064,26.19
775.2588,24.88
775.4112,24.97
775.5636,23.41
775.716,22.22
775.8684,23.92
776.0208,26.13
776.1732,31.94
776.3256,34.28
776.478,34.69
776.6304,30.5
776.7828,28.22
776.9352,26.91
777.0876,27.92
777.24,28.42
777.3924,27.92
777.5448,26.94
777.6972,23.17
777.8496,22.66
778.002,22.56
778.1544,23.44
778.3068,24.83
778.4592,24.84
778.6116,23.94
778.764,24.53
778.9164,24.19
779.0688,24.16
779.2212,25.5
779.3736,25.45
779.526,27.83
779.6784,25.97
779.8308,24.52
779.9832,24.47
780.1356,23.47
780.288,24.44
780.4404,22.67
780.5928,21.83
780.7452,24.16
780.8976,25.05
781.05,26.02
781.2024,25.97
781.3548,24.56
781.5072,26.77
781.6596,26.3
781.812,32.72
781.9644,31.84
782.1168,31.89
782.2692,25.47
782.4216,26
782.574,26.92
782.7264,25.53
782.8788,24.98
783.0312,25.41
783.1836,24.47
783.336,24.47
783.4884,23.05
783.6408,25.83
783.7932,25.38
783.9456,28.63
784.098,31.86
784.2504,32.75
784.4028,30.47
784.5552,28.19
784.7076,26.84
784.86,27.33
785.0124,26.38
785.1648,25.84
785.3172,25.33
785.4696,27.05
785.622,28.89
785.7744,28.48
785.9268,27.75
786.0792,26.98
786.2316,28.34
786.384,29.66
786.5364,30.55
786.6888,29.2
786.8412,29.19
786.9936,27.27
787.146,24.02
787.2984,23.56
787.4508,23.09
787.6032,24.97
787.7556,22.25
787.908,23.2
788.0604,22.7
788.2128,24.05
788.3652,24.03
788.5176,25.44
788.67,23.09
788.8224,23.06
788.9748,24.86
789.1272,25.33
789.2796,22.59
789.432,19.94
789.5844,20.92
789.7368,24.64
789.8892,26.41
790.0416,28.64
790.194,27.2
790.3464,24.44
790.4988,22.55
790.6512,23.45
790.8036,24.81
790.956,24.89
791.1084,24.44
791.2608,22.2
791.4132,23.14
791.5656,23.14
791.718,25.42
791.8704,27.67
792.0228,28.61
792.1752,28.61
792.3276,24
792.48,23.91
792.6324,22.92
792.7848,26.63
792.9372,23.5
793.0896,26.84
793.242,24.63
793.3944,28.31
793.5468,26.47
793.6992,27.83
793.8516,25.45
794.004,24.52
794.1564,22.16
794.3088,23.52
794.4612,23.02
794.6136,25.36
794.766,25.05
794.9184,29.67
795.0708,29.22
795.2232,31.5
795.3756,31.11
795.528,30.19
795.6804,30.08
795.8328,29.97
795.9852,32.66
796.1376,29.47
796.29,28.11
796.4424,29.08
796.5948,30.11
796.7472,30.64
796.8996,26.06
797.052,25.52
797.2044,23.17
797.3568,23.63
797.5092,25.42
797.6616,23.13
797.814,26.77
797.9664,24.94
798.1188,28.19
798.2712,29.66
798.4236,32.03
798.576,34.78
798.7284,34.69
798.8808,33.31
799.0332,30.94
799.1856,27.3
799.338,29.47
799.4904,28.13
799.6428,27.61
799.7952,23.06
799.9476,24.92
800.1,26.84
800.2524,28.72
800.4048,28.75
800.5572,28.25
800.7096,27.34
800.862,28.27
801.0144,27.84
801.1668,32.53
801.3192,30.66
801.4716,29.69
801.624,27.3
801.7764,25.45
801.9288,25.5
802.0812,26.53
802.2336,30.72
802.386,32.44
802.5384,32.31
802.6908,32.78
802.8432,33.34
802.9956,36.09
803.148,35.16
803.3004,36.5
803.4528,37.38
803.6052,37.78
803.7576,38.34
803.91,32.38
804.0624,31.45
804.2148,28.56
804.3672,31.36
804.5196,32.31
804.672,34.22
804.8244,33.78
804.9768,34.28
805.1292,36.06
805.2816,38.84
805.434,40.28
805.5864,36.66
805.7388,36.69
805.8912,35.66
806.0436,40.19
806.196,38.84
806.3484,37.47
806.5008,35.19
806.6532,32.75
806.8056,35.5
806.958,34.94
807.1104,36.81
807.2628,34.13
807.4152,30.53
807.5676,27.36
807.72,25.47
807.8724,32.41
808.0248,35.13
808.1772,39.78
808.3296,38.38
808.482,38.31
808.6344,36.91
808.7868,37.81
808.9392,43.53
809.0916,44.63
809.244,44.59
809.3964,41.69
809.5488,41.53
809.7012,38.28
809.8536,37.06
810.006,32.34
810.1584,32.41
810.3108,32.28
810.4632,35.16
810.6156,36.56
810.768,36.63
810.9204,38.56
811.0728,39.44
811.2252,38.03
811.3776,35.06
811.53,36
811.6824,38.78
811.8348,40.78
811.9872,40.31
812.1396,38.44
812.292,35.16
812.4444,33.31
812.5968,35.13
812.7492,38.06
812.9016,36.91
813.054,33.41
813.2064,33.03
813.3588,33.38
813.5112,33.91
813.6636,36.13
813.816,33.53
813.9684,36.63
814.1208,35.22
814.2732,37.47
814.4256,36.13
814.578,34.38
814.7304,35.31
814.8828,34.06
815.0352,37.22
815.1876,36.81
815.34,36.81
815.4924,34.16
815.6448,30.08
815.7972,29.53
815.9496,29.91
816.102,35.66
816.2544,33.94
816.4068,32.53
816.5592,31.23
816.7116,30.31
816.864,32.19
817.0164,31.81
817.1688,34.44
817.3212,29.44
817.4736,27.97
817.626,25.28
817.7784,26.09
817.9308,25.72
818.0832,29.44
818.2356,30.48
818.388,31.84
818.5404,32.75
818.6928,35.84
818.8452,35.84
818.9976,34
819.15,34.03
819.3024,35.78
819.4548,36.22
819.6072,38.03
819.7596,37.19
819.912,35.47
820.0644,35.44
820.2168,33.63
820.3692,37.16
820.5216,35.41
820.674,36.69
820.8264,33.47
820.9788,30.73
821.1312,31.67
821.2836,32.19
821.436,34
821.5884,32.28
821.7408,33.16
821.8932,32.78
822.0456,31.8
822.198,30.47
822.3504,29.55
822.5028,31.84
822.6552,35.94
822.8076,39.06
822.96,39.59
823.1124,38.97
823.2648,37.63
823.4172,35.78
823.5696,36.91
823.722,35.59
823.8744,39.28
824.0268,37.34
824.1792,37.72
824.3316,38.56
824.484,38.56
824.6364,37.63
824.7888,31.73
824.9412,31.66
825.0936,33.06
825.246,34.44
825.3984,34.13
825.5508,37.84
825.7032,39.72
825.8556,42.5
826.008,40.63
826.1604,40.56
826.3128,37.25
826.4652,34.5
826.6176,34.44
826.77,37.16
826.9224,37.66
827.0748,37.66
827.2272,33.19
827.3796,35.56
827.532,35.63
827.6844,35.59
827.8368,35.41
827.9892,33.53
828.1416,33.88
828.294,33.09
828.4464,36.22
828.5988,38.63
828.7512,35.47
828.9036,33.78
829.056,29.25
829.2084,32.84
829.3608,32.41
829.5132,37.78
829.6656,38.22
829.818,39.5
829.9704,37.19
830.1228,35.66
830.2752,33.44
830.4276,32.13
830.58,33.16
830.7324,33.19
830.8848,36.84
831.0372,36.06
831.1896,37.34
831.342,31.81
831.4944,29.42
831.6468,27.14
831.7992,30.33
831.9516,33.97
832.104,35.88
832.2564,38.16
832.4088,35.5
832.5612,37.72
832.7136,37.78
832.866,38.28
833.0184,36.44
833.1708,33.13
833.3232,33.47
833.4756,31.75
833.628,33.97
833.7804,33.53
833.9328,35.28
834.0852,31.81
834.2376,31.33
834.39,32.72
834.5424,35.47
834.6948,36.78
834.8472,35.88
834.9996,35.78
835.152,36.31
835.3044,35.84
835.4568,32.66
835.6092,35.34
835.7616,36.28
835.914,40.91
836.0664,38.19
836.2188,39.13
836.3712,36.97
836.5236,36.94
836.676,34.63
836.8284,34.88
836.9808,34
837.1332,32.06
837.2856,31.69
837.438,31.2
837.5904,32.69
837.7428,34.44
837.8952,34.53
838.0476,33.63
838.2,33.72
838.3524,34.5
838.5048,38.5
838.6572,38.44
838.8096,38.91
838.962,39.88
839.1144,39.84
839.2668,41.28
839.4192,39.06
839.5716,38.28
839.724,33.31
839.8764,34.69
840.0288,38.69
840.1812,42.72
840.3336,41.72
840.486,37.63
840.6384,41.13
840.7908,40.72
840.9432,39.41
841.0956,33.22
841.248,33.31
841.4004,36.88
841.5528,40.53
841.7052,37.69
841.8576,35.38
842.01,31.64
842.1624,33.84
842.3148,40.72
842.4672,44.81
842.6196,44.25
842.772,37.47
842.9244,32.56
843.0768,33.72
843.2292,34.72
843.3816,36.53
843.534,36.47
843.6864,35.44
843.8388,32.19
843.9912,30.44
844.1436,30.75
844.296,34.38
844.4484,34.38
844.6008,33.19
844.7532,33.72
844.9056,36.38
845.058,38.19
845.2104,39.97
845.3628,38.59
845.5152,37.56
845.6676,33.88
845.82,33.03
845.9724,33.47
846.1248,34.91
846.2772,35.84
846.4296,35
846.582,35.88
846.7344,35.41
846.8868,36.81
847.0392,34.5
847.1916,29.94
847.344,28.97
847.4964,30.83
847.6488,35.75
847.8012,33.06
847.9536,30.38
848.106,29.03
848.2584,32.25
848.4108,33.13
848.5632,33.72
848.7156,31.38
848.868,33.16
849.0204,33.56
849.1728,30.83
849.3252,34.06
849.4776,33.47
849.63,40.84
849.7824,38.47
849.9348,38.66
850.0872,37.56
850.2396,34.53
850.392,34.5
850.5444,30.5
850.6968,31.39
850.8492,30.83
851.0016,34.84
851.154,35.16
851.3064,36.59
851.4588,33.03
851.6112,34.09
851.7636,33.19
851.916,35.56
852.0684,40.66
852.2208,40.56
852.3732,41.34
852.5256,36.13
852.678,33.97
852.8304,34.47
852.9828,35.81
853.1352,36.25
853.2876,34
853.44,30.89
853.5924,30.94
853.7448,29.58
853.8972,32.38
854.0496,32.84
854.202,33.69
854.3544,30.42
854.5068,34.81
854.6592,33.88
854.8116,36.53
854.964,35.28
855.1164,35.38
855.2688,33.25
855.4212,27.28
855.5736,27.31
855.726,28.14
855.8784,34.91
856.0308,35.66
856.1832,34.69
856.3356,36.59
856.488,41.59
856.6404,43.88
856.7928,39.38
856.9452,35.88
857.0976,33.66
857.25,34.09
857.4024,31.41
857.5548,34.5
857.7072,33.59
857.8596,36.22
858.012,32.19
858.1644,28.95
858.3168,26.72
858.4692,31.25
858.6216,35.38
858.774,38.25
858.9264,34.22
859.0788,31.97
859.2312,25.47
859.3836,25.84
859.536,26.22
859.6884,31.59
859.8408,32.5
859.9932,32.44
860.1456,33
860.298,29.84
860.4504,29.03
860.6028,26.36
860.7552,26.83
860.9076,24.61
861.06,24.92
861.2124,26.25
861.3648,28.88
861.5172,30.3
861.6696,26.67
861.822,24.88
861.9744,22.67
862.1268,24.53
862.2792,28.67
862.4316,26.88
862.584,27.36
862.7364,23.61
862.8888,27.61
863.0412,28.86
863.1936,29.39
863.346,29.36
863.4984,31.61
863.6508,34.44
863.8032,35.41
863.9556,36.44
864.108,35.84
864.2604,30.53
864.4128,30.91
864.5652,31.31
864.7176,33.47
864.87,31.2
865.0224,32.06
865.1748,33
865.3272,33.47
865.4796,34.03
865.632,33.63
865.7844,33.22
865.9368,28.19
866.0892,30.47
866.2416,28.64
866.394,32.59
866.5464,31.63
866.6988,33.34
866.8512,33.91
867.0036,31.19
867.156,28.14
867.3084,26.34
867.4608,30.48
867.6132,32.75
867.7656,30.94
867.918,30.88
868.0704,33
868.2228,33.88
868.3752,31.17
868.5276,32.56
868.68,35.28
868.8324,37.97
868.9848,39.88
869.1372,35.81
869.2896,35.44
869.442,34.13
869.5944,37.44
869.7468,35.53
869.8992,34.94
870.0516,33
870.204,35.19
870.3564,33.88
870.5088,34.31
870.6612,33.03
870.8136,31.22
870.966,31.77
871.1184,33.19
871.2708,33.28
871.4232,31.94
871.5756,31.94
871.728,37.69
871.8804,40.28
872.0328,39.25
872.1852,34.03
872.3376,37.97
872.49,40.84
872.6424,44.47
872.7948,39
872.9472,36.06
873.0996,32.06
873.252,32.5
873.4044,35.94
873.5568,36.34
873.7092,35.81
873.8616,32.31
874.014,33.59
874.1664,34.97
874.3188,33.63
874.4712,29.7
874.6236,32.38
874.776,37.56
874.9284,38.19
875.0808,32
875.2332,26.52
875.3856,30.02
875.538,33.47
875.6904,36.31
875.8428,35.91
875.9952,36.75
876.1476,36.34
876.3,35.84
876.4524,35.47
876.6048,35.44
876.7572,38
876.9096,38.25
877.062,40.09
877.2144,39.28
877.3668,38.19
877.5192,37.88
877.6716,37.41
877.824,39.69
877.9764,38.59
878.1288,40.13
878.2812,39.41
878.4336,42.41
878.586,39.53
878.7384,39.84
878.8908,40.94
879.0432,42.34
879.1956,45
879.348,47.31
879.5004,49.53
879.6528,50.66
879.8052,49.47
879.9576,52.13
880.11,48.31
880.2624,49.38
880.4148,47.38
880.5672,55.88
880.7196,51.75
880.872,54.47
881.0244,49.72
881.1768,50.38
881.3292,49.56
881.4816,51.41
881.634,53.81
881.7864,52.06
881.9388,49.13
882.0912,45.72
882.2436,49.72
882.396,48.25
882.5484,50.72
882.7008,44.81
882.8532,45.59
883.0056,44.72
883.158,44.44
883.3104,42.22
883.4628,38.75
883.6152,36.09
883.7676,38.25
883.92,40.38
884.0724,43.97
884.2248,45.44
884.3772,47.72
884.5296,48.53
884.682,42.31
884.8344,41.25
884.9868,40.69
885.1392,43.34
885.2916,38.88
885.444,38.38
885.5964,37.88
885.7488,40.41
885.9012,38.88
886.0536,37.38
886.206,36.28
886.3584,35.91
886.5108,39.66
886.6632,37.91
886.8156,38.72
886.968,35.84
887.1204,34.72
887.2728,28.75
887.4252,26.05
887.5776,27.83
887.73,29.3
887.8824,28.58
888.0348,27.42
888.1872,30.84
888.3396,32.63
888.492,36.75
888.6444,38.19
888.7968,42.41
888.9492,41.31
889.1016,40.19
889.254,39
889.4064,38.22
889.5588,36.78
889.7112,32
889.8636,26.09
890.016,23.52
890.1684,26.16
890.3208,27.97
890.4732,27.92
890.6256,26.33
890.778,27.09
890.9304,27.05
891.0828,28.92
891.2352,30
891.3876,30.75
891.54,29.28
891.6924,28.66
891.8448,27.97
891.9972,29.08
892.1496,26.41
892.302,26.78
892.4544,23.05
892.6068,25.63
892.7592,26.23
892.9116,27.7
893.064,27.3
893.2164,27.39
893.3688,27.05
893.5212,26.77
893.6736,23.48
893.826,24.27
893.9784,23.86
894.1308,24.89
894.2832,25.22
894.4356,24.81
894.588,26.3
894.7404,26.28
894.8928,24.06
895.0452,23.69
895.1976,24.48
895.35,26.8
895.5024,25.36
895.6548,25.39
895.8072,27.59
895.9596,28.67
896.112,26.39
896.2644,24.45
896.4168,26.28
896.5692,31.06
896.7216,33.31
896.874,32.59
897.0264,30.06
897.1788,31.23
897.3312,33.56
897.4836,31.39
897.636,26.16
897.7884,22.31
897.9408,24.08
898.0932,24.03
898.2456,25.5
898.398,21.47
898.5504,24.78
898.7028,20.73
898.8552,21.48
899.0076,20.81
899.16,21.97
899.3124,25.39
899.4648,23.53
899.6172,26.86
899.7696,26.47
899.922,30.14
900.0744,30.14
900.2268,28.98
900.3792,26.78
900.5316,27.5
900.684,33.06
900.8364,35.28
900.9888,37.59
901.1412,34.59
901.2936,32.34
901.446,30
901.5984,28.88
901.7508,28.16
901.9032,25.97
902.0556,24.89
902.208,27.13
902.3604,27.16
902.5128,26.02
902.6652,23.42
902.8176,23.44
902.97,24.92
903.1224,24.88
903.2748,24.39
903.4272,22.92
903.5796,22.58
903.732,22.27
903.8844,25.7
904.0368,26.48
904.1892,28.41
904.3416,27.64
904.494,29.13
904.6464,32.75
904.7988,32.19
904.9512,30.98
905.1036,27.95
905.256,26.94
905.4084,25.86
905.5608,26.69
905.7132,26.38
905.8656,27.55
906.018,22.75
906.1704,23.02
906.3228,20.77
906.4752,25.95
906.6276,27.13
906.78,29.67
906.9324,28.13
907.0848,28.44
907.2372,27.72
907.3896,26.66
907.542,25.28
907.6944,29.81
907.8468,28.38
907.9992,26.5
908.1516,22.41
908.304,22.69
908.4564,24.16
908.6088,26.3
908.7612,28.89
908.9136,32.22
909.066,31.47
909.2184,27.42
909.3708,25.59
909.5232,23.09
909.6756,26.06
909.828,25.72
909.9804,25.33
910.1328,23.84
910.2852,23.81
910.4376,25.28
910.59,23.05
910.7424,20.83
910.8948,20.89
911.0472,25.02
911.1996,25.78
911.352,25.81
911.5044,24.94
911.6568,25.03
911.8092,24.06
911.9616,24.38
912.114,23.3
912.2664,23.98
912.4188,23.56
912.5712,25.59
912.7236,24.16
912.876,23.55
913.0284,22.09
913.1808,22.7
913.3332,20.13
913.4856,19.27
913.638,19.45
913.7904,20.81
913.9428,20.5
914.0952,20.27
914.2476,21.77
914.4,22.11
914.5524,23.53
914.7048,23.27
914.8572,23.3
915.0096,20.77
915.162,19.97
915.3144,20.52
915.4668,21.64
915.6192,21.28
915.7716,20.11
915.924,19.5
916.0764,18.66
916.2288,18.41
916.3812,19.28
916.5336,22.16
916.686,24.67
916.8384,24.64
916.9908,23.17
917.1432,24.33
917.2956,24.34
917.448,22.91
917.6004,22.61
917.7528,23.48
917.9052,25.3
918.0576,24.19
918.21,23.39
918.3624,23.09
918.5148,23.72
918.6672,22.81
918.8196,23.11
918.972,23.39
919.1244,24.81
919.2768,27.95
919.4292,29.3
919.5816,29.88
919.734,27.08
919.8864,25.5
920.0388,25.23
920.1912,26.64
920.3436,29.8
920.496,31.19
920.6484,29.39
920.8008,28.97
920.9532,27.5
921.1056,27.77
921.258,24.33
921.4104,23.2
921.5628,20.94
921.7152,18.97
921.8676,17.86
922.02,16.72
922.1724,14.99
922.3248,15.19
922.4772,16
922.6296,17.7
922.782,16.05
922.9344,16.38
923.0868,16.66
923.2392,16.42
923.3916,15.27
923.544,15.33
923.6964,17.34
923.8488,19.11
924.0012,18.52
924.1536,18.48
924.306,17.88
924.4584,17.55
924.6108,17.23
924.7632,17.25
924.9156,18.17
925.068,15.02
925.2204,14.13
925.3728,14.97
925.5252,14.96
925.6776,15.53
925.83,13.47
925.9824,15.46
926.1348,15.42
926.2872,14.02
926.4396,14.56
926.592,15.76
926.7444,16.63
926.8968,15.85
927.0492,13.55
927.2016,14.72
927.354,15.55
927.5064,16.97
927.6588,16.95
927.8112,16.97
927.9636,16.66
928.116,16.94
928.2684,15.2
928.4208,14.95
928.5732,14.07
928.7256,16.92
928.878,16.63
929.0304,16.91
929.1828,14.58
929.3352,13.39
929.4876,11.97
929.64,14.56
929.7924,16
929.9448,19.73
930.0972,19.19
930.2496,18.92
930.402,16.67
930.5544,15.88
930.7068,15.35
930.8592,14.77
931.0116,14.45
931.164,16.98
931.3164,18.13
931.4688,15.81
931.6212,14.67
931.7736,12.68
931.926,14.44
932.0784,14.7
932.2308,16.13
932.3832,17.59
932.5356,15.9
932.688,14.98
932.8404,13.45
932.9928,13.4
933.1452,13.09
933.2976,14.26
933.45,14.29
933.6024,14.34
933.7548,13.53
933.9072,15.26
934.0596,16.09
934.212,15.51
934.3644,13.8
934.5168,12.36
934.6692,12.63
934.8216,12.02
934.974,11.17
935.1264,11.45
935.2788,12.92
935.4312,16.39
935.5836,16.39
935.736,14.65
935.8884,14.91
936.0408,14.62
936.1932,16.91
936.3456,15.16
936.498,17.11
936.6504,17.09
936.8028,17.38
936.9552,15.14
937.1076,13.74
937.26,12.08
937.4124,11.23
937.5648,10.95
937.7172,11.83
937.8696,12.7
938.022,13.59
938.1744,14.72
938.3268,15.31
938.4792,14.15
938.6316,13.02
938.784,13.31
938.9364,15.64
939.0888,17.69
939.2412,17.98
939.3936,16.55
939.546,15.09
939.6984,14.45
939.8508,13.79
940.0032,14.59
940.1556,14.87
940.308,16.58
940.4604,17.14
940.6128,16.25
940.7652,17.38
940.9176,15.97
941.07,16.86
941.2224,14.87
941.3748,14.3
941.5272,13.73
941.6796,15.41
941.832,16.5
941.9844,17.06
942.1368,15.93
942.2892,14.27
942.4416,14.61
942.594,15.47
942.7464,16.33
942.8988,16.91
943.0512,18.11
943.2036,20.13
943.356,19.5
943.5084,18.27
943.6608,17.11
943.8132,17.98
943.9656,17.78
944.118,18.66
944.2704,16.63
944.4228,19.22
944.5752,18.61
944.7276,23.2
944.88,22.36
945.0324,24.64
945.1848,21.72
945.3372,21.91
945.4896,21.3
945.642,21.86
945.7944,19.89
945.9468,19.66
946.0992,18.53
946.2516,20.27
946.404,19.41
946.5564,19.42
946.7088,19.39
946.8612,19.92
947.0136,21.3
947.166,19.91
947.3184,19.64
947.4708,19.14
947.6232,19.47
947.7756,19.27
947.928,19.92
948.0804,19.03
948.2328,19.59
948.3852,16.97
948.5376,16.67
948.69,13.48
948.8424,14.88
948.9948,13.72
949.1472,15.45
949.2996,13.98
949.452,13.72
949.6044,11.72
949.7568,13.45
949.9092,13.17
950.0616,15.73
950.214,15.11
950.3664,18.17
950.5188,17.02
950.6712,14.76
950.8236,12.81
950.976,13.94
951.1284,15.66
951.2808,16.55
951.4332,16.91
951.5856,16.08
951.738,14.94
951.8904,14.66
952.0428,15.8
952.1952,16.36
952.3476,14.05
952.5,12.88
952.6524,12.56
952.8048,14.82
952.9572,15.4
953.1096,16.55
953.262,15.15
953.4144,15.7
953.5668,15.13
953.7192,14.8
953.8716,14.21
954.024,13.04
954.1764,12.19
954.3288,11.35
954.4812,11.98
954.6336,13.7
954.786,13.76
954.9384,15.47
955.0908,16.08
955.2432,17.53
955.3956,16.7
955.548,14.7
955.7004,14.38
955.8528,14.37
956.0052,15.5
956.1576,15.15
956.31,13.7
956.4624,12.59
956.6148,12.95
956.7672,13.53
956.9196,14.69
957.072,12.66
957.2244,11.46
957.3768,9.446
957.5292,10.52
957.6816,11.7
957.834,12.24
957.9864,10.57
958.1388,8.556
958.2912,9.165
958.4436,9.759
958.596,10.34
958.7484,11.76
958.9008,14.05
959.0532,16.31
959.2056,15.73
959.358,15.67
959.5104,16.22
959.6628,17.88
959.8152,21.66
959.9676,24.84
960.12,27.17
960.2724,24.58
960.4248,22.27
960.5772,21.97
960.7296,21.38
960.882,19.92
961.0344,19.61
961.1868,18.48
961.3392,19.34
961.4916,18.52
961.644,19.92
961.7964,19.42
961.9488,17.17
962.1012,14.94
962.2536,13.23
962.406,12.95
962.5584,14.33
962.7108,17.14
962.8632,17.67
963.0156,17.7
963.168,16.84
963.3204,16.3
963.4728,17.17
963.6252,17.75
963.7776,18.36
963.93,18.09
964.0824,16.13
964.2348,17.48
964.3872,19.14
964.5396,19.67
964.692,17.67
964.8444,16.56
964.9968,16.56
965.1492,17.72
965.3016,17.42
965.454,16.56
965.6064,16.27
965.7588,15.42
965.9112,17.73
966.0636,17.41
966.216,17.08
966.3684,16.7
966.5208,16.14
966.6732,16.72
966.8256,15.35
966.978,16.88
967.1304,17.44
967.2828,17.77
967.4352,17.11
967.5876,18.28
967.74,17.11
967.8924,16.55
968.0448,13.96
968.1972,13.96
968.3496,13.06
968.502,11.94
968.6544,11.96
968.8068,12.35
968.9592,14.38
969.1116,14.67
969.264,15.2
969.4164,14.62
969.5688,17.97
969.7212,18.25
969.8736,19.09
970.026,15.7
970.1784,15.09
970.3308,14.27
970.4832,13.16
970.6356,12.64
970.788,10.91
970.9404,10.32
971.0928,10.57
971.2452,11.38
971.3976,14.48
971.55,14.73
971.7024,16.72
971.8548,16.42
972.0072,19
972.1596,18.45
972.312,18.83
972.4644,17.16
972.6168,15.77
972.7692,14.33
972.9216,13.15
973.074,16.58
973.2264,19.14
973.3788,20.59
973.5312,16.59
973.6836,14.87
973.836,14.87
973.9884,14.82
974.1408,13.98
974.2932,13.38
974.4456,13.15
974.598,14.85
974.7504,14.25
974.9028,17.05
975.0552,15.91
975.2076,15.92
975.36,16.23
975.5124,15.94
975.6648,16.81
975.8172,16.3
975.9696,17.48
976.122,16.63
976.2744,16.61
976.4268,16.02
976.5792,16.03
976.7316,15.16
976.884,14.3
977.0364,16.03
977.1888,16
977.3412,15.17
977.4936,13.47
977.646,12.09
977.7984,14.39
977.9508,14.39
978.1032,15.54
978.2556,14.08
978.408,14.61
978.5604,13.44
978.7128,15.42
978.8652,13.7
979.0176,13.43
979.17,10.56
979.3224,12.02
979.4748,14.63
979.6272,16.66
979.7796,17.5
979.932,18.02
980.0844,17.41
980.2368,17.09
980.3892,13.39
980.5416,13.98
980.694,11.95
980.8464,13.37
980.9988,11.94
981.1512,11.69
981.3036,12.28
981.456,13.17
981.6084,16.19
981.7608,16.42
981.9132,15.23
982.0656,14.45
982.218,13.92
982.3704,14.77
982.5228,15.38
982.6752,13.09
982.8276,14.33
982.98,12.34
983.1324,13.8
983.2848,12.08
983.4372,12.39
983.5896,12.38
983.742,12.65
983.8944,12.03
984.0468,12.59
984.1992,12.59
984.3516,12.62
984.504,12.64
984.6564,13.21
984.8088,14.93
984.9612,14.93
985.1136,13.77
985.266,11.46
985.4184,10.84
985.5708,10.81
985.7232,11.65
985.8756,11.63
986.028,11.36
986.1804,11.09
986.3328,13.17
986.4852,13.17
986.6376,13.46
986.79,11.73
986.9424,12.59
987.0948,11.45
987.2472,10.85
987.3996,11.7
987.552,12.26
987.7044,11.39
987.8568,9.704
988.0092,11.74
988.1616,12.91
988.314,12.06
988.4664,8.321
988.6188,9.47
988.7712,10.88
988.9236,12.29
989.076,10.83
989.2284,10.53
989.3808,11.37
989.5332,11.92
989.6856,12.47
989.838,12.49
989.9904,11.38
990.1428,11.4
990.2952,10.83
990.4476,11.66
990.6,12.48
990.7524,15.02
990.9048,15.28
991.0572,15.3
991.2096,15.56
991.362,16.98
991.5144,17.05
991.6668,15.39
991.8192,15.76
991.9716,16.08
992.124,16.94
992.2764,16.86
992.4288,15.38
992.5812,13.65
992.7336,12.55
992.886,10.56
993.0384,10.84
993.1908,11.13
993.3432,12.86
993.4956,13.45
993.648,12.62
993.8004,12.6
993.9528,12.33
994.1052,12.85
994.2576,12.52
994.41,12.48
994.5624,12.19
994.7148,13.92
994.8672,13.96
995.0196,14
995.172,12.84
995.3244,13.98
995.4768,15.38
995.6292,16.77
995.7816,17.28
995.934,15.27
996.0864,15.26
996.2388,13.54
996.3912,13.53
996.5436,12.14
996.696,12.7
996.8484,11.3
997.0008,11.31
997.1532,9.923
997.3056,11.34
997.458,11.95
997.6104,13.34
997.7628,13.88
997.9152,13.02
998.0676,13.02
998.22,13.86
998.3724,14.72
998.5248,12.48
998.6772,10.24
998.8296,8.524
998.982,9.087
999.1344,10.47
999.2868,11.02
999.4392,11.27
999.5916,10.7
999.744,11.8
999.8964,12.05
1000.0488,13.13
1000.2012,13.68
1000.3536,13.73
1000.506,12.63
1000.6584,12.1
1000.8108,14.31
1000.9632,17.95
1001.1156,17.11
1001.268,15.39
1001.4204,11.95
1001.5728,13.83
1001.7252,13.77
1001.8776,12.95
1002.03,12.41
1002.1824,12.73
1002.3348,14.41
1002.4872,13.03
1002.6396,12.78
1002.792,11.09
1002.9444,10.5
1003.0968,10.16
1003.2492,10.17
1003.4016,9.915
1003.554,9.235
1003.7064,9.22
1003.8588,9.345
1004.0112,8.899
1004.1636,9.017
1004.316,10.61
1004.4684,9.97
1004.6208,10.41
1004.7732,9.892
1004.9256,11.09
1005.078,12.64
1005.2304,13.02
1005.3828,13.84
1005.5352,13.53
1005.6876,12.78
1005.84,10.01
1005.9924,8.79
1006.1448,9.556
1006.2972,11.14
1006.4496,10.68
1006.602,9.884
1006.7544,9.079
1006.9068,10.66
1007.0592,9.47
1007.2116,12.64
1007.364,11.13
1007.5164,13.52
1007.6688,12.76
1007.8212,13.53
1007.9736,13.53
1008.126,12.73
1008.2784,12.69
1008.4308,11.86
1008.5832,11.43
1008.7356,11.84
1008.888,12.66
1009.0404,13.88
1009.1928,13.51
1009.3452,12.71
1009.4976,10.73
1009.65,9.946
1009.8024,8.743
1009.9548,10.7
1010.1072,12.27
1010.2596,14.23
1010.412,13.42
1010.5644,12.63
1010.7168,11.85
1010.8692,12.28
1011.0216,12.3
1011.174,11.53
1011.3264,9.954
1011.4788,9.181
1011.6312,10.34
1011.7836,11.5
1011.936,13.06
1012.0884,12.68
1012.2408,13.48
1012.3932,11.91
1012.5456,11.52
1012.698,11.53
1012.8504,13.48
1013.0028,13.49
1013.1552,12.3
1013.3076,12.27
1013.46,10.66
1013.6124,11.47
1013.7648,10.69
1013.9172,13.05
1014.0696,12.63
1014.222,10.68
1014.3744,9.946
1014.5268,10.75
1014.6792,12.34
1014.8316,13.09
1014.984,11.1
1015.1364,12.29
1015.2888,11.87
1015.4412,13.84
1015.5936,15.38
1015.746,14.2
1015.8984,15.81
1016.0508,14.29
1016.2032,15.5
1016.3556,14.36
1016.508,12.41
1016.6604,15.27
1016.8128,14.93
1016.9652,15.77
1017.1176,13.01
1017.27,12.3
1017.4224,10.02
1017.5748,10.04
1017.7272,9.056
1017.8796,13.26
1018.032,13.3
1018.1844,12.84
1018.3368,11.01
1018.4892,10.55
1018.6416,11.47
1018.794,13.72
1018.9464,12.79
1019.0988,12.33
1019.2512,10.02
1019.4036,10.02
1019.556,10.02
1019.7084,11.4
1019.8608,14.15
1020.0132,14.17
1020.1656,14.2
1020.318,11.89
1020.4704,13.24
1020.6228,11.42
1020.7752,10.06
1020.9276,8.235
1021.08,7.298
1021.2324,9.11
1021.3848,10.98
1021.5372,11
1021.6896,13.32
1021.842,12.84
1021.9944,14.21
1022.1468,10.98
1022.2992,12.77
1022.4516,11.85
1022.604,13.67
1022.7564,11.41
1022.9088,12.34
1023.0612,12.39
1023.2136,13.84
1023.366,13.45
1023.5184,12.71
1023.6708,11.04
1023.8232,10.2
1023.9756,9.767
1024.128,10.27
1024.2804,9.782
1024.4328,9.29
1024.5852,8.306
1024.7376,7.325
1024.89,6.372
1025.0424,5.391
1025.1948,7.364
1025.3472,8.345
1025.4996,9.329
1025.652,10.78
1025.8044,11.26
1025.9568,11.24
1026.1092,8.313
1026.2616,7.329
1026.414,7.321
1026.5664,7.821
1026.7188,9.313
1026.8712,9.821
1027.0236,9.329
1027.176,8.337
1027.3284,8.321
1027.4808,9.282
1027.6332,9.774
1027.7856,9.22
1027.938,7.852
1028.0904,7.552
1028.2428,9.001
1028.3952,10.73
1028.5476,12.02
1028.7,13.11
1028.8524,13.26
1029.0048,12.29
1029.1572,10.78
1029.3096,9.79
1029.462,8.79
1029.6144,7.305
1029.7668,8.29
1029.9192,8.337
1030.0716,7.872
1030.224,7.368
1030.3764,6.86
1030.5288,9.329
1030.6812,8.352
1030.8336,9.321
1030.986,6.356
1031.1384,7.325
1031.2908,7.813
1031.4432,10.74
1031.5956,11.22
1031.748,11.2
1031.9004,8.298
1032.0528,7.829
1032.2052,7.38
1032.3576,9.345
1032.51,12.29
1032.6624,12.26
1032.8148,12.72
1032.9672,10.2
1033.1196,11.66
1033.272,11.66
1033.4244,12.7
1033.5768,11.27
1033.7292,10.81
1033.8816,8.86
1034.034,8.86
1034.1864,8.837
1034.3388,9.298
1034.4912,9.782
1034.6436,10.26
1034.796,9.774
1034.9484,8.782
1035.1008,7.813
1035.2532,8.306
1035.4056,8.329
1035.558,9.337
1035.7104,9.868
1035.8628,10.36
1036.0152,10.34
1036.1676,9.782
1036.32,9.259
1036.4724,9.743
1036.6248,10.72
1036.7772,13.16
1036.9296,12.23
1037.082,11.27
1037.2344,9.337
1037.3868,8.352
1037.5392,8.368
1037.6916,10.32
1037.844,11.75
1037.9964,13.19
1038.1488,11.69
1038.3012,11.22
1038.4536,10.24
1038.606,10.76
1038.7584,12.75
1038.9108,11.8
1039.0632,11.83
1039.2156,9.86
1039.368,11.36
1039.5204,11.77
1039.6728,13.2
1039.8252,13.63
1039.9776,12.67
1040.13,12.67
1040.2824,12.2
1040.4348,13.74
1040.5872,12.78
1040.7396,14.73
1040.892,15.7
1041.0444,13.73
1041.1968,11.27
1041.3492,9.767
1041.5016,11.24
1041.654,12.23
1041.8064,10.28
1041.9588,10.3
1042.1112,8.337
1042.2636,9.321
1042.416,8.329
1042.5684,8.829
1042.7208,9.813
1042.8732,10.78
1043.0256,11.76
1043.178,9.774
1043.3304,10.25
1043.4828,9.774
1043.6352,11.24
1043.7876,11.77
1043.94,11.28
1044.0924,10.32
1044.2448,9.337
1044.3972,10.81
1044.5496,11.79
1044.702,12.24
1044.8544,11.23
1045.0068,11.69
1045.1592,10.72
1045.3116,9.759
1045.464,10.33
1045.6164,12.71
1045.7688,12.72
1045.9212,11.74
1046.0736,9.345
1046.226,9.321
1046.3784,9.313
1046.5308,9.306
1046.6832,11.25
1046.8356,11.7
1046.988,12.18
1047.1404,12.2
1047.2928,11.24
1047.4452,12.77
1047.5976,13.26
1047.75,13.27
1047.9024,12.27
1048.0548,10.8
1048.2072,12.75
1048.3596,12.72
1048.512,12.72
1048.6644,10.26
1048.8168,7.829
1048.9692,7.848
1049.1216,8.337
1049.274,8.837
1049.4264,8.36
1049.5788,8.876
1049.7312,9.868
1049.8836,10.82
1050.036,10.3
1050.1884,10.75
1050.3408,9.267
1050.4932,10.7
1050.6456,9.751
1050.798,8.774
1050.9504,6.372
1051.1028,6.876
1051.2552,9.36
1051.4076,10.85
1051.56,9.868
1051.7124,9.329
1051.8648,8.313
1052.0172,9.282
1052.1696,12.21
1052.322,13.68
1052.4744,15.63
1052.6268,13.17
1052.7792,14.18
1052.9316,13.75
1053.084,15.76
1053.2364,14.8
1053.3888,15.77
1053.5412,17.19
1053.6936,17.64
1053.846,15.14
1053.9984,14.12
1054.1508,13.63
1054.3032,15.6
1054.4556,14.74
1054.608,15.24
1054.7604,15.27
1054.9128,16.23
1055.0652,18.7
1055.2176,19.16
1055.37,18.17
1055.5224,15.66
1055.6748,14.67
1055.8272,14.14
1055.9796,14.66
1056.132,17.13
1056.2844,16.66
1056.4368,15.7
1056.5892,13.27
1056.7416,12.78
1056.894,12.78
1057.0464,12.77
1057.1988,12.72
1057.3512,12.2
1057.5036,11.2
1057.656,13.16
1057.8084,13.7
1057.9608,16.19
1058.1132,16.25
1058.2656,18.69
1058.418,15.74
1058.5704,14.73
1058.7228,13.72
1058.8752,17.11
1059.0276,18.08
1059.18,16.13
1059.3324,14.17
1059.4848,14.2
1059.6372,14.67
1059.7896,14.2
1059.942,14.7
1060.0944,17.19
1060.2468,20.19
1060.3992,19.19
1060.5516,17.69
1060.704,14.69
1060.8564,13.67
1061.0088,14.15
1061.1612,15.14
1061.3136,16.11
1061.466,17.63
1061.6184,18.14
1061.7708,16.7
1061.9232,14.77
1062.0756,13.29
1062.228,15.69
1062.3804,14.2
1062.5328,15.16
1062.6852,13.22
1062.8376,12.72
1062.99,11.73
1063.1424,12.7
1063.2948,13.67
1063.4472,14.69
1063.5996,13.25
1063.752,13.77
1063.9044,13.3
1064.0568,14.27
1064.2092,13.77
1064.3616,13.22
1064.514,12.72
1064.6664,12.7
1064.8188,14.63
1064.9712,16.16
1065.1236,16.17
1065.276,16.2
1065.4284,15.23
1065.5808,14.74
1065.7332,12.77
1065.8856,11.28
1066.038,12.23
1066.1904,13.69
1066.3428,15.13
1066.4952,13.67
1066.6476,10.77
1066.8,10.26
1066.9524,12.26
1067.1048,15.24
1067.2572,14.3
1067.4096,12.34
1067.562,8.376
1067.7144,8.845
1067.8668,10.27
1068.0192,11.7
1068.1716,12.66
1068.324,13.17
1068.4764,11.74
1068.6288,10.3
1068.7812,8.837
1068.9336,9.337
1069.086,9.821
1069.2384,9.813
1069.3908,12.26
1069.5432,12.23
1069.6956,15.14
1069.848,14.13
1070.0004,13.64
1070.1528,10.73
1070.3052,12.69
1070.4576,12.72
1070.61,13.23
1070.7624,12.8
1070.9148,14.81
1071.0672,16.69
1071.2196,18.58
1071.372,19
1071.5244,16.09
1071.6768,17.08
1071.8292,17.53
1071.9816,19.06
1072.134,18.66
1072.2864,15.3
1072.4388,14.82
1072.5912,10.88
1072.7436,13.77
1072.896,16.64
1073.0484,17.61
1073.2008,18.56
1073.3532,18.08
1073.5056,19.52
1073.658,19.58
1073.8104,17.14
1073.9628,17.22
1074.1152,15.28
1074.2676,17.73
1074.42,17.72
1074.5724,17.7
1074.7248,13.27
1074.8772,13.19
1075.0296,15.56
1075.182,16.55
1075.3344,14.63
1075.4868,11.26
1075.6392,13.29
1075.7916,16.27
1075.944,15.77
1076.0964,17.69
1076.2488,14.25
1076.4012,17.11
1076.5536,14.64
1076.706,17.56
1076.8584,17.13
1077.0108,18.67
1077.1632,19.61
1077.3156,22.08
1077.468,21.08
1077.6204,17.72
1077.7728,15.75
1077.9252,15.25
1078.0776,19.66
1078.23,20.58
1078.3824,19.56
1078.5348,18.06
1078.6872,16.14
1078.8396,16.14
1078.992,14.72
1079.1444,14.25
1079.2968,15.73
1079.4492,15.7
1079.6016,18.64
1079.754,19.61
1079.9064,18.13
1080.0588,16.14
1080.2112,14.19
1080.3636,15.17
1080.516,11.27
1080.6684,10.28
1080.8208,12.23
1080.9732,13.72
1081.1256,15.72
1081.278,13.29
1081.4304,14.78
1081.5828,15.77
1081.7352,16.23
1081.8876,16.67
1082.04,14.2
1082.1924,13.67
1082.3448,11.23
1082.4972,11.24
1082.6496,11.29
1082.802,11.3
1082.9544,12.77
1083.1068,12.27
1083.2592,13.24
1083.4116,10.29
1083.564,10.3
1083.7164,13.22
1083.8688,14.21
1084.0212,14.19
1084.1736,12.22
1084.326,14.61
1084.4784,15.16
1084.6308,14.22
1084.7832,12.34
1084.9356,12.84
1085.088,12.33
1085.2404,15.27
1085.3928,15.7
1085.5452,15.68
1085.6976,12.7
1085.85,12.7
1086.0024,14.2
1086.1548,13.74
1086.3072,11.84
1086.4596,11.84
1086.612,15.3
1086.7644,15.27
1086.9168,15.25
1087.0692,13.71
1087.2216,14.17
1087.374,12.66
1087.5264,12.18
1087.6788,12.16
1087.8312,12.67
1087.9836,13.7
1088.136,12.76
1088.2884,14.28
1088.4408,13.82
1088.5932,14.3
1088.7456,12.77
1088.898,13.18
1089.0504,14.09
1089.2028,16.53
1089.3552,14.58
1089.5076,13.67
1089.66,11.26
1089.8124,11.78
1089.9648,13.26
1090.1172,14.78
1090.2696,15.74
1090.422,16.17
1090.5744,16.11
1090.7268,15.6
1090.8792,17.08
1091.0316,17.56
1091.184,16.09
1091.3364,15.11
1091.4888,16.64
1091.6412,17.67
1091.7936,16.25
1091.946,14.79
1092.0984,16.72
1092.2508,18.11
1092.4032,15.12
1092.5556,13.59
1092.708,13.64
1092.8604,14.58
1093.0128,13.65
1093.1652,11.23
1093.3176,11.3
1093.47,12.81
1093.6224,14.76
1093.7748,18.64
1093.9272,17.14
1094.0796,18.05
1094.232,12.65
1094.3844,12.15
1094.5368,12.66
1094.6892,14.13
1094.8416,15.12
1094.994,12.72
1095.1464,12.27
1095.2988,12.3
1095.4512,11.8
1095.6036,15.23
1095.756,16.16
1095.9084,17.11
1096.0608,14.12
1096.2132,14.61
1096.3656,15.13
1096.518,14.63
1096.6704,14.69
1096.8228,13.24
1096.9752,14.28
1097.1276,11.31
1097.28,11.27
1097.4324,12.7
1097.5848,15.13
1097.7372,15.62
1097.8896,14.15
1098.042,14.15
1098.1944,14.18
1098.3468,15.16
1098.4992,13.2
1098.6516,12.24
1098.804,11.77
1098.9564,10.8
1099.1088,12.27
1099.2612,10.79
1099.4136,12.27
1099.566,11.74
1099.7184,14.16
1099.8708,14.65
1100.0232,12.73
1100.1756,12.81
1100.328,13.83
1100.4804,16.75
1100.6328,16.27
1100.7852,16.2
1100.9376,15.23
1101.09,14.69
1101.2424,14.2
1101.3948,12.72
1101.5472,12.24
1101.6996,12.27
1101.852,15.68
1102.0044,17.14
1102.1568,15.68
1102.3092,14.25
1102.4616,12.3
1102.614,14.75
1102.7664,15.24
1102.9188,17.17
1103.0712,17.61
1103.2236,16.14
1103.376,15.63
1103.5284,14.7
1103.6808,18.13
1103.8332,19.16
1103.9856,20.16
1104.138,21.17
1104.2904,21.16
1104.4428,18.19
1104.5952,15.19
1104.7476,14.2
1104.9,15.7
1105.0524,15.23
1105.2048,12.75
1105.3572,15.18
1105.5096,15.64
1105.662,17.64
1105.8144,16.2
1105.9668,16.3
1106.1192,15.77
1106.2716,15.23
1106.424,14.22
1106.5764,14.18
1106.7288,12.71
1106.8812,15.58
1107.0336,18.06
1107.186,18.11
1107.3384,15.71
1107.4908,12.8
1107.6432,13.29
1107.7956,12.32
1107.948,12.26
1108.1004,12.71
1108.2528,13.67
1108.4052,14.68
1108.5576,14.67
1108.71,12.21
1108.8624,12.22
1109.0148,13.7
1109.1672,16.66
1109.3196,14.74
1109.472,14.77
1109.6244,14.77
1109.7768,16.73
1109.9292,15.71
1110.0816,15.2
1110.234,15.62
1110.3864,17.06
1110.5388,18.03
1110.6912,16.13
1110.8436,12.75
1110.996,11.82
1111.1484,12.82
1111.3008,12.32
1111.4532,11.82
1111.6056,11.29
1111.758,13.24
1111.9104,12.7
1112.0628,13.2
1112.2152,14.66
1112.3676,16.64
1112.52,16.13
1112.6724,15.24
1112.8248,12.33
1112.9772,14.33
1113.1296,16.23
1113.282,22.08
1113.4344,20.56
1113.5868,18.53
1113.7392,14.61
1113.8916,13.63
1114.044,13.7
1114.1964,12.76
1114.3488,12.8
1114.5012,12.34
1114.6536,12.87
1114.806,16.3
1114.9584,16.72
1115.1108,17.66
1115.2632,14.19
1115.4156,11.77
1115.568,13.21
1115.7204,12.71
1115.8728,15.67
1116.0252,13.72
1116.1776,16.27
1116.33,15.77
1116.4824,15.34
1116.6348,14.28
1116.7872,14.27
1116.9396,13.21
1117.092,12.66
1117.2444,12.16
1117.3968,14.62
1117.5492,15.64
1117.7016,15.21
1117.854,15.24
1118.0064,15.3
1118.1588,14.32
1118.3112,16.31
1118.4636,15.77
1118.616,17.22
1118.7684,14.23
1118.9208,15.71
1119.0732,16.66
1119.2256,18.61
1119.378,17.61
1119.5304,17.59
1119.6828,14.65
1119.8352,13.64
1119.9876,12.6
1120.14,14.52
1120.2924,14.95
1120.4448,16.88
1120.5972,16.83
1120.7496,19.19
1120.902,17.72
1121.0544,17.2
1121.2068,16.7
1121.3592,17.73
1121.5116,17.33
1121.664,19.39
1121.8164,20.31
1121.9688,20.77
1122.1212,18.31
1122.2736,15.41
1122.426,14.4
1122.5784,13.92
1122.7308,14.38
1122.8832,13.45
1123.0356,11.97
1123.188,12.02
1123.3404,12.05
1123.4928,11.13
1123.6452,8.712
1123.7976,7.727
1123.95,9.157
1124.1024,10.55
1124.2548,13.43
1124.4072,13.41
1124.5596,12.92
1124.712,10.99
1124.8644,9.595
1125.0168,10.63
1125.1692,11.63
1125.3216,12.11
1125.474,11.59
1125.6264,12.5
1125.7788,14.41
1125.9312,15.39
1126.0836,12.51
1126.236,13.47
1126.3884,12.01
1126.5408,13.94
1126.6932,11.55
1126.8456,13.05
1126.998,15.99
1127.1504,17.41
1127.3028,17.36
1127.4552,13.92
1127.6076,14.41
1127.76,15.8
1127.9124,15.8
1128.0648,16.73
1128.2172,13.94
1128.3696,17.39
1128.522,16.98
1128.6744,17.92
1128.8268,16.42
1128.9792,14.45
1129.1316,14.92
1129.284,12.01
1129.4364,11.52
1129.5888,11.02
1129.7412,13.47
1129.8936,12.48
1130.046,12.52
1130.1984,14.48
1130.3508,15.98
1130.5032,16.92
1130.6556,14.91
1130.808,16.3
1130.9604,14.87
1131.1128,13.42
1131.2652,12.45
1131.4176,13.38
1131.57,14.38
1131.7224,14.94
1131.8748,15.02
1132.0272,13.59
1132.1796,12.59
1132.332,12.52
1132.4844,16.33
1132.6368,15.84
1132.7892,17.31
1132.9416,15.4
1133.094,14.93
1133.2464,15.8
1133.3988,14.33
1133.5512,15.3
1133.7036,13.93
1133.856,15.41
1134.0084,16.86
1134.1608,16.39
1134.3132,14.43
1134.4656,15.34
1134.618,14.32
1134.7704,18.23
1134.9228,17.25
1135.0752,18.3
1135.2276,17.81
1135.38,18.38
1135.5324,18.86
1135.6848,18.31
1135.8372,18.28
1135.9896,17.8
1136.142,16.34
1136.2944,13.02
1136.4468,11.06
1136.5992,11.05
1136.7516,11.52
1136.904,12.92
1137.0564,12.48
1137.2088,13.48
1137.3612,14.99
1137.5136,16.92
1137.666,18.3
1137.8184,15.87
1137.9708,13.91
1138.1232,11.98
1138.2756,12.44
1138.428,14.34
1138.5804,15.34
1138.7328,14.91
1138.8852,15.93
1139.0376,15.47
1139.19,14.48
1139.3424,9.642
1139.4948,10.57
1139.6472,12.02
1139.7996,13.95
1139.952,13.91
1140.1044,15.36
1140.2568,13.89
1140.4092,11.99
1140.5616,8.641
1140.714,10.14
1140.8664,12.09
1141.0188,15.47
1141.1712,14.45
1141.3236,13.97
1141.476,11.51
1141.6284,12
1141.7808,12.43
1141.9332,15.35
1142.0856,15.38
1142.238,13.03
1142.3904,10.15
1142.5428,10.15
1142.6952,13.02
1142.8476,12.99
1143,13.93
1143.1524,12
1143.3048,12
1143.4572,12
1143.6096,12.94
1143.762,16.3
1143.9144,15.33
1144.0668,12.95
1144.2192,12.55
1144.3716,11.6
1144.524,14.47
1144.6764,11.97
1144.8288,13.86
1144.9812,13.84
1145.1336,14.34
1145.286,14.84
1145.4384,13.43
1145.5908,13.49
1145.7432,13.09
1145.8956,14.99
1146.048,15.92
1146.2004,15.85
1146.3528,13.92
1146.5052,11.51
1146.6576,11.06
1146.81,9.134
1146.9624,11.6
1147.1148,13.42
1147.2672,16.33
1147.4196,13.41
1147.572,10.61
1147.7244,10.63
1147.8768,12.96
1148.0292,13.91
1148.1816,14.81
1148.334,16.28
1148.4864,17.25
1148.6388,18.7
1148.7912,17.27
1148.9436,17.33
1149.096,16.45
1149.2484,15.5
1149.4008,14.02
1149.5532,12.53
1149.7056,12.52
1149.858,11.99
1150.0104,10.05
1150.1628,10.54
1150.3152,11.53
1150.4676,12.98
1150.62,12.96
1150.7724,12.01
1150.9248,11.1
1151.0772,11.14
1151.2296,11.61
1151.382,10.12
1151.5344,11.03
1151.6868,9.587
1151.8392,11.5
1151.9916,11.49
1152.144,12.45
1152.2964,11.98
1152.4488,13.01
1152.6012,15.48
1152.7536,15.48
1152.906,13.02
1153.0584,11.04
1153.2108,9.579
1153.3632,9.579
1153.5156,10.07
1153.668,12.48
1153.8204,12.48
1153.9728,12.48
1154.1252,12
1154.2776,12.02
1154.43,11.08
1154.5824,11.06
1154.7348,11.07
1154.8872,11.51
1155.0396,11.51
1155.192,11.48
1155.3444,11.02
1155.4968,11.01
1155.6492,10.09
1155.8016,9.634
1155.954,9.673
1156.1064,9.657
1156.2588,13.02
1156.4112,14.43
1156.5636,14.43
1156.716,12
1156.8684,10.07
1157.0208,11.53
1157.1732,12.51
1157.3256,11.55
1157.478,11.03
1157.6304,8.618
1157.7828,9.603
1157.9352,8.681
1158.0876,8.673
1158.24,9.157
1158.3924,7.688
1158.5448,9.118
1158.6972,7.645
1158.8496,7.169
1159.002,9.063
1159.1544,10.05
1159.3068,11.49
1159.4592,8.181
1159.6116,6.27
1159.764,7.223
1159.9164,7.669
1160.0688,10.05
1160.2212,10.07
1160.3736,12.02
1160.526,10.58
1160.6784,12.5
1160.8308,10.07
1160.9832,10.06
1161.1356,6.231
1161.288,6.739
1161.4404,8.204
1161.5928,9.157
1161.7452,8.649
1161.8976,8.141
1162.05,8.626
1162.2024,8.149
1162.3548,6.708
1162.5072,4.782
1162.6596,4.793
1162.812,5.774
1162.9644,7.727
1163.1168,9.165
1163.2692,11.05
1163.4216,14.86
1163.574,14.38
1163.7264,14.91
1163.8788,12.52
1164.0312,13.95
1164.1836,11.5
1164.336,10.98
1164.4884,11.48
1164.6408,12.95
1164.7932,11.07
1164.9456,10.13
1165.098,9.165
1165.2504,12.98
1165.4028,14.87
1165.5552,17.25
1165.7076,15.34
1165.86,14.84
1166.0124,12.9
1166.1648,14.84
1166.3172,13.45
1166.4696,14.44
1166.622,12.04
1166.7744,12.52
1166.9268,10.59
1167.0792,10.56
1167.2316,11.05
1167.384,13.42
1167.5364,15.84
1167.6888,14.37
1167.8412,13.9
1167.9936,12.45
1168.146,12.48
1168.2984,10.61
1168.4508,9.188
1168.6032,11.09
1168.7556,12.48
1168.908,13.88
1169.0604,11.95
1169.2128,11.94
1169.3652,10.49
1169.5176,12.91
1169.67,14.45
1169.8224,14.96
1169.9748,14.52
1170.1272,13.02
1170.2796,13.48
1170.432,12.47
1170.5844,12.45
1170.7368,12.92
1170.8892,12.45
1171.0416,13.88
1171.194,13.91
1171.3464,13.41
1171.4988,12.03
1171.6512,10.11
1171.8036,10.66
1171.956,10.59
1172.1084,11.52
1172.2608,11.45
1172.4132,12.4
1172.5656,13.35
1172.718,13.36
1172.8704,13.37
1173.0228,13.43
1173.1752,13.46
1173.3276,13.55
1173.48,14.46
1173.6324,14.44
1173.7848,12.93
1173.9372,11.96
1174.0896,11.96
1174.242,11.99
1174.3944,10.09
1174.5468,12
1174.6992,14.86
1174.8516,17.3
1175.004,16.34
1175.1564,13.04
1175.3088,12.96
1175.4612,12.48
1175.6136,15.28
1175.766,14.35
1175.9184,12.91
1176.0708,9.571
1176.2232,10.53
1176.3756,12.48
1176.528,12.99
1176.6804,11.09
1176.8328,11.55
1176.9852,13.46
1177.1376,14.36
1177.29,14.33
1177.4424,11.45
1177.5948,13.41
1177.7472,12.48
1177.8996,14.38
1178.052,13.91
1178.2044,13.43
1178.3568,12.97
1178.5092,12.04
1178.6616,10.61
1178.814,10.13
1178.9664,7.2
1179.1188,7.677
1179.2712,7.665
1179.4236,8.626
1179.576,9.087
1179.7284,9.087
1179.8808,11.98
1180.0332,11.54
1180.1856,13.48
1180.338,11.06
1180.4904,10.08
1180.6428,8.149
1180.7952,8.141
1180.9476,8.626
1181.1,8.641
1181.2524,7.208
1181.4048,8.141
1181.5572,7.63
1181.7096,9.079
1181.862,9.095
1182.0144,11.07
1182.1668,10.59
1182.3192,13.02
1182.4716,11.53
1182.624,14.39
1182.7764,11.95
1182.9288,12.41
1183.0812,10.02
1183.2336,8.11
1183.386,7.192
1183.5384,8.181
1183.6908,9.665
1183.8432,9.657
1183.9956,8.688
1184.148,8.649
1184.3004,9.603
1184.4528,9.595
1184.6052,9.079
1184.7576,8.595
1184.91,8.563
1185.0624,9.556
1185.2148,10.54
1185.3672,11.06
1185.5196,10.62
1185.672,9.173
1185.8244,9.134
1185.9768,9.556
1186.1292,9.54
1186.2816,10.02
1186.434,9.063
1186.5864,8.587
1186.7388,7.192
1186.8912,7.692
1187.0436,8.22
1187.196,8.688
1187.3484,9.157
1187.5008,8.649
1187.6532,9.587
1187.8056,8.626
1187.958,8.149
1188.1104,7.657
1188.2628,8.602
1188.4152,9.563
1188.5676,9.603
1188.72,9.626
1188.8724,10.61
1189.0248,11.08
1189.1772,12.03
1189.3296,13.9
1189.482,15.31
1189.6344,13.85
1189.7868,12.42
1189.9392,12.88
1190.0916,15.79
1190.244,17.28
1190.3964,16.89
1190.5488,16.42
1190.7012,14.45
1190.8536,15.33
1191.006,14.81
1191.1584,14.82
1191.3108,14.38
1191.4632,13.43
1191.6156,14.41
1191.768,11.96
1191.9204,12
1192.0728,12.5
1192.2252,11.59
1192.3776,11.58
1192.53,10.59
1192.6824,11.53
1192.8348,12.41
1192.9872,13.82
1193.1396,16.64
1193.292,17.13
1193.4444,14.3
1193.5968,14.38
1193.7492,13.48
1193.9016,15.93
1194.054,17.38
1194.2064,20.19
1194.3588,19.19
1194.5112,13.86
1194.6636,11.51
1194.816,11.48
1194.9684,12.45
1195.1208,11.47
1195.2732,12.92
1195.4256,14.42
1195.578,14.41
1195.7304,12.07
1195.8828,10.58
1196.0352,10.58
1196.1876,11.96
1196.34,12.9
1196.4924,13.84
1196.6448,13.37
1196.7972,15.23
1196.9496,14.8
1197.102,16.27
1197.2544,14.45
1197.4068,14.45
1197.5592,13
1197.7116,13.94
1197.864,14.82
1198.0164,16.2
1198.1688,16.2
1198.3212,15.77
1198.4736,14.37
1198.626,13.88
1198.7784,14.87
1198.9308,17.28
1199.0832,17.31
1199.2356,15.88
1199.388,13.47
1199.5404,14.37
1199.6928,17.19
1199.8452,17.69
1199.9976,14.84
1200.15,11.49
1200.3024,10.98
1200.4548,11.49
1200.6072,13.95
1200.7596,15.41
1200.912,16.86
1201.0644,16.78
1201.2168,13.88
1201.3692,12.42
1201.5216,11.5
1201.674,11.99
1201.8264,12.98
1201.9788,12.02
1202.1312,11.03
1202.2836,10.08
1202.436,8.665
1202.5884,10.58
1202.7408,11.05
1202.8932,12.45
1203.0456,10.54
1203.198,9.079
1203.3504,8.134
1203.5028,9.079
1203.6552,10.52
1203.8076,9.087
1203.96,8.626
1204.1124,8.165
1204.2648,10.11
1204.4172,12
1204.5696,11.98
1204.722,11.47
1204.8744,11.96
1205.0268,11.98
1205.1792,11.48
1205.3316,9.579
1205.484,7.657
1205.6364,8.634
1205.7888,8.173
1205.9412,9.149
1206.0936,8.181
1206.246,8.649
1206.3984,9.595
1206.5508,9.587
1206.7032,7.673
1206.8556,9.095
1207.008,10.02
1207.1604,11.46
1207.3128,11.01
1207.4652,9.126
1207.6176,11.03
1207.77,8.641
1207.9224,10.05
1208.0748,9.087
1208.2272,10.03
1208.3796,10.04
1208.532,9.579
1208.6844,9.571
1208.8368,8.618
1208.9892,10.02
1209.1416,10.05
1209.294,11
1209.4464,11.51
1209.5988,12.98
1209.7512,13.48
1209.9036,9.642
1210.056,10.03
1210.2084,9.985
1210.3608,12.37
1210.5132,11.42
1210.6656,10.5
1210.818,9.556
1210.9704,9.61
1211.1228,10.58
1211.2752,11.05
1211.4276,9.11
1211.58,7.669
1211.7324,10.04
1211.8848,11
1212.0372,11.97
1212.1896,10.05
1212.342,10.52
1212.4944,10.02
1212.6468,8.626
1212.7992,8.165
1212.9516,9.618
1213.104,11.05
1213.2564,12.5
1213.4088,12
1213.5612,11.99
1213.7136,10.04
1213.866,10.01
1214.0184,10
1214.1708,9.54
1214.3232,9.587
1214.4756,9.618
1214.628,10.11
1214.7804,9.618
1214.9328,10.08
1215.0852,12.48
1215.2376,11.99
1215.39,10.07
1215.5424,8.118
1215.6948,8.61
1215.8472,9.556
1215.9996,11.02
1216.152,11.5
1216.3044,12.02
1216.4568,10.6
1216.6092,11.08
1216.7616,11.06
1216.914,11.48
1217.0664,11.47
1217.2188,11.46
1217.3712,12.88
1217.5236,11.93
1217.676,12.43
1217.8284,12.49
1217.9808,14.46
1218.1332,15.44
1218.2856,15.88
1218.438,14.4
1218.5904,13.84
1218.7428,12.4
1218.8952,10.97
1219.0476,10.5
1219.2,11.46
1219.3524,13.88
1219.5048,13.95
1219.6572,13.02
1219.8096,11.11
1219.962,10.59
1220.1144,11.54
1220.2668,11.02
1220.4192,11.47
1220.5716,9.071
1220.724,9.056
1220.8764,8.11
1221.0288,9.095
1221.1812,10.57
1221.3336,12.56
1221.486,13.53
1221.6384,12.54
1221.7908,13.91
1221.9432,13.87
1222.0956,12.91
1222.248,10.49
1222.4004,10.02
1222.5528,11.94
1222.7052,11.45
1222.8576,11.49
1223.01,10.54
1223.1624,10.59
1223.3148,11.52
1223.4672,13.41
1223.6196,14.33
1223.772,12.4
1223.9244,12.41
1224.0768,13.4
1224.2292,16.22
1224.3816,16.75
1224.534,17.22
1224.6864,16.38
1224.8388,14.93
1224.9912,11.55
1225.1436,11.02
1225.296,10.03
1225.4484,11.95
1225.6008,11.01
1225.7532,11.48
1225.9056,11.48
1226.058,10.54
1226.2104,12.95
1226.3628,12.53
1226.5152,16.31
1226.6676,19.75
1226.82,21.59
1226.9724,20.17
1227.1248,17.19
1227.2772,15.27
1227.4296,16.23
1227.582,16.22
1227.7344,18.19
1227.8868,16.77
1228.0392,17.28
1228.1916,18.25
1228.344,20.19
1228.4964,21.61
1228.6488,20.16
1228.8012,20.56
1228.9536,16.73
1229.106,14.8
1229.2584,12.96
1229.4108,12.96
1229.5632,15.33
1229.7156,15.31
1229.868,17.27
1230.0204,16.33
1230.1728,18.75
1230.3252,19.17
1230.4776,23.94
1230.63,23.39
1230.7824,23.42
1230.9348,20.08
1231.0872,18.19
1231.2396,16.73
1231.392,13.91
1231.5444,18.23
1231.6968,19.69
1231.8492,22.55
1232.0016,18.22
1232.154,16.75
1232.3064,14.36
1232.4588,12.44
1232.6112,9.571
1232.7636,8.134
1232.916,8.618
1233.0684,11.98
1233.2208,12.47
1233.3732,12.98
1233.5256,13.45
1233.678,15.84
1233.8304,17.73
1233.9828,15.83
1234.1352,13.91
1234.2876,12.44
1234.44,11
1234.5924,11.46
1234.7448,10.06
1234.8972,12.45
1235.0496,13.42
1235.202,14.88
1235.3544,13.92
1235.5068,13.41
1235.6592,13.84
1235.8116,14.81
1235.964,17.22
1236.1164,17.22
1236.2688,17.67
1236.4212,17.66
1236.5736,19.59
1236.726,18.66
1236.8784,16.78
1237.0308,17.28
1237.1832,16.34
1237.3356,15.84
1237.488,13.89
1237.6404,16.77
1237.7928,13.91
1237.9452,14.36
1238.0976,14.41
1238.25,16.8
1238.4024,14.93
1238.5548,14.41
1238.7072,15.38
1238.8596,16.77
1239.012,16.27
1239.1644,16.75
1239.3168,15.8
1239.4692,14.88
1239.6216,12.95
1239.774,13.92
1239.9264,14.88
1240.0788,16.36
1240.2312,17.78
1240.3836,16.83
1240.536,15.37
1240.6884,16.3
1240.8408,15.31
1240.9932,18.67
1241.1456,14.85
1241.298,15.32
1241.4504,11.45
1241.6028,11.47
1241.7552,13.94
1241.9076,14.9
1242.06,13.46
1242.2124,12.91
1242.3648,15.29
1242.5172,16.72
1242.6696,19.13
1242.822,15.8
1242.9744,16.3
1243.1268,11.52
1243.2792,14.84
1243.4316,15.8
1243.584,17.73
1243.7364,19.22
1243.8888,19.73
1244.0412,22.58
1244.1936,23.48
1244.346,26.78
1244.4984,22.97
1244.6508,24.88
1244.8032,21.98
1244.9556,24.83
1245.108,19.14
1245.2604,19.19
1245.4128,14.91
1245.5652,13.45
1245.7176,12.95
1245.87,15.79
1246.0224,15.78
1246.1748,15.3
1246.3272,12.45
1246.4796,11.98
1246.632,10.05
1246.7844,10.54
1246.9368,10.53
1247.0892,10.54
1247.2416,9.595
1247.394,8.665
1247.5464,10.59
1247.6988,10.58
1247.8512,11.97
1248.0036,10.02
1248.156,10.92
1248.3084,9.501
1248.4608,10.98
1248.6132,11.52
1248.7656,13.94
1248.918,12.48
1249.0704,11.04
1249.2228,11.98
1249.3752,16.27
1249.5276,22.97
1249.68,25.34
1249.8324,26.3
1249.9848,29.58
1250.1372,31.48
1250.2896,31.56
1250.442,28.75
1250.5944,27.89
1250.7468,26.91
1250.8992,24.52
1251.0516,23.48
1251.204,23.94
1251.3564,23.45
1251.5088,23.91
1251.6612,21.97
1251.8136,17.66
1251.966,15.3
1252.1184,14.89
1252.2708,14.42
1252.4232,13.05
1252.5756,12.03
1252.728,16.31
1252.8804,14.79
1253.0328,14.79
1253.1852,12.38
1253.3376,11.92
1253.49,10.99
1253.6424,11.51
1253.7948,15.37
1253.9472,18.33
1254.0996,20.72
1254.252,24.61
1254.4044,27.89
1254.5568,29.81
1254.7092,25.88
1254.8616,21.03
1255.014,19.06
1255.1664,17.16
1255.3188,16.25
1255.4712,13.91
1255.6236,12.98
1255.776,15.4
1255.9284,15.88
1256.0808,14.91
1256.2332,9.61
1256.3856,7.669
1256.538,8.61
1256.6904,11.47
1256.8428,12.9
1256.9952,11.46
1257.1476,12.94
1257.3,13.94
1257.4524,16.83
1257.6048,14.92
1257.7572,14.94
1257.9096,15.86
1258.062,20.67
1258.2144,21.59
1258.3668,20.16
1258.5192,15.31
1258.6716,14.31
1258.824,14.34
1258.9764,15.31
1259.1288,14.86
1259.2812,15.34
1259.4336,14.82
1259.586,12.91
1259.7384,12.89
1259.8908,13.38
1260.0432,16.7
1260.1956,14.31
1260.348,15.73
1260.5004,14.29
1260.6528,17.17
1260.8052,18.16
1260.9576,18.7
1261.11,20.16
1261.2624,19.19
1261.4148,19.16
1261.5672,18.59
1261.7196,18.59
1261.872,15.24
1262.0244,13.39
1262.1768,10.55
1262.3292,12.96
1262.4816,12.95
1262.634,14.38
1262.7864,14.35
1262.9388,12.91
1263.0912,11.43
1263.2436,11.89
1263.396,11.89
1263.5484,13.37
1263.7008,11
1263.8532,11
1264.0056,10.07
1264.158,10.55
1264.3104,10.55
1264.4628,11.98
1264.6152,13.39
1264.7676,14.79
1264.92,13.81
1265.0724,12.38
1265.2248,13.37
1265.3772,14.84
1265.5296,21
1265.682,21.03
1265.8344,20.55
1265.9868,19.69
1266.1392,16.81
1266.2916,14.87
1266.444,9.071
1266.5964,10
1266.7488,11.44
1266.9012,10.5
1267.0536,10.5
1267.206,9.087
1267.3584,10.04
1267.5108,10.53
1267.6632,10.07
1267.8156,10.54
1267.968,10.05
1268.1204,10.03
1268.2728,9.071
1268.4252,7.637
1268.5776,8.587
1268.73,10.01
1268.8824,11.42
1269.0348,9.056
1269.1872,9.556
1269.3396,11.01
1269.492,15.78
1269.6444,14.84
1269.7968,13.39
1269.9492,10.04
1270.1016,10.98
1270.254,10.98
1270.4064,13.88
1270.5588,15.79
1270.7112,17.22
1270.8636,15.8
1271.016,13.9
1271.1684,12.01
1271.3208,11.55
1271.4732,13.91
1271.6256,14.84
1271.778,15.76
1271.9304,13.36
1272.0828,13.38
1272.2352,14.34
1272.3876,12.45
1272.54,11.5
1272.6924,7.196
1272.8448,10.55
1272.9972,14.4
1273.1496,21.59
1273.302,22.97
1273.4544,20.03
1273.6068,14.76
1273.7592,10.97
1273.9116,10.54
1274.064,11.49
1274.2164,13.41
1274.3688,12.96
1274.5212,11.98
1274.6736,11.52
1274.826,13.41
1274.9784,13.42
1275.1308,12.45
1275.2832,11.48
1275.4356,15.78
1275.588,21.03
1275.7404,25.84
1275.8928,27.34
1276.0452,25.97
1276.1976,25.45
1276.35,24.47
1276.5024,25.94
1276.6548,22.08
1276.8072,21.58
1276.9596,20.52
1277.112,22.5
1277.2644,19.63
1277.4168,16.28
1277.5692,16.75
1277.7216,18.69
1277.874,21.56
1278.0264,21.09
1278.1788,22.05
1278.3312,25
1278.4836,29.06
1278.636,31.72
1278.7884,25.7
1278.9408,19.52
1279.0932,13.41
1279.2456,13.03
1279.398,14.28
1279.5504,16.3
1279.7028,17.84
1279.8552,15.36
1280.0076,13.91
1280.16,13.88
1280.3124,14.37
1280.4648,15.32
1280.6172,13.88
1280.7696,16.3
1280.922,17.25
1281.0744,20.11
1281.2268,20.08
1281.3792,17.72
1281.5316,15.83
1281.684,16.83
1281.8364,18.23
1281.9888,18.72
1282.1412,18.17
1282.2936,18.19
1282.446,17.7
1282.5984,15.34
1282.7508,13.91
1282.9032,13.91
1283.0556,15.35
1283.208,16.31
1283.3604,16.77
1283.5128,17.22
1283.6652,15.78
1283.8176,15.8
1283.97,11.99
1284.1224,11.52
1284.2748,9.61
1284.4272,11.05
1284.5796,12.02
1284.732,12.49
1284.8844,12.51
1285.0368,11.51
1285.1892,11.48
1285.3416,11.91
1285.494,14.8
1285.6464,15.77
1285.7988,19.61
1285.9512,17.67
1286.1036,19.11
1286.256,19.63
1286.4084,21.14
1286.5608,23.98
1286.7132,22.95
1286.8656,24.84
1287.018,20.02
1287.1704,18.13
1287.3228,16.16
1287.4752,17.17
1287.6276,18.17
1287.78,17.25
1287.9324,17.77
1288.0848,14.9
1288.2372,14.9
1288.3896,11.52
1288.542,12.01
1288.6944,11.51
1288.8468,13.42
1288.9992,12.92
1289.1516,12.9
1289.304,11.96
1289.4564,13.95
1289.6088,14.44
1289.7612,15.38
1289.9136,14.38
1290.066,15.8
1290.2184,15.78
1290.3708,15.76
1290.5232,12.88
1290.6756,12.43
1290.828,10.99
1290.9804,11.01
1291.1328,11.02
1291.2852,11.52
1291.4376,12
1291.59,12.48
1291.7424,13.9
1291.8948,14.84
1292.0472,14.34
1292.1996,16.27
1292.352,16.27
1292.5044,17.72
1292.6568,15.33
1292.8092,15.39
1292.9616,14.42
1293.114,15.41
1293.2664,14.91
1293.4188,13.47
1293.5712,11.04
1293.7236,10.02
1293.876,11.44
1294.0284,10.95
1294.1808,10.49
1294.3332,9.548
1294.4856,10.52
1294.638,12
1294.7904,11.06
1294.9428,10.11
1295.0952,9.595
1295.2476,10.59
1295.4,11.03
1295.5524,10.54
1295.7048,10.94
1295.8572,9.985
1296.0096,11.91
1296.162,12.94
1296.3144,13.44
1296.4668,11.55
1296.6192,11.54
1296.7716,10.1
1296.924,11.06
1297.0764,8.641
1297.2288,11.02
1297.3812,11.94
1297.5336,15.73
1297.686,19.56
1297.8384,20.55
1297.9908,21.08
1298.1432,19.19
1298.2956,18.72
1298.448,18.28
1298.6004,19.69
1298.7528,19.67
1298.9052,17.69
1299.0576,15.27
1299.21,13.34
1299.3624,13.84
1299.5148,12.41
1299.6672,13.38
1299.8196,12.94
1299.972,13.89
1300.1244,14.4
1300.2768,13.9
1300.4292,14.38
1300.5816,14.33
1300.734,14.29
1300.8864,14.29
1301.0388,14.29
1301.1912,14.78
1301.3436,16.72
1301.496,17.3
1301.6484,16.36
1301.8008,13.96
1301.9532,13.45
1302.1056,14.41
1302.258,15.85
1302.4104,16.25
1302.5628,15.76
1302.7152,17.13
1302.8676,15.72
1303.02,15.75
1303.1724,16.33
1303.3248,15.4
1303.4772,16.36
1303.6296,11.52
1303.782,12.98
1303.9344,11.48
1304.0868,12.91
1304.2392,11.89
1304.3916,13.34
1304.544,14.3
1304.6964,15.29
1304.8488,14.35
1305.0012,14.87
1305.1536,14.86
1305.306,14.84
1305.4584,11.97
1305.6108,10.53
1305.7632,9.102
1305.9156,9.079
1306.068,10.51
1306.2204,10.52
1306.3728,13.38
1306.5252,14.41
1306.6776,20.22
1306.83,18.3
1306.9824,16.83
1307.1348,10.55
1307.2872,11.5
1307.4396,9.563
1307.592,10.02
1307.7444,8.118
1307.8968,10.03
1308.0492,9.556
1308.2016,11.01
1308.354,9.603
1308.5064,10.56
1308.6588,9.603
1308.8112,10.07
1308.9636,12
1309.116,14.39
1309.2684,14.38
1309.4208,13.4
1309.5732,14.86
1309.7256,16.25
1309.878,16.25
1310.0304,14.34
1310.1828,14.87
1310.3352,16.31
1310.4876,16.31
1310.64,17.28
1310.7924,16.25
1310.9448,16.2
1311.0972,14.27
1311.2496,13.35
1311.402,12.45
1311.5544,13.88
1311.7068,13.91
1311.8592,15.85
1312.0116,13.47
1312.164,11.52
1312.3164,10.54
1312.4688,12.96
1312.6212,17.7
1312.7736,17.67
1312.926,16.2
1313.0784,13.39
1313.2308,11.98
1313.3832,11.02
1313.5356,8.626
1313.688,9.603
1313.8404,10.09
1313.9928,12.48
1314.1452,11.98
1314.2976,12.88
1314.45,13.36
1314.6024,12.87
1314.7548,10.5
1314.9072,10.05
1315.0596,10.1
1315.212,12.95
1315.3644,15.39
1315.5168,15.36
1315.6692,12.51
1315.8216,10.56
1315.974,9.118
1316.1264,11.51
1316.2788,11.95
1316.4312,16.22
1316.5836,16.7
1316.736,14.8
1316.8884,11.03
1317.0408,8.649
1317.1932,10.11
1317.3456,11.55
1317.498,12.02
1317.6504,10.55
1317.8028,9.563
1317.9552,9.524
1318.1076,10.01
1318.26,11.91
1318.4124,12.89
1318.5648,11.47
1318.7172,9.579
1318.8696,9.618
1319.022,12.02
1319.1744,13
1319.3268,12.5
1319.4792,12
1319.6316,14.31
1319.784,14.3
1319.9364,11.91
1320.0888,8.118
1320.2412,7.176
1320.3936,10.54
1320.546,10.57
1320.6984,10.1
1320.8508,9.142
1321.0032,10.59
1321.1556,11.98
1321.308,12.41
1321.4604,10.46
1321.6128,8.571
1321.7652,8.61
1321.9176,11
1322.07,13.43
1322.2224,12.48
1322.3748,11.05
1322.5272,9.134
1322.6796,8.618
1322.832,8.141
1322.9844,8.587
1323.1368,12.39
1323.2892,15.73
1323.4416,16.23
1323.594,15.3
1323.7464,13.45
1323.8988,14.38
1324.0512,12.46
1324.2036,13.41
1324.356,14.38
1324.5084,18.73
1324.6608,19.16
1324.8132,22.44
1324.9656,19.55
1325.118,19.98
1325.2704,17.58
1325.4228,15.69
1325.5752,14.84
1325.7276,13.01
1325.88,16.33
1326.0324,15.37
1326.1848,16.31
1326.3372,15.38
1326.4896,15.31
1326.642,13.84
1326.7944,11.44
1326.9468,12.41
1327.0992,15.78
1327.2516,20.61
1327.404,22.52
1327.5564,24.02
1327.7088,20.67
1327.8612,22.13
1328.0136,17.27
1328.166,18.16
1328.3184,14.27
1328.4708,15.22
1328.6232,14.77
1328.7756,13.84
1328.928,11.49
1329.0804,11.54
1329.2328,10.61
1329.3852,12.52
1329.5376,12.55
1329.69,14.41
1329.8424,16.78
1329.9948,17.19
1330.1472,20.55
1330.2996,20.52
1330.452,20.53
1330.6044,19.63
1330.7568,16.78
1330.9092,15.85
1331.0616,13.45
1331.214,16.36
1331.3664,18.25
1331.5188,20.63
1331.6712,21.02
1331.8236,20.05
1331.976,19.08
1332.1284,20.48
1332.2808,28.63
1332.4332,35.44
1332.5856,38.34
1332.738,35.53
1332.8904,33.59
1333.0428,33.16
1333.1952,34.09
1333.3476,32.53
1333.5,33.44
1333.6524,31.94
1333.8048,30.53
1333.9572,30.53
1334.1096,30.63
1334.262,33.59
1334.4144,34.19
1334.5668,31.34
1334.7192,26.05
1334.8716,17.8
1335.024,14.38
1335.1764,12.39
1335.3288,12.39
1335.4812,16.17
1335.6336,21.47
1335.786,24.81
1335.9384,22.97
1336.0908,22.55
1336.2432,22.52
1336.3956,25.44
1336.548,23.47
1336.7004,25
1336.8528,20.66
1337.0052,18.7
1337.1576,17.22
1337.31,18.17
1337.4624,19.09
1337.6148,18.64
1337.7672,20.08
1337.9196,19.64
1338.072,16.78
1338.2244,16.3
1338.3768,17.22
1338.5292,19.58
1338.6816,18.16
1338.834,17.22
1338.9864,13.88
1339.1388,13.88
1339.2912,11
1339.4436,13.41
1339.596,12.92
1339.7484,15.8
1339.9008,14.39
1340.0532,14.87
1340.2056,17.3
1340.358,20.09
1340.5104,22.02
1340.6628,21
1340.8152,21.52
1340.9676,24.41
1341.12,24.42
1341.2724,25.84
1341.4248,19.63
1341.5772,18.69
1341.7296,18.23
1341.882,21.08
1342.0344,22.47
1342.1868,20.53
1342.3392,19.58
1342.4916,18.16
1342.644,18.19
1342.7964,18.22
1342.9488,16.78
1343.1012,21.56
1343.2536,27.86
1343.406,34.63
1343.5584,34.13
1343.7108,32.59
1343.8632,33.03
1344.0156,33.53
1344.168,30.67
1344.3204,27.8
1344.4728,22.05
1344.6252,20.11
1344.7776,18.69
1344.93,22.16
1345.0824,24.03
1345.2348,23.5
1345.3872,20.02
1345.5396,18.17
1345.692,15.8
1345.8444,12.96
1345.9968,14.37
1346.1492,17.27
1346.3016,19.2
1346.454,21.17
1346.6064,21.66
1346.7588,22.59
1346.9112,21.55
1347.0636,20.55
1347.216,20.5
1347.3684,17.19
1347.5208,17.66
1347.6732,19.14
1347.8256,22.56
1347.978,21.2
1348.1304,19.27
1348.2828,16.38
1348.4352,17.77
1348.5876,21.58
1348.74,27.27
1348.8924,28.59
1349.0448,28.05
1349.1972,25.66
1349.3496,26.2
1349.502,26.83
1349.6544,27.39
1349.8068,28.38
1349.9592,24.52
1350.1116,21.63
1350.264,17.28
1350.4164,17.73
1350.5688,14.84
1350.7212,10.54
1350.8736,8.11
1351.026,8.571
1351.1784,11.45
1351.3308,10.51
1351.4832,11.02
1351.6356,12.97
1351.788,16.36
1351.9404,17.33
1352.0928,18.27
1352.2452,19.16
1352.3976,22.92
1352.55,27.63
1352.7024,31.02
1352.8548,31.05
1353.0072,28.25
1353.1596,28.25
1353.312,28.78
1353.4644,30.27
1353.6168,27.92
1353.7692,26.48
1353.9216,24.92
1354.074,28.7
1354.2264,28.64
1354.3788,31.5
1354.5312,28.61
1354.6836,31.13
1354.836,25.45
1354.9884,28.84
1355.1408,27.34
1355.2932,28.36
1355.4456,25.5
1355.598,23.48
1355.7504,24.8
1355.9028,24.67
1356.0552,24.72
1356.2076,23.8
1356.36,23.39
1356.5124,22.48
1356.6648,21.61
1356.8172,19.23
1356.9696,22.16
1357.122,24.53
1357.2744,24.53
1357.4268,20.63
1357.5792,20.09
1357.7316,20.05
1357.884,22.92
1358.0364,20.58
1358.1888,18.7
1358.3412,15.88
1358.4936,16.31
1358.646,17.77
1358.7984,19.73
1358.9508,19.25
1359.1032,19.25
1359.2556,20.08
1359.408,24.38
1359.5604,26.27
1359.7128,24.38
1359.8652,20.09
1360.0176,17.7
1360.17,18.22
1360.3224,19.17
1360.4748,20.63
1360.6272,20.16
1360.7796,19.17
1360.932,18.19
1361.0844,15.78
1361.2368,13.86
1361.3892,15.8
1361.5416,17.73
1361.694,20.11
1361.8464,21.06
1361.9988,21.08
1362.1512,18.72
1362.3036,14.9
1362.456,15.34
1362.6084,15.33
1362.7608,15.3
1362.9132,12.88
1363.0656,13.83
1363.218,12.88
1363.3704,14.81
1363.5228,13.89
1363.6752,13.88
1363.8276,11.51
1363.98,12.02
1364.1324,10.1
1364.2848,9.61
1364.4372,8.126
1364.5896,10.03
1364.742,11.91
1364.8944,13.39
1365.0468,15.3
1365.1992,15.81
1365.3516,15.81
1365.504,15.37
1365.6564,13.49
1365.8088,13
1365.9612,14.39
1366.1136,16.28
1366.266,15.3
1366.4184,11.96
1366.5708,10.99
1366.7232,10.54
1366.8756,11.98
1367.028,11.99
1367.1804,14.89
1367.3328,14.91
1367.4852,15.89
1367.6376,14.92
1367.79,14.41
1367.9424,13.9
1368.0948,16.3
1368.2472,16.78
1368.3996,17.75
1368.552,14.85
1368.7044,15.34
1368.8568,15.82
1369.0092,16.3
1369.1616,17.27
1369.314,16.78
1369.4664,18.19
1369.6188,19.56
1369.7712,21.02
1369.9236,19.58
1370.076,19.17
1370.2284,17.3
1370.3808,18.75
1370.5332,16.33
1370.6856,15.84
1370.838,13.93
1370.9904,13.95
1371.1428,16.3
1371.2952,15.84
1371.4476,15.34
1371.6,13.48
1371.7524,16.8
1371.9048,19.69
1372.0572,18.23
1372.2096,18.23
1372.362,16.81
1372.5144,15.84
1372.6668,12.48
1372.8192,11.97
1372.9716,12.91
1373.124,14.34
1373.2764,13.39
1373.4288,12.92
1373.5812,12.01
1373.7336,12.04
1373.886,13.02
1374.0384,14.44
1374.1908,13.92
1374.3432,16.3
1374.4956,13.91
1374.648,14.84
1374.8004,10.99
1374.9528,11.43
1375.1052,11
1375.2576,11.51
1375.41,11.55
1375.5624,11.08
1375.7148,10.61
1375.8672,10.1
1376.0196,11.04
1376.172,12.48
1376.3244,11.98
1376.4768,11.49
1376.6292,11.93
1376.7816,13.35
1376.934,14.34
1377.0864,14.37
1377.2388,17.28
1377.3912,19.69
1377.5436,21.13
1377.696,19.23
1377.8484,16.83
1378.0008,17.3
1378.1532,15.33
1378.3056,13.86
1378.458,11.45
1378.6104,13.4
1378.7628,14.35
1378.9152,14.38
1379.0676,15.83
1379.22,16.83
1379.3724,16.84
1379.5248,13.47
1379.6772,12
1379.8296,14.35
1379.982,16.23
1380.1344,19.56
1380.2868,18.16
1380.4392,16.75
1380.5916,15.37
1380.744,15.39
1380.8964,16.36
1381.0488,14.91
1381.2012,15.4
1381.3536,12.98
1381.506,12.95
1381.6584,11.48
1381.8108,12.41
1381.9632,12.88
1382.1156,13.37
1382.268,14.36
1382.4204,12.01
1382.5728,12.54
1382.7252,12.52
1382.8776,13.98
1383.03,15.39
1383.1824,17.3
1383.3348,19.64
1383.4872,18.13
1383.6396,17.16
1383.792,13.34
1383.9444,13.93
1384.0968,13.95
1384.2492,16.84
1384.4016,15.86
1384.554,14.46
1384.7064,11.1
1384.8588,9.634
1385.0112,8.626
1385.1636,12.43
1385.316,13.36
1385.4684,16.23
1385.6208,14.37
1385.7732,16.33
1385.9256,17.81
1386.078,17.31
1386.2304,19.3
1386.3828,16.88
1386.5352,18.77
1386.6876,12.95
1386.84,12.89
1386.9924,10.98
1387.1448,14.32
1387.2972,13.84
1387.4496,14.33
1387.602,14.38
1387.7544,13.91
1387.9068,12.5
1388.0592,9.626
1388.2116,9.634
1388.364,12.05
1388.5164,11.05
1388.6688,10.55
1388.8212,8.579
1388.9736,11.01
1389.126,11.52
1389.2784,13.91
1389.4308,13.9
1389.5832,14.84
1389.7356,12.98
1389.888,15.9
1390.0404,17.8
1390.1928,16.8
1390.3452,14.35
1390.4976,11.95
1390.65,15.78
1390.8024,15.31
1390.9548,17.69
1391.1072,16.3
1391.2596,17.3
1391.412,16.88
1391.5644,17.36
1391.7168,16.88
1391.8692,17.31
1392.0216,15.86
1392.174,15.82
1392.3264,12.43
1392.4788,13.88
1392.6312,14.38
1392.7836,16.31
1392.936,18.2
1393.0884,18.7
1393.2408,17.28
1393.3932,15.41
1393.5456,13.94
1393.698,13.43
1393.8504,11.48
1394.0028,13.47
1394.1552,15.38
1394.3076,16.84
1394.46,13.47
1394.6124,14.45
1394.7648,15.36
1394.9172,16.31
1395.0696,15.36
1395.222,13.45
1395.3744,15.38
1395.5268,13.88
1395.6792,15.34
1395.8316,12.45
1395.984,14.92
1396.1364,13.48
1396.2888,16.36
1396.4412,15.41
1396.5936,14.95
1396.746,14.45
1396.8984,15.35
1397.0508,13.4
1397.2032,12.88
1397.3556,10.02
1397.508,13.41
1397.6604,15.32
1397.8128,14.88
1397.9652,14.4
1398.1176,13.02
1398.27,13.49
1398.4224,12.07
1398.5748,11.09
1398.7272,12.05
1398.8796,12.94
1399.032,13.88
1399.1844,15.79
1399.3368,15.82
1399.4892,13.44
1399.6416,11.98
1399.794,12.48
1399.9464,15.4
1400.0988,14.47
1400.2512,13.49
1400.4036,11.5
1400.556,10.99
1400.7084,13.39
1400.8608,13.38
1401.0132,13.86
1401.1656,12.47
1401.318,12.02
1401.4704,12.47
1401.6228,10.04
1401.7752,10.55
1401.9276,10.59
1402.08,10.13
1402.2324,10.55
1402.3848,9.579
1402.5372,13.86
1402.6896,13.44
1402.842,14.38
1402.9944,12
1403.1468,11.98
1403.2992,12.02
1403.4516,11.55
1403.604,13.01
1403.7564,13.01
1403.9088,14.88
1404.0612,13.39
1404.2136,11.95
1404.366,10.54
1404.5184,11.51
1404.6708,11.51
1404.8232,12.46
1404.9756,13.92
1405.128,14.88
1405.2804,15.39
1405.4328,13.01
1405.5852,14.93
1405.7376,15.9
1405.89,17.77
1406.0424,17.31
1406.1948,14.41
1406.3472,15.4
1406.4996,13.94
1406.652,15.85
1406.8044,14.41
1406.9568,17.28
1407.1092,18.69
1407.2616,17.22
1407.414,12.4
1407.5664,9.063
1407.7188,9.087
1407.8712,11.98
1408.0236,13.51
1408.176,13.98
1408.3284,11.59
1408.4808,11.02
1408.6332,12.02
1408.7856,14.41
1408.938,16.84
1409.0904,16.81
1409.2428,15.34
1409.3952,13.88
1409.5476,11.48
1409.7,11.05
1409.8524,10.1
1410.0048,12.05
1410.1572,12.51
1410.3096,14.89
1410.462,14.38
1410.6144,15.34
1410.7668,12.41
1410.9192,12.41
1411.0716,15.32
1411.224,18.17
1411.3764,17.73
1411.5288,16.28
1411.6812,14.95
1411.8336,14.95
1411.986,13.97
1412.1384,14.9
1412.2908,13.94
1412.4432,15.84
1412.5956,15.31
1412.748,15.28
1412.9004,13.8
1413.0528,11.45
1413.2052,14.84
1413.3576,13.96
1413.51,14.43
1413.6624,13.48
1413.8148,13.93
1413.9672,15.36
1414.1196,13.83
1414.272,12.4
1414.4244,11.41
1414.5768,10.02
1414.7292,10.49
1414.8816,8.141
1415.034,8.649
1415.1864,9.618
1415.3388,9.61
1415.4912,9.603
1415.6436,10.56
1415.796,14.41
1415.9484,17.25
1416.1008,13.88
1416.2532,13.37
1416.4056,12.45
1416.558,13.44
1416.7104,13.48
1416.8628,12.51
1417.0152,12.02
1417.1676,11.05
1417.32,11.55
1417.4724,13.95
1417.6248,14.9
1417.7772,13.89
1417.9296,11.47
1418.082,10.51
1418.2344,15.35
1418.3868,18.23
1418.5392,18.22
1418.6916,14.38
1418.844,14.86
1418.9964,14.87
1419.1488,16.31
1419.3012,17.28
1419.4536,17.3
1419.606,15.35
1419.7584,14.36
1419.9108,14.31
1420.0632,14.78
1420.2156,11.85
1420.368,13.2
1420.5204,12.2
1420.6728,15.5
1420.8252,16.45
1420.9776,16.94
1421.13,13.64
1421.2824,10.84
1421.4348,11.3
1421.5872,13.64
1421.7396,14.55
1421.892,14.55
1422.0444,14.53
1422.1968,14.58
1422.3492,13.16
1422.5016,12.77
1422.654,13.7
1422.8064,16.52
1422.9588,15.54
1423.1112,15.55
1423.2636,15.55
1423.416,16.94
1423.5684,15.98
1423.7208,15.05
1423.8732,14.6
1424.0256,12.7
1424.178,13.65
1424.3304,11.73
1424.4828,13.6
1424.6352,14.03
1424.7876,15.45
1424.94,15.95
1425.0924,15.06
1425.2448,15.99
1425.3972,15.05
1425.5496,15.95
1425.702,14.59
1425.8544,15.05
1426.0068,15.12
1426.1592,15.55
1426.3116,14.59
1426.464,13.16
1426.6164,15.54
1426.7688,15.51
1426.9212,14.55
1427.0736,14.13
1427.226,15.59
1427.3784,15.13
1427.5308,13.19
1427.6832,11.27
1427.8356,10.3
1427.988,8.391
1428.1404,9.485
1428.2928,11.65
1428.4452,13.7
1428.5976,14.7
1428.75,16.33
1428.9024,14.3
1429.0548,13.19
1429.2072,11.74
1429.3596,13.65
1429.512,15.94
1429.6644,15.94
1429.8168,16.83
1429.9692,14.05
1430.1216,13.11
1430.274,12.22
1430.4264,12.24
1430.5788,11.79
1430.7312,10.38
1430.8836,11.8
1431.036,12.23
1431.1884,13.58
1431.3408,13.99
1431.4932,13.07
1431.6456,15.46
1431.798,16.86
1431.9504,19.2
1432.1028,15.45
1432.2552,12.23
1432.4076,13.66
1432.56,15.55
1432.7124,17.91
1432.8648,17.36
1433.0172,17.8
1433.1696,19.67
1433.322,18.31
1433.4744,16.89
1433.6268,13.59
1433.7792,15.51
1433.9316,18.89
1434.084,19.38
1434.2364,17.97
1434.3888,15.06
1434.5412,15.48
1434.6936,16.39
1434.846,15.95
1434.9984,14.54
1435.1508,13.09
1435.3032,13.55
1435.4556,14.52
1435.608,13.17
1435.7604,12.73
1435.9128,13.71
1436.0652,13.7
1436.2176,13.65
1436.37,12.19
1436.5224,14.05
1436.6748,15.44
1436.8272,15.38
1436.9796,14.95
1437.132,14.09
1437.2844,15.1
1437.4368,15.13
1437.5892,14.6
1437.7416,14.13
1437.894,15.02
1438.0464,15
1438.1988,17.22
1438.3512,15.8
1438.5036,19.58
1438.656,16.84
1438.8084,17.33
1438.9608,12.66
1439.1132,15.14
1439.2656,14.23
1439.418,15.63
1439.5704,11.32
1439.7228,11.75
1439.8752,11.73
1440.0276,13.62
1440.18,12.19
1440.3324,13.15
1440.4848,13.13
1440.6372,16.94
1440.7896,15.56
1440.942,13.7
1441.0944,10.9
1441.2468,11.3
1441.3992,14.56
1441.5516,13.59
1441.704,13.61
1441.8564,10.78
1442.0088,13.56
1442.1612,15
1442.3136,16.91
1442.466,16.02
1442.6184,13.21
1442.7708,13.23
1442.9232,12.27
1443.0756,11.79
1443.228,12.22
1443.3804,11.75
1443.5328,11.71
1443.6852,11.73
1443.8376,12.2
1443.99,13.17
1444.1424,10.82
1444.2948,10.38
1444.4472,9.907
1444.5996,10.85
1444.752,11.76
1444.9044,13.16
1445.0568,12.2
1445.2092,11.73
1445.3616,13.57
1445.514,14.05
1445.6664,14.09
1445.8188,15.09
1445.9712,16.05
1446.1236,16.52
1446.276,11.82
1446.4284,10.86
1446.5808,9.431
1446.7332,11.25
1446.8856,12.17
1447.038,14.02
1447.1904,14.52
1447.3428,12.66
1447.4952,13.17
1447.6476,12.75
1447.8,14.19
1447.9524,13.22
1448.1048,14.13
1448.2572,15.05
1448.4096,14.59
1448.562,15.55
1448.7144,14.55
1448.8668,15.49
1449.0192,13.15
1449.1716,11.77
1449.324,10.86
1449.4764,11.8
1449.6288,14.13
1449.7812,15.48
1449.9336,14.07
1450.086,13.63
1450.2384,12.7
1450.3908,14.08
1450.5432,14.09
1450.6956,14.11
1450.848,13.19
1451.0004,12.72
1451.1528,15.54
1451.3052,15.53
1451.4576,15.01
1451.61,14.5
1451.7624,15.91
1451.9148,17.34
1452.0672,14.09
1452.2196,12.67
1452.372,10.8
1452.5244,12.25
1452.6768,10.88
1452.8292,13.7
1452.9816,12.27
1453.134,13.2
1453.2864,12.66
1453.4388,17.34
1453.5912,16.86
1453.7436,15.45
1453.896,10.79
1454.0484,11.27
1454.2008,11.31
1454.3532,13.22
1454.5056,12.77
1454.658,13.71
1454.8104,12.23
1454.9628,11.73
1455.1152,12.64
1455.2676,14.52
1455.42,17.33
1455.5724,15.47
1455.7248,14.08
1455.8772,14.11
1456.0296,15.09
1456.182,14.66
1456.3344,13.23
1456.4868,10.84
1456.6392,11.73
1456.7916,11.73
1456.944,14.09
1457.0964,13.12
1457.2488,14.05
1457.4012,13.62
1457.5536,15.56
1457.706,14.66
1457.8584,15.14
1458.0108,14.15
1458.1632,15.53
1458.3156,15.48
1458.468,14.53
1458.6204,12.64
1458.7728,13.14
1458.9252,13.12
1459.0776,14.09
1459.23,13.62
1459.3824,13.68
1459.5348,13.72
1459.6872,14.63
1459.8396,16.05
1459.992,14.59
1460.1444,11.77
1460.2968,11.27
1460.4492,13.55
1460.6016,13.56
1460.754,12.65
1460.9064,10.37
1461.0588,11.32
1461.2112,11.33
1461.3636,13.22
1461.516,13.66
1461.6684,15.5
1461.8208,17.83
1461.9732,15.96
1462.1256,14.55
1462.278,10.31
1462.4304,12.68
1462.5828,12.71
1462.7352,11.79
1462.8876,11.85
1463.04,12.77
1463.1924,14.63
1463.3448,14.55
1463.4972,13.16
1463.6496,13.64
1463.802,13.59
1463.9544,15.43
1464.1068,14.49
1464.2592,15.02
1464.4116,12.69
1464.564,14.1
1464.7164,13.16
1464.8688,14.58
1465.0212,15.5
1465.1736,16.44
1465.326,17.38
1465.4784,17.84
1465.6308,18.77
1465.7832,16.91
1465.9356,14.57
1466.088,11.76
1466.2404,14.61
1466.3928,14.15
1466.5452,15.55
1466.6976,13.63
1466.85,15.02
1467.0024,15.98
1467.1548,15.03
1467.3072,15.54
1467.4596,14.1
1467.612,14.61
1467.7644,14.6
1467.9168,12.76
1468.0692,11.34
1468.2216,11.77
1468.374,14.07
1468.5264,14.52
1468.6788,12.65
1468.8312,13.63
1468.9836,14.07
1469.136,15.51
1469.2884,13.65
1469.4408,15.56
1469.5932,15.59
1469.7456,16.06
1469.898,14.66
1470.0504,16.5
1470.2028,15.54
1470.3552,15.95
1470.5076,12.66
1470.66,13.06
1470.8124,12.18
1470.9648,12.69
1471.1172,11.81
1471.2696,11.82
1471.422,12.28
1471.5744,11.78
1471.7268,12.26
1471.8792,12.69
1472.0316,14.11
1472.184,15.95
1472.3364,14.52
1472.4888,13.11
1472.6412,12.2
1472.7936,13.68
1472.946,17.88
1473.0984,16.47
1473.2508,16.91
1473.4032,15.54
1473.5556,16.95
1473.708,15.53
1473.8604,15.02
1474.0128,17.33
1474.1652,21.13
1474.3176,21.66
1474.47,16.52
1474.6224,14.6
1474.7748,13.19
1474.9272,18.77
1475.0796,17.81
1475.232,20.14
1475.3844,16.86
1475.5368,16.86
1475.6892,17.81
1475.8416,18.3
1475.994,16.92
1476.1464,16.95
1476.2988,15.58
1476.4512,16.05
1476.6036,13.7
1476.756,16.03
1476.9084,16.47
1477.0608,15.5
1477.2132,13.57
1477.3656,13.09
1477.518,14.47
1477.6704,15.01
1477.8228,15.96
1477.9752,17.44
1478.1276,17.89
1478.28,18.84
1478.4324,17.86
1478.5848,20.19
1478.7372,18.28
1478.8896,17.38
1479.042,16.23
1479.1944,18.31
1479.3468,20.77
1479.4992,20.06
1479.6516,19.91
1479.804,16.5
1479.9564,15.55
1480.1088,13.66
1480.2612,13.66
1480.4136,15.04
1480.566,16.39
1480.7184,18.28
1480.8708,15.02
1481.0232,16
1481.1756,16.45
1481.328,17.39
1481.4804,15.98
1481.6328,14.55
1481.7852,16.83
1481.9376,16.84
1482.09,17.81
1482.2424,15.98
1482.3948,15.96
1482.5472,15.96
1482.6996,16.94
1482.852,15.55
1483.0044,14.63
1483.1568,15.5
1483.3092,18.78
1483.4616,18.73
1483.614,16.88
1483.7664,15.45
1483.9188,15.46
1484.0712,15.01
1484.2236,14.6
1484.376,16.03
1484.5284,17.95
1484.6808,17.45
1484.8332,16.98
1484.9856,16.91
1485.138,17.8
1485.2904,17.28
1485.4428,15.41
1485.5952,14.97
1485.7476,14.52
1485.9,15.99
1486.0524,16.89
1486.2048,16.92
1486.3572,15.52
1486.5096,12.75
1486.662,11.77
1486.8144,11.73
1486.9668,13.59
1487.1192,14.5
1487.2716,15.9
1487.424,17.28
1487.5764,21.13
1487.7288,22.13
1487.8812,21.27
1488.0336,18.44
1488.186,18.91
1488.3384,17.44
1488.4908,16
1488.6432,14.13
1488.7956,15.02
1488.948,16.88
1489.1004,17.72
1489.2528,16.36
1489.4052,14.52
1489.5576,14.59
1489.71,16.95
1489.8624,18.36
1490.0148,17.88
1490.1672,17.36
1490.3196,18.23
1490.472,18.72
1490.6244,19.23
1490.7768,16.44
1490.9292,15.03
1491.0816,12.72
1491.234,15.6
1491.3864,19.31
1491.5388,21.66
1491.6912,23.44
1491.8436,22.92
1491.996,23.31
1492.1484,22.88
1492.3008,24.39
1492.4532,24.86
1492.6056,24.45
1492.758,21.61
1492.9104,22.16
1493.0628,22.22
1493.2152,25.08
1493.3676,28.38
1493.52,28.77
1493.6724,28.22
1493.8248,23.97
1493.9772,22.58
1494.1296,23.08
1494.282,23.53
1494.4344,25.36
1494.5868,26.73
1494.7392,27.69
1494.8916,24.92
1495.044,22.98
1495.1964,23.89
1495.3488,23.88
1495.5012,19.22
1495.6536,15.97
1495.806,16.42
1495.9584,20.66
1496.1108,22.05
1496.2632,21.61
1496.4156,21.61
1496.568,22.58
1496.7204,24.91
1496.8728,23.95
1497.0252,23
1497.1776,19.25
1497.33,20.69
1497.4824,19.7
1497.6348,21.09
1497.7872,19.72
1497.9396,22.16
1498.092,25.48
1498.2444,27.81
1498.3968,26.38
1498.5492,27.22
1498.7016,27.59
1498.854,29.88
1499.0064,28.53
1499.1588,29.98
1499.3112,27.22
1499.4636,25.36
1499.616,22.13
1499.7684,23.09
1499.9208,24.52
1500.0732,23.53
1500.2256,22.52
1500.378,22
1500.5304,24.34
1500.6828,24.84
1500.8352,24.38
1500.9876,23.88
1501.14,26.27
1501.2924,25.84
1501.4448,27.36
1501.5972,27.95
1501.7496,28.83
1501.902,27.33
1502.0544,24.83
1502.2068,26.67
1502.3592,26.59
1502.5116,25.17
1502.664,24.73
1502.8164,26.25
1502.9688,28.19
1503.1212,26.44
1503.2736,25.47
1503.426,24.05
1503.5784,25.34
1503.7308,24.89
1503.8832,26.33
1504.0356,25.83
1504.188,24.41
1504.3404,21.55
1504.4928,19.73
1504.6452,20.78
1504.7976,24.97
1504.95,28.25
1505.1024,26.28
1505.2548,25.38
1505.4072,24.84
1505.5596,24.81
1505.712,24.33
1505.8644,21.98
1506.0168,22.89
1506.1692,22.97
1506.3216,21.13
1506.474,21.73
1506.6264,17.97
1506.7788,21.75
1506.9312,22.14
1507.0836,26.81
1507.236,24.38
1507.3884,23.42
1507.5408,21.5
1507.6932,21.52
1507.8456,24.33
1507.998,24.88
1508.1504,25.88
1508.3028,24.55
1508.4552,22.66
1508.6076,22.14
1508.76,19.25
1508.9124,21.09
1509.0648,24.38
1509.2172,26.28
1509.3696,27.23
1509.522,24.44
1509.6744,23.95
1509.8268,20.69
1509.9792,23
1510.1316,23.94
1510.284,25.78
1510.4364,21.11
1510.5888,21.08
1510.7412,19.22
1510.8936,24.39
1511.046,23.98
1511.1984,26.81
1511.3508,24.98
1511.5032,25.88
1511.6556,26.36
1511.808,27.25
1511.9604,26.73
1512.1128,27.59
1512.2652,25.7
1512.4176,26.72
1512.57,27.22
1512.7224,27.22
1512.8748,29.11
1513.0272,23.53
1513.1796,22.19
1513.332,19.88
1513.4844,23.16
1513.6368,25.02
1513.7892,23.05
1513.9416,22.53
1514.094,23.91
1514.2464,23.83
1514.3988,23.34
1514.5512,21.48
1514.7036,22.52
1514.856,23.98
1515.0084,22.13
1515.1608,19.75
1515.3132,20.22
1515.4656,22.97
1515.618,26.77
1515.7704,25.31
1515.9228,24.41
1516.0752,20.59
1516.2276,18.25
1516.38,17.36
1516.5324,17.86
1516.6848,19.28
1516.8372,18.34
1516.9896,21.63
1517.142,22.11
1517.2944,22.08
1517.4468,19.7
1517.5992,19.67
1517.7516,22.45
1517.904,20.14
1518.0564,21.06
1518.2088,20.22
1518.3612,22.56
1518.5136,21.69
1518.666,20.72
1518.8184,18.8
1518.9708,19.22
1519.1232,17.33
1519.2756,19.25
1519.428,16.44
1519.5804,16.47
1519.7328,16.48
1519.8852,17.88
1520.0376,19.28
1520.19,20.2
1520.3424,20.23
1520.4948,21.11
1520.6472,20.63
1520.7996,20.13
1520.952,19.22
1521.1044,18.27
1521.2568,21.19
1521.4092,21.7
1521.5616,20.31
1521.714,14.62
1521.8664,13.7
1522.0188,13.7
1522.1712,17.39
1522.3236,16.88
1522.476,16.84
1522.6284,15.48
1522.7808,15.46
1522.9332,16.84
1523.0856,17.33
1523.238,20.17
1523.3904,20.7
1523.5428,23.98
1523.6952,20.23
1523.8476,18.78
1524,13.15
1524.1524,13.62
1524.3048,14.1
1524.4572,15.03
1524.6096,14.13
1524.762,13.65
1524.9144,13.68
1525.0668,13.67
1525.2192,12.77
1525.3716,13.7
1525.524,15.55
1525.6764,15.48
1525.8288,14.08
1525.9812,13.1
1526.1336,14.06
1526.286,16.84
1526.4384,18.73
1526.5908,20.63
1526.7432,19.27
1526.8956,17.36
1527.048,15.51
1527.2004,16.39
1527.3528,17.84
1527.5052,18.77
1527.6576,19.23
1527.81,19.69
1527.9624,21.59
1528.1148,20.7
1528.2672,18.83
1528.4196,15.55
1528.572,15.05
1528.7244,17.89
1528.8768,20.17
1529.0292,21.58
1529.1816,22.05
1529.334,22.03
1529.4864,21.08
1529.6388,17.75
1529.7912,14.53
1529.9436,13.16
1530.096,13.23
1530.2484,16.05
1530.4008,18.39
1530.5532,20.23
1530.7056,20.19
1530.858,20.59
1531.0104,22.44
1531.1628,21.02
1531.3152,20.13
1531.4676,19.69
1531.62,21.66
1531.7724,24.06
1531.9248,22.7
1532.0772,21.75
1532.2296,19.36
1532.382,19.7
1532.5344,19.66
1532.6868,22.91
1532.8392,26.28
1532.9916,25.81
1533.144,25.02
1533.2964,23.55
1533.4488,23.13
1533.6012,19.3
1533.7536,19.41
1533.906,18.41
1534.0584,22.59
1534.2108,19.66
1534.3632,21.98
1534.5156,18.23
1534.668,18.73
1534.8204,15.48
1534.9728,19.77
1535.1252,18.84
1535.2776,21.72
1535.43,17.47
1535.5824,16.5
1535.7348,14.09
1535.8872,12.63
1536.0396,12.63
1536.192,14.02
1536.3444,14.02
1536.4968,13.56
1536.6492,15.99
1536.8016,17.42
1536.954,18.88
1537.1064,16.03
1537.2588,17.91
1537.4112,19.28
1537.5636,22.58
1537.716,23.05
1537.8684,22.08
1538.0208,21.58
1538.1732,20.22
1538.3256,20.72
1538.478,20.27
1538.6304,18.36
1538.7828,19.27
1538.9352,17.84
1539.0876,18.66
1539.24,14.92
1539.3924,14.45
1539.5448,15.95
1539.6972,17.34
1539.8496,16.42
1540.002,15.03
1540.1544,14.62
1540.3068,15.53
1540.4592,18.73
1540.6116,17.27
1540.764,18.7
1540.9164,18.23
1541.0688,21.53
1541.2212,20.13
1541.3736,21.56
1541.526,20.17
1541.6784,20.2
1541.8308,17.92
1541.9832,17
1542.1356,18.86
1542.288,19.75
1542.4404,22.97
1542.5928,21.08
1542.7452,18.27
1542.8976,17.81
1543.05,20.22
1543.2024,21.58
1543.3548,21.64
1543.5072,22.59
1543.6596,21.27
1543.812,21.73
1543.9644,17.92
1544.1168,19.3
1544.2692,18.38
1544.4216,18.34
1544.574,19.25
1544.7264,16.89
1544.8788,20.23
1545.0312,17.45
1545.1836,18.88
1545.336,18.84
1545.4884,21.66
1545.6408,23.95
1545.7932,24.83
1545.9456,25.73
1546.098,23.84
1546.2504,23.39
1546.4028,23.88
1546.5552,25.36
1546.7076,24.05
1546.86,22.67
1547.0124,20.78
1547.1648,23.66
1547.3172,21.75
1547.4696,22.67
1547.622,18.78
1547.7744,21.55
1547.9268,22.47
1548.0792,25.23
1548.2316,26.2
1548.384,28.56
1548.5364,27.72
1548.6888,25.44
1548.8412,20.75
1548.9936,20.73
1549.146,23.52
1549.2984,26.33
1549.4508,23.98
1549.6032,19.75
1549.7556,17.39
1549.908,19.27
1550.0604,21.19
1550.2128,21.67
1550.3652,19.36
1550.5176,19.36
1550.67,18.41
1550.8224,20.22
1550.9748,19.69
1551.1272,23.42
1551.2796,21.98
1551.432,19.64
1551.5844,16.86
1551.7368,18.33
1551.8892,18.83
1552.0416,18.88
1552.194,20.27
1552.3464,22.63
1552.4988,24.92
1552.6512,24.41
1552.8036,24.45
1552.956,23.47
1553.1084,21.11
1553.2608,21.55
1553.4132,21.16
1553.5656,20.78
1553.718,21.25
1553.8704,22.66
1554.0228,23.58
1554.1752,24.08
1554.3276,21.66
1554.48,22.08
1554.6324,21.98
1554.7848,21.05
1554.9372,21.06
1555.0896,18.28
1555.242,20.72
1555.3944,21.17
1555.5468,23.53
1555.6992,23.5
1555.8516,22.06
1556.004,22.16
1556.1564,23.02
1556.3088,24.91
1556.4612,25.36
1556.6136,23.5
1556.766,22.2
1556.9184,21.69
1557.0708,24.08
1557.2232,24.52
1557.3756,21.75
1557.528,24
1557.6804,27.25
1557.8328,27.64
1557.9852,25.34
1558.1376,23.88
1558.29,26.77
1558.4424,23.92
1558.5948,23.52
1558.7472,25.34
1558.8996,26.81
1559.052,26.86
1559.2044,27.22
1559.3568,28.11
1559.5092,27.09
1559.6616,25.33
1559.814,25.36
1559.9664,25.38
1560.1188,23.98
1560.2712,26.86
1560.4236,28.33
1560.576,27.92
1560.7284,23.66
1560.8808,19.86
1561.0332,18.34
1561.1856,16.92
1561.338,20.72
1561.4904,22.53
1561.6428,23.95
1561.7952,22.06
1561.9476,23.11
1562.1,24.61
1562.2524,22.67
1562.4048,22.64
1562.5572,19.23
1562.7096,21.09
1562.862,18.7
1563.0144,18.23
1563.1668,20.14
1563.3192,21.14
1563.4716,22.98
1563.624,24.02
1563.7764,23.58
1563.9288,23.14
1564.0812,20.27
1564.2336,20.7
1564.386,20.25
1564.5384,21.55
1564.6908,23.84
1564.8432,27.98
1564.9956,28.48
1565.148,24.81
1565.3004,22.05
1565.4528,19.8
1565.6052,19.38
1565.7576,20.78
1565.91,22.59
1566.0624,24.86
1566.2148,24.86
1566.3672,26.17
1566.5196,24.77
1566.672,22.88
1566.8244,18.75
1566.9768,19.23
1567.1292,20.23
1567.2816,21.25
1567.434,20.81
1567.5864,22.67
1567.7388,20.75
1567.8912,19.31
1568.0436,17.88
1568.196,20.66
1568.3484,22.03
1568.5008,23.02
1568.6532,21.66
1568.8056,21.69
1568.958,21.23
1569.1104,23.61
1569.2628,25.02
1569.4152,24.5
1569.5676,21.61
1569.72,18.75
1569.8724,17.31
1570.0248,19.69
1570.1772,21.09
1570.3296,22.59
1570.482,20.72
1570.6344,22.19
1570.7868,19.34
1570.9392,20.31
1571.0916,19.36
1571.244,21.67
1571.3964,21.59
1571.5488,22.95
1571.7012,24.31
1571.8536,25.31
1572.006,24.84
1572.1584,23.5
1572.3108,21.63
1572.4632,20.27
1572.6156,19.33
1572.768,19.3
1572.9204,20.64
1573.0728,22.52
1573.2252,23.95
1573.3776,24.5
1573.53,25.44
1573.6824,27.8
1573.8348,26.39
1573.9872,24.58
1574.1396,21.8
1574.292,19.91
1574.4444,20.28
1574.5968,22.08
1574.7492,24.88
1574.9016,22.55
1575.054,19.7
1575.2064,15.95
1575.3588,19.28
1575.5112,18.39
1575.6636,23.13
1575.816,22.19
1575.9684,25.89
1576.1208,24.88
1576.2732,22
1576.4256,19.66
1576.578,15.94
1576.7304,16.91
1576.8828,18.8
1577.0352,23.5
1577.1876,23.03
1577.34,23.06
1577.4924,21.2
1577.6448,24.08
1577.7972,21.73
1577.9496,22.14
1578.102,21.13
1578.2544,21.53
1578.4068,19.17
1578.5592,16.8
1578.7116,17.31
1578.864,18.8
1579.0164,18.84
1579.1688,16.52
1579.3212,15.55
1579.4736,16.94
1579.626,20.22
1579.7784,20.22
1579.9308,18.8
1580.0832,17.41
1580.2356,20.28
1580.388,25.41
1580.5404,26.34
1580.6928,24.45
1580.8452,19.86
1580.9976,18.92
1581.15,18.42
1581.3024,19.28
1581.4548,18.77
1581.6072,18.7
1581.7596,20.06
1581.912,20.52
1582.0644,21.55
1582.2168,22.08
1582.3692,21.67
1582.5216,21.2
1582.674,20.3
1582.8264,20.27
1582.9788,18.34
1583.1312,17.39
1583.2836,17.38
1583.436,21.14
1583.5884,23.45
1583.7408,25.78
1583.8932,26.75
1584.0456,26.39
1584.198,26.38
1584.3504,25.92
1584.5028,25.88
1584.6552,27.8
1584.8076,24.91
1584.96,22.53
1585.1124,16.91
1585.2648,17.41
1585.4172,18.33
1585.5696,21.63
1585.722,20.69
1585.8744,21.2
1586.0268,23.55
1586.1792,26.78
1586.3316,28.14
1586.484,27.59
1586.6364,30.39
1586.7888,30.41
1586.9412,30.02
1587.0936,24.44
1587.246,23.53
1587.3984,20.25
1587.5508,21.27
1587.7032,21.69
1587.8556,22.63
1588.008,25.34
1588.1604,25.8
1588.3128,26.22
1588.4652,22.94
1588.6176,20.16
1588.77,19.77
1588.9224,21.2
1589.0748,22.16
1589.2272,22.17
1589.3796,21.27
1589.532,23.58
1589.6844,23.52
1589.8368,23.44
1589.9892,20.16
1590.1416,18.77
1590.294,16.89
1590.4464,16.81
1590.5988,15.42
1590.7512,16.91
1590.9036,18.41
1591.056,20.31
1591.2084,20.27
1591.3608,20.27
1591.5132,22.17
1591.6656,23.92
1591.818,24.38
1591.9704,25.22
1592.1228,25.39
1592.2752,26.86
1592.4276,24.13
1592.58,24.61
1592.7324,22.69
1592.8848,23.58
1593.0372,24.92
1593.1896,26.75
1593.342,29.03
1593.4944,25.75
1593.6468,25.75
1593.7992,22.52
1593.9516,21.58
1594.104,16.92
1594.2564,16.5
1594.4088,16.55
1594.5612,16.11
1594.7136,17
1594.866,17.92
1595.0184,20.69
1595.1708,22.98
1595.3232,26.27
1595.4756,23.95
1595.628,23.08
1595.7804,21.2
1595.9328,22.72
1596.0852,22.33
1596.2376,20.56
1596.39,20.34
1596.5424,19.77
1596.6948,21.05
1596.8472,22.52
1596.9996,22.98
1597.152,23.88
1597.3044,22.53
1597.4568,24.47
1597.6092,23.16
1597.7616,24.56
1597.914,22.63
1598.0664,19.78
1598.2188,20.64
1598.3712,17.81
1598.5236,21.5
1598.676,17.77
1598.8284,19.69
1598.9808,20.19
1599.1332,23.53
1599.2856,24.05
1599.438,24.06
1599.5904,22.59
1599.7428,24.89
1599.8952,21.59
1600.0476,22.11
1600.2,22.08
1600.3524,23.97
1600.5048,23.92
1600.6572,22.59
1600.8096,23.06
1600.962,22.64
1601.1144,20.72
1601.2668,20.27
1601.4192,21.16
1601.5716,22.55
1601.724,23.47
1601.8764,23.52
1602.0288,21.61
1602.1812,21.63
1602.3336,22.09
1602.486,24.92
1602.6384,25.91
1602.7908,27.77
1602.9432,27.23
1603.0956,26.23
1603.248,23.86
1603.4004,23
1603.5528,23.03
1603.7052,22.13
1603.8576,23.5
1604.01,22.55
1604.1624,23.95
1604.3148,22.61
1604.4672,22.67
1604.6196,24.03
1604.772,23.52
1604.9244,22.47
1605.0768,21.09
1605.2292,22.97
1605.3816,27.66
1605.534,28.67
1605.6864,28.73
1605.8388,24.56
1605.9912,22.64
1606.1436,20.31
1606.296,22.64
1606.4484,24.5
1606.6008,25.88
1606.7532,26.38
1606.9056,25.83
1607.058,27.23
1607.2104,25.31
1607.3628,22.55
1607.5152,20.73
1607.6676,20.27
1607.82,23.56
1607.9724,28.69
1608.1248,31.48
1608.2772,32.31
1608.4296,28.95
1608.582,31.2
1608.7344,30.73
1608.8868,33.66
1609.0392,30.55
1609.1916,26.38
1609.344,20.28
1609.4964,17.91
1609.6488,19.33
1609.8012,23.05
1609.9536,22.52
1610.106,24.41
1610.2584,26.33
1610.4108,27.3
1610.5632,25.84
1610.7156,21.16
1610.868,21.66
1611.0204,27.31
1611.1728,34.34
1611.3252,37.59
1611.4776,36.16
1611.63,31.34
1611.7824,32.22
1611.9348,29.83
1612.0872,29.41
1612.2396,25.22
1612.392,22.52
1612.5444,24.91
1612.6968,23.11
1612.8492,22.61
1613.0016,21.58
1613.154,24.8
1613.3064,29.45
1613.4588,28.06
1613.6112,25.75
1613.7636,24.73
1613.916,23.39
1614.0684,21.95
1614.2208,20.7
1614.3732,21.25
1614.5256,22.22
1614.678,24.55
1614.8304,24.95
1614.9828,24.92
1615.1352,21.13
1615.2876,20.14
1615.44,21.55
1615.5924,25.77
1615.7448,28.63
1615.8972,30.63
1616.0496,28.75
1616.202,25.48
1616.3544,24.03
1616.5068,22.11
1616.6592,21.11
1616.8116,20.08
1616.964,23.34
1617.1164,24.23
1617.2688,23.31
1617.4212,18.19
1617.5736,20.19
1617.726,21.14
1617.8784,24.95
1618.0308,23.55
1618.1832,25.94
1618.3356,24.94
1618.488,25.38
1618.6404,23.45
1618.7928,21.11
1618.9452,23.45
1619.0976,23.02
1619.25,22.58
1619.4024,19.77
1619.5548,21.22
1619.7072,22.14
1619.8596,20.7
1620.012,17.86
1620.1644,22.5
1620.3168,27.7
1620.4692,29.08
1620.6216,29.63
1620.774,29.17
1620.9264,30.64
1621.0788,27.84
1621.2312,22.69
1621.3836,19.84
1621.536,17.91
1621.6884,19.25
1621.8408,20.13
1621.9932,21.98
1622.1456,25.72
1622.298,30.41
1622.4504,31.41
1622.6028,31.92
1622.7552,27.81
1622.9076,24.08
1623.06,22.22
1623.2124,22.59
1623.3648,24.41
1623.5172,23.89
1623.6696,25.34
1623.822,24.86
1623.9744,25.8
1624.1268,23.42
1624.2792,23.02
1624.4316,20.31
1624.584,20.78
1624.7364,17.98
1624.8888,18.86
1625.0412,17.02
1625.1936,20.69
1625.346,22.05
1625.4984,26.69
1625.6508,30.44
1625.8032,29.02
1625.9556,26.27
1626.108,21.16
1626.2604,18.86
1626.4128,18.34
1626.5652,18.8
1626.7176,20.67
1626.87,18.78
1627.0224,18.78
1627.1748,17.83
1627.3272,19.72
1627.4796,17.41
1627.632,15.49
1627.7844,14.11
1627.9368,15.49
1628.0892,21.23
1628.2416,24.98
1628.394,26.16
1628.5464,21.91
1628.6988,19.53
1628.8512,18.34
1629.0036,17.78
1629.156,17.78
1629.3084,19.23
1629.4608,18.83
1629.6132,17.44
1629.7656,16.91
1629.918,17.84
1630.0704,19.23
1630.2228,17.38
1630.3752,17.84
1630.5276,15.5
1630.68,14.13
1630.8324,15.54
1630.9848,17.95
1631.1372,22.66
1631.2896,20.8
1631.442,19.83
1631.5944,18.42
1631.7468,19.8
1631.8992,19.73
1632.0516,16.91
1632.204,16.84
1632.3564,17.78
1632.5088,18.77
1632.6612,16.45
1632.8136,15.11
1632.966,16.98
1633.1184,17.45
1633.2708,17.89
1633.4232,19.27
1633.5756,19.73
1633.728,20.67
1633.8804,17.86
1634.0328,17.39
1634.1852,16.91
1634.3376,16.47
1634.49,19.28
1634.6424,17.91
1634.7948,18.84
1634.9472,16
1635.0996,15.98
1635.252,15.92
1635.4044,15.95
1635.5568,14.52
1635.7092,14.54
1635.8616,13.15
1636.014,13.2
1636.1664,10.88
1636.3188,10.42
1636.4712,10.89
1636.6236,12.74
1636.776,16.95
1636.9284,18.33
1637.0808,19.23
1637.2332,17.31
1637.3856,20.13
1637.538,18.27
1637.6904,20.22
1637.8428,15.55
1637.9952,17.03
1638.1476,14.21
1638.3,17
1638.4524,18.38
1638.6048,17.84
1638.7572,16.89
1638.9096,13.59
1639.062,17.33
1639.2144,18.78
1639.3668,21.61
1639.5192,20.23
1639.6716,21.22
1639.824,20.72
1639.9764,23.03
1640.1288,20.14
1640.2812,22.53
1640.4336,20.17
1640.586,23.48
1640.7384,22.53
1640.8908,23.94
1641.0432,21.13
1641.1956,18.31
1641.348,15.11
1641.5004,16.52
1641.6528,15.09
1641.8052,14.59
1641.9576,12.19
1642.11,13.15
1642.2624,15.39
1642.4148,15.4
1642.5672,15.39
1642.7196,12.72
1642.872,13.23
1643.0244,13.7
1643.1768,15.08
1643.3292,16.91
1643.4816,19.22
1643.634,18.27
1643.7864,18.25
1643.9388,20.69
1644.0912,21.63
1644.2436,21.19
1644.396,17.86
1644.5484,19.31
1644.7008,17.92
1644.8532,20.31
1645.0056,22.14
1645.158,24.44
1645.3104,21.58
1645.4628,18.72
1645.6152,16.88
1645.7676,18.72
1645.92,19.75
1646.0724,21.67
1646.2248,22.7
1646.3772,19.42
1646.5296,17.98
1646.682,15.1
1646.8344,19.28
1646.9868,22.98
1647.1392,24.83
1647.2916,24.83
1647.444,22.52
1647.5964,22.53
1647.7488,19.75
1647.9012,18.39
1648.0536,17.47
1648.206,17.02
1648.3584,15.59
1648.5108,14.16
1648.6632,14.58
1648.8156,14.51
1648.968,14.96
1649.1204,16.33
1649.2728,16.83
1649.4252,15.95
1649.5776,16.48
1649.73,18.44
1649.8824,20.81
1650.0348,18.94
1650.1872,18.44
1650.3396,16.52
1650.492,17.42
1650.6444,19.3
1650.7968,21.67
1650.9492,19.77
1651.1016,18.3
1651.254,16.41
1651.4064,19.27
1651.5588,16.08
1651.7112,15.59
1651.8636,13.68
1652.016,13.62
1652.1684,13.59
1652.3208,10.79
1652.4732,11.72
1652.6256,10.33
1652.778,12.71
1652.9304,10.38
1653.0828,10.41
1653.2352,10.83
1653.3876,10.83
1653.54,13.14
1653.6924,11.24
1653.8448,13.09
1653.9972,11.22
1654.1496,13.61
1654.302,14.11
1654.4544,13.2
1654.6068,13.23
1654.7592,10.41
1654.9116,8.993
1655.064,8.556
1655.2164,9.962
1655.3688,16.06
1655.5212,15.96
1655.6736,18.73
1655.826,14.47
1655.9784,12.13
1656.1308,10.8
1656.2832,11.77
1656.4356,16.05
1656.588,15.55
1656.7404,14.16
1656.8928,14.61
1657.0452,15.54
1657.1976,19.27
1657.35,16.91
1657.5024,17.81
1657.6548,13.6
1657.8072,14.04
1657.9596,12.2
1658.112,14.11
1658.2644,14.18
1658.4168,14.69
1658.5692,14.2
1658.7216,13.68
1658.874,12.21
1659.0264,11.27
1659.1788,11.26
1659.3312,13.58
1659.4836,15.92
1659.636,17.39
1659.7884,16.03
1659.9408,15.13
1660.0932,16.08
1660.2456,16.55
1660.398,14.64
1660.5504,11.79
1660.7028,11.28
1660.8552,14.1
1661.0076,13.61
1661.16,15.04
1661.3124,15.49
1661.4648,16.47
1661.6172,15.07
1661.7696,15.11
1661.922,14.61
1662.0744,15.56
1662.2268,12.23
1662.3792,11.27
1662.5316,10.3
1662.684,14.98
1662.8364,15.01
1662.9888,15.96
1663.1412,11.77
1663.2936,14.62
1663.446,16.53
1663.5984,17.94
1663.7508,16.92
1663.9032,15.01
1664.0556,15.52
1664.208,17.91
1664.3604,16.95
1664.5128,17.42
1664.6652,12.73
1664.8176,11.84
1664.97,9.931
1665.1224,10.41
1665.2748,11.8
1665.4272,12.26
1665.5796,14.07
1665.732,13.57
1665.8844,13.98
1666.0368,14.01
1666.1892,14.01
1666.3416,13.17
1666.494,11.31
1666.6464,13.27
1666.7988,15.63
1666.9512,19.88
1667.1036,20.69
1667.256,21.14
1667.4084,17.34
1667.5608,15.53
1667.7132,14.09
1667.8656,18.77
1668.018,18.73
1668.1704,18.78
1668.3228,14.13
1668.4752,14.7
1668.6276,15.64
1668.78,17.98
1668.9324,17.42
1669.0848,15.99
1669.2372,14.1
1669.3896,12.69
1669.542,14.09
1669.6944,15.09
1669.8468,17.44
1669.9992,13.69
1670.1516,13.64
1670.304,12.26
1670.4564,16.91
1670.6088,15.97
1670.7612,18.3
1670.9136,17.89
1671.066,19.28
1671.2184,18.34
1671.3708,17.38
1671.5232,16.94
1671.6756,16.98
1671.828,17.02
1671.9804,17.06
1672.1328,17.45
1672.2852,16.47
1672.4376,16.38
1672.59,12.63
1672.7424,12.18
1672.8948,10.78
1673.0472,10.34
1673.1996,12.78
1673.352,12.84
1673.5044,14.73
1673.6568,15.16
1673.8092,17.91
1673.9616,19.28
1674.114,19.27
1674.2664,16.94
1674.4188,17.34
1674.5712,14.04
1674.7236,14.98
1674.876,13.62
1675.0284,15.09
1675.1808,16.08
1675.3332,16.61
1675.4856,17.52
1675.638,18.38
1675.7904,18.77
1675.9428,15.91
1676.0952,14.49
1676.2476,15.4
1676.4,16.38
1676.5524,14.54
1676.7048,13.69
1676.8572,13.72
1677.0096,15.16
1677.162,17.94
1677.3144,21.2
1677.4668,20.72
1677.6192,16.97
1677.7716,12.73
1677.924,13.67
1678.0764,14.55
1678.2288,16.41
1678.3812,15
1678.5336,15.55
1678.686,15.6
1678.8384,15.6
1678.9908,14.16
1679.1432,14.59
1679.2956,14.07
1679.448,14.53
1679.6004,11.24
1679.7528,12.7
1679.9052,12.76
1680.0576,17.05
1680.21,15.61
1680.3624,13.22
1680.5148,11.75
1680.6672,13.62
1680.8196,15.02
1680.972,15.5
1681.1244,13.16
1681.2768,15.06
1681.4292,15.07
1681.5816,17.91
1681.734,18.91
1681.8864,17.06
1682.0388,17.09
1682.1912,11.88
1682.3436,10.45
1682.496,8.501
1682.6484,10.84
1682.8008,11.76
1682.9532,14.08
1683.1056,15.41
1683.258,17.81
1683.4104,17.86
1683.5628,17.52
1683.7152,18.44
1683.8676,16.06
1684.02,14.13
1684.1724,13.63
1684.3248,14.6
1684.4772,17.42
1684.6296,16.03
1684.782,14.61
1684.9344,13.69
1685.0868,15.98
1685.2392,16.94
1685.3916,17.39
1685.544,16.52
1685.6964,17.45
1685.8488,15.56
1686.0012,13.66
1686.1536,11.73
1686.306,13.58
1686.4584,13.59
1686.6108,12.21
1686.7632,10.88
1686.9156,10.9
1687.068,12.3
1687.2204,10.85
1687.3728,11.8
1687.5252,12.73
1687.6776,16.48
1687.83,15.97
1687.9824,16.44
1688.1348,16.47
1688.2872,21.2
1688.4396,19.78
1688.592,17.45
1688.7444,12.29
1688.8968,15.66
1689.0492,15.62
1689.2016,16.52
1689.354,12.66
1689.5064,13.56
1689.6588,12.16
1689.8112,12.62
1689.9636,15.49
1690.116,16.94
1690.2684,21.28
1690.4208,18.5
1690.5732,19.95
1690.7256,18.44
1690.878,19.33
1691.0304,18.8
1691.1828,18.36
1691.3352,17.88
1691.4876,17.41
1691.64,15.04
1691.7924,16.42
1691.9448,18.84
1692.0972,23.58
1692.2496,22.23
1692.402,19.88
1692.5544,17.98
1692.7068,18.88
1692.8592,18.8
1693.0116,16.84
1693.164,14.47
1693.3164,13.08
1693.4688,14.59
1693.6212,14.16
1693.7736,16.09
1693.926,15.6
1694.0784,17.95
1694.2308,15.58
1694.3832,14.13
1694.5356,13.17
1694.688,13.16
1694.8404,13.16
1694.9928,12.23
1695.1452,14.55
1695.2976,13.62
1695.45,15.05
1695.6024,16.11
1695.7548,18.53
1695.9072,18.97
1696.0596,14.66
1696.212,14.09
1696.3644,13.16
1696.5168,15.03
1696.6692,14.12
1696.8216,13.17
1696.974,11.32
1697.1264,10.38
1697.2788,10.42
1697.4312,11.8
1697.5836,13.2
1697.736,14.1
1697.8884,15.98
1698.0408,15.54
1698.1932,13.66
1698.3456,11.81
1698.498,10.84
1698.6504,9.899
1698.8028,8.493
1698.9552,9.978
1699.1076,12.32
1699.26,14.65
1699.4124,14.57
1699.5648,14.08
1699.7172,13.11
1699.8696,12.63
1700.022,14.05
1700.1744,12.7
1700.3268,11.81
1700.4792,11.4
1700.6316,14.24
1700.784,15.63
1700.9364,15.12
1701.0888,13.17
1701.2412,13.13
1701.3936,13.15
1701.546,12.22
1701.6984,10.84
1701.8508,10.83
1702.0032,11.77
1702.1556,12.73
1702.308,10.39
1702.4604,9.962
1702.6128,8.548
1702.7652,9.47
1702.9176,8.485
1703.07,9.399
1703.2224,10.79
1703.3748,14.99
1703.5272,18.75
1703.6796,17.84
1703.832,16.52
1703.9844,14.66
1704.1368,16.09
1704.2892,15.59
1704.4416,16.48
1704.594,16
1704.7464,17.89
1704.8988,15.56
1705.0512,15.53
1705.2036,13.6
1705.356,14.53
1705.5084,15.98
1705.6608,15.58
1705.8132,13.26
1705.9656,13.24
1706.118,13.2
1706.2704,15.5
1706.4228,12.19
1706.5752,12.21
1706.7276,12.21
1706.88,12.2
1707.0324,15.09
1707.1848,14.2
1707.3372,15.66
1707.4896,11.84
1707.642,11.34
1707.7944,10.36
1707.9468,11.28
1708.0992,12.72
1708.2516,12.73
1708.404,11.79
1708.5564,11.3
1708.7088,11.74
1708.8612,12.7
1709.0136,11.32
1709.166,11.83
1709.3184,10.42
1709.4708,11.8
1709.6232,11.76
1709.7756,13.63
1709.928,14.06
1710.0804,13.14
1710.2328,11.26
1710.3852,12.33
1710.5376,11.88
1710.69,14.74
1710.8424,12.8
1710.9948,14.22
1711.1472,14.13
1711.2996,14.56
1711.452,16.38
1711.6044,15.97
1711.7568,15.98
1711.9092,14.13
1712.0616,13.2
1712.214,13.16
1712.3664,13.72
1712.5188,13.24
1712.6712,12.34
1712.8236,10.38
1712.976,11.27
1713.1284,11.27
1713.2808,13.11
1713.4332,14.05
1713.5856,14.54
1713.738,15.06
1713.8904,12.28
1714.0428,12.32
1714.1952,11.87
1714.3476,14.71
1714.5,14.66
1714.6524,14.19
1714.8048,12.26
1714.9572,13.66
1715.1096,14.54
1715.262,14.08
1715.4144,12.66
1715.5668,12.22
1715.7192,13.61
1715.8716,14.02
1716.024,14.41
1716.1764,16.22
1716.3288,17.13
1716.4812,17.55
1716.6336,16.08
1716.786,16.06
1716.9384,17.44
1717.0908,18.38
1717.2432,18.84
1717.3956,18.45
1717.548,17.61
1717.7004,19.47
1717.8528,20.81
1718.0052,23.05
1718.1576,22.58
1718.31,20.3
1718.4624,18.95
1718.6148,18.95
1718.7672,20.77
1718.9196,20.75
1719.072,18.41
1719.2244,16.17
1719.3768,15.27
1719.5292,14.8
1719.6816,15.7
1719.834,13.38
1719.9864,14.3
1720.1388,16.16
1720.2912,18.91
1720.4436,19.36
1720.596,16.16
1720.7484,14.84
1720.9008,11.65
1721.0532,12.09
1721.2056,12.51
1721.358,13.85
1721.5104,11.99
1721.6628,11.06
1721.8152,11.06
1721.9676,12.9
1722.12,17.55
1722.2724,18.95
1722.4248,21.3
1722.5772,21.36
1722.7296,21.86
1722.882,19.09
1723.0344,16.27
1723.1868,17.08
1723.3392,19.81
1723.4916,18.84
1723.644,16.14
1723.7964,14.7
1723.9488,14.74
1724.1012,16.61
1724.2536,16.75
1724.406,17.64
1724.5584,16.67
1724.7108,14.81
1724.8632,16.19
1725.0156,15.74
1725.168,18.86
1725.3204,17.48
1725.4728,21.59
1725.6252,20.67
1725.7776,21.63
1725.93,18.92
1726.0824,20.94
1726.2348,23.64
1726.3872,24.06
1726.5396,24.94
1726.692,21.27
1726.8444,21.27
1726.9968,17.06
1727.1492,17.52
1727.3016,18.02
1727.454,17.61
1727.6064,16.75
1727.7588,13.91
1727.9112,13.42
1728.0636,13.38
1728.216,14.77
1728.3684,17.53
1728.5208,21.25
1728.6732,24.03
1728.8256,26.3
1728.978,22.09
1729.1304,20.28
1729.2828,14.37
1729.4352,15.74
1729.5876,14.77
1729.74,14.72
1729.8924,12.42
1730.0448,12.87
1730.1972,13.34
1730.3496,12.89
1730.502,13.38
1730.6544,17.06
1730.8068,18.06
1730.9592,17.63
1731.1116,14.88
1731.264,16.23
1731.4164,14.82
1731.5688,16.22
1731.7212,17.08
1731.8736,17.98
1732.026,18.41
1732.1784,17.94
1732.3308,17.47
1732.4832,16.59
1732.6356,15.3
1732.788,17.66
1732.9404,16.7
1733.0928,16.2
1733.2452,12.92
1733.3976,12.88
1733.55,11.93
1733.7024,10.56
1733.8548,8.767
1734.0072,10.18
1734.1596,11.1
1734.312,12.49
1734.4644,15.28
1734.6168,16.2
1734.7692,18
1734.9216,16.66
1735.074,21.19
1735.2264,22.64
1735.3788,23.95
1735.5312,21.72
1735.6836,19.88
1735.836,18.06
1735.9884,17.63
1736.1408,18.16
1736.2932,16.67
1736.4456,14.77
1736.598,16.05
1736.7504,17.92
1736.9028,19.28
1737.0552,20.64
1737.2076,20.7
1737.36,24.53
1737.5124,20.94
1737.6648,18.16
1737.8172,12.05
1737.9696,10.61
1738.122,12.91
1738.2744,14.77
1738.4268,16.13
1738.5792,15.66
1738.7316,15.16
1738.884,14.26
1739.0364,14.77
1739.1888,14.83
1739.3412,15.35
1739.4936,13.02
1739.646,12.52
1739.7984,12.95
1739.9508,11.53
1740.1032,10.59
1740.2556,10.99
1740.408,13.29
1740.5604,15.21
1740.7128,13.43
1740.8652,13.96
1741.0176,12.97
1741.17,13.43
1741.3224,16.63
1741.4748,16.66
1741.6272,16.2
1741.7796,14.33
1741.932,16.16
1742.0844,18.39
1742.2368,18.81
1742.3892,17.91
1742.5416,18.94
1742.694,19
1742.8464,19.44
1742.9988,18.91
1743.1512,18.42
1743.3036,16.06
1743.456,13.77
1743.6084,12.83
1743.7608,14.72
1743.9132,15.68
1744.0656,15.76
1744.218,15.77
1744.3704,16.2
1744.5228,18.91
1744.6752,20.31
1744.8276,20.75
1744.98,18.02
1745.1324,13.86
1745.2848,12.96
1745.4372,11.09
1745.5896,12.92
1745.742,13.43
1745.8944,16.27
1746.0468,15.81
1746.1992,13.9
1746.3516,13.35
1746.504,15.13
1746.6564,17.41
1746.8088,18.34
1746.9612,19.28
1747.1136,18.42
1747.266,15.72
1747.4184,14.85
1747.5708,14.85
1747.7232,15.73
1747.8756,14.78
1748.028,14.77
1748.1804,15.21
1748.3328,14.28
1748.4852,16.58
1748.6376,17.05
1748.79,19.33
1748.9424,17.06
1749.0948,17.09
1749.2472,16.73
1749.3996,15.8
1749.552,15.33
1749.7044,15.7
1749.8568,16.61
1750.0092,16.52
1750.1616,15.16
1750.314,15.09
1750.4664,14.26
1750.6188,12.44
1750.7712,11.13
1750.9236,10.17
1751.076,12.94
1751.2284,13.39
1751.3808,13.85
1751.5332,14.78
1751.6856,16.58
1751.838,17.06
1751.9904,11.95
1752.1428,10.11
1752.2952,11.52
1752.4476,15.29
1752.6,16.28
1752.7524,17.17
1752.9048,17.56
1753.0572,17.53
1753.2096,16.61
1753.362,17.94
1753.5144,16.53
1753.6668,16.52
1753.8192,15.2
1753.9716,18.48
1754.124,19.48
1754.2764,21.75
1754.4288,21.22
1754.5812,22.11
1754.7336,23.02
1754.886,25.33
1755.0384,24.41
1755.1908,21.2
1755.3432,18.88
1755.4956,19.3
1755.648,19.33
1755.8004,18.95
1755.9528,17.59
1756.1052,18.47
1756.2576,19.28
1756.41,19.28
1756.5624,16.98
1756.7148,16.52
1756.8672,17.86
1757.0196,22.08
1757.172,20.78
1757.3244,21.33
1757.4768,18.09
1757.6292,16.66
1757.7816,12.91
1757.934,12.89
1758.0864,15.25
1758.2388,18.92
1758.3912,17.53
1758.5436,18.42
1758.696,16.59
1758.8484,17.53
1759.0008,17.11
1759.1532,18.55
1759.3056,19
1759.458,17.55
1759.6104,16.09
1759.7628,14.7
1759.9152,14.23
1760.0676,14.67
1760.22,15.58
1760.3724,18.38
1760.5248,20.34
1760.6772,19.5
1760.8296,19.56
1760.982,18.03
1761.1344,19.38
1761.2868,16.52
1761.4392,15.2
1761.5916,15.65
1761.744,16.11
1761.8964,15.19
1762.0488,15.2
1762.2012,18.44
1762.3536,20.34
1762.506,19.48
1762.6584,16.25
1762.8108,15.75
1762.9632,14.31
1763.1156,12.89
1763.268,12.39
1763.4204,15.59
1763.5728,17.42
1763.7252,19.31
1763.8776,17.98
1764.03,19
1764.1824,18.52
1764.3348,18.5
1764.4872,19.38
1764.6396,20.3
1764.792,19.39
1764.9444,17.08
1765.0968,14.73
1765.2492,15.15
1765.4016,14.65
1765.554,14.24
1765.7064,12.91
1765.8588,12.51
1766.0112,13.85
1766.1636,14.29
1766.316,16.09
1766.4684,16.13
1766.6208,17.48
1766.7732,16.56
1766.9256,17.47
1767.078,16.58
1767.2304,19.91
1767.3828,17.16
1767.5352,21.73
1767.6876,22.11
1767.84,27.16
1767.9924,25.3
1768.1448,23.89
1768.2972,19.3
1768.4496,17.95
1768.602,17.5
1768.7544,16.09
1768.9068,17.03
1769.0592,14.31
1769.2116,16.17
1769.364,16.56
1769.5164,16.52
1769.6688,15.12
1769.8212,11.45
1769.9736,11.94
1770.126,11.03
1770.2784,13.35
1770.4308,16.14
1770.5832,20.8
1770.7356,20.36
1770.888,19.39
1771.0404,17.52
1771.1928,19.38
1771.3452,19.81
1771.4976,20.34
1771.65,19.81
1771.8024,18.47
1771.9548,17.48
1772.1072,14.73
1772.2596,15.68
1772.412,18.53
1772.5644,24.52
1772.7168,25.39
1772.8692,25.3
1773.0216,24.33
1773.174,25.69
1773.3264,28.42
1773.4788,26.61
1773.6312,22.48
1773.7836,18.88
1773.936,16.16
1774.0884,15.7
1774.2408,11.98
1774.3932,12.41
1774.5456,13.28
1774.698,16.03
1774.8504,16.98
1775.0028,18.84
1775.1552,22.06
1775.3076,24.8
1775.46,24.84
1775.6124,22.64
1775.7648,19.95
1775.9172,20.88
1776.0696,23.55
1776.222,26.17
1776.3744,28.42
1776.5268,26.08
1776.6792,25.16
1776.8316,23.27
1776.984,22.41
1777.1364,18.81
1777.2888,14.33
1777.4412,12.95
1777.5936,15.21
1777.746,18.36
1777.8984,19.75
1778.0508,21.81
1778.2032,21.91
1778.3556,22.06
1778.508,19.03
1778.6604,18.33
1778.8128,17.66
1778.9652,16.67
1779.1176,15.44
1779.27,15.02
1779.4224,16.05
1779.5748,19.73
1779.7272,19.73
1779.8796,21.05
1780.032,20.63
1780.1844,20.66
1780.3368,18.88
1780.4892,14.73
