DEPT,GR
200,49.47468959
200.2,52.52932657
200.4,51.87778727
200.6,50.64079031
200.8,47.26528547
201,48.66743852
201.2,49.76366887
201.4,48.50347604
201.6,46.12507832
201.8,43.86658227
202,44.78572473
202.2,46.9906252
202.4,45.65589012
202.6,46.94897588
202.8,48.42698747
203,46.19664056
203.2,46.43338339
203.4,50.22523323
203.6,52.42769094
203.8,49.58349225
204,51.02615023
204.2,53.35265653
204.4,54.23468487
204.6,51.17549382
204.8,50.688983
205,53.88312743
205.1236749,55.55555556
205.2,53.58753577
205.4,51.45621763
205.6,50.19862514
205.8,51.02553075
206,48.19678944
206.2,44.77095043
206.4,47.06690837
206.6,52.26977265
206.8,51.15348916
207,49.8850819
207.2,50.10139744
207.4,50.48419993
207.6,48.7286044
207.8,47.31221544
208,46.17186972
208.2,44.13231091
208.4,45.07462671
208.6,48.66642846
208.8,50.73599123
209,49.73901263
209.2,51.95158371
209.4,52.86087876
209.6,53.96636166
209.8,52.91003544
210,49.52438111
210.0706714,44.44444444
210.2,47.32816213
210.2473498,51.38888889
210.4,47.49559616
210.6,44.19404821
210.7773852,41.66666667
210.8,44.14483885
211,48.44393915
211.2,51.381889
211.4,51.13752789
211.6,51.86590275
211.8,51.10033943
212,52.42391792
212.2,55.889643
212.4,55.61998563
212.6,49.793969
212.8,49.72466974
213,51.23621956
213.2,50.25613481
213.4,49.2424504
213.6,50.32784546
213.8,48.56384729
214,49.76267222
214.2,51.11030765
214.4,50.23027948
214.6,48.85450929
214.8,49.35511913
215,48.35316228
215.2,44.61045521
215.4,43.61596304
215.6,42.6506151
215.8,45.27510083
216,47.90879099
216.2,46.31746791
216.4,46.45938769
216.6,48.50305331
216.8,48.65270751
217,43.45398613
217.2,41.20559703
217.4,41.86762972
217.6,44.63711763
217.8,46.5446608
218,47.91730018
218.2,43.77780405
218.4,38.20033384
218.6,39.14858481
218.8,45.55554838
218.9045936,48.61111111
219,46.27601512
219.2,43.33182139
219.4,42.29846764
219.6,45.38131954
219.8,49.56158027
220,51.74470017
220.1413428,54.16666667
220.2,50.68795512
220.4,48.70494732
220.6,48.24789225
220.8,48.24344791
221,46.45912553
221.2,47.08942432
221.4,47.4669488
221.6,47.3579463
221.8,45.31269811
222,48.34728831
222.2,49.01718875
222.4,47.72870777
222.6,45.55577191
222.7915194,38.88888889
222.8,42.02268976
223,42.67870999
223.2,44.32736401
223.4,42.08627906
223.6,40.04591024
223.8,43.35903219
223.8515901,47.22222222
224,44.07556481
224.2,41.82279313
224.4,40.80799909
224.6,44.42997275
224.8,46.5310273
225,48.47352189
225.2,49.18782399
225.4,49.77287069
225.6,52.01290397
225.8,51.98316803
226,53.30790374
226.2,54.03769211
226.4,52.2691269
226.6,53.00582297
226.8,52.77513883
227,49.70776605
227.2,48.91510318
227.4,52.60671496
227.6,54.73861066
227.8,52.97845096
228,51.262738
228.2,54.48206963
228.4,52.68700813
228.6,50.75964696
228.8,53.48993136
228.975265,56.94444444
229,55.58205311
229.2,54.4700373
229.4,51.09448931
229.6,51.2180997
229.8,50.09106946
230,44.88634684
230.2,35.60858276
230.4,29.58799699
230.6,28.29012313
230.8,27.73893669
231,32.74283544
231.2,40.30459178
231.4,48.03944612
231.6,46.44156583
231.8,46.70808509
232,51.10163877
232.155477,54.16666667
232.2,51.52343341
232.4,50.3243593
232.6,50.08333839
232.8,52.69718885
233,54.74121122
233.2,55.92374923
233.4,52.40441975
233.6,53.03672768
233.8,52.05250403
234,48.36161016
234.2,45.31134129
234.4,46.69206475
234.6,49.36340119
234.8,50.34106415
235,51.70471498
235.2,53.66274881
235.4,52.07147466
235.6,50.86245881
235.8,49.62856131
236,48.0653975
236.2,49.92179493
236.4,54.14949083
236.6,53.76152721
236.8,51.91941697
237,49.26210551
237.2,48.52909737
237.4,50.20891441
237.6,50.74087998
237.8,49.47081883
238,48.12843379
238.2,45.015642
238.4,38.74294564
238.6,32.54437917
238.8,25.84049469
239,27.92809125
239.2,33.85031683
239.4,35.73771996
239.6,32.48108981
239.8,31.1601222
240,30.37965583
240.2,28.45724418
240.4,28.43985261
240.6,32.32792685
240.8,34.2605583
241,34.13585199
241.2,31.06822183
241.4,29.05298923
241.6,29.91182621
241.8,31.31339087
242,30.89359539
242.2,29.33219014
242.4,30.10594003
242.6,29.82232287
242.8,31.99236295
243,33.87092799
243.2,32.96887697
243.4,32.0980751
243.6,31.17927736
243.8,31.97480898
244,34.04960769
244.2,36.47206349
244.4,37.87769187
244.6,37.95036464
244.8,37.72125051
245,35.3962643
245.2,30.98987896
245.4,28.31244061
245.6,28.14871595
245.8,29.59352867
246,28.30059118
246.2,27.59934789
246.4,29.60174588
246.6,32.95466793
246.8,34.50564459
247,31.68620883
247.2,29.73873938
247.4,30.01845358
247.6,31.20847638
247.8,30.90227567
248,32.6822941
248.2,33.63348451
248.4,32.40087912
248.6,31.68174451
248.8,33.08226374
249,34.16067254
249.2,33.43717893
249.4,36.08398011
249.6,37.69969288
249.8,35.97516089
250,33.43935189
250.2,30.90569848
250.4,29.4398139
250.6,30.64876495
250.8,33.90914941
251,34.90283533
251.2,34.30409675
251.4,33.2940006
251.6,33.54079195
251.8,35.39204112
252,31.51869074
252.2,30.90106629
252.4,30.77082433
252.6,30.00449879
252.8,30.64152189
253,33.09226867
253.2,34.42574367
253.4,32.38151565
253.6,33.56183936
253.8,35.38916801
254,36.46176228
254.2,34.633367
254.4,30.8935043
254.6,31.22019361
254.8,31.97093813
255,30.60788506
255.2,30.62302323
255.4,30.76435766
255.6,30.33064122
255.8,32.19994575
256,33.41416204
256.2,34.78655187
256.4,33.32431509
256.6,32.3541127
256.8,33.46753826
257,36.49496439
257.2,35.63834148
257.4,34.6712617
257.6,36.84743114
257.8,33.25615069
258,30.28098878
258.2,29.94353698
258.4,30.99191784
258.6,30.37208019
258.8,32.07131954
259,34.7909125
259.2,34.69987279
259.4,34.23500936
259.6,33.06639722
259.8,35.65493832
260,38.14373862
260.2,39.90557265
260.4,39.94247884
260.6,37.61545819
260.8,33.93239989
261,37.0005612
261.2,39.66635875
261.4,37.47240092
261.6,36.34876705
261.8,36.75099828
262,34.07034588
262.2,30.4713135
262.4,31.94503802
262.6,32.78050146
262.8,34.24062924
263,34.22713832
263.2,32.58259688
263.4,35.54054507
263.6,36.84679566
263.8,36.54204497
264,33.93047328
264.2,29.3775743
264.4,28.62443744
264.6,32.19968085
264.8,32.79188256
265,32.59280581
265.2,34.20127439
265.4,33.88923701
265.6,33.3528815
265.8,33.89338734
266,33.05037507
266.2,32.23454134
266.4,31.80570895
266.6,32.97278493
266.8,34.54798864
267,36.17845217
267.2,32.58712615
267.4,29.36339677
267.6,30.84478698
267.8,30.40236026
268,27.28862014
268.2,29.68392024
268.4,35.27993256
268.6,32.30239154
268.8,27.49948561
269,29.06973615
269.2,34.23689353
269.4,37.0301962
269.6,35.6858603
269.8,31.48844939
270,28.81388665
270.2,29.15363405
270.4,29.94542439
270.6,31.11581203
270.8,35.29651997
271,38.56500827
271.2,38.00656263
271.4,38.01541035
271.6,34.6696348
271.8,32.75310889
272,35.60416106
272.2,39.17114596
272.2614841,41.66666667
272.4,37.17479555
272.6,35.64655596
272.8,34.95323398
273,34.86524652
273.2,35.04993584
273.4,34.17965702
273.6,33.86230562
273.8,37.93258315
274,41.59569761
274.2,40.37847428
274.4,37.68944379
274.6,35.81331038
274.8,33.44773688
275,33.86277225
275.2,34.72400747
275.4,34.14867777
275.6,34.71274002
275.8,31.5419465
276,34.18259948
276.2,37.42235844
276.4,37.11848591
276.6,34.69135117
276.8,34.48857626
277,37.38767563
277.2,37.06119413
277.4,33.51935508
277.6,33.33703276
277.8,37.29712683
278,37.66697355
278.2,35.95847902
278.4,34.02620233
278.6,32.06731825
278.8,34.14828878
279,36.19891811
279.2,36.54288376
279.4,38.13216154
279.6,39.63237198
279.8,39.72308702
280,36.41505788
280.2,34.13582942
280.4,32.45482428
280.6,35.41646456
280.8,37.64790447
281,37.94077499
281.2,36.79776366
281.4,37.86763578
281.6,40.41440625
281.8,40.16368899
282,39.31241749
282.2,39.50898293
282.4,40.97033022
282.6,40.80859402
282.8,38.97855948
282.8621908,36.11111111
283,38.944866
283.2,43.30462445
283.4,43.22104904
283.6,41.80025382
283.8,42.39592028
284,40.28761331
284.2,37.38043716
284.4,32.10330964
284.6,31.19532579
284.8,38.31379176
285,39.66145987
285.2,37.96605497
285.4,38.44989864
285.6,38.95526051
285.8,41.44190227
286,42.79885392
286.0424028,45.83333333
286.2,42.57709911
286.4,38.42180388
286.6,36.35721593
286.8,35.99867433
287,36.39884737
287.2,34.28588509
287.4,32.0213149
287.6,32.46391611
287.8,29.58037999
288,29.09277745
288.2,32.39920729
288.4,32.67972422
288.6,34.46081702
288.8,38.14474046
288.869258,40.27777778
289,38.5815569
289.2,38.72209254
289.4,39.89746745
289.6,42.04689783
289.8,38.88616175
290,34.70613978
290.2,37.7816366
290.4,40.9196606
290.459364,45.83333333
290.6,41.8032084
290.8,36.66604118
291,35.61217946
291.2,37.34452128
291.4,32.26235387
291.6,30.13207493
291.8,30.77476926
292,31.50230058
292.2,33.85591268
292.4,36.10708506
292.6,34.84442781
292.8,36.12611831
293,34.06144374
293.2,36.16553477
293.4,38.99257784
293.6,41.39483442
293.8,40.02035991
294,40.47407069
294.2,41.44383578
294.4,39.76222442
294.6,40.2315088
294.8,40.58604533
295,37.68113304
295.2,36.2499882
295.4,36.35009148
295.6,37.74325432
295.8,35.19965028
296,32.6672614
296.2,31.83375102
296.4,29.77750792
296.6,28.8608105
296.8,32.67871296
297,33.77779731
297.2,34.26876746
297.4,37.67175661
297.6,41.07522931
297.8,39.86265292
298,36.52068443
298.2,35.59403649
298.4,34.00868733
298.6,32.39232403
298.7632509,29.16666667
298.8,32.13617137
299,33.8420298
299.2,33.56649198
299.2932862,30.55555556
299.4,33.44797952
299.6,40.57757873
299.8,44.78630343
299.8233216,47.22222222
300,41.51093953
300,40.26888604
300.2,38.12742661
300.4,37.63868346
300.6,37.0086754
300.8,34.97595865
301,33.6066752
301.2,33.76322943
301.4,33.63926749
301.6,35.47730002
301.8,36.7289637
302,36.75529978
302.2,35.0269503
302.4,34.64344624
302.6,37.13586583
302.8,40.68079757
303,43.23650254
303.2,42.53264623
303.4,40.99483861
303.6,37.55823019
303.8,33.17866468
304,31.30202442
304.2,34.11696428
304.4,37.54260454
304.6,33.08711587
304.8,31.66201162
305,35.42997303
305.2,35.79400339
305.4,38.81931957
305.6,40.90394172
305.8,39.52969797
306,36.04106102
306.2,33.62360606
306.4,34.4420175
306.6,37.96979219
306.8,40.40761081
307,41.54628877
307.2,37.49046642
307.4,33.6997487
307.6,35.26363152
307.8,36.20666653
308,39.72640482
308.2,39.40401353
308.4,38.11074831
308.6,36.06886867
308.8,38.70459489
309,41.79774115
309.2,39.77692426
309.4,37.53485131
309.6,36.78635379
309.8,35.51442221
310,36.63119703
310.2,39.15089221
310.4,39.82628075
310.6,37.26376216
310.8,36.36774179
311,35.47944048
311.2,32.47468291
311.4,31.11098781
311.6,34.63570181
311.8,41.01678454
311.942959,46.47887324
312,42.60736807
312.2,38.74586011
312.4,35.13117448
312.6,37.21301686
312.8,39.55562609
313,43.1359849
313.2,40.53320127
313.4,34.82994013
313.6,34.09414309
313.8,35.50616081
314,35.89969288
314.2,34.80873678
314.4,32.48152087
314.6,33.08336719
314.8,35.58330521
315,34.10683472
315.2,33.32259508
315.4,36.65509773
315.6,41.68923808
315.8,41.81636788
316,35.72618574
316.2,30.43849345
316.4,32.5978618
316.6,36.00882581
316.8,37.64963351
317,38.61128166
317.2,39.93437336
317.4,42.85746919
317.6,43.58439266
317.8,40.20221708
318,36.97170828
318.2,38.12491301
318.4,38.18301037
318.6,39.18914307
318.8,40.35188396
319,36.54720426
319.2,32.69187401
319.4,35.36913596
319.6,36.69648495
319.8,34.0371103
320,34.62293867
320.2,34.53788248
320.3208556,38.02816901
320.4,34.23327028
320.6,31.48629163
320.8,31.04118673
321,34.73098151
321.2,34.41507644
321.4,33.4630203
321.6,37.40439069
321.8,37.34206905
322,35.00743263
322.2,38.18879665
322.4,41.97456618
322.6,39.01504167
322.8,36.24401579
323,33.84503927
323.2,30.4555954
323.3511586,26.76056338
323.4,28.83032616
323.6,34.21001158
323.8,36.87276345
324,35.78087381
324.2,33.4699271
324.4,34.63173083
324.6,37.19069029
324.8,38.20467408
325,37.42402337
325.2,35.23765007
325.4,38.36192433
325.6,40.5306675
325.8,39.61838516
326,38.85016473
326.2,34.57010235
326.4,33.53467062
326.6,34.44483496
326.8,29.40603309
326.916221,23.94366197
327,31.10119286
327.2,39.50617004
327.4,42.01060741
327.6,40.43798981
327.8,39.18324267
328,35.47326983
328.2,34.72716768
328.4,35.53031882
328.6,34.46254516
328.8,35.00815287
329,37.27831964
329.2,38.67851865
329.4,39.3129589
329.6,38.52903751
329.8,35.52019671
330,33.5121491
330.2,34.33670082
330.4,33.8963907
330.6,33.38997048
330.8,34.89182433
331,36.68033868
331.2,35.99818055
331.4,34.6676287
331.6,32.3992013
331.8,31.15185484
332,32.27648768
332.2,35.07013936
332.4,32.48626258
332.6,34.33982441
332.8,35.3482608
333,35.86865475
333.2,37.00363729
333.4,36.37815952
333.6,33.67409882
333.8,31.39581848
334,32.57456071
334.2,34.0646639
334.4,34.6489489
334.6,34.33033444
334.8,35.70207606
335,36.12745287
335.2,33.89344841
335.4,29.36274469
335.6,28.72154963
335.8,33.23078284
336,35.98257191
336.2,35.23612579
336.4,36.84508997
336.6,38.32833265
336.8,36.71452861
337,35.39041114
337.2,35.82593767
337.4,34.02730841
337.6,29.39595916
337.8,30.034706
338,32.29337465
338.2,33.02452876
338.4,33.88488536
338.6,37.62165608
338.8,37.28950238
339,34.73118057
339.2,34.95524297
339.4,32.81821287
339.6,30.92274221
339.8,31.40807034
340,33.07118272
340.2,31.56451549
340.4,32.91734054
340.6,35.47300027
340.8,38.04503037
341,36.32263088
341.2,31.54881189
341.4,28.38354328
341.6,31.42973662
341.8,33.3733111
342,34.52099118
342.2,36.4500978
342.4,38.31300631
342.6,39.81105595
342.8,38.70199654
343,35.86832992
343.2,35.25204626
343.4,31.8488099
343.6,32.99801636
343.8,37.75825337
344,40.47306235
344.2,35.4658424
344.4,36.45179461
344.6,37.70291711
344.8,39.46666801
345,38.68413826
345.2,33.3017142
345.4,30.69872202
345.6,28.20367947
345.8,25.78448665
346,31.21400978
346.2,35.18553763
346.4,33.97798241
346.6,33.39748726
346.8,32.9797504
347,31.33794404
347.2,30.0968376
347.4,28.16483737
347.6,28.55768823
347.8,33.4294873
348,36.83972514
348.2,36.70296213
348.4,34.60554848
348.6,31.43976426
348.8,32.32745234
349,34.36524642
349.2,33.42161175
349.4,30.72067973
349.6,31.47419554
349.8,34.89475443
350,38.01292196
350.2,40.97010915
350.4,39.66306186
350.6,34.6205311
350.8,29.81592595
351,28.63375042
351.2,32.94394895
351.4,36.43347246
351.6,35.38555026
351.8,33.91101704
352,32.94402749
352.2,31.4582264
352.4,31.14785458
352.6,31.60011183
352.8,34.80742813
353,39.71628402
353.2,40.25847929
353.4,36.94436515
353.6,33.54641635
353.8,32.66586585
354,36.96462383
354.2,35.09251328
354.4,32.13584629
354.6,34.43566169
354.8,37.28396192
355,35.70642958
355.2,31.73889353
355.4,29.73197893
355.6,29.29376419
355.8,30.3480803
356,34.02557848
356.2,35.34864128
356.4,32.75164591
356.6,33.04317748
356.8,37.15784699
357,35.45758212
357.2,31.60681704
357.4,32.86204779
357.6,32.28338407
357.8,30.41502044
358,32.7719522
358.2,33.44513088
358.4,33.52321496
358.6,33.41340673
358.8,34.17248356
359,34.61318957
359.2,35.70961875
359.4,37.60963261
359.6,38.36921798
359.8,39.30039658
360,41.42054109
360.2,37.74036747
360.4,32.89025553
360.6,31.24108034
360.8,32.69936027
361,33.50250268
361.2,31.46076568
361.4,32.33920514
361.6,38.01784356
361.6755793,40.84507042
361.8,38.69268014
362,35.03845738
362.2,31.10991885
362.4,30.12731811
362.6,33.01935276
362.8,32.68037296
363,26.28203284
363.2,25.81713837
363.2798574,23.94366197
363.4,27.37486371
363.6,28.20411078
363.8,32.49622196
364,31.08748825
364.2,30.86125172
364.4,32.58400701
364.6,33.50299819
364.8,33.98687813
365,35.29139688
365.2,35.16618921
365.4,35.62730276
365.6,39.00887788
365.8,39.37998067
366,39.24040198
366.2,38.39545366
366.4,39.68225331
366.6,36.63492381
366.8,32.14701845
367,30.76755958
367.2,31.07538444
367.4,32.58363754
367.6,36.37758089
367.8,37.80594167
368,34.379711
368.2,31.0944329
368.4,33.33705282
368.6,35.2437362
368.8,34.372503
369,32.37196121
369.2,31.71299288
369.4,34.05072912
369.6,31.54277309
369.8,30.66005439
370,30.78715599
370.2,31.75686479
370.4,32.02781737
370.6,33.45610033
370.8,37.07413036
371,35.96623952
371.2,32.86587267
371.4,32.13895088
371.6,36.90483942
371.8,39.3844789
372,39.7880158
372.2,36.12798941
372.4,31.36664841
372.6,32.90663034
372.8,34.63320316
373,34.0358923
373.2,38.54466361
373.4,38.19725438
373.6,33.71367346
373.8,30.85350213
374,31.0272726
374.2,34.62209206
374.4,39.47472755
374.6,42.68446605
374.8,40.24666234
375,34.4027208
375.0445633,30.98591549
375.2,33.53422883
375.4,34.27987329
375.5793226,40.84507042
375.6,34.49266328
375.8,32.51687274
376,31.41337566
376.2,34.2097051
376.4,32.67798507
376.6,34.9238047
376.8,34.57536053
377,37.63807856
377.2,40.0081675
377.4,39.44554826
377.6,38.21469507
377.8,42.36744424
378,40.31669028
378.2,37.35220484
378.4,38.23107499
378.6,38.04243162
378.8,38.18405076
379,36.38983287
379.2,38.26792746
379.4,37.67793727
379.6,35.41923645
379.8,33.10768142
380,33.98596308
380.2,34.68708172
380.4,36.36522408
380.6,37.01956041
380.8,36.02489082
381,34.95128533
381.2,37.49564385
381.4,38.4190062
381.6,36.23759123
381.8,34.18873009
382,36.19227817
382.2,35.91768636
382.4,36.11972697
382.6,39.18738077
382.8,37.03411403
383,33.50993798
383.2,37.21257354
383.4,37.3461434
383.6,33.91853493
383.8,30.6006135
384,35.44905071
384.2,40.31357972
384.4,37.33892771
384.6,33.29289639
384.8,33.67221171
385,36.87725442
385.2,38.36373598
385.4,40.44456482
385.6,40.26514914
385.8,39.22815685
386,33.72144245
386.2,29.73898593
386.4,34.64393667
386.6,37.5316267
386.8,32.5933643
387,30.86136251
387.2,30.56134652
387.4,29.93051355
387.6,34.28635065
387.8,37.34361146
388,36.69204899
388.2,38.56750001
388.4,40.12189745
388.6,41.15747627
388.8,39.94965289
389,34.82896061
389.2,31.84297097
389.4,32.41290182
389.6,30.77682926
389.8,33.65304708
390,35.99407149
390.2,35.3648528
390.4,32.37053465
390.6,29.66599769
390.8,31.2404953
391,33.97277086
391.2,35.53971609
391.4,35.67576096
391.6,35.57177157
391.8,37.75069681
392,40.04456599
392.2,39.20526285
392.4,36.21667401
392.6,32.21572782
392.8,32.21209179
393,36.19787516
393.2,41.12753989
393.4,42.66078167
393.6,37.52133712
393.8,34.08247653
394,32.35249869
394.2,28.84428487
394.4,29.99710194
394.6,32.65546824
394.8,34.07068468
395,32.555206
395.2,33.19215044
395.4,37.23349856
395.6,38.90570128
395.7219251,42.25352113
395.8,38.94231336
396,38.85767688
396.2,37.40948917
396.4,37.5917446
396.6,39.28354235
396.8,40.26075074
397,38.22904489
397.2,34.89192937
397.4,37.7170157
397.6,39.85221297
397.8,36.01220589
398,32.30729899
398.2,30.88513341
398.4,29.35471307
398.6,30.09547595
398.8,30.65511745
399,33.36524394
399.2,36.28548922
399.4,36.8705852
399.6,33.2440065
399.8,31.66106108
400,32.36983873
400,31.69228306
400.2,32.62743814
400.4,31.25460332
400.6,30.20335527
400.8,31.01617431
401,33.52665734
401.2,35.85823346
401.4,33.45418477
401.6,34.37466728
401.8,37.36854288
402,37.81861065
402.2,35.11500979
402.4,35.83073942
402.6,35.41671346
402.8,33.31125111
403,36.30788624
403.2,37.02457224
403.4,33.79245396
403.6,32.0278737
403.8,35.06111768
404,34.27974397
404.2,31.26829171
404.4,32.31822312
404.6,31.78502949
404.8,31.01071204
405,32.28051713
405.2,30.94401549
405.4,30.55746968
405.6,32.73934214
405.8,34.65928248
406,33.04636771
406.2,30.86828993
406.4,35.47185207
406.6,35.32262054
406.6666667,38.88888889
406.8,32.36428917
407,32.28287384
407.2,31.62397723
407.4,31.17165537
407.6,33.14325126
407.8,35.96771827
408,34.21661463
408.2,29.46927767
408.4,30.30240303
408.6,29.94127994
408.8,28.74637499
409,31.95298532
409.2,34.58243587
409.2982456,37.5
409.4,34.90881952
409.6,31.93397493
409.8,31.66065259
410,36.44462769
410.2,40.79494915
410.4,37.34273202
410.6,33.42771148
410.8,35.84341884
411,34.05326094
411.2,30.02184099
411.4,31.51606247
411.6,31.42404225
411.8,33.01250001
412,32.39079218
412.2,33.48799869
412.4,34.80401337
412.6,35.27125162
412.8,35.62442196
412.9824561,38.88888889
413,35.49945957
413.2,35.81668609
413.4,36.63246864
413.5087719,41.66666667
413.6,37.61527647
413.8,35.68083197
414,32.30315165
414.2,34.53318976
414.4,35.80988893
414.6,37.04357594
414.8,37.15963509
415,40.17893814
415.2,39.00548544
415.4,37.87882518
415.6,34.8865637
415.8,34.74601186
416,32.10802936
416.2,33.45132548
416.4,35.11660785
416.6,32.1487614
416.8,29.73432635
417,32.09521573
417.2,30.33707752
417.4,26.44644101
417.5438596,20.83333333
417.6,28.7169869
417.8,30.45551289
418,30.97747805
418.2,33.45818076
418.4,37.56429657
418.6,34.79733798
418.8,32.93770892
419,29.07199843
419.2,30.47366102
419.4,33.69585769
419.6,37.89389763
419.8,37.40944695
420,35.81710111
420.2,36.70256268
420.4,39.20164152
420.6,36.99101581
420.8,33.79897269
421,36.74651439
421.2,40.83822008
421.2280702,45.83333333
421.4,41.18295046
421.6,38.68050456
421.8,34.5826527
422,33.16943262
422.2,33.92764488
422.4,35.83769221
422.6,33.44726473
422.8,31.08308894
423,35.24019611
423.2,39.75719886
423.3333333,43.05555556
423.4,38.69396131
423.6,36.48356229
423.8,38.25152831
424,39.75991328
424.2,38.18626533
424.4,35.14032812
424.6,31.17323192
424.8,29.57145612
425,30.27251572
425.2,30.02164396
425.4,31.27037201
425.6,32.65117815
425.8,32.58924004
426,32.53485625
426.2,34.97925708
426.4,38.65647556
426.6,38.04998435
426.8,31.0591673
427,29.12405778
427.2,33.42772395
427.4,35.5775694
427.6,33.8184628
427.8,34.12503074
428,35.075581
428.2,36.28560771
428.4,35.2790777
428.6,36.15435019
428.8,38.75018938
429,39.73249815
429.2,37.69203125
429.4,35.12445537
429.4736842,31.94444444
429.6,35.1120837
429.8,35.12132823
430,36.98770827
430.2,38.16024984
430.4,34.90118189
430.6,30.52082484
430.8,31.08269234
431,33.06706611
431.2,35.48478805
431.4,39.14019562
431.6,38.26426426
431.8,40.87160694
432,40.14186808
432.2,37.02384399
432.4,31.69277765
432.6,27.90798448
432.8,27.58848877
433,31.72223318
433.2,33.57166658
433.4,33.50176017
433.6,34.99110883
433.8,36.89623803
434,35.6139929
434.2,35.57466292
434.4,35.73616999
434.6,38.28636309
434.8,40.66234026
435,42.38144944
435.2,39.46185426
435.4,34.2796692
435.6,30.04184493
435.8,30.96613297
436,31.84601491
436.2,36.21602026
436.4,39.57473678
436.6,36.47790287
436.8,33.45218112
437,34.26247277
437.2,34.45579637
437.4,36.50001808
437.6,39.13466184
437.8,39.94653926
438,38.4001203
438.2,35.49034914
438.4,30.85129865
438.6,31.02199177
438.8,34.75764997
439,33.1600505
439.2,35.26165439
439.4,37.45095853
439.6,33.96568563
439.8,38.63229771
440,42.58838041
440.2,41.89461488
440.4,36.84344736
440.6,32.80507486
440.8,30.40185475
441,30.86893584
441.2,33.32728779
441.4,34.64064508
441.6,37.68929631
441.8,36.74660678
442,35.40706937
442.2,35.27413539
442.4,32.87121433
442.6,30.42414249
442.8,29.01117542
443,33.75513449
443.2,38.6220559
443.4,34.05646188
443.6,34.74758323
443.8,36.75318894
444,37.29155397
444.2,35.14846485
444.4,35.9166413
444.6,32.48285964
444.8,29.42419323
445,31.80710859
445.2,31.04321713
445.4,28.65123148
445.6,30.98561338
445.8,33.72177189
446,35.10198258
446.2,32.19191783
446.4,32.92638099
446.6,34.94923265
446.8,39.36840118
447,39.01359913
447.2,35.3880337
447.4,33.22280295
447.6,35.93971107
447.8,35.68327497
448,33.78683857
448.2,32.61118373
448.4,32.15646804
448.6,31.23834026
448.8,31.66258857
449,33.75951464
449.2,32.5284249
449.4,31.84815845
449.6,32.96635687
449.8,36.19158694
450,35.32894847
450.2,31.47527929
450.4,31.38122109
450.6,32.64658551
450.8,33.70539675
451,34.792965
451.2,33.13002613
451.4,30.53361113
451.6,30.24204925
451.8,31.75578331
452,32.81127951
452.2,32.24178673
452.4,35.07263781
452.6,37.88212484
452.8,37.26691747
453,34.92369032
453.2,36.12597233
453.4,35.16787255
453.6,32.58271366
453.8,31.39509249
454,31.48708765
454.2,33.78871256
454.4,32.88363337
454.6,31.95960709
454.8,33.49570851
455,33.76467174
455.2,36.73311832
455.4,39.89580392
455.6,37.58771559
455.8,36.01242432
456,35.47437456
456.2,35.18720509
456.4,34.06227792
456.6,34.49845641
456.8,33.98905417
457,32.27139416
457.2,27.71266868
457.4,29.05624829
457.6,32.73169597
457.7192982,36.11111111
457.8,31.70477405
458,30.50523296
458.2,30.09401702
458.4,31.67159453
458.6,33.28974322
458.8,35.1429129
459,36.80134632
459.2,35.1968201
459.4,33.36190185
459.6,30.08272447
459.8,33.24768571
460,38.01471072
460.2,38.93204932
460.4,37.52530468
460.6,38.71598099
460.8,39.54157233
461,39.23238794
461.2,36.27164171
461.4,34.54371559
461.6,35.41243762
461.8,36.09436906
462,34.01921602
462.1052632,30.55555556
462.2,34.58125727
462.4,39.24812939
462.6,42.19068971
462.8,39.87980656
463,42.03000058
463.2,41.86775121
463.4,35.92302282
463.6,32.27953436
463.8,33.89231649
464,34.06138675
464.2,33.77241375
464.4,32.63661727
464.6,28.3501706
464.8,29.32184237
465,33.68657739
465.2,35.28255082
465.4,32.86464524
465.6,33.96714572
465.8,37.31088193
466,36.9882156
466.2,35.36915931
466.4,35.18815509
466.6,37.40201018
466.8,41.76482848
467,44.6806599
467.2,38.00690459
467.4,31.29019868
467.5438596,27.77777778
467.6,30.85752733
467.8,36.31533823
468,35.16574732
468.2,31.95702795
468.4,36.33949047
468.6,39.58635797
468.8,40.22588909
469,38.68085625
469.2,35.52067868
469.4,32.78238314
469.6,33.26173361
469.8,36.554919
470,37.26860347
470.2,35.1851225
470.4,36.45757706
470.6,39.03350647
470.8,36.40560214
471,34.96120479
471.2,36.59456916
471.4,37.99631399
471.6,35.61256322
471.8,36.80058317
472,41.1675977
472.1052632,44.44444444
472.2,41.3509936
472.4,39.0680164
472.6,39.30303158
472.8,40.0784247
473,35.51971294
473.2,31.78103426
473.4,35.80452658
473.6,36.92149701
473.8,34.70052891
474,33.26053683
474.2,29.80793121
474.4,29.7001631
474.6,35.21109679
474.8,35.41954828
475,35.15609322
475.2,35.84515646
475.4,34.36519751
475.6,36.21749236
475.8,39.69897527
476,41.32631969
476.2,40.00075006
476.4,38.78607379
476.6,36.60957994
476.8,33.49010092
477,34.68339596
477.2,34.22486636
477.4,34.45889262
477.6,36.46594999
477.8,37.99763361
478,36.7866768
478.2,38.27462804
478.4,37.23682481
478.6,32.76893525
478.8,31.42445358
479,33.91589743
479.2,34.91994722
479.4,36.24572193
479.6,37.00268109
479.8,36.20190001
480,36.00262357
480.2,39.5124804
480.4,41.27173913
480.5263158,44.44444444
480.6,39.72448474
480.8,37.61798637
481,32.68338783
481.2,31.20657236
481.4,29.93463917
481.6,29.3730227
481.8,29.21473666
482,31.14413205
482.2,35.72778775
482.4,37.97758651
482.6,37.84496183
482.8,33.9882552
483,35.66671501
483.1578947,33.33333333
483.2,36.47308392
483.4,36.64904119
483.6,35.79260527
483.8,35.8123329
484,36.65708957
484.2,36.05870543
484.4,33.5871966
484.6,34.1825234
484.8,32.65709827
485,34.9863618
485.2,37.62744649
485.4,37.57101715
485.6,34.97848113
485.8,32.62836984
486,36.81124692
486.2,40.07654836
486.3157895,43.05555556
486.4,39.415277
486.6,38.7503921
486.8,33.7467799
487,30.38462447
487.2,31.44634615
487.4,32.8437952
487.6,31.92096498
487.8,34.40328199
488,38.26310901
488.2,38.64987244
488.4,39.49982162
488.6,42.65167577
488.8,40.07633809
489,36.93201808
489.2,35.26837755
489.4,36.29843726
489.6,37.55472367
489.8,38.22422071
490,37.43441448
490.2,34.37972587
490.4,32.50452102
490.6,30.7009474
490.8,28.21122046
491,29.82023131
491.2,34.32344771
491.4,36.3180043
491.6,36.14595211
491.8,37.22359335
492,36.78559265
492.2,33.93777851
492.4,33.42110647
492.6,35.17128037
492.8,35.90540802
493,38.53413425
493.2,41.99563304
493.4,41.58035921
493.6,37.41082296
493.8,34.78678743
494,34.19876036
494.2,31.57229562
494.4,27.64701698
494.6,28.66237067
494.8,31.03543409
495,35.42638456
495.2,39.39352251
495.4,41.76632937
495.6,42.07467275
495.8,44.63254941
496,45.94197045
496.2,41.70906116
496.4,40.13037109
496.6,41.15919486
496.8,42.74636417
497,45.03776805
497.2,44.13341389
497.4,40.37552036
497.6,36.01600139
497.8,37.03785063
498,39.53774749
498.2,38.21639015
498.4,35.80474037
498.6,33.9677725
498.8,39.30335536
499,40.60028943
499.2,35.87176315
499.4,31.68274536
499.6,35.38981643
499.8,37.82161179
500,38.60135403
500,39.57535121
500.2,39.96265429
500.4,39.01976882
500.6,34.81461669
500.8,32.85313204
501,35.56180056
501.2,36.85899658
501.4,34.96573825
501.6,33.82276263
501.8,35.20418663
502,37.07639801
502.2,40.67436589
502.4,38.03684203
502.6,33.3210626
502.8,31.28370779
503,33.53899626
503.2,35.12666759
503.4,33.08934821
503.6,34.66675074
503.8,37.77971477
504,41.95806157
504.2,44.0307827
504.4,42.96675285
504.6,39.32772432
504.8,34.95623507
505,36.87886167
505.2,38.03699401
505.4,37.97341048
505.6,37.54363376
505.8,36.12873376
506,34.84125153
506.2,37.50190794
506.4,39.35913604
506.6,39.89588372
506.8,42.2110899
507,43.98072507
507.2,42.53283414
507.4,40.75197798
507.6,36.4394688
507.8,34.16901221
508,35.16093712
508.2,35.81815751
508.4,35.63417347
508.6,37.24433419
508.8,39.35726927
509,40.08475783
509.2,38.11841737
509.4,35.62287017
509.6,37.78291303
509.8,40.59043026
510,41.66624199
510.2,41.65818069
510.4,41.10769751
510.6,45.46102361
510.8,44.47293348
511,40.27407269
511.2,36.88198726
511.4,40.38477397
511.6,40.9728262
511.8,37.8157621
512,33.05273616
512.2,33.53821659
512.4,35.63150969
512.6,37.58069081
512.8,37.53921517
513,36.97457878
513.2,37.68553372
513.4,39.15033918
513.6,40.74207929
513.8,40.06401868
514,38.43790549
514.2,35.1665457
514.4,32.83606437
514.6,31.58848303
514.8,30.12911431
515,32.36715814
515.2,36.29343436
515.4,36.04392528
515.6,36.87592836
515.8,38.43077715
516,41.77798381
516.2,47.71425771
516.4,42.7136433
516.6,37.20970549
516.6959578,31.94444444
516.8,34.68784545
517,36.01803492
517.2,40.21733095
517.4,40.8098715
517.6,37.93973001
517.8,35.99027495
518,39.13427858
518.2,40.02196916
518.4,38.94532479
518.6,40.58576561
518.8,39.92774466
519,38.08497937
519.2,34.97780997
519.4,33.64948338
519.6,37.49664167
519.8,39.97243597
520,38.81736714
520.2,41.11340385
520.4,43.74565734
520.6,41.36396085
520.8,42.80702443
521,44.30331844
521.2,41.57765121
521.4,38.36416302
521.6,37.21460528
521.8,36.78403004
522,37.50723515
522.2,38.37955573
522.4,36.6713001
522.6,34.58942957
522.8,36.86898965
523,36.8788069
523.2,35.56172447
523.4,39.0578489
523.6,39.92644746
523.8,40.22217481
524,39.08998394
524.2,39.21213705
524.4,39.09345328
524.6,39.86660757
524.8,43.37019226
525,45.60142828
525.2,48.271196
525.4,49.34158738
525.6,46.96716663
525.8,43.41782903
526,47.80452447
526.2,46.57549648
526.4,41.30755094
526.6,40.11928915
526.8,43.16397045
527,44.75112002
527.2,41.45633096
527.4,38.25732293
527.6,38.10947593
527.8,37.27894196
528,34.82624925
528.2,37.32259884
528.4,41.63515149
528.6,41.12394242
528.8,41.67051834
529,41.34655846
529.2,41.27946708
529.4,42.23470092
529.6,44.01163854
529.8,44.07677809
530,37.57647927
530.2,33.71974668
530.4,36.3931747
530.6,40.02192291
530.8,40.06132964
531,45.01851277
531.2,43.2897602
531.2829525,47.22222222
531.4,41.27755442
531.6,42.13203395
531.8,41.64036349
532,40.98624391
532.2,38.62393737
532.4,38.2337194
532.6,37.89165426
532.8,40.18977967
533,38.51474575
533.2,39.16424355
533.4,37.84730478
533.6,40.53994564
533.8,39.43250977
534,39.59389726
534.2,39.14348664
534.4,41.29720784
534.6,40.18096115
534.8,41.05913918
535,43.1262527
535.2,39.96225568
535.4,37.49474425
535.6,42.03024297
535.8,46.93969512
536,44.17807351
536.2,40.75090555
536.4,41.05425683
536.6,44.22653282
536.8,42.62480152
537,38.0436581
537.2,36.24170062
537.4,38.93533734
537.6,43.79479599
537.8,46.83767991
538,44.15810235
538.2,40.05252865
538.4,38.01221511
538.6,39.29073745
538.8,40.41075461
539,39.15216244
539.2,37.2774554
539.4,37.93315682
539.6,38.33279339
539.8,33.84475758
540,36.76577824
540.2,39.9080147
540.4,41.51741117
540.6,41.66972418
540.8,39.71707877
541,37.95865361
541.2,40.25123545
541.4,41.565972
541.6,42.91071162
541.8,43.42751714
542,38.23471903
542.2,35.66536475
542.4,36.20969968
542.6,33.11337154
542.8,30.33185044
543,35.24327542
543.2,38.36147204
543.4,44.72383533
543.6,46.19860568
543.8,39.25730361
544,32.04548756
544.112478,29.16666667
544.2,34.51324965
544.4,39.95317555
544.4639719,43.05555556
544.6,39.15135559
544.8,36.21115298
545,36.64856251
545.2,37.39079381
545.4,42.63409174
545.6,46.35249678
545.8,41.81318027
546,35.1044775
546.2,36.28201906
546.4,35.33596252
546.6,36.96433042
546.8,41.25627687
547,42.6440251
547.2,41.3785542
547.4,39.76101387
547.6,38.78216775
547.8,37.91726469
548,40.36663296
548.2,41.15434048
548.4,38.67017757
548.6,34.89216658
548.8,35.37926394
549,36.39473399
549.2,33.25802039
549.4,29.85804152
549.6,33.34299141
549.8,38.87892669
550,40.7577465
550.2,40.03455612
550.4,41.24780716
550.6,38.11965258
550.8,32.93807111
551,32.55142349
551.2,37.4393398
551.4,40.25757259
551.6,39.77144685
551.8,40.4577488
552,40.48364179
552.2,39.37904093
552.4,40.74357691
552.6,36.93707259
552.8,31.94029911
552.8998243,29.16666667
553,34.51487745
553.2,39.1742147
553.4,36.28376445
553.6,33.52476783
553.8,35.18036113
554,34.3331429
554.2,34.79065912
554.4,37.48601785
554.6,36.8602101
554.8,37.36766939
555,39.86247676
555.2,37.27934638
555.4,32.78272752
555.6,30.64867916
555.8,34.61257323
556,38.05325168
556.2,38.47666296
556.4,34.92337703
556.6,37.05675301
556.8,42.46498891
557,43.97189501
557.2,40.72457954
557.4,36.63275323
557.6,34.5411782
557.8,35.39696937
558,39.5659485
558.2,39.69656335
558.4,40.49016691
558.6,39.86176325
558.8,38.30710041
559,38.2554836
559.2,38.68770808
559.4,37.68447554
559.6,39.77897229
559.8,38.03071443
560,34.41995636
560.2,33.0466509
560.4,35.56779188
560.6,37.68193966
560.8,38.10752672
561,37.17225673
561.2,35.95917656
561.4,35.63108456
561.6,37.32508819
561.8,38.66981984
562,41.04773254
562.2,41.00451446
562.4,38.20116276
562.6,36.78184522
562.8,37.39244664
563,34.0895242
563.2,32.76800635
563.4,36.97654565
563.6,40.13588654
563.8,40.43398541
564,39.3845241
564.2,37.23018573
564.4,36.17074292
564.6,33.3643196
564.8,32.77457126
565,34.07289914
565.2,37.08736689
565.4,40.46148244
565.6,37.63735484
565.8,38.4083339
566,39.87603327
566.2,38.892565
566.4,37.53057526
566.6,34.80983817
566.8,35.26223205
567,37.88016915
567.2,41.69304352
567.4,41.9331382
567.6,39.88115383
567.8,38.9752524
568,36.97596439
568.2,37.55485034
568.4,40.61411556
568.6,43.93837473
568.8,44.05967085
569,41.35034834
569.2,37.31382844
569.4,35.72422758
569.6,34.19145099
569.8,33.2234799
570,38.80645651
570.2,39.24352899
570.4,36.88335242
570.6,38.78681951
570.8,35.81304797
571,33.67101529
571.2,35.17271687
571.4,35.73649118
571.6,36.9676562
571.8,34.0022308
572,30.65295154
572.2,33.35874226
572.4,34.4446642
572.6,36.9278722
572.8,37.50923928
573,36.00905791
573.2,33.55188245
573.4,31.29921896
573.6,33.98728476
573.8,36.57588746
574,35.1223895
574.2,32.87543187
574.4,34.88428592
574.6,36.07405904
574.8,35.82165213
575,35.15852955
575.2,36.32616052
575.4,35.77619849
575.6,35.54973393
575.8,36.26074033
576,37.22409788
576.2,38.44462135
576.4,39.15644922
576.6,43.43643696
576.8,45.13591973
577,46.19244026
577.2,42.46754678
577.4,36.97073899
577.6,33.99525582
577.8,36.87743935
578,38.42718698
578.2,39.75501289
578.4,41.30873209
578.6,38.21728873
578.8,37.63322321
579,37.78518986
579.2,38.67348355
579.4,36.963603
579.6,38.97367524
579.8,38.95750643
580,36.71041133
580.2,36.92574775
580.4,35.89114561
580.6,32.05893068
580.6678383,29.16666667
580.8,31.38016414
581,36.98017481
581.2,39.98527159
581.4,37.74922205
581.6,32.85210631
581.8,34.25259653
582,38.03475742
582.2,40.68113853
582.4,40.82748269
582.6,41.4750931
582.8,43.03838618
583,44.52000179
583.2,43.78766009
583.3040422,47.22222222
583.4,42.67831241
583.6,38.83566986
583.8,35.96906717
584,37.4532072
584.2,40.81015052
584.4,39.40979586
584.6,35.67544659
584.8,33.98892026
585,37.03554925
585.2,41.02698485
585.4,41.55237727
585.6,40.38117024
585.8,41.37067836
586,37.79362043
586.2,32.410256
586.4,33.89527001
586.6,38.08332812
586.8,39.66449328
587,39.26702959
587.2,41.79208018
587.4,40.89399638
587.6,41.33542052
587.8,38.35756316
588,37.76792031
588.2,37.21607734
588.4,33.69919839
588.6,31.70045651
588.8,35.27540039
589,40.59302764
589.2,43.55504664
589.4,41.80230536
589.6,38.19248966
589.8,34.77664945
590,36.74675069
590.2,40.78078996
590.4,39.03615998
590.6,35.55943363
590.8,35.00226763
591,37.67528238
591.2,38.99370876
591.4,40.48837902
591.6,39.43494191
591.8,37.3424866
592,38.10994329
592.2,36.22809852
592.4,35.2132419
592.6,38.84245255
592.8,43.13052274
593,42.77773275
593.2,39.91606858
593.4,37.75048884
593.6,37.01751193
593.8,36.91048689
594,38.66765342
594.2,40.56399327
594.4,44.29656523
594.6,44.61771067
594.8,40.25491519
595,36.61051958
595.2,36.29330326
595.4,36.14370766
595.6,34.54494705
595.8,33.08646686
596,35.64983097
596.2,39.95096807
596.4,37.50164316
596.6,34.2747638
596.8,33.42956206
597,34.7494805
597.2,36.4138423
597.4,35.2235711
597.6,36.76375143
597.8,42.28761098
598,44.39497
598.2,42.86115442
598.4,38.39090882
598.6,33.81292363
598.8,34.69979518
599,33.17630505
599.2,33.49470143
599.4,34.88212293
599.6,37.5525813
599.8,39.84463775
600,39.73233962
600.2,43.17526115
600.4,41.21912882
600.6,37.05532815
600.8,36.65994165
601,38.31287543
601.2,38.84674167
601.4,37.51021927
601.6,38.18405588
601.8,37.02763113
602,34.00165667
602.2,33.39862375
602.4,35.24782867
602.6,30.01035564
602.8,29.38341163
603,30.59526399
603.2,33.60085801
603.4,33.34252701
603.6,30.82910519
603.8,31.0283223
604,35.76962055
604.2,34.65538506
604.4,32.60072627
604.6,33.39184758
604.8,35.61822684
605,36.06176297
605.2,35.98213588
605.4,36.71636428
605.6,34.19762671
605.8,32.06726937
606,32.66298018
606.2,35.10433741
606.4,38.60237601
606.6,37.51561873
606.8,32.34627946
607,31.07182722
607.2,33.26250051
607.4,37.77264411
607.6,38.80084293
607.8,35.10842875
608,35.60489363
608.2,39.03307999
608.4,37.52308044
608.6,35.77151228
608.8,37.77047743
609,37.89917419
609.2,36.0580451
609.4,36.64873323
609.6,39.54431799
609.8,39.88956194
610,35.28643516
610.2,34.31259005
610.4,35.65005857
610.6,37.63436908
610.8,36.80766
611,33.27925129
611.2,33.33621532
611.4,38.48652762
611.6,38.39618553
611.8,36.68951315
612,33.52350196
612.2,33.31775784
612.4,30.92577507
612.6,34.65977686
612.8,38.12746506
613,39.91743514
613.2,36.62778866
613.4,34.78627138
613.6,35.34507147
613.8,38.32038131
614,35.02080258
614.2,33.31443489
614.4,31.98269649
614.516129,38.29787234
614.6,36.1160205
614.8,36.91112917
615,35.11702164
615.2,33.34762408
615.4,36.51550077
615.6,41.13654875
615.8,40.54336193
616,38.55100902
616.2,40.06183428
616.4,37.15507631
616.6,33.79471711
616.8,32.74129086
617,35.16120988
617.2,36.80478293
617.4,36.47843812
617.6,36.77693797
617.8,36.02009065
618,35.94930199
618.2,37.3097961
618.4,38.70461666
618.6,39.307828
618.8,37.34673359
619,39.3422897
619.2,37.1915445
619.4,34.72988579
619.6,35.09917139
619.8,36.27935613
620,39.59108797
620.2,42.04753802
620.4,39.91601004
620.6,39.68284998
620.8,39.62688793
621,37.12251933
621.2,36.4362483
621.4,38.36692928
621.6,38.78007783
621.8,38.25138901
622,39.10170175
622.2,38.07530572
622.4,35.33113616
622.6,31.3861345
622.8,33.34371485
623,37.04449608
623.2,37.5171544
623.4,35.61440146
623.6,36.77389742
623.8,35.70642353
624,33.69419387
624.2,34.68862674
624.4,36.92896597
624.6,39.3727333
624.8,39.13945361
625,34.78086708
625.2,35.16741302
625.4,35.88166486
625.6,36.61343698
625.8,35.21376015
626,37.63542582
626.2,37.80501246
626.4,40.3080586
626.6,40.00861471
626.8,36.48890963
627,36.26394774
627.2,36.75412518
627.4,36.54593458
627.6,35.44687257
627.8,37.95860481
628,36.58283803
628.2,35.79386893
628.4,35.6271175
628.6,38.14652535
628.8,42.7344993
629,43.58275694
629.2,43.26149669
629.4,39.74114982
629.6,37.93173594
629.8,38.82518025
630,40.86548598
630.2,40.29393732
630.4,41.10666865
630.6,42.10775786
630.8,42.04798675
631,40.24003301
631.2,42.43150752
631.4,38.70802365
631.6,35.32850512
631.8,33.19315816
632,33.76424903
632.2,35.98251665
632.4,37.11896797
632.6,36.73555138
632.8,35.18315137
633,38.16453044
633.2,41.29197141
633.4,40.71149542
633.6,42.63049042
633.8,44.81620524
634,41.78206154
634.2,36.04136081
634.4,36.99722356
634.6,42.1399964
634.8,41.82575021
635,42.6248614
635.2,42.85489393
635.4,40.64810094
635.6,39.19997491
635.8,39.08468181
636,42.76827585
636.2,41.0799488
636.4,38.52553052
636.6,38.21534922
636.8,40.59615372
637,38.73154841
637.2,36.05566948
637.4,36.38688534
637.6,37.08263551
637.8,40.57669711
638,46.95767035
638.2,50.46596895
638.4,53.00396476
638.6,51.58695165
638.8,42.616653
639,37.04797929
639.2,38.10654836
639.4,39.39103235
639.6,40.15385458
639.8,42.43680257
640,40.78255461
640.2,38.18660702
640.4,39.3874664
640.6,44.8758954
640.8,45.83367523
641,42.84571826
641.2,44.4318622
641.4,43.02019513
641.6,42.0279438
641.8,41.7478406
642,39.49600049
642.2,40.65542644
642.4,39.25308979
642.6,42.47533066
642.8,42.45622933
643,39.85574
643.2,35.59796864
643.4,37.92126494
643.6,40.22739892
643.8,40.589439
644,43.53445636
644.0860215,46.80851064
644.2,45.15958152
644.4,42.05031535
644.6,40.11700185
644.8,47.60910011
645,46.98478712
645.2,40.88492301
645.4,41.16233857
645.6,44.48250581
645.8,47.38656444
646,47.46840771
646.2,45.25907152
646.4,44.50457064
646.6,44.15331791
646.8,46.95396104
647,48.8936101
647.2,40.99641298
647.4,39.03273455
647.6,43.84986811
647.8,45.96966796
648,43.71679629
648.2,41.94397545
648.4,40.30337869
648.5663082,45.39007092
648.6,41.46951219
648.8,40.40140911
649,42.69077806
649.2,44.44488288
649.4,40.75480546
649.6,40.32594232
649.8,39.58292711
650,39.7318625
650.2,39.43591759
650.3584229,36.87943262
650.4,40.47649866
650.6,47.39425246
650.8,51.01250302
651,49.59265017
651.2,46.6077187
651.4,44.76976178
651.6,45.70004335
651.8,43.717664
652,42.14497163
652.2,48.55014457
652.4,49.08300827
652.6,39.63759339
652.8,40.01469197
653,39.82896421
653.2,43.10221302
653.2258065,46.80851064
653.4,42.42728009
653.6,41.4711285
653.7634409,35.46099291
653.8,38.94255695
654,39.93068153
654.2,40.76271377
654.4,45.47161349
654.6,48.43369981
654.8,44.62872419
655,42.92984034
655.2,42.42096746
655.4,41.42883901
655.6,44.21347561
655.8,45.70695526
656,43.20796541
656.2,47.92404231
656.4,54.12491414
656.4516129,56.73758865
656.6,51.82467687
656.8,45.23311195
657,43.32697406
657.2,46.57229293
657.4,45.53307411
657.6,40.81340217
657.8,39.3248555
658,41.86530824
658.2,41.66239256
658.4,40.81538566
658.6,43.71104329
658.8,46.02042013
659,45.82455805
659.2,43.62632816
659.4,38.80395041
659.6,35.13229284
659.8,35.94678961
660,38.57369681
660.2,42.6673659
660.4,46.32712733
660.6,44.81684953
660.8,40.78986375
661,37.90491578
661.2,36.81242204
661.4,42.10267156
661.6,44.3510276
661.8,39.27470556
662,37.14702205
662.2,39.07804621
662.4,42.3235341
662.6,42.5229276
662.8,41.81276065
663,43.21532931
663.2,41.84823569
663.4,38.62738278
663.6,36.44163455
663.8,37.30185969
664,38.17994394
664.2,39.37577479
664.4,36.86396412
664.6,34.7219108
664.8,37.48037465
665,42.23982952
665.2,41.23040441
665.4,38.68284342
665.6,40.18115827
665.8,41.99296673
666,40.98644115
666.2,40.1579398
666.4,39.37126463
666.6,37.23099655
666.8,33.73659478
667,32.82947625
667.2,36.3434468
667.4,38.86426932
667.6,36.74823891
667.8,33.86632295
668,32.32664299
668.2,34.19498683
668.4,36.65911986
668.6,35.77652367
668.8,33.05285819
669,34.04025309
669.2,37.68754864
669.4,39.5574418
669.5340502,42.55319149
669.6,39.18365748
669.8,34.68700697
670,34.26934037
670.2,38.18007614
670.4,38.46862952
670.6,37.22679009
670.8,39.34418637
671,40.77853745
671.2,38.64544515
671.4,37.05837564
671.6,37.64385932
671.8,33.84284859
672,34.08712357
672.2,35.68339483
672.4,36.77263954
672.6,41.07727518
672.8,44.14304548
673,40.7547001
673.2,38.55336144
673.4,39.94082296
673.6,40.99897777
673.8,38.5556475
674,36.70930364
674.2,41.28976049
674.4,42.99409532
674.6,42.85032859
674.8,40.96647156
675,40.0241118
675.2,39.48628099
675.4,38.37599294
675.6,39.43925133
675.8,39.33158325
676,41.84394762
676.2,45.10245609
676.4,42.87250801
676.6,38.50580916
676.8,33.45881486
677,32.3849681
677.2,40.04360379
677.4,42.91949189
677.6,39.04299949
677.8,37.0639435
678,39.72252512
678.2,39.92647571
678.4,41.63361274
678.6,41.75849168
678.8,39.11064068
679,36.3849409
679.2,37.0856087
679.4,37.06813394
679.6,36.96160838
679.8,35.85502201
680,37.97229611
680.2,42.14156057
680.4,42.05579845
680.6,40.44354114
680.8,42.55491192
681,46.27969365
681.2,45.30110048
681.4,41.24583112
681.6,36.38680934
681.8,37.07147387
682,38.2514656
682.2,39.78357694
682.4,41.14393448
682.6,39.30488961
682.8,36.11452219
683,35.08578991
683.2,37.79231722
683.4,40.96520918
683.6,40.19309612
683.8,38.93785981
684,41.01888075
684.2,38.23823495
684.4,34.89653023
684.6,35.68989122
684.8,39.85403747
685,40.28895738
685.2,37.53705352
685.4,36.07697264
685.6,38.02618427
685.8,36.44024335
686,36.12942288
686.2,37.3860288
686.4,40.20918682
686.6,43.67865893
686.8,43.81501663
687,40.10431142
687.2,37.74650877
687.4,36.21133946
687.6,35.04469279
687.8,35.23117157
688,37.50824115
688.2,41.20066548
688.4,43.19403697
688.6,40.34416693
688.8,38.11248606
689,38.55824295
689.2,36.09901754
689.4,37.76803714
689.6,44.21649368
689.8,46.64496349
690,40.97356568
690.2,37.1668308
690.4,38.10912279
690.6,36.27345905
690.8,35.80257672
691,36.61381834
691.2,38.1454394
691.4,41.0400297
691.6,42.43190955
691.8,39.88825582
692,37.50736539
692.2,36.14573184
692.4,38.23184653
692.6,37.40484993
692.8,36.87686669
693,38.59638372
693.2,35.09476829
693.4,32.36677926
693.6,32.44109022
693.8,33.73562487
694,36.93559429
694.2,38.82298394
694.4,35.94919411
694.6,34.29785408
694.8,35.39417819
695,34.14960082
695.2,35.38259316
695.4,39.10580367
695.6,42.41654607
695.8,41.04916725
696,38.2238701
696.2,38.54265622
696.4,37.04037638
696.6,35.06366375
696.8,33.79563136
697,33.46770148
697.2,32.16990205
697.4,29.94856934
697.6,32.71073433
697.8,39.18207148
698,40.34517014
698.2,35.49145756
698.4,32.27786365
698.6,34.98250289
698.8,36.20397177
699,34.33018145
699.2,33.60663886
699.4,34.9333259
699.6,34.08343004
699.8,37.058001
700,39.32867133
700.2,34.02192164
700.4,31.82289494
700.6,34.92480866
700.8,40.16522487
701,39.85828257
701.2,33.93382032
701.2389381,32.16783217
701.4,34.04818723
701.6,37.2760523
701.8,36.65908755
702,36.75944916
702.2,40.95573456
702.4,43.85798204
702.6,45.89302609
702.8,43.44139239
703,38.61973936
703.2,36.74926219
703.4,34.79491161
703.6,34.09721677
703.8,34.26717734
704,35.75405164
704.2,33.58627881
704.4,33.58330565
704.6,34.60697615
704.8,35.8743187
705,37.73350188
705.2,39.70379977
705.4,37.86072795
705.6,37.31611848
705.8,35.31781415
706,33.63158055
706.2,33.36648855
706.4,34.52594314
706.6,38.81278309
706.8,40.50743172
707,39.7332068
707.2,38.25261999
707.4,38.13886697
707.6,33.91479263
707.8,33.17751501
708,35.67133838
708.2,36.6851086
708.4,36.15180386
708.6,34.54402633
708.8,36.17531703
709,37.97386988
709.2,36.02634687
709.4,35.01348025
709.6,33.30787241
709.8,32.79021096
710,35.77626576
710.2,37.34111868
710.4,39.29979244
710.6,41.76566485
710.8,42.48172973
711,41.45410777
711.2,33.9263081
711.4,31.02407474
711.6,33.10824352
711.8,36.9421751
712,38.83462265
712.2,36.355782
712.4,34.1255888
712.6,36.1356517
712.8,37.56126201
713,38.14643082
713.2,37.40569055
713.4,39.01351633
713.6,36.09244095
713.8,33.6104542
714,33.75809659
714.2,35.9356515
714.4,37.98409302
714.5132743,40.55944056
714.6,33.76550844
714.8,33.81599836
714.8672566,27.97202797
715,31.9101138
715.0442478,36.36363636
715.2,31.25791449
715.4,33.19457515
715.6,36.37732283
715.8,35.98768944
716,34.18322289
716.2,34.5252725
716.4,36.39489112
716.6,37.184491
716.8,36.54138449
717,34.28416669
717.2,34.36606727
717.4,33.92606425
717.6,36.90109151
717.8,39.99149413
718,36.52302935
718.2,32.34160835
718.4,33.78197071
718.6,35.38748349
718.8,34.25444274
719,34.28153348
719.2,34.56992025
719.4,33.52003309
719.6,35.48733141
719.8,34.86843924
720,34.9574443
720.2,36.62244352
720.4,35.44325177
720.6,33.8043031
720.8,32.52513322
721,32.83362557
721.2,33.79788514
721.4,34.87182782
721.6,35.79975356
721.8,34.49937032
722,32.78979314
722.2,38.25173088
722.4,39.81521205
722.6,34.93923541
722.8,33.23298749
723,34.27716736
723.2,33.718218
723.4,34.22785484
723.6,34.42777566
723.8,33.41322378
724,31.5703823
724.2,31.46979846
724.4,32.82768957
724.6,33.97644927
724.8,35.12019905
725,38.78494477
725.2,39.66481083
725.4,38.11140858
725.6,36.34827885
725.8,35.75907614
726,35.36060968
726.2,34.57498789
726.4,33.51334397
726.6,34.74739576
726.8,38.30080385
727,39.76673099
727.2,34.45245417
727.4,29.43676408
727.6,27.23409681
727.8,30.59827384
728,34.549774
728.2,35.93424836
728.4,34.91979323
728.6,33.86816648
728.8,33.13819807
729,31.30037123
729.2,29.79493671
729.4,30.51437396
729.6,31.40842464
729.8,34.50272712
730,34.42375636
730.2,31.89696927
730.4,31.64630414
730.6,33.26175021
730.8,34.38029975
731,37.48980974
731.2,37.89110994
731.4,34.89089788
731.6,32.04466194
731.8,31.62087875
732,32.43381654
732.2,34.2986604
732.4,32.30340334
732.6,30.87230518
732.8,31.25463399
733,30.55676106
733.2,27.99608979
733.4,31.78042153
733.6,36.32852877
733.8,37.14474831
734,35.92088311
734.2,34.90528007
734.4,34.94634435
734.6,34.69410323
734.8,35.78638565
735,32.74841793
735.2,32.39297296
735.4,36.26625784
735.6,36.44983039
735.8,32.64969035
736,35.21182261
736.2,38.83103597
736.4,38.81486901
736.6,38.40427481
736.8,34.15825293
737,29.42826125
737.2,27.48895372
737.4,29.54190802
737.6,35.16094396
737.699115,39.16083916
737.8,33.19473408
738,28.58744615
738.2,29.41101878
738.4,32.48823005
738.6,33.29890759
738.8,34.2450287
739,36.49918418
739.2,36.03546789
739.4,33.12293192
739.6,32.61250206
739.8,35.90133867
740,36.36878936
740.2,37.74324799
740.4,35.37174265
740.6,34.06207611
740.8,37.86470983
741,37.52106143
741.2,31.11738775
741.4,28.73822372
741.6,30.60131676
741.8,31.49157443
742,31.22899902
742.2,33.95533961
742.4,32.71516681
742.6,32.18723889
742.8,33.26293213
743,31.2853964
743.2,30.88109804
743.4,32.96959031
743.6,36.49731366
743.8,35.22410112
744,32.06156706
744.2,32.38455792
744.4,30.2767162
744.6,27.57584552
744.8,26.84789437
745,28.73625317
745.2,29.51724472
745.4,29.50077364
745.6,29.5992482
745.8,26.38472719
745.840708,22.37762238
746,30.50875239
746.2,34.22324231
746.4,30.78720147
746.6,28.7887401
746.8,30.74831172
747,34.58833468
747.2,33.4163787
747.4,29.5027036
747.6,26.03105405
747.8,30.00826237
748,32.79188976
748.2,33.13870759
748.4,35.06048163
748.6,33.57895017
748.8,32.20230125
749,30.45611043
749.2,32.08913808
749.4,33.14850369
749.6,33.9419924
749.8,33.61709385
750,35.08404447
750.2,35.02054037
750.4,29.52705487
750.6,30.27117695
750.8,35.253084
751,39.67564666
751.2,38.64201284
751.4,35.75854995
751.6,33.87136266
751.8,33.68965384
752,33.32584864
752.2,34.88527321
752.4,33.67006389
752.6,33.9076306
752.8,35.88298404
752.920354,39.16083916
753,36.38851403
753.2,32.4549827
753.4,31.69718024
753.6,34.16574424
753.8,35.86143907
754,34.00676086
754.2,32.87460316
754.4,33.39729221
754.6,33.16935583
754.8,31.39624331
755,31.86596985
755.2,34.16491779
755.4,38.04061161
755.6,36.79032948
755.8,32.26044624
756,30.38275041
756.2,31.58996976
756.4,34.26511078
756.6,34.55582814
756.8,33.94746568
757,36.61704709
757.2,37.4998089
757.4,35.85582497
757.6,36.57508296
757.8,35.9687885
758,35.20159514
758.2,35.2107909
758.4,36.45527641
758.6,37.56415795
758.8,39.04880607
759,34.32676223
759.2,33.71028971
759.2920354,30.76923077
759.4,34.38624352
759.4690265,36.36363636
759.6,33.38322852
759.8,31.04459578
760,28.31138197
760.2,29.14976645
760.4,31.99734885
760.6,34.46202344
760.8,32.01582105
761,32.27581751
761.2,33.72240006
761.4,32.32724882
761.6,29.84898992
761.8,30.89826786
762,32.72936924
762.2,37.32890333
762.4,39.67727823
762.6,40.02984123
762.8,39.51361427
763,37.2314713
763.2,34.17365657
763.4,35.91373812
763.6,38.08500654
763.8,41.20316798
764,41.77464515
764.2,38.63874671
764.4,36.76154014
764.6,35.389205
764.8,34.02639465
765,33.53742912
765.2,37.584406
765.4,43.36231033
765.6,45.11680901
765.8,40.86907711
766,37.90889075
766.2,37.68294961
766.4,34.24919061
766.6,31.28072838
766.8,34.96578191
767,35.86499102
767.2,32.02234632
767.4,32.76758808
767.6,32.70715738
767.8,32.56808111
768,32.98036561
768.2,33.12652718
768.4,34.822277
768.6,33.0549208
768.8,33.74733981
769,36.04403366
769.2,34.18251187
769.4,31.26888687
769.6,33.07991133
769.8,34.45901353
770,37.08117935
770.2,36.06920112
770.4,34.54418811
770.6,34.88536467
770.8,34.30201938
771,35.29872904
771.2,36.7583491
771.4,36.95309686
771.6,35.77075507
771.8,35.86293232
772,36.6667796
772.2,36.8406244
772.4,36.65481932
772.6,34.27380238
772.8,34.43113717
773,34.97682443
773.2,37.49872727
773.4,35.34580397
773.6,32.12006783
773.8,31.63862656
774,33.02610753
774.2,32.35888833
774.4,32.48089902
774.6,29.37840017
774.8,29.66939092
775,30.46166169
775.2,30.15494692
775.4,28.40343339
775.6,30.20617986
775.8,31.95621244
776,32.67057849
776.2,33.18661622
776.4,32.82850833
776.6,33.35838115
776.8,31.25918069
777,32.14000289
777.2,33.28515847
777.4,33.03605973
777.6,31.75935692
777.8,29.32768228
778,29.07788446
778.2,33.23695129
778.4,36.31676564
778.6,34.28700129
778.8,32.57513786
779,31.58553358
779.2,31.63402258
779.4,31.02896242
779.6,32.15516305
779.8,32.2776308
780,31.07715522
780.2,29.78483178
780.4,29.72889115
780.6,29.01342676
780.8,28.55264627
781,30.60385872
781.2,33.95598511
781.4,33.52483378
781.6,32.25978336
781.8,31.63118668
782,30.93225519
782.2,33.00840252
782.4,31.66772611
782.6,28.51508562
782.8,28.51613059
783,33.41716282
783.2,34.55086869
783.4,34.60646848
783.6,33.39559274
783.8,31.26044892
784,28.40462759
784.2,29.32261081
784.4,30.17973893
784.6,29.2771091
784.8,28.42979763
785,32.47689423
785.2,33.83556693
785.4,32.18490653
785.6,32.07325504
785.8,34.11643734
786,33.33878919
786.2,30.37350914
786.4,27.61149264
786.6,24.85759481
786.8,27.25059184
787,30.5996621
787.2,31.85100276
787.4,29.90581529
787.6,29.83612622
787.8,30.15496655
788,29.94107575
788.2,33.75624949
788.4,38.01459809
788.6,40.1067123
788.8,42.05387249
789,45.75739935
789.2,46.56908232
789.4,43.3744594
789.6,41.83533127
789.8,39.71502953
790,37.49057108
790.2,37.09517245
790.4,35.64301377
790.6,37.86754135
790.8,42.45959078
791,40.21905263
791.2,39.37258697
791.4,41.25215542
791.6,43.17419889
791.8,43.60765105
792,43.38419574
792.2,40.57849005
792.4,39.40182133
792.6,42.16399494
792.8,44.60380006
793,46.30848325
793.2,44.27317407
793.4,40.25383176
793.6,37.14368271
793.8,35.23440987
794,37.51751215
794.2,39.83386064
794.4,39.35830682
794.6,36.66889243
794.8,37.7755209
795,37.84139883
795.2,40.5239349
795.4,42.09881585
795.6,42.43461149
795.8,41.70739643
796,37.09697441
796.2,34.34260223
796.4,36.42136459
796.6,39.08873332
796.8,34.88998722
797,34.22052235
797.2,36.03495774
797.4,35.65529346
797.6,33.48602185
797.8,35.42714522
798,39.02740598
798.2,40.1866112
798.4,40.42755598
798.6,40.20173055
798.8,40.49877331
799,37.75276286
799.2,39.46395038
799.4,37.02394913
799.6,33.8448987
799.8,30.71475972
800,30.71519796
800.2,31.20698267
800.4,34.5554118
800.6,36.91864228
800.8,35.81541886
801,38.96728422
801.2,40.75984772
801.4,41.10028805
801.6,43.12694489
801.8,45.18682278
802,44.00938175
802.2,41.70004284
802.4,41.96719729
802.6,41.31619965
802.8,39.00475536
803,38.40501125
803.2,41.58887528
803.4,38.65499655
803.6,34.50814507
803.8,36.79819895
804,38.93868509
804.2,39.47561125
804.4,40.7602896
804.6,40.71953865
804.8,45.0695595
805,49.21118826
805.2,44.85648436
805.4,41.51450351
805.6,44.7900275
805.8,46.98281285
806,43.62906781
806.2,42.56643651
806.4,41.37221947
806.6,40.84122801
806.8,42.44401945
807,42.93798122
807.2,43.3720789
807.4,43.30963767
807.6,41.30821515
807.8,41.41431474
808,41.22406744
808.2,37.95648875
808.4,36.44292982
808.6,38.03072772
808.8,38.94667901
809,40.4580721
809.2,40.78330704
809.4,40.47114902
809.6,40.91472398
809.8,42.23331775
810,41.46365054
810.2,41.27343355
810.4,41.28223504
810.6,40.13506641
810.8,38.78705022
811,36.57820232
811.2,35.04745678
811.4,35.55804406
811.6,36.86300567
811.8,38.71085417
812,41.10306934
812.2,41.94031731
812.4,39.82267388
812.6,38.72856818
812.8,39.5768288
813,41.98777797
813.2,42.40456762
813.3802817,34.72222222
813.4,38.33489127
813.6,43.94091394
813.8,43.6183032
814,38.13524562
814.2,38.53412426
814.4,42.88337094
814.6,46.66507449
814.8,44.09657275
815,38.8964614
815.2,36.32166073
815.4,32.82165046
815.6,34.4669494
815.8,37.53093436
816,38.71868256
816.2,42.76410374
816.4,41.0213414
816.5492958,43.05555556
816.6,39.33720838
816.8,35.46888329
817,36.62907288
817.2,38.0925636
817.4,36.95886165
817.6,36.01609251
817.8,36.63899498
818,34.25265638
818.2,31.55990409
818.4,30.92212025
818.6,36.38418317
818.8,37.74213824
819,35.11781269
819.2,34.21815771
819.4,35.19868372
819.6,34.94388386
819.8,34.78762854
820,35.48331531
820.2,35.01033716
820.4,31.81893055
820.6,30.4663609
820.8,34.52370259
821,36.95276873
821.2,38.30704449
821.4,38.41629173
821.6,36.08000041
821.8,31.94244196
822,27.62260432
822.2,28.15684212
822.4,30.95794002
822.6,33.06068571
822.8,32.03958342
823,36.58042866
823.2,38.94947954
823.4,35.21605407
823.6,32.38148607
823.8,33.2605441
824,34.71679651
824.2,34.95720207
824.4,35.8263126
824.6,33.99294484
824.8,33.00028212
825,35.85236515
825.2,34.31103771
825.4,30.9330684
825.6,31.52317594
825.8,34.0504954
826,36.57384631
826.2,36.08540519
826.4,33.55751386
826.6,32.79210055
826.8,31.01029292
827,32.72930703
827.2,35.9859622
827.4,32.8359462
827.6,31.55164889
827.8,33.84033299
828,33.97943422
828.2,32.32680926
828.4,31.40860833
828.6,31.88985015
828.8,31.21589949
829,32.98689514
829.2,36.02675997
829.4,33.50099079
829.6,36.70980367
829.8,39.57381055
830,42.18391333
830.2,41.6830071
830.4,39.57041339
830.6,40.83683007
830.8,42.69437825
831,41.04399405
831.2,40.79334119
831.4,42.5422062
831.6,44.01744725
831.8,46.58679111
832,44.82625638
832.2,40.98751539
832.4,38.70247368
832.6,39.37794753
832.8,36.83753809
833,35.02204562
833.2,36.43514879
833.4,39.32420418
833.6,39.62505726
833.8,40.87598225
834,39.20566136
834.2,37.93270863
834.4,38.93958834
834.6,39.46372494
834.8,36.02695169
835,34.05238916
835.2,35.53514544
835.4,37.12357991
835.6,37.94576046
835.8,37.45919984
836,36.49143133
836.2,38.75548604
836.4,39.29155286
836.6,38.74568391
836.8,38.42559045
837,38.17952203
837.2,40.42294904
837.4,42.40079516
837.6,43.33584017
837.8,41.18231239
838,37.56379705
838.2,38.08608844
838.4,41.05384335
838.6,39.74184614
838.8,38.77008959
839,39.54454475
839.2,37.73052431
839.4,34.79438724
839.6,36.8735442
839.8,39.88676728
840,40.40924814
840.2,41.11929595
840.4,41.12908348
840.6,43.16410312
840.8,39.65554931
841,39.90228605
841.2,41.20025815
841.4,43.13875431
841.6,39.36310914
841.8,39.15358063
842,38.14695914
842.2,35.3924998
842.4,36.85751438
842.6,41.61529745
842.8,40.41047976
843,33.38118375
843.1338028,30.55555556
843.2,34.16102682
843.4,41.1548085
843.6,44.50797899
843.8,42.82851971
844,42.11067583
844.1901408,47.22222222
844.2,43.67920838
844.4,40.17181522
844.6,38.00753356
844.8,39.9782817
845,37.80159309
845.2,38.32427361
845.4,41.20284427
845.6,41.94019731
845.8,39.52789948
846,36.03415021
846.2,36.9643152
846.4,40.12993991
846.6,42.37495943
846.8,41.04505393
847,40.79671051
847.2,39.26967856
847.4,40.10299042
847.6,37.98579359
847.8,35.36286591
848,33.15496402
848.2,33.87157478
848.4,34.14950157
848.6,34.52219457
848.8,44.05401341
849,46.58998539
849.2,39.31504363
849.4,36.4854238
849.6,39.22961667
849.8,41.02325202
850,38.63999168
850.2,38.66483845
850.4,41.26014216
850.6,44.78622251
850.8,45.7881553
851,43.91723631
851.2,42.38425927
851.4,41.48378078
851.6,39.20790386
851.8,38.68940464
852,41.67341972
852.2,39.00414421
852.4,37.23331273
852.6,41.48751549
852.8,44.63322112
853,41.42203043
853.2,39.18090897
853.4,35.59477238
853.6,36.5045214
853.8,43.60926246
854,47.03752943
854.2,44.45898056
854.4,40.2991559
854.6,34.59421436
854.8,32.54881838
855,31.465722
855.2,32.72217687
855.4,33.13238951
855.6,33.99405724
855.8,37.79405623
856,38.51775069
856.1619718,29.16666667
856.2,31.21267075
856.4,32.46047754
856.6,33.67845082
856.8,33.66927867
857,35.09268042
857.2,38.07494585
857.4,42.17161249
857.6,43.95752964
857.8,40.93509523
858,38.99523172
858.2,40.02176052
858.4,40.75055615
858.6,38.039776
858.8,35.02497498
859,35.99929988
859.2,43.72315543
859.4,45.85793385
859.6,44.30299212
859.8,39.47649331
860,35.64553797
860.2,34.26552149
860.4,36.14801054
860.6,36.82876864
860.8,36.32686134
861,35.90286431
861.2,36.2253704
861.4,40.51307122
861.6,42.78959604
861.8,41.53696414
862,41.75572956
862.2,45.56125193
862.4,45.93707815
862.6,43.95454729
862.8,41.84292483
863,41.21544069
863.2,42.85348207
863.4,43.93733851
863.6,43.79151209
863.8,41.91351093
864,42.24098573
864.2,44.32114735
864.4,44.55293136
864.6,42.65481029
864.8,42.22230299
865,43.20022583
865.2,44.50720711
865.4,40.03261454
865.6,37.43895257
865.8,39.1032147
866,38.65963958
866.2,37.94035345
866.4,41.00979771
866.6,39.52961219
866.8,38.61386634
867,39.78415929
867.2,41.28429276
867.4,41.80357354
867.6,40.67781273
867.8,44.52639357
868,44.51654716
868.2,41.96148929
868.4,36.87226123
868.6,36.82271687
868.8,39.50275264
869,40.06209078
869.2,40.11023617
869.4,40.51462843
869.6,38.20122334
869.8,37.89732121
870,40.3726191
870.2,41.45997573
870.4,38.63023518
870.6,38.62844616
870.8,39.76051675
871,39.30668008
871.1267606,36.11111111
871.2,39.43553266
871.4,40.85506554
871.6,41.06905073
871.8,42.45843966
872,46.68188004
872.2,45.23770733
872.4,42.87150697
872.6,41.32589347
872.8,38.52807719
873,38.33220446
873.2,41.6721824
873.4,44.58278625
873.6,42.54875554
873.8,41.63816107
874,39.97703881
874.1197183,34.72222222
874.2,38.37837331
874.4,40.61713308
874.6,43.72680461
874.8,39.87070308
875,42.02509577
875.2,43.65969506
875.4,40.16537677
875.6,42.05373188
875.8,42.84129551
876,39.8263333
876.2,40.02009272
876.4,43.096662
876.6,39.79067111
876.8,35.75600557
877,36.54956007
877.2,39.35479601
877.4,40.95566011
877.6,41.09608867
877.8,41.0239077
878,40.17209464
878.2,38.0794905
878.4,39.0621542
878.6,44.16351611
878.8,45.30801149
878.8732394,48.61111111
879,42.93345195
879.2,44.23604533
879.4,40.61765251
879.6,38.27654971
879.8,38.28125027
880,38.72627226
880.2,39.04174365
880.4,40.11307779
880.6,40.56159623
880.8,41.05582835
881,40.71871834
881.2,41.15308431
881.4,43.28912858
881.6,44.04504841
881.8,42.82600875
882,37.92641856
882.2,37.63263924
882.4,39.86138273
882.6,41.4348636
882.8,42.76827175
883,41.07231282
883.2,39.42458811
883.4,40.80583253
883.6,37.87800639
883.8,37.73876456
884,42.15715963
884.2,41.32945224
884.4,39.27035133
884.6,43.312836
884.8,41.93993523
885,38.13386988
885.2,38.06337813
885.4,39.49746324
885.6,37.82301886
885.8,36.70041615
886,35.96948346
886.2,39.30370287
886.4,41.36722293
886.6,38.33099903
886.8,36.02678172
887,36.57691117
887.2,40.06583513
887.4,42.37300026
887.6,37.58710784
887.8,33.40928682
888,32.88914336
888.2,33.06302355
888.4,35.74396002
888.6,38.73536205
888.8,41.93222739
889,39.81532569
889.2,38.55837368
889.4,39.28213282
889.6,35.60643868
889.8,33.12721587
890,31.89117232
890.2,30.22776397
890.4,30.50853612
890.6,33.98393829
890.8,39.11468591
891,43.80292216
891.2,42.74900242
891.4,36.99355573
891.6,33.40031162
891.8,31.06089987
892,34.53819745
892.2,36.92156579
892.4,36.05633156
892.6,37.45887748
892.8,34.57119901
893,30.7614692
893.2,33.12037247
893.4,34.32691186
893.6,30.77902797
893.8,36.49425368
894,43.05458722
894.2,42.71655507
894.4,38.51469562
894.6,34.36163915
894.8,31.61684704
895,33.09252606
895.2,36.89482887
895.4,35.57408342
895.6,32.90126201
895.8,31.35735768
896,34.67191367
896.2,37.22023768
896.4,38.70151592
896.6,40.34734572
896.8,43.51634165
897,43.48732767
897.0070423,47.22222222
897.2,38.09683081
897.4,33.89020679
897.6,34.64469268
897.8,36.95936942
898,38.67456492
898.2,36.39999312
898.4,35.94441629
898.6,39.79157095
898.8,39.25015677
899,36.8529369
899.2,41.54587969
899.4,42.14975934
899.6,37.3741159
899.8,33.94473998
900,35.93770214
900.2,35.41198493
900.4,30.90365244
900.6,32.12094108
900.8,38.61276163
901,39.31437975
901.2,36.8177205
901.4,37.51884838
901.6,40.56482056
901.8,42.71847615
902,43.02327718
902.2,42.59706676
902.4,39.37357594
902.6,35.75269691
902.8,34.60212761
903,40.99068582
903.2,42.65588882
903.4,41.5642374
903.6,38.91340676
903.8,42.8393504
904,41.01085249
904.2,33.45864058
904.4,29.23116193
904.6,34.18277736
904.8,38.50578222
905,41.40397819
905.2,39.12175033
905.4,32.89664791
905.6,31.36275932
905.8,39.3163442
906,46.11729963
906.1403509,49.65517241
906.2,41.34549098
906.4,35.72682813
906.6,37.58011335
906.8,37.54344985
907,39.15268422
907.2,43.18314271
907.4,49.58268778
907.6,47.6696829
907.8,44.67837717
908,40.41211964
908.2,39.29422124
908.4,39.18005835
908.6,39.62651369
908.8,40.59616222
909,40.96266248
909.2,43.78436611
909.4,46.12558144
909.6,44.63391767
909.8,44.44017071
910,44.13912047
910.2,43.17857376
910.4,41.09285668
910.6,39.33982167
910.8,35.95258359
911,33.71570513
911.2,29.90788916
911.4,34.33048023
911.6,38.72500684
911.754386,41.37931034
911.8,35.61699928
912,34.51823321
912.2,36.91421142
912.4,38.28271885
912.6,37.54457789
912.8,35.24861518
913,37.23328117
913.2,38.61861814
913.4,37.55329006
913.6,37.5562262
913.8,36.22489759
914,38.40370156
914.2,38.74415054
914.4,37.32591517
914.6,36.9793144
914.8,39.46172981
915,44.63028899
915.2,43.13210856
915.4,34.58725233
915.6,32.46178448
915.8,35.54472454
916,37.48410554
916.2,40.0857448
916.4,36.74999269
916.6,33.14900451
916.8,35.7334537
917,40.97115403
917.2,37.22022643
917.4,36.25773867
917.6,37.04613364
917.8,36.16577578
918,35.81672038
918.2,38.93136473
918.4,43.91490701
918.6,42.23874175
918.8,38.09427382
919,40.67752838
919.2,41.32661688
919.4,39.52148911
919.6,39.22903988
919.8,41.7773555
920,36.49187708
920.2,34.49429017
920.3508772,30.34482759
920.4,33.02277225
920.6,37.065557
920.8,39.7159614
921,43.21549709
921.2,43.39054508
921.4,39.73450036
921.6,37.53872452
921.8,37.74430394
922,37.37246961
922.2,37.32157729
922.4,39.70472041
922.6,39.68370514
922.8,38.1576014
923,36.17313082
923.2,37.6407403
923.4,38.13172379
923.6,38.80217272
923.8,37.33859405
924,37.9469705
924.2,36.4605296
924.4,37.99270664
924.6,39.30682621
924.8,40.63467607
925,40.8177748
925.2,38.29901661
925.4,40.03192449
925.6,40.9475573
925.8,39.31589587
926,43.84052405
926.2,44.8955798
926.4,39.7866391
926.6,39.74111447
926.8,41.97213178
927,42.89876293
927.2,43.00443411
927.4,39.49086188
927.6,36.58090591
927.8,37.984092
928,40.66310231
928.2,40.25860034
928.4,40.64894442
928.6,44.03074201
928.8,47.92459262
928.9473684,51.03448276
929,47.71443912
929.2,42.07874143
929.4,36.30893277
929.6,36.53388536
929.8,36.64645926
930,33.55628289
930.2,31.22326746
930.4,35.4513939
930.6,39.24613966
930.8,40.66748938
931,38.91332166
931.2,36.92571508
931.4,36.23428421
931.6,37.88875475
931.8,38.2766468
932,36.83996558
932.2,37.37688811
932.4,40.20096732
932.6,38.24976764
932.8,36.79965838
933,38.11191826
933.2,41.58710477
933.4,42.00849546
933.6,40.02414095
933.8,37.42370459
934,39.61887451
934.2,41.72195476
934.4,40.27345247
934.6,37.31302779
934.8,38.1962811
935,40.37874392
935.2,39.11940115
935.4,36.77349619
935.6,37.69732611
935.8,37.64464597
936,40.27595027
936.2,46.01729276
936.4,45.16308392
936.6,46.38173266
936.8,45.90112911
937,45.30562115
937.2,43.91683938
937.4,45.05682959
937.6,43.84059471
937.8,44.99540726
938,45.12849269
938.2,46.62713124
938.4,46.9021388
938.6,40.67081413
938.8,34.51847245
939,37.36217389
939.2,39.89622546
939.4,41.13263243
939.6,43.56532634
939.8,42.69615288
940,37.24103594
940.2,35.9707529
940.4,38.38964276
940.6,36.60307646
940.8,39.23810418
941,38.68417385
941.2,39.14956589
941.4,40.08903686
941.6,35.20690229
941.8,34.45644136
942,36.04346012
942.2,38.00873161
942.4,39.65920491
942.6,40.3574363
942.8,40.57020489
943,40.30188625
943.2,41.27423157
943.4,42.28348083
943.6,43.15667241
943.8,44.42237057
944,42.20198298
944.2,45.48307335
944.4,45.52564767
944.6,42.73898288
944.8,40.80934222
945,44.06314263
945.2,46.05753886
945.4,47.20001595
945.6,44.99040382
945.8,44.0547197
946,41.81668959
946.2,38.45004482
946.4,37.83930382
946.6,38.49990046
946.8,39.41432131
947,36.11054805
947.2,39.08297551
947.4,41.79201142
947.6,42.25192347
947.8,40.97573507
948,39.18893071
948.2,39.01076566
948.4,40.90338035
948.6,42.16740336
948.8,41.3363428
949,42.36871276
949.2,42.11008014
949.4,40.26908283
949.6,37.72981396
949.8,39.95785118
950,40.94767066
950.2,44.09538541
950.4,45.73083949
950.6,43.04955054
950.8,41.20427917
951,38.83852331
951.2,39.58447789
951.4,39.91734866
951.6,42.34102126
951.8,42.52616505
952,39.03979618
952.2,37.26803897
952.4,37.93258798
952.6,40.61774047
952.8,40.74695772
953,42.01586337
953.2,44.56387051
953.4,48.22398545
953.6,48.70622717
953.6842105,51.03448276
953.8,47.80601779
954,43.32588915
954.2,36.82191146
954.4,35.05452514
954.6,36.34861208
954.8,40.45584419
955,44.14152204
955.2,46.10611698
955.4,45.62641398
955.6,43.60989404
955.8,43.3664614
956,40.44996351
956.2,36.55922541
956.4,32.97940217
956.6,35.21880006
956.8,38.87387446
957,40.97249099
957.2,44.52199625
957.4,43.00917908
957.6,38.47620474
957.8,35.64754301
958,37.4140389
958.2,38.50411161
958.4,37.76493517
958.6,38.90176384
958.8,40.69433282
959,40.34574613
959.2,40.06195537
959.4,40.57679067
959.6,39.76248131
959.8,37.69321192
960,37.39746017
960.2,38.4465924
960.4,38.27668027
960.6,37.34107071
960.8,37.90206144
961,37.41888333
961.2,38.28923472
961.4,37.15062566
961.6,35.32357199
961.8,36.38794585
962,40.56832701
962.2,40.30262069
962.4,35.47474029
962.6,38.28002329
962.8,43.10933956
963,43.80313904
963.2,45.56005314
963.4,41.45752013
963.6,37.72351143
963.8,33.82689675
964,38.76736606
964.2,43.42501078
964.3859649,46.89655172
964.4,40.69533881
964.6,37.64664668
964.8,35.46094793
965,35.44671415
965.2,38.02402564
965.4,37.84485948
965.6,32.06030858
965.8,30.69541361
966,32.98742434
966.2,35.50088343
966.4,38.74455942
966.6,39.93859919
966.8,37.14150482
967,37.50157883
967.2,40.13513599
967.4,35.61828326
967.6,30.55727459
967.8,32.59748349
968,35.08625706
968.2,37.77770835
968.4,40.24331895
968.6,41.93455405
968.8,37.4221325
969,33.25422758
969.2,31.95009733
969.4,36.84959352
969.6,37.44962911
969.8,36.22960689
970,31.06869788
970.2,33.06675843
970.4,37.43839136
970.6,38.7839755
970.8,35.2291197
971,36.07515419
971.2,39.14300202
971.4,39.5727393
971.6,36.78436613
971.8,33.79572911
972,37.09118074
972.2,40.199463
972.4,41.61944829
972.6,38.01123175
972.8,35.56173205
973,33.06639477
973.2,29.27533493
973.4,32.93567072
973.6,39.33411104
973.8,41.62814263
974,38.76571741
974.2,35.58685306
974.4,40.6625623
974.6,41.64873726
974.8,38.17524363
975,36.0983243
975.2,36.51347348
975.4,38.20147515
975.6,37.82181758
975.8,40.26981435
976,39.72898027
976.2,36.60970894
976.4,36.8862296
976.6,37.16914415
976.8,38.48102347
977,40.95454404
977.2,40.4791244
977.4,37.8932388
977.6,36.51577838
977.8,34.98222938
978,35.63313459
978.2,35.00511157
978.4,34.94676198
978.6,33.43631204
978.7719298,40
978.8,36.76131408
979,33.84162592
979.2,35.22932179
979.4,38.63384306
979.6,36.56637443
979.8,39.35816972
980,42.17092925
980.2,41.13707277
980.4,35.76059266
980.6,31.9690392
980.8,38.34991066
981,42.3522159
981.2,41.98608976
981.4,39.45620833
981.6,34.83303142
981.8,36.9877731
982,39.32080157
982.2,40.87517686
982.4,38.25108908
982.6,42.10255147
982.8,41.84647515
983,37.11556893
983.1578947,30.34482759
983.2,33.56917503
983.4,37.9805171
983.6,40.84962463
983.8,32.62832651
984,33.29011364
984.2,36.97299975
984.4,37.93992626
984.6,39.74128495
984.7368421,42.75862069
984.8,39.8554502
985,36.90611841
985.2,33.57870769
985.4,34.58689031
985.6,36.52727199
985.8,36.82054431
986,38.06344476
986.2,41.96439756
986.4,42.71323872
986.6,41.56530969
986.8,42.00940834
987,39.16429273
987.2,37.07907631
987.4,39.74418389
987.6,40.65650251
987.8,41.87065947
988,40.66402321
988.2,38.88259965
988.4,40.37345237
988.6,40.65027981
988.8,37.97521291
989,38.58363811
989.2,39.91892439
989.4,35.86998129
989.6,33.92147519
989.8,34.8022941
990,37.40875434
990.2,38.14649524
990.4,34.23548317
990.6,33.31899581
990.8,33.42007845
991,37.57101897
991.2,39.50565044
991.4,37.99722136
991.6,35.07205747
991.8,34.7303858
992,33.94130504
992.2,33.78430092
992.4,35.28948112
992.6,35.43889615
992.8,34.42389298
993,34.74867432
993.2,35.75077282
993.4,37.93830065
993.6,36.55064542
993.8,33.27117108
994,33.68999766
994.2,34.52781994
994.4,36.3758679
994.6,39.25576356
994.8,42.76202529
995,40.50507417
995.2,34.45480002
995.4,36.17207159
995.6,42.42513602
995.6140351,45.51724138
995.8,41.43704233
996,37.567166
996.2,36.2789922
996.4,36.25689415
996.6,35.95787971
996.8,37.26915196
997,39.49420546
997.2,40.37155761
997.4,40.33951144
997.6,41.69907436
997.8,40.97368093
998,41.28850254
998.2,39.97142135
998.4,39.40976115
998.6,37.9506218
998.8,34.35684615
999,35.17623345
999.2,39.47684725
999.4,43.34426918
999.6,44.47162039
999.8,44.25924221
1000,41.28312413
1000.2,38.65292311
1000.4,34.51172663
1000.6,35.688495
1000.8,39.49014381
1001,39.75126734
1001.2,38.01911441
1001.4,35.4677339
1001.6,33.78423651
1001.632813,31.42857143
1001.8,37.47640827
1002,40.10101624
1002.2,38.34214556
1002.4,39.82996413
1002.6,39.62284194
1002.8,36.76554514
1003,34.80338232
1003.2,37.03571804
1003.4,36.83889625
1003.6,33.82753155
1003.8,33.15456742
1004,33.98308148
1004.2,32.65522555
1004.4,31.85653066
1004.6,35.03645221
1004.8,39.28191233
1005,40.79653872
1005.2,40.8912692
1005.4,40.59344283
1005.6,39.31650481
1005.8,37.66470884
1006,38.16100024
1006.2,41.56960765
1006.4,42.2814571
1006.6,36.78663911
1006.8,34.38473016
1007,37.20681002
1007.2,36.52155825
1007.4,34.49789054
1007.6,37.99035511
1007.8,40.16868877
1008,39.67611005
1008.2,43.82616172
1008.345486,45.71428571
1008.4,42.83797823
1008.6,39.24864173
1008.8,42.11151941
1009,44.74547509
1009.2,39.48307115
1009.4,34.46139427
1009.6,32.87095388
1009.8,37.66421342
1010,43.06091436
1010.159722,45.71428571
1010.2,41.93027323
1010.4,39.85509769
1010.6,38.05629306
1010.8,39.88698256
1011,39.84774164
1011.2,38.70513671
1011.4,38.28935225
1011.6,36.42322186
1011.8,32.94673642
1012,34.21617367
1012.2,36.69568877
1012.4,42.33132872
1012.6,44.30550013
1012.699653,50
1012.8,42.92762038
1013,34.88776514
1013.2,30.47097224
1013.4,35.28479756
1013.6,34.7431482
1013.8,30.26722506
1014,34.18325244
1014.2,32.52417871
1014.4,35.19333287
1014.6,40.57050257
1014.695313,44.28571429
1014.8,39.25815815
1015,37.67273984
1015.2,38.78241136
1015.4,39.62432097
1015.6,41.19728628
1015.8,40.73185333
1016,37.66471176
1016.2,35.04048064
1016.4,37.42950915
1016.6,37.28191949
1016.8,34.92701797
1017,37.09495013
1017.2,38.02795754
1017.4,35.79790387
1017.6,32.42388147
1017.8,35.53664037
1018,36.79456465
1018.2,39.5137016
1018.4,39.21131903
1018.6,37.71468708
1018.8,38.92723865
1019,38.95072988
1019.2,37.29943086
1019.4,37.15588261
1019.6,36.88677347
1019.8,35.56695591
1020,33.8787944
1020.2,31.93093614
1020.4,36.82598808
1020.6,38.33322757
1020.8,36.04209132
1021,38.94682863
1021.2,38.54968826
1021.4,36.44467752
1021.6,38.45053885
1021.8,40.44948428
1022,40.5076257
1022.2,39.24590244
1022.4,36.18047952
1022.6,36.31438479
1022.8,36.22455503
1023,44.43651289
1023.2,48.69643459
1023.4,45.56743226
1023.6,41.14749512
1023.8,40.07359767
1024,40.82608532
1024.2,41.95183914
1024.4,41.56486736
1024.6,44.10953844
1024.8,42.60193594
1025,36.13403549
1025.2,34.19262786
1025.4,37.41256238
1025.6,41.88461828
1025.8,45.02537742
1026,43.7355279
1026.2,40.9241619
1026.4,41.66304785
1026.6,41.04342709
1026.8,37.0181932
1027,38.4770379
1027.2,40.40278284
1027.4,40.03650842
1027.6,40.29037735
1027.8,38.83616395
1028,40.43638913
1028.2,44.51544404
1028.4,39.14264222
1028.6,36.28725051
1028.8,38.08293172
1029,36.47751134
1029.2,39.87859966
1029.4,41.0580649
1029.6,41.57597106
1029.8,38.87258242
1030,38.89967394
1030.2,39.86273593
1030.4,44.81105504
1030.6,43.94955612
1030.8,41.30900766
1031,38.75616118
1031.2,35.10301008
1031.4,35.69734243
1031.6,39.40954637
1031.8,42.07797914
1032,42.10421374
1032.2,40.12946514
1032.4,37.60446019
1032.6,35.09380066
1032.8,35.60337749
1033,38.6292863
1033.2,38.4867746
1033.4,38.28716315
1033.6,42.72790217
1033.8,45.12095582
1034,41.42451377
1034.2,37.47055364
1034.4,38.46220967
1034.6,38.65879196
1034.8,36.87118324
1035,38.23933062
1035.2,42.43866059
1035.4,40.5670557
1035.6,39.02581313
1035.8,38.62522992
1036,39.78644437
1036.2,39.54114134
1036.4,38.63171774
1036.6,36.70958795
1036.8,38.29877282
1037,39.52281018
1037.2,38.05417566
1037.4,41.30548786
1037.6,36.83587277
1037.8,32.57604917
1037.917535,30
1038,36.44174835
1038.2,43.0346255
1038.4,43.39456692
1038.6,41.37962477
1038.8,40.14568956
1039,39.55282989
1039.2,42.71513492
1039.4,40.13703044
1039.6,42.81085419
1039.8,44.37421561
1040,39.46744637
1040.2,38.40959367
1040.4,38.94435967
1040.6,40.18623485
1040.8,44.47769599
1041,43.26663193
1041.2,37.01268405
1041.4,33.62086468
1041.6,34.06574884
1041.8,35.13014479
1042,38.53695466
1042.2,40.87670593
1042.4,43.18732938
1042.6,46.1618209
1042.8,43.69061491
1043,41.91262512
1043.2,45.8445142
1043.360243,48.57142857
1043.4,45.12089995
1043.6,38.55311839
1043.8,40.5672354
1044,42.71372589
1044.2,39.30685171
1044.4,37.09315157
1044.6,37.31608628
1044.8,38.26607703
1045,40.96698849
1045.2,40.40082623
1045.4,39.86814784
1045.6,42.29688397
1045.8,43.7919676
1046,43.18528076
1046.2,43.61289002
1046.4,41.60062265
1046.6,39.04543355
1046.8,37.29615855
1047,35.134151
1047.2,33.20869358
1047.4,35.91172993
1047.6,39.11297458
1047.8,37.8134393
1048,34.8412962
1048.2,37.72806055
1048.4,41.57652672
1048.6,40.98226986
1048.8,35.24407045
1049,34.14627415
1049.2,38.53581515
1049.4,39.14903569
1049.6,39.11728024
1049.8,39.55821054
1050,36.28578498
1050.2,34.53534796
1050.4,36.73227414
1050.6,39.98535278
1050.8,44.74617769
1051,43.74802769
1051.2,39.78955948
1051.4,38.30233418
1051.6,39.19317695
1051.8,40.44954483
1052,40.36529943
1052.2,39.80031408
1052.4,39.83587515
1052.6,40.78275466
1052.8,40.68467328
1053,41.92952168
1053.2,42.11765091
1053.4,43.94517828
1053.6,41.87556048
1053.8,39.22648032
1054,39.80354796
1054.2,38.08385604
1054.4,38.04985407
1054.6,38.62844987
1054.8,38.43058541
1055,36.50237087
1055.2,35.08859801
1055.4,33.61733771
1055.6,31.22743142
1055.697049,28.57142857
1055.8,30.41339746
1056,34.63670901
1056.2,38.34595585
1056.4,40.07681287
1056.6,37.39322569
1056.8,33.46013795
1057,34.86722262
1057.2,35.48483566
1057.4,35.28702716
1057.6,32.50391491
1057.8,32.97226712
1058,35.25494771
1058.2,33.8657956
1058.4,33.97409625
1058.6,38.67543171
1058.8,43.58851646
1059,39.99146792
1059.2,38.3957235
1059.4,40.99763944
1059.6,38.50420474
1059.8,37.34361862
1060,38.7305089
1060.2,40.2740454
1060.4,42.60025627
1060.6,44.00111726
1060.77691,45.71428571
1060.8,43.49167652
1061,39.89009283
1061.2,40.54269357
1061.4,44.29402959
1061.6,44.87449165
1061.8,44.20593616
1062,42.79594856
1062.2,39.63206799
1062.4,38.18083569
1062.6,37.24920401
1062.8,36.31186879
1063,35.68611949
1063.2,36.264456
1063.4,36.72627502
1063.6,36.24860268
1063.8,37.11974055
1064,38.7760312
1064.2,40.0182941
1064.4,36.91521016
1064.6,36.90836202
1064.8,40.9661911
1065,41.32503061
1065.2,40.74555936
1065.4,46.30024836
1065.6,48.01216659
1065.8,43.14210436
1066,38.37459696
1066.2,38.05092645
1066.4,43.51160236
1066.6,45.13224899
1066.8,44.27297337
1067,45.32144177
1067.2,43.31461075
1067.4,42.9866569
1067.6,42.03781628
1067.8,41.81787011
1068,42.12393186
1068.2,44.05485522
1068.4,45.77506869
1068.6,40.94564782
1068.8,39.78466281
1069,42.88216949
1069.2,40.28050416
1069.4,31.59765723
1069.485243,28.57142857
1069.6,31.56490819
1069.8,35.57282421
1070,40.72317658
1070.2,42.75886016
1070.4,42.47153913
1070.6,42.64472756
1070.8,39.86417265
1071,37.7174318
1071.2,43.55306608
1071.4,44.67437246
1071.6,41.61756923
1071.8,39.29457506
1072,39.23530574
1072.2,41.28620667
1072.4,39.25074853
1072.6,40.19183186
1072.8,41.87162461
1073,41.51985546
1073.2,43.77820864
1073.4,45.40814429
1073.6,39.97171244
1073.8,32.14645256
1073.83941,30
1074,32.36358758
1074.2,37.4971613
1074.4,38.72719649
1074.6,35.68791155
1074.8,39.38619825
1075,41.45209154
1075.2,37.98538509
1075.4,37.44037187
1075.6,40.69129041
1075.8,43.69779621
1076,42.82995731
1076.2,41.9772271
1076.4,44.32185266
1076.6,42.98477701
1076.8,42.47074353
1077,45.4236416
1077.105035,47.14285714
1077.2,44.71467152
1077.4,37.99398092
1077.6,35.13354505
1077.8,38.58263952
1078,41.29190318
1078.2,39.8273645
1078.4,40.54197354
1078.6,43.17610549
1078.737847,47.14285714
1078.8,41.96784865
1079,37.96103771
1079.2,34.60915675
1079.4,37.08555569
1079.6,36.2432391
1079.8,36.92498239
1080,37.70053786
1080.2,35.85934107
1080.4,34.69879656
1080.6,39.03239919
1080.8,39.77554503
1081,37.56954574
1081.2,38.95657743
1081.4,37.0140182
1081.6,34.64357524
1081.8,37.32180765
1082,38.70104987
1082.2,36.73159676
1082.4,37.49616059
1082.6,36.07385516
1082.8,34.54088139
1083,38.40754891
1083.2,45.39044294
1083.273438,48.57142857
1083.4,45.98159848
1083.6,42.16546522
1083.8,41.95247691
1084,44.50700886
1084.2,41.61786451
1084.4,40.71701176
1084.6,42.51670185
1084.8,42.60132801
1085,41.02828099
1085.2,39.65267893
1085.4,38.58779094
1085.6,39.28713992
1085.8,48.35327469
1086,48.66130233
1086.2,40.64494092
1086.4,37.66337262
1086.6,40.53703048
1086.8,44.41134657
1086.90191,50
1087,45.49861878
1087.2,39.87596867
1087.4,37.78969012
1087.6,37.16863751
1087.8,39.00807481
1088,40.96429358
1088.2,38.55169169
1088.353299,31.42857143
1088.4,35.11433189
1088.6,37.6975697
1088.8,39.71860152
1089,38.46530536
1089.2,36.58105779
1089.4,37.31359691
1089.6,39.90444759
1089.8,38.95387793
1090,36.93761031
1090.2,37.04916191
1090.4,38.03101045
1090.6,40.20669076
1090.8,40.59471335
1091,36.86465309
1091.2,33.30040456
1091.4,33.58543205
1091.6,40.12426983
1091.8,42.86624458
1092,39.58660762
1092.2,35.08869759
1092.4,38.67091165
1092.6,41.1361849
1092.8,41.8985332
1093,40.77348997
1093.2,35.97499695
1093.4,31.90746226
1093.6,37.73451325
1093.8,39.52758452
1094,36.81631026
1094.2,36.86409495
1094.4,36.33961943
1094.6,35.38996344
1094.8,38.55813592
1095,45.99111722
1095.2,48.58888359
1095.4,42.41669712
1095.6,43.13920811
1095.8,44.79647798
1096,42.80964582
1096.2,39.95623134
1096.4,38.26715786
1096.6,35.93905921
1096.8,36.26702658
1097,36.32958473
1097.2,38.46920322
1097.4,36.33944724
1097.6,32.91849237
1097.8,34.20803446
1098,35.10952116
1098.2,35.51528118
1098.4,39.81621165
1098.6,40.83832427
1098.8,37.62309433
1099,40.49198231
1099.2,43.20826352
1099.238715,45.71428571
1099.4,38.73663467
1099.6,36.87256085
1099.8,36.1463424
1100,34.43564532
1100.2,35.25890273
1100.4,39.0302346
1100.6,40.93802157
1100.8,41.74597585
1101,39.48789129
1101.2,36.41368634
1101.4,39.6258905
1101.6,40.8438692
1101.8,39.76585889
1102,39.5682434
1102.2,40.14204988
1102.4,39.49801015
1102.6,39.7800975
1102.8,39.83495839
1103,39.16402552
1103.2,41.16860042
1103.4,42.26715542
1103.6,39.00124869
1103.8,39.45611085
1104,41.48123716
1104.2,39.81447643
1104.4,39.5508517
1105.2,48.00242281
1105.4,45.47499868
1105.6,42.25526177
1105.8,41.24197071
1106,41.24422113
1106.2,37.46511606
1106.4,32.98010463
1106.6,36.11047192
1106.8,37.87939347
1107,41.81788197
1107.2,41.47189055
1107.4,37.29675112
1107.6,38.52188397
1107.8,44.80046159
1108,45.63821414
1108.2,41.85421424
1108.4,38.7152074
1108.6,36.72499163
1108.8,36.80606379
1109,39.24025221
1109.2,39.36410013
1109.4,37.31444214
1109.6,37.14067411
1109.8,37.8496934
1110,42.358232
1110.2,42.07327469
1110.4,41.31694416
1110.6,40.56390848
1110.8,41.67933799
1111,43.57416699
1111.2,41.6318369
1111.4,40.59257845
1111.6,41.92348277
1111.8,43.06751603
1112,43.03083548
1112.2,40.34049422
1112.4,38.20796871
1112.6,37.74951488
1112.8,39.88538262
1113,40.89337173
1113.2,41.08365875
1113.4,43.08536609
1113.6,44.04551393
1113.8,46.31001729
1114,47.29736967
1114.2,45.77917919
1114.4,40.31972835
1114.6,40.66590223
1114.8,41.76759129
1115,41.0433584
1115.2,38.35500967
1115.4,36.14655905
1115.6,36.78701271
1115.8,38.41027749
1116,41.36771994
1116.2,39.65557057
1116.4,37.74745438
1116.6,39.24619272
1116.68717,42.10526316
1116.8,38.40085028
1117,38.58761448
1117.2,42.49755481
1117.4,44.788806
1117.6,41.09113171
1117.8,40.13133434
1118,43.61763524
1118.2,47.79173824
1118.4,41.19515854
1118.6,36.89834941
1118.690685,32.89473684
1118.8,37.07442855
1119,40.2190317
1119.2,39.63941373
1119.4,37.04080987
1119.6,39.42607093
1119.8,35.41829267
1120,32.64197579
1120.2,36.03403382
1120.4,38.07055613
1120.6,37.77180468
1120.8,39.43370745
1121,36.18393564
1121.2,37.25357399
1121.4,39.32902885
1121.6,36.3947475
1121.8,36.76705824
1122,44.4128678
1122.2,44.16515545
1122.4,40.25043021
1122.6,36.84174902
1122.8,36.80074558
1123,39.82542793
1123.2,40.79330767
1123.4,40.00717155
1123.6,38.96186858
1123.8,41.02571176
1124,39.83596972
1124.2,34.61966804
1124.4,33.73310107
1124.6,38.09384001
1124.8,46.19442483
1125,48.09620007
1125.2,44.7937632
1125.202109,52.63157895
1125.4,36.30623692
1125.6,33.55501047
1125.8,34.93093933
1126,35.48462209
1126.2,40.13617463
1126.4,42.0076766
1126.6,37.06573964
1126.8,34.8534367
1127,37.46467122
1127.2,35.75439898
1127.4,39.13715276
1127.6,45.90072616
1127.8,48.18204347
1128,43.55482436
1128.2,38.63015419
1128.4,34.20820338
1128.6,34.32962736
1128.8,35.40596857
1129,40.3079958
1129.2,45.17733323
1129.4,44.4625554
1129.6,40.89419645
1129.8,41.7661557
1130,46.7535856
1130.2,50.46632846
1130.4,50.8826667
1130.6,50.38334473
1130.8,48.96878207
1131,45.37350818
1131.2,43.1852364
1131.4,43.68577998
1131.6,41.47591588
1131.8,37.89661723
1132,36.09445276
1132.2,38.68741841
1132.4,38.44144373
1132.6,32.6420504
1132.8,30.58764937
1133,36.18542454
1133.2,39.08587267
1133.4,39.09149391
1133.6,36.73938002
1133.8,34.78550692
1134,37.1037907
1134.2,41.2152486
1134.4,43.97207837
1134.551845,47.36842105
1134.6,44.45286957
1134.8,42.17841081
1135,39.01957496
1135.2,37.94080742
1135.4,40.21218062
1135.6,43.81877371
1135.8,44.57114719
1136,41.75062276
1136.2,38.46411722
1136.4,37.17221906
1136.6,39.63301363
1136.8,36.11614977
1137,34.92329566
1137.2,36.61076346
1137.4,35.60673222
1137.6,38.00685447
1137.8,38.87343903
1138,37.56834847
1138.2,43.02166572
1138.4,44.56431574
1138.6,40.98923678
1138.8,38.16931766
1139,35.58354031
1139.2,34.67701211
1139.4,36.80385783
1139.6,41.22476819
1139.8,39.91520971
1140,34.32475945
1140.2,36.15368635
1140.4,38.04716092
1140.6,37.16585436
1140.8,40.91024827
1141,40.68790213
1141.2,39.33734526
1141.4,41.26206165
1141.6,41.99661472
1141.8,38.89882704
1142,37.13399012
1142.2,38.71827776
1142.4,41.87721906
1142.6,45.55519064
1142.8,44.37098518
1143,41.21566655
1143.2,39.65918845
1143.4,37.61261282
1143.6,38.2998634
1143.8,36.62590799
1144,34.92630348
1144.2,39.55393455
1144.4,40.31395706
1144.6,38.98809712
1144.8,34.47586371
1145,36.8712047
1145.2,37.46834368
1145.4,36.75601871
1145.6,36.69171013
1145.8,37.36827432
1146,35.16154804
1146.2,36.33945036
1146.4,37.84410603
1146.6,40.05721598
1146.8,41.11997642
1147,40.23298644
1147.2,35.88872026
1147.4,36.91460069
1147.6,39.50336321
1147.8,41.77957708
1148,41.54951265
1148.2,41.7711022
1148.4,40.88825768
1148.6,38.92389785
1148.8,39.34696618
1149,40.45465843
1149.2,41.73314079
1149.4,41.65219663
1149.6,40.01721797
1149.8,38.32341335
1150,35.52827426
1150.2,35.2132918
1150.4,34.23291594
1150.6,35.66533331
1150.8,40.17855652
1151,38.67404754
1151.2,37.27047307
1151.4,40.80717783
1151.6,41.45783943
1151.8,40.00655199
1152,38.86764955
1152.2,38.73457303
1152.4,35.42344451
1152.6,38.10133866
1152.8,36.78777536
1153,34.55202661
1153.084359,31.57894737
1153.2,36.54259619
1153.4,38.10094536
1153.6,37.32916132
1153.8,37.49302556
1154,38.48386197
1154.2,37.30888047
1154.4,37.43424904
1154.6,35.49316597
1154.8,38.43545155
1155,41.46737948
1155.2,43.0645328
1155.4,44.06431139
1155.6,47.67708129
1155.8,48.21408686
1156,44.71321871
1156.2,42.45207572
1156.4,41.50645933
1156.6,39.53137206
1156.8,39.93936979
1157,41.91613017
1157.2,42.1641736
1157.4,39.55776528
1157.6,35.3266064
1157.8,34.10121552
1158,37.73366604
1158.2,35.29099129
1158.4,37.95300247
1158.6,38.26670293
1158.8,38.10620318
1159,40.69985376
1159.2,42.12604307
1159.4,42.73366583
1159.6,40.99093168
1159.8,43.38576842
1160,43.13473509
1160.2,39.9797007
1160.4,38.95814325
1160.6,38.04645705
1160.8,36.60020677
1161,33.32631363
1161.2,31.81050838
1161.4,33.91994541
1161.6,42.30021471
1161.8,46.77491602
1162,44.67618155
1162.2,39.97617404
1162.4,38.76807561
1162.6,41.88330753
1162.8,40.68145907
1163,38.26697277
1163.2,38.17808099
1163.4,36.58314504
1163.6,40.28055915
1163.8,41.2598152
1164,40.28380087
1164.2,41.25330092
1164.4,41.82779116
1164.6,41.62163615
1164.8,39.58861626
1165,38.02544169
1165.2,37.43818926
1165.4,39.35419904
1165.6,41.91917362
1165.8,42.5052719
1166,43.75166074
1166.2,39.33342242
1166.4,36.44968696
1166.6,36.5100948
1166.8,33.59999915
1167,31.49346111
1167.2,37.86891327
1167.4,41.20240888
1167.6,38.26547612
1167.8,36.81141815
1168,37.01194528
1168.2,34.64137605
1168.4,35.11907661
1168.6,35.90685984
1168.8,37.79664948
1169,39.69503695
1169.2,39.96888228
1169.4,39.81496154
1169.6,41.35714446
1169.8,40.74930253
1170,38.52805222
1170.2,38.12813304
1170.4,38.7146434
1170.6,39.12878979
1170.8,36.84147076
1171,36.90748722
1171.2,34.17141636
1171.4,35.86050346
1171.6,36.7539131
1171.8,39.00732639
1172,38.96145302
1172.2,36.58370304
1172.4,38.40626718
1172.6,38.7608787
1172.8,36.14404666
1173,36.02269106
1173.2,40.94205424
1173.4,42.19403157
1173.6,40.79589741
1173.8,37.04326661
1174,32.21500563
1174.2,31.38033542
1174.4,32.12971288
1174.6,32.88030379
1174.8,37.12734046
1175,39.38415001
1175.2,35.5895536
1175.4,32.73367932
1175.6,36.29498665
1175.8,37.71201903
1176,38.15864095
1176.2,40.57433965
1176.4,42.71599109
1176.6,42.35366826
1176.8,40.88897535
1177,40.6366338
1177.2,39.82943766
1177.4,36.71192556
1177.6,36.34456303
1177.8,34.82117891
1178,30.08615151
1178.2,30.31736389
1178.4,35.79104946
1178.6,38.35353685
1178.8,38.68459034
1179,41.50017742
1179.130053,44.73684211
1179.2,39.93507357
1179.4,37.16843301
1179.6,35.91244245
1179.8,36.67891326
1180,35.87732813
1180.2,37.46594282
1180.4,36.50983451
1180.6,39.20243041
1180.8,37.10699645
1181,35.15182817
1181.2,35.65532997
1181.4,38.14545167
1181.6,40.2536322
1181.8,40.64575238
1182,39.61030579
1182.2,40.40720053
1182.4,43.30243254
1182.6,42.84999651
1182.8,40.66902988
1183,42.99369244
1183.2,44.9293707
1183.4,43.81278669
1183.6,39.82101062
1183.8,36.83246463
1184,37.31392104
1184.2,37.44748808
1184.4,36.82617199
1184.6,35.91121964
1184.8,34.61372907
1185,34.00016657
1185.2,33.46923362
1185.4,35.36024599
1185.6,37.17867693
1185.8,40.94481791
1186,41.19394973
1186.2,37.67088019
1186.4,34.49362636
1186.6,34.01396259
1186.8,35.14310375
1187,35.94077463
1187.2,38.03158204
1187.4,38.44598313
1187.6,40.81298355
1187.8,44.86286889
1188,43.69939587
1188.2,40.34585313
1188.4,38.66670871
1188.6,37.68280075
1188.8,35.51480605
1189,33.64972075
1189.2,34.55049777
1189.4,39.91760412
1189.6,37.27457297
1189.8,30.30290259
1189.815466,26.31578947
1190,31.22736316
1190.2,32.13114764
1190.4,32.11266381
1190.6,33.28660044
1190.8,35.97841687
1191,33.50763182
1191.2,35.2085018
1191.4,36.38188207
1191.6,39.32410259
1191.8,39.8982846
1192,37.97735878
1192.2,38.0465462
1192.4,38.34976701
1192.6,38.02497993
1192.8,38.17415884
1193,38.52146461
1193.2,40.94353483
1193.4,42.07782236
1193.6,41.31928196
1193.8,38.45929218
1194,38.26239796
1194.2,36.71582565
1194.4,37.84743459
1194.6,36.19730131
1194.8,37.99209589
1195,39.61775791
1195.2,36.37484254
1195.4,32.28643376
1195.6,33.67320139
1195.8,36.45597371
1196,34.63937434
1196.2,36.6459158
1196.4,41.92147709
1196.6,44.63817943
1196.8,41.09817144
1197,36.55953207
1197.2,33.48015155
1197.4,35.579884
1197.6,41.11455476
1197.8,38.85290354
1198,34.4311101
1198.2,36.85977446
1198.4,40.57869073
1198.6,37.95220263
1198.8,37.68323216
1199,41.37136098
1199.2,42.90138419
1199.4,39.72196272
1199.6,38.86604739
1199.8,43.25479893
1200,44.11466261
1200.2,39.19633623
1200.4,36.03579053
1200.6,42.04598904
1200.8,44.49967912
1200.881834,47.22222222
1201,41.28296014
1201.2,37.52601795
1201.4,36.95828403
1201.6,38.59786039
1201.8,38.93493657
1202,37.04717305
1202.2,35.53661782
1202.4,33.87604276
1202.6,32.86527244
1202.8,38.56706037
1203,44.17465175
1203.2,42.75218198
1203.4,38.88187419
1203.6,37.54306765
1203.8,37.18677838
1204,35.22623954
1204.2,38.54887777
1204.4,39.84944691
1204.6,36.40175671
1204.8,35.03455281
1205,40.91249861
1205.2,43.30795716
1205.291005,45.83333333
1205.4,40.77521565
1205.6,34.69271014
1205.8,34.09565828
1206,39.5120018
1206.2,44.80805493
1206.4,47.00838641
1206.6,41.79297022
1206.8,36.84615016
1207,34.26489032
1207.2,32.02345695
1207.4,31.35640562
1207.6,34.64314517
1207.8,39.2953564
1208,42.55504161
1208.2,40.96537146
1208.4,37.51958944
1208.6,37.20542774
1208.8,38.97909202
1209,38.91747949
1209.2,38.55130732
1209.4,38.1631355
1209.6,35.85385299
1209.8,36.10786914
1210,39.31648735
1210.2,37.68370061
1210.4,35.43625254
1210.6,36.96241768
1210.8,40.89579875
1211,42.50512043
1211.2,41.0472432
1211.4,38.51377287
1211.6,38.46726103
1211.8,39.76109555
1212,40.04310651
1212.2,39.71412153
1212.4,39.0633583
1212.6,37.31954122
1212.8,36.0152968
1213,35.93367818
1213.2,39.04401964
1213.4,42.29999661
1213.6,41.76447021
1213.8,36.65385176
1214,32.4726294
1214.2,34.83229545
1214.4,37.45868384
1214.6,40.51428025
1214.8,42.47005425
1215,41.17497896
1215.2,40.12152601
1215.4,39.08915353
1215.6,38.20879176
1215.8,34.81248939
1216,36.22809305
1216.2,39.56877115
1216.4,40.66090511
1216.6,40.71866958
1216.8,37.7544187
1217,34.4532349
1217.2,37.47708465
1217.4,43.46733459
1217.6,44.20081423
1217.8,41.60123372
1218,41.15532713
1218.2,41.27048044
1218.4,38.64136033
1218.6,36.02641343
1218.8,38.81797627
1219,41.66398271
1219.2,39.80266261
1219.4,37.46096276
1219.6,39.6983549
1219.8,41.43887474
1220,40.79767062
1220.2,37.35289555
1220.4,36.36192058
1220.6,37.97907693
1220.8,40.07519756
1221,39.43591599
1221.2,41.04235397
1221.4,41.42651373
1221.6,42.52463307
1221.8,42.13225827
1222,40.46157833
1222.2,42.27593124
1222.4,39.53790942
1222.6,36.17572984
1222.8,38.40147349
1223,41.40576541
1223.2,41.88529416
1223.280423,45.83333333
1223.4,39.9219241
1223.6,36.909882
1223.8,36.01974049
1224,42.5781225
1224.2,42.13161836
1224.4,40.34687682
1224.6,40.82899015
1224.8,46.24807244
1225,46.97167149
1225.2,42.28420792
1225.4,35.658649
1225.6,41.82067762
1225.8,44.17856333
1226,42.26548663
1226.2,38.97794741
1226.4,41.76314256
1226.6,42.92574671
1226.8,41.14748874
1227,42.83770435
1227.2,43.01786474
1227.4,40.9768775
1227.6,38.17057329
1227.8,41.1831308
1228,43.87117622
1228.2,45.43328913
1228.4,44.76560222
1228.6,40.80014712
1228.8,35.86094298
1229,34.96197924
1229.2,41.17029023
1229.4,43.80159638
1229.6,43.03599189
1229.8,46.97678405
1230,48.50424552
1230.2,46.83052754
1230.4,43.06723763
1230.6,39.96748228
1230.8,42.28628245
1231,46.18829759
1231.2,45.81623589
1231.4,44.28824494
1231.6,42.06707099
1231.8,40.93798596
1232,41.06477675
1232.2,38.71177102
1232.4,38.32330268
1232.6,40.40383487
1232.8,40.00712613
1233,41.47677559
1233.2,43.18199334
1233.4,41.4622809
1233.6,38.29402871
1233.8,39.27683065
1234,40.64020702
1234.2,41.09770391
1234.4,43.46066848
1234.6,39.6234453
1234.8,30.20509561
1235,30.3057933
1235.2,33.16028294
1235.4,35.39147765
1235.6,35.67287261
1235.8,40.06956712
1236,36.56571442
1236.2,34.53783422
1236.4,34.83177308
1236.6,37.31672611
1236.8,38.86368635
1237,38.36188972
1237.2,37.69077365
1237.4,40.75599979
1237.6,41.5119886
1237.8,39.45207922
1238,38.27319488
1238.2,36.67770505
1238.4,36.42152462
1238.6,36.78245096
1238.8,35.9692875
1239,40.54509184
1239.2,45.01304619
1239.4,39.41270546
1239.6,31.66745843
1239.8,32.91058489
1240,32.14115329
1240.2,30.64423528
1240.4,34.33507459
1240.6,38.40318208
1240.8,39.74414799
1241,39.72638563
1241.2,40.46022174
1241.4,40.70798967
1241.6,38.57383719
1241.8,39.44785874
1242,41.06867714
1242.2,43.16963427
1242.4,41.03324265
1242.6,42.1093997
1242.8,45.25259686
1243,44.53637957
1243.2,40.47651034
1243.4,40.42264162
1243.6,39.92808525
1243.8,40.55357527
1244,41.04001874
1244.2,38.54404468
1244.4,36.14520873
1244.6,36.65350558
1244.8,39.28647173
1245,34.68335144
1245.2,33.9712122
1245.4,39.06629989
1245.502646,43.05555556
1245.6,39.98863043
1245.8,35.17844543
1246,34.58347486
1246.2,39.41468627
1246.4,44.39688601
1246.6,42.2889837
1246.8,39.12365201
1247,40.22783866
1247.2,37.90515369
1247.4,38.72884393
1247.6,47.42239095
1247.619048,54.16666667
1247.8,46.38380298
1248,37.63551755
1248.148148,31.94444444
1248.2,35.2559792
1248.4,38.75658434
1248.6,41.01208102
1248.8,38.71735762
1249,41.17131818
1249.2,39.96540962
1249.4,38.3670544
1249.6,40.81963269
1249.8,43.82606165
1250,41.1866736
1250.2,42.6199089
1250.4,43.86000846
1250.6,40.9839832
1250.8,36.99164605
1251,40.25894865
1251.2,43.41573817
1251.4,41.76431402
1251.6,38.70759866
1251.8,38.72044525
1252,41.17543475
1252.2,40.80577339
1252.4,39.58612993
1252.6,37.83963182
1252.8,39.70758504
1253,39.74236713
1253.2,39.82945974
1253.4,39.66290845
1253.6,38.18660872
1253.8,36.36727303
1254,40.37889474
1254.2,40.72733474
1254.4,38.14563324
1254.6,41.14554837
1254.8,43.51216439
1255,41.32951109
1255.2,36.90184104
1255.4,36.76236987
1255.6,36.94001414
1255.8,34.41954655
1256,38.18062764
1256.084656,40.27777778
1256.2,36.31903246
1256.4,31.64022419
1256.6,31.25102921
1256.8,34.82113388
1257,34.86179464
1257.2,33.06331698
1257.4,35.73391674
1257.6,35.00057117
1257.8,37.86439512
1258,38.4717953
1258.2,38.32333129
1258.4,37.54892124
1258.6,37.68131141
1258.8,39.1133624
1259,43.88326628
1259.2,44.09959843
1259.4,43.58829777
1259.6,39.57145563
1259.8,35.29611072
1260,35.46301915
1260.2,37.55310229
1260.4,37.05120921
1260.6,40.86289226
1260.8,39.59587463
1261,37.96392184
1261.199295,44.44444444
1261.2,42.10172966
1261.4,41.60481614
1261.6,37.87566572
1261.8,38.51633392
1262,40.77009604
1262.2,41.67848586
1262.4,40.26148912
1262.6,39.16202532
1262.8,39.92650069
1263,41.96016915
1263.2,41.73659813
1263.4,40.73977234
1263.6,38.6013624
1263.8,33.19335378
1264,35.19716183
1264.197531,44.44444444
1264.2,40.97028808
1264.4,36.03971893
1264.6,37.53572386
1264.8,43.84454165
1265,39.32045929
1265.2,32.23011085
1265.4,34.77902992
1265.6,39.31665352
1265.8,41.30273632
1266,40.12949428
1266.2,39.19676232
1266.4,39.88939017
1266.6,39.31613086
1266.8,35.87171808
1267,37.88084888
1267.2,41.00976653
1267.4,43.18580673
1267.6,40.30400391
1267.8,35.96405293
1268,36.26943578
1268.2,41.08951887
1268.4,40.30789749
1268.6,38.61865919
1268.8,37.72820007
1269,36.79669165
1269.2,38.77699066
1269.4,38.31440781
1269.6,37.57945749
1269.8,41.23671161
1270,43.12395476
1270.2,44.07252186
1270.4,44.11556251
1270.6,41.048331
1270.8,40.63654425
1271,40.88699742
1271.2,44.21916932
1271.4,49.82941559
1271.6,48.75635351
1271.8,40.41089263
1272,35.90535873
1272.2,38.04235788
1272.4,40.09818735
1272.6,42.00614138
1272.8,41.03647586
1273,36.62520521
1273.2,35.00217303
1273.4,37.3636811
1273.6,39.17935556
1273.8,38.43065153
1274,35.51949899
1274.2,37.58046007
1274.4,42.18421551
1274.6,44.46514939
1274.8,40.29525384
1275,37.07558534
1275.2,41.583924
1275.4,42.94403937
1275.6,39.14744774
1275.8,34.14715001
1276,35.66478827
1276.2,36.61179604
1276.4,34.10499994
1276.6,31.91356843
1276.8,35.48819504
1277,38.52406144
1277.2,40.32984173
1277.4,37.82957663
1277.6,38.07785887
1277.8,37.81562551
1278,35.77719973
1278.2,34.61883862
1278.4,35.93357435
1278.6,36.75994875
1278.8,36.14891006
1279,40.15290519
1279.2,43.75290836
1279.4,44.79032648
1279.6,38.6532852
1279.8,33.70945659
1280,33.18276078
1280.2,36.35271768
1280.4,37.54791387
1280.6,36.74219197
1280.8,38.75262801
1281,38.27572203
1281.2,37.49872579
1281.4,39.92214736
1281.6,42.5349104
1281.8,44.27411645
1282,44.44361853
1282.2,41.66206654
1282.4,42.877813
1282.6,45.28901368
1282.8,42.06175438
1283,37.90681531
1283.2,36.30653557
1283.4,38.04400293
1283.6,36.5568454
1283.8,37.1416925
1284,37.26592943
1284.2,40.09195231
1284.4,36.3877816
1284.6,35.84785842
1284.8,34.66892821
1285,31.39844296
1285.2,31.66950732
1285.4,35.47493295
1285.6,40.45809476
1285.8,41.76072278
1286,41.21543134
1286.2,38.59530141
1286.4,38.03574384
1286.6,44.04020419
1286.8,44.49212339
1287,38.9553796
1287.2,36.1938234
1287.4,38.4091094
1287.6,40.53916785
1287.8,40.38339227
1288,39.94793478
1288.2,38.47374824
1288.4,36.07138893
1288.6,35.63725731
1288.8,36.76984912
1289,35.00979629
1289.2,34.89415806
1289.4,35.30505682
1289.6,34.18172905
1289.8,33.45651332
1290,38.84285875
1290.2,41.19019672
1290.4,38.10573031
1290.6,38.421722
1290.8,42.77810528
1291,39.21645781
1291.2,32.58076132
1291.4,33.14723932
1291.6,34.95273575
1291.8,35.11875553
1292,36.13203399
1292.2,38.84260385
1292.4,40.30132294
1292.6,41.62061955
1292.8,45.26597068
1293,45.5114378
1293.2,43.24049328
1293.4,41.143198
1293.6,40.06704121
1293.8,39.66040424
1294,42.86250982
1294.2,43.93980659
1294.4,39.6842341
1294.6,38.57223111
1294.8,41.0638582
1294.885362,43.05555556
1295,39.00821116
1295.2,37.83885208
1295.4,37.43001241
1295.414462,40.27777778
1295.6,38.01837434
1295.8,36.08692307
1296,35.42175483
1296.2,37.19550886
1296.4,37.23797241
1296.6,36.2971186
1296.8,33.64846512
1297,34.10387289
1297.2,38.49857364
1297.4,36.62102887
1297.6,36.15923477
1297.8,39.30185656
1297.883598,47.22222222
1298,42.92050205
1298.2,37.43202625
1298.4,30.18887093
1298.6,31.78879097
1298.8,34.74876184
1299,40.57036368
1299.2,40.35748616
1299.4,36.67903652
1299.6,36.66911432
1299.8,36.59929765
1300,37.63509218
1300.2,41.7532148
1300.4,43.89396842
1300.6,37.72437429
1300.8,33.0982261
1301,33.48488423
1301.2,35.5173216
1301.4,36.79002435
1301.6,38.0383592
1301.8,37.70944986
1302,38.02221176
1302.2,38.05864418
1302.4,39.31220381
1302.6,40.16472135
1302.8,39.75114575
1303,39.50973727
1303.2,39.79301087
1303.4,36.9382947
1303.6,34.5307834
1303.8,37.79740127
1304,38.35134514
1304.2,36.15867513
1304.4,35.14176058
1304.6,34.83202033
1304.8,36.40346708
1305,38.25255687
1305.132743,43.35664336
1305.2,39.52164636
1305.4,37.35000927
1305.6,39.16667296
1305.8,41.78476394
1306,42.00916295
1306.2,40.43406127
1306.4,39.97954082
1306.6,44.33554535
1306.8,44.54987845
1307,41.56856848
1307.2,40.89941985
1307.4,40.33364264
1307.6,37.37943857
1307.8,35.644279
1308,37.79667942
1308.2,39.61711545
1308.4,39.68273308
1308.6,38.34303112
1308.8,35.54678933
1309,33.84983915
1309.2,33.99060557
1309.4,37.43163953
1309.557522,43.35664336
1309.6,40.84109955
1309.8,38.95909035
1310,36.81381862
1310.2,37.5368156
1310.4,37.63627468
1310.6,37.29734937
1310.8,37.66208498
1311,39.5563923
1311.2,41.47844556
1311.4,40.48495105
1311.6,38.93985848
1311.8,39.85309298
1312,40.10576952
1312.2,37.85752774
1312.4,36.67385959
1312.6,36.42553077
1312.8,38.54833406
1313,40.20543523
1313.2,38.70852609
1313.4,37.12244607
1313.6,37.49697242
1313.8,40.07227316
1314,40.29024248
1314.2,38.03258244
1314.4,38.64059169
1314.6,41.02359211
1314.8,44.46591174
1315,45.81052806
1315.2,44.60438125
1315.4,41.0779908
1315.6,41.39251084
1315.8,42.68259169
1316,45.21907905
1316.2,41.62070262
1316.4,37.44417514
1316.6,38.38494185
1316.8,40.06646618
1317,38.97133208
1317.2,36.40214785
1317.4,34.41986853
1317.6,36.44708926
1317.8,42.08498723
1318,45.57680052
1318.2,43.41380587
1318.4,41.52072685
1318.6,39.18454047
1318.8,39.62583665
1319,41.99832485
1319.2,41.80637021
1319.4,39.08107397
1319.6,41.31540641
1319.8,43.58119908
1320,40.83995626
1320.2,37.20224318
1320.4,37.63369406
1320.6,40.06019012
1320.8,41.14116357
1321,44.10971023
1321.2,40.73295153
1321.4,36.76716913
1321.6,34.15001522
1321.8,34.96238594
1322,36.59498758
1322.2,39.40372988
1322.4,38.28727905
1322.6,37.32771397
1322.8,36.44445836
1323,34.82143893
1323.2,37.98712822
1323.4,41.61357864
1323.6,38.32242537
1323.8,37.39087098
1324,37.23511794
1324.2,37.01248868
1324.4,38.38546446
1324.6,39.85639364
1324.8,41.46005125
1325,37.38297035
1325.2,33.5171182
1325.309735,30.76923077
1325.4,36.3545623
1325.6,42.24206846
1325.8,41.3599933
1326,37.34489866
1326.2,39.79030392
1326.4,37.17553507
1326.6,34.82452103
1326.8,38.42628268
1327,37.55276716
1327.2,34.59713659
1327.4,36.20703568
1327.6,35.55451154
1327.8,37.41152378
1328,37.05546191
1328.2,34.00149728
1328.4,36.92309169
1328.6,42.40541917
1328.8,39.70254906
1329,37.98138004
1329.2,40.24884038
1329.4,41.43991597
1329.6,39.88371212
1329.8,41.44509033
1330,43.52071436
1330.2,44.78836577
1330.4,42.67300925
1330.6,37.33806159
1330.8,34.16393081
1331,34.2102105
1331.2,36.46809068
1331.4,39.73879184
1331.6,37.82246929
1331.8,35.41625308
1332,35.27309061
1332.2,39.18759367
1332.4,42.52813125
1332.6,43.71118858
1332.8,43.5683503
1333,41.62977652
1333.2,40.83735891
1333.4,41.62769419
1333.6,41.619456
1333.8,41.56189509
1334,41.88304829
1334.2,37.55572236
1334.4,34.90006266
1334.6,35.29110124
1334.8,37.88681197
1335,36.17563522
1335.2,34.33278718
1335.4,41.91815548
1335.6,43.90801077
1335.8,40.75844932
1336,38.14618627
1336.2,39.19779813
1336.4,38.36486622
1336.6,38.38140736
1336.8,42.19058129
1337,44.02480785
1337.2,45.28990196
1337.4,43.19974085
1337.6,41.00378017
1337.8,39.74841436
1338,39.84954156
1338.2,39.75941967
1338.4,39.02085317
1338.6,36.61075558
1338.8,38.88114991
1339,37.40673487
1339.2,39.34071742
1339.4,43.82297849
1339.6,43.70380429
1339.8,40.97493505
1340,37.1203188
1340.2,35.93339479
1340.4,35.98389615
1340.6,39.84376619
1340.8,40.77125097
1341,39.24733654
1341.2,39.89792933
1341.4,42.86858898
1341.6,42.23302906
1341.8,38.1560211
1342,38.7356553
1342.2,37.7484119
1342.4,36.01579976
1342.6,37.48923041
1342.8,39.04648049
1343,33.83792493
1343.2,33.05611396
1343.4,37.29231976
1343.6,39.17592246
1343.8,37.1745339
1344,38.97714073
1344.2,39.2332557
1344.4,41.54309673
1344.6,42.83658733
1344.8,41.21476401
1345,39.63822143
1345.2,41.5886527
1345.4,38.93379997
1345.6,34.37125207
1345.8,31.36190703
1346,34.86838668
1346.2,40.85815838
1346.4,41.91287827
1346.6,40.43059291
1346.8,38.46803047
1347,37.62392338
1347.2,38.01138133
1347.4,41.09589677
1347.6,41.81258985
1347.8,40.01913946
1348,34.3941853
1348.2,32.92774617
1348.4,39.61587613
1348.6,42.61373049
1348.8,38.60399566
1349,40.57321924
1349.2,46.18045422
1349.380531,50.34965035
1349.4,47.18207175
1349.6,41.1890677
1349.8,36.48552062
1350,39.50615223
1350.2,41.13237143
1350.4,41.47369274
1350.6,40.03151039
1350.8,35.4633508
1351,35.46329111
1351.2,35.45126228
1351.4,37.46426487
1351.6,40.19134795
1351.8,39.11702388
1352,37.90661628
1352.2,36.59452201
1352.4,36.08462189
1352.6,36.31997903
1352.8,37.98416453
1353,37.5723636
1353.2,39.43614776
1353.4,40.93724244
1353.6,42.27078119
1353.8,41.23958355
1354,41.85717991
1354.2,40.34110355
1354.4,37.49919493
1354.6,37.62980437
1354.690265,40.55944056
1354.8,34.13010625
1355,32.30666586
1355.2,34.56151228
1355.4,37.30125626
1355.6,37.49687265
1355.8,39.82118799
1356,41.37072869
1356.2,40.14306259
1356.4,41.40145147
1356.6,42.34064794
1356.8,40.42163572
1357,34.41094086
1357.2,34.80641005
1357.4,37.45739614
1357.6,39.83098092
1357.8,41.59769929
1358,41.58445898
1358.2,37.90942438
1358.4,35.45573435
1358.6,37.64040926
1358.8,38.44606327
1359,38.58121643
1359.2,38.58816869
1359.4,39.37293176
1359.6,38.90353506
1359.8,42.56314511
1360,42.42593024
1360.2,39.54153203
1360.4,38.87689506
1360.6,38.62872388
1360.8,39.49046004
1361,41.42488619
1361.2,42.96729253
1361.4,40.83389032
1361.6,41.05732286
1361.8,38.14832529
1362,35.752914
1362.2,39.22564563
1362.4,40.15221193
1362.6,37.53711793
1362.8,38.87146406
1363,40.22639978
1363.2,36.88686016
1363.4,33.12914823
1363.6,34.30988239
1363.8,40.18872239
1364,41.31636653
1364.2,38.96314552
1364.4,36.85295839
1364.6,37.59954258
1364.8,37.80533944
1365,39.67228879
1365.2,43.89176388
1365.4,43.70673058
1365.6,40.89767699
1365.8,37.70468327
1366,35.84259561
1366.2,36.99829455
1366.4,38.45540216
1366.6,36.39783308
1366.8,36.41986048
1367,38.6495813
1367.2,41.65801456
1367.4,42.40824727
1367.6,38.5535298
1367.8,39.41352542
1368,43.1526042
1368.2,40.7181428
1368.4,37.9435148
1368.6,37.79014035
1368.8,41.47068465
1369,43.15298245
1369.2,39.8344143
1369.4,39.39104207
1369.6,38.70717542
1369.8,36.57137383
1370,34.87210336
1370.2,35.83928021
1370.4,37.29987809
1370.6,39.02911932
1370.8,40.14215363
1371,42.25708328
1371.2,43.92861142
1371.4,40.04945695
1371.6,35.11112837
1371.8,35.48685405
1372,39.23350617
1372.2,41.63941252
1372.4,40.51226318
1372.6,43.3250908
1372.8,45.43508753
1373,42.91554967
1373.2,39.53762585
1373.4,37.62598775
1373.6,37.9326431
1373.8,40.68885159
1374,43.12721256
1374.2,45.44100457
1374.4,38.0897621
1374.6,32.02866957
1374.8,30.97230749
1375,30.35861188
1375.2,31.63616547
1375.4,36.44634613
1375.6,37.55502372
1375.8,37.36727809
1376,37.50153955
1376.2,36.1177571
1376.4,35.40663186
1376.6,34.81056772
1376.8,37.41554436
1377,41.25447465
1377.2,46.43491321
1377.4,43.98969675
1377.6,36.23267554
1377.8,33.91327174
1378,33.29186966
1378.2,33.13573127
1378.4,35.66170809
1378.6,34.93837945
1378.8,33.78951103
1379,36.9828607
1379.2,39.1790706
1379.4,40.32153789
1379.6,40.34162472
1379.8,39.54091075
1380,35.1239881
1380.2,32.15990733
1380.4,33.99225125
1380.6,36.62206069
1380.8,38.80543078
1381,41.26354315
1381.2,41.47130325
1381.4,37.79431719
1381.6,37.94652855
1381.8,39.27730973
1382,36.67484285
1382.2,36.03566495
1382.4,35.68658653
1382.6,31.68168395
1382.8,34.03077178
1383,39.83172125
1383.2,40.80724774
1383.4,37.97245255
1383.6,35.27754895
1383.8,32.29546149
1384,35.76200133
1384.2,39.2010046
1384.4,41.74415844
1384.6,40.82011088
1384.8,41.85559631
1385,37.72552007
1385.2,36.70049396
1385.4,36.58652156
1385.6,39.80812859
1385.8,43.70851192
1386,45.60609367
1386.2,39.64901752
1386.4,37.65615474
1386.6,36.99188214
1386.8,38.47930237
1387,38.90247115
1387.2,39.6970887
1387.4,40.50756331
1387.6,40.39946762
1387.8,40.72129775
1388,40.33642019
1388.2,39.8493408
1388.4,40.83757011
1388.6,42.02471798
1388.8,43.65869241
1389,38.1705481
1389.2,33.43669762
1389.4,36.45725844
1389.6,40.33438657
1389.8,40.61467165
1390,40.29567417
1390.2,41.26378881
1390.4,39.51599577
1390.6,40.37121373
1390.8,43.72396418
1391,45.03278574
1391.2,39.65470823
1391.4,38.64473781
1391.6,44.15931602
1391.8,45.56189527
1392,44.52801499
1392.2,43.03650638
1392.4,38.81191161
1392.6,35.92666785
1392.8,37.47561891
1393,40.36554117
1393.2,39.78911635
1393.4,39.66961633
1393.6,38.1321171
1393.8,36.53909286
1394,37.7660459
1394.2,37.35219542
1394.4,35.72315491
1394.6,36.901098
1394.8,39.76472759
1395,41.78203195
1395.2,45.91218451
1395.4,41.31275691
1395.6,39.58831748
1395.8,43.7688339
1396,42.44650342
1396.2,37.40704959
1396.4,35.72522664
1396.6,37.62007039
1396.8,37.46857872
1397,36.69362506
1397.2,37.4957994
1397.4,41.77371945
1397.6,44.29430837
1397.8,40.03334257
1398,35.24191569
1398.2,36.39728613
1398.230088,33.56643357
1398.4,38.91261705
1398.6,39.09718412
1398.8,37.68689598
1399,42.33320674
1399.2,45.00639754
1399.4,45.16998896
1399.6,45.0817226
1399.8,44.03375271
1400,41.40737601
1400.2,41.55792263
1400.4,42.67223441
1400.6,44.25213531
1400.8,42.32856149
1401,44.11726759
1401.2,43.85612739
1401.4,41.3145279
1401.6,37.29231685
1401.8,32.93730504
1402,32.5732187
1402.2,37.69421122
1402.4,42.75933746
1402.6,47.16466952
1402.8,45.639628
1403,40.68021692
1403.2,37.37192276
1403.4,36.01067095
1403.6,36.81671961
1403.8,38.78884092
1404,39.42231922
1404.2,39.81219456
1404.4,39.7439642
1404.6,36.504783
1404.701627,34.28571429
1404.8,36.83088245
1405,43.20674211
1405.2,43.94424399
1405.4,40.15993659
1405.6,38.18616605
1405.8,36.05418305
1406,37.99538768
1406.2,38.90802993
1406.4,34.42037483
1406.6,33.64901128
1406.8,36.84631728
1407,38.75652745
1407.2,41.32095234
1407.4,41.83157906
1407.6,39.9295629
1407.8,39.44240873
1408,39.58272705
1408.2,40.44048041
1408.4,41.52252739
1408.6,42.10824541
1408.8,40.41378261
1409,42.41108718
1409.2,41.13593812
1409.4,38.49257393
1409.6,36.721858
1409.8,36.34954544
1410,38.84053326
1410.2,39.12414288
1410.4,37.96063291
1410.6,37.33721881
1410.8,36.3897075
1411,38.86330652
1411.2,42.66702628
1411.4,40.75188252
1411.6,36.96586424
1411.8,35.50147495
1412,33.67304657
1412.2,39.55970559
1412.4,38.90026282
1412.6,36.17677036
1412.8,34.73343757
1413,37.2630934
1413.2,36.74920915
1413.4,34.92729451
1413.6,38.5593726
1413.8,41.58683315
1414,41.67512394
1414.2,40.63449276
1414.4,39.0678338
1414.6,40.51415027
1414.8,45.61397035
1415,47.85406403
1415.2,43.42198952
1415.4,35.57432248
1415.6,34.15935271
1415.8,36.33548908
1416,39.7088925
1416.2,39.50239413
1416.4,42.01231227
1416.6,40.4433758
1416.8,36.54070943
1417,33.57232549
1417.2,34.3364167
1417.4,38.72374078
1417.6,42.33544371
1417.721519,45.71428571
1417.8,40.8192057
1418,38.81974206
1418.2,34.36491131
1418.264014,38.57142857
1418.4,34.84516756
1418.6,36.4430924
1418.8,34.9666641
1419,34.10728068
1419.2,34.48386733
1419.4,38.25775698
1419.6,39.21291065
1419.8,36.9180824
1420,38.80342524
1420.2,37.036747
1420.4,31.04235703
1420.6,28.31342563
1420.8,31.41604162
1421,33.13036701
1421.2,37.88616868
1421.4,38.99404036
1421.6,36.09388874
1421.8,34.89506055
1422,37.35714788
1422.2,40.63782903
1422.4,44.22362258
1422.6,39.37925276
1422.8,35.54351489
1423,38.35362544
1423.2,37.96084888
1423.4,35.25891062
1423.508137,31.42857143
1423.6,33.81024721
1423.8,35.38614981
1424,35.5950503
1424.2,37.91561492
1424.4,40.33810757
1424.6,33.88434594
1424.8,32.13370515
1425,33.74405946
1425.2,32.76671063
1425.4,33.56823258
1425.6,37.703237
1425.8,34.55857492
1426,31.58008464
1426.2,36.18158006
1426.4,39.92441405
1426.6,38.92684923
1426.8,37.00987897
1427,39.21094929
1427.2,37.09489691
1427.4,37.96258298
1427.6,36.71954411
1427.8,35.11091049
1428,34.5570065
1428.2,35.55923604
1428.4,39.84911187
1428.6,41.94243538
1428.75226,44.28571429
1428.8,41.28700589
1429,39.8233802
1429.2,39.56337056
1429.4,38.72627847
1429.6,34.27914341
1429.8,34.14017702
1430,37.87696658
1430.2,38.78408319
1430.4,40.52142314
1430.6,39.6002721
1430.8,36.03743767
1431,34.13231904
1431.2,33.89591957
1431.4,35.16643335
1431.6,33.62996129
1431.8,32.6441836
1432,33.25522597
1432.2,31.80871521
1432.4,30.39518571
1432.6,35.55449491
1432.8,40.15351216
1433,39.21267087
1433.2,37.91027461
1433.4,38.78649122
1433.6,39.52692879
1433.8,41.60633689
1434,42.31686357
1434.2,40.08507212
1434.4,36.14601544
1434.6,36.05434126
1434.8,34.45793079
1435,34.98079618
1435.2,37.2486513
1435.4,36.19171522
1435.6,37.81780724
1435.8,39.06434433
1436,38.52451496
1436.2,39.96036285
1436.4,40.9181578
1436.6,43.45549272
1436.8,44.44777046
1437,38.08346899
1437.2,33.21393107
1437.4,36.02086151
1437.6,37.7045018
1437.8,36.4130803
1438,31.77070396
1438.2,30.75085822
1438.4,33.86016771
1438.6,37.99050859
1438.8,36.69276419
1439,34.66778955
1439.2,36.05986603
1439.4,38.20977405
1439.6,36.16830489
1439.8,36.75454012
1440,38.94135098
1440.2,40.49724959
1440.4,42.03958109
1440.506329,44.28571429
1440.6,38.61623691
1440.8,36.49127429
1441,35.42872408
1441.2,35.39880593
1441.4,37.05273087
1441.6,39.74372318
1441.8,40.5260661
1442,39.69556602
1442.2,37.1664261
1442.4,36.44109946
1442.6,36.44974465
1442.8,37.91552127
1443,39.37667408
1443.2,38.31355725
1443.4,34.97557498
1443.6,31.35381287
1443.8,31.0386488
1444,35.48254689
1444.2,36.42558251
1444.303797,38.57142857
1444.4,35.91798953
1444.6,32.83547335
1444.8,33.73552622
1445,36.82191401
1445.2,36.64726002
1445.4,37.5999033
1445.6,38.80344161
1445.8,37.23354423
1446,35.79349628
1446.2,36.15394893
1446.4,35.47683383
1446.6,32.83708281
1446.8,31.55113499
1447,34.80427599
1447.2,37.8229946
1447.4,37.56844888
1447.6,35.03132
1447.8,35.33204829
1448,38.2007302
1448.2,39.51273146
1448.4,42.59379577
1448.6,41.07979724
1448.8,42.3422894
1449,43.60951986
1449.2,45.38640974
1449.4,45.81665229
1449.6,43.06586165
1449.8,38.46367425
1450,37.14287867
1450.2,35.09086185
1450.4,37.03544926
1450.6,35.58375222
1450.8,36.00035012
1451,38.92631245
1451.2,39.26423504
1451.4,38.38653456
1451.6,39.43905937
1451.8,39.64894079
1452,36.71568329
1452.2,34.66718313
1452.4,32.44770854
1452.6,36.59769381
1452.8,40.26863492
1453,39.83388737
1453.2,39.88811351
1453.4,37.66340691
1453.6,38.2926141
1453.8,37.35359511
1454,33.97508796
1454.2,31.77598902
1454.4,32.31343411
1454.6,32.9082005
1454.8,36.45171793
1455,37.09815572
1455.2,34.14140752
1455.4,30.91679678
1455.6,33.46269201
1455.8,38.37751927
1456,40.53475999
1456.2,38.98056319
1456.4,39.59695572
1456.6,36.78494503
1456.8,32.84090138
1457,36.63906264
1457.2,38.5320638
1457.4,35.69605617
1457.6,35.28935052
1457.8,40.99172654
1458,42.76314116
1458.2,41.93410662
1458.4,39.50787949
1458.6,35.21092131
1458.8,35.81408988
1459,36.70001848
1459.2,37.1729335
1459.4,39.50811844
1459.6,40.25369977
1459.8,37.64443479
1460,40.86772392
1460.2,43.35993536
1460.39783,48.57142857
1460.4,43.60821264
1460.6,38.12613218
1460.8,35.47300163
1461,36.72350555
1461.2,37.50759544
1461.4,38.87833743
1461.6,37.22063904
1461.8,37.18694171
1462,39.69605713
1462.2,39.319535
1462.4,35.95561538
1462.6,35.44393372
1462.8,36.45860503
1463,38.00337626
1463.2,39.62270382
1463.4,36.87703961
1463.6,35.83652766
1463.8,36.6536151
1464,37.49907358
1464.2,35.58592364
1464.4,36.9434235
1464.6,41.34416768
1464.8,40.4867589
1465,37.75015398
1465.2,39.83625831
1465.4,41.72045946
1465.461121,44.28571429
1465.6,38.50162508
1465.8,36.23677789
1466,35.50265073
1466.2,39.12000578
1466.4,38.20170179
1466.6,36.60153074
1466.8,36.58208548
1467,40.46278081
1467.2,41.24583627
1467.4,39.35551767
1467.6,39.19884328
1467.8,43.13150298
1468,40.56354992
1468.2,37.78983865
1468.4,36.66973228
1468.6,35.78170556
1468.716094,32.85714286
1468.8,36.80220222
1469,39.18846697
1469.2,38.68778293
1469.4,37.06173604
1469.6,39.49545098
1469.8,41.62423524
1470,42.75418555
1470.2,42.99523976
1470.4,39.80473621
1470.6,38.90389403
1470.8,40.31775303
1471,37.93908479
1471.2,34.80648491
1471.4,36.49055514
1471.6,34.85951593
1471.8,35.83601531
1472,37.43478486
1472.2,38.29205174
1472.4,38.63565337
1472.6,39.48090665
1472.8,38.72173608
1473,37.93265887
1473.2,36.30543508
1473.4,33.19430309
1473.6,34.93262331
1473.8,39.82213603
1474,43.40365932
1474.2,44.41049254
1474.4,39.94218559
1474.6,38.11171887
1474.8,39.89313882
1475,37.75798522
1475.2,35.81376324
1475.4,37.18242544
1475.6,38.55190434
1475.8,36.73450902
1476,38.58367813
1476.2,35.7682092
1476.4,34.46342538
1476.6,36.5636612
1476.8,35.39607637
1477,33.91954545
1477.2,35.90238492
1477.4,37.21431993
1477.6,35.45735932
1477.8,36.23625681
1478,40.23570815
1478.2,41.57518673
1478.300181,45.71428571
1478.4,41.96630323
1478.6,37.25744203
1478.8,35.07782264
1479,35.52455133
1479.2,36.84290634
1479.4,37.40153698
1479.6,35.79095624
1479.8,36.48454658
1480,41.49572676
1480.2,44.59776995
1480.4,41.20738406
1480.6,38.62334466
1480.8,35.53765065
1481,33.89960789
1481.2,34.92883255
1481.4,37.31402052
1481.6,38.19262132
1481.8,38.88475923
1482,36.52549661
1482.2,34.80124306
1482.4,35.19838343
1482.6,36.1126368
1482.8,35.54449057
1483,35.9298247
1483.2,38.61368506
1483.4,40.73290643
1483.6,39.91712869
1483.8,40.24804696
1484,40.61443271
1484.2,36.52385609
1484.4,33.89639729
1484.6,36.28144757
1484.8,37.77026849
1485,38.07089751
1485.2,41.1379748
1485.4,39.29173043
1485.6,36.03937282
1485.8,37.50716738
1486,39.75781996
1486.2,36.87143865
1486.4,36.72394086
1486.6,38.525725
1486.8,40.78919052
1487,37.51514276
1487.2,31.99671477
1487.4,31.03565456
1487.6,33.62672044
1487.8,37.66400925
1488,38.82588202
1488.2,36.70216419
1488.4,33.84083251
1488.6,36.80570821
1488.8,42.80914594
1488.969259,45.71428571
1489,43.06290459
1489.2,37.88928436
1489.4,32.86039461
1489.6,32.22618515
1489.8,34.87853836
1490,39.63034798
1490.2,38.39658514
1490.4,35.61366941
1490.6,35.08134939
1490.8,38.85971363
1491,38.01696819
1491.2,38.40739171
1491.4,39.82108988
1491.6,38.15360252
1491.8,37.64174885
1492,36.61010164
1492.2,37.02684959
1492.4,37.23324208
1492.6,37.02261709
1492.8,40.01533003
1493,38.66179219
1493.2,39.15300676
1493.4,41.71976921
1493.6,39.90174492
1493.8,38.51959563
1494,36.88932457
1494.2,35.40207372
1494.4,36.08097673
1494.6,39.07021739
1494.8,43.14534048
1495,42.23620764
1495.2,35.12265613
1495.4,30.03651416
1495.6,33.45284801
1495.8,37.30600161
1496,35.97789654
1496.2,34.36091173
1496.4,38.40031492
1496.6,40.67751395
1496.8,39.88693789
1497,41.31803946
1497.2,43.33018917
1497.4,40.63302402
1497.6,39.22782804
1497.8,41.68067078
1498,38.58747818
1498.2,39.21633887
1498.4,40.18476783
1498.6,40.77646162
1498.8,40.18583419
1499,38.93309338
1499.2,37.02969932
1499.4,39.27964304
1499.6,44.24358954
1499.8,41.12860674
1500,37.4513164
1500.2,35.89168871
1500.4,35.84527244
1500.6,35.84185455
1500.8,37.83380163
1501,40.48370243
1501.2,41.68126537
1501.4,43.4926152
1501.6,43.33241976
1501.8,44.51339797
1502,42.56466217
1502.2,40.03628676
1502.4,38.84126513
1502.6,40.80339745
1502.8,39.5028489
1503,38.13278462
1503.2,41.27818598
1503.4,42.32523524
1503.6,42.3016711
1503.8,39.87728599
1504,38.58959146
1504.2,39.03074298
1504.4,37.81229999
1504.6,35.27850663
1504.8,37.48945119
1505,42.43629884
1505.2,43.20442678
1505.4,44.34010901
1505.6,43.26497421
1505.8,38.67402696
1506,38.26289456
1506.2,41.10047328
1506.4,40.9846458
1506.6,40.79342215
1506.8,40.48462608
1507,40.13777357
1507.2,39.51325612
1507.4,38.88754146
1507.6,40.76493234
1507.8,41.78879767
1508,39.9195808
1508.2,39.70685642
1508.4,40.952211
1508.6,44.55968249
1508.8,43.68341628
1509,38.42796998
1509.2,36.21932367
1509.4,41.85881456
1509.6,39.15383544
1509.8,36.08960484
1510,37.12233432
1510.2,38.64068484
1510.4,42.49914785
1510.6,46.28607585
1510.8,41.56086638
1511,31.82111698
1511.2,33.45714407
1511.4,35.93396351
1511.6,40.70557697
1511.8,42.12064067
1512,40.40119709
1512.2,38.25346771
1512.4,37.02279794
1512.6,36.39374865
1512.8,36.0033909
1513,34.66693351
1513.2,32.95519289
1513.4,35.70634557
1513.6,38.81657827
1513.8,35.91519979
1514,33.68564714
1514.2,31.21237888
1514.4,34.40045398
1514.6,39.47500646
1514.705882,43.53741497
1514.8,41.06088145
1515,39.35054054
1515.2,35.42424027
1515.4,33.07181413
1515.6,32.57379838
1515.8,35.63183023
1516,35.37932786
1516.2,34.31849269
1516.4,35.08968919
1516.6,38.93864808
1516.8,41.41264538
1517,39.75335614
1517.2,38.48534448
1517.4,41.73454874
1517.6,42.30100145
1517.8,39.60108487
1518,39.38671055
1518.2,35.26235517
1518.4,35.15854296
1518.6,34.80475185
1518.8,38.86681994
1519,40.34241435
1519.2,38.22486662
1519.4,35.68055062
1519.6,37.43149982
1519.8,38.40988684
1520,37.15288103
1520.2,35.16175977
1520.4,31.50118919
1520.6,32.51355219
1520.8,34.05825366
1521,35.06378004
1521.2,34.67491235
1521.4,37.41850642
1521.6,38.10915119
1521.8,36.57156305
1522,40.184406
1522.2,43.00412457
1522.4,43.8808391
1522.6,44.41758993
1522.8,43.7501935
1523,42.23008068
1523.2,42.6197831
1523.4,40.06256581
1523.6,39.5534105
1523.8,40.48061522
1524,42.86222166
1524.2,41.57960332
1524.4,38.73268093
1524.6,39.60658115
1524.8,38.94118814
1525,35.60234553
1525.2,37.3188551
1525.4,41.19307798
1525.6,40.67551362
1525.8,37.18676776
1526,41.46304029
1526.2,45.4505182
1526.4,44.72633355
1526.6,39.61049922
1526.8,36.34093211
1527,38.76197185
1527.2,43.1606506
1527.4,40.68856794
1527.6,33.707427
1527.681661,29.93197279
1527.8,34.05440496
1528,37.00599302
1528.2,35.40551399
1528.4,35.38856311
1528.6,38.99357399
1528.8,41.1533568
1529,38.67205107
1529.2,37.09622457
1529.4,43.25574279
1529.6,48.61759972
1529.757785,53.06122449
1529.8,48.45742825
1530,40.36217274
1530.2,33.81072325
1530.4,36.20229023
1530.6,40.54551309
1530.8,41.19508039
1531,42.90915419
1531.2,41.12200231
1531.4,38.02203551
1531.6,38.95053321
1531.8,38.14067508
1532,36.66647633
1532.2,41.65975853
1532.4,42.60905871
1532.6,39.81257618
1532.8,39.81120124
1533,41.25042798
1533.2,41.28129928
1533.4,39.1128576
1533.6,37.8536417
1533.8,39.40464077
1534,42.77603965
1534.2,37.37298706
1534.4,31.708132
1534.6,32.59735207
1534.8,35.87413486
1535,38.31343031
1535.2,40.96785699
1535.4,37.14697044
1535.6,34.78041576
1535.8,37.49091703
1536,37.16108634
1536.2,38.41174076
1536.4,37.33393572
1536.6,39.86585301
1536.8,44.25309393
1537,47.36881378
1537.2,40.89790623
1537.4,38.03365724
1537.6,37.74940256
1537.8,40.39956951
1538,38.43177792
1538.2,38.51443905
1538.4,35.47843052
1538.6,35.80156661
1538.8,38.12107304
1539,41.61027029
1539.2,44.88068881
1539.4,44.76913375
1539.6,43.68631513
1539.8,42.80092092
1540,40.31056596
1540.2,38.381111
1540.4,36.19754573
1540.6,39.28461025
1540.8,42.80222826
1541,41.21562748
1541.2,39.63344052
1541.4,41.1097066
1541.6,43.94681764
1541.8,39.72621537
1542,35.74427053
1542.2,37.03659149
1542.4,39.03960331
1542.6,40.00957746
1542.8,40.30368
1543,37.19934733
1543.079585,32.65306122
1543.2,35.7408993
1543.4,38.91914571
1543.6,39.84040411
1543.8,36.00839343
1544,35.79944463
1544.2,37.91985422
1544.4,38.93696327
1544.6,37.81866027
1544.8,37.76328348
1545,41.40669563
1545.2,45.75954434
1545.4,45.32288223
1545.6,39.11948902
1545.8,36.22653335
1546,38.55412098
1546.2,37.3672237
1546.4,33.97277798
1546.6,35.60033202
1546.8,39.01576106
1547,39.74178326
1547.2,44.1405588
1547.4,44.15742687
1547.6,43.53745165
1547.8,38.27453231
1548,33.99607655
1548.096886,31.29251701
1548.2,36.42927968
1548.4,39.37451636
1548.6,40.10287222
1548.8,40.21950783
1549,41.7485261
1549.2,41.47289994
1549.4,39.87369371
1549.6,42.31119311
1549.8,41.6670009
1550,41.87581247
1550.2,42.24959644
1550.4,39.97056156
1550.6,36.93667519
1550.8,35.26762762
1551,35.86181085
1551.2,35.56029092
1551.4,38.09840152
1551.6,40.01501188
1551.8,37.38541362
1552,34.30733315
1552.2,37.04912948
1552.4,39.68783243
1552.6,39.53023671
1552.8,37.36902666
1553,37.02195542
1553.2,33.51765578
1553.4,34.34867007
1553.6,37.96258006
1553.8,40.06096812
1554,37.29669585
1554.2,38.29323445
1554.4,42.55038618
1554.6,43.95621592
1554.8,43.5642531
1555,41.20104034
1555.2,40.17721545
1555.4,36.58592449
1555.6,33.83743283
1555.8,34.95743902
1556,37.54729719
1556.2,39.6963455
1556.4,40.33449346
1556.6,36.9997832
1556.8,35.87103069
1557,37.79589248
1557.2,39.45207535
1557.4,38.83960833
1557.6,35.84006135
1557.8,35.15132138
1558,40.10064355
1558.2,43.93395038
1558.4,44.84869943
1558.6,42.51034619
1558.8,40.43606491
1559,40.47154758
1559.2,37.4407909
1559.4,38.17490055
1559.6,39.86449428
1559.8,41.27432315
1560,41.60429348
1560.2,38.84518039
1560.4,40.57456828
1560.6,41.81931418
1560.726644,44.89795918
1560.8,40.88574365
1561,39.53205568
1561.2,41.23554517
1561.4,44.63969158
1561.6,42.66604797
1561.8,40.88213628
1562,39.9965935
1562.2,38.5445966
1562.4,42.5286135
1562.6,44.0028327
1562.8,42.81387464
1563,39.85971345
1563.2,41.19105017
1563.4,42.19000857
1563.6,39.24865326
1563.8,38.80323046
1564,40.61495064
1564.2,37.2792631
1564.4,38.52725312
1564.6,41.11231716
1564.8,40.00734755
1565,37.15580911
1565.2,37.19114909
1565.4,38.96770372
1565.6,40.38585764
1565.8,41.48881654
1566,41.84483585
1566.2,42.40955431
1566.4,40.78889648
1566.6,43.71509712
1566.8,44.69328714
1567,40.73564259
1567.2,38.15653374
1567.4,41.3167198
1567.6,40.479115
1567.8,42.55258972
1568,43.38311372
1568.2,42.46162594
1568.4,38.90270946
1568.6,34.98629725
1568.8,31.14847897
1569,36.72820924
1569.2,41.19240393
1569.4,36.24545501
1569.6,34.90932465
1569.8,38.90628252
1570,41.44255045
1570.2,42.67532217
1570.4,40.9359078
1570.6,38.72840015
1570.8,37.13861765
1571,36.44050707
1571.2,37.45267097
1571.4,35.38531897
1571.6,33.37464962
1571.8,34.83786781
1572,39.19891494
1572.2,45.10869596
1572.4,47.82630808
1572.6,45.85555287
1572.8,38.98847422
1573,37.13939856
1573.2,37.84250967
1573.4,36.80759286
1573.6,37.31353903
1573.8,41.37088537
1574,40.75094179
1574.2,39.74490683
1574.4,39.11783438
1574.6,36.80847904
1574.8,39.14789324
1575,39.36096772
1575.2,38.9052085
1575.4,39.28914168
1575.6,39.41718653
1575.8,40.87889884
1576,37.51766228
1576.2,35.26593629
1576.4,37.07280645
1576.6,40.53628496
1576.8,38.47731602
1577,40.32101713
1577.2,42.37893146
1577.4,43.59551351
1577.6,40.20455593
1577.8,38.12629984
1578,36.3970858
1578.2,36.33792251
1578.4,41.15654066
1578.6,45.23230723
1578.8,40.70088166
1579,35.78295975
1579.2,38.13850364
1579.4,39.63079112
1579.6,39.98251545
1579.8,40.20263199
1580,40.05438359
1580.2,36.27484659
1580.4,37.72943298
1580.6,41.19085524
1580.622837,44.89795918
1580.8,40.59201583
1581,40.25316246
1581.2,37.44609669
1581.4,37.37304528
1581.6,40.3459803
1581.8,41.20516089
1582,40.58503789
1582.2,38.43454855
1582.4,35.73645957
1582.6,35.72438677
1582.8,37.3677276
1583,36.69468725
1583.2,39.57530508
1583.4,42.51688934
1583.6,40.46501236
1583.8,41.8974691
1584,43.78079001
1584.2,45.15131924
1584.4,40.61462058
1584.6,36.6991211
1584.8,40.24475284
1585,42.82927081
1585.2,42.98275333
1585.4,41.52583192
1585.6,40.85632168
1585.8,41.95256178
1586,46.30398334
1586.2,46.19947064
1586.4,44.77337627
1586.6,42.05471965
1586.8,36.02823057
1587,35.24710348
1587.2,38.30611218
1587.4,39.50148578
1587.6,36.95927624
1587.8,34.83890963
1588,32.50692213
1588.2,33.93826444
1588.4,37.74030394
1588.6,36.78660282
1588.8,33.60751833
1589,36.48974694
1589.2,41.36465155
1589.4,41.83273435
1589.6,40.43551506
1589.8,38.16437227
1590,35.47177166
1590.2,37.21562666
1590.4,40.80689751
1590.6,40.75522257
1590.8,43.60728443
1591,47.34882134
1591.2,51.1833091
1591.4,49.358941
1591.6,41.73975556
1591.8,38.53012048
1592,39.12950727
1592.2,41.82857133
1592.4,39.86296889
1592.6,38.14527237
1592.8,36.80742993
1593,38.63029617
1593.2,38.00685467
1593.4,38.86353076
1593.6,36.65751697
1593.8,35.21689342
1594,33.45460339
1594.2,37.42776958
1594.4,41.02697946
1594.6,37.55143703
1594.8,37.53293257
1595,39.2448217
1595.2,40.76268551
1595.4,44.23930845
1595.6,43.08602974
1595.8,40.30788447
1596,39.83721575
1596.2,39.62953951
1596.4,41.30605744
1596.6,39.63311965
1596.8,37.86942853
1597,38.9590306
1597.2,36.86791598
1597.4,34.90916167
1597.6,35.46637861
1597.8,39.26584735
1598,41.50146852
1598.2,38.10198753
1598.4,39.80697495
1598.6,40.52578747
1598.8,39.08248515
1599,38.75617325
1599.2,38.94094573
1599.4,39.57904339
1599.6,40.48451976
1599.8,37.75963127
1600,35.63315234
1600.2,34.18514991
1600.4,35.67431651
1600.6,36.4231407
1600.8,38.62037795
1601,39.63887789
1601.2,41.64011103
1601.4,39.32664417
1601.6,38.72638455
1601.8,39.11070476
1602,42.23070963
1602.2,41.68488937
1602.4,40.20698278
1602.6,39.64677034
1602.8,41.87226511
1603,46.9625461
1603.2,45.94954629
1603.4,40.71448134
1603.6,38.37376847
1603.8,37.18416228
1604,38.713047
1604.2,41.57548388
1604.4,40.34601178
1604.6,39.40984562
1604.8,41.74959352
1605,41.16433392
1605.2,39.50797473
1605.4,41.10708078
1605.6,41.56742932
1605.8,39.70180355
1606,43.80862333
1606.2,45.31699721
1606.4,45.20112525
1606.6,42.09919828
1606.8,39.45356745
1607,38.6019138
1607.2,35.81865512
1607.4,36.92721464
1607.6,35.57642142
1607.8,38.41878774
1608,40.30379681
1608.2,38.38887977
1608.4,37.87406766
1608.6,39.45962758
1608.8,46.35147854
1609,46.53764515
1609.2,45.72075727
1609.4,42.72035728
1609.6,40.42053172
1609.8,38.96805647
1610,35.72998858
1610.2,36.23359712
1610.4,38.43671113
1610.6,42.1491695
1610.8,40.7171142
1611,39.70468166
1611.2,39.29603648
1611.4,38.18769627
1611.6,39.02031178
1611.8,42.46590325
1612,42.81927948
1612.2,40.00913581
1612.4,41.3893784
1612.6,43.4883357
1612.8,46.08731992
1613,50.82675453
1613.2,49.26282715
1613.4,43.55069962
1613.6,39.46755682
1613.8,39.34371818
1614,38.82863683
1614.2,41.96231578
1614.4,40.49365904
1614.6,39.14139429
1614.8,40.87385072
1615,41.17480425
1615.2,41.03058743
1615.4,37.88222814
1615.6,40.52184859
1615.8,45.41988351
1616,43.83418624
1616.2,38.38274784
1616.4,36.89882713
1616.6,40.16012792
1616.8,41.17711865
1617,42.08077631
1617.2,45.09402243
1617.4,43.46010362
1617.6,34.98194907
1617.8,34.693656
1618,36.69070085
1618.2,36.00963176
1618.4,35.65326188
1618.6,37.96732812
1618.8,38.58907995
1619,37.60730986
1619.2,34.57504071
1619.4,35.70699291
1619.6,41.73279776
1619.8,40.08441699
1620,37.09091129
1620.2,39.05322049
1620.4,40.7967696
1620.6,40.27181369
1620.8,37.15041845
1621,38.49567523
1621.2,41.06400178
1621.4,40.57332907
1621.6,41.30071274
1621.8,42.82221917
1622,39.88932249
1622.2,36.51560404
1622.4,37.70822689
1622.6,39.96760959
1622.8,38.64664669
1623,36.55886327
1623.2,39.39752142
1623.4,43.51339399
1623.6,41.47066582
1623.8,37.9109478
1624,34.09865581
1624.2,37.34118189
1624.4,41.57246744
1624.6,43.09951363
1624.8,41.81790335
1625,40.0375865
1625.2,37.32891806
1625.4,36.15384685
1625.6,33.94253095
1625.8,33.61298318
1626,32.49981751
1626.2,34.48566827
1626.4,37.85394259
1626.6,41.14423566
1626.8,42.23960748
1627,42.74092181
1627.2,44.04902437
1627.4,42.02539314
1627.6,39.31192747
1627.8,39.97905953
1628,37.64712268
1628.2,37.8440507
1628.4,39.95757503
1628.6,41.56906154
1628.8,41.92247254
1629,42.49703798
1629.2,41.75991472
1629.4,39.95869425
1629.6,39.68163728
1629.8,39.04521396
1630,40.13107331
1630.2,37.67900401
1630.4,34.13005517
1630.6,33.99648048
1630.8,34.60569749
1631,37.79680739
1631.2,42.34907562
1631.4,44.48623394
1631.6,44.07363294
1631.8,40.51407688
1632,40.23895019
1632.2,44.9210119
1632.4,47.82297896
1632.6,44.89708671
1632.8,40.59247234
1633,39.08807321
1633.2,39.68493278
1633.4,41.3176662
1633.6,42.1919969
1633.8,39.66839573
1634,36.99455325
1634.2,38.84862198
1634.4,37.51156282
1634.6,38.31489067
1634.8,41.8630324
1635,42.30847972
1635.2,41.03715569
1635.4,38.50046622
1635.6,39.08967509
1635.8,39.97682212
1636,36.26026057
1636.2,35.96191329
1636.4,36.60718717
1636.6,39.69674099
1636.8,40.97714805
1637,39.01785152
1637.2,38.16475587
1637.4,37.13243614
1637.6,34.70084428
1637.8,32.47133113
1638,36.25201626
1638.2,44.64718454
1638.4,48.70698776
1638.6,47.33066257
1638.8,44.100085
1639,44.41780019
1639.2,43.02439214
1639.4,40.44274216
1639.6,39.50475283
1639.8,38.69523214
1640,38.32489576
1640.2,34.12370811
1640.4,33.44916858
1640.6,33.78269047
1640.8,37.20354874
1641,40.85315012
1641.2,40.91108953
1641.4,37.69970405
1641.6,35.23592853
1641.8,39.28104061
1642,42.54951198
1642.2,41.28294299
1642.4,39.41517808
1642.6,36.23402911
1642.8,36.47646285
1643,39.73175618
1643.2,40.93343721
1643.4,41.20727243
1643.6,40.46979408
1643.8,40.38438504
1644,38.32297755
1644.2,39.09829189
1644.4,38.98497098
1644.6,35.9438274
1644.8,36.5568487
1645,38.16419758
1645.2,38.92347083
1645.4,37.4776756
1645.6,39.37805361
1645.8,43.20159332
1646,42.77627422
1646.2,39.93868069
1646.4,39.70018007
1646.6,39.70504343
1646.8,38.91439392
1647,38.71786263
1647.2,37.03330391
1647.4,38.95001403
1647.6,40.07042315
1647.8,36.66052175
1648,36.05183437
1648.2,40.98340731
1648.4,44.17806641
1648.6,39.56560209
1648.8,37.82112083
1649,36.94535915
1649.2,34.00928622
1649.4,33.84432318
1649.6,35.42533999
1649.8,36.03806158
1650,35.10169157
1650.2,38.71704156
1650.4,41.01548612
1650.6,39.00226911
1650.8,40.1827805
1651,39.80254133
1651.2,35.50566146
1651.4,32.7978222
1651.6,42.69887591
1651.8,45.35702556
1652,42.66934966
1652.2,39.35811864
1652.4,36.88916086
1652.6,33.46290882
1652.8,36.27722721
1653,40.98409312
1653.2,44.3632573
1653.4,40.84004686
1653.6,38.92409996
1653.8,41.85363678
1654,46.9132204
1654.2,42.36410962
1654.4,37.03924513
1654.6,41.27619088
1654.8,41.75860586
1655,38.98576616
1655.2,36.09084771
1655.4,39.26995731
1655.6,41.51420491
1655.8,38.59949372
1656,37.81719563
1656.2,37.81201755
1656.4,37.50992021
1656.6,38.06747361
1656.8,39.06354512
1657,38.0758161
1657.2,39.67446227
1657.4,36.67471435
1657.6,35.35007058
1657.8,38.86703504
1658,40.86438196
1658.2,37.91017499
1658.4,36.47514137
1658.6,39.43668222
1658.8,39.23174668
1659,35.40303289
1659.2,36.60734426
1659.4,38.41787531
1659.6,38.74173604
1659.8,36.63352432
1660,38.37237331
1660.2,37.5404626
1660.4,35.92750589
1660.6,35.02178525
1660.8,34.679307
1661,42.82459244
1661.2,44.39427752
1661.4,40.88450187
1661.6,36.44543584
1661.8,36.16301318
1662,35.14584131
1662.2,37.34786063
1662.4,42.72930427
1662.6,44.79646615
1662.8,40.4458977
1663,37.78100678
1663.2,38.39863428
1663.4,38.50258595
1663.6,40.13088164
1663.8,41.17654447
1664,39.99374063
1664.2,40.69281043
1664.4,39.0964768
1664.6,35.48735508
1664.8,37.45854132
1665,39.28661399
1665.2,38.12421877
1665.4,37.82341667
1665.6,37.83229283
1665.8,37.52274217
1666,39.16963334
1666.2,38.31758359
1666.4,37.51679326
1666.6,39.25864859
1666.8,41.24584521
1667,38.40829609
1667.2,39.77016134
1667.4,36.21281105
1667.6,34.04041247
1667.8,34.24134088
1668,38.14546929
1668.2,41.69750562
1668.4,43.62284833
1668.6,40.42529157
1668.8,37.59568787
1669,38.41509784
1669.2,41.1054518
1669.4,42.83349017
1669.6,42.81818983
1669.8,40.8680748
1670,38.77464024
1670.2,38.27580501
1670.4,38.52010557
1670.6,38.99462535
1670.8,36.57737523
1671,36.35312583
1671.2,41.62020277
1671.4,44.38452829
1671.6,38.87192238
1671.8,34.44850528
1672,30.52807045
1672.2,29.22864639
1672.4,33.25563271
1672.6,36.90914729
1672.8,40.90420145
1673,40.026515
1673.2,41.25996205
1673.4,44.34368845
1673.6,45.58630615
1673.8,40.1607649
1674,35.84134324
1674.2,36.7282921
1674.4,40.25316028
1674.6,43.32459791
1674.8,47.3892702
1675,46.08112586
1675.2,43.92395604
1675.4,40.75391575
1675.6,37.63294658
1675.8,36.23164058
1676,39.96864714
1676.2,41.60485049
1676.4,40.36244023
1676.6,34.52199791
1676.8,30.9842419
1677,33.70399334
1677.2,42.06980014
1677.4,41.88166421
1677.6,40.12378123
1677.8,36.85719763
1678,38.94668094
1678.2,43.24492521
1678.4,43.36909465
1678.6,43.57816896
1678.8,38.87734091
1679,36.57840681
1679.2,38.43170669
1679.4,41.95691517
1679.6,40.48751321
1679.8,40.16891207
1680,38.99347215
1680.2,35.8713634
1680.4,39.79146379
1680.6,43.65871371
1680.8,41.97002094
1681,40.02447124
1681.2,42.49701702
1681.4,42.4030057
1681.6,39.6560231
1681.8,36.74781678
1682,36.56167266
1682.2,36.15247914
1682.4,38.57276181
1682.6,39.72916796
1682.8,39.0462465
1683,39.82960914
1683.2,43.83044538
1683.4,44.87747513
1683.6,46.78152328
1683.8,46.61024336
1684,46.30475728
1684.2,45.0323544
1684.310345,53.06122449
1684.4,48.15275391
1684.6,41.10550148
1684.8,32.72755625
1685,30.2726846
1685.2,33.04171957
1685.4,38.76219364
1685.6,46.09861739
1685.8,47.77383921
1686,42.71174254
1686.2,37.39979253
1686.4,33.66152965
1686.6,34.65142125
1686.8,39.27013266
1687,43.62789114
1687.2,44.20386692
1687.4,44.62302283
1687.6,44.13470662
1687.8,43.50439456
1688,41.44556773
1688.2,36.98410258
1688.4,34.64778675
1688.6,38.22845068
1688.8,40.01072444
1689,39.55728486
1689.2,39.64549263
1689.4,39.08539052
1689.6,40.33492737
1689.8,44.67052541
1690,49.78889547
1690.2,50.66562398
1690.4,46.04553731
1690.6,44.42545993
1690.8,42.27179823
1691,37.56798939
1691.2,31.06296304
1691.4,34.68697097
1691.6,38.37302722
1691.8,36.92654995
1692,37.49321664
1692.2,41.50483587
1692.4,40.35047923
1692.6,39.70454593
1692.8,40.95788291
1693,42.57274096
1693.2,40.95968971
1693.4,39.38195508
1693.6,41.70786438
1693.8,44.72493062
1694,44.11757669
1694.2,39.89985269
1694.4,37.04105131
1694.6,40.12206048
1694.8,38.39011899
1695,39.85628956
1695.2,38.3065015
1695.4,36.27107261
1695.6,33.9498723
1695.8,36.1570436
1696,33.72662025
1696.2,34.50819909
1696.4,34.90206384
1696.6,37.78116695
1696.8,42.33040658
1697,41.30204656
1697.2,36.89151232
1697.4,39.58399463
1697.6,40.00849409
1697.8,40.30604834
1698,36.80290541
1698.2,34.61932672
1698.4,36.04252316
1698.6,39.11859687
1698.8,40.27696849
1699,38.76319387
1699.2,39.44665082
1699.4,40.32987962
1699.6,34.66046995
1699.8,37.18300412
1700,40.85762029
1700.2,39.29207699
1700.4,39.33451022
1700.6,40.88846801
1700.8,40.5135226
1701,42.35991477
1701.2,40.06790755
1701.4,37.65818073
1701.6,39.26262742
1701.8,40.44026833
1702,40.17881547
1702.2,41.47330192
1702.4,44.69921137
1702.6,43.82887427
1702.8,41.07917825
1703,38.67081601
1703.2,42.13837426
1703.4,44.076582
1703.6,42.73891464
1703.8,37.94273291
1704,35.83212791
1704.2,33.35176422
1704.4,36.94369
1704.6,39.91908252
1704.639175,43.24324324
1704.8,39.49010764
1705,36.77631583
1705.2,37.06869976
1705.4,41.86595088
1705.6,39.24199954
1705.8,35.77786856
1706,38.723712
1706.2,44.78578363
1706.4,43.25490453
1706.6,39.38625762
1706.8,37.73367803
1707,39.81530998
1707.2,41.91507832
1707.4,42.71791011
1707.6,42.74655574
1707.8,41.37939142
1708,40.88189721
1708.2,38.14457227
1708.4,35.73108139
1708.419244,32.43243243
1708.6,35.73125816
1708.8,35.22437046
1709,35.46732581
1709.2,34.61649695
1709.4,38.05617666
1709.6,44.05816702
1709.8,48.09839291
1710,47.93756311
1710.2,43.75373264
1710.4,44.51822444
1710.6,43.69086642
1710.8,39.5444121
1711,37.33694776
1711.2,36.12332327
1711.4,37.87440754
1711.6,40.88312372
1711.8,42.05454101
1712,39.86532941
1712.2,37.46083328
1712.4,38.3788704
1712.6,37.44241355
1712.8,38.83887674
1713,43.44687261
1713.2,45.82753231
1713.4,42.67489439
1713.6,44.11110387
1713.8,46.78107757
1714,43.84332181
1714.2,41.72661076
1714.4,40.86490823
1714.6,42.12211186
1714.8,41.92899254
1715,37.30066778
1715.2,36.89563129
1715.4,36.94196347
1715.6,40.87769838
1715.8,41.48360975
1716,40.47127136
1716.2,40.31385587
1716.4,40.46404568
1716.6,37.17476289
1716.8,36.70556318
1717,38.509717
1717.2,42.7772316
1717.4,48.35347749
1717.6,48.43506704
1717.8,43.44284643
1718,42.6097115
1718.2,47.28986991
1718.4,48.35078666
1718.6,45.29930344
1718.8,41.12478057
1719,38.95922751
1719.2,37.79938269
1719.4,40.38913698
1719.6,38.92677034
1719.8,38.63090809
1719.931271,35.13513514
1720,39.72166265
1720.2,41.78351922
1720.4,42.02128905
1720.6,37.09878102
1720.8,35.67734537
1721,39.08311854
1721.2,42.96907743
1721.4,43.18697333
1721.6,40.9013482
1721.8,43.24771478
1722,45.62767367
1722.2,43.51030054
1722.4,39.61947031
1722.6,35.26220444
1722.8,37.91559448
1723,41.79879715
1723.2,39.82870592
1723.4,37.0872325
1723.6,38.21504937
1723.8,37.64642997
1724,36.51181041
1724.2,36.64363448
1724.4,39.60326987
1724.6,41.23721538
1724.8,39.80056567
1725,37.06138094
1725.2,35.81366468
1725.4,37.360408
1725.6,37.47735081
1725.8,38.28962516
1726,39.51114179
1726.2,39.72967605
1726.4,40.27366331
1726.6,35.44712746
1726.8,34.68518933
1727,38.5478194
1727.2,42.06673887
1727.4,43.13573251
1727.6,43.36232776
1727.8,44.79786719
1728,45.80942463
1728.2,41.93586397
1728.4,40.88725353
1728.6,43.84851399
1728.8,41.99873657
1729,38.54634513
1729.2,34.28730388
1729.4,32.38093204
1729.6,33.27166579
1729.8,36.50811085
1730,40.45373823
1730.2,42.05590056
1730.4,39.4048883
1730.6,38.42701924
1730.8,39.23579905
1731,39.09565798
1731.2,37.17028304
1731.4,39.7881475
1731.6,43.13403742
1731.8,41.4908413
1732,41.44199409
1732.2,38.9998378
1732.4,35.7872099
1732.6,37.97911557
1732.8,42.75506144
1733,42.74641024
1733.2,42.16104872
1733.4,40.28052696
1733.6,39.22322967
1733.8,41.55623156
1734,41.99019676
1734.2,46.69455938
1734.4,48.50982419
1734.6,42.76109214
1734.8,39.93313733
1735,39.39067444
1735.2,41.60151375
1735.4,43.94401409
1735.6,43.39772629
1735.8,42.56976145
1736,43.9437402
1736.2,42.67964913
1736.4,40.8583458
1736.6,39.87310529
1736.8,41.15121905
1737,43.45465443
1737.2,41.45703635
1737.4,37.83243036
1737.6,38.46998077
1737.8,42.09828584
1738,44.93391793
1738.2,40.55050665
1738.4,36.75856691
1738.6,39.25691306
1738.8,47.55011356
1739,48.05263083
1739.2,43.45661567
1739.4,39.2337396
1739.6,41.68213898
1739.8,41.17578025
1740,39.46277204
1740.2,38.40984395
1740.4,35.73735572
1740.6,33.67828312
1740.8,33.97042417
1741,34.89702771
1741.2,37.79371416
1741.4,41.7729709
1741.6,42.27042767
1741.8,40.21738066
1742,42.20258023
1742.2,43.58220138
1742.4,38.63540772
1742.6,38.73806453
1742.8,41.35502214
1743,40.59799722
1743.2,34.51608435
1743.4,32.81063339
1743.6,35.08796937
1743.8,35.18429897
1744,35.46707465
1744.2,40.3197099
1744.4,47.14630599
1744.6,44.11631956
1744.8,40.44704721
1745,37.6293009
1745.2,35.82144185
1745.360825,31.08108108
1745.4,34.14989347
1745.6,38.17621189
1745.8,45.65945695
1746,46.47298907
1746.2,45.70099156
1746.4,43.63470074
1746.6,43.91365733
1746.8,45.87316721
1747,47.05405251
1747.2,45.31822251
1747.4,45.25393627
1747.6,40.60608355
1747.8,38.50432535
1748,39.55345289
1748.2,43.24137009
1748.4,44.42940142
1748.6,43.46261653
1748.8,40.62974713
1749,38.74911751
1749.2,37.67875756
1749.4,37.74542411
1749.6,37.96393439
1749.8,39.91930378
1750,41.2282205
1750.2,44.85199356
1750.4,44.65692605
1750.6,45.86200019
1750.8,46.96128848
1751,45.85539689
1751.2,46.97662586
1751.4,44.19298699
1751.6,43.84439594
1751.8,42.66362484
1752,41.82079702
1752.2,39.61295633
1752.4,38.45993446
1752.6,36.94411104
1752.8,40.00053085
1753,44.36259195
1753.2,45.66437318
1753.4,45.16974684
1753.6,43.25995654
1753.8,42.02797364
1754,39.89685256
1754.2,42.92883553
1754.4,42.62845091
1754.6,39.00711283
1754.8,41.48149861
1755,40.50394743
1755.2,42.10045699
1755.4,41.55931282
1755.6,38.95415513
1755.8,38.69451929
1756,41.52242675
1756.2,40.57119595
1756.4,40.95256036
1756.6,39.15033366
1756.8,40.75433984
1757,40.64431285
1757.2,40.77930801
1757.4,39.12266297
1757.6,39.62730165
1757.8,43.27194456
1758,41.38932736
1758.2,39.11156725
1758.4,38.24825234
1758.6,39.60683621
1758.8,45.38439328
1759,49.01444299
1759.2,43.61864125
1759.4,42.05372895
1759.6,43.61448252
1759.8,40.25366341
1760,40.16967888
1760.2,43.08962388
1760.4,44.45890876
1760.6,39.64263361
1760.8,35.43242523
1761,38.89941285
1761.2,40.89524773
1761.4,38.68573932
1761.6,38.93179888
1761.8,43.01242062
1762,43.95681669
1762.2,40.00281681
1762.4,42.25132822
1762.6,40.27139835
1762.8,37.69388728
1763,37.70560364
1763.2,39.45606775
1763.4,41.9484978
1763.6,39.71167767
1763.8,36.82469223
1764,37.90967681
1764.2,41.30833342
1764.4,40.22699989
1764.6,39.73500515
1764.8,40.56113061
1765,38.0464486
1765.2,39.25849451
1765.4,40.90473859
1765.6,40.83856422
1765.8,41.56564897
1766,42.12656542
1766.2,43.86871098
1766.323024,50
1766.4,45.96363881
1766.6,43.66607394
1766.8,39.05085771
1767,42.42929273
1767.2,40.54444256
1767.4,39.02970954
1767.6,39.48831472
1767.8,38.33717266
1768,39.42578003
1768.2,39.51071196
1768.4,40.15226803
1768.6,40.23501756
1768.8,38.5081654
1769,37.43086492
1769.2,36.43475288
1769.4,36.8262999
1769.6,40.34391006
1769.8,42.80047373
1770,45.28918468
1770.2,46.81022236
1770.4,44.46117928
1770.6,41.78044731
1770.8,37.82966392
1771,35.60405428
1771.2,37.210525
1771.4,43.86900566
1771.6,44.75285421
1771.8,44.10955145
1772,41.77668338
1772.2,43.20926515
1772.4,45.98287214
1772.6,42.81924842
1772.8,35.81590351
1773,33.47673581
1773.2,36.96687957
1773.4,40.37372504
1773.6,36.19882102
1773.8,35.36877939
1774,41.21478017
1774.2,43.35723505
1774.4,41.74936872
1774.6,41.62462605
1774.8,45.67463883
1775,45.47968934
1775.2,38.35749754
1775.4,40.00847116
1775.6,44.87196664
1775.8,46.41873296
1776,45.10648398
1776.2,43.85689492
1776.4,44.4782068
1776.6,46.25276966
1776.8,44.22783986
1777,45.70026225
1777.2,46.95018128
1777.4,56.34424356
1777.6,67.17383729
1777.66323,74.32432432
1777.8,66.15981375
1778,48.24582046
1778.2,38.08792514
1778.4,37.74841024
1778.6,38.37095382
1778.8,39.94662583
1779,43.10861786
1779.2,43.89911525
1779.4,42.437777
1779.6,42.87742328
1779.8,45.22893265
1780,48.36407521
1780.2,42.81294806
1780.4,36.16221544
1780.6,36.50129457
1780.8,36.27262162
1781,35.93381801
1781.2,36.47086862
1781.4,39.07158473
1781.6,45.62707195
1781.8,45.21738782
1782,44.4209067
1782.2,42.71138655
1782.4,41.19500845
1782.6,41.40701738
1782.8,42.10531603
1783,43.30521703
1783.2,44.27621098
1783.4,43.24157121
1783.6,46.24311479
1783.8,49.02377805
1784,45.41178819
1784.2,41.87883668
1784.4,42.20851541
1784.6,44.42888156
1784.8,50.31531259
1785,54.26256649
1785.2,52.47747803
1785.4,47.80310413
1785.6,47.79411487
1785.8,48.05043589
1786,44.76941849
1786.2,40.63469562
1786.4,43.09889008
1786.6,43.40113896
1786.8,41.25791081
1787,39.06199548
1787.2,37.70850838
1787.4,38.65538206
1787.6,43.50261677
1787.8,44.58666858
1788,42.83070568
1788.2,42.73394965
1788.4,41.73476985
1788.6,38.90173746
1788.8,39.70162789
1789,40.0117188
1789.2,44.2843538
1789.4,45.53971948
1789.6,44.51225453
1789.8,41.44454605
1790,40.9644198
1790.2,41.56291962
1790.4,42.76238936
1790.6,41.44455709
1790.8,38.48621206
1791,41.58495237
1791.2,45.74430614
1791.4,43.75175735
1791.6,43.47472279
1791.8,42.74352488
1792,40.55198218
1792.2,40.43398092
1792.4,40.23851918
1792.6,41.13264232
1792.8,42.72455661
1793,44.25201629
1793.2,46.32538714
1793.4,48.93901208
1793.6,46.97967183
1793.8,42.43661319
1794,44.29232537
1794.2,50.9955514
1794.4,55.2962162
1794.6,56.8955852
1794.8,53.50725424
1795,47.46166261
1795.189003,39.18918919
1795.2,42.81377574
1795.4,48.84409306
1795.6,50.01401837
1795.8,48.49076417
1796,46.10468355
1796.2,43.09358013
1796.4,44.42347848
1796.6,48.30610517
1796.8,48.70960559
1797,45.83032814
1797.2,44.79283547
1797.4,46.74069872
1797.6,44.51130803
1797.8,37.86022699
1798,36.97227862
1798.2,41.70507016
1798.4,45.7399352
1798.6,42.78587293
1798.8,38.58895403
1799,38.46620464
1799.2,41.15388786
1799.4,42.30847649
1799.6,42.7034528
1799.8,41.59226309
1800,38.46318493
1800.2,41.51654465
1800.4,44.42900365
1800.6,44.06048341
1800.8,40.520926
1801,39.61252796
1801.2,41.64317395
1801.4,40.73364898
1801.6,35.70452822
1801.8,38.41380597
1802,41.24636352
1802.2,39.94294778
1802.4,38.3669804
1802.6,34.71427534
1802.8,36.61222009
1803,40.40114531
1803.2,40.90795776
1803.4,39.43174581
1803.6,40.84283355
1803.8,38.92699907
1804,38.23225636
1804.2,39.64957108
1804.4,40.45813211
1804.6,39.03400909
1804.8,44.32505051
1805,46.9261993
1805.2,43.98123206
1805.4,37.83417868
1805.6,38.51808508
1805.8,39.45139308
1806,41.30580513
1806.2,42.27231126
1806.4,42.93750813
1806.6,42.8476931
1806.8,42.50749197
1807,40.78151251
1807.2,39.57882211
1807.4,41.1615592
1807.6,43.34488335
1807.8,43.76573022
1808,48.06337314
1808.2,47.17140797
1808.4,42.5522841
1808.6,41.82556807
1808.8,39.04626935
1809,35.31467617
1809.2,37.62044001
1809.4,42.1714105
1809.565217,45.20547945
1809.6,41.4851082
1809.8,38.90272487
1810,38.13381955
1810.2,38.45663318
1810.4,38.7599742
1810.6,42.15752503
1810.8,42.83505643
1811,41.56810575
1811.2,40.66977014
1811.4,43.49769012
1811.6,43.63428446
1811.8,39.04584325
1812,36.68511054
1812.2,38.60434973
1812.4,41.52237311
1812.6,39.09312604
1812.8,39.17423574
1813,38.46019484
1813.2,36.79684036
1813.4,36.3661026
1813.6,37.8697881
1813.8,41.93389394
1814,44.17747766
1814.2,40.89322363
1814.4,42.21888013
1814.6,42.01193988
1814.8,41.42951184
1815,37.57850351
1815.2,36.62685689
1815.4,37.44291936
1815.6,39.88231443
1815.8,42.83383268
1816,41.55602599
1816.2,39.05982398
1816.4,37.81715362
1816.6,39.14047878
1816.8,41.24549611
1817,43.2226852
1817.2,43.4820612
1817.4,42.46406732
1817.6,42.95303863
1817.8,45.03229735
1818,44.80101119
1818.2,44.75527074
1818.4,43.89594326
1818.6,41.35505673
1818.8,38.32715331
1819,40.19448781
1819.2,40.06981591
1819.4,40.32693451
1819.6,43.90250198
1819.8,44.45391168
1820,41.79563229
1820.2,38.69391733
1820.4,38.39806731
1820.6,38.73549904
1820.8,38.79402679
1821,36.88790342
1821.2,35.64887187
1821.4,38.46510792
1821.6,40.63822326
1821.8,40.96247883
1822,42.85161126
1822.2,41.34685073
1822.4,38.13733339
1822.6,42.05618208
1822.8,40.84887136
1823,38.56824112
1823.2,39.21655309
1823.4,40.64733343
1823.6,42.67290632
1823.8,43.46398715
1824,43.25441335
1824.2,44.37619456
1824.4,43.67014034
1824.6,43.42311231
1824.8,44.52779879
1825,42.21692352
1825.2,39.14534573
1825.4,37.7967358
1825.6,40.72929349
1825.8,41.28666602
1826,40.75604382
1826.086957,38.35616438
1826.2,41.83146325
1826.26087,45.20547945
1826.4,42.57661017
1826.6,40.6462937
1826.8,40.22837998
1827,41.93950516
1827.2,40.85694087
1827.4,43.32785413
1827.6,43.18468547
1827.8,41.92797137
1828,43.07852707
1828.2,40.16869218
1828.4,36.5327879
1828.6,37.32476821
1828.8,39.46839474
1829,40.19715236
1829.2,37.80095652
1829.4,39.9656539
1829.6,45.10824363
1829.8,43.06779127
1830,39.1907926
1830.2,42.48093028
1830.4,44.74604831
1830.6,42.62247403
1830.8,42.7644074
1831,42.28338819
1831.2,44.44131131
1831.4,43.92905993
1831.6,40.05714011
1831.8,38.8235236
1832,40.01797296
1832.2,39.80322223
1832.4,36.96809472
1832.6,39.21885241
1832.8,37.4699334
1833,34.64960542
1833.2,36.44700078
1833.4,39.63651037
1833.6,42.95894538
1833.8,43.24020101
1834,39.03949539
1834.2,38.66882402
1834.4,39.40139131
1834.6,41.95350462
1834.8,44.29722022
1835,44.53915642
1835.2,41.78779545
1835.4,45.20263333
1835.6,44.03865746
1835.8,43.29565693
1836,43.54392472
1836.2,40.75855529
1836.4,37.48340954
1836.6,38.70507274
1836.8,41.62049513
1837,43.14473138
1837.2,44.08768381
1837.4,44.3862503
1837.6,42.63388288
1837.8,42.54770668
1838,43.19539724
1838.2,45.82212799
1838.4,43.98376461
1838.6,42.69988481
1838.8,42.71169408
1839,40.89214404
1839.2,43.68749705
1839.4,45.67614082
1839.6,44.27945609
1839.8,43.0832551
1840,40.29699887
1840.2,41.53727515
1840.4,40.51592686
1840.6,38.68267028
1840.8,39.6722345
1841,37.20698913
1841.2,36.62349475
1841.4,37.46066803
1841.6,37.47938018
1841.8,37.88136988
1842,39.38668801
1842.2,41.81004201
1842.4,42.84151879
1842.6,39.75523517
1842.8,37.53995863
1843,37.65959972
1843.2,37.49380869
1843.4,36.64889902
1843.6,39.14600737
1843.8,39.44847321
1844,38.56796103
1844.2,41.61979538
1844.4,44.16179673
1844.6,42.21642236
1844.8,39.85547063
1845,42.00415818
1845.2,44.82042884
1845.4,43.63689096
1845.6,40.22066432
1845.8,38.54486683
1846,37.87026207
1846.2,38.64361403
1846.4,38.85782491
1846.6,39.37031737
1846.8,39.05769557
1847,39.08822879
1847.2,39.10357663
1847.4,39.69978663
1847.6,43.31793757
1847.8,44.09156403
1848,43.81058447
1848.2,40.9353805
1848.4,41.6088986
1848.6,42.33309582
1848.8,42.0862674
1849,40.60858008
1849.2,39.65268909
1849.4,39.02021911
1849.6,37.86552865
1849.8,38.45933274
1850,39.35752008
1850.2,37.79051332
1850.4,42.32309713
1850.6,45.07190594
1850.8,41.08192309
1851,35.72173008
1851.2,33.32029005
1851.4,38.10666467
1851.6,41.68927273
1851.8,44.13572266
1852,46.92310665
1852.2,43.26133743
1852.4,44.10925691
1852.6,45.21100485
1852.8,43.15783324
1853,42.10668439
1853.2,41.28449441
1853.4,38.05919607
1853.6,40.65662151
1853.8,40.81413259
1854,39.94353476
1854.2,39.04531432
1854.4,39.74396341
1854.6,40.68111589
1854.8,40.38892328
1855,41.43935828
1855.2,42.31780147
1855.4,43.44292881
1855.6,44.82562811
1855.8,43.29592077
1856,41.77916046
1856.2,40.84299383
1856.4,42.13904572
1856.6,44.12721791
1856.8,40.34279338
1857,39.8418741
1857.2,37.56521128
1857.4,38.92419886
1857.6,42.69757153
1857.8,42.86690021
1858,39.56587861
1858.2,35.98095262
1858.4,34.3188647
1858.6,37.93980203
1858.8,43.51372302
1859,43.14434754
1859.2,40.78056287
1859.4,39.11503625
1859.6,39.50982574
1859.8,41.01233262
1860,39.90848675
1860.2,38.05943591
1860.4,38.10993413
1860.6,41.76253918
1860.8,42.27069147
1861,37.76375184
1861.2,36.16359296
1861.4,39.74481122
1861.6,40.88212147
1861.8,38.64770053
1862,38.0533397
1862.2,39.25735045
1862.4,41.18996502
1862.6,42.67355279
1862.8,40.45549865
1863,39.23458885
1863.2,38.79931455
1863.4,38.94200316
1863.6,38.77637746
1863.8,39.18671597
1864,35.96173595
1864.2,36.6677935
1864.4,37.59883625
1864.6,40.43336408
1864.8,43.44207979
1865,38.54850544
1865.2,39.1868088
1865.4,42.25358931
1865.6,42.51953397
1865.8,42.79645942
1866,43.45949966
1866.2,45.87882882
1866.4,52.37023606
1866.6,57.26126199
1866.8,62.2542786
1866.956522,65.75342466
1867,60.52132175
1867.2,57.95072652
1867.4,58.08314492
1867.6,59.92822409
1867.8,57.1191681
1868,53.42465753
1868,58.67350908
1868.2,61.43376241
1868.4,66.5229579
1868.6,69.67570226
1868.8,66.63586915
1869,63.47365243
1869.2,62.10996844
1869.4,64.47660205
1869.6,65.57087267
1869.8,64.18814891
1870,67.59053681
1870.2,70.71707811
1870.4,71.63770126
1870.6,73.23131049
1870.8,73.58780095
1871,68.3836697
1871.2,63.84817886
1871.4,68.16663022
1871.6,72.07236713
1871.8,68.71773719
1872,62.81445145
1872.2,61.6166866
1872.4,61.33969852
1872.6,61.69972567
1872.8,63.10016208
1873,64.05291794
1873.2,64.67400113
1873.4,66.35017807
1873.6,61.74275135
1873.8,57.77696583
1874,61.24807314
1874.2,65.14580515
1874.4,64.72438654
1874.6,64.88045917
1874.8,64.02380656
1875,61.08958354
1875.2,57.77885729
1875.4,60.90184789
1875.6,66.15175739
1875.8,65.23544729
1876,63.73470612
1876.2,64.44119277
1876.4,63.80885587
1876.6,60.03826899
1876.8,55.72210799
1877,53.99391401
1877.2,57.94257953
1877.4,61.27913961
1877.6,62.25057914
1877.8,60.73441534
1878,59.61248199
1878.2,59.69993634
1878.4,59.71853955
1878.6,60.40185195
1878.8,57.07164746
1879,60.25535511
1879.2,64.03418206
1879.4,61.30392059
1879.6,60.18169014
1879.8,63.82315347
1880,64.03023462
1880.2,64.12820382
1880.4,65.22354265
1880.6,68.14967278
1880.8,66.03893778
1881,60.79352173
1881.2,59.92189007
1881.4,59.97540853
1881.6,59.26223602
1881.8,57.77795055
1882,56.87888218
1882.2,55.55816796
1882.4,52.82353842
1882.6,50.61942845
1882.8,51.96806387
1883,53.4883492
1883.2,53.46883311
1883.4,53.03279225
1883.6,51.97940284
1883.8,52.11534084
1884,53.77073482
1884.2,54.42787379
1884.4,54.10464679
1884.6,52.96811245
1884.8,51.59672631
1885,53.94157665
1885.2,56.95006716
1885.4,57.84314967
1885.6,57.74399248
1885.8,55.21947352
1886,53.12046244
1886.2,53.21117743
1886.4,53.95161809
1886.6,55.55113661
1886.8,56.93671812
1887,55.22196949
1887.2,52.47200067
1887.4,51.00806233
1887.6,51.7596067
1887.8,54.4777699
1888,57.29017053
1888.2,56.72423517
1888.4,59.09560095
1888.6,62.39488436
1888.8,62.00058005
1889,63.10918605
1889.2,61.3085434
1889.4,59.8012867
1889.6,56.95827647
1889.8,58.74189671
1890,63.64480388
1890.2,70.67750016
1890.4,68.3480271
1890.6,59.88514604
1890.8,51.68044633
1891,51.25639936
1891.2,52.50861321
1891.4,54.9055242
1891.6,59.28424271
1891.8,59.92600081
1892,57.18753011
1892.2,56.72808695
1892.4,54.72911802
1892.6,52.13323919
1892.8,50.74819596
1893,55.52176429
1893.2,59.87737901
1893.4,62.67360629
1893.6,60.82563388
1893.8,59.67518607
1894,58.06806875
1894.2,53.46351282
1894.4,50.06078041
1894.6,51.49566512
1894.8,51.31264274
1895,51.65712707
1895.2,52.82614199
1895.4,54.01191737
1895.6,56.62124697
1895.8,59.77910153
1896,60.90853918
1896.2,57.55022941
1896.4,54.88328399
1896.6,52.83666326
1896.8,53.57876906
1897,56.11469888
1897.2,55.86449452
1897.4,53.91224634
1897.6,51.95926729
1897.8,51.61223355
1898,55.70815911
1898.2,59.00271543
1898.4,56.55220938
1898.6,52.80601978
1898.8,49.70954066
1899,50.03637852
1899.2,48.54585024
1899.4,48.55109815
1899.6,47.62738553
1899.8,46.31217119
1900,45.89822981
1900.2,48.48277829
1900.4,51.90084389
1900.6,50.86842199
1900.8,46.69912067
1901,45.91803798
1901.2,47.81933704
1901.4,49.16364574
1901.6,48.59523895
1901.8,46.44655182
1902,44.5342531
1902.2,46.20616501
1902.4,49.5049881
1902.6,46.88361635
1902.8,45.11192333
1903,48.83723103
1903.2,50.76304519
1903.4,48.11274536
1903.6,47.89576314
1903.8,46.8608415
1904,45.76617602
1904.2,48.68025433
1904.4,49.64389472
1904.6,46.82941191
1904.8,46.03977467
1905,46.88098873
1905.2,47.51269886
1905.4,46.78663515
1905.6,44.9521229
1905.8,46.32672204
1906,49.03514036
1906.2,50.2109839
1906.4,48.21645315
1906.6,45.47930438
1906.8,48.88620783
1907,51.18982404
1907.2,48.15118768
1907.4,45.91946537
1907.6,45.26179865
1907.8,46.75512534
1908,49.00780283
1908.2,47.8237892
1908.4,47.10041838
1908.6,50.80520499
1908.8,51.51872409
1909,45.67784185
1909.2,42.4630691
1909.4,45.07741565
1909.6,50.0961345
1909.8,50.37106176
1910,45.7422411
1910.2,43.13145253
1910.4,45.30554364
1910.6,46.606328
1910.8,45.72535474
1911,44.43412277
1911.2,43.84764994
1911.4,45.44491969
1911.6,46.19126259
1911.8,46.12844031
1912,48.87051323
1912.2,49.06061367
1912.4,48.88769464
1912.6,51.1369614
1912.8,48.9828266
1913,44.68922057
1913.2,43.5672155
1913.4,47.81197117
1913.6,50.74065507
1913.8,49.92372823
1914,48.17865915
1914.2,47.02686854
1914.4,46.14178104
1914.6,47.81068266
1914.8,48.57460162
1915,49.70621039
1915.2,50.66489102
1915.4,48.86275371
1915.6,51.43815472
1915.8,52.9466447
1916,49.5981513
1916.2,47.04911138
1916.4,47.44629135
1916.6,47.71374362
1916.8,48.43369898
1917,49.31952784
1917.2,51.46586468
1917.4,53.31322629
1917.6,53.07815988
1917.8,56.54491439
1918,60.26260139
1918.2,54.02523822
1918.4,46.9046727
1918.6,44.38535673
1918.8,43.63309591
1919,43.20756276
1919.2,46.11022173
1919.4,49.8469892
1919.6,49.26866199
1919.8,49.84127437
1920,51.14879164
1920.2,51.98499896
1920.4,51.65216403
1920.6,49.33001879
1920.8,49.20375927
1921,48.41174674
1921.2,46.22836375
1921.4,45.29178142
1921.6,46.2218293
1921.8,47.15313565
1922,47.09053052
1922.2,45.55311281
1922.4,41.74478812
1922.6,43.35375841
1922.8,45.00675649
1923,46.03265555
1923.2,51.54637489
1923.4,51.45203471
1923.6,48.90477054
1923.8,53.46693174
1924,53.51604084
1924.2,50.1346745
1924.4,52.96144978
1924.6,54.67006019
1924.8,51.78698653
1925,49.94473738
1925.2,51.74479236
1925.4,53.15731455
1925.6,56.38287261
1925.8,59.50605863
1926,56.33251875
1926.2,52.59966639
1926.4,49.96036836
1926.6,47.7386987
1926.8,47.16412052
1927,47.4772209
1927.2,46.83150305
1927.4,48.66145838
1927.6,50.59793471
1927.8,49.97080904
1928,49.09099573
1928.2,46.47514612
1928.4,46.60536378
1928.6,46.69150122
1928.8,47.31026629
1929,49.07426391
1929.2,47.52800539
1929.4,45.31875613
1929.6,46.12701174
1929.8,45.73985908
1930,45.57397198
1930.2,46.74742784
1930.4,47.80290031
1930.6,44.64764871
1930.8,45.79723318
1931,47.80375473
1931.2,51.15987911
1931.4,51.84140033
1931.6,51.20415536
1931.8,47.59617712
1932,45.15190757
1932.2,44.68402518
1932.4,45.5068207
1932.6,45.6730718
1932.8,49.16216923
1933,51.60437023
1933.2,54.3862946
1933.4,58.27870646
1933.6,57.95502913
1933.8,56.46930837
1934,57.26311517
1934.2,58.63203752
1934.4,59.9037554
1934.6,60.73426257
1934.8,60.90089251
1935,62.56401357
1935.2,66.80510428
1935.4,69.55124022
1935.6,66.10253909
1935.8,60.0980615
1936,53.82807123
1936.2,48.39438369
1936.4,45.5462133
1936.6,47.99611871
1936.8,50.02701252
1937,50.63705497
1937.2,48.95729877
1937.4,49.63395663
1937.6,51.52459334
1937.8,52.72808903
1938,49.85126653
1938.2,50.03493052
1938.4,50.10027704
1938.6,50.25311505
1938.8,51.03261484
1939,50.90964314
1939.2,50.80145038
1939.4,49.35260958
1939.6,49.29328292
1939.8,51.21779393
1940,52.5291198
1940.2,52.11630325
1940.4,52.76596368
1940.6,52.20482897
1940.8,52.84143464
1941,54.49328053
1941.2,55.14860937
1941.4,58.2619815
1941.6,60.6129533
1941.8,59.23221052
1942,60.3115832
1942.2,61.96269604
1942.4,60.81852977
1942.6,55.4745026
1942.8,50.34755734
1943,45.95979497
1943.2,48.62562632
1943.4,50.17765023
1943.6,46.27318746
1943.8,45.06749332
1944,46.82715128
1944.2,51.90118876
1944.4,55.31305958
1944.6,56.54665658
1944.8,55.51313113
1945,53.99250899
1945.2,57.45207101
1945.4,58.37402518
1945.6,56.28599785
1945.8,53.11842276
1946,50.64413397
1946.2,47.91340321
1946.4,47.30948727
1946.6,47.80869331
1946.8,46.31334902
1947,42.56476336
1947.2,43.91722688
1947.4,48.62719621
1947.6,48.6694466
1947.8,44.74320386
1948,43.61551487
1948.2,45.55435108
1948.4,47.61906505
1948.6,48.07931423
1948.8,47.5728967
1949,47.78406595
1949.2,46.48099084
1949.4,46.93342371
1949.6,47.61056805
1949.8,47.29209148
1950,44.41924008
1950.2,44.67727111
1950.4,44.8410341
1950.6,46.56867682
1950.8,47.10913771
1951,50.13607377
1951.2,49.99944292
1951.4,50.23161612
1951.6,54.6744575
1951.8,59.91793606
1952,64.49031071
1952.2,67.93831668
1952.4,69.66555561
1952.6,68.30096649
1952.8,59.65217287
1953,52.69722716
1953.2,47.75630091
1953.4,48.25957572
1953.6,49.06323524
1953.8,50.81933798
1954,52.7146891
1954.2,51.94237232
1954.4,52.60196319
1954.6,57.60777196
1954.8,58.57737874
1955,54.43373253
1955.2,53.03511206
1955.4,50.43882662
1955.6,51.16362111
1955.8,52.60726519
1956,55.0370922
1956.2,59.13616456
1956.4,63.62582374
1956.6,66.93871035
1956.8,60.22113831
1957,50.34873329
1957.2,47.92076682
1957.4,49.02892671
1957.6,47.06995092
1957.8,43.99002837
1958,45.01048305
1958.2,46.89465477
1958.4,46.54333571
1958.6,44.52839548
1958.8,42.91353372
1959,43.66973009
1959.2,42.96291695
1959.4,44.83127783
1959.6,46.40728892
1959.8,47.63900001
1960,50.16544267
1960.2,52.56276932
1960.4,50.12673095
1960.6,47.17101293
1960.8,45.8862097
1961,49.09384995
1961.2,50.55407153
1961.4,51.14448861
1961.6,56.4916886
1961.8,60.9101176
1961.913043,64.38356164
1962,57.98625074
1962.2,52.46739613
1962.4,49.30973998
1962.6,47.69002443
1962.8,48.25744999
1963,52.23775865
1963.2,57.76944494
1963.4,62.51301435
1963.6,68.70485765
1963.8,63.84384401
1964,57.01760876
1964.2,51.81771094
1964.4,51.06762013
1964.6,49.37679944
1964.8,47.65354576
1965,49.40714041
1965.2,53.83350559
1965.4,53.16075367
1965.6,51.48989927
1965.8,52.12833885
1966,50.42808047
1966.2,48.68487789
1966.4,45.56488019
1966.6,42.74938689
1966.8,44.78038876
1967,47.90254148
1967.2,47.87173678
1967.4,46.70511175
1967.6,44.27231511
1967.8,45.19020863
1968,51.30402462
1968.2,54.73520457
1968.4,53.14502198
1968.6,48.43544108
1968.8,46.92914585
1969,49.83866732
1969.2,51.75213997
1969.4,51.32876487
1969.6,48.43930223
1969.8,49.75085064
1970,52.73325686
1970.2,53.27822248
1970.4,51.83405934
1970.6,50.47333878
1970.8,48.3891812
1971,47.60874431
1971.2,47.5178216
1971.4,50.57643216
1971.6,52.81592077
1971.8,49.67526259
1972,51.52140354
1972.2,56.44956115
1972.4,61.63822288
1972.6,64.73543911
1972.8,63.4289095
1973,61.39843319
1973.2,64.19557642
1973.4,68.78039413
1973.6,72.49251441
1973.8,75.36875515
1974,64.67476884
1974.2,54.23213082
1974.4,51.58151531
1974.6,50.30669624
1974.8,46.59171151
1975,43.3974807
1975.2,43.37237761
1975.4,45.65731161
1975.6,50.54729172
1975.8,51.13481842
1976,50.77240711
1976.2,51.51114743
1976.4,51.07125914
1976.6,51.905602
1976.8,53.91009983
1977,50.98360883
1977.2,47.33943579
1977.4,44.03178081
1977.6,44.08813347
1977.8,45.44337453
1978,47.10977516
1978.2,48.38894975
1978.4,50.85953787
1978.6,51.98144179
1978.8,49.67395156
1979,48.38091752
1979.2,47.46094757
1979.4,47.42748026
1979.6,48.11136233
1979.8,48.85579958
1980,50.41229166
1980.2,56.62818697
1980.4,71.10467451
1980.6,82.13910707
1980.8,80.67345758
1981,68.87175683
1981.2,61.58392968
1981.4,61.71410639
1981.6,62.17591586
1981.8,58.93721733
1982,62.13790354
1982.2,67.32345906
1982.4,73.99859841
1982.6,76.48353486
1982.8,73.98067402
1983,67.3361705
1983.2,57.04961381
1983.4,55.54557751
1983.6,61.67015137
1983.8,67.46498949
1984,70.28646258
1984.2,69.37316826
1984.4,69.04979831
1984.6,68.31221711
1984.8,69.30666489
1985,71.31918801
1985.2,66.03533006
1985.4,53.8902663
1985.6,49.19424277
1985.8,50.05947239
1986,51.06220308
1986.2,51.56301433
1986.4,50.21290686
1986.6,51.316213
1986.8,51.46616665
1987,49.91158424
1987.2,51.62648652
1987.4,47.72163325
1987.6,43.16890368
1987.8,42.88116008
1988,43.09459231
1988.2,43.25865964
1988.4,45.31204122
1988.6,48.55475429
1988.8,47.94532863
1989,43.90535266
1989.2,42.13746182
1989.4,42.81185437
1989.6,44.4157018
1989.8,44.91002962
1990,42.53606156
1990.2,40.11277142
1990.4,42.32074484
1990.6,43.84922838
1990.8,46.87559393
1991,47.40791255
1991.2,50.20306778
1991.4,53.69246541
1991.6,58.05066638
1991.8,63.81059681
1992,59.25897705
1992.2,52.81543404
1992.4,51.11144058
1992.6,50.2690938
1992.8,51.81657983
1993,59.17858384
1993.2,61.58004608
1993.4,59.4221912
1993.6,53.77274382
1993.8,54.25708413
1994,61.26823341
1994.2,67.843129
1994.26087,73.97260274
1994.4,67.92169931
1994.6,56.56741415
1994.8,49.92501797
1995,49.80015887
1995.2,50.56975414
1995.4,48.99786419
1995.6,45.39580073
1995.8,44.61689094
1996,46.09903183
1996.2,49.20245064
1996.4,48.75671464
1996.6,45.93011841
1996.8,44.03190784
1997,41.66852428
1997.2,43.11204085
1997.4,45.69946169
1997.6,46.1341678
1997.8,44.90886303
1998,44.69346459
1998.2,45.28391868
1998.4,44.44350889
1998.6,42.11453142
1998.8,41.93853904
1999,40.62950194
1999.2,43.32809406
1999.4,47.21885392
1999.6,47.79728554
1999.8,45.70821367
2000,45.06583072
2000.2,43.08864746
2000.4,44.47236786
2000.6,46.3278763
2000.8,47.25646949
2001,46.03481316
2001.2,44.24914898
2001.4,42.34287604
2001.6,43.5079415
2001.8,45.35777142
2002,46.47256441
2002.2,44.791165
2002.4,43.75887701
2002.6,44.45067754
2002.8,41.69341467
2003,41.27617091
2003.2,40.65070645
2003.4,39.95239186
2003.6,43.32907226
2003.8,46.93490172
2004,49.99079872
2004.2,49.7642252
2004.4,47.65416721
2004.6,45.90847465
2004.8,47.54112718
2005,46.39634257
2005.2,44.11083731
2005.4,44.4035352
2005.6,46.0861888
2005.8,51.60740029
2006,53.63081405
2006.2,50.04724902
2006.4,45.99065453
2006.6,44.16701308
2006.8,46.25854291
2007,51.58330318
2007.2,56.79885108
2007.4,52.72085773
2007.6,47.64598404
2007.8,49.97493413
2008,53.53466756
2008.2,54.11262458
2008.4,52.77221903
2008.6,52.07591402
2008.8,52.73370012
2009,54.9575613
2009.2,59.3438097
2009.4,62.71579421
2009.6,61.84580883
2009.8,62.30698453
2010,63.13729873
2010.2,62.88348382
2010.4,61.59065051
2010.6,55.0173192
2010.8,49.32269292
2011,46.92950686
2011.2,47.85485266
2011.4,50.07165849
2011.6,53.17365444
2011.8,54.78438227
2012,56.01551381
2012.2,57.96665698
2012.4,59.12560472
2012.6,57.33235358
2012.8,57.26837627
2013,56.75969226
2013.2,54.67982161
2013.4,56.96565504
2013.6,60.85923453
2013.8,61.6481987
2014,60.76130187
2014.2,63.79282464
2014.4,64.70875607
2014.6,61.70280865
2014.8,61.10883232
2015,67.78950411
2015.2,72.2204307
2015.4,70.94418683
2015.6,68.54503692
2015.8,66.20530557
2016,67.33894683
2016.2,65.79557117
2016.4,61.23179429
2016.6,53.23023421
2016.8,54.89927064
2017,61.47619828
2017.2,66.044862
2017.4,66.03983003
2017.6,67.61235787
2017.8,67.00386711
2018,62.36112357
2018.2,55.38049727
2018.4,53.94972777
2018.6,53.17185094
2018.8,52.13203009
2019,56.9492877
2019.2,64.67099367
2019.4,70.02071086
2019.6,71.66541378
2019.8,71.59308679
2020,70.9255245
2020.2,74.43654379
2020.4,77.54395187
2020.6,72.61415729
2020.8,66.31829945
2021,60.30499239
2021.2,63.06864169
2021.4,69.97773112
2021.6,72.13088658
2021.8,70.56528724
2022,70.71018862
2022.2,75.88423682
2022.4,80.06720227
2022.6,75.39729033
2022.8,70.91296931
2023,68.97166098
2023.2,66.17389999
2023.4,64.03965298
2023.6,64.18184573
2023.8,60.44065668
2024,56.37442246
2024.2,50.31081719
2024.4,49.45517679
2024.6,53.20600884
2024.69352,57.93103448
2024.8,54.04829191
2025,52.39669978
2025.2,52.6264275
2025.4,53.25389701
2025.6,52.52614582
2025.8,57.552733
2026,62.21883257
2026.2,63.47137713
2026.4,61.87580679
2026.6,58.76208768
2026.8,58.30685
2027,58.39470501
2027.2,53.09292823
2027.4,48.25433388
2027.6,48.78940929
2027.8,48.67666913
2028,48.2468001
2028.2,49.54454929
2028.4,59.02626651
2028.6,68.07274977
2028.8,69.0362947
2029,62.77776556
2029.2,55.57913197
2029.4,47.08248963
2029.6,43.11252986
2029.8,47.22726801
2030,49.09526216
2030.2,47.88626778
2030.4,49.84296674
2030.6,52.30351893
2030.8,57.79559723
2031,66.57427402
2031.2,72.45563019
2031.4,74.4214786
2031.6,69.95149525
2031.8,61.15270916
2032,56.36958692
2032.2,58.91555774
2032.4,66.28404075
2032.6,65.39512584
2032.8,56.69099973
2032.924694,53.79310345
2033,56.24214031
2033.2,64.35465208
2033.4,63.71175078
2033.6,57.31021337
2033.8,51.96256029
2034,52.47791312
2034.2,58.77553251
2034.4,61.39703698
2034.6,58.0182541
2034.8,54.82496001
2035,57.57793943
2035.2,62.27330967
2035.4,70.70383131
2035.6,69.61085183
2035.8,61.75496402
2036,54.15526056
2036.2,54.62705138
2036.4,58.53145641
2036.6,51.63284945
2036.8,44.81348447
2037,41.59555221
2037.2,43.59781715
2037.4,46.10940233
2037.6,48.64410168
2037.8,48.22241478
2038,43.8441035
2038.2,41.90735059
2038.4,43.76699722
2038.6,45.63979862
2038.8,46.07057519
2039,47.44710823
2039.2,48.43522659
2039.4,46.90515738
2039.6,46.05544185
2039.8,45.9998157
2040,46.31113827
2040.2,48.89032951
2040.4,56.21410924
2040.6,56.50535291
2040.8,51.67999284
2041,46.43093327
2041.2,47.46156919
2041.4,47.79769046
2041.6,51.93608138
2041.8,57.19744585
2042,66.16000246
2042.2,72.45190519
2042.4,70.47506031
2042.6,67.87155243
2042.8,66.67895517
2043,66.38524444
2043.2,69.35839226
2043.4,69.70052818
2043.6,64.54619134
2043.8,60.44688472
2044,57.01796606
2044.2,57.69472262
2044.4,58.90451713
2044.6,56.78375781
2044.8,55.47526798
2045,53.80893599
2045.2,53.64749422
2045.4,53.97873933
2045.6,55.68625462
2045.8,54.03589368
2046,51.68487424
2046.2,51.88641462
2046.4,49.48722083
2046.6,50.21494841
2046.8,54.80450196
2047,60.83603076
2047.2,62.47119703
2047.4,60.80566263
2047.6,58.3117154
2047.8,53.86395623
2048,52.26800278
2048.2,51.22790589
2048.4,52.90220389
2048.6,55.22275535
2048.8,54.75611637
2049,52.26533609
2049.2,50.23283041
2049.4,53.63594781
2049.6,59.66652859
2049.8,60.93307679
2050,61.38935961
2050.2,60.45370322
2050.4,56.81695696
2050.6,56.36560434
2050.8,59.27160533
2051,59.23082859
2051.2,53.20767661
2051.4,49.13405654
2051.6,48.19796978
2051.8,51.63747498
2052,54.48194007
2052.2,54.70080868
2052.4,48.45001829
2052.6,42.50422898
2052.8,49.81963456
2053,57.04434758
2053.064799,62.06896552
2053.2,58.5445915
2053.4,53.95218392
2053.6,51.89202706
2053.8,49.1485644
2054,50.66676495
2054.2,59.1412061
2054.4,65.42336609
2054.6,62.42633287
2054.8,55.89721935
2055,48.05266025
2055.2,48.30399658
2055.4,52.7622417
2055.6,53.88321063
2055.8,55.54359686
2056,58.5535922
2056.2,63.28453385
2056.4,66.29290371
2056.6,68.84922867
2056.8,67.4814893
2057,66.23606553
2057.2,67.80835751
2057.4,72.63568299
2057.6,75.55817469
2057.8,77.37390838
2058,81.53461228
2058.143608,85.51724138
2058.2,81.79050799
2058.4,77.26916995
2058.6,67.74977733
2058.8,66.16977236
2059,66.61547589
2059.2,66.39128951
2059.4,66.34977298
2059.6,68.80037558
2059.8,65.17819751
2060,59.52663518
2060.070053,56.55172414
2060.2,58.75862944
2060.4,65.75452276
2060.6,69.40904396
2060.8,66.25773965
2061,59.16869633
2061.2,55.33470775
2061.4,59.13309567
2061.6,65.17709213
2061.8,70.70163919
2062,70.85403191
2062.2,66.83669362
2062.4,59.10754901
2062.6,55.69463046
2062.8,57.32318254
2063,62.74692674
2063.2,63.07312589
2063.4,61.75255487
2063.6,60.98963692
2063.8,60.65212715
2064,60.65689024
2064.2,61.74303514
2064.4,59.56376683
2064.6,57.70491495
2064.8,59.90421938
2065,61.33596387
2065.2,57.40115115
2065.4,53.86540945
2065.6,52.511004
2065.8,51.69400492
2066,51.10417852
2066.2,51.94261866
2066.4,54.22051408
2066.6,56.05244586
2066.8,54.42759054
2067,57.62455664
2067.2,62.65033978
2067.4,66.15050627
2067.6,69.45460998
2067.8,75.18528178
2068,73.24004275
2068.2,66.50188719
2068.4,55.77684295
2068.6,49.1470367
2068.8,45.87842075
2069,44.97907076
2069.2,44.56945304
2069.4,43.41085586
2069.6,42.96837464
2069.8,43.1612415
2070,45.55864267
2070.2,50.8235547
2070.4,55.40907051
2070.6,58.15827761
2070.8,56.56642989
2071,51.49327446
2071.2,52.54974148
2071.4,56.81687493
2071.6,56.98402713
2071.8,53.44568787
2072,54.75892728
2072.2,52.93840151
2072.4,49.1267705
2072.6,49.78252485
2072.8,51.01651841
2073,50.04622386
2073.2,48.2263522
2073.4,50.29096917
2073.6,50.66632733
2073.8,49.96951531
2074,50.78758934
2074.2,51.2487257
2074.4,52.06614203
2074.6,52.41584972
2074.8,52.79001252
2075,54.64491868
2075.2,56.14322099
2075.4,54.34555162
2075.6,51.87053065
2075.8,51.29778499
2076,52.46637969
2076.2,52.92679826
2076.4,52.25522749
2076.6,53.53392028
2076.8,52.49243365
2077,51.30025612
2077.2,54.01006942
2077.4,56.59117481
2077.6,56.50105554
2077.8,54.77944233
2078,54.71709835
2078.2,56.0125964
2078.4,58.29202345
2078.6,61.97194089
2078.8,59.61195848
2079,52.75434094
2079.2,46.50205314
2079.4,44.68586436
2079.6,43.88589896
2079.8,46.85031326
2080,50.4248477
2080.2,52.662091
2080.4,56.56207178
2080.6,59.88966375
2080.8,58.55100647
2081,57.35446449
2081.2,58.40652187
2081.4,57.67733626
2081.6,57.94008003
2081.8,55.36568467
2082,54.25105313
2082.2,53.24022115
2082.4,51.09489982
2082.6,50.14540243
2082.8,51.25044571
2083,49.62149446
2083.2,45.84092217
2083.4,42.86315869
2083.6,43.47633882
2083.8,44.5560973
2084,46.29164462
2084.2,49.17885302
2084.4,54.14538408
2084.6,54.6647376
2084.8,51.62633948
2085,53.39786378
2085.2,55.15397841
2085.4,54.79320835
2085.6,55.31069996
2085.8,52.64374922
2086,51.97402867
2086.2,55.88232668
2086.4,55.0776765
2086.6,54.31767675
2086.8,55.31974647
2087,58.05368254
2087.2,59.29379648
2087.4,56.5010897
2087.6,57.3713628
2087.8,55.97846478
2088,53.32310087
2088.2,52.84956248
2088.4,52.60147667
2088.6,51.74418566
2088.8,50.50953501
2089,53.64275452
2089.2,53.88574809
2089.4,52.93082607
2089.6,52.66808439
2089.8,52.62692039
2090,47.9036142
2090.2,46.65031452
2090.4,48.1498165
2090.6,51.03420854
2090.8,53.92411115
2091,56.39064208
2091.2,59.73233186
2091.4,61.99867243
2091.6,62.22598498
2091.8,63.53468089
2092,60.71603614
2092.2,57.33381511
2092.4,54.65781183
2092.6,53.54452832
2092.8,56.61445759
2093,60.13163307
2093.2,63.5556154
2093.4,65.18154247
2093.6,60.87853926
2093.8,59.00889005
2094,61.88912167
2094.2,61.0301305
2094.4,57.51756276
2094.6,58.09280965
2094.8,59.33601871
2095,59.82881857
2095.2,59.12957127
2095.4,60.16814164
2095.6,60.41152669
2095.8,60.5798697
2096,62.81769137
2096.2,66.23915509
2096.4,65.09756975
2096.6,57.80324615
2096.8,49.06342849
2097,44.45798881
2097.2,42.87786421
2097.4,41.89291816
2097.6,43.01177861
2097.8,45.3336559
2098,49.82019559
2098.2,48.86736526
2098.4,46.32390182
2098.6,47.22656076
2098.8,46.71007837
2099,47.66566151
2099.2,51.66198872
2099.4,53.36389342
2099.6,55.36579589
2099.8,56.78464949
2100,57.18403988
2100,57.04463398
2100.2,55.59366413
2100.4,54.17074898
2100.6,51.51285589
2100.8,49.87000026
2101,50.5022578
2101.2,50.78877615
2101.4,50.24702149
2101.6,49.39439234
2101.8,48.54041301
2102,49.34683594
2102.2,50.06515029
2102.4,49.66073638
2102.6,48.94270112
2102.8,49.39159075
2103,48.54045618
2103.2,50.6196632
2103.4,53.56245161
2103.6,52.64260153
2103.8,49.98340169
2104,47.80582992
2104.2,50.08358457
2104.4,51.95194774
2104.6,49.21223459
2104.8,49.1849908
2105,49.85220156
2105.2,50.63471739
2105.4,51.10763847
2105.6,50.41660281
2105.8,48.79041494
2106,46.28755768
2106.2,48.19363688
2106.4,53.62455415
2106.6,51.3787433
2106.8,48.13648172
2107,47.39834079
2107.2,49.41062971
2107.4,50.85935942
2107.6,49.65028142
2107.8,49.91286141
2108,53.89244234
2108.2,53.92649586
2108.4,48.37075425
2108.6,46.10820722
2108.8,45.41893655
2109,49.43701503
2109.2,52.96477443
2109.4,51.74142157
2109.6,49.47414443
2109.8,51.39609886
2110,51.04683659
2110.2,49.53699767
2110.4,50.63899097
2110.6,55.32642421
2110.8,56.49654041
2111,55.4881794
2111.2,53.1766529
2111.4,52.65192064
2111.6,53.49586624
2111.8,53.51619458
2112,54.26344774
2112.2,51.64160173
2112.4,51.3746857
2112.6,54.03586173
2112.8,58.54221568
2113,58.07986321
2113.2,55.78632031
2113.4,55.10504637
2113.6,56.12271099
2113.8,55.79597193
2114,54.75600617
2114.2,56.1070847
2114.4,56.72991245
2114.6,57.31655027
2114.8,58.16072727
2115,56.62124357
2115.2,54.34914772
2115.4,53.15030873
2115.6,54.99650093
2115.8,55.67509151
2116,56.78863858
2116.2,58.01034347
2116.4,56.59817188
2116.6,52.59962955
2116.8,50.81904324
2117,52.55249286
2117.2,54.21307068
2117.4,54.2061666
2117.6,54.83642594
2117.8,53.69845637
2118,49.89767624
2118.2,51.36867234
2118.4,53.59638413
2118.6,52.74201248
2118.8,52.65571867
2119,52.32779838
2119.2,53.01367331
2119.4,55.50963105
2119.6,55.06649575
2119.8,52.84516074
2120,52.36781706
2120.2,53.50448894
2120.4,52.95849086
2120.6,49.35520168
2120.8,41.54510693
2121,40.93783955
2121.2,46.00721502
2121.4,50.35537278
2121.6,51.61408037
2121.8,52.91718081
2122,52.38835094
2122.2,48.77945168
2122.4,43.73952531
2122.6,44.12782005
2122.8,46.04412877
2123,47.63075759
2123.2,49.89647566
2123.4,51.09918474
2123.6,50.35930439
2123.8,49.82374765
2124,51.49833876
2124.2,53.9535581
2124.4,51.88498549
2124.6,48.75990902
2124.8,47.49790872
2125,48.77123687
2125.2,49.95654832
2125.4,51.18470486
2125.6,47.84186366
2125.8,43.6238485
2126,42.47314485
2126.2,44.87934626
2126.4,43.79330532
2126.6,40.29071833
2126.8,41.17796296
2127,44.69468824
2127.2,44.24925263
2127.4,40.579458
2127.6,39.20207173
2127.8,37.23817095
2128,36.68250548
2128.2,38.69243612
2128.4,39.8163435
2128.6,39.61846384
2128.8,39.71721677
2129,40.4480299
2129.2,38.84281242
2129.4,38.78059661
2129.6,41.4006205
2129.8,44.77414518
2130,52.0583809
2130.2,53.94318458
2130.4,52.14801244
2130.6,53.01154304
2130.8,56.26991302
2131,57.07661282
2131.2,52.44817868
2131.4,49.12514569
2131.6,46.35393817
2131.8,47.57929755
2132,48.60411335
2132.2,48.58290555
2132.4,48.17063411
2132.6,46.69819583
2132.8,43.46659555
2133,45.21209508
2133.2,47.88706483
2133.4,48.22028023
2133.6,47.86127167
2133.8,46.80661517
2134,45.61490159
2134.2,45.38109603
2134.4,44.82564144
2134.6,43.86227731
2134.8,41.18560431
2135,40.33893151
2135.2,39.28776599
2135.4,39.84994553
2135.6,40.37510299
2135.8,40.40871793
2136,39.81586653
2136.2,38.234791
2136.4,36.36122969
2136.6,36.28940546
2136.8,38.20677301
2137,39.15939312
2137.2,39.17906972
2137.4,39.19631668
2137.6,39.82759418
2137.8,40.08264243
2138,43.00076285
2138.2,43.00805839
2138.4,43.28827596
2138.6,44.35135757
2138.8,43.43642051
2139,43.52438437
2139.2,45.43822837
2139.4,41.62410644
2139.6,38.43753834
2139.8,37.43470694
2140,40.15163096
2140.2,45.00269489
2140.4,45.72298693
2140.6,44.02449284
2140.8,42.19593371
2141,42.29804672
2141.2,42.2375988
2141.4,41.37113194
2141.6,41.85996056
2141.8,41.36452628
2142,38.82158368
2142.2,38.5850803
2142.4,39.33121158
2142.6,40.44094727
2142.8,40.4195521
2143,41.38827932
2143.2,41.07928101
2143.4,40.790699
2143.6,40.10804692
2143.8,38.03373039
2144,39.13588894
2144.2,37.87481675
2144.4,39.0543164
2144.6,40.58092202
2144.8,39.65854098
2145,37.43095198
2145.2,37.33991707
2145.4,36.53233596
2145.6,37.59758682
2145.8,36.91877685
2146,36.40569392
2146.2,36.40476728
2146.4,37.30102804
2146.6,37.61476307
2146.8,38.29494244
2147,42.34057661
2147.2,48.1842485
2147.4,54.52748929
2147.6,55.96614788
2147.8,52.97257986
2148,49.67108617
2148.2,49.91297489
2148.4,54.36500478
2148.6,53.1903149
2148.8,47.91520193
2149,45.61536066
2149.2,45.06238145
2149.4,45.97293391
2149.6,47.14466979
2149.8,47.08584814
2150,47.45602455
2150.2,48.49975716
2150.4,51.32094059
2150.6,52.65177988
2150.8,53.88504417
2151,59.2469158
2151.2,63.23979954
2151.4,60.39469142
2151.6,56.42335911
2151.8,56.98415824
2152,56.80905571
2152.2,56.91311825
2152.4,58.71797952
2152.6,56.31495386
2152.8,54.63918147
2153,53.95436646
2153.2,51.1861543
2153.4,53.73102592
2153.6,59.38085128
2153.8,59.74377516
2154,54.24788922
2154.2,48.9000077
2154.4,45.29096428
2154.6,44.8445852
2154.8,47.22989186
2155,48.5479408
2155.2,45.53870833
2155.4,41.41973896
2155.6,40.43271994
2155.8,43.01713981
2156,46.08514761
2156.2,45.36440815
2156.4,44.84871608
2156.6,48.60909537
2156.8,49.78489722
2157,47.12572367
2157.2,44.06258536
2157.4,44.5825607
2157.6,50.71777945
2157.8,53.86403993
2158,53.84819953
2158.2,56.52186834
2158.4,60.5303081
2158.6,59.78891493
2158.8,62.37354664
2159,64.89015732
2159.2,68.79032051
2159.4,65.29409772
2159.6,62.52603446
2159.8,64.52544068
2160,64.81593618
2160.2,62.06145845
2160.4,60.97114739
2160.6,61.73208338
2160.8,62.53299201
2161,65.00593807
2161.2,68.74073111
2161.256545,71.72413793
2161.4,67.15219662
2161.6,61.57684837
2161.8,64.96097694
2162,68.94621714
2162.2,65.73793807
2162.4,63.96802135
2162.6,62.86591711
2162.8,63.94589243
2163,68.70914022
2163.2,75.16351882
2163.4,76.06703721
2163.6,70.57168507
2163.8,60.62920863
2164,51.24426002
2164.2,43.86829245
2164.4,43.22235172
2164.6,43.6572183
2164.8,44.50158307
2165,46.7695386
2165.2,46.36552014
2165.4,44.55269092
2165.6,45.46549632
2165.8,45.6476251
2166,43.71010708
2166.2,40.36443887
2166.4,40.58179125
2166.6,40.57783348
2166.8,40.32847167
2167,40.41888054
2167.2,42.82291796
2167.4,40.48004563
2167.6,38.50454742
2167.8,40.84358529
2168,41.33670959
2168.2,40.91394472
2168.4,37.81025767
2168.6,37.6042458
2168.8,37.60586679
2169,37.31354996
2169.2,38.37220015
2169.4,40.11011852
2169.6,41.19899774
2169.8,40.09312345
2170,38.73865911
2170.2,40.81412722
2170.4,44.43191633
2170.6,44.10711067
2170.8,40.89743778
2171,37.7643254
2171.2,37.37356545
2171.4,40.09622223
2171.6,42.35725384
2171.8,42.33148309
2172,43.81475399
2172.2,44.66475613
2172.4,39.57864837
2172.6,37.40329458
2172.8,40.9924189
2173,44.33734227
2173.2,43.6342105
2173.4,42.88441069
2173.6,43.28804448
2173.8,41.22867909
2174,40.11364058
2174.2,41.78682966
2174.4,40.73351533
2174.6,39.669284
2174.8,38.23680036
2175,36.89836424
2175.2,36.42355347
2175.4,38.63187936
2175.6,40.80794829
2175.8,40.21909893
2176,39.41998017
2176.2,39.22001927
2176.4,37.56616881
2176.6,37.02402609
2176.8,38.66762188
2177,38.69637844
2177.137871,42.75862069
2177.2,39.98075432
2177.4,38.54992513
2177.6,38.15706637
2177.8,37.85505818
2178,39.16614907
2178.2,40.13237122
2178.4,38.08540223
2178.6,37.29478566
2178.8,38.40716236
2179,40.14783418
2179.2,42.34771917
2179.4,40.96362934
2179.6,37.91143244
2179.8,36.6240838
2180,35.53472999
2180.2,34.51763538
2180.4,36.53049785
2180.6,38.05753504
2180.8,37.5143023
2181,39.60254591
2181.2,40.93935852
2181.4,41.06858611
2181.6,39.79614544
2181.8,37.37238916
2182,35.40293689
2182.2,35.62746197
2182.4,37.17987755
2182.6,40.17341696
2182.8,38.57375182
2183,37.92435191
2183.2,37.91309491
2183.4,38.53642224
2183.6,38.55380293
2183.8,38.47651742
2184,40.80838352
2184.2,42.3588798
2184.4,40.57129419
2184.6,37.83421494
2184.8,36.75570382
2185,38.76626465
2185.2,41.10598677
2185.4,39.54727988
2185.6,38.79193778
2185.8,37.99416039
2186,36.81503529
2186.2,35.96375926
2186.4,39.36172092
2186.6,39.99741586
2186.8,43.3546473
2187,44.21415465
2187.2,41.32727289
2187.4,38.57560074
2187.6,39.4287334
2187.8,38.54584054
2188,40.49399459
2188.2,39.82697801
2188.4,40.4496545
2188.6,41.7230063
2188.8,42.08403236
2189,42.98886335
2189.2,42.13252085
2189.4,41.36828872
2189.6,42.37686286
2189.8,43.1333472
2190,41.75348566
2190.2,40.61925627
2190.4,40.99031525
2190.6,41.71410628
2190.8,41.74474378
2191,40.93136629
2191.2,40.90124201
2191.4,39.97319928
2191.6,40.69896447
2191.8,42.02737907
2192,45.03382874
2192.2,46.41758627
2192.4,47.58372017
2192.6,44.29601529
2192.8,43.56429481
2193,44.02694938
2193.2,43.49704856
2193.4,42.80447567
2193.6,43.99412161
2193.8,46.16976162
2194,45.30166276
2194.2,42.96337018
2194.4,42.18736071
2194.6,42.99122111
2194.8,42.32867561
2195,42.29396792
2195.2,43.51527235
2195.4,44.50000581
2195.6,43.66995526
2195.8,42.31691124
2196,43.10998154
2196.2,42.31482771
2196.4,43.4538974
2196.6,45.45698575
2196.8,43.77281835
2197,45.16027118
2197.2,45.98729528
2197.4,43.56900436
2197.6,45.04700921
2197.8,45.1611784
2198,44.32923096
2198.2,42.82945378
2198.4,40.97862197
2198.6,39.42319441
2198.8,39.99071747
2199,41.41601242
2199.2,43.42805994
2199.4,44.94186529
2199.6,43.42876648
2199.8,41.0738191
2200,42.39648275
2200,43.39854519
2200.2,43.7649535
2200.4,41.81733226
2200.6,42.51851143
2200.8,44.99817564
2201,45.30744218
2201.2,46.86135088
2201.4,46.33363124
2201.6,42.99019299
2201.8,44.76621705
2202,43.10564604
2202.2,40.7198389
2202.4,40.98196567
2202.6,42.32310495
2202.8,43.8180981
2203,42.25204695
2203.2,41.21538293
2203.4,43.33963573
2203.6,44.06315839
2203.8,44.41120076
2204,43.62456922
2204.2,47.70310515
2204.4,48.72840618
2204.6,46.51959991
2204.8,45.82288266
2205,44.88958436
2205.2,44.02061949
2205.4,42.57116714
2205.6,43.09288524
2205.8,42.83303396
2206,43.38122419
2206.2,42.9789387
2206.4,41.68849357
2206.6,41.97416971
2206.8,42.24736474
2207,44.04997798
2207.2,45.75630952
2207.4,46.19633027
2207.6,42.79170347
2207.8,40.57086342
2208,41.35882537
2208.2,44.93443302
2208.4,48.05742338
2208.6,45.41947668
2208.8,39.73290427
2209,39.73518895
2209.2,44.3359922
2209.4,43.10041168
2209.6,40.23983573
2209.8,39.99330403
2210,40.97419121
2210.2,44.63453918
2210.4,43.00044288
2210.6,41.72156327
2210.8,41.55212523
2211,41.33276922
2211.2,41.44191997
2211.4,43.91356456
2211.6,44.16612512
2211.8,44.40516178
2212,43.64234391
2212.2,42.79578238
2212.4,43.69323654
2212.6,45.89679165
2212.8,47.60945665
2213,43.82247614
2213.2,39.50629223
2213.4,40.54364439
2213.6,42.73938583
2213.8,45.58476311
2214,45.01167243
2214.2,40.49109258
2214.4,38.32041343
2214.6,43.48624365
2214.8,45.67147627
2215,40.98480346
2215.2,37.59908098
2215.4,39.09690066
2215.6,40.05654789
2215.8,41.11971897
2216,41.64081052
2216.2,41.03550027
2216.4,42.86964009
2216.6,45.4330566
2216.8,44.45325217
2217,40.9796543
2217.2,39.32234043
2217.4,40.8736552
2217.6,43.16419342
2217.8,43.54752567
2218,41.20927852
2218.2,43.39439874
2218.4,44.64981885
2218.6,42.76948865
2218.8,41.23339635
2219,46.85103513
2219.2,47.66146119
2219.4,43.61730586
2219.6,41.18856052
2219.8,40.32134904
2220,40.65357806
2220.2,41.11601481
2220.4,40.99719997
2220.6,41.76960038
2220.8,44.72198445
2221,45.30115624
2221.2,44.03875455
2221.4,41.73127011
2221.6,38.91840806
2221.8,40.07316773
2222,44.68872747
2222.2,47.44940545
2222.4,45.33884867
2222.6,42.77364773
2222.8,43.03523605
2223,44.34056375
2223.2,44.34859044
2223.4,44.62242281
2223.6,42.97642695
2223.8,42.13716025
2224,42.16600585
2224.2,42.81922821
2224.4,44.85564812
2224.6,45.39589416
2224.8,45.12853475
2225,44.68180079
2225.2,45.63831914
2225.4,45.47757203
2225.6,43.55482086
2225.8,43.42337905
2226,45.14413381
2226.2,45.48158906
2226.4,41.3653768
2226.6,38.54335704
2226.8,39.88498953
2227,40.95838702
2227.2,40.87568333
2227.4,42.14394782
2227.6,44.95793605
2227.8,44.98357777
2228,45.54854043
2228.2,43.99459888
2228.4,44.77349012
2228.6,47.77271347
2228.8,47.36709441
2229,45.91668661
2229.2,45.84006894
2229.4,43.67881963
2229.6,43.84037683
2229.8,44.90439117
2230,43.05528797
2230.2,40.38566566
2230.4,38.81515195
2230.6,39.36201027
2230.8,44.52476843
2231,47.12713783
2231.2,45.09931156
2231.4,42.1385371
2231.6,43.56834785
2231.8,45.88677576
2232,44.49798714
2232.2,45.27400784
2232.4,46.51718018
2232.6,45.20302567
2232.8,42.43140617
2233,42.20356736
2233.2,44.1064273
2233.4,44.62725608
2233.6,43.5216884
2233.8,42.81552625
2234,44.20525557
2234.2,46.06522296
2234.4,47.80318525
2234.6,48.04251201
2234.8,46.13198623
2235,44.67768187
2235.2,44.65483074
2235.4,44.97881557
2235.6,45.81097903
2235.8,44.46318139
2236,43.68944326
2236.2,44.38566642
2236.4,44.99307884
2236.6,42.32939892
2236.8,39.64180442
2237,39.15941089
2237.2,40.93526577
2237.4,41.5453027
2237.6,41.22397401
2237.8,42.76902851
2238,44.54963622
2238.2,46.51889939
2238.4,47.39805925
2238.6,46.02420966
2238.8,46.17112848
2239,48.75014215
2239.2,50.75409747
2239.4,47.24799062
2239.6,41.25802587
2239.8,40.64829054
2240,45.41140251
2240.2,47.67015522
2240.4,49.90485623
2240.6,53.36169
2240.8,55.84158784
2241,51.62334678
2241.2,48.93283781
2241.4,50.61564186
2241.6,53.27374995
2241.8,54.00236517
2242,54.53601775
2242.2,52.02561943
2242.4,50.16078954
2242.6,53.21704474
2242.8,55.91734243
2243,58.05050061
2243.2,57.07899749
2243.4,53.34753687
2243.6,53.93421213
2243.8,54.65318505
2244,55.44740465
2244.2,55.52816637
2244.4,53.52596106
2244.6,52.16309148
2244.8,53.02858895
2245,53.10413621
2245.2,52.48632101
2245.4,52.75285885
2245.6,53.71311046
2245.8,53.56577485
2246,51.83249869
2246.2,57.36259237
2246.4,63.5475383
2246.485944,67.98418972
2246.6,63.1625293
2246.8,60.78973404
2247,60.60629127
2247.2,60.99155408
2247.4,59.5209237
2247.6,58.00308176
2247.8,59.54622021
2248,57.39845052
2248.2,57.8180499
2248.4,56.83084769
2248.6,56.81788029
2248.8,58.47373127
2249,54.82141841
2249.2,55.22501641
2249.4,56.98136784
2249.6,56.22294139
2249.8,54.27518238
2250,56.03716382
